sample_id,video_id,threshold,episode_count,valid_embedding_episode_count,identity_cluster_count,clusters_json,cluster_time_coverage_json,partition_signature,stable_partition_0_50_0_60_0_70,simultaneous_different_identity_clusters,episode_quality_json
-3g5yACwYnA$_$13,-3g5yACwYnA,0.5,1,1,1,"[[""0:0""]]","[{""cluster_id"":0,""episodes"":[""0:0""],""coverage_s"":4.56666666666665,""start"":0.0,""end"":5.5}]",0:0,1,0,"[{""sample_id"":""-3g5yACwYnA$_$13"",""video_id"":""-3g5yACwYnA"",""episode_key"":""0:0"",""face_id"":0,""episode_id"":0,""start"":0.0,""end"":5.5,""frame_count"":137,""selected_frame_count"":12,""valid_embedding_count"":12,""robust_retained_count"":10,""dispersion"":0.011417895555496216,""failures_json"":""[]""}]"
-3g5yACwYnA$_$13,-3g5yACwYnA,0.6,1,1,1,"[[""0:0""]]","[{""cluster_id"":0,""episodes"":[""0:0""],""coverage_s"":4.56666666666665,""start"":0.0,""end"":5.5}]",0:0,1,0,"[{""sample_id"":""-3g5yACwYnA$_$13"",""video_id"":""-3g5yACwYnA"",""episode_key"":""0:0"",""face_id"":0,""episode_id"":0,""start"":0.0,""end"":5.5,""frame_count"":137,""selected_frame_count"":12,""valid_embedding_count"":12,""robust_retained_count"":10,""dispersion"":0.011417895555496216,""failures_json"":""[]""}]"
-3g5yACwYnA$_$13,-3g5yACwYnA,0.7,1,1,1,"[[""0:0""]]","[{""cluster_id"":0,""episodes"":[""0:0""],""coverage_s"":4.56666666666665,""start"":0.0,""end"":5.5}]",0:0,1,0,"[{""sample_id"":""-3g5yACwYnA$_$13"",""video_id"":""-3g5yACwYnA"",""episode_key"":""0:0"",""face_id"":0,""episode_id"":0,""start"":0.0,""end"":5.5,""frame_count"":137,""selected_frame_count"":12,""valid_embedding_count"":12,""robust_retained_count"":10,""dispersion"":0.011417895555496216,""failures_json"":""[]""}]"
-3g5yACwYnA$_$2,-3g5yACwYnA,0.5,1,1,1,"[[""0:0""]]","[{""cluster_id"":0,""episodes"":[""0:0""],""coverage_s"":7.733333333333308,""start"":0.0,""end"":9.366666666666667}]",0:0,1,0,"[{""sample_id"":""-3g5yACwYnA$_$2"",""video_id"":""-3g5yACwYnA"",""episode_key"":""0:0"",""face_id"":0,""episode_id"":0,""start"":0.0,""end"":9.366666666666667,""frame_count"":232,""selected_frame_count"":12,""valid_embedding_count"":12,""robust_retained_count"":10,""dispersion"":0.014117985963821411,""failures_json"":""[]""}]"
-3g5yACwYnA$_$2,-3g5yACwYnA,0.6,1,1,1,"[[""0:0""]]","[{""cluster_id"":0,""episodes"":[""0:0""],""coverage_s"":7.733333333333308,""start"":0.0,""end"":9.366666666666667}]",0:0,1,0,"[{""sample_id"":""-3g5yACwYnA$_$2"",""video_id"":""-3g5yACwYnA"",""episode_key"":""0:0"",""face_id"":0,""episode_id"":0,""start"":0.0,""end"":9.366666666666667,""frame_count"":232,""selected_frame_count"":12,""valid_embedding_count"":12,""robust_retained_count"":10,""dispersion"":0.014117985963821411,""failures_json"":""[]""}]"
-3g5yACwYnA$_$2,-3g5yACwYnA,0.7,1,1,1,"[[""0:0""]]","[{""cluster_id"":0,""episodes"":[""0:0""],""coverage_s"":7.733333333333308,""start"":0.0,""end"":9.366666666666667}]",0:0,1,0,"[{""sample_id"":""-3g5yACwYnA$_$2"",""video_id"":""-3g5yACwYnA"",""episode_key"":""0:0"",""face_id"":0,""episode_id"":0,""start"":0.0,""end"":9.366666666666667,""frame_count"":232,""selected_frame_count"":12,""valid_embedding_count"":12,""robust_retained_count"":10,""dispersion"":0.014117985963821411,""failures_json"":""[]""}]"
-3g5yACwYnA$_$3,-3g5yACwYnA,0.5,1,1,1,"[[""0:0""]]","[{""cluster_id"":0,""episodes"":[""0:0""],""coverage_s"":11.99999999999996,""start"":0.0,""end"":14.366666666666667}]",0:0,1,0,"[{""sample_id"":""-3g5yACwYnA$_$3"",""video_id"":""-3g5yACwYnA"",""episode_key"":""0:0"",""face_id"":0,""episode_id"":0,""start"":0.0,""end"":14.366666666666667,""frame_count"":360,""selected_frame_count"":12,""valid_embedding_count"":12,""robust_retained_count"":10,""dispersion"":0.009594440460205078,""failures_json"":""[]""}]"
-3g5yACwYnA$_$3,-3g5yACwYnA,0.6,1,1,1,"[[""0:0""]]","[{""cluster_id"":0,""episodes"":[""0:0""],""coverage_s"":11.99999999999996,""start"":0.0,""end"":14.366666666666667}]",0:0,1,0,"[{""sample_id"":""-3g5yACwYnA$_$3"",""video_id"":""-3g5yACwYnA"",""episode_key"":""0:0"",""face_id"":0,""episode_id"":0,""start"":0.0,""end"":14.366666666666667,""frame_count"":360,""selected_frame_count"":12,""valid_embedding_count"":12,""robust_retained_count"":10,""dispersion"":0.009594440460205078,""failures_json"":""[]""}]"
-3g5yACwYnA$_$3,-3g5yACwYnA,0.7,1,1,1,"[[""0:0""]]","[{""cluster_id"":0,""episodes"":[""0:0""],""coverage_s"":11.99999999999996,""start"":0.0,""end"":14.366666666666667}]",0:0,1,0,"[{""sample_id"":""-3g5yACwYnA$_$3"",""video_id"":""-3g5yACwYnA"",""episode_key"":""0:0"",""face_id"":0,""episode_id"":0,""start"":0.0,""end"":14.366666666666667,""frame_count"":360,""selected_frame_count"":12,""valid_embedding_count"":12,""robust_retained_count"":10,""dispersion"":0.009594440460205078,""failures_json"":""[]""}]"
-3g5yACwYnA$_$9,-3g5yACwYnA,0.5,1,1,1,"[[""0:0""]]","[{""cluster_id"":0,""episodes"":[""0:0""],""coverage_s"":7.299999999999974,""start"":0.0,""end"":8.733333333333333}]",0:0,1,0,"[{""sample_id"":""-3g5yACwYnA$_$9"",""video_id"":""-3g5yACwYnA"",""episode_key"":""0:0"",""face_id"":0,""episode_id"":0,""start"":0.0,""end"":8.733333333333333,""frame_count"":219,""selected_frame_count"":12,""valid_embedding_count"":12,""robust_retained_count"":10,""dispersion"":0.013033926486968994,""failures_json"":""[]""}]"
-3g5yACwYnA$_$9,-3g5yACwYnA,0.6,1,1,1,"[[""0:0""]]","[{""cluster_id"":0,""episodes"":[""0:0""],""coverage_s"":7.299999999999974,""start"":0.0,""end"":8.733333333333333}]",0:0,1,0,"[{""sample_id"":""-3g5yACwYnA$_$9"",""video_id"":""-3g5yACwYnA"",""episode_key"":""0:0"",""face_id"":0,""episode_id"":0,""start"":0.0,""end"":8.733333333333333,""frame_count"":219,""selected_frame_count"":12,""valid_embedding_count"":12,""robust_retained_count"":10,""dispersion"":0.013033926486968994,""failures_json"":""[]""}]"
-3g5yACwYnA$_$9,-3g5yACwYnA,0.7,1,1,1,"[[""0:0""]]","[{""cluster_id"":0,""episodes"":[""0:0""],""coverage_s"":7.299999999999974,""start"":0.0,""end"":8.733333333333333}]",0:0,1,0,"[{""sample_id"":""-3g5yACwYnA$_$9"",""video_id"":""-3g5yACwYnA"",""episode_key"":""0:0"",""face_id"":0,""episode_id"":0,""start"":0.0,""end"":8.733333333333333,""frame_count"":219,""selected_frame_count"":12,""valid_embedding_count"":12,""robust_retained_count"":10,""dispersion"":0.013033926486968994,""failures_json"":""[]""}]"
-3nNcZdcdvU$_$5,-3nNcZdcdvU,0.5,1,1,1,"[[""0:0""]]","[{""cluster_id"":0,""episodes"":[""0:0""],""coverage_s"":6.5666666666666424,""start"":0.0,""end"":7.866666666666666}]",0:0,1,0,"[{""sample_id"":""-3nNcZdcdvU$_$5"",""video_id"":""-3nNcZdcdvU"",""episode_key"":""0:0"",""face_id"":0,""episode_id"":0,""start"":0.0,""end"":7.866666666666666,""frame_count"":197,""selected_frame_count"":12,""valid_embedding_count"":12,""robust_retained_count"":10,""dispersion"":0.05442693829536438,""failures_json"":""[]""}]"
-3nNcZdcdvU$_$5,-3nNcZdcdvU,0.6,1,1,1,"[[""0:0""]]","[{""cluster_id"":0,""episodes"":[""0:0""],""coverage_s"":6.5666666666666424,""start"":0.0,""end"":7.866666666666666}]",0:0,1,0,"[{""sample_id"":""-3nNcZdcdvU$_$5"",""video_id"":""-3nNcZdcdvU"",""episode_key"":""0:0"",""face_id"":0,""episode_id"":0,""start"":0.0,""end"":7.866666666666666,""frame_count"":197,""selected_frame_count"":12,""valid_embedding_count"":12,""robust_retained_count"":10,""dispersion"":0.05442693829536438,""failures_json"":""[]""}]"
-3nNcZdcdvU$_$5,-3nNcZdcdvU,0.7,1,1,1,"[[""0:0""]]","[{""cluster_id"":0,""episodes"":[""0:0""],""coverage_s"":6.5666666666666424,""start"":0.0,""end"":7.866666666666666}]",0:0,1,0,"[{""sample_id"":""-3nNcZdcdvU$_$5"",""video_id"":""-3nNcZdcdvU"",""episode_key"":""0:0"",""face_id"":0,""episode_id"":0,""start"":0.0,""end"":7.866666666666666,""frame_count"":197,""selected_frame_count"":12,""valid_embedding_count"":12,""robust_retained_count"":10,""dispersion"":0.05442693829536438,""failures_json"":""[]""}]"
-571d8cVauQ$_$0,-571d8cVauQ,0.5,1,1,1,"[[""0:0""]]","[{""cluster_id"":0,""episodes"":[""0:0""],""coverage_s"":3.9666666666666526,""start"":0.3,""end"":5.166666666666666}]",0:0,1,0,"[{""sample_id"":""-571d8cVauQ$_$0"",""video_id"":""-571d8cVauQ"",""episode_key"":""0:0"",""face_id"":0,""episode_id"":0,""start"":0.3,""end"":5.166666666666666,""frame_count"":119,""selected_frame_count"":12,""valid_embedding_count"":12,""robust_retained_count"":10,""dispersion"":0.0821080207824707,""failures_json"":""[]""}]"
-571d8cVauQ$_$0,-571d8cVauQ,0.6,1,1,1,"[[""0:0""]]","[{""cluster_id"":0,""episodes"":[""0:0""],""coverage_s"":3.9666666666666526,""start"":0.3,""end"":5.166666666666666}]",0:0,1,0,"[{""sample_id"":""-571d8cVauQ$_$0"",""video_id"":""-571d8cVauQ"",""episode_key"":""0:0"",""face_id"":0,""episode_id"":0,""start"":0.3,""end"":5.166666666666666,""frame_count"":119,""selected_frame_count"":12,""valid_embedding_count"":12,""robust_retained_count"":10,""dispersion"":0.0821080207824707,""failures_json"":""[]""}]"
-571d8cVauQ$_$0,-571d8cVauQ,0.7,1,1,1,"[[""0:0""]]","[{""cluster_id"":0,""episodes"":[""0:0""],""coverage_s"":3.9666666666666526,""start"":0.3,""end"":5.166666666666666}]",0:0,1,0,"[{""sample_id"":""-571d8cVauQ$_$0"",""video_id"":""-571d8cVauQ"",""episode_key"":""0:0"",""face_id"":0,""episode_id"":0,""start"":0.3,""end"":5.166666666666666,""frame_count"":119,""selected_frame_count"":12,""valid_embedding_count"":12,""robust_retained_count"":10,""dispersion"":0.0821080207824707,""failures_json"":""[]""}]"
-571d8cVauQ$_$5,-571d8cVauQ,0.5,1,1,1,"[[""0:0""]]","[{""cluster_id"":0,""episodes"":[""0:0""],""coverage_s"":12.666666666666623,""start"":0.0,""end"":15.266666666666666}]",0:0,1,0,"[{""sample_id"":""-571d8cVauQ$_$5"",""video_id"":""-571d8cVauQ"",""episode_key"":""0:0"",""face_id"":0,""episode_id"":0,""start"":0.0,""end"":15.266666666666666,""frame_count"":380,""selected_frame_count"":12,""valid_embedding_count"":12,""robust_retained_count"":10,""dispersion"":0.08698844909667969,""failures_json"":""[]""}]"
-571d8cVauQ$_$5,-571d8cVauQ,0.6,1,1,1,"[[""0:0""]]","[{""cluster_id"":0,""episodes"":[""0:0""],""coverage_s"":12.666666666666623,""start"":0.0,""end"":15.266666666666666}]",0:0,1,0,"[{""sample_id"":""-571d8cVauQ$_$5"",""video_id"":""-571d8cVauQ"",""episode_key"":""0:0"",""face_id"":0,""episode_id"":0,""start"":0.0,""end"":15.266666666666666,""frame_count"":380,""selected_frame_count"":12,""valid_embedding_count"":12,""robust_retained_count"":10,""dispersion"":0.08698844909667969,""failures_json"":""[]""}]"
-571d8cVauQ$_$5,-571d8cVauQ,0.7,1,1,1,"[[""0:0""]]","[{""cluster_id"":0,""episodes"":[""0:0""],""coverage_s"":12.666666666666623,""start"":0.0,""end"":15.266666666666666}]",0:0,1,0,"[{""sample_id"":""-571d8cVauQ$_$5"",""video_id"":""-571d8cVauQ"",""episode_key"":""0:0"",""face_id"":0,""episode_id"":0,""start"":0.0,""end"":15.266666666666666,""frame_count"":380,""selected_frame_count"":12,""valid_embedding_count"":12,""robust_retained_count"":10,""dispersion"":0.08698844909667969,""failures_json"":""[]""}]"
-6rXp3zJ3kc$_$8,-6rXp3zJ3kc,0.5,1,1,1,"[[""0:0""]]","[{""cluster_id"":0,""episodes"":[""0:0""],""coverage_s"":10.66666666666663,""start"":0.0,""end"":12.766666666666666}]",0:0,1,0,"[{""sample_id"":""-6rXp3zJ3kc$_$8"",""video_id"":""-6rXp3zJ3kc"",""episode_key"":""0:0"",""face_id"":0,""episode_id"":0,""start"":0.0,""end"":12.766666666666666,""frame_count"":320,""selected_frame_count"":12,""valid_embedding_count"":12,""robust_retained_count"":10,""dispersion"":0.049333810806274414,""failures_json"":""[]""}]"
-6rXp3zJ3kc$_$8,-6rXp3zJ3kc,0.6,1,1,1,"[[""0:0""]]","[{""cluster_id"":0,""episodes"":[""0:0""],""coverage_s"":10.66666666666663,""start"":0.0,""end"":12.766666666666666}]",0:0,1,0,"[{""sample_id"":""-6rXp3zJ3kc$_$8"",""video_id"":""-6rXp3zJ3kc"",""episode_key"":""0:0"",""face_id"":0,""episode_id"":0,""start"":0.0,""end"":12.766666666666666,""frame_count"":320,""selected_frame_count"":12,""valid_embedding_count"":12,""robust_retained_count"":10,""dispersion"":0.049333810806274414,""failures_json"":""[]""}]"
-6rXp3zJ3kc$_$8,-6rXp3zJ3kc,0.7,1,1,1,"[[""0:0""]]","[{""cluster_id"":0,""episodes"":[""0:0""],""coverage_s"":10.66666666666663,""start"":0.0,""end"":12.766666666666666}]",0:0,1,0,"[{""sample_id"":""-6rXp3zJ3kc$_$8"",""video_id"":""-6rXp3zJ3kc"",""episode_key"":""0:0"",""face_id"":0,""episode_id"":0,""start"":0.0,""end"":12.766666666666666,""frame_count"":320,""selected_frame_count"":12,""valid_embedding_count"":12,""robust_retained_count"":10,""dispersion"":0.049333810806274414,""failures_json"":""[]""}]"
-9y-fZ3swSY$_$0,-9y-fZ3swSY,0.5,1,1,1,"[[""0:0""]]","[{""cluster_id"":0,""episodes"":[""0:0""],""coverage_s"":5.733333333333314,""start"":0.0,""end"":6.8999999999999995}]",0:0,1,0,"[{""sample_id"":""-9y-fZ3swSY$_$0"",""video_id"":""-9y-fZ3swSY"",""episode_key"":""0:0"",""face_id"":0,""episode_id"":0,""start"":0.0,""end"":6.8999999999999995,""frame_count"":172,""selected_frame_count"":12,""valid_embedding_count"":12,""robust_retained_count"":10,""dispersion"":0.08714768290519714,""failures_json"":""[]""}]"
-9y-fZ3swSY$_$0,-9y-fZ3swSY,0.6,1,1,1,"[[""0:0""]]","[{""cluster_id"":0,""episodes"":[""0:0""],""coverage_s"":5.733333333333314,""start"":0.0,""end"":6.8999999999999995}]",0:0,1,0,"[{""sample_id"":""-9y-fZ3swSY$_$0"",""video_id"":""-9y-fZ3swSY"",""episode_key"":""0:0"",""face_id"":0,""episode_id"":0,""start"":0.0,""end"":6.8999999999999995,""frame_count"":172,""selected_frame_count"":12,""valid_embedding_count"":12,""robust_retained_count"":10,""dispersion"":0.08714768290519714,""failures_json"":""[]""}]"
-9y-fZ3swSY$_$0,-9y-fZ3swSY,0.7,1,1,1,"[[""0:0""]]","[{""cluster_id"":0,""episodes"":[""0:0""],""coverage_s"":5.733333333333314,""start"":0.0,""end"":6.8999999999999995}]",0:0,1,0,"[{""sample_id"":""-9y-fZ3swSY$_$0"",""video_id"":""-9y-fZ3swSY"",""episode_key"":""0:0"",""face_id"":0,""episode_id"":0,""start"":0.0,""end"":6.8999999999999995,""frame_count"":172,""selected_frame_count"":12,""valid_embedding_count"":12,""robust_retained_count"":10,""dispersion"":0.08714768290519714,""failures_json"":""[]""}]"
-9y-fZ3swSY$_$4,-9y-fZ3swSY,0.5,1,1,1,"[[""0:0""]]","[{""cluster_id"":0,""episodes"":[""0:0""],""coverage_s"":2.2333333333333294,""start"":0.0,""end"":2.6666666666666665}]",0:0,1,0,"[{""sample_id"":""-9y-fZ3swSY$_$4"",""video_id"":""-9y-fZ3swSY"",""episode_key"":""0:0"",""face_id"":0,""episode_id"":0,""start"":0.0,""end"":2.6666666666666665,""frame_count"":67,""selected_frame_count"":12,""valid_embedding_count"":12,""robust_retained_count"":10,""dispersion"":0.10839909315109253,""failures_json"":""[]""}]"
-9y-fZ3swSY$_$4,-9y-fZ3swSY,0.6,1,1,1,"[[""0:0""]]","[{""cluster_id"":0,""episodes"":[""0:0""],""coverage_s"":2.2333333333333294,""start"":0.0,""end"":2.6666666666666665}]",0:0,1,0,"[{""sample_id"":""-9y-fZ3swSY$_$4"",""video_id"":""-9y-fZ3swSY"",""episode_key"":""0:0"",""face_id"":0,""episode_id"":0,""start"":0.0,""end"":2.6666666666666665,""frame_count"":67,""selected_frame_count"":12,""valid_embedding_count"":12,""robust_retained_count"":10,""dispersion"":0.10839909315109253,""failures_json"":""[]""}]"
-9y-fZ3swSY$_$4,-9y-fZ3swSY,0.7,1,1,1,"[[""0:0""]]","[{""cluster_id"":0,""episodes"":[""0:0""],""coverage_s"":2.2333333333333294,""start"":0.0,""end"":2.6666666666666665}]",0:0,1,0,"[{""sample_id"":""-9y-fZ3swSY$_$4"",""video_id"":""-9y-fZ3swSY"",""episode_key"":""0:0"",""face_id"":0,""episode_id"":0,""start"":0.0,""end"":2.6666666666666665,""frame_count"":67,""selected_frame_count"":12,""valid_embedding_count"":12,""robust_retained_count"":10,""dispersion"":0.10839909315109253,""failures_json"":""[]""}]"
-9y-fZ3swSY$_$8,-9y-fZ3swSY,0.5,2,2,1,"[[""0:0"",""0:1""]]","[{""cluster_id"":0,""episodes"":[""0:0"",""0:1""],""coverage_s"":3.599999999999987,""start"":0.0,""end"":4.933333333333334}]","0:0,0:1",1,0,"[{""sample_id"":""-9y-fZ3swSY$_$8"",""video_id"":""-9y-fZ3swSY"",""episode_key"":""0:0"",""face_id"":0,""episode_id"":0,""start"":0.0,""end"":3.2666666666666666,""frame_count"":78,""selected_frame_count"":12,""valid_embedding_count"":12,""robust_retained_count"":10,""dispersion"":0.12958335876464844,""failures_json"":""[]""},{""sample_id"":""-9y-fZ3swSY$_$8"",""video_id"":""-9y-fZ3swSY"",""episode_key"":""0:1"",""face_id"":0,""episode_id"":1,""start"":3.6333333333333333,""end"":4.933333333333334,""frame_count"":30,""selected_frame_count"":12,""valid_embedding_count"":12,""robust_retained_count"":10,""dispersion"":0.09045293927192688,""failures_json"":""[]""}]"
-9y-fZ3swSY$_$8,-9y-fZ3swSY,0.6,2,2,1,"[[""0:0"",""0:1""]]","[{""cluster_id"":0,""episodes"":[""0:0"",""0:1""],""coverage_s"":3.599999999999987,""start"":0.0,""end"":4.933333333333334}]","0:0,0:1",1,0,"[{""sample_id"":""-9y-fZ3swSY$_$8"",""video_id"":""-9y-fZ3swSY"",""episode_key"":""0:0"",""face_id"":0,""episode_id"":0,""start"":0.0,""end"":3.2666666666666666,""frame_count"":78,""selected_frame_count"":12,""valid_embedding_count"":12,""robust_retained_count"":10,""dispersion"":0.12958335876464844,""failures_json"":""[]""},{""sample_id"":""-9y-fZ3swSY$_$8"",""video_id"":""-9y-fZ3swSY"",""episode_key"":""0:1"",""face_id"":0,""episode_id"":1,""start"":3.6333333333333333,""end"":4.933333333333334,""frame_count"":30,""selected_frame_count"":12,""valid_embedding_count"":12,""robust_retained_count"":10,""dispersion"":0.09045293927192688,""failures_json"":""[]""}]"
-9y-fZ3swSY$_$8,-9y-fZ3swSY,0.7,2,2,1,"[[""0:0"",""0:1""]]","[{""cluster_id"":0,""episodes"":[""0:0"",""0:1""],""coverage_s"":3.599999999999987,""start"":0.0,""end"":4.933333333333334}]","0:0,0:1",1,0,"[{""sample_id"":""-9y-fZ3swSY$_$8"",""video_id"":""-9y-fZ3swSY"",""episode_key"":""0:0"",""face_id"":0,""episode_id"":0,""start"":0.0,""end"":3.2666666666666666,""frame_count"":78,""selected_frame_count"":12,""valid_embedding_count"":12,""robust_retained_count"":10,""dispersion"":0.12958335876464844,""failures_json"":""[]""},{""sample_id"":""-9y-fZ3swSY$_$8"",""video_id"":""-9y-fZ3swSY"",""episode_key"":""0:1"",""face_id"":0,""episode_id"":1,""start"":3.6333333333333333,""end"":4.933333333333334,""frame_count"":30,""selected_frame_count"":12,""valid_embedding_count"":12,""robust_retained_count"":10,""dispersion"":0.09045293927192688,""failures_json"":""[]""}]"
-AUZQgSxyPQ$_$2,-AUZQgSxyPQ,0.5,1,1,1,"[[""0:0""]]","[{""cluster_id"":0,""episodes"":[""0:0""],""coverage_s"":18.733333333333125,""start"":0.0,""end"":22.5}]",0:0,1,0,"[{""sample_id"":""-AUZQgSxyPQ$_$2"",""video_id"":""-AUZQgSxyPQ"",""episode_key"":""0:0"",""face_id"":0,""episode_id"":0,""start"":0.0,""end"":22.5,""frame_count"":562,""selected_frame_count"":12,""valid_embedding_count"":12,""robust_retained_count"":10,""dispersion"":0.033421486616134644,""failures_json"":""[]""}]"
-AUZQgSxyPQ$_$2,-AUZQgSxyPQ,0.6,1,1,1,"[[""0:0""]]","[{""cluster_id"":0,""episodes"":[""0:0""],""coverage_s"":18.733333333333125,""start"":0.0,""end"":22.5}]",0:0,1,0,"[{""sample_id"":""-AUZQgSxyPQ$_$2"",""video_id"":""-AUZQgSxyPQ"",""episode_key"":""0:0"",""face_id"":0,""episode_id"":0,""start"":0.0,""end"":22.5,""frame_count"":562,""selected_frame_count"":12,""valid_embedding_count"":12,""robust_retained_count"":10,""dispersion"":0.033421486616134644,""failures_json"":""[]""}]"
-AUZQgSxyPQ$_$2,-AUZQgSxyPQ,0.7,1,1,1,"[[""0:0""]]","[{""cluster_id"":0,""episodes"":[""0:0""],""coverage_s"":18.733333333333125,""start"":0.0,""end"":22.5}]",0:0,1,0,"[{""sample_id"":""-AUZQgSxyPQ$_$2"",""video_id"":""-AUZQgSxyPQ"",""episode_key"":""0:0"",""face_id"":0,""episode_id"":0,""start"":0.0,""end"":22.5,""frame_count"":562,""selected_frame_count"":12,""valid_embedding_count"":12,""robust_retained_count"":10,""dispersion"":0.033421486616134644,""failures_json"":""[]""}]"
-HeZS2-Prhc$_$2,-HeZS2-Prhc,0.5,1,1,1,"[[""0:0""]]","[{""cluster_id"":0,""episodes"":[""0:0""],""coverage_s"":6.833333333333309,""start"":0.0,""end"":8.233333333333333}]",0:0,1,0,"[{""sample_id"":""-HeZS2-Prhc$_$2"",""video_id"":""-HeZS2-Prhc"",""episode_key"":""0:0"",""face_id"":0,""episode_id"":0,""start"":0.0,""end"":8.233333333333333,""frame_count"":205,""selected_frame_count"":12,""valid_embedding_count"":12,""robust_retained_count"":10,""dispersion"":0.09378215670585632,""failures_json"":""[]""}]"
-HeZS2-Prhc$_$2,-HeZS2-Prhc,0.6,1,1,1,"[[""0:0""]]","[{""cluster_id"":0,""episodes"":[""0:0""],""coverage_s"":6.833333333333309,""start"":0.0,""end"":8.233333333333333}]",0:0,1,0,"[{""sample_id"":""-HeZS2-Prhc$_$2"",""video_id"":""-HeZS2-Prhc"",""episode_key"":""0:0"",""face_id"":0,""episode_id"":0,""start"":0.0,""end"":8.233333333333333,""frame_count"":205,""selected_frame_count"":12,""valid_embedding_count"":12,""robust_retained_count"":10,""dispersion"":0.09378215670585632,""failures_json"":""[]""}]"
-HeZS2-Prhc$_$2,-HeZS2-Prhc,0.7,1,1,1,"[[""0:0""]]","[{""cluster_id"":0,""episodes"":[""0:0""],""coverage_s"":6.833333333333309,""start"":0.0,""end"":8.233333333333333}]",0:0,1,0,"[{""sample_id"":""-HeZS2-Prhc$_$2"",""video_id"":""-HeZS2-Prhc"",""episode_key"":""0:0"",""face_id"":0,""episode_id"":0,""start"":0.0,""end"":8.233333333333333,""frame_count"":205,""selected_frame_count"":12,""valid_embedding_count"":12,""robust_retained_count"":10,""dispersion"":0.09378215670585632,""failures_json"":""[]""}]"
-HwX2H8Z4hY$_$2,-HwX2H8Z4hY,0.5,2,2,2,"[[""0:0""],[""0:1""]]","[{""cluster_id"":0,""episodes"":[""0:0""],""coverage_s"":0.033333333333333215,""start"":2.8666666666666667,""end"":2.9},{""cluster_id"":1,""episodes"":[""0:1""],""coverage_s"":0.5999999999999983,""start"":3.2666666666666666,""end"":3.9666666666666663}]",0:0|0:1,1,0,"[{""sample_id"":""-HwX2H8Z4hY$_$2"",""video_id"":""-HwX2H8Z4hY"",""episode_key"":""0:0"",""face_id"":0,""episode_id"":0,""start"":2.8666666666666667,""end"":2.9,""frame_count"":1,""selected_frame_count"":1,""valid_embedding_count"":1,""robust_retained_count"":1,""dispersion"":0.0,""failures_json"":""[]""},{""sample_id"":""-HwX2H8Z4hY$_$2"",""video_id"":""-HwX2H8Z4hY"",""episode_key"":""0:1"",""face_id"":0,""episode_id"":1,""start"":3.2666666666666666,""end"":3.9666666666666663,""frame_count"":18,""selected_frame_count"":12,""valid_embedding_count"":12,""robust_retained_count"":10,""dispersion"":0.028072983026504517,""failures_json"":""[]""}]"
-HwX2H8Z4hY$_$2,-HwX2H8Z4hY,0.6,2,2,2,"[[""0:0""],[""0:1""]]","[{""cluster_id"":0,""episodes"":[""0:0""],""coverage_s"":0.033333333333333215,""start"":2.8666666666666667,""end"":2.9},{""cluster_id"":1,""episodes"":[""0:1""],""coverage_s"":0.5999999999999983,""start"":3.2666666666666666,""end"":3.9666666666666663}]",0:0|0:1,1,0,"[{""sample_id"":""-HwX2H8Z4hY$_$2"",""video_id"":""-HwX2H8Z4hY"",""episode_key"":""0:0"",""face_id"":0,""episode_id"":0,""start"":2.8666666666666667,""end"":2.9,""frame_count"":1,""selected_frame_count"":1,""valid_embedding_count"":1,""robust_retained_count"":1,""dispersion"":0.0,""failures_json"":""[]""},{""sample_id"":""-HwX2H8Z4hY$_$2"",""video_id"":""-HwX2H8Z4hY"",""episode_key"":""0:1"",""face_id"":0,""episode_id"":1,""start"":3.2666666666666666,""end"":3.9666666666666663,""frame_count"":18,""selected_frame_count"":12,""valid_embedding_count"":12,""robust_retained_count"":10,""dispersion"":0.028072983026504517,""failures_json"":""[]""}]"
-HwX2H8Z4hY$_$2,-HwX2H8Z4hY,0.7,2,2,2,"[[""0:0""],[""0:1""]]","[{""cluster_id"":0,""episodes"":[""0:0""],""coverage_s"":0.033333333333333215,""start"":2.8666666666666667,""end"":2.9},{""cluster_id"":1,""episodes"":[""0:1""],""coverage_s"":0.5999999999999983,""start"":3.2666666666666666,""end"":3.9666666666666663}]",0:0|0:1,1,0,"[{""sample_id"":""-HwX2H8Z4hY$_$2"",""video_id"":""-HwX2H8Z4hY"",""episode_key"":""0:0"",""face_id"":0,""episode_id"":0,""start"":2.8666666666666667,""end"":2.9,""frame_count"":1,""selected_frame_count"":1,""valid_embedding_count"":1,""robust_retained_count"":1,""dispersion"":0.0,""failures_json"":""[]""},{""sample_id"":""-HwX2H8Z4hY$_$2"",""video_id"":""-HwX2H8Z4hY"",""episode_key"":""0:1"",""face_id"":0,""episode_id"":1,""start"":3.2666666666666666,""end"":3.9666666666666663,""frame_count"":18,""selected_frame_count"":12,""valid_embedding_count"":12,""robust_retained_count"":10,""dispersion"":0.028072983026504517,""failures_json"":""[]""}]"
-HwX2H8Z4hY$_$5,-HwX2H8Z4hY,0.5,4,4,1,"[[""0:0"",""0:1"",""0:2"",""0:3""]]","[{""cluster_id"":0,""episodes"":[""0:0"",""0:1"",""0:2"",""0:3""],""coverage_s"":0.3999999999999986,""start"":0.03333333333333333,""end"":5.633333333333333}]","0:0,0:1,0:2,0:3",1,0,"[{""sample_id"":""-HwX2H8Z4hY$_$5"",""video_id"":""-HwX2H8Z4hY"",""episode_key"":""0:0"",""face_id"":0,""episode_id"":0,""start"":0.03333333333333333,""end"":0.06666666666666654,""frame_count"":1,""selected_frame_count"":1,""valid_embedding_count"":1,""robust_retained_count"":1,""dispersion"":0.0,""failures_json"":""[]""},{""sample_id"":""-HwX2H8Z4hY$_$5"",""video_id"":""-HwX2H8Z4hY"",""episode_key"":""0:1"",""face_id"":0,""episode_id"":1,""start"":0.7333333333333333,""end"":0.8333333333333333,""frame_count"":2,""selected_frame_count"":2,""valid_embedding_count"":2,""robust_retained_count"":2,""dispersion"":0.00994783639907837,""failures_json"":""[]""},{""sample_id"":""-HwX2H8Z4hY$_$5"",""video_id"":""-HwX2H8Z4hY"",""episode_key"":""0:2"",""face_id"":0,""episode_id"":2,""start"":1.3,""end"":1.5666666666666664,""frame_count"":7,""selected_frame_count"":7,""valid_embedding_count"":7,""robust_retained_count"":6,""dispersion"":0.037350982427597046,""failures_json"":""[]""},{""sample_id"":""-HwX2H8Z4hY$_$5"",""video_id"":""-HwX2H8Z4hY"",""episode_key"":""0:3"",""face_id"":0,""episode_id"":3,""start"":5.466666666666667,""end"":5.633333333333333,""frame_count"":2,""selected_frame_count"":2,""valid_embedding_count"":2,""robust_retained_count"":2,""dispersion"":0.029761016368865967,""failures_json"":""[]""}]"
-HwX2H8Z4hY$_$5,-HwX2H8Z4hY,0.6,4,4,1,"[[""0:0"",""0:1"",""0:2"",""0:3""]]","[{""cluster_id"":0,""episodes"":[""0:0"",""0:1"",""0:2"",""0:3""],""coverage_s"":0.3999999999999986,""start"":0.03333333333333333,""end"":5.633333333333333}]","0:0,0:1,0:2,0:3",1,0,"[{""sample_id"":""-HwX2H8Z4hY$_$5"",""video_id"":""-HwX2H8Z4hY"",""episode_key"":""0:0"",""face_id"":0,""episode_id"":0,""start"":0.03333333333333333,""end"":0.06666666666666654,""frame_count"":1,""selected_frame_count"":1,""valid_embedding_count"":1,""robust_retained_count"":1,""dispersion"":0.0,""failures_json"":""[]""},{""sample_id"":""-HwX2H8Z4hY$_$5"",""video_id"":""-HwX2H8Z4hY"",""episode_key"":""0:1"",""face_id"":0,""episode_id"":1,""start"":0.7333333333333333,""end"":0.8333333333333333,""frame_count"":2,""selected_frame_count"":2,""valid_embedding_count"":2,""robust_retained_count"":2,""dispersion"":0.00994783639907837,""failures_json"":""[]""},{""sample_id"":""-HwX2H8Z4hY$_$5"",""video_id"":""-HwX2H8Z4hY"",""episode_key"":""0:2"",""face_id"":0,""episode_id"":2,""start"":1.3,""end"":1.5666666666666664,""frame_count"":7,""selected_frame_count"":7,""valid_embedding_count"":7,""robust_retained_count"":6,""dispersion"":0.037350982427597046,""failures_json"":""[]""},{""sample_id"":""-HwX2H8Z4hY$_$5"",""video_id"":""-HwX2H8Z4hY"",""episode_key"":""0:3"",""face_id"":0,""episode_id"":3,""start"":5.466666666666667,""end"":5.633333333333333,""frame_count"":2,""selected_frame_count"":2,""valid_embedding_count"":2,""robust_retained_count"":2,""dispersion"":0.029761016368865967,""failures_json"":""[]""}]"
-HwX2H8Z4hY$_$5,-HwX2H8Z4hY,0.7,4,4,1,"[[""0:0"",""0:1"",""0:2"",""0:3""]]","[{""cluster_id"":0,""episodes"":[""0:0"",""0:1"",""0:2"",""0:3""],""coverage_s"":0.3999999999999986,""start"":0.03333333333333333,""end"":5.633333333333333}]","0:0,0:1,0:2,0:3",1,0,"[{""sample_id"":""-HwX2H8Z4hY$_$5"",""video_id"":""-HwX2H8Z4hY"",""episode_key"":""0:0"",""face_id"":0,""episode_id"":0,""start"":0.03333333333333333,""end"":0.06666666666666654,""frame_count"":1,""selected_frame_count"":1,""valid_embedding_count"":1,""robust_retained_count"":1,""dispersion"":0.0,""failures_json"":""[]""},{""sample_id"":""-HwX2H8Z4hY$_$5"",""video_id"":""-HwX2H8Z4hY"",""episode_key"":""0:1"",""face_id"":0,""episode_id"":1,""start"":0.7333333333333333,""end"":0.8333333333333333,""frame_count"":2,""selected_frame_count"":2,""valid_embedding_count"":2,""robust_retained_count"":2,""dispersion"":0.00994783639907837,""failures_json"":""[]""},{""sample_id"":""-HwX2H8Z4hY$_$5"",""video_id"":""-HwX2H8Z4hY"",""episode_key"":""0:2"",""face_id"":0,""episode_id"":2,""start"":1.3,""end"":1.5666666666666664,""frame_count"":7,""selected_frame_count"":7,""valid_embedding_count"":7,""robust_retained_count"":6,""dispersion"":0.037350982427597046,""failures_json"":""[]""},{""sample_id"":""-HwX2H8Z4hY$_$5"",""video_id"":""-HwX2H8Z4hY"",""episode_key"":""0:3"",""face_id"":0,""episode_id"":3,""start"":5.466666666666667,""end"":5.633333333333333,""frame_count"":2,""selected_frame_count"":2,""valid_embedding_count"":2,""robust_retained_count"":2,""dispersion"":0.029761016368865967,""failures_json"":""[]""}]"
-HwX2H8Z4hY$_$6,-HwX2H8Z4hY,0.5,3,3,2,"[[""0:0"",""0:1""],[""0:2""]]","[{""cluster_id"":0,""episodes"":[""0:0"",""0:1""],""coverage_s"":0.3333333333333328,""start"":0.4,""end"":1.4666666666666666},{""cluster_id"":1,""episodes"":[""0:2""],""coverage_s"":0.06666666666666643,""start"":3.2,""end"":3.2666666666666666}]","0:0,0:1|0:2",1,0,"[{""sample_id"":""-HwX2H8Z4hY$_$6"",""video_id"":""-HwX2H8Z4hY"",""episode_key"":""0:0"",""face_id"":0,""episode_id"":0,""start"":0.4,""end"":0.5333333333333333,""frame_count"":2,""selected_frame_count"":1,""valid_embedding_count"":1,""robust_retained_count"":1,""dispersion"":0.0,""failures_json"":""[]""},{""sample_id"":""-HwX2H8Z4hY$_$6"",""video_id"":""-HwX2H8Z4hY"",""episode_key"":""0:1"",""face_id"":0,""episode_id"":1,""start"":1.0,""end"":1.4666666666666666,""frame_count"":8,""selected_frame_count"":7,""valid_embedding_count"":7,""robust_retained_count"":6,""dispersion"":0.019775301218032837,""failures_json"":""[]""},{""sample_id"":""-HwX2H8Z4hY$_$6"",""video_id"":""-HwX2H8Z4hY"",""episode_key"":""0:2"",""face_id"":0,""episode_id"":2,""start"":3.2,""end"":3.2666666666666666,""frame_count"":2,""selected_frame_count"":2,""valid_embedding_count"":2,""robust_retained_count"":2,""dispersion"":0.007870525121688843,""failures_json"":""[]""}]"
-HwX2H8Z4hY$_$6,-HwX2H8Z4hY,0.6,3,3,2,"[[""0:0"",""0:1""],[""0:2""]]","[{""cluster_id"":0,""episodes"":[""0:0"",""0:1""],""coverage_s"":0.3333333333333328,""start"":0.4,""end"":1.4666666666666666},{""cluster_id"":1,""episodes"":[""0:2""],""coverage_s"":0.06666666666666643,""start"":3.2,""end"":3.2666666666666666}]","0:0,0:1|0:2",1,0,"[{""sample_id"":""-HwX2H8Z4hY$_$6"",""video_id"":""-HwX2H8Z4hY"",""episode_key"":""0:0"",""face_id"":0,""episode_id"":0,""start"":0.4,""end"":0.5333333333333333,""frame_count"":2,""selected_frame_count"":1,""valid_embedding_count"":1,""robust_retained_count"":1,""dispersion"":0.0,""failures_json"":""[]""},{""sample_id"":""-HwX2H8Z4hY$_$6"",""video_id"":""-HwX2H8Z4hY"",""episode_key"":""0:1"",""face_id"":0,""episode_id"":1,""start"":1.0,""end"":1.4666666666666666,""frame_count"":8,""selected_frame_count"":7,""valid_embedding_count"":7,""robust_retained_count"":6,""dispersion"":0.019775301218032837,""failures_json"":""[]""},{""sample_id"":""-HwX2H8Z4hY$_$6"",""video_id"":""-HwX2H8Z4hY"",""episode_key"":""0:2"",""face_id"":0,""episode_id"":2,""start"":3.2,""end"":3.2666666666666666,""frame_count"":2,""selected_frame_count"":2,""valid_embedding_count"":2,""robust_retained_count"":2,""dispersion"":0.007870525121688843,""failures_json"":""[]""}]"
-HwX2H8Z4hY$_$6,-HwX2H8Z4hY,0.7,3,3,2,"[[""0:0"",""0:1""],[""0:2""]]","[{""cluster_id"":0,""episodes"":[""0:0"",""0:1""],""coverage_s"":0.3333333333333328,""start"":0.4,""end"":1.4666666666666666},{""cluster_id"":1,""episodes"":[""0:2""],""coverage_s"":0.06666666666666643,""start"":3.2,""end"":3.2666666666666666}]","0:0,0:1|0:2",1,0,"[{""sample_id"":""-HwX2H8Z4hY$_$6"",""video_id"":""-HwX2H8Z4hY"",""episode_key"":""0:0"",""face_id"":0,""episode_id"":0,""start"":0.4,""end"":0.5333333333333333,""frame_count"":2,""selected_frame_count"":1,""valid_embedding_count"":1,""robust_retained_count"":1,""dispersion"":0.0,""failures_json"":""[]""},{""sample_id"":""-HwX2H8Z4hY$_$6"",""video_id"":""-HwX2H8Z4hY"",""episode_key"":""0:1"",""face_id"":0,""episode_id"":1,""start"":1.0,""end"":1.4666666666666666,""frame_count"":8,""selected_frame_count"":7,""valid_embedding_count"":7,""robust_retained_count"":6,""dispersion"":0.019775301218032837,""failures_json"":""[]""},{""sample_id"":""-HwX2H8Z4hY$_$6"",""video_id"":""-HwX2H8Z4hY"",""episode_key"":""0:2"",""face_id"":0,""episode_id"":2,""start"":3.2,""end"":3.2666666666666666,""frame_count"":2,""selected_frame_count"":2,""valid_embedding_count"":2,""robust_retained_count"":2,""dispersion"":0.007870525121688843,""failures_json"":""[]""}]"
-HwX2H8Z4hY$_$9,-HwX2H8Z4hY,0.5,3,3,1,"[[""0:0"",""0:1"",""0:2""]]","[{""cluster_id"":0,""episodes"":[""0:0"",""0:1"",""0:2""],""coverage_s"":4.099999999999985,""start"":0.0,""end"":7.633333333333333}]","0:0,0:1,0:2",1,0,"[{""sample_id"":""-HwX2H8Z4hY$_$9"",""video_id"":""-HwX2H8Z4hY"",""episode_key"":""0:0"",""face_id"":0,""episode_id"":0,""start"":0.0,""end"":1.1333333333333333,""frame_count"":29,""selected_frame_count"":12,""valid_embedding_count"":12,""robust_retained_count"":10,""dispersion"":0.07190775871276855,""failures_json"":""[]""},{""sample_id"":""-HwX2H8Z4hY$_$9"",""video_id"":""-HwX2H8Z4hY"",""episode_key"":""0:1"",""face_id"":0,""episode_id"":1,""start"":3.2333333333333334,""end"":5.766666666666667,""frame_count"":63,""selected_frame_count"":12,""valid_embedding_count"":12,""robust_retained_count"":10,""dispersion"":0.10920172929763794,""failures_json"":""[]""},{""sample_id"":""-HwX2H8Z4hY$_$9"",""video_id"":""-HwX2H8Z4hY"",""episode_key"":""0:2"",""face_id"":0,""episode_id"":2,""start"":6.4,""end"":7.633333333333333,""frame_count"":31,""selected_frame_count"":12,""valid_embedding_count"":12,""robust_retained_count"":10,""dispersion"":0.05113479495048523,""failures_json"":""[]""}]"
-HwX2H8Z4hY$_$9,-HwX2H8Z4hY,0.6,3,3,1,"[[""0:0"",""0:1"",""0:2""]]","[{""cluster_id"":0,""episodes"":[""0:0"",""0:1"",""0:2""],""coverage_s"":4.099999999999985,""start"":0.0,""end"":7.633333333333333}]","0:0,0:1,0:2",1,0,"[{""sample_id"":""-HwX2H8Z4hY$_$9"",""video_id"":""-HwX2H8Z4hY"",""episode_key"":""0:0"",""face_id"":0,""episode_id"":0,""start"":0.0,""end"":1.1333333333333333,""frame_count"":29,""selected_frame_count"":12,""valid_embedding_count"":12,""robust_retained_count"":10,""dispersion"":0.07190775871276855,""failures_json"":""[]""},{""sample_id"":""-HwX2H8Z4hY$_$9"",""video_id"":""-HwX2H8Z4hY"",""episode_key"":""0:1"",""face_id"":0,""episode_id"":1,""start"":3.2333333333333334,""end"":5.766666666666667,""frame_count"":63,""selected_frame_count"":12,""valid_embedding_count"":12,""robust_retained_count"":10,""dispersion"":0.10920172929763794,""failures_json"":""[]""},{""sample_id"":""-HwX2H8Z4hY$_$9"",""video_id"":""-HwX2H8Z4hY"",""episode_key"":""0:2"",""face_id"":0,""episode_id"":2,""start"":6.4,""end"":7.633333333333333,""frame_count"":31,""selected_frame_count"":12,""valid_embedding_count"":12,""robust_retained_count"":10,""dispersion"":0.05113479495048523,""failures_json"":""[]""}]"
-HwX2H8Z4hY$_$9,-HwX2H8Z4hY,0.7,3,3,1,"[[""0:0"",""0:1"",""0:2""]]","[{""cluster_id"":0,""episodes"":[""0:0"",""0:1"",""0:2""],""coverage_s"":4.099999999999985,""start"":0.0,""end"":7.633333333333333}]","0:0,0:1,0:2",1,0,"[{""sample_id"":""-HwX2H8Z4hY$_$9"",""video_id"":""-HwX2H8Z4hY"",""episode_key"":""0:0"",""face_id"":0,""episode_id"":0,""start"":0.0,""end"":1.1333333333333333,""frame_count"":29,""selected_frame_count"":12,""valid_embedding_count"":12,""robust_retained_count"":10,""dispersion"":0.07190775871276855,""failures_json"":""[]""},{""sample_id"":""-HwX2H8Z4hY$_$9"",""video_id"":""-HwX2H8Z4hY"",""episode_key"":""0:1"",""face_id"":0,""episode_id"":1,""start"":3.2333333333333334,""end"":5.766666666666667,""frame_count"":63,""selected_frame_count"":12,""valid_embedding_count"":12,""robust_retained_count"":10,""dispersion"":0.10920172929763794,""failures_json"":""[]""},{""sample_id"":""-HwX2H8Z4hY$_$9"",""video_id"":""-HwX2H8Z4hY"",""episode_key"":""0:2"",""face_id"":0,""episode_id"":2,""start"":6.4,""end"":7.633333333333333,""frame_count"":31,""selected_frame_count"":12,""valid_embedding_count"":12,""robust_retained_count"":10,""dispersion"":0.05113479495048523,""failures_json"":""[]""}]"
-I_e4mIh0yE$_$1,-I_e4mIh0yE,0.5,1,1,1,"[[""0:0""]]","[{""cluster_id"":0,""episodes"":[""0:0""],""coverage_s"":6.233333333333311,""start"":0.0,""end"":7.466666666666667}]",0:0,1,0,"[{""sample_id"":""-I_e4mIh0yE$_$1"",""video_id"":""-I_e4mIh0yE"",""episode_key"":""0:0"",""face_id"":0,""episode_id"":0,""start"":0.0,""end"":7.466666666666667,""frame_count"":187,""selected_frame_count"":12,""valid_embedding_count"":12,""robust_retained_count"":10,""dispersion"":0.05121898651123047,""failures_json"":""[]""}]"
-I_e4mIh0yE$_$1,-I_e4mIh0yE,0.6,1,1,1,"[[""0:0""]]","[{""cluster_id"":0,""episodes"":[""0:0""],""coverage_s"":6.233333333333311,""start"":0.0,""end"":7.466666666666667}]",0:0,1,0,"[{""sample_id"":""-I_e4mIh0yE$_$1"",""video_id"":""-I_e4mIh0yE"",""episode_key"":""0:0"",""face_id"":0,""episode_id"":0,""start"":0.0,""end"":7.466666666666667,""frame_count"":187,""selected_frame_count"":12,""valid_embedding_count"":12,""robust_retained_count"":10,""dispersion"":0.05121898651123047,""failures_json"":""[]""}]"
-I_e4mIh0yE$_$1,-I_e4mIh0yE,0.7,1,1,1,"[[""0:0""]]","[{""cluster_id"":0,""episodes"":[""0:0""],""coverage_s"":6.233333333333311,""start"":0.0,""end"":7.466666666666667}]",0:0,1,0,"[{""sample_id"":""-I_e4mIh0yE$_$1"",""video_id"":""-I_e4mIh0yE"",""episode_key"":""0:0"",""face_id"":0,""episode_id"":0,""start"":0.0,""end"":7.466666666666667,""frame_count"":187,""selected_frame_count"":12,""valid_embedding_count"":12,""robust_retained_count"":10,""dispersion"":0.05121898651123047,""failures_json"":""[]""}]"
-I_e4mIh0yE$_$3,-I_e4mIh0yE,0.5,1,1,1,"[[""0:0""]]","[{""cluster_id"":0,""episodes"":[""0:0""],""coverage_s"":7.533333333333305,""start"":0.0,""end"":9.133333333333333}]",0:0,1,0,"[{""sample_id"":""-I_e4mIh0yE$_$3"",""video_id"":""-I_e4mIh0yE"",""episode_key"":""0:0"",""face_id"":0,""episode_id"":0,""start"":0.0,""end"":9.133333333333333,""frame_count"":226,""selected_frame_count"":12,""valid_embedding_count"":12,""robust_retained_count"":10,""dispersion"":0.03864926099777222,""failures_json"":""[]""}]"
-I_e4mIh0yE$_$3,-I_e4mIh0yE,0.6,1,1,1,"[[""0:0""]]","[{""cluster_id"":0,""episodes"":[""0:0""],""coverage_s"":7.533333333333305,""start"":0.0,""end"":9.133333333333333}]",0:0,1,0,"[{""sample_id"":""-I_e4mIh0yE$_$3"",""video_id"":""-I_e4mIh0yE"",""episode_key"":""0:0"",""face_id"":0,""episode_id"":0,""start"":0.0,""end"":9.133333333333333,""frame_count"":226,""selected_frame_count"":12,""valid_embedding_count"":12,""robust_retained_count"":10,""dispersion"":0.03864926099777222,""failures_json"":""[]""}]"
-I_e4mIh0yE$_$3,-I_e4mIh0yE,0.7,1,1,1,"[[""0:0""]]","[{""cluster_id"":0,""episodes"":[""0:0""],""coverage_s"":7.533333333333305,""start"":0.0,""end"":9.133333333333333}]",0:0,1,0,"[{""sample_id"":""-I_e4mIh0yE$_$3"",""video_id"":""-I_e4mIh0yE"",""episode_key"":""0:0"",""face_id"":0,""episode_id"":0,""start"":0.0,""end"":9.133333333333333,""frame_count"":226,""selected_frame_count"":12,""valid_embedding_count"":12,""robust_retained_count"":10,""dispersion"":0.03864926099777222,""failures_json"":""[]""}]"
-MeTTeMJBNc$_$0,-MeTTeMJBNc,0.5,2,2,1,"[[""0:0"",""0:1""]]","[{""cluster_id"":0,""episodes"":[""0:0"",""0:1""],""coverage_s"":7.499999999999975,""start"":0.3,""end"":9.333333333333334}]","0:0,0:1",1,0,"[{""sample_id"":""-MeTTeMJBNc$_$0"",""video_id"":""-MeTTeMJBNc"",""episode_key"":""0:0"",""face_id"":0,""episode_id"":0,""start"":0.3,""end"":0.36666666666666653,""frame_count"":2,""selected_frame_count"":2,""valid_embedding_count"":2,""robust_retained_count"":2,""dispersion"":0.012090355157852173,""failures_json"":""[]""},{""sample_id"":""-MeTTeMJBNc$_$0"",""video_id"":""-MeTTeMJBNc"",""episode_key"":""0:1"",""face_id"":0,""episode_id"":1,""start"":0.4,""end"":9.333333333333334,""frame_count"":223,""selected_frame_count"":12,""valid_embedding_count"":12,""robust_retained_count"":10,""dispersion"":0.09492373466491699,""failures_json"":""[]""}]"
-MeTTeMJBNc$_$0,-MeTTeMJBNc,0.6,2,2,1,"[[""0:0"",""0:1""]]","[{""cluster_id"":0,""episodes"":[""0:0"",""0:1""],""coverage_s"":7.499999999999975,""start"":0.3,""end"":9.333333333333334}]","0:0,0:1",1,0,"[{""sample_id"":""-MeTTeMJBNc$_$0"",""video_id"":""-MeTTeMJBNc"",""episode_key"":""0:0"",""face_id"":0,""episode_id"":0,""start"":0.3,""end"":0.36666666666666653,""frame_count"":2,""selected_frame_count"":2,""valid_embedding_count"":2,""robust_retained_count"":2,""dispersion"":0.012090355157852173,""failures_json"":""[]""},{""sample_id"":""-MeTTeMJBNc$_$0"",""video_id"":""-MeTTeMJBNc"",""episode_key"":""0:1"",""face_id"":0,""episode_id"":1,""start"":0.4,""end"":9.333333333333334,""frame_count"":223,""selected_frame_count"":12,""valid_embedding_count"":12,""robust_retained_count"":10,""dispersion"":0.09492373466491699,""failures_json"":""[]""}]"
-MeTTeMJBNc$_$0,-MeTTeMJBNc,0.7,2,2,1,"[[""0:0"",""0:1""]]","[{""cluster_id"":0,""episodes"":[""0:0"",""0:1""],""coverage_s"":7.499999999999975,""start"":0.3,""end"":9.333333333333334}]","0:0,0:1",1,0,"[{""sample_id"":""-MeTTeMJBNc$_$0"",""video_id"":""-MeTTeMJBNc"",""episode_key"":""0:0"",""face_id"":0,""episode_id"":0,""start"":0.3,""end"":0.36666666666666653,""frame_count"":2,""selected_frame_count"":2,""valid_embedding_count"":2,""robust_retained_count"":2,""dispersion"":0.012090355157852173,""failures_json"":""[]""},{""sample_id"":""-MeTTeMJBNc$_$0"",""video_id"":""-MeTTeMJBNc"",""episode_key"":""0:1"",""face_id"":0,""episode_id"":1,""start"":0.4,""end"":9.333333333333334,""frame_count"":223,""selected_frame_count"":12,""valid_embedding_count"":12,""robust_retained_count"":10,""dispersion"":0.09492373466491699,""failures_json"":""[]""}]"
-MeTTeMJBNc$_$13,-MeTTeMJBNc,0.5,1,1,1,"[[""0:0""]]","[{""cluster_id"":0,""episodes"":[""0:0""],""coverage_s"":4.3999999999999835,""start"":0.0,""end"":5.266666666666667}]",0:0,1,0,"[{""sample_id"":""-MeTTeMJBNc$_$13"",""video_id"":""-MeTTeMJBNc"",""episode_key"":""0:0"",""face_id"":0,""episode_id"":0,""start"":0.0,""end"":5.266666666666667,""frame_count"":132,""selected_frame_count"":12,""valid_embedding_count"":12,""robust_retained_count"":10,""dispersion"":0.0974310040473938,""failures_json"":""[]""}]"
-MeTTeMJBNc$_$13,-MeTTeMJBNc,0.6,1,1,1,"[[""0:0""]]","[{""cluster_id"":0,""episodes"":[""0:0""],""coverage_s"":4.3999999999999835,""start"":0.0,""end"":5.266666666666667}]",0:0,1,0,"[{""sample_id"":""-MeTTeMJBNc$_$13"",""video_id"":""-MeTTeMJBNc"",""episode_key"":""0:0"",""face_id"":0,""episode_id"":0,""start"":0.0,""end"":5.266666666666667,""frame_count"":132,""selected_frame_count"":12,""valid_embedding_count"":12,""robust_retained_count"":10,""dispersion"":0.0974310040473938,""failures_json"":""[]""}]"
-MeTTeMJBNc$_$13,-MeTTeMJBNc,0.7,1,1,1,"[[""0:0""]]","[{""cluster_id"":0,""episodes"":[""0:0""],""coverage_s"":4.3999999999999835,""start"":0.0,""end"":5.266666666666667}]",0:0,1,0,"[{""sample_id"":""-MeTTeMJBNc$_$13"",""video_id"":""-MeTTeMJBNc"",""episode_key"":""0:0"",""face_id"":0,""episode_id"":0,""start"":0.0,""end"":5.266666666666667,""frame_count"":132,""selected_frame_count"":12,""valid_embedding_count"":12,""robust_retained_count"":10,""dispersion"":0.0974310040473938,""failures_json"":""[]""}]"
-MeTTeMJBNc$_$7,-MeTTeMJBNc,0.5,2,2,2,"[[""0:0""],[""1:1""]]","[{""cluster_id"":0,""episodes"":[""0:0""],""coverage_s"":8.7333333333333,""start"":0.0,""end"":10.5},{""cluster_id"":1,""episodes"":[""1:1""],""coverage_s"":0.16666666666666607,""start"":3.0,""end"":3.1666666666666665}]",0:0|1:1,1,1,"[{""sample_id"":""-MeTTeMJBNc$_$7"",""video_id"":""-MeTTeMJBNc"",""episode_key"":""0:0"",""face_id"":0,""episode_id"":0,""start"":0.0,""end"":10.5,""frame_count"":262,""selected_frame_count"":12,""valid_embedding_count"":12,""robust_retained_count"":10,""dispersion"":0.1237328052520752,""failures_json"":""[]""},{""sample_id"":""-MeTTeMJBNc$_$7"",""video_id"":""-MeTTeMJBNc"",""episode_key"":""1:1"",""face_id"":1,""episode_id"":1,""start"":3.0,""end"":3.1666666666666665,""frame_count"":5,""selected_frame_count"":5,""valid_embedding_count"":5,""robust_retained_count"":4,""dispersion"":0.014549434185028076,""failures_json"":""[]""}]"
-MeTTeMJBNc$_$7,-MeTTeMJBNc,0.6,2,2,2,"[[""0:0""],[""1:1""]]","[{""cluster_id"":0,""episodes"":[""0:0""],""coverage_s"":8.7333333333333,""start"":0.0,""end"":10.5},{""cluster_id"":1,""episodes"":[""1:1""],""coverage_s"":0.16666666666666607,""start"":3.0,""end"":3.1666666666666665}]",0:0|1:1,1,1,"[{""sample_id"":""-MeTTeMJBNc$_$7"",""video_id"":""-MeTTeMJBNc"",""episode_key"":""0:0"",""face_id"":0,""episode_id"":0,""start"":0.0,""end"":10.5,""frame_count"":262,""selected_frame_count"":12,""valid_embedding_count"":12,""robust_retained_count"":10,""dispersion"":0.1237328052520752,""failures_json"":""[]""},{""sample_id"":""-MeTTeMJBNc$_$7"",""video_id"":""-MeTTeMJBNc"",""episode_key"":""1:1"",""face_id"":1,""episode_id"":1,""start"":3.0,""end"":3.1666666666666665,""frame_count"":5,""selected_frame_count"":5,""valid_embedding_count"":5,""robust_retained_count"":4,""dispersion"":0.014549434185028076,""failures_json"":""[]""}]"
-MeTTeMJBNc$_$7,-MeTTeMJBNc,0.7,2,2,2,"[[""0:0""],[""1:1""]]","[{""cluster_id"":0,""episodes"":[""0:0""],""coverage_s"":8.7333333333333,""start"":0.0,""end"":10.5},{""cluster_id"":1,""episodes"":[""1:1""],""coverage_s"":0.16666666666666607,""start"":3.0,""end"":3.1666666666666665}]",0:0|1:1,1,1,"[{""sample_id"":""-MeTTeMJBNc$_$7"",""video_id"":""-MeTTeMJBNc"",""episode_key"":""0:0"",""face_id"":0,""episode_id"":0,""start"":0.0,""end"":10.5,""frame_count"":262,""selected_frame_count"":12,""valid_embedding_count"":12,""robust_retained_count"":10,""dispersion"":0.1237328052520752,""failures_json"":""[]""},{""sample_id"":""-MeTTeMJBNc$_$7"",""video_id"":""-MeTTeMJBNc"",""episode_key"":""1:1"",""face_id"":1,""episode_id"":1,""start"":3.0,""end"":3.1666666666666665,""frame_count"":5,""selected_frame_count"":5,""valid_embedding_count"":5,""robust_retained_count"":4,""dispersion"":0.014549434185028076,""failures_json"":""[]""}]"
-NFrJFQijFE$_$1,-NFrJFQijFE,0.5,0,0,0,[],[],,1,0,[]
-NFrJFQijFE$_$1,-NFrJFQijFE,0.6,0,0,0,[],[],,1,0,[]
-NFrJFQijFE$_$1,-NFrJFQijFE,0.7,0,0,0,[],[],,1,0,[]
-NFrJFQijFE$_$2,-NFrJFQijFE,0.5,0,0,0,[],[],,1,0,[]
-NFrJFQijFE$_$2,-NFrJFQijFE,0.6,0,0,0,[],[],,1,0,[]
-NFrJFQijFE$_$2,-NFrJFQijFE,0.7,0,0,0,[],[],,1,0,[]
-RfYyzHpjk4$_$11,-RfYyzHpjk4,0.5,1,1,1,"[[""0:0""]]","[{""cluster_id"":0,""episodes"":[""0:0""],""coverage_s"":4.299999999999986,""start"":0.0,""end"":5.233333333333333}]",0:0,1,0,"[{""sample_id"":""-RfYyzHpjk4$_$11"",""video_id"":""-RfYyzHpjk4"",""episode_key"":""0:0"",""face_id"":0,""episode_id"":0,""start"":0.0,""end"":5.233333333333333,""frame_count"":129,""selected_frame_count"":12,""valid_embedding_count"":12,""robust_retained_count"":10,""dispersion"":0.03862389922142029,""failures_json"":""[]""}]"
-RfYyzHpjk4$_$11,-RfYyzHpjk4,0.6,1,1,1,"[[""0:0""]]","[{""cluster_id"":0,""episodes"":[""0:0""],""coverage_s"":4.299999999999986,""start"":0.0,""end"":5.233333333333333}]",0:0,1,0,"[{""sample_id"":""-RfYyzHpjk4$_$11"",""video_id"":""-RfYyzHpjk4"",""episode_key"":""0:0"",""face_id"":0,""episode_id"":0,""start"":0.0,""end"":5.233333333333333,""frame_count"":129,""selected_frame_count"":12,""valid_embedding_count"":12,""robust_retained_count"":10,""dispersion"":0.03862389922142029,""failures_json"":""[]""}]"
-RfYyzHpjk4$_$11,-RfYyzHpjk4,0.7,1,1,1,"[[""0:0""]]","[{""cluster_id"":0,""episodes"":[""0:0""],""coverage_s"":4.299999999999986,""start"":0.0,""end"":5.233333333333333}]",0:0,1,0,"[{""sample_id"":""-RfYyzHpjk4$_$11"",""video_id"":""-RfYyzHpjk4"",""episode_key"":""0:0"",""face_id"":0,""episode_id"":0,""start"":0.0,""end"":5.233333333333333,""frame_count"":129,""selected_frame_count"":12,""valid_embedding_count"":12,""robust_retained_count"":10,""dispersion"":0.03862389922142029,""failures_json"":""[]""}]"
-RfYyzHpjk4$_$2,-RfYyzHpjk4,0.5,3,3,2,"[[""0:0"",""1:2""],[""1:1""]]","[{""cluster_id"":0,""episodes"":[""0:0"",""1:2""],""coverage_s"":4.499999999999984,""start"":0.0,""end"":5.5},{""cluster_id"":1,""episodes"":[""1:1""],""coverage_s"":0.033333333333333215,""start"":0.9333333333333333,""end"":0.9666666666666666}]","0:0,1:2|1:1",1,1,"[{""sample_id"":""-RfYyzHpjk4$_$2"",""video_id"":""-RfYyzHpjk4"",""episode_key"":""0:0"",""face_id"":0,""episode_id"":0,""start"":0.0,""end"":2.7666666666666666,""frame_count"":70,""selected_frame_count"":12,""valid_embedding_count"":12,""robust_retained_count"":10,""dispersion"":0.04760897159576416,""failures_json"":""[]""},{""sample_id"":""-RfYyzHpjk4$_$2"",""video_id"":""-RfYyzHpjk4"",""episode_key"":""1:1"",""face_id"":1,""episode_id"":1,""start"":0.9333333333333333,""end"":0.9666666666666666,""frame_count"":1,""selected_frame_count"":1,""valid_embedding_count"":1,""robust_retained_count"":1,""dispersion"":0.0,""failures_json"":""[]""},{""sample_id"":""-RfYyzHpjk4$_$2"",""video_id"":""-RfYyzHpjk4"",""episode_key"":""1:2"",""face_id"":1,""episode_id"":2,""start"":2.8666666666666667,""end"":5.5,""frame_count"":65,""selected_frame_count"":12,""valid_embedding_count"":12,""robust_retained_count"":10,""dispersion"":0.05757763981819153,""failures_json"":""[]""}]"
-RfYyzHpjk4$_$2,-RfYyzHpjk4,0.6,3,3,2,"[[""0:0"",""1:2""],[""1:1""]]","[{""cluster_id"":0,""episodes"":[""0:0"",""1:2""],""coverage_s"":4.499999999999984,""start"":0.0,""end"":5.5},{""cluster_id"":1,""episodes"":[""1:1""],""coverage_s"":0.033333333333333215,""start"":0.9333333333333333,""end"":0.9666666666666666}]","0:0,1:2|1:1",1,1,"[{""sample_id"":""-RfYyzHpjk4$_$2"",""video_id"":""-RfYyzHpjk4"",""episode_key"":""0:0"",""face_id"":0,""episode_id"":0,""start"":0.0,""end"":2.7666666666666666,""frame_count"":70,""selected_frame_count"":12,""valid_embedding_count"":12,""robust_retained_count"":10,""dispersion"":0.04760897159576416,""failures_json"":""[]""},{""sample_id"":""-RfYyzHpjk4$_$2"",""video_id"":""-RfYyzHpjk4"",""episode_key"":""1:1"",""face_id"":1,""episode_id"":1,""start"":0.9333333333333333,""end"":0.9666666666666666,""frame_count"":1,""selected_frame_count"":1,""valid_embedding_count"":1,""robust_retained_count"":1,""dispersion"":0.0,""failures_json"":""[]""},{""sample_id"":""-RfYyzHpjk4$_$2"",""video_id"":""-RfYyzHpjk4"",""episode_key"":""1:2"",""face_id"":1,""episode_id"":2,""start"":2.8666666666666667,""end"":5.5,""frame_count"":65,""selected_frame_count"":12,""valid_embedding_count"":12,""robust_retained_count"":10,""dispersion"":0.05757763981819153,""failures_json"":""[]""}]"
-RfYyzHpjk4$_$2,-RfYyzHpjk4,0.7,3,3,2,"[[""0:0"",""1:2""],[""1:1""]]","[{""cluster_id"":0,""episodes"":[""0:0"",""1:2""],""coverage_s"":4.499999999999984,""start"":0.0,""end"":5.5},{""cluster_id"":1,""episodes"":[""1:1""],""coverage_s"":0.033333333333333215,""start"":0.9333333333333333,""end"":0.9666666666666666}]","0:0,1:2|1:1",1,1,"[{""sample_id"":""-RfYyzHpjk4$_$2"",""video_id"":""-RfYyzHpjk4"",""episode_key"":""0:0"",""face_id"":0,""episode_id"":0,""start"":0.0,""end"":2.7666666666666666,""frame_count"":70,""selected_frame_count"":12,""valid_embedding_count"":12,""robust_retained_count"":10,""dispersion"":0.04760897159576416,""failures_json"":""[]""},{""sample_id"":""-RfYyzHpjk4$_$2"",""video_id"":""-RfYyzHpjk4"",""episode_key"":""1:1"",""face_id"":1,""episode_id"":1,""start"":0.9333333333333333,""end"":0.9666666666666666,""frame_count"":1,""selected_frame_count"":1,""valid_embedding_count"":1,""robust_retained_count"":1,""dispersion"":0.0,""failures_json"":""[]""},{""sample_id"":""-RfYyzHpjk4$_$2"",""video_id"":""-RfYyzHpjk4"",""episode_key"":""1:2"",""face_id"":1,""episode_id"":2,""start"":2.8666666666666667,""end"":5.5,""frame_count"":65,""selected_frame_count"":12,""valid_embedding_count"":12,""robust_retained_count"":10,""dispersion"":0.05757763981819153,""failures_json"":""[]""}]"
-RfYyzHpjk4$_$8,-RfYyzHpjk4,0.5,1,1,1,"[[""0:0""]]","[{""cluster_id"":0,""episodes"":[""0:0""],""coverage_s"":3.7999999999999865,""start"":0.0,""end"":4.566666666666666}]",0:0,1,0,"[{""sample_id"":""-RfYyzHpjk4$_$8"",""video_id"":""-RfYyzHpjk4"",""episode_key"":""0:0"",""face_id"":0,""episode_id"":0,""start"":0.0,""end"":4.566666666666666,""frame_count"":114,""selected_frame_count"":12,""valid_embedding_count"":12,""robust_retained_count"":10,""dispersion"":0.06221112608909607,""failures_json"":""[]""}]"
-RfYyzHpjk4$_$8,-RfYyzHpjk4,0.6,1,1,1,"[[""0:0""]]","[{""cluster_id"":0,""episodes"":[""0:0""],""coverage_s"":3.7999999999999865,""start"":0.0,""end"":4.566666666666666}]",0:0,1,0,"[{""sample_id"":""-RfYyzHpjk4$_$8"",""video_id"":""-RfYyzHpjk4"",""episode_key"":""0:0"",""face_id"":0,""episode_id"":0,""start"":0.0,""end"":4.566666666666666,""frame_count"":114,""selected_frame_count"":12,""valid_embedding_count"":12,""robust_retained_count"":10,""dispersion"":0.06221112608909607,""failures_json"":""[]""}]"
-RfYyzHpjk4$_$8,-RfYyzHpjk4,0.7,1,1,1,"[[""0:0""]]","[{""cluster_id"":0,""episodes"":[""0:0""],""coverage_s"":3.7999999999999865,""start"":0.0,""end"":4.566666666666666}]",0:0,1,0,"[{""sample_id"":""-RfYyzHpjk4$_$8"",""video_id"":""-RfYyzHpjk4"",""episode_key"":""0:0"",""face_id"":0,""episode_id"":0,""start"":0.0,""end"":4.566666666666666,""frame_count"":114,""selected_frame_count"":12,""valid_embedding_count"":12,""robust_retained_count"":10,""dispersion"":0.06221112608909607,""failures_json"":""[]""}]"
-THoVjtIkeU$_$12,-THoVjtIkeU,0.5,1,1,1,"[[""0:0""]]","[{""cluster_id"":0,""episodes"":[""0:0""],""coverage_s"":12.366666666666623,""start"":0.0,""end"":14.866666666666667}]",0:0,1,0,"[{""sample_id"":""-THoVjtIkeU$_$12"",""video_id"":""-THoVjtIkeU"",""episode_key"":""0:0"",""face_id"":0,""episode_id"":0,""start"":0.0,""end"":14.866666666666667,""frame_count"":371,""selected_frame_count"":12,""valid_embedding_count"":12,""robust_retained_count"":10,""dispersion"":0.10859367251396179,""failures_json"":""[]""}]"
-THoVjtIkeU$_$12,-THoVjtIkeU,0.6,1,1,1,"[[""0:0""]]","[{""cluster_id"":0,""episodes"":[""0:0""],""coverage_s"":12.366666666666623,""start"":0.0,""end"":14.866666666666667}]",0:0,1,0,"[{""sample_id"":""-THoVjtIkeU$_$12"",""video_id"":""-THoVjtIkeU"",""episode_key"":""0:0"",""face_id"":0,""episode_id"":0,""start"":0.0,""end"":14.866666666666667,""frame_count"":371,""selected_frame_count"":12,""valid_embedding_count"":12,""robust_retained_count"":10,""dispersion"":0.10859367251396179,""failures_json"":""[]""}]"
-THoVjtIkeU$_$12,-THoVjtIkeU,0.7,1,1,1,"[[""0:0""]]","[{""cluster_id"":0,""episodes"":[""0:0""],""coverage_s"":12.366666666666623,""start"":0.0,""end"":14.866666666666667}]",0:0,1,0,"[{""sample_id"":""-THoVjtIkeU$_$12"",""video_id"":""-THoVjtIkeU"",""episode_key"":""0:0"",""face_id"":0,""episode_id"":0,""start"":0.0,""end"":14.866666666666667,""frame_count"":371,""selected_frame_count"":12,""valid_embedding_count"":12,""robust_retained_count"":10,""dispersion"":0.10859367251396179,""failures_json"":""[]""}]"
-THoVjtIkeU$_$2,-THoVjtIkeU,0.5,1,1,1,"[[""0:0""]]","[{""cluster_id"":0,""episodes"":[""0:0""],""coverage_s"":3.566666666666654,""start"":0.0,""end"":4.266666666666667}]",0:0,1,0,"[{""sample_id"":""-THoVjtIkeU$_$2"",""video_id"":""-THoVjtIkeU"",""episode_key"":""0:0"",""face_id"":0,""episode_id"":0,""start"":0.0,""end"":4.266666666666667,""frame_count"":107,""selected_frame_count"":12,""valid_embedding_count"":12,""robust_retained_count"":10,""dispersion"":0.09347063302993774,""failures_json"":""[]""}]"
-THoVjtIkeU$_$2,-THoVjtIkeU,0.6,1,1,1,"[[""0:0""]]","[{""cluster_id"":0,""episodes"":[""0:0""],""coverage_s"":3.566666666666654,""start"":0.0,""end"":4.266666666666667}]",0:0,1,0,"[{""sample_id"":""-THoVjtIkeU$_$2"",""video_id"":""-THoVjtIkeU"",""episode_key"":""0:0"",""face_id"":0,""episode_id"":0,""start"":0.0,""end"":4.266666666666667,""frame_count"":107,""selected_frame_count"":12,""valid_embedding_count"":12,""robust_retained_count"":10,""dispersion"":0.09347063302993774,""failures_json"":""[]""}]"
-THoVjtIkeU$_$2,-THoVjtIkeU,0.7,1,1,1,"[[""0:0""]]","[{""cluster_id"":0,""episodes"":[""0:0""],""coverage_s"":3.566666666666654,""start"":0.0,""end"":4.266666666666667}]",0:0,1,0,"[{""sample_id"":""-THoVjtIkeU$_$2"",""video_id"":""-THoVjtIkeU"",""episode_key"":""0:0"",""face_id"":0,""episode_id"":0,""start"":0.0,""end"":4.266666666666667,""frame_count"":107,""selected_frame_count"":12,""valid_embedding_count"":12,""robust_retained_count"":10,""dispersion"":0.09347063302993774,""failures_json"":""[]""}]"
-THoVjtIkeU$_$6,-THoVjtIkeU,0.5,5,5,1,"[[""0:0"",""0:1"",""0:2"",""0:3"",""0:4""]]","[{""cluster_id"":0,""episodes"":[""0:0"",""0:1"",""0:2"",""0:3"",""0:4""],""coverage_s"":6.63333333333331,""start"":0.03333333333333333,""end"":8.066666666666666}]","0:0,0:1,0:2,0:3,0:4",0,0,"[{""sample_id"":""-THoVjtIkeU$_$6"",""video_id"":""-THoVjtIkeU"",""episode_key"":""0:0"",""face_id"":0,""episode_id"":0,""start"":0.03333333333333333,""end"":0.06666666666666654,""frame_count"":1,""selected_frame_count"":1,""valid_embedding_count"":1,""robust_retained_count"":1,""dispersion"":0.0,""failures_json"":""[]""},{""sample_id"":""-THoVjtIkeU$_$6"",""video_id"":""-THoVjtIkeU"",""episode_key"":""0:1"",""face_id"":0,""episode_id"":1,""start"":0.06666666666666667,""end"":0.09999999999999988,""frame_count"":1,""selected_frame_count"":1,""valid_embedding_count"":1,""robust_retained_count"":1,""dispersion"":0.0,""failures_json"":""[]""},{""sample_id"":""-THoVjtIkeU$_$6"",""video_id"":""-THoVjtIkeU"",""episode_key"":""0:2"",""face_id"":0,""episode_id"":2,""start"":0.1,""end"":0.13333333333333322,""frame_count"":1,""selected_frame_count"":1,""valid_embedding_count"":1,""robust_retained_count"":1,""dispersion"":0.0,""failures_json"":""[]""},{""sample_id"":""-THoVjtIkeU$_$6"",""video_id"":""-THoVjtIkeU"",""episode_key"":""0:3"",""face_id"":0,""episode_id"":3,""start"":0.2,""end"":0.26666666666666655,""frame_count"":2,""selected_frame_count"":2,""valid_embedding_count"":2,""robust_retained_count"":2,""dispersion"":0.0002785921096801758,""failures_json"":""[]""},{""sample_id"":""-THoVjtIkeU$_$6"",""video_id"":""-THoVjtIkeU"",""episode_key"":""0:4"",""face_id"":0,""episode_id"":4,""start"":0.26666666666666666,""end"":8.066666666666666,""frame_count"":194,""selected_frame_count"":12,""valid_embedding_count"":12,""robust_retained_count"":10,""dispersion"":0.11542409658432007,""failures_json"":""[]""}]"
-THoVjtIkeU$_$6,-THoVjtIkeU,0.6,5,5,1,"[[""0:0"",""0:1"",""0:2"",""0:3"",""0:4""]]","[{""cluster_id"":0,""episodes"":[""0:0"",""0:1"",""0:2"",""0:3"",""0:4""],""coverage_s"":6.63333333333331,""start"":0.03333333333333333,""end"":8.066666666666666}]","0:0,0:1,0:2,0:3,0:4",0,0,"[{""sample_id"":""-THoVjtIkeU$_$6"",""video_id"":""-THoVjtIkeU"",""episode_key"":""0:0"",""face_id"":0,""episode_id"":0,""start"":0.03333333333333333,""end"":0.06666666666666654,""frame_count"":1,""selected_frame_count"":1,""valid_embedding_count"":1,""robust_retained_count"":1,""dispersion"":0.0,""failures_json"":""[]""},{""sample_id"":""-THoVjtIkeU$_$6"",""video_id"":""-THoVjtIkeU"",""episode_key"":""0:1"",""face_id"":0,""episode_id"":1,""start"":0.06666666666666667,""end"":0.09999999999999988,""frame_count"":1,""selected_frame_count"":1,""valid_embedding_count"":1,""robust_retained_count"":1,""dispersion"":0.0,""failures_json"":""[]""},{""sample_id"":""-THoVjtIkeU$_$6"",""video_id"":""-THoVjtIkeU"",""episode_key"":""0:2"",""face_id"":0,""episode_id"":2,""start"":0.1,""end"":0.13333333333333322,""frame_count"":1,""selected_frame_count"":1,""valid_embedding_count"":1,""robust_retained_count"":1,""dispersion"":0.0,""failures_json"":""[]""},{""sample_id"":""-THoVjtIkeU$_$6"",""video_id"":""-THoVjtIkeU"",""episode_key"":""0:3"",""face_id"":0,""episode_id"":3,""start"":0.2,""end"":0.26666666666666655,""frame_count"":2,""selected_frame_count"":2,""valid_embedding_count"":2,""robust_retained_count"":2,""dispersion"":0.0002785921096801758,""failures_json"":""[]""},{""sample_id"":""-THoVjtIkeU$_$6"",""video_id"":""-THoVjtIkeU"",""episode_key"":""0:4"",""face_id"":0,""episode_id"":4,""start"":0.26666666666666666,""end"":8.066666666666666,""frame_count"":194,""selected_frame_count"":12,""valid_embedding_count"":12,""robust_retained_count"":10,""dispersion"":0.11542409658432007,""failures_json"":""[]""}]"
-THoVjtIkeU$_$6,-THoVjtIkeU,0.7,5,5,2,"[[""0:0"",""0:1"",""0:3"",""0:4""],[""0:2""]]","[{""cluster_id"":0,""episodes"":[""0:0"",""0:1"",""0:3"",""0:4""],""coverage_s"":6.5999999999999766,""start"":0.03333333333333333,""end"":8.066666666666666},{""cluster_id"":1,""episodes"":[""0:2""],""coverage_s"":0.033333333333333215,""start"":0.1,""end"":0.13333333333333322}]","0:0,0:1,0:3,0:4|0:2",0,0,"[{""sample_id"":""-THoVjtIkeU$_$6"",""video_id"":""-THoVjtIkeU"",""episode_key"":""0:0"",""face_id"":0,""episode_id"":0,""start"":0.03333333333333333,""end"":0.06666666666666654,""frame_count"":1,""selected_frame_count"":1,""valid_embedding_count"":1,""robust_retained_count"":1,""dispersion"":0.0,""failures_json"":""[]""},{""sample_id"":""-THoVjtIkeU$_$6"",""video_id"":""-THoVjtIkeU"",""episode_key"":""0:1"",""face_id"":0,""episode_id"":1,""start"":0.06666666666666667,""end"":0.09999999999999988,""frame_count"":1,""selected_frame_count"":1,""valid_embedding_count"":1,""robust_retained_count"":1,""dispersion"":0.0,""failures_json"":""[]""},{""sample_id"":""-THoVjtIkeU$_$6"",""video_id"":""-THoVjtIkeU"",""episode_key"":""0:2"",""face_id"":0,""episode_id"":2,""start"":0.1,""end"":0.13333333333333322,""frame_count"":1,""selected_frame_count"":1,""valid_embedding_count"":1,""robust_retained_count"":1,""dispersion"":0.0,""failures_json"":""[]""},{""sample_id"":""-THoVjtIkeU$_$6"",""video_id"":""-THoVjtIkeU"",""episode_key"":""0:3"",""face_id"":0,""episode_id"":3,""start"":0.2,""end"":0.26666666666666655,""frame_count"":2,""selected_frame_count"":2,""valid_embedding_count"":2,""robust_retained_count"":2,""dispersion"":0.0002785921096801758,""failures_json"":""[]""},{""sample_id"":""-THoVjtIkeU$_$6"",""video_id"":""-THoVjtIkeU"",""episode_key"":""0:4"",""face_id"":0,""episode_id"":4,""start"":0.26666666666666666,""end"":8.066666666666666,""frame_count"":194,""selected_frame_count"":12,""valid_embedding_count"":12,""robust_retained_count"":10,""dispersion"":0.11542409658432007,""failures_json"":""[]""}]"
-UUCSKoHeMA$_$0,-UUCSKoHeMA,0.5,1,1,1,"[[""0:0""]]","[{""cluster_id"":0,""episodes"":[""0:0""],""coverage_s"":6.233333333333312,""start"":0.3,""end"":7.866666666666666}]",0:0,1,0,"[{""sample_id"":""-UUCSKoHeMA$_$0"",""video_id"":""-UUCSKoHeMA"",""episode_key"":""0:0"",""face_id"":0,""episode_id"":0,""start"":0.3,""end"":7.866666666666666,""frame_count"":187,""selected_frame_count"":12,""valid_embedding_count"":12,""robust_retained_count"":10,""dispersion"":0.09307819604873657,""failures_json"":""[]""}]"
-UUCSKoHeMA$_$0,-UUCSKoHeMA,0.6,1,1,1,"[[""0:0""]]","[{""cluster_id"":0,""episodes"":[""0:0""],""coverage_s"":6.233333333333312,""start"":0.3,""end"":7.866666666666666}]",0:0,1,0,"[{""sample_id"":""-UUCSKoHeMA$_$0"",""video_id"":""-UUCSKoHeMA"",""episode_key"":""0:0"",""face_id"":0,""episode_id"":0,""start"":0.3,""end"":7.866666666666666,""frame_count"":187,""selected_frame_count"":12,""valid_embedding_count"":12,""robust_retained_count"":10,""dispersion"":0.09307819604873657,""failures_json"":""[]""}]"
-UUCSKoHeMA$_$0,-UUCSKoHeMA,0.7,1,1,1,"[[""0:0""]]","[{""cluster_id"":0,""episodes"":[""0:0""],""coverage_s"":6.233333333333312,""start"":0.3,""end"":7.866666666666666}]",0:0,1,0,"[{""sample_id"":""-UUCSKoHeMA$_$0"",""video_id"":""-UUCSKoHeMA"",""episode_key"":""0:0"",""face_id"":0,""episode_id"":0,""start"":0.3,""end"":7.866666666666666,""frame_count"":187,""selected_frame_count"":12,""valid_embedding_count"":12,""robust_retained_count"":10,""dispersion"":0.09307819604873657,""failures_json"":""[]""}]"
-UacrmKiTn4$_$10,-UacrmKiTn4,0.5,1,1,1,"[[""0:0""]]","[{""cluster_id"":0,""episodes"":[""0:0""],""coverage_s"":6.066666666666646,""start"":0.0,""end"":7.333333333333333}]",0:0,1,0,"[{""sample_id"":""-UacrmKiTn4$_$10"",""video_id"":""-UacrmKiTn4"",""episode_key"":""0:0"",""face_id"":0,""episode_id"":0,""start"":0.0,""end"":7.333333333333333,""frame_count"":182,""selected_frame_count"":12,""valid_embedding_count"":12,""robust_retained_count"":10,""dispersion"":0.10115012526512146,""failures_json"":""[]""}]"
-UacrmKiTn4$_$10,-UacrmKiTn4,0.6,1,1,1,"[[""0:0""]]","[{""cluster_id"":0,""episodes"":[""0:0""],""coverage_s"":6.066666666666646,""start"":0.0,""end"":7.333333333333333}]",0:0,1,0,"[{""sample_id"":""-UacrmKiTn4$_$10"",""video_id"":""-UacrmKiTn4"",""episode_key"":""0:0"",""face_id"":0,""episode_id"":0,""start"":0.0,""end"":7.333333333333333,""frame_count"":182,""selected_frame_count"":12,""valid_embedding_count"":12,""robust_retained_count"":10,""dispersion"":0.10115012526512146,""failures_json"":""[]""}]"
-UacrmKiTn4$_$10,-UacrmKiTn4,0.7,1,1,1,"[[""0:0""]]","[{""cluster_id"":0,""episodes"":[""0:0""],""coverage_s"":6.066666666666646,""start"":0.0,""end"":7.333333333333333}]",0:0,1,0,"[{""sample_id"":""-UacrmKiTn4$_$10"",""video_id"":""-UacrmKiTn4"",""episode_key"":""0:0"",""face_id"":0,""episode_id"":0,""start"":0.0,""end"":7.333333333333333,""frame_count"":182,""selected_frame_count"":12,""valid_embedding_count"":12,""robust_retained_count"":10,""dispersion"":0.10115012526512146,""failures_json"":""[]""}]"
-UacrmKiTn4$_$4,-UacrmKiTn4,0.5,1,1,1,"[[""0:0""]]","[{""cluster_id"":0,""episodes"":[""0:0""],""coverage_s"":3.9666666666666517,""start"":0.0,""end"":4.733333333333333}]",0:0,1,0,"[{""sample_id"":""-UacrmKiTn4$_$4"",""video_id"":""-UacrmKiTn4"",""episode_key"":""0:0"",""face_id"":0,""episode_id"":0,""start"":0.0,""end"":4.733333333333333,""frame_count"":119,""selected_frame_count"":12,""valid_embedding_count"":12,""robust_retained_count"":10,""dispersion"":0.07587748765945435,""failures_json"":""[]""}]"
-UacrmKiTn4$_$4,-UacrmKiTn4,0.6,1,1,1,"[[""0:0""]]","[{""cluster_id"":0,""episodes"":[""0:0""],""coverage_s"":3.9666666666666517,""start"":0.0,""end"":4.733333333333333}]",0:0,1,0,"[{""sample_id"":""-UacrmKiTn4$_$4"",""video_id"":""-UacrmKiTn4"",""episode_key"":""0:0"",""face_id"":0,""episode_id"":0,""start"":0.0,""end"":4.733333333333333,""frame_count"":119,""selected_frame_count"":12,""valid_embedding_count"":12,""robust_retained_count"":10,""dispersion"":0.07587748765945435,""failures_json"":""[]""}]"
-UacrmKiTn4$_$4,-UacrmKiTn4,0.7,1,1,1,"[[""0:0""]]","[{""cluster_id"":0,""episodes"":[""0:0""],""coverage_s"":3.9666666666666517,""start"":0.0,""end"":4.733333333333333}]",0:0,1,0,"[{""sample_id"":""-UacrmKiTn4$_$4"",""video_id"":""-UacrmKiTn4"",""episode_key"":""0:0"",""face_id"":0,""episode_id"":0,""start"":0.0,""end"":4.733333333333333,""frame_count"":119,""selected_frame_count"":12,""valid_embedding_count"":12,""robust_retained_count"":10,""dispersion"":0.07587748765945435,""failures_json"":""[]""}]"
-UuX1xuaiiE$_$0,-UuX1xuaiiE,0.5,5,5,5,"[[""0:0""],[""0:1""],[""1:2""],[""2:3""],[""3:4""]]","[{""cluster_id"":0,""episodes"":[""0:0""],""coverage_s"":1.4999999999999984,""start"":0.0,""end"":1.7666666666666666},{""cluster_id"":1,""episodes"":[""0:1""],""coverage_s"":1.1999999999999953,""start"":2.2333333333333334,""end"":3.6999999999999997},{""cluster_id"":2,""episodes"":[""1:2""],""coverage_s"":1.466666666666661,""start"":1.9,""end"":3.6999999999999997},{""cluster_id"":3,""episodes"":[""2:3""],""coverage_s"":1.466666666666661,""start"":1.9,""end"":3.6999999999999997},{""cluster_id"":4,""episodes"":[""3:4""],""coverage_s"":1.466666666666661,""start"":1.9,""end"":3.6999999999999997}]",0:0|0:1|1:2|2:3|3:4,1,1,"[{""sample_id"":""-UuX1xuaiiE$_$0"",""video_id"":""-UuX1xuaiiE"",""episode_key"":""0:0"",""face_id"":0,""episode_id"":0,""start"":0.0,""end"":1.7666666666666666,""frame_count"":45,""selected_frame_count"":12,""valid_embedding_count"":12,""robust_retained_count"":10,""dispersion"":0.017843246459960938,""failures_json"":""[]""},{""sample_id"":""-UuX1xuaiiE$_$0"",""video_id"":""-UuX1xuaiiE"",""episode_key"":""0:1"",""face_id"":0,""episode_id"":1,""start"":2.2333333333333334,""end"":3.6999999999999997,""frame_count"":36,""selected_frame_count"":12,""valid_embedding_count"":12,""robust_retained_count"":10,""dispersion"":0.013767272233963013,""failures_json"":""[]""},{""sample_id"":""-UuX1xuaiiE$_$0"",""video_id"":""-UuX1xuaiiE"",""episode_key"":""1:2"",""face_id"":1,""episode_id"":2,""start"":1.9,""end"":3.6999999999999997,""frame_count"":44,""selected_frame_count"":12,""valid_embedding_count"":12,""robust_retained_count"":10,""dispersion"":0.015823543071746826,""failures_json"":""[]""},{""sample_id"":""-UuX1xuaiiE$_$0"",""video_id"":""-UuX1xuaiiE"",""episode_key"":""2:3"",""face_id"":2,""episode_id"":3,""start"":1.9,""end"":3.6999999999999997,""frame_count"":44,""selected_frame_count"":12,""valid_embedding_count"":12,""robust_retained_count"":10,""dispersion"":0.00980791449546814,""failures_json"":""[]""},{""sample_id"":""-UuX1xuaiiE$_$0"",""video_id"":""-UuX1xuaiiE"",""episode_key"":""3:4"",""face_id"":3,""episode_id"":4,""start"":1.9,""end"":3.6999999999999997,""frame_count"":44,""selected_frame_count"":12,""valid_embedding_count"":12,""robust_retained_count"":10,""dispersion"":0.014667510986328125,""failures_json"":""[]""}]"
-UuX1xuaiiE$_$0,-UuX1xuaiiE,0.6,5,5,5,"[[""0:0""],[""0:1""],[""1:2""],[""2:3""],[""3:4""]]","[{""cluster_id"":0,""episodes"":[""0:0""],""coverage_s"":1.4999999999999984,""start"":0.0,""end"":1.7666666666666666},{""cluster_id"":1,""episodes"":[""0:1""],""coverage_s"":1.1999999999999953,""start"":2.2333333333333334,""end"":3.6999999999999997},{""cluster_id"":2,""episodes"":[""1:2""],""coverage_s"":1.466666666666661,""start"":1.9,""end"":3.6999999999999997},{""cluster_id"":3,""episodes"":[""2:3""],""coverage_s"":1.466666666666661,""start"":1.9,""end"":3.6999999999999997},{""cluster_id"":4,""episodes"":[""3:4""],""coverage_s"":1.466666666666661,""start"":1.9,""end"":3.6999999999999997}]",0:0|0:1|1:2|2:3|3:4,1,1,"[{""sample_id"":""-UuX1xuaiiE$_$0"",""video_id"":""-UuX1xuaiiE"",""episode_key"":""0:0"",""face_id"":0,""episode_id"":0,""start"":0.0,""end"":1.7666666666666666,""frame_count"":45,""selected_frame_count"":12,""valid_embedding_count"":12,""robust_retained_count"":10,""dispersion"":0.017843246459960938,""failures_json"":""[]""},{""sample_id"":""-UuX1xuaiiE$_$0"",""video_id"":""-UuX1xuaiiE"",""episode_key"":""0:1"",""face_id"":0,""episode_id"":1,""start"":2.2333333333333334,""end"":3.6999999999999997,""frame_count"":36,""selected_frame_count"":12,""valid_embedding_count"":12,""robust_retained_count"":10,""dispersion"":0.013767272233963013,""failures_json"":""[]""},{""sample_id"":""-UuX1xuaiiE$_$0"",""video_id"":""-UuX1xuaiiE"",""episode_key"":""1:2"",""face_id"":1,""episode_id"":2,""start"":1.9,""end"":3.6999999999999997,""frame_count"":44,""selected_frame_count"":12,""valid_embedding_count"":12,""robust_retained_count"":10,""dispersion"":0.015823543071746826,""failures_json"":""[]""},{""sample_id"":""-UuX1xuaiiE$_$0"",""video_id"":""-UuX1xuaiiE"",""episode_key"":""2:3"",""face_id"":2,""episode_id"":3,""start"":1.9,""end"":3.6999999999999997,""frame_count"":44,""selected_frame_count"":12,""valid_embedding_count"":12,""robust_retained_count"":10,""dispersion"":0.00980791449546814,""failures_json"":""[]""},{""sample_id"":""-UuX1xuaiiE$_$0"",""video_id"":""-UuX1xuaiiE"",""episode_key"":""3:4"",""face_id"":3,""episode_id"":4,""start"":1.9,""end"":3.6999999999999997,""frame_count"":44,""selected_frame_count"":12,""valid_embedding_count"":12,""robust_retained_count"":10,""dispersion"":0.014667510986328125,""failures_json"":""[]""}]"
-UuX1xuaiiE$_$0,-UuX1xuaiiE,0.7,5,5,5,"[[""0:0""],[""0:1""],[""1:2""],[""2:3""],[""3:4""]]","[{""cluster_id"":0,""episodes"":[""0:0""],""coverage_s"":1.4999999999999984,""start"":0.0,""end"":1.7666666666666666},{""cluster_id"":1,""episodes"":[""0:1""],""coverage_s"":1.1999999999999953,""start"":2.2333333333333334,""end"":3.6999999999999997},{""cluster_id"":2,""episodes"":[""1:2""],""coverage_s"":1.466666666666661,""start"":1.9,""end"":3.6999999999999997},{""cluster_id"":3,""episodes"":[""2:3""],""coverage_s"":1.466666666666661,""start"":1.9,""end"":3.6999999999999997},{""cluster_id"":4,""episodes"":[""3:4""],""coverage_s"":1.466666666666661,""start"":1.9,""end"":3.6999999999999997}]",0:0|0:1|1:2|2:3|3:4,1,1,"[{""sample_id"":""-UuX1xuaiiE$_$0"",""video_id"":""-UuX1xuaiiE"",""episode_key"":""0:0"",""face_id"":0,""episode_id"":0,""start"":0.0,""end"":1.7666666666666666,""frame_count"":45,""selected_frame_count"":12,""valid_embedding_count"":12,""robust_retained_count"":10,""dispersion"":0.017843246459960938,""failures_json"":""[]""},{""sample_id"":""-UuX1xuaiiE$_$0"",""video_id"":""-UuX1xuaiiE"",""episode_key"":""0:1"",""face_id"":0,""episode_id"":1,""start"":2.2333333333333334,""end"":3.6999999999999997,""frame_count"":36,""selected_frame_count"":12,""valid_embedding_count"":12,""robust_retained_count"":10,""dispersion"":0.013767272233963013,""failures_json"":""[]""},{""sample_id"":""-UuX1xuaiiE$_$0"",""video_id"":""-UuX1xuaiiE"",""episode_key"":""1:2"",""face_id"":1,""episode_id"":2,""start"":1.9,""end"":3.6999999999999997,""frame_count"":44,""selected_frame_count"":12,""valid_embedding_count"":12,""robust_retained_count"":10,""dispersion"":0.015823543071746826,""failures_json"":""[]""},{""sample_id"":""-UuX1xuaiiE$_$0"",""video_id"":""-UuX1xuaiiE"",""episode_key"":""2:3"",""face_id"":2,""episode_id"":3,""start"":1.9,""end"":3.6999999999999997,""frame_count"":44,""selected_frame_count"":12,""valid_embedding_count"":12,""robust_retained_count"":10,""dispersion"":0.00980791449546814,""failures_json"":""[]""},{""sample_id"":""-UuX1xuaiiE$_$0"",""video_id"":""-UuX1xuaiiE"",""episode_key"":""3:4"",""face_id"":3,""episode_id"":4,""start"":1.9,""end"":3.6999999999999997,""frame_count"":44,""selected_frame_count"":12,""valid_embedding_count"":12,""robust_retained_count"":10,""dispersion"":0.014667510986328125,""failures_json"":""[]""}]"
-UuX1xuaiiE$_$1,-UuX1xuaiiE,0.5,9,9,9,"[[""0:0""],[""0:1""],[""0:2""],[""1:3""],[""1:4""],[""2:5""],[""2:6""],[""3:7""],[""3:8""]]","[{""cluster_id"":0,""episodes"":[""0:0""],""coverage_s"":3.4999999999999876,""start"":0.0,""end"":4.166666666666666},{""cluster_id"":1,""episodes"":[""0:1""],""coverage_s"":4.466666666666651,""start"":4.466666666666667,""end"":9.833333333333334},{""cluster_id"":2,""episodes"":[""0:2""],""coverage_s"":0.06666666666666643,""start"":10.233333333333333,""end"":10.333333333333334},{""cluster_id"":3,""episodes"":[""1:3""],""coverage_s"":3.6333333333333204,""start"":0.0,""end"":4.366666666666666},{""cluster_id"":4,""episodes"":[""1:4""],""coverage_s"":4.166666666666652,""start"":4.833333333333333,""end"":9.833333333333334},{""cluster_id"":5,""episodes"":[""2:5""],""coverage_s"":3.4999999999999876,""start"":0.0,""end"":4.166666666666666},{""cluster_id"":6,""episodes"":[""2:6""],""coverage_s"":4.466666666666651,""start"":4.466666666666667,""end"":9.833333333333334},{""cluster_id"":7,""episodes"":[""3:7""],""coverage_s"":3.4999999999999876,""start"":0.0,""end"":4.166666666666666},{""cluster_id"":8,""episodes"":[""3:8""],""coverage_s"":4.466666666666651,""start"":4.466666666666667,""end"":9.833333333333334}]",0:0|0:1|0:2|1:3|1:4|2:5|2:6|3:7|3:8,1,1,"[{""sample_id"":""-UuX1xuaiiE$_$1"",""video_id"":""-UuX1xuaiiE"",""episode_key"":""0:0"",""face_id"":0,""episode_id"":0,""start"":0.0,""end"":4.166666666666666,""frame_count"":105,""selected_frame_count"":12,""valid_embedding_count"":12,""robust_retained_count"":10,""dispersion"":0.024044454097747803,""failures_json"":""[]""},{""sample_id"":""-UuX1xuaiiE$_$1"",""video_id"":""-UuX1xuaiiE"",""episode_key"":""0:1"",""face_id"":0,""episode_id"":1,""start"":4.466666666666667,""end"":9.833333333333334,""frame_count"":134,""selected_frame_count"":12,""valid_embedding_count"":12,""robust_retained_count"":10,""dispersion"":0.018525391817092896,""failures_json"":""[]""},{""sample_id"":""-UuX1xuaiiE$_$1"",""video_id"":""-UuX1xuaiiE"",""episode_key"":""0:2"",""face_id"":0,""episode_id"":2,""start"":10.233333333333333,""end"":10.333333333333334,""frame_count"":2,""selected_frame_count"":2,""valid_embedding_count"":2,""robust_retained_count"":2,""dispersion"":0.0028244853019714355,""failures_json"":""[]""},{""sample_id"":""-UuX1xuaiiE$_$1"",""video_id"":""-UuX1xuaiiE"",""episode_key"":""1:3"",""face_id"":1,""episode_id"":3,""start"":0.0,""end"":4.366666666666666,""frame_count"":109,""selected_frame_count"":12,""valid_embedding_count"":12,""robust_retained_count"":10,""dispersion"":0.01950860023498535,""failures_json"":""[]""},{""sample_id"":""-UuX1xuaiiE$_$1"",""video_id"":""-UuX1xuaiiE"",""episode_key"":""1:4"",""face_id"":1,""episode_id"":4,""start"":4.833333333333333,""end"":9.833333333333334,""frame_count"":125,""selected_frame_count"":12,""valid_embedding_count"":12,""robust_retained_count"":10,""dispersion"":0.036514461040496826,""failures_json"":""[]""},{""sample_id"":""-UuX1xuaiiE$_$1"",""video_id"":""-UuX1xuaiiE"",""episode_key"":""2:5"",""face_id"":2,""episode_id"":5,""start"":0.0,""end"":4.166666666666666,""frame_count"":105,""selected_frame_count"":12,""valid_embedding_count"":12,""robust_retained_count"":10,""dispersion"":0.014998912811279297,""failures_json"":""[]""},{""sample_id"":""-UuX1xuaiiE$_$1"",""video_id"":""-UuX1xuaiiE"",""episode_key"":""2:6"",""face_id"":2,""episode_id"":6,""start"":4.466666666666667,""end"":9.833333333333334,""frame_count"":134,""selected_frame_count"":12,""valid_embedding_count"":12,""robust_retained_count"":10,""dispersion"":0.03037390112876892,""failures_json"":""[]""},{""sample_id"":""-UuX1xuaiiE$_$1"",""video_id"":""-UuX1xuaiiE"",""episode_key"":""3:7"",""face_id"":3,""episode_id"":7,""start"":0.0,""end"":4.166666666666666,""frame_count"":105,""selected_frame_count"":12,""valid_embedding_count"":12,""robust_retained_count"":10,""dispersion"":0.021860599517822266,""failures_json"":""[]""},{""sample_id"":""-UuX1xuaiiE$_$1"",""video_id"":""-UuX1xuaiiE"",""episode_key"":""3:8"",""face_id"":3,""episode_id"":8,""start"":4.466666666666667,""end"":9.833333333333334,""frame_count"":134,""selected_frame_count"":12,""valid_embedding_count"":12,""robust_retained_count"":10,""dispersion"":0.03403475880622864,""failures_json"":""[]""}]"
-UuX1xuaiiE$_$1,-UuX1xuaiiE,0.6,9,9,9,"[[""0:0""],[""0:1""],[""0:2""],[""1:3""],[""1:4""],[""2:5""],[""2:6""],[""3:7""],[""3:8""]]","[{""cluster_id"":0,""episodes"":[""0:0""],""coverage_s"":3.4999999999999876,""start"":0.0,""end"":4.166666666666666},{""cluster_id"":1,""episodes"":[""0:1""],""coverage_s"":4.466666666666651,""start"":4.466666666666667,""end"":9.833333333333334},{""cluster_id"":2,""episodes"":[""0:2""],""coverage_s"":0.06666666666666643,""start"":10.233333333333333,""end"":10.333333333333334},{""cluster_id"":3,""episodes"":[""1:3""],""coverage_s"":3.6333333333333204,""start"":0.0,""end"":4.366666666666666},{""cluster_id"":4,""episodes"":[""1:4""],""coverage_s"":4.166666666666652,""start"":4.833333333333333,""end"":9.833333333333334},{""cluster_id"":5,""episodes"":[""2:5""],""coverage_s"":3.4999999999999876,""start"":0.0,""end"":4.166666666666666},{""cluster_id"":6,""episodes"":[""2:6""],""coverage_s"":4.466666666666651,""start"":4.466666666666667,""end"":9.833333333333334},{""cluster_id"":7,""episodes"":[""3:7""],""coverage_s"":3.4999999999999876,""start"":0.0,""end"":4.166666666666666},{""cluster_id"":8,""episodes"":[""3:8""],""coverage_s"":4.466666666666651,""start"":4.466666666666667,""end"":9.833333333333334}]",0:0|0:1|0:2|1:3|1:4|2:5|2:6|3:7|3:8,1,1,"[{""sample_id"":""-UuX1xuaiiE$_$1"",""video_id"":""-UuX1xuaiiE"",""episode_key"":""0:0"",""face_id"":0,""episode_id"":0,""start"":0.0,""end"":4.166666666666666,""frame_count"":105,""selected_frame_count"":12,""valid_embedding_count"":12,""robust_retained_count"":10,""dispersion"":0.024044454097747803,""failures_json"":""[]""},{""sample_id"":""-UuX1xuaiiE$_$1"",""video_id"":""-UuX1xuaiiE"",""episode_key"":""0:1"",""face_id"":0,""episode_id"":1,""start"":4.466666666666667,""end"":9.833333333333334,""frame_count"":134,""selected_frame_count"":12,""valid_embedding_count"":12,""robust_retained_count"":10,""dispersion"":0.018525391817092896,""failures_json"":""[]""},{""sample_id"":""-UuX1xuaiiE$_$1"",""video_id"":""-UuX1xuaiiE"",""episode_key"":""0:2"",""face_id"":0,""episode_id"":2,""start"":10.233333333333333,""end"":10.333333333333334,""frame_count"":2,""selected_frame_count"":2,""valid_embedding_count"":2,""robust_retained_count"":2,""dispersion"":0.0028244853019714355,""failures_json"":""[]""},{""sample_id"":""-UuX1xuaiiE$_$1"",""video_id"":""-UuX1xuaiiE"",""episode_key"":""1:3"",""face_id"":1,""episode_id"":3,""start"":0.0,""end"":4.366666666666666,""frame_count"":109,""selected_frame_count"":12,""valid_embedding_count"":12,""robust_retained_count"":10,""dispersion"":0.01950860023498535,""failures_json"":""[]""},{""sample_id"":""-UuX1xuaiiE$_$1"",""video_id"":""-UuX1xuaiiE"",""episode_key"":""1:4"",""face_id"":1,""episode_id"":4,""start"":4.833333333333333,""end"":9.833333333333334,""frame_count"":125,""selected_frame_count"":12,""valid_embedding_count"":12,""robust_retained_count"":10,""dispersion"":0.036514461040496826,""failures_json"":""[]""},{""sample_id"":""-UuX1xuaiiE$_$1"",""video_id"":""-UuX1xuaiiE"",""episode_key"":""2:5"",""face_id"":2,""episode_id"":5,""start"":0.0,""end"":4.166666666666666,""frame_count"":105,""selected_frame_count"":12,""valid_embedding_count"":12,""robust_retained_count"":10,""dispersion"":0.014998912811279297,""failures_json"":""[]""},{""sample_id"":""-UuX1xuaiiE$_$1"",""video_id"":""-UuX1xuaiiE"",""episode_key"":""2:6"",""face_id"":2,""episode_id"":6,""start"":4.466666666666667,""end"":9.833333333333334,""frame_count"":134,""selected_frame_count"":12,""valid_embedding_count"":12,""robust_retained_count"":10,""dispersion"":0.03037390112876892,""failures_json"":""[]""},{""sample_id"":""-UuX1xuaiiE$_$1"",""video_id"":""-UuX1xuaiiE"",""episode_key"":""3:7"",""face_id"":3,""episode_id"":7,""start"":0.0,""end"":4.166666666666666,""frame_count"":105,""selected_frame_count"":12,""valid_embedding_count"":12,""robust_retained_count"":10,""dispersion"":0.021860599517822266,""failures_json"":""[]""},{""sample_id"":""-UuX1xuaiiE$_$1"",""video_id"":""-UuX1xuaiiE"",""episode_key"":""3:8"",""face_id"":3,""episode_id"":8,""start"":4.466666666666667,""end"":9.833333333333334,""frame_count"":134,""selected_frame_count"":12,""valid_embedding_count"":12,""robust_retained_count"":10,""dispersion"":0.03403475880622864,""failures_json"":""[]""}]"
-UuX1xuaiiE$_$1,-UuX1xuaiiE,0.7,9,9,9,"[[""0:0""],[""0:1""],[""0:2""],[""1:3""],[""1:4""],[""2:5""],[""2:6""],[""3:7""],[""3:8""]]","[{""cluster_id"":0,""episodes"":[""0:0""],""coverage_s"":3.4999999999999876,""start"":0.0,""end"":4.166666666666666},{""cluster_id"":1,""episodes"":[""0:1""],""coverage_s"":4.466666666666651,""start"":4.466666666666667,""end"":9.833333333333334},{""cluster_id"":2,""episodes"":[""0:2""],""coverage_s"":0.06666666666666643,""start"":10.233333333333333,""end"":10.333333333333334},{""cluster_id"":3,""episodes"":[""1:3""],""coverage_s"":3.6333333333333204,""start"":0.0,""end"":4.366666666666666},{""cluster_id"":4,""episodes"":[""1:4""],""coverage_s"":4.166666666666652,""start"":4.833333333333333,""end"":9.833333333333334},{""cluster_id"":5,""episodes"":[""2:5""],""coverage_s"":3.4999999999999876,""start"":0.0,""end"":4.166666666666666},{""cluster_id"":6,""episodes"":[""2:6""],""coverage_s"":4.466666666666651,""start"":4.466666666666667,""end"":9.833333333333334},{""cluster_id"":7,""episodes"":[""3:7""],""coverage_s"":3.4999999999999876,""start"":0.0,""end"":4.166666666666666},{""cluster_id"":8,""episodes"":[""3:8""],""coverage_s"":4.466666666666651,""start"":4.466666666666667,""end"":9.833333333333334}]",0:0|0:1|0:2|1:3|1:4|2:5|2:6|3:7|3:8,1,1,"[{""sample_id"":""-UuX1xuaiiE$_$1"",""video_id"":""-UuX1xuaiiE"",""episode_key"":""0:0"",""face_id"":0,""episode_id"":0,""start"":0.0,""end"":4.166666666666666,""frame_count"":105,""selected_frame_count"":12,""valid_embedding_count"":12,""robust_retained_count"":10,""dispersion"":0.024044454097747803,""failures_json"":""[]""},{""sample_id"":""-UuX1xuaiiE$_$1"",""video_id"":""-UuX1xuaiiE"",""episode_key"":""0:1"",""face_id"":0,""episode_id"":1,""start"":4.466666666666667,""end"":9.833333333333334,""frame_count"":134,""selected_frame_count"":12,""valid_embedding_count"":12,""robust_retained_count"":10,""dispersion"":0.018525391817092896,""failures_json"":""[]""},{""sample_id"":""-UuX1xuaiiE$_$1"",""video_id"":""-UuX1xuaiiE"",""episode_key"":""0:2"",""face_id"":0,""episode_id"":2,""start"":10.233333333333333,""end"":10.333333333333334,""frame_count"":2,""selected_frame_count"":2,""valid_embedding_count"":2,""robust_retained_count"":2,""dispersion"":0.0028244853019714355,""failures_json"":""[]""},{""sample_id"":""-UuX1xuaiiE$_$1"",""video_id"":""-UuX1xuaiiE"",""episode_key"":""1:3"",""face_id"":1,""episode_id"":3,""start"":0.0,""end"":4.366666666666666,""frame_count"":109,""selected_frame_count"":12,""valid_embedding_count"":12,""robust_retained_count"":10,""dispersion"":0.01950860023498535,""failures_json"":""[]""},{""sample_id"":""-UuX1xuaiiE$_$1"",""video_id"":""-UuX1xuaiiE"",""episode_key"":""1:4"",""face_id"":1,""episode_id"":4,""start"":4.833333333333333,""end"":9.833333333333334,""frame_count"":125,""selected_frame_count"":12,""valid_embedding_count"":12,""robust_retained_count"":10,""dispersion"":0.036514461040496826,""failures_json"":""[]""},{""sample_id"":""-UuX1xuaiiE$_$1"",""video_id"":""-UuX1xuaiiE"",""episode_key"":""2:5"",""face_id"":2,""episode_id"":5,""start"":0.0,""end"":4.166666666666666,""frame_count"":105,""selected_frame_count"":12,""valid_embedding_count"":12,""robust_retained_count"":10,""dispersion"":0.014998912811279297,""failures_json"":""[]""},{""sample_id"":""-UuX1xuaiiE$_$1"",""video_id"":""-UuX1xuaiiE"",""episode_key"":""2:6"",""face_id"":2,""episode_id"":6,""start"":4.466666666666667,""end"":9.833333333333334,""frame_count"":134,""selected_frame_count"":12,""valid_embedding_count"":12,""robust_retained_count"":10,""dispersion"":0.03037390112876892,""failures_json"":""[]""},{""sample_id"":""-UuX1xuaiiE$_$1"",""video_id"":""-UuX1xuaiiE"",""episode_key"":""3:7"",""face_id"":3,""episode_id"":7,""start"":0.0,""end"":4.166666666666666,""frame_count"":105,""selected_frame_count"":12,""valid_embedding_count"":12,""robust_retained_count"":10,""dispersion"":0.021860599517822266,""failures_json"":""[]""},{""sample_id"":""-UuX1xuaiiE$_$1"",""video_id"":""-UuX1xuaiiE"",""episode_key"":""3:8"",""face_id"":3,""episode_id"":8,""start"":4.466666666666667,""end"":9.833333333333334,""frame_count"":134,""selected_frame_count"":12,""valid_embedding_count"":12,""robust_retained_count"":10,""dispersion"":0.03403475880622864,""failures_json"":""[]""}]"
-UuX1xuaiiE$_$3,-UuX1xuaiiE,0.5,3,3,2,"[[""0:0"",""1:2""],[""0:1""]]","[{""cluster_id"":0,""episodes"":[""0:0"",""1:2""],""coverage_s"":2.9666666666666592,""start"":0.0,""end"":3.6666666666666665},{""cluster_id"":1,""episodes"":[""0:1""],""coverage_s"":0.2333333333333325,""start"":3.8333333333333335,""end"":4.1}]","0:0,1:2|0:1",1,0,"[{""sample_id"":""-UuX1xuaiiE$_$3"",""video_id"":""-UuX1xuaiiE"",""episode_key"":""0:0"",""face_id"":0,""episode_id"":0,""start"":0.0,""end"":1.2333333333333334,""frame_count"":28,""selected_frame_count"":12,""valid_embedding_count"":12,""robust_retained_count"":10,""dispersion"":0.06110799312591553,""failures_json"":""[]""},{""sample_id"":""-UuX1xuaiiE$_$3"",""video_id"":""-UuX1xuaiiE"",""episode_key"":""0:1"",""face_id"":0,""episode_id"":1,""start"":3.8333333333333335,""end"":4.1,""frame_count"":7,""selected_frame_count"":7,""valid_embedding_count"":7,""robust_retained_count"":6,""dispersion"":0.027525365352630615,""failures_json"":""[]""},{""sample_id"":""-UuX1xuaiiE$_$3"",""video_id"":""-UuX1xuaiiE"",""episode_key"":""1:2"",""face_id"":1,""episode_id"":2,""start"":0.6333333333333333,""end"":3.6666666666666665,""frame_count"":76,""selected_frame_count"":12,""valid_embedding_count"":12,""robust_retained_count"":10,""dispersion"":0.026574790477752686,""failures_json"":""[]""}]"
-UuX1xuaiiE$_$3,-UuX1xuaiiE,0.6,3,3,2,"[[""0:0"",""1:2""],[""0:1""]]","[{""cluster_id"":0,""episodes"":[""0:0"",""1:2""],""coverage_s"":2.9666666666666592,""start"":0.0,""end"":3.6666666666666665},{""cluster_id"":1,""episodes"":[""0:1""],""coverage_s"":0.2333333333333325,""start"":3.8333333333333335,""end"":4.1}]","0:0,1:2|0:1",1,0,"[{""sample_id"":""-UuX1xuaiiE$_$3"",""video_id"":""-UuX1xuaiiE"",""episode_key"":""0:0"",""face_id"":0,""episode_id"":0,""start"":0.0,""end"":1.2333333333333334,""frame_count"":28,""selected_frame_count"":12,""valid_embedding_count"":12,""robust_retained_count"":10,""dispersion"":0.06110799312591553,""failures_json"":""[]""},{""sample_id"":""-UuX1xuaiiE$_$3"",""video_id"":""-UuX1xuaiiE"",""episode_key"":""0:1"",""face_id"":0,""episode_id"":1,""start"":3.8333333333333335,""end"":4.1,""frame_count"":7,""selected_frame_count"":7,""valid_embedding_count"":7,""robust_retained_count"":6,""dispersion"":0.027525365352630615,""failures_json"":""[]""},{""sample_id"":""-UuX1xuaiiE$_$3"",""video_id"":""-UuX1xuaiiE"",""episode_key"":""1:2"",""face_id"":1,""episode_id"":2,""start"":0.6333333333333333,""end"":3.6666666666666665,""frame_count"":76,""selected_frame_count"":12,""valid_embedding_count"":12,""robust_retained_count"":10,""dispersion"":0.026574790477752686,""failures_json"":""[]""}]"
-UuX1xuaiiE$_$3,-UuX1xuaiiE,0.7,3,3,2,"[[""0:0"",""1:2""],[""0:1""]]","[{""cluster_id"":0,""episodes"":[""0:0"",""1:2""],""coverage_s"":2.9666666666666592,""start"":0.0,""end"":3.6666666666666665},{""cluster_id"":1,""episodes"":[""0:1""],""coverage_s"":0.2333333333333325,""start"":3.8333333333333335,""end"":4.1}]","0:0,1:2|0:1",1,0,"[{""sample_id"":""-UuX1xuaiiE$_$3"",""video_id"":""-UuX1xuaiiE"",""episode_key"":""0:0"",""face_id"":0,""episode_id"":0,""start"":0.0,""end"":1.2333333333333334,""frame_count"":28,""selected_frame_count"":12,""valid_embedding_count"":12,""robust_retained_count"":10,""dispersion"":0.06110799312591553,""failures_json"":""[]""},{""sample_id"":""-UuX1xuaiiE$_$3"",""video_id"":""-UuX1xuaiiE"",""episode_key"":""0:1"",""face_id"":0,""episode_id"":1,""start"":3.8333333333333335,""end"":4.1,""frame_count"":7,""selected_frame_count"":7,""valid_embedding_count"":7,""robust_retained_count"":6,""dispersion"":0.027525365352630615,""failures_json"":""[]""},{""sample_id"":""-UuX1xuaiiE$_$3"",""video_id"":""-UuX1xuaiiE"",""episode_key"":""1:2"",""face_id"":1,""episode_id"":2,""start"":0.6333333333333333,""end"":3.6666666666666665,""frame_count"":76,""selected_frame_count"":12,""valid_embedding_count"":12,""robust_retained_count"":10,""dispersion"":0.026574790477752686,""failures_json"":""[]""}]"
-UuX1xuaiiE$_$6,-UuX1xuaiiE,0.5,2,2,1,"[[""0:0"",""1:1""]]","[{""cluster_id"":0,""episodes"":[""0:0"",""1:1""],""coverage_s"":6.566666666666643,""start"":0.0,""end"":8.1}]","0:0,1:1",1,0,"[{""sample_id"":""-UuX1xuaiiE$_$6"",""video_id"":""-UuX1xuaiiE"",""episode_key"":""0:0"",""face_id"":0,""episode_id"":0,""start"":0.0,""end"":0.16666666666666655,""frame_count"":5,""selected_frame_count"":5,""valid_embedding_count"":5,""robust_retained_count"":4,""dispersion"":0.0016475021839141846,""failures_json"":""[]""},{""sample_id"":""-UuX1xuaiiE$_$6"",""video_id"":""-UuX1xuaiiE"",""episode_key"":""1:1"",""face_id"":1,""episode_id"":1,""start"":0.3333333333333333,""end"":8.1,""frame_count"":192,""selected_frame_count"":12,""valid_embedding_count"":12,""robust_retained_count"":10,""dispersion"":0.02653852105140686,""failures_json"":""[]""}]"
-UuX1xuaiiE$_$6,-UuX1xuaiiE,0.6,2,2,1,"[[""0:0"",""1:1""]]","[{""cluster_id"":0,""episodes"":[""0:0"",""1:1""],""coverage_s"":6.566666666666643,""start"":0.0,""end"":8.1}]","0:0,1:1",1,0,"[{""sample_id"":""-UuX1xuaiiE$_$6"",""video_id"":""-UuX1xuaiiE"",""episode_key"":""0:0"",""face_id"":0,""episode_id"":0,""start"":0.0,""end"":0.16666666666666655,""frame_count"":5,""selected_frame_count"":5,""valid_embedding_count"":5,""robust_retained_count"":4,""dispersion"":0.0016475021839141846,""failures_json"":""[]""},{""sample_id"":""-UuX1xuaiiE$_$6"",""video_id"":""-UuX1xuaiiE"",""episode_key"":""1:1"",""face_id"":1,""episode_id"":1,""start"":0.3333333333333333,""end"":8.1,""frame_count"":192,""selected_frame_count"":12,""valid_embedding_count"":12,""robust_retained_count"":10,""dispersion"":0.02653852105140686,""failures_json"":""[]""}]"
-UuX1xuaiiE$_$6,-UuX1xuaiiE,0.7,2,2,1,"[[""0:0"",""1:1""]]","[{""cluster_id"":0,""episodes"":[""0:0"",""1:1""],""coverage_s"":6.566666666666643,""start"":0.0,""end"":8.1}]","0:0,1:1",1,0,"[{""sample_id"":""-UuX1xuaiiE$_$6"",""video_id"":""-UuX1xuaiiE"",""episode_key"":""0:0"",""face_id"":0,""episode_id"":0,""start"":0.0,""end"":0.16666666666666655,""frame_count"":5,""selected_frame_count"":5,""valid_embedding_count"":5,""robust_retained_count"":4,""dispersion"":0.0016475021839141846,""failures_json"":""[]""},{""sample_id"":""-UuX1xuaiiE$_$6"",""video_id"":""-UuX1xuaiiE"",""episode_key"":""1:1"",""face_id"":1,""episode_id"":1,""start"":0.3333333333333333,""end"":8.1,""frame_count"":192,""selected_frame_count"":12,""valid_embedding_count"":12,""robust_retained_count"":10,""dispersion"":0.02653852105140686,""failures_json"":""[]""}]"
-a55Q6RWvTA$_$3,-a55Q6RWvTA,0.5,1,1,1,"[[""0:0""]]","[{""cluster_id"":0,""episodes"":[""0:0""],""coverage_s"":18.46666666666646,""start"":0.0,""end"":22.133333333333333}]",0:0,1,0,"[{""sample_id"":""-a55Q6RWvTA$_$3"",""video_id"":""-a55Q6RWvTA"",""episode_key"":""0:0"",""face_id"":0,""episode_id"":0,""start"":0.0,""end"":22.133333333333333,""frame_count"":554,""selected_frame_count"":12,""valid_embedding_count"":12,""robust_retained_count"":10,""dispersion"":0.04577714204788208,""failures_json"":""[]""}]"
-a55Q6RWvTA$_$3,-a55Q6RWvTA,0.6,1,1,1,"[[""0:0""]]","[{""cluster_id"":0,""episodes"":[""0:0""],""coverage_s"":18.46666666666646,""start"":0.0,""end"":22.133333333333333}]",0:0,1,0,"[{""sample_id"":""-a55Q6RWvTA$_$3"",""video_id"":""-a55Q6RWvTA"",""episode_key"":""0:0"",""face_id"":0,""episode_id"":0,""start"":0.0,""end"":22.133333333333333,""frame_count"":554,""selected_frame_count"":12,""valid_embedding_count"":12,""robust_retained_count"":10,""dispersion"":0.04577714204788208,""failures_json"":""[]""}]"
-a55Q6RWvTA$_$3,-a55Q6RWvTA,0.7,1,1,1,"[[""0:0""]]","[{""cluster_id"":0,""episodes"":[""0:0""],""coverage_s"":18.46666666666646,""start"":0.0,""end"":22.133333333333333}]",0:0,1,0,"[{""sample_id"":""-a55Q6RWvTA$_$3"",""video_id"":""-a55Q6RWvTA"",""episode_key"":""0:0"",""face_id"":0,""episode_id"":0,""start"":0.0,""end"":22.133333333333333,""frame_count"":554,""selected_frame_count"":12,""valid_embedding_count"":12,""robust_retained_count"":10,""dispersion"":0.04577714204788208,""failures_json"":""[]""}]"
-aNfi7CP8vM$_$7,-aNfi7CP8vM,0.5,1,1,1,"[[""0:0""]]","[{""cluster_id"":0,""episodes"":[""0:0""],""coverage_s"":7.166666666666641,""start"":0.0,""end"":8.666666666666666}]",0:0,1,0,"[{""sample_id"":""-aNfi7CP8vM$_$7"",""video_id"":""-aNfi7CP8vM"",""episode_key"":""0:0"",""face_id"":0,""episode_id"":0,""start"":0.0,""end"":8.666666666666666,""frame_count"":215,""selected_frame_count"":12,""valid_embedding_count"":12,""robust_retained_count"":10,""dispersion"":0.08654198050498962,""failures_json"":""[]""}]"
-aNfi7CP8vM$_$7,-aNfi7CP8vM,0.6,1,1,1,"[[""0:0""]]","[{""cluster_id"":0,""episodes"":[""0:0""],""coverage_s"":7.166666666666641,""start"":0.0,""end"":8.666666666666666}]",0:0,1,0,"[{""sample_id"":""-aNfi7CP8vM$_$7"",""video_id"":""-aNfi7CP8vM"",""episode_key"":""0:0"",""face_id"":0,""episode_id"":0,""start"":0.0,""end"":8.666666666666666,""frame_count"":215,""selected_frame_count"":12,""valid_embedding_count"":12,""robust_retained_count"":10,""dispersion"":0.08654198050498962,""failures_json"":""[]""}]"
-aNfi7CP8vM$_$7,-aNfi7CP8vM,0.7,1,1,1,"[[""0:0""]]","[{""cluster_id"":0,""episodes"":[""0:0""],""coverage_s"":7.166666666666641,""start"":0.0,""end"":8.666666666666666}]",0:0,1,0,"[{""sample_id"":""-aNfi7CP8vM$_$7"",""video_id"":""-aNfi7CP8vM"",""episode_key"":""0:0"",""face_id"":0,""episode_id"":0,""start"":0.0,""end"":8.666666666666666,""frame_count"":215,""selected_frame_count"":12,""valid_embedding_count"":12,""robust_retained_count"":10,""dispersion"":0.08654198050498962,""failures_json"":""[]""}]"
-aqamKhZ1Ec$_$0,-aqamKhZ1Ec,0.5,1,1,1,"[[""0:0""]]","[{""cluster_id"":0,""episodes"":[""0:0""],""coverage_s"":9.1333333333333,""start"":0.0,""end"":10.933333333333334}]",0:0,1,0,"[{""sample_id"":""-aqamKhZ1Ec$_$0"",""video_id"":""-aqamKhZ1Ec"",""episode_key"":""0:0"",""face_id"":0,""episode_id"":0,""start"":0.0,""end"":10.933333333333334,""frame_count"":274,""selected_frame_count"":12,""valid_embedding_count"":12,""robust_retained_count"":10,""dispersion"":0.0665668249130249,""failures_json"":""[]""}]"
-aqamKhZ1Ec$_$0,-aqamKhZ1Ec,0.6,1,1,1,"[[""0:0""]]","[{""cluster_id"":0,""episodes"":[""0:0""],""coverage_s"":9.1333333333333,""start"":0.0,""end"":10.933333333333334}]",0:0,1,0,"[{""sample_id"":""-aqamKhZ1Ec$_$0"",""video_id"":""-aqamKhZ1Ec"",""episode_key"":""0:0"",""face_id"":0,""episode_id"":0,""start"":0.0,""end"":10.933333333333334,""frame_count"":274,""selected_frame_count"":12,""valid_embedding_count"":12,""robust_retained_count"":10,""dispersion"":0.0665668249130249,""failures_json"":""[]""}]"
-aqamKhZ1Ec$_$0,-aqamKhZ1Ec,0.7,1,1,1,"[[""0:0""]]","[{""cluster_id"":0,""episodes"":[""0:0""],""coverage_s"":9.1333333333333,""start"":0.0,""end"":10.933333333333334}]",0:0,1,0,"[{""sample_id"":""-aqamKhZ1Ec$_$0"",""video_id"":""-aqamKhZ1Ec"",""episode_key"":""0:0"",""face_id"":0,""episode_id"":0,""start"":0.0,""end"":10.933333333333334,""frame_count"":274,""selected_frame_count"":12,""valid_embedding_count"":12,""robust_retained_count"":10,""dispersion"":0.0665668249130249,""failures_json"":""[]""}]"
-dxfTGcXJoc$_$0,-dxfTGcXJoc,0.5,1,1,1,"[[""0:0""]]","[{""cluster_id"":0,""episodes"":[""0:0""],""coverage_s"":13.333333333333186,""start"":4.5,""end"":20.53333333333333}]",0:0,1,0,"[{""sample_id"":""-dxfTGcXJoc$_$0"",""video_id"":""-dxfTGcXJoc"",""episode_key"":""0:0"",""face_id"":0,""episode_id"":0,""start"":4.5,""end"":20.53333333333333,""frame_count"":400,""selected_frame_count"":12,""valid_embedding_count"":12,""robust_retained_count"":10,""dispersion"":0.09094807505607605,""failures_json"":""[]""}]"
-dxfTGcXJoc$_$0,-dxfTGcXJoc,0.6,1,1,1,"[[""0:0""]]","[{""cluster_id"":0,""episodes"":[""0:0""],""coverage_s"":13.333333333333186,""start"":4.5,""end"":20.53333333333333}]",0:0,1,0,"[{""sample_id"":""-dxfTGcXJoc$_$0"",""video_id"":""-dxfTGcXJoc"",""episode_key"":""0:0"",""face_id"":0,""episode_id"":0,""start"":4.5,""end"":20.53333333333333,""frame_count"":400,""selected_frame_count"":12,""valid_embedding_count"":12,""robust_retained_count"":10,""dispersion"":0.09094807505607605,""failures_json"":""[]""}]"
-dxfTGcXJoc$_$0,-dxfTGcXJoc,0.7,1,1,1,"[[""0:0""]]","[{""cluster_id"":0,""episodes"":[""0:0""],""coverage_s"":13.333333333333186,""start"":4.5,""end"":20.53333333333333}]",0:0,1,0,"[{""sample_id"":""-dxfTGcXJoc$_$0"",""video_id"":""-dxfTGcXJoc"",""episode_key"":""0:0"",""face_id"":0,""episode_id"":0,""start"":4.5,""end"":20.53333333333333,""frame_count"":400,""selected_frame_count"":12,""valid_embedding_count"":12,""robust_retained_count"":10,""dispersion"":0.09094807505607605,""failures_json"":""[]""}]"
-dxfTGcXJoc$_$1,-dxfTGcXJoc,0.5,2,2,1,"[[""0:0"",""1:1""]]","[{""cluster_id"":0,""episodes"":[""0:0"",""1:1""],""coverage_s"":13.399999999999949,""start"":0.0,""end"":16.133333333333333}]","0:0,1:1",1,0,"[{""sample_id"":""-dxfTGcXJoc$_$1"",""video_id"":""-dxfTGcXJoc"",""episode_key"":""0:0"",""face_id"":0,""episode_id"":0,""start"":0.0,""end"":16.133333333333333,""frame_count"":401,""selected_frame_count"":12,""valid_embedding_count"":12,""robust_retained_count"":10,""dispersion"":0.08695906400680542,""failures_json"":""[]""},{""sample_id"":""-dxfTGcXJoc$_$1"",""video_id"":""-dxfTGcXJoc"",""episode_key"":""1:1"",""face_id"":1,""episode_id"":1,""start"":16.03333333333333,""end"":16.133333333333333,""frame_count"":2,""selected_frame_count"":2,""valid_embedding_count"":2,""robust_retained_count"":2,""dispersion"":0.002626776695251465,""failures_json"":""[]""}]"
-dxfTGcXJoc$_$1,-dxfTGcXJoc,0.6,2,2,1,"[[""0:0"",""1:1""]]","[{""cluster_id"":0,""episodes"":[""0:0"",""1:1""],""coverage_s"":13.399999999999949,""start"":0.0,""end"":16.133333333333333}]","0:0,1:1",1,0,"[{""sample_id"":""-dxfTGcXJoc$_$1"",""video_id"":""-dxfTGcXJoc"",""episode_key"":""0:0"",""face_id"":0,""episode_id"":0,""start"":0.0,""end"":16.133333333333333,""frame_count"":401,""selected_frame_count"":12,""valid_embedding_count"":12,""robust_retained_count"":10,""dispersion"":0.08695906400680542,""failures_json"":""[]""},{""sample_id"":""-dxfTGcXJoc$_$1"",""video_id"":""-dxfTGcXJoc"",""episode_key"":""1:1"",""face_id"":1,""episode_id"":1,""start"":16.03333333333333,""end"":16.133333333333333,""frame_count"":2,""selected_frame_count"":2,""valid_embedding_count"":2,""robust_retained_count"":2,""dispersion"":0.002626776695251465,""failures_json"":""[]""}]"
-dxfTGcXJoc$_$1,-dxfTGcXJoc,0.7,2,2,1,"[[""0:0"",""1:1""]]","[{""cluster_id"":0,""episodes"":[""0:0"",""1:1""],""coverage_s"":13.399999999999949,""start"":0.0,""end"":16.133333333333333}]","0:0,1:1",1,0,"[{""sample_id"":""-dxfTGcXJoc$_$1"",""video_id"":""-dxfTGcXJoc"",""episode_key"":""0:0"",""face_id"":0,""episode_id"":0,""start"":0.0,""end"":16.133333333333333,""frame_count"":401,""selected_frame_count"":12,""valid_embedding_count"":12,""robust_retained_count"":10,""dispersion"":0.08695906400680542,""failures_json"":""[]""},{""sample_id"":""-dxfTGcXJoc$_$1"",""video_id"":""-dxfTGcXJoc"",""episode_key"":""1:1"",""face_id"":1,""episode_id"":1,""start"":16.03333333333333,""end"":16.133333333333333,""frame_count"":2,""selected_frame_count"":2,""valid_embedding_count"":2,""robust_retained_count"":2,""dispersion"":0.002626776695251465,""failures_json"":""[]""}]"
-dxfTGcXJoc$_$2,-dxfTGcXJoc,0.5,1,1,1,"[[""0:0""]]","[{""cluster_id"":0,""episodes"":[""0:0""],""coverage_s"":13.899999999999935,""start"":0.0,""end"":16.666666666666664}]",0:0,1,0,"[{""sample_id"":""-dxfTGcXJoc$_$2"",""video_id"":""-dxfTGcXJoc"",""episode_key"":""0:0"",""face_id"":0,""episode_id"":0,""start"":0.0,""end"":16.666666666666664,""frame_count"":417,""selected_frame_count"":12,""valid_embedding_count"":12,""robust_retained_count"":10,""dispersion"":0.07591411471366882,""failures_json"":""[]""}]"
-dxfTGcXJoc$_$2,-dxfTGcXJoc,0.6,1,1,1,"[[""0:0""]]","[{""cluster_id"":0,""episodes"":[""0:0""],""coverage_s"":13.899999999999935,""start"":0.0,""end"":16.666666666666664}]",0:0,1,0,"[{""sample_id"":""-dxfTGcXJoc$_$2"",""video_id"":""-dxfTGcXJoc"",""episode_key"":""0:0"",""face_id"":0,""episode_id"":0,""start"":0.0,""end"":16.666666666666664,""frame_count"":417,""selected_frame_count"":12,""valid_embedding_count"":12,""robust_retained_count"":10,""dispersion"":0.07591411471366882,""failures_json"":""[]""}]"
-dxfTGcXJoc$_$2,-dxfTGcXJoc,0.7,1,1,1,"[[""0:0""]]","[{""cluster_id"":0,""episodes"":[""0:0""],""coverage_s"":13.899999999999935,""start"":0.0,""end"":16.666666666666664}]",0:0,1,0,"[{""sample_id"":""-dxfTGcXJoc$_$2"",""video_id"":""-dxfTGcXJoc"",""episode_key"":""0:0"",""face_id"":0,""episode_id"":0,""start"":0.0,""end"":16.666666666666664,""frame_count"":417,""selected_frame_count"":12,""valid_embedding_count"":12,""robust_retained_count"":10,""dispersion"":0.07591411471366882,""failures_json"":""[]""}]"
-dxfTGcXJoc$_$6,-dxfTGcXJoc,0.5,2,2,1,"[[""0:0"",""1:1""]]","[{""cluster_id"":0,""episodes"":[""0:0"",""1:1""],""coverage_s"":10.566666666666631,""start"":0.0,""end"":12.733333333333333}]","0:0,1:1",1,0,"[{""sample_id"":""-dxfTGcXJoc$_$6"",""video_id"":""-dxfTGcXJoc"",""episode_key"":""0:0"",""face_id"":0,""episode_id"":0,""start"":0.0,""end"":12.433333333333334,""frame_count"":311,""selected_frame_count"":12,""valid_embedding_count"":12,""robust_retained_count"":10,""dispersion"":0.08499559760093689,""failures_json"":""[]""},{""sample_id"":""-dxfTGcXJoc$_$6"",""video_id"":""-dxfTGcXJoc"",""episode_key"":""1:1"",""face_id"":1,""episode_id"":1,""start"":12.466666666666667,""end"":12.733333333333333,""frame_count"":6,""selected_frame_count"":6,""valid_embedding_count"":6,""robust_retained_count"":5,""dispersion"":0.004723846912384033,""failures_json"":""[]""}]"
-dxfTGcXJoc$_$6,-dxfTGcXJoc,0.6,2,2,1,"[[""0:0"",""1:1""]]","[{""cluster_id"":0,""episodes"":[""0:0"",""1:1""],""coverage_s"":10.566666666666631,""start"":0.0,""end"":12.733333333333333}]","0:0,1:1",1,0,"[{""sample_id"":""-dxfTGcXJoc$_$6"",""video_id"":""-dxfTGcXJoc"",""episode_key"":""0:0"",""face_id"":0,""episode_id"":0,""start"":0.0,""end"":12.433333333333334,""frame_count"":311,""selected_frame_count"":12,""valid_embedding_count"":12,""robust_retained_count"":10,""dispersion"":0.08499559760093689,""failures_json"":""[]""},{""sample_id"":""-dxfTGcXJoc$_$6"",""video_id"":""-dxfTGcXJoc"",""episode_key"":""1:1"",""face_id"":1,""episode_id"":1,""start"":12.466666666666667,""end"":12.733333333333333,""frame_count"":6,""selected_frame_count"":6,""valid_embedding_count"":6,""robust_retained_count"":5,""dispersion"":0.004723846912384033,""failures_json"":""[]""}]"
-dxfTGcXJoc$_$6,-dxfTGcXJoc,0.7,2,2,1,"[[""0:0"",""1:1""]]","[{""cluster_id"":0,""episodes"":[""0:0"",""1:1""],""coverage_s"":10.566666666666631,""start"":0.0,""end"":12.733333333333333}]","0:0,1:1",1,0,"[{""sample_id"":""-dxfTGcXJoc$_$6"",""video_id"":""-dxfTGcXJoc"",""episode_key"":""0:0"",""face_id"":0,""episode_id"":0,""start"":0.0,""end"":12.433333333333334,""frame_count"":311,""selected_frame_count"":12,""valid_embedding_count"":12,""robust_retained_count"":10,""dispersion"":0.08499559760093689,""failures_json"":""[]""},{""sample_id"":""-dxfTGcXJoc$_$6"",""video_id"":""-dxfTGcXJoc"",""episode_key"":""1:1"",""face_id"":1,""episode_id"":1,""start"":12.466666666666667,""end"":12.733333333333333,""frame_count"":6,""selected_frame_count"":6,""valid_embedding_count"":6,""robust_retained_count"":5,""dispersion"":0.004723846912384033,""failures_json"":""[]""}]"
-egA8-b7-3M$_$1,-egA8-b7-3M,0.5,1,1,1,"[[""0:0""]]","[{""cluster_id"":0,""episodes"":[""0:0""],""coverage_s"":8.533333333333303,""start"":0.0,""end"":10.233333333333333}]",0:0,1,0,"[{""sample_id"":""-egA8-b7-3M$_$1"",""video_id"":""-egA8-b7-3M"",""episode_key"":""0:0"",""face_id"":0,""episode_id"":0,""start"":0.0,""end"":10.233333333333333,""frame_count"":256,""selected_frame_count"":12,""valid_embedding_count"":12,""robust_retained_count"":10,""dispersion"":0.06795939803123474,""failures_json"":""[]""}]"
-egA8-b7-3M$_$1,-egA8-b7-3M,0.6,1,1,1,"[[""0:0""]]","[{""cluster_id"":0,""episodes"":[""0:0""],""coverage_s"":8.533333333333303,""start"":0.0,""end"":10.233333333333333}]",0:0,1,0,"[{""sample_id"":""-egA8-b7-3M$_$1"",""video_id"":""-egA8-b7-3M"",""episode_key"":""0:0"",""face_id"":0,""episode_id"":0,""start"":0.0,""end"":10.233333333333333,""frame_count"":256,""selected_frame_count"":12,""valid_embedding_count"":12,""robust_retained_count"":10,""dispersion"":0.06795939803123474,""failures_json"":""[]""}]"
-egA8-b7-3M$_$1,-egA8-b7-3M,0.7,1,1,1,"[[""0:0""]]","[{""cluster_id"":0,""episodes"":[""0:0""],""coverage_s"":8.533333333333303,""start"":0.0,""end"":10.233333333333333}]",0:0,1,0,"[{""sample_id"":""-egA8-b7-3M$_$1"",""video_id"":""-egA8-b7-3M"",""episode_key"":""0:0"",""face_id"":0,""episode_id"":0,""start"":0.0,""end"":10.233333333333333,""frame_count"":256,""selected_frame_count"":12,""valid_embedding_count"":12,""robust_retained_count"":10,""dispersion"":0.06795939803123474,""failures_json"":""[]""}]"
-egA8-b7-3M$_$13,-egA8-b7-3M,0.5,1,1,1,"[[""0:0""]]","[{""cluster_id"":0,""episodes"":[""0:0""],""coverage_s"":3.4333333333333247,""start"":0.0,""end"":4.166666666666666}]",0:0,1,0,"[{""sample_id"":""-egA8-b7-3M$_$13"",""video_id"":""-egA8-b7-3M"",""episode_key"":""0:0"",""face_id"":0,""episode_id"":0,""start"":0.0,""end"":4.166666666666666,""frame_count"":103,""selected_frame_count"":12,""valid_embedding_count"":12,""robust_retained_count"":10,""dispersion"":0.07484999299049377,""failures_json"":""[]""}]"
-egA8-b7-3M$_$13,-egA8-b7-3M,0.6,1,1,1,"[[""0:0""]]","[{""cluster_id"":0,""episodes"":[""0:0""],""coverage_s"":3.4333333333333247,""start"":0.0,""end"":4.166666666666666}]",0:0,1,0,"[{""sample_id"":""-egA8-b7-3M$_$13"",""video_id"":""-egA8-b7-3M"",""episode_key"":""0:0"",""face_id"":0,""episode_id"":0,""start"":0.0,""end"":4.166666666666666,""frame_count"":103,""selected_frame_count"":12,""valid_embedding_count"":12,""robust_retained_count"":10,""dispersion"":0.07484999299049377,""failures_json"":""[]""}]"
-egA8-b7-3M$_$13,-egA8-b7-3M,0.7,1,1,1,"[[""0:0""]]","[{""cluster_id"":0,""episodes"":[""0:0""],""coverage_s"":3.4333333333333247,""start"":0.0,""end"":4.166666666666666}]",0:0,1,0,"[{""sample_id"":""-egA8-b7-3M$_$13"",""video_id"":""-egA8-b7-3M"",""episode_key"":""0:0"",""face_id"":0,""episode_id"":0,""start"":0.0,""end"":4.166666666666666,""frame_count"":103,""selected_frame_count"":12,""valid_embedding_count"":12,""robust_retained_count"":10,""dispersion"":0.07484999299049377,""failures_json"":""[]""}]"
-egA8-b7-3M$_$16,-egA8-b7-3M,0.5,1,1,1,"[[""0:0""]]","[{""cluster_id"":0,""episodes"":[""0:0""],""coverage_s"":4.633333333333317,""start"":0.0,""end"":5.533333333333333}]",0:0,1,0,"[{""sample_id"":""-egA8-b7-3M$_$16"",""video_id"":""-egA8-b7-3M"",""episode_key"":""0:0"",""face_id"":0,""episode_id"":0,""start"":0.0,""end"":5.533333333333333,""frame_count"":139,""selected_frame_count"":12,""valid_embedding_count"":12,""robust_retained_count"":10,""dispersion"":0.0523838996887207,""failures_json"":""[]""}]"
-egA8-b7-3M$_$16,-egA8-b7-3M,0.6,1,1,1,"[[""0:0""]]","[{""cluster_id"":0,""episodes"":[""0:0""],""coverage_s"":4.633333333333317,""start"":0.0,""end"":5.533333333333333}]",0:0,1,0,"[{""sample_id"":""-egA8-b7-3M$_$16"",""video_id"":""-egA8-b7-3M"",""episode_key"":""0:0"",""face_id"":0,""episode_id"":0,""start"":0.0,""end"":5.533333333333333,""frame_count"":139,""selected_frame_count"":12,""valid_embedding_count"":12,""robust_retained_count"":10,""dispersion"":0.0523838996887207,""failures_json"":""[]""}]"
-egA8-b7-3M$_$16,-egA8-b7-3M,0.7,1,1,1,"[[""0:0""]]","[{""cluster_id"":0,""episodes"":[""0:0""],""coverage_s"":4.633333333333317,""start"":0.0,""end"":5.533333333333333}]",0:0,1,0,"[{""sample_id"":""-egA8-b7-3M$_$16"",""video_id"":""-egA8-b7-3M"",""episode_key"":""0:0"",""face_id"":0,""episode_id"":0,""start"":0.0,""end"":5.533333333333333,""frame_count"":139,""selected_frame_count"":12,""valid_embedding_count"":12,""robust_retained_count"":10,""dispersion"":0.0523838996887207,""failures_json"":""[]""}]"
-egA8-b7-3M$_$17,-egA8-b7-3M,0.5,1,1,1,"[[""0:0""]]","[{""cluster_id"":0,""episodes"":[""0:0""],""coverage_s"":5.99999999999998,""start"":0.0,""end"":7.266666666666667}]",0:0,1,0,"[{""sample_id"":""-egA8-b7-3M$_$17"",""video_id"":""-egA8-b7-3M"",""episode_key"":""0:0"",""face_id"":0,""episode_id"":0,""start"":0.0,""end"":7.266666666666667,""frame_count"":180,""selected_frame_count"":12,""valid_embedding_count"":12,""robust_retained_count"":10,""dispersion"":0.06749275326728821,""failures_json"":""[]""}]"
-egA8-b7-3M$_$17,-egA8-b7-3M,0.6,1,1,1,"[[""0:0""]]","[{""cluster_id"":0,""episodes"":[""0:0""],""coverage_s"":5.99999999999998,""start"":0.0,""end"":7.266666666666667}]",0:0,1,0,"[{""sample_id"":""-egA8-b7-3M$_$17"",""video_id"":""-egA8-b7-3M"",""episode_key"":""0:0"",""face_id"":0,""episode_id"":0,""start"":0.0,""end"":7.266666666666667,""frame_count"":180,""selected_frame_count"":12,""valid_embedding_count"":12,""robust_retained_count"":10,""dispersion"":0.06749275326728821,""failures_json"":""[]""}]"
-egA8-b7-3M$_$17,-egA8-b7-3M,0.7,1,1,1,"[[""0:0""]]","[{""cluster_id"":0,""episodes"":[""0:0""],""coverage_s"":5.99999999999998,""start"":0.0,""end"":7.266666666666667}]",0:0,1,0,"[{""sample_id"":""-egA8-b7-3M$_$17"",""video_id"":""-egA8-b7-3M"",""episode_key"":""0:0"",""face_id"":0,""episode_id"":0,""start"":0.0,""end"":7.266666666666667,""frame_count"":180,""selected_frame_count"":12,""valid_embedding_count"":12,""robust_retained_count"":10,""dispersion"":0.06749275326728821,""failures_json"":""[]""}]"
-egA8-b7-3M$_$18,-egA8-b7-3M,0.5,1,1,1,"[[""0:0""]]","[{""cluster_id"":0,""episodes"":[""0:0""],""coverage_s"":6.966666666666642,""start"":0.0,""end"":8.366666666666667}]",0:0,1,0,"[{""sample_id"":""-egA8-b7-3M$_$18"",""video_id"":""-egA8-b7-3M"",""episode_key"":""0:0"",""face_id"":0,""episode_id"":0,""start"":0.0,""end"":8.366666666666667,""frame_count"":209,""selected_frame_count"":12,""valid_embedding_count"":12,""robust_retained_count"":10,""dispersion"":0.05452039837837219,""failures_json"":""[]""}]"
-egA8-b7-3M$_$18,-egA8-b7-3M,0.6,1,1,1,"[[""0:0""]]","[{""cluster_id"":0,""episodes"":[""0:0""],""coverage_s"":6.966666666666642,""start"":0.0,""end"":8.366666666666667}]",0:0,1,0,"[{""sample_id"":""-egA8-b7-3M$_$18"",""video_id"":""-egA8-b7-3M"",""episode_key"":""0:0"",""face_id"":0,""episode_id"":0,""start"":0.0,""end"":8.366666666666667,""frame_count"":209,""selected_frame_count"":12,""valid_embedding_count"":12,""robust_retained_count"":10,""dispersion"":0.05452039837837219,""failures_json"":""[]""}]"
-egA8-b7-3M$_$18,-egA8-b7-3M,0.7,1,1,1,"[[""0:0""]]","[{""cluster_id"":0,""episodes"":[""0:0""],""coverage_s"":6.966666666666642,""start"":0.0,""end"":8.366666666666667}]",0:0,1,0,"[{""sample_id"":""-egA8-b7-3M$_$18"",""video_id"":""-egA8-b7-3M"",""episode_key"":""0:0"",""face_id"":0,""episode_id"":0,""start"":0.0,""end"":8.366666666666667,""frame_count"":209,""selected_frame_count"":12,""valid_embedding_count"":12,""robust_retained_count"":10,""dispersion"":0.05452039837837219,""failures_json"":""[]""}]"
-egA8-b7-3M$_$20,-egA8-b7-3M,0.5,1,1,1,"[[""0:0""]]","[{""cluster_id"":0,""episodes"":[""0:0""],""coverage_s"":5.466666666666647,""start"":0.0,""end"":6.633333333333333}]",0:0,1,0,"[{""sample_id"":""-egA8-b7-3M$_$20"",""video_id"":""-egA8-b7-3M"",""episode_key"":""0:0"",""face_id"":0,""episode_id"":0,""start"":0.0,""end"":6.633333333333333,""frame_count"":164,""selected_frame_count"":12,""valid_embedding_count"":12,""robust_retained_count"":10,""dispersion"":0.05827495455741882,""failures_json"":""[]""}]"
-egA8-b7-3M$_$20,-egA8-b7-3M,0.6,1,1,1,"[[""0:0""]]","[{""cluster_id"":0,""episodes"":[""0:0""],""coverage_s"":5.466666666666647,""start"":0.0,""end"":6.633333333333333}]",0:0,1,0,"[{""sample_id"":""-egA8-b7-3M$_$20"",""video_id"":""-egA8-b7-3M"",""episode_key"":""0:0"",""face_id"":0,""episode_id"":0,""start"":0.0,""end"":6.633333333333333,""frame_count"":164,""selected_frame_count"":12,""valid_embedding_count"":12,""robust_retained_count"":10,""dispersion"":0.05827495455741882,""failures_json"":""[]""}]"
-egA8-b7-3M$_$20,-egA8-b7-3M,0.7,1,1,1,"[[""0:0""]]","[{""cluster_id"":0,""episodes"":[""0:0""],""coverage_s"":5.466666666666647,""start"":0.0,""end"":6.633333333333333}]",0:0,1,0,"[{""sample_id"":""-egA8-b7-3M$_$20"",""video_id"":""-egA8-b7-3M"",""episode_key"":""0:0"",""face_id"":0,""episode_id"":0,""start"":0.0,""end"":6.633333333333333,""frame_count"":164,""selected_frame_count"":12,""valid_embedding_count"":12,""robust_retained_count"":10,""dispersion"":0.05827495455741882,""failures_json"":""[]""}]"
-egA8-b7-3M$_$26,-egA8-b7-3M,0.5,1,1,1,"[[""0:0""]]","[{""cluster_id"":0,""episodes"":[""0:0""],""coverage_s"":4.966666666666649,""start"":0.0,""end"":5.933333333333334}]",0:0,1,0,"[{""sample_id"":""-egA8-b7-3M$_$26"",""video_id"":""-egA8-b7-3M"",""episode_key"":""0:0"",""face_id"":0,""episode_id"":0,""start"":0.0,""end"":5.933333333333334,""frame_count"":149,""selected_frame_count"":12,""valid_embedding_count"":12,""robust_retained_count"":10,""dispersion"":0.07046118378639221,""failures_json"":""[]""}]"
-egA8-b7-3M$_$26,-egA8-b7-3M,0.6,1,1,1,"[[""0:0""]]","[{""cluster_id"":0,""episodes"":[""0:0""],""coverage_s"":4.966666666666649,""start"":0.0,""end"":5.933333333333334}]",0:0,1,0,"[{""sample_id"":""-egA8-b7-3M$_$26"",""video_id"":""-egA8-b7-3M"",""episode_key"":""0:0"",""face_id"":0,""episode_id"":0,""start"":0.0,""end"":5.933333333333334,""frame_count"":149,""selected_frame_count"":12,""valid_embedding_count"":12,""robust_retained_count"":10,""dispersion"":0.07046118378639221,""failures_json"":""[]""}]"
-egA8-b7-3M$_$26,-egA8-b7-3M,0.7,1,1,1,"[[""0:0""]]","[{""cluster_id"":0,""episodes"":[""0:0""],""coverage_s"":4.966666666666649,""start"":0.0,""end"":5.933333333333334}]",0:0,1,0,"[{""sample_id"":""-egA8-b7-3M$_$26"",""video_id"":""-egA8-b7-3M"",""episode_key"":""0:0"",""face_id"":0,""episode_id"":0,""start"":0.0,""end"":5.933333333333334,""frame_count"":149,""selected_frame_count"":12,""valid_embedding_count"":12,""robust_retained_count"":10,""dispersion"":0.07046118378639221,""failures_json"":""[]""}]"
-egA8-b7-3M$_$6,-egA8-b7-3M,0.5,1,1,1,"[[""0:0""]]","[{""cluster_id"":0,""episodes"":[""0:0""],""coverage_s"":5.199999999999981,""start"":0.0,""end"":6.233333333333333}]",0:0,1,0,"[{""sample_id"":""-egA8-b7-3M$_$6"",""video_id"":""-egA8-b7-3M"",""episode_key"":""0:0"",""face_id"":0,""episode_id"":0,""start"":0.0,""end"":6.233333333333333,""frame_count"":156,""selected_frame_count"":12,""valid_embedding_count"":12,""robust_retained_count"":10,""dispersion"":0.05356988310813904,""failures_json"":""[]""}]"
-egA8-b7-3M$_$6,-egA8-b7-3M,0.6,1,1,1,"[[""0:0""]]","[{""cluster_id"":0,""episodes"":[""0:0""],""coverage_s"":5.199999999999981,""start"":0.0,""end"":6.233333333333333}]",0:0,1,0,"[{""sample_id"":""-egA8-b7-3M$_$6"",""video_id"":""-egA8-b7-3M"",""episode_key"":""0:0"",""face_id"":0,""episode_id"":0,""start"":0.0,""end"":6.233333333333333,""frame_count"":156,""selected_frame_count"":12,""valid_embedding_count"":12,""robust_retained_count"":10,""dispersion"":0.05356988310813904,""failures_json"":""[]""}]"
-egA8-b7-3M$_$6,-egA8-b7-3M,0.7,1,1,1,"[[""0:0""]]","[{""cluster_id"":0,""episodes"":[""0:0""],""coverage_s"":5.199999999999981,""start"":0.0,""end"":6.233333333333333}]",0:0,1,0,"[{""sample_id"":""-egA8-b7-3M$_$6"",""video_id"":""-egA8-b7-3M"",""episode_key"":""0:0"",""face_id"":0,""episode_id"":0,""start"":0.0,""end"":6.233333333333333,""frame_count"":156,""selected_frame_count"":12,""valid_embedding_count"":12,""robust_retained_count"":10,""dispersion"":0.05356988310813904,""failures_json"":""[]""}]"
-egA8-b7-3M$_$9,-egA8-b7-3M,0.5,1,1,1,"[[""0:0""]]","[{""cluster_id"":0,""episodes"":[""0:0""],""coverage_s"":4.166666666666652,""start"":0.0,""end"":5.066666666666666}]",0:0,1,0,"[{""sample_id"":""-egA8-b7-3M$_$9"",""video_id"":""-egA8-b7-3M"",""episode_key"":""0:0"",""face_id"":0,""episode_id"":0,""start"":0.0,""end"":5.066666666666666,""frame_count"":125,""selected_frame_count"":12,""valid_embedding_count"":12,""robust_retained_count"":10,""dispersion"":0.06519407033920288,""failures_json"":""[]""}]"
-egA8-b7-3M$_$9,-egA8-b7-3M,0.6,1,1,1,"[[""0:0""]]","[{""cluster_id"":0,""episodes"":[""0:0""],""coverage_s"":4.166666666666652,""start"":0.0,""end"":5.066666666666666}]",0:0,1,0,"[{""sample_id"":""-egA8-b7-3M$_$9"",""video_id"":""-egA8-b7-3M"",""episode_key"":""0:0"",""face_id"":0,""episode_id"":0,""start"":0.0,""end"":5.066666666666666,""frame_count"":125,""selected_frame_count"":12,""valid_embedding_count"":12,""robust_retained_count"":10,""dispersion"":0.06519407033920288,""failures_json"":""[]""}]"
-egA8-b7-3M$_$9,-egA8-b7-3M,0.7,1,1,1,"[[""0:0""]]","[{""cluster_id"":0,""episodes"":[""0:0""],""coverage_s"":4.166666666666652,""start"":0.0,""end"":5.066666666666666}]",0:0,1,0,"[{""sample_id"":""-egA8-b7-3M$_$9"",""video_id"":""-egA8-b7-3M"",""episode_key"":""0:0"",""face_id"":0,""episode_id"":0,""start"":0.0,""end"":5.066666666666666,""frame_count"":125,""selected_frame_count"":12,""valid_embedding_count"":12,""robust_retained_count"":10,""dispersion"":0.06519407033920288,""failures_json"":""[]""}]"
-hnBHBN8p5A$_$6,-hnBHBN8p5A,0.5,7,5,3,"[[""0:0"",""0:1"",""0:2"",""1:5"",""1:6""],[""0:3""],[""0:4""]]","[{""cluster_id"":0,""episodes"":[""0:0"",""0:1"",""0:2"",""1:5"",""1:6""],""coverage_s"":2.9195444444444325,""start"":0.0,""end"":4.087411111111111},{""cluster_id"":1,""episodes"":[""0:3""],""coverage_s"":0.12513333333333243,""start"":4.421077777777778,""end"":4.546211111111111},{""cluster_id"":2,""episodes"":[""0:4""],""coverage_s"":0.04171111111111081,""start"":6.0894111111111116,""end"":6.131122222222222}]","0:0,0:1,0:2,1:5,1:6|0:3|0:4",0,0,"[{""sample_id"":""-hnBHBN8p5A$_$6"",""video_id"":""-hnBHBN8p5A"",""episode_key"":""0:0"",""face_id"":0,""episode_id"":0,""start"":0.0,""end"":0.7924555555555554,""frame_count"":19,""selected_frame_count"":12,""valid_embedding_count"":12,""robust_retained_count"":10,""dispersion"":0.08864942193031311,""failures_json"":""[]""},{""sample_id"":""-hnBHBN8p5A$_$6"",""video_id"":""-hnBHBN8p5A"",""episode_key"":""0:1"",""face_id"":0,""episode_id"":1,""start"":1.3346666666666667,""end"":3.4200777777777778,""frame_count"":43,""selected_frame_count"":12,""valid_embedding_count"":12,""robust_retained_count"":10,""dispersion"":0.09302017092704773,""failures_json"":""[]""},{""sample_id"":""-hnBHBN8p5A$_$6"",""video_id"":""-hnBHBN8p5A"",""episode_key"":""0:2"",""face_id"":0,""episode_id"":2,""start"":3.6703333333333337,""end"":3.920577777777778,""frame_count"":5,""selected_frame_count"":5,""valid_embedding_count"":5,""robust_retained_count"":4,""dispersion"":0.032999277114868164,""failures_json"":""[]""},{""sample_id"":""-hnBHBN8p5A$_$6"",""video_id"":""-hnBHBN8p5A"",""episode_key"":""0:3"",""face_id"":0,""episode_id"":3,""start"":4.421077777777778,""end"":4.546211111111111,""frame_count"":3,""selected_frame_count"":0,""valid_embedding_count"":0,""robust_retained_count"":0,""dispersion"":"""",""failures_json"":""[]""},{""sample_id"":""-hnBHBN8p5A$_$6"",""video_id"":""-hnBHBN8p5A"",""episode_key"":""0:4"",""face_id"":0,""episode_id"":4,""start"":6.0894111111111116,""end"":6.131122222222222,""frame_count"":1,""selected_frame_count"":0,""valid_embedding_count"":0,""robust_retained_count"":0,""dispersion"":"""",""failures_json"":""[]""},{""sample_id"":""-hnBHBN8p5A$_$6"",""video_id"":""-hnBHBN8p5A"",""episode_key"":""1:5"",""face_id"":1,""episode_id"":5,""start"":1.0010000000000001,""end"":1.0427111111111111,""frame_count"":1,""selected_frame_count"":1,""valid_embedding_count"":1,""robust_retained_count"":1,""dispersion"":0.0,""failures_json"":""[]""},{""sample_id"":""-hnBHBN8p5A$_$6"",""video_id"":""-hnBHBN8p5A"",""episode_key"":""1:6"",""face_id"":1,""episode_id"":6,""start"":4.0040000000000004,""end"":4.087411111111111,""frame_count"":2,""selected_frame_count"":2,""valid_embedding_count"":2,""robust_retained_count"":2,""dispersion"":0.031498998403549194,""failures_json"":""[]""}]"
-hnBHBN8p5A$_$6,-hnBHBN8p5A,0.6,7,5,4,"[[""0:0"",""0:1"",""1:5""],[""0:2"",""1:6""],[""0:3""],[""0:4""]]","[{""cluster_id"":0,""episodes"":[""0:0"",""0:1"",""1:5""],""coverage_s"":2.627599999999989,""start"":0.0,""end"":3.4200777777777778},{""cluster_id"":1,""episodes"":[""0:2"",""1:6""],""coverage_s"":0.291944444444443,""start"":3.6703333333333337,""end"":4.087411111111111},{""cluster_id"":2,""episodes"":[""0:3""],""coverage_s"":0.12513333333333243,""start"":4.421077777777778,""end"":4.546211111111111},{""cluster_id"":3,""episodes"":[""0:4""],""coverage_s"":0.04171111111111081,""start"":6.0894111111111116,""end"":6.131122222222222}]","0:0,0:1,1:5|0:2,1:6|0:3|0:4",0,0,"[{""sample_id"":""-hnBHBN8p5A$_$6"",""video_id"":""-hnBHBN8p5A"",""episode_key"":""0:0"",""face_id"":0,""episode_id"":0,""start"":0.0,""end"":0.7924555555555554,""frame_count"":19,""selected_frame_count"":12,""valid_embedding_count"":12,""robust_retained_count"":10,""dispersion"":0.08864942193031311,""failures_json"":""[]""},{""sample_id"":""-hnBHBN8p5A$_$6"",""video_id"":""-hnBHBN8p5A"",""episode_key"":""0:1"",""face_id"":0,""episode_id"":1,""start"":1.3346666666666667,""end"":3.4200777777777778,""frame_count"":43,""selected_frame_count"":12,""valid_embedding_count"":12,""robust_retained_count"":10,""dispersion"":0.09302017092704773,""failures_json"":""[]""},{""sample_id"":""-hnBHBN8p5A$_$6"",""video_id"":""-hnBHBN8p5A"",""episode_key"":""0:2"",""face_id"":0,""episode_id"":2,""start"":3.6703333333333337,""end"":3.920577777777778,""frame_count"":5,""selected_frame_count"":5,""valid_embedding_count"":5,""robust_retained_count"":4,""dispersion"":0.032999277114868164,""failures_json"":""[]""},{""sample_id"":""-hnBHBN8p5A$_$6"",""video_id"":""-hnBHBN8p5A"",""episode_key"":""0:3"",""face_id"":0,""episode_id"":3,""start"":4.421077777777778,""end"":4.546211111111111,""frame_count"":3,""selected_frame_count"":0,""valid_embedding_count"":0,""robust_retained_count"":0,""dispersion"":"""",""failures_json"":""[]""},{""sample_id"":""-hnBHBN8p5A$_$6"",""video_id"":""-hnBHBN8p5A"",""episode_key"":""0:4"",""face_id"":0,""episode_id"":4,""start"":6.0894111111111116,""end"":6.131122222222222,""frame_count"":1,""selected_frame_count"":0,""valid_embedding_count"":0,""robust_retained_count"":0,""dispersion"":"""",""failures_json"":""[]""},{""sample_id"":""-hnBHBN8p5A$_$6"",""video_id"":""-hnBHBN8p5A"",""episode_key"":""1:5"",""face_id"":1,""episode_id"":5,""start"":1.0010000000000001,""end"":1.0427111111111111,""frame_count"":1,""selected_frame_count"":1,""valid_embedding_count"":1,""robust_retained_count"":1,""dispersion"":0.0,""failures_json"":""[]""},{""sample_id"":""-hnBHBN8p5A$_$6"",""video_id"":""-hnBHBN8p5A"",""episode_key"":""1:6"",""face_id"":1,""episode_id"":6,""start"":4.0040000000000004,""end"":4.087411111111111,""frame_count"":2,""selected_frame_count"":2,""valid_embedding_count"":2,""robust_retained_count"":2,""dispersion"":0.031498998403549194,""failures_json"":""[]""}]"
-hnBHBN8p5A$_$6,-hnBHBN8p5A,0.7,7,5,6,"[[""0:0""],[""0:1""],[""0:2"",""1:6""],[""0:3""],[""0:4""],[""1:5""]]","[{""cluster_id"":0,""episodes"":[""0:0""],""coverage_s"":0.7924555555555529,""start"":0.0,""end"":0.7924555555555554},{""cluster_id"":1,""episodes"":[""0:1""],""coverage_s"":1.7934333333333252,""start"":1.3346666666666667,""end"":3.4200777777777778},{""cluster_id"":2,""episodes"":[""0:2"",""1:6""],""coverage_s"":0.291944444444443,""start"":3.6703333333333337,""end"":4.087411111111111},{""cluster_id"":3,""episodes"":[""0:3""],""coverage_s"":0.12513333333333243,""start"":4.421077777777778,""end"":4.546211111111111},{""cluster_id"":4,""episodes"":[""0:4""],""coverage_s"":0.04171111111111081,""start"":6.0894111111111116,""end"":6.131122222222222},{""cluster_id"":5,""episodes"":[""1:5""],""coverage_s"":0.04171111111111103,""start"":1.0010000000000001,""end"":1.0427111111111111}]","0:0|0:1|0:2,1:6|0:3|0:4|1:5",0,0,"[{""sample_id"":""-hnBHBN8p5A$_$6"",""video_id"":""-hnBHBN8p5A"",""episode_key"":""0:0"",""face_id"":0,""episode_id"":0,""start"":0.0,""end"":0.7924555555555554,""frame_count"":19,""selected_frame_count"":12,""valid_embedding_count"":12,""robust_retained_count"":10,""dispersion"":0.08864942193031311,""failures_json"":""[]""},{""sample_id"":""-hnBHBN8p5A$_$6"",""video_id"":""-hnBHBN8p5A"",""episode_key"":""0:1"",""face_id"":0,""episode_id"":1,""start"":1.3346666666666667,""end"":3.4200777777777778,""frame_count"":43,""selected_frame_count"":12,""valid_embedding_count"":12,""robust_retained_count"":10,""dispersion"":0.09302017092704773,""failures_json"":""[]""},{""sample_id"":""-hnBHBN8p5A$_$6"",""video_id"":""-hnBHBN8p5A"",""episode_key"":""0:2"",""face_id"":0,""episode_id"":2,""start"":3.6703333333333337,""end"":3.920577777777778,""frame_count"":5,""selected_frame_count"":5,""valid_embedding_count"":5,""robust_retained_count"":4,""dispersion"":0.032999277114868164,""failures_json"":""[]""},{""sample_id"":""-hnBHBN8p5A$_$6"",""video_id"":""-hnBHBN8p5A"",""episode_key"":""0:3"",""face_id"":0,""episode_id"":3,""start"":4.421077777777778,""end"":4.546211111111111,""frame_count"":3,""selected_frame_count"":0,""valid_embedding_count"":0,""robust_retained_count"":0,""dispersion"":"""",""failures_json"":""[]""},{""sample_id"":""-hnBHBN8p5A$_$6"",""video_id"":""-hnBHBN8p5A"",""episode_key"":""0:4"",""face_id"":0,""episode_id"":4,""start"":6.0894111111111116,""end"":6.131122222222222,""frame_count"":1,""selected_frame_count"":0,""valid_embedding_count"":0,""robust_retained_count"":0,""dispersion"":"""",""failures_json"":""[]""},{""sample_id"":""-hnBHBN8p5A$_$6"",""video_id"":""-hnBHBN8p5A"",""episode_key"":""1:5"",""face_id"":1,""episode_id"":5,""start"":1.0010000000000001,""end"":1.0427111111111111,""frame_count"":1,""selected_frame_count"":1,""valid_embedding_count"":1,""robust_retained_count"":1,""dispersion"":0.0,""failures_json"":""[]""},{""sample_id"":""-hnBHBN8p5A$_$6"",""video_id"":""-hnBHBN8p5A"",""episode_key"":""1:6"",""face_id"":1,""episode_id"":6,""start"":4.0040000000000004,""end"":4.087411111111111,""frame_count"":2,""selected_frame_count"":2,""valid_embedding_count"":2,""robust_retained_count"":2,""dispersion"":0.031498998403549194,""failures_json"":""[]""}]"
-hnBHBN8p5A$_$7,-hnBHBN8p5A,0.5,7,6,3,"[[""0:0""],[""0:1"",""0:2"",""1:4"",""1:5"",""1:6""],[""0:3""]]","[{""cluster_id"":0,""episodes"":[""0:0""],""coverage_s"":0.08341111111111077,""start"":0.20854444444444445,""end"":0.2919555555555556},{""cluster_id"":1,""episodes"":[""0:1"",""0:2"",""1:4"",""1:5"",""1:6""],""coverage_s"":3.9205777777777566,""start"":0.6673333333333333,""end"":7.3406666666666665},{""cluster_id"":2,""episodes"":[""0:3""],""coverage_s"":0.041699999999999626,""start"":5.422088888888889,""end"":5.463788888888889}]","0:0|0:1,0:2,1:4,1:5,1:6|0:3",0,0,"[{""sample_id"":""-hnBHBN8p5A$_$7"",""video_id"":""-hnBHBN8p5A"",""episode_key"":""0:0"",""face_id"":0,""episode_id"":0,""start"":0.20854444444444445,""end"":0.2919555555555556,""frame_count"":2,""selected_frame_count"":2,""valid_embedding_count"":2,""robust_retained_count"":2,""dispersion"":0.07382765412330627,""failures_json"":""[]""},{""sample_id"":""-hnBHBN8p5A$_$7"",""video_id"":""-hnBHBN8p5A"",""episode_key"":""0:1"",""face_id"":0,""episode_id"":1,""start"":0.6673333333333333,""end"":0.8758777777777775,""frame_count"":5,""selected_frame_count"":5,""valid_embedding_count"":5,""robust_retained_count"":4,""dispersion"":0.017305344343185425,""failures_json"":""[]""},{""sample_id"":""-hnBHBN8p5A$_$7"",""video_id"":""-hnBHBN8p5A"",""episode_key"":""0:2"",""face_id"":0,""episode_id"":2,""start"":3.461788888888889,""end"":4.963288888888889,""frame_count"":36,""selected_frame_count"":12,""valid_embedding_count"":12,""robust_retained_count"":10,""dispersion"":0.07978242635726929,""failures_json"":""[]""},{""sample_id"":""-hnBHBN8p5A$_$7"",""video_id"":""-hnBHBN8p5A"",""episode_key"":""0:3"",""face_id"":0,""episode_id"":3,""start"":5.422088888888889,""end"":5.463788888888889,""frame_count"":1,""selected_frame_count"":0,""valid_embedding_count"":0,""robust_retained_count"":0,""dispersion"":"""",""failures_json"":""[]""},{""sample_id"":""-hnBHBN8p5A$_$7"",""video_id"":""-hnBHBN8p5A"",""episode_key"":""1:4"",""face_id"":1,""episode_id"":4,""start"":1.2095444444444445,""end"":1.8768777777777776,""frame_count"":14,""selected_frame_count"":12,""valid_embedding_count"":12,""robust_retained_count"":10,""dispersion"":0.10471677780151367,""failures_json"":""[]""},{""sample_id"":""-hnBHBN8p5A$_$7"",""video_id"":""-hnBHBN8p5A"",""episode_key"":""1:5"",""face_id"":1,""episode_id"":5,""start"":5.005,""end"":5.046711111111111,""frame_count"":1,""selected_frame_count"":1,""valid_embedding_count"":1,""robust_retained_count"":1,""dispersion"":0.0,""failures_json"":""[]""},{""sample_id"":""-hnBHBN8p5A$_$7"",""video_id"":""-hnBHBN8p5A"",""episode_key"":""1:6"",""face_id"":1,""episode_id"":6,""start"":5.755755555555556,""end"":7.3406666666666665,""frame_count"":38,""selected_frame_count"":12,""valid_embedding_count"":12,""robust_retained_count"":10,""dispersion"":0.07283321022987366,""failures_json"":""[]""}]"
-hnBHBN8p5A$_$7,-hnBHBN8p5A,0.6,7,6,4,"[[""0:0""],[""0:1"",""0:2"",""1:5"",""1:6""],[""0:3""],[""1:4""]]","[{""cluster_id"":0,""episodes"":[""0:0""],""coverage_s"":0.08341111111111077,""start"":0.20854444444444445,""end"":0.2919555555555556},{""cluster_id"":1,""episodes"":[""0:1"",""0:2"",""1:5"",""1:6""],""coverage_s"":3.3366666666666482,""start"":0.6673333333333333,""end"":7.3406666666666665},{""cluster_id"":2,""episodes"":[""0:3""],""coverage_s"":0.041699999999999626,""start"":5.422088888888889,""end"":5.463788888888889},{""cluster_id"":3,""episodes"":[""1:4""],""coverage_s"":0.5839111111111079,""start"":1.2095444444444445,""end"":1.8768777777777776}]","0:0|0:1,0:2,1:5,1:6|0:3|1:4",0,0,"[{""sample_id"":""-hnBHBN8p5A$_$7"",""video_id"":""-hnBHBN8p5A"",""episode_key"":""0:0"",""face_id"":0,""episode_id"":0,""start"":0.20854444444444445,""end"":0.2919555555555556,""frame_count"":2,""selected_frame_count"":2,""valid_embedding_count"":2,""robust_retained_count"":2,""dispersion"":0.07382765412330627,""failures_json"":""[]""},{""sample_id"":""-hnBHBN8p5A$_$7"",""video_id"":""-hnBHBN8p5A"",""episode_key"":""0:1"",""face_id"":0,""episode_id"":1,""start"":0.6673333333333333,""end"":0.8758777777777775,""frame_count"":5,""selected_frame_count"":5,""valid_embedding_count"":5,""robust_retained_count"":4,""dispersion"":0.017305344343185425,""failures_json"":""[]""},{""sample_id"":""-hnBHBN8p5A$_$7"",""video_id"":""-hnBHBN8p5A"",""episode_key"":""0:2"",""face_id"":0,""episode_id"":2,""start"":3.461788888888889,""end"":4.963288888888889,""frame_count"":36,""selected_frame_count"":12,""valid_embedding_count"":12,""robust_retained_count"":10,""dispersion"":0.07978242635726929,""failures_json"":""[]""},{""sample_id"":""-hnBHBN8p5A$_$7"",""video_id"":""-hnBHBN8p5A"",""episode_key"":""0:3"",""face_id"":0,""episode_id"":3,""start"":5.422088888888889,""end"":5.463788888888889,""frame_count"":1,""selected_frame_count"":0,""valid_embedding_count"":0,""robust_retained_count"":0,""dispersion"":"""",""failures_json"":""[]""},{""sample_id"":""-hnBHBN8p5A$_$7"",""video_id"":""-hnBHBN8p5A"",""episode_key"":""1:4"",""face_id"":1,""episode_id"":4,""start"":1.2095444444444445,""end"":1.8768777777777776,""frame_count"":14,""selected_frame_count"":12,""valid_embedding_count"":12,""robust_retained_count"":10,""dispersion"":0.10471677780151367,""failures_json"":""[]""},{""sample_id"":""-hnBHBN8p5A$_$7"",""video_id"":""-hnBHBN8p5A"",""episode_key"":""1:5"",""face_id"":1,""episode_id"":5,""start"":5.005,""end"":5.046711111111111,""frame_count"":1,""selected_frame_count"":1,""valid_embedding_count"":1,""robust_retained_count"":1,""dispersion"":0.0,""failures_json"":""[]""},{""sample_id"":""-hnBHBN8p5A$_$7"",""video_id"":""-hnBHBN8p5A"",""episode_key"":""1:6"",""face_id"":1,""episode_id"":6,""start"":5.755755555555556,""end"":7.3406666666666665,""frame_count"":38,""selected_frame_count"":12,""valid_embedding_count"":12,""robust_retained_count"":10,""dispersion"":0.07283321022987366,""failures_json"":""[]""}]"
-hnBHBN8p5A$_$7,-hnBHBN8p5A,0.7,7,6,5,"[[""0:0""],[""0:1""],[""0:2"",""1:5"",""1:6""],[""0:3""],[""1:4""]]","[{""cluster_id"":0,""episodes"":[""0:0""],""coverage_s"":0.08341111111111077,""start"":0.20854444444444445,""end"":0.2919555555555556},{""cluster_id"":1,""episodes"":[""0:1""],""coverage_s"":0.2085444444444431,""start"":0.6673333333333333,""end"":0.8758777777777775},{""cluster_id"":2,""episodes"":[""0:2"",""1:5"",""1:6""],""coverage_s"":3.1281222222222045,""start"":3.461788888888889,""end"":7.3406666666666665},{""cluster_id"":3,""episodes"":[""0:3""],""coverage_s"":0.041699999999999626,""start"":5.422088888888889,""end"":5.463788888888889},{""cluster_id"":4,""episodes"":[""1:4""],""coverage_s"":0.5839111111111079,""start"":1.2095444444444445,""end"":1.8768777777777776}]","0:0|0:1|0:2,1:5,1:6|0:3|1:4",0,0,"[{""sample_id"":""-hnBHBN8p5A$_$7"",""video_id"":""-hnBHBN8p5A"",""episode_key"":""0:0"",""face_id"":0,""episode_id"":0,""start"":0.20854444444444445,""end"":0.2919555555555556,""frame_count"":2,""selected_frame_count"":2,""valid_embedding_count"":2,""robust_retained_count"":2,""dispersion"":0.07382765412330627,""failures_json"":""[]""},{""sample_id"":""-hnBHBN8p5A$_$7"",""video_id"":""-hnBHBN8p5A"",""episode_key"":""0:1"",""face_id"":0,""episode_id"":1,""start"":0.6673333333333333,""end"":0.8758777777777775,""frame_count"":5,""selected_frame_count"":5,""valid_embedding_count"":5,""robust_retained_count"":4,""dispersion"":0.017305344343185425,""failures_json"":""[]""},{""sample_id"":""-hnBHBN8p5A$_$7"",""video_id"":""-hnBHBN8p5A"",""episode_key"":""0:2"",""face_id"":0,""episode_id"":2,""start"":3.461788888888889,""end"":4.963288888888889,""frame_count"":36,""selected_frame_count"":12,""valid_embedding_count"":12,""robust_retained_count"":10,""dispersion"":0.07978242635726929,""failures_json"":""[]""},{""sample_id"":""-hnBHBN8p5A$_$7"",""video_id"":""-hnBHBN8p5A"",""episode_key"":""0:3"",""face_id"":0,""episode_id"":3,""start"":5.422088888888889,""end"":5.463788888888889,""frame_count"":1,""selected_frame_count"":0,""valid_embedding_count"":0,""robust_retained_count"":0,""dispersion"":"""",""failures_json"":""[]""},{""sample_id"":""-hnBHBN8p5A$_$7"",""video_id"":""-hnBHBN8p5A"",""episode_key"":""1:4"",""face_id"":1,""episode_id"":4,""start"":1.2095444444444445,""end"":1.8768777777777776,""frame_count"":14,""selected_frame_count"":12,""valid_embedding_count"":12,""robust_retained_count"":10,""dispersion"":0.10471677780151367,""failures_json"":""[]""},{""sample_id"":""-hnBHBN8p5A$_$7"",""video_id"":""-hnBHBN8p5A"",""episode_key"":""1:5"",""face_id"":1,""episode_id"":5,""start"":5.005,""end"":5.046711111111111,""frame_count"":1,""selected_frame_count"":1,""valid_embedding_count"":1,""robust_retained_count"":1,""dispersion"":0.0,""failures_json"":""[]""},{""sample_id"":""-hnBHBN8p5A$_$7"",""video_id"":""-hnBHBN8p5A"",""episode_key"":""1:6"",""face_id"":1,""episode_id"":6,""start"":5.755755555555556,""end"":7.3406666666666665,""frame_count"":38,""selected_frame_count"":12,""valid_embedding_count"":12,""robust_retained_count"":10,""dispersion"":0.07283321022987366,""failures_json"":""[]""}]"
-iRBcNs9oI8$_$3,-iRBcNs9oI8,0.5,1,1,1,"[[""0:0""]]","[{""cluster_id"":0,""episodes"":[""0:0""],""coverage_s"":4.671333333333332,""start"":0.0,""end"":5.605600000000001}]",0:0,1,0,"[{""sample_id"":""-iRBcNs9oI8$_$3"",""video_id"":""-iRBcNs9oI8"",""episode_key"":""0:0"",""face_id"":0,""episode_id"":0,""start"":0.0,""end"":5.605600000000001,""frame_count"":140,""selected_frame_count"":12,""valid_embedding_count"":12,""robust_retained_count"":10,""dispersion"":0.09056022763252258,""failures_json"":""[]""}]"
-iRBcNs9oI8$_$3,-iRBcNs9oI8,0.6,1,1,1,"[[""0:0""]]","[{""cluster_id"":0,""episodes"":[""0:0""],""coverage_s"":4.671333333333332,""start"":0.0,""end"":5.605600000000001}]",0:0,1,0,"[{""sample_id"":""-iRBcNs9oI8$_$3"",""video_id"":""-iRBcNs9oI8"",""episode_key"":""0:0"",""face_id"":0,""episode_id"":0,""start"":0.0,""end"":5.605600000000001,""frame_count"":140,""selected_frame_count"":12,""valid_embedding_count"":12,""robust_retained_count"":10,""dispersion"":0.09056022763252258,""failures_json"":""[]""}]"
-iRBcNs9oI8$_$3,-iRBcNs9oI8,0.7,1,1,1,"[[""0:0""]]","[{""cluster_id"":0,""episodes"":[""0:0""],""coverage_s"":4.671333333333332,""start"":0.0,""end"":5.605600000000001}]",0:0,1,0,"[{""sample_id"":""-iRBcNs9oI8$_$3"",""video_id"":""-iRBcNs9oI8"",""episode_key"":""0:0"",""face_id"":0,""episode_id"":0,""start"":0.0,""end"":5.605600000000001,""frame_count"":140,""selected_frame_count"":12,""valid_embedding_count"":12,""robust_retained_count"":10,""dispersion"":0.09056022763252258,""failures_json"":""[]""}]"
-iRBcNs9oI8$_$6,-iRBcNs9oI8,0.5,1,1,1,"[[""0:0""]]","[{""cluster_id"":0,""episodes"":[""0:0""],""coverage_s"":2.4024000000000005,""start"":0.0,""end"":2.8695333333333335}]",0:0,1,0,"[{""sample_id"":""-iRBcNs9oI8$_$6"",""video_id"":""-iRBcNs9oI8"",""episode_key"":""0:0"",""face_id"":0,""episode_id"":0,""start"":0.0,""end"":2.8695333333333335,""frame_count"":72,""selected_frame_count"":12,""valid_embedding_count"":12,""robust_retained_count"":10,""dispersion"":0.058815181255340576,""failures_json"":""[]""}]"
-iRBcNs9oI8$_$6,-iRBcNs9oI8,0.6,1,1,1,"[[""0:0""]]","[{""cluster_id"":0,""episodes"":[""0:0""],""coverage_s"":2.4024000000000005,""start"":0.0,""end"":2.8695333333333335}]",0:0,1,0,"[{""sample_id"":""-iRBcNs9oI8$_$6"",""video_id"":""-iRBcNs9oI8"",""episode_key"":""0:0"",""face_id"":0,""episode_id"":0,""start"":0.0,""end"":2.8695333333333335,""frame_count"":72,""selected_frame_count"":12,""valid_embedding_count"":12,""robust_retained_count"":10,""dispersion"":0.058815181255340576,""failures_json"":""[]""}]"
-iRBcNs9oI8$_$6,-iRBcNs9oI8,0.7,1,1,1,"[[""0:0""]]","[{""cluster_id"":0,""episodes"":[""0:0""],""coverage_s"":2.4024000000000005,""start"":0.0,""end"":2.8695333333333335}]",0:0,1,0,"[{""sample_id"":""-iRBcNs9oI8$_$6"",""video_id"":""-iRBcNs9oI8"",""episode_key"":""0:0"",""face_id"":0,""episode_id"":0,""start"":0.0,""end"":2.8695333333333335,""frame_count"":72,""selected_frame_count"":12,""valid_embedding_count"":12,""robust_retained_count"":10,""dispersion"":0.058815181255340576,""failures_json"":""[]""}]"
-iRBcNs9oI8$_$7,-iRBcNs9oI8,0.5,1,1,1,"[[""0:0""]]","[{""cluster_id"":0,""episodes"":[""0:0""],""coverage_s"":3.3700333333333337,""start"":0.0,""end"":4.070733333333334}]",0:0,1,0,"[{""sample_id"":""-iRBcNs9oI8$_$7"",""video_id"":""-iRBcNs9oI8"",""episode_key"":""0:0"",""face_id"":0,""episode_id"":0,""start"":0.0,""end"":4.070733333333334,""frame_count"":101,""selected_frame_count"":12,""valid_embedding_count"":12,""robust_retained_count"":10,""dispersion"":0.04509323835372925,""failures_json"":""[]""}]"
-iRBcNs9oI8$_$7,-iRBcNs9oI8,0.6,1,1,1,"[[""0:0""]]","[{""cluster_id"":0,""episodes"":[""0:0""],""coverage_s"":3.3700333333333337,""start"":0.0,""end"":4.070733333333334}]",0:0,1,0,"[{""sample_id"":""-iRBcNs9oI8$_$7"",""video_id"":""-iRBcNs9oI8"",""episode_key"":""0:0"",""face_id"":0,""episode_id"":0,""start"":0.0,""end"":4.070733333333334,""frame_count"":101,""selected_frame_count"":12,""valid_embedding_count"":12,""robust_retained_count"":10,""dispersion"":0.04509323835372925,""failures_json"":""[]""}]"
-iRBcNs9oI8$_$7,-iRBcNs9oI8,0.7,1,1,1,"[[""0:0""]]","[{""cluster_id"":0,""episodes"":[""0:0""],""coverage_s"":3.3700333333333337,""start"":0.0,""end"":4.070733333333334}]",0:0,1,0,"[{""sample_id"":""-iRBcNs9oI8$_$7"",""video_id"":""-iRBcNs9oI8"",""episode_key"":""0:0"",""face_id"":0,""episode_id"":0,""start"":0.0,""end"":4.070733333333334,""frame_count"":101,""selected_frame_count"":12,""valid_embedding_count"":12,""robust_retained_count"":10,""dispersion"":0.04509323835372925,""failures_json"":""[]""}]"
-iRBcNs9oI8$_$8,-iRBcNs9oI8,0.5,1,1,1,"[[""0:0""]]","[{""cluster_id"":0,""episodes"":[""0:0""],""coverage_s"":6.706699999999998,""start"":0.0,""end"":8.008000000000001}]",0:0,1,0,"[{""sample_id"":""-iRBcNs9oI8$_$8"",""video_id"":""-iRBcNs9oI8"",""episode_key"":""0:0"",""face_id"":0,""episode_id"":0,""start"":0.0,""end"":8.008000000000001,""frame_count"":201,""selected_frame_count"":12,""valid_embedding_count"":12,""robust_retained_count"":10,""dispersion"":0.05471870303153992,""failures_json"":""[]""}]"
-iRBcNs9oI8$_$8,-iRBcNs9oI8,0.6,1,1,1,"[[""0:0""]]","[{""cluster_id"":0,""episodes"":[""0:0""],""coverage_s"":6.706699999999998,""start"":0.0,""end"":8.008000000000001}]",0:0,1,0,"[{""sample_id"":""-iRBcNs9oI8$_$8"",""video_id"":""-iRBcNs9oI8"",""episode_key"":""0:0"",""face_id"":0,""episode_id"":0,""start"":0.0,""end"":8.008000000000001,""frame_count"":201,""selected_frame_count"":12,""valid_embedding_count"":12,""robust_retained_count"":10,""dispersion"":0.05471870303153992,""failures_json"":""[]""}]"
-iRBcNs9oI8$_$8,-iRBcNs9oI8,0.7,1,1,1,"[[""0:0""]]","[{""cluster_id"":0,""episodes"":[""0:0""],""coverage_s"":6.706699999999998,""start"":0.0,""end"":8.008000000000001}]",0:0,1,0,"[{""sample_id"":""-iRBcNs9oI8$_$8"",""video_id"":""-iRBcNs9oI8"",""episode_key"":""0:0"",""face_id"":0,""episode_id"":0,""start"":0.0,""end"":8.008000000000001,""frame_count"":201,""selected_frame_count"":12,""valid_embedding_count"":12,""robust_retained_count"":10,""dispersion"":0.05471870303153992,""failures_json"":""[]""}]"
-iRBcNs9oI8$_$9,-iRBcNs9oI8,0.5,2,2,1,"[[""0:0"",""0:1""]]","[{""cluster_id"":0,""episodes"":[""0:0"",""0:1""],""coverage_s"":1.9352666666666667,""start"":0.0,""end"":3.4034000000000004}]","0:0,0:1",1,0,"[{""sample_id"":""-iRBcNs9oI8$_$9"",""video_id"":""-iRBcNs9oI8"",""episode_key"":""0:0"",""face_id"":0,""episode_id"":0,""start"":0.0,""end"":0.5338666666666667,""frame_count"":13,""selected_frame_count"":12,""valid_embedding_count"":12,""robust_retained_count"":10,""dispersion"":0.019960612058639526,""failures_json"":""[]""},{""sample_id"":""-iRBcNs9oI8$_$9"",""video_id"":""-iRBcNs9oI8"",""episode_key"":""0:1"",""face_id"":0,""episode_id"":1,""start"":1.5682333333333334,""end"":3.4034000000000004,""frame_count"":45,""selected_frame_count"":12,""valid_embedding_count"":12,""robust_retained_count"":10,""dispersion"":0.05722898244857788,""failures_json"":""[]""}]"
-iRBcNs9oI8$_$9,-iRBcNs9oI8,0.6,2,2,1,"[[""0:0"",""0:1""]]","[{""cluster_id"":0,""episodes"":[""0:0"",""0:1""],""coverage_s"":1.9352666666666667,""start"":0.0,""end"":3.4034000000000004}]","0:0,0:1",1,0,"[{""sample_id"":""-iRBcNs9oI8$_$9"",""video_id"":""-iRBcNs9oI8"",""episode_key"":""0:0"",""face_id"":0,""episode_id"":0,""start"":0.0,""end"":0.5338666666666667,""frame_count"":13,""selected_frame_count"":12,""valid_embedding_count"":12,""robust_retained_count"":10,""dispersion"":0.019960612058639526,""failures_json"":""[]""},{""sample_id"":""-iRBcNs9oI8$_$9"",""video_id"":""-iRBcNs9oI8"",""episode_key"":""0:1"",""face_id"":0,""episode_id"":1,""start"":1.5682333333333334,""end"":3.4034000000000004,""frame_count"":45,""selected_frame_count"":12,""valid_embedding_count"":12,""robust_retained_count"":10,""dispersion"":0.05722898244857788,""failures_json"":""[]""}]"
-iRBcNs9oI8$_$9,-iRBcNs9oI8,0.7,2,2,1,"[[""0:0"",""0:1""]]","[{""cluster_id"":0,""episodes"":[""0:0"",""0:1""],""coverage_s"":1.9352666666666667,""start"":0.0,""end"":3.4034000000000004}]","0:0,0:1",1,0,"[{""sample_id"":""-iRBcNs9oI8$_$9"",""video_id"":""-iRBcNs9oI8"",""episode_key"":""0:0"",""face_id"":0,""episode_id"":0,""start"":0.0,""end"":0.5338666666666667,""frame_count"":13,""selected_frame_count"":12,""valid_embedding_count"":12,""robust_retained_count"":10,""dispersion"":0.019960612058639526,""failures_json"":""[]""},{""sample_id"":""-iRBcNs9oI8$_$9"",""video_id"":""-iRBcNs9oI8"",""episode_key"":""0:1"",""face_id"":0,""episode_id"":1,""start"":1.5682333333333334,""end"":3.4034000000000004,""frame_count"":45,""selected_frame_count"":12,""valid_embedding_count"":12,""robust_retained_count"":10,""dispersion"":0.05722898244857788,""failures_json"":""[]""}]"
-lzEya4AM_4$_$5,-lzEya4AM_4,0.5,1,1,1,"[[""0:0""]]","[{""cluster_id"":0,""episodes"":[""0:0""],""coverage_s"":6.366666666666644,""start"":0.0,""end"":7.666666666666666}]",0:0,1,0,"[{""sample_id"":""-lzEya4AM_4$_$5"",""video_id"":""-lzEya4AM_4"",""episode_key"":""0:0"",""face_id"":0,""episode_id"":0,""start"":0.0,""end"":7.666666666666666,""frame_count"":191,""selected_frame_count"":12,""valid_embedding_count"":12,""robust_retained_count"":10,""dispersion"":0.05726844072341919,""failures_json"":""[]""}]"
-lzEya4AM_4$_$5,-lzEya4AM_4,0.6,1,1,1,"[[""0:0""]]","[{""cluster_id"":0,""episodes"":[""0:0""],""coverage_s"":6.366666666666644,""start"":0.0,""end"":7.666666666666666}]",0:0,1,0,"[{""sample_id"":""-lzEya4AM_4$_$5"",""video_id"":""-lzEya4AM_4"",""episode_key"":""0:0"",""face_id"":0,""episode_id"":0,""start"":0.0,""end"":7.666666666666666,""frame_count"":191,""selected_frame_count"":12,""valid_embedding_count"":12,""robust_retained_count"":10,""dispersion"":0.05726844072341919,""failures_json"":""[]""}]"
-lzEya4AM_4$_$5,-lzEya4AM_4,0.7,1,1,1,"[[""0:0""]]","[{""cluster_id"":0,""episodes"":[""0:0""],""coverage_s"":6.366666666666644,""start"":0.0,""end"":7.666666666666666}]",0:0,1,0,"[{""sample_id"":""-lzEya4AM_4$_$5"",""video_id"":""-lzEya4AM_4"",""episode_key"":""0:0"",""face_id"":0,""episode_id"":0,""start"":0.0,""end"":7.666666666666666,""frame_count"":191,""selected_frame_count"":12,""valid_embedding_count"":12,""robust_retained_count"":10,""dispersion"":0.05726844072341919,""failures_json"":""[]""}]"
-lzEya4AM_4$_$6,-lzEya4AM_4,0.5,2,2,1,"[[""0:0"",""0:1""]]","[{""cluster_id"":0,""episodes"":[""0:0"",""0:1""],""coverage_s"":11.866666666666626,""start"":0.0,""end"":14.766666666666666}]","0:0,0:1",1,0,"[{""sample_id"":""-lzEya4AM_4$_$6"",""video_id"":""-lzEya4AM_4"",""episode_key"":""0:0"",""face_id"":0,""episode_id"":0,""start"":0.0,""end"":2.1333333333333333,""frame_count"":50,""selected_frame_count"":12,""valid_embedding_count"":12,""robust_retained_count"":10,""dispersion"":0.09613451361656189,""failures_json"":""[]""},{""sample_id"":""-lzEya4AM_4$_$6"",""video_id"":""-lzEya4AM_4"",""episode_key"":""0:1"",""face_id"":0,""episode_id"":1,""start"":2.533333333333333,""end"":14.766666666666666,""frame_count"":306,""selected_frame_count"":12,""valid_embedding_count"":12,""robust_retained_count"":10,""dispersion"":0.07426708936691284,""failures_json"":""[]""}]"
-lzEya4AM_4$_$6,-lzEya4AM_4,0.6,2,2,1,"[[""0:0"",""0:1""]]","[{""cluster_id"":0,""episodes"":[""0:0"",""0:1""],""coverage_s"":11.866666666666626,""start"":0.0,""end"":14.766666666666666}]","0:0,0:1",1,0,"[{""sample_id"":""-lzEya4AM_4$_$6"",""video_id"":""-lzEya4AM_4"",""episode_key"":""0:0"",""face_id"":0,""episode_id"":0,""start"":0.0,""end"":2.1333333333333333,""frame_count"":50,""selected_frame_count"":12,""valid_embedding_count"":12,""robust_retained_count"":10,""dispersion"":0.09613451361656189,""failures_json"":""[]""},{""sample_id"":""-lzEya4AM_4$_$6"",""video_id"":""-lzEya4AM_4"",""episode_key"":""0:1"",""face_id"":0,""episode_id"":1,""start"":2.533333333333333,""end"":14.766666666666666,""frame_count"":306,""selected_frame_count"":12,""valid_embedding_count"":12,""robust_retained_count"":10,""dispersion"":0.07426708936691284,""failures_json"":""[]""}]"
-lzEya4AM_4$_$6,-lzEya4AM_4,0.7,2,2,1,"[[""0:0"",""0:1""]]","[{""cluster_id"":0,""episodes"":[""0:0"",""0:1""],""coverage_s"":11.866666666666626,""start"":0.0,""end"":14.766666666666666}]","0:0,0:1",1,0,"[{""sample_id"":""-lzEya4AM_4$_$6"",""video_id"":""-lzEya4AM_4"",""episode_key"":""0:0"",""face_id"":0,""episode_id"":0,""start"":0.0,""end"":2.1333333333333333,""frame_count"":50,""selected_frame_count"":12,""valid_embedding_count"":12,""robust_retained_count"":10,""dispersion"":0.09613451361656189,""failures_json"":""[]""},{""sample_id"":""-lzEya4AM_4$_$6"",""video_id"":""-lzEya4AM_4"",""episode_key"":""0:1"",""face_id"":0,""episode_id"":1,""start"":2.533333333333333,""end"":14.766666666666666,""frame_count"":306,""selected_frame_count"":12,""valid_embedding_count"":12,""robust_retained_count"":10,""dispersion"":0.07426708936691284,""failures_json"":""[]""}]"
-mJ2ud6oKI8$_$1,-mJ2ud6oKI8,0.5,0,0,0,[],[],,1,0,[]
-mJ2ud6oKI8$_$1,-mJ2ud6oKI8,0.6,0,0,0,[],[],,1,0,[]
-mJ2ud6oKI8$_$1,-mJ2ud6oKI8,0.7,0,0,0,[],[],,1,0,[]
-mJ2ud6oKI8$_$2,-mJ2ud6oKI8,0.5,2,2,2,"[[""0:0""],[""1:1""]]","[{""cluster_id"":0,""episodes"":[""0:0""],""coverage_s"":0.3003,""start"":2.9696333333333333,""end"":3.336666666666667},{""cluster_id"":1,""episodes"":[""1:1""],""coverage_s"":1.8017999999999983,""start"":3.536866666666667,""end"":5.7057}]",0:0|1:1,1,0,"[{""sample_id"":""-mJ2ud6oKI8$_$2"",""video_id"":""-mJ2ud6oKI8"",""episode_key"":""0:0"",""face_id"":0,""episode_id"":0,""start"":2.9696333333333333,""end"":3.336666666666667,""frame_count"":9,""selected_frame_count"":9,""valid_embedding_count"":9,""robust_retained_count"":8,""dispersion"":0.012352854013442993,""failures_json"":""[]""},{""sample_id"":""-mJ2ud6oKI8$_$2"",""video_id"":""-mJ2ud6oKI8"",""episode_key"":""1:1"",""face_id"":1,""episode_id"":1,""start"":3.536866666666667,""end"":5.7057,""frame_count"":54,""selected_frame_count"":4,""valid_embedding_count"":4,""robust_retained_count"":4,""dispersion"":0.011397957801818848,""failures_json"":""[]""}]"
-mJ2ud6oKI8$_$2,-mJ2ud6oKI8,0.6,2,2,2,"[[""0:0""],[""1:1""]]","[{""cluster_id"":0,""episodes"":[""0:0""],""coverage_s"":0.3003,""start"":2.9696333333333333,""end"":3.336666666666667},{""cluster_id"":1,""episodes"":[""1:1""],""coverage_s"":1.8017999999999983,""start"":3.536866666666667,""end"":5.7057}]",0:0|1:1,1,0,"[{""sample_id"":""-mJ2ud6oKI8$_$2"",""video_id"":""-mJ2ud6oKI8"",""episode_key"":""0:0"",""face_id"":0,""episode_id"":0,""start"":2.9696333333333333,""end"":3.336666666666667,""frame_count"":9,""selected_frame_count"":9,""valid_embedding_count"":9,""robust_retained_count"":8,""dispersion"":0.012352854013442993,""failures_json"":""[]""},{""sample_id"":""-mJ2ud6oKI8$_$2"",""video_id"":""-mJ2ud6oKI8"",""episode_key"":""1:1"",""face_id"":1,""episode_id"":1,""start"":3.536866666666667,""end"":5.7057,""frame_count"":54,""selected_frame_count"":4,""valid_embedding_count"":4,""robust_retained_count"":4,""dispersion"":0.011397957801818848,""failures_json"":""[]""}]"
-mJ2ud6oKI8$_$2,-mJ2ud6oKI8,0.7,2,2,2,"[[""0:0""],[""1:1""]]","[{""cluster_id"":0,""episodes"":[""0:0""],""coverage_s"":0.3003,""start"":2.9696333333333333,""end"":3.336666666666667},{""cluster_id"":1,""episodes"":[""1:1""],""coverage_s"":1.8017999999999983,""start"":3.536866666666667,""end"":5.7057}]",0:0|1:1,1,0,"[{""sample_id"":""-mJ2ud6oKI8$_$2"",""video_id"":""-mJ2ud6oKI8"",""episode_key"":""0:0"",""face_id"":0,""episode_id"":0,""start"":2.9696333333333333,""end"":3.336666666666667,""frame_count"":9,""selected_frame_count"":9,""valid_embedding_count"":9,""robust_retained_count"":8,""dispersion"":0.012352854013442993,""failures_json"":""[]""},{""sample_id"":""-mJ2ud6oKI8$_$2"",""video_id"":""-mJ2ud6oKI8"",""episode_key"":""1:1"",""face_id"":1,""episode_id"":1,""start"":3.536866666666667,""end"":5.7057,""frame_count"":54,""selected_frame_count"":4,""valid_embedding_count"":4,""robust_retained_count"":4,""dispersion"":0.011397957801818848,""failures_json"":""[]""}]"
-mJ2ud6oKI8$_$6,-mJ2ud6oKI8,0.5,1,1,1,"[[""0:0""]]","[{""cluster_id"":0,""episodes"":[""0:0""],""coverage_s"":1.8685333333333318,""start"":0.0,""end"":2.2022}]",0:0,1,0,"[{""sample_id"":""-mJ2ud6oKI8$_$6"",""video_id"":""-mJ2ud6oKI8"",""episode_key"":""0:0"",""face_id"":0,""episode_id"":0,""start"":0.0,""end"":2.2022,""frame_count"":56,""selected_frame_count"":12,""valid_embedding_count"":12,""robust_retained_count"":10,""dispersion"":0.044210582971572876,""failures_json"":""[]""}]"
-mJ2ud6oKI8$_$6,-mJ2ud6oKI8,0.6,1,1,1,"[[""0:0""]]","[{""cluster_id"":0,""episodes"":[""0:0""],""coverage_s"":1.8685333333333318,""start"":0.0,""end"":2.2022}]",0:0,1,0,"[{""sample_id"":""-mJ2ud6oKI8$_$6"",""video_id"":""-mJ2ud6oKI8"",""episode_key"":""0:0"",""face_id"":0,""episode_id"":0,""start"":0.0,""end"":2.2022,""frame_count"":56,""selected_frame_count"":12,""valid_embedding_count"":12,""robust_retained_count"":10,""dispersion"":0.044210582971572876,""failures_json"":""[]""}]"
-mJ2ud6oKI8$_$6,-mJ2ud6oKI8,0.7,1,1,1,"[[""0:0""]]","[{""cluster_id"":0,""episodes"":[""0:0""],""coverage_s"":1.8685333333333318,""start"":0.0,""end"":2.2022}]",0:0,1,0,"[{""sample_id"":""-mJ2ud6oKI8$_$6"",""video_id"":""-mJ2ud6oKI8"",""episode_key"":""0:0"",""face_id"":0,""episode_id"":0,""start"":0.0,""end"":2.2022,""frame_count"":56,""selected_frame_count"":12,""valid_embedding_count"":12,""robust_retained_count"":10,""dispersion"":0.044210582971572876,""failures_json"":""[]""}]"
-mJ2ud6oKI8$_$8,-mJ2ud6oKI8,0.5,1,1,1,"[[""0:0""]]","[{""cluster_id"":0,""episodes"":[""0:0""],""coverage_s"":3.503499999999999,""start"":0.0,""end"":4.170833333333333}]",0:0,1,0,"[{""sample_id"":""-mJ2ud6oKI8$_$8"",""video_id"":""-mJ2ud6oKI8"",""episode_key"":""0:0"",""face_id"":0,""episode_id"":0,""start"":0.0,""end"":4.170833333333333,""frame_count"":105,""selected_frame_count"":12,""valid_embedding_count"":12,""robust_retained_count"":10,""dispersion"":0.037645161151885986,""failures_json"":""[]""}]"
-mJ2ud6oKI8$_$8,-mJ2ud6oKI8,0.6,1,1,1,"[[""0:0""]]","[{""cluster_id"":0,""episodes"":[""0:0""],""coverage_s"":3.503499999999999,""start"":0.0,""end"":4.170833333333333}]",0:0,1,0,"[{""sample_id"":""-mJ2ud6oKI8$_$8"",""video_id"":""-mJ2ud6oKI8"",""episode_key"":""0:0"",""face_id"":0,""episode_id"":0,""start"":0.0,""end"":4.170833333333333,""frame_count"":105,""selected_frame_count"":12,""valid_embedding_count"":12,""robust_retained_count"":10,""dispersion"":0.037645161151885986,""failures_json"":""[]""}]"
-mJ2ud6oKI8$_$8,-mJ2ud6oKI8,0.7,1,1,1,"[[""0:0""]]","[{""cluster_id"":0,""episodes"":[""0:0""],""coverage_s"":3.503499999999999,""start"":0.0,""end"":4.170833333333333}]",0:0,1,0,"[{""sample_id"":""-mJ2ud6oKI8$_$8"",""video_id"":""-mJ2ud6oKI8"",""episode_key"":""0:0"",""face_id"":0,""episode_id"":0,""start"":0.0,""end"":4.170833333333333,""frame_count"":105,""selected_frame_count"":12,""valid_embedding_count"":12,""robust_retained_count"":10,""dispersion"":0.037645161151885986,""failures_json"":""[]""}]"
-mJ2ud6oKI8$_$9,-mJ2ud6oKI8,0.5,2,2,1,"[[""0:0"",""1:1""]]","[{""cluster_id"":0,""episodes"":[""0:0"",""1:1""],""coverage_s"":5.638966666666665,""start"":0.0,""end"":7.007000000000001}]","0:0,1:1",1,0,"[{""sample_id"":""-mJ2ud6oKI8$_$9"",""video_id"":""-mJ2ud6oKI8"",""episode_key"":""0:0"",""face_id"":0,""episode_id"":0,""start"":0.0,""end"":4.571233333333334,""frame_count"":115,""selected_frame_count"":12,""valid_embedding_count"":12,""robust_retained_count"":10,""dispersion"":0.05303955078125,""failures_json"":""[]""},{""sample_id"":""-mJ2ud6oKI8$_$9"",""video_id"":""-mJ2ud6oKI8"",""episode_key"":""1:1"",""face_id"":1,""episode_id"":1,""start"":4.771433333333333,""end"":7.007000000000001,""frame_count"":54,""selected_frame_count"":12,""valid_embedding_count"":12,""robust_retained_count"":10,""dispersion"":0.06703794002532959,""failures_json"":""[]""}]"
-mJ2ud6oKI8$_$9,-mJ2ud6oKI8,0.6,2,2,1,"[[""0:0"",""1:1""]]","[{""cluster_id"":0,""episodes"":[""0:0"",""1:1""],""coverage_s"":5.638966666666665,""start"":0.0,""end"":7.007000000000001}]","0:0,1:1",1,0,"[{""sample_id"":""-mJ2ud6oKI8$_$9"",""video_id"":""-mJ2ud6oKI8"",""episode_key"":""0:0"",""face_id"":0,""episode_id"":0,""start"":0.0,""end"":4.571233333333334,""frame_count"":115,""selected_frame_count"":12,""valid_embedding_count"":12,""robust_retained_count"":10,""dispersion"":0.05303955078125,""failures_json"":""[]""},{""sample_id"":""-mJ2ud6oKI8$_$9"",""video_id"":""-mJ2ud6oKI8"",""episode_key"":""1:1"",""face_id"":1,""episode_id"":1,""start"":4.771433333333333,""end"":7.007000000000001,""frame_count"":54,""selected_frame_count"":12,""valid_embedding_count"":12,""robust_retained_count"":10,""dispersion"":0.06703794002532959,""failures_json"":""[]""}]"
-mJ2ud6oKI8$_$9,-mJ2ud6oKI8,0.7,2,2,1,"[[""0:0"",""1:1""]]","[{""cluster_id"":0,""episodes"":[""0:0"",""1:1""],""coverage_s"":5.638966666666665,""start"":0.0,""end"":7.007000000000001}]","0:0,1:1",1,0,"[{""sample_id"":""-mJ2ud6oKI8$_$9"",""video_id"":""-mJ2ud6oKI8"",""episode_key"":""0:0"",""face_id"":0,""episode_id"":0,""start"":0.0,""end"":4.571233333333334,""frame_count"":115,""selected_frame_count"":12,""valid_embedding_count"":12,""robust_retained_count"":10,""dispersion"":0.05303955078125,""failures_json"":""[]""},{""sample_id"":""-mJ2ud6oKI8$_$9"",""video_id"":""-mJ2ud6oKI8"",""episode_key"":""1:1"",""face_id"":1,""episode_id"":1,""start"":4.771433333333333,""end"":7.007000000000001,""frame_count"":54,""selected_frame_count"":12,""valid_embedding_count"":12,""robust_retained_count"":10,""dispersion"":0.06703794002532959,""failures_json"":""[]""}]"
-mqbVkbCndg$_$0,-mqbVkbCndg,0.5,1,1,1,"[[""0:0""]]","[{""cluster_id"":0,""episodes"":[""0:0""],""coverage_s"":5.399999999999981,""start"":0.0,""end"":6.5}]",0:0,1,0,"[{""sample_id"":""-mqbVkbCndg$_$0"",""video_id"":""-mqbVkbCndg"",""episode_key"":""0:0"",""face_id"":0,""episode_id"":0,""start"":0.0,""end"":6.5,""frame_count"":162,""selected_frame_count"":12,""valid_embedding_count"":12,""robust_retained_count"":10,""dispersion"":0.022011518478393555,""failures_json"":""[]""}]"
-mqbVkbCndg$_$0,-mqbVkbCndg,0.6,1,1,1,"[[""0:0""]]","[{""cluster_id"":0,""episodes"":[""0:0""],""coverage_s"":5.399999999999981,""start"":0.0,""end"":6.5}]",0:0,1,0,"[{""sample_id"":""-mqbVkbCndg$_$0"",""video_id"":""-mqbVkbCndg"",""episode_key"":""0:0"",""face_id"":0,""episode_id"":0,""start"":0.0,""end"":6.5,""frame_count"":162,""selected_frame_count"":12,""valid_embedding_count"":12,""robust_retained_count"":10,""dispersion"":0.022011518478393555,""failures_json"":""[]""}]"
-mqbVkbCndg$_$0,-mqbVkbCndg,0.7,1,1,1,"[[""0:0""]]","[{""cluster_id"":0,""episodes"":[""0:0""],""coverage_s"":5.399999999999981,""start"":0.0,""end"":6.5}]",0:0,1,0,"[{""sample_id"":""-mqbVkbCndg$_$0"",""video_id"":""-mqbVkbCndg"",""episode_key"":""0:0"",""face_id"":0,""episode_id"":0,""start"":0.0,""end"":6.5,""frame_count"":162,""selected_frame_count"":12,""valid_embedding_count"":12,""robust_retained_count"":10,""dispersion"":0.022011518478393555,""failures_json"":""[]""}]"
-qDkUB0GgYY$_$6,-qDkUB0GgYY,0.5,1,1,1,"[[""0:0""]]","[{""cluster_id"":0,""episodes"":[""0:0""],""coverage_s"":3.899999999999986,""start"":0.0,""end"":4.666666666666666}]",0:0,1,0,"[{""sample_id"":""-qDkUB0GgYY$_$6"",""video_id"":""-qDkUB0GgYY"",""episode_key"":""0:0"",""face_id"":0,""episode_id"":0,""start"":0.0,""end"":4.666666666666666,""frame_count"":117,""selected_frame_count"":12,""valid_embedding_count"":12,""robust_retained_count"":10,""dispersion"":0.0647682249546051,""failures_json"":""[]""}]"
-qDkUB0GgYY$_$6,-qDkUB0GgYY,0.6,1,1,1,"[[""0:0""]]","[{""cluster_id"":0,""episodes"":[""0:0""],""coverage_s"":3.899999999999986,""start"":0.0,""end"":4.666666666666666}]",0:0,1,0,"[{""sample_id"":""-qDkUB0GgYY$_$6"",""video_id"":""-qDkUB0GgYY"",""episode_key"":""0:0"",""face_id"":0,""episode_id"":0,""start"":0.0,""end"":4.666666666666666,""frame_count"":117,""selected_frame_count"":12,""valid_embedding_count"":12,""robust_retained_count"":10,""dispersion"":0.0647682249546051,""failures_json"":""[]""}]"
-qDkUB0GgYY$_$6,-qDkUB0GgYY,0.7,1,1,1,"[[""0:0""]]","[{""cluster_id"":0,""episodes"":[""0:0""],""coverage_s"":3.899999999999986,""start"":0.0,""end"":4.666666666666666}]",0:0,1,0,"[{""sample_id"":""-qDkUB0GgYY$_$6"",""video_id"":""-qDkUB0GgYY"",""episode_key"":""0:0"",""face_id"":0,""episode_id"":0,""start"":0.0,""end"":4.666666666666666,""frame_count"":117,""selected_frame_count"":12,""valid_embedding_count"":12,""robust_retained_count"":10,""dispersion"":0.0647682249546051,""failures_json"":""[]""}]"
-ri04Z7vwnc$_$0,-ri04Z7vwnc,0.5,0,0,0,[],[],,1,0,[]
-ri04Z7vwnc$_$0,-ri04Z7vwnc,0.6,0,0,0,[],[],,1,0,[]
-ri04Z7vwnc$_$0,-ri04Z7vwnc,0.7,0,0,0,[],[],,1,0,[]
-ri04Z7vwnc$_$2,-ri04Z7vwnc,0.5,1,1,1,"[[""0:0""]]","[{""cluster_id"":0,""episodes"":[""0:0""],""coverage_s"":1.9602999999999886,""start"":4.0040000000000004,""end"":6.006}]",0:0,1,0,"[{""sample_id"":""-ri04Z7vwnc$_$2"",""video_id"":""-ri04Z7vwnc"",""episode_key"":""0:0"",""face_id"":0,""episode_id"":0,""start"":4.0040000000000004,""end"":6.006,""frame_count"":47,""selected_frame_count"":12,""valid_embedding_count"":12,""robust_retained_count"":10,""dispersion"":0.029629021883010864,""failures_json"":""[]""}]"
-ri04Z7vwnc$_$2,-ri04Z7vwnc,0.6,1,1,1,"[[""0:0""]]","[{""cluster_id"":0,""episodes"":[""0:0""],""coverage_s"":1.9602999999999886,""start"":4.0040000000000004,""end"":6.006}]",0:0,1,0,"[{""sample_id"":""-ri04Z7vwnc$_$2"",""video_id"":""-ri04Z7vwnc"",""episode_key"":""0:0"",""face_id"":0,""episode_id"":0,""start"":4.0040000000000004,""end"":6.006,""frame_count"":47,""selected_frame_count"":12,""valid_embedding_count"":12,""robust_retained_count"":10,""dispersion"":0.029629021883010864,""failures_json"":""[]""}]"
-ri04Z7vwnc$_$2,-ri04Z7vwnc,0.7,1,1,1,"[[""0:0""]]","[{""cluster_id"":0,""episodes"":[""0:0""],""coverage_s"":1.9602999999999886,""start"":4.0040000000000004,""end"":6.006}]",0:0,1,0,"[{""sample_id"":""-ri04Z7vwnc$_$2"",""video_id"":""-ri04Z7vwnc"",""episode_key"":""0:0"",""face_id"":0,""episode_id"":0,""start"":4.0040000000000004,""end"":6.006,""frame_count"":47,""selected_frame_count"":12,""valid_embedding_count"":12,""robust_retained_count"":10,""dispersion"":0.029629021883010864,""failures_json"":""[]""}]"
-ri04Z7vwnc$_$5,-ri04Z7vwnc,0.5,1,1,1,"[[""0:0""]]","[{""cluster_id"":0,""episodes"":[""0:0""],""coverage_s"":3.4617999999999984,""start"":0.0,""end"":3.5035111111111115}]",0:0,1,0,"[{""sample_id"":""-ri04Z7vwnc$_$5"",""video_id"":""-ri04Z7vwnc"",""episode_key"":""0:0"",""face_id"":0,""episode_id"":0,""start"":0.0,""end"":3.5035111111111115,""frame_count"":83,""selected_frame_count"":12,""valid_embedding_count"":12,""robust_retained_count"":10,""dispersion"":0.043156564235687256,""failures_json"":""[]""}]"
-ri04Z7vwnc$_$5,-ri04Z7vwnc,0.6,1,1,1,"[[""0:0""]]","[{""cluster_id"":0,""episodes"":[""0:0""],""coverage_s"":3.4617999999999984,""start"":0.0,""end"":3.5035111111111115}]",0:0,1,0,"[{""sample_id"":""-ri04Z7vwnc$_$5"",""video_id"":""-ri04Z7vwnc"",""episode_key"":""0:0"",""face_id"":0,""episode_id"":0,""start"":0.0,""end"":3.5035111111111115,""frame_count"":83,""selected_frame_count"":12,""valid_embedding_count"":12,""robust_retained_count"":10,""dispersion"":0.043156564235687256,""failures_json"":""[]""}]"
-ri04Z7vwnc$_$5,-ri04Z7vwnc,0.7,1,1,1,"[[""0:0""]]","[{""cluster_id"":0,""episodes"":[""0:0""],""coverage_s"":3.4617999999999984,""start"":0.0,""end"":3.5035111111111115}]",0:0,1,0,"[{""sample_id"":""-ri04Z7vwnc$_$5"",""video_id"":""-ri04Z7vwnc"",""episode_key"":""0:0"",""face_id"":0,""episode_id"":0,""start"":0.0,""end"":3.5035111111111115,""frame_count"":83,""selected_frame_count"":12,""valid_embedding_count"":12,""robust_retained_count"":10,""dispersion"":0.043156564235687256,""failures_json"":""[]""}]"
-s9qJ7ATP7w$_$0,-s9qJ7ATP7w,0.5,3,3,2,"[[""0:0""],[""0:1"",""1:2""]]","[{""cluster_id"":0,""episodes"":[""0:0""],""coverage_s"":0.06666666666666643,""start"":2.1,""end"":2.1666666666666665},{""cluster_id"":1,""episodes"":[""0:1"",""1:2""],""coverage_s"":5.666666666666646,""start"":0.0,""end"":6.866666666666666}]","0:0|0:1,1:2",0,1,"[{""sample_id"":""-s9qJ7ATP7w$_$0"",""video_id"":""-s9qJ7ATP7w"",""episode_key"":""0:0"",""face_id"":0,""episode_id"":0,""start"":2.1,""end"":2.1666666666666665,""frame_count"":2,""selected_frame_count"":1,""valid_embedding_count"":1,""robust_retained_count"":1,""dispersion"":0.0,""failures_json"":""[]""},{""sample_id"":""-s9qJ7ATP7w$_$0"",""video_id"":""-s9qJ7ATP7w"",""episode_key"":""0:1"",""face_id"":0,""episode_id"":1,""start"":3.0,""end"":6.866666666666666,""frame_count"":94,""selected_frame_count"":12,""valid_embedding_count"":12,""robust_retained_count"":10,""dispersion"":0.1172800064086914,""failures_json"":""[]""},{""sample_id"":""-s9qJ7ATP7w$_$0"",""video_id"":""-s9qJ7ATP7w"",""episode_key"":""1:2"",""face_id"":1,""episode_id"":2,""start"":0.0,""end"":6.866666666666666,""frame_count"":170,""selected_frame_count"":12,""valid_embedding_count"":12,""robust_retained_count"":10,""dispersion"":0.0004509091377258301,""failures_json"":""[]""}]"
-s9qJ7ATP7w$_$0,-s9qJ7ATP7w,0.6,3,3,2,"[[""0:0""],[""0:1"",""1:2""]]","[{""cluster_id"":0,""episodes"":[""0:0""],""coverage_s"":0.06666666666666643,""start"":2.1,""end"":2.1666666666666665},{""cluster_id"":1,""episodes"":[""0:1"",""1:2""],""coverage_s"":5.666666666666646,""start"":0.0,""end"":6.866666666666666}]","0:0|0:1,1:2",0,1,"[{""sample_id"":""-s9qJ7ATP7w$_$0"",""video_id"":""-s9qJ7ATP7w"",""episode_key"":""0:0"",""face_id"":0,""episode_id"":0,""start"":2.1,""end"":2.1666666666666665,""frame_count"":2,""selected_frame_count"":1,""valid_embedding_count"":1,""robust_retained_count"":1,""dispersion"":0.0,""failures_json"":""[]""},{""sample_id"":""-s9qJ7ATP7w$_$0"",""video_id"":""-s9qJ7ATP7w"",""episode_key"":""0:1"",""face_id"":0,""episode_id"":1,""start"":3.0,""end"":6.866666666666666,""frame_count"":94,""selected_frame_count"":12,""valid_embedding_count"":12,""robust_retained_count"":10,""dispersion"":0.1172800064086914,""failures_json"":""[]""},{""sample_id"":""-s9qJ7ATP7w$_$0"",""video_id"":""-s9qJ7ATP7w"",""episode_key"":""1:2"",""face_id"":1,""episode_id"":2,""start"":0.0,""end"":6.866666666666666,""frame_count"":170,""selected_frame_count"":12,""valid_embedding_count"":12,""robust_retained_count"":10,""dispersion"":0.0004509091377258301,""failures_json"":""[]""}]"
-s9qJ7ATP7w$_$0,-s9qJ7ATP7w,0.7,3,3,3,"[[""0:0""],[""0:1""],[""1:2""]]","[{""cluster_id"":0,""episodes"":[""0:0""],""coverage_s"":0.06666666666666643,""start"":2.1,""end"":2.1666666666666665},{""cluster_id"":1,""episodes"":[""0:1""],""coverage_s"":3.1333333333333213,""start"":3.0,""end"":6.866666666666666},{""cluster_id"":2,""episodes"":[""1:2""],""coverage_s"":5.666666666666646,""start"":0.0,""end"":6.866666666666666}]",0:0|0:1|1:2,0,1,"[{""sample_id"":""-s9qJ7ATP7w$_$0"",""video_id"":""-s9qJ7ATP7w"",""episode_key"":""0:0"",""face_id"":0,""episode_id"":0,""start"":2.1,""end"":2.1666666666666665,""frame_count"":2,""selected_frame_count"":1,""valid_embedding_count"":1,""robust_retained_count"":1,""dispersion"":0.0,""failures_json"":""[]""},{""sample_id"":""-s9qJ7ATP7w$_$0"",""video_id"":""-s9qJ7ATP7w"",""episode_key"":""0:1"",""face_id"":0,""episode_id"":1,""start"":3.0,""end"":6.866666666666666,""frame_count"":94,""selected_frame_count"":12,""valid_embedding_count"":12,""robust_retained_count"":10,""dispersion"":0.1172800064086914,""failures_json"":""[]""},{""sample_id"":""-s9qJ7ATP7w$_$0"",""video_id"":""-s9qJ7ATP7w"",""episode_key"":""1:2"",""face_id"":1,""episode_id"":2,""start"":0.0,""end"":6.866666666666666,""frame_count"":170,""selected_frame_count"":12,""valid_embedding_count"":12,""robust_retained_count"":10,""dispersion"":0.0004509091377258301,""failures_json"":""[]""}]"
-s9qJ7ATP7w$_$1,-s9qJ7ATP7w,0.5,2,2,1,"[[""0:0"",""1:1""]]","[{""cluster_id"":0,""episodes"":[""0:0"",""1:1""],""coverage_s"":3.8999999999999853,""start"":0.0,""end"":4.766666666666667}]","0:0,1:1",0,0,"[{""sample_id"":""-s9qJ7ATP7w$_$1"",""video_id"":""-s9qJ7ATP7w"",""episode_key"":""0:0"",""face_id"":0,""episode_id"":0,""start"":0.8,""end"":4.766666666666667,""frame_count"":97,""selected_frame_count"":12,""valid_embedding_count"":12,""robust_retained_count"":10,""dispersion"":0.07457756996154785,""failures_json"":""[]""},{""sample_id"":""-s9qJ7ATP7w$_$1"",""video_id"":""-s9qJ7ATP7w"",""episode_key"":""1:1"",""face_id"":1,""episode_id"":1,""start"":0.0,""end"":4.766666666666667,""frame_count"":117,""selected_frame_count"":12,""valid_embedding_count"":12,""robust_retained_count"":10,""dispersion"":0.005370050668716431,""failures_json"":""[]""}]"
-s9qJ7ATP7w$_$1,-s9qJ7ATP7w,0.6,2,2,2,"[[""0:0""],[""1:1""]]","[{""cluster_id"":0,""episodes"":[""0:0""],""coverage_s"":3.233333333333322,""start"":0.8,""end"":4.766666666666667},{""cluster_id"":1,""episodes"":[""1:1""],""coverage_s"":3.8999999999999853,""start"":0.0,""end"":4.766666666666667}]",0:0|1:1,0,1,"[{""sample_id"":""-s9qJ7ATP7w$_$1"",""video_id"":""-s9qJ7ATP7w"",""episode_key"":""0:0"",""face_id"":0,""episode_id"":0,""start"":0.8,""end"":4.766666666666667,""frame_count"":97,""selected_frame_count"":12,""valid_embedding_count"":12,""robust_retained_count"":10,""dispersion"":0.07457756996154785,""failures_json"":""[]""},{""sample_id"":""-s9qJ7ATP7w$_$1"",""video_id"":""-s9qJ7ATP7w"",""episode_key"":""1:1"",""face_id"":1,""episode_id"":1,""start"":0.0,""end"":4.766666666666667,""frame_count"":117,""selected_frame_count"":12,""valid_embedding_count"":12,""robust_retained_count"":10,""dispersion"":0.005370050668716431,""failures_json"":""[]""}]"
-s9qJ7ATP7w$_$1,-s9qJ7ATP7w,0.7,2,2,2,"[[""0:0""],[""1:1""]]","[{""cluster_id"":0,""episodes"":[""0:0""],""coverage_s"":3.233333333333322,""start"":0.8,""end"":4.766666666666667},{""cluster_id"":1,""episodes"":[""1:1""],""coverage_s"":3.8999999999999853,""start"":0.0,""end"":4.766666666666667}]",0:0|1:1,0,1,"[{""sample_id"":""-s9qJ7ATP7w$_$1"",""video_id"":""-s9qJ7ATP7w"",""episode_key"":""0:0"",""face_id"":0,""episode_id"":0,""start"":0.8,""end"":4.766666666666667,""frame_count"":97,""selected_frame_count"":12,""valid_embedding_count"":12,""robust_retained_count"":10,""dispersion"":0.07457756996154785,""failures_json"":""[]""},{""sample_id"":""-s9qJ7ATP7w$_$1"",""video_id"":""-s9qJ7ATP7w"",""episode_key"":""1:1"",""face_id"":1,""episode_id"":1,""start"":0.0,""end"":4.766666666666667,""frame_count"":117,""selected_frame_count"":12,""valid_embedding_count"":12,""robust_retained_count"":10,""dispersion"":0.005370050668716431,""failures_json"":""[]""}]"
-s9qJ7ATP7w$_$4,-s9qJ7ATP7w,0.5,3,3,3,"[[""0:0""],[""1:1""],[""1:2""]]","[{""cluster_id"":0,""episodes"":[""0:0""],""coverage_s"":1.099999999999996,""start"":2.933333333333333,""end"":4.266666666666667},{""cluster_id"":1,""episodes"":[""1:1""],""coverage_s"":0.7666666666666644,""start"":0.6333333333333333,""end"":1.5333333333333332},{""cluster_id"":2,""episodes"":[""1:2""],""coverage_s"":0.033333333333333215,""start"":1.9,""end"":1.9333333333333331}]",0:0|1:1|1:2,1,0,"[{""sample_id"":""-s9qJ7ATP7w$_$4"",""video_id"":""-s9qJ7ATP7w"",""episode_key"":""0:0"",""face_id"":0,""episode_id"":0,""start"":2.933333333333333,""end"":4.266666666666667,""frame_count"":33,""selected_frame_count"":12,""valid_embedding_count"":12,""robust_retained_count"":10,""dispersion"":0.056116580963134766,""failures_json"":""[]""},{""sample_id"":""-s9qJ7ATP7w$_$4"",""video_id"":""-s9qJ7ATP7w"",""episode_key"":""1:1"",""face_id"":1,""episode_id"":1,""start"":0.6333333333333333,""end"":1.5333333333333332,""frame_count"":23,""selected_frame_count"":12,""valid_embedding_count"":12,""robust_retained_count"":10,""dispersion"":0.02181747555732727,""failures_json"":""[]""},{""sample_id"":""-s9qJ7ATP7w$_$4"",""video_id"":""-s9qJ7ATP7w"",""episode_key"":""1:2"",""face_id"":1,""episode_id"":2,""start"":1.9,""end"":1.9333333333333331,""frame_count"":1,""selected_frame_count"":1,""valid_embedding_count"":1,""robust_retained_count"":1,""dispersion"":0.0,""failures_json"":""[]""}]"
-s9qJ7ATP7w$_$4,-s9qJ7ATP7w,0.6,3,3,3,"[[""0:0""],[""1:1""],[""1:2""]]","[{""cluster_id"":0,""episodes"":[""0:0""],""coverage_s"":1.099999999999996,""start"":2.933333333333333,""end"":4.266666666666667},{""cluster_id"":1,""episodes"":[""1:1""],""coverage_s"":0.7666666666666644,""start"":0.6333333333333333,""end"":1.5333333333333332},{""cluster_id"":2,""episodes"":[""1:2""],""coverage_s"":0.033333333333333215,""start"":1.9,""end"":1.9333333333333331}]",0:0|1:1|1:2,1,0,"[{""sample_id"":""-s9qJ7ATP7w$_$4"",""video_id"":""-s9qJ7ATP7w"",""episode_key"":""0:0"",""face_id"":0,""episode_id"":0,""start"":2.933333333333333,""end"":4.266666666666667,""frame_count"":33,""selected_frame_count"":12,""valid_embedding_count"":12,""robust_retained_count"":10,""dispersion"":0.056116580963134766,""failures_json"":""[]""},{""sample_id"":""-s9qJ7ATP7w$_$4"",""video_id"":""-s9qJ7ATP7w"",""episode_key"":""1:1"",""face_id"":1,""episode_id"":1,""start"":0.6333333333333333,""end"":1.5333333333333332,""frame_count"":23,""selected_frame_count"":12,""valid_embedding_count"":12,""robust_retained_count"":10,""dispersion"":0.02181747555732727,""failures_json"":""[]""},{""sample_id"":""-s9qJ7ATP7w$_$4"",""video_id"":""-s9qJ7ATP7w"",""episode_key"":""1:2"",""face_id"":1,""episode_id"":2,""start"":1.9,""end"":1.9333333333333331,""frame_count"":1,""selected_frame_count"":1,""valid_embedding_count"":1,""robust_retained_count"":1,""dispersion"":0.0,""failures_json"":""[]""}]"
-s9qJ7ATP7w$_$4,-s9qJ7ATP7w,0.7,3,3,3,"[[""0:0""],[""1:1""],[""1:2""]]","[{""cluster_id"":0,""episodes"":[""0:0""],""coverage_s"":1.099999999999996,""start"":2.933333333333333,""end"":4.266666666666667},{""cluster_id"":1,""episodes"":[""1:1""],""coverage_s"":0.7666666666666644,""start"":0.6333333333333333,""end"":1.5333333333333332},{""cluster_id"":2,""episodes"":[""1:2""],""coverage_s"":0.033333333333333215,""start"":1.9,""end"":1.9333333333333331}]",0:0|1:1|1:2,1,0,"[{""sample_id"":""-s9qJ7ATP7w$_$4"",""video_id"":""-s9qJ7ATP7w"",""episode_key"":""0:0"",""face_id"":0,""episode_id"":0,""start"":2.933333333333333,""end"":4.266666666666667,""frame_count"":33,""selected_frame_count"":12,""valid_embedding_count"":12,""robust_retained_count"":10,""dispersion"":0.056116580963134766,""failures_json"":""[]""},{""sample_id"":""-s9qJ7ATP7w$_$4"",""video_id"":""-s9qJ7ATP7w"",""episode_key"":""1:1"",""face_id"":1,""episode_id"":1,""start"":0.6333333333333333,""end"":1.5333333333333332,""frame_count"":23,""selected_frame_count"":12,""valid_embedding_count"":12,""robust_retained_count"":10,""dispersion"":0.02181747555732727,""failures_json"":""[]""},{""sample_id"":""-s9qJ7ATP7w$_$4"",""video_id"":""-s9qJ7ATP7w"",""episode_key"":""1:2"",""face_id"":1,""episode_id"":2,""start"":1.9,""end"":1.9333333333333331,""frame_count"":1,""selected_frame_count"":1,""valid_embedding_count"":1,""robust_retained_count"":1,""dispersion"":0.0,""failures_json"":""[]""}]"
-s9qJ7ATP7w$_$5,-s9qJ7ATP7w,0.5,1,1,1,"[[""0:0""]]","[{""cluster_id"":0,""episodes"":[""0:0""],""coverage_s"":6.999999999999975,""start"":0.0,""end"":8.366666666666667}]",0:0,1,0,"[{""sample_id"":""-s9qJ7ATP7w$_$5"",""video_id"":""-s9qJ7ATP7w"",""episode_key"":""0:0"",""face_id"":0,""episode_id"":0,""start"":0.0,""end"":8.366666666666667,""frame_count"":210,""selected_frame_count"":12,""valid_embedding_count"":12,""robust_retained_count"":10,""dispersion"":0.0775962769985199,""failures_json"":""[]""}]"
-s9qJ7ATP7w$_$5,-s9qJ7ATP7w,0.6,1,1,1,"[[""0:0""]]","[{""cluster_id"":0,""episodes"":[""0:0""],""coverage_s"":6.999999999999975,""start"":0.0,""end"":8.366666666666667}]",0:0,1,0,"[{""sample_id"":""-s9qJ7ATP7w$_$5"",""video_id"":""-s9qJ7ATP7w"",""episode_key"":""0:0"",""face_id"":0,""episode_id"":0,""start"":0.0,""end"":8.366666666666667,""frame_count"":210,""selected_frame_count"":12,""valid_embedding_count"":12,""robust_retained_count"":10,""dispersion"":0.0775962769985199,""failures_json"":""[]""}]"
-s9qJ7ATP7w$_$5,-s9qJ7ATP7w,0.7,1,1,1,"[[""0:0""]]","[{""cluster_id"":0,""episodes"":[""0:0""],""coverage_s"":6.999999999999975,""start"":0.0,""end"":8.366666666666667}]",0:0,1,0,"[{""sample_id"":""-s9qJ7ATP7w$_$5"",""video_id"":""-s9qJ7ATP7w"",""episode_key"":""0:0"",""face_id"":0,""episode_id"":0,""start"":0.0,""end"":8.366666666666667,""frame_count"":210,""selected_frame_count"":12,""valid_embedding_count"":12,""robust_retained_count"":10,""dispersion"":0.0775962769985199,""failures_json"":""[]""}]"
-s9qJ7ATP7w$_$6,-s9qJ7ATP7w,0.5,1,1,1,"[[""0:0""]]","[{""cluster_id"":0,""episodes"":[""0:0""],""coverage_s"":1.1999999999999975,""start"":0.7333333333333333,""end"":2.2666666666666666}]",0:0,1,0,"[{""sample_id"":""-s9qJ7ATP7w$_$6"",""video_id"":""-s9qJ7ATP7w"",""episode_key"":""0:0"",""face_id"":0,""episode_id"":0,""start"":0.7333333333333333,""end"":2.2666666666666666,""frame_count"":36,""selected_frame_count"":12,""valid_embedding_count"":12,""robust_retained_count"":10,""dispersion"":0.09749603271484375,""failures_json"":""[]""}]"
-s9qJ7ATP7w$_$6,-s9qJ7ATP7w,0.6,1,1,1,"[[""0:0""]]","[{""cluster_id"":0,""episodes"":[""0:0""],""coverage_s"":1.1999999999999975,""start"":0.7333333333333333,""end"":2.2666666666666666}]",0:0,1,0,"[{""sample_id"":""-s9qJ7ATP7w$_$6"",""video_id"":""-s9qJ7ATP7w"",""episode_key"":""0:0"",""face_id"":0,""episode_id"":0,""start"":0.7333333333333333,""end"":2.2666666666666666,""frame_count"":36,""selected_frame_count"":12,""valid_embedding_count"":12,""robust_retained_count"":10,""dispersion"":0.09749603271484375,""failures_json"":""[]""}]"
-s9qJ7ATP7w$_$6,-s9qJ7ATP7w,0.7,1,1,1,"[[""0:0""]]","[{""cluster_id"":0,""episodes"":[""0:0""],""coverage_s"":1.1999999999999975,""start"":0.7333333333333333,""end"":2.2666666666666666}]",0:0,1,0,"[{""sample_id"":""-s9qJ7ATP7w$_$6"",""video_id"":""-s9qJ7ATP7w"",""episode_key"":""0:0"",""face_id"":0,""episode_id"":0,""start"":0.7333333333333333,""end"":2.2666666666666666,""frame_count"":36,""selected_frame_count"":12,""valid_embedding_count"":12,""robust_retained_count"":10,""dispersion"":0.09749603271484375,""failures_json"":""[]""}]"
-s9qJ7ATP7w$_$7,-s9qJ7ATP7w,0.5,4,3,2,"[[""0:0""],[""0:1"",""1:2"",""2:3""]]","[{""cluster_id"":0,""episodes"":[""0:0""],""coverage_s"":0.033333333333333215,""start"":0.2,""end"":0.23333333333333323},{""cluster_id"":1,""episodes"":[""0:1"",""1:2"",""2:3""],""coverage_s"":3.899999999999987,""start"":2.2333333333333334,""end"":6.933333333333333}]","0:0|0:1,1:2,2:3",0,0,"[{""sample_id"":""-s9qJ7ATP7w$_$7"",""video_id"":""-s9qJ7ATP7w"",""episode_key"":""0:0"",""face_id"":0,""episode_id"":0,""start"":0.2,""end"":0.23333333333333323,""frame_count"":1,""selected_frame_count"":0,""valid_embedding_count"":0,""robust_retained_count"":0,""dispersion"":"""",""failures_json"":""[]""},{""sample_id"":""-s9qJ7ATP7w$_$7"",""video_id"":""-s9qJ7ATP7w"",""episode_key"":""0:1"",""face_id"":0,""episode_id"":1,""start"":2.2333333333333334,""end"":6.933333333333333,""frame_count"":117,""selected_frame_count"":12,""valid_embedding_count"":12,""robust_retained_count"":10,""dispersion"":0.0004680156707763672,""failures_json"":""[]""},{""sample_id"":""-s9qJ7ATP7w$_$7"",""video_id"":""-s9qJ7ATP7w"",""episode_key"":""1:2"",""face_id"":1,""episode_id"":2,""start"":4.5,""end"":6.266666666666667,""frame_count"":44,""selected_frame_count"":12,""valid_embedding_count"":12,""robust_retained_count"":10,""dispersion"":0.05222064256668091,""failures_json"":""[]""},{""sample_id"":""-s9qJ7ATP7w$_$7"",""video_id"":""-s9qJ7ATP7w"",""episode_key"":""2:3"",""face_id"":2,""episode_id"":3,""start"":6.4,""end"":6.933333333333333,""frame_count"":13,""selected_frame_count"":12,""valid_embedding_count"":12,""robust_retained_count"":10,""dispersion"":0.027655303478240967,""failures_json"":""[]""}]"
-s9qJ7ATP7w$_$7,-s9qJ7ATP7w,0.6,4,3,2,"[[""0:0""],[""0:1"",""1:2"",""2:3""]]","[{""cluster_id"":0,""episodes"":[""0:0""],""coverage_s"":0.033333333333333215,""start"":0.2,""end"":0.23333333333333323},{""cluster_id"":1,""episodes"":[""0:1"",""1:2"",""2:3""],""coverage_s"":3.899999999999987,""start"":2.2333333333333334,""end"":6.933333333333333}]","0:0|0:1,1:2,2:3",0,0,"[{""sample_id"":""-s9qJ7ATP7w$_$7"",""video_id"":""-s9qJ7ATP7w"",""episode_key"":""0:0"",""face_id"":0,""episode_id"":0,""start"":0.2,""end"":0.23333333333333323,""frame_count"":1,""selected_frame_count"":0,""valid_embedding_count"":0,""robust_retained_count"":0,""dispersion"":"""",""failures_json"":""[]""},{""sample_id"":""-s9qJ7ATP7w$_$7"",""video_id"":""-s9qJ7ATP7w"",""episode_key"":""0:1"",""face_id"":0,""episode_id"":1,""start"":2.2333333333333334,""end"":6.933333333333333,""frame_count"":117,""selected_frame_count"":12,""valid_embedding_count"":12,""robust_retained_count"":10,""dispersion"":0.0004680156707763672,""failures_json"":""[]""},{""sample_id"":""-s9qJ7ATP7w$_$7"",""video_id"":""-s9qJ7ATP7w"",""episode_key"":""1:2"",""face_id"":1,""episode_id"":2,""start"":4.5,""end"":6.266666666666667,""frame_count"":44,""selected_frame_count"":12,""valid_embedding_count"":12,""robust_retained_count"":10,""dispersion"":0.05222064256668091,""failures_json"":""[]""},{""sample_id"":""-s9qJ7ATP7w$_$7"",""video_id"":""-s9qJ7ATP7w"",""episode_key"":""2:3"",""face_id"":2,""episode_id"":3,""start"":6.4,""end"":6.933333333333333,""frame_count"":13,""selected_frame_count"":12,""valid_embedding_count"":12,""robust_retained_count"":10,""dispersion"":0.027655303478240967,""failures_json"":""[]""}]"
-s9qJ7ATP7w$_$7,-s9qJ7ATP7w,0.7,4,3,4,"[[""0:0""],[""0:1""],[""1:2""],[""2:3""]]","[{""cluster_id"":0,""episodes"":[""0:0""],""coverage_s"":0.033333333333333215,""start"":0.2,""end"":0.23333333333333323},{""cluster_id"":1,""episodes"":[""0:1""],""coverage_s"":3.899999999999987,""start"":2.2333333333333334,""end"":6.933333333333333},{""cluster_id"":2,""episodes"":[""1:2""],""coverage_s"":1.4666666666666615,""start"":4.5,""end"":6.266666666666667},{""cluster_id"":3,""episodes"":[""2:3""],""coverage_s"":0.4333333333333318,""start"":6.4,""end"":6.933333333333333}]",0:0|0:1|1:2|2:3,0,1,"[{""sample_id"":""-s9qJ7ATP7w$_$7"",""video_id"":""-s9qJ7ATP7w"",""episode_key"":""0:0"",""face_id"":0,""episode_id"":0,""start"":0.2,""end"":0.23333333333333323,""frame_count"":1,""selected_frame_count"":0,""valid_embedding_count"":0,""robust_retained_count"":0,""dispersion"":"""",""failures_json"":""[]""},{""sample_id"":""-s9qJ7ATP7w$_$7"",""video_id"":""-s9qJ7ATP7w"",""episode_key"":""0:1"",""face_id"":0,""episode_id"":1,""start"":2.2333333333333334,""end"":6.933333333333333,""frame_count"":117,""selected_frame_count"":12,""valid_embedding_count"":12,""robust_retained_count"":10,""dispersion"":0.0004680156707763672,""failures_json"":""[]""},{""sample_id"":""-s9qJ7ATP7w$_$7"",""video_id"":""-s9qJ7ATP7w"",""episode_key"":""1:2"",""face_id"":1,""episode_id"":2,""start"":4.5,""end"":6.266666666666667,""frame_count"":44,""selected_frame_count"":12,""valid_embedding_count"":12,""robust_retained_count"":10,""dispersion"":0.05222064256668091,""failures_json"":""[]""},{""sample_id"":""-s9qJ7ATP7w$_$7"",""video_id"":""-s9qJ7ATP7w"",""episode_key"":""2:3"",""face_id"":2,""episode_id"":3,""start"":6.4,""end"":6.933333333333333,""frame_count"":13,""selected_frame_count"":12,""valid_embedding_count"":12,""robust_retained_count"":10,""dispersion"":0.027655303478240967,""failures_json"":""[]""}]"
-s9qJ7ATP7w$_$8,-s9qJ7ATP7w,0.5,2,2,1,"[[""0:0"",""1:1""]]","[{""cluster_id"":0,""episodes"":[""0:0"",""1:1""],""coverage_s"":2.699999999999995,""start"":0.0,""end"":3.2666666666666666}]","0:0,1:1",0,0,"[{""sample_id"":""-s9qJ7ATP7w$_$8"",""video_id"":""-s9qJ7ATP7w"",""episode_key"":""0:0"",""face_id"":0,""episode_id"":0,""start"":0.6333333333333333,""end"":3.0999999999999996,""frame_count"":62,""selected_frame_count"":12,""valid_embedding_count"":12,""robust_retained_count"":10,""dispersion"":0.07277441024780273,""failures_json"":""[]""},{""sample_id"":""-s9qJ7ATP7w$_$8"",""video_id"":""-s9qJ7ATP7w"",""episode_key"":""1:1"",""face_id"":1,""episode_id"":1,""start"":0.0,""end"":3.2666666666666666,""frame_count"":81,""selected_frame_count"":12,""valid_embedding_count"":12,""robust_retained_count"":10,""dispersion"":0.0009108483791351318,""failures_json"":""[]""}]"
-s9qJ7ATP7w$_$8,-s9qJ7ATP7w,0.6,2,2,1,"[[""0:0"",""1:1""]]","[{""cluster_id"":0,""episodes"":[""0:0"",""1:1""],""coverage_s"":2.699999999999995,""start"":0.0,""end"":3.2666666666666666}]","0:0,1:1",0,0,"[{""sample_id"":""-s9qJ7ATP7w$_$8"",""video_id"":""-s9qJ7ATP7w"",""episode_key"":""0:0"",""face_id"":0,""episode_id"":0,""start"":0.6333333333333333,""end"":3.0999999999999996,""frame_count"":62,""selected_frame_count"":12,""valid_embedding_count"":12,""robust_retained_count"":10,""dispersion"":0.07277441024780273,""failures_json"":""[]""},{""sample_id"":""-s9qJ7ATP7w$_$8"",""video_id"":""-s9qJ7ATP7w"",""episode_key"":""1:1"",""face_id"":1,""episode_id"":1,""start"":0.0,""end"":3.2666666666666666,""frame_count"":81,""selected_frame_count"":12,""valid_embedding_count"":12,""robust_retained_count"":10,""dispersion"":0.0009108483791351318,""failures_json"":""[]""}]"
-s9qJ7ATP7w$_$8,-s9qJ7ATP7w,0.7,2,2,2,"[[""0:0""],[""1:1""]]","[{""cluster_id"":0,""episodes"":[""0:0""],""coverage_s"":2.066666666666661,""start"":0.6333333333333333,""end"":3.0999999999999996},{""cluster_id"":1,""episodes"":[""1:1""],""coverage_s"":2.699999999999995,""start"":0.0,""end"":3.2666666666666666}]",0:0|1:1,0,1,"[{""sample_id"":""-s9qJ7ATP7w$_$8"",""video_id"":""-s9qJ7ATP7w"",""episode_key"":""0:0"",""face_id"":0,""episode_id"":0,""start"":0.6333333333333333,""end"":3.0999999999999996,""frame_count"":62,""selected_frame_count"":12,""valid_embedding_count"":12,""robust_retained_count"":10,""dispersion"":0.07277441024780273,""failures_json"":""[]""},{""sample_id"":""-s9qJ7ATP7w$_$8"",""video_id"":""-s9qJ7ATP7w"",""episode_key"":""1:1"",""face_id"":1,""episode_id"":1,""start"":0.0,""end"":3.2666666666666666,""frame_count"":81,""selected_frame_count"":12,""valid_embedding_count"":12,""robust_retained_count"":10,""dispersion"":0.0009108483791351318,""failures_json"":""[]""}]"
-t217m2on-s$_$2,-t217m2on-s,0.5,1,1,1,"[[""0:0""]]","[{""cluster_id"":0,""episodes"":[""0:0""],""coverage_s"":4.7333333333333165,""start"":0.0,""end"":5.666666666666666}]",0:0,1,0,"[{""sample_id"":""-t217m2on-s$_$2"",""video_id"":""-t217m2on-s"",""episode_key"":""0:0"",""face_id"":0,""episode_id"":0,""start"":0.0,""end"":5.666666666666666,""frame_count"":142,""selected_frame_count"":12,""valid_embedding_count"":12,""robust_retained_count"":10,""dispersion"":0.06645947694778442,""failures_json"":""[]""}]"
-t217m2on-s$_$2,-t217m2on-s,0.6,1,1,1,"[[""0:0""]]","[{""cluster_id"":0,""episodes"":[""0:0""],""coverage_s"":4.7333333333333165,""start"":0.0,""end"":5.666666666666666}]",0:0,1,0,"[{""sample_id"":""-t217m2on-s$_$2"",""video_id"":""-t217m2on-s"",""episode_key"":""0:0"",""face_id"":0,""episode_id"":0,""start"":0.0,""end"":5.666666666666666,""frame_count"":142,""selected_frame_count"":12,""valid_embedding_count"":12,""robust_retained_count"":10,""dispersion"":0.06645947694778442,""failures_json"":""[]""}]"
-t217m2on-s$_$2,-t217m2on-s,0.7,1,1,1,"[[""0:0""]]","[{""cluster_id"":0,""episodes"":[""0:0""],""coverage_s"":4.7333333333333165,""start"":0.0,""end"":5.666666666666666}]",0:0,1,0,"[{""sample_id"":""-t217m2on-s$_$2"",""video_id"":""-t217m2on-s"",""episode_key"":""0:0"",""face_id"":0,""episode_id"":0,""start"":0.0,""end"":5.666666666666666,""frame_count"":142,""selected_frame_count"":12,""valid_embedding_count"":12,""robust_retained_count"":10,""dispersion"":0.06645947694778442,""failures_json"":""[]""}]"
-t217m2on-s$_$7,-t217m2on-s,0.5,1,1,1,"[[""0:0""]]","[{""cluster_id"":0,""episodes"":[""0:0""],""coverage_s"":14.233333333333256,""start"":0.0,""end"":17.166666666666664}]",0:0,1,0,"[{""sample_id"":""-t217m2on-s$_$7"",""video_id"":""-t217m2on-s"",""episode_key"":""0:0"",""face_id"":0,""episode_id"":0,""start"":0.0,""end"":17.166666666666664,""frame_count"":427,""selected_frame_count"":12,""valid_embedding_count"":12,""robust_retained_count"":10,""dispersion"":0.06374421715736389,""failures_json"":""[]""}]"
-t217m2on-s$_$7,-t217m2on-s,0.6,1,1,1,"[[""0:0""]]","[{""cluster_id"":0,""episodes"":[""0:0""],""coverage_s"":14.233333333333256,""start"":0.0,""end"":17.166666666666664}]",0:0,1,0,"[{""sample_id"":""-t217m2on-s$_$7"",""video_id"":""-t217m2on-s"",""episode_key"":""0:0"",""face_id"":0,""episode_id"":0,""start"":0.0,""end"":17.166666666666664,""frame_count"":427,""selected_frame_count"":12,""valid_embedding_count"":12,""robust_retained_count"":10,""dispersion"":0.06374421715736389,""failures_json"":""[]""}]"
-t217m2on-s$_$7,-t217m2on-s,0.7,1,1,1,"[[""0:0""]]","[{""cluster_id"":0,""episodes"":[""0:0""],""coverage_s"":14.233333333333256,""start"":0.0,""end"":17.166666666666664}]",0:0,1,0,"[{""sample_id"":""-t217m2on-s$_$7"",""video_id"":""-t217m2on-s"",""episode_key"":""0:0"",""face_id"":0,""episode_id"":0,""start"":0.0,""end"":17.166666666666664,""frame_count"":427,""selected_frame_count"":12,""valid_embedding_count"":12,""robust_retained_count"":10,""dispersion"":0.06374421715736389,""failures_json"":""[]""}]"
-tANM6ETl_M$_$3,-tANM6ETl_M,0.5,3,3,2,"[[""0:0"",""0:1""],[""1:2""]]","[{""cluster_id"":0,""episodes"":[""0:0"",""0:1""],""coverage_s"":5.066666666666648,""start"":0.0,""end"":6.733333333333333},{""cluster_id"":1,""episodes"":[""1:2""],""coverage_s"":0.033333333333333215,""start"":0.6333333333333333,""end"":0.6666666666666665}]","0:0,0:1|1:2",1,1,"[{""sample_id"":""-tANM6ETl_M$_$3"",""video_id"":""-tANM6ETl_M"",""episode_key"":""0:0"",""face_id"":0,""episode_id"":0,""start"":0.0,""end"":5.366666666666666,""frame_count"":133,""selected_frame_count"":12,""valid_embedding_count"":12,""robust_retained_count"":10,""dispersion"":0.033338457345962524,""failures_json"":""[]""},{""sample_id"":""-tANM6ETl_M$_$3"",""video_id"":""-tANM6ETl_M"",""episode_key"":""0:1"",""face_id"":0,""episode_id"":1,""start"":5.733333333333333,""end"":6.733333333333333,""frame_count"":19,""selected_frame_count"":12,""valid_embedding_count"":12,""robust_retained_count"":10,""dispersion"":0.01313626766204834,""failures_json"":""[]""},{""sample_id"":""-tANM6ETl_M$_$3"",""video_id"":""-tANM6ETl_M"",""episode_key"":""1:2"",""face_id"":1,""episode_id"":2,""start"":0.6333333333333333,""end"":0.6666666666666665,""frame_count"":1,""selected_frame_count"":1,""valid_embedding_count"":1,""robust_retained_count"":1,""dispersion"":0.0,""failures_json"":""[]""}]"
-tANM6ETl_M$_$3,-tANM6ETl_M,0.6,3,3,2,"[[""0:0"",""0:1""],[""1:2""]]","[{""cluster_id"":0,""episodes"":[""0:0"",""0:1""],""coverage_s"":5.066666666666648,""start"":0.0,""end"":6.733333333333333},{""cluster_id"":1,""episodes"":[""1:2""],""coverage_s"":0.033333333333333215,""start"":0.6333333333333333,""end"":0.6666666666666665}]","0:0,0:1|1:2",1,1,"[{""sample_id"":""-tANM6ETl_M$_$3"",""video_id"":""-tANM6ETl_M"",""episode_key"":""0:0"",""face_id"":0,""episode_id"":0,""start"":0.0,""end"":5.366666666666666,""frame_count"":133,""selected_frame_count"":12,""valid_embedding_count"":12,""robust_retained_count"":10,""dispersion"":0.033338457345962524,""failures_json"":""[]""},{""sample_id"":""-tANM6ETl_M$_$3"",""video_id"":""-tANM6ETl_M"",""episode_key"":""0:1"",""face_id"":0,""episode_id"":1,""start"":5.733333333333333,""end"":6.733333333333333,""frame_count"":19,""selected_frame_count"":12,""valid_embedding_count"":12,""robust_retained_count"":10,""dispersion"":0.01313626766204834,""failures_json"":""[]""},{""sample_id"":""-tANM6ETl_M$_$3"",""video_id"":""-tANM6ETl_M"",""episode_key"":""1:2"",""face_id"":1,""episode_id"":2,""start"":0.6333333333333333,""end"":0.6666666666666665,""frame_count"":1,""selected_frame_count"":1,""valid_embedding_count"":1,""robust_retained_count"":1,""dispersion"":0.0,""failures_json"":""[]""}]"
-tANM6ETl_M$_$3,-tANM6ETl_M,0.7,3,3,2,"[[""0:0"",""0:1""],[""1:2""]]","[{""cluster_id"":0,""episodes"":[""0:0"",""0:1""],""coverage_s"":5.066666666666648,""start"":0.0,""end"":6.733333333333333},{""cluster_id"":1,""episodes"":[""1:2""],""coverage_s"":0.033333333333333215,""start"":0.6333333333333333,""end"":0.6666666666666665}]","0:0,0:1|1:2",1,1,"[{""sample_id"":""-tANM6ETl_M$_$3"",""video_id"":""-tANM6ETl_M"",""episode_key"":""0:0"",""face_id"":0,""episode_id"":0,""start"":0.0,""end"":5.366666666666666,""frame_count"":133,""selected_frame_count"":12,""valid_embedding_count"":12,""robust_retained_count"":10,""dispersion"":0.033338457345962524,""failures_json"":""[]""},{""sample_id"":""-tANM6ETl_M$_$3"",""video_id"":""-tANM6ETl_M"",""episode_key"":""0:1"",""face_id"":0,""episode_id"":1,""start"":5.733333333333333,""end"":6.733333333333333,""frame_count"":19,""selected_frame_count"":12,""valid_embedding_count"":12,""robust_retained_count"":10,""dispersion"":0.01313626766204834,""failures_json"":""[]""},{""sample_id"":""-tANM6ETl_M$_$3"",""video_id"":""-tANM6ETl_M"",""episode_key"":""1:2"",""face_id"":1,""episode_id"":2,""start"":0.6333333333333333,""end"":0.6666666666666665,""frame_count"":1,""selected_frame_count"":1,""valid_embedding_count"":1,""robust_retained_count"":1,""dispersion"":0.0,""failures_json"":""[]""}]"
-tPCytz4rww$_$10,-tPCytz4rww,0.5,1,1,1,"[[""0:0""]]","[{""cluster_id"":0,""episodes"":[""0:0""],""coverage_s"":3.9666666666666517,""start"":0.0,""end"":4.766666666666667}]",0:0,1,0,"[{""sample_id"":""-tPCytz4rww$_$10"",""video_id"":""-tPCytz4rww"",""episode_key"":""0:0"",""face_id"":0,""episode_id"":0,""start"":0.0,""end"":4.766666666666667,""frame_count"":119,""selected_frame_count"":12,""valid_embedding_count"":12,""robust_retained_count"":10,""dispersion"":0.059059083461761475,""failures_json"":""[]""}]"
-tPCytz4rww$_$10,-tPCytz4rww,0.6,1,1,1,"[[""0:0""]]","[{""cluster_id"":0,""episodes"":[""0:0""],""coverage_s"":3.9666666666666517,""start"":0.0,""end"":4.766666666666667}]",0:0,1,0,"[{""sample_id"":""-tPCytz4rww$_$10"",""video_id"":""-tPCytz4rww"",""episode_key"":""0:0"",""face_id"":0,""episode_id"":0,""start"":0.0,""end"":4.766666666666667,""frame_count"":119,""selected_frame_count"":12,""valid_embedding_count"":12,""robust_retained_count"":10,""dispersion"":0.059059083461761475,""failures_json"":""[]""}]"
-tPCytz4rww$_$10,-tPCytz4rww,0.7,1,1,1,"[[""0:0""]]","[{""cluster_id"":0,""episodes"":[""0:0""],""coverage_s"":3.9666666666666517,""start"":0.0,""end"":4.766666666666667}]",0:0,1,0,"[{""sample_id"":""-tPCytz4rww$_$10"",""video_id"":""-tPCytz4rww"",""episode_key"":""0:0"",""face_id"":0,""episode_id"":0,""start"":0.0,""end"":4.766666666666667,""frame_count"":119,""selected_frame_count"":12,""valid_embedding_count"":12,""robust_retained_count"":10,""dispersion"":0.059059083461761475,""failures_json"":""[]""}]"
-tPCytz4rww$_$11,-tPCytz4rww,0.5,1,1,1,"[[""0:0""]]","[{""cluster_id"":0,""episodes"":[""0:0""],""coverage_s"":4.56666666666665,""start"":0.0,""end"":5.466666666666667}]",0:0,1,0,"[{""sample_id"":""-tPCytz4rww$_$11"",""video_id"":""-tPCytz4rww"",""episode_key"":""0:0"",""face_id"":0,""episode_id"":0,""start"":0.0,""end"":5.466666666666667,""frame_count"":137,""selected_frame_count"":12,""valid_embedding_count"":12,""robust_retained_count"":10,""dispersion"":0.05546844005584717,""failures_json"":""[]""}]"
-tPCytz4rww$_$11,-tPCytz4rww,0.6,1,1,1,"[[""0:0""]]","[{""cluster_id"":0,""episodes"":[""0:0""],""coverage_s"":4.56666666666665,""start"":0.0,""end"":5.466666666666667}]",0:0,1,0,"[{""sample_id"":""-tPCytz4rww$_$11"",""video_id"":""-tPCytz4rww"",""episode_key"":""0:0"",""face_id"":0,""episode_id"":0,""start"":0.0,""end"":5.466666666666667,""frame_count"":137,""selected_frame_count"":12,""valid_embedding_count"":12,""robust_retained_count"":10,""dispersion"":0.05546844005584717,""failures_json"":""[]""}]"
-tPCytz4rww$_$11,-tPCytz4rww,0.7,1,1,1,"[[""0:0""]]","[{""cluster_id"":0,""episodes"":[""0:0""],""coverage_s"":4.56666666666665,""start"":0.0,""end"":5.466666666666667}]",0:0,1,0,"[{""sample_id"":""-tPCytz4rww$_$11"",""video_id"":""-tPCytz4rww"",""episode_key"":""0:0"",""face_id"":0,""episode_id"":0,""start"":0.0,""end"":5.466666666666667,""frame_count"":137,""selected_frame_count"":12,""valid_embedding_count"":12,""robust_retained_count"":10,""dispersion"":0.05546844005584717,""failures_json"":""[]""}]"
-tPCytz4rww$_$12,-tPCytz4rww,0.5,1,1,1,"[[""0:0""]]","[{""cluster_id"":0,""episodes"":[""0:0""],""coverage_s"":9.833333333333297,""start"":0.0,""end"":11.833333333333334}]",0:0,1,0,"[{""sample_id"":""-tPCytz4rww$_$12"",""video_id"":""-tPCytz4rww"",""episode_key"":""0:0"",""face_id"":0,""episode_id"":0,""start"":0.0,""end"":11.833333333333334,""frame_count"":295,""selected_frame_count"":12,""valid_embedding_count"":12,""robust_retained_count"":10,""dispersion"":0.05719783902168274,""failures_json"":""[]""}]"
-tPCytz4rww$_$12,-tPCytz4rww,0.6,1,1,1,"[[""0:0""]]","[{""cluster_id"":0,""episodes"":[""0:0""],""coverage_s"":9.833333333333297,""start"":0.0,""end"":11.833333333333334}]",0:0,1,0,"[{""sample_id"":""-tPCytz4rww$_$12"",""video_id"":""-tPCytz4rww"",""episode_key"":""0:0"",""face_id"":0,""episode_id"":0,""start"":0.0,""end"":11.833333333333334,""frame_count"":295,""selected_frame_count"":12,""valid_embedding_count"":12,""robust_retained_count"":10,""dispersion"":0.05719783902168274,""failures_json"":""[]""}]"
-tPCytz4rww$_$12,-tPCytz4rww,0.7,1,1,1,"[[""0:0""]]","[{""cluster_id"":0,""episodes"":[""0:0""],""coverage_s"":9.833333333333297,""start"":0.0,""end"":11.833333333333334}]",0:0,1,0,"[{""sample_id"":""-tPCytz4rww$_$12"",""video_id"":""-tPCytz4rww"",""episode_key"":""0:0"",""face_id"":0,""episode_id"":0,""start"":0.0,""end"":11.833333333333334,""frame_count"":295,""selected_frame_count"":12,""valid_embedding_count"":12,""robust_retained_count"":10,""dispersion"":0.05719783902168274,""failures_json"":""[]""}]"
-tPCytz4rww$_$16,-tPCytz4rww,0.5,1,1,1,"[[""0:0""]]","[{""cluster_id"":0,""episodes"":[""0:0""],""coverage_s"":5.999999999999979,""start"":0.0,""end"":7.166666666666666}]",0:0,1,0,"[{""sample_id"":""-tPCytz4rww$_$16"",""video_id"":""-tPCytz4rww"",""episode_key"":""0:0"",""face_id"":0,""episode_id"":0,""start"":0.0,""end"":7.166666666666666,""frame_count"":180,""selected_frame_count"":12,""valid_embedding_count"":12,""robust_retained_count"":10,""dispersion"":0.046442776918411255,""failures_json"":""[]""}]"
-tPCytz4rww$_$16,-tPCytz4rww,0.6,1,1,1,"[[""0:0""]]","[{""cluster_id"":0,""episodes"":[""0:0""],""coverage_s"":5.999999999999979,""start"":0.0,""end"":7.166666666666666}]",0:0,1,0,"[{""sample_id"":""-tPCytz4rww$_$16"",""video_id"":""-tPCytz4rww"",""episode_key"":""0:0"",""face_id"":0,""episode_id"":0,""start"":0.0,""end"":7.166666666666666,""frame_count"":180,""selected_frame_count"":12,""valid_embedding_count"":12,""robust_retained_count"":10,""dispersion"":0.046442776918411255,""failures_json"":""[]""}]"
-tPCytz4rww$_$16,-tPCytz4rww,0.7,1,1,1,"[[""0:0""]]","[{""cluster_id"":0,""episodes"":[""0:0""],""coverage_s"":5.999999999999979,""start"":0.0,""end"":7.166666666666666}]",0:0,1,0,"[{""sample_id"":""-tPCytz4rww$_$16"",""video_id"":""-tPCytz4rww"",""episode_key"":""0:0"",""face_id"":0,""episode_id"":0,""start"":0.0,""end"":7.166666666666666,""frame_count"":180,""selected_frame_count"":12,""valid_embedding_count"":12,""robust_retained_count"":10,""dispersion"":0.046442776918411255,""failures_json"":""[]""}]"
-tPCytz4rww$_$18,-tPCytz4rww,0.5,1,1,1,"[[""0:0""]]","[{""cluster_id"":0,""episodes"":[""0:0""],""coverage_s"":5.533333333333314,""start"":0.0,""end"":6.633333333333333}]",0:0,1,0,"[{""sample_id"":""-tPCytz4rww$_$18"",""video_id"":""-tPCytz4rww"",""episode_key"":""0:0"",""face_id"":0,""episode_id"":0,""start"":0.0,""end"":6.633333333333333,""frame_count"":166,""selected_frame_count"":12,""valid_embedding_count"":12,""robust_retained_count"":10,""dispersion"":0.05658435821533203,""failures_json"":""[]""}]"
-tPCytz4rww$_$18,-tPCytz4rww,0.6,1,1,1,"[[""0:0""]]","[{""cluster_id"":0,""episodes"":[""0:0""],""coverage_s"":5.533333333333314,""start"":0.0,""end"":6.633333333333333}]",0:0,1,0,"[{""sample_id"":""-tPCytz4rww$_$18"",""video_id"":""-tPCytz4rww"",""episode_key"":""0:0"",""face_id"":0,""episode_id"":0,""start"":0.0,""end"":6.633333333333333,""frame_count"":166,""selected_frame_count"":12,""valid_embedding_count"":12,""robust_retained_count"":10,""dispersion"":0.05658435821533203,""failures_json"":""[]""}]"
-tPCytz4rww$_$18,-tPCytz4rww,0.7,1,1,1,"[[""0:0""]]","[{""cluster_id"":0,""episodes"":[""0:0""],""coverage_s"":5.533333333333314,""start"":0.0,""end"":6.633333333333333}]",0:0,1,0,"[{""sample_id"":""-tPCytz4rww$_$18"",""video_id"":""-tPCytz4rww"",""episode_key"":""0:0"",""face_id"":0,""episode_id"":0,""start"":0.0,""end"":6.633333333333333,""frame_count"":166,""selected_frame_count"":12,""valid_embedding_count"":12,""robust_retained_count"":10,""dispersion"":0.05658435821533203,""failures_json"":""[]""}]"
-uywlfIYOS8$_$4,-uywlfIYOS8,0.5,1,1,1,"[[""0:0""]]","[{""cluster_id"":0,""episodes"":[""0:0""],""coverage_s"":4.999999999999982,""start"":0.0,""end"":6.033333333333333}]",0:0,1,0,"[{""sample_id"":""-uywlfIYOS8$_$4"",""video_id"":""-uywlfIYOS8"",""episode_key"":""0:0"",""face_id"":0,""episode_id"":0,""start"":0.0,""end"":6.033333333333333,""frame_count"":150,""selected_frame_count"":12,""valid_embedding_count"":12,""robust_retained_count"":10,""dispersion"":0.07236286997795105,""failures_json"":""[]""}]"
-uywlfIYOS8$_$4,-uywlfIYOS8,0.6,1,1,1,"[[""0:0""]]","[{""cluster_id"":0,""episodes"":[""0:0""],""coverage_s"":4.999999999999982,""start"":0.0,""end"":6.033333333333333}]",0:0,1,0,"[{""sample_id"":""-uywlfIYOS8$_$4"",""video_id"":""-uywlfIYOS8"",""episode_key"":""0:0"",""face_id"":0,""episode_id"":0,""start"":0.0,""end"":6.033333333333333,""frame_count"":150,""selected_frame_count"":12,""valid_embedding_count"":12,""robust_retained_count"":10,""dispersion"":0.07236286997795105,""failures_json"":""[]""}]"
-uywlfIYOS8$_$4,-uywlfIYOS8,0.7,1,1,1,"[[""0:0""]]","[{""cluster_id"":0,""episodes"":[""0:0""],""coverage_s"":4.999999999999982,""start"":0.0,""end"":6.033333333333333}]",0:0,1,0,"[{""sample_id"":""-uywlfIYOS8$_$4"",""video_id"":""-uywlfIYOS8"",""episode_key"":""0:0"",""face_id"":0,""episode_id"":0,""start"":0.0,""end"":6.033333333333333,""frame_count"":150,""selected_frame_count"":12,""valid_embedding_count"":12,""robust_retained_count"":10,""dispersion"":0.07236286997795105,""failures_json"":""[]""}]"
-vxjVxOeScU$_$4,-vxjVxOeScU,0.5,1,1,1,"[[""0:0""]]","[{""cluster_id"":0,""episodes"":[""0:0""],""coverage_s"":7.566666666666638,""start"":0.0,""end"":9.1}]",0:0,1,0,"[{""sample_id"":""-vxjVxOeScU$_$4"",""video_id"":""-vxjVxOeScU"",""episode_key"":""0:0"",""face_id"":0,""episode_id"":0,""start"":0.0,""end"":9.1,""frame_count"":227,""selected_frame_count"":12,""valid_embedding_count"":12,""robust_retained_count"":10,""dispersion"":0.10730913281440735,""failures_json"":""[]""}]"
-vxjVxOeScU$_$4,-vxjVxOeScU,0.6,1,1,1,"[[""0:0""]]","[{""cluster_id"":0,""episodes"":[""0:0""],""coverage_s"":7.566666666666638,""start"":0.0,""end"":9.1}]",0:0,1,0,"[{""sample_id"":""-vxjVxOeScU$_$4"",""video_id"":""-vxjVxOeScU"",""episode_key"":""0:0"",""face_id"":0,""episode_id"":0,""start"":0.0,""end"":9.1,""frame_count"":227,""selected_frame_count"":12,""valid_embedding_count"":12,""robust_retained_count"":10,""dispersion"":0.10730913281440735,""failures_json"":""[]""}]"
-vxjVxOeScU$_$4,-vxjVxOeScU,0.7,1,1,1,"[[""0:0""]]","[{""cluster_id"":0,""episodes"":[""0:0""],""coverage_s"":7.566666666666638,""start"":0.0,""end"":9.1}]",0:0,1,0,"[{""sample_id"":""-vxjVxOeScU$_$4"",""video_id"":""-vxjVxOeScU"",""episode_key"":""0:0"",""face_id"":0,""episode_id"":0,""start"":0.0,""end"":9.1,""frame_count"":227,""selected_frame_count"":12,""valid_embedding_count"":12,""robust_retained_count"":10,""dispersion"":0.10730913281440735,""failures_json"":""[]""}]"
-wMB_hJL-3o$_$7,-wMB_hJL-3o,0.5,7,7,3,"[[""0:0"",""0:1"",""0:5"",""0:6""],[""0:2"",""0:4""],[""0:3""]]","[{""cluster_id"":0,""episodes"":[""0:0"",""0:1"",""0:5"",""0:6""],""coverage_s"":4.866666666666649,""start"":0.0,""end"":6.033333333333333},{""cluster_id"":1,""episodes"":[""0:2"",""0:4""],""coverage_s"":0.06666666666666643,""start"":5.6,""end"":5.766666666666667},{""cluster_id"":2,""episodes"":[""0:3""],""coverage_s"":0.06666666666666643,""start"":5.633333333333333,""end"":5.733333333333333}]","0:0,0:1,0:5,0:6|0:2,0:4|0:3",0,0,"[{""sample_id"":""-wMB_hJL-3o$_$7"",""video_id"":""-wMB_hJL-3o"",""episode_key"":""0:0"",""face_id"":0,""episode_id"":0,""start"":0.0,""end"":5.366666666666666,""frame_count"":135,""selected_frame_count"":12,""valid_embedding_count"":12,""robust_retained_count"":10,""dispersion"":0.06909281015396118,""failures_json"":""[]""},{""sample_id"":""-wMB_hJL-3o$_$7"",""video_id"":""-wMB_hJL-3o"",""episode_key"":""0:1"",""face_id"":0,""episode_id"":1,""start"":5.4,""end"":5.566666666666666,""frame_count"":5,""selected_frame_count"":5,""valid_embedding_count"":5,""robust_retained_count"":4,""dispersion"":0.12570908665657043,""failures_json"":""[]""},{""sample_id"":""-wMB_hJL-3o$_$7"",""video_id"":""-wMB_hJL-3o"",""episode_key"":""0:2"",""face_id"":0,""episode_id"":2,""start"":5.6,""end"":5.633333333333333,""frame_count"":1,""selected_frame_count"":1,""valid_embedding_count"":1,""robust_retained_count"":1,""dispersion"":0.0,""failures_json"":""[]""},{""sample_id"":""-wMB_hJL-3o$_$7"",""video_id"":""-wMB_hJL-3o"",""episode_key"":""0:3"",""face_id"":0,""episode_id"":3,""start"":5.633333333333333,""end"":5.733333333333333,""frame_count"":2,""selected_frame_count"":2,""valid_embedding_count"":2,""robust_retained_count"":2,""dispersion"":0.11034372448921204,""failures_json"":""[]""},{""sample_id"":""-wMB_hJL-3o$_$7"",""video_id"":""-wMB_hJL-3o"",""episode_key"":""0:4"",""face_id"":0,""episode_id"":4,""start"":5.733333333333333,""end"":5.766666666666667,""frame_count"":1,""selected_frame_count"":1,""valid_embedding_count"":1,""robust_retained_count"":1,""dispersion"":0.0,""failures_json"":""[]""},{""sample_id"":""-wMB_hJL-3o$_$7"",""video_id"":""-wMB_hJL-3o"",""episode_key"":""0:5"",""face_id"":0,""episode_id"":5,""start"":5.8,""end"":5.966666666666667,""frame_count"":5,""selected_frame_count"":5,""valid_embedding_count"":5,""robust_retained_count"":4,""dispersion"":0.09006783366203308,""failures_json"":""[]""},{""sample_id"":""-wMB_hJL-3o$_$7"",""video_id"":""-wMB_hJL-3o"",""episode_key"":""0:6"",""face_id"":0,""episode_id"":6,""start"":6.0,""end"":6.033333333333333,""frame_count"":1,""selected_frame_count"":1,""valid_embedding_count"":1,""robust_retained_count"":1,""dispersion"":0.0,""failures_json"":""[]""}]"
-wMB_hJL-3o$_$7,-wMB_hJL-3o,0.6,7,7,4,"[[""0:0"",""0:1"",""0:5"",""0:6""],[""0:2""],[""0:3""],[""0:4""]]","[{""cluster_id"":0,""episodes"":[""0:0"",""0:1"",""0:5"",""0:6""],""coverage_s"":4.866666666666649,""start"":0.0,""end"":6.033333333333333},{""cluster_id"":1,""episodes"":[""0:2""],""coverage_s"":0.033333333333333215,""start"":5.6,""end"":5.633333333333333},{""cluster_id"":2,""episodes"":[""0:3""],""coverage_s"":0.06666666666666643,""start"":5.633333333333333,""end"":5.733333333333333},{""cluster_id"":3,""episodes"":[""0:4""],""coverage_s"":0.033333333333333215,""start"":5.733333333333333,""end"":5.766666666666667}]","0:0,0:1,0:5,0:6|0:2|0:3|0:4",0,0,"[{""sample_id"":""-wMB_hJL-3o$_$7"",""video_id"":""-wMB_hJL-3o"",""episode_key"":""0:0"",""face_id"":0,""episode_id"":0,""start"":0.0,""end"":5.366666666666666,""frame_count"":135,""selected_frame_count"":12,""valid_embedding_count"":12,""robust_retained_count"":10,""dispersion"":0.06909281015396118,""failures_json"":""[]""},{""sample_id"":""-wMB_hJL-3o$_$7"",""video_id"":""-wMB_hJL-3o"",""episode_key"":""0:1"",""face_id"":0,""episode_id"":1,""start"":5.4,""end"":5.566666666666666,""frame_count"":5,""selected_frame_count"":5,""valid_embedding_count"":5,""robust_retained_count"":4,""dispersion"":0.12570908665657043,""failures_json"":""[]""},{""sample_id"":""-wMB_hJL-3o$_$7"",""video_id"":""-wMB_hJL-3o"",""episode_key"":""0:2"",""face_id"":0,""episode_id"":2,""start"":5.6,""end"":5.633333333333333,""frame_count"":1,""selected_frame_count"":1,""valid_embedding_count"":1,""robust_retained_count"":1,""dispersion"":0.0,""failures_json"":""[]""},{""sample_id"":""-wMB_hJL-3o$_$7"",""video_id"":""-wMB_hJL-3o"",""episode_key"":""0:3"",""face_id"":0,""episode_id"":3,""start"":5.633333333333333,""end"":5.733333333333333,""frame_count"":2,""selected_frame_count"":2,""valid_embedding_count"":2,""robust_retained_count"":2,""dispersion"":0.11034372448921204,""failures_json"":""[]""},{""sample_id"":""-wMB_hJL-3o$_$7"",""video_id"":""-wMB_hJL-3o"",""episode_key"":""0:4"",""face_id"":0,""episode_id"":4,""start"":5.733333333333333,""end"":5.766666666666667,""frame_count"":1,""selected_frame_count"":1,""valid_embedding_count"":1,""robust_retained_count"":1,""dispersion"":0.0,""failures_json"":""[]""},{""sample_id"":""-wMB_hJL-3o$_$7"",""video_id"":""-wMB_hJL-3o"",""episode_key"":""0:5"",""face_id"":0,""episode_id"":5,""start"":5.8,""end"":5.966666666666667,""frame_count"":5,""selected_frame_count"":5,""valid_embedding_count"":5,""robust_retained_count"":4,""dispersion"":0.09006783366203308,""failures_json"":""[]""},{""sample_id"":""-wMB_hJL-3o$_$7"",""video_id"":""-wMB_hJL-3o"",""episode_key"":""0:6"",""face_id"":0,""episode_id"":6,""start"":6.0,""end"":6.033333333333333,""frame_count"":1,""selected_frame_count"":1,""valid_embedding_count"":1,""robust_retained_count"":1,""dispersion"":0.0,""failures_json"":""[]""}]"
-wMB_hJL-3o$_$7,-wMB_hJL-3o,0.7,7,7,5,"[[""0:0"",""0:5"",""0:6""],[""0:1""],[""0:2""],[""0:3""],[""0:4""]]","[{""cluster_id"":0,""episodes"":[""0:0"",""0:5"",""0:6""],""coverage_s"":4.699999999999983,""start"":0.0,""end"":6.033333333333333},{""cluster_id"":1,""episodes"":[""0:1""],""coverage_s"":0.16666666666666607,""start"":5.4,""end"":5.566666666666666},{""cluster_id"":2,""episodes"":[""0:2""],""coverage_s"":0.033333333333333215,""start"":5.6,""end"":5.633333333333333},{""cluster_id"":3,""episodes"":[""0:3""],""coverage_s"":0.06666666666666643,""start"":5.633333333333333,""end"":5.733333333333333},{""cluster_id"":4,""episodes"":[""0:4""],""coverage_s"":0.033333333333333215,""start"":5.733333333333333,""end"":5.766666666666667}]","0:0,0:5,0:6|0:1|0:2|0:3|0:4",0,0,"[{""sample_id"":""-wMB_hJL-3o$_$7"",""video_id"":""-wMB_hJL-3o"",""episode_key"":""0:0"",""face_id"":0,""episode_id"":0,""start"":0.0,""end"":5.366666666666666,""frame_count"":135,""selected_frame_count"":12,""valid_embedding_count"":12,""robust_retained_count"":10,""dispersion"":0.06909281015396118,""failures_json"":""[]""},{""sample_id"":""-wMB_hJL-3o$_$7"",""video_id"":""-wMB_hJL-3o"",""episode_key"":""0:1"",""face_id"":0,""episode_id"":1,""start"":5.4,""end"":5.566666666666666,""frame_count"":5,""selected_frame_count"":5,""valid_embedding_count"":5,""robust_retained_count"":4,""dispersion"":0.12570908665657043,""failures_json"":""[]""},{""sample_id"":""-wMB_hJL-3o$_$7"",""video_id"":""-wMB_hJL-3o"",""episode_key"":""0:2"",""face_id"":0,""episode_id"":2,""start"":5.6,""end"":5.633333333333333,""frame_count"":1,""selected_frame_count"":1,""valid_embedding_count"":1,""robust_retained_count"":1,""dispersion"":0.0,""failures_json"":""[]""},{""sample_id"":""-wMB_hJL-3o$_$7"",""video_id"":""-wMB_hJL-3o"",""episode_key"":""0:3"",""face_id"":0,""episode_id"":3,""start"":5.633333333333333,""end"":5.733333333333333,""frame_count"":2,""selected_frame_count"":2,""valid_embedding_count"":2,""robust_retained_count"":2,""dispersion"":0.11034372448921204,""failures_json"":""[]""},{""sample_id"":""-wMB_hJL-3o$_$7"",""video_id"":""-wMB_hJL-3o"",""episode_key"":""0:4"",""face_id"":0,""episode_id"":4,""start"":5.733333333333333,""end"":5.766666666666667,""frame_count"":1,""selected_frame_count"":1,""valid_embedding_count"":1,""robust_retained_count"":1,""dispersion"":0.0,""failures_json"":""[]""},{""sample_id"":""-wMB_hJL-3o$_$7"",""video_id"":""-wMB_hJL-3o"",""episode_key"":""0:5"",""face_id"":0,""episode_id"":5,""start"":5.8,""end"":5.966666666666667,""frame_count"":5,""selected_frame_count"":5,""valid_embedding_count"":5,""robust_retained_count"":4,""dispersion"":0.09006783366203308,""failures_json"":""[]""},{""sample_id"":""-wMB_hJL-3o$_$7"",""video_id"":""-wMB_hJL-3o"",""episode_key"":""0:6"",""face_id"":0,""episode_id"":6,""start"":6.0,""end"":6.033333333333333,""frame_count"":1,""selected_frame_count"":1,""valid_embedding_count"":1,""robust_retained_count"":1,""dispersion"":0.0,""failures_json"":""[]""}]"
-wny0OAz3g8$_$0,-wny0OAz3g8,0.5,4,4,3,"[[""0:0"",""2:3""],[""0:1""],[""1:2""]]","[{""cluster_id"":0,""episodes"":[""0:0"",""2:3""],""coverage_s"":2.733333333333328,""start"":0.0,""end"":3.333333333333333},{""cluster_id"":1,""episodes"":[""0:1""],""coverage_s"":0.06666666666666643,""start"":3.2666666666666666,""end"":3.333333333333333},{""cluster_id"":2,""episodes"":[""1:2""],""coverage_s"":2.3333333333333295,""start"":0.0,""end"":2.7666666666666666}]","0:0,2:3|0:1|1:2",1,1,"[{""sample_id"":""-wny0OAz3g8$_$0"",""video_id"":""-wny0OAz3g8"",""episode_key"":""0:0"",""face_id"":0,""episode_id"":0,""start"":0.0,""end"":2.7666666666666666,""frame_count"":70,""selected_frame_count"":12,""valid_embedding_count"":12,""robust_retained_count"":10,""dispersion"":0.06569522619247437,""failures_json"":""[]""},{""sample_id"":""-wny0OAz3g8$_$0"",""video_id"":""-wny0OAz3g8"",""episode_key"":""0:1"",""face_id"":0,""episode_id"":1,""start"":3.2666666666666666,""end"":3.333333333333333,""frame_count"":2,""selected_frame_count"":2,""valid_embedding_count"":2,""robust_retained_count"":2,""dispersion"":0.013097375631332397,""failures_json"":""[]""},{""sample_id"":""-wny0OAz3g8$_$0"",""video_id"":""-wny0OAz3g8"",""episode_key"":""1:2"",""face_id"":1,""episode_id"":2,""start"":0.0,""end"":2.7666666666666666,""frame_count"":70,""selected_frame_count"":12,""valid_embedding_count"":12,""robust_retained_count"":10,""dispersion"":0.0005516111850738525,""failures_json"":""[]""},{""sample_id"":""-wny0OAz3g8$_$0"",""video_id"":""-wny0OAz3g8"",""episode_key"":""2:3"",""face_id"":2,""episode_id"":3,""start"":2.8666666666666667,""end"":3.333333333333333,""frame_count"":12,""selected_frame_count"":12,""valid_embedding_count"":12,""robust_retained_count"":10,""dispersion"":0.036901623010635376,""failures_json"":""[]""}]"
-wny0OAz3g8$_$0,-wny0OAz3g8,0.6,4,4,3,"[[""0:0"",""2:3""],[""0:1""],[""1:2""]]","[{""cluster_id"":0,""episodes"":[""0:0"",""2:3""],""coverage_s"":2.733333333333328,""start"":0.0,""end"":3.333333333333333},{""cluster_id"":1,""episodes"":[""0:1""],""coverage_s"":0.06666666666666643,""start"":3.2666666666666666,""end"":3.333333333333333},{""cluster_id"":2,""episodes"":[""1:2""],""coverage_s"":2.3333333333333295,""start"":0.0,""end"":2.7666666666666666}]","0:0,2:3|0:1|1:2",1,1,"[{""sample_id"":""-wny0OAz3g8$_$0"",""video_id"":""-wny0OAz3g8"",""episode_key"":""0:0"",""face_id"":0,""episode_id"":0,""start"":0.0,""end"":2.7666666666666666,""frame_count"":70,""selected_frame_count"":12,""valid_embedding_count"":12,""robust_retained_count"":10,""dispersion"":0.06569522619247437,""failures_json"":""[]""},{""sample_id"":""-wny0OAz3g8$_$0"",""video_id"":""-wny0OAz3g8"",""episode_key"":""0:1"",""face_id"":0,""episode_id"":1,""start"":3.2666666666666666,""end"":3.333333333333333,""frame_count"":2,""selected_frame_count"":2,""valid_embedding_count"":2,""robust_retained_count"":2,""dispersion"":0.013097375631332397,""failures_json"":""[]""},{""sample_id"":""-wny0OAz3g8$_$0"",""video_id"":""-wny0OAz3g8"",""episode_key"":""1:2"",""face_id"":1,""episode_id"":2,""start"":0.0,""end"":2.7666666666666666,""frame_count"":70,""selected_frame_count"":12,""valid_embedding_count"":12,""robust_retained_count"":10,""dispersion"":0.0005516111850738525,""failures_json"":""[]""},{""sample_id"":""-wny0OAz3g8$_$0"",""video_id"":""-wny0OAz3g8"",""episode_key"":""2:3"",""face_id"":2,""episode_id"":3,""start"":2.8666666666666667,""end"":3.333333333333333,""frame_count"":12,""selected_frame_count"":12,""valid_embedding_count"":12,""robust_retained_count"":10,""dispersion"":0.036901623010635376,""failures_json"":""[]""}]"
-wny0OAz3g8$_$0,-wny0OAz3g8,0.7,4,4,3,"[[""0:0"",""2:3""],[""0:1""],[""1:2""]]","[{""cluster_id"":0,""episodes"":[""0:0"",""2:3""],""coverage_s"":2.733333333333328,""start"":0.0,""end"":3.333333333333333},{""cluster_id"":1,""episodes"":[""0:1""],""coverage_s"":0.06666666666666643,""start"":3.2666666666666666,""end"":3.333333333333333},{""cluster_id"":2,""episodes"":[""1:2""],""coverage_s"":2.3333333333333295,""start"":0.0,""end"":2.7666666666666666}]","0:0,2:3|0:1|1:2",1,1,"[{""sample_id"":""-wny0OAz3g8$_$0"",""video_id"":""-wny0OAz3g8"",""episode_key"":""0:0"",""face_id"":0,""episode_id"":0,""start"":0.0,""end"":2.7666666666666666,""frame_count"":70,""selected_frame_count"":12,""valid_embedding_count"":12,""robust_retained_count"":10,""dispersion"":0.06569522619247437,""failures_json"":""[]""},{""sample_id"":""-wny0OAz3g8$_$0"",""video_id"":""-wny0OAz3g8"",""episode_key"":""0:1"",""face_id"":0,""episode_id"":1,""start"":3.2666666666666666,""end"":3.333333333333333,""frame_count"":2,""selected_frame_count"":2,""valid_embedding_count"":2,""robust_retained_count"":2,""dispersion"":0.013097375631332397,""failures_json"":""[]""},{""sample_id"":""-wny0OAz3g8$_$0"",""video_id"":""-wny0OAz3g8"",""episode_key"":""1:2"",""face_id"":1,""episode_id"":2,""start"":0.0,""end"":2.7666666666666666,""frame_count"":70,""selected_frame_count"":12,""valid_embedding_count"":12,""robust_retained_count"":10,""dispersion"":0.0005516111850738525,""failures_json"":""[]""},{""sample_id"":""-wny0OAz3g8$_$0"",""video_id"":""-wny0OAz3g8"",""episode_key"":""2:3"",""face_id"":2,""episode_id"":3,""start"":2.8666666666666667,""end"":3.333333333333333,""frame_count"":12,""selected_frame_count"":12,""valid_embedding_count"":12,""robust_retained_count"":10,""dispersion"":0.036901623010635376,""failures_json"":""[]""}]"
-wny0OAz3g8$_$1,-wny0OAz3g8,0.5,7,7,2,"[[""0:0"",""1:4"",""2:6""],[""0:1"",""0:2"",""0:3"",""2:5""]]","[{""cluster_id"":0,""episodes"":[""0:0"",""1:4"",""2:6""],""coverage_s"":5.49999999999998,""start"":0.0,""end"":6.833333333333333},{""cluster_id"":1,""episodes"":[""0:1"",""0:2"",""0:3"",""2:5""],""coverage_s"":0.5999999999999979,""start"":0.7,""end"":6.433333333333334}]","0:0,1:4,2:6|0:1,0:2,0:3,2:5",1,1,"[{""sample_id"":""-wny0OAz3g8$_$1"",""video_id"":""-wny0OAz3g8"",""episode_key"":""0:0"",""face_id"":0,""episode_id"":0,""start"":0.0,""end"":0.4999999999999999,""frame_count"":13,""selected_frame_count"":12,""valid_embedding_count"":12,""robust_retained_count"":10,""dispersion"":0.036418020725250244,""failures_json"":""[]""},{""sample_id"":""-wny0OAz3g8$_$1"",""video_id"":""-wny0OAz3g8"",""episode_key"":""0:1"",""face_id"":0,""episode_id"":1,""start"":1.6666666666666667,""end"":1.7333333333333332,""frame_count"":2,""selected_frame_count"":2,""valid_embedding_count"":2,""robust_retained_count"":2,""dispersion"":0.009611368179321289,""failures_json"":""[]""},{""sample_id"":""-wny0OAz3g8$_$1"",""video_id"":""-wny0OAz3g8"",""episode_key"":""0:2"",""face_id"":0,""episode_id"":2,""start"":5.466666666666667,""end"":5.733333333333333,""frame_count"":7,""selected_frame_count"":7,""valid_embedding_count"":7,""robust_retained_count"":6,""dispersion"":0.02549535036087036,""failures_json"":""[]""},{""sample_id"":""-wny0OAz3g8$_$1"",""video_id"":""-wny0OAz3g8"",""episode_key"":""0:3"",""face_id"":0,""episode_id"":3,""start"":6.1,""end"":6.433333333333334,""frame_count"":7,""selected_frame_count"":7,""valid_embedding_count"":7,""robust_retained_count"":6,""dispersion"":0.09871077537536621,""failures_json"":""[]""},{""sample_id"":""-wny0OAz3g8$_$1"",""video_id"":""-wny0OAz3g8"",""episode_key"":""1:4"",""face_id"":1,""episode_id"":4,""start"":0.6333333333333333,""end"":6.266666666666667,""frame_count"":141,""selected_frame_count"":12,""valid_embedding_count"":12,""robust_retained_count"":10,""dispersion"":0.06849685311317444,""failures_json"":""[]""},{""sample_id"":""-wny0OAz3g8$_$1"",""video_id"":""-wny0OAz3g8"",""episode_key"":""2:5"",""face_id"":2,""episode_id"":5,""start"":0.7,""end"":0.7666666666666665,""frame_count"":2,""selected_frame_count"":2,""valid_embedding_count"":2,""robust_retained_count"":2,""dispersion"":0.012244820594787598,""failures_json"":""[]""},{""sample_id"":""-wny0OAz3g8$_$1"",""video_id"":""-wny0OAz3g8"",""episode_key"":""2:6"",""face_id"":2,""episode_id"":6,""start"":6.4,""end"":6.833333333333333,""frame_count"":11,""selected_frame_count"":11,""valid_embedding_count"":11,""robust_retained_count"":9,""dispersion"":0.027092576026916504,""failures_json"":""[]""}]"
-wny0OAz3g8$_$1,-wny0OAz3g8,0.6,7,7,2,"[[""0:0"",""1:4"",""2:6""],[""0:1"",""0:2"",""0:3"",""2:5""]]","[{""cluster_id"":0,""episodes"":[""0:0"",""1:4"",""2:6""],""coverage_s"":5.49999999999998,""start"":0.0,""end"":6.833333333333333},{""cluster_id"":1,""episodes"":[""0:1"",""0:2"",""0:3"",""2:5""],""coverage_s"":0.5999999999999979,""start"":0.7,""end"":6.433333333333334}]","0:0,1:4,2:6|0:1,0:2,0:3,2:5",1,1,"[{""sample_id"":""-wny0OAz3g8$_$1"",""video_id"":""-wny0OAz3g8"",""episode_key"":""0:0"",""face_id"":0,""episode_id"":0,""start"":0.0,""end"":0.4999999999999999,""frame_count"":13,""selected_frame_count"":12,""valid_embedding_count"":12,""robust_retained_count"":10,""dispersion"":0.036418020725250244,""failures_json"":""[]""},{""sample_id"":""-wny0OAz3g8$_$1"",""video_id"":""-wny0OAz3g8"",""episode_key"":""0:1"",""face_id"":0,""episode_id"":1,""start"":1.6666666666666667,""end"":1.7333333333333332,""frame_count"":2,""selected_frame_count"":2,""valid_embedding_count"":2,""robust_retained_count"":2,""dispersion"":0.009611368179321289,""failures_json"":""[]""},{""sample_id"":""-wny0OAz3g8$_$1"",""video_id"":""-wny0OAz3g8"",""episode_key"":""0:2"",""face_id"":0,""episode_id"":2,""start"":5.466666666666667,""end"":5.733333333333333,""frame_count"":7,""selected_frame_count"":7,""valid_embedding_count"":7,""robust_retained_count"":6,""dispersion"":0.02549535036087036,""failures_json"":""[]""},{""sample_id"":""-wny0OAz3g8$_$1"",""video_id"":""-wny0OAz3g8"",""episode_key"":""0:3"",""face_id"":0,""episode_id"":3,""start"":6.1,""end"":6.433333333333334,""frame_count"":7,""selected_frame_count"":7,""valid_embedding_count"":7,""robust_retained_count"":6,""dispersion"":0.09871077537536621,""failures_json"":""[]""},{""sample_id"":""-wny0OAz3g8$_$1"",""video_id"":""-wny0OAz3g8"",""episode_key"":""1:4"",""face_id"":1,""episode_id"":4,""start"":0.6333333333333333,""end"":6.266666666666667,""frame_count"":141,""selected_frame_count"":12,""valid_embedding_count"":12,""robust_retained_count"":10,""dispersion"":0.06849685311317444,""failures_json"":""[]""},{""sample_id"":""-wny0OAz3g8$_$1"",""video_id"":""-wny0OAz3g8"",""episode_key"":""2:5"",""face_id"":2,""episode_id"":5,""start"":0.7,""end"":0.7666666666666665,""frame_count"":2,""selected_frame_count"":2,""valid_embedding_count"":2,""robust_retained_count"":2,""dispersion"":0.012244820594787598,""failures_json"":""[]""},{""sample_id"":""-wny0OAz3g8$_$1"",""video_id"":""-wny0OAz3g8"",""episode_key"":""2:6"",""face_id"":2,""episode_id"":6,""start"":6.4,""end"":6.833333333333333,""frame_count"":11,""selected_frame_count"":11,""valid_embedding_count"":11,""robust_retained_count"":9,""dispersion"":0.027092576026916504,""failures_json"":""[]""}]"
-wny0OAz3g8$_$1,-wny0OAz3g8,0.7,7,7,2,"[[""0:0"",""1:4"",""2:6""],[""0:1"",""0:2"",""0:3"",""2:5""]]","[{""cluster_id"":0,""episodes"":[""0:0"",""1:4"",""2:6""],""coverage_s"":5.49999999999998,""start"":0.0,""end"":6.833333333333333},{""cluster_id"":1,""episodes"":[""0:1"",""0:2"",""0:3"",""2:5""],""coverage_s"":0.5999999999999979,""start"":0.7,""end"":6.433333333333334}]","0:0,1:4,2:6|0:1,0:2,0:3,2:5",1,1,"[{""sample_id"":""-wny0OAz3g8$_$1"",""video_id"":""-wny0OAz3g8"",""episode_key"":""0:0"",""face_id"":0,""episode_id"":0,""start"":0.0,""end"":0.4999999999999999,""frame_count"":13,""selected_frame_count"":12,""valid_embedding_count"":12,""robust_retained_count"":10,""dispersion"":0.036418020725250244,""failures_json"":""[]""},{""sample_id"":""-wny0OAz3g8$_$1"",""video_id"":""-wny0OAz3g8"",""episode_key"":""0:1"",""face_id"":0,""episode_id"":1,""start"":1.6666666666666667,""end"":1.7333333333333332,""frame_count"":2,""selected_frame_count"":2,""valid_embedding_count"":2,""robust_retained_count"":2,""dispersion"":0.009611368179321289,""failures_json"":""[]""},{""sample_id"":""-wny0OAz3g8$_$1"",""video_id"":""-wny0OAz3g8"",""episode_key"":""0:2"",""face_id"":0,""episode_id"":2,""start"":5.466666666666667,""end"":5.733333333333333,""frame_count"":7,""selected_frame_count"":7,""valid_embedding_count"":7,""robust_retained_count"":6,""dispersion"":0.02549535036087036,""failures_json"":""[]""},{""sample_id"":""-wny0OAz3g8$_$1"",""video_id"":""-wny0OAz3g8"",""episode_key"":""0:3"",""face_id"":0,""episode_id"":3,""start"":6.1,""end"":6.433333333333334,""frame_count"":7,""selected_frame_count"":7,""valid_embedding_count"":7,""robust_retained_count"":6,""dispersion"":0.09871077537536621,""failures_json"":""[]""},{""sample_id"":""-wny0OAz3g8$_$1"",""video_id"":""-wny0OAz3g8"",""episode_key"":""1:4"",""face_id"":1,""episode_id"":4,""start"":0.6333333333333333,""end"":6.266666666666667,""frame_count"":141,""selected_frame_count"":12,""valid_embedding_count"":12,""robust_retained_count"":10,""dispersion"":0.06849685311317444,""failures_json"":""[]""},{""sample_id"":""-wny0OAz3g8$_$1"",""video_id"":""-wny0OAz3g8"",""episode_key"":""2:5"",""face_id"":2,""episode_id"":5,""start"":0.7,""end"":0.7666666666666665,""frame_count"":2,""selected_frame_count"":2,""valid_embedding_count"":2,""robust_retained_count"":2,""dispersion"":0.012244820594787598,""failures_json"":""[]""},{""sample_id"":""-wny0OAz3g8$_$1"",""video_id"":""-wny0OAz3g8"",""episode_key"":""2:6"",""face_id"":2,""episode_id"":6,""start"":6.4,""end"":6.833333333333333,""frame_count"":11,""selected_frame_count"":11,""valid_embedding_count"":11,""robust_retained_count"":9,""dispersion"":0.027092576026916504,""failures_json"":""[]""}]"
-wny0OAz3g8$_$2,-wny0OAz3g8,0.5,5,5,3,"[[""0:0"",""0:1"",""1:3""],[""1:2""],[""1:4""]]","[{""cluster_id"":0,""episodes"":[""0:0"",""0:1"",""1:3""],""coverage_s"":5.333333333333314,""start"":0.0,""end"":6.666666666666666},{""cluster_id"":1,""episodes"":[""1:2""],""coverage_s"":0.1999999999999993,""start"":0.03333333333333333,""end"":0.26666666666666655},{""cluster_id"":2,""episodes"":[""1:4""],""coverage_s"":0.033333333333333215,""start"":6.2,""end"":6.233333333333333}]","0:0,0:1,1:3|1:2|1:4",1,1,"[{""sample_id"":""-wny0OAz3g8$_$2"",""video_id"":""-wny0OAz3g8"",""episode_key"":""0:0"",""face_id"":0,""episode_id"":0,""start"":0.0,""end"":0.4999999999999999,""frame_count"":13,""selected_frame_count"":12,""valid_embedding_count"":12,""robust_retained_count"":10,""dispersion"":0.034388184547424316,""failures_json"":""[]""},{""sample_id"":""-wny0OAz3g8$_$2"",""video_id"":""-wny0OAz3g8"",""episode_key"":""0:1"",""face_id"":0,""episode_id"":1,""start"":6.066666666666666,""end"":6.666666666666666,""frame_count"":13,""selected_frame_count"":12,""valid_embedding_count"":12,""robust_retained_count"":10,""dispersion"":0.02958926558494568,""failures_json"":""[]""},{""sample_id"":""-wny0OAz3g8$_$2"",""video_id"":""-wny0OAz3g8"",""episode_key"":""1:2"",""face_id"":1,""episode_id"":2,""start"":0.03333333333333333,""end"":0.26666666666666655,""frame_count"":6,""selected_frame_count"":6,""valid_embedding_count"":6,""robust_retained_count"":5,""dispersion"":0.021165132522583008,""failures_json"":""[]""},{""sample_id"":""-wny0OAz3g8$_$2"",""video_id"":""-wny0OAz3g8"",""episode_key"":""1:3"",""face_id"":1,""episode_id"":3,""start"":0.6333333333333333,""end"":5.966666666666667,""frame_count"":134,""selected_frame_count"":12,""valid_embedding_count"":12,""robust_retained_count"":10,""dispersion"":0.07918581366539001,""failures_json"":""[]""},{""sample_id"":""-wny0OAz3g8$_$2"",""video_id"":""-wny0OAz3g8"",""episode_key"":""1:4"",""face_id"":1,""episode_id"":4,""start"":6.2,""end"":6.233333333333333,""frame_count"":1,""selected_frame_count"":1,""valid_embedding_count"":1,""robust_retained_count"":1,""dispersion"":0.0,""failures_json"":""[]""}]"
-wny0OAz3g8$_$2,-wny0OAz3g8,0.6,5,5,3,"[[""0:0"",""0:1"",""1:3""],[""1:2""],[""1:4""]]","[{""cluster_id"":0,""episodes"":[""0:0"",""0:1"",""1:3""],""coverage_s"":5.333333333333314,""start"":0.0,""end"":6.666666666666666},{""cluster_id"":1,""episodes"":[""1:2""],""coverage_s"":0.1999999999999993,""start"":0.03333333333333333,""end"":0.26666666666666655},{""cluster_id"":2,""episodes"":[""1:4""],""coverage_s"":0.033333333333333215,""start"":6.2,""end"":6.233333333333333}]","0:0,0:1,1:3|1:2|1:4",1,1,"[{""sample_id"":""-wny0OAz3g8$_$2"",""video_id"":""-wny0OAz3g8"",""episode_key"":""0:0"",""face_id"":0,""episode_id"":0,""start"":0.0,""end"":0.4999999999999999,""frame_count"":13,""selected_frame_count"":12,""valid_embedding_count"":12,""robust_retained_count"":10,""dispersion"":0.034388184547424316,""failures_json"":""[]""},{""sample_id"":""-wny0OAz3g8$_$2"",""video_id"":""-wny0OAz3g8"",""episode_key"":""0:1"",""face_id"":0,""episode_id"":1,""start"":6.066666666666666,""end"":6.666666666666666,""frame_count"":13,""selected_frame_count"":12,""valid_embedding_count"":12,""robust_retained_count"":10,""dispersion"":0.02958926558494568,""failures_json"":""[]""},{""sample_id"":""-wny0OAz3g8$_$2"",""video_id"":""-wny0OAz3g8"",""episode_key"":""1:2"",""face_id"":1,""episode_id"":2,""start"":0.03333333333333333,""end"":0.26666666666666655,""frame_count"":6,""selected_frame_count"":6,""valid_embedding_count"":6,""robust_retained_count"":5,""dispersion"":0.021165132522583008,""failures_json"":""[]""},{""sample_id"":""-wny0OAz3g8$_$2"",""video_id"":""-wny0OAz3g8"",""episode_key"":""1:3"",""face_id"":1,""episode_id"":3,""start"":0.6333333333333333,""end"":5.966666666666667,""frame_count"":134,""selected_frame_count"":12,""valid_embedding_count"":12,""robust_retained_count"":10,""dispersion"":0.07918581366539001,""failures_json"":""[]""},{""sample_id"":""-wny0OAz3g8$_$2"",""video_id"":""-wny0OAz3g8"",""episode_key"":""1:4"",""face_id"":1,""episode_id"":4,""start"":6.2,""end"":6.233333333333333,""frame_count"":1,""selected_frame_count"":1,""valid_embedding_count"":1,""robust_retained_count"":1,""dispersion"":0.0,""failures_json"":""[]""}]"
-wny0OAz3g8$_$2,-wny0OAz3g8,0.7,5,5,3,"[[""0:0"",""0:1"",""1:3""],[""1:2""],[""1:4""]]","[{""cluster_id"":0,""episodes"":[""0:0"",""0:1"",""1:3""],""coverage_s"":5.333333333333314,""start"":0.0,""end"":6.666666666666666},{""cluster_id"":1,""episodes"":[""1:2""],""coverage_s"":0.1999999999999993,""start"":0.03333333333333333,""end"":0.26666666666666655},{""cluster_id"":2,""episodes"":[""1:4""],""coverage_s"":0.033333333333333215,""start"":6.2,""end"":6.233333333333333}]","0:0,0:1,1:3|1:2|1:4",1,1,"[{""sample_id"":""-wny0OAz3g8$_$2"",""video_id"":""-wny0OAz3g8"",""episode_key"":""0:0"",""face_id"":0,""episode_id"":0,""start"":0.0,""end"":0.4999999999999999,""frame_count"":13,""selected_frame_count"":12,""valid_embedding_count"":12,""robust_retained_count"":10,""dispersion"":0.034388184547424316,""failures_json"":""[]""},{""sample_id"":""-wny0OAz3g8$_$2"",""video_id"":""-wny0OAz3g8"",""episode_key"":""0:1"",""face_id"":0,""episode_id"":1,""start"":6.066666666666666,""end"":6.666666666666666,""frame_count"":13,""selected_frame_count"":12,""valid_embedding_count"":12,""robust_retained_count"":10,""dispersion"":0.02958926558494568,""failures_json"":""[]""},{""sample_id"":""-wny0OAz3g8$_$2"",""video_id"":""-wny0OAz3g8"",""episode_key"":""1:2"",""face_id"":1,""episode_id"":2,""start"":0.03333333333333333,""end"":0.26666666666666655,""frame_count"":6,""selected_frame_count"":6,""valid_embedding_count"":6,""robust_retained_count"":5,""dispersion"":0.021165132522583008,""failures_json"":""[]""},{""sample_id"":""-wny0OAz3g8$_$2"",""video_id"":""-wny0OAz3g8"",""episode_key"":""1:3"",""face_id"":1,""episode_id"":3,""start"":0.6333333333333333,""end"":5.966666666666667,""frame_count"":134,""selected_frame_count"":12,""valid_embedding_count"":12,""robust_retained_count"":10,""dispersion"":0.07918581366539001,""failures_json"":""[]""},{""sample_id"":""-wny0OAz3g8$_$2"",""video_id"":""-wny0OAz3g8"",""episode_key"":""1:4"",""face_id"":1,""episode_id"":4,""start"":6.2,""end"":6.233333333333333,""frame_count"":1,""selected_frame_count"":1,""valid_embedding_count"":1,""robust_retained_count"":1,""dispersion"":0.0,""failures_json"":""[]""}]"
-wny0OAz3g8$_$3,-wny0OAz3g8,0.5,3,3,1,"[[""0:0"",""0:1"",""1:2""]]","[{""cluster_id"":0,""episodes"":[""0:0"",""0:1"",""1:2""],""coverage_s"":4.899999999999983,""start"":0.0,""end"":6.133333333333333}]","0:0,0:1,1:2",1,0,"[{""sample_id"":""-wny0OAz3g8$_$3"",""video_id"":""-wny0OAz3g8"",""episode_key"":""0:0"",""face_id"":0,""episode_id"":0,""start"":0.0,""end"":0.46666666666666656,""frame_count"":12,""selected_frame_count"":12,""valid_embedding_count"":12,""robust_retained_count"":10,""dispersion"":0.02729356288909912,""failures_json"":""[]""},{""sample_id"":""-wny0OAz3g8$_$3"",""video_id"":""-wny0OAz3g8"",""episode_key"":""0:1"",""face_id"":0,""episode_id"":1,""start"":5.733333333333333,""end"":6.133333333333333,""frame_count"":10,""selected_frame_count"":10,""valid_embedding_count"":10,""robust_retained_count"":8,""dispersion"":0.027677953243255615,""failures_json"":""[]""},{""sample_id"":""-wny0OAz3g8$_$3"",""video_id"":""-wny0OAz3g8"",""episode_key"":""1:2"",""face_id"":1,""episode_id"":2,""start"":0.6333333333333333,""end"":5.733333333333333,""frame_count"":125,""selected_frame_count"":12,""valid_embedding_count"":12,""robust_retained_count"":10,""dispersion"":0.08400174975395203,""failures_json"":""[]""}]"
-wny0OAz3g8$_$3,-wny0OAz3g8,0.6,3,3,1,"[[""0:0"",""0:1"",""1:2""]]","[{""cluster_id"":0,""episodes"":[""0:0"",""0:1"",""1:2""],""coverage_s"":4.899999999999983,""start"":0.0,""end"":6.133333333333333}]","0:0,0:1,1:2",1,0,"[{""sample_id"":""-wny0OAz3g8$_$3"",""video_id"":""-wny0OAz3g8"",""episode_key"":""0:0"",""face_id"":0,""episode_id"":0,""start"":0.0,""end"":0.46666666666666656,""frame_count"":12,""selected_frame_count"":12,""valid_embedding_count"":12,""robust_retained_count"":10,""dispersion"":0.02729356288909912,""failures_json"":""[]""},{""sample_id"":""-wny0OAz3g8$_$3"",""video_id"":""-wny0OAz3g8"",""episode_key"":""0:1"",""face_id"":0,""episode_id"":1,""start"":5.733333333333333,""end"":6.133333333333333,""frame_count"":10,""selected_frame_count"":10,""valid_embedding_count"":10,""robust_retained_count"":8,""dispersion"":0.027677953243255615,""failures_json"":""[]""},{""sample_id"":""-wny0OAz3g8$_$3"",""video_id"":""-wny0OAz3g8"",""episode_key"":""1:2"",""face_id"":1,""episode_id"":2,""start"":0.6333333333333333,""end"":5.733333333333333,""frame_count"":125,""selected_frame_count"":12,""valid_embedding_count"":12,""robust_retained_count"":10,""dispersion"":0.08400174975395203,""failures_json"":""[]""}]"
-wny0OAz3g8$_$3,-wny0OAz3g8,0.7,3,3,1,"[[""0:0"",""0:1"",""1:2""]]","[{""cluster_id"":0,""episodes"":[""0:0"",""0:1"",""1:2""],""coverage_s"":4.899999999999983,""start"":0.0,""end"":6.133333333333333}]","0:0,0:1,1:2",1,0,"[{""sample_id"":""-wny0OAz3g8$_$3"",""video_id"":""-wny0OAz3g8"",""episode_key"":""0:0"",""face_id"":0,""episode_id"":0,""start"":0.0,""end"":0.46666666666666656,""frame_count"":12,""selected_frame_count"":12,""valid_embedding_count"":12,""robust_retained_count"":10,""dispersion"":0.02729356288909912,""failures_json"":""[]""},{""sample_id"":""-wny0OAz3g8$_$3"",""video_id"":""-wny0OAz3g8"",""episode_key"":""0:1"",""face_id"":0,""episode_id"":1,""start"":5.733333333333333,""end"":6.133333333333333,""frame_count"":10,""selected_frame_count"":10,""valid_embedding_count"":10,""robust_retained_count"":8,""dispersion"":0.027677953243255615,""failures_json"":""[]""},{""sample_id"":""-wny0OAz3g8$_$3"",""video_id"":""-wny0OAz3g8"",""episode_key"":""1:2"",""face_id"":1,""episode_id"":2,""start"":0.6333333333333333,""end"":5.733333333333333,""frame_count"":125,""selected_frame_count"":12,""valid_embedding_count"":12,""robust_retained_count"":10,""dispersion"":0.08400174975395203,""failures_json"":""[]""}]"
-wny0OAz3g8$_$5,-wny0OAz3g8,0.5,7,7,2,"[[""0:0"",""0:4"",""1:5""],[""0:1"",""0:2"",""0:3"",""2:6""]]","[{""cluster_id"":0,""episodes"":[""0:0"",""0:4"",""1:5""],""coverage_s"":5.399999999999982,""start"":0.0,""end"":6.8999999999999995},{""cluster_id"":1,""episodes"":[""0:1"",""0:2"",""0:3"",""2:6""],""coverage_s"":0.4999999999999982,""start"":0.7,""end"":3.0666666666666664}]","0:0,0:4,1:5|0:1,0:2,0:3,2:6",1,1,"[{""sample_id"":""-wny0OAz3g8$_$5"",""video_id"":""-wny0OAz3g8"",""episode_key"":""0:0"",""face_id"":0,""episode_id"":0,""start"":0.0,""end"":0.4999999999999999,""frame_count"":13,""selected_frame_count"":12,""valid_embedding_count"":12,""robust_retained_count"":10,""dispersion"":0.026648372411727905,""failures_json"":""[]""},{""sample_id"":""-wny0OAz3g8$_$5"",""video_id"":""-wny0OAz3g8"",""episode_key"":""0:1"",""face_id"":0,""episode_id"":1,""start"":1.6666666666666667,""end"":1.8333333333333333,""frame_count"":4,""selected_frame_count"":4,""valid_embedding_count"":4,""robust_retained_count"":4,""dispersion"":0.028217315673828125,""failures_json"":""[]""},{""sample_id"":""-wny0OAz3g8$_$5"",""video_id"":""-wny0OAz3g8"",""episode_key"":""0:2"",""face_id"":0,""episode_id"":2,""start"":2.3,""end"":2.4666666666666663,""frame_count"":4,""selected_frame_count"":4,""valid_embedding_count"":4,""robust_retained_count"":4,""dispersion"":0.05113166570663452,""failures_json"":""[]""},{""sample_id"":""-wny0OAz3g8$_$5"",""video_id"":""-wny0OAz3g8"",""episode_key"":""0:3"",""face_id"":0,""episode_id"":3,""start"":2.933333333333333,""end"":3.0666666666666664,""frame_count"":3,""selected_frame_count"":3,""valid_embedding_count"":3,""robust_retained_count"":3,""dispersion"":0.045405805110931396,""failures_json"":""[]""},{""sample_id"":""-wny0OAz3g8$_$5"",""video_id"":""-wny0OAz3g8"",""episode_key"":""0:4"",""face_id"":0,""episode_id"":4,""start"":6.4,""end"":6.8999999999999995,""frame_count"":11,""selected_frame_count"":11,""valid_embedding_count"":11,""robust_retained_count"":9,""dispersion"":0.015900909900665283,""failures_json"":""[]""},{""sample_id"":""-wny0OAz3g8$_$5"",""video_id"":""-wny0OAz3g8"",""episode_key"":""1:5"",""face_id"":1,""episode_id"":5,""start"":0.6333333333333333,""end"":6.166666666666666,""frame_count"":138,""selected_frame_count"":12,""valid_embedding_count"":12,""robust_retained_count"":10,""dispersion"":0.10268452763557434,""failures_json"":""[]""},{""sample_id"":""-wny0OAz3g8$_$5"",""video_id"":""-wny0OAz3g8"",""episode_key"":""2:6"",""face_id"":2,""episode_id"":6,""start"":0.7,""end"":0.8666666666666666,""frame_count"":4,""selected_frame_count"":4,""valid_embedding_count"":4,""robust_retained_count"":4,""dispersion"":0.029723256826400757,""failures_json"":""[]""}]"
-wny0OAz3g8$_$5,-wny0OAz3g8,0.6,7,7,2,"[[""0:0"",""0:4"",""1:5""],[""0:1"",""0:2"",""0:3"",""2:6""]]","[{""cluster_id"":0,""episodes"":[""0:0"",""0:4"",""1:5""],""coverage_s"":5.399999999999982,""start"":0.0,""end"":6.8999999999999995},{""cluster_id"":1,""episodes"":[""0:1"",""0:2"",""0:3"",""2:6""],""coverage_s"":0.4999999999999982,""start"":0.7,""end"":3.0666666666666664}]","0:0,0:4,1:5|0:1,0:2,0:3,2:6",1,1,"[{""sample_id"":""-wny0OAz3g8$_$5"",""video_id"":""-wny0OAz3g8"",""episode_key"":""0:0"",""face_id"":0,""episode_id"":0,""start"":0.0,""end"":0.4999999999999999,""frame_count"":13,""selected_frame_count"":12,""valid_embedding_count"":12,""robust_retained_count"":10,""dispersion"":0.026648372411727905,""failures_json"":""[]""},{""sample_id"":""-wny0OAz3g8$_$5"",""video_id"":""-wny0OAz3g8"",""episode_key"":""0:1"",""face_id"":0,""episode_id"":1,""start"":1.6666666666666667,""end"":1.8333333333333333,""frame_count"":4,""selected_frame_count"":4,""valid_embedding_count"":4,""robust_retained_count"":4,""dispersion"":0.028217315673828125,""failures_json"":""[]""},{""sample_id"":""-wny0OAz3g8$_$5"",""video_id"":""-wny0OAz3g8"",""episode_key"":""0:2"",""face_id"":0,""episode_id"":2,""start"":2.3,""end"":2.4666666666666663,""frame_count"":4,""selected_frame_count"":4,""valid_embedding_count"":4,""robust_retained_count"":4,""dispersion"":0.05113166570663452,""failures_json"":""[]""},{""sample_id"":""-wny0OAz3g8$_$5"",""video_id"":""-wny0OAz3g8"",""episode_key"":""0:3"",""face_id"":0,""episode_id"":3,""start"":2.933333333333333,""end"":3.0666666666666664,""frame_count"":3,""selected_frame_count"":3,""valid_embedding_count"":3,""robust_retained_count"":3,""dispersion"":0.045405805110931396,""failures_json"":""[]""},{""sample_id"":""-wny0OAz3g8$_$5"",""video_id"":""-wny0OAz3g8"",""episode_key"":""0:4"",""face_id"":0,""episode_id"":4,""start"":6.4,""end"":6.8999999999999995,""frame_count"":11,""selected_frame_count"":11,""valid_embedding_count"":11,""robust_retained_count"":9,""dispersion"":0.015900909900665283,""failures_json"":""[]""},{""sample_id"":""-wny0OAz3g8$_$5"",""video_id"":""-wny0OAz3g8"",""episode_key"":""1:5"",""face_id"":1,""episode_id"":5,""start"":0.6333333333333333,""end"":6.166666666666666,""frame_count"":138,""selected_frame_count"":12,""valid_embedding_count"":12,""robust_retained_count"":10,""dispersion"":0.10268452763557434,""failures_json"":""[]""},{""sample_id"":""-wny0OAz3g8$_$5"",""video_id"":""-wny0OAz3g8"",""episode_key"":""2:6"",""face_id"":2,""episode_id"":6,""start"":0.7,""end"":0.8666666666666666,""frame_count"":4,""selected_frame_count"":4,""valid_embedding_count"":4,""robust_retained_count"":4,""dispersion"":0.029723256826400757,""failures_json"":""[]""}]"
-wny0OAz3g8$_$5,-wny0OAz3g8,0.7,7,7,2,"[[""0:0"",""0:4"",""1:5""],[""0:1"",""0:2"",""0:3"",""2:6""]]","[{""cluster_id"":0,""episodes"":[""0:0"",""0:4"",""1:5""],""coverage_s"":5.399999999999982,""start"":0.0,""end"":6.8999999999999995},{""cluster_id"":1,""episodes"":[""0:1"",""0:2"",""0:3"",""2:6""],""coverage_s"":0.4999999999999982,""start"":0.7,""end"":3.0666666666666664}]","0:0,0:4,1:5|0:1,0:2,0:3,2:6",1,1,"[{""sample_id"":""-wny0OAz3g8$_$5"",""video_id"":""-wny0OAz3g8"",""episode_key"":""0:0"",""face_id"":0,""episode_id"":0,""start"":0.0,""end"":0.4999999999999999,""frame_count"":13,""selected_frame_count"":12,""valid_embedding_count"":12,""robust_retained_count"":10,""dispersion"":0.026648372411727905,""failures_json"":""[]""},{""sample_id"":""-wny0OAz3g8$_$5"",""video_id"":""-wny0OAz3g8"",""episode_key"":""0:1"",""face_id"":0,""episode_id"":1,""start"":1.6666666666666667,""end"":1.8333333333333333,""frame_count"":4,""selected_frame_count"":4,""valid_embedding_count"":4,""robust_retained_count"":4,""dispersion"":0.028217315673828125,""failures_json"":""[]""},{""sample_id"":""-wny0OAz3g8$_$5"",""video_id"":""-wny0OAz3g8"",""episode_key"":""0:2"",""face_id"":0,""episode_id"":2,""start"":2.3,""end"":2.4666666666666663,""frame_count"":4,""selected_frame_count"":4,""valid_embedding_count"":4,""robust_retained_count"":4,""dispersion"":0.05113166570663452,""failures_json"":""[]""},{""sample_id"":""-wny0OAz3g8$_$5"",""video_id"":""-wny0OAz3g8"",""episode_key"":""0:3"",""face_id"":0,""episode_id"":3,""start"":2.933333333333333,""end"":3.0666666666666664,""frame_count"":3,""selected_frame_count"":3,""valid_embedding_count"":3,""robust_retained_count"":3,""dispersion"":0.045405805110931396,""failures_json"":""[]""},{""sample_id"":""-wny0OAz3g8$_$5"",""video_id"":""-wny0OAz3g8"",""episode_key"":""0:4"",""face_id"":0,""episode_id"":4,""start"":6.4,""end"":6.8999999999999995,""frame_count"":11,""selected_frame_count"":11,""valid_embedding_count"":11,""robust_retained_count"":9,""dispersion"":0.015900909900665283,""failures_json"":""[]""},{""sample_id"":""-wny0OAz3g8$_$5"",""video_id"":""-wny0OAz3g8"",""episode_key"":""1:5"",""face_id"":1,""episode_id"":5,""start"":0.6333333333333333,""end"":6.166666666666666,""frame_count"":138,""selected_frame_count"":12,""valid_embedding_count"":12,""robust_retained_count"":10,""dispersion"":0.10268452763557434,""failures_json"":""[]""},{""sample_id"":""-wny0OAz3g8$_$5"",""video_id"":""-wny0OAz3g8"",""episode_key"":""2:6"",""face_id"":2,""episode_id"":6,""start"":0.7,""end"":0.8666666666666666,""frame_count"":4,""selected_frame_count"":4,""valid_embedding_count"":4,""robust_retained_count"":4,""dispersion"":0.029723256826400757,""failures_json"":""[]""}]"
-wny0OAz3g8$_$7,-wny0OAz3g8,0.5,3,3,1,"[[""0:0"",""0:1"",""1:2""]]","[{""cluster_id"":0,""episodes"":[""0:0"",""0:1"",""1:2""],""coverage_s"":6.466666666666644,""start"":0.0,""end"":8.066666666666666}]","0:0,0:1,1:2",1,0,"[{""sample_id"":""-wny0OAz3g8$_$7"",""video_id"":""-wny0OAz3g8"",""episode_key"":""0:0"",""face_id"":0,""episode_id"":0,""start"":0.0,""end"":0.4999999999999999,""frame_count"":13,""selected_frame_count"":12,""valid_embedding_count"":12,""robust_retained_count"":10,""dispersion"":0.019637376070022583,""failures_json"":""[]""},{""sample_id"":""-wny0OAz3g8$_$7"",""video_id"":""-wny0OAz3g8"",""episode_key"":""0:1"",""face_id"":0,""episode_id"":1,""start"":7.666666666666667,""end"":8.066666666666666,""frame_count"":8,""selected_frame_count"":8,""valid_embedding_count"":8,""robust_retained_count"":7,""dispersion"":0.02903681993484497,""failures_json"":""[]""},{""sample_id"":""-wny0OAz3g8$_$7"",""video_id"":""-wny0OAz3g8"",""episode_key"":""1:2"",""face_id"":1,""episode_id"":2,""start"":0.6333333333333333,""end"":7.566666666666666,""frame_count"":173,""selected_frame_count"":12,""valid_embedding_count"":12,""robust_retained_count"":10,""dispersion"":0.09034103155136108,""failures_json"":""[]""}]"
-wny0OAz3g8$_$7,-wny0OAz3g8,0.6,3,3,1,"[[""0:0"",""0:1"",""1:2""]]","[{""cluster_id"":0,""episodes"":[""0:0"",""0:1"",""1:2""],""coverage_s"":6.466666666666644,""start"":0.0,""end"":8.066666666666666}]","0:0,0:1,1:2",1,0,"[{""sample_id"":""-wny0OAz3g8$_$7"",""video_id"":""-wny0OAz3g8"",""episode_key"":""0:0"",""face_id"":0,""episode_id"":0,""start"":0.0,""end"":0.4999999999999999,""frame_count"":13,""selected_frame_count"":12,""valid_embedding_count"":12,""robust_retained_count"":10,""dispersion"":0.019637376070022583,""failures_json"":""[]""},{""sample_id"":""-wny0OAz3g8$_$7"",""video_id"":""-wny0OAz3g8"",""episode_key"":""0:1"",""face_id"":0,""episode_id"":1,""start"":7.666666666666667,""end"":8.066666666666666,""frame_count"":8,""selected_frame_count"":8,""valid_embedding_count"":8,""robust_retained_count"":7,""dispersion"":0.02903681993484497,""failures_json"":""[]""},{""sample_id"":""-wny0OAz3g8$_$7"",""video_id"":""-wny0OAz3g8"",""episode_key"":""1:2"",""face_id"":1,""episode_id"":2,""start"":0.6333333333333333,""end"":7.566666666666666,""frame_count"":173,""selected_frame_count"":12,""valid_embedding_count"":12,""robust_retained_count"":10,""dispersion"":0.09034103155136108,""failures_json"":""[]""}]"
-wny0OAz3g8$_$7,-wny0OAz3g8,0.7,3,3,1,"[[""0:0"",""0:1"",""1:2""]]","[{""cluster_id"":0,""episodes"":[""0:0"",""0:1"",""1:2""],""coverage_s"":6.466666666666644,""start"":0.0,""end"":8.066666666666666}]","0:0,0:1,1:2",1,0,"[{""sample_id"":""-wny0OAz3g8$_$7"",""video_id"":""-wny0OAz3g8"",""episode_key"":""0:0"",""face_id"":0,""episode_id"":0,""start"":0.0,""end"":0.4999999999999999,""frame_count"":13,""selected_frame_count"":12,""valid_embedding_count"":12,""robust_retained_count"":10,""dispersion"":0.019637376070022583,""failures_json"":""[]""},{""sample_id"":""-wny0OAz3g8$_$7"",""video_id"":""-wny0OAz3g8"",""episode_key"":""0:1"",""face_id"":0,""episode_id"":1,""start"":7.666666666666667,""end"":8.066666666666666,""frame_count"":8,""selected_frame_count"":8,""valid_embedding_count"":8,""robust_retained_count"":7,""dispersion"":0.02903681993484497,""failures_json"":""[]""},{""sample_id"":""-wny0OAz3g8$_$7"",""video_id"":""-wny0OAz3g8"",""episode_key"":""1:2"",""face_id"":1,""episode_id"":2,""start"":0.6333333333333333,""end"":7.566666666666666,""frame_count"":173,""selected_frame_count"":12,""valid_embedding_count"":12,""robust_retained_count"":10,""dispersion"":0.09034103155136108,""failures_json"":""[]""}]"
-wny0OAz3g8$_$9,-wny0OAz3g8,0.5,3,3,1,"[[""0:0"",""0:1"",""0:2""]]","[{""cluster_id"":0,""episodes"":[""0:0"",""0:1"",""0:2""],""coverage_s"":4.633333333333317,""start"":0.0,""end"":6.066666666666666}]","0:0,0:1,0:2",1,0,"[{""sample_id"":""-wny0OAz3g8$_$9"",""video_id"":""-wny0OAz3g8"",""episode_key"":""0:0"",""face_id"":0,""episode_id"":0,""start"":0.0,""end"":0.36666666666666653,""frame_count"":10,""selected_frame_count"":10,""valid_embedding_count"":10,""robust_retained_count"":8,""dispersion"":0.03484809398651123,""failures_json"":""[]""},{""sample_id"":""-wny0OAz3g8$_$9"",""video_id"":""-wny0OAz3g8"",""episode_key"":""0:1"",""face_id"":0,""episode_id"":1,""start"":0.6666666666666666,""end"":5.5,""frame_count"":121,""selected_frame_count"":12,""valid_embedding_count"":12,""robust_retained_count"":10,""dispersion"":0.09605583548545837,""failures_json"":""[]""},{""sample_id"":""-wny0OAz3g8$_$9"",""video_id"":""-wny0OAz3g8"",""episode_key"":""0:2"",""face_id"":0,""episode_id"":2,""start"":5.733333333333333,""end"":6.066666666666666,""frame_count"":8,""selected_frame_count"":8,""valid_embedding_count"":8,""robust_retained_count"":7,""dispersion"":0.020412206649780273,""failures_json"":""[]""}]"
-wny0OAz3g8$_$9,-wny0OAz3g8,0.6,3,3,1,"[[""0:0"",""0:1"",""0:2""]]","[{""cluster_id"":0,""episodes"":[""0:0"",""0:1"",""0:2""],""coverage_s"":4.633333333333317,""start"":0.0,""end"":6.066666666666666}]","0:0,0:1,0:2",1,0,"[{""sample_id"":""-wny0OAz3g8$_$9"",""video_id"":""-wny0OAz3g8"",""episode_key"":""0:0"",""face_id"":0,""episode_id"":0,""start"":0.0,""end"":0.36666666666666653,""frame_count"":10,""selected_frame_count"":10,""valid_embedding_count"":10,""robust_retained_count"":8,""dispersion"":0.03484809398651123,""failures_json"":""[]""},{""sample_id"":""-wny0OAz3g8$_$9"",""video_id"":""-wny0OAz3g8"",""episode_key"":""0:1"",""face_id"":0,""episode_id"":1,""start"":0.6666666666666666,""end"":5.5,""frame_count"":121,""selected_frame_count"":12,""valid_embedding_count"":12,""robust_retained_count"":10,""dispersion"":0.09605583548545837,""failures_json"":""[]""},{""sample_id"":""-wny0OAz3g8$_$9"",""video_id"":""-wny0OAz3g8"",""episode_key"":""0:2"",""face_id"":0,""episode_id"":2,""start"":5.733333333333333,""end"":6.066666666666666,""frame_count"":8,""selected_frame_count"":8,""valid_embedding_count"":8,""robust_retained_count"":7,""dispersion"":0.020412206649780273,""failures_json"":""[]""}]"
-wny0OAz3g8$_$9,-wny0OAz3g8,0.7,3,3,1,"[[""0:0"",""0:1"",""0:2""]]","[{""cluster_id"":0,""episodes"":[""0:0"",""0:1"",""0:2""],""coverage_s"":4.633333333333317,""start"":0.0,""end"":6.066666666666666}]","0:0,0:1,0:2",1,0,"[{""sample_id"":""-wny0OAz3g8$_$9"",""video_id"":""-wny0OAz3g8"",""episode_key"":""0:0"",""face_id"":0,""episode_id"":0,""start"":0.0,""end"":0.36666666666666653,""frame_count"":10,""selected_frame_count"":10,""valid_embedding_count"":10,""robust_retained_count"":8,""dispersion"":0.03484809398651123,""failures_json"":""[]""},{""sample_id"":""-wny0OAz3g8$_$9"",""video_id"":""-wny0OAz3g8"",""episode_key"":""0:1"",""face_id"":0,""episode_id"":1,""start"":0.6666666666666666,""end"":5.5,""frame_count"":121,""selected_frame_count"":12,""valid_embedding_count"":12,""robust_retained_count"":10,""dispersion"":0.09605583548545837,""failures_json"":""[]""},{""sample_id"":""-wny0OAz3g8$_$9"",""video_id"":""-wny0OAz3g8"",""episode_key"":""0:2"",""face_id"":0,""episode_id"":2,""start"":5.733333333333333,""end"":6.066666666666666,""frame_count"":8,""selected_frame_count"":8,""valid_embedding_count"":8,""robust_retained_count"":7,""dispersion"":0.020412206649780273,""failures_json"":""[]""}]"
-yRb-Jum7EQ$_$1,-yRb-Jum7EQ,0.5,3,3,2,"[[""0:0""],[""1:1"",""2:2""]]","[{""cluster_id"":0,""episodes"":[""0:0""],""coverage_s"":24.266666666666282,""start"":0.0,""end"":29.266666666666666},{""cluster_id"":1,""episodes"":[""1:1"",""2:2""],""coverage_s"":5.366666666666648,""start"":0.0,""end"":6.633333333333333}]","0:0|1:1,2:2",1,1,"[{""sample_id"":""-yRb-Jum7EQ$_$1"",""video_id"":""-yRb-Jum7EQ"",""episode_key"":""0:0"",""face_id"":0,""episode_id"":0,""start"":0.0,""end"":29.266666666666666,""frame_count"":728,""selected_frame_count"":12,""valid_embedding_count"":12,""robust_retained_count"":10,""dispersion"":0.04323062300682068,""failures_json"":""[]""},{""sample_id"":""-yRb-Jum7EQ$_$1"",""video_id"":""-yRb-Jum7EQ"",""episode_key"":""1:1"",""face_id"":1,""episode_id"":1,""start"":0.0,""end"":2.7666666666666666,""frame_count"":68,""selected_frame_count"":12,""valid_embedding_count"":12,""robust_retained_count"":10,""dispersion"":0.027670085430145264,""failures_json"":""[]""},{""sample_id"":""-yRb-Jum7EQ$_$1"",""video_id"":""-yRb-Jum7EQ"",""episode_key"":""2:2"",""face_id"":2,""episode_id"":2,""start"":2.8666666666666667,""end"":6.633333333333333,""frame_count"":93,""selected_frame_count"":12,""valid_embedding_count"":12,""robust_retained_count"":10,""dispersion"":0.05033379793167114,""failures_json"":""[]""}]"
-yRb-Jum7EQ$_$1,-yRb-Jum7EQ,0.6,3,3,2,"[[""0:0""],[""1:1"",""2:2""]]","[{""cluster_id"":0,""episodes"":[""0:0""],""coverage_s"":24.266666666666282,""start"":0.0,""end"":29.266666666666666},{""cluster_id"":1,""episodes"":[""1:1"",""2:2""],""coverage_s"":5.366666666666648,""start"":0.0,""end"":6.633333333333333}]","0:0|1:1,2:2",1,1,"[{""sample_id"":""-yRb-Jum7EQ$_$1"",""video_id"":""-yRb-Jum7EQ"",""episode_key"":""0:0"",""face_id"":0,""episode_id"":0,""start"":0.0,""end"":29.266666666666666,""frame_count"":728,""selected_frame_count"":12,""valid_embedding_count"":12,""robust_retained_count"":10,""dispersion"":0.04323062300682068,""failures_json"":""[]""},{""sample_id"":""-yRb-Jum7EQ$_$1"",""video_id"":""-yRb-Jum7EQ"",""episode_key"":""1:1"",""face_id"":1,""episode_id"":1,""start"":0.0,""end"":2.7666666666666666,""frame_count"":68,""selected_frame_count"":12,""valid_embedding_count"":12,""robust_retained_count"":10,""dispersion"":0.027670085430145264,""failures_json"":""[]""},{""sample_id"":""-yRb-Jum7EQ$_$1"",""video_id"":""-yRb-Jum7EQ"",""episode_key"":""2:2"",""face_id"":2,""episode_id"":2,""start"":2.8666666666666667,""end"":6.633333333333333,""frame_count"":93,""selected_frame_count"":12,""valid_embedding_count"":12,""robust_retained_count"":10,""dispersion"":0.05033379793167114,""failures_json"":""[]""}]"
-yRb-Jum7EQ$_$1,-yRb-Jum7EQ,0.7,3,3,2,"[[""0:0""],[""1:1"",""2:2""]]","[{""cluster_id"":0,""episodes"":[""0:0""],""coverage_s"":24.266666666666282,""start"":0.0,""end"":29.266666666666666},{""cluster_id"":1,""episodes"":[""1:1"",""2:2""],""coverage_s"":5.366666666666648,""start"":0.0,""end"":6.633333333333333}]","0:0|1:1,2:2",1,1,"[{""sample_id"":""-yRb-Jum7EQ$_$1"",""video_id"":""-yRb-Jum7EQ"",""episode_key"":""0:0"",""face_id"":0,""episode_id"":0,""start"":0.0,""end"":29.266666666666666,""frame_count"":728,""selected_frame_count"":12,""valid_embedding_count"":12,""robust_retained_count"":10,""dispersion"":0.04323062300682068,""failures_json"":""[]""},{""sample_id"":""-yRb-Jum7EQ$_$1"",""video_id"":""-yRb-Jum7EQ"",""episode_key"":""1:1"",""face_id"":1,""episode_id"":1,""start"":0.0,""end"":2.7666666666666666,""frame_count"":68,""selected_frame_count"":12,""valid_embedding_count"":12,""robust_retained_count"":10,""dispersion"":0.027670085430145264,""failures_json"":""[]""},{""sample_id"":""-yRb-Jum7EQ$_$1"",""video_id"":""-yRb-Jum7EQ"",""episode_key"":""2:2"",""face_id"":2,""episode_id"":2,""start"":2.8666666666666667,""end"":6.633333333333333,""frame_count"":93,""selected_frame_count"":12,""valid_embedding_count"":12,""robust_retained_count"":10,""dispersion"":0.05033379793167114,""failures_json"":""[]""}]"
-yRb-Jum7EQ$_$5,-yRb-Jum7EQ,0.5,2,2,2,"[[""0:0""],[""1:1""]]","[{""cluster_id"":0,""episodes"":[""0:0""],""coverage_s"":10.966666666666626,""start"":0.0,""end"":13.166666666666666},{""cluster_id"":1,""episodes"":[""1:1""],""coverage_s"":0.2666666666666657,""start"":2.2666666666666666,""end"":2.6333333333333333}]",0:0|1:1,1,1,"[{""sample_id"":""-yRb-Jum7EQ$_$5"",""video_id"":""-yRb-Jum7EQ"",""episode_key"":""0:0"",""face_id"":0,""episode_id"":0,""start"":0.0,""end"":13.166666666666666,""frame_count"":329,""selected_frame_count"":12,""valid_embedding_count"":12,""robust_retained_count"":10,""dispersion"":0.041541337966918945,""failures_json"":""[]""},{""sample_id"":""-yRb-Jum7EQ$_$5"",""video_id"":""-yRb-Jum7EQ"",""episode_key"":""1:1"",""face_id"":1,""episode_id"":1,""start"":2.2666666666666666,""end"":2.6333333333333333,""frame_count"":8,""selected_frame_count"":8,""valid_embedding_count"":8,""robust_retained_count"":7,""dispersion"":0.029889047145843506,""failures_json"":""[]""}]"
-yRb-Jum7EQ$_$5,-yRb-Jum7EQ,0.6,2,2,2,"[[""0:0""],[""1:1""]]","[{""cluster_id"":0,""episodes"":[""0:0""],""coverage_s"":10.966666666666626,""start"":0.0,""end"":13.166666666666666},{""cluster_id"":1,""episodes"":[""1:1""],""coverage_s"":0.2666666666666657,""start"":2.2666666666666666,""end"":2.6333333333333333}]",0:0|1:1,1,1,"[{""sample_id"":""-yRb-Jum7EQ$_$5"",""video_id"":""-yRb-Jum7EQ"",""episode_key"":""0:0"",""face_id"":0,""episode_id"":0,""start"":0.0,""end"":13.166666666666666,""frame_count"":329,""selected_frame_count"":12,""valid_embedding_count"":12,""robust_retained_count"":10,""dispersion"":0.041541337966918945,""failures_json"":""[]""},{""sample_id"":""-yRb-Jum7EQ$_$5"",""video_id"":""-yRb-Jum7EQ"",""episode_key"":""1:1"",""face_id"":1,""episode_id"":1,""start"":2.2666666666666666,""end"":2.6333333333333333,""frame_count"":8,""selected_frame_count"":8,""valid_embedding_count"":8,""robust_retained_count"":7,""dispersion"":0.029889047145843506,""failures_json"":""[]""}]"
-yRb-Jum7EQ$_$5,-yRb-Jum7EQ,0.7,2,2,2,"[[""0:0""],[""1:1""]]","[{""cluster_id"":0,""episodes"":[""0:0""],""coverage_s"":10.966666666666626,""start"":0.0,""end"":13.166666666666666},{""cluster_id"":1,""episodes"":[""1:1""],""coverage_s"":0.2666666666666657,""start"":2.2666666666666666,""end"":2.6333333333333333}]",0:0|1:1,1,1,"[{""sample_id"":""-yRb-Jum7EQ$_$5"",""video_id"":""-yRb-Jum7EQ"",""episode_key"":""0:0"",""face_id"":0,""episode_id"":0,""start"":0.0,""end"":13.166666666666666,""frame_count"":329,""selected_frame_count"":12,""valid_embedding_count"":12,""robust_retained_count"":10,""dispersion"":0.041541337966918945,""failures_json"":""[]""},{""sample_id"":""-yRb-Jum7EQ$_$5"",""video_id"":""-yRb-Jum7EQ"",""episode_key"":""1:1"",""face_id"":1,""episode_id"":1,""start"":2.2666666666666666,""end"":2.6333333333333333,""frame_count"":8,""selected_frame_count"":8,""valid_embedding_count"":8,""robust_retained_count"":7,""dispersion"":0.029889047145843506,""failures_json"":""[]""}]"
-yRb-Jum7EQ$_$6,-yRb-Jum7EQ,0.5,1,1,1,"[[""0:0""]]","[{""cluster_id"":0,""episodes"":[""0:0""],""coverage_s"":9.299999999999969,""start"":0.0,""end"":11.166666666666666}]",0:0,1,0,"[{""sample_id"":""-yRb-Jum7EQ$_$6"",""video_id"":""-yRb-Jum7EQ"",""episode_key"":""0:0"",""face_id"":0,""episode_id"":0,""start"":0.0,""end"":11.166666666666666,""frame_count"":279,""selected_frame_count"":12,""valid_embedding_count"":12,""robust_retained_count"":10,""dispersion"":0.04905697703361511,""failures_json"":""[]""}]"
-yRb-Jum7EQ$_$6,-yRb-Jum7EQ,0.6,1,1,1,"[[""0:0""]]","[{""cluster_id"":0,""episodes"":[""0:0""],""coverage_s"":9.299999999999969,""start"":0.0,""end"":11.166666666666666}]",0:0,1,0,"[{""sample_id"":""-yRb-Jum7EQ$_$6"",""video_id"":""-yRb-Jum7EQ"",""episode_key"":""0:0"",""face_id"":0,""episode_id"":0,""start"":0.0,""end"":11.166666666666666,""frame_count"":279,""selected_frame_count"":12,""valid_embedding_count"":12,""robust_retained_count"":10,""dispersion"":0.04905697703361511,""failures_json"":""[]""}]"
-yRb-Jum7EQ$_$6,-yRb-Jum7EQ,0.7,1,1,1,"[[""0:0""]]","[{""cluster_id"":0,""episodes"":[""0:0""],""coverage_s"":9.299999999999969,""start"":0.0,""end"":11.166666666666666}]",0:0,1,0,"[{""sample_id"":""-yRb-Jum7EQ$_$6"",""video_id"":""-yRb-Jum7EQ"",""episode_key"":""0:0"",""face_id"":0,""episode_id"":0,""start"":0.0,""end"":11.166666666666666,""frame_count"":279,""selected_frame_count"":12,""valid_embedding_count"":12,""robust_retained_count"":10,""dispersion"":0.04905697703361511,""failures_json"":""[]""}]"
