sample_id,word_id,raw_word,ctc_start,ctc_end,whisperx_start,whisperx_end,start_abs_difference_s,end_abs_difference_s,midpoint_abs_difference_s,whisperx_score
-3g5yACwYnA$_$13,0,They've,0.9140565476190474,1.5265383184523809,1.445,1.606,0.5309434523809526,0.07946168154761923,0.30520256696428594,0.748
-3g5yACwYnA$_$13,1,been,1.5265383184523809,1.5908136160714283,1.626,1.726,0.09946168154761903,0.13518638392857163,0.11732403273809533,0.996
-3g5yACwYnA$_$13,2,able,1.5908136160714283,1.7193642113095238,1.766,1.927,0.17518638392857167,0.20763578869047628,0.19141108630952397,0.991
-3g5yACwYnA$_$13,3,to,1.7193642113095238,1.9764654017857142,1.967,2.047,0.2476357886904763,0.07053459821428598,0.15908519345238115,1.0
-3g5yACwYnA$_$13,4,find,1.9764654017857142,2.169291294642857,2.187,2.388,0.21053459821428566,0.21870870535714282,0.21462165178571424,0.998
-3g5yACwYnA$_$13,5,solutions,2.169291294642857,2.876319568452381,2.428,2.949,0.25870870535714285,0.07268043154761905,0.16569456845238095,0.94
-3g5yACwYnA$_$13,6,or,2.876319568452381,2.9727325148809522,3.049,3.149,0.17268043154761914,0.17626748511904777,0.17447395833333323,0.764
-3g5yACwYnA$_$13,7,at,2.9727325148809522,3.133420758928571,3.19,3.25,0.2172674851190477,0.11657924107142881,0.16692336309523825,0.76
-3g5yACwYnA$_$13,8,least,3.133420758928571,3.2298337053571426,3.27,3.43,0.13657924107142883,0.2001662946428575,0.1683727678571434,0.641
-3g5yACwYnA$_$13,9,bring,3.2298337053571426,3.4226595982142856,3.47,3.751,0.24016629464285755,0.32834040178571433,0.28425334821428594,0.989
-3g5yACwYnA$_$13,10,some,3.4226595982142856,3.8083113839285714,3.811,3.991,0.3883404017857144,0.18268861607142872,0.28551450892857155,0.946
-3g5yACwYnA$_$13,11,answers,3.8083113839285714,4.290376116071428,4.092,4.352,0.28368861607142826,0.0616238839285721,0.17265624999999973,0.867
-3g5yACwYnA$_$13,12,to,4.290376116071428,4.3867890625,4.372,4.473,0.08162388392857167,0.08621093749999975,0.08391741071428571,0.837
-3g5yACwYnA$_$13,13,the,4.3867890625,4.483202008928571,4.493,4.573,0.10621093750000021,0.08979799107142927,0.0980044642857143,0.818
-3g5yACwYnA$_$13,14,table.,4.483202008928571,4.611752604166666,4.593,4.894,0.10979799107142885,0.282247395833334,0.19602269345238188,0.956
-3g5yACwYnA$_$2,0,Key,2.4270015243902434,2.9430839503484316,1.842,2.303,0.5850015243902433,0.6400839503484317,0.6125427373693373,0.72
-3g5yACwYnA$_$2,1,Polymer,2.9430839503484316,3.264732469512195,3.044,3.384,0.10091604965156842,0.11926753048780503,0.11009179006968672,0.476
-3g5yACwYnA$_$2,2,brings,3.264732469512195,3.538133710801393,3.404,3.604,0.13926753048780505,0.06586628919860704,0.10256690984320604,0.824
-3g5yACwYnA$_$2,3,a,3.538133710801393,3.6507106925087105,3.664,3.704,0.1258662891986071,0.053289307491289684,0.08957779834494861,0.961
-3g5yACwYnA$_$2,4,technical,3.6507106925087105,4.0688537674216025,3.744,4.205,0.09328930749128972,0.13614623257839753,0.11471777003484385,0.946
-3g5yACwYnA$_$2,5,aspect,4.0688537674216025,4.422667138501742,4.385,4.686,0.31614623257839725,0.26333286149825774,0.2897395470383275,0.989
-3g5yACwYnA$_$2,6,to,4.422667138501742,4.744315657665505,4.726,4.946,0.3033328614982578,0.20168434233449517,0.2525086019163765,0.994
-3g5yACwYnA$_$2,7,our,5.289673344947735,5.805755770905923,5.867,5.967,0.5773266550522651,0.16124422909407699,0.3692854420731706,0.596
-3g5yACwYnA$_$2,8,operation,5.805755770905923,6.288228549651567,6.027,6.468,0.22124422909407748,0.1797714503484329,0.20050783972125563,0.891
-3g5yACwYnA$_$2,9,that,6.288228549651567,6.5455473649825775,6.508,6.648,0.21977145034843293,0.10245263501742219,0.16111204268292711,0.834
-3g5yACwYnA$_$2,10,we,6.5455473649825775,6.70637162456446,6.688,6.788,0.14245263501742222,0.08162837543554069,0.1120405052264819,0.834
-3g5yACwYnA$_$2,11,don't,6.70637162456446,6.979772865853658,6.828,7.028,0.12162837543554073,0.04822713414634183,0.08492775479094128,0.837
-3g5yACwYnA$_$2,12,have,6.979772865853658,7.092349847560975,7.068,7.209,0.08822713414634187,0.11665015243902488,0.10243864329268337,1.0
-3g5yACwYnA$_$2,13,internally.,7.092349847560975,7.606987478222996,7.269,7.709,0.17665015243902538,0.10201252177700404,0.1393313371080147,0.955
-3g5yACwYnA$_$3,0,We're,0.2884807046979866,0.7532551733780761,0.587,0.987,0.2985192953020134,0.23374482662192386,0.2661320609619687,0.894
-3g5yACwYnA$_$3,1,a,0.7532551733780761,1.1699495246085012,1.248,1.288,0.49474482662192387,0.11805047539149882,0.30639765100671135,0.991
-3g5yACwYnA$_$3,2,huge,1.1699495246085012,1.362269994407159,1.368,1.729,0.1980504753914989,0.3667300055928411,0.28239024049217,0.961
-3g5yACwYnA$_$3,3,user,2.1604331655480986,2.7726201062639824,2.65,2.91,0.4895668344519013,0.13737989373601778,0.3134733640939593,0.898
-3g5yACwYnA$_$3,4,of,2.7726201062639824,2.916860458612976,2.97,3.031,0.19737989373601783,0.11413954138702431,0.15575971756152107,0.756
-3g5yACwYnA$_$3,5,adhesives,2.916860458612976,3.477795162192394,3.091,3.551,0.17413954138702437,0.073204837807606,0.12367218959731519,0.959
-3g5yACwYnA$_$3,6,for,3.6989969239373606,4.215023629753915,4.212,4.433,0.5130030760626392,0.21797637024608463,0.3654897231543619,0.978
-3g5yACwYnA$_$3,7,our,4.215023629753915,4.503504334451902,4.573,4.673,0.3579763702460852,0.16949566554809792,0.26373601789709156,0.892
-3g5yACwYnA$_$3,8,"operation,",4.503504334451902,5.016358920581656,4.753,5.254,0.249495665548098,0.2376410794183439,0.24356837248322094,0.942
-3g5yACwYnA$_$3,9,called,5.141400447427294,5.657427153243849,5.635,5.835,0.4935995525727055,0.17757284675615104,0.3355861996644287,0.934
-3g5yACwYnA$_$3,10,"flocking,",5.657427153243849,6.106174916107383,5.855,6.296,0.1975728467561515,0.1898250838926172,0.1936989653243839,0.878
-3g5yACwYnA$_$3,11,and,6.106174916107383,6.490815855704699,6.636,6.756,0.5298250838926171,0.26518414429530157,0.39750461409395976,1.0
-3g5yACwYnA$_$3,12,we,6.490815855704699,7.003670441834453,7.037,7.117,0.5461841442953013,0.1133295581655469,0.32975685123042453,1.0
-3g5yACwYnA$_$3,13,don't,7.003670441834453,7.22804432326622,7.137,7.257,0.13332955816554648,0.028955676733779967,0.08114261744966322,0.943
-3g5yACwYnA$_$3,14,have,7.22804432326622,7.29215114653244,7.297,7.377,0.06895567673378,0.08484885346755977,0.07690226510066989,0.998
-3g5yACwYnA$_$3,15,the,7.29215114653244,7.388311381431768,7.397,7.457,0.10484885346756023,0.06868861856823205,0.08676873601789614,0.961
-3g5yACwYnA$_$3,16,technical,7.388311381431768,7.8050057326621936,7.517,7.958,0.12868861856823255,0.15299426733780663,0.1408414429530196,0.908
-3g5yACwYnA$_$3,17,inside,7.962100671140941,8.478127376957495,8.399,8.679,0.4368993288590577,0.20087262304250508,0.3188859759507814,0.957
-3g5yACwYnA$_$3,18,compounding,8.89164960850112,9.85642407718121,9.42,10.001,0.5283503914988792,0.14457592281878995,0.33646315715883546,0.96
-3g5yACwYnA$_$3,19,or,9.85642407718121,10.112851370246087,10.202,10.302,0.34557592281879046,0.18914862975391245,0.26736227628635145,0.752
-3g5yACwYnA$_$3,20,the,10.112851370246087,10.337225251677854,10.342,10.422,0.22914862975391337,0.08477474832214682,0.1569616890380301,0.828
-3g5yACwYnA$_$3,21,technical,10.337225251677854,10.721866191275168,10.462,10.823,0.12477474832214597,0.10113380872483191,0.11295427852348894,0.853
-3g5yACwYnA$_$3,22,expertise,10.721866191275168,11.202667365771813,10.843,11.283,0.12113380872483148,0.0803326342281867,0.1007332214765091,0.79
-3g5yACwYnA$_$3,23,to,11.202667365771813,11.330881012304253,11.323,11.403,0.12033263422818763,0.0721189876957471,0.09622581096196736,0.988
-3g5yACwYnA$_$3,24,do,11.330881012304253,11.427041247203581,11.444,11.564,0.11311898769574746,0.1369587527964189,0.1250388702460823,0.875
-3g5yACwYnA$_$3,25,these,11.427041247203581,11.619361717002239,11.584,11.744,0.15695875279641847,0.12463828299776125,0.14079851789709075,0.835
-3g5yACwYnA$_$3,26,types,11.619361717002239,11.907842421700225,11.764,11.964,0.14463828299776083,0.05615757829977497,0.10039793064876701,0.908
-3g5yACwYnA$_$3,27,of,11.907842421700225,11.971949244966446,12.004,12.065,0.09615757829977412,0.09305075503355376,0.09460416666666482,0.984
-3g5yACwYnA$_$3,28,things.,11.971949244966446,12.132216303131994,12.105,12.365,0.13305075503355468,0.23278369686800637,0.18291722595078053,1.0
-3g5yACwYnA$_$9,0,We,0.36902375461254616,0.7861810424354244,0.798,0.918,0.4289762453874539,0.13181895756457562,0.2803976014760147,0.984
-3g5yACwYnA$_$9,1,have,0.7861810424354244,0.9145371309963101,0.958,1.059,0.17181895756457555,0.14446286900368988,0.1581409132841327,0.996
-3g5yACwYnA$_$9,2,many,0.9145371309963101,1.1070712638376383,1.119,1.359,0.20446286900368993,0.25192873616236167,0.22819580258302585,1.0
-3g5yACwYnA$_$9,3,new,1.168629151291513,1.6846736623616239,1.72,1.86,0.551370848708487,0.17532633763837624,0.3633485931734315,0.999
-3g5yACwYnA$_$9,4,opportunities,1.6846736623616239,2.3745876383763838,1.94,2.462,0.2553263376383761,0.08741236162361643,0.17136934963099604,0.921
-3g5yACwYnA$_$9,5,through,2.3745876383763838,2.5189882380073803,2.502,2.802,0.12741236162361602,0.2830117619926198,0.2052120618081179,0.799
-3g5yACwYnA$_$9,6,the,2.805169280442805,3.3212137915129154,3.363,3.444,0.5578307195571952,0.12278620848708455,0.3403084640221399,0.99
-3g5yACwYnA$_$9,7,way,3.3212137915129154,3.4816589022140225,3.484,3.624,0.16278620848708458,0.1423410977859776,0.15256365313653109,1.0
-3g5yACwYnA$_$9,8,things,3.4816589022140225,3.7062820571955726,3.684,3.864,0.20234109778597764,0.1577179428044273,0.1800295202952027,1.0
-3g5yACwYnA$_$9,9,have,3.7062820571955726,3.898816190036901,3.904,4.005,0.19771794280442734,0.10618380996309895,0.15195087638376314,0.874
-3g5yACwYnA$_$9,10,changed,3.898816190036901,4.027172278597787,4.025,4.265,0.1261838099630994,0.23782772140221287,0.18200576568265614,0.981
-3g5yACwYnA$_$9,11,through,4.027172278597787,4.3480625,4.285,4.466,0.25782772140221333,0.11793750000000003,0.18788261070110712,0.856
-3g5yACwYnA$_$9,12,the,4.3480625,4.476418588560886,4.486,4.566,0.1379374999999996,0.0895814114391138,0.11375945571955626,0.83
-3g5yACwYnA$_$9,13,"years,",4.476418588560886,4.765219787822879,4.606,5.648,0.12958141143911384,0.8827802121771207,0.5061808118081172,0.975
-3g5yACwYnA$_$9,14,looking,5.147667896678968,5.663712407749078,5.668,5.868,0.5203321033210324,0.20428759225092197,0.36230984778597763,0.998
-3g5yACwYnA$_$9,15,for,5.663712407749078,5.920424584870849,5.909,6.009,0.24528759225092145,0.08857541512915112,0.16693150369003584,0.829
-3g5yACwYnA$_$9,16,new,5.920424584870849,6.080869695571956,6.109,6.209,0.18857541512915077,0.1281303044280433,0.1583528597785966,0.835
-3g5yACwYnA$_$9,17,niche,6.080869695571956,6.417804428044281,6.269,6.53,0.1881303044280438,0.11219557195571905,0.15016293819188187,0.743
-3g5yACwYnA$_$9,18,"high-end,",6.417804428044281,6.85100622693727,6.65,7.071,0.23219557195571916,0.21999377306272994,0.226094672509225,0.88
-3g5yACwYnA$_$9,19,value-added,6.85100622693727,7.396519603321034,7.091,7.632,0.2399937730627304,0.23548039667896603,0.23773708487084777,0.59
-3g5yACwYnA$_$9,20,products.,7.396519603321034,8.038300046125462,7.652,8.113,0.2554803966789665,0.07469995387453743,0.16509017527675196,0.986
-3nNcZdcdvU$_$5,0,Noncompliance,0.2574731404958678,1.464378486570248,0.582,1.565,0.3245268595041322,0.1006215134297519,0.21257418646694193,0.945
-3nNcZdcdvU$_$5,1,can,1.464378486570248,1.6896674845041324,1.665,1.905,0.20062151342975199,0.21533251549586763,0.2079770144628098,1.0
-3nNcZdcdvU$_$5,3,in,2.2046137654958677,2.623007618801653,2.667,2.747,0.4623862345041321,0.12399238119834699,0.29318930785123953,0.834
-3nNcZdcdvU$_$5,4,legal,2.623007618801653,3.0092173295454545,2.827,3.108,0.20399238119834706,0.09878267045454558,0.15138752582644632,0.937
-3nNcZdcdvU$_$5,5,liability,3.0092173295454545,3.459795325413223,3.168,3.87,0.15878267045454564,0.4102046745867769,0.28449367252066127,0.968
-3nNcZdcdvU$_$5,6,to,3.459795325413223,3.974741606404959,3.97,4.171,0.510204674586777,0.19625839359504127,0.3532315340909091,1.0
-3nNcZdcdvU$_$5,7,you,3.974741606404959,4.264398889462811,4.291,4.531,0.3162583935950414,0.2666011105371888,0.29142975206611554,1.0
-3nNcZdcdvU$_$5,8,and,4.456357954545455,4.972450025826447,5.073,5.173,0.6166420454545456,0.20054997417355303,0.4085960098140493,0.964
-3nNcZdcdvU$_$5,9,to,4.972450025826447,5.262107308884298,5.253,5.373,0.2805499741735531,0.11089269111570221,0.19572133264462765,0.999
-3nNcZdcdvU$_$5,10,the,5.262107308884298,5.423028021694215,5.413,5.494,0.15089269111570225,0.07097197830578494,0.1109323347107436,0.835
-3nNcZdcdvU$_$5,11,school,5.423028021694215,5.551764591942149,5.534,5.794,0.11097197830578498,0.2422354080578506,0.1766036931818178,0.879
-3nNcZdcdvU$_$5,12,district,5.551764591942149,5.9379743026859515,5.834,6.155,0.28223540805785063,0.21702569731404875,0.2496305526859497,0.874
-3nNcZdcdvU$_$5,13,in,5.9379743026859515,6.163263300619835,6.215,6.255,0.27702569731404836,0.09173669938016449,0.18438119834710642,0.996
-3nNcZdcdvU$_$5,14,which,6.163263300619835,6.324184013429752,6.296,6.456,0.13273669938016486,0.13181598657024818,0.13227634297520652,0.976
-3nNcZdcdvU$_$5,15,you,6.324184013429752,6.485104726239669,6.496,6.596,0.1718159865702482,0.11089527376033104,0.14135563016528963,1.0
-3nNcZdcdvU$_$5,16,are,6.485104726239669,6.646025439049588,6.676,6.777,0.1908952737603311,0.1309745609504125,0.1609349173553718,0.833
-3nNcZdcdvU$_$5,17,employed.,6.646025439049588,6.967866864669421,6.817,7.258,0.17097456095041252,0.2901331353305787,0.23055384814049562,1.0
-571d8cVauQ$_$0,0,This,0.6272963709677419,1.1434006048387095,1.078,1.179,0.45070362903225814,0.035599395161290515,0.24315151209677432,0.205
-571d8cVauQ$_$0,1,is,1.1434006048387095,1.2078175403225806,1.239,1.299,0.09559939516129057,0.09118245967741934,0.09339092741935484,0.463
-571d8cVauQ$_$0,2,Rhett,1.2078175403225806,1.4654852822580646,1.339,1.52,0.13118245967741937,0.05451471774193539,0.0928485887096775,0.769
-571d8cVauQ$_$0,4,White,1.7553614919354836,1.9486122983870966,1.962,2.143,0.20663850806451634,0.1943877016129032,0.20051310483870977,0.904
-571d8cVauQ$_$0,5,Caspian,1.9486122983870966,2.4639477822580647,2.163,2.605,0.21438770161290321,0.14105221774193533,0.1777199596774195,0.781
-571d8cVauQ$_$0,6,Studios,2.4639477822580647,2.9792832661290323,2.645,3.087,0.18105221774193536,0.10771673387096792,0.14438447580645164,0.993
-571d8cVauQ$_$0,7,on,2.9792832661290323,3.108117137096774,3.167,3.248,0.18771673387096754,0.13988286290322627,0.1637997983870969,0.753
-571d8cVauQ$_$0,8,behalf,3.108117137096774,3.3979933467741934,3.268,3.569,0.15988286290322584,0.17100665322580655,0.16544475806451597,0.908
-571d8cVauQ$_$0,9,of,3.3979933467741934,3.5912441532258064,3.609,3.669,0.21100665322580658,0.07775584677419367,0.14438125000000013,0.998
-571d8cVauQ$_$0,10,Expert,3.5912441532258064,3.977745766129032,3.75,4.071,0.15875584677419363,0.09325423387096787,0.12600504032258097,0.946
-571d8cVauQ$_$0,11,Village.,3.977745766129032,4.13878810483871,4.111,4.433,0.1332542338709679,0.29421189516128976,0.2137330645161284,0.986
-571d8cVauQ$_$5,0,So,0.2406886942675159,0.529515127388535,0.158,0.198,0.0826886942675159,0.331515127388535,0.20710191082802545,0.14
-571d8cVauQ$_$5,1,very,0.529515127388535,0.7541579087048832,0.759,0.979,0.229484872611465,0.22484209129511679,0.22716348195329084,0.913
-571d8cVauQ$_$5,2,important,0.7541579087048832,1.1071679936305732,1.019,1.359,0.2648420912951167,0.2518320063694268,0.2583370488322717,1.0
-571d8cVauQ$_$5,3,to,1.1071679936305732,1.3959944267515922,1.399,1.48,0.29183200636942686,0.08400557324840774,0.1879187898089174,0.998
-571d8cVauQ$_$5,4,go,1.3959944267515922,1.5885453821656048,1.6,1.78,0.20400557324840785,0.1914546178343952,0.19773009554140153,0.926
-571d8cVauQ$_$5,5,out,1.5885453821656048,1.813188163481953,1.92,2.06,0.3314546178343951,0.24681183651804695,0.28913322717622103,0.838
-571d8cVauQ$_$5,6,to,1.9389787685774946,2.4550246815286623,2.461,2.621,0.5220212314225052,0.16597531847133773,0.3439982749469217,1.0
-571d8cVauQ$_$5,7,the,2.4550246815286623,2.647575636942675,2.661,2.721,0.20597531847133776,0.07342436305732525,0.1396998407643315,0.986
-571d8cVauQ$_$5,8,"locations,",2.647575636942675,3.3215039808917197,2.801,3.382,0.15342436305732532,0.0604960191082804,0.10696019108280308,0.923
-571d8cVauQ$_$5,9,walk,3.3215039808917197,3.802881369426751,3.802,4.062,0.4804960191082803,0.25911863057324913,0.3698073248407645,0.969
-571d8cVauQ$_$5,10,"around,",3.802881369426751,4.252166932059447,4.123,4.483,0.3201186305732491,0.23083306794055236,0.2754758492569005,0.932
-571d8cVauQ$_$5,11,talk,4.252166932059447,4.733544320594479,4.723,4.964,0.4708330679405526,0.23045567940552125,0.3506443736730369,1.0
-571d8cVauQ$_$5,12,with,4.733544320594479,4.990278927813163,5.004,5.104,0.2704556794055204,0.11372107218683691,0.19208837579617866,0.886
-571d8cVauQ$_$5,13,the,4.990278927813163,5.118646231422504,5.144,5.224,0.15372107218683695,0.1053537685774959,0.12953742038216642,1.0
-571d8cVauQ$_$5,14,owners,5.118646231422504,5.50374814225053,5.324,5.564,0.20535376857749554,0.06025185774946973,0.1328028131634822,0.972
-571d8cVauQ$_$5,15,if,5.50374814225053,5.632115445859872,5.644,5.704,0.1402518577494698,0.0718845541401274,0.10606820594479816,1.0
-571d8cVauQ$_$5,16,you,5.632115445859872,5.728390923566879,5.744,5.845,0.11188455414012743,0.11660907643312068,0.11424681528662406,0.957
-571d8cVauQ$_$5,17,"can,",5.728390923566879,5.920941878980891,5.885,6.145,0.15660907643312072,0.22405812101910882,0.19033359872611477,0.853
-571d8cVauQ$_$5,18,tell,5.950457006369426,6.466502919320593,6.465,6.665,0.5145429936305739,0.19849708067940686,0.35652003715499037,0.877
-571d8cVauQ$_$5,19,them,6.466502919320593,6.691145700636943,6.685,6.806,0.21849708067940643,0.11485429936305724,0.16667569002123184,0.999
-571d8cVauQ$_$5,20,what,6.691145700636943,6.85160483014862,6.846,6.966,0.15485429936305728,0.1143951698513801,0.1346247346072187,0.958
-571d8cVauQ$_$5,21,you're,6.85160483014862,7.092293524416135,6.986,7.166,0.13439516985137967,0.07370647558386523,0.10405082271762245,0.889
-571d8cVauQ$_$5,22,"doing,",7.092293524416135,7.172523089171975,7.186,7.406,0.0937064755838648,0.23347691082802502,0.1635916932059449,0.872
-571d8cVauQ$_$5,23,build,7.202038216560509,7.718084129511677,7.707,7.927,0.5049617834394908,0.2089158704883225,0.3569388269639062,0.813
-571d8cVauQ$_$5,24,a,7.718084129511677,7.910635084925689,7.967,8.007,0.24891587048832253,0.09636491507431089,0.1726403927813167,0.504
-571d8cVauQ$_$5,25,little,7.910635084925689,8.055048301486199,8.047,8.267,0.1363649150743118,0.21195169851380058,0.1741583067940562,0.968
-571d8cVauQ$_$5,26,"excitement,",8.055048301486199,8.424104299363057,8.327,8.848,0.2719516985138011,0.42389570063694393,0.3479236995753734,0.911
-571d8cVauQ$_$5,27,put,8.902904989384288,9.418950902335457,9.429,9.549,0.5260950106157125,0.13004909766454276,0.3280720541401285,0.788
-571d8cVauQ$_$5,28,a,9.418950902335457,9.53127229299363,9.569,9.589,0.1500490976645441,0.057727707006369755,0.10388840233545693,0.996
-571d8cVauQ$_$5,29,little,9.53127229299363,9.643593683651805,9.629,9.809,0.0977277070063689,0.1654063163481947,0.1315670116772818,0.932
-571d8cVauQ$_$5,30,glitz,9.643593683651805,10.0928792462845,9.849,10.169,0.20540631634819562,0.0761207537155002,0.1407635350318479,0.976
-571d8cVauQ$_$5,31,on,10.0928792462845,10.221246549893841,10.29,10.39,0.19712075371549886,0.16875345010615916,0.18293710191082901,0.833
-571d8cVauQ$_$5,32,there,10.221246549893841,10.44588933121019,10.41,10.63,0.18875345010615874,0.18411066878981153,0.18643205944798513,0.919
-571d8cVauQ$_$5,33,and,10.700047239915074,11.216093152866241,11.251,11.351,0.5509527600849253,0.13490684713375956,0.34292980360934244,0.96
-571d8cVauQ$_$5,34,let,11.216093152866241,11.537011411889596,11.551,11.691,0.33490684713375884,0.15398858811040483,0.24444771762208184,0.959
-571d8cVauQ$_$5,35,everybody,11.537011411889596,11.729562367303608,11.731,12.072,0.19398858811040398,0.3424376326963916,0.2682131104033987,0.886
-571d8cVauQ$_$5,37,this,12.27254670912951,12.788592622080678,12.732,12.913,0.4594532908704885,0.12440737791932222,0.29193033439490534,0.99
-571d8cVauQ$_$5,38,is,12.788592622080678,12.981143577494691,12.993,13.073,0.2044073779193223,0.0918564225053089,0.1481319002123156,1.0
-571d8cVauQ$_$5,39,a,12.981143577494691,13.141602707006367,13.153,13.193,0.17185642250530897,0.051397292993632604,0.11162685774947079,1.0
-571d8cVauQ$_$5,40,very,13.141602707006367,13.33415366242038,13.333,13.573,0.19139729299363317,0.23884633757961993,0.21512181528662655,0.931
-571d8cVauQ$_$5,41,valuable,13.33415366242038,13.719255573248407,13.693,14.194,0.35884633757961915,0.47474442675159345,0.4167953821656063,0.938
-571d8cVauQ$_$5,42,spot.,13.74877070063694,14.26481661358811,14.254,14.574,0.5052292993630587,0.30918338641189,0.40720634288747526,0.938
-6rXp3zJ3kc$_$8,0,Many,0.22459949622166245,0.4973274559193954,0.521,0.721,0.2964005037783376,0.22367254408060455,0.2600365239294711,0.936
-6rXp3zJ3kc$_$8,1,people,0.4973274559193954,0.7540125944584382,0.761,1.022,0.2636725440806046,0.26798740554156186,0.2658299748110832,0.926
-6rXp3zJ3kc$_$8,2,are,0.7540125944584382,1.010697732997481,1.062,1.142,0.3079874055415619,0.131302267002519,0.21964483627204046,0.935
-6rXp3zJ3kc$_$8,3,not,1.010697732997481,1.2352972292191433,1.242,1.523,0.2313022670025191,0.2877027707808566,0.25950251889168785,0.989
-6rXp3zJ3kc$_$8,4,until,1.2352972292191433,1.6844962216624682,1.583,1.843,0.34770277078085665,0.15850377833753182,0.25310327455919424,0.884
-6rXp3zJ3kc$_$8,5,they,1.6844962216624682,1.84492443324937,1.863,1.984,0.17850377833753184,0.13907556675063004,0.15878967254408094,0.999
-6rXp3zJ3kc$_$8,6,get,1.84492443324937,2.037438287153652,2.024,2.204,0.17907556675063008,0.16656171284634835,0.17281863979848922,0.784
-6rXp3zJ3kc$_$8,7,to,2.037438287153652,2.2620377833753142,2.244,2.344,0.2065617128463484,0.08196221662468561,0.144261964735517,0.985
-6rXp3zJ3kc$_$8,8,be,2.2620377833753142,2.390380352644836,2.384,2.565,0.12196221662468565,0.174619647355164,0.1482909319899246,0.808
-6rXp3zJ3kc$_$8,9,a,2.390380352644836,2.5508085642317377,2.645,2.705,0.25461964735516407,0.15419143576826233,0.20440554156171342,0.667
-6rXp3zJ3kc$_$8,10,older,2.6764785894206544,3.4492065491183874,3.326,3.566,0.6495214105793456,0.11679345088161242,0.3831574307304788,0.975
-6rXp3zJ3kc$_$8,11,age,3.4492065491183874,3.609634760705289,3.787,3.947,0.3377934508816125,0.33736523929471085,0.33757934508816145,0.989
-6rXp3zJ3kc$_$8,12,and,3.609634760705289,3.9625768261964733,4.007,4.087,0.39736523929471046,0.12442317380352641,0.26089420654911866,0.88
-6rXp3zJ3kc$_$8,13,they,3.9625768261964733,4.123005037783375,4.127,4.268,0.16442317380352645,0.1449949622166251,0.15470906801007622,0.891
-6rXp3zJ3kc$_$8,14,realize,4.123005037783375,4.636375314861461,4.328,4.789,0.2049949622166256,0.1526246851385391,0.1788098236775819,0.85
-6rXp3zJ3kc$_$8,15,that,4.636375314861461,4.828889168765743,4.809,4.989,0.17262468513853957,0.16011083123425696,0.16636775818639826,0.893
-6rXp3zJ3kc$_$8,16,gosh,4.828889168765743,5.310173803526448,5.069,5.61,0.24011083123425703,0.29982619647355246,0.26996851385390475,0.921
-6rXp3zJ3kc$_$8,18,wasted,5.727287153652393,6.240657430730478,6.011,6.331,0.2837128463476075,0.09034256926952278,0.18702770780856515,0.922
-6rXp3zJ3kc$_$8,19,a,6.240657430730478,6.336914357682619,6.351,6.391,0.11034256926952235,0.05408564231738122,0.08221410579345223,0.499
-6rXp3zJ3kc$_$8,20,lot,6.336914357682619,6.43317128463476,6.431,6.592,0.09408564231738126,0.15882871536523968,0.12645717884131003,0.847
-6rXp3zJ3kc$_$8,21,of,6.43317128463476,6.593599496221662,6.612,6.672,0.17882871536524014,0.07840050377833752,0.12861460957178883,0.748
-6rXp3zJ3kc$_$8,22,time,6.593599496221662,6.7540277078085635,6.732,7.093,0.138400503778338,0.33897229219143643,0.23868639798488767,1.0
-6rXp3zJ3kc$_$8,23,and,6.7540277078085635,7.106969773299747,7.153,7.253,0.39897229219143604,0.1460302267002529,0.2725012594458449,0.336
-6rXp3zJ3kc$_$8,24,money,7.106969773299747,7.33156926952141,7.333,8.736,0.22603022670025297,1.404430730478591,0.815230478589422,0.946
-6rXp3zJ3kc$_$8,25,in,8.002695214105792,8.711251889168764,8.976,9.076,0.973304785894209,0.36474811083123626,0.6690264483627226,0.862
-6rXp3zJ3kc$_$8,26,placing,8.933178841309822,9.529435768261964,9.297,9.637,0.36382115869017895,0.10756423173803675,0.23569269521410696,1.0
-6rXp3zJ3kc$_$8,27,bets,9.529435768261964,9.898420654911838,9.697,9.958,0.16756423173803547,0.05957934508816187,0.11357178841309956,0.89
-6rXp3zJ3kc$_$8,28,on,9.898420654911838,9.994677581863979,10.038,10.118,0.13957934508816194,0.12332241813602174,0.13145088161209184,0.836
-6rXp3zJ3kc$_$8,29,stock,9.994677581863979,10.187191435768261,10.178,10.479,0.18332241813602224,0.2918085642317383,0.23756549118388115,1.0
-6rXp3zJ3kc$_$8,30,that's,10.187191435768261,10.684518891687656,10.519,10.739,0.3318085642317392,0.05448110831234487,0.19314483627204293,0.811
-6rXp3zJ3kc$_$8,31,ultimately,10.684518891687656,11.278103274559193,10.899,11.38,0.21448110831234324,0.10189672544080786,0.15818891687657555,0.976
-6rXp3zJ3kc$_$8,32,lost,11.278103274559193,11.631045340050376,11.46,11.741,0.18189672544080793,0.10995465994962395,0.14592569269521505,1.0
-6rXp3zJ3kc$_$8,33,value.,11.631045340050376,11.855644836272038,11.841,12.242,0.2099546599496236,0.38635516372796275,0.29815491183879406,0.904
-9y-fZ3swSY$_$0,2,can,0.2091452380952381,0.27349761904761904,0.295,0.415,0.08585476190476188,0.14150238095238094,0.1136785714285714,0.424
-9y-fZ3swSY$_$0,3,"say,",0.27349761904761904,0.4665547619047619,0.455,0.676,0.18150238095238097,0.20944523809523813,0.19547380952380958,0.922
-9y-fZ3swSY$_$0,4,hey,0.4665547619047619,1.1905190476190475,0.777,1.078,0.3104452380952381,0.11251904761904741,0.09896309523809538,0.891
-9y-fZ3swSY$_$0,5,I,1.3662190476190477,1.882307142857143,1.92,1.981,0.5537809523809523,0.09869285714285714,0.3262369047619048,0.892
-9y-fZ3swSY$_$0,6,really,1.882307142857143,2.0431880952380954,2.041,2.302,0.15869285714285697,0.25881190476190463,0.2087523809523808,0.961
-9y-fZ3swSY$_$0,7,like,2.0431880952380954,2.3971261904761905,2.422,2.703,0.37881190476190474,0.3058738095238094,0.34234285714285706,0.959
-9y-fZ3swSY$_$0,9,"skin,",2.9441214285714286,3.4267642857142855,3.365,3.666,0.42087857142857166,0.23923571428571444,0.3300571428571428,0.72
-9y-fZ3swSY$_$0,10,they,3.4267642857142855,3.7163500000000003,3.686,3.767,0.25923571428571446,0.05064999999999964,0.15494285714285705,1.0
-9y-fZ3swSY$_$0,11,are,3.7163500000000003,3.780702380952381,3.787,3.867,0.07064999999999966,0.08629761904761901,0.07847380952380956,0.526
-9y-fZ3swSY$_$0,12,so,3.780702380952381,3.8772309523809527,3.907,4.068,0.12629761904761905,0.1907690476190469,0.15853333333333275,1.0
-9y-fZ3swSY$_$0,13,"soft,",3.8772309523809527,4.295521428571428,4.289,4.63,0.411769047619047,0.33447857142857185,0.37312380952380897,0.999
-9y-fZ3swSY$_$0,14,they,4.295521428571428,4.649459523809524,4.65,4.75,0.3544785714285723,0.10054047619047601,0.22750952380952416,0.996
-9y-fZ3swSY$_$0,16,have,4.890780952380952,5.035573809523809,5.031,5.272,0.14021904761904747,0.23642619047619107,0.18832261904761927,0.876
-9y-fZ3swSY$_$0,17,any,5.035573809523809,5.292983333333334,5.332,5.473,0.2964261904761907,0.18001666666666605,0.23822142857142836,0.999
-9y-fZ3swSY$_$0,18,hair,5.292983333333334,5.550392857142857,5.533,5.733,0.24001666666666654,0.18260714285714297,0.21131190476190476,0.729
-9y-fZ3swSY$_$0,19,on,5.550392857142857,5.74345,5.774,5.834,0.22360714285714334,0.09054999999999946,0.15707857142857184,0.838
-9y-fZ3swSY$_$0,20,their,5.74345,5.872154761904762,5.854,5.994,0.11054999999999993,0.12184523809523817,0.1161976190476186,0.836
-9y-fZ3swSY$_$0,21,face,5.872154761904762,6.161740476190476,6.035,6.295,0.16284523809523854,0.13325952380952355,0.1480523809523815,0.925
-9y-fZ3swSY$_$4,1,seen,0.4062214176829268,0.5362122713414634,0.552,0.733,0.14577858231707325,0.19678772865853655,0.17128315548780487,0.964
-9y-fZ3swSY$_$4,2,this,0.5362122713414634,0.8286916920731706,0.753,0.934,0.21678772865853657,0.10530830792682944,0.161048018292683,0.914
-9y-fZ3swSY$_$4,3,in,0.8286916920731706,0.9911802591463413,1.035,1.115,0.2063083079268293,0.12381974085365866,0.16506402439024392,0.684
-9y-fZ3swSY$_$4,4,US,0.9911802591463413,1.381152820121951,1.236,1.538,0.24481974085365865,0.15684717987804908,0.20083346036585392,0.816
-9y-fZ3swSY$_$4,5,or,1.381152820121951,1.7711253810975607,1.82,1.9,0.4388471798780491,0.12887461890243923,0.28386089939024417,0.938
-9y-fZ3swSY$_$4,6,in,1.7711253810975607,1.9336139481707315,1.961,2.021,0.1898746189024394,0.0873860518292684,0.1386303353658539,0.88
-9y-fZ3swSY$_$4,7,the,1.9336139481707315,2.063604801829268,2.041,2.162,0.10738605182926841,0.09839519817073183,0.10289062500000012,0.947
-9y-fZ3swSY$_$4,8,US,2.063604801829268,2.3560842225609755,2.262,2.564,0.19839519817073192,0.20791577743902456,0.20315548780487824,0.868
-9y-fZ3swSY$_$8,1,a,0.4017156862745097,0.5302647058823529,0.547,0.607,0.14528431372549033,0.07673529411764712,0.11100980392156873,0.751
-9y-fZ3swSY$_$8,2,more,0.5302647058823529,0.948049019607843,0.968,1.168,0.4377352941176471,0.21995098039215688,0.328843137254902,0.84
-9y-fZ3swSY$_$8,3,decent,0.948049019607843,1.5586568627450978,1.369,1.83,0.42095098039215695,0.2713431372549022,0.3461470588235295,0.951
-9y-fZ3swSY$_$8,4,and,1.5586568627450978,2.0407156862745097,2.09,2.171,0.531343137254902,0.1302843137254901,0.33081372549019616,0.999
-9y-fZ3swSY$_$8,5,more,2.0407156862745097,2.201401960784313,2.211,2.331,0.17028431372549013,0.1295980392156868,0.14994117647058847,0.902
-9y-fZ3swSY$_$8,6,polite,2.201401960784313,2.5227745098039214,2.371,2.852,0.16959803921568684,0.3292254901960785,0.24941176470588244,0.94
-9y-fZ3swSY$_$8,7,way,2.5227745098039214,2.9084215686274506,2.912,3.073,0.38922549019607855,0.16457843137254935,0.27690196078431417,1.0
-9y-fZ3swSY$_$8,8,to,2.9084215686274506,3.197656862745098,3.173,3.273,0.26457843137254944,0.07534313725490227,0.16996078431372585,0.999
-9y-fZ3swSY$_$8,9,call,3.197656862745098,3.3583431372549013,3.333,3.634,0.13534313725490232,0.2756568627450986,0.20550000000000046,0.847
-9y-fZ3swSY$_$8,10,a,3.420745098039215,3.936813725490196,3.654,3.674,0.2332549019607848,0.2628137254901959,0.014779411764705541,0.002
-9y-fZ3swSY$_$8,11,lady,3.936813725490196,4.0975,4.095,4.376,0.15818627450980394,0.2785000000000002,0.21834313725490162,0.999
-AUZQgSxyPQ$_$2,0,The,0.20833999463519315,0.46475844957081547,0.502,0.602,0.29366000536480685,0.1372415504291845,0.21545077789699568,0.351
-AUZQgSxyPQ$_$2,1,perfect,0.46475844957081547,0.6250199839055794,0.642,0.982,0.17724155042918455,0.35698001609442054,0.26711078326180254,0.956
-AUZQgSxyPQ$_$2,2,soul,0.6250199839055794,1.0416999731759655,1.022,1.282,0.3969800160944206,0.2403000268240345,0.31864002145922754,0.849
-AUZQgSxyPQ$_$2,3,mate,1.0416999731759655,1.3301707349785408,1.322,1.543,0.28030002682403454,0.21282926502145916,0.24656464592274696,0.805
-AUZQgSxyPQ$_$2,4,to,1.3301707349785408,1.586589189914163,1.603,1.703,0.2728292650214592,0.11641081008583698,0.1946200375536482,0.867
-AUZQgSxyPQ$_$2,5,the,1.586589189914163,1.7147984173819744,1.723,1.783,0.136410810085837,0.06820158261802556,0.10230619635193128,0.957
-AUZQgSxyPQ$_$2,6,Clarisonic,1.7147984173819744,2.3878968615879828,1.823,2.563,0.1082015826180256,0.1751031384120174,0.1416523605150215,0.862
-AUZQgSxyPQ$_$2,7,Spot,2.577021459227468,3.0930476126609445,3.063,3.444,0.48597854077253233,0.3509523873390554,0.4184654640557939,0.953
-AUZQgSxyPQ$_$2,8,Therapy,3.0930476126609445,3.8302506706008583,3.544,3.984,0.4509523873390555,0.15374932939914165,0.3023508583690988,0.781
-AUZQgSxyPQ$_$2,9,"Brush,",3.8302506706008583,4.214878353004291,4.024,4.364,0.1937493293991417,0.14912164699570862,0.17143548819742538,0.956
-AUZQgSxyPQ$_$2,10,this,4.468107564377682,4.984133717811159,4.924,5.105,0.4558924356223182,0.12086628218884155,0.2883793589055803,0.798
-AUZQgSxyPQ$_$2,11,"gentle,",4.984133717811159,5.176447559012876,5.165,5.605,0.18086628218884115,0.42855244098712486,0.304709361587983,0.954
-AUZQgSxyPQ$_$2,12,Ph,5.269415236051502,5.785441389484978,5.765,6.125,0.4955847639484974,0.3395586105150219,0.41757168723175964,0.682
-AUZQgSxyPQ$_$2,13,balanced,5.785441389484978,6.522644447424893,6.165,6.605,0.37955861051502193,0.08235555257510718,0.23095708154506456,0.899
-AUZQgSxyPQ$_$2,14,and,6.522644447424893,6.6829059817596566,6.746,6.826,0.2233555525751072,0.14309401824034307,0.18322478540772513,0.887
-AUZQgSxyPQ$_$2,15,hydrating,6.6829059817596566,7.356004425965665,6.926,7.486,0.2430940182403436,0.12999557403433482,0.1865447961373392,0.969
-AUZQgSxyPQ$_$2,16,exfoliant,7.356004425965665,8.22141671137339,7.626,8.306,0.2699955740343354,0.08458328862660913,0.17728943133047226,0.831
-AUZQgSxyPQ$_$2,18,jojoba,9.118881303648068,9.759927440987124,9.347,9.907,0.22811869635193105,0.14707255901287652,0.1875956276824029,0.879
-AUZQgSxyPQ$_$2,19,and,9.759927440987124,10.240712043991415,10.308,10.388,0.5480725590128763,0.1472879560085847,0.3476802575107305,0.685
-AUZQgSxyPQ$_$2,20,acai,10.240712043991415,10.737522800429184,10.448,10.908,0.20728795600858518,0.17047719957081497,0.18888257778970097,0.878
-AUZQgSxyPQ$_$2,21,fruit,10.737522800429184,11.138176636266095,11.128,11.368,0.3904771995708156,0.22982336373390488,0.31015028165236114,0.775
-AUZQgSxyPQ$_$2,22,oils,11.138176636266095,11.651013546137339,11.488,11.688,0.3498233637339041,0.03698645386266186,0.19340490879828298,0.871
-AUZQgSxyPQ$_$2,24,bamboo,12.388216604077254,13.045288894849786,12.689,13.189,0.30078339592274617,0.14371110515021357,0.22224725053647987,0.969
-AUZQgSxyPQ$_$2,25,and,13.045288894849786,13.510047344420602,13.569,13.649,0.5237111051502144,0.13895265557939673,0.33133188036480554,0.921
-AUZQgSxyPQ$_$2,26,prickly,13.510047344420602,13.958779640557939,13.709,14.09,0.19895265557939723,0.1312203594420609,0.16508650751072906,0.943
-AUZQgSxyPQ$_$2,27,bear,13.958779640557939,14.151093481759656,14.13,14.45,0.17122035944206182,0.29890651824034364,0.23506343884120273,0.688
-AUZQgSxyPQ$_$2,28,extracts,14.21200885193133,15.401133449570816,14.63,15.13,0.4179911480686709,0.2711334495708151,0.07342884924892878,0.903
-AUZQgSxyPQ$_$2,29,deliver,15.558205740343347,16.074231893776826,15.931,16.331,0.37279425965665247,0.2567681062231735,0.314781182939913,0.93
-AUZQgSxyPQ$_$2,30,intense,16.103094957081545,16.61912111051502,16.511,16.871,0.4079050429184541,0.2518788894849777,0.3298919662017177,1.0
-AUZQgSxyPQ$_$2,31,"healing,",16.61912111051502,17.19606263412017,16.971,17.351,0.35187888948497914,0.1549373658798281,0.2534081276824036,0.942
-AUZQgSxyPQ$_$2,32,while,17.321082618025752,17.837108771459228,17.832,18.052,0.5109173819742487,0.2148912285407718,0.3629043052575085,0.854
-AUZQgSxyPQ$_$2,33,smooth,17.837108771459228,18.125579533261803,18.112,18.412,0.2748912285407705,0.2864204667381962,0.28065584763948515,0.813
-AUZQgSxyPQ$_$2,34,granules,18.125579533261803,18.862782591201718,18.452,18.932,0.3264204667381989,0.06921740879828064,0.19781893776823978,0.861
-AUZQgSxyPQ$_$2,35,buff,18.862782591201718,19.183305659871245,19.052,19.313,0.18921740879828164,0.12969434012875425,0.15945587446351972,0.991
-AUZQgSxyPQ$_$2,36,away,19.183305659871245,19.439724114806868,19.353,19.673,0.16969434012875695,0.23327588519313025,0.20148511266094182,0.917
-AUZQgSxyPQ$_$2,37,"dead,",19.628848712446352,20.144874865879828,20.133,20.373,0.5041512875536469,0.2281251341201731,0.36613821083690823,0.976
-AUZQgSxyPQ$_$2,38,dry,20.205790236051502,20.721816389484978,20.693,21.074,0.48720976394849913,0.35218361051502356,0.41969668723175957,0.862
-AUZQgSxyPQ$_$2,39,skin,20.721816389484978,21.170548685622318,21.194,21.474,0.472183610515021,0.303451314377682,0.3878174624463533,0.985
-AUZQgSxyPQ$_$2,40,cells.,21.170548685622318,21.74749020922747,21.494,21.814,0.3234513143776816,0.06650979077253183,0.1949805525751067,0.661
-HeZS2-Prhc$_$2,0,The,1.2007731299212598,1.716818159448819,1.722,1.842,0.5212268700787401,0.1251818405511811,0.3232043553149606,0.906
-HeZS2-Prhc$_$2,1,August,1.716818159448819,2.1018988681102364,1.943,2.223,0.22618184055118107,0.12110113188976346,0.17364148622047226,0.999
-HeZS2-Prhc$_$2,2,jobs,2.1018988681102364,2.5511596948818895,2.323,2.644,0.22110113188976355,0.09284030511811059,0.1569707185039373,0.791
-HeZS2-Prhc$_$2,3,report,2.5511596948818895,2.8078801673228346,2.684,3.024,0.13284030511811062,0.2161198326771654,0.17448006889763779,0.958
-HeZS2-Prhc$_$2,4,is,2.8078801673228346,3.0646006397637793,3.064,3.164,0.2561198326771654,0.09939936023622087,0.17775959645669315,0.752
-HeZS2-Prhc$_$2,5,out,3.0646006397637793,3.1929608759842516,3.324,3.465,0.25939936023622057,0.27203912401574826,0.2657192421259844,0.994
-HeZS2-Prhc$_$2,6,and,3.1929608759842516,3.706401820866142,3.885,4.025,0.6920391240157482,0.31859817913385857,0.5053186515748034,0.847
-HeZS2-Prhc$_$2,7,it,3.706401820866142,4.155662647637795,4.206,4.266,0.4995981791338586,0.11033735236220465,0.30496776574803164,1.0
-HeZS2-Prhc$_$2,8,was,4.155662647637795,4.316112942913385,4.306,4.426,0.1503373523622047,0.10988705708661506,0.13011220472440987,0.993
-HeZS2-Prhc$_$2,9,seen,4.316112942913385,4.508653297244094,4.486,4.806,0.16988705708661467,0.297346702755906,0.2336168799212599,0.892
-HeZS2-Prhc$_$2,10,overall,4.634409448818897,5.567625246062992,5.247,5.728,0.6125905511811025,0.16037475393700795,0.3864826525590557,0.964
-HeZS2-Prhc$_$2,11,as,5.6292012795275586,6.145246309055118,6.188,6.288,0.5587987204724412,0.14275369094488255,0.35077620570866186,0.969
-HeZS2-Prhc$_$2,12,solid,6.145246309055118,6.401966781496062,6.389,6.749,0.24375369094488253,0.3470332185039373,0.2953934547244099,0.999
-HeZS2-Prhc$_$2,13,but,6.401966781496062,6.8191375492125985,6.809,6.949,0.4070332185039378,0.12986245078740133,0.26844783464566957,0.847
-HeZS2-Prhc$_$2,14,not,6.8191375492125985,7.043767962598425,7.029,7.23,0.2098624507874014,0.18623203740157557,0.19804724409448848,0.913
-HeZS2-Prhc$_$2,15,great.,7.043767962598425,7.332578494094488,7.31,7.67,0.26623203740157475,0.3374215059055121,0.30182677165354344,0.807
-HwX2H8Z4hY$_$5,1,President,0.4190279796511628,0.8864053415697674,0.79,1.232,0.37097202034883725,0.3455946584302326,0.35828333938953494,0.999
-HwX2H8Z4hY$_$5,2,Ronald,0.8864053415697674,1.5471802325581394,1.312,1.634,0.4255946584302327,0.08681976744186048,0.25620721293604654,0.944
-HwX2H8Z4hY$_$5,3,Reagan,1.5471802325581394,1.9500917514534881,1.694,2.116,0.14681976744186054,0.16590824854651198,0.15636400799418637,0.89
-HwX2H8Z4hY$_$5,4,blamed,1.9500917514534881,2.4658184956395344,2.196,2.558,0.24590824854651205,0.09218150436046546,0.16904487645348865,0.919
-HwX2H8Z4hY$_$5,5,the,2.4658184956395344,2.659216024709302,2.638,2.739,0.17218150436046553,0.07978397529069792,0.12598273982558172,0.905
-HwX2H8Z4hY$_$5,6,professional,2.659216024709302,3.3038744549418606,2.779,3.402,0.11978397529069795,0.09812554505813953,0.10895476017441874,0.959
-HwX2H8Z4hY$_$5,7,bureaucracy,3.3038744549418606,3.9485328851744184,3.442,4.185,0.13812554505813956,0.23646711482558125,0.1872963299418604,0.826
-HwX2H8Z4hY$_$5,8,of,3.9485328851744184,4.270862100290698,4.306,4.386,0.3574671148255817,0.11513789970930244,0.2363025072674425,1.0
-HwX2H8Z4hY$_$5,9,education,4.334938226744185,4.8510546875,4.446,5.049,0.11106177325581434,0.1979453125000008,0.15450354287790757,1.0
-HwX2H8Z4hY$_$6,0,And,0.22566336633663367,0.4996831683168317,0.574,0.634,0.3483366336633663,0.13431683168316833,0.24132673267326732,0.91
-HwX2H8Z4hY$_$6,1,in,0.4996831683168317,0.6608712871287129,0.695,0.755,0.19531683168316827,0.0941287128712871,0.14472277227722763,0.914
-HwX2H8Z4hY$_$6,2,"part,",0.6608712871287129,0.8542970297029704,0.815,1.176,0.15412871287128704,0.32170297029702954,0.23791584158415835,0.947
-HwX2H8Z4hY$_$6,3,Al,0.9506930693069306,1.4668118811881188,1.557,1.658,0.6063069306930693,0.19118811881188114,0.3987475247524752,0.985
-HwX2H8Z4hY$_$6,5,did,1.9826138613861386,2.272752475247525,2.26,2.44,0.2773861386138612,0.16724752475247495,0.22231683168316807,0.899
-HwX2H8Z4hY$_$6,6,too,2.272752475247525,2.5306534653465347,2.501,2.781,0.2282475247524749,0.25034653465346546,0.2392970297029704,0.953
-HwX2H8Z4hY$_$9,0,It,0.22459742647058822,0.49732287289915966,0.562,0.622,0.33740257352941183,0.12467712710084033,0.23103985031512608,0.568
-HwX2H8Z4hY$_$9,1,is,0.49732287289915966,0.6256642594537816,0.682,0.743,0.1846771271008404,0.11733574054621843,0.1510064338235294,0.956
-HwX2H8Z4hY$_$9,2,a,0.6256642594537816,0.7540056460084034,0.823,0.863,0.19733574054621839,0.10899435399159663,0.15316504726890745,0.671
-HwX2H8Z4hY$_$9,3,word,0.7540056460084034,0.9144323792016806,0.903,1.203,0.14899435399159666,0.28856762079831944,0.2187809873949581,0.992
-HwX2H8Z4hY$_$9,4,which,0.9144323792016806,1.7513285189075631,1.444,1.604,0.5295676207983193,0.14732851890756304,0.19111955094537825,0.901
-HwX2H8Z4hY$_$9,5,the,2.676449317226891,3.192491990546219,1.664,1.744,1.012449317226891,1.4484919905462188,1.230470653886555,0.999
-HwX2H8Z4hY$_$9,6,administrator,3.192491990546219,3.753985556722689,1.785,3.929,1.4074919905462189,0.17501444327731086,0.6162387736344537,0.825
-HwX2H8Z4hY$_$9,7,uses,3.753985556722689,4.219223082983193,4.029,4.269,0.27501444327731095,0.049776917016806976,0.16239568014705874,0.912
-HwX2H8Z4hY$_$9,8,when,4.219223082983193,4.347564469537815,4.309,4.43,0.08977691701680701,0.08243553046218466,0.08610622373949584,0.967
-HwX2H8Z4hY$_$9,9,he,4.347564469537815,4.443820509453781,4.45,4.53,0.10243553046218512,0.0861794905462192,0.09430751050420216,0.808
-HwX2H8Z4hY$_$9,10,turns,4.443820509453781,4.748631302521009,4.55,4.831,0.10617949054621878,0.08236869747899167,0.09427409401260523,0.81
-HwX2H8Z4hY$_$9,11,around,4.748631302521009,4.957186055672269,4.871,5.131,0.1223686974789917,0.17381394432773156,0.14809132090336163,0.649
-HwX2H8Z4hY$_$9,12,anything,4.957186055672269,5.149698135504202,5.191,5.492,0.23381394432773117,0.3423018644957976,0.2880579044117644,0.999
-HwX2H8Z4hY$_$9,13,which,5.149698135504202,5.534722295168067,5.532,5.632,0.3823018644957976,0.09727770483193243,0.23978978466386547,0.997
-HwX2H8Z4hY$_$9,14,he,5.534722295168067,5.663063681722689,5.672,5.752,0.13727770483193247,0.08893631827731063,0.11310701155462155,0.812
-HwX2H8Z4hY$_$9,15,doesn't,5.663063681722689,5.951831801470588,5.772,6.013,0.1089363182773111,0.06116819852941191,0.08505225840336195,0.883
-HwX2H8Z4hY$_$9,16,like,5.951831801470588,6.048087841386555,6.053,6.233,0.10116819852941195,0.1849121586134448,0.14304017857142792,0.894
-HwX2H8Z4hY$_$9,18,the,6.272685267857143,6.36894130777311,6.253,6.414,0.01968526785714264,0.045058692226890074,0.01268671218487416,0.665
-HwX2H8Z4hY$_$9,19,teacher,6.36894130777311,6.465197347689076,6.454,6.754,0.08505869222689011,0.28880265231092395,0.18693067226890703,0.683
-HwX2H8Z4hY$_$9,20,is,6.465197347689076,6.78605081407563,6.794,6.854,0.328802652310924,0.06794918592436971,0.1983759191176464,0.467
-HwX2H8Z4hY$_$9,21,doing,6.78605081407563,6.914392200630252,6.875,7.155,0.08894918592436962,0.24060779936974797,0.1647784926470588,0.737
-I_e4mIh0yE$_$1,0,In,0.35296309267241377,0.7540575161637931,0.824,0.884,0.4710369073275862,0.12994248383620688,0.30048969558189653,0.752
-I_e4mIh0yE$_$1,1,the,0.7540575161637931,0.8824077316810345,0.904,0.964,0.1499424838362069,0.08159226831896549,0.11576737607758619,0.999
-I_e4mIh0yE$_$1,2,United,0.8824077316810345,1.0749330549568965,1.024,1.305,0.14159226831896554,0.23006694504310343,0.18582960668103443,1.0
-I_e4mIh0yE$_$1,3,States,1.0749330549568965,1.3476772629310345,1.345,1.606,0.27006694504310347,0.2583227370689656,0.26419484105603463,1.0
-I_e4mIh0yE$_$1,4,we,1.3476772629310345,1.6525090247844827,1.666,1.766,0.3183227370689654,0.11349097521551732,0.21590685614224125,1.0
-I_e4mIh0yE$_$1,5,don't,1.6525090247844827,2.005472117456897,1.866,2.087,0.2134909752155174,0.08152788254310339,0.1475094288793104,0.899
-I_e4mIh0yE$_$1,6,punish,2.005472117456897,2.3905227640086206,2.187,2.528,0.18152788254310304,0.1374772359913794,0.15950255926724122,1.0
-I_e4mIh0yE$_$1,7,failure,2.3905227640086206,2.679310748922414,2.648,3.089,0.2574772359913795,0.409689251077586,0.33358324353448277,1.0
-I_e4mIh0yE$_$1,8,to,2.9975433728448277,3.513587149784483,3.53,3.65,0.5324566271551721,0.13641285021551708,0.3344347386853448,1.0
-I_e4mIh0yE$_$1,9,the,3.513587149784483,3.6740249191810346,3.69,3.75,0.17641285021551711,0.07597508081896542,0.12619396551724127,0.999
-I_e4mIh0yE$_$1,10,degree,3.6740249191810346,3.9307253502155173,3.79,4.171,0.11597508081896546,0.24027464978448299,0.178124865301724,1.0
-I_e4mIh0yE$_$1,11,to,3.9307253502155173,4.251600889008621,4.251,4.352,0.32027464978448306,0.1003991109913791,0.21033688038793086,0.963
-I_e4mIh0yE$_$1,12,which,4.251600889008621,4.444126212284482,4.432,4.652,0.18039911099137917,0.2078737877155179,0.19413644935344854,0.9
-I_e4mIh0yE$_$1,13,failure,4.444126212284482,4.893351966594828,4.893,5.294,0.44887378771551756,0.4006480334051714,0.4247609105603445,0.935
-I_e4mIh0yE$_$1,14,is,4.893351966594828,5.310490167025861,5.354,5.414,0.4606480334051719,0.1035098329741384,0.28207893318965516,0.754
-I_e4mIh0yE$_$1,15,punished,5.310490167025861,5.775759698275862,5.494,5.895,0.18350983297413848,0.11924030172413769,0.15137506734913764,0.934
-I_e4mIh0yE$_$1,16,in,5.775759698275862,6.176854121767242,6.356,6.436,0.580240301724138,0.2591458782327578,0.41969308997844745,0.996
-I_e4mIh0yE$_$1,17,Europe.,6.176854121767242,6.529817214439655,6.617,6.877,0.44014587823275786,0.3471827855603449,0.39366433189655137,0.927
-I_e4mIh0yE$_$3,0,It's,2.0055758928571423,2.5858828124999995,0.594,0.714,1.4115758928571425,1.8718828124999995,1.641729352678571,0.924
-I_e4mIh0yE$_$3,1,perceived,2.5858828124999995,2.8428649553571423,0.895,1.456,1.6908828124999995,1.3868649553571424,1.5388738839285707,0.95
-I_e4mIh0yE$_$3,2,that,2.8428649553571423,3.0677243303571426,1.536,3.06,1.3068649553571423,0.007724330357142595,0.6572946428571422,0.612
-I_e4mIh0yE$_$3,5,actually,3.292583705357142,3.5174430803571424,3.421,3.702,0.12841629464285775,0.1845569196428576,0.15648660714285767,0.884
-I_e4mIh0yE$_$3,6,learned,3.5174430803571424,3.8065479910714277,3.822,4.123,0.3045569196428577,0.3164520089285725,0.3105044642857151,0.832
-I_e4mIh0yE$_$3,7,"something,",3.8065479910714277,4.288389508928571,4.243,4.724,0.4364520089285726,0.43561049107142935,0.436031250000001,0.942
-I_e4mIh0yE$_$3,8,over,4.928747767857142,5.444809151785714,5.486,5.626,0.5572522321428579,0.18119084821428633,0.36922154017857256,0.757
-I_e4mIh0yE$_$3,9,the,5.444809151785714,5.637545758928571,5.646,5.726,0.2011908482142859,0.08845424107142907,0.1448225446428575,0.834
-I_e4mIh0yE$_$3,10,course,5.637545758928571,5.894527901785714,5.746,5.947,0.10845424107142954,0.052472098214286333,0.08046316964285749,0.837
-I_e4mIh0yE$_$3,11,of,5.894527901785714,5.9587734375,5.967,6.027,0.07247209821428591,0.06822656250000048,0.07034933035714275,0.742
-I_e4mIh0yE$_$3,12,your,5.9587734375,6.087264508928571,6.067,6.167,0.10822656250000051,0.07973549107142919,0.0939810267857153,0.995
-I_e4mIh0yE$_$3,14,and,6.3442466517857135,6.440614955357142,6.468,6.548,0.12375334821428652,0.10738504464285814,0.11556919642857277,0.84
-I_e4mIh0yE$_$3,15,that,6.440614955357142,6.569106026785713,6.568,6.669,0.12738504464285771,0.09989397321428672,0.11363950892857178,0.97
-I_e4mIh0yE$_$3,16,you,6.569106026785713,6.697597098214285,6.709,6.809,0.13989397321428676,0.11140290178571544,0.1256484375000011,1.0
-I_e4mIh0yE$_$3,17,won't,6.697597098214285,7.002763392857142,6.869,7.049,0.17140290178571504,0.046236607142858155,0.1088197544642866,0.854
-I_e4mIh0yE$_$3,18,make,7.002763392857142,7.340052455357142,7.35,7.531,0.3472366071428574,0.19094754464285746,0.26909207589285744,0.849
-I_e4mIh0yE$_$3,19,the,7.340052455357142,7.532789062499999,7.551,7.631,0.21094754464285792,0.0982109375000011,0.1545792410714295,0.823
-I_e4mIh0yE$_$3,20,mistake,7.532789062499999,7.7576484374999986,7.651,7.992,0.11821093750000067,0.23435156250000144,0.17628125000000106,0.986
-I_e4mIh0yE$_$3,21,twice.,7.7576484374999986,8.271612723214284,8.072,8.393,0.3143515625000006,0.12138727678571648,0.21786941964285766,0.998
-MeTTeMJBNc$_$0,0,"Okay,",0.4336140026132404,1.1723637848432056,0.99,1.25,0.5563859973867595,0.07763621515679442,0.317011106271777,0.512
-MeTTeMJBNc$_$0,1,what,1.1723637848432056,1.365081119337979,1.37,1.551,0.19763621515679453,0.1859188806620209,0.1917775479094076,0.804
-MeTTeMJBNc$_$0,2,happens,1.365081119337979,2.0074722343205575,1.651,2.111,0.285918880662021,0.10352776567944266,0.19472332317073182,0.872
-MeTTeMJBNc$_$0,3,at,2.0074722343205575,2.1520102351916375,2.191,2.271,0.1835277656794423,0.11898976480836243,0.15125876524390236,0.756
-MeTTeMJBNc$_$0,4,this,2.1520102351916375,2.3929069033101045,2.311,2.492,0.15898976480836247,0.09909309668989552,0.12904143074912922,0.879
-MeTTeMJBNc$_$0,5,point,2.3929069033101045,2.617743793554007,2.612,2.952,0.21909309668989563,0.3342562064459931,0.27667465156794435,0.992
-MeTTeMJBNc$_$0,6,after,2.617743793554007,3.067417574041812,3.172,3.413,0.5542562064459933,0.34558242595818767,0.44991931620209025,1.0
-MeTTeMJBNc$_$0,7,we've,3.067417574041812,3.5813304660278744,3.453,3.693,0.3855824259581877,0.11166953397212565,0.24862597996515667,0.722
-MeTTeMJBNc$_$0,8,taken,3.5813304660278744,3.7419282447735194,3.713,4.013,0.13166953397212566,0.2710717552264805,0.2013706445993031,1.0
-MeTTeMJBNc$_$0,9,this,3.7419282447735194,4.127362913763067,4.053,4.233,0.31107175522648056,0.10563708623693291,0.20835442073170674,0.847
-MeTTeMJBNc$_$0,10,brief,4.127362913763067,4.46461824912892,4.454,4.754,0.326637086236933,0.28938175087107965,0.3080094185540063,0.934
-MeTTeMJBNc$_$0,11,walk,4.46461824912892,4.89823225174216,4.874,5.174,0.40938175087107975,0.2757677482578407,0.3425747495644602,0.88
-MeTTeMJBNc$_$0,12,down,4.89823225174216,5.283666920731708,5.254,5.495,0.35576774825783986,0.21133307926829215,0.283550413763066,0.917
-MeTTeMJBNc$_$0,13,memory,5.283666920731708,5.572742922473868,5.555,5.915,0.27133307926829175,0.3422570775261322,0.306795078397212,0.951
-MeTTeMJBNc$_$0,14,"lane,",5.572742922473868,5.9902971472125435,5.975,6.335,0.4022570775261318,0.3447028527874565,0.3734799651567937,0.94
-MeTTeMJBNc$_$0,15,is,6.309345818815331,6.825405596689896,6.836,6.916,0.5266541811846697,0.09059440331010471,0.3086242922473872,1.0
-MeTTeMJBNc$_$0,16,the,6.825405596689896,6.986003375435541,6.976,7.056,0.15059440331010432,0.06999662456445943,0.11029551393728187,1.0
-MeTTeMJBNc$_$0,17,presentation,6.986003375435541,7.724753157665505,7.116,7.897,0.12999662456445904,0.17224684233449494,0.151121733449477,1.0
-MeTTeMJBNc$_$0,18,of,7.724753157665505,7.9174704921602785,7.957,8.017,0.23224684233449455,0.09952950783972092,0.16588817508710774,1.0
-MeTTeMJBNc$_$0,19,the,7.9174704921602785,8.078068270905923,8.077,8.157,0.15952950783972142,0.07893172909407653,0.11923061846689897,0.999
-MeTTeMJBNc$_$0,20,gift.,8.078068270905923,8.270785605400697,8.217,8.658,0.13893172909407703,0.38721439459930274,0.2630730618466899,0.968
-MeTTeMJBNc$_$13,0,It,0.435271472392638,0.9189064417177913,0.502,0.944,0.06672852760736198,0.025093558282208606,0.04591104294478532,0.885
-MeTTeMJBNc$_$13,1,just,0.9189064417177913,1.2090874233128834,1.045,1.366,0.12609355828220858,0.15691257668711667,0.14150306748466268,0.908
-MeTTeMJBNc$_$13,2,needs,1.2090874233128834,1.5798742331288342,1.446,1.667,0.23691257668711652,0.0871257668711658,0.16201917177914127,0.998
-MeTTeMJBNc$_$13,3,to,1.5798742331288342,1.7249647239263803,1.707,1.808,0.12712576687116584,0.08303527607361971,0.10508052147239266,0.835
-MeTTeMJBNc$_$13,4,be,1.7249647239263803,1.8539340490797545,1.848,1.989,0.12303527607361975,0.13506595092024565,0.1290506134969327,0.82
-MeTTeMJBNc$_$13,5,a,1.8539340490797545,1.9829033742331288,2.029,2.049,0.17506595092024546,0.06609662576687114,0.12058128834355819,0.997
-MeTTeMJBNc$_$13,6,simple,1.9829033742331288,2.2085996932515335,2.19,2.571,0.20709662576687116,0.3624003067484667,0.2847484662576689,0.976
-MeTTeMJBNc$_$13,7,"statement,",2.2085996932515335,2.6599923312883433,2.652,3.214,0.44340030674846664,0.5540076687116566,0.4987039877300614,1.0
-MeTTeMJBNc$_$13,8,and,3.0466564417177913,3.562777607361963,3.596,3.676,0.5493435582822088,0.11322239263803713,0.3312829754601232,0.841
-MeTTeMJBNc$_$13,9,then,3.562777607361963,3.691746932515337,3.696,3.817,0.13322239263803715,0.12525306748466303,0.1292377300613501,0.887
-MeTTeMJBNc$_$13,10,you,3.691746932515337,3.8207162576687113,3.837,3.957,0.14525306748466305,0.1362837423312886,0.14076840490797582,0.785
-MeTTeMJBNc$_$13,11,present,3.8207162576687113,4.143139570552147,3.998,4.379,0.17728374233128896,0.23586042944785213,0.20657208588957054,0.952
-MeTTeMJBNc$_$13,12,the,4.143139570552147,4.433320552147238,4.399,4.5,0.2558604294478526,0.0666794478527617,0.16126993865030714,0.835
-MeTTeMJBNc$_$13,13,gift.,4.433320552147238,4.562289877300612,4.52,4.881,0.08667944785276127,0.3187101226993878,0.20269478527607454,1.0
-MeTTeMJBNc$_$7,0,Maybe,0.22493576388888886,0.49807204861111104,0.523,0.763,0.29806423611111116,0.26492795138888897,0.28149609375000006,0.995
-MeTTeMJBNc$_$7,1,you,0.49807204861111104,0.787275173611111,0.803,0.924,0.304927951388889,0.13672482638888905,0.22082638888888906,0.984
-MeTTeMJBNc$_$7,2,could,0.787275173611111,0.9800772569444443,0.964,1.144,0.17672482638888898,0.16392274305555565,0.17032378472222232,0.932
-MeTTeMJBNc$_$7,3,find,1.0424166666666665,1.5584835069444443,1.565,1.885,0.5225833333333334,0.32651649305555575,0.4245499131944447,0.92
-MeTTeMJBNc$_$7,4,a,1.5584835069444443,1.8798203124999997,1.926,1.966,0.36751649305555567,0.08617968750000027,0.22684809027777786,0.567
-MeTTeMJBNc$_$7,5,picture,1.8798203124999997,2.0404887152777773,2.026,2.406,0.1461796875000001,0.36551128472222283,0.25584548611111146,0.994
-MeTTeMJBNc$_$7,6,of,2.0404887152777773,2.4260928819444443,2.467,2.547,0.42651128472222277,0.12090711805555587,0.2737092013888893,0.804
-MeTTeMJBNc$_$7,7,the,2.4260928819444443,2.554627604166666,2.567,2.667,0.1409071180555559,0.1123723958333338,0.12663975694444485,0.983
-MeTTeMJBNc$_$7,8,couple,2.554627604166666,2.715296006944444,2.707,3.068,0.15237239583333384,0.352703993055556,0.2525381944444447,0.918
-MeTTeMJBNc$_$7,9,from,2.715296006944444,3.1973012152777773,3.148,3.449,0.43270399305555607,0.2516987847222225,0.3422013888888895,0.891
-MeTTeMJBNc$_$7,10,their,3.227506944444444,3.743573784722222,3.729,3.889,0.5014930555555561,0.14542621527777788,0.3234596354166672,0.896
-MeTTeMJBNc$_$7,11,wedding,3.743573784722222,3.9685095486111104,3.95,4.411,0.20642621527777827,0.4424904513888892,0.32445833333333374,0.966
-MeTTeMJBNc$_$7,12,or,3.9685095486111104,4.4826484375,4.671,4.771,0.7024904513888899,0.28835156249999994,0.49542100694444535,1.0
-MeTTeMJBNc$_$7,13,sometime,4.4826484375,5.157455729166665,4.912,5.352,0.42935156249999995,0.19454427083333492,0.31194791666666744,0.899
-MeTTeMJBNc$_$7,14,in,5.157455729166665,5.350257812499999,5.392,5.453,0.23454427083333496,0.10274218750000141,0.16864322916666818,0.992
-MeTTeMJBNc$_$7,15,their,5.350257812499999,5.510926215277777,5.493,5.633,0.14274218750000145,0.12207378472222263,0.13240798611111204,0.905
-MeTTeMJBNc$_$7,16,"life,",5.510926215277777,5.735861979166666,5.713,6.074,0.2020737847222227,0.338138020833334,0.27010590277777835,0.997
-MeTTeMJBNc$_$7,17,or,5.735861979166666,6.121466145833333,6.154,6.214,0.41813802083333407,0.0925338541666676,0.25533593750000083,1.0
-MeTTeMJBNc$_$7,18,maybe,6.121466145833333,6.2500008680555545,6.274,6.515,0.1525338541666672,0.26499913194444513,0.20876649305555617,0.932
-MeTTeMJBNc$_$7,19,even,6.2500008680555545,6.57133767361111,6.575,6.755,0.32499913194444563,0.18366232638889013,0.2543307291666679,0.876
-MeTTeMJBNc$_$7,20,a,6.57133767361111,6.796273437499999,6.795,6.815,0.22366232638889016,0.018726562500001265,0.12119444444444527,0.999
-MeTTeMJBNc$_$7,21,current,6.796273437499999,6.956941840277777,6.895,7.316,0.09872656250000045,0.3590581597222231,0.22889236111111133,0.96
-MeTTeMJBNc$_$7,22,picture,6.956941840277777,7.374679687499999,7.376,7.797,0.4190581597222236,0.422320312500001,0.4206892361111123,0.982
-MeTTeMJBNc$_$7,23,and,7.661954861111109,8.178021701388888,8.198,8.298,0.5360451388888912,0.11997829861111242,0.3280117187500018,0.862
-MeTTeMJBNc$_$7,24,have,8.178021701388888,8.30655642361111,8.338,8.439,0.15997829861111157,0.1324435763888907,0.14621093750000025,1.0
-MeTTeMJBNc$_$7,25,it,8.30655642361111,8.467224826388888,8.499,8.539,0.1924435763888912,0.07177517361111185,0.13210937500000064,0.999
-MeTTeMJBNc$_$7,26,put,8.467224826388888,8.59575954861111,8.599,8.739,0.13177517361111235,0.1432404513888912,0.13750781250000088,1.0
-MeTTeMJBNc$_$7,27,in,8.59575954861111,8.756427951388886,8.779,8.839,0.18324045138889034,0.08257204861111411,0.13290625000000222,0.928
-MeTTeMJBNc$_$7,28,a,8.756427951388886,8.852828993055553,8.879,8.92,0.12257204861111326,0.06717100694444689,0.09487152777778007,0.498
-MeTTeMJBNc$_$7,29,beautiful,8.852828993055553,8.981363715277777,8.94,9.32,0.08717100694444646,0.33863628472222373,0.2129036458333351,0.934
-MeTTeMJBNc$_$7,30,frame.,8.981363715277777,9.431235243055553,9.401,9.821,0.41963628472222325,0.38976475694444623,0.40470052083333474,0.969
-RfYyzHpjk4$_$11,0,So,0.5920617088607594,1.1081214398734176,0.598,1.22,0.0059382911392406035,0.11187856012658237,0.05890842563291143,0.922
-RfYyzHpjk4$_$11,1,get,1.1081214398734176,1.3008382120253164,1.321,1.481,0.21287856012658235,0.18016178797468374,0.19652017405063305,0.896
-RfYyzHpjk4$_$11,2,your,1.3008382120253164,1.493554984177215,1.501,1.622,0.20016178797468354,0.128445015822785,0.16430340189873427,0.862
-RfYyzHpjk4$_$11,3,friends,1.493554984177215,1.6541522943037972,1.642,1.863,0.1484450158227848,0.2088477056962028,0.17864636075949392,0.779
-RfYyzHpjk4$_$11,4,lined,1.6541522943037972,2.071705300632911,1.923,2.164,0.26884770569620287,0.092294699367089,0.18057120253164594,0.868
-RfYyzHpjk4$_$11,5,"up,",2.071705300632911,2.1680636867088605,2.224,2.325,0.15229469936708906,0.15693631329113966,0.15461550632911436,0.976
-RfYyzHpjk4$_$11,6,get,2.1680636867088605,2.3928999208860757,2.385,2.545,0.21693631329113927,0.1521000791139242,0.18451819620253174,0.842
-RfYyzHpjk4$_$11,7,your,2.3928999208860757,2.553497231012658,2.566,2.686,0.1731000791139241,0.13250276898734192,0.15280142405063302,0.857
-RfYyzHpjk4$_$11,8,business,2.553497231012658,2.7462140031645568,2.726,2.967,0.17250276898734196,0.2207859968354433,0.19664438291139263,0.958
-RfYyzHpjk4$_$11,9,colleagues,2.7462140031645568,3.2440656645569614,2.987,3.308,0.24078599683544333,0.06393433544303839,0.15236016613924086,0.942
-RfYyzHpjk4$_$11,10,lined,3.2440656645569614,3.501021360759493,3.348,3.589,0.10393433544303843,0.08797863924050686,0.09595648734177264,0.983
-RfYyzHpjk4$_$11,11,up,3.501021360759493,3.5813200158227843,3.65,3.77,0.1489786392405068,0.18867998417721576,0.16882931170886106,0.989
-RfYyzHpjk4$_$11,12,and,3.5813200158227843,3.774036787974683,3.79,3.891,0.20867998417721578,0.11696321202531701,0.1628215981012664,0.822
-RfYyzHpjk4$_$11,13,have,3.774036787974683,3.902514636075949,3.911,4.031,0.13696321202531703,0.12848536392405085,0.13272428797468394,0.867
-RfYyzHpjk4$_$11,14,a,3.902514636075949,4.030992484177215,4.071,4.091,0.1684853639240509,0.060007515822785074,0.11424643987341776,0.976
-RfYyzHpjk4$_$11,15,good,4.030992484177215,4.159470332278481,4.131,4.272,0.10000751582278511,0.11252966772151929,0.1062685917721522,1.0
-RfYyzHpjk4$_$11,16,time.,4.159470332278481,4.320067642405062,4.312,4.533,0.15252966772151932,0.212932357594938,0.18273101265822866,0.959
-RfYyzHpjk4$_$2,1,can,0.46815138473053897,0.6295828967065868,0.638,0.738,0.16984861526946105,0.10841710329341314,0.1391328592814371,0.421
-RfYyzHpjk4$_$2,2,make,0.6295828967065868,0.7587281062874252,0.759,0.899,0.12941710329341316,0.14027189371257487,0.13484449850299401,0.883
-RfYyzHpjk4$_$2,3,a,0.7587281062874252,0.8878733158682636,0.919,0.959,0.1602718937125749,0.0711266841317364,0.1156992889221557,0.441
-RfYyzHpjk4$_$2,4,conference,0.8878733158682636,1.3075952470059882,0.999,1.34,0.11112668413173643,0.03240475299401191,0.07176571856287428,0.945
-RfYyzHpjk4$_$2,5,call,1.3075952470059882,1.4044541541916167,1.36,1.541,0.05240475299401193,0.13654584580838325,0.09447529940119759,0.92
-RfYyzHpjk4$_$2,6,but,1.4044541541916167,1.5981719685628746,1.561,1.661,0.15654584580838327,0.06282803143712545,0.10968693862275436,0.841
-RfYyzHpjk4$_$2,7,it,1.5981719685628746,1.6627445733532937,1.681,1.741,0.08282803143712547,0.07825542664670637,0.08054172904191592,0.484
-RfYyzHpjk4$_$2,8,takes,1.6627445733532937,1.9533212949101797,1.761,1.982,0.09825542664670617,0.02867870508982029,0.06346706586826323,0.422
-RfYyzHpjk4$_$2,9,quite,1.9533212949101797,2.0501802020958086,2.022,2.243,0.0686787050898201,0.19281979790419124,0.13074925149700567,0.558
-RfYyzHpjk4$_$2,10,a,2.0501802020958086,2.243898016467066,2.283,2.303,0.23281979790419127,0.05910198353293383,0.14596089071856233,0.827
-RfYyzHpjk4$_$2,11,bit,2.243898016467066,2.3407569236526946,2.323,2.443,0.07910198353293385,0.10224307634730545,0.09067252994011987,0.784
-RfYyzHpjk4$_$2,12,of,2.3407569236526946,2.469902133233533,2.463,2.524,0.12224307634730547,0.054097866766467106,0.08817047155688629,0.965
-RfYyzHpjk4$_$2,13,"planning,",2.469902133233533,2.792765157185629,2.564,2.825,0.09409786676646714,0.032234842814371056,0.0631663547904191,0.645
-RfYyzHpjk4$_$2,14,well,2.792765157185629,2.8896240643712576,2.845,2.965,0.052234842814371074,0.07537593562874223,0.06380538922155643,0.673
-RfYyzHpjk4$_$2,15,not,2.8896240643712576,2.986482971556886,2.985,3.085,0.09537593562874225,0.09851702844311383,0.09694648203592826,0.898
-RfYyzHpjk4$_$2,16,a,2.986482971556886,3.083341878742515,3.125,3.145,0.13851702844311387,0.06165812125748493,0.1000875748502994,0.995
-RfYyzHpjk4$_$2,17,lot,3.083341878742515,3.2124870883233534,3.186,3.326,0.10265812125748486,0.11351291167664668,0.10808551646706577,0.846
-RfYyzHpjk4$_$2,18,of,3.2124870883233534,3.3416322979041917,3.366,3.406,0.1535129116766467,0.06436770209580844,0.10894030688622758,0.996
-RfYyzHpjk4$_$2,19,planning,3.3416322979041917,3.6967816242514973,3.446,3.787,0.10436770209580848,0.09021837574850267,0.09729303892215557,0.885
-RfYyzHpjk4$_$2,20,it's,3.6967816242514973,3.8904994386227547,3.807,3.928,0.11021837574850268,0.03750056137724522,0.07385946856287373,0.861
-RfYyzHpjk4$_$2,21,pretty,3.8904994386227547,3.987358345808383,3.988,4.229,0.09750056137724528,0.24164165419161687,0.1695711077844313,0.917
-RfYyzHpjk4$_$2,22,easy,3.987358345808383,4.342507672155689,4.269,4.469,0.2816416541916169,0.12649232784431153,0.20406699101796422,1.0
-RfYyzHpjk4$_$2,23,to,4.342507672155689,4.536225486526947,4.509,4.61,0.16649232784431156,0.07377451347305364,0.1201334206586826,0.836
-RfYyzHpjk4$_$2,24,do.,4.536225486526947,4.697656998502994,4.65,4.81,0.11377451347305367,0.11234300149700527,0.11305875748502947,1.0
-RfYyzHpjk4$_$8,2,pretty,0.6911068262411346,1.0446963652482268,1.019,1.28,0.3278931737588653,0.23530363475177318,0.28159840425531923,0.911
-RfYyzHpjk4$_$8,3,easy,1.0446963652482268,1.3661414007092199,1.34,1.541,0.29530363475177324,0.17485859929078007,0.23508111702127665,1.0
-RfYyzHpjk4$_$8,4,to,1.3661414007092199,1.5911529255319148,1.581,1.661,0.2148585992907801,0.06984707446808525,0.14235283687943268,1.0
-RfYyzHpjk4$_$8,5,do,1.5911529255319148,1.6875864361702126,1.702,1.862,0.11084707446808517,0.17441356382978745,0.1426303191489362,1.0
-RfYyzHpjk4$_$8,6,but,1.6875864361702126,1.9125979609929078,1.922,2.003,0.23441356382978729,0.09040203900709232,0.1624078014184397,0.869
-RfYyzHpjk4$_$8,8,got,2.0090314716312054,2.2018984929078016,2.203,2.304,0.1939685283687944,0.10210150709219823,0.14803501773049632,0.91
-RfYyzHpjk4$_$8,9,to,2.2018984929078016,2.3304765070921984,2.324,2.404,0.12210150709219825,0.07352349290780147,0.09781249999999986,0.83
-RfYyzHpjk4$_$8,10,set,2.3304765070921984,2.4590545212765953,2.444,2.645,0.1135234929078015,0.18594547872340472,0.1497344858156031,0.863
-RfYyzHpjk4$_$8,11,up,2.4590545212765953,2.6519215425531915,2.705,2.806,0.24594547872340478,0.1540784574468086,0.20001196808510668,0.706
-RfYyzHpjk4$_$8,12,those,2.6519215425531915,2.9090775709219856,2.826,3.006,0.1740784574468086,0.09692242907801418,0.13550044326241162,0.834
-RfYyzHpjk4$_$8,13,numbers,2.9090775709219856,3.262667109929078,3.047,3.307,0.13792242907801455,0.044332890070922115,0.09112765957446856,0.976
-RfYyzHpjk4$_$8,14,ahead,3.262667109929078,3.4233896276595743,3.368,3.568,0.10533289007092206,0.14461037234042573,0.1249716312056739,0.904
-RfYyzHpjk4$_$8,15,of,3.4233896276595743,3.584112145390071,3.609,3.669,0.18561037234042566,0.0848878546099292,0.13524911347517743,0.756
-RfYyzHpjk4$_$8,16,time.,3.584112145390071,3.7448346631205673,3.709,3.99,0.12488785460992924,0.24516533687943287,0.18502659574468105,0.985
-THoVjtIkeU$_$12,2,we,1.7785903003246752,2.0029170048701297,1.995,2.095,0.21640969967532486,0.0920829951298705,0.15424634740259768,1.0
-THoVjtIkeU$_$12,3,turn,2.0029170048701297,2.1631503652597406,2.135,2.316,0.1320829951298701,0.15284963474025925,0.1424663149350649,0.961
-THoVjtIkeU$_$12,4,our,2.1631503652597406,2.3233837256493506,2.356,2.436,0.1928496347402593,0.11261627435064936,0.15273295454545455,0.833
-THoVjtIkeU$_$12,5,attention,2.3233837256493506,2.5477104301948055,2.456,2.876,0.13261627435064938,0.3282895698051944,0.23045292207792167,0.919
-THoVjtIkeU$_$12,6,to,2.5477104301948055,2.9322704951298704,2.936,3.116,0.38828956980519447,0.18372950487012973,0.2860095373376621,1.0
-THoVjtIkeU$_$12,7,is,2.9322704951298704,3.220690543831169,3.256,3.316,0.3237295048701294,0.09530945616883102,0.20951948051948022,0.757
-THoVjtIkeU$_$12,8,what,3.220690543831169,3.348877232142857,3.356,3.477,0.13530945616883105,0.12812276785714305,0.13171611201298705,0.879
-THoVjtIkeU$_$12,9,grows,3.348877232142857,3.7334372970779217,3.517,3.877,0.16812276785714309,0.14356270292207807,0.15584273538961058,1.0
-THoVjtIkeU$_$12,10,and,3.7942540584415587,4.3102773944805195,4.377,4.457,0.5827459415584411,0.14672260551948035,0.3647342735389607,1.0
-THoVjtIkeU$_$12,11,so,4.3102773944805195,4.5025574269480515,4.517,4.678,0.20672260551948085,0.17544257305194844,0.1910825892857151,1.0
-THoVjtIkeU$_$12,12,if,4.5025574269480515,4.694837459415584,4.738,4.798,0.23544257305194893,0.10316254058441565,0.1693025568181823,0.75
-THoVjtIkeU$_$12,13,we,4.694837459415584,4.855070819805194,4.878,4.998,0.18316254058441572,0.14292918019480627,0.163045860389611,1.0
-THoVjtIkeU$_$12,14,believe,4.855070819805194,5.175537540584415,5.058,5.538,0.20292918019480588,0.3624624594155854,0.28269581980519565,0.934
-THoVjtIkeU$_$12,15,that,5.175537540584415,5.656237621753247,5.658,5.759,0.4824624594155855,0.10276237824675327,0.2926124188311694,0.998
-THoVjtIkeU$_$12,16,anything,5.656237621753247,5.816470982142857,5.839,6.139,0.18276237824675334,0.3225290178571436,0.2526456980519485,0.92
-THoVjtIkeU$_$12,17,is,5.816470982142857,6.168984374999999,6.179,6.239,0.36252901785714364,0.0700156250000008,0.21627232142857222,0.826
-THoVjtIkeU$_$12,18,"possible,",6.168984374999999,6.425357751623377,6.299,6.719,0.1300156250000013,0.29364224837662345,0.21182893668831237,0.963
-THoVjtIkeU$_$12,19,if,6.425357751623377,6.713777800324674,6.759,6.839,0.3336422483766235,0.125222199675326,0.22943222402597474,0.758
-THoVjtIkeU$_$12,20,we,6.713777800324674,6.874011160714286,6.92,7.1,0.2062221996753255,0.2259888392857139,0.2161055194805197,1.0
-THoVjtIkeU$_$12,21,believe,7.191201298701299,7.7072246347402595,7.56,8.101,0.36879870129870085,0.39377536525974133,0.3812870332792211,0.923
-THoVjtIkeU$_$12,22,that,8.056461444805194,8.572484780844157,8.541,8.841,0.48453855519480626,0.26851521915584264,0.37652688717532445,0.974
-THoVjtIkeU$_$12,23,social,8.92172159090909,9.437744926948051,9.462,9.742,0.5402784090909094,0.30425507305194976,0.4222667410714287,1.0
-THoVjtIkeU$_$12,24,justice,9.437744926948051,9.886398336038962,9.782,10.142,0.3442550730519489,0.2556016639610377,0.2999283685064924,0.888
-THoVjtIkeU$_$12,25,can,9.886398336038962,10.206865056818181,10.182,10.383,0.2956016639610386,0.17613494318181822,0.2358683035714284,0.925
-THoVjtIkeU$_$12,26,be,10.206865056818181,10.399145089285714,10.423,10.503,0.21613494318181914,0.10385491071428632,0.15999492694805273,1.0
-THoVjtIkeU$_$12,27,achieved,10.399145089285714,10.831775162337662,10.543,10.963,0.14385491071428547,0.13122483766233728,0.13753987418831226,0.888
-THoVjtIkeU$_$12,28,and,10.831775162337662,10.97598518668831,10.983,11.063,0.15122483766233863,0.08701481331168992,0.11911982548701427,0.831
-THoVjtIkeU$_$12,29,if,10.97598518668831,11.072125202922077,11.083,11.143,0.1070148133116895,0.07087479707792355,0.08894480519480741,1.0
-THoVjtIkeU$_$12,30,we,11.072125202922077,11.168265219155844,11.183,11.283,0.1108747970779227,0.11473478084415589,0.1128047889610384,1.0
-THoVjtIkeU$_$12,31,believe,11.168265219155844,11.456685267857143,11.323,11.804,0.15473478084415682,0.34731473214285735,0.2510247564935062,0.929
-THoVjtIkeU$_$12,32,in,11.456685267857143,11.905338676948052,11.964,12.044,0.5073147321428575,0.13866132305194867,0.3229880275974031,0.888
-THoVjtIkeU$_$12,33,"youth,",11.905338676948052,12.097618709415585,12.124,12.384,0.21866132305194874,0.28638129058441564,0.2525213068181822,0.966
-THoVjtIkeU$_$12,34,they,12.60708887987013,13.12311221590909,13.105,13.225,0.4979111201298707,0.10188778409090915,0.29989945211038904,0.794
-THoVjtIkeU$_$12,35,will,13.12311221590909,13.251298904220778,13.245,13.365,0.12188778409090872,0.11370109577922172,0.11779443993506433,0.997
-THoVjtIkeU$_$12,36,believe,13.251298904220778,13.443578936688311,13.385,13.585,0.1337010957792213,0.14142106331168947,0.13756107954545538,0.93
-THoVjtIkeU$_$12,37,in,13.443578936688311,13.603812297077923,13.605,13.665,0.16142106331168904,0.061187702922076426,0.11130438311688273,0.73
-THoVjtIkeU$_$12,38,themselves.,13.603812297077923,13.860185673701299,13.685,14.166,0.08118770292207778,0.30581432629870164,0.1935010146103897,0.952
-THoVjtIkeU$_$2,0,I,0.01614837786259542,0.0807418893129771,0.042,0.102,0.025851622137404582,0.021258110687022894,0.02355486641221374,0.921
-THoVjtIkeU$_$2,1,think,0.0807418893129771,0.17763215648854963,0.183,0.424,0.1022581106870229,0.24636784351145036,0.17431297709923663,0.961
-THoVjtIkeU$_$2,2,social,0.6626832061068704,1.1788315839694659,1.208,1.449,0.5453167938931296,0.2701684160305342,0.4077426049618319,0.998
-THoVjtIkeU$_$2,3,justice,1.1788315839694659,1.5663926526717558,1.489,1.811,0.31016841603053424,0.24460734732824418,0.2773878816793892,0.94
-THoVjtIkeU$_$2,4,is,1.5663926526717558,1.8247666984732827,1.851,1.932,0.2846073473282442,0.10723330152671728,0.19592032442748075,0.752
-THoVjtIkeU$_$2,5,extremely,1.8247666984732827,2.0508439885496186,1.972,2.374,0.14723330152671732,0.32315601145038153,0.23519465648854943,0.836
-THoVjtIkeU$_$2,6,important,2.0508439885496186,2.535295324427481,2.414,2.816,0.36315601145038157,0.2807046755725189,0.3219303435114502,0.952
-THoVjtIkeU$_$2,7,for,2.535295324427481,2.8905596374045803,2.876,3.037,0.34070467557251893,0.1464403625954196,0.24357251908396926,0.779
-THoVjtIkeU$_$2,8,young,2.8905596374045803,3.0843401717557253,3.097,3.278,0.20644036259541965,0.19365982824427475,0.2000500954198472,0.836
-THoVjtIkeU$_$2,9,people.,3.0843401717557253,3.342714217557252,3.318,3.66,0.23365982824427478,0.31728578244274797,0.2754728053435114,0.957
-THoVjtIkeU$_$6,0,You,0.1931340725806452,0.4345516633064517,0.502,0.562,0.3088659274193548,0.12744833669354838,0.2181571320564516,0.794
-THoVjtIkeU$_$6,1,know,0.4345516633064517,0.5954967237903226,0.602,0.743,0.1674483366935483,0.1475032762096774,0.15747580645161285,0.978
-THoVjtIkeU$_$6,3,I,0.6920637600806452,0.7564417842741936,0.783,0.843,0.09093623991935484,0.08655821572580635,0.08874722782258054,0.788
-THoVjtIkeU$_$6,4,think,0.7564417842741936,0.9173868447580646,0.903,1.104,0.1465582157258064,0.18661315524193545,0.16658568548387098,1.0
-THoVjtIkeU$_$6,5,listening,1.0450725806451615,1.5611670866935485,1.485,1.886,0.4399274193548386,0.32483291330645137,0.382380166330645,1.0
-THoVjtIkeU$_$6,6,to,1.5611670866935485,1.9152462197580646,1.946,2.006,0.3848329133064514,0.09075378024193514,0.23779334677419317,1.0
-THoVjtIkeU$_$6,7,young,1.9152462197580646,2.0761912802419356,2.066,2.247,0.1507537802419352,0.17080871975806433,0.16078124999999988,0.913
-THoVjtIkeU$_$6,8,"people,",2.0761912802419356,2.3015143649193552,2.287,2.608,0.21080871975806437,0.30648563508064486,0.25864717741935483,0.997
-THoVjtIkeU$_$6,9,taking,2.3015143649193552,2.7199715221774197,2.688,3.029,0.38648563508064493,0.30902847782258025,0.3477570564516126,1.0
-THoVjtIkeU$_$6,10,in,2.7199715221774197,3.0418616431451615,3.089,3.17,0.3690284778225803,0.12813835685483843,0.24858341733870915,1.0
-THoVjtIkeU$_$6,11,what,3.0418616431451615,3.2349957157258067,3.23,3.37,0.18813835685483848,0.13500428427419342,0.16157132056451595,0.88
-THoVjtIkeU$_$6,12,they,3.2349957157258067,3.428129788306452,3.41,3.551,0.17500428427419346,0.12287021169354828,0.14893724798387087,0.91
-THoVjtIkeU$_$6,13,have,3.428129788306452,3.5890748487903226,3.591,3.751,0.16287021169354832,0.16192515120967732,0.1623976814516126,0.952
-THoVjtIkeU$_$6,14,to,3.5890748487903226,3.7822089213709678,3.791,3.871,0.20192515120967736,0.08879107862903224,0.1453581149193548,1.0
-THoVjtIkeU$_$6,15,say,3.7822089213709678,3.943153981854839,3.932,4.172,0.14979107862903218,0.2288460181451608,0.1893185483870965,1.0
-THoVjtIkeU$_$6,16,because,3.943153981854839,4.425989163306452,4.212,4.453,0.26884601814516085,0.02701083669354798,0.14792842741935397,1.0
-THoVjtIkeU$_$6,17,what,4.425989163306452,4.876635332661291,4.874,4.995,0.44801083669354735,0.11836466733870932,0.28318775201612834,1.0
-THoVjtIkeU$_$6,20,seen,5.134147429435484,5.262903477822581,5.255,5.456,0.12085257056451582,0.19309652217741924,0.15697454637096708,1.0
-THoVjtIkeU$_$6,21,all,5.262903477822581,5.5526045866935485,5.576,5.697,0.31309652217741846,0.14439541330645156,0.22874596774193456,0.976
-THoVjtIkeU$_$6,22,around,5.5526045866935485,5.842305695564517,5.737,5.937,0.1843954133064516,0.09469430443548355,0.13954485887096757,0.974
-THoVjtIkeU$_$6,23,the,5.842305695564517,5.98715625,5.977,6.058,0.13469430443548358,0.07084374999999987,0.10276902721774128,0.834
-THoVjtIkeU$_$6,24,world,5.98715625,6.09981779233871,6.078,6.379,0.09084375000000033,0.27918220766128954,0.18501297883064494,1.0
-THoVjtIkeU$_$6,25,is,6.09981779233871,6.4860859375,6.499,6.579,0.39918220766128965,0.09291406249999934,0.2460481350806445,1.0
-THoVjtIkeU$_$6,26,the,6.4860859375,6.6470309979838715,6.619,6.699,0.13291406249999937,0.05196900201612831,0.0924415322580634,0.871
-THoVjtIkeU$_$6,27,power,6.6470309979838715,6.775787046370969,6.74,7.101,0.09296900201612868,0.32521295362903135,0.20909097782257957,0.934
-THoVjtIkeU$_$6,28,of,6.775787046370969,7.09767716733871,7.141,7.181,0.3652129536290314,0.08332283266129004,0.22426789314516116,1.0
-THoVjtIkeU$_$6,29,youth.,7.09767716733871,7.258622227822581,7.261,7.502,0.1633228326612901,0.24337777217741863,0.2033503024193548,0.975
-UUCSKoHeMA$_$0,0,I,0.9437811203319502,1.459823132780083,1.526,1.606,0.5822188796680499,0.14617686721991707,0.36419787344398347,0.767
-UUCSKoHeMA$_$0,1,mentioned,1.459823132780083,1.8127474066390041,1.646,2.027,0.1861768672199169,0.214252593360996,0.20021473029045644,0.944
-UUCSKoHeMA$_$0,2,a,1.8127474066390041,2.005251556016597,2.067,2.087,0.25425259336099604,0.08174844398340309,0.16800051867219956,0.988
-UUCSKoHeMA$_$0,3,word,2.005251556016597,2.1335876556016595,2.147,2.487,0.1417484439834027,0.35341234439834057,0.24758039419087186,0.794
-UUCSKoHeMA$_$0,4,in,2.1335876556016595,2.614848029045643,2.687,2.747,0.5534123443983403,0.13215197095435682,0.34278215767634834,0.996
-UUCSKoHeMA$_$0,5,the,2.614848029045643,2.7752681535269708,2.787,2.868,0.17215197095435686,0.09273184647302912,0.132441908713693,0.86
-UUCSKoHeMA$_$0,6,last,2.7752681535269708,3.0800663900414937,2.908,3.248,0.13273184647302916,0.16793360995850648,0.15033272821576804,0.934
-UUCSKoHeMA$_$0,7,clip,3.0800663900414937,3.4490326763485477,3.308,3.648,0.2279336099585061,0.19896732365145242,0.21345046680497926,0.938
-UUCSKoHeMA$_$0,8,called,3.4490326763485477,3.769872925311203,3.748,4.029,0.2989673236514525,0.2591270746887968,0.27904719917012466,0.906
-UUCSKoHeMA$_$0,9,"'monotone',",3.769872925311203,4.636141597510373,4.169,5.01,0.3991270746887965,0.37385840248962676,0.38649273858921207,0.878
-UUCSKoHeMA$_$0,10,and,4.890116182572614,5.406158195020747,5.47,5.55,0.5798838174273859,0.14384180497925314,0.36186281120332,0.836
-UUCSKoHeMA$_$0,11,I,5.406158195020747,5.534494294605809,5.57,5.61,0.1638418049792536,0.07550570539419166,0.11967375518672307,0.501
-UUCSKoHeMA$_$0,12,want,5.534494294605809,5.662830394190871,5.65,5.77,0.1155057053941917,0.10716960580912893,0.11133765560165987,0.952
-UUCSKoHeMA$_$0,13,to,5.662830394190871,5.791166493775933,5.79,5.87,0.1271696058091294,0.07883350622406748,0.10300155601659888,0.816
-UUCSKoHeMA$_$0,14,talk,5.791166493775933,5.9195025933609955,5.91,6.151,0.11883350622406752,0.2314974066390043,0.17516545643153592,0.918
-UUCSKoHeMA$_$0,15,about,5.9195025933609955,6.272426867219917,6.191,6.431,0.27149740663900435,0.15857313278008345,0.2150352697095439,0.997
-UUCSKoHeMA$_$0,16,that,6.272426867219917,6.529099066390041,6.491,6.651,0.21857313278008306,0.12190093360995924,0.17023703319502115,0.999
-UUCSKoHeMA$_$0,17,briefly.,6.529099066390041,7.074527489626555,6.711,7.212,0.18190093360995974,0.13747251037344466,0.15968672199170175,0.959
-UacrmKiTn4$_$10,0,"Because,",0.3379629166666667,0.72420625,0.523,0.823,0.1850370833333333,0.0987937499999999,0.14191541666666657,0.894
-UacrmKiTn4$_$10,1,if,0.72420625,0.8529540277777778,0.864,0.944,0.13979374999999994,0.0910459722222221,0.11541986111111108,1.0
-UacrmKiTn4$_$10,2,they,0.8529540277777778,0.9817018055555556,1.004,1.164,0.15104597222222216,0.18229819444444428,0.16667208333333317,1.0
-UacrmKiTn4$_$10,3,are,0.9817018055555556,1.142636527777778,1.204,1.304,0.22229819444444432,0.16136347222222214,0.19183083333333317,0.92
-UacrmKiTn4$_$10,4,not,1.142636527777778,1.367945138888889,1.384,1.665,0.241363472222222,0.297054861111111,0.2692091666666665,1.0
-UacrmKiTn4$_$10,5,in,1.6243383333333337,2.140431805555556,2.226,2.286,0.6016616666666663,0.14556819444444402,0.37361493055555517,0.986
-UacrmKiTn4$_$10,6,any,2.140431805555556,2.365740416666667,2.426,2.587,0.28556819444444415,0.22125958333333307,0.2534138888888886,0.896
-UacrmKiTn4$_$10,7,way,2.365740416666667,2.6554229166666667,2.647,2.807,0.2812595833333327,0.1515770833333332,0.21641833333333294,1.0
-UacrmKiTn4$_$10,8,held,2.6554229166666667,2.880731527777778,2.887,3.087,0.23157708333333327,0.20626847222222233,0.2189227777777778,1.0
-UacrmKiTn4$_$10,9,accountable,2.880731527777778,3.685405138888889,3.148,3.829,0.2672684722222223,0.14359486111111108,0.20543166666666668,0.969
-UacrmKiTn4$_$10,10,for,3.685405138888889,3.9750876388888896,3.969,4.189,0.28359486111111076,0.21391236111111045,0.2487536111111106,1.0
-UacrmKiTn4$_$10,11,reading,3.9750876388888896,4.26477013888889,4.27,4.57,0.29491236111110997,0.30522986111111017,0.3000711111111105,1.0
-UacrmKiTn4$_$10,12,the,4.26477013888889,4.618826527777779,4.61,4.67,0.3452298611111102,0.051173472222220795,0.1982016666666655,0.999
-UacrmKiTn4$_$10,13,material,4.618826527777779,4.876322083333334,4.71,5.331,0.09117347222222083,0.45467791666666635,0.27292569444444403,0.937
-UacrmKiTn4$_$10,14,they,5.454584722222223,5.970678194444446,5.973,6.113,0.5184152777777769,0.14232180555555463,0.3303685416666662,1.0
-UacrmKiTn4$_$10,15,won't,5.970678194444446,6.308641111111112,6.153,6.353,0.18232180555555377,0.044358888888887726,0.1133403472222212,0.901
-UacrmKiTn4$_$10,16,do,6.308641111111112,6.453482361111112,6.413,6.554,0.10435888888888822,0.10051763888888843,0.10243826388888788,1.0
-UacrmKiTn4$_$10,17,it.,6.453482361111112,6.58223013888889,6.614,6.694,0.16051763888888804,0.1117698611111102,0.13614374999999868,0.998
-UacrmKiTn4$_$4,0,Just,0.27445840517241377,0.5973506465517241,0.534,0.715,0.25954159482758626,0.11764935344827587,0.18859547413793104,0.986
-UacrmKiTn4$_$4,1,given,0.5973506465517241,0.7587967672413793,0.755,0.976,0.1576493534482759,0.21720323275862063,0.18742629310344833,1.0
-UacrmKiTn4$_$4,2,to,0.7587967672413793,1.0171105603448276,1.017,1.097,0.25820323275862056,0.07988943965517237,0.16904633620689646,0.998
-UacrmKiTn4$_$4,3,their,1.0171105603448276,1.1462674568965516,1.137,1.278,0.1198894396551724,0.1317325431034484,0.1258109913793104,1.0
-UacrmKiTn4$_$4,4,own,1.1462674568965516,1.307713577586207,1.379,1.499,0.23273254310344837,0.19128642241379312,0.21200948275862075,0.931
-UacrmKiTn4$_$4,5,devices,1.307713577586207,2.0180765086206893,1.539,2.123,0.23128642241379294,0.1049234913793109,0.16810495689655192,1.0
-UacrmKiTn4$_$4,6,they,2.0180765086206893,2.1795226293103447,2.183,2.324,0.1649234913793105,0.14447737068965516,0.15470043103448283,0.887
-UacrmKiTn4$_$4,7,are,2.1795226293103447,2.3086795258620687,2.364,2.464,0.1844773706896552,0.15532047413793126,0.16989892241379345,0.834
-UacrmKiTn4$_$4,8,not,2.3086795258620687,2.5347040948275863,2.525,2.706,0.2163204741379312,0.17129590517241366,0.1938081896551722,1.0
-UacrmKiTn4$_$4,9,going,2.5347040948275863,2.7607286637931034,2.786,3.027,0.25129590517241374,0.2662713362068967,0.2587836206896552,0.95
-UacrmKiTn4$_$4,10,to,2.7607286637931034,3.0836209051724137,3.068,3.148,0.3072713362068966,0.06437909482758641,0.1858252155172413,1.0
-UacrmKiTn4$_$4,11,read,3.0836209051724137,3.2450670258620686,3.229,3.409,0.14537909482758637,0.16393297413793118,0.154656034482759,1.0
-UacrmKiTn4$_$4,12,the,3.2450670258620686,3.471091594827586,3.45,3.53,0.20493297413793155,0.058908405172414025,0.13192068965517278,0.834
-UacrmKiTn4$_$4,13,textbook.,3.471091594827586,3.9554299568965514,3.57,4.133,0.09890840517241406,0.1775700431034486,0.1382392241379311,0.982
-UuX1xuaiiE$_$0,1,amazing,0.2738282657657658,0.49933389639639636,0.274,0.776,0.00017173423423422207,0.27666610360360366,0.13841891891891894,0.93
-UuX1xuaiiE$_$0,2,to,0.49933389639639636,0.8859149774774775,0.877,0.977,0.37766610360360364,0.09108502252252249,0.234375563063063,0.998
-UuX1xuaiiE$_$0,3,see,0.8859149774774775,1.0469904279279278,1.057,1.258,0.17108502252252245,0.21100957207207216,0.1910472972972973,1.0
-UuX1xuaiiE$_$0,4,their,1.0469904279279278,1.3369262387387386,1.318,1.479,0.2710095720720722,0.14207376126126148,0.20654166666666685,0.835
-UuX1xuaiiE$_$0,5,enthusiasm,1.5295506756756758,2.045658220720721,1.539,2.282,0.009449324324324104,0.23634177927927924,0.12289555180180178,0.932
-UuX1xuaiiE$_$0,6,and,2.045658220720721,2.3033789414414416,2.322,2.382,0.2763417792792793,0.0786210585585585,0.1774814189189191,0.969
-UuX1xuaiiE$_$0,7,their,2.3033789414414416,2.432239301801802,2.402,2.543,0.09862105855855852,0.11076069819819834,0.10469087837837865,0.795
-UuX1xuaiiE$_$0,8,passion,2.432239301801802,2.786605292792793,2.563,3.065,0.13076069819819836,0.27839470720720705,0.2045777027027027,0.959
-UuX1xuaiiE$_$1,1,all,0.40107421875000004,0.62567578125,0.682,0.822,0.28092578125,0.19632421874999995,0.23862499999999998,0.861
-UuX1xuaiiE$_$1,2,of,0.62567578125,0.7861054687500001,0.842,0.882,0.21632421874999996,0.09589453124999991,0.15610937499999988,0.996
-UuX1xuaiiE$_$1,3,them,0.7861054687500001,0.9144492187500001,0.942,1.082,0.15589453124999986,0.16755078125,0.16172265624999993,1.0
-UuX1xuaiiE$_$1,4,are,0.9144492187500001,1.13905078125,1.202,1.282,0.2875507812499999,0.1429492187500001,0.21524999999999994,1.0
-UuX1xuaiiE$_$1,5,really,1.13905078125,1.36365234375,1.363,1.623,0.22394921875000007,0.2593476562499999,0.24164843749999998,0.946
-UuX1xuaiiE$_$1,6,being,1.36365234375,1.68451171875,1.683,1.903,0.31934765624999994,0.21848828124999997,0.26891796874999996,0.891
-UuX1xuaiiE$_$1,7,able,1.93853125,2.4545742187500004,2.563,2.743,0.6244687500000001,0.2884257812499995,0.4564472656249996,0.919
-UuX1xuaiiE$_$1,8,to,2.4545742187500004,2.77543359375,2.783,2.883,0.32842578124999955,0.10756640625000014,0.21799609374999984,1.0
-UuX1xuaiiE$_$1,9,explore,2.77543359375,3.0962929687500003,2.944,3.564,0.16856640625000008,0.4677070312499998,0.31813671874999994,0.841
-UuX1xuaiiE$_$1,11,different,4.1872148437500005,4.50807421875,4.524,4.805,0.3367851562499995,0.2969257812499997,0.3168554687499996,0.994
-UuX1xuaiiE$_$1,12,areas,4.50807421875,5.11770703125,4.905,5.185,0.3969257812500002,0.06729296874999946,0.23210937500000028,0.908
-UuX1xuaiiE$_$1,13,in,5.11770703125,5.631082031250001,5.825,5.965,0.70729296875,0.3339179687499989,0.520605468749999,0.886
-UuX1xuaiiE$_$1,14,depth,5.631082031250001,6.04819921875,6.065,6.386,0.43391796874999944,0.33780078125000035,0.3858593749999999,0.833
-UuX1xuaiiE$_$1,16,a,6.49740234375,6.62574609375,6.666,6.686,0.16859765625000023,0.06025390624999982,0.11442578125000047,0.992
-UuX1xuaiiE$_$1,17,way,6.62574609375,6.75408984375,6.746,6.946,0.12025390625000032,0.19191015624999963,0.15608203124999953,1.0
-UuX1xuaiiE$_$1,18,that,6.75408984375,7.04286328125,7.026,7.186,0.2719101562499997,0.1431367187500001,0.2075234374999999,0.751
-UuX1xuaiiE$_$1,19,really,7.04286328125,7.299550781250001,7.306,7.526,0.2631367187500002,0.22644921874999913,0.24479296874999923,0.9
-UuX1xuaiiE$_$1,20,wasn't,7.299550781250001,7.74875390625,7.566,7.806,0.26644921874999916,0.05724609374999989,0.16184765624999997,0.962
-UuX1xuaiiE$_$1,21,available,7.74875390625,8.19795703125,7.847,8.307,0.09824609375000026,0.10904296874999986,0.1036445312500005,1.0
-UuX1xuaiiE$_$1,23,the,8.647160156250001,8.74341796875,8.727,8.807,0.07983984374999942,0.06358203125000017,0.0717109374999998,1.0
-UuX1xuaiiE$_$1,24,center,8.74341796875,8.871761718750001,8.847,9.187,0.10358203124999932,0.3152382812499983,0.20941015624999793,0.762
-UuX1xuaiiE$_$1,25,was,8.871761718750001,9.28887890625,9.227,9.367,0.35523828124999923,0.07812109375000098,0.216679687500001,1.0
-UuX1xuaiiE$_$1,26,here,9.28887890625,9.44930859375,9.447,9.708,0.15812109374999928,0.25869140624999964,0.20840624999999857,0.971
-UuX1xuaiiE$_$3,0,My,0.24230250000000003,0.5330655,0.564,0.665,0.3216974999999999,0.13193450000000007,0.22681599999999996,0.834
-UuX1xuaiiE$_$3,1,goal,0.5330655,0.839982,0.705,1.006,0.1719345,0.166018,0.16897625,0.858
-UuX1xuaiiE$_$3,2,is,0.839982,1.1792055000000001,1.227,1.327,0.3870180000000001,0.14779449999999983,0.26740624999999996,0.857
-UuX1xuaiiE$_$3,3,to,1.1792055000000001,1.4699685000000002,1.448,1.649,0.2687944999999998,0.1790314999999998,0.2239129999999998,0.912
-UuX1xuaiiE$_$3,4,become,1.4699685000000002,1.8576525000000002,1.729,2.07,0.25903149999999986,0.2123474999999997,0.23568949999999966,0.933
-UuX1xuaiiE$_$3,5,a,2.0522530000000003,2.5684065,2.612,2.653,0.5597469999999998,0.08459349999999999,0.3221702499999999,0.974
-UuX1xuaiiE$_$3,6,human,2.5684065,2.6976345000000004,2.713,2.914,0.14459350000000004,0.21636549999999977,0.1804794999999999,0.923
-UuX1xuaiiE$_$3,7,rights,2.6976345000000004,3.1176255,2.954,3.195,0.2563654999999998,0.0773744999999999,0.16686999999999985,0.759
-UuX1xuaiiE$_$3,8,lawyer,3.1176255,3.2468535000000003,3.275,3.576,0.15737449999999997,0.3291464999999998,0.24326049999999988,0.924
-UuX1xuaiiE$_$6,0,I,0.20904769736842105,0.4663371710526315,0.574,0.614,0.3649523026315789,0.14766282894736849,0.25630756578947367,0.98
-UuX1xuaiiE$_$6,1,ended,0.4663371710526315,0.723626644736842,0.654,0.795,0.18766282894736852,0.07137335526315802,0.12951809210526333,0.986
-UuX1xuaiiE$_$6,2,up,0.723626644736842,0.8201101973684211,0.835,0.915,0.11137335526315795,0.09488980263157898,0.10313157894736846,0.762
-UuX1xuaiiE$_$6,3,going,0.8201101973684211,0.9487549342105263,0.935,1.135,0.114889802631579,0.18624506578947375,0.15056743421052643,0.922
-UuX1xuaiiE$_$6,4,to,0.9487549342105263,1.1417220394736842,1.155,1.216,0.20624506578947377,0.07427796052631574,0.1402615131578948,0.948
-UuX1xuaiiE$_$6,5,work,1.1417220394736842,1.2703667763157895,1.256,1.456,0.11427796052631578,0.18563322368421042,0.149955592105263,0.996
-UuX1xuaiiE$_$6,6,for,1.2703667763157895,1.5919786184210525,1.556,1.817,0.2856332236842105,0.22502138157894747,0.2553273026315791,0.959
-UuX1xuaiiE$_$6,7,the,1.5919786184210525,1.849268092105263,1.857,1.917,0.2650213815789475,0.06773190789473693,0.16637664473684222,0.999
-UuX1xuaiiE$_$6,9,government,2.1065575657894735,2.2673634868421053,2.258,2.699,0.1514424342105265,0.43163651315789453,0.29153947368421074,0.86
-UuX1xuaiiE$_$6,10,as,2.3301842105263155,2.8462648026315787,2.839,2.94,0.5088157894736844,0.09373519736842129,0.30127549342105286,0.808
-UuX1xuaiiE$_$6,11,an,2.8462648026315787,2.942748355263158,2.98,3.02,0.13373519736842132,0.0772516447368421,0.10549342105263193,0.98
-UuX1xuaiiE$_$6,12,intelligence,2.942748355263158,3.167876644736842,3.06,3.501,0.11725164473684213,0.33312335526315806,0.2251875000000001,0.969
-UuX1xuaiiE$_$6,13,"analyst,",3.167876644736842,3.8432615131578944,3.561,4.042,0.3931233552631581,0.19873848684210538,0.29593092105263175,0.856
-UuX1xuaiiE$_$6,14,specializing,4.677950657894737,5.4834819078947366,5.024,5.626,0.34604934210526306,0.14251809210526378,0.24428371710526342,0.996
-UuX1xuaiiE$_$6,15,in,5.4834819078947366,5.7086101973684205,5.786,5.926,0.30251809210526304,0.2173898026315797,0.25995394736842137,0.704
-UuX1xuaiiE$_$6,16,war,5.7086101973684205,5.933738486842105,5.946,6.087,0.23738980263157927,0.1532615131578945,0.19532565789473733,0.953
-UuX1xuaiiE$_$6,17,crimes,5.933738486842105,6.335753289473684,6.127,6.387,0.19326151315789453,0.05124671052631591,0.12225411184210522,0.931
-UuX1xuaiiE$_$6,18,and,6.335753289473684,6.416156249999999,6.427,6.488,0.09124671052631594,0.0718437500000011,0.08154523026315852,0.865
-UuX1xuaiiE$_$6,19,human,6.416156249999999,6.512639802631579,6.528,6.708,0.11184375000000024,0.19536019736842114,0.15360197368421025,0.992
-UuX1xuaiiE$_$6,20,rights,6.512639802631579,6.866412828947368,6.748,6.909,0.23536019736842118,0.04258717105263177,0.13897368421052647,0.875
-UuX1xuaiiE$_$6,21,issues,6.866412828947368,7.220185855263157,6.969,7.329,0.10258717105263226,0.1088141447368427,0.10570065789473748,0.815
-a55Q6RWvTA$_$3,0,And,0.25641001451378814,0.5608969067489116,0.762,0.922,0.5055899854862118,0.36110309325108847,0.43334653936865014,0.791
-a55Q6RWvTA$_$3,3,clip,1.137819439404935,1.5384600870827287,1.403,1.703,0.265180560595065,0.16453991291727132,0.21486023675616817,0.981
-a55Q6RWvTA$_$3,4,"coupons,",1.5384600870827287,2.3557670083454285,1.743,2.564,0.20453991291727136,0.20823299165457154,0.20638645228592134,0.87
-a55Q6RWvTA$_$3,5,if,2.3557670083454285,2.6442282746734405,2.684,2.765,0.32823299165457165,0.12077172532655966,0.22450235849056566,0.752
-a55Q6RWvTA$_$3,6,you,2.6442282746734405,2.804484533744558,2.805,2.945,0.1607717253265597,0.14051546625544198,0.15064359579100106,0.825
-a55Q6RWvTA$_$3,7,don't,2.804484533744558,3.1890995555152397,3.045,3.285,0.24051546625544207,0.09590044448476043,0.16820795537010103,0.841
-a55Q6RWvTA$_$3,8,go,3.1890995555152397,3.317304562772134,3.325,3.465,0.13590044448476046,0.14769543722786604,0.14179794085631325,1.0
-a55Q6RWvTA$_$3,9,out,3.317304562772134,3.4775608218432517,3.565,3.686,0.24769543722786613,0.20843917815674828,0.2280673076923072,1.0
-a55Q6RWvTA$_$3,10,for,3.4775608218432517,3.7660220881712636,3.726,3.866,0.24843917815674832,0.0999779118287365,0.1742085449927424,0.877
-a55Q6RWvTA$_$3,11,dinner,3.7660220881712636,3.926278347242381,3.926,4.346,0.15997791182873655,0.4197216527576191,0.28984978229317804,0.87
-a55Q6RWvTA$_$3,12,and,3.926278347242381,4.407047124455733,4.446,4.547,0.5197216527576187,0.1399528755442665,0.32983726415094283,1.0
-a55Q6RWvTA$_$3,13,movies,4.407047124455733,5.048072160740205,4.647,5.167,0.23995287554426703,0.11892783925979522,0.17944035740203113,0.976
-a55Q6RWvTA$_$3,14,and,5.048072160740205,5.176277167997098,5.227,5.327,0.17892783925979572,0.15072283200290215,0.16482533563134893,0.834
-a55Q6RWvTA$_$3,15,things,5.176277167997098,5.38461030478955,5.368,5.568,0.19172283200290252,0.18338969521044923,0.18755626360667588,0.917
-a55Q6RWvTA$_$3,16,of,5.38461030478955,5.56089218976778,5.608,5.648,0.22338969521044927,0.08710781023221958,0.15524875272133398,0.999
-a55Q6RWvTA$_$3,17,that,5.56089218976778,5.6570459452104505,5.688,5.808,0.12710781023221962,0.15095405478954937,0.13903093251088494,0.997
-a55Q6RWvTA$_$3,18,nature,5.6570459452104505,5.881404707910016,5.888,6.329,0.23095405478954945,0.44759529208998394,0.33927467343976625,0.861
-a55Q6RWvTA$_$3,19,and,6.358967888243833,6.874993514150945,6.949,7.049,0.5900321117561669,0.17400648584905554,0.3820192988026112,0.942
-a55Q6RWvTA$_$3,20,try,6.874993514150945,7.163454780478956,7.15,7.35,0.2750064858490555,0.18654521952104375,0.2307758526850492,0.918
-a55Q6RWvTA$_$3,21,to,7.163454780478956,7.3557622913642975,7.37,7.45,0.2065452195210442,0.09423770863570269,0.150391464078373,1.0
-a55Q6RWvTA$_$3,22,take,7.3557622913642975,7.483967298621192,7.49,7.67,0.13423770863570272,0.18603270137880834,0.16013520500725598,0.88
-a55Q6RWvTA$_$3,23,up,7.483967298621192,7.676274809506532,7.75,7.83,0.2660327013788084,0.15372519049346778,0.2098789459361381,1.0
-a55Q6RWvTA$_$3,24,things,7.676274809506532,7.996787327648768,7.95,8.271,0.2737251904934679,0.2742126723512328,0.27396893142235035,0.899
-a55Q6RWvTA$_$3,25,in,7.996787327648768,8.317299845791002,8.371,8.451,0.37421267235123246,0.1337001542089986,0.25395641328011553,0.818
-a55Q6RWvTA$_$3,26,life,8.317299845791002,8.509607356676344,8.531,8.791,0.21370015420899868,0.281392643323656,0.24754639876632734,1.0
-a55Q6RWvTA$_$3,27,"that,",8.509607356676344,8.862171126632802,8.851,9.032,0.3413926433236565,0.16982887336719799,0.25561075834542724,0.883
-a55Q6RWvTA$_$3,28,"well,",8.862171126632802,9.11858114114659,9.092,9.352,0.22982887336719848,0.23341885885341007,0.2316238661103034,0.827
-a55Q6RWvTA$_$3,29,they,9.11858114114659,9.47114491110305,9.472,9.632,0.3534188588534093,0.16085508889695,0.25713697387518053,0.904
-a55Q6RWvTA$_$3,30,always,9.47114491110305,9.791657429245285,9.672,9.913,0.20085508889695092,0.12134257075471488,0.161098829825832,0.916
-a55Q6RWvTA$_$3,31,"say,",9.791657429245285,9.951913688316402,9.953,10.173,0.16134257075471403,0.2210863116835977,0.19121444121915676,0.89
-a55Q6RWvTA$_$3,32,"""the",9.951913688316402,10.20832370283019,10.233,10.313,0.2810863116835982,0.10467629716981008,0.19288130442670326,0.939
-a55Q6RWvTA$_$3,33,best,10.20832370283019,10.448708091436867,10.353,10.553,0.14467629716980923,0.10429190856313397,0.12448410286647249,0.978
-a55Q6RWvTA$_$3,34,things,10.448708091436867,10.592938724600872,10.593,10.794,0.14429190856313312,0.20106127539912855,0.17267659198112995,0.919
-a55Q6RWvTA$_$3,35,in,10.592938724600872,10.817297487300436,10.854,10.914,0.26106127539912727,0.09670251269956331,0.17888189404934618,0.815
-a55Q6RWvTA$_$3,36,life,10.817297487300436,10.977553746371555,10.954,11.174,0.13670251269956424,0.19644625362844437,0.1665743831640043,0.899
-a55Q6RWvTA$_$3,37,are,10.977553746371555,11.233963760885343,11.254,11.334,0.27644625362844444,0.10003623911465631,0.1882412463715495,0.904
-a55Q6RWvTA$_$3,38,"free"".",11.233963760885343,11.426271271770684,11.394,11.775,0.1600362391146568,0.34872872822931633,0.25438248367198746,0.939
-a55Q6RWvTA$_$3,39,Reading,11.903834452104501,12.419860078011613,12.436,12.736,0.5321655478954987,0.3161399219883876,0.42415273494194317,0.87
-a55Q6RWvTA$_$3,40,a,12.419860078011613,12.740372596153849,12.776,12.816,0.35613992198838673,0.07562740384615196,0.21588366291726846,0.719
-a55Q6RWvTA$_$3,41,"book,",12.740372596153849,12.93268010703919,12.896,14.177,0.15562740384615203,1.2443198929608101,0.699973648403482,0.884
-a55Q6RWvTA$_$3,42,going,13.858960812772136,14.374986438679247,14.398,14.638,0.5390391872278641,0.2630135613207525,0.4010263742743083,0.905
-a55Q6RWvTA$_$3,43,for,14.374986438679247,14.66344770500726,14.658,14.778,0.28301356132075206,0.11455229499274111,0.1987829281567457,0.766
-a55Q6RWvTA$_$3,44,a,14.66344770500726,14.791652712264153,14.798,14.818,0.13455229499274068,0.026347287735847047,0.08044979136429475,0.998
-a55Q6RWvTA$_$3,45,nice,14.791652712264153,15.016011474963719,14.878,15.099,0.08634728773584754,0.0829885250362814,0.08466790638606447,1.0
-a55Q6RWvTA$_$3,46,"walk,",15.016011474963719,15.20831898584906,15.199,15.519,0.18298852503628105,0.3106810141509406,0.24683476959360995,0.93
-a55Q6RWvTA$_$3,47,"and,",15.20831898584906,15.528831503991295,15.539,15.619,0.3306810141509402,0.09016849600870458,0.21042475507982328,0.737
-a55Q6RWvTA$_$3,48,of,15.528831503991295,15.624985259433965,15.639,15.679,0.11016849600870415,0.05401474056603561,0.082091618287369,0.02
-a55Q6RWvTA$_$3,49,"course,",15.624985259433965,15.849344022133529,15.699,15.939,0.07401474056603519,0.08965597786647095,0.08183535921625396,0.725
-a55Q6RWvTA$_$3,50,combining,15.849344022133529,16.39421530297533,15.98,16.54,0.13065597786647132,0.1457846970246699,0.13822033744556883,0.932
-a55Q6RWvTA$_$3,51,exercise,16.39421530297533,16.907035332002906,16.64,17.221,0.24578469702467132,0.31396466799709444,0.27987468251088465,0.901
-a55Q6RWvTA$_$3,52,and,16.907035332002906,17.22754785014514,17.241,17.321,0.333964667997094,0.09345214985486194,0.2137084089259762,0.918
-a55Q6RWvTA$_$3,53,various,17.22754785014514,17.38780410921626,17.361,17.661,0.1334521498548611,0.27319589078374307,0.20332402031930208,0.896
-a55Q6RWvTA$_$3,54,things,17.38780410921626,17.708316627358492,17.681,17.862,0.29319589078374264,0.1536833726415061,0.22343963171262615,0.917
-a55Q6RWvTA$_$3,55,of,17.708316627358492,17.93267539005806,17.902,17.962,0.1936833726415088,0.029324609941941304,0.11150399129172506,0.738
-a55Q6RWvTA$_$3,56,that,17.93267539005806,17.996777893686506,17.982,18.122,0.04932460994194088,0.12522210631349395,0.08727335812771742,0.935
-a55Q6RWvTA$_$3,57,nature,17.996777893686506,18.189085404571845,18.182,18.582,0.18522210631349267,0.3929145954281559,0.2890683508708225,0.863
-a55Q6RWvTA$_$3,58,where,18.4422898222061,18.95831544811321,18.923,19.063,0.4807101777938989,0.1046845518867876,0.29269736484034325,0.846
-a55Q6RWvTA$_$3,59,you're,18.95831544811321,19.182674210812774,19.083,19.263,0.12468455188678718,0.08032578918722777,0.1025051705370057,0.758
-a55Q6RWvTA$_$3,60,not,19.182674210812774,19.278827966255445,19.303,19.443,0.12032578918722692,0.16417203374455624,0.14224891146589158,1.0
-a55Q6RWvTA$_$3,61,spending,19.278827966255445,19.919853002539917,19.544,20.064,0.26517203374455534,0.14414699746008353,0.2046595156023212,0.862
-a55Q6RWvTA$_$3,62,money,19.919853002539917,20.272416772496374,20.264,20.625,0.3441469974600828,0.3525832275036258,0.34836511248185253,0.866
-a55Q6RWvTA$_$3,63,per,20.333313679245286,20.849339305152398,20.845,21.145,0.5116863207547127,0.2956606948476015,0.40367350780115707,0.796
-a55Q6RWvTA$_$3,64,se.,20.849339305152398,21.266005578737303,21.205,21.546,0.3556606948476002,0.27999442126269614,0.3178275580551464,0.88
-aNfi7CP8vM$_$7,0,Maybe,0.9443456296992483,1.4603939144736844,0.534,0.755,0.41034562969924826,0.7053939144736844,0.5578697720864663,0.976
-aNfi7CP8vM$_$7,1,they,1.4603939144736844,1.588780192669173,1.577,1.737,0.11660608552631557,0.14821980733082718,0.1324129464285715,0.901
-aNfi7CP8vM$_$7,2,have,1.588780192669173,1.7492630404135339,1.777,1.918,0.188219807330827,0.16873695958646606,0.17847838345864653,0.875
-aNfi7CP8vM$_$7,3,no,1.7492630404135339,1.9739390272556392,1.978,2.118,0.22873695958646612,0.1440609727443607,0.1863989661654134,1.0
-aNfi7CP8vM$_$7,4,political,1.9739390272556392,2.1665184445488723,2.178,2.64,0.20406097274436075,0.4734815554511278,0.3387712640977443,0.966
-aNfi7CP8vM$_$7,5,party,2.1961118421052634,2.7121601268796995,2.68,3.001,0.4838881578947367,0.28883987312030035,0.38636401550751875,1.0
-aNfi7CP8vM$_$7,6,"affiliation,",2.7121601268796995,3.6108640742481204,3.041,3.883,0.3288398731203004,0.2721359257518796,0.3004878994360898,0.954
-aNfi7CP8vM$_$7,7,they're,3.736747180451128,4.3811817434210525,4.284,4.484,0.5472528195488717,0.1028182565789475,0.32503553806390917,0.787
-aNfi7CP8vM$_$7,8,not,4.3811817434210525,4.47747145206767,4.505,4.645,0.1238182565789474,0.16752854793232963,0.14567340225563852,1.0
-aNfi7CP8vM$_$7,9,interested,4.47747145206767,4.958919995300752,4.785,5.206,0.3075285479323302,0.2470800046992485,0.27730427631578936,0.906
-aNfi7CP8vM$_$7,10,in,4.958919995300752,5.215692551691729,5.246,5.307,0.28708000469924855,0.09130744830827098,0.18919372650375976,0.754
-aNfi7CP8vM$_$7,11,"politics,",5.215692551691729,5.376175399436091,5.347,5.948,0.131307448308271,0.5718246005639092,0.3515660244360901,0.994
-aNfi7CP8vM$_$7,12,they,5.5020585056390985,6.018106790413535,6.008,6.129,0.5059414943609015,0.11089320958646454,0.30841735197368303,0.888
-aNfi7CP8vM$_$7,13,could,6.018106790413535,6.178589638157895,6.169,6.309,0.15089320958646457,0.13041036184210508,0.14065178571428483,0.905
-aNfi7CP8vM$_$7,14,care,6.178589638157895,6.339072485902255,6.349,6.53,0.17041036184210512,0.1909275140977451,0.18066893796992511,0.903
-aNfi7CP8vM$_$7,15,less,6.339072485902255,6.724231320488721,6.61,6.851,0.2709275140977452,0.12676867951127857,0.19884809680451188,1.0
-aNfi7CP8vM$_$7,16,about,6.724231320488721,6.981003876879699,6.911,7.152,0.18676867951127818,0.1709961231203012,0.1788824013157897,0.9
-aNfi7CP8vM$_$7,17,politics.,6.981003876879699,7.205679863721805,7.212,7.853,0.23099612312030082,0.6473201362781946,0.4391581296992477,0.998
-aqamKhZ1Ec$_$0,0,In,2.0057068584070796,2.521769081858407,0.927,1.048,1.0787068584070796,1.473769081858407,1.2762379701327433,0.35
-aqamKhZ1Ec$_$0,2,there,2.7145157632743366,2.875137997787611,2.872,3.012,0.15748423672566325,0.1368620022123892,0.147173119469026,0.9
-aqamKhZ1Ec$_$0,4,very,3.00363578539823,3.260631360619469,3.253,3.533,0.24936421460177005,0.2723686393805309,0.26086642699115026,0.966
-aqamKhZ1Ec$_$0,5,serious,3.260631360619469,3.6461247234513277,3.613,4.094,0.352368639380531,0.44787527654867265,0.40012195796460204,0.886
-aqamKhZ1Ec$_$0,6,tribal,3.6461247234513277,4.4331736725663715,4.175,4.596,0.5288752765486722,0.16282632743362857,0.3458508019911508,0.953
-aqamKhZ1Ec$_$0,7,warfare,4.4331736725663715,5.139911504424779,4.756,5.237,0.3228263274336287,0.09708849557522115,0.20995741150442537,0.994
-aqamKhZ1Ec$_$0,8,in,5.139911504424779,5.380844856194691,5.458,5.558,0.31808849557522123,0.17715514380530895,0.24762181969026553,0.959
-aqamKhZ1Ec$_$0,9,Kenya,5.475147123893805,6.232142699115045,5.959,6.34,0.48385287610619443,0.10785730088495527,0.29585508849557485,0.79
-aqamKhZ1Ec$_$0,10,following,8.462720685840708,8.978782909292036,8.986,9.387,0.5232793141592929,0.4082170907079643,0.4657482024336286,0.957
-aqamKhZ1Ec$_$0,11,a,8.978782909292036,9.396400719026548,9.407,9.467,0.4282170907079639,0.07059928097345214,0.249408185840708,0.365
-aqamKhZ1Ec$_$0,12,disputed,9.396400719026548,9.87826742256637,9.507,9.968,0.11059928097345129,0.0897325774336295,0.1001659292035404,0.941
-aqamKhZ1Ec$_$0,13,election.,9.87826742256637,10.279823008849558,10.008,10.489,0.12973257743362865,0.20917699115044286,0.16945478429203575,0.987
-dxfTGcXJoc$_$0,0,This,0.25633124018838305,0.5927659929356358,0.566,0.726,0.3096687598116169,0.13323400706436417,0.22145138343799053,0.918
-dxfTGcXJoc$_$0,1,is,0.5927659929356358,0.7529730180533751,0.766,0.846,0.1732340070643642,0.09302698194662484,0.13313049450549447,0.794
-dxfTGcXJoc$_$0,2,Governor,0.7529730180533751,0.8811386381475668,0.886,1.207,0.13302698194662488,0.3258613618524333,0.2294441718995291,0.984
-dxfTGcXJoc$_$0,3,Steve,0.8811386381475668,1.4418632260596547,1.247,1.567,0.36586136185243334,0.12513677394034528,0.2454990678963893,0.753
-dxfTGcXJoc$_$0,4,Beshear,1.4418632260596547,1.874422193877551,1.587,1.967,0.1451367739403453,0.09257780612244915,0.11885729003139722,0.821
-dxfTGcXJoc$_$0,6,About,2.159436616954474,2.675457319466248,2.608,2.868,0.448563383045526,0.192542680533752,0.32055303178963923,0.915
-dxfTGcXJoc$_$0,7,Kentucky,2.675457319466248,3.284244014913658,2.928,3.409,0.25254268053375206,0.12475598508634178,0.18864933281004692,0.999
-dxfTGcXJoc$_$0,8,Our,3.857631083202512,4.373651785714285,4.45,4.55,0.5923689167974882,0.17634821428571446,0.38435856554160175,1.0
-dxfTGcXJoc$_$0,9,state,4.373651785714285,4.597941620879121,4.61,4.91,0.23634821428571495,0.3120583791208791,0.274203296703297,0.9
-dxfTGcXJoc$_$0,10,is,4.597941620879121,4.950397076138147,4.971,5.051,0.373058379120879,0.1006029238618531,0.23683065149136606,0.75
-dxfTGcXJoc$_$0,11,home,4.950397076138147,5.142645506279434,5.151,5.471,0.20060292386185274,0.3283544937205658,0.26447870879120927,1.0
-dxfTGcXJoc$_$0,12,to,5.142645506279434,5.527142366562009,5.531,5.631,0.3883544937205654,0.10385763343799148,0.24610606357927844,1.0
-dxfTGcXJoc$_$0,13,more,5.527142366562009,5.719390796703297,5.691,5.892,0.1638576334379911,0.17260920329670348,0.16823341836734773,1.0
-dxfTGcXJoc$_$0,14,than,5.719390796703297,5.943680631868132,5.932,6.092,0.21260920329670352,0.14831936813186797,0.1804642857142862,1.0
-dxfTGcXJoc$_$0,15,"1,500",5.943680631868132,6.808798567503924,6.212,7.173,0.2683193681318681,0.36420143249607584,0.31626040031397196,0.821
-dxfTGcXJoc$_$0,16,bioscience,6.808798567503924,7.994330553375196,7.273,8.094,0.4642014324960755,0.09966944662480337,0.2819354395604394,0.931
-dxfTGcXJoc$_$0,17,and,7.994330553375196,8.218620388540032,8.274,8.374,0.2796694466248031,0.1553796114599688,0.21752452904238595,1.0
-dxfTGcXJoc$_$0,19,companies,8.955572704081632,9.436193779434852,9.095,9.515,0.13942729591836844,0.07880622056514852,0.10911675824175848,0.945
-dxfTGcXJoc$_$0,20,and,9.49691836734694,10.012939069858714,10.076,10.156,0.579081632653061,0.14306093014128685,0.3610712813971739,1.0
-dxfTGcXJoc$_$0,21,more,10.012939069858714,10.237228905023548,10.216,10.396,0.20306093014128557,0.15877109497645314,0.18091601255887024,0.876
-dxfTGcXJoc$_$0,22,than,10.237228905023548,10.429477335164835,10.416,10.636,0.17877109497645272,0.20652266483516435,0.19264687990580853,0.822
-dxfTGcXJoc$_$0,23,"100,000",10.429477335164835,11.134388245682889,10.716,11.517,0.2865226648351644,0.3826117543171108,0.3345672095761367,0.886
-dxfTGcXJoc$_$0,24,people,11.134388245682889,11.58296791601256,11.577,11.878,0.4426117543171113,0.2950320839874401,0.3688219191522757,0.944
-dxfTGcXJoc$_$0,25,who,11.58296791601256,12.063588991365776,12.078,12.198,0.49503208398743936,0.13441100863422406,0.3147215463108317,0.889
-dxfTGcXJoc$_$0,26,work,12.063588991365776,12.255837421507064,12.258,12.438,0.19441100863422278,0.18216257849293704,0.1882867935635799,1.0
-dxfTGcXJoc$_$0,27,for,12.255837421507064,12.4801272566719,12.478,12.578,0.2221625784929362,0.09787274332810014,0.16001766091051817,1.0
-dxfTGcXJoc$_$0,28,these,12.4801272566719,12.672375686813186,12.618,12.779,0.13787274332810107,0.10662431318681342,0.12224852825745725,0.922
-dxfTGcXJoc$_$0,29,"firms,",12.672375686813186,13.120955357142858,12.839,13.239,0.16662431318681392,0.11804464285714289,0.1423344780219784,1.0
-dxfTGcXJoc$_$0,30,in,13.373928375196233,13.889949077708007,13.96,14.02,0.5860716248037683,0.13005092229199278,0.35806127354788053,1.0
-dxfTGcXJoc$_$0,31,areas,13.889949077708007,14.450673665620094,14.2,14.54,0.3100509222919925,0.08932633437990489,0.1996886283359487,1.0
-dxfTGcXJoc$_$0,32,from,14.450673665620094,14.658942798273156,14.661,14.901,0.21032633437990533,0.24205720172684408,0.2261917680533747,0.92
-dxfTGcXJoc$_$0,33,nutrigenomics,14.658942798273156,16.036723214285715,15.181,16.102,0.5220572017268434,0.06527678571428552,0.2936669937205645,0.879
-dxfTGcXJoc$_$0,34,and,16.036723214285715,16.228971644427002,16.282,16.362,0.24527678571428524,0.1330283555729963,0.189152570643639,1.0
-dxfTGcXJoc$_$0,35,pharmaceuticals,16.228971644427002,17.15817239010989,16.422,17.263,0.19302835557299858,0.10482760989011197,0.14892798273155705,0.862
-dxfTGcXJoc$_$0,36,to,17.15817239010989,17.63879346546311,17.644,17.744,0.48582760989010865,0.10520653453689022,0.29551707221349943,0.836
-dxfTGcXJoc$_$0,37,nanotechnology,17.63879346546311,18.680139128728413,17.804,18.785,0.16520653453688894,0.10486087127158683,0.13503370290423788,0.93
-dxfTGcXJoc$_$0,38,and,18.680139128728413,18.82432545133438,18.825,18.905,0.14486087127158598,0.08067454866561974,0.11276770996860286,0.888
-dxfTGcXJoc$_$0,39,medical,18.82432545133438,18.95249107142857,18.945,19.265,0.12067454866561889,0.31250892857142887,0.2165917386185221,0.894
-dxfTGcXJoc$_$0,40,devices.,19.01321565934066,19.72148479199372,19.285,19.806,0.271784340659341,0.08451520800628032,0.17814977433281243,1.0
-dxfTGcXJoc$_$1,0,For,0.1922175,0.49656187500000004,0.534,0.634,0.3417825,0.13743812499999997,0.23961031249999998,0.927
-dxfTGcXJoc$_$1,1,the,0.49656187500000004,0.656743125,0.654,0.734,0.15743812499999998,0.077256875,0.1173475,1.0
-dxfTGcXJoc$_$1,2,10th,0.656743125,0.9290512500000001,0.794,1.035,0.13725687500000006,0.10594874999999981,0.12160281249999993,0.933
-dxfTGcXJoc$_$1,3,straight,0.9290512500000001,1.137286875,1.115,1.435,0.18594874999999988,0.297713125,0.24183093749999995,0.93
-dxfTGcXJoc$_$1,4,"year,",1.137286875,1.4576493750000001,1.495,1.736,0.3577131250000001,0.27835062499999985,0.3180318750000001,0.736
-dxfTGcXJoc$_$1,5,some,1.7425375,2.258555625,2.256,2.577,0.5134624999999997,0.3184443749999999,0.4159534374999996,0.789
-dxfTGcXJoc$_$1,6,of,2.258555625,2.6109543750000004,2.637,2.717,0.37844437499999994,0.1060456249999997,0.24224500000000004,0.75
-dxfTGcXJoc$_$1,8,best,3.219643125,3.572041875,3.418,3.758,0.198356875,0.18595812499999997,0.19215749999999998,0.917
-dxfTGcXJoc$_$1,9,and,3.572041875,3.8603681250000004,3.919,3.999,0.346958125,0.13863187499999974,0.24279499999999965,1.0
-dxfTGcXJoc$_$1,10,most,3.8603681250000004,4.148694375,4.059,4.279,0.1986318749999998,0.1303056250000001,0.16446874999999972,1.0
-dxfTGcXJoc$_$1,11,innovative,4.148694375,4.789419375,4.439,4.92,0.29030562500000023,0.13058062500000034,0.2104431250000003,0.792
-dxfTGcXJoc$_$1,12,biotech,4.789419375,5.398108125,4.96,5.541,0.17058062500000037,0.1428918750000001,0.15673625000000024,0.715
-dxfTGcXJoc$_$1,13,companies,5.398108125,5.910688125,5.581,6.001,0.18289187500000015,0.09031187500000026,0.1366018750000002,0.99
-dxfTGcXJoc$_$1,14,and,5.910688125,6.038833125,6.081,6.161,0.17031187500000033,0.12216687499999956,0.14623937499999995,1.0
-dxfTGcXJoc$_$1,15,technologies,6.038833125,6.839739375000001,6.222,6.943,0.1831668750000004,0.103260624999999,0.1432137499999997,0.923
-dxfTGcXJoc$_$1,16,were,6.839739375000001,7.320283125000001,7.343,7.483,0.5032606249999994,0.16271687499999832,0.33298874999999883,1.0
-dxfTGcXJoc$_$1,17,on,7.320283125000001,7.544536875,7.683,7.784,0.3627168749999985,0.23946312499999944,0.30108999999999897,0.834
-dxfTGcXJoc$_$1,18,display,7.544536875,7.961008125000001,7.844,8.465,0.29946312499999994,0.5039918749999988,0.40172749999999935,0.959
-dxfTGcXJoc$_$1,19,at,8.085715,8.601733125,8.665,8.745,0.5792849999999987,0.14326687499999835,0.36127593749999765,1.0
-dxfTGcXJoc$_$1,20,the,8.601733125,8.793950625,8.785,8.905,0.18326687499999927,0.11104937499999856,0.14715812499999803,1.0
-dxfTGcXJoc$_$1,21,annual,8.793950625,9.290512500000002,9.105,9.426,0.31104937499999963,0.1354874999999982,0.22326843749999892,0.933
-dxfTGcXJoc$_$1,22,BIO,9.290512500000002,9.883183125,9.666,10.127,0.3754874999999984,0.24381687500000027,0.30965218750000023,0.909
-dxfTGcXJoc$_$1,23,International,9.883183125,10.700107500000001,10.247,10.808,0.3638168749999995,0.10789249999999839,0.23585468749999805,0.964
-dxfTGcXJoc$_$1,24,"Convention,",10.700107500000001,11.164633125000002,10.848,11.328,0.14789249999999932,0.1633668749999977,0.1556296874999985,0.958
-dxfTGcXJoc$_$1,25,which,11.38544875,11.901466875,11.889,12.069,0.5035512499999992,0.16753312500000028,0.33554218750000064,1.0
-dxfTGcXJoc$_$1,26,I,11.901466875,12.189793125000001,12.37,12.47,0.46853312499999866,0.2802068749999993,0.374369999999999,0.808
-dxfTGcXJoc$_$1,27,and,12.189793125000001,12.542191875,12.61,12.69,0.4202068749999981,0.14780812499999918,0.28400749999999864,1.0
-dxfTGcXJoc$_$1,28,other,12.542191875,12.734409375000002,12.81,12.97,0.2678081250000002,0.2355906249999986,0.2516993749999994,1.0
-dxfTGcXJoc$_$1,29,state,12.734409375000002,12.990699375000002,13.031,13.231,0.29659062499999855,0.24030062499999794,0.26844562499999824,0.9
-dxfTGcXJoc$_$1,30,officials,12.990699375000002,13.599388125,13.251,13.691,0.2603006249999975,0.0916118749999999,0.1759562499999987,0.995
-dxfTGcXJoc$_$1,31,attended,13.599388125,14.047895625,13.772,14.172,0.17261187499999942,0.12410437499999993,0.14835812500000056,0.975
-dxfTGcXJoc$_$1,32,this,14.047895625,14.240113125,14.192,14.352,0.1441043749999995,0.11188687499999972,0.12799562499999873,1.0
-dxfTGcXJoc$_$1,33,week,14.240113125,14.432330625000002,14.432,14.633,0.1918868749999998,0.20066937499999682,0.1962781249999983,1.0
-dxfTGcXJoc$_$1,34,in,14.432330625000002,14.816765625000002,14.873,14.933,0.44066937499999703,0.11623437499999767,0.27845187499999735,1.0
-dxfTGcXJoc$_$1,35,Chicago.,14.816765625000002,15.153146250000002,14.973,15.494,0.1562343749999986,0.3408537499999973,0.24854406249999794,0.938
-dxfTGcXJoc$_$2,0,An,0.2243397157996146,0.4967522278420038,0.562,0.622,0.33766028420038546,0.1252477721579962,0.23145402817919086,0.96
-dxfTGcXJoc$_$2,1,estimated,0.4967522278420038,1.1697713752408476,0.742,1.663,0.2452477721579962,0.4932286247591524,0.3692381984585743,0.936
-dxfTGcXJoc$_$2,2,"20,000",1.1697713752408476,1.7626691955684004,1.723,2.223,0.5532286247591525,0.46033080443159946,0.506779714595376,0.852
-dxfTGcXJoc$_$2,3,biotech,1.8715912813102116,2.836294978323699,2.343,2.983,0.4714087186897884,0.14670502167630106,0.3090568701830445,0.828
-dxfTGcXJoc$_$2,4,"scientists,",2.836294978323699,3.413168533236994,3.043,3.624,0.20670502167630112,0.21083146676300624,0.20876824421965368,0.898
-dxfTGcXJoc$_$2,5,executives,3.506066353564546,4.470770050578034,3.904,4.564,0.3979336464354537,0.09322994942196594,0.24558179792870982,0.976
-dxfTGcXJoc$_$2,6,and,4.470770050578034,4.695109766377648,4.764,4.844,0.2932299494219661,0.14889023362235232,0.22106009152215922,0.866
-dxfTGcXJoc$_$2,7,industry,4.7239105250481686,5.239934790462427,5.044,5.445,0.32008947495183104,0.20506520953757335,0.26257734224470175,1.0
-dxfTGcXJoc$_$2,8,experts,5.239934790462427,5.9610267341040455,5.565,6.025,0.32506520953757345,0.06397326589595487,0.19451923771676372,0.931
-dxfTGcXJoc$_$2,9,from,5.9610267341040455,6.4257304311175325,6.405,6.565,0.44397326589595476,0.1392695688824679,0.2916214173892113,0.882
-dxfTGcXJoc$_$2,10,more,6.4257304311175325,6.618021616088631,6.605,6.785,0.17926956888246792,0.16697838391136877,0.17312397639691834,0.875
-dxfTGcXJoc$_$2,11,than,6.618021616088631,6.8103128010597285,6.805,6.925,0.18697838391136834,0.11468719894027135,0.15083279142581985,1.0
-dxfTGcXJoc$_$2,12,50,6.8103128010597285,7.002603986030827,6.985,7.285,0.17468719894027185,0.2823960139691728,0.22854160645472232,0.806
-dxfTGcXJoc$_$2,13,nations,7.002603986030827,7.675623133429671,7.345,7.766,0.3423960139691724,0.09037686657032928,0.21638644026975085,0.964
-dxfTGcXJoc$_$2,14,were,7.675623133429671,8.060205503371868,8.086,8.226,0.41037686657032957,0.1657944966281324,0.288085681599231,0.876
-dxfTGcXJoc$_$2,15,at,8.060205503371868,8.284545219171482,8.386,8.466,0.32579449662813076,0.18145478082851696,0.25362463872832297,1.0
-dxfTGcXJoc$_$2,16,the,8.284545219171482,8.540933465799615,8.526,8.606,0.24145478082851746,0.0650665342003851,0.15326065751445217,0.843
-dxfTGcXJoc$_$2,19,to,9.45431659441233,9.630583513969171,9.607,9.707,0.1526834055876698,0.07641648603082984,0.11454994580924982,1.0
-dxfTGcXJoc$_$2,20,learn,9.630583513969171,9.822874698940268,9.807,10.107,0.1764164860308295,0.28412530105973133,0.2302708935452804,0.819
-dxfTGcXJoc$_$2,21,about,9.822874698940268,10.271554130539498,10.187,10.407,0.3641253010597314,0.13544586946050252,0.24978558526011607,1.0
-dxfTGcXJoc$_$2,22,the,10.271554130539498,10.463845315510596,10.447,10.527,0.17544586946050167,0.06315468448940287,0.11930027697495138,1.0
-dxfTGcXJoc$_$2,23,latest,10.463845315510596,10.816379154624276,10.587,10.927,0.12315468448940337,0.11062084537572403,0.1168877649325637,0.917
-dxfTGcXJoc$_$2,24,scientific,10.816379154624276,11.008670339595373,10.967,11.508,0.15062084537572495,0.49932966040462645,0.3249752528901757,0.915
-dxfTGcXJoc$_$2,25,"advances,",11.133616690751444,12.00217479527938,11.548,12.068,0.4143833092485565,0.06582520472061937,0.24010425698458704,1.0
-dxfTGcXJoc$_$2,26,and,12.00217479527938,12.514951288535643,12.548,12.648,0.5458252047206198,0.13304871146435637,0.33943695809248897,0.888
-dxfTGcXJoc$_$2,27,to,12.514951288535643,12.675193942678225,12.688,12.768,0.1730487114643573,0.09280605732177527,0.13292738439306628,1.0
-dxfTGcXJoc$_$2,28,exchange,12.675193942678225,12.931582189306356,12.828,13.349,0.152806057321774,0.41741781069364414,0.28511193400770907,0.982
-dxfTGcXJoc$_$2,29,ideas,13.28086825626204,13.796892521676298,13.489,13.909,0.20813174373795995,0.11210747832370238,0.16011961103083205,0.92
-dxfTGcXJoc$_$2,30,and,13.796892521676298,14.181474891618496,14.209,14.289,0.4121074783237013,0.10752510838150364,0.2598162933526025,0.852
-dxfTGcXJoc$_$2,31,establish,14.181474891618496,14.405814607418108,14.329,14.789,0.14752510838150457,0.38318539258189155,0.26535525048169806,0.999
-dxfTGcXJoc$_$2,32,business,14.434615366088629,14.950639631502888,14.869,15.21,0.43438463391137105,0.25936036849711286,0.34687250120424196,0.922
-dxfTGcXJoc$_$2,33,relationships.,14.979440390173409,15.944144087186896,15.27,16.01,0.290559609826591,0.06585591281310599,0.1782077613198485,0.95
-dxfTGcXJoc$_$6,1,participation,0.8654005393401016,1.5865676554568529,0.959,1.819,0.09359946065989833,0.2324323445431471,0.16301590260152277,0.975
-dxfTGcXJoc$_$6,2,at,1.5865676554568529,1.8429826300761423,1.9,1.96,0.31343234454314706,0.1170173699238577,0.21522485723350226,1.0
-dxfTGcXJoc$_$6,3,the,1.8429826300761423,2.003241989213198,2.02,2.14,0.17701736992385775,0.13675801078680205,0.15688769035533,0.889
-dxfTGcXJoc$_$6,4,annual,2.003241989213198,2.5320978743654825,2.34,2.66,0.3367580107868018,0.12790212563451764,0.2323300682106595,0.966
-dxfTGcXJoc$_$6,7,Convention,3.6378874524111677,4.118665529822335,3.781,4.302,0.1431125475888324,0.18333447017766424,0.16322350888324855,0.972
-dxfTGcXJoc$_$6,8,is,4.307780774111675,4.823806710025381,4.843,4.943,0.5352192258883246,0.11919328997461864,0.3272062579314712,1.0
-dxfTGcXJoc$_$6,9,the,4.823806710025381,5.048169812817259,5.023,5.123,0.19919328997461871,0.07483018718274081,0.13701173857867976,1.0
-dxfTGcXJoc$_$6,10,primary,5.048169812817259,5.496896018401015,5.183,5.703,0.13483018718274042,0.2061039815989849,0.1704670843908631,1.0
-dxfTGcXJoc$_$6,11,means,5.496896018401015,5.817414736675127,5.803,6.164,0.30610398159898455,0.3465852633248723,0.3263446224619284,0.894
-dxfTGcXJoc$_$6,12,by,5.817414736675127,6.266140942258883,6.264,6.404,0.4465852633248728,0.1378590577411165,0.2922221605329942,1.0
-dxfTGcXJoc$_$6,13,which,6.266140942258883,6.522555916878173,6.484,6.704,0.21785905774111658,0.1814440831218267,0.19965157043147164,0.9
-dxfTGcXJoc$_$6,14,our,6.522555916878173,6.875126506979696,7.005,7.145,0.48244408312182685,0.2698734930203033,0.37615878807106506,0.92
-dxfTGcXJoc$_$6,15,high-tech,6.875126506979696,7.564241751269036,7.225,7.725,0.34987349302030335,0.16075824873096334,0.25531587087563334,0.857
-dxfTGcXJoc$_$6,16,companies,7.564241751269036,8.125149508248732,7.765,8.226,0.20075824873096337,0.10085049175126848,0.15080437024111548,0.926
-dxfTGcXJoc$_$6,17,and,8.125149508248732,8.253356995558377,8.286,8.366,0.1608504917512672,0.11264300444162245,0.13674674809644483,1.0
-dxfTGcXJoc$_$6,18,institutions,8.378368496192895,9.086705663071065,8.426,9.147,0.047631503807105346,0.060294336928935266,0.053962920368020306,0.927
-dxfTGcXJoc$_$6,19,can,9.086705663071065,9.375172509517768,9.387,9.547,0.3002943369289355,0.171827490482233,0.23606091370558424,0.914
-dxfTGcXJoc$_$6,20,reach,9.375172509517768,9.631587484137057,9.627,9.868,0.2518274904822331,0.2364125158629431,0.24412000317258808,0.901
-dxfTGcXJoc$_$6,21,out,9.631587484137057,9.920054330583756,10.008,10.148,0.3764125158629419,0.2279456694162434,0.30217909263959264,0.781
-dxfTGcXJoc$_$6,22,to,9.920054330583756,10.272624920685281,10.268,10.388,0.3479456694162444,0.11537507931471858,0.23166037436548148,0.839
-dxfTGcXJoc$_$6,23,the,10.272624920685281,10.400832407994926,10.408,10.488,0.13537507931471815,0.0871675920050734,0.11127133565989578,0.91
-dxfTGcXJoc$_$6,24,global,10.400832407994926,10.81750674175127,10.548,10.949,0.1471675920050739,0.13149325824872982,0.13933042512690186,0.977
-dxfTGcXJoc$_$6,25,scientific,10.81750674175127,11.041869844543147,11.009,11.569,0.1914932582487303,0.5271301554568542,0.35931170685279223,0.929
-dxfTGcXJoc$_$6,26,community.,11.2630369606599,11.779062896573606,11.609,12.09,0.3459630393401003,0.3109371034263937,0.328450071383247,0.997
-egA8-b7-3M$_$1,0,I,0.24105023734177214,0.5303105221518987,0.621,0.681,0.3799497626582279,0.15068947784810138,0.26531962025316463,0.998
-egA8-b7-3M$_$1,1,started,0.7534612341772151,1.26953125,1.282,1.683,0.5285387658227849,0.41346875000000005,0.4710037579113925,0.929
-egA8-b7-3M$_$1,2,a,1.26953125,1.687351661392405,1.743,1.783,0.4734687500000001,0.09564833860759503,0.28455854430379757,0.5
-egA8-b7-3M$_$1,3,successful,1.687351661392405,2.008751977848101,1.843,2.445,0.15564833860759508,0.43624802215189895,0.295948180379747,0.967
-egA8-b7-3M$_$1,4,Legal,2.008751977848101,2.6354825949367084,2.505,2.725,0.496248022151899,0.08951740506329164,0.29288271360759555,0.956
-egA8-b7-3M$_$1,5,Nurse,2.6354825949367084,2.876532832278481,2.785,2.986,0.1495174050632917,0.10946716772151932,0.1294922863924055,0.876
-egA8-b7-3M$_$1,6,Consulting,2.876532832278481,3.4229133702531644,3.026,3.547,0.1494671677215189,0.12408662974683571,0.1367768987341773,0.951
-egA8-b7-3M$_$1,7,Business,3.4229133702531644,3.6800336234177213,3.587,3.987,0.16408662974683574,0.30696637658227877,0.23552650316455748,0.938
-egA8-b7-3M$_$1,8,in,3.967464398734177,4.483534414556962,4.769,5.109,0.8015356012658232,0.6254655854430382,0.7135005933544303,0.811
-egA8-b7-3M$_$1,9,1989.,4.483534414556962,5.512015427215189,5.21,5.43,0.7264655854430382,0.08201542721518962,0.3222250791139243,0.768
-egA8-b7-3M$_$1,10,I,5.799446202531645,6.31551621835443,5.65,5.751,0.14944620253164498,0.5645162183544299,0.3569812104430379,0.311
-egA8-b7-3M$_$1,11,mentor,6.31551621835443,6.7654766613924044,6.532,6.913,0.2164837816455698,0.1475233386075958,0.18200356012658325,0.791
-egA8-b7-3M$_$1,12,nurses,6.7654766613924044,7.2475771360759484,6.973,7.334,0.20752333860759542,0.08642286392405119,0.14697310126582375,1.0
-egA8-b7-3M$_$1,13,who,7.2475771360759484,7.3761372626582276,7.394,7.514,0.14642286392405168,0.13786273734177268,0.14214280063291218,0.889
-egA8-b7-3M$_$1,14,want,7.3761372626582276,7.601117484177214,7.574,7.814,0.1978627373417723,0.21288251582278583,0.20537262658227906,0.918
-egA8-b7-3M$_$1,15,to,7.601117484177214,7.858237737341772,7.854,7.935,0.25288251582278587,0.07676226265822805,0.16482238924050652,1.0
-egA8-b7-3M$_$1,16,become,7.858237737341772,8.115357990506329,7.975,8.275,0.11676226265822809,0.15964200949367147,0.13820213607595022,0.928
-egA8-b7-3M$_$1,17,Legal,8.115357990506329,8.484968354430379,8.335,8.556,0.21964200949367196,0.0710316455696205,0.14533682753164623,0.961
-egA8-b7-3M$_$1,18,Nurse,8.484968354430379,8.726018591772153,8.616,8.816,0.131031645569621,0.08998140822784784,0.11050652689873441,0.882
-egA8-b7-3M$_$1,19,Consultants.,8.726018591772153,9.400959256329113,8.856,9.498,0.12998140822784698,0.09704074367088644,0.11351107594936671,0.978
-egA8-b7-3M$_$13,0,What,0.20924150000000002,0.49896050000000003,0.542,0.643,0.3327585,0.1440395,0.23839900000000003,0.95
-egA8-b7-3M$_$13,1,are,0.49896050000000003,0.6277245,0.663,0.744,0.1640395,0.11627549999999998,0.14015749999999993,0.976
-egA8-b7-3M$_$13,2,you,0.6277245,0.7564885000000001,0.764,0.864,0.1362755,0.10751149999999987,0.12189349999999993,0.999
-egA8-b7-3M$_$13,3,doing,0.7564885000000001,0.9174435000000001,0.905,1.126,0.1485114999999999,0.2085564999999998,0.17853399999999986,1.0
-egA8-b7-3M$_$13,4,that's,0.9174435000000001,1.3037355000000002,1.166,1.367,0.24855649999999985,0.06326449999999983,0.15591049999999984,0.87
-egA8-b7-3M$_$13,5,"different?""",1.3037355000000002,1.4324995000000003,1.408,1.81,0.10426449999999976,0.3775004999999998,0.24088249999999967,1.0
-egA8-b7-3M$_$13,6,They,1.8177520000000005,2.3338475,2.333,2.474,0.5152479999999997,0.14015250000000012,0.3277002499999999,0.894
-egA8-b7-3M$_$13,7,always,2.3338475,2.6879485000000005,2.535,2.756,0.20115250000000007,0.06805149999999927,0.1346019999999999,1.0
-egA8-b7-3M$_$13,8,want,2.6879485000000005,2.8167125000000004,2.816,3.018,0.12805149999999932,0.2012874999999994,0.16466949999999958,0.972
-egA8-b7-3M$_$13,9,an,2.8167125000000004,3.0098585000000004,3.058,3.118,0.24128749999999943,0.10814149999999945,0.17471449999999922,0.826
-egA8-b7-3M$_$13,10,answer.,3.0098585000000004,3.2995775000000003,3.219,3.501,0.20914149999999943,0.20142249999999962,0.20528199999999952,0.937
-egA8-b7-3M$_$16,0,"Third,",0.20964411764705881,0.4676676470588235,0.534,0.794,0.3243558823529412,0.3263323529411765,0.32534411764705884,0.652
-egA8-b7-3M$_$16,1,another,0.5320941176470588,1.048220588235294,0.955,1.275,0.42290588235294113,0.22677941176470595,0.32484264705882354,1.0
-egA8-b7-3M$_$16,2,big,1.048220588235294,1.3384970588235294,1.335,1.496,0.286779411764706,0.15750294117647057,0.2221411764705883,1.0
-egA8-b7-3M$_$16,3,benefit,1.3384970588235294,1.5642676470588235,1.536,1.977,0.1975029411764706,0.4127323529411766,0.3051176470588236,0.999
-egA8-b7-3M$_$16,4,of,1.5642676470588235,1.9835558823529413,2.017,2.097,0.4527323529411764,0.11344411764705864,0.28308823529411753,1.0
-egA8-b7-3M$_$16,5,exhibiting,1.9835558823529413,2.564108823529412,2.157,2.698,0.1734441176470587,0.13389117647058812,0.15366764705882363,0.91
-egA8-b7-3M$_$16,6,is,2.564108823529412,2.789879411764706,2.818,2.898,0.25389117647058823,0.10812058823529425,0.18100588235294124,0.754
-egA8-b7-3M$_$16,7,connecting,2.789879411764706,3.3704323529411764,2.978,3.499,0.18812058823529432,0.12856764705882373,0.1583441176470588,0.94
-egA8-b7-3M$_$16,8,with,3.3704323529411764,3.56395,3.539,3.72,0.16856764705882377,0.15605000000000002,0.16230882352941212,0.73
-egA8-b7-3M$_$16,9,existing,3.56395,4.2090088235294125,3.8,4.301,0.23604999999999965,0.09199117647058763,0.16402058823529364,0.971
-egA8-b7-3M$_$16,10,clients.,4.2090088235294125,4.725055882352941,4.341,4.782,0.13199117647058767,0.05694411764705887,0.09446764705882371,0.806
-egA8-b7-3M$_$17,0,As,0.25684162895927604,0.5939462669683258,0.634,0.735,0.37715837104072397,0.14105373303167423,0.2591060520361991,0.999
-egA8-b7-3M$_$17,1,you,0.5939462669683258,0.7544722850678733,0.795,0.916,0.2010537330316743,0.1615277149321267,0.1812907239819005,1.0
-egA8-b7-3M$_$17,2,have,0.7544722850678733,0.9149983031674209,0.956,1.096,0.20152771493212662,0.18100169683257916,0.1912647058823529,1.0
-egA8-b7-3M$_$17,3,more,0.9149983031674209,1.171839932126697,1.177,1.357,0.2620016968325791,0.18516006787330297,0.22358088235294116,1.0
-egA8-b7-3M$_$17,4,"experience,",1.171839932126697,1.5249971719457014,1.417,2.08,0.24516006787330302,0.5550028280542987,0.40008144796380096,0.889
-egA8-b7-3M$_$17,5,you,2.678415158371041,3.194467760180996,3.224,3.365,0.5455848416289593,0.17053223981900434,0.3580585407239818,0.889
-egA8-b7-3M$_$17,6,have,3.194467760180996,3.3549937782805435,3.405,3.526,0.21053223981900393,0.17100622171945634,0.19076923076923014,0.999
-egA8-b7-3M$_$17,7,more,3.3549937782805435,3.57973020361991,3.586,3.767,0.2310062217194564,0.18726979638009,0.2091380090497732,0.938
-egA8-b7-3M$_$17,8,times,3.57973020361991,3.868677036199095,3.827,4.208,0.24726979638009006,0.339322963800905,0.2932963800904975,0.938
-egA8-b7-3M$_$17,9,"exhibiting,",3.898412895927602,4.703412330316743,4.309,4.891,0.4105871040723983,0.18758766968325702,0.2990873868778281,0.999
-egA8-b7-3M$_$17,10,you,4.73314819004525,5.249200791855204,5.272,5.393,0.5388518099547506,0.14379920814479608,0.3413255090497729,0.724
-egA8-b7-3M$_$17,11,get,5.249200791855204,5.409726809954751,5.433,5.553,0.1837992081447961,0.14327319004524863,0.16353619909502237,1.0
-egA8-b7-3M$_$17,12,to,5.409726809954751,5.570252828054299,5.594,5.674,0.184273190045249,0.10374717194570149,0.14401018099547525,1.0
-egA8-b7-3M$_$17,13,know,5.570252828054299,5.7307788461538465,5.734,5.895,0.1637471719457011,0.1642211538461531,0.1639841628959271,0.874
-egA8-b7-3M$_$17,14,more,5.7307788461538465,5.955515271493213,5.955,6.136,0.2242211538461536,0.1804847285067872,0.20235294117647085,1.0
-egA8-b7-3M$_$17,15,people.,5.955515271493213,6.180251696832579,6.196,6.537,0.24048472850678682,0.35674830316742057,0.29861651583710325,0.999
-egA8-b7-3M$_$18,0,It,0.22513545719844358,0.4985142266536965,0.574,0.654,0.3488645428015564,0.15548577334630354,0.25217515807393,0.978
-egA8-b7-3M$_$18,1,becomes,0.4985142266536965,1.0452717655642023,0.694,1.116,0.19548577334630346,0.07072823443579779,0.13310700389105068,1.0
-egA8-b7-3M$_$18,2,easier,1.0452717655642023,1.431218263618677,1.396,1.818,0.3507282344357976,0.38678173638132307,0.36875498540856033,0.917
-egA8-b7-3M$_$18,3,at,1.431218263618677,1.8814891780155643,1.978,2.038,0.546781736381323,0.15651082198443556,0.3516462791828793,0.968
-egA8-b7-3M$_$18,4,each,1.8814891780155643,2.138786843385214,2.178,2.319,0.2965108219844357,0.18021315661478576,0.2383619892996105,1.0
-egA8-b7-3M$_$18,5,one,2.138786843385214,2.42824671692607,2.499,2.58,0.3602131566147859,0.15175328307392988,0.2559832198443581,1.0
-egA8-b7-3M$_$18,6,of,2.42824671692607,2.5890577577821015,2.62,2.68,0.19175328307392991,0.0909422422178987,0.1413477626459143,1.0
-egA8-b7-3M$_$18,7,these,2.5890577577821015,2.7498687986381327,2.72,2.86,0.13094224221789874,0.11013120136186716,0.12053672178988295,1.0
-egA8-b7-3M$_$18,8,conferences,2.7498687986381327,3.4735184824902725,2.941,3.582,0.19113120136186712,0.10848151750972734,0.14980635943579745,0.978
-egA8-b7-3M$_$18,9,to,3.584600437743191,4.100681541828794,4.104,4.204,0.519399562256809,0.10331845817120566,0.31135901021400736,1.0
-egA8-b7-3M$_$18,10,connect,4.100681541828794,4.534871352140078,4.264,4.625,0.16331845817120616,0.09012864785992214,0.1267235530155646,0.932
-egA8-b7-3M$_$18,11,with,4.534871352140078,4.679601288910506,4.665,4.826,0.13012864785992218,0.14639871108949354,0.13826367947470786,0.862
-egA8-b7-3M$_$18,12,people,4.679601288910506,4.872574537937743,4.866,5.207,0.18639871108949357,0.33442546206225643,0.26041208657587545,0.82
-egA8-b7-3M$_$18,13,that,4.872574537937743,5.258521035992218,5.247,5.367,0.37442546206225646,0.1084789640077819,0.24145221303501918,0.919
-egA8-b7-3M$_$18,14,you've,5.258521035992218,5.515818701361868,5.387,5.608,0.12847896400778147,0.09218129863813207,0.11033013132295633,0.912
-egA8-b7-3M$_$18,15,met,5.515818701361868,5.708791950389106,5.708,5.909,0.1921812986381326,0.200208049610894,0.1961946741245133,1.0
-egA8-b7-3M$_$18,16,or,5.868117217898833,6.384198321984436,6.45,6.53,0.5818827821011672,0.1458016780155642,0.36384223005836525,1.0
-egA8-b7-3M$_$18,17,that,6.384198321984436,6.577171571011673,6.59,6.671,0.20580167801556382,0.09382842898832688,0.1498150535019449,0.996
-egA8-b7-3M$_$18,18,you're,6.577171571011673,6.802307028210117,6.711,6.891,0.13382842898832692,0.08869297178988322,0.11126070038910463,0.88
-egA8-b7-3M$_$18,19,doing,6.802307028210117,6.898793652723736,6.911,7.132,0.1086929717898828,0.23320634727626377,0.17094965953307373,1.0
-egA8-b7-3M$_$18,20,business,6.898793652723736,7.284740150778211,7.172,7.573,0.2732063472762638,0.2882598492217898,0.2807330982490268,0.896
-egA8-b7-3M$_$18,21,with.,7.284740150778211,7.606362232490273,7.653,7.854,0.368259849221789,0.247637767509727,0.307948808365758,1.0
-egA8-b7-3M$_$20,0,Now,0.25768905472636816,0.5636948072139304,0.582,0.742,0.3243109452736318,0.1783051927860696,0.2513080690298507,0.889
-egA8-b7-3M$_$20,1,you've,0.5636948072139304,0.8535949937810945,0.782,0.943,0.21830519278606964,0.08940500621890546,0.1538550995024876,0.855
-egA8-b7-3M$_$20,2,got,0.8535949937810945,0.9824395211442786,0.983,1.143,0.1294050062189055,0.16056047885572144,0.1449827425373134,0.841
-egA8-b7-3M$_$20,3,a,0.9824395211442786,1.1434951803482587,1.183,1.203,0.20056047885572148,0.05950481965174137,0.13003264925373137,0.999
-egA8-b7-3M$_$20,4,face,1.1434951803482587,1.433395366915423,1.303,1.584,0.15950481965174124,0.15060463308457717,0.1550547263681592,0.97
-egA8-b7-3M$_$20,5,that,1.433395366915423,1.658873289800995,1.644,1.764,0.210604633084577,0.10512671019900499,0.157865671641791,0.954
-egA8-b7-3M$_$20,6,you,1.658873289800995,1.7877178171641792,1.804,1.904,0.14512671019900503,0.1162821828358207,0.13070444651741286,0.979
-egA8-b7-3M$_$20,7,can,1.7877178171641792,1.980984608208955,1.964,2.084,0.17628218283582076,0.10301539179104502,0.1396487873134329,0.994
-egA8-b7-3M$_$20,8,connect,1.980984608208955,2.4158348880597016,2.124,2.485,0.14301539179104505,0.06916511194029829,0.10609025186567145,1.0
-egA8-b7-3M$_$20,9,with,2.4158348880597016,2.5929961131840793,2.565,2.725,0.14916511194029836,0.1320038868159208,0.14058449937810957,0.764
-egA8-b7-3M$_$20,10,a,2.5929961131840793,2.7218406405472635,2.765,2.805,0.17200388681592083,0.08315935945273667,0.12758162313432875,0.529
-egA8-b7-3M$_$20,11,"voice,",2.7218406405472635,3.07616309079602,2.865,3.226,0.14315935945273672,0.14983690920398018,0.14649813432835845,0.901
-egA8-b7-3M$_$20,12,and,3.3975469527363185,3.9136525186567166,3.947,4.047,0.5494530472636816,0.13334748134328311,0.34140026430348236,1.0
-egA8-b7-3M$_$20,13,that,3.9136525186567166,4.106919309701492,4.087,4.247,0.17334748134328315,0.14008069029850745,0.1567140858208953,0.998
-egA8-b7-3M$_$20,14,makes,4.106919309701492,4.300186100746268,4.307,4.508,0.20008069029850795,0.20781389925373173,0.20394729477611984,0.836
-egA8-b7-3M$_$20,15,you,4.300186100746268,4.557875155472637,4.548,4.668,0.24781389925373176,0.11012484452736349,0.17896937189054762,0.89
-egA8-b7-3M$_$20,16,closer,4.557875155472637,5.024936567164179,4.708,5.129,0.15012484452736352,0.10406343283582054,0.12709413868159203,1.0
-egA8-b7-3M$_$20,17,to,5.024936567164179,5.234308924129353,5.209,5.309,0.1840634328358206,0.07469107587064716,0.12937725435323388,1.0
-egA8-b7-3M$_$20,18,that,5.234308924129353,5.3953645833333335,5.349,5.529,0.1146910758706472,0.13363541666666645,0.12416324626865638,0.877
-egA8-b7-3M$_$20,19,client.,5.3953645833333335,5.765792599502488,5.569,5.97,0.1736354166666665,0.20420740049751185,0.18892140858208872,0.986
-egA8-b7-3M$_$26,0,We're,0.22523879076086956,0.5952739470108694,0.521,0.701,0.29576120923913046,0.10572605298913051,0.20074363111413052,0.858
-egA8-b7-3M$_$26,1,updating,0.5952739470108694,1.0457515285326084,0.761,1.182,0.16572605298913057,0.1362484714673915,0.15098726222826103,0.999
-egA8-b7-3M$_$26,2,it,1.0457515285326084,1.1744594089673912,1.242,1.302,0.19624847146739155,0.12754059103260884,0.1618945312500002,0.75
-egA8-b7-3M$_$26,3,all,1.1744594089673912,1.3675212296195651,1.423,1.563,0.24854059103260884,0.19547877038043482,0.22200968070652183,1.0
-egA8-b7-3M$_$26,4,the,1.3675212296195651,1.5927600203804346,1.603,1.683,0.23547877038043485,0.09023997961956542,0.16285937500000025,0.995
-egA8-b7-3M$_$26,5,time,1.5927600203804346,1.753644870923913,1.743,2.024,0.15023997961956548,0.27035512907608705,0.21029755434782638,0.936
-egA8-b7-3M$_$26,6,and,1.9132727581521736,2.4293612432065217,2.485,2.585,0.5717272418478263,0.15563875679347827,0.3636829993206525,0.835
-egA8-b7-3M$_$26,7,looking,2.4293612432065217,2.6224230638586956,2.625,2.925,0.1956387567934783,0.3025769361413042,0.24910784646739126,0.964
-egA8-b7-3M$_$26,8,forward,2.6224230638586956,3.0085467051630435,2.985,3.326,0.36257693614130426,0.3174532948369566,0.34001511548913044,0.882
-egA8-b7-3M$_$26,9,to,3.0085467051630435,3.362493376358695,3.366,3.466,0.35745329483695665,0.10350662364130514,0.2304799592391309,1.0
-egA8-b7-3M$_$26,10,your,3.362493376358695,3.555555197010869,3.546,3.707,0.18350662364130477,0.15144480298913088,0.16747571331521782,0.907
-egA8-b7-3M$_$26,11,comments,3.555555197010869,4.166917629076087,3.767,4.248,0.21144480298913093,0.08108237092391324,0.14626358695652208,0.994
-egA8-b7-3M$_$26,12,on,4.166917629076087,4.392156419836956,4.468,4.528,0.301082370923913,0.13584358016304332,0.21846297554347816,1.0
-egA8-b7-3M$_$26,13,our,4.392156419836956,4.553041270380435,4.608,4.689,0.2158435801630434,0.13595872961956523,0.1759011548913043,0.832
-egA8-b7-3M$_$26,14,videos.,4.553041270380435,5.10004976222826,4.729,5.23,0.17595872961956527,0.12995023777174008,0.15295448369565223,0.948
-egA8-b7-3M$_$6,0,First,0.2737320963541667,0.6279736328125,0.566,0.826,0.29226790364583327,0.1980263671875,0.24514713541666666,0.631
-egA8-b7-3M$_$6,1,exhibiting,0.6279736328125,1.4330680338541666,1.047,1.568,0.41902636718749997,0.13493196614583347,0.27697916666666667,1.0
-egA8-b7-3M$_$6,2,is,1.4330680338541666,1.6262906901041667,1.648,1.748,0.21493196614583332,0.12170930989583328,0.1683206380208333,0.57
-egA8-b7-3M$_$6,3,a,1.6262906901041667,1.7551057942708335,1.768,1.788,0.1417093098958333,0.03289420572916657,0.08730175781249994,0.033
-egA8-b7-3M$_$6,4,wonderful,1.7551057942708335,1.9483284505208331,1.948,2.429,0.1928942057291665,0.4806715494791667,0.3367828776041666,0.998
-egA8-b7-3M$_$6,5,opportunity,2.2695247395833333,2.7856266276041666,2.549,3.19,0.2794752604166666,0.4043733723958334,0.34192431640624976,1.0
-egA8-b7-3M$_$6,6,to,2.7856266276041666,3.2686832682291667,3.27,3.37,0.48437337239583345,0.10131673177083345,0.29284505208333367,1.0
-egA8-b7-3M$_$6,7,network,3.2686832682291667,3.7195361328125003,3.471,3.911,0.20231673177083342,0.19146386718749975,0.1968902994791668,0.953
-egA8-b7-3M$_$6,8,with,3.7195361328125003,3.9771663411458333,3.971,4.112,0.2514638671874998,0.13483365885416676,0.19314876302083306,0.877
-egA8-b7-3M$_$6,9,other,3.9771663411458333,4.2025927734375,4.272,4.472,0.2948336588541669,0.2694072265625005,0.2821204427083335,0.906
-egA8-b7-3M$_$6,10,legal,4.2025927734375,4.7822607421875,4.592,4.893,0.3894072265624997,0.11073925781249994,0.2500732421874998,1.0
-egA8-b7-3M$_$6,11,vendors.,4.7822607421875,5.297521158854167,4.953,5.394,0.17073925781250043,0.09647884114583327,0.13360904947916685,0.865
-egA8-b7-3M$_$9,0,"Secondly,",0.25809803921568625,0.9194742647058822,0.562,1.085,0.3039019607843138,0.16552573529411774,0.2347138480392158,1.0
-egA8-b7-3M$_$9,1,another,0.9194742647058822,1.3711458333333333,1.246,1.628,0.32652573529411777,0.2568541666666666,0.2916899509803922,1.0
-egA8-b7-3M$_$9,2,goal,1.3711458333333333,1.8066862745098038,1.668,1.929,0.29685416666666664,0.12231372549019626,0.20958394607843145,0.84
-egA8-b7-3M$_$9,3,of,1.8066862745098038,1.8873419117647057,1.969,2.03,0.1623137254901963,0.14265808823529413,0.1524859068627452,1.0
-egA8-b7-3M$_$9,4,exhibiting,1.8873419117647057,2.4680624999999994,2.09,2.592,0.2026580882352942,0.1239375000000007,0.16329779411764744,0.921
-egA8-b7-3M$_$9,5,is,2.4680624999999994,2.6938982843137254,2.733,2.813,0.2649375000000007,0.11910171568627481,0.19201960784313776,1.0
-egA8-b7-3M$_$9,6,building,2.6938982843137254,2.9197340686274504,2.934,3.296,0.2401017156862748,0.3762659313725494,0.3081838235294121,0.865
-egA8-b7-3M$_$9,7,your,2.9197340686274504,3.339143382352941,3.336,3.477,0.4162659313725494,0.13785661764705903,0.27706127450980444,0.875
-egA8-b7-3M$_$9,8,company,3.339143382352941,3.5327169117647053,3.517,3.939,0.17785661764705907,0.4062830882352948,0.29206985294117715,0.961
-egA8-b7-3M$_$9,9,image.,3.62956862745098,4.14569975490196,4.06,4.361,0.43043137254901964,0.2153002450980397,0.32286580882352967,0.979
-hnBHBN8p5A$_$6,10,a,3.648600095177666,3.777185120558376,5.752,5.792,2.103399904822334,2.014814879441624,2.059107392131979,0.988
-iRBcNs9oI8$_$3,2,is,3.332609738372093,3.590202761627907,0.434,0.515,2.898609738372093,3.075202761627907,2.98690625,0.996
-iRBcNs9oI8$_$7,6,the,1.2760252016129034,1.469851814516129,1.451,1.571,0.17497479838709662,0.10114818548387094,0.13806149193548378,0.932
-iRBcNs9oI8$_$9,0,Power,0.7977163461538459,1.313937800480769,1.293,1.777,0.495283653846154,0.463062199519231,0.4791729266826925,0.95
-lzEya4AM_4$_$5,0,If,0.2245246292372881,0.49716167902542363,0.542,0.602,0.31747537076271193,0.10483832097457635,0.21115684586864414,0.986
-lzEya4AM_4$_$5,1,it,0.49716167902542363,0.5933865201271186,0.643,0.703,0.14583832097457639,0.10961347987288139,0.12772590042372894,0.999
-lzEya4AM_4$_$5,2,falls,0.5933865201271186,0.9141359904661015,0.743,1.004,0.14961347987288143,0.0898640095338985,0.11973874470339002,0.918
-lzEya4AM_4$_$5,3,into,0.9141359904661015,1.1707355667372878,1.064,1.285,0.14986400953389856,0.11426443326271207,0.13206422139830531,0.971
-lzEya4AM_4$_$5,5,any,1.2990353548728812,1.5556349311440676,1.626,1.767,0.32696464512711865,0.21136506885593231,0.2691648569915255,1.0
-lzEya4AM_4$_$5,6,of,1.5556349311440676,1.7801595603813558,1.807,1.867,0.25136506885593235,0.08684043961864418,0.16910275423728827,1.0
-lzEya4AM_4$_$5,7,those,1.7801595603813558,1.9726092425847455,1.907,2.088,0.12684043961864422,0.11539075741525462,0.12111559851694942,0.9
-lzEya4AM_4$_$5,8,three,1.9726092425847455,2.132983977754237,2.108,2.288,0.13539075741525464,0.15501602224576283,0.14520338983050873,0.8
-lzEya4AM_4$_$5,9,"categories,",2.132983977754237,2.806557865466101,2.329,2.891,0.1960160222457632,0.08444213453389882,0.140229078389831,0.997
-lzEya4AM_4$_$5,10,inducing,3.0923940677966097,4.041443326271185,3.653,4.256,0.5606059322033903,0.21455667372881493,0.3875813029661026,0.955
-lzEya4AM_4$_$5,11,nausea,4.5357666843220334,5.308403734110168,5.079,5.48,0.5432333156779663,0.171596265889832,0.3574147907838987,0.917
-lzEya4AM_4$_$5,12,and,5.308403734110168,5.436703522245762,5.5,5.58,0.19159626588983159,0.14329647775423826,0.16744637182203537,0.833
-lzEya4AM_4$_$5,13,vomiting,5.436703522245762,5.917827727754236,5.62,6.022,0.1832964777542383,0.10417227224576386,0.14373437500000152,1.0
-lzEya4AM_4$_$5,14,would,5.917827727754236,6.238577198093219,6.223,6.403,0.3051722722457635,0.16442280190678016,0.23479753707627182,0.863
-lzEya4AM_4$_$5,15,be,6.238577198093219,6.366876986228813,6.423,6.484,0.18442280190678062,0.11712301377118717,0.15077290783898434,1.0
-lzEya4AM_4$_$5,16,your,6.366876986228813,6.495176774364406,6.524,6.624,0.1571230137711872,0.12882322563559345,0.14297311970338988,0.883
-lzEya4AM_4$_$5,17,next,6.495176774364406,6.655551509533897,6.664,6.825,0.1688232256355935,0.16944849046610333,0.1691358580508484,0.907
-lzEya4AM_4$_$5,18,step.,6.655551509533897,6.8800761387711855,6.845,7.066,0.1894484904661029,0.18592386122881432,0.18768617584745861,0.82
-lzEya4AM_4$_$6,0,If,0.24033220108695652,0.5287308423913044,0.594,0.674,0.35366779891304345,0.14526915760869563,0.24946847826086954,1.0
-lzEya4AM_4$_$6,1,the,0.5287308423913044,0.7209966032608697,0.714,0.814,0.18526915760869556,0.09300339673913027,0.13913627717391291,0.923
-lzEya4AM_4$_$6,2,product,0.7209966032608697,0.881218070652174,0.854,1.274,0.1330033967391303,0.3927819293478261,0.2628926630434782,0.906
-lzEya4AM_4$_$6,3,or,0.9740375000000001,1.4900596467391305,1.575,1.635,0.6009624999999998,0.14494035326086951,0.37295142663043457,0.752
-lzEya4AM_4$_$6,4,poison,1.4900596467391305,1.8745911684782608,1.695,2.135,0.20494035326086957,0.260408831521739,0.23267459239130417,0.865
-lzEya4AM_4$_$6,5,is,1.8745911684782608,2.1629898097826086,2.175,2.255,0.30040883152173903,0.09201019021739132,0.19620951086956495,0.892
-lzEya4AM_4$_$6,6,some,2.1629898097826086,2.2911669836956525,2.295,2.435,0.13201019021739135,0.14383301630434753,0.13792160326086944,0.894
-lzEya4AM_4$_$6,7,type,2.2911669836956525,2.483432744565217,2.475,2.675,0.18383301630434756,0.1915672554347827,0.18770013586956513,0.868
-lzEya4AM_4$_$6,8,of,2.483432744565217,2.6756985054347826,2.735,2.795,0.25156725543478275,0.11930149456521733,0.18543437500000004,0.75
-lzEya4AM_4$_$6,9,petroleum,2.6756985054347826,3.2845400815217394,2.855,3.376,0.17930149456521738,0.09145991847826052,0.13538070652173895,0.992
-lzEya4AM_4$_$6,10,product,3.2845400815217394,3.4447615489130436,3.436,3.796,0.15145991847826057,0.35123845108695617,0.25134918478260837,1.0
-lzEya4AM_4$_$6,11,or,3.6016695652173913,4.117691711956522,4.216,4.276,0.6143304347826088,0.15830828804347785,0.38631936141304335,1.0
-lzEya4AM_4$_$6,12,corrosive,4.117691711956522,4.6944889945652175,4.336,4.816,0.21830828804347835,0.12151100543478233,0.1699096467391299,0.95
-lzEya4AM_4$_$6,13,"product,",4.6944889945652175,4.886754755434783,4.857,5.237,0.1625110054347827,0.3502452445652171,0.2563781249999999,0.771
-lzEya4AM_4$_$6,14,you,5.2679728260869565,5.783994972826087,5.817,5.897,0.5490271739130437,0.11300502717391314,0.3310161005434784,0.857
-lzEya4AM_4$_$6,15,would,5.783994972826087,5.944216440217391,5.937,6.077,0.15300502717391318,0.13278355978260858,0.14289429347826088,0.903
-lzEya4AM_4$_$6,16,not,5.944216440217391,6.136482201086956,6.117,6.297,0.17278355978260862,0.16051779891304374,0.16665067934782574,1.0
-lzEya4AM_4$_$6,17,attempt,6.136482201086956,6.553058016304348,6.457,6.818,0.3205177989130439,0.2649419836956515,0.2927298913043477,0.974
-lzEya4AM_4$_$6,18,to,6.645877445652174,7.161899592391304,7.178,7.338,0.5321225543478256,0.17610040760869605,0.3541114809782604,1.0
-lzEya4AM_4$_$6,19,induce,7.318807608695653,7.834829755434782,7.618,7.938,0.2991923913043477,0.1031702445652174,0.2011813179347821,0.917
-lzEya4AM_4$_$6,20,vomiting,7.834829755434782,8.315494157608695,7.998,8.399,0.1631702445652179,0.08350584239130399,0.1233380434782605,1.0
-lzEya4AM_4$_$6,21,and,8.315494157608695,8.539804211956522,8.599,8.679,0.28350584239130505,0.13919578804347843,0.21135081521739085,0.835
-lzEya4AM_4$_$6,22,"nausea,",8.539804211956522,8.988424320652173,8.739,9.759,0.19919578804347893,0.7705756793478269,0.4848857336956538,0.94
-lzEya4AM_4$_$6,23,as,9.113288043478262,9.629310190217392,9.779,9.819,0.6657119565217382,0.18968980978260852,0.42770088315217425,0.011
-lzEya4AM_4$_$6,25,the,9.757487364130435,9.853620244565217,9.879,9.959,0.12151263586956418,0.1053797554347824,0.1134461956521724,0.92
-lzEya4AM_4$_$6,26,product,9.853620244565217,10.013841711956522,10.0,10.34,0.14637975543478277,0.32615828804347835,0.23626902173913145,0.934
-lzEya4AM_4$_$6,27,burned,10.013841711956522,10.62268328804348,10.42,10.7,0.4061582880434784,0.07731671195652012,0.24173750000000016,1.0
-lzEya4AM_4$_$6,28,on,10.62268328804348,10.718816168478261,10.76,10.82,0.13731671195652062,0.10118383152173926,0.11925027173913083,1.0
-lzEya4AM_4$_$6,29,the,10.718816168478261,10.846993342391304,10.84,10.92,0.12118383152173884,0.07300665760869585,0.09709524456521823,0.927
-lzEya4AM_4$_$6,30,way,10.846993342391304,10.975170516304349,10.96,11.1,0.11300665760869677,0.12482948369565072,0.11891807065217375,1.0
-lzEya4AM_4$_$6,31,down,10.975170516304349,11.167436277173913,11.14,11.761,0.16482948369565165,0.5935637228260866,0.3791966032608691,1.0
-lzEya4AM_4$_$6,32,it,11.228211413043478,11.744233559782609,11.801,11.861,0.5727885869565217,0.11676644021739158,0.34477751358695574,0.826
-lzEya4AM_4$_$6,33,could,11.744233559782609,11.904455027173913,11.881,12.021,0.13676644021739115,0.11654497282608745,0.1266557065217384,0.902
-lzEya4AM_4$_$6,34,cause,11.904455027173913,12.19285366847826,12.061,12.301,0.1565449728260866,0.10814633152173947,0.13234565217391303,0.837
-lzEya4AM_4$_$6,35,damage,12.19285366847826,12.353075135869565,12.361,12.721,0.16814633152173997,0.3679248641304351,0.26803559782608843,0.948
-lzEya4AM_4$_$6,36,and,12.353075135869565,12.737606657608696,12.761,12.841,0.4079248641304343,0.10339334239130338,0.2556591032608688,0.857
-lzEya4AM_4$_$6,37,burning,12.737606657608696,12.897828125,12.881,13.221,0.1433933423913043,0.3231718749999999,0.2332826086956512,0.859
-lzEya4AM_4$_$6,38,on,12.897828125,13.410536820652174,13.462,13.522,0.5641718749999995,0.11146317934782601,0.33781752717391367,0.866
-lzEya4AM_4$_$6,39,the,13.410536820652174,13.538713994565217,13.562,13.622,0.15146317934782516,0.0832860054347826,0.11737459239130477,1.0
-lzEya4AM_4$_$6,40,way,13.538713994565217,13.66689116847826,13.662,13.782,0.12328600543478352,0.11510883152173967,0.11919741847826071,1.0
-lzEya4AM_4$_$6,41,back,13.66689116847826,13.827112635869565,13.822,14.002,0.15510883152173882,0.17488736413043604,0.16499809782608654,1.0
-lzEya4AM_4$_$6,42,up.,13.827112635869565,14.051422690217391,14.122,14.202,0.29488736413043526,0.15057730978260864,0.22273233695652284,0.997
-mJ2ud6oKI8$_$8,1,we,0.404203003875969,0.7599016472868217,0.79,0.891,0.385796996124031,0.13109835271317827,0.2584476744186046,0.957
-mJ2ud6oKI8$_$9,16,your,5.316203488372094,5.83227034883721,6.809,6.889,1.4927965116279065,1.0567296511627902,1.2747630813953483,0.948
-mqbVkbCndg$_$0,0,"How,",0.06417587939698492,0.17648366834170853,0.182,0.423,0.11782412060301507,0.24651633165829145,0.18217022613065326,0.916
-mqbVkbCndg$_$0,1,at,0.270110552763819,0.7861545226130653,0.863,0.944,0.592889447236181,0.15784547738693466,0.3753674623115578,0.77
-mqbVkbCndg$_$0,2,a,0.7861545226130653,0.914506281407035,0.964,1.004,0.17784547738693468,0.08949371859296495,0.13366959798994982,0.516
-mqbVkbCndg$_$0,3,particular,0.914506281407035,1.2032977386934673,1.044,1.565,0.129493718592965,0.3617022613065326,0.2455979899497489,0.995
-mqbVkbCndg$_$0,4,moment,1.2032977386934673,1.6525288944723617,1.645,2.006,0.4417022613065327,0.35347110552763805,0.39758668341708536,1.0
-mqbVkbCndg$_$0,5,in,1.6525288944723617,2.037584170854271,2.086,2.166,0.4334711055276381,0.1284158291457289,0.2809434673366835,0.952
-mqbVkbCndg$_$0,7,moment,2.7114309045226133,3.06439824120603,3.048,3.449,0.3365690954773868,0.38460175879396985,0.3605854271356783,0.93
-mqbVkbCndg$_$0,8,in,3.06439824120603,3.4494535175879397,3.509,3.609,0.4446017587939699,0.15954648241206026,0.3020741206030151,0.844
-mqbVkbCndg$_$0,10,they,4.476267587939699,4.700883165829145,4.691,4.912,0.21473241206030114,0.2111168341708547,0.21292462311557792,1.0
-mqbVkbCndg$_$0,11,limited,4.8907738693467335,5.727697236180904,5.433,5.874,0.5422261306532663,0.14630276381909546,0.3442644472361809,0.997
-qDkUB0GgYY$_$6,0,We,0.20975852272727272,0.4679228583916084,0.502,0.602,0.2922414772727273,0.13407714160839157,0.21315930944055944,0.856
-qDkUB0GgYY$_$6,1,always,0.4679228583916084,0.790628277972028,0.642,0.883,0.1740771416083916,0.09237172202797206,0.13322443181818183,0.951
-qDkUB0GgYY$_$6,2,love,0.790628277972028,0.9842515297202796,0.983,1.164,0.19237172202797204,0.1797484702797203,0.18606009615384617,0.984
-qDkUB0GgYY$_$6,3,to,0.9842515297202796,1.1778747814685315,1.204,1.264,0.21974847027972033,0.08612521853146848,0.1529368444055943,0.756
-qDkUB0GgYY$_$6,4,hear,1.1778747814685315,1.3069569493006994,1.284,1.425,0.1061252185314685,0.11804305069930066,0.11208413461538469,0.879
-qDkUB0GgYY$_$6,5,what,1.3069569493006994,1.468309659090909,1.445,1.545,0.13804305069930067,0.07669034090909088,0.10736669580419578,0.88
-qDkUB0GgYY$_$6,6,you,1.468309659090909,1.5651212849650349,1.565,1.625,0.0966903409090909,0.05987871503496511,0.07828452797202812,1.0
-qDkUB0GgYY$_$6,7,"say,",1.5651212849650349,1.9200972465034964,1.926,2.167,0.36087871503496505,0.24690275349650337,0.3038907342657343,1.0
-qDkUB0GgYY$_$6,8,and,2.0493728146853147,2.5655080856643355,2.588,2.689,0.5386271853146853,0.12349191433566453,0.33105954982517494,0.714
-qDkUB0GgYY$_$6,9,like,2.5655080856643355,2.726860795454545,2.729,2.909,0.16349191433566457,0.18213920454545462,0.1728155594405596,0.895
-qDkUB0GgYY$_$6,10,and,2.726860795454545,2.9204840472027973,2.95,3.01,0.223139204545455,0.08951595279720248,0.15632757867132874,0.671
-qDkUB0GgYY$_$6,11,share,2.9204840472027973,3.0495662150349654,3.03,3.17,0.1095159527972025,0.12043378496503454,0.11497486888111852,0.314
-qDkUB0GgYY$_$6,12,this,3.0495662150349654,3.210918924825175,3.19,3.311,0.14043378496503456,0.1000810751748249,0.12025743006992973,0.152
-qDkUB0GgYY$_$6,13,video,3.210918924825175,3.4690832604895103,3.331,3.572,0.12008107517482491,0.10291673951048974,0.11149890734265733,0.429
-qDkUB0GgYY$_$6,14,as,3.4690832604895103,3.63043597027972,3.632,3.712,0.1629167395104898,0.0815640297202802,0.122240384615385,0.774
-qDkUB0GgYY$_$6,15,well.,3.63043597027972,3.824059222027972,3.792,4.053,0.16156402972027983,0.22894077797202783,0.19525240384615383,0.971
-ri04Z7vwnc$_$5,5,important,1.7685507075471698,1.8983525943396227,3.118,3.42,1.34944929245283,1.5216474056603773,1.4355483490566037,0.599
-s9qJ7ATP7w$_$0,0,they,0.016053977272727272,0.08026988636363636,0.066,0.146,0.049946022727272735,0.06573011363636364,0.057838068181818185,0.004
-s9qJ7ATP7w$_$0,2,"doubt,",0.14448579545454543,0.3371335227272727,0.346,0.627,0.20151420454545454,0.2898664772727273,0.24569034090909092,0.863
-s9qJ7ATP7w$_$0,3,they,0.3371335227272727,0.6582130681818181,0.667,0.807,0.32986647727272733,0.14878693181818192,0.23932670454545463,0.918
-s9qJ7ATP7w$_$0,4,have,0.6582130681818181,0.8187528409090908,0.847,0.967,0.18878693181818185,0.14824715909090913,0.16851704545454543,0.884
-s9qJ7ATP7w$_$0,5,"fear,",0.8187528409090908,1.0756164772727272,1.067,1.368,0.2482471590909091,0.29238352272727286,0.27031534090909104,0.981
-s9qJ7ATP7w$_$0,6,they,1.2017215909090908,1.717775568181818,1.708,1.888,0.5062784090909092,0.1702244318181818,0.33825142045454537,0.87
-s9qJ7ATP7w$_$0,7,lose,1.717775568181818,1.9746392045454544,1.908,2.129,0.19022443181818183,0.15436079545454562,0.1722926136363636,0.923
-s9qJ7ATP7w$_$0,8,in,1.9746392045454544,2.1030710227272724,2.149,2.229,0.17436079545454564,0.12592897727272767,0.15014488636363676,0.769
-s9qJ7ATP7w$_$0,9,a,2.1030710227272724,2.2315028409090907,2.269,2.289,0.1659289772727277,0.057497159090909467,0.11171306818181859,0.979
-s9qJ7ATP7w$_$0,10,Ferrari,2.2315028409090907,2.6489062499999996,2.329,2.789,0.0974971590909095,0.14009375000000057,0.11879545454545504,0.805
-s9qJ7ATP7w$_$0,11,"race,",2.6489062499999996,2.969985795454545,2.85,3.09,0.20109375000000052,0.12001420454545464,0.16055397727272758,0.995
-s9qJ7ATP7w$_$0,12,or,2.969985795454545,3.1144715909090905,3.15,3.21,0.1800142045454547,0.09552840909090943,0.13777130681818206,0.986
-s9qJ7ATP7w$_$0,13,they,3.1144715909090905,3.258957386363636,3.25,3.41,0.13552840909090946,0.1510426136363643,0.14328551136363687,0.702
-s9qJ7ATP7w$_$0,14,lose,3.258957386363636,3.5479289772727274,3.43,3.711,0.1710426136363643,0.16307102272727247,0.1670568181818184,0.967
-s9qJ7ATP7w$_$0,15,in,3.5479289772727274,3.7405767045454548,3.791,3.911,0.24307102272727255,0.17042329545454526,0.2067471590909089,0.791
-s9qJ7ATP7w$_$0,16,a,3.7405767045454548,3.997440340909091,4.111,4.211,0.370423295454545,0.21355965909090946,0.291991477272727,0.801
-s9qJ7ATP7w$_$0,17,"race,",4.155653409090909,4.671707386363636,4.512,4.792,0.3563465909090908,0.12029261363636401,0.23831960227272697,0.886
-s9qJ7ATP7w$_$0,18,and,4.671707386363636,5.153326704545455,5.173,5.253,0.5012926136363642,0.0996732954545454,0.3004829545454548,0.936
-s9qJ7ATP7w$_$0,19,then,5.153326704545455,5.281758522727273,5.273,5.393,0.11967329545454497,0.11124147727272682,0.1154573863636359,0.883
-s9qJ7ATP7w$_$0,20,they,5.281758522727273,5.410190340909091,5.413,5.553,0.13124147727272728,0.1428096590909087,0.137025568181818,0.877
-s9qJ7ATP7w$_$0,21,just,5.410190340909091,5.634946022727272,5.593,5.733,0.18280965909090874,0.0980539772727278,0.14043181818181827,0.922
-s9qJ7ATP7w$_$0,22,give,5.634946022727272,5.795485795454545,5.773,5.954,0.13805397727272783,0.15851420454545462,0.14828409090909167,0.843
-s9qJ7ATP7w$_$0,23,up,5.795485795454545,5.956025568181818,6.074,6.154,0.2785142045454547,0.19797443181818153,0.23824431818181768,0.965
-s9qJ7ATP7w$_$1,1,the,0.532103515625,1.0803313802083334,1.356,1.436,0.8238964843750001,0.35566861979166653,0.5897825520833333,0.862
-s9qJ7ATP7w$_$1,2,hardest,1.0803313802083334,1.6608079427083333,1.476,1.757,0.39566861979166656,0.09619205729166658,0.24593033854166657,0.927
-s9qJ7ATP7w$_$1,3,thing,1.6608079427083333,1.7898027343749998,1.777,1.917,0.1161920572916666,0.12719726562500022,0.12169466145833341,0.9
-s9qJ7ATP7w$_$1,4,in,1.7898027343749998,1.9187975260416668,1.937,1.978,0.14719726562500024,0.059202473958333224,0.10319986979166673,0.974
-s9qJ7ATP7w$_$1,5,life,1.9187975260416668,2.0477923177083333,2.018,2.158,0.09920247395833304,0.11020768229166666,0.10470507812499985,1.0
-s9qJ7ATP7w$_$1,6,to,2.0477923177083333,2.2090358072916665,2.198,2.278,0.1502076822916667,0.06896419270833354,0.1095859374999999,1.0
-s9qJ7ATP7w$_$1,7,"learn,",2.2090358072916665,2.3380305989583334,2.318,2.559,0.10896419270833357,0.22096940104166674,0.16496679687500015,0.918
-s9qJ7ATP7w$_$1,8,is,2.595875,3.1119993489583333,3.14,3.221,0.5441250000000002,0.10900065104166679,0.3265628255208337,0.83
-s9qJ7ATP7w$_$1,9,to,3.1119993489583333,3.2732428385416665,3.261,3.341,0.14900065104166682,0.06775716145833366,0.10837890625000046,0.993
-s9qJ7ATP7w$_$1,10,lose,3.2732428385416665,3.531232421875,3.401,3.642,0.12775716145833327,0.11076757812499993,0.11926236979166682,0.999
-s9qJ7ATP7w$_$4,0,I,0.2412997159090909,0.530859375,0.636,0.696,0.39470028409090907,0.16514062499999993,0.2799204545454545,0.746
-s9qJ7ATP7w$_$4,1,have,0.530859375,0.6917258522727272,0.716,0.836,0.18514062499999995,0.14427414772727276,0.1647073863636363,0.971
-s9qJ7ATP7w$_$4,2,lost,0.6917258522727272,1.0778053977272728,0.897,1.198,0.20527414772727282,0.12019460227272716,0.162734375,0.99
-s9qJ7ATP7w$_$4,3,at,1.0778053977272728,1.238671875,1.318,1.398,0.24019460227272726,0.15932812499999982,0.19976136363636365,0.835
-s9qJ7ATP7w$_$4,4,everything,1.238671875,1.656924715909091,1.679,2.1,0.44032812499999996,0.4430752840909091,0.44170170454545465,0.949
-s9qJ7ATP7w$_$4,5,you,1.656924715909091,2.139524147727273,2.161,2.241,0.5040752840909091,0.10147585227272726,0.30277556818181806,0.878
-s9qJ7ATP7w$_$4,6,can,2.139524147727273,2.300390625,2.301,2.401,0.16147585227272732,0.10060937499999989,0.13104261363636382,1.0
-s9qJ7ATP7w$_$4,7,"imagine,",2.300390625,2.5577769886363635,2.461,2.883,0.16060937499999994,0.3252230113636365,0.24291619318181845,0.938
-s9qJ7ATP7w$_$4,8,seriously,2.5577769886363635,3.297762784090909,2.983,3.424,0.4252230113636366,0.12623721590909076,0.2757301136363637,0.919
-s9qJ7ATP7w$_$5,0,I,0.6261518199233718,1.1422397030651341,0.403,0.463,0.22315181992337174,0.679239703065134,0.4511957614942529,0.667
-s9qJ7ATP7w$_$5,1,have,1.1422397030651341,1.3031185344827587,0.543,1.425,0.5992397030651341,0.12188146551724133,0.23867911877394643,0.889
-s9qJ7ATP7w$_$5,2,been,1.3031185344827587,1.4639973659003833,1.465,1.625,0.16188146551724136,0.16100263409961668,0.16144204980842913,1.0
-s9qJ7ATP7w$_$5,3,beat,1.4639973659003833,1.7535792624521074,1.745,2.026,0.2810026340996168,0.2724207375478924,0.2767116858237546,0.996
-s9qJ7ATP7w$_$5,4,up,1.7535792624521074,2.043161159003832,2.306,2.407,0.5524207375478927,0.36383884099616814,0.4581297892720304,1.0
-s9qJ7ATP7w$_$5,5,and,2.043161159003832,2.4936218869731803,2.567,2.667,0.5238388409961683,0.1733781130268195,0.3486084770114939,1.0
-s9qJ7ATP7w$_$5,6,put,2.4936218869731803,2.8475553160919542,2.827,3.028,0.33337811302681963,0.1804446839080458,0.2569113984674327,1.0
-s9qJ7ATP7w$_$5,7,down,2.8475553160919542,3.1371372126436783,3.088,3.589,0.24044468390804585,0.4518627873563217,0.346153735632184,1.0
-s9qJ7ATP7w$_$5,8,and,3.264564655172414,3.7806525383141762,3.909,4.03,0.6444353448275857,0.249347461685824,0.44689140325670484,1.0
-s9qJ7ATP7w$_$5,9,everything,4.390716475095786,4.906804358237548,4.891,5.232,0.5002835249042139,0.32519564176245197,0.4127395833333334,1.0
-s9qJ7ATP7w$_$5,10,that,4.906804358237548,5.292913553639847,5.272,5.392,0.365195641762452,0.09908644636015307,0.2321410440613021,0.964
-s9qJ7ATP7w$_$5,11,can,5.292913553639847,5.453792385057472,5.412,5.553,0.11908644636015264,0.09920761494252783,0.10914703065134024,0.893
-s9qJ7ATP7w$_$5,12,go,5.453792385057472,5.614671216475097,5.613,5.773,0.15920761494252833,0.15832878352490276,0.15876819923371555,1.0
-s9qJ7ATP7w$_$5,13,"wrong,",5.614671216475097,5.9042531130268205,5.873,6.274,0.2583287835249033,0.3697468869731795,0.3140378352490414,0.834
-s9qJ7ATP7w$_$5,14,has,6.224735153256705,6.740823036398467,6.695,6.835,0.4702648467432953,0.09417696360153283,0.2822209051724136,1.0
-s9qJ7ATP7w$_$5,15,gone,6.740823036398467,6.901701867816092,6.875,7.096,0.13417696360153286,0.19429813218390812,0.1642375478927205,0.8
-s9qJ7ATP7w$_$5,16,wrong,6.901701867816092,7.159107998084291,7.156,7.416,0.25429813218390773,0.25689200191570905,0.2555950670498084,0.904
-s9qJ7ATP7w$_$5,17,for,7.159107998084291,7.545217193486591,7.496,7.657,0.3368920019157091,0.11178280651340877,0.22433740421455894,1.0
-s9qJ7ATP7w$_$5,18,me,7.545217193486591,7.706096024904215,7.717,7.877,0.17178280651340838,0.1709039750957846,0.17134339080459693,1.0
-s9qJ7ATP7w$_$6,0,But,0.2608239436619718,0.5705523767605634,0.557,0.758,0.29617605633802824,0.18744762323943664,0.24181183978873244,0.979
-s9qJ7ATP7w$_$6,1,I,0.6737077464788732,1.1900092429577465,1.241,1.302,0.5672922535211269,0.11199075704225359,0.33964150528169024,0.931
-s9qJ7ATP7w$_$6,2,just,1.1900092429577465,1.3856272007042252,1.342,1.463,0.15199075704225362,0.0773727992957749,0.11468177816901437,0.89
-s9qJ7ATP7w$_$6,3,kept,1.3856272007042252,1.5160391725352111,1.483,1.623,0.09737279929577491,0.10696082746478885,0.10216681338028188,0.935
-s9qJ7ATP7w$_$6,4,going,1.5160391725352111,1.6790541373239436,1.644,1.865,0.12796082746478876,0.1859458626760564,0.15695334507042258,0.897
-s9qJ7ATP7w$_$7,0,I,0.20868852699530516,0.4655359448356807,0.574,0.614,0.3653114730046948,0.14846405516431926,0.25688776408450703,0.647
-s9qJ7ATP7w$_$7,1,used,0.4655359448356807,0.6902774354460093,0.675,0.775,0.20946405516431932,0.08472256455399074,0.14709330985915509,0.984
-s9qJ7ATP7w$_$7,2,to,0.6902774354460093,0.7865952171361501,0.795,0.835,0.10472256455399076,0.04840478286384986,0.07656367370892031,0.998
-s9qJ7ATP7w$_$7,3,work,0.7865952171361501,0.8829129988262909,0.875,0.996,0.0884047828638499,0.11308700117370907,0.10074589201877948,0.876
-s9qJ7ATP7w$_$7,4,for,0.8829129988262909,1.0434426349765258,1.036,1.136,0.1530870011737091,0.09255736502347411,0.12282218309859161,0.847
-s9qJ7ATP7w$_$7,5,Warren,1.0434426349765258,1.3002900528169015,1.157,1.418,0.11355736502347424,0.11770994718309846,0.11563365610328635,0.843
-s9qJ7ATP7w$_$7,6,"Avis,",1.3002900528169015,1.6213493251173707,1.458,1.699,0.1577099471830985,0.07765067488262933,0.11768031103286392,0.931
-s9qJ7ATP7w$_$7,7,the,1.6213493251173707,1.8781967429577464,1.92,2.0,0.2986506748826292,0.12180325704225359,0.2102269659624414,0.882
-s9qJ7ATP7w$_$7,8,guy,1.8781967429577464,2.070832306338028,2.02,2.14,0.1418032570422536,0.06916769366197206,0.10548547535211283,0.491
-s9qJ7ATP7w$_$7,9,who,2.070832306338028,2.135044160798122,2.161,2.261,0.09016769366197197,0.12595583920187803,0.108061766431925,0.176
-s9qJ7ATP7w$_$7,10,started,2.135044160798122,2.2634678697183097,2.281,2.522,0.14595583920187805,0.2585321302816901,0.20224398474178384,0.515
-s9qJ7ATP7w$_$7,11,Avis,2.2634678697183097,2.68084492370892,2.562,2.763,0.2985321302816901,0.08215507629107988,0.190343603286385,0.887
-s9qJ7ATP7w$_$7,15,and,3.0661160504694833,3.194539759389671,3.225,3.305,0.15888394953051677,0.11046024061032922,0.13467209507042321,0.786
-s9qJ7ATP7w$_$7,16,he,3.194539759389671,3.290857541079812,3.325,3.385,0.13046024061032924,0.0941424589201878,0.11230134976525852,0.911
-s9qJ7ATP7w$_$7,17,said,3.290857541079812,3.4513871772300466,3.426,3.586,0.13514245892018817,0.13461282276995323,0.13487764084507048,0.9
-s9qJ7ATP7w$_$7,18,to,3.4513871772300466,3.5798108861502342,3.606,3.666,0.15461282276995325,0.08618911384976569,0.12040096830985969,0.994
-s9qJ7ATP7w$_$7,19,me,3.5798108861502342,3.7082345950704223,3.707,3.807,0.1271891138497656,0.09876540492957764,0.11297725938967162,0.76
-s9qJ7ATP7w$_$7,20,one,3.7082345950704223,3.83665830399061,3.907,4.008,0.19876540492957773,0.1713416960093901,0.18505355046948369,0.792
-s9qJ7ATP7w$_$7,21,"day,",3.83665830399061,4.029293867370892,4.028,4.249,0.19134169600938966,0.2197061326291081,0.2055239143192491,0.976
-s9qJ7ATP7w$_$7,22,"""Robert,",4.283783157276995,4.799836120892018,4.831,5.152,0.5472168427230057,0.35216387910798197,0.4496903609154934,0.999
-s9qJ7ATP7w$_$7,23,"""what's",4.799836120892018,5.2814250293427225,5.192,5.353,0.392163879107982,0.07157497065727725,0.23186942488262918,0.932
-s9qJ7ATP7w$_$7,24,the,5.2814250293427225,5.377742811032864,5.393,5.474,0.11157497065727728,0.09625718896713664,0.10391607981220696,0.845
-s9qJ7ATP7w$_$7,25,purpose,5.377742811032864,5.506166519953052,5.514,5.835,0.13625718896713668,0.32883348004694835,0.2325453345070425,0.921
-s9qJ7ATP7w$_$7,26,of,5.506166519953052,5.827225792253521,5.855,5.915,0.3488334800469488,0.08777420774647915,0.21830384389671353,0.908
-s9qJ7ATP7w$_$7,27,business,5.827225792253521,6.019861355633802,5.956,6.317,0.12877420774647952,0.2971386443661981,0.21295642605633924,0.983
-s9qJ7ATP7w$_$8,1,And,0.2090669191919192,0.4663800505050505,0.524,0.605,0.3149330808080808,0.1386199494949495,0.22677651515151515,0.992
-s9qJ7ATP7w$_$8,2,I,0.4663800505050505,0.5950366161616162,0.665,0.705,0.19861994949494954,0.10996338383838378,0.15429166666666666,0.999
-s9qJ7ATP7w$_$8,3,"said,",0.5950366161616162,0.7880214646464647,0.746,0.887,0.1509633838383838,0.09897853535353529,0.12497095959595961,0.989
-s9qJ7ATP7w$_$8,4,"""Oh,",0.7880214646464647,0.9166780303030304,0.987,1.129,0.19897853535353527,0.2123219696969696,0.20565025252525243,0.642
-s9qJ7ATP7w$_$8,5,make,0.9166780303030304,1.1418270202020202,1.169,1.31,0.25232196969696963,0.16817297979797985,0.21024747474747474,0.882
-s9qJ7ATP7w$_$8,6,a,1.1418270202020202,1.3026477272727273,1.35,1.37,0.20817297979797988,0.06735227272727284,0.13776262626262636,0.995
-s9qJ7ATP7w$_$8,7,"profit,",1.3026477272727273,1.495632575757576,1.431,1.874,0.1283522727272728,0.3783674242424242,0.2533598484848485,0.971
-s9qJ7ATP7w$_$8,8,and,1.495632575757576,1.865520202020202,1.914,1.975,0.418367424242424,0.10947979797979812,0.26392361111111107,0.954
-s9qJ7ATP7w$_$8,9,all,1.865520202020202,1.9459305555555555,1.995,2.076,0.12947979797979814,0.13006944444444457,0.12977462121212135,0.634
-s9qJ7ATP7w$_$8,10,these,1.9459305555555555,2.106751262626263,2.096,2.217,0.1500694444444446,0.11024873737373708,0.1301590909090906,0.865
-s9qJ7ATP7w$_$8,11,other,2.106751262626263,2.203243686868687,2.257,2.418,0.15024873737373712,0.21475631313131327,0.1825025252525252,0.947
-s9qJ7ATP7w$_$8,12,things,2.203243686868687,2.4605568181818183,2.459,2.66,0.2557563131313132,0.19944318181818188,0.22759974747474776,0.865
-t217m2on-s$_$2,0,But,0.24129375,0.53084625,0.546,1.029,0.30470625000000007,0.49815374999999995,0.40143,0.84
-t217m2on-s$_$2,1,a,0.53084625,1.02952,1.35,1.39,0.8191537500000001,0.3604799999999999,0.589816875,0.943
-t217m2on-s$_$2,2,good,1.02952,1.43167625,1.451,1.591,0.4214800000000001,0.15932375,0.29040187500000003,0.91
-t217m2on-s$_$2,3,thing,1.43167625,1.6247112499999998,1.612,1.752,0.18032375000000012,0.12728875000000017,0.15380625000000026,0.914
-t217m2on-s$_$2,4,to,1.6247112499999998,1.75340125,1.772,1.833,0.1472887500000002,0.07959874999999994,0.11344375000000007,0.902
-t217m2on-s$_$2,5,do,1.75340125,1.84991875,1.873,1.953,0.11959874999999998,0.10308125000000001,0.11134,1.0
-t217m2on-s$_$2,6,is,1.84991875,1.9786087499999998,1.994,2.074,0.14408124999999994,0.09539125000000004,0.11973624999999999,0.749
-t217m2on-s$_$2,7,"yawning,",1.9786087499999998,2.42902375,2.134,3.441,0.1553912500000001,1.01197625,0.5836837499999998,0.93
-t217m2on-s$_$2,8,chewing,3.0389749999999998,3.7802687500000003,3.542,3.924,0.503025,0.14373124999999964,0.32337812499999985,0.911
-t217m2on-s$_$2,9,gum,3.7802687500000003,4.11808,4.024,4.265,0.24373124999999973,0.14691999999999972,0.19532562499999973,0.91
-t217m2on-s$_$2,10,is,4.11808,4.29502875,4.326,4.406,0.20791999999999966,0.11097124999999952,0.15944562500000004,0.992
-t217m2on-s$_$2,11,effective.,4.29502875,4.84196125,4.466,5.029,0.17097125000000002,0.18703875000000014,0.17900499999999964,0.991
-t217m2on-s$_$7,0,If,0.2244531544256121,0.4970034133709982,0.578,0.618,0.35354684557438787,0.12099658662900181,0.23727171610169484,0.473
-t217m2on-s$_$7,1,you,0.4970034133709982,0.6252623587570623,0.658,0.778,0.16099658662900185,0.15273764124293776,0.1568671139359698,0.973
-t217m2on-s$_$7,2,find,0.6252623587570623,0.8497155131826744,0.838,1.099,0.2127376412429377,0.24928448681732562,0.23101106403013166,0.883
-t217m2on-s$_$7,3,that,0.8497155131826744,1.1382981403013184,1.139,1.319,0.28928448681732566,0.18070185969868158,0.23499317325800362,1.0
-t217m2on-s$_$7,4,your,1.1382981403013184,1.3948160310734465,1.399,1.559,0.26070185969868165,0.1641839689265534,0.21244291431261753,0.976
-t217m2on-s$_$7,5,ears,1.3948160310734465,1.7956252354048967,1.699,1.959,0.3041839689265535,0.16337476459510336,0.23377936676082844,1.0
-t217m2on-s$_$7,6,consistently,3.0591857344632776,3.831735993408664,3.241,4.041,0.18181426553672253,0.20926400659133648,0.19553913606402973,0.978
-t217m2on-s$_$7,7,do,3.831735993408664,4.280642302259888,4.282,4.442,0.45026400659133614,0.16135769774011255,0.3058108521657239,1.0
-t217m2on-s$_$7,8,this,4.280642302259888,4.569224929378532,4.482,4.682,0.20135769774011258,0.11277507062146874,0.15706638418079022,0.946
-t217m2on-s$_$7,9,and,4.569224929378532,4.761613347457628,4.782,4.862,0.2127750706214684,0.10038665254237245,0.15658086158192042,0.919
-t217m2on-s$_$7,10,you,4.761613347457628,4.8578075564971765,4.882,4.982,0.12038665254237202,0.12419244350282366,0.12228954802259784,0.998
-t217m2on-s$_$7,11,can't,4.8578075564971765,5.258616760828627,5.022,5.363,0.1641924435028237,0.10438323917137371,0.1342878413370987,0.803
-t217m2on-s$_$7,12,pop,5.258616760828627,5.7075230696798505,5.543,5.863,0.2843832391713734,0.15547693032014998,0.21993008474576126,0.889
-t217m2on-s$_$7,13,them,5.7075230696798505,5.883879119585688,5.903,6.043,0.19547693032014912,0.15912088041431183,0.17729890536723047,0.918
-t217m2on-s$_$7,14,"often,",5.883879119585688,6.108332274011301,6.184,6.484,0.30012088041431184,0.37566772598869935,0.3378943032015056,0.993
-t217m2on-s$_$7,15,you'll,6.3618535781544265,6.974080155367233,6.884,7.085,0.5221464218455738,0.11091984463276727,0.3165331332391701,0.793
-t217m2on-s$_$7,16,definitely,6.974080155367233,7.326792255178909,7.105,7.745,0.13091984463276773,0.4182077448210908,0.2745637947269297,0.79
-t217m2on-s$_$7,17,need,7.326792255178909,7.775698564030133,7.785,7.925,0.45820774482109083,0.14930143596986678,0.30375459039547925,0.942
-t217m2on-s$_$7,18,to,7.775698564030133,7.936022245762714,7.965,8.025,0.18930143596986682,0.08897775423728671,0.13913959510357632,1.0
-t217m2on-s$_$7,19,see,7.936022245762714,8.064281191148778,8.065,8.226,0.12897775423728586,0.16171880885122292,0.14534828154425483,0.834
-t217m2on-s$_$7,20,a,8.064281191148778,8.224604872881358,8.246,8.286,0.1817188088512225,0.06139512711864192,0.12155696798493132,0.499
-t217m2on-s$_$7,21,physician,8.224604872881358,8.641446445386066,8.326,8.886,0.10139512711864285,0.24455355461393324,0.17297434086628805,0.916
-t217m2on-s$_$7,22,regarding,9.119420903954804,9.827841690207158,9.507,9.947,0.38757909604519547,0.11915830979284081,0.25336870291901814,0.915
-t217m2on-s$_$7,23,those,9.827841690207158,10.05229484463277,9.967,10.148,0.13915830979284216,0.09570515536722901,0.11743173258003647,0.991
-t217m2on-s$_$7,24,"things,",10.05229484463277,10.244683262711867,10.228,10.848,0.17570515536722908,0.6033167372881341,0.38951094632768246,1.0
-t217m2on-s$_$7,25,it,10.337880885122413,10.853913253295671,10.908,10.968,0.5701191148775866,0.11408674670432895,0.34210293079095866,0.996
-t217m2on-s$_$7,26,could,10.853913253295671,11.046301671374767,11.028,11.209,0.17408674670432944,0.1626983286252326,0.1683925376647819,0.878
-t217m2on-s$_$7,27,be,11.046301671374767,11.238690089453863,11.229,11.329,0.18269832862523216,0.09030991054613757,0.13650411958568398,1.0
-t217m2on-s$_$7,28,something,11.238690089453863,11.431078507532959,11.409,11.729,0.17030991054613764,0.29792149246704014,0.23411570150658978,1.0
-t217m2on-s$_$7,29,more,11.431078507532959,11.815855343691151,11.769,11.969,0.33792149246704106,0.15314465630884833,0.2455330743879447,1.0
-t217m2on-s$_$7,30,of,11.815855343691151,11.97617902542373,12.009,12.069,0.19314465630884925,0.09282097457627003,0.14298281544256053,0.747
-t217m2on-s$_$7,31,a,11.97617902542373,12.07237323446328,12.11,12.13,0.13382097457626863,0.05762676553672108,0.09572387005649485,0.996
-t217m2on-s$_$7,32,nasal,12.07237323446328,12.425085334274955,12.21,12.53,0.13762676553672115,0.10491466572504393,0.12127071563088254,0.926
-t217m2on-s$_$7,33,infection,12.425085334274955,12.954153483992469,12.59,13.171,0.16491466572504443,0.21684651600753035,0.1908805908662874,0.946
-t217m2on-s$_$7,34,or,12.954153483992469,13.19463900659134,13.331,13.431,0.3768465160075305,0.23636099340865968,0.3066037547080951,0.843
-t217m2on-s$_$7,35,a,13.19463900659134,13.451156897363468,13.471,13.491,0.2763609934086606,0.03984310263653157,0.15810204802259697,0.975
-t217m2on-s$_$7,36,sinus,13.451156897363468,13.867998469868176,13.571,13.971,0.11984310263653164,0.10300153013182367,0.11142231638417766,0.857
-t217m2on-s$_$7,37,infection,13.867998469868176,14.381034251412432,14.031,14.612,0.16300153013182417,0.23096574858756824,0.1969836393596971,0.919
-t217m2on-s$_$7,38,that,14.666620291902074,15.182652660075332,15.153,15.313,0.4863797080979264,0.1303473399246684,0.3083635240112983,0.991
-t217m2on-s$_$7,39,he,15.182652660075332,15.375041078154428,15.393,15.513,0.21034733992466847,0.13795892184557168,0.17415313088512097,1.0
-t217m2on-s$_$7,40,would,15.375041078154428,15.59949423258004,15.573,15.773,0.19795892184557218,0.17350576741995916,0.18573234463276656,0.886
-t217m2on-s$_$7,41,need,15.59949423258004,15.823947387005653,15.833,15.973,0.23350576741995965,0.1490526129943479,0.1912791902071529,0.868
-t217m2on-s$_$7,42,to,15.823947387005653,15.984271068738233,15.993,16.053,0.16905261299434748,0.06872893126176827,0.11889077212805876,1.0
-t217m2on-s$_$7,43,deal,15.984271068738233,16.112530014124296,16.114,16.314,0.1297289312617682,0.20146998587570408,0.16559945856873703,1.0
-t217m2on-s$_$7,44,with.,16.112530014124296,16.369047904896426,16.354,16.514,0.24146998587570323,0.144952095103573,0.1932110404896381,0.999
-tANM6ETl_M$_$3,0,The,0.24159603658536588,0.5315112804878049,0.534,0.634,0.29240396341463415,0.10248871951219507,0.1974463414634146,0.92
-tANM6ETl_M$_$3,1,first,0.5315112804878049,0.7892137195121952,0.695,0.956,0.163488719512195,0.16678628048780475,0.16513749999999988,0.938
-tANM6ETl_M$_$3,2,place,0.7892137195121952,1.1757673780487807,0.996,1.317,0.20678628048780479,0.14123262195121922,0.17400945121951195,0.938
-tANM6ETl_M$_$3,3,is,1.1757673780487807,1.3690442073170734,1.377,1.457,0.20123262195121927,0.08795579268292664,0.14459420731707295,0.992
-tANM6ETl_M$_$3,4,either,1.3690442073170734,1.4978954268292686,1.558,1.778,0.18895579268292662,0.28010457317073145,0.23453018292682903,0.89
-tANM6ETl_M$_$3,5,you,1.4978954268292686,1.852236280487805,1.839,2.019,0.3411045731707314,0.16676371951219515,0.2539341463414633,0.978
-tANM6ETl_M$_$3,6,have,1.852236280487805,2.0455131097560977,2.059,2.22,0.2067637195121952,0.17448689024390251,0.19062530487804885,0.778
-tANM6ETl_M$_$3,7,a,2.0455131097560977,2.206577134146342,2.26,2.3,0.2144868902439021,0.093422865853658,0.15395487804878005,0.511
-tANM6ETl_M$_$3,8,"prospect,",2.206577134146342,2.5931307926829272,2.361,2.902,0.1544228658536584,0.3088692073170729,0.23164603658536564,0.941
-tANM6ETl_M$_$3,9,or,2.5931307926829272,2.915258841463415,2.963,3.023,0.36986920731707285,0.10774115853658506,0.23880518292682917,0.8
-tANM6ETl_M$_$3,10,a,2.915258841463415,3.011897256097561,3.063,3.083,0.1477411585365851,0.07110274390243898,0.10942195121951204,0.994
-tANM6ETl_M$_$3,11,customer,3.011897256097561,3.4789829268292687,3.143,3.525,0.1311027439024386,0.046017073170731226,0.08855990853658491,0.98
-tANM6ETl_M$_$3,12,who's,3.4789829268292687,3.6239405487804883,3.545,3.725,0.06601707317073124,0.10105945121951176,0.08353826219512173,0.74
-tANM6ETl_M$_$3,13,never,3.6239405487804883,3.897749390243903,3.886,4.187,0.2620594512195118,0.2892506097560972,0.2756550304878047,1.0
-tANM6ETl_M$_$3,14,done,3.897749390243903,4.300409451219513,4.287,4.488,0.3892506097560968,0.18759054878048786,0.28842057926829234,0.897
-tANM6ETl_M$_$3,15,it,4.300409451219513,4.493686280487806,4.528,4.588,0.227590548780487,0.09431371951219436,0.16095213414634024,0.997
-tANM6ETl_M$_$3,16,"before,",4.493686280487806,4.848027134146342,4.649,5.11,0.1553137195121943,0.2619728658536582,0.20864329268292625,0.915
-tANM6ETl_M$_$3,18,they've,5.009091158536586,5.2667935975609765,5.13,5.331,0.12090884146341363,0.06420640243902387,0.09255762195121875,0.972
-tANM6ETl_M$_$3,19,never,5.2667935975609765,5.427857621951221,5.431,5.652,0.1642064024390235,0.22414237804877946,0.19417439024390148,0.906
-tANM6ETl_M$_$3,20,tried,5.427857621951221,5.749985670731708,5.712,5.993,0.28414237804877907,0.24301432926829225,0.2635783536585352,1.0
-tANM6ETl_M$_$3,21,it.,5.749985670731708,6.039900914634147,6.054,6.114,0.3040143292682922,0.07409908536585252,0.18905670731707191,0.986
-tPCytz4rww$_$10,0,Say,0.25814137931034487,0.5646842672413794,0.584,0.745,0.3258586206896551,0.18031573275862056,0.25308717672413783,0.903
-tPCytz4rww$_$10,3,so,1.2423053879310346,1.597249784482759,1.568,1.788,0.32569461206896544,0.19075021551724114,0.2582224137931034,1.0
-tPCytz4rww$_$10,4,if,1.597249784482759,1.9037926724137932,1.949,2.009,0.35175021551724117,0.10520732758620666,0.2284787715517239,0.996
-tPCytz4rww$_$10,5,you've,1.9037926724137932,2.1458002155172418,2.049,2.21,0.1452073275862067,0.0641997844827582,0.10470355603448245,0.909
-tPCytz4rww$_$10,6,got,2.1458002155172418,2.242603232758621,2.23,2.351,0.08419978448275822,0.10839676724137881,0.09629827586206852,0.85
-tPCytz4rww$_$10,7,a,2.242603232758621,2.3716739224137933,2.371,2.411,0.12839676724137883,0.039326077586206765,0.08386142241379257,0.494
-tPCytz4rww$_$10,8,thousand,2.3716739224137933,2.500744612068966,2.451,2.792,0.0793260775862068,0.291255387931034,0.1852907327586204,0.894
-tPCytz4rww$_$10,9,square,2.500744612068966,2.85568900862069,2.812,3.053,0.311255387931034,0.19731099137931007,0.25428318965517227,0.888
-tPCytz4rww$_$10,10,foot,2.85568900862069,3.113830387931035,3.093,3.314,0.2373109913793101,0.2001696120689651,0.2187403017241376,0.98
-tPCytz4rww$_$10,11,condo.,3.2107823275862075,3.9527898706896556,3.675,4.117,0.4642176724137923,0.1642101293103444,0.31421390086206813,0.996
-tPCytz4rww$_$11,0,Make,0.20934524700598803,0.46700093562874256,0.502,0.662,0.292654752994012,0.19499906437125747,0.24382690868263474,0.991
-tPCytz4rww$_$11,1,sure,0.46700093562874256,0.6924496631736528,0.702,0.863,0.2349990643712574,0.17055033682634724,0.20277470059880232,0.876
-tPCytz4rww$_$11,2,that,0.6924496631736528,0.9178983907185629,0.903,1.004,0.21055033682634727,0.08610160928143706,0.14832597305389217,0.948
-tPCytz4rww$_$11,4,using,1.0467262350299402,1.4010028068862277,1.305,1.505,0.2582737649700597,0.1039971931137722,0.18113547904191585,0.954
-tPCytz4rww$_$11,5,comps,1.4010028068862277,1.8196933008982037,1.545,1.887,0.14399719311377224,0.06730669910179632,0.10565194610778428,0.925
-tPCytz4rww$_$11,6,that,1.8196933008982037,1.948521145209581,1.927,2.047,0.10730669910179635,0.09847885479041918,0.10289277694610766,0.999
-tPCytz4rww$_$11,7,are,1.948521145209581,2.0773489895209583,2.087,2.348,0.13847885479041921,0.2706510104790416,0.20456493263473052,0.833
-tPCytz4rww$_$11,10,no,2.7206961077844314,3.2367995883233536,3.251,3.352,0.5303038922155685,0.1152004116766463,0.3227521519461076,0.992
-tPCytz4rww$_$11,11,larger,3.2367995883233536,3.4300413547904194,3.392,3.713,0.15520041167664633,0.2829586452095807,0.21907952844311374,0.967
-tPCytz4rww$_$11,12,than,3.4300413547904194,3.7843179266467066,3.753,3.894,0.32295864520958073,0.1096820733532935,0.2163203592814371,0.916
-tPCytz4rww$_$11,15,square,4.2030084206586835,4.476767589820359,4.436,4.656,0.23299157934131642,0.1792324101796403,0.2061119947604788,0.905
-tPCytz4rww$_$11,16,feet.,4.476767589820359,4.686112836826348,4.697,4.877,0.22023241017964068,0.1908871631736515,0.20555978667664565,0.906
-tPCytz4rww$_$12,0,No,0.24049564549180327,0.5290904200819673,0.541,0.661,0.3005043545081968,0.13190957991803276,0.21620696721311478,0.837
-tPCytz4rww$_$12,1,less,0.5290904200819673,0.7856191086065574,0.701,0.881,0.17190957991803268,0.09538089139344264,0.13364523565573766,0.911
-tPCytz4rww$_$12,2,than,0.7856191086065574,0.9459495389344261,0.941,1.502,0.15538089139344258,0.5560504610655739,0.3557156762295082,0.904
-tPCytz4rww$_$12,6,feet,1.811733862704918,2.0361964651639344,2.063,2.243,0.2512661372950822,0.2068035348360655,0.22903483606557384,1.0
-tPCytz4rww$_$12,8,going,2.5492538422131146,2.67751818647541,2.664,2.764,0.11474615778688557,0.08648181352458995,0.10061398565573798,0.888
-tPCytz4rww$_$12,9,to,2.67751818647541,2.7416503586065573,2.784,2.824,0.10648181352458996,0.08234964139344259,0.09441572745901627,0.554
-tPCytz4rww$_$12,12,similar,4.406111168032787,4.922144211065573,2.964,5.447,1.442111168032787,0.5248557889344267,0.4586276895491799,0.88
-tPCytz4rww$_$12,13,with,5.079498975409836,5.595532018442622,5.588,5.768,0.5085010245901644,0.17246798155737775,0.3404845030737711,0.984
-tPCytz4rww$_$12,14,bedrooms,5.595532018442622,6.204787653688525,5.908,6.269,0.3124679815573783,0.06421234631147499,0.18834016393442665,0.918
-tPCytz4rww$_$12,15,and,6.204787653688525,6.300985911885245,6.289,6.369,0.08421234631147456,0.0680140881147544,0.07611321721311448,0.901
-tPCytz4rww$_$12,16,bathrooms,6.300985911885245,6.8140432889344265,6.409,6.889,0.10801408811475444,0.07495671106557378,0.09148539959016411,0.852
-tPCytz4rww$_$12,17,as,6.8140432889344265,6.942307633196721,6.949,7.03,0.1349567110655734,0.08769236680327896,0.11132453893442618,0.752
-tPCytz4rww$_$12,18,well,6.942307633196721,7.102638063524591,7.09,7.31,0.14769236680327857,0.2073619364754089,0.17752715163934374,0.8
-tPCytz4rww$_$12,19,and,7.227926741803278,7.743959784836065,7.931,8.071,0.7030732581967216,0.3270402151639349,0.5150567366803283,0.924
-tPCytz4rww$_$12,20,hopefully,7.901314549180327,8.673876280737705,8.431,8.772,0.529685450819672,0.09812371926229524,0.3139045850409836,0.942
-tPCytz4rww$_$12,21,the,8.673876280737705,9.122801485655739,9.132,9.293,0.45812371926229467,0.1701985143442606,0.31416111680327763,0.925
-tPCytz4rww$_$12,22,complexes,9.122801485655739,9.860321465163935,9.393,9.893,0.270198514344262,0.032678534836065865,0.15143852459016394,0.974
-tPCytz4rww$_$12,23,have,9.860321465163935,9.956519723360655,9.954,10.094,0.09367853483606581,0.13748027663934437,0.1155794057377042,0.907
-tPCytz4rww$_$12,24,similar,9.956519723360655,10.180982325819672,10.174,10.534,0.21748027663934444,0.3530176741803288,0.2852489754098366,0.93
-tPCytz4rww$_$12,25,amenities.,10.180982325819672,11.078832735655737,10.614,11.135,0.4330176741803289,0.056167264344262335,0.2445924692622965,0.958
-tPCytz4rww$_$16,0,So,0.257268018018018,0.5627737894144145,0.583,0.824,0.32573198198198194,0.2612262105855855,0.2934790962837837,0.91
-tPCytz4rww$_$16,1,make,0.5627737894144145,0.9486758164414415,0.944,1.125,0.3812262105855855,0.1763241835585585,0.278775197072072,0.953
-tPCytz4rww$_$16,2,sure,0.9486758164414415,1.1737853322072072,1.165,1.385,0.21632418355855854,0.21121466779279285,0.2137694256756758,0.896
-tPCytz4rww$_$16,3,to,1.1737853322072072,1.4632118524774773,1.465,1.766,0.2912146677927929,0.3027881475225227,0.2970014076576578,0.918
-tPCytz4rww$_$16,4,get,1.4632118524774773,1.913430884009009,1.907,2.047,0.4437881475225227,0.13356911599099108,0.2886786317567569,0.939
-tPCytz4rww$_$16,5,a,1.913430884009009,2.042064893018018,2.087,2.107,0.17356911599099112,0.06493510698198213,0.11925211148648662,0.985
-tPCytz4rww$_$16,7,or,2.4907407094594594,3.0068199605855854,4.132,4.212,1.6412592905405403,1.2051800394144143,1.423219664977477,0.67
-tPCytz4rww$_$16,8,to,3.744922297297297,4.261001548423423,4.272,4.372,0.5270777027027034,0.1109984515765765,0.3190380771396404,0.856
-tPCytz4rww$_$16,9,do,4.261001548423423,4.421794059684684,4.433,4.593,0.17199845157657645,0.17120594031531589,0.17160219594594572,0.877
-tPCytz4rww$_$16,10,a,4.421794059684684,4.614745073198199,4.633,4.673,0.21120594031531592,0.05825492680180133,0.13473043355855863,0.477
-tPCytz4rww$_$16,12,cleaning,4.807696086711712,5.450866131756756,5.174,5.575,0.3663039132882888,0.12413386824324402,0.24521889076576642,0.96
-tPCytz4rww$_$16,13,of,5.450866131756756,5.8046096565315315,5.856,5.956,0.4051338682432437,0.1513903434684689,0.27826210585585676,0.833
-tPCytz4rww$_$16,14,the,5.8046096565315315,6.029719172297297,6.016,6.097,0.21139034346846852,0.06728082770270305,0.13933558558558579,0.998
-tPCytz4rww$_$16,15,property.,6.029719172297297,6.190511683558558,6.137,6.558,0.1072808277027022,0.36748831644144175,0.23738457207207153,0.938
-tPCytz4rww$_$18,0,Do,0.22540042892156864,0.499100949754902,0.523,0.703,0.2975995710784314,0.20389905024509797,0.25074931066176465,0.878
-tPCytz4rww$_$18,1,so,0.499100949754902,0.7728014705882353,0.763,0.983,0.263899050245098,0.21019852941176465,0.23704878982843136,1.0
-tPCytz4rww$_$18,2,and,0.9168026960784315,1.4329027267156864,1.524,1.644,0.6071973039215686,0.2110972732843135,0.4091472886029409,0.985
-tPCytz4rww$_$18,3,as,1.4329027267156864,1.6905032169117649,1.704,1.764,0.27109727328431354,0.07349678308823515,0.17229702818627435,1.0
-tPCytz4rww$_$18,4,well,1.6905032169117649,1.8515035232843138,1.824,2.084,0.1334967830882352,0.2324964767156863,0.18299662990196086,0.771
-tPCytz4rww$_$18,5,you'll,2.0438048406862745,2.688705116421569,2.565,2.785,0.5211951593137254,0.09629488357843119,0.30874502144607807,0.945
-tPCytz4rww$_$18,6,also,2.688705116421569,2.9141055453431375,2.825,3.065,0.13629488357843123,0.15089445465686246,0.14359466911764662,0.918
-tPCytz4rww$_$18,7,want,2.9141055453431375,3.139505974264706,3.145,3.346,0.23089445465686254,0.20649402573529407,0.21869424019607853,0.948
-tPCytz4rww$_$18,8,to,3.139505974264706,3.4293065257352944,3.386,3.566,0.2464940257352941,0.13669347426470546,0.19159375,1.0
-tPCytz4rww$_$18,9,remove,3.4293065257352944,3.815707261029412,3.666,3.966,0.23669347426470555,0.15029273897058815,0.19349310661764663,0.842
-tPCytz4rww$_$18,10,any,3.815707261029412,4.008907628676471,4.006,4.126,0.19029273897058818,0.11709237132352968,0.15369255514705893,1.0
-tPCytz4rww$_$18,11,clutter,4.008907628676471,4.427508425245098,4.186,4.527,0.17709237132352929,0.09949157475490189,0.1382919730392156,0.995
-tPCytz4rww$_$18,12,from,4.427508425245098,4.620708792892158,4.587,4.707,0.1594915747549015,0.0862912071078421,0.12289139093137136,1.0
-tPCytz4rww$_$18,13,that,4.620708792892158,5.0393095894607844,5.027,5.127,0.4062912071078424,0.08769041053921534,0.2469908088235293,0.894
-tPCytz4rww$_$18,14,you've,5.0393095894607844,5.280810049019609,5.168,5.348,0.1286904105392157,0.06718995098039127,0.09794018075980393,0.756
-tPCytz4rww$_$18,15,accumulated.,5.280810049019609,5.9409113051470595,5.368,5.988,0.08718995098039173,0.04708869485294098,0.06713932291666636,0.954
-uywlfIYOS8$_$4,0,And,0.560530737704918,1.0765993852459017,1.104,1.164,0.5434692622950821,0.08740061475409822,0.31543493852459015,0.332
-uywlfIYOS8$_$4,1,then,1.0765993852459017,1.2051485655737704,1.184,1.305,0.10740061475409823,0.09985143442622957,0.1036260245901639,0.975
-uywlfIYOS8$_$4,2,from,1.2051485655737704,1.3658350409836064,1.365,1.485,0.15985143442622962,0.11916495901639368,0.13950819672131165,1.0
-uywlfIYOS8$_$4,3,a,1.3658350409836064,1.4943842213114755,1.525,1.566,0.1591649590163935,0.07161577868852453,0.11539036885245901,0.609
-uywlfIYOS8$_$4,4,brand,1.4943842213114755,1.6872079918032787,1.646,2.067,0.15161577868852438,0.37979200819672143,0.2657038934426228,0.943
-uywlfIYOS8$_$4,5,point,1.6872079918032787,2.104992827868853,2.108,2.328,0.42079200819672136,0.22300717213114707,0.3218995901639343,0.983
-uywlfIYOS8$_$4,6,of,2.104992827868853,2.3299538934426227,2.368,2.429,0.2630071721311471,0.09904610655737711,0.1810266393442621,0.998
-uywlfIYOS8$_$4,7,"view,",2.3299538934426227,2.458503073770492,2.449,2.609,0.11904610655737713,0.15049692622950817,0.13477151639344243,1.0
-uywlfIYOS8$_$4,8,we,2.458503073770492,2.6513268442622953,2.649,2.75,0.1904969262295082,0.09867315573770474,0.14458504098360647,1.0
-uywlfIYOS8$_$4,9,need,2.6513268442622953,2.8441506147540982,2.85,3.031,0.19867315573770483,0.1868493852459019,0.19276127049180314,0.95
-uywlfIYOS8$_$4,10,to,2.8441506147540982,3.069111680327869,3.071,3.131,0.22684938524590192,0.06188831967213071,0.14436885245901632,1.0
-uywlfIYOS8$_$4,11,make,3.069111680327869,3.1976608606557377,3.191,3.352,0.12188831967213076,0.15433913934426213,0.13811372950819645,0.939
-uywlfIYOS8$_$4,12,sure,3.1976608606557377,3.390484631147541,3.392,3.533,0.19433913934426217,0.14251536885245875,0.16842725409836046,1.0
-uywlfIYOS8$_$4,13,we're,3.390484631147541,3.7922008196721313,3.693,3.874,0.3025153688524589,0.08179918032786881,0.19215727459016385,0.802
-uywlfIYOS8$_$4,14,driving,3.7922008196721313,3.9046813524590167,3.914,4.215,0.12179918032786885,0.31031864754098315,0.216058913934426,0.903
-uywlfIYOS8$_$4,15,the,3.9046813524590167,4.226054303278689,4.235,4.315,0.3303186475409836,0.08894569672131158,0.2096321721311476,0.966
-uywlfIYOS8$_$4,16,relevant,4.226054303278689,4.643839139344262,4.376,4.737,0.14994569672131153,0.09316086065573792,0.12155327868852472,0.932
-vxjVxOeScU$_$4,3,talk,0.6914478425266903,0.8522496663701067,0.843,1.104,0.15155215747330963,0.2517503336298934,0.20165124555160152,0.963
-vxjVxOeScU$_$4,4,about,0.8522496663701067,1.238174043594306,1.144,1.605,0.2917503336298932,0.36682595640569393,0.32928814501779347,0.835
-vxjVxOeScU$_$4,5,their,1.36530115658363,1.8813813389679717,1.865,2.065,0.49969884341637005,0.18361866103202829,0.3416587522241993,1.0
-vxjVxOeScU$_$4,6,"life,",1.8813813389679717,2.202984986654804,2.186,2.626,0.3046186610320283,0.423015013345196,0.3638168371886119,0.839
-vxjVxOeScU$_$4,8,marriage,2.942673376334519,3.232116659252669,3.227,3.788,0.28432662366548067,0.5558833407473309,0.4201049822064058,0.954
-wMB_hJL-3o$_$7,0,So,0.27307678091397847,0.5943435819892473,0.614,0.935,0.3409232190860215,0.34065641801075275,0.34078981854838714,0.9
-wMB_hJL-3o$_$7,1,if,0.5943435819892473,1.0441171034946235,1.095,1.175,0.5006564180107527,0.13088289650537654,0.3157696572580646,1.0
-wMB_hJL-3o$_$7,2,you,1.0441171034946235,1.1726238239247313,1.215,1.315,0.17088289650537658,0.14237617607526865,0.1566295362903226,0.894
-wMB_hJL-3o$_$7,3,have,1.1726238239247313,1.3332572244623657,1.355,1.475,0.18237617607526868,0.14174277553763437,0.16205947580645153,0.875
-wMB_hJL-3o$_$7,4,a,1.3332572244623657,1.461763944892473,1.496,1.536,0.16274277553763428,0.07423605510752695,0.11848941532258062,0.497
-wMB_hJL-3o$_$7,5,loved,1.461763944892473,1.5902706653225804,1.596,1.816,0.134236055107527,0.22572933467741962,0.17998269489247332,0.9
-wMB_hJL-3o$_$7,6,one,1.5902706653225804,1.8472841061827956,1.896,1.976,0.3057293346774195,0.12871589381720439,0.21722261424731193,1.0
-wMB_hJL-3o$_$7,7,who,1.8472841061827956,2.0400441868279566,2.036,2.137,0.18871589381720444,0.09695581317204338,0.1428358534946239,1.0
-wMB_hJL-3o$_$7,8,is,2.0400441868279566,2.1685509072580644,2.197,2.257,0.15695581317204343,0.08844909274193569,0.12270245295698934,0.998
-wMB_hJL-3o$_$7,9,depressed,2.1685509072580644,2.7468311491935484,2.297,2.918,0.12844909274193572,0.17116885080645172,0.14980897177419394,0.948
-wMB_hJL-3o$_$7,10,those,2.8411747311827957,3.357238071236559,3.258,3.459,0.4168252688172043,0.10176192876344103,0.25929359879032243,0.8
-wMB_hJL-3o$_$7,11,are,3.357238071236559,3.45361811155914,3.499,3.559,0.14176192876344107,0.10538188844086038,0.12357190860215073,1.0
-wMB_hJL-3o$_$7,12,some,3.45361811155914,3.614251512096774,3.599,3.739,0.14538188844086042,0.12474848790322568,0.13506518817204283,0.876
-wMB_hJL-3o$_$7,13,of,3.614251512096774,3.7427582325268816,3.779,3.839,0.16474848790322572,0.09624176747311841,0.13049512768817206,1.0
-wMB_hJL-3o$_$7,14,the,3.7427582325268816,3.871264952956989,3.859,3.939,0.11624176747311843,0.06773504704301114,0.09198840725806479,0.833
-wMB_hJL-3o$_$7,15,things,3.871264952956989,4.031898353494624,3.979,4.22,0.10773504704301118,0.18810164650537597,0.14791834677419358,0.879
-wMB_hJL-3o$_$7,16,that,4.031898353494624,4.256785114247311,4.24,4.34,0.20810164650537644,0.08321488575268887,0.14565826612903265,0.968
-wMB_hJL-3o$_$7,17,you,4.256785114247311,4.385291834677419,4.38,4.48,0.12321488575268891,0.0947081653225812,0.10896152553763505,0.838
-wMB_hJL-3o$_$7,18,should,4.385291834677419,4.545925235215053,4.52,4.68,0.13470816532258034,0.1340747647849465,0.13439146505376343,0.918
-wMB_hJL-3o$_$7,19,think,4.545925235215053,4.738685315860215,4.721,4.881,0.17507476478494688,0.14231468413978554,0.1586947244623662,1.0
-wMB_hJL-3o$_$7,20,about,4.738685315860215,4.995698756720429,4.921,5.141,0.18231468413978558,0.1453012432795706,0.1638079637096781,0.934
-wMB_hJL-3o$_$7,21,doing.,4.995698756720429,5.220585517473118,5.181,5.482,0.18530124327957065,0.2614144825268818,0.22335786290322623,0.968
-wny0OAz3g8$_$0,0,trade,0.12966336633663367,0.307950495049505,0.354,0.515,0.2243366336633663,0.207049504950495,0.21569306930693066,0.337
-wny0OAz3g8$_$0,1,labor,0.307950495049505,0.5024455445544554,0.535,0.737,0.22704950495049503,0.23455445544554454,0.23080198019801978,0.879
-wny0OAz3g8$_$0,2,unions,0.5024455445544554,1.0210990099009902,0.817,1.059,0.3145544554455445,0.03790099009900971,0.17622772277227705,0.945
-wny0OAz3g8$_$0,4,allow,1.3290495049504951,1.539752475247525,1.441,1.703,0.11195049504950494,0.16324752475247517,0.13759900990099005,0.933
-wny0OAz3g8$_$0,5,Black,1.539752475247525,1.799079207920792,1.764,1.985,0.2242475247524751,0.18592079207920809,0.2050841584158416,0.909
-wny0OAz3g8$_$0,6,workers,1.799079207920792,2.2529009900990102,2.005,2.307,0.20592079207920788,0.0540990099009897,0.13000990099009901,1.0
-wny0OAz3g8$_$0,7,to,2.2529009900990102,2.3825643564356436,2.348,2.428,0.09509900990098963,0.045435643564356365,0.07026732673267322,1.0
-wny0OAz3g8$_$0,8,join,2.3825643564356436,2.5122277227722773,2.489,2.75,0.10643564356435631,0.23777227722772265,0.17210396039603948,0.986
-wny0OAz3g8$_$1,0,And,0.22481486966824643,0.4978043542654028,0.541,0.622,0.3161851303317536,0.12419564573459718,0.22019038803317537,1.0
-wny0OAz3g8$_$1,1,because,0.4978043542654028,0.8510848637440758,0.662,0.922,0.16419564573459722,0.07091513625592427,0.11755539099526069,1.0
-wny0OAz3g8$_$1,2,they,0.8510848637440758,0.9795505035545022,0.962,1.063,0.1109151362559242,0.0834494964454977,0.09718231635071095,1.0
-wny0OAz3g8$_$1,4,join,1.268598193127962,1.3649474229857819,1.363,1.564,0.09440180687203803,0.1990525770142182,0.1467271919431281,0.938
-wny0OAz3g8$_$1,5,"unions,",1.3649474229857819,1.9430428021327013,1.684,2.025,0.3190525770142181,0.0819571978672986,0.20050488744075834,0.999
-wny0OAz3g8$_$1,6,many,1.9430428021327013,2.1357412618483407,2.165,2.326,0.22195719786729873,0.1902587381516594,0.20610796800947928,1.0
-wny0OAz3g8$_$1,7,Black,2.1357412618483407,2.3605561315165877,2.366,2.566,0.23025873815165943,0.20544386848341212,0.21785130331753577,1.0
-wny0OAz3g8$_$1,8,workers,2.3605561315165877,2.81018587085308,2.586,2.887,0.22544386848341214,0.07681412914691998,0.15112899881516606,1.0
-wny0OAz3g8$_$1,10,get,3.1474081753554497,3.259815610189573,3.248,3.348,0.10059182464455052,0.08818438981042664,0.09438810722748858,1.0
-wny0OAz3g8$_$1,11,manufacturing,3.259815610189573,3.9342602191943126,3.409,4.01,0.1491843898104266,0.07573978080568722,0.1124620853080569,0.962
-wny0OAz3g8$_$1,12,or,3.9342602191943126,4.0306094490521325,4.05,4.11,0.11573978080568725,0.07939055094786784,0.09756516587677755,0.752
-wny0OAz3g8$_$1,13,trade,4.0306094490521325,4.159075088862559,4.15,4.391,0.11939055094786788,0.2319249111374413,0.17565773104265503,0.804
-wny0OAz3g8$_$1,14,work,4.159075088862559,4.416006368483412,4.411,4.612,0.25192491113744087,0.195993631516588,0.22395927132701487,0.842
-wny0OAz3g8$_$1,16,which,4.416006368483412,4.672937648104265,4.672,4.812,0.2559936315165876,0.13906235189573568,0.19752799170616164,0.909
-wny0OAz3g8$_$1,17,paid,4.672937648104265,4.897752517772512,4.872,5.073,0.1990623518957353,0.17524748222748876,0.18715491706161203,0.919
-wny0OAz3g8$_$1,18,much,4.897752517772512,5.154683797393364,5.153,5.333,0.25524748222748794,0.17831620260663605,0.216781842417062,1.0
-wny0OAz3g8$_$1,19,better,5.154683797393364,5.411615077014217,5.394,5.594,0.239316202606636,0.18238492298578368,0.21085056279620984,1.0
-wny0OAz3g8$_$1,20,than,5.411615077014217,5.668546356635071,5.634,5.754,0.22238492298578372,0.08545364336492867,0.1539192831753562,0.876
-wny0OAz3g8$_$1,21,service,5.668546356635071,5.797011996445496,5.774,6.075,0.10545364336492913,0.2779880035545039,0.19172082345971653,0.931
-wny0OAz3g8$_$1,22,work,5.797011996445496,6.118176095971563,6.115,6.296,0.31798800355450396,0.17782390402843706,0.2479059537914705,0.996
-wny0OAz3g8$_$2,0,And,0.22492025862068965,0.4980377155172414,0.544,0.624,0.3190797413793104,0.1259622844827586,0.2225210129310345,0.896
-wny0OAz3g8$_$2,1,because,0.4980377155172414,0.8514838362068966,0.664,0.965,0.16596228448275863,0.11351616379310336,0.13973922413793094,0.928
-wny0OAz3g8$_$2,2,they,0.8514838362068966,0.9800096982758622,1.005,1.106,0.1535161637931033,0.12599030172413794,0.13975323275862062,0.88
-wny0OAz3g8$_$2,4,get,1.301324353448276,1.3655872844827586,1.366,1.467,0.0646756465517242,0.10141271551724151,0.08304418103448286,0.833
-wny0OAz3g8$_$2,5,these,1.3655872844827586,1.5262446120689654,1.487,1.627,0.12141271551724153,0.10075538793103456,0.11108405172413793,1.0
-wny0OAz3g8$_$2,6,"jobs,",1.5262446120689654,1.976085129310345,1.687,2.169,0.1607553879310346,0.19291487068965507,0.17683512931034484,1.0
-wny0OAz3g8$_$2,7,Black,1.976085129310345,2.2010053879310343,2.209,2.41,0.2329148706896551,0.20899461206896586,0.22095474137931048,0.897
-wny0OAz3g8$_$2,8,communities,2.2010053879310343,2.747240301724138,2.43,2.791,0.22899461206896587,0.043759698275862124,0.136377155172414,0.944
-wny0OAz3g8$_$2,9,had,2.747240301724138,2.811503232758621,2.831,2.911,0.08375969827586216,0.09949676724137912,0.09162823275862086,1.0
-wny0OAz3g8$_$2,10,more,2.811503232758621,2.9721605603448276,2.972,3.132,0.16049676724137907,0.15983943965517255,0.1601681034482758,0.87
-wny0OAz3g8$_$2,11,men,2.9721605603448276,3.164949353448276,3.172,3.273,0.1998394396551726,0.10805064655172414,0.15394504310344814,1.0
-wny0OAz3g8$_$2,12,out,3.164949353448276,3.2934752155172413,3.313,3.393,0.14805064655172417,0.09952478448275848,0.12378771551724133,1.0
-wny0OAz3g8$_$2,13,of,3.2934752155172413,3.4059353448275864,3.413,3.473,0.1195247844827585,0.06706465517241345,0.09329471982758597,1.0
-wny0OAz3g8$_$2,14,"work,",3.4059353448275864,3.518395474137931,3.513,3.714,0.10706465517241348,0.1956045258620689,0.1513345905172414,0.8
-wny0OAz3g8$_$2,15,higher,3.518395474137931,3.96823599137931,3.995,4.196,0.47660452586206903,0.22776400862068957,0.3521842672413791,0.865
-wny0OAz3g8$_$2,16,rates,3.96823599137931,4.337747844827586,4.236,4.396,0.2677640086206896,0.058252155172414,0.16300808189655225,0.885
-wny0OAz3g8$_$2,17,of,4.337747844827586,4.41807650862069,4.416,4.476,0.07825215517241446,0.0579234913793103,0.06808782327586238,1.0
-wny0OAz3g8$_$2,18,"poverty,",4.41807650862069,4.546602370689655,4.517,4.878,0.09892349137931067,0.3313976293103451,0.2151605603448279,0.875
-wny0OAz3g8$_$2,19,and,4.546602370689655,4.932179956896551,4.978,5.058,0.43139762931034475,0.12582004310344885,0.2786088362068968,0.834
-wny0OAz3g8$_$2,20,more,4.932179956896551,5.0928372844827585,5.098,5.239,0.1658200431034489,0.14616271551724136,0.15599137931034512,0.875
-wny0OAz3g8$_$2,21,criminal,5.0928372844827585,5.2856260775862065,5.279,5.6,0.1861627155172414,0.31437392241379314,0.25026831896551727,0.919
-wny0OAz3g8$_$2,22,behavior,5.2856260775862065,5.896123922413793,5.62,6.041,0.3343739224137936,0.14487607758620769,0.23962500000000064,0.966
-wny0OAz3g8$_$3,0,Which,0.2407845394736842,0.5297259868421053,0.544,0.664,0.30321546052631587,0.13427401315789478,0.21874473684210533,1.0
-wny0OAz3g8$_$3,1,then,0.5297259868421053,0.7544582236842104,0.744,0.885,0.21427401315789474,0.13054177631578956,0.17240789473684215,0.91
-wny0OAz3g8$_$3,2,allowed,0.7544582236842104,1.0112950657894735,0.925,1.165,0.1705417763157896,0.15370493421052656,0.16212335526315813,0.929
-wny0OAz3g8$_$3,3,the,1.0112950657894735,1.171818092105263,1.185,1.246,0.17370493421052657,0.074181907894737,0.12394342105263179,1.0
-wny0OAz3g8$_$3,4,white,1.171818092105263,1.2841842105263157,1.286,1.446,0.11418190789473703,0.16181578947368425,0.13799884868421064,0.905
-wny0OAz3g8$_$3,5,workers,1.2841842105263157,1.6854917763157893,1.486,1.767,0.20181578947368428,0.08150822368421062,0.14166200657894745,0.892
-wny0OAz3g8$_$3,6,and,1.6854917763157893,1.781805592105263,1.807,1.868,0.12150822368421066,0.0861944078947372,0.10385131578947393,0.564
-wny0OAz3g8$_$3,7,unions,1.781805592105263,2.13495625,1.948,2.209,0.16619440789473705,0.07404374999999996,0.12011907894736851,0.92
-wny0OAz3g8$_$3,8,to,2.13495625,2.2633746710526315,2.249,2.329,0.11404375,0.06562532894736872,0.08983453947368458,1.0
-wny0OAz3g8$_$3,9,justify,2.2633746710526315,2.4881069078947364,2.389,2.83,0.12562532894736833,0.34189309210526364,0.23375921052631576,0.952
-wny0OAz3g8$_$3,10,their,2.4881069078947364,2.8733621710526314,2.87,2.991,0.3818930921052637,0.11763782894736874,0.24976546052631643,0.916
-wny0OAz3g8$_$3,11,decision,2.8733621710526314,3.146251315789473,3.031,3.352,0.15763782894736877,0.20574868421052672,0.18169325657894797,0.897
-wny0OAz3g8$_$3,12,to,3.146251315789473,3.3870358552631576,3.372,3.452,0.22574868421052674,0.06496414473684231,0.1453564144736843,0.754
-wny0OAz3g8$_$3,13,not,3.3870358552631576,3.547558881578947,3.532,3.713,0.14496414473684238,0.1654411184210529,0.15520263157894787,0.758
-wny0OAz3g8$_$3,14,allow,3.547558881578947,3.836500328947368,3.753,3.994,0.20544111842105295,0.15749967105263218,0.18147039473684257,0.961
-wny0OAz3g8$_$3,15,black,3.836500328947368,4.0612325657894734,4.034,4.275,0.19749967105263178,0.2137674342105269,0.20563355263157934,0.94
-wny0OAz3g8$_$3,16,workers,4.0612325657894734,4.57490625,4.315,4.656,0.25376743421052694,0.08109374999999996,0.1674305921052639,1.0
-wny0OAz3g8$_$3,17,into,4.57490625,4.928056907894737,4.856,5.037,0.28109375000000014,0.10894309210526298,0.19501842105263156,1.0
-wny0OAz3g8$_$3,18,their,4.928056907894737,5.056475328947368,5.057,5.197,0.12894309210526345,0.14052467105263222,0.13473388157894783,0.992
-wny0OAz3g8$_$3,19,union,5.056475328947368,5.249102960526315,5.338,5.599,0.28152467105263224,0.3498970394736851,0.3157108552631587,1.0
-wny0OAz3g8$_$5,0,This,0.2568166666666667,0.5938885416666667,0.584,0.724,0.32718333333333327,0.13011145833333326,0.22864739583333327,0.999
-wny0OAz3g8$_$5,1,is,0.5938885416666667,0.7543989583333335,0.784,0.844,0.19011145833333332,0.08960104166666649,0.13985624999999996,0.771
-wny0OAz3g8$_$5,3,now,0.9951645833333335,1.1075218750000002,1.105,1.246,0.10983541666666652,0.13847812499999979,0.1241567708333331,0.918
-wny0OAz3g8$_$5,4,known,1.1075218750000002,1.3322364583333335,1.306,1.506,0.19847812499999984,0.17376354166666652,0.18612083333333318,0.9
-wny0OAz3g8$_$5,5,as,1.3322364583333335,1.5569510416666668,1.566,1.647,0.23376354166666657,0.09004895833333326,0.16190624999999992,0.75
-wny0OAz3g8$_$5,6,racial,1.5569510416666668,1.8619208333333335,1.727,2.008,0.17004895833333333,0.14607916666666654,0.15806406249999994,0.802
-wny0OAz3g8$_$5,7,formation,1.8619208333333335,2.3274010416666666,2.048,2.489,0.18607916666666657,0.16159895833333326,0.17383906249999992,0.973
-wny0OAz3g8$_$5,8,"theory,",2.3274010416666666,2.7126260416666668,2.549,2.81,0.22159895833333332,0.09737395833333329,0.1594864583333333,0.857
-wny0OAz3g8$_$5,9,a,2.7126260416666668,3.0336468750000005,3.091,3.131,0.3783739583333334,0.09735312499999926,0.23786354166666634,0.998
-wny0OAz3g8$_$5,10,theory,3.0336468750000005,3.3065145833333336,3.171,3.392,0.1373531249999993,0.08548541666666631,0.1114192708333328,1.0
-wny0OAz3g8$_$5,11,formalized,3.3065145833333336,3.8040968750000004,3.432,3.913,0.12548541666666635,0.10890312499999943,0.11719427083333267,0.949
-wny0OAz3g8$_$5,12,by,3.8040968750000004,3.9325052083333336,3.953,4.033,0.14890312499999947,0.10049479166666675,0.12469895833333289,0.75
-wny0OAz3g8$_$5,13,modern,3.9325052083333336,4.0930156250000005,4.094,4.354,0.1614947916666667,0.2609843749999996,0.2112395833333327,0.921
-wny0OAz3g8$_$5,14,sociologists,4.0930156250000005,4.895567708333334,4.374,4.936,0.2809843749999992,0.040432291666665954,0.16070833333333256,0.901
-wny0OAz3g8$_$5,15,Michael,4.895567708333334,4.959771875,4.976,5.197,0.08043229166666599,0.23722812499999968,0.15883020833333283,0.904
-wny0OAz3g8$_$5,16,Omi,4.959771875,5.377098958333334,5.277,5.497,0.31722812499999975,0.11990104166666615,0.21856458333333295,0.825
-wny0OAz3g8$_$5,17,and,5.377098958333334,5.537609375000001,5.558,5.638,0.1809010416666661,0.10039062499999929,0.14064583333333314,0.998
-wny0OAz3g8$_$5,18,Howard,5.537609375000001,5.794426041666667,5.678,5.899,0.14039062499999932,0.10457395833333294,0.12248229166666658,1.0
-wny0OAz3g8$_$5,19,Winant,5.794426041666667,6.0512427083333336,5.919,6.24,0.12457395833333251,0.18875729166666666,0.15666562499999914,0.844
-wny0OAz3g8$_$7,0,Omi,0.22509552845528455,0.6270518292682926,0.182,0.723,0.043095528455284554,0.09594817073170736,0.02642632113821136,0.719
-wny0OAz3g8$_$7,1,and,0.6270518292682926,0.7235213414634146,0.743,0.803,0.11594817073170738,0.07947865853658542,0.0977134146341464,0.954
-wny0OAz3g8$_$7,2,Winant,0.7235213414634146,0.9486168699186992,0.823,1.083,0.09947865853658533,0.13438313008130076,0.11693089430894299,0.692
-wny0OAz3g8$_$7,4,that,1.0772428861788619,1.3666514227642277,1.363,1.443,0.2857571138211381,0.07634857723577237,0.18105284552845524,1.0
-wny0OAz3g8$_$7,5,the,1.3666514227642277,1.4631209349593495,1.463,1.544,0.09634857723577239,0.08087906504065057,0.08861382113821148,0.832
-wny0OAz3g8$_$7,6,concept,1.4631209349593495,1.881155487804878,1.584,1.924,0.1208790650406506,0.042844512195121975,0.08186178861788629,0.929
-wny0OAz3g8$_$7,7,of,1.881155487804878,1.9454684959349593,1.944,2.004,0.062844512195122,0.05853150406504071,0.06068800813008135,1.0
-wny0OAz3g8$_$7,8,race,1.9454684959349593,2.1384075203252033,2.064,2.264,0.11853150406504076,0.12559247967479648,0.1220619918699184,0.835
-wny0OAz3g8$_$7,9,came,2.1384075203252033,2.331346544715447,2.324,2.464,0.18559247967479653,0.13265345528455308,0.1591229674796748,0.924
-wny0OAz3g8$_$7,10,about,2.331346544715447,2.5564420731707314,2.505,2.685,0.173653455284553,0.1285579268292687,0.15110569105691085,0.999
-wny0OAz3g8$_$7,11,as,2.5564420731707314,2.717224593495935,2.725,2.805,0.16855792682926873,0.08777540650406523,0.12816666666666698,0.75
-wny0OAz3g8$_$7,12,a,2.717224593495935,2.8136941056910567,2.845,2.865,0.12777540650406527,0.0513058943089435,0.08954065040650439,0.997
-wny0OAz3g8$_$7,13,tool,2.8136941056910567,3.038789634146341,2.905,3.165,0.09130589430894309,0.12621036585365886,0.10875813008130097,0.824
-wny0OAz3g8$_$7,14,to,3.038789634146341,3.1995721544715447,3.205,3.265,0.1662103658536589,0.06542784552845538,0.11581910569105713,1.0
-wny0OAz3g8$_$7,15,justify,3.1995721544715447,3.4407459349593497,3.325,3.806,0.12542784552845543,0.3652540650406504,0.2453409552845529,0.913
-wny0OAz3g8$_$7,16,and,3.4407459349593497,3.8427022357723573,3.886,3.946,0.44525406504065046,0.10329776422764292,0.2742759146341467,1.0
-wny0OAz3g8$_$7,17,maintain,3.8427022357723573,4.196423780487804,3.986,4.446,0.14329776422764295,0.24957621951219533,0.19643699186991892,0.871
-wny0OAz3g8$_$7,18,the,4.196423780487804,4.5501453252032515,4.527,4.607,0.33057621951219573,0.05685467479674866,0.19371544715447264,1.0
-wny0OAz3g8$_$7,19,economic,4.5501453252032515,4.887788617886178,4.687,5.107,0.13685467479674873,0.21921138211382196,0.17803302845528535,0.955
-wny0OAz3g8$_$7,20,and,4.887788617886178,5.128962398373984,5.147,5.207,0.259211382113822,0.0780376016260158,0.1686244918699189,1.0
-wny0OAz3g8$_$7,21,political,5.128962398373984,5.257588414634146,5.247,5.608,0.11803760162601584,0.3504115853658538,0.23422459349593483,1.0
-wny0OAz3g8$_$7,22,power,5.257588414634146,5.675622967479675,5.648,5.948,0.39041158536585385,0.27237703252032563,0.3313943089430893,1.0
-wny0OAz3g8$_$7,23,held,5.675622967479675,6.061501016260163,6.048,6.228,0.3723770325203253,0.16649898373983696,0.2694380081300807,1.0
-wny0OAz3g8$_$7,24,by,6.061501016260163,6.286596544715447,6.268,6.368,0.206498983739837,0.08140345528455306,0.14395121951219503,0.835
-wny0OAz3g8$_$7,25,those,6.286596544715447,6.479535569105691,6.388,6.569,0.10140345528455263,0.08946443089430911,0.09543394308943087,1.0
-wny0OAz3g8$_$7,26,of,6.479535569105691,6.6081615853658535,6.609,6.649,0.12946443089430915,0.0408384146341465,0.08515142276422738,1.0
-wny0OAz3g8$_$7,27,European,6.6081615853658535,6.961883130081301,6.709,7.089,0.10083841463414611,0.12711686991869975,0.11397764227642337,0.875
-wny0OAz3g8$_$7,28,descent,6.961883130081301,7.251291666666666,7.109,7.49,0.14711686991869932,0.2387083333333342,0.1929126016260163,0.926
-wny0OAz3g8$_$9,0,He,0.22502393617021274,0.4982672872340425,0.522,0.602,0.29697606382978725,0.10373271276595747,0.2003543882978724,1.0
-wny0OAz3g8$_$9,1,explores,0.4982672872340425,0.948315159574468,0.642,1.004,0.1437327127659575,0.05568484042553201,0.09970877659574479,0.879
-wny0OAz3g8$_$9,2,why,0.948315159574468,1.044753989361702,1.024,1.144,0.07568484042553203,0.09924601063829797,0.08746542553191505,0.722
-wny0OAz3g8$_$9,3,Black,1.044753989361702,1.1733390957446805,1.185,1.365,0.1402460106382981,0.19166090425531945,0.16595345744680878,0.86
-wny0OAz3g8$_$9,4,and,1.1733390957446805,1.3662167553191487,1.385,1.466,0.21166090425531947,0.09978324468085131,0.1557220744680854,0.894
-wny0OAz3g8$_$9,5,White,1.3662167553191487,1.4626555851063827,1.486,1.606,0.11978324468085133,0.14334441489361738,0.13156382978723435,0.987
-wny0OAz3g8$_$9,6,Americans,1.4626555851063827,2.0091422872340425,1.626,2.048,0.16334441489361717,0.03885771276595751,0.10110106382978734,1.0
-wny0OAz3g8$_$9,7,tend,2.0091422872340425,2.2020199468085107,2.108,2.269,0.09885771276595756,0.06698005319148947,0.08291888297872352,1.0
-wny0OAz3g8$_$9,8,to,2.2020199468085107,2.2984587765957443,2.309,2.369,0.10698005319148951,0.07054122340425595,0.08876063829787273,1.0
-wny0OAz3g8$_$9,9,have,2.2984587765957443,2.3948976063829783,2.409,2.55,0.11054122340425554,0.1551023936170215,0.13282180851063874,0.976
-wny0OAz3g8$_$9,10,such,2.3948976063829783,2.5877752659574464,2.59,2.75,0.19510239361702153,0.16222473404255355,0.17866356382978754,0.876
-wny0OAz3g8$_$9,11,different,2.5877752659574464,2.844945478723404,2.851,3.132,0.26322473404255353,0.28705452127659603,0.275139627659575,0.937
-wny0OAz3g8$_$9,12,outcomes,2.844945478723404,3.5843098404255316,3.232,3.654,0.3870545212765961,0.06969015957446834,0.228372340425532,0.972
-wny0OAz3g8$_$9,13,in,3.5843098404255316,3.6807486702127656,3.714,3.774,0.1296901595744684,0.09325132978723438,0.11147074468085116,0.956
-wny0OAz3g8$_$9,14,terms,3.6807486702127656,3.8093337765957442,3.794,3.995,0.1132513297872344,0.18566622340425587,0.14945877659574536,0.872
-wny0OAz3g8$_$9,15,of,3.8093337765957442,4.002211436170213,4.015,4.076,0.20566622340425544,0.07378856382978682,0.13972739361702136,1.0
-wny0OAz3g8$_$9,16,"income,",4.002211436170213,4.2915279255319145,4.176,4.537,0.17378856382978736,0.2454720744680854,0.20963031914893682,0.992
-wny0OAz3g8$_$9,17,"education,",4.45052659574468,4.9665997340425525,4.638,5.16,0.18747340425531966,0.19340026595744764,0.1904368351063832,0.989
-wny0OAz3g8$_$9,18,and,4.9665997340425525,5.191623670212765,5.2,5.28,0.23340026595744767,0.08837632978723509,0.16088829787234182,0.999
-wny0OAz3g8$_$9,19,more,5.191623670212765,5.352355053191489,5.32,5.541,0.12837632978723512,0.18864494680851163,0.15851063829787293,0.984
-yRb-Jum7EQ$_$1,0,it,14.583269801980197,15.099281765676567,0.802,0.942,13.781269801980198,14.157281765676567,13.969275783828383,0.53
-yRb-Jum7EQ$_$1,1,comes,15.099281765676567,15.259401402640263,1.083,3.384,14.016281765676567,11.875401402640263,12.945841584158416,0.856
-yRb-Jum7EQ$_$1,3,the,15.4515449669967,15.579640676567656,4.505,4.826,10.9465449669967,10.753640676567656,10.850092821782178,0.928
-yRb-Jum7EQ$_$1,4,assistance,15.579640676567656,15.83583209570957,5.166,6.787,10.413640676567656,9.048832095709571,9.731236386138614,0.792
-yRb-Jum7EQ$_$1,5,and,15.83583209570957,15.963927805280527,6.967,7.848,8.868832095709571,8.115927805280528,8.49237995049505,0.511
-yRb-Jum7EQ$_$1,11,Yesterday,17.08113613861386,17.59714810231023,10.991,11.671,6.090136138613861,5.926148102310229,6.008142120462043,0.499
-yRb-Jum7EQ$_$1,12,Iran,17.59714810231023,17.757267739273928,11.711,11.872,5.886148102310228,5.885267739273928,5.885707920792079,0.35
-yRb-Jum7EQ$_$1,14,that,17.821315594059406,17.949411303630363,12.332,12.412,5.489315594059406,5.537411303630362,5.513363448844884,0.064
-yRb-Jum7EQ$_$1,15,it,17.949411303630363,18.109530940594055,12.432,12.472,5.517411303630363,5.637530940594056,5.577471122112208,0.002
-yRb-Jum7EQ$_$1,19,families,18.52584199669967,18.685961633663368,15.274,15.475,3.2518419966996692,3.210961633663368,3.231401815181518,0.126
-yRb-Jum7EQ$_$1,20,of,18.685961633663368,18.814057343234325,15.495,15.535,3.1909616336633686,3.2790573432343244,3.2350094884488474,0.046
-yRb-Jum7EQ$_$1,21,the,18.814057343234325,18.878105198019803,15.575,15.715,3.2390573432343253,3.163105198019803,3.201081270627064,0.657
-yRb-Jum7EQ$_$1,25,this,19.806799092409243,20.191086221122113,17.576,17.697,2.2307990924092422,2.4940862211221138,2.362442656765678,0.267
-yRb-Jum7EQ$_$1,26,shows,20.191086221122113,20.671445132013197,17.717,18.057,2.474086221122114,2.6144451320131985,2.5442656765676563,0.485
-yRb-Jum7EQ$_$1,27,that,20.98805528052805,21.504067244224423,18.077,18.257,2.91105528052805,3.2470672442244215,3.0790612623762357,0.45
-yRb-Jum7EQ$_$1,28,"Iran,",21.504067244224423,21.792282590759072,18.277,18.557,3.227067244224422,3.2352825907590734,3.2311749174917477,0.801
-yRb-Jum7EQ$_$1,30,after,21.85633044554455,21.984426155115507,18.577,18.898,3.2793304455445487,3.0864261551155074,3.182878300330028,0.62
-yRb-Jum7EQ$_$1,31,the,21.984426155115507,22.11252186468647,18.978,19.098,3.0064261551155056,3.014521864686472,3.010474009900989,0.244
-yRb-Jum7EQ$_$1,32,nuclear,22.172940594059405,23.553598597359738,19.118,19.358,3.0549405940594063,4.195598597359737,3.6252695957095717,0.309
-yRb-Jum7EQ$_$1,33,"agreement,",23.553598597359738,24.0980053630363,19.398,19.838,4.155598597359738,4.260005363036299,4.207801980198019,0.454
-yRb-Jum7EQ$_$1,36,to,24.54634034653465,24.70645998349835,21.5,21.64,3.046340346534649,3.0664599834983477,3.0564001650164982,0.562
-yRb-Jum7EQ$_$1,42,Hezbollah,25.47503424092409,25.923369224422444,25.563,26.124,0.0879657590759102,0.2006307755775545,0.14429826732673234,0.696
-yRb-Jum7EQ$_$1,44,and,27.300398102310233,27.524565594059403,26.904,27.124,0.39639810231023276,0.4005655940594046,0.3984818481848187,0.486
-yRb-Jum7EQ$_$1,47,to,28.03694843234323,28.229091996699665,27.785,27.885,0.25194843234323017,0.34409199669966384,0.298020214521447,0.58
-yRb-Jum7EQ$_$1,48,Hamas.,28.229091996699665,28.613379125412543,28.346,28.686,0.11690800330033468,0.07262087458745725,0.09476443894389597,0.879
-yRb-Jum7EQ$_$5,0,Yesterday,8.858752457002456,9.374777718058969,0.106,0.567,8.752752457002456,8.807777718058968,8.780265087530712,0.542
-yRb-Jum7EQ$_$5,7,another,9.983737638206389,10.111939726658477,6.195,6.435,3.7887376382063884,3.6769397266584773,3.732838682432433,0.337
-yRb-Jum7EQ$_$5,9,"attack,",10.33629338144963,10.464495469901719,6.535,6.856,3.8012933814496304,3.608495469901719,3.7048944256756746,0.563
-yRb-Jum7EQ$_$5,10,not,10.464495469901719,10.560647036240784,7.958,8.198,2.5064954699017186,2.3626470362407836,2.43457125307125,0.659
-yRb-Jum7EQ$_$5,13,students,10.688849124692874,10.849101735257985,8.538,9.179,2.150849124692874,1.670101735257985,1.9104754299754303,0.662
-yRb-Jum7EQ$_$5,14,of,10.849101735257985,10.977303823710074,9.259,9.36,1.590101735257985,1.617303823710074,1.6037027794840295,0.66
-yRb-Jum7EQ$_$6,0,"Therefore,",0.1766688392857143,0.40152008928571437,0.406,1.167,0.22933116071428572,0.7654799107142857,0.4974055357142857,0.633
-yRb-Jum7EQ$_$6,1,the,0.40152008928571437,0.49788491071428576,1.187,1.287,0.7854799107142857,0.7891150892857142,0.7872975,0.358
-yRb-Jum7EQ$_$6,2,world,0.49788491071428576,0.6263713392857143,1.307,1.528,0.8091150892857142,0.9016286607142857,0.8553718749999999,0.294
-yRb-Jum7EQ$_$6,7,Israel,1.3330466964285717,1.622141160714286,2.429,2.89,1.0959533035714282,1.2678588392857142,1.1819060714285712,0.652
-yRb-Jum7EQ$_$6,8,against,1.622141160714286,1.7827491964285715,3.791,4.032,2.168858839285714,2.2492508035714285,2.2090548214285715,0.347
-yRb-Jum7EQ$_$6,9,this,1.7827491964285715,1.9112356250000002,4.052,4.272,2.269250803571428,2.360764375,2.315007589285714,0.384
-yRb-Jum7EQ$_$6,10,"incitement,",1.9112356250000002,2.746397410714286,4.312,4.933,2.400764375,2.1866025892857137,2.293683482142857,0.459
-yRb-Jum7EQ$_$6,11,which,3.0012551785714288,3.5173159821428577,5.414,5.614,2.412744821428571,2.096684017857142,2.254714419642857,0.609
-yRb-Jum7EQ$_$6,12,is,3.5173159821428577,3.5815591964285716,5.634,5.734,2.1166840178571427,2.1524408035714284,2.1345624107142855,0.663
-yRb-Jum7EQ$_$6,16,cause,3.9027752678571432,4.063383303571429,6.996,7.257,3.093224732142857,3.1936166964285704,3.143420714285714,0.592
-yRb-Jum7EQ$_$6,17,of,4.063383303571429,4.223991339285715,7.457,7.517,3.3936166964285706,3.2930086607142854,3.3433126785714276,0.234
-yRb-Jum7EQ$_$6,18,terrorism.,4.223991339285715,4.609450625000001,7.537,9.901,3.313008660714285,5.291549374999999,4.302279017857142,0.674
