sample_id,video_id,status,normalized_official_text,normalized_whisperx_transcript,whisperx_word_timestamps_json,whisperx_wer,whisperx_cer,word_overlap_count,word_overlap_precision,word_overlap_recall,word_overlap_f1,word_overlap_jaccard,ctc_diagnostic_wer,ctc_accepted_word_fraction,common_timed_word_count,common_timed_word_coverage,median_start_difference_s,p90_start_difference_s,median_end_difference_s,p90_end_difference_s,median_midpoint_difference_s,p90_midpoint_difference_s,coverage
-3g5yACwYnA$_$13,-3g5yACwYnA,ok,THEY'VE BEEN ABLE TO FIND SOLUTIONS OR AT LEAST BRING SOME ANSWERS TO THE TABLE,THAT WE DO THEY'VE BEEN ABLE TO FIND SOLUTIONS OR AT LEAST BRING SOME ANSWERS TO THE TABLE,"[{""word"":""that"",""start"":0.102,""end"":0.263,""score"":0.882},{""word"":""we"",""start"":0.283,""end"":0.403,""score"":0.969},{""word"":""do,"",""start"":0.443,""end"":0.623,""score"":0.994},{""word"":""they've"",""start"":1.445,""end"":1.606,""score"":0.748},{""word"":""been"",""start"":1.626,""end"":1.726,""score"":0.996},{""word"":""able"",""start"":1.766,""end"":1.927,""score"":0.991},{""word"":""to"",""start"":1.967,""end"":2.047,""score"":1.0},{""word"":""find"",""start"":2.187,""end"":2.388,""score"":0.998},{""word"":""solutions"",""start"":2.428,""end"":2.949,""score"":0.94},{""word"":""or"",""start"":3.049,""end"":3.149,""score"":0.764},{""word"":""at"",""start"":3.19,""end"":3.25,""score"":0.76},{""word"":""least"",""start"":3.27,""end"":3.43,""score"":0.641},{""word"":""bring"",""start"":3.47,""end"":3.751,""score"":0.989},{""word"":""some"",""start"":3.811,""end"":3.991,""score"":0.946},{""word"":""answers"",""start"":4.092,""end"":4.352,""score"":0.867},{""word"":""to"",""start"":4.372,""end"":4.473,""score"":0.837},{""word"":""the"",""start"":4.493,""end"":4.573,""score"":0.818},{""word"":""table."",""start"":4.593,""end"":4.894,""score"":0.956}]",0.2,0.12307692307692308,15,0.8333333333333334,1.0,0.9090909090909091,0.8333333333333334,0.4,1.0,15,1.0,0.21053459821428566,0.3464796874999999,0.13518638392857163,0.2568319196428575,0.17265624999999973,0.2850100446428573,1.0
-3g5yACwYnA$_$2,-3g5yACwYnA,ok,KEY POLYMER BRINGS A TECHNICAL ASPECT TO OUR OPERATION THAT WE DON'T HAVE INTERNALLY,OPERATIONS KEY POLYMER BRINGS A TECHNICAL ASPECT TO OUR OPERATION THAT WE DON'T HAVE INTERNALLY,"[{""word"":""operations."",""start"":0.0,""end"":1.582,""score"":0.69},{""word"":""Key"",""start"":1.842,""end"":2.303,""score"":0.72},{""word"":""Polymer"",""start"":3.044,""end"":3.384,""score"":0.476},{""word"":""brings"",""start"":3.404,""end"":3.604,""score"":0.824},{""word"":""a"",""start"":3.664,""end"":3.704,""score"":0.961},{""word"":""technical"",""start"":3.744,""end"":4.205,""score"":0.946},{""word"":""aspect"",""start"":4.385,""end"":4.686,""score"":0.989},{""word"":""to"",""start"":4.726,""end"":4.946,""score"":0.994},{""word"":""our"",""start"":5.867,""end"":5.967,""score"":0.596},{""word"":""operation"",""start"":6.027,""end"":6.468,""score"":0.891},{""word"":""that"",""start"":6.508,""end"":6.648,""score"":0.834},{""word"":""we"",""start"":6.688,""end"":6.788,""score"":0.834},{""word"":""don't"",""start"":6.828,""end"":7.028,""score"":0.837},{""word"":""have"",""start"":7.068,""end"":7.209,""score"":1.0},{""word"":""internally."",""start"":7.269,""end"":7.709,""score"":0.955}]",0.07142857142857142,0.14084507042253522,14,0.9333333333333333,1.0,0.9655172413793104,0.9333333333333333,0.6428571428571429,1.0,14,1.0,0.1595513937282238,0.498972528310105,0.11795884146341495,0.24483830574912904,0.12702455357142928,0.34542167356271775,1.0
-3g5yACwYnA$_$3,-3g5yACwYnA,ok,WE'RE A HUGE USER OF ADHESIVES FOR OUR OPERATION CALLED FLOCKING AND WE DON'T HAVE THE TECHNICAL INSIDE COMPOUNDING OR THE TECHNICAL EXPERTISE TO DO THESE TYPES OF THINGS,WE'RE A HUGE USER OF ADHESIVES FOR OUR OPERATION CALLED FLOCKING AND WE DON'T HAVE THE TECHNICAL INSIDE COMPOUNDING OR THE TECHNICAL EXPERTISE TO DO THESE TYPES OF THINGS,"[{""word"":""We're"",""start"":0.587,""end"":0.987,""score"":0.894},{""word"":""a"",""start"":1.248,""end"":1.288,""score"":0.991},{""word"":""huge"",""start"":1.368,""end"":1.729,""score"":0.961},{""word"":""user"",""start"":2.65,""end"":2.91,""score"":0.898},{""word"":""of"",""start"":2.97,""end"":3.031,""score"":0.756},{""word"":""adhesives"",""start"":3.091,""end"":3.551,""score"":0.959},{""word"":""for"",""start"":4.212,""end"":4.433,""score"":0.978},{""word"":""our"",""start"":4.573,""end"":4.673,""score"":0.892},{""word"":""operation"",""start"":4.753,""end"":5.254,""score"":0.942},{""word"":""called"",""start"":5.635,""end"":5.835,""score"":0.934},{""word"":""flocking"",""start"":5.855,""end"":6.296,""score"":0.878},{""word"":""and"",""start"":6.636,""end"":6.756,""score"":1.0},{""word"":""we"",""start"":7.037,""end"":7.117,""score"":1.0},{""word"":""don't"",""start"":7.137,""end"":7.257,""score"":0.943},{""word"":""have"",""start"":7.297,""end"":7.377,""score"":0.998},{""word"":""the"",""start"":7.397,""end"":7.457,""score"":0.961},{""word"":""technical"",""start"":7.517,""end"":7.958,""score"":0.908},{""word"":""inside"",""start"":8.399,""end"":8.679,""score"":0.957},{""word"":""compounding"",""start"":9.42,""end"":10.001,""score"":0.96},{""word"":""or"",""start"":10.202,""end"":10.302,""score"":0.752},{""word"":""the"",""start"":10.342,""end"":10.422,""score"":0.828},{""word"":""technical"",""start"":10.462,""end"":10.823,""score"":0.853},{""word"":""expertise"",""start"":10.843,""end"":11.283,""score"":0.79},{""word"":""to"",""start"":11.323,""end"":11.403,""score"":0.988},{""word"":""do"",""start"":11.444,""end"":11.564,""score"":0.875},{""word"":""these"",""start"":11.584,""end"":11.744,""score"":0.835},{""word"":""types"",""start"":11.764,""end"":11.964,""score"":0.908},{""word"":""of"",""start"":12.004,""end"":12.065,""score"":0.984},{""word"":""things."",""start"":12.105,""end"":12.365,""score"":1.0}]",0.0,0.0,29,1.0,1.0,1.0,1.0,0.3103448275862069,1.0,29,1.0,0.1975728467561515,0.5160725391498872,0.1369587527964189,0.23452407718120788,0.18291722595078053,0.33576159116331006,1.0
-3g5yACwYnA$_$9,-3g5yACwYnA,ok,WE HAVE MANY NEW OPPORTUNITIES THROUGH THE WAY THINGS HAVE CHANGED THROUGH THE YEARS LOOKING FOR NEW NICHE HIGH END VALUE ADDED PRODUCTS,WE HAVE MANY NEW OPPORTUNITIES THROUGH THE WAY THINGS HAVE CHANGED THROUGH THE YEARS LOOKING FOR NEW NICHE HIGH END VALUE ADDED PRODUCTS,"[{""word"":""We"",""start"":0.798,""end"":0.918,""score"":0.984},{""word"":""have"",""start"":0.958,""end"":1.059,""score"":0.996},{""word"":""many"",""start"":1.119,""end"":1.359,""score"":1.0},{""word"":""new"",""start"":1.72,""end"":1.86,""score"":0.999},{""word"":""opportunities"",""start"":1.94,""end"":2.462,""score"":0.921},{""word"":""through"",""start"":2.502,""end"":2.802,""score"":0.799},{""word"":""the"",""start"":3.363,""end"":3.444,""score"":0.99},{""word"":""way"",""start"":3.484,""end"":3.624,""score"":1.0},{""word"":""things"",""start"":3.684,""end"":3.864,""score"":1.0},{""word"":""have"",""start"":3.904,""end"":4.005,""score"":0.874},{""word"":""changed"",""start"":4.025,""end"":4.265,""score"":0.981},{""word"":""through"",""start"":4.285,""end"":4.466,""score"":0.856},{""word"":""the"",""start"":4.486,""end"":4.566,""score"":0.83},{""word"":""years,"",""start"":4.606,""end"":5.648,""score"":0.975},{""word"":""looking"",""start"":5.668,""end"":5.868,""score"":0.998},{""word"":""for"",""start"":5.909,""end"":6.009,""score"":0.829},{""word"":""new"",""start"":6.109,""end"":6.209,""score"":0.835},{""word"":""niche,"",""start"":6.269,""end"":6.53,""score"":0.743},{""word"":""high-end"",""start"":6.65,""end"":7.071,""score"":0.88},{""word"":""value-added"",""start"":7.091,""end"":7.632,""score"":0.59},{""word"":""products."",""start"":7.652,""end"":8.113,""score"":0.986}]",0.0,0.0,23,1.0,1.0,1.0,1.0,0.30434782608695654,1.0,21,1.0,0.20446286900368993,0.5203321033210324,0.1423410977859776,0.25192873616236167,0.18200576568265614,0.36230984778597763,0.9130434782608695
-3nNcZdcdvU$_$5,-3nNcZdcdvU,ok,NONCOMPLIANCE CAN RESULT IN LEGAL LIABILITY TO YOU AND TO THE SCHOOL DISTRICT IN WHICH YOU ARE EMPLOYED,NONCOMPLIANCE CAN RESOLVE IN LEGAL LIABILITY TO YOU AND TO THE SCHOOL DISTRICT IN WHICH YOU ARE EMPLOYED,"[{""word"":""Noncompliance"",""start"":0.582,""end"":1.565,""score"":0.945},{""word"":""can"",""start"":1.665,""end"":1.905,""score"":1.0},{""word"":""resolve"",""start"":2.006,""end"":2.547,""score"":0.655},{""word"":""in"",""start"":2.667,""end"":2.747,""score"":0.834},{""word"":""legal"",""start"":2.827,""end"":3.108,""score"":0.937},{""word"":""liability"",""start"":3.168,""end"":3.87,""score"":0.968},{""word"":""to"",""start"":3.97,""end"":4.171,""score"":1.0},{""word"":""you"",""start"":4.291,""end"":4.531,""score"":1.0},{""word"":""and"",""start"":5.073,""end"":5.173,""score"":0.964},{""word"":""to"",""start"":5.253,""end"":5.373,""score"":0.999},{""word"":""the"",""start"":5.413,""end"":5.494,""score"":0.835},{""word"":""school"",""start"":5.534,""end"":5.794,""score"":0.879},{""word"":""district"",""start"":5.834,""end"":6.155,""score"":0.874},{""word"":""in"",""start"":6.215,""end"":6.255,""score"":0.996},{""word"":""which"",""start"":6.296,""end"":6.456,""score"":0.976},{""word"":""you"",""start"":6.496,""end"":6.596,""score"":1.0},{""word"":""are"",""start"":6.676,""end"":6.777,""score"":0.833},{""word"":""employed."",""start"":6.817,""end"":7.258,""score"":1.0}]",0.05555555555555555,0.03488372093023256,17,0.9444444444444444,0.9444444444444444,0.9444444444444444,0.8947368421052632,0.16666666666666666,1.0,17,0.9444444444444444,0.20399238119834706,0.48151361053719005,0.13181598657024818,0.2760139204545448,0.2079770144628098,0.3172061983471074,1.0
-571d8cVauQ$_$0,-571d8cVauQ,ok,THIS IS RHETT REIGER WHITE CASPIAN STUDIOS ON BEHALF OF EXPERT VILLAGE,THIS IS RHETT RIGER WHITE CASPIAN STUDIOS ON BEHALF OF EXPERT VILLAGE,"[{""word"":""This"",""start"":1.078,""end"":1.179,""score"":0.205},{""word"":""is"",""start"":1.239,""end"":1.299,""score"":0.463},{""word"":""Rhett"",""start"":1.339,""end"":1.52,""score"":0.769},{""word"":""Riger,"",""start"":1.56,""end"":1.922,""score"":0.851},{""word"":""White"",""start"":1.962,""end"":2.143,""score"":0.904},{""word"":""Caspian"",""start"":2.163,""end"":2.605,""score"":0.781},{""word"":""Studios,"",""start"":2.645,""end"":3.087,""score"":0.993},{""word"":""on"",""start"":3.167,""end"":3.248,""score"":0.753},{""word"":""behalf"",""start"":3.268,""end"":3.569,""score"":0.908},{""word"":""of"",""start"":3.609,""end"":3.669,""score"":0.998},{""word"":""Expert"",""start"":3.75,""end"":4.071,""score"":0.946},{""word"":""Village."",""start"":4.111,""end"":4.433,""score"":0.986}]",0.08333333333333333,0.01694915254237288,11,0.9166666666666666,0.9166666666666666,0.9166666666666666,0.8461538461538461,0.4166666666666667,1.0,11,0.9166666666666666,0.18105221774193536,0.21438770161290321,0.10771673387096792,0.1943877016129032,0.1637997983870969,0.2137330645161284,1.0
-571d8cVauQ$_$5,-571d8cVauQ,ok,SO VERY IMPORTANT TO GO OUT TO THE LOCATIONS WALK AROUND TALK WITH THE OWNERS IF YOU CAN TELL THEM WHAT YOU'RE DOING BUILD A LITTLE EXCITEMENT PUT A LITTLE GLITZ ON THERE AND LET EVERYBODY KNOWS THIS IS A VERY VALUABLE SPOT,SO IT'S VERY IMPORTANT TO GO OUT TO THE LOCATIONS WALK AROUND TALK WITH THE OWNERS IF YOU CAN TELL THEM WHAT YOU'RE DOING BUILD A LITTLE EXCITEMENT PUT A LITTLE GLITZ ON THERE AND LET EVERYBODY KNOW THIS IS A VERY VALUABLE SPOT THIS IS GOING,"[{""word"":""So"",""start"":0.158,""end"":0.198,""score"":0.14},{""word"":""it's"",""start"":0.478,""end"":0.719,""score"":0.32},{""word"":""very"",""start"":0.759,""end"":0.979,""score"":0.913},{""word"":""important"",""start"":1.019,""end"":1.359,""score"":1.0},{""word"":""to"",""start"":1.399,""end"":1.48,""score"":0.998},{""word"":""go"",""start"":1.6,""end"":1.78,""score"":0.926},{""word"":""out"",""start"":1.92,""end"":2.06,""score"":0.838},{""word"":""to"",""start"":2.461,""end"":2.621,""score"":1.0},{""word"":""the"",""start"":2.661,""end"":2.721,""score"":0.986},{""word"":""locations,"",""start"":2.801,""end"":3.382,""score"":0.923},{""word"":""walk"",""start"":3.802,""end"":4.062,""score"":0.969},{""word"":""around,"",""start"":4.123,""end"":4.483,""score"":0.932},{""word"":""talk"",""start"":4.723,""end"":4.964,""score"":1.0},{""word"":""with"",""start"":5.004,""end"":5.104,""score"":0.886},{""word"":""the"",""start"":5.144,""end"":5.224,""score"":1.0},{""word"":""owners"",""start"":5.324,""end"":5.564,""score"":0.972},{""word"":""if"",""start"":5.644,""end"":5.704,""score"":1.0},{""word"":""you"",""start"":5.744,""end"":5.845,""score"":0.957},{""word"":""can,"",""start"":5.885,""end"":6.145,""score"":0.853},{""word"":""tell"",""start"":6.465,""end"":6.665,""score"":0.877},{""word"":""them"",""start"":6.685,""end"":6.806,""score"":0.999},{""word"":""what"",""start"":6.846,""end"":6.966,""score"":0.958},{""word"":""you're"",""start"":6.986,""end"":7.166,""score"":0.889},{""word"":""doing,"",""start"":7.186,""end"":7.406,""score"":0.872},{""word"":""build"",""start"":7.707,""end"":7.927,""score"":0.813},{""word"":""a"",""start"":7.967,""end"":8.007,""score"":0.504},{""word"":""little"",""start"":8.047,""end"":8.267,""score"":0.968},{""word"":""excitement,"",""start"":8.327,""end"":8.848,""score"":0.911},{""word"":""put"",""start"":9.429,""end"":9.549,""score"":0.788},{""word"":""a"",""start"":9.569,""end"":9.589,""score"":0.996},{""word"":""little"",""start"":9.629,""end"":9.809,""score"":0.932},{""word"":""glitz"",""start"":9.849,""end"":10.169,""score"":0.976},{""word"":""on"",""start"":10.29,""end"":10.39,""score"":0.833},{""word"":""there,"",""start"":10.41,""end"":10.63,""score"":0.919},{""word"":""and"",""start"":11.251,""end"":11.351,""score"":0.96},{""word"":""let"",""start"":11.551,""end"":11.691,""score"":0.959},{""word"":""everybody"",""start"":11.731,""end"":12.072,""score"":0.886},{""word"":""know"",""start"":12.112,""end"":12.292,""score"":0.917},{""word"":""this"",""start"":12.732,""end"":12.913,""score"":0.99},{""word"":""is"",""start"":12.993,""end"":13.073,""score"":1.0},{""word"":""a"",""start"":13.153,""end"":13.193,""score"":1.0},{""word"":""very"",""start"":13.333,""end"":13.573,""score"":0.931},{""word"":""valuable"",""start"":13.693,""end"":14.194,""score"":0.938},{""word"":""spot,"",""start"":14.254,""end"":14.574,""score"":0.938},{""word"":""this"",""start"":14.634,""end"":14.815,""score"":0.951},{""word"":""is"",""start"":14.875,""end"":14.935,""score"":0.903},{""word"":""going"",""start"":14.975,""end"":15.095,""score"":0.553}]",0.11627906976744186,0.08839779005524862,42,0.8936170212765957,0.9767441860465116,0.9333333333333332,0.875,0.11627906976744186,1.0,42,0.9767441860465116,0.2056908174097667,0.505202547770702,0.1656908174097662,0.3041769108280259,0.19121098726114671,0.355932470806795,1.0
-6rXp3zJ3kc$_$8,-6rXp3zJ3kc,ok,MANY PEOPLE ARE NOT UNTIL THEY GET TO BE A OLDER AGE AND THEY REALIZE THAT GOSH THEY WASTED A LOT OF TIME AND MONEY IN PLACING BETS ON STOCK THAT'S ULTIMATELY LOST VALUE,AWARE OF MANY PEOPLE ARE NOT UNTIL THEY GET TO BE A OLDER AGE AND THEY REALIZE THAT GOSH THEY'VE WASTED A LOT OF TIME AND MONEY IN PLACING BETS ON STOCK THAT'S ULTIMATELY LOST VALUE,"[{""word"":""aware"",""start"":0.08,""end"":0.341,""score"":0.969},{""word"":""of,"",""start"":0.381,""end"":0.461,""score"":0.982},{""word"":""many"",""start"":0.521,""end"":0.721,""score"":0.936},{""word"":""people"",""start"":0.761,""end"":1.022,""score"":0.926},{""word"":""are"",""start"":1.062,""end"":1.142,""score"":0.935},{""word"":""not"",""start"":1.242,""end"":1.523,""score"":0.989},{""word"":""until"",""start"":1.583,""end"":1.843,""score"":0.884},{""word"":""they"",""start"":1.863,""end"":1.984,""score"":0.999},{""word"":""get"",""start"":2.024,""end"":2.204,""score"":0.784},{""word"":""to"",""start"":2.244,""end"":2.344,""score"":0.985},{""word"":""be"",""start"":2.384,""end"":2.565,""score"":0.808},{""word"":""a"",""start"":2.645,""end"":2.705,""score"":0.667},{""word"":""older"",""start"":3.326,""end"":3.566,""score"":0.975},{""word"":""age"",""start"":3.787,""end"":3.947,""score"":0.989},{""word"":""and"",""start"":4.007,""end"":4.087,""score"":0.88},{""word"":""they"",""start"":4.127,""end"":4.268,""score"":0.891},{""word"":""realize"",""start"":4.328,""end"":4.789,""score"":0.85},{""word"":""that,"",""start"":4.809,""end"":4.989,""score"":0.893},{""word"":""gosh,"",""start"":5.069,""end"":5.61,""score"":0.921},{""word"":""they've"",""start"":5.75,""end"":5.951,""score"":0.909},{""word"":""wasted"",""start"":6.011,""end"":6.331,""score"":0.922},{""word"":""a"",""start"":6.351,""end"":6.391,""score"":0.499},{""word"":""lot"",""start"":6.431,""end"":6.592,""score"":0.847},{""word"":""of"",""start"":6.612,""end"":6.672,""score"":0.748},{""word"":""time"",""start"":6.732,""end"":7.093,""score"":1.0},{""word"":""and"",""start"":7.153,""end"":7.253,""score"":0.336},{""word"":""money"",""start"":7.333,""end"":8.736,""score"":0.946},{""word"":""in"",""start"":8.976,""end"":9.076,""score"":0.862},{""word"":""placing"",""start"":9.297,""end"":9.637,""score"":1.0},{""word"":""bets"",""start"":9.697,""end"":9.958,""score"":0.89},{""word"":""on"",""start"":10.038,""end"":10.118,""score"":0.836},{""word"":""stock"",""start"":10.178,""end"":10.479,""score"":1.0},{""word"":""that's"",""start"":10.519,""end"":10.739,""score"":0.811},{""word"":""ultimately"",""start"":10.899,""end"":11.38,""score"":0.976},{""word"":""lost"",""start"":11.46,""end"":11.741,""score"":1.0},{""word"":""value."",""start"":11.841,""end"":12.242,""score"":0.904}]",0.08823529411764706,0.07352941176470588,33,0.9166666666666666,0.9705882352941176,0.9428571428571428,0.8918918918918919,0.11764705882352941,1.0,33,0.9705882352941176,0.21448110831234324,0.39065642317380417,0.1526246851385391,0.33865088161209134,0.20440554156171342,0.329694458438288,1.0
-9y-fZ3swSY$_$0,-9y-fZ3swSY,ok,IS YOU CAN SAY HEY I REALLY LIKE BABY SKIN THEY ARE SO SOFT THEY DON T HAVE ANY HAIR ON THEIR FACE,YOU CAN SAY HEY YOU KNOW WHAT I REALLY LIKE BABY'S SKIN THEY ARE SO SOFT THEY DON'T HAVE ANY HAIR ON THEIR FACE IT'S SO NICE,"[{""word"":""you"",""start"":0.195,""end"":0.255,""score"":0.105},{""word"":""can"",""start"":0.295,""end"":0.415,""score"":0.424},{""word"":""say,"",""start"":0.455,""end"":0.676,""score"":0.922},{""word"":""hey"",""start"":0.777,""end"":1.078,""score"":0.891},{""word"":""you"",""start"":1.439,""end"":1.519,""score"":0.969},{""word"":""know"",""start"":1.539,""end"":1.619,""score"":0.0},{""word"":""what"",""start"":1.639,""end"":1.76,""score"":0.366},{""word"":""I"",""start"":1.92,""end"":1.981,""score"":0.892},{""word"":""really"",""start"":2.041,""end"":2.302,""score"":0.961},{""word"":""like"",""start"":2.422,""end"":2.703,""score"":0.959},{""word"":""baby's"",""start"":2.984,""end"":3.345,""score"":0.878},{""word"":""skin,"",""start"":3.365,""end"":3.666,""score"":0.72},{""word"":""they"",""start"":3.686,""end"":3.767,""score"":1.0},{""word"":""are"",""start"":3.787,""end"":3.867,""score"":0.526},{""word"":""so"",""start"":3.907,""end"":4.068,""score"":1.0},{""word"":""soft,"",""start"":4.289,""end"":4.63,""score"":0.999},{""word"":""they"",""start"":4.65,""end"":4.75,""score"":0.996},{""word"":""don't"",""start"":4.77,""end"":4.951,""score"":0.764},{""word"":""have"",""start"":5.031,""end"":5.272,""score"":0.876},{""word"":""any"",""start"":5.332,""end"":5.473,""score"":0.999},{""word"":""hair"",""start"":5.533,""end"":5.733,""score"":0.729},{""word"":""on"",""start"":5.774,""end"":5.834,""score"":0.838},{""word"":""their"",""start"":5.854,""end"":5.994,""score"":0.836},{""word"":""face,"",""start"":6.035,""end"":6.295,""score"":0.925},{""word"":""it's"",""start"":6.336,""end"":6.476,""score"":0.851},{""word"":""so"",""start"":6.536,""end"":6.576,""score"":0.498},{""word"":""nice."",""start"":6.596,""end"":6.717,""score"":0.297}]",0.43478260869565216,0.34210526315789475,19,0.7037037037037037,0.8260869565217391,0.76,0.6129032258064516,0.5,0.9545454545454546,18,0.8181818181818182,0.23181190476190494,0.4145019047619044,0.1607595238095235,0.2729304761904761,0.1918982142857144,0.3337428571428571,1.0
-9y-fZ3swSY$_$4,-9y-fZ3swSY,ok,I VE SEEN THIS IN US OR IN THE US,I'VE SEEN THIS IN US OR IN THE US,"[{""word"":""I've"",""start"":0.33,""end"":0.532,""score"":0.734},{""word"":""seen"",""start"":0.552,""end"":0.733,""score"":0.964},{""word"":""this"",""start"":0.753,""end"":0.934,""score"":0.914},{""word"":""in"",""start"":1.035,""end"":1.115,""score"":0.684},{""word"":""US"",""start"":1.236,""end"":1.538,""score"":0.816},{""word"":""or"",""start"":1.82,""end"":1.9,""score"":0.938},{""word"":""in"",""start"":1.961,""end"":2.021,""score"":0.88},{""word"":""the"",""start"":2.041,""end"":2.162,""score"":0.947},{""word"":""US."",""start"":2.262,""end"":2.564,""score"":0.868}]",0.2,0.041666666666666664,8,0.8888888888888888,0.8,0.8421052631578948,0.7272727272727273,0.2222222222222222,1.0,8,0.8888888888888888,0.2023517530487806,0.30302797256097574,0.12634717987804894,0.20012614329268297,0.1681735899390244,0.227367111280488,1.0
-9y-fZ3swSY$_$8,-9y-fZ3swSY,ok,THAT S A MORE DECENT AND MORE POLITE WAY TO CALL A LADY,THAT'S A MORE DECENT AND MORE POLITE WAY TO CALL A LADY,"[{""word"":""that's"",""start"":0.266,""end"":0.467,""score"":0.896},{""word"":""a"",""start"":0.547,""end"":0.607,""score"":0.751},{""word"":""more"",""start"":0.968,""end"":1.168,""score"":0.84},{""word"":""decent"",""start"":1.369,""end"":1.83,""score"":0.951},{""word"":""and"",""start"":2.09,""end"":2.171,""score"":0.999},{""word"":""more"",""start"":2.211,""end"":2.331,""score"":0.902},{""word"":""polite"",""start"":2.371,""end"":2.852,""score"":0.94},{""word"":""way"",""start"":2.912,""end"":3.073,""score"":1.0},{""word"":""to"",""start"":3.173,""end"":3.273,""score"":0.999},{""word"":""call"",""start"":3.333,""end"":3.634,""score"":0.847},{""word"":""a"",""start"":3.654,""end"":3.674,""score"":0.002},{""word"":""lady."",""start"":4.095,""end"":4.376,""score"":0.999}]",0.15384615384615385,0.023255813953488372,11,0.9166666666666666,0.8461538461538461,0.8799999999999999,0.7857142857142857,0.08333333333333333,1.0,11,0.9166666666666666,0.2332549019607848,0.4377352941176471,0.21995098039215688,0.2785000000000002,0.21834313725490162,0.33081372549019616,1.0
-AUZQgSxyPQ$_$2,-AUZQgSxyPQ,ok,THE PERFECT SOUL MATE TO THE CLARISONIC SPOT THERAPY BRUSH THIS GENTLE PH BALANCED AND HYDRATING EXFOLIANT CONTAINING JOJOBA AND ACAI FRUIT OILS AND BAMBOO AND PRICKLY BEAR EXTRACTS DELIVER INTENSE HEALING WHILE SMOOTH GRANULES BUFF AWAY DEAD DRY SKIN CELLS,THE PERFECT SOUL MATE TO THE CLARISONIC SPOT THERAPY BRUSH THIS GENTLE PH BALANCED AND HYDRATING EXFOLIANT CONTAINS JOJOBA AND ACAI FRUIT OILS WITH BAMBOO AND PRICKLY BEAR EXTRACTS THESE DELIVER INTENSE HEALING WHILE SMOOTH GRANULES BUFF AWAY DEAD DRY SKIN CELLS,"[{""word"":""the"",""start"":0.502,""end"":0.602,""score"":0.351},{""word"":""perfect"",""start"":0.642,""end"":0.982,""score"":0.956},{""word"":""soul"",""start"":1.022,""end"":1.282,""score"":0.849},{""word"":""mate"",""start"":1.322,""end"":1.543,""score"":0.805},{""word"":""to"",""start"":1.603,""end"":1.703,""score"":0.867},{""word"":""the"",""start"":1.723,""end"":1.783,""score"":0.957},{""word"":""Clarisonic"",""start"":1.823,""end"":2.563,""score"":0.862},{""word"":""Spot"",""start"":3.063,""end"":3.444,""score"":0.953},{""word"":""Therapy"",""start"":3.544,""end"":3.984,""score"":0.781},{""word"":""Brush."",""start"":4.024,""end"":4.364,""score"":0.956},{""word"":""This"",""start"":4.924,""end"":5.105,""score"":0.798},{""word"":""gentle"",""start"":5.165,""end"":5.605,""score"":0.954},{""word"":""pH"",""start"":5.765,""end"":6.125,""score"":0.682},{""word"":""balanced"",""start"":6.165,""end"":6.605,""score"":0.899},{""word"":""and"",""start"":6.746,""end"":6.826,""score"":0.887},{""word"":""hydrating"",""start"":6.926,""end"":7.486,""score"":0.969},{""word"":""exfoliant"",""start"":7.626,""end"":8.306,""score"":0.831},{""word"":""contains"",""start"":8.747,""end"":9.187,""score"":0.924},{""word"":""jojoba"",""start"":9.347,""end"":9.907,""score"":0.879},{""word"":""and"",""start"":10.308,""end"":10.388,""score"":0.685},{""word"":""acai"",""start"":10.448,""end"":10.908,""score"":0.878},{""word"":""fruit"",""start"":11.128,""end"":11.368,""score"":0.775},{""word"":""oils"",""start"":11.488,""end"":11.688,""score"":0.871},{""word"":""with"",""start"":12.369,""end"":12.589,""score"":0.873},{""word"":""bamboo"",""start"":12.689,""end"":13.189,""score"":0.969},{""word"":""and"",""start"":13.569,""end"":13.649,""score"":0.921},{""word"":""prickly"",""start"":13.709,""end"":14.09,""score"":0.943},{""word"":""bear"",""start"":14.13,""end"":14.45,""score"":0.688},{""word"":""extracts."",""start"":14.63,""end"":15.13,""score"":0.903},{""word"":""These"",""start"":15.691,""end"":15.871,""score"":0.972},{""word"":""deliver"",""start"":15.931,""end"":16.331,""score"":0.93},{""word"":""intense"",""start"":16.511,""end"":16.871,""score"":1.0},{""word"":""healing"",""start"":16.971,""end"":17.351,""score"":0.942},{""word"":""while"",""start"":17.832,""end"":18.052,""score"":0.854},{""word"":""smooth"",""start"":18.112,""end"":18.412,""score"":0.813},{""word"":""granules"",""start"":18.452,""end"":18.932,""score"":0.861},{""word"":""buff"",""start"":19.052,""end"":19.313,""score"":0.991},{""word"":""away"",""start"":19.353,""end"":19.673,""score"":0.917},{""word"":""dead"",""start"":20.133,""end"":20.373,""score"":0.976},{""word"":""dry"",""start"":20.693,""end"":21.074,""score"":0.862},{""word"":""skin"",""start"":21.194,""end"":21.474,""score"":0.985},{""word"":""cells."",""start"":21.494,""end"":21.814,""score"":0.661}]",0.07317073170731707,0.055299539170506916,39,0.9285714285714286,0.9512195121951219,0.9397590361445782,0.8863636363636364,0.43902439024390244,1.0,39,0.9512195121951219,0.3234513143776816,0.4972980686695273,0.1549373658798281,0.34183736587982866,0.23506343884120273,0.37047406115879733,1.0
-HeZS2-Prhc$_$2,-HeZS2-Prhc,ok,THE AUGUST JOBS REPORT IS OUT AND IT WAS SEEN OVERALL AS SOLID BUT NOT GREAT,TODAY THE AUGUST JOBS REPORT IS OUT AND IT WAS SEEN OVERALL AS SOLID BUT NOT GREAT THE REPORT,"[{""word"":""today."",""start"":0.14,""end"":0.461,""score"":0.97},{""word"":""The"",""start"":1.722,""end"":1.842,""score"":0.906},{""word"":""August"",""start"":1.943,""end"":2.223,""score"":0.999},{""word"":""jobs"",""start"":2.323,""end"":2.644,""score"":0.791},{""word"":""report"",""start"":2.684,""end"":3.024,""score"":0.958},{""word"":""is"",""start"":3.064,""end"":3.164,""score"":0.752},{""word"":""out"",""start"":3.324,""end"":3.465,""score"":0.994},{""word"":""and"",""start"":3.885,""end"":4.025,""score"":0.847},{""word"":""it"",""start"":4.206,""end"":4.266,""score"":1.0},{""word"":""was"",""start"":4.306,""end"":4.426,""score"":0.993},{""word"":""seen"",""start"":4.486,""end"":4.806,""score"":0.892},{""word"":""overall"",""start"":5.247,""end"":5.728,""score"":0.964},{""word"":""as"",""start"":6.188,""end"":6.288,""score"":0.969},{""word"":""solid"",""start"":6.389,""end"":6.749,""score"":0.999},{""word"":""but"",""start"":6.809,""end"":6.949,""score"":0.847},{""word"":""not"",""start"":7.029,""end"":7.23,""score"":0.913},{""word"":""great."",""start"":7.31,""end"":7.67,""score"":0.807},{""word"":""The"",""start"":7.73,""end"":7.831,""score"":0.809},{""word"":""report"",""start"":7.851,""end"":8.111,""score"":0.989}]",0.1875,0.22950819672131148,16,0.8421052631578947,1.0,0.9142857142857143,0.8421052631578947,0.625,1.0,16,1.0,0.257759596456693,0.5856946358267718,0.15156422244094525,0.32800984251968535,0.267083538385827,0.36862942913385877,1.0
-HwX2H8Z4hY$_$2,-HwX2H8Z4hY,ok,PRESIDENT RONALD REAGAN LOOK AT THE RECORD,MEDIOCRITY,"[{""word"":""mediocrity."",""start"":0.102,""end"":0.804,""score"":0.967}]",1.0,0.8611111111111112,0,0.0,0.0,0.0,0.0,0.42857142857142855,0.7142857142857143,0,0.0,,,,,,,1.0
-HwX2H8Z4hY$_$5,-HwX2H8Z4hY,ok,PRESIDENT RONALD REAGAN BLAMED THE PROFESSIONAL BUREAUCRACY OF EDUCATION,PRESIDENT RONALD REAGAN BLAMED THE PROFESSIONAL BUREAUCRACY OF EDUCATION,"[{""word"":""President"",""start"":0.79,""end"":1.232,""score"":0.999},{""word"":""Ronald"",""start"":1.312,""end"":1.634,""score"":0.944},{""word"":""Reagan"",""start"":1.694,""end"":2.116,""score"":0.89},{""word"":""blamed"",""start"":2.196,""end"":2.558,""score"":0.919},{""word"":""the"",""start"":2.638,""end"":2.739,""score"":0.905},{""word"":""professional"",""start"":2.779,""end"":3.402,""score"":0.959},{""word"":""bureaucracy"",""start"":3.442,""end"":4.185,""score"":0.826},{""word"":""of"",""start"":4.306,""end"":4.386,""score"":1.0},{""word"":""education."",""start"":4.446,""end"":5.049,""score"":1.0}]",0.0,0.0,9,1.0,1.0,1.0,1.0,0.2222222222222222,1.0,9,1.0,0.17218150436046553,0.38189654796511635,0.11513789970930244,0.25829262354651156,0.16904487645348865,0.27662243822674426,1.0
-HwX2H8Z4hY$_$6,-HwX2H8Z4hY,ok,AND IN PART AL SHANKER DID TOO,AND IN PART AL SCHENKER DID TOO,"[{""word"":""And"",""start"":0.574,""end"":0.634,""score"":0.91},{""word"":""in"",""start"":0.695,""end"":0.755,""score"":0.914},{""word"":""part,"",""start"":0.815,""end"":1.176,""score"":0.947},{""word"":""Al"",""start"":1.557,""end"":1.658,""score"":0.985},{""word"":""Schenker"",""start"":1.718,""end"":2.159,""score"":0.752},{""word"":""did"",""start"":2.26,""end"":2.44,""score"":0.899},{""word"":""too."",""start"":2.501,""end"":2.781,""score"":0.953}]",0.14285714285714285,0.08333333333333333,6,0.8571428571428571,0.8571428571428571,0.8571428571428571,0.75,0.2857142857142857,1.0,6,0.8571428571428571,0.25281683168316804,0.4773217821782178,0.17921782178217804,0.2860247524752475,0.23860643564356437,0.32003712871287127,1.0
-HwX2H8Z4hY$_$9,-HwX2H8Z4hY,ok,IT IS A WORD WHICH THE ADMINISTRATOR USES WHEN HE TURNS AROUND ANYTHING WHICH HE DOESN'T LIKE THAT THE TEACHER IS DOING,IT IS A WORD WHICH THE ADMINISTRATOR USES WHEN HE TURNS AROUND ANYTHING WHICH HE DOESN'T LIKE THE TEACHER IS DOING,"[{""word"":""It"",""start"":0.562,""end"":0.622,""score"":0.568},{""word"":""is"",""start"":0.682,""end"":0.743,""score"":0.956},{""word"":""a"",""start"":0.823,""end"":0.863,""score"":0.671},{""word"":""word"",""start"":0.903,""end"":1.203,""score"":0.992},{""word"":""which"",""start"":1.444,""end"":1.604,""score"":0.901},{""word"":""the"",""start"":1.664,""end"":1.744,""score"":0.999},{""word"":""administrator"",""start"":1.785,""end"":3.929,""score"":0.825},{""word"":""uses"",""start"":4.029,""end"":4.269,""score"":0.912},{""word"":""when"",""start"":4.309,""end"":4.43,""score"":0.967},{""word"":""he"",""start"":4.45,""end"":4.53,""score"":0.808},{""word"":""turns"",""start"":4.55,""end"":4.831,""score"":0.81},{""word"":""around"",""start"":4.871,""end"":5.131,""score"":0.649},{""word"":""anything"",""start"":5.191,""end"":5.492,""score"":0.999},{""word"":""which"",""start"":5.532,""end"":5.632,""score"":0.997},{""word"":""he"",""start"":5.672,""end"":5.752,""score"":0.812},{""word"":""doesn't"",""start"":5.772,""end"":6.013,""score"":0.883},{""word"":""like"",""start"":6.053,""end"":6.233,""score"":0.894},{""word"":""the"",""start"":6.253,""end"":6.414,""score"":0.665},{""word"":""teacher"",""start"":6.454,""end"":6.754,""score"":0.683},{""word"":""is"",""start"":6.794,""end"":6.854,""score"":0.467},{""word"":""doing."",""start"":6.875,""end"":7.155,""score"":0.737}]",0.045454545454545456,0.04081632653061224,21,1.0,0.9545454545454546,0.9767441860465117,0.9545454545454546,0.8181818181818182,1.0,21,0.9545454545454546,0.14899435399159666,0.5295676207983193,0.11733574054621843,0.28880265231092395,0.16239568014705874,0.2880579044117644,1.0
-I_e4mIh0yE$_$1,-I_e4mIh0yE,ok,IN THE UNITED STATES WE DON'T PUNISH FAILURE TO THE DEGREE TO WHICH FAILURE IS PUNISHED IN EUROPE,IN THE UNITED STATES WE DON'T PUNISH FAILURE TO THE DEGREE TO WHICH FAILURE IS PUNISHED IN EUROPE,"[{""word"":""In"",""start"":0.824,""end"":0.884,""score"":0.752},{""word"":""the"",""start"":0.904,""end"":0.964,""score"":0.999},{""word"":""United"",""start"":1.024,""end"":1.305,""score"":1.0},{""word"":""States,"",""start"":1.345,""end"":1.606,""score"":1.0},{""word"":""we"",""start"":1.666,""end"":1.766,""score"":1.0},{""word"":""don't"",""start"":1.866,""end"":2.087,""score"":0.899},{""word"":""punish"",""start"":2.187,""end"":2.528,""score"":1.0},{""word"":""failure"",""start"":2.648,""end"":3.089,""score"":1.0},{""word"":""to"",""start"":3.53,""end"":3.65,""score"":1.0},{""word"":""the"",""start"":3.69,""end"":3.75,""score"":0.999},{""word"":""degree"",""start"":3.79,""end"":4.171,""score"":1.0},{""word"":""to"",""start"":4.251,""end"":4.352,""score"":0.963},{""word"":""which"",""start"":4.432,""end"":4.652,""score"":0.9},{""word"":""failure"",""start"":4.893,""end"":5.294,""score"":0.935},{""word"":""is"",""start"":5.354,""end"":5.414,""score"":0.754},{""word"":""punished"",""start"":5.494,""end"":5.895,""score"":0.934},{""word"":""in"",""start"":6.356,""end"":6.436,""score"":0.996},{""word"":""Europe."",""start"":6.617,""end"":6.877,""score"":0.927}]",0.0,0.0,18,1.0,1.0,1.0,1.0,0.1111111111111111,1.0,18,1.0,0.2637720905172415,0.489462823275862,0.13694504310344824,0.36322235991379287,0.21312186826508606,0.4014729593211202,1.0
-I_e4mIh0yE$_$3,-I_e4mIh0yE,ok,IT'S PERCEIVED THAT YOU HAVE ACTUALLY LEARNED SOMETHING OVER THE COURSE OF YOUR CARREER AND THAT YOU WON'T MAKE THE MISTAKE TWICE,IT'S PERCEIVED THAT YOU'VE ACTUALLY LEARNED SOMETHING OVER THE COURSE OF YOUR CAREER AND THAT YOU WON'T MAKE THE MISTAKE TWICE,"[{""word"":""It's"",""start"":0.594,""end"":0.714,""score"":0.924},{""word"":""perceived"",""start"":0.895,""end"":1.456,""score"":0.95},{""word"":""that"",""start"":1.536,""end"":3.06,""score"":0.612},{""word"":""you've"",""start"":3.2,""end"":3.361,""score"":0.9},{""word"":""actually"",""start"":3.421,""end"":3.702,""score"":0.884},{""word"":""learned"",""start"":3.822,""end"":4.123,""score"":0.832},{""word"":""something"",""start"":4.243,""end"":4.724,""score"":0.942},{""word"":""over"",""start"":5.486,""end"":5.626,""score"":0.757},{""word"":""the"",""start"":5.646,""end"":5.726,""score"":0.834},{""word"":""course"",""start"":5.746,""end"":5.947,""score"":0.837},{""word"":""of"",""start"":5.967,""end"":6.027,""score"":0.742},{""word"":""your"",""start"":6.067,""end"":6.167,""score"":0.995},{""word"":""career"",""start"":6.207,""end"":6.448,""score"":1.0},{""word"":""and"",""start"":6.468,""end"":6.548,""score"":0.84},{""word"":""that"",""start"":6.568,""end"":6.669,""score"":0.97},{""word"":""you"",""start"":6.709,""end"":6.809,""score"":1.0},{""word"":""won't"",""start"":6.869,""end"":7.049,""score"":0.854},{""word"":""make"",""start"":7.35,""end"":7.531,""score"":0.849},{""word"":""the"",""start"":7.551,""end"":7.631,""score"":0.823},{""word"":""mistake"",""start"":7.651,""end"":7.992,""score"":0.986},{""word"":""twice."",""start"":8.072,""end"":8.393,""score"":0.998}]",0.13636363636363635,0.027777777777777776,19,0.9047619047619048,0.8636363636363636,0.8837209302325582,0.7916666666666666,0.4090909090909091,1.0,19,0.8636363636363636,0.2011908482142859,1.3278071428571423,0.11140290178571544,0.6258613839285713,0.15648660714285767,0.8336104910714273,1.0
-MeTTeMJBNc$_$0,-MeTTeMJBNc,ok,OKAY WHAT HAPPENS AT THIS POINT AFTER WE'VE TAKEN THIS BRIEF WALK DOWN MEMORY LANE IS THE PRESENTATION OF THE GIFT,OKAY WHAT HAPPENS AT THIS POINT AFTER WE'VE TAKEN THIS BRIEF WALK DOWN MEMORY LANE IS THE PRESENTATION OF THE GIFT,"[{""word"":""Okay,"",""start"":0.99,""end"":1.25,""score"":0.512},{""word"":""what"",""start"":1.37,""end"":1.551,""score"":0.804},{""word"":""happens"",""start"":1.651,""end"":2.111,""score"":0.872},{""word"":""at"",""start"":2.191,""end"":2.271,""score"":0.756},{""word"":""this"",""start"":2.311,""end"":2.492,""score"":0.879},{""word"":""point"",""start"":2.612,""end"":2.952,""score"":0.992},{""word"":""after"",""start"":3.172,""end"":3.413,""score"":1.0},{""word"":""we've"",""start"":3.453,""end"":3.693,""score"":0.722},{""word"":""taken"",""start"":3.713,""end"":4.013,""score"":1.0},{""word"":""this"",""start"":4.053,""end"":4.233,""score"":0.847},{""word"":""brief"",""start"":4.454,""end"":4.754,""score"":0.934},{""word"":""walk"",""start"":4.874,""end"":5.174,""score"":0.88},{""word"":""down"",""start"":5.254,""end"":5.495,""score"":0.917},{""word"":""memory"",""start"":5.555,""end"":5.915,""score"":0.951},{""word"":""lane"",""start"":5.975,""end"":6.335,""score"":0.94},{""word"":""is"",""start"":6.836,""end"":6.916,""score"":1.0},{""word"":""the"",""start"":6.976,""end"":7.056,""score"":1.0},{""word"":""presentation"",""start"":7.116,""end"":7.897,""score"":1.0},{""word"":""of"",""start"":7.957,""end"":8.017,""score"":1.0},{""word"":""the"",""start"":8.077,""end"":8.157,""score"":0.999},{""word"":""gift."",""start"":8.217,""end"":8.658,""score"":0.968}]",0.0,0.0,21,1.0,1.0,1.0,1.0,0.09523809523809523,1.0,21,1.0,0.27133307926829175,0.5266541811846697,0.17224684233449494,0.3447028527874565,0.24862597996515667,0.3425747495644602,1.0
-MeTTeMJBNc$_$13,-MeTTeMJBNc,ok,IT JUST NEEDS TO BE A SIMPLE STATEMENT AND THEN YOU PRESENT THE GIFT,WHATEVER IT IS IT JUST NEEDS TO BE A SIMPLE STATEMENT AND THEN YOU PRESENT THE GIFT,"[{""word"":""Whatever"",""start"":0.0,""end"":0.181,""score"":0.062},{""word"":""it"",""start"":0.201,""end"":0.241,""score"":0.0},{""word"":""is,"",""start"":0.341,""end"":0.482,""score"":1.0},{""word"":""it"",""start"":0.502,""end"":0.944,""score"":0.885},{""word"":""just"",""start"":1.045,""end"":1.366,""score"":0.908},{""word"":""needs"",""start"":1.446,""end"":1.667,""score"":0.998},{""word"":""to"",""start"":1.707,""end"":1.808,""score"":0.835},{""word"":""be"",""start"":1.848,""end"":1.989,""score"":0.82},{""word"":""a"",""start"":2.029,""end"":2.049,""score"":0.997},{""word"":""simple"",""start"":2.19,""end"":2.571,""score"":0.976},{""word"":""statement"",""start"":2.652,""end"":3.214,""score"":1.0},{""word"":""and"",""start"":3.596,""end"":3.676,""score"":0.841},{""word"":""then"",""start"":3.696,""end"":3.817,""score"":0.887},{""word"":""you"",""start"":3.837,""end"":3.957,""score"":0.785},{""word"":""present"",""start"":3.998,""end"":4.379,""score"":0.952},{""word"":""the"",""start"":4.399,""end"":4.5,""score"":0.835},{""word"":""gift."",""start"":4.52,""end"":4.881,""score"":1.0}]",0.21428571428571427,0.21818181818181817,14,0.8235294117647058,1.0,0.9032258064516129,0.8235294117647058,0.07142857142857142,1.0,14,1.0,0.16015950920245425,0.38713834355828264,0.13015950920245434,0.3492932515337431,0.1513865030674849,0.31732262269938694,1.0
-MeTTeMJBNc$_$7,-MeTTeMJBNc,ok,MAYBE YOU COULD FIND A PICTURE OF THE COUPLE FROM THEIR WEDDING OR SOMETIME IN THEIR LIFE OR MAYBE EVEN A CURRENT PICTURE AND HAVE IT PUT IN A BEAUTIFUL FRAME,MAYBE YOU COULD FIND A PICTURE OF THE COUPLE FROM THEIR WEDDING OR SOMETIME IN THEIR LIFE OR MAYBE EVEN A CURRENT PICTURE AND HAVE IT PUT IN A BEAUTIFUL FRAME,"[{""word"":""Maybe"",""start"":0.523,""end"":0.763,""score"":0.995},{""word"":""you"",""start"":0.803,""end"":0.924,""score"":0.984},{""word"":""could"",""start"":0.964,""end"":1.144,""score"":0.932},{""word"":""find"",""start"":1.565,""end"":1.885,""score"":0.92},{""word"":""a"",""start"":1.926,""end"":1.966,""score"":0.567},{""word"":""picture"",""start"":2.026,""end"":2.406,""score"":0.994},{""word"":""of"",""start"":2.467,""end"":2.547,""score"":0.804},{""word"":""the"",""start"":2.567,""end"":2.667,""score"":0.983},{""word"":""couple"",""start"":2.707,""end"":3.068,""score"":0.918},{""word"":""from"",""start"":3.148,""end"":3.449,""score"":0.891},{""word"":""their"",""start"":3.729,""end"":3.889,""score"":0.896},{""word"":""wedding"",""start"":3.95,""end"":4.411,""score"":0.966},{""word"":""or"",""start"":4.671,""end"":4.771,""score"":1.0},{""word"":""sometime"",""start"":4.912,""end"":5.352,""score"":0.899},{""word"":""in"",""start"":5.392,""end"":5.453,""score"":0.992},{""word"":""their"",""start"":5.493,""end"":5.633,""score"":0.905},{""word"":""life"",""start"":5.713,""end"":6.074,""score"":0.997},{""word"":""or"",""start"":6.154,""end"":6.214,""score"":1.0},{""word"":""maybe"",""start"":6.274,""end"":6.515,""score"":0.932},{""word"":""even"",""start"":6.575,""end"":6.755,""score"":0.876},{""word"":""a"",""start"":6.795,""end"":6.815,""score"":0.999},{""word"":""current"",""start"":6.895,""end"":7.316,""score"":0.96},{""word"":""picture"",""start"":7.376,""end"":7.797,""score"":0.982},{""word"":""and"",""start"":8.198,""end"":8.298,""score"":0.862},{""word"":""have"",""start"":8.338,""end"":8.439,""score"":1.0},{""word"":""it"",""start"":8.499,""end"":8.539,""score"":0.999},{""word"":""put"",""start"":8.599,""end"":8.739,""score"":1.0},{""word"":""in"",""start"":8.779,""end"":8.839,""score"":0.928},{""word"":""a"",""start"":8.879,""end"":8.92,""score"":0.498},{""word"":""beautiful"",""start"":8.94,""end"":9.32,""score"":0.934},{""word"":""frame."",""start"":9.401,""end"":9.821,""score"":0.969}]",0.0,0.0,31,1.0,1.0,1.0,1.0,0.03225806451612903,1.0,31,1.0,0.22366232638889016,0.5014930555555561,0.16392274305555565,0.36551128472222283,0.2525381944444447,0.40470052083333474,1.0
-NFrJFQijFE$_$1,-NFrJFQijFE,ok,STRUCTURAL MOUNTS INSIDE HAVE TO BE PROPERLY STRESS ANALYZED SO WE MAKE SURE ALL THAT HAPPENS,,[],1.0,1.0,0,0.0,0.0,0.0,0.0,1.0,0.3125,0,0.0,,,,,,,0.0
-NFrJFQijFE$_$2,-NFrJFQijFE,ok,SO WE COORDINATE WITH ALL THE PROPER TECHNICAL FIELDS TO GET READY FOR THE INSTRUMENT TO ARRIVE HERE,HAWKS SENSE OF HEARING IS EXCELLENT AND THEIR EYESIGHT,"[{""word"":""Hawks'"",""start"":3.67,""end"":3.951,""score"":0.59},{""word"":""sense"",""start"":4.091,""end"":4.292,""score"":1.0},{""word"":""of"",""start"":4.352,""end"":4.412,""score"":1.0},{""word"":""hearing"",""start"":4.472,""end"":4.813,""score"":0.997},{""word"":""is"",""start"":4.893,""end"":4.953,""score"":1.0},{""word"":""excellent,"",""start"":5.114,""end"":5.555,""score"":0.925},{""word"":""and"",""start"":6.076,""end"":6.157,""score"":0.636},{""word"":""their"",""start"":6.177,""end"":6.317,""score"":0.879},{""word"":""eyesight"",""start"":6.417,""end"":6.678,""score"":0.538}]",1.0,0.7590361445783133,0,0.0,0.0,0.0,0.0,1.0,0.5,0,0.0,,,,,,,1.0
-RfYyzHpjk4$_$11,-RfYyzHpjk4,ok,SO GET YOUR FRIENDS LINED UP GET YOUR BUSINESS COLLEAGUES LINED UP AND HAVE A GOOD TIME,SO GET YOUR FRIENDS LINED UP GET YOUR BUSINESS COLLEAGUES LINED UP AND HAVE A GOOD TIME,"[{""word"":""So"",""start"":0.598,""end"":1.22,""score"":0.922},{""word"":""get"",""start"":1.321,""end"":1.481,""score"":0.896},{""word"":""your"",""start"":1.501,""end"":1.622,""score"":0.862},{""word"":""friends"",""start"":1.642,""end"":1.863,""score"":0.779},{""word"":""lined"",""start"":1.923,""end"":2.164,""score"":0.868},{""word"":""up,"",""start"":2.224,""end"":2.325,""score"":0.976},{""word"":""get"",""start"":2.385,""end"":2.545,""score"":0.842},{""word"":""your"",""start"":2.566,""end"":2.686,""score"":0.857},{""word"":""business"",""start"":2.726,""end"":2.967,""score"":0.958},{""word"":""colleagues"",""start"":2.987,""end"":3.308,""score"":0.942},{""word"":""lined"",""start"":3.348,""end"":3.589,""score"":0.983},{""word"":""up,"",""start"":3.65,""end"":3.77,""score"":0.989},{""word"":""and"",""start"":3.79,""end"":3.891,""score"":0.822},{""word"":""have"",""start"":3.911,""end"":4.031,""score"":0.867},{""word"":""a"",""start"":4.071,""end"":4.091,""score"":0.976},{""word"":""good"",""start"":4.131,""end"":4.272,""score"":1.0},{""word"":""time."",""start"":4.312,""end"":4.533,""score"":0.959}]",0.0,0.0,17,1.0,1.0,1.0,1.0,0.35294117647058826,1.0,17,1.0,0.1684853639240509,0.2264761867088609,0.12848536392405085,0.21048156645569688,0.1628215981012664,0.18931898734177227,1.0
-RfYyzHpjk4$_$2,-RfYyzHpjk4,ok,YOU CAN MAKE A CONFERENCE CALL BUT IT TAKES QUITE A BIT OF PLANNING WELL NOT A LOT OF PLANNING IT'S PRETTY EASY TO DO,IT CAN MAKE A CONFERENCE CALL BUT IT TAKES QUITE A BIT OF PLANNING WELL NOT A LOT OF PLANNING IT'S PRETTY EASY TO DO,"[{""word"":""It"",""start"":0.578,""end"":0.618,""score"":0.0},{""word"":""can"",""start"":0.638,""end"":0.738,""score"":0.421},{""word"":""make"",""start"":0.759,""end"":0.899,""score"":0.883},{""word"":""a"",""start"":0.919,""end"":0.959,""score"":0.441},{""word"":""conference"",""start"":0.999,""end"":1.34,""score"":0.945},{""word"":""call,"",""start"":1.36,""end"":1.541,""score"":0.92},{""word"":""but"",""start"":1.561,""end"":1.661,""score"":0.841},{""word"":""it"",""start"":1.681,""end"":1.741,""score"":0.484},{""word"":""takes"",""start"":1.761,""end"":1.982,""score"":0.422},{""word"":""quite"",""start"":2.022,""end"":2.243,""score"":0.558},{""word"":""a"",""start"":2.283,""end"":2.303,""score"":0.827},{""word"":""bit"",""start"":2.323,""end"":2.443,""score"":0.784},{""word"":""of"",""start"":2.463,""end"":2.524,""score"":0.965},{""word"":""planning."",""start"":2.564,""end"":2.825,""score"":0.645},{""word"":""Well,"",""start"":2.845,""end"":2.965,""score"":0.673},{""word"":""not"",""start"":2.985,""end"":3.085,""score"":0.898},{""word"":""a"",""start"":3.125,""end"":3.145,""score"":0.995},{""word"":""lot"",""start"":3.186,""end"":3.326,""score"":0.846},{""word"":""of"",""start"":3.366,""end"":3.406,""score"":0.996},{""word"":""planning."",""start"":3.446,""end"":3.787,""score"":0.885},{""word"":""It's"",""start"":3.807,""end"":3.928,""score"":0.861},{""word"":""pretty"",""start"":3.988,""end"":4.229,""score"":0.917},{""word"":""easy"",""start"":4.269,""end"":4.469,""score"":1.0},{""word"":""to"",""start"":4.509,""end"":4.61,""score"":0.836},{""word"":""do."",""start"":4.65,""end"":4.81,""score"":1.0}]",0.04,0.03225806451612903,24,0.96,0.96,0.96,0.9230769230769231,0.4,1.0,24,0.96,0.11067252994011956,0.1688417290419162,0.0768156811377243,0.13915407934131738,0.10408654565868258,0.14391248128742476,1.0
-RfYyzHpjk4$_$8,-RfYyzHpjk4,ok,IT'S PRETTY PRETTY EASY TO DO BUT YOU GOT TO SET UP THOSE NUMBERS AHEAD OF TIME,PRETTY EASY TO DO BUT YOU'VE GOT TO SET UP THOSE NUMBERS AHEAD OF TIME,"[{""word"":""pretty"",""start"":1.019,""end"":1.28,""score"":0.911},{""word"":""easy"",""start"":1.34,""end"":1.541,""score"":1.0},{""word"":""to"",""start"":1.581,""end"":1.661,""score"":1.0},{""word"":""do,"",""start"":1.702,""end"":1.862,""score"":1.0},{""word"":""but"",""start"":1.922,""end"":2.003,""score"":0.869},{""word"":""you've"",""start"":2.023,""end"":2.183,""score"":0.879},{""word"":""got"",""start"":2.203,""end"":2.304,""score"":0.91},{""word"":""to"",""start"":2.324,""end"":2.404,""score"":0.83},{""word"":""set"",""start"":2.444,""end"":2.645,""score"":0.863},{""word"":""up"",""start"":2.705,""end"":2.806,""score"":0.706},{""word"":""those"",""start"":2.826,""end"":3.006,""score"":0.834},{""word"":""numbers"",""start"":3.047,""end"":3.307,""score"":0.976},{""word"":""ahead"",""start"":3.368,""end"":3.568,""score"":0.904},{""word"":""of"",""start"":3.609,""end"":3.669,""score"":0.756},{""word"":""time."",""start"":3.709,""end"":3.99,""score"":0.985}]",0.17647058823529413,0.20634920634920634,14,0.9333333333333333,0.8235294117647058,0.8749999999999999,0.7777777777777778,0.17647058823529413,1.0,14,0.8235294117647058,0.17984441489361713,0.28049618794326275,0.12335593971631198,0.2204961879432627,0.14533266843971626,0.2245603723404257,1.0
-THoVjtIkeU$_$12,-THoVjtIkeU,ok,WHAT EVER WE TURN OUR ATTENTION TO IS WHAT GROWS AND SO IF WE BELIEVE THAT ANYTHING IS POSSIBLE IF WE BELIEVE THAT SOCIAL JUSTICE CAN BE ACHIEVED AND IF WE BELIEVE IN YOUTH THEY WILL BELIEVE IN THEMSELVES,WHATEVER WE TURN OUR ATTENTION TO IS WHAT GROWS AND SO IF WE BELIEVE THAT ANYTHING IS POSSIBLE IF WE BELIEVE THAT SOCIAL JUSTICE CAN BE ACHIEVED AND IF WE BELIEVE IN YOUTH THEY WILL BELIEVE IN THEMSELVES,"[{""word"":""whatever"",""start"":1.635,""end"":1.955,""score"":0.966},{""word"":""we"",""start"":1.995,""end"":2.095,""score"":1.0},{""word"":""turn"",""start"":2.135,""end"":2.316,""score"":0.961},{""word"":""our"",""start"":2.356,""end"":2.436,""score"":0.833},{""word"":""attention"",""start"":2.456,""end"":2.876,""score"":0.919},{""word"":""to"",""start"":2.936,""end"":3.116,""score"":1.0},{""word"":""is"",""start"":3.256,""end"":3.316,""score"":0.757},{""word"":""what"",""start"":3.356,""end"":3.477,""score"":0.879},{""word"":""grows."",""start"":3.517,""end"":3.877,""score"":1.0},{""word"":""And"",""start"":4.377,""end"":4.457,""score"":1.0},{""word"":""so"",""start"":4.517,""end"":4.678,""score"":1.0},{""word"":""if"",""start"":4.738,""end"":4.798,""score"":0.75},{""word"":""we"",""start"":4.878,""end"":4.998,""score"":1.0},{""word"":""believe"",""start"":5.058,""end"":5.538,""score"":0.934},{""word"":""that"",""start"":5.658,""end"":5.759,""score"":0.998},{""word"":""anything"",""start"":5.839,""end"":6.139,""score"":0.92},{""word"":""is"",""start"":6.179,""end"":6.239,""score"":0.826},{""word"":""possible,"",""start"":6.299,""end"":6.719,""score"":0.963},{""word"":""if"",""start"":6.759,""end"":6.839,""score"":0.758},{""word"":""we"",""start"":6.92,""end"":7.1,""score"":1.0},{""word"":""believe"",""start"":7.56,""end"":8.101,""score"":0.923},{""word"":""that"",""start"":8.541,""end"":8.841,""score"":0.974},{""word"":""social"",""start"":9.462,""end"":9.742,""score"":1.0},{""word"":""justice"",""start"":9.782,""end"":10.142,""score"":0.888},{""word"":""can"",""start"":10.182,""end"":10.383,""score"":0.925},{""word"":""be"",""start"":10.423,""end"":10.503,""score"":1.0},{""word"":""achieved,"",""start"":10.543,""end"":10.963,""score"":0.888},{""word"":""and"",""start"":10.983,""end"":11.063,""score"":0.831},{""word"":""if"",""start"":11.083,""end"":11.143,""score"":1.0},{""word"":""we"",""start"":11.183,""end"":11.283,""score"":1.0},{""word"":""believe"",""start"":11.323,""end"":11.804,""score"":0.929},{""word"":""in"",""start"":11.964,""end"":12.044,""score"":0.888},{""word"":""youth,"",""start"":12.124,""end"":12.384,""score"":0.966},{""word"":""they"",""start"":13.105,""end"":13.225,""score"":0.794},{""word"":""will"",""start"":13.245,""end"":13.365,""score"":0.997},{""word"":""believe"",""start"":13.385,""end"":13.585,""score"":0.93},{""word"":""in"",""start"":13.605,""end"":13.665,""score"":0.73},{""word"":""themselves."",""start"":13.685,""end"":14.166,""score"":0.952}]",0.05128205128205128,0.0,37,0.9736842105263158,0.9487179487179487,0.9610389610389611,0.925,0.10256410256410256,1.0,37,0.9487179487179487,0.2062221996753255,0.489887581168832,0.14292918019480627,0.32483323863636393,0.21182893668831237,0.3396865259740261,1.0
-THoVjtIkeU$_$2,-THoVjtIkeU,ok,I THINK SOCIAL JUSTICE IS EXTREMELY IMPORTANT FOR YOUNG PEOPLE,I THINK SOCIAL JUSTICE IS EXTREMELY IMPORTANT FOR YOUNG PEOPLE,"[{""word"":""I"",""start"":0.042,""end"":0.102,""score"":0.921},{""word"":""think"",""start"":0.183,""end"":0.424,""score"":0.961},{""word"":""social"",""start"":1.208,""end"":1.449,""score"":0.998},{""word"":""justice"",""start"":1.489,""end"":1.811,""score"":0.94},{""word"":""is"",""start"":1.851,""end"":1.932,""score"":0.752},{""word"":""extremely"",""start"":1.972,""end"":2.374,""score"":0.836},{""word"":""important"",""start"":2.414,""end"":2.816,""score"":0.952},{""word"":""for"",""start"":2.876,""end"":3.037,""score"":0.779},{""word"":""young"",""start"":3.097,""end"":3.278,""score"":0.836},{""word"":""people."",""start"":3.318,""end"":3.66,""score"":0.957}]",0.0,0.0,10,1.0,1.0,1.0,1.0,0.2,1.0,10,1.0,0.2591335877862595,0.3813720896946563,0.24548759541984727,0.3178728053435113,0.23938358778625934,0.33051156965648837,1.0
-THoVjtIkeU$_$6,-THoVjtIkeU,ok,YOU KNOW THAT I THINK LISTENING TO YOUNG PEOPLE TAKING IN WHAT THEY HAVE TO SAY BECAUSE WHAT WE HAVE SEEN ALL AROUND THE WORLD IS THE POWER OF YOUTH,YOU KNOW I THINK THAT LISTENING TO YOUNG PEOPLE TAKING IN WHAT THEY HAVE TO SAY BECAUSE WHAT WE'VE SEEN ALL AROUND THE WORLD IS THE POWER OF YOUTH,"[{""word"":""You"",""start"":0.502,""end"":0.562,""score"":0.794},{""word"":""know,"",""start"":0.602,""end"":0.743,""score"":0.978},{""word"":""I"",""start"":0.783,""end"":0.843,""score"":0.788},{""word"":""think"",""start"":0.903,""end"":1.104,""score"":1.0},{""word"":""that"",""start"":1.224,""end"":1.364,""score"":0.97},{""word"":""listening"",""start"":1.485,""end"":1.886,""score"":1.0},{""word"":""to"",""start"":1.946,""end"":2.006,""score"":1.0},{""word"":""young"",""start"":2.066,""end"":2.247,""score"":0.913},{""word"":""people,"",""start"":2.287,""end"":2.608,""score"":0.997},{""word"":""taking"",""start"":2.688,""end"":3.029,""score"":1.0},{""word"":""in"",""start"":3.089,""end"":3.17,""score"":1.0},{""word"":""what"",""start"":3.23,""end"":3.37,""score"":0.88},{""word"":""they"",""start"":3.41,""end"":3.551,""score"":0.91},{""word"":""have"",""start"":3.591,""end"":3.751,""score"":0.952},{""word"":""to"",""start"":3.791,""end"":3.871,""score"":1.0},{""word"":""say,"",""start"":3.932,""end"":4.172,""score"":1.0},{""word"":""because"",""start"":4.212,""end"":4.453,""score"":1.0},{""word"":""what"",""start"":4.874,""end"":4.995,""score"":1.0},{""word"":""we've"",""start"":5.015,""end"":5.195,""score"":0.932},{""word"":""seen"",""start"":5.255,""end"":5.456,""score"":1.0},{""word"":""all"",""start"":5.576,""end"":5.697,""score"":0.976},{""word"":""around"",""start"":5.737,""end"":5.937,""score"":0.974},{""word"":""the"",""start"":5.977,""end"":6.058,""score"":0.834},{""word"":""world"",""start"":6.078,""end"":6.379,""score"":1.0},{""word"":""is"",""start"":6.499,""end"":6.579,""score"":1.0},{""word"":""the"",""start"":6.619,""end"":6.699,""score"":0.871},{""word"":""power"",""start"":6.74,""end"":7.101,""score"":0.934},{""word"":""of"",""start"":7.141,""end"":7.181,""score"":1.0},{""word"":""youth."",""start"":7.261,""end"":7.502,""score"":0.975}]",0.13333333333333333,0.07563025210084033,28,0.9655172413793104,0.9333333333333333,0.9491525423728815,0.9032258064516129,0.13333333333333333,0.9333333333333333,27,0.9,0.1843954133064516,0.39156426411290285,0.13500428427419342,0.307502772177419,0.18501297883064494,0.2684634072580643,1.0
-UUCSKoHeMA$_$0,-UUCSKoHeMA,ok,I MENTIONED A WORD IN THE LAST CLIP CALLED MONOTONE AND I WANT TO TALK ABOUT THAT BRIEFLY,OK I MENTIONED A WORD IN THE LAST CLIP CALLED MONOTONE AND I WANT TO TALK ABOUT THAT BRIEFLY,"[{""word"":""OK,"",""start"":1.246,""end"":1.486,""score"":0.926},{""word"":""I"",""start"":1.526,""end"":1.606,""score"":0.767},{""word"":""mentioned"",""start"":1.646,""end"":2.027,""score"":0.944},{""word"":""a"",""start"":2.067,""end"":2.087,""score"":0.988},{""word"":""word"",""start"":2.147,""end"":2.487,""score"":0.794},{""word"":""in"",""start"":2.687,""end"":2.747,""score"":0.996},{""word"":""the"",""start"":2.787,""end"":2.868,""score"":0.86},{""word"":""last"",""start"":2.908,""end"":3.248,""score"":0.934},{""word"":""clip"",""start"":3.308,""end"":3.648,""score"":0.938},{""word"":""called"",""start"":3.748,""end"":4.029,""score"":0.906},{""word"":""monotone,"",""start"":4.169,""end"":5.01,""score"":0.878},{""word"":""and"",""start"":5.47,""end"":5.55,""score"":0.836},{""word"":""I"",""start"":5.57,""end"":5.61,""score"":0.501},{""word"":""want"",""start"":5.65,""end"":5.77,""score"":0.952},{""word"":""to"",""start"":5.79,""end"":5.87,""score"":0.816},{""word"":""talk"",""start"":5.91,""end"":6.151,""score"":0.918},{""word"":""about"",""start"":6.191,""end"":6.431,""score"":0.997},{""word"":""that"",""start"":6.491,""end"":6.651,""score"":0.999},{""word"":""briefly."",""start"":6.711,""end"":7.212,""score"":0.959}]",0.05555555555555555,0.027777777777777776,18,0.9473684210526315,1.0,0.972972972972973,0.9473684210526315,0.3333333333333333,1.0,18,1.0,0.20237499999999997,0.561353786307054,0.1450093360995851,0.28741265560166,0.18769009336099618,0.36256332987551904,1.0
-UacrmKiTn4$_$10,-UacrmKiTn4,ok,BECAUSE IF THEY ARE NOT IN ANY WAY HELD ACCOUNTABLE FOR READING THE MATERIAL THEY WON'T DO IT,READING IT BECAUSE IF THEY ARE NOT IN ANY WAY HELD ACCOUNTABLE FOR READING THE MATERIAL THEY WON'T DO IT,"[{""word"":""reading"",""start"":0.022,""end"":0.343,""score"":0.929},{""word"":""it"",""start"":0.403,""end"":0.463,""score"":1.0},{""word"":""because"",""start"":0.523,""end"":0.823,""score"":0.894},{""word"":""if"",""start"":0.864,""end"":0.944,""score"":1.0},{""word"":""they"",""start"":1.004,""end"":1.164,""score"":1.0},{""word"":""are"",""start"":1.204,""end"":1.304,""score"":0.92},{""word"":""not"",""start"":1.384,""end"":1.665,""score"":1.0},{""word"":""in"",""start"":2.226,""end"":2.286,""score"":0.986},{""word"":""any"",""start"":2.426,""end"":2.587,""score"":0.896},{""word"":""way"",""start"":2.647,""end"":2.807,""score"":1.0},{""word"":""held"",""start"":2.887,""end"":3.087,""score"":1.0},{""word"":""accountable"",""start"":3.148,""end"":3.829,""score"":0.969},{""word"":""for"",""start"":3.969,""end"":4.189,""score"":1.0},{""word"":""reading"",""start"":4.27,""end"":4.57,""score"":1.0},{""word"":""the"",""start"":4.61,""end"":4.67,""score"":0.999},{""word"":""material,"",""start"":4.71,""end"":5.331,""score"":0.937},{""word"":""they"",""start"":5.973,""end"":6.113,""score"":1.0},{""word"":""won't"",""start"":6.153,""end"":6.353,""score"":0.901},{""word"":""do"",""start"":6.413,""end"":6.554,""score"":1.0},{""word"":""it."",""start"":6.614,""end"":6.694,""score"":0.998}]",0.1111111111111111,0.11842105263157894,18,0.9,1.0,0.9473684210526316,0.9,0.1111111111111111,1.0,18,1.0,0.23647027777777763,0.3971854861111103,0.1485726388888886,0.29950736111111076,0.2109249999999998,0.3091603402777772,1.0
-UacrmKiTn4$_$4,-UacrmKiTn4,ok,JUST GIVEN TO THEIR OWN DEVICES THEY ARE NOT GOING TO READ THE TEXTBOOK,JUST GIVEN TO THEIR OWN DEVICES THEY ARE NOT GOING TO READ THE TEXTBOOK,"[{""word"":""just"",""start"":0.534,""end"":0.715,""score"":0.986},{""word"":""given"",""start"":0.755,""end"":0.976,""score"":1.0},{""word"":""to"",""start"":1.017,""end"":1.097,""score"":0.998},{""word"":""their"",""start"":1.137,""end"":1.278,""score"":1.0},{""word"":""own"",""start"":1.379,""end"":1.499,""score"":0.931},{""word"":""devices."",""start"":1.539,""end"":2.123,""score"":1.0},{""word"":""They"",""start"":2.183,""end"":2.324,""score"":0.887},{""word"":""are"",""start"":2.364,""end"":2.464,""score"":0.834},{""word"":""not"",""start"":2.525,""end"":2.706,""score"":1.0},{""word"":""going"",""start"":2.786,""end"":3.027,""score"":0.95},{""word"":""to"",""start"":3.068,""end"":3.148,""score"":1.0},{""word"":""read"",""start"":3.229,""end"":3.409,""score"":1.0},{""word"":""the"",""start"":3.45,""end"":3.53,""score"":0.834},{""word"":""textbook."",""start"":3.57,""end"":4.133,""score"":0.982}]",0.0,0.0,14,1.0,1.0,1.0,1.0,0.35714285714285715,1.0,14,1.0,0.21062672413793138,0.25914008620689655,0.1498989224137932,0.2094281896551724,0.16947262931034496,0.2065490948275862,1.0
-UuX1xuaiiE$_$0,-UuX1xuaiiE,ok,IT'S AMAZING TO SEE THEIR ENTHUSIASM AND THEIR PASSION,AMAZING TO SEE THEIR ENTHUSIASM AND THEIR PASSION,"[{""word"":""amazing"",""start"":0.274,""end"":0.776,""score"":0.93},{""word"":""to"",""start"":0.877,""end"":0.977,""score"":0.998},{""word"":""see"",""start"":1.057,""end"":1.258,""score"":1.0},{""word"":""their"",""start"":1.318,""end"":1.479,""score"":0.835},{""word"":""enthusiasm"",""start"":1.539,""end"":2.282,""score"":0.932},{""word"":""and"",""start"":2.322,""end"":2.382,""score"":0.969},{""word"":""their"",""start"":2.402,""end"":2.543,""score"":0.795},{""word"":""passion."",""start"":2.563,""end"":3.065,""score"":0.959}]",0.1111111111111111,0.08695652173913043,8,1.0,0.8888888888888888,0.9411764705882353,0.8888888888888888,0.2222222222222222,0.8888888888888888,8,0.8888888888888888,0.1509228603603604,0.30673907657657656,0.17654166666666682,0.27718468468468466,0.1842643581081082,0.2148918355855857,1.0
-UuX1xuaiiE$_$1,-UuX1xuaiiE,ok,AND ALL OF THEM ARE REALLY BEING ABLE TO EXPLORE THESE DIFFERENT AREAS IN DEPTH IN A WAY THAT REALLY WASN'T AVAILABLE BEFORE THE CENTER WAS HERE,AND ALL OF THEM ARE REALLY BEING ABLE TO EXPLORE THESE DIFFERENT AREAS IN DEPTH IN A WAY THAT REALLY WASN'T AVAILABLE BEFORE THE CENTER WAS HERE,"[{""word"":""and"",""start"":0.482,""end"":0.582,""score"":0.896},{""word"":""all"",""start"":0.682,""end"":0.822,""score"":0.861},{""word"":""of"",""start"":0.842,""end"":0.882,""score"":0.996},{""word"":""them"",""start"":0.942,""end"":1.082,""score"":1.0},{""word"":""are"",""start"":1.202,""end"":1.282,""score"":1.0},{""word"":""really"",""start"":1.363,""end"":1.623,""score"":0.946},{""word"":""being"",""start"":1.683,""end"":1.903,""score"":0.891},{""word"":""able"",""start"":2.563,""end"":2.743,""score"":0.919},{""word"":""to"",""start"":2.783,""end"":2.883,""score"":1.0},{""word"":""explore"",""start"":2.944,""end"":3.564,""score"":0.841},{""word"":""these"",""start"":4.044,""end"":4.224,""score"":0.906},{""word"":""different"",""start"":4.524,""end"":4.805,""score"":0.994},{""word"":""areas"",""start"":4.905,""end"":5.185,""score"":0.908},{""word"":""in"",""start"":5.825,""end"":5.965,""score"":0.886},{""word"":""depth"",""start"":6.065,""end"":6.386,""score"":0.833},{""word"":""in"",""start"":6.566,""end"":6.626,""score"":0.793},{""word"":""a"",""start"":6.666,""end"":6.686,""score"":0.992},{""word"":""way"",""start"":6.746,""end"":6.946,""score"":1.0},{""word"":""that"",""start"":7.026,""end"":7.186,""score"":0.751},{""word"":""really"",""start"":7.306,""end"":7.526,""score"":0.9},{""word"":""wasn't"",""start"":7.566,""end"":7.806,""score"":0.962},{""word"":""available"",""start"":7.847,""end"":8.307,""score"":1.0},{""word"":""before"",""start"":8.347,""end"":8.687,""score"":1.0},{""word"":""the"",""start"":8.727,""end"":8.807,""score"":1.0},{""word"":""center"",""start"":8.847,""end"":9.187,""score"":0.762},{""word"":""was"",""start"":9.227,""end"":9.367,""score"":1.0},{""word"":""here."",""start"":9.447,""end"":9.708,""score"":0.971}]",0.0,0.0,27,1.0,1.0,1.0,1.0,0.2962962962962963,0.8518518518518519,23,0.8518518518518519,0.26644921874999916,0.42651953124999964,0.19191015624999963,0.3301820312499988,0.216679687500001,0.37231484374999996,1.0
-UuX1xuaiiE$_$3,-UuX1xuaiiE,ok,MY GOAL IS TO BECOME A HUMAN RIGHTS LAWYER,MY GOAL IS TO BECOME A HUMAN RIGHTS LAWYER,"[{""word"":""My"",""start"":0.564,""end"":0.665,""score"":0.834},{""word"":""goal"",""start"":0.705,""end"":1.006,""score"":0.858},{""word"":""is"",""start"":1.227,""end"":1.327,""score"":0.857},{""word"":""to"",""start"":1.448,""end"":1.649,""score"":0.912},{""word"":""become"",""start"":1.729,""end"":2.07,""score"":0.933},{""word"":""a"",""start"":2.612,""end"":2.653,""score"":0.974},{""word"":""human"",""start"":2.713,""end"":2.914,""score"":0.923},{""word"":""rights"",""start"":2.954,""end"":3.195,""score"":0.759},{""word"":""lawyer."",""start"":3.275,""end"":3.576,""score"":0.924}]",0.0,0.0,9,1.0,1.0,1.0,1.0,0.4444444444444444,1.0,9,1.0,0.25903149999999986,0.42156380000000004,0.166018,0.2389216999999998,0.22681599999999996,0.27835904999999994,1.0
-UuX1xuaiiE$_$6,-UuX1xuaiiE,ok,I ENDED UP GOING TO WORK FOR THE US GOVERNMENT AS AN INTELLIGENCE ANALYST SPECIALIZING IN WAR CRIMES AND HUMAN RIGHTS ISSUES,I ENDED UP GOING TO WORK FOR THE U S GOVERNMENT AS AN INTELLIGENCE ANALYST SPECIALIZING IN WAR CRIMES AND HUMAN RIGHTS ISSUES,"[{""word"":""I"",""start"":0.574,""end"":0.614,""score"":0.98},{""word"":""ended"",""start"":0.654,""end"":0.795,""score"":0.986},{""word"":""up"",""start"":0.835,""end"":0.915,""score"":0.762},{""word"":""going"",""start"":0.935,""end"":1.135,""score"":0.922},{""word"":""to"",""start"":1.155,""end"":1.216,""score"":0.948},{""word"":""work"",""start"":1.256,""end"":1.456,""score"":0.996},{""word"":""for"",""start"":1.556,""end"":1.817,""score"":0.959},{""word"":""the"",""start"":1.857,""end"":1.917,""score"":0.999},{""word"":""U.S."",""start"":2.017,""end"":2.218,""score"":0.982},{""word"":""government"",""start"":2.258,""end"":2.699,""score"":0.86},{""word"":""as"",""start"":2.839,""end"":2.94,""score"":0.808},{""word"":""an"",""start"":2.98,""end"":3.02,""score"":0.98},{""word"":""intelligence"",""start"":3.06,""end"":3.501,""score"":0.969},{""word"":""analyst"",""start"":3.561,""end"":4.042,""score"":0.856},{""word"":""specializing"",""start"":5.024,""end"":5.626,""score"":0.996},{""word"":""in"",""start"":5.786,""end"":5.926,""score"":0.704},{""word"":""war"",""start"":5.946,""end"":6.087,""score"":0.953},{""word"":""crimes"",""start"":6.127,""end"":6.387,""score"":0.931},{""word"":""and"",""start"":6.427,""end"":6.488,""score"":0.865},{""word"":""human"",""start"":6.528,""end"":6.708,""score"":0.992},{""word"":""rights"",""start"":6.748,""end"":6.909,""score"":0.875},{""word"":""issues."",""start"":6.969,""end"":7.329,""score"":0.815}]",0.09090909090909091,0.0,21,0.9130434782608695,0.9545454545454546,0.9333333333333332,0.875,0.45454545454545453,1.0,21,0.9545454545454546,0.19326151315789453,0.3649523026315789,0.14251809210526378,0.22502138157894747,0.15360197368421025,0.29153947368421074,0.9565217391304348
-a55Q6RWvTA$_$3,-a55Q6RWvTA,ok,AND IF YOU CLIP COUPONS IF YOU DON'T GO OUT FOR DINNER AND MOVIES AND THINGS OF THAT NATURE AND TRY TO TAKE UP THINGS IN LIFE THAT WELL THEY ALWAYS SAY THE BEST THINGS IN LIFE ARE FREE READING A BOOK GOING FOR A NICE WALK AND OF COURSE COMBINING EXERCISE AND VARIOUS THINGS OF THAT NATURE WHERE YOU'RE NOT SPENDING MONEY PER SE,AND A FEW CLIP COUPONS IF YOU DON'T GO OUT FOR DINNER AND MOVIES AND THINGS OF THAT NATURE AND TRY TO TAKE UP THINGS IN LIFE THAT WELL THEY ALWAYS SAY THE BEST THINGS IN LIFE ARE FREE READING A BOOK GOING FOR A NICE WALK AND OF COURSE COMBINING EXERCISE AND VARIOUS THINGS OF THAT NATURE WHERE YOU'RE NOT SPENDING MONEY PER SE,"[{""word"":""and"",""start"":0.762,""end"":0.922,""score"":0.791},{""word"":""a"",""start"":1.023,""end"":1.083,""score"":0.689},{""word"":""few"",""start"":1.143,""end"":1.343,""score"":1.0},{""word"":""clip"",""start"":1.403,""end"":1.703,""score"":0.981},{""word"":""coupons"",""start"":1.743,""end"":2.564,""score"":0.87},{""word"":""if"",""start"":2.684,""end"":2.765,""score"":0.752},{""word"":""you"",""start"":2.805,""end"":2.945,""score"":0.825},{""word"":""don't"",""start"":3.045,""end"":3.285,""score"":0.841},{""word"":""go"",""start"":3.325,""end"":3.465,""score"":1.0},{""word"":""out"",""start"":3.565,""end"":3.686,""score"":1.0},{""word"":""for"",""start"":3.726,""end"":3.866,""score"":0.877},{""word"":""dinner"",""start"":3.926,""end"":4.346,""score"":0.87},{""word"":""and"",""start"":4.446,""end"":4.547,""score"":1.0},{""word"":""movies"",""start"":4.647,""end"":5.167,""score"":0.976},{""word"":""and"",""start"":5.227,""end"":5.327,""score"":0.834},{""word"":""things"",""start"":5.368,""end"":5.568,""score"":0.917},{""word"":""of"",""start"":5.608,""end"":5.648,""score"":0.999},{""word"":""that"",""start"":5.688,""end"":5.808,""score"":0.997},{""word"":""nature"",""start"":5.888,""end"":6.329,""score"":0.861},{""word"":""and"",""start"":6.949,""end"":7.049,""score"":0.942},{""word"":""try"",""start"":7.15,""end"":7.35,""score"":0.918},{""word"":""to"",""start"":7.37,""end"":7.45,""score"":1.0},{""word"":""take"",""start"":7.49,""end"":7.67,""score"":0.88},{""word"":""up"",""start"":7.75,""end"":7.83,""score"":1.0},{""word"":""things"",""start"":7.95,""end"":8.271,""score"":0.899},{""word"":""in"",""start"":8.371,""end"":8.451,""score"":0.818},{""word"":""life"",""start"":8.531,""end"":8.791,""score"":1.0},{""word"":""that"",""start"":8.851,""end"":9.032,""score"":0.883},{""word"":""well"",""start"":9.092,""end"":9.352,""score"":0.827},{""word"":""they"",""start"":9.472,""end"":9.632,""score"":0.904},{""word"":""always"",""start"":9.672,""end"":9.913,""score"":0.916},{""word"":""say"",""start"":9.953,""end"":10.173,""score"":0.89},{""word"":""the"",""start"":10.233,""end"":10.313,""score"":0.939},{""word"":""best"",""start"":10.353,""end"":10.553,""score"":0.978},{""word"":""things"",""start"":10.593,""end"":10.794,""score"":0.919},{""word"":""in"",""start"":10.854,""end"":10.914,""score"":0.815},{""word"":""life"",""start"":10.954,""end"":11.174,""score"":0.899},{""word"":""are"",""start"":11.254,""end"":11.334,""score"":0.904},{""word"":""free."",""start"":11.394,""end"":11.775,""score"":0.939},{""word"":""Reading"",""start"":12.436,""end"":12.736,""score"":0.87},{""word"":""a"",""start"":12.776,""end"":12.816,""score"":0.719},{""word"":""book,"",""start"":12.896,""end"":14.177,""score"":0.884},{""word"":""going"",""start"":14.398,""end"":14.638,""score"":0.905},{""word"":""for"",""start"":14.658,""end"":14.778,""score"":0.766},{""word"":""a"",""start"":14.798,""end"":14.818,""score"":0.998},{""word"":""nice"",""start"":14.878,""end"":15.099,""score"":1.0},{""word"":""walk"",""start"":15.199,""end"":15.519,""score"":0.93},{""word"":""and"",""start"":15.539,""end"":15.619,""score"":0.737},{""word"":""of"",""start"":15.639,""end"":15.679,""score"":0.02},{""word"":""course"",""start"":15.699,""end"":15.939,""score"":0.725},{""word"":""combining"",""start"":15.98,""end"":16.54,""score"":0.932},{""word"":""exercise"",""start"":16.64,""end"":17.221,""score"":0.901},{""word"":""and"",""start"":17.241,""end"":17.321,""score"":0.918},{""word"":""various"",""start"":17.361,""end"":17.661,""score"":0.896},{""word"":""things"",""start"":17.681,""end"":17.862,""score"":0.917},{""word"":""of"",""start"":17.902,""end"":17.962,""score"":0.738},{""word"":""that"",""start"":17.982,""end"":18.122,""score"":0.935},{""word"":""nature"",""start"":18.182,""end"":18.582,""score"":0.863},{""word"":""where"",""start"":18.923,""end"":19.063,""score"":0.846},{""word"":""you're"",""start"":19.083,""end"":19.263,""score"":0.758},{""word"":""not"",""start"":19.303,""end"":19.443,""score"":1.0},{""word"":""spending"",""start"":19.544,""end"":20.064,""score"":0.862},{""word"":""money"",""start"":20.264,""end"":20.625,""score"":0.866},{""word"":""per"",""start"":20.845,""end"":21.145,""score"":0.796},{""word"":""se."",""start"":21.205,""end"":21.546,""score"":0.88}]",0.03076923076923077,0.015209125475285171,63,0.9692307692307692,0.9692307692307692,0.9692307692307692,0.9402985074626866,0.15384615384615385,1.0,63,0.9692307692307692,0.23095405478954945,0.45941067670536606,0.1536833726415061,0.34221096698113074,0.20638645228592134,0.34654702467343534,1.0
-aNfi7CP8vM$_$7,-aNfi7CP8vM,ok,MAYBE THEY HAVE NO POLITICAL PARTY AFFILIATION THEY'RE NOT INTERESTED IN POLITICS THEY COULD CARE LESS ABOUT POLITICS,MAYBE THEY HAVE NO POLITICAL PARTY AFFILIATION THEY'RE NOT INTERESTED IN POLITICS THEY COULD CARE LESS ABOUT POLITICS,"[{""word"":""Maybe"",""start"":0.534,""end"":0.755,""score"":0.976},{""word"":""they"",""start"":1.577,""end"":1.737,""score"":0.901},{""word"":""have"",""start"":1.777,""end"":1.918,""score"":0.875},{""word"":""no"",""start"":1.978,""end"":2.118,""score"":1.0},{""word"":""political"",""start"":2.178,""end"":2.64,""score"":0.966},{""word"":""party"",""start"":2.68,""end"":3.001,""score"":1.0},{""word"":""affiliation,"",""start"":3.041,""end"":3.883,""score"":0.954},{""word"":""they're"",""start"":4.284,""end"":4.484,""score"":0.787},{""word"":""not"",""start"":4.505,""end"":4.645,""score"":1.0},{""word"":""interested"",""start"":4.785,""end"":5.206,""score"":0.906},{""word"":""in"",""start"":5.246,""end"":5.307,""score"":0.754},{""word"":""politics,"",""start"":5.347,""end"":5.948,""score"":0.994},{""word"":""they"",""start"":6.008,""end"":6.129,""score"":0.888},{""word"":""could"",""start"":6.169,""end"":6.309,""score"":0.905},{""word"":""care"",""start"":6.349,""end"":6.53,""score"":0.903},{""word"":""less"",""start"":6.61,""end"":6.851,""score"":1.0},{""word"":""about"",""start"":6.911,""end"":7.152,""score"":0.9},{""word"":""politics."",""start"":7.212,""end"":7.853,""score"":0.998}]",0.0,0.0,18,1.0,1.0,1.0,1.0,0.3888888888888889,1.0,18,1.0,0.22986654135338347,0.49050415883458615,0.16986654135338364,0.5944732612781949,0.23807618656015062,0.4022022497650375,1.0
-aqamKhZ1Ec$_$0,-aqamKhZ1Ec,ok,IN 2008 THERE WERE VERY SERIOUS TRIBAL WARFARE IN KENYA FOLLOWING A DISPUTED ELECTION,IN 2008 THERE WAS VERY SERIOUS TRIBAL WARFARE IN KENYA EVEN FOLLOWING A DISPUTED ELECTION,"[{""word"":""In"",""start"":0.927,""end"":1.048,""score"":0.35},{""word"":""2008,"",""start"":1.388,""end"":2.812,""score"":0.777},{""word"":""there"",""start"":2.872,""end"":3.012,""score"":0.9},{""word"":""was"",""start"":3.032,""end"":3.152,""score"":0.413},{""word"":""very"",""start"":3.253,""end"":3.533,""score"":0.966},{""word"":""serious"",""start"":3.613,""end"":4.094,""score"":0.886},{""word"":""tribal"",""start"":4.175,""end"":4.596,""score"":0.953},{""word"":""warfare"",""start"":4.756,""end"":5.237,""score"":0.994},{""word"":""in"",""start"":5.458,""end"":5.558,""score"":0.959},{""word"":""Kenya,"",""start"":5.959,""end"":6.34,""score"":0.79},{""word"":""even"",""start"":7.723,""end"":7.903,""score"":0.908},{""word"":""following"",""start"":8.986,""end"":9.387,""score"":0.957},{""word"":""a"",""start"":9.407,""end"":9.467,""score"":0.365},{""word"":""disputed"",""start"":9.507,""end"":9.968,""score"":0.941},{""word"":""election."",""start"":10.008,""end"":10.489,""score"":0.987}]",0.14285714285714285,0.09722222222222222,13,0.8666666666666667,0.9285714285714286,0.896551724137931,0.8125,1.0714285714285714,0.9285714285714286,12,0.8571428571428571,0.33759748340707985,0.5283156803097342,0.16999073561946876,0.44390945796460185,0.25513730641592913,0.45918557798672593,1.0
-dxfTGcXJoc$_$0,-dxfTGcXJoc,ok,THIS IS GOVERNOR STEVE BESHEAR ABOUT KENTUCKY OUR STATE IS HOME TO MORE THAN 1 500 BIOSCIENCE AND LIFESCIENCE COMPANIES AND MORE THAN 100 000 PEOPLE WHO WORK FOR THESE FIRMS IN AREAS FROM NUTRIGENOMICS AND PHARMACEUTICALS TO NANOTECHNOLOGY AND MEDICAL DEVICES,THIS IS GOVERNOR STEVE BESHEAR ABOUT KENTUCKY OUR STATE IS HOME TO MORE THAN 1 500 BIOSCIENCE AND LIFE SCIENCE COMPANIES AND MORE THAN 100 000 PEOPLE WHO WORK FOR THESE FIRMS IN AREAS FROM NUTRIGENOMICS AND PHARMACEUTICALS TO NANOTECHNOLOGY AND MEDICAL DEVICES,"[{""word"":""This"",""start"":0.566,""end"":0.726,""score"":0.918},{""word"":""is"",""start"":0.766,""end"":0.846,""score"":0.794},{""word"":""Governor"",""start"":0.886,""end"":1.207,""score"":0.984},{""word"":""Steve"",""start"":1.247,""end"":1.567,""score"":0.753},{""word"":""Beshear"",""start"":1.587,""end"":1.967,""score"":0.821},{""word"":""..."",""start"":1.987,""end"":2.048,""score"":0.663},{""word"":""About"",""start"":2.608,""end"":2.868,""score"":0.915},{""word"":""Kentucky."",""start"":2.928,""end"":3.409,""score"":0.999},{""word"":""Our"",""start"":4.45,""end"":4.55,""score"":1.0},{""word"":""state"",""start"":4.61,""end"":4.91,""score"":0.9},{""word"":""is"",""start"":4.971,""end"":5.051,""score"":0.75},{""word"":""home"",""start"":5.151,""end"":5.471,""score"":1.0},{""word"":""to"",""start"":5.531,""end"":5.631,""score"":1.0},{""word"":""more"",""start"":5.691,""end"":5.892,""score"":1.0},{""word"":""than"",""start"":5.932,""end"":6.092,""score"":1.0},{""word"":""1,500"",""start"":6.212,""end"":7.173,""score"":0.821},{""word"":""bioscience"",""start"":7.273,""end"":8.094,""score"":0.931},{""word"":""and"",""start"":8.274,""end"":8.374,""score"":1.0},{""word"":""life"",""start"":8.454,""end"":8.694,""score"":0.814},{""word"":""science"",""start"":8.734,""end"":9.035,""score"":0.83},{""word"":""companies"",""start"":9.095,""end"":9.515,""score"":0.945},{""word"":""and"",""start"":10.076,""end"":10.156,""score"":1.0},{""word"":""more"",""start"":10.216,""end"":10.396,""score"":0.876},{""word"":""than"",""start"":10.416,""end"":10.636,""score"":0.822},{""word"":""100,000"",""start"":10.716,""end"":11.517,""score"":0.886},{""word"":""people"",""start"":11.577,""end"":11.878,""score"":0.944},{""word"":""who"",""start"":12.078,""end"":12.198,""score"":0.889},{""word"":""work"",""start"":12.258,""end"":12.438,""score"":1.0},{""word"":""for"",""start"":12.478,""end"":12.578,""score"":1.0},{""word"":""these"",""start"":12.618,""end"":12.779,""score"":0.922},{""word"":""firms,"",""start"":12.839,""end"":13.239,""score"":1.0},{""word"":""in"",""start"":13.96,""end"":14.02,""score"":1.0},{""word"":""areas"",""start"":14.2,""end"":14.54,""score"":1.0},{""word"":""from"",""start"":14.661,""end"":14.901,""score"":0.92},{""word"":""nutrigenomics"",""start"":15.181,""end"":16.102,""score"":0.879},{""word"":""and"",""start"":16.282,""end"":16.362,""score"":1.0},{""word"":""pharmaceuticals"",""start"":16.422,""end"":17.263,""score"":0.862},{""word"":""to"",""start"":17.644,""end"":17.744,""score"":0.836},{""word"":""nanotechnology"",""start"":17.804,""end"":18.785,""score"":0.93},{""word"":""and"",""start"":18.825,""end"":18.905,""score"":0.888},{""word"":""medical"",""start"":18.945,""end"":19.265,""score"":0.894},{""word"":""devices."",""start"":19.285,""end"":19.806,""score"":1.0}]",0.047619047619047616,0.0,41,0.9534883720930233,0.9761904761904762,0.9647058823529412,0.9318181818181818,0.35555555555555557,1.0,39,0.975,0.24527678571428524,0.5004371075353202,0.1330283555729963,0.31517941522762977,0.21752452904238595,0.33926602237048553,0.9767441860465116
-dxfTGcXJoc$_$1,-dxfTGcXJoc,ok,FOR THE 10TH STRAIGHT YEAR SOME OF KENTUCKY S BEST AND MOST INNOVATIVE BIOTECH COMPANIES AND TECHNOLOGIES WERE ON DISPLAY AT THE ANNUAL BIO INTERNATIONAL CONVENTION WHICH I AND OTHER STATE OFFICIALS ATTENDED THIS WEEK IN CHICAGO,FOR THE 10TH STRAIGHT YEAR SOME OF KENTUCKY'S BEST AND MOST INNOVATIVE BIOTECH COMPANIES AND TECHNOLOGIES WERE ON DISPLAY AT THE ANNUAL BIO INTERNATIONAL CONVENTION WHICH I AND OTHER STATE OFFICIALS ATTENDED THIS WEEK IN CHICAGO,"[{""word"":""For"",""start"":0.534,""end"":0.634,""score"":0.927},{""word"":""the"",""start"":0.654,""end"":0.734,""score"":1.0},{""word"":""10th"",""start"":0.794,""end"":1.035,""score"":0.933},{""word"":""straight"",""start"":1.115,""end"":1.435,""score"":0.93},{""word"":""year,"",""start"":1.495,""end"":1.736,""score"":0.736},{""word"":""some"",""start"":2.256,""end"":2.577,""score"":0.789},{""word"":""of"",""start"":2.637,""end"":2.717,""score"":0.75},{""word"":""Kentucky's"",""start"":2.757,""end"":3.258,""score"":0.944},{""word"":""best"",""start"":3.418,""end"":3.758,""score"":0.917},{""word"":""and"",""start"":3.919,""end"":3.999,""score"":1.0},{""word"":""most"",""start"":4.059,""end"":4.279,""score"":1.0},{""word"":""innovative"",""start"":4.439,""end"":4.92,""score"":0.792},{""word"":""biotech"",""start"":4.96,""end"":5.541,""score"":0.715},{""word"":""companies"",""start"":5.581,""end"":6.001,""score"":0.99},{""word"":""and"",""start"":6.081,""end"":6.161,""score"":1.0},{""word"":""technologies"",""start"":6.222,""end"":6.943,""score"":0.923},{""word"":""were"",""start"":7.343,""end"":7.483,""score"":1.0},{""word"":""on"",""start"":7.683,""end"":7.784,""score"":0.834},{""word"":""display"",""start"":7.844,""end"":8.465,""score"":0.959},{""word"":""at"",""start"":8.665,""end"":8.745,""score"":1.0},{""word"":""the"",""start"":8.785,""end"":8.905,""score"":1.0},{""word"":""annual"",""start"":9.105,""end"":9.426,""score"":0.933},{""word"":""Bio"",""start"":9.666,""end"":10.127,""score"":0.909},{""word"":""International"",""start"":10.247,""end"":10.808,""score"":0.964},{""word"":""Convention,"",""start"":10.848,""end"":11.328,""score"":0.958},{""word"":""which"",""start"":11.889,""end"":12.069,""score"":1.0},{""word"":""I"",""start"":12.37,""end"":12.47,""score"":0.808},{""word"":""and"",""start"":12.61,""end"":12.69,""score"":1.0},{""word"":""other"",""start"":12.81,""end"":12.97,""score"":1.0},{""word"":""state"",""start"":13.031,""end"":13.231,""score"":0.9},{""word"":""officials"",""start"":13.251,""end"":13.691,""score"":0.995},{""word"":""attended"",""start"":13.772,""end"":14.172,""score"":0.975},{""word"":""this"",""start"":14.192,""end"":14.352,""score"":1.0},{""word"":""week"",""start"":14.432,""end"":14.633,""score"":1.0},{""word"":""in"",""start"":14.873,""end"":14.933,""score"":1.0},{""word"":""Chicago."",""start"":14.973,""end"":15.494,""score"":0.938}]",0.05405405405405406,0.005208333333333333,35,0.9722222222222222,0.9459459459459459,0.9589041095890412,0.9210526315789473,0.08333333333333333,1.0,35,0.9722222222222222,0.29030562500000023,0.48936962499999914,0.1428918750000001,0.2907106249999998,0.23961031249999998,0.35098243749999886,1.0
-dxfTGcXJoc$_$2,-dxfTGcXJoc,ok,AN ESTIMATED 20 000 BIOTECH SCIENTISTS EXECUTIVES AND INDUSTRY EXPERTS FROM MORE THAN 50 NATIONS WERE AT THE BIO CONFERENCE TO LEARN ABOUT THE LATEST SCIENTIFIC ADVANCES AND TO EXCHANGE IDEAS AND ESTABLISH BUSINESS RELATIONSHIPS,AN ESTIMATED 20 000 BIOTECH SCIENTISTS EXECUTIVES AND INDUSTRY EXPERTS FROM MORE THAN 50 NATIONS WERE AT THE BIOCONFERENCE TO LEARN ABOUT THE LATEST SCIENTIFIC ADVANCES AND TO EXCHANGE IDEAS AND ESTABLISH BUSINESS RELATIONSHIPS,"[{""word"":""An"",""start"":0.562,""end"":0.622,""score"":0.96},{""word"":""estimated"",""start"":0.742,""end"":1.663,""score"":0.936},{""word"":""20,000"",""start"":1.723,""end"":2.223,""score"":0.852},{""word"":""biotech"",""start"":2.343,""end"":2.983,""score"":0.828},{""word"":""scientists,"",""start"":3.043,""end"":3.624,""score"":0.898},{""word"":""executives,"",""start"":3.904,""end"":4.564,""score"":0.976},{""word"":""and"",""start"":4.764,""end"":4.844,""score"":0.866},{""word"":""industry"",""start"":5.044,""end"":5.445,""score"":1.0},{""word"":""experts"",""start"":5.565,""end"":6.025,""score"":0.931},{""word"":""from"",""start"":6.405,""end"":6.565,""score"":0.882},{""word"":""more"",""start"":6.605,""end"":6.785,""score"":0.875},{""word"":""than"",""start"":6.805,""end"":6.925,""score"":1.0},{""word"":""50"",""start"":6.985,""end"":7.285,""score"":0.806},{""word"":""nations"",""start"":7.345,""end"":7.766,""score"":0.964},{""word"":""were"",""start"":8.086,""end"":8.226,""score"":0.876},{""word"":""at"",""start"":8.386,""end"":8.466,""score"":1.0},{""word"":""the"",""start"":8.526,""end"":8.606,""score"":0.843},{""word"":""BioConference"",""start"":8.646,""end"":9.527,""score"":0.894},{""word"":""to"",""start"":9.607,""end"":9.707,""score"":1.0},{""word"":""learn"",""start"":9.807,""end"":10.107,""score"":0.819},{""word"":""about"",""start"":10.187,""end"":10.407,""score"":1.0},{""word"":""the"",""start"":10.447,""end"":10.527,""score"":1.0},{""word"":""latest"",""start"":10.587,""end"":10.927,""score"":0.917},{""word"":""scientific"",""start"":10.967,""end"":11.508,""score"":0.915},{""word"":""advances"",""start"":11.548,""end"":12.068,""score"":1.0},{""word"":""and"",""start"":12.548,""end"":12.648,""score"":0.888},{""word"":""to"",""start"":12.688,""end"":12.768,""score"":1.0},{""word"":""exchange"",""start"":12.828,""end"":13.349,""score"":0.982},{""word"":""ideas"",""start"":13.489,""end"":13.909,""score"":0.92},{""word"":""and"",""start"":14.209,""end"":14.289,""score"":0.852},{""word"":""establish"",""start"":14.329,""end"":14.789,""score"":0.999},{""word"":""business"",""start"":14.869,""end"":15.21,""score"":0.922},{""word"":""relationships."",""start"":15.27,""end"":16.01,""score"":0.95}]",0.05714285714285714,0.0,33,0.9705882352941176,0.9428571428571428,0.9565217391304348,0.9166666666666666,0.08571428571428572,1.0,32,0.9411764705882353,0.29189477962427857,0.4430144026974964,0.1373577191714852,0.41399456888246894,0.23577914258188895,0.3379907875722577,0.9705882352941176
-dxfTGcXJoc$_$6,-dxfTGcXJoc,ok,KENTUCKY S PARTICIPATION AT THE ANNUAL BIO INTERNATIONAL CONVENTION IS THE PRIMARY MEANS BY WHICH OUR HIGH TECH COMPANIES AND INSTITUTIONS CAN REACH OUT TO THE GLOBAL SCIENTIFIC COMMUNITY,KENTUCKY'S PARTICIPATION AT THE ANNUAL BIO INTERNATIONAL CONVENTION IS THE PRIMARY MEANS BY WHICH OUR HIGH TECH COMPANIES AND INSTITUTIONS CAN REACH OUT TO THE GLOBAL SCIENTIFIC COMMUNITY,"[{""word"":""Kentucky's"",""start"":0.438,""end"":0.919,""score"":0.949},{""word"":""participation"",""start"":0.959,""end"":1.819,""score"":0.975},{""word"":""at"",""start"":1.9,""end"":1.96,""score"":1.0},{""word"":""the"",""start"":2.02,""end"":2.14,""score"":0.889},{""word"":""annual"",""start"":2.34,""end"":2.66,""score"":0.966},{""word"":""Bio-International"",""start"":2.74,""end"":3.741,""score"":0.953},{""word"":""Convention"",""start"":3.781,""end"":4.302,""score"":0.972},{""word"":""is"",""start"":4.843,""end"":4.943,""score"":1.0},{""word"":""the"",""start"":5.023,""end"":5.123,""score"":1.0},{""word"":""primary"",""start"":5.183,""end"":5.703,""score"":1.0},{""word"":""means"",""start"":5.803,""end"":6.164,""score"":0.894},{""word"":""by"",""start"":6.264,""end"":6.404,""score"":1.0},{""word"":""which"",""start"":6.484,""end"":6.704,""score"":0.9},{""word"":""our"",""start"":7.005,""end"":7.145,""score"":0.92},{""word"":""high-tech"",""start"":7.225,""end"":7.725,""score"":0.857},{""word"":""companies"",""start"":7.765,""end"":8.226,""score"":0.926},{""word"":""and"",""start"":8.286,""end"":8.366,""score"":1.0},{""word"":""institutions"",""start"":8.426,""end"":9.147,""score"":0.927},{""word"":""can"",""start"":9.387,""end"":9.547,""score"":0.914},{""word"":""reach"",""start"":9.627,""end"":9.868,""score"":0.901},{""word"":""out"",""start"":10.008,""end"":10.148,""score"":0.781},{""word"":""to"",""start"":10.268,""end"":10.388,""score"":0.839},{""word"":""the"",""start"":10.408,""end"":10.488,""score"":0.91},{""word"":""global"",""start"":10.548,""end"":10.949,""score"":0.977},{""word"":""scientific"",""start"":11.009,""end"":11.569,""score"":0.929},{""word"":""community."",""start"":11.609,""end"":12.09,""score"":0.997}]",0.06896551724137931,0.006289308176100629,27,0.9642857142857143,0.9310344827586207,0.9473684210526316,0.9,0.10714285714285714,1.0,24,0.8888888888888888,0.23484327411167483,0.4255334390862935,0.14930865323603992,0.2986180203045665,0.22344261579949187,0.32807692734771426,0.9285714285714286
-egA8-b7-3M$_$1,-egA8-b7-3M,ok,I STARTED A SUCCESSFUL LEGAL NURSE CONSULTING BUSINESS IN 1989 I MENTOR NURSES WHO WANT TO BECOME LEGAL NURSE CONSULTANTS,I HAVE STARTED A SUCCESSFUL LEGAL NURSE CONSULTING BUSINESS IN 1989 I MENTOR NURSES WHO WANT TO BECOME LEGAL NURSE CONSULTANTS,"[{""word"":""I"",""start"":0.621,""end"":0.681,""score"":0.998},{""word"":""have"",""start"":0.761,""end"":0.942,""score"":0.879},{""word"":""started"",""start"":1.282,""end"":1.683,""score"":0.929},{""word"":""a"",""start"":1.743,""end"":1.783,""score"":0.5},{""word"":""successful"",""start"":1.843,""end"":2.445,""score"":0.967},{""word"":""legal"",""start"":2.505,""end"":2.725,""score"":0.956},{""word"":""nurse"",""start"":2.785,""end"":2.986,""score"":0.876},{""word"":""consulting"",""start"":3.026,""end"":3.547,""score"":0.951},{""word"":""business"",""start"":3.587,""end"":3.987,""score"":0.938},{""word"":""in"",""start"":4.769,""end"":5.109,""score"":0.811},{""word"":""1989."",""start"":5.21,""end"":5.43,""score"":0.768},{""word"":""I"",""start"":5.65,""end"":5.751,""score"":0.311},{""word"":""mentor"",""start"":6.532,""end"":6.913,""score"":0.791},{""word"":""nurses"",""start"":6.973,""end"":7.334,""score"":1.0},{""word"":""who"",""start"":7.394,""end"":7.514,""score"":0.889},{""word"":""want"",""start"":7.574,""end"":7.814,""score"":0.918},{""word"":""to"",""start"":7.854,""end"":7.935,""score"":1.0},{""word"":""become"",""start"":7.975,""end"":8.275,""score"":0.928},{""word"":""legal"",""start"":8.335,""end"":8.556,""score"":0.961},{""word"":""nurse"",""start"":8.616,""end"":8.816,""score"":0.882},{""word"":""consultants."",""start"":8.856,""end"":9.498,""score"":0.978}]",0.05,0.0392156862745098,20,0.9523809523809523,1.0,0.975609756097561,0.9523809523809523,0.46153846153846156,1.0,20,1.0,0.20269303797468385,0.5483314477848106,0.1309746835443042,0.44907484177215223,0.19368809335443116,0.3683834651898735,1.0
-egA8-b7-3M$_$13,-egA8-b7-3M,ok,WHAT ARE YOU DOING THAT'S DIFFERENT THEY ALWAYS WANT AN ANSWER,WHAT ARE YOU DOING THAT'S DIFFERENT THEY ALWAYS WANT AN ANSWER,"[{""word"":""What"",""start"":0.542,""end"":0.643,""score"":0.95},{""word"":""are"",""start"":0.663,""end"":0.744,""score"":0.976},{""word"":""you"",""start"":0.764,""end"":0.864,""score"":0.999},{""word"":""doing"",""start"":0.905,""end"":1.126,""score"":1.0},{""word"":""that's"",""start"":1.166,""end"":1.367,""score"":0.87},{""word"":""different?"",""start"":1.408,""end"":1.81,""score"":1.0},{""word"":""They"",""start"":2.333,""end"":2.474,""score"":0.894},{""word"":""always"",""start"":2.535,""end"":2.756,""score"":1.0},{""word"":""want"",""start"":2.816,""end"":3.018,""score"":0.972},{""word"":""an"",""start"":3.058,""end"":3.118,""score"":0.826},{""word"":""answer."",""start"":3.219,""end"":3.501,""score"":0.937}]",0.0,0.0,11,1.0,1.0,1.0,1.0,0.09090909090909091,1.0,11,1.0,0.20115250000000007,0.3327585,0.14015250000000012,0.2085564999999998,0.17471449999999922,0.24088249999999967,1.0
-egA8-b7-3M$_$16,-egA8-b7-3M,ok,THIRD ANOTHER BIG BENEFIT OF EXHIBITING IS CONNECTING WITH EXISTING CLIENTS,THIRD ANOTHER BIG BENEFIT OF EXHIBITING IS CONNECTING WITH EXISTING CLIENTS,"[{""word"":""Third,"",""start"":0.534,""end"":0.794,""score"":0.652},{""word"":""another"",""start"":0.955,""end"":1.275,""score"":1.0},{""word"":""big"",""start"":1.335,""end"":1.496,""score"":1.0},{""word"":""benefit"",""start"":1.536,""end"":1.977,""score"":0.999},{""word"":""of"",""start"":2.017,""end"":2.097,""score"":1.0},{""word"":""exhibiting"",""start"":2.157,""end"":2.698,""score"":0.91},{""word"":""is"",""start"":2.818,""end"":2.898,""score"":0.754},{""word"":""connecting"",""start"":2.978,""end"":3.499,""score"":0.94},{""word"":""with"",""start"":3.539,""end"":3.72,""score"":0.73},{""word"":""existing"",""start"":3.8,""end"":4.301,""score"":0.971},{""word"":""clients."",""start"":4.341,""end"":4.782,""score"":0.806}]",0.0,0.0,11,1.0,1.0,1.0,1.0,0.0,1.0,11,1.0,0.23604999999999965,0.42290588235294113,0.13389117647058812,0.3263323529411765,0.18100588235294124,0.32484264705882354,1.0
-egA8-b7-3M$_$17,-egA8-b7-3M,ok,AS YOU HAVE MORE EXPERIENCE YOU HAVE MORE TIMES EXHIBITING YOU GET TO KNOW MORE PEOPLE,AS YOU HAVE MORE EXPERIENCE YOU HAVE MORE TIMES EXHIBITING YOU GET TO KNOW MORE PEOPLE,"[{""word"":""As"",""start"":0.634,""end"":0.735,""score"":0.999},{""word"":""you"",""start"":0.795,""end"":0.916,""score"":1.0},{""word"":""have"",""start"":0.956,""end"":1.096,""score"":1.0},{""word"":""more"",""start"":1.177,""end"":1.357,""score"":1.0},{""word"":""experience,"",""start"":1.417,""end"":2.08,""score"":0.889},{""word"":""you"",""start"":3.224,""end"":3.365,""score"":0.889},{""word"":""have"",""start"":3.405,""end"":3.526,""score"":0.999},{""word"":""more"",""start"":3.586,""end"":3.767,""score"":0.938},{""word"":""times"",""start"":3.827,""end"":4.208,""score"":0.938},{""word"":""exhibiting,"",""start"":4.309,""end"":4.891,""score"":0.999},{""word"":""you"",""start"":5.272,""end"":5.393,""score"":0.724},{""word"":""get"",""start"":5.433,""end"":5.553,""score"":1.0},{""word"":""to"",""start"":5.594,""end"":5.674,""score"":1.0},{""word"":""know"",""start"":5.734,""end"":5.895,""score"":0.874},{""word"":""more"",""start"":5.955,""end"":6.136,""score"":1.0},{""word"":""people."",""start"":6.196,""end"":6.537,""score"":0.999}]",0.0,0.0,16,1.0,1.0,1.0,1.0,0.0,1.0,16,1.0,0.2357454751131216,0.47471945701357443,0.17574547511312177,0.3480356334841628,0.21635944570135718,0.34969202488687734,1.0
-egA8-b7-3M$_$18,-egA8-b7-3M,ok,IT BECOMES EASIER AT EACH ONE OF THESE CONFERENCES TO CONNECT WITH PEOPLE THAT YOU'VE MET OR THAT YOU'RE DOING BUSINESS WITH,IT BECOMES EASIER AT EACH ONE OF THESE CONFERENCES TO CONNECT WITH PEOPLE THAT YOU'VE MET OR THAT YOU'RE DOING BUSINESS WITH,"[{""word"":""It"",""start"":0.574,""end"":0.654,""score"":0.978},{""word"":""becomes"",""start"":0.694,""end"":1.116,""score"":1.0},{""word"":""easier"",""start"":1.396,""end"":1.818,""score"":0.917},{""word"":""at"",""start"":1.978,""end"":2.038,""score"":0.968},{""word"":""each"",""start"":2.178,""end"":2.319,""score"":1.0},{""word"":""one"",""start"":2.499,""end"":2.58,""score"":1.0},{""word"":""of"",""start"":2.62,""end"":2.68,""score"":1.0},{""word"":""these"",""start"":2.72,""end"":2.86,""score"":1.0},{""word"":""conferences"",""start"":2.941,""end"":3.582,""score"":0.978},{""word"":""to"",""start"":4.104,""end"":4.204,""score"":1.0},{""word"":""connect"",""start"":4.264,""end"":4.625,""score"":0.932},{""word"":""with"",""start"":4.665,""end"":4.826,""score"":0.862},{""word"":""people"",""start"":4.866,""end"":5.207,""score"":0.82},{""word"":""that"",""start"":5.247,""end"":5.367,""score"":0.919},{""word"":""you've"",""start"":5.387,""end"":5.608,""score"":0.912},{""word"":""met"",""start"":5.708,""end"":5.909,""score"":1.0},{""word"":""or"",""start"":6.45,""end"":6.53,""score"":1.0},{""word"":""that"",""start"":6.59,""end"":6.671,""score"":0.996},{""word"":""you're"",""start"":6.711,""end"":6.891,""score"":0.88},{""word"":""doing"",""start"":6.911,""end"":7.132,""score"":1.0},{""word"":""business"",""start"":7.172,""end"":7.573,""score"":0.896},{""word"":""with."",""start"":7.653,""end"":7.854,""score"":1.0}]",0.0,0.0,22,1.0,1.0,1.0,1.0,0.0,1.0,22,1.0,0.20064372568093364,0.5049021522373541,0.14610019455252887,0.28419764105058365,0.2172783317120619,0.34761755228599217,1.0
-egA8-b7-3M$_$20,-egA8-b7-3M,ok,NOW YOU'VE GOT A FACE THAT YOU CAN CONNECT WITH A VOICE AND THAT MAKES YOU CLOSER TO THAT CLIENT,NOW YOU'VE GOT A FACE THAT YOU CAN CONNECT WITH A VOICE AND THAT MAKES YOU CLOSER TO THAT CLIENT,"[{""word"":""Now"",""start"":0.582,""end"":0.742,""score"":0.889},{""word"":""you've"",""start"":0.782,""end"":0.943,""score"":0.855},{""word"":""got"",""start"":0.983,""end"":1.143,""score"":0.841},{""word"":""a"",""start"":1.183,""end"":1.203,""score"":0.999},{""word"":""face"",""start"":1.303,""end"":1.584,""score"":0.97},{""word"":""that"",""start"":1.644,""end"":1.764,""score"":0.954},{""word"":""you"",""start"":1.804,""end"":1.904,""score"":0.979},{""word"":""can"",""start"":1.964,""end"":2.084,""score"":0.994},{""word"":""connect"",""start"":2.124,""end"":2.485,""score"":1.0},{""word"":""with"",""start"":2.565,""end"":2.725,""score"":0.764},{""word"":""a"",""start"":2.765,""end"":2.805,""score"":0.529},{""word"":""voice"",""start"":2.865,""end"":3.226,""score"":0.901},{""word"":""and"",""start"":3.947,""end"":4.047,""score"":1.0},{""word"":""that"",""start"":4.087,""end"":4.247,""score"":0.998},{""word"":""makes"",""start"":4.307,""end"":4.508,""score"":0.836},{""word"":""you"",""start"":4.548,""end"":4.668,""score"":0.89},{""word"":""closer"",""start"":4.708,""end"":5.129,""score"":1.0},{""word"":""to"",""start"":5.209,""end"":5.309,""score"":1.0},{""word"":""that"",""start"":5.349,""end"":5.529,""score"":0.877},{""word"":""client."",""start"":5.569,""end"":5.97,""score"":0.986}]",0.0,0.0,20,1.0,1.0,1.0,1.0,0.0,1.0,20,1.0,0.17349144900497482,0.25546360385572187,0.12414303482587075,0.18089541355721386,0.14574043843283593,0.208683372201493,1.0
-egA8-b7-3M$_$26,-egA8-b7-3M,ok,WE'RE UPDATING IT ALL THE TIME AND LOOKING FORWARD TO YOUR COMMENTS ON OUR VIDEOS,WE'RE UPDATING IT ALL THE TIME AND LOOKING FORWARD TO YOUR COMMENTS ON OUR VIDEOS,"[{""word"":""We're"",""start"":0.521,""end"":0.701,""score"":0.858},{""word"":""updating"",""start"":0.761,""end"":1.182,""score"":0.999},{""word"":""it"",""start"":1.242,""end"":1.302,""score"":0.75},{""word"":""all"",""start"":1.423,""end"":1.563,""score"":1.0},{""word"":""the"",""start"":1.603,""end"":1.683,""score"":0.995},{""word"":""time"",""start"":1.743,""end"":2.024,""score"":0.936},{""word"":""and"",""start"":2.485,""end"":2.585,""score"":0.835},{""word"":""looking"",""start"":2.625,""end"":2.925,""score"":0.964},{""word"":""forward"",""start"":2.985,""end"":3.326,""score"":0.882},{""word"":""to"",""start"":3.366,""end"":3.466,""score"":1.0},{""word"":""your"",""start"":3.546,""end"":3.707,""score"":0.907},{""word"":""comments"",""start"":3.767,""end"":4.248,""score"":0.994},{""word"":""on"",""start"":4.468,""end"":4.528,""score"":1.0},{""word"":""our"",""start"":4.608,""end"":4.689,""score"":0.832},{""word"":""videos."",""start"":4.729,""end"":5.23,""score"":0.948}]",0.0,0.0,15,1.0,1.0,1.0,1.0,0.2,1.0,15,1.0,0.2158435801630434,0.3605274796195652,0.13595872961956523,0.2896882133152173,0.20074363111413052,0.30365220788043473,1.0
-egA8-b7-3M$_$6,-egA8-b7-3M,ok,FIRST EXHIBITING IS A WONDERFUL OPPORTUNITY TO NETWORK WITH OTHER LEGAL VENDORS,FIRST EXHIBITING IS A WONDERFUL OPPORTUNITY TO NETWORK WITH OTHER LEGAL VENDORS,"[{""word"":""First,"",""start"":0.566,""end"":0.826,""score"":0.631},{""word"":""exhibiting"",""start"":1.047,""end"":1.568,""score"":1.0},{""word"":""is"",""start"":1.648,""end"":1.748,""score"":0.57},{""word"":""a"",""start"":1.768,""end"":1.788,""score"":0.033},{""word"":""wonderful"",""start"":1.948,""end"":2.429,""score"":0.998},{""word"":""opportunity"",""start"":2.549,""end"":3.19,""score"":1.0},{""word"":""to"",""start"":3.27,""end"":3.37,""score"":1.0},{""word"":""network"",""start"":3.471,""end"":3.911,""score"":0.953},{""word"":""with"",""start"":3.971,""end"":4.112,""score"":0.877},{""word"":""other"",""start"":4.272,""end"":4.472,""score"":0.906},{""word"":""legal"",""start"":4.592,""end"":4.893,""score"":1.0},{""word"":""vendors."",""start"":4.953,""end"":5.394,""score"":0.865}]",0.0,0.0,12,1.0,1.0,1.0,1.0,0.08333333333333333,1.0,12,1.0,0.2654695638020832,0.41606445312499996,0.13488281250000012,0.39087675781250014,0.24761018880208324,0.3323890950520833,1.0
-egA8-b7-3M$_$9,-egA8-b7-3M,ok,SECONDLY ANOTHER GOAL OF EXHIBITING IS BUILDING YOUR COMPANY IMAGE,SECONDLY ANOTHER GOAL OF EXHIBITING IS BUILDING YOUR COMPANY IMAGE,"[{""word"":""Secondly,"",""start"":0.562,""end"":1.085,""score"":1.0},{""word"":""another"",""start"":1.246,""end"":1.628,""score"":1.0},{""word"":""goal"",""start"":1.668,""end"":1.929,""score"":0.84},{""word"":""of"",""start"":1.969,""end"":2.03,""score"":1.0},{""word"":""exhibiting"",""start"":2.09,""end"":2.592,""score"":0.921},{""word"":""is"",""start"":2.733,""end"":2.813,""score"":1.0},{""word"":""building"",""start"":2.934,""end"":3.296,""score"":0.865},{""word"":""your"",""start"":3.336,""end"":3.477,""score"":0.875},{""word"":""company"",""start"":3.517,""end"":3.939,""score"":0.961},{""word"":""image."",""start"":4.06,""end"":4.361,""score"":0.979}]",0.0,0.0,10,1.0,1.0,1.0,1.0,0.0,1.0,10,1.0,0.2808958333333337,0.41768247549019644,0.15409191176470594,0.37926764705882393,0.2558875612745101,0.30965202205882386,1.0
-hnBHBN8p5A$_$6,-hnBHBN8p5A,ok,DISCUSSION HOW TO DISCUSS IDEAS AND OPINIONS MORE EFFECTIVELY THAN A NATIVE SPEAKER,TO FOLLOW JUST ONE VISION HAVE YOU EVER WONDERED HOW A SINGLE PERSON,"[{""word"":""to"",""start"":0.518,""end"":0.619,""score"":0.891},{""word"":""follow"",""start"":0.679,""end"":0.999,""score"":0.947},{""word"":""just"",""start"":1.04,""end"":1.26,""score"":0.96},{""word"":""one"",""start"":1.621,""end"":1.721,""score"":0.981},{""word"":""vision."",""start"":1.802,""end"":2.223,""score"":0.887},{""word"":""Have"",""start"":3.807,""end"":3.927,""score"":0.887},{""word"":""you"",""start"":3.947,""end"":4.027,""score"":0.933},{""word"":""ever"",""start"":4.067,""end"":4.208,""score"":0.884},{""word"":""wondered"",""start"":4.288,""end"":4.589,""score"":0.876},{""word"":""how"",""start"":4.669,""end"":4.949,""score"":0.969},{""word"":""a"",""start"":5.752,""end"":5.792,""score"":0.988},{""word"":""single"",""start"":5.892,""end"":6.193,""score"":0.96},{""word"":""person"",""start"":6.213,""end"":6.333,""score"":0.001}]",0.9230769230769231,0.7746478873239436,3,0.23076923076923078,0.23076923076923078,0.23076923076923078,0.13043478260869565,0.9230769230769231,0.7692307692307693,1,0.07692307692307693,2.103399904822334,2.103399904822334,2.014814879441624,2.014814879441624,2.059107392131979,2.059107392131979,1.0
-hnBHBN8p5A$_$7,-hnBHBN8p5A,ok,PICTURE THIS BEFORE WE ACTUALLY START HACKING WE RE IN A ROOM FORMAL SETTING,THE MAJORITY OF AN ENTIRE NATION TO BELIEVE AND TRUST HIS OR HER WORDS ISN'T THAT BEAUTIFUL,"[{""word"":""the"",""start"":0.122,""end"":0.222,""score"":0.953},{""word"":""majority"",""start"":0.262,""end"":0.863,""score"":1.0},{""word"":""of"",""start"":0.983,""end"":1.063,""score"":0.834},{""word"":""an"",""start"":1.103,""end"":1.143,""score"":0.998},{""word"":""entire"",""start"":1.223,""end"":1.844,""score"":1.0},{""word"":""nation"",""start"":1.984,""end"":2.404,""score"":0.945},{""word"":""to"",""start"":3.505,""end"":3.666,""score"":0.866},{""word"":""believe"",""start"":3.726,""end"":4.146,""score"":0.883},{""word"":""and"",""start"":4.206,""end"":4.286,""score"":0.973},{""word"":""trust"",""start"":4.346,""end"":4.747,""score"":0.976},{""word"":""his"",""start"":4.927,""end"":5.127,""score"":0.782},{""word"":""or"",""start"":5.207,""end"":5.287,""score"":0.867},{""word"":""her"",""start"":5.347,""end"":5.467,""score"":0.999},{""word"":""words."",""start"":5.527,""end"":5.888,""score"":0.988},{""word"":""Isn't"",""start"":6.809,""end"":6.949,""score"":0.2},{""word"":""that"",""start"":6.969,""end"":7.069,""score"":0.194},{""word"":""beautiful?"",""start"":7.089,""end"":7.309,""score"":0.143}]",1.2142857142857142,0.9365079365079365,0,0.0,0.0,0.0,0.0,1.2307692307692308,0.6923076923076923,0,0.0,,,,,,,1.0
-iRBcNs9oI8$_$3,-iRBcNs9oI8,ok,WELL IT IS THE SECRET OF POWER POSE,IS GOING TO HELP YOU ON YOUR TESTS SUCH AS TOEFL IELTS OR UNIVERSITY,"[{""word"":""is"",""start"":0.434,""end"":0.515,""score"":0.996},{""word"":""going"",""start"":0.575,""end"":0.736,""score"":0.965},{""word"":""to"",""start"":0.776,""end"":0.836,""score"":1.0},{""word"":""help"",""start"":0.897,""end"":1.097,""score"":1.0},{""word"":""you"",""start"":1.158,""end"":1.318,""score"":1.0},{""word"":""on"",""start"":1.982,""end"":2.062,""score"":0.998},{""word"":""your"",""start"":2.102,""end"":2.223,""score"":0.991},{""word"":""tests,"",""start"":2.263,""end"":2.625,""score"":0.915},{""word"":""such"",""start"":3.328,""end"":3.529,""score"":0.88},{""word"":""as"",""start"":3.569,""end"":3.649,""score"":1.0},{""word"":""TOEFL,"",""start"":3.73,""end"":4.272,""score"":0.835},{""word"":""IELTS,"",""start"":4.433,""end"":4.774,""score"":0.664},{""word"":""or"",""start"":4.895,""end"":4.975,""score"":0.565},{""word"":""university."",""start"":5.056,""end"":5.538,""score"":0.701}]",1.75,1.5,1,0.07142857142857142,0.125,0.09090909090909091,0.047619047619047616,1.75,0.875,1,0.125,2.898609738372093,2.898609738372093,3.075202761627907,3.075202761627907,2.98690625,2.98690625,1.0
-iRBcNs9oI8$_$6,-iRBcNs9oI8,ok,WHAT IS A POWER POSE,HELP YOU IF YOU HAVE AN ENGLISH JOB INTERVIEW,"[{""word"":""help"",""start"":0.054,""end"":0.195,""score"":0.977},{""word"":""you"",""start"":0.236,""end"":0.337,""score"":0.999},{""word"":""if"",""start"":0.458,""end"":0.518,""score"":1.0},{""word"":""you"",""start"":0.559,""end"":0.66,""score"":0.903},{""word"":""have"",""start"":0.7,""end"":0.801,""score"":0.897},{""word"":""an"",""start"":0.821,""end"":0.882,""score"":0.748},{""word"":""English"",""start"":0.982,""end"":1.285,""score"":0.971},{""word"":""job"",""start"":1.447,""end"":1.79,""score"":0.957},{""word"":""interview."",""start"":2.092,""end"":2.577,""score"":0.987}]",1.8,1.875,0,0.0,0.0,0.0,0.0,1.8,0.6,0,0.0,,,,,,,1.0
-iRBcNs9oI8$_$7,-iRBcNs9oI8,ok,WELL FOR STARTERS LET'S LOOK AT THE WORD POWER,INTERVIEW AND THE SECRET WILL ALSO HELP YOU IF YOU EVER,"[{""word"":""interview."",""start"":0.002,""end"":0.425,""score"":0.786},{""word"":""And"",""start"":1.33,""end"":1.431,""score"":0.861},{""word"":""the"",""start"":1.451,""end"":1.571,""score"":0.932},{""word"":""secret"",""start"":1.632,""end"":1.974,""score"":1.0},{""word"":""will"",""start"":2.416,""end"":2.577,""score"":1.0},{""word"":""also"",""start"":2.658,""end"":2.879,""score"":1.0},{""word"":""help"",""start"":2.94,""end"":3.141,""score"":0.814},{""word"":""you"",""start"":3.201,""end"":3.342,""score"":0.89},{""word"":""if"",""start"":3.604,""end"":3.684,""score"":0.966},{""word"":""you"",""start"":3.744,""end"":3.845,""score"":0.877},{""word"":""ever..."",""start"":3.865,""end"":4.006,""score"":0.015}]",1.2222222222222223,0.8947368421052632,1,0.09090909090909091,0.1111111111111111,0.09999999999999999,0.05263157894736842,1.2222222222222223,0.5555555555555556,1,0.1111111111111111,0.17497479838709662,0.17497479838709662,0.10114818548387094,0.10114818548387094,0.13806149193548378,0.13806149193548378,1.0
-iRBcNs9oI8$_$8,-iRBcNs9oI8,ok,I'VE DRAWN THIS MAN HERE AND IF YOU CAN TELL HE HAS A LOT OF BIG MUSCLES HE LOOKS VERY STRONG,EVER DECIDE TO ASK OUT THAT SPECIAL SOMEONE SO WHAT IS THE SECRET I'M TELLING YOU ABOUT WELL IT IS THE SECRET,"[{""word"":""ever"",""start"":0.082,""end"":0.263,""score"":1.0},{""word"":""decide"",""start"":0.323,""end"":0.744,""score"":0.938},{""word"":""to"",""start"":0.945,""end"":1.065,""score"":1.0},{""word"":""ask"",""start"":1.226,""end"":1.406,""score"":1.0},{""word"":""out"",""start"":1.527,""end"":1.687,""score"":0.911},{""word"":""that"",""start"":1.908,""end"":2.068,""score"":0.964},{""word"":""special"",""start"":2.128,""end"":2.449,""score"":1.0},{""word"":""someone."",""start"":2.489,""end"":2.871,""score"":0.875},{""word"":""So"",""start"":3.974,""end"":4.074,""score"":1.0},{""word"":""what"",""start"":4.114,""end"":4.215,""score"":0.906},{""word"":""is"",""start"":4.255,""end"":4.335,""score"":0.996},{""word"":""the"",""start"":4.375,""end"":4.475,""score"":0.991},{""word"":""secret"",""start"":4.536,""end"":4.836,""score"":1.0},{""word"":""I'm"",""start"":4.897,""end"":5.037,""score"":0.794},{""word"":""telling"",""start"":5.057,""end"":5.378,""score"":0.929},{""word"":""you"",""start"":5.398,""end"":5.539,""score"":0.84},{""word"":""about?"",""start"":5.619,""end"":5.96,""score"":0.918},{""word"":""Well,"",""start"":6.521,""end"":6.762,""score"":0.999},{""word"":""it"",""start"":7.224,""end"":7.284,""score"":1.0},{""word"":""is"",""start"":7.364,""end"":7.444,""score"":0.995},{""word"":""the"",""start"":7.524,""end"":7.645,""score"":0.889},{""word"":""secret"",""start"":7.705,""end"":8.006,""score"":0.994}]",1.0476190476190477,0.958904109589041,1,0.045454545454545456,0.047619047619047616,0.046511627906976744,0.023809523809523808,1.0476190476190477,0.47619047619047616,0,0.0,,,,,,,1.0
-iRBcNs9oI8$_$9,-iRBcNs9oI8,ok,POWER IS SIMILAR TO STRENGTH,OF POWER POSE,"[{""word"":""of"",""start"":0.184,""end"":0.284,""score"":0.99},{""word"":""Power"",""start"":1.293,""end"":1.777,""score"":0.95},{""word"":""Pose."",""start"":2.019,""end"":2.584,""score"":0.914}]",1.0,0.75,1,0.3333333333333333,0.2,0.25,0.14285714285714285,1.0,1.0,1,0.2,0.495283653846154,0.495283653846154,0.463062199519231,0.463062199519231,0.4791729266826925,0.4791729266826925,1.0
-lzEya4AM_4$_$5,-lzEya4AM_4,ok,IF IT FALLS INTO OH ANY OF THOSE THREE CATEGORIES INDUCING NAUSEA AND VOMITING WOULD BE YOUR NEXT STEP,IF IT FALLS INTO ANY OF THOSE THREE CATEGORIES INDUCING NAUSEA AND VOMITING WOULD BE YOUR NEXT STEP,"[{""word"":""If"",""start"":0.542,""end"":0.602,""score"":0.986},{""word"":""it"",""start"":0.643,""end"":0.703,""score"":0.999},{""word"":""falls"",""start"":0.743,""end"":1.004,""score"":0.918},{""word"":""into"",""start"":1.064,""end"":1.285,""score"":0.971},{""word"":""any"",""start"":1.626,""end"":1.767,""score"":1.0},{""word"":""of"",""start"":1.807,""end"":1.867,""score"":1.0},{""word"":""those"",""start"":1.907,""end"":2.088,""score"":0.9},{""word"":""three"",""start"":2.108,""end"":2.288,""score"":0.8},{""word"":""categories,"",""start"":2.329,""end"":2.891,""score"":0.997},{""word"":""inducing"",""start"":3.653,""end"":4.256,""score"":0.955},{""word"":""nausea"",""start"":5.079,""end"":5.48,""score"":0.917},{""word"":""and"",""start"":5.5,""end"":5.58,""score"":0.833},{""word"":""vomiting"",""start"":5.62,""end"":6.022,""score"":1.0},{""word"":""would"",""start"":6.223,""end"":6.403,""score"":0.863},{""word"":""be"",""start"":6.423,""end"":6.484,""score"":1.0},{""word"":""your"",""start"":6.524,""end"":6.624,""score"":0.883},{""word"":""next"",""start"":6.664,""end"":6.825,""score"":0.907},{""word"":""step."",""start"":6.845,""end"":7.066,""score"":0.82}]",0.05263157894736842,0.023809523809523808,18,1.0,0.9473684210526315,0.972972972972973,0.9473684210526315,0.10526315789473684,1.0,18,0.9473684210526315,0.18693564618644176,0.3918452462923731,0.12297311970339031,0.19355622351694973,0.15910963983050985,0.2956398371292375,1.0
-lzEya4AM_4$_$6,-lzEya4AM_4,ok,IF THE PRODUCT OR POISON IS SOME TYPE OF PETROLEUM PRODUCT OR CORROSIVE PRODUCT YOU WOULD NOT ATTEMPT TO INDUCE VOMITING AND NAUSEA AS AS THE PRODUCT BURNED ON THE WAY DOWN IT COULD CAUSE DAMAGE AND BURNING ON THE WAY BACK UP,IF THE PRODUCT OR POISON IS SOME TYPE OF PETROLEUM PRODUCT OR CORROSIVE PRODUCT YOU WOULD NOT ATTEMPT TO INDUCE VOMITING AND NAUSEA AS THE PRODUCT BURNED ON THE WAY DOWN IT COULD CAUSE DAMAGE AND BURNING ON THE WAY BACK UP,"[{""word"":""If"",""start"":0.594,""end"":0.674,""score"":1.0},{""word"":""the"",""start"":0.714,""end"":0.814,""score"":0.923},{""word"":""product"",""start"":0.854,""end"":1.274,""score"":0.906},{""word"":""or"",""start"":1.575,""end"":1.635,""score"":0.752},{""word"":""poison"",""start"":1.695,""end"":2.135,""score"":0.865},{""word"":""is"",""start"":2.175,""end"":2.255,""score"":0.892},{""word"":""some"",""start"":2.295,""end"":2.435,""score"":0.894},{""word"":""type"",""start"":2.475,""end"":2.675,""score"":0.868},{""word"":""of"",""start"":2.735,""end"":2.795,""score"":0.75},{""word"":""petroleum"",""start"":2.855,""end"":3.376,""score"":0.992},{""word"":""product"",""start"":3.436,""end"":3.796,""score"":1.0},{""word"":""or"",""start"":4.216,""end"":4.276,""score"":1.0},{""word"":""corrosive"",""start"":4.336,""end"":4.816,""score"":0.95},{""word"":""product,"",""start"":4.857,""end"":5.237,""score"":0.771},{""word"":""you"",""start"":5.817,""end"":5.897,""score"":0.857},{""word"":""would"",""start"":5.937,""end"":6.077,""score"":0.903},{""word"":""not"",""start"":6.117,""end"":6.297,""score"":1.0},{""word"":""attempt"",""start"":6.457,""end"":6.818,""score"":0.974},{""word"":""to"",""start"":7.178,""end"":7.338,""score"":1.0},{""word"":""induce"",""start"":7.618,""end"":7.938,""score"":0.917},{""word"":""vomiting"",""start"":7.998,""end"":8.399,""score"":1.0},{""word"":""and"",""start"":8.599,""end"":8.679,""score"":0.835},{""word"":""nausea."",""start"":8.739,""end"":9.759,""score"":0.94},{""word"":""As"",""start"":9.779,""end"":9.819,""score"":0.011},{""word"":""the"",""start"":9.879,""end"":9.959,""score"":0.92},{""word"":""product"",""start"":10.0,""end"":10.34,""score"":0.934},{""word"":""burned"",""start"":10.42,""end"":10.7,""score"":1.0},{""word"":""on"",""start"":10.76,""end"":10.82,""score"":1.0},{""word"":""the"",""start"":10.84,""end"":10.92,""score"":0.927},{""word"":""way"",""start"":10.96,""end"":11.1,""score"":1.0},{""word"":""down,"",""start"":11.14,""end"":11.761,""score"":1.0},{""word"":""it"",""start"":11.801,""end"":11.861,""score"":0.826},{""word"":""could"",""start"":11.881,""end"":12.021,""score"":0.902},{""word"":""cause"",""start"":12.061,""end"":12.301,""score"":0.837},{""word"":""damage"",""start"":12.361,""end"":12.721,""score"":0.948},{""word"":""and"",""start"":12.761,""end"":12.841,""score"":0.857},{""word"":""burning"",""start"":12.881,""end"":13.221,""score"":0.859},{""word"":""on"",""start"":13.462,""end"":13.522,""score"":0.866},{""word"":""the"",""start"":13.562,""end"":13.622,""score"":1.0},{""word"":""way"",""start"":13.662,""end"":13.782,""score"":1.0},{""word"":""back"",""start"":13.822,""end"":14.002,""score"":1.0},{""word"":""up."",""start"":14.122,""end"":14.202,""score"":0.997}]",0.023255813953488372,0.01092896174863388,42,1.0,0.9767441860465116,0.988235294117647,0.9767441860465116,0.023255813953488372,1.0,42,0.9767441860465116,0.18156725543478247,0.5626574048913039,0.1359896739130435,0.3511391304347823,0.21704157608695684,0.37106743206521714,1.0
-mJ2ud6oKI8$_$1,-mJ2ud6oKI8,ok,THERE ARE A DOZEN OR MORE HANDS ON TECHNIQUES THAT WE CAN DO,,[],1.0,1.0,0,0.0,0.0,0.0,0.0,1.0,0.23076923076923078,0,0.0,,,,,,,0.0
-mJ2ud6oKI8$_$2,-mJ2ud6oKI8,ok,SO PHYSICAL THERAPISTS AND CHIROPRACTORS WILL DO JOINT MANIPULATIONS AND MOBILIZATIONS,,[],1.0,1.0,0,0.0,0.0,0.0,0.0,1.0,0.2727272727272727,0,0.0,,,,,,,0.0
-mJ2ud6oKI8$_$6,-mJ2ud6oKI8,ok,THEY ARE ALL VERY SAFE,THAT WE ALL WANT TO APPROACH REALLY ANYBODY,"[{""word"":""that"",""start"":0.022,""end"":0.182,""score"":0.905},{""word"":""we"",""start"":0.303,""end"":0.423,""score"":1.0},{""word"":""all"",""start"":0.584,""end"":0.724,""score"":0.987},{""word"":""want"",""start"":0.784,""end"":0.924,""score"":0.884},{""word"":""to"",""start"":0.965,""end"":1.025,""score"":0.983},{""word"":""approach"",""start"":1.065,""end"":1.446,""score"":0.832},{""word"":""really"",""start"":1.787,""end"":2.007,""score"":0.906},{""word"":""anybody."",""start"":2.048,""end"":2.228,""score"":0.247}]",1.4,1.4444444444444444,1,0.125,0.2,0.15384615384615385,0.08333333333333333,1.4,0.6,0,0.0,,,,,,,1.0
-mJ2ud6oKI8$_$8,-mJ2ud6oKI8,ok,SOMETIMES WE HAVE TO STRETCH THAT JOINT THAT IS ALREADY IRRITATED,WE WANT TO EVALUATE THEM GIVE THEM A FULL THOROUGH EVALUATION TO FIND,"[{""word"":""We"",""start"":0.79,""end"":0.891,""score"":0.957},{""word"":""want"",""start"":0.911,""end"":1.032,""score"":0.786},{""word"":""to"",""start"":1.052,""end"":1.132,""score"":0.83},{""word"":""evaluate"",""start"":1.172,""end"":1.635,""score"":0.921},{""word"":""them,"",""start"":1.655,""end"":2.159,""score"":0.706},{""word"":""give"",""start"":2.199,""end"":2.279,""score"":0.508},{""word"":""them"",""start"":2.299,""end"":2.4,""score"":0.426},{""word"":""a"",""start"":2.44,""end"":2.46,""score"":0.972},{""word"":""full,"",""start"":2.561,""end"":2.823,""score"":1.0},{""word"":""thorough"",""start"":2.923,""end"":3.225,""score"":0.879},{""word"":""evaluation"",""start"":3.245,""end"":3.849,""score"":0.969},{""word"":""to"",""start"":3.889,""end"":3.99,""score"":0.875},{""word"":""find"",""start"":4.03,""end"":4.151,""score"":0.326}]",1.0909090909090908,0.8181818181818182,2,0.15384615384615385,0.18181818181818182,0.16666666666666669,0.09090909090909091,1.2727272727272727,0.7272727272727273,1,0.09090909090909091,0.385796996124031,0.385796996124031,0.13109835271317827,0.13109835271317827,0.2584476744186046,0.2584476744186046,1.0
-mJ2ud6oKI8$_$9,-mJ2ud6oKI8,ok,IT'S SAFE AND THE PERSON WILL FEEL BETTER LATER ON BUT IT'S SORT OF LIKE FLOSSING YOUR TEETH FOR THE FIRST TIME,TO FIND OUT BECAUSE YOU MIGHT HAVE HIP OSTEOARTHRITIS BUT THEN YOU COULD ALSO HAVE OTHER YOU KNOW DYSFUNCTIONS AROUND YOUR,"[{""word"":""to"",""start"":0.355,""end"":0.435,""score"":1.0},{""word"":""find"",""start"":0.475,""end"":0.715,""score"":1.0},{""word"":""out"",""start"":0.836,""end"":0.976,""score"":0.866},{""word"":""because"",""start"":1.056,""end"":1.317,""score"":0.939},{""word"":""you"",""start"":1.337,""end"":1.417,""score"":0.855},{""word"":""might"",""start"":1.457,""end"":1.617,""score"":0.871},{""word"":""have"",""start"":1.658,""end"":1.798,""score"":0.864},{""word"":""hip"",""start"":1.838,""end"":1.978,""score"":0.894},{""word"":""osteoarthritis"",""start"":2.058,""end"":2.78,""score"":0.746},{""word"":""but"",""start"":2.94,""end"":3.021,""score"":0.998},{""word"":""then"",""start"":3.041,""end"":3.161,""score"":0.488},{""word"":""you"",""start"":3.181,""end"":3.281,""score"":0.835},{""word"":""could"",""start"":3.301,""end"":3.421,""score"":0.938},{""word"":""also"",""start"":3.461,""end"":3.662,""score"":1.0},{""word"":""have"",""start"":3.722,""end"":3.862,""score"":0.875},{""word"":""other"",""start"":4.083,""end"":4.343,""score"":1.0},{""word"":""you"",""start"":5.847,""end"":5.927,""score"":0.85},{""word"":""know"",""start"":5.947,""end"":6.047,""score"":0.874},{""word"":""dysfunctions"",""start"":6.087,""end"":6.588,""score"":0.773},{""word"":""around"",""start"":6.608,""end"":6.769,""score"":0.862},{""word"":""your"",""start"":6.809,""end"":6.889,""score"":0.948}]",0.9545454545454546,0.9,2,0.09523809523809523,0.09090909090909091,0.09302325581395349,0.04878048780487805,1.0909090909090908,0.5454545454545454,1,0.045454545454545456,1.4927965116279065,1.4927965116279065,1.0567296511627902,1.0567296511627902,1.2747630813953483,1.2747630813953483,1.0
-mqbVkbCndg$_$0,-mqbVkbCndg,ok,HOW AT A PARTICULAR MOMENT IN TIME OUR MOMENT IN TIME ARE THEY LIMITED,HOW AT A PARTICULAR MOMENT IN TIME OUR MOMENT IN TIME ARE THEY LIMITED,"[{""word"":""How"",""start"":0.182,""end"":0.423,""score"":0.916},{""word"":""at"",""start"":0.863,""end"":0.944,""score"":0.77},{""word"":""a"",""start"":0.964,""end"":1.004,""score"":0.516},{""word"":""particular"",""start"":1.044,""end"":1.565,""score"":0.995},{""word"":""moment"",""start"":1.645,""end"":2.006,""score"":1.0},{""word"":""in"",""start"":2.086,""end"":2.166,""score"":0.952},{""word"":""time,"",""start"":2.226,""end"":2.567,""score"":1.0},{""word"":""our"",""start"":2.827,""end"":2.968,""score"":0.857},{""word"":""moment"",""start"":3.048,""end"":3.449,""score"":0.93},{""word"":""in"",""start"":3.509,""end"":3.609,""score"":0.844},{""word"":""time,"",""start"":3.669,""end"":3.99,""score"":0.8},{""word"":""are"",""start"":4.531,""end"":4.651,""score"":0.864},{""word"":""they"",""start"":4.691,""end"":4.912,""score"":1.0},{""word"":""limited?"",""start"":5.433,""end"":5.874,""score"":0.997}]",0.0,0.0,14,1.0,1.0,1.0,1.0,0.0,1.0,10,0.8333333333333334,0.38502010050251245,0.5472924623115577,0.18533165829145748,0.3639922110552763,0.2915087939698493,0.37758938442211054,1.0
-qDkUB0GgYY$_$6,-qDkUB0GgYY,ok,WE ALWAYS LOVE TO HEAR WHAT YOU SAY AND LIKE AND SHARE THIS VIDEO AS WELL,WITH US WE ALWAYS LOVE TO HEAR WHAT YOU HAVE TO SAY AND LIKE AND SHARE THIS VIDEO AS WELL,"[{""word"":""with"",""start"":0.12,""end"":0.241,""score"":0.961},{""word"":""us."",""start"":0.341,""end"":0.441,""score"":0.997},{""word"":""We"",""start"":0.502,""end"":0.602,""score"":0.856},{""word"":""always"",""start"":0.642,""end"":0.883,""score"":0.951},{""word"":""love"",""start"":0.983,""end"":1.164,""score"":0.984},{""word"":""to"",""start"":1.204,""end"":1.264,""score"":0.756},{""word"":""hear"",""start"":1.284,""end"":1.425,""score"":0.879},{""word"":""what"",""start"":1.445,""end"":1.545,""score"":0.88},{""word"":""you"",""start"":1.565,""end"":1.625,""score"":1.0},{""word"":""have"",""start"":1.665,""end"":1.766,""score"":0.905},{""word"":""to"",""start"":1.786,""end"":1.846,""score"":0.741},{""word"":""say"",""start"":1.926,""end"":2.167,""score"":1.0},{""word"":""and"",""start"":2.588,""end"":2.689,""score"":0.714},{""word"":""like"",""start"":2.729,""end"":2.909,""score"":0.895},{""word"":""and"",""start"":2.95,""end"":3.01,""score"":0.671},{""word"":""share"",""start"":3.03,""end"":3.17,""score"":0.314},{""word"":""this"",""start"":3.19,""end"":3.311,""score"":0.152},{""word"":""video"",""start"":3.331,""end"":3.572,""score"":0.429},{""word"":""as"",""start"":3.632,""end"":3.712,""score"":0.774},{""word"":""well."",""start"":3.792,""end"":4.053,""score"":0.971}]",0.25,0.20689655172413793,16,0.8,1.0,0.888888888888889,0.8,0.5625,1.0,16,1.0,0.16320432692307718,0.3265600961538462,0.1104798951048952,0.20553999125874123,0.14308063811188806,0.25852502185314685,1.0
-ri04Z7vwnc$_$0,-ri04Z7vwnc,ok,GOING TO GET MARRIED OR ARE ALREADY MARRIED,,[],1.0,1.0,0,0.0,0.0,0.0,0.0,1.0,0.75,0,0.0,,,,,,,0.0
-ri04Z7vwnc$_$2,-ri04Z7vwnc,ok,MOST PEOPLE THINK IT'LL SORT ITSELF OUT WE'LL DISCUSS IT LATER IT'S NOT SOMETHING TOO IMPORTANT,HI I'M MAGENTA,"[{""word"":""Hi,"",""start"":4.278,""end"":4.461,""score"":0.698},{""word"":""I'm"",""start"":4.847,""end"":5.009,""score"":0.851},{""word"":""Magenta."",""start"":5.03,""end"":5.436,""score"":0.623}]",1.0,0.8875,0,0.0,0.0,0.0,0.0,1.0,0.625,0,0.0,,,,,,,1.0
-ri04Z7vwnc$_$5,-ri04Z7vwnc,ok,SO I THINK IT'S IMPORTANT TO DISCUSS FINANCES,AND A LOT OF PEOPLE WHO ARE WORKING MONEY IS VERY IMPORTANT,"[{""word"":""And"",""start"":0.243,""end"":0.364,""score"":0.889},{""word"":""a"",""start"":0.525,""end"":0.585,""score"":0.935},{""word"":""lot"",""start"":0.645,""end"":0.746,""score"":1.0},{""word"":""of"",""start"":0.786,""end"":0.826,""score"":0.999},{""word"":""people"",""start"":0.867,""end"":1.088,""score"":0.941},{""word"":""who"",""start"":1.128,""end"":1.208,""score"":1.0},{""word"":""are"",""start"":1.249,""end"":1.329,""score"":0.835},{""word"":""working,"",""start"":1.369,""end"":2.495,""score"":0.879},{""word"":""money"",""start"":2.535,""end"":2.716,""score"":0.865},{""word"":""is"",""start"":2.797,""end"":2.877,""score"":1.0},{""word"":""very"",""start"":2.917,""end"":3.078,""score"":0.919},{""word"":""important."",""start"":3.118,""end"":3.42,""score"":0.599}]",1.5,1.0789473684210527,1,0.08333333333333333,0.125,0.1,0.05263157894736842,1.875,0.625,1,0.125,1.34944929245283,1.34944929245283,1.5216474056603773,1.5216474056603773,1.4355483490566037,1.4355483490566037,1.0
-s9qJ7ATP7w$_$0,-s9qJ7ATP7w,ok,THEY HAVE DOUBT THEY HAVE FEAR THEY LOSE IN A FERRARI RACE OR THEY LOSE IN A RACE AND THEN THEY JUST GIVE UP,THEY HAVE DOUBT THEY HAVE FEAR THEY LOSE IN A FERRARI RACE OR THEY LOSE IN A RACE AND THEN THEY JUST GIVE UP,"[{""word"":""they"",""start"":0.066,""end"":0.146,""score"":0.004},{""word"":""have"",""start"":0.166,""end"":0.306,""score"":0.71},{""word"":""doubt,"",""start"":0.346,""end"":0.627,""score"":0.863},{""word"":""they"",""start"":0.667,""end"":0.807,""score"":0.918},{""word"":""have"",""start"":0.847,""end"":0.967,""score"":0.884},{""word"":""fear,"",""start"":1.067,""end"":1.368,""score"":0.981},{""word"":""they"",""start"":1.708,""end"":1.888,""score"":0.87},{""word"":""lose"",""start"":1.908,""end"":2.129,""score"":0.923},{""word"":""in"",""start"":2.149,""end"":2.229,""score"":0.769},{""word"":""a"",""start"":2.269,""end"":2.289,""score"":0.979},{""word"":""Ferrari"",""start"":2.329,""end"":2.789,""score"":0.805},{""word"":""race"",""start"":2.85,""end"":3.09,""score"":0.995},{""word"":""or"",""start"":3.15,""end"":3.21,""score"":0.986},{""word"":""they"",""start"":3.25,""end"":3.41,""score"":0.702},{""word"":""lose"",""start"":3.43,""end"":3.711,""score"":0.967},{""word"":""in"",""start"":3.791,""end"":3.911,""score"":0.791},{""word"":""a"",""start"":4.111,""end"":4.211,""score"":0.801},{""word"":""race"",""start"":4.512,""end"":4.792,""score"":0.886},{""word"":""and"",""start"":5.173,""end"":5.253,""score"":0.936},{""word"":""then"",""start"":5.273,""end"":5.393,""score"":0.883},{""word"":""they"",""start"":5.413,""end"":5.553,""score"":0.877},{""word"":""just"",""start"":5.593,""end"":5.733,""score"":0.922},{""word"":""give"",""start"":5.773,""end"":5.954,""score"":0.843},{""word"":""up."",""start"":6.074,""end"":6.154,""score"":0.965}]",0.0,0.0,24,1.0,1.0,1.0,1.0,0.20833333333333334,0.9583333333333334,23,0.9583333333333334,0.18878693181818185,0.3676079545454542,0.14824715909090913,0.21044261363636388,0.1670568181818184,0.28765624999999984,1.0
-s9qJ7ATP7w$_$1,-s9qJ7ATP7w,ok,BUT THE HARDEST THING IN LIFE TO LEARN IS TO LOSE,THE HARDEST THING IN LIFE TO LEARN IS TO LOSE WINNING'S EASY,"[{""word"":""The"",""start"":1.356,""end"":1.436,""score"":0.862},{""word"":""hardest"",""start"":1.476,""end"":1.757,""score"":0.927},{""word"":""thing"",""start"":1.777,""end"":1.917,""score"":0.9},{""word"":""in"",""start"":1.937,""end"":1.978,""score"":0.974},{""word"":""life"",""start"":2.018,""end"":2.158,""score"":1.0},{""word"":""to"",""start"":2.198,""end"":2.278,""score"":1.0},{""word"":""learn"",""start"":2.318,""end"":2.559,""score"":0.918},{""word"":""is"",""start"":3.14,""end"":3.221,""score"":0.83},{""word"":""to"",""start"":3.261,""end"":3.341,""score"":0.993},{""word"":""lose."",""start"":3.401,""end"":3.642,""score"":0.999},{""word"":""Winning's"",""start"":3.802,""end"":4.123,""score"":0.951},{""word"":""easy."",""start"":4.223,""end"":4.464,""score"":0.874}]",0.2727272727272727,0.41025641025641024,10,0.8333333333333334,0.9090909090909091,0.8695652173913043,0.7692307692307693,0.45454545454545453,1.0,10,0.9090909090909091,0.14809895833333353,0.5721021484375001,0.10960416666666672,0.23443932291666666,0.12047851562500012,0.35288479817708357,1.0
-s9qJ7ATP7w$_$4,-s9qJ7ATP7w,ok,I HAVE LOST AT EVERYTHING YOU CAN IMAGINE SERIOUSLY,KEEP GOING I HAVE LOST AT EVERYTHING YOU CAN IMAGINE SERIOUSLY WE HAVE,"[{""word"":""keep"",""start"":0.034,""end"":0.194,""score"":0.534},{""word"":""going."",""start"":0.215,""end"":0.455,""score"":0.707},{""word"":""I"",""start"":0.636,""end"":0.696,""score"":0.746},{""word"":""have"",""start"":0.716,""end"":0.836,""score"":0.971},{""word"":""lost"",""start"":0.897,""end"":1.198,""score"":0.99},{""word"":""at"",""start"":1.318,""end"":1.398,""score"":0.835},{""word"":""everything"",""start"":1.679,""end"":2.1,""score"":0.949},{""word"":""you"",""start"":2.161,""end"":2.241,""score"":0.878},{""word"":""can"",""start"":2.301,""end"":2.401,""score"":1.0},{""word"":""imagine."",""start"":2.461,""end"":2.883,""score"":0.938},{""word"":""Seriously,"",""start"":2.983,""end"":3.424,""score"":0.919},{""word"":""we"",""start"":3.565,""end"":3.705,""score"":1.0},{""word"":""have"",""start"":3.786,""end"":3.986,""score"":1.0}]",0.4444444444444444,0.3488372093023256,9,0.6923076923076923,1.0,0.8181818181818181,0.6923076923076923,0.4444444444444444,1.0,9,1.0,0.24019460227272726,0.4530775568181818,0.14427414772727276,0.34879346590909105,0.24291619318181845,0.3305607954545454,1.0
-s9qJ7ATP7w$_$5,-s9qJ7ATP7w,ok,I HAVE BEEN BEAT UP AND PUT DOWN AND EVERYTHING THAT CAN GO WRONG HAS GONE WRONG FOR ME,I HAVE BEEN BEAT UP AND PUT DOWN AND EVERYTHING THAT CAN GO WRONG HAS GONE WRONG FOR ME,"[{""word"":""I"",""start"":0.403,""end"":0.463,""score"":0.667},{""word"":""have"",""start"":0.543,""end"":1.425,""score"":0.889},{""word"":""been"",""start"":1.465,""end"":1.625,""score"":1.0},{""word"":""beat"",""start"":1.745,""end"":2.026,""score"":0.996},{""word"":""up"",""start"":2.306,""end"":2.407,""score"":1.0},{""word"":""and"",""start"":2.567,""end"":2.667,""score"":1.0},{""word"":""put"",""start"":2.827,""end"":3.028,""score"":1.0},{""word"":""down"",""start"":3.088,""end"":3.589,""score"":1.0},{""word"":""and"",""start"":3.909,""end"":4.03,""score"":1.0},{""word"":""everything"",""start"":4.891,""end"":5.232,""score"":1.0},{""word"":""that"",""start"":5.272,""end"":5.392,""score"":0.964},{""word"":""can"",""start"":5.412,""end"":5.553,""score"":0.893},{""word"":""go"",""start"":5.613,""end"":5.773,""score"":1.0},{""word"":""wrong"",""start"":5.873,""end"":6.274,""score"":0.834},{""word"":""has"",""start"":6.695,""end"":6.835,""score"":1.0},{""word"":""gone"",""start"":6.875,""end"":7.096,""score"":0.8},{""word"":""wrong"",""start"":7.156,""end"":7.416,""score"":0.904},{""word"":""for"",""start"":7.496,""end"":7.657,""score"":1.0},{""word"":""me."",""start"":7.717,""end"":7.877,""score"":1.0}]",0.0,0.0,19,1.0,1.0,1.0,1.0,0.15789473684210525,1.0,19,1.0,0.2810026340996168,0.5617845306513409,0.1804446839080458,0.3861700670498079,0.2569113984674327,0.44775227490421443,1.0
-s9qJ7ATP7w$_$6,-s9qJ7ATP7w,ok,BUT I JUST KEPT GOING,FOR ME BUT I JUST KEPT GOING,"[{""word"":""for"",""start"":0.054,""end"":0.215,""score"":0.884},{""word"":""me,"",""start"":0.255,""end"":0.416,""score"":0.976},{""word"":""but"",""start"":0.557,""end"":0.758,""score"":0.979},{""word"":""I"",""start"":1.241,""end"":1.302,""score"":0.931},{""word"":""just"",""start"":1.342,""end"":1.463,""score"":0.89},{""word"":""kept"",""start"":1.483,""end"":1.623,""score"":0.935},{""word"":""going."",""start"":1.644,""end"":1.865,""score"":0.897}]",0.4,0.29411764705882354,5,0.7142857142857143,1.0,0.8333333333333333,0.7142857142857143,0.4,1.0,5,1.0,0.15199075704225362,0.45884577464788745,0.11199075704225359,0.18684691901408454,0.15695334507042258,0.3005096390845071,1.0
-s9qJ7ATP7w$_$7,-s9qJ7ATP7w,ok,I USED TO WORK FOR WARREN AVIS THE GUY WHO STARTED AVIS RENT A CAR AND HE SAID TO ME ONE DAY ROBERT WHAT'S THE PURPOSE OF BUSINESS,I USED TO WORK FOR WARREN AVIS THE GUY WHO STARTED AVIS RENT A CAR AND HE SAID TO ME ONE DAY ROBERT WHAT'S THE PURPOSE OF BUSINESS,"[{""word"":""I"",""start"":0.574,""end"":0.614,""score"":0.647},{""word"":""used"",""start"":0.675,""end"":0.775,""score"":0.984},{""word"":""to"",""start"":0.795,""end"":0.835,""score"":0.998},{""word"":""work"",""start"":0.875,""end"":0.996,""score"":0.876},{""word"":""for"",""start"":1.036,""end"":1.136,""score"":0.847},{""word"":""Warren"",""start"":1.157,""end"":1.418,""score"":0.843},{""word"":""Avis,"",""start"":1.458,""end"":1.699,""score"":0.931},{""word"":""the"",""start"":1.92,""end"":2.0,""score"":0.882},{""word"":""guy"",""start"":2.02,""end"":2.14,""score"":0.491},{""word"":""who"",""start"":2.161,""end"":2.261,""score"":0.176},{""word"":""started"",""start"":2.281,""end"":2.522,""score"":0.515},{""word"":""Avis"",""start"":2.562,""end"":2.763,""score"":0.887},{""word"":""Rent-A-Car,"",""start"":2.803,""end"":3.205,""score"":0.632},{""word"":""and"",""start"":3.225,""end"":3.305,""score"":0.786},{""word"":""he"",""start"":3.325,""end"":3.385,""score"":0.911},{""word"":""said"",""start"":3.426,""end"":3.586,""score"":0.9},{""word"":""to"",""start"":3.606,""end"":3.666,""score"":0.994},{""word"":""me"",""start"":3.707,""end"":3.807,""score"":0.76},{""word"":""one"",""start"":3.907,""end"":4.008,""score"":0.792},{""word"":""day,"",""start"":4.028,""end"":4.249,""score"":0.976},{""word"":""Robert,"",""start"":4.831,""end"":5.152,""score"":0.999},{""word"":""what's"",""start"":5.192,""end"":5.353,""score"":0.932},{""word"":""the"",""start"":5.393,""end"":5.474,""score"":0.845},{""word"":""purpose"",""start"":5.514,""end"":5.835,""score"":0.921},{""word"":""of"",""start"":5.855,""end"":5.915,""score"":0.908},{""word"":""business?"",""start"":5.956,""end"":6.317,""score"":0.983}]",0.0,0.0,28,1.0,1.0,1.0,1.0,0.5714285714285714,1.0,25,0.8928571428571429,0.1530870011737091,0.35872027582159643,0.11046024061032922,0.28169603873239496,0.13487764084507048,0.23227497065727717,0.9285714285714286
-s9qJ7ATP7w$_$8,-s9qJ7ATP7w,ok,AND I SAID OH MAKE A PROFIT AND ALL THESE OTHER THINGS,BUSINESS AND I SAID OH MAKE A PROFIT AND ALL THESE OTHER THINGS THEY SAID NO,"[{""word"":""business"",""start"":0.121,""end"":0.443,""score"":1.0},{""word"":""and"",""start"":0.524,""end"":0.605,""score"":0.992},{""word"":""I"",""start"":0.665,""end"":0.705,""score"":0.999},{""word"":""said"",""start"":0.746,""end"":0.887,""score"":0.989},{""word"":""oh"",""start"":0.987,""end"":1.129,""score"":0.642},{""word"":""make"",""start"":1.169,""end"":1.31,""score"":0.882},{""word"":""a"",""start"":1.35,""end"":1.37,""score"":0.995},{""word"":""profit"",""start"":1.431,""end"":1.874,""score"":0.971},{""word"":""and"",""start"":1.914,""end"":1.975,""score"":0.954},{""word"":""all"",""start"":1.995,""end"":2.076,""score"":0.634},{""word"":""these"",""start"":2.096,""end"":2.217,""score"":0.865},{""word"":""other"",""start"":2.257,""end"":2.418,""score"":0.947},{""word"":""things"",""start"":2.459,""end"":2.66,""score"":0.865},{""word"":""they"",""start"":2.68,""end"":2.821,""score"":0.277},{""word"":""said"",""start"":2.841,""end"":3.003,""score"":0.914},{""word"":""no."",""start"":3.043,""end"":3.164,""score"":0.775}]",0.3333333333333333,0.4186046511627907,12,0.75,1.0,0.8571428571428571,0.75,0.4166666666666667,1.0,12,1.0,0.1987992424242424,0.30901540404040406,0.13434469696969703,0.2145128787878789,0.1940763888888888,0.25078383838383844,1.0
-t217m2on-s$_$2,-t217m2on-s,ok,BUT A GOOD THING TO DO IS YAWNING CHEWING GUM IS EFFECTIVE,BUT A GOOD THING TO DO IS YAWNING CHEWING GUM IS EFFECTIVE,"[{""word"":""But"",""start"":0.546,""end"":1.029,""score"":0.84},{""word"":""a"",""start"":1.35,""end"":1.39,""score"":0.943},{""word"":""good"",""start"":1.451,""end"":1.591,""score"":0.91},{""word"":""thing"",""start"":1.612,""end"":1.752,""score"":0.914},{""word"":""to"",""start"":1.772,""end"":1.833,""score"":0.902},{""word"":""do"",""start"":1.873,""end"":1.953,""score"":1.0},{""word"":""is"",""start"":1.994,""end"":2.074,""score"":0.749},{""word"":""yawning."",""start"":2.134,""end"":3.441,""score"":0.93},{""word"":""Chewing"",""start"":3.542,""end"":3.924,""score"":0.911},{""word"":""gum"",""start"":4.024,""end"":4.265,""score"":0.91},{""word"":""is"",""start"":4.326,""end"":4.406,""score"":0.992},{""word"":""effective."",""start"":4.466,""end"":5.029,""score"":0.991}]",0.0,0.0,12,1.0,1.0,1.0,1.0,0.3333333333333333,1.0,12,1.0,0.1941218749999999,0.4948705000000001,0.14532562499999968,0.484386375,0.18716531249999968,0.565458375,1.0
-t217m2on-s$_$7,-t217m2on-s,ok,IF YOU FIND THAT YOUR EARS CONSISTENTLY DO THIS AND YOU CAN'T POP THEM OFTEN YOU'LL DEFINITELY NEED TO SEE A PHYSICIAN REGARDING THOSE THINGS IT COULD BE SOMETHING MORE OF A NASAL INFECTION OR A SINUS INFECTION THAT HE WOULD NEED TO DEAL WITH,IF YOU FIND THAT YOUR EARS CONSISTENTLY DO THIS AND YOU CAN'T POP THEM OFTEN YOU'LL DEFINITELY NEED TO SEE A PHYSICIAN REGARDING THOSE THINGS IT COULD BE SOMETHING MORE OF A NASAL INFECTION OR A SINUS INFECTION THAT HE WOULD NEED TO DEAL WITH,"[{""word"":""If"",""start"":0.578,""end"":0.618,""score"":0.473},{""word"":""you"",""start"":0.658,""end"":0.778,""score"":0.973},{""word"":""find"",""start"":0.838,""end"":1.099,""score"":0.883},{""word"":""that"",""start"":1.139,""end"":1.319,""score"":1.0},{""word"":""your"",""start"":1.399,""end"":1.559,""score"":0.976},{""word"":""ears"",""start"":1.699,""end"":1.959,""score"":1.0},{""word"":""consistently"",""start"":3.241,""end"":4.041,""score"":0.978},{""word"":""do"",""start"":4.282,""end"":4.442,""score"":1.0},{""word"":""this"",""start"":4.482,""end"":4.682,""score"":0.946},{""word"":""and"",""start"":4.782,""end"":4.862,""score"":0.919},{""word"":""you"",""start"":4.882,""end"":4.982,""score"":0.998},{""word"":""can't"",""start"":5.022,""end"":5.363,""score"":0.803},{""word"":""pop"",""start"":5.543,""end"":5.863,""score"":0.889},{""word"":""them"",""start"":5.903,""end"":6.043,""score"":0.918},{""word"":""often,"",""start"":6.184,""end"":6.484,""score"":0.993},{""word"":""you'll"",""start"":6.884,""end"":7.085,""score"":0.793},{""word"":""definitely"",""start"":7.105,""end"":7.745,""score"":0.79},{""word"":""need"",""start"":7.785,""end"":7.925,""score"":0.942},{""word"":""to"",""start"":7.965,""end"":8.025,""score"":1.0},{""word"":""see"",""start"":8.065,""end"":8.226,""score"":0.834},{""word"":""a"",""start"":8.246,""end"":8.286,""score"":0.499},{""word"":""physician"",""start"":8.326,""end"":8.886,""score"":0.916},{""word"":""regarding"",""start"":9.507,""end"":9.947,""score"":0.915},{""word"":""those"",""start"":9.967,""end"":10.148,""score"":0.991},{""word"":""things."",""start"":10.228,""end"":10.848,""score"":1.0},{""word"":""It"",""start"":10.908,""end"":10.968,""score"":0.996},{""word"":""could"",""start"":11.028,""end"":11.209,""score"":0.878},{""word"":""be"",""start"":11.229,""end"":11.329,""score"":1.0},{""word"":""something"",""start"":11.409,""end"":11.729,""score"":1.0},{""word"":""more"",""start"":11.769,""end"":11.969,""score"":1.0},{""word"":""of"",""start"":12.009,""end"":12.069,""score"":0.747},{""word"":""a"",""start"":12.11,""end"":12.13,""score"":0.996},{""word"":""nasal"",""start"":12.21,""end"":12.53,""score"":0.926},{""word"":""infection"",""start"":12.59,""end"":13.171,""score"":0.946},{""word"":""or"",""start"":13.331,""end"":13.431,""score"":0.843},{""word"":""a"",""start"":13.471,""end"":13.491,""score"":0.975},{""word"":""sinus"",""start"":13.571,""end"":13.971,""score"":0.857},{""word"":""infection"",""start"":14.031,""end"":14.612,""score"":0.919},{""word"":""that"",""start"":15.153,""end"":15.313,""score"":0.991},{""word"":""he"",""start"":15.393,""end"":15.513,""score"":1.0},{""word"":""would"",""start"":15.573,""end"":15.773,""score"":0.886},{""word"":""need"",""start"":15.833,""end"":15.973,""score"":0.868},{""word"":""to"",""start"":15.993,""end"":16.053,""score"":1.0},{""word"":""deal"",""start"":16.114,""end"":16.314,""score"":1.0},{""word"":""with."",""start"":16.354,""end"":16.514,""score"":0.999}]",0.0,0.0,45,1.0,1.0,1.0,1.0,0.15555555555555556,1.0,45,1.0,0.19547693032014912,0.42519004237287994,0.14930143596986678,0.2473921139359687,0.1908805908662874,0.30765961629001704,1.0
-tANM6ETl_M$_$3,-tANM6ETl_M,ok,THE FIRST PLACE IS EITHER YOU HAVE A PROSPECT OR A CUSTOMER WHO'S NEVER DONE IT BEFORE OR THEY'VE NEVER TRIED IT,THE FIRST PLACE IS EITHER YOU HAVE A PROSPECT OR A CUSTOMER WHO'S NEVER DONE IT BEFORE THEY'VE NEVER TRIED IT,"[{""word"":""The"",""start"":0.534,""end"":0.634,""score"":0.92},{""word"":""first"",""start"":0.695,""end"":0.956,""score"":0.938},{""word"":""place"",""start"":0.996,""end"":1.317,""score"":0.938},{""word"":""is"",""start"":1.377,""end"":1.457,""score"":0.992},{""word"":""either"",""start"":1.558,""end"":1.778,""score"":0.89},{""word"":""you"",""start"":1.839,""end"":2.019,""score"":0.978},{""word"":""have"",""start"":2.059,""end"":2.22,""score"":0.778},{""word"":""a"",""start"":2.26,""end"":2.3,""score"":0.511},{""word"":""prospect"",""start"":2.361,""end"":2.902,""score"":0.941},{""word"":""or"",""start"":2.963,""end"":3.023,""score"":0.8},{""word"":""a"",""start"":3.063,""end"":3.083,""score"":0.994},{""word"":""customer"",""start"":3.143,""end"":3.525,""score"":0.98},{""word"":""who's"",""start"":3.545,""end"":3.725,""score"":0.74},{""word"":""never"",""start"":3.886,""end"":4.187,""score"":1.0},{""word"":""done"",""start"":4.287,""end"":4.488,""score"":0.897},{""word"":""it"",""start"":4.528,""end"":4.588,""score"":0.997},{""word"":""before."",""start"":4.649,""end"":5.11,""score"":0.915},{""word"":""They've"",""start"":5.13,""end"":5.331,""score"":0.972},{""word"":""never"",""start"":5.431,""end"":5.652,""score"":0.906},{""word"":""tried"",""start"":5.712,""end"":5.993,""score"":1.0},{""word"":""it."",""start"":6.054,""end"":6.114,""score"":0.986}]",0.045454545454545456,0.02197802197802198,21,1.0,0.9545454545454546,0.9767441860465117,0.9545454545454546,0.13636363636363635,1.0,21,0.9545454545454546,0.2067637195121952,0.3411045731707314,0.14123262195121922,0.28010457317073145,0.19062530487804885,0.2635783536585352,1.0
-tPCytz4rww$_$10,-tPCytz4rww,ok,SAY TWENTY PERCENT SO IF YOU'VE GOT A THOUSAND SQUARE FOOT CONDO,FOOTAGE SAY 20 SO IF YOU'VE GOT A THOUSAND SQUARE FOOT CONDO MAKE SURE,"[{""word"":""footage,"",""start"":0.022,""end"":0.323,""score"":0.958},{""word"":""say"",""start"":0.584,""end"":0.745,""score"":0.903},{""word"":""20%."",""start"":0.785,""end"":1.447,""score"":0.885},{""word"":""So"",""start"":1.568,""end"":1.788,""score"":1.0},{""word"":""if"",""start"":1.949,""end"":2.009,""score"":0.996},{""word"":""you've"",""start"":2.049,""end"":2.21,""score"":0.909},{""word"":""got"",""start"":2.23,""end"":2.351,""score"":0.85},{""word"":""a"",""start"":2.371,""end"":2.411,""score"":0.494},{""word"":""thousand"",""start"":2.451,""end"":2.792,""score"":0.894},{""word"":""square"",""start"":2.812,""end"":3.053,""score"":0.888},{""word"":""foot"",""start"":3.093,""end"":3.314,""score"":0.98},{""word"":""condo,"",""start"":3.675,""end"":4.117,""score"":0.996},{""word"":""make"",""start"":4.438,""end"":4.579,""score"":0.694},{""word"":""sure"",""start"":4.599,""end"":4.679,""score"":0.012}]",0.4166666666666667,0.41509433962264153,10,0.7142857142857143,0.8333333333333334,0.7692307692307692,0.625,0.3333333333333333,1.0,10,0.8333333333333334,0.27428318965517207,0.36299696120689623,0.17226293103448248,0.20927818965517198,0.22360953663793076,0.26382156249999983,1.0
-tPCytz4rww$_$11,-tPCytz4rww,ok,MAKE SURE THAT YOUR USING COMPS THAT ARE NOT LARGER NO LARGER THAN TWELVE HUNDRED SQUARE FEET,MAKE SURE THAT YOU'RE USING COMPS THAT ARE NO LARGER THAN 1200 SQUARE FEET NO LESS THAN,"[{""word"":""Make"",""start"":0.502,""end"":0.662,""score"":0.991},{""word"":""sure"",""start"":0.702,""end"":0.863,""score"":0.876},{""word"":""that"",""start"":0.903,""end"":1.004,""score"":0.948},{""word"":""you're"",""start"":1.024,""end"":1.224,""score"":0.693},{""word"":""using"",""start"":1.305,""end"":1.505,""score"":0.954},{""word"":""comps"",""start"":1.545,""end"":1.887,""score"":0.925},{""word"":""that"",""start"":1.927,""end"":2.047,""score"":0.999},{""word"":""are"",""start"":2.087,""end"":2.348,""score"":0.833},{""word"":""no"",""start"":3.251,""end"":3.352,""score"":0.992},{""word"":""larger"",""start"":3.392,""end"":3.713,""score"":0.967},{""word"":""than"",""start"":3.753,""end"":3.894,""score"":0.916},{""word"":""1200"",""start"":3.934,""end"":4.396,""score"":0.797},{""word"":""square"",""start"":4.436,""end"":4.656,""score"":0.905},{""word"":""feet,"",""start"":4.697,""end"":4.877,""score"":0.906},{""word"":""no"",""start"":4.937,""end"":5.038,""score"":1.0},{""word"":""less"",""start"":5.078,""end"":5.259,""score"":0.924},{""word"":""than"",""start"":5.279,""end"":5.379,""score"":0.124}]",0.47058823529411764,0.4025974025974026,12,0.7058823529411765,0.7058823529411765,0.7058823529411765,0.5454545454545454,0.29411764705882354,1.0,12,0.7058823529411765,0.22661199476047855,0.3199282559880239,0.14287537425149677,0.26308581586826324,0.2050623596556881,0.24135217065868264,1.0
-tPCytz4rww$_$12,-tPCytz4rww,ok,NO LESS THAN EIGHT HUNDRED SQUIRE FEET AND GOING TO SIMILAR IN SIMILAR WITH BEDROOMS AND BATHROOMS AS WELL AND HOPEFULLY THE COMPLEXES HAVE SIMILAR AMENITIES,SQUARE FEET NO LESS THAN 800 SQUARE FEET THEY'RE GOING TO BE SIMILAR WITH BEDROOMS AND BATHROOMS AS WELL AND HOPEFULLY THE COMPLEXES HAVE SIMILAR AMENITIES MEANING,"[{""word"":""square"",""start"":0.06,""end"":0.26,""score"":0.859},{""word"":""feet,"",""start"":0.3,""end"":0.481,""score"":0.968},{""word"":""no"",""start"":0.541,""end"":0.661,""score"":0.837},{""word"":""less"",""start"":0.701,""end"":0.881,""score"":0.911},{""word"":""than"",""start"":0.941,""end"":1.502,""score"":0.904},{""word"":""800"",""start"":1.542,""end"":1.742,""score"":0.667},{""word"":""square"",""start"":1.782,""end"":2.023,""score"":0.782},{""word"":""feet."",""start"":2.063,""end"":2.243,""score"":1.0},{""word"":""They're"",""start"":2.483,""end"":2.644,""score"":0.072},{""word"":""going"",""start"":2.664,""end"":2.764,""score"":0.888},{""word"":""to"",""start"":2.784,""end"":2.824,""score"":0.554},{""word"":""be"",""start"":2.844,""end"":2.904,""score"":0.726},{""word"":""similar"",""start"":2.964,""end"":5.447,""score"":0.88},{""word"":""with"",""start"":5.588,""end"":5.768,""score"":0.984},{""word"":""bedrooms"",""start"":5.908,""end"":6.269,""score"":0.918},{""word"":""and"",""start"":6.289,""end"":6.369,""score"":0.901},{""word"":""bathrooms"",""start"":6.409,""end"":6.889,""score"":0.852},{""word"":""as"",""start"":6.949,""end"":7.03,""score"":0.752},{""word"":""well,"",""start"":7.09,""end"":7.31,""score"":0.8},{""word"":""and"",""start"":7.931,""end"":8.071,""score"":0.924},{""word"":""hopefully"",""start"":8.431,""end"":8.772,""score"":0.942},{""word"":""the"",""start"":9.132,""end"":9.293,""score"":0.925},{""word"":""complexes"",""start"":9.393,""end"":9.893,""score"":0.974},{""word"":""have"",""start"":9.954,""end"":10.094,""score"":0.907},{""word"":""similar"",""start"":10.174,""end"":10.534,""score"":0.93},{""word"":""amenities,"",""start"":10.614,""end"":11.135,""score"":0.958},{""word"":""meaning"",""start"":11.516,""end"":11.716,""score"":0.717}]",0.34615384615384615,0.32575757575757575,20,0.7407407407407407,0.7692307692307693,0.7547169811320754,0.6060606060606061,0.2692307692307692,1.0,20,0.7692307692307693,0.2343732069672133,0.5470242315573772,0.115016649590164,0.37020148565573885,0.20227356557377071,0.36600687756147554,1.0
-tPCytz4rww$_$16,-tPCytz4rww,ok,SO MAKE SURE TO GET A THROUGH OR TO DO A THROUGH CLEANING OF THE PROPERTY,SO MAKE SURE TO GET A THOROUGH OR TO DO A THOROUGH CLEANING OF THE PROPERTY IF YOU NEED,"[{""word"":""so"",""start"":0.583,""end"":0.824,""score"":0.91},{""word"":""make"",""start"":0.944,""end"":1.125,""score"":0.953},{""word"":""sure"",""start"":1.165,""end"":1.385,""score"":0.896},{""word"":""to"",""start"":1.465,""end"":1.766,""score"":0.918},{""word"":""get"",""start"":1.907,""end"":2.047,""score"":0.939},{""word"":""a"",""start"":2.087,""end"":2.107,""score"":0.985},{""word"":""thorough"",""start"":2.167,""end"":2.548,""score"":0.844},{""word"":""or"",""start"":4.132,""end"":4.212,""score"":0.67},{""word"":""to"",""start"":4.272,""end"":4.372,""score"":0.856},{""word"":""do"",""start"":4.433,""end"":4.593,""score"":0.877},{""word"":""a"",""start"":4.633,""end"":4.673,""score"":0.477},{""word"":""thorough"",""start"":4.793,""end"":5.134,""score"":0.764},{""word"":""cleaning"",""start"":5.174,""end"":5.575,""score"":0.96},{""word"":""of"",""start"":5.856,""end"":5.956,""score"":0.833},{""word"":""the"",""start"":6.016,""end"":6.097,""score"":0.998},{""word"":""property"",""start"":6.137,""end"":6.558,""score"":0.938},{""word"":""if"",""start"":6.858,""end"":6.918,""score"":0.779},{""word"":""you"",""start"":6.939,""end"":7.019,""score"":0.921},{""word"":""need"",""start"":7.039,""end"":7.139,""score"":0.652}]",0.3125,0.1896551724137931,14,0.7368421052631579,0.875,0.7999999999999999,0.6666666666666666,0.375,1.0,14,0.875,0.30847332488738743,0.5020908361486492,0.1612981418918924,0.3480782657657661,0.2617404983108116,0.3124270762950456,1.0
-tPCytz4rww$_$18,-tPCytz4rww,ok,DO SO AND AS WELL YOU'LL ALSO WANT TO REMOVE ANY CLUTTER FROM THAT YOU'VE ACCUMULATED,OUT DO SO AND AS WELL YOU'LL ALSO WANT TO REMOVE ANY CLUTTER FROM THE HOME THAT YOU'VE ACCUMULATED OVER A,"[{""word"":""out"",""start"":0.082,""end"":0.222,""score"":0.878},{""word"":""do"",""start"":0.523,""end"":0.703,""score"":0.878},{""word"":""so"",""start"":0.763,""end"":0.983,""score"":1.0},{""word"":""and"",""start"":1.524,""end"":1.644,""score"":0.985},{""word"":""as"",""start"":1.704,""end"":1.764,""score"":1.0},{""word"":""well"",""start"":1.824,""end"":2.084,""score"":0.771},{""word"":""you'll"",""start"":2.565,""end"":2.785,""score"":0.945},{""word"":""also"",""start"":2.825,""end"":3.065,""score"":0.918},{""word"":""want"",""start"":3.145,""end"":3.346,""score"":0.948},{""word"":""to"",""start"":3.386,""end"":3.566,""score"":1.0},{""word"":""remove"",""start"":3.666,""end"":3.966,""score"":0.842},{""word"":""any"",""start"":4.006,""end"":4.126,""score"":1.0},{""word"":""clutter"",""start"":4.186,""end"":4.527,""score"":0.995},{""word"":""from"",""start"":4.587,""end"":4.707,""score"":1.0},{""word"":""the"",""start"":4.727,""end"":4.787,""score"":0.983},{""word"":""home"",""start"":4.847,""end"":4.987,""score"":0.914},{""word"":""that"",""start"":5.027,""end"":5.127,""score"":0.894},{""word"":""you've"",""start"":5.168,""end"":5.348,""score"":0.756},{""word"":""accumulated"",""start"":5.368,""end"":5.988,""score"":0.954},{""word"":""over"",""start"":6.409,""end"":6.529,""score"":0.999},{""word"":""a"",""start"":6.549,""end"":6.569,""score"":0.004}]",0.3125,0.21428571428571427,16,0.7619047619047619,1.0,0.8648648648648648,0.7619047619047619,0.1875,1.0,16,1.0,0.23379396446078404,0.4637431832107839,0.12689292279411757,0.21064790134803907,0.18729518995098043,0.27974716605392136,1.0
-uywlfIYOS8$_$4,-uywlfIYOS8,ok,AND THEN FROM A BRAND POINT OF VIEW WE NEED TO MAKE SURE WE'RE DRIVING THE RELEVANT INSIGHT,IS NOT OVERDEVELOPED AND THEN FROM A BRAND POINT OF VIEW WE NEED TO MAKE SURE THAT WE'RE DRIVING THE RELEVANT INSIGHTS,"[{""word"":""is"",""start"":0.221,""end"":0.341,""score"":0.698},{""word"":""not"",""start"":0.381,""end"":0.502,""score"":0.999},{""word"":""overdeveloped."",""start"":0.562,""end"":1.084,""score"":0.996},{""word"":""And"",""start"":1.104,""end"":1.164,""score"":0.332},{""word"":""then"",""start"":1.184,""end"":1.305,""score"":0.975},{""word"":""from"",""start"":1.365,""end"":1.485,""score"":1.0},{""word"":""a"",""start"":1.525,""end"":1.566,""score"":0.609},{""word"":""brand"",""start"":1.646,""end"":2.067,""score"":0.943},{""word"":""point"",""start"":2.108,""end"":2.328,""score"":0.983},{""word"":""of"",""start"":2.368,""end"":2.429,""score"":0.998},{""word"":""view,"",""start"":2.449,""end"":2.609,""score"":1.0},{""word"":""we"",""start"":2.649,""end"":2.75,""score"":1.0},{""word"":""need"",""start"":2.85,""end"":3.031,""score"":0.95},{""word"":""to"",""start"":3.071,""end"":3.131,""score"":1.0},{""word"":""make"",""start"":3.191,""end"":3.352,""score"":0.939},{""word"":""sure"",""start"":3.392,""end"":3.533,""score"":1.0},{""word"":""that"",""start"":3.553,""end"":3.673,""score"":0.756},{""word"":""we're"",""start"":3.693,""end"":3.874,""score"":0.802},{""word"":""driving"",""start"":3.914,""end"":4.215,""score"":0.903},{""word"":""the"",""start"":4.235,""end"":4.315,""score"":0.966},{""word"":""relevant"",""start"":4.376,""end"":4.737,""score"":0.932},{""word"":""insights."",""start"":4.877,""end"":5.359,""score"":0.762}]",0.2777777777777778,0.3108108108108108,17,0.7727272727272727,0.9444444444444444,0.85,0.7391304347826086,0.6111111111111112,1.0,17,0.9444444444444444,0.1904969262295082,0.36650799180327875,0.09985143442622957,0.2579317622950815,0.16842725409836046,0.28559631147540976,1.0
-vxjVxOeScU$_$4,-vxjVxOeScU,ok,YOU'RE GOING TO TALK ABOUT THEIR LIFE THEIR MARRIAGE AND USUALLY HOW AMAZING IT IS THAT THEY'VE STAYED TOGETHER THIS LONG,4 TALK ABOUT THEIR LIFE AND MARRIAGE,"[{""word"":""4."",""start"":0.663,""end"":0.823,""score"":0.659},{""word"":""Talk"",""start"":0.843,""end"":1.104,""score"":0.963},{""word"":""about"",""start"":1.144,""end"":1.605,""score"":0.835},{""word"":""their"",""start"":1.865,""end"":2.065,""score"":1.0},{""word"":""life"",""start"":2.186,""end"":2.626,""score"":0.839},{""word"":""and"",""start"":2.947,""end"":3.127,""score"":0.235},{""word"":""marriage"",""start"":3.227,""end"":3.788,""score"":0.954}]",0.7619047619047619,0.7326732673267327,6,0.8571428571428571,0.2857142857142857,0.42857142857142855,0.2727272727272727,0.2857142857142857,0.9523809523809523,5,0.23809523809523808,0.2917503336298932,0.42166677046263334,0.36682595640569393,0.5027360097864769,0.3416587522241993,0.39758972419928823,1.0
-wMB_hJL-3o$_$7,-wMB_hJL-3o,ok,SO IF YOU HAVE A LOVED ONE WHO IS DEPRESSED THOSE ARE SOME OF THE THINGS THAT YOU SHOULD THINK ABOUT DOING,SO IF YOU HAVE A LOVED ONE WHO IS DEPRESSED THOSE ARE SOME OF THE THINGS THAT YOU SHOULD THINK ABOUT DOING,"[{""word"":""So"",""start"":0.614,""end"":0.935,""score"":0.9},{""word"":""if"",""start"":1.095,""end"":1.175,""score"":1.0},{""word"":""you"",""start"":1.215,""end"":1.315,""score"":0.894},{""word"":""have"",""start"":1.355,""end"":1.475,""score"":0.875},{""word"":""a"",""start"":1.496,""end"":1.536,""score"":0.497},{""word"":""loved"",""start"":1.596,""end"":1.816,""score"":0.9},{""word"":""one"",""start"":1.896,""end"":1.976,""score"":1.0},{""word"":""who"",""start"":2.036,""end"":2.137,""score"":1.0},{""word"":""is"",""start"":2.197,""end"":2.257,""score"":0.998},{""word"":""depressed,"",""start"":2.297,""end"":2.918,""score"":0.948},{""word"":""those"",""start"":3.258,""end"":3.459,""score"":0.8},{""word"":""are"",""start"":3.499,""end"":3.559,""score"":1.0},{""word"":""some"",""start"":3.599,""end"":3.739,""score"":0.876},{""word"":""of"",""start"":3.779,""end"":3.839,""score"":1.0},{""word"":""the"",""start"":3.859,""end"":3.939,""score"":0.833},{""word"":""things"",""start"":3.979,""end"":4.22,""score"":0.879},{""word"":""that"",""start"":4.24,""end"":4.34,""score"":0.968},{""word"":""you"",""start"":4.38,""end"":4.48,""score"":0.838},{""word"":""should"",""start"":4.52,""end"":4.68,""score"":0.918},{""word"":""think"",""start"":4.721,""end"":4.881,""score"":1.0},{""word"":""about"",""start"":4.921,""end"":5.141,""score"":0.934},{""word"":""doing."",""start"":5.181,""end"":5.482,""score"":0.968}]",0.0,0.0,22,1.0,1.0,1.0,1.0,0.0,1.0,22,1.0,0.16781569220430115,0.3374038306451614,0.12979939516129047,0.22196656586021535,0.14886365927419376,0.2557000252016129,1.0
-wny0OAz3g8$_$0,-wny0OAz3g8,ok,TRADE LABOR UNIONS DIDN T ALLOW BLACK WORKERS TO JOIN,TRADE LABOR UNIONS DIDN'T ALLOW BLACK WORKERS TO JOIN,"[{""word"":""Trade"",""start"":0.354,""end"":0.515,""score"":0.337},{""word"":""labor"",""start"":0.535,""end"":0.737,""score"":0.879},{""word"":""unions"",""start"":0.817,""end"":1.059,""score"":0.945},{""word"":""didn't"",""start"":1.16,""end"":1.381,""score"":0.89},{""word"":""allow"",""start"":1.441,""end"":1.703,""score"":0.933},{""word"":""black"",""start"":1.764,""end"":1.985,""score"":0.909},{""word"":""workers"",""start"":2.005,""end"":2.307,""score"":1.0},{""word"":""to"",""start"":2.348,""end"":2.428,""score"":1.0},{""word"":""join."",""start"":2.489,""end"":2.75,""score"":0.986}]",0.2,0.022727272727272728,8,0.8888888888888888,0.8,0.8421052631578948,0.7272727272727273,0.2222222222222222,1.0,8,0.8888888888888888,0.2150841584158415,0.25330099009900986,0.17458415841584163,0.23551980198019798,0.17416584158415827,0.2202257425742574,1.0
-wny0OAz3g8$_$1,-wny0OAz3g8,ok,AND BECAUSE THEY COULDN T JOIN UNIONS MANY BLACK WORKERS COULDN T GET MANUFACTURING OR TRADE WORK WHICH PAID MUCH BETTER THAN SERVICE WORK,TO JOIN AND BECAUSE THEY COULDN'T JOIN UNIONS MANY BLACK WORKERS COULDN'T GET MANUFACTURING OR TRADE WORK WHICH PAID MUCH BETTER THAN SERVICE WORK,"[{""word"":""to"",""start"":0.1,""end"":0.16,""score"":0.998},{""word"":""join."",""start"":0.221,""end"":0.481,""score"":0.996},{""word"":""And"",""start"":0.541,""end"":0.622,""score"":1.0},{""word"":""because"",""start"":0.662,""end"":0.922,""score"":1.0},{""word"":""they"",""start"":0.962,""end"":1.063,""score"":1.0},{""word"":""couldn't"",""start"":1.103,""end"":1.323,""score"":0.89},{""word"":""join"",""start"":1.363,""end"":1.564,""score"":0.938},{""word"":""unions,"",""start"":1.684,""end"":2.025,""score"":0.999},{""word"":""many"",""start"":2.165,""end"":2.326,""score"":1.0},{""word"":""black"",""start"":2.366,""end"":2.566,""score"":1.0},{""word"":""workers"",""start"":2.586,""end"":2.887,""score"":1.0},{""word"":""couldn't"",""start"":2.967,""end"":3.228,""score"":0.866},{""word"":""get"",""start"":3.248,""end"":3.348,""score"":1.0},{""word"":""manufacturing"",""start"":3.409,""end"":4.01,""score"":0.962},{""word"":""or"",""start"":4.05,""end"":4.11,""score"":0.752},{""word"":""trade"",""start"":4.15,""end"":4.391,""score"":0.804},{""word"":""work,"",""start"":4.411,""end"":4.612,""score"":0.842},{""word"":""which"",""start"":4.672,""end"":4.812,""score"":0.909},{""word"":""paid"",""start"":4.872,""end"":5.073,""score"":0.919},{""word"":""much"",""start"":5.153,""end"":5.333,""score"":1.0},{""word"":""better"",""start"":5.394,""end"":5.594,""score"":1.0},{""word"":""than"",""start"":5.634,""end"":5.754,""score"":0.876},{""word"":""service"",""start"":5.774,""end"":6.075,""score"":0.931},{""word"":""work."",""start"":6.115,""end"":6.296,""score"":0.996}]",0.25,0.06956521739130435,20,0.8333333333333334,0.8333333333333334,0.8333333333333334,0.7142857142857143,0.18181818181818182,1.0,20,0.9090909090909091,0.22217106042654122,0.31636541765402865,0.15715491706161222,0.20809197274881508,0.18943787026066428,0.22056727636255932,1.0
-wny0OAz3g8$_$2,-wny0OAz3g8,ok,AND BECAUSE THEY COULDN T GET THESE JOBS BLACK COMMUNITIES HAD MORE MEN OUT OF WORK HIGHER RATES OF POVERTY AND MORE CRIMINAL BEHAVIOR,AND BECAUSE THEY COULDN'T GET THESE JOBS BLACK COMMUNITIES HAD MORE MEN OUT OF WORK HIGHER RATES OF POVERTY AND MORE CRIMINAL BEHAVIOR,"[{""word"":""And"",""start"":0.544,""end"":0.624,""score"":0.896},{""word"":""because"",""start"":0.664,""end"":0.965,""score"":0.928},{""word"":""they"",""start"":1.005,""end"":1.106,""score"":0.88},{""word"":""couldn't"",""start"":1.126,""end"":1.346,""score"":0.902},{""word"":""get"",""start"":1.366,""end"":1.467,""score"":0.833},{""word"":""these"",""start"":1.487,""end"":1.627,""score"":1.0},{""word"":""jobs,"",""start"":1.687,""end"":2.169,""score"":1.0},{""word"":""black"",""start"":2.209,""end"":2.41,""score"":0.897},{""word"":""communities"",""start"":2.43,""end"":2.791,""score"":0.944},{""word"":""had"",""start"":2.831,""end"":2.911,""score"":1.0},{""word"":""more"",""start"":2.972,""end"":3.132,""score"":0.87},{""word"":""men"",""start"":3.172,""end"":3.273,""score"":1.0},{""word"":""out"",""start"":3.313,""end"":3.393,""score"":1.0},{""word"":""of"",""start"":3.413,""end"":3.473,""score"":1.0},{""word"":""work,"",""start"":3.513,""end"":3.714,""score"":0.8},{""word"":""higher"",""start"":3.995,""end"":4.196,""score"":0.865},{""word"":""rates"",""start"":4.236,""end"":4.396,""score"":0.885},{""word"":""of"",""start"":4.416,""end"":4.476,""score"":1.0},{""word"":""poverty,"",""start"":4.517,""end"":4.878,""score"":0.875},{""word"":""and"",""start"":4.978,""end"":5.058,""score"":0.834},{""word"":""more"",""start"":5.098,""end"":5.239,""score"":0.875},{""word"":""criminal"",""start"":5.279,""end"":5.6,""score"":0.919},{""word"":""behavior."",""start"":5.62,""end"":6.041,""score"":0.966}]",0.08333333333333333,0.009009009009009009,22,0.9565217391304348,0.9166666666666666,0.9361702127659574,0.88,0.2608695652173913,1.0,22,0.9565217391304348,0.16328771551724175,0.3328445043103453,0.12589116379310372,0.22588706896551725,0.15496821120689663,0.24920398706896563,1.0
-wny0OAz3g8$_$3,-wny0OAz3g8,ok,WHICH THEN ALLOWED THE WHITE WORKERS AND UNIONS TO JUSTIFY THEIR DECISION TO NOT ALLOW BLACK WORKERS INTO THEIR UNION,BEHAVIOR WHICH THEN ALLOWED THE WHITE WORKERS AND UNIONS TO JUSTIFY THEIR DECISION TO NOT ALLOW BLACK WORKERS INTO THEIR UNION,"[{""word"":""behavior,"",""start"":0.102,""end"":0.503,""score"":0.93},{""word"":""which"",""start"":0.544,""end"":0.664,""score"":1.0},{""word"":""then"",""start"":0.744,""end"":0.885,""score"":0.91},{""word"":""allowed"",""start"":0.925,""end"":1.165,""score"":0.929},{""word"":""the"",""start"":1.185,""end"":1.246,""score"":1.0},{""word"":""white"",""start"":1.286,""end"":1.446,""score"":0.905},{""word"":""workers"",""start"":1.486,""end"":1.767,""score"":0.892},{""word"":""and"",""start"":1.807,""end"":1.868,""score"":0.564},{""word"":""unions"",""start"":1.948,""end"":2.209,""score"":0.92},{""word"":""to"",""start"":2.249,""end"":2.329,""score"":1.0},{""word"":""justify"",""start"":2.389,""end"":2.83,""score"":0.952},{""word"":""their"",""start"":2.87,""end"":2.991,""score"":0.916},{""word"":""decision"",""start"":3.031,""end"":3.352,""score"":0.897},{""word"":""to"",""start"":3.372,""end"":3.452,""score"":0.754},{""word"":""not"",""start"":3.532,""end"":3.713,""score"":0.758},{""word"":""allow"",""start"":3.753,""end"":3.994,""score"":0.961},{""word"":""black"",""start"":4.034,""end"":4.275,""score"":0.94},{""word"":""workers"",""start"":4.315,""end"":4.656,""score"":1.0},{""word"":""into"",""start"":4.856,""end"":5.037,""score"":1.0},{""word"":""their"",""start"":5.057,""end"":5.197,""score"":0.992},{""word"":""union."",""start"":5.338,""end"":5.599,""score"":1.0}]",0.05,0.08163265306122448,20,0.9523809523809523,1.0,0.975609756097561,0.9523809523809523,0.15,1.0,20,1.0,0.18560230263157917,0.28369375000000063,0.13240789473684217,0.22658000000000075,0.16477697368421101,0.23535983552631584,1.0
-wny0OAz3g8$_$5,-wny0OAz3g8,ok,THIS IS WHAT S NOW KNOWN AS RACIAL FORMATION THEORY A THEORY FORMALIZED BY MODERN SOCIOLOGISTS MICHAEL OMI AND HOWARD WINANT,THIS IS WHAT'S NOW KNOWN AS RACIAL FORMATION THEORY A THEORY FORMALIZED BY MODERN SOCIOLOGISTS MICHAEL OMI AND HOWARD WINANT,"[{""word"":""This"",""start"":0.584,""end"":0.724,""score"":0.999},{""word"":""is"",""start"":0.784,""end"":0.844,""score"":0.771},{""word"":""what's"",""start"":0.864,""end"":1.045,""score"":0.823},{""word"":""now"",""start"":1.105,""end"":1.246,""score"":0.918},{""word"":""known"",""start"":1.306,""end"":1.506,""score"":0.9},{""word"":""as"",""start"":1.566,""end"":1.647,""score"":0.75},{""word"":""racial"",""start"":1.727,""end"":2.008,""score"":0.802},{""word"":""formation"",""start"":2.048,""end"":2.489,""score"":0.973},{""word"":""theory,"",""start"":2.549,""end"":2.81,""score"":0.857},{""word"":""a"",""start"":3.091,""end"":3.131,""score"":0.998},{""word"":""theory"",""start"":3.171,""end"":3.392,""score"":1.0},{""word"":""formalized"",""start"":3.432,""end"":3.913,""score"":0.949},{""word"":""by"",""start"":3.953,""end"":4.033,""score"":0.75},{""word"":""modern"",""start"":4.094,""end"":4.354,""score"":0.921},{""word"":""sociologists"",""start"":4.374,""end"":4.936,""score"":0.901},{""word"":""Michael"",""start"":4.976,""end"":5.197,""score"":0.904},{""word"":""Omi"",""start"":5.277,""end"":5.497,""score"":0.825},{""word"":""and"",""start"":5.558,""end"":5.638,""score"":0.998},{""word"":""Howard"",""start"":5.678,""end"":5.899,""score"":1.0},{""word"":""Winant."",""start"":5.919,""end"":6.24,""score"":0.844}]",0.09523809523809523,0.009615384615384616,19,0.95,0.9047619047619048,0.9268292682926829,0.8636363636363636,0.35,1.0,19,0.95,0.1809010416666661,0.31921916666666644,0.10890312499999943,0.19845145833333322,0.15883020833333283,0.22058114583333302,1.0
-wny0OAz3g8$_$7,-wny0OAz3g8,ok,OMI AND WINANT ARGUE THAT THE CONCEPT OF RACE CAME ABOUT AS A TOOL TO JUSTIFY AND MAINTAIN THE ECONOMIC AND POLITICAL POWER HELD BY THOSE OF EUROPEAN DESCENT,OMI AND WINANT ARGUED THAT THE CONCEPT OF RACE CAME ABOUT AS A TOOL TO JUSTIFY AND MAINTAIN THE ECONOMIC AND POLITICAL POWER HELD BY THOSE OF EUROPEAN DESCENT,"[{""word"":""Omi"",""start"":0.182,""end"":0.723,""score"":0.719},{""word"":""and"",""start"":0.743,""end"":0.803,""score"":0.954},{""word"":""Winant"",""start"":0.823,""end"":1.083,""score"":0.692},{""word"":""argued"",""start"":1.143,""end"":1.343,""score"":0.864},{""word"":""that"",""start"":1.363,""end"":1.443,""score"":1.0},{""word"":""the"",""start"":1.463,""end"":1.544,""score"":0.832},{""word"":""concept"",""start"":1.584,""end"":1.924,""score"":0.929},{""word"":""of"",""start"":1.944,""end"":2.004,""score"":1.0},{""word"":""race"",""start"":2.064,""end"":2.264,""score"":0.835},{""word"":""came"",""start"":2.324,""end"":2.464,""score"":0.924},{""word"":""about"",""start"":2.505,""end"":2.685,""score"":0.999},{""word"":""as"",""start"":2.725,""end"":2.805,""score"":0.75},{""word"":""a"",""start"":2.845,""end"":2.865,""score"":0.997},{""word"":""tool"",""start"":2.905,""end"":3.165,""score"":0.824},{""word"":""to"",""start"":3.205,""end"":3.265,""score"":1.0},{""word"":""justify"",""start"":3.325,""end"":3.806,""score"":0.913},{""word"":""and"",""start"":3.886,""end"":3.946,""score"":1.0},{""word"":""maintain"",""start"":3.986,""end"":4.446,""score"":0.871},{""word"":""the"",""start"":4.527,""end"":4.607,""score"":1.0},{""word"":""economic"",""start"":4.687,""end"":5.107,""score"":0.955},{""word"":""and"",""start"":5.147,""end"":5.207,""score"":1.0},{""word"":""political"",""start"":5.247,""end"":5.608,""score"":1.0},{""word"":""power"",""start"":5.648,""end"":5.948,""score"":1.0},{""word"":""held"",""start"":6.048,""end"":6.228,""score"":1.0},{""word"":""by"",""start"":6.268,""end"":6.368,""score"":0.835},{""word"":""those"",""start"":6.388,""end"":6.569,""score"":1.0},{""word"":""of"",""start"":6.609,""end"":6.649,""score"":1.0},{""word"":""European"",""start"":6.709,""end"":7.089,""score"":0.875},{""word"":""descent."",""start"":7.109,""end"":7.49,""score"":0.926}]",0.034482758620689655,0.007751937984496124,28,0.9655172413793104,0.9655172413793104,0.9655172413793104,0.9333333333333333,0.2413793103448276,1.0,28,0.9655172413793104,0.13315955284552894,0.34311646341463464,0.09962296747967514,0.2564164634146344,0.136058943089431,0.2525700711382113,1.0
-wny0OAz3g8$_$9,-wny0OAz3g8,ok,HE EXPLORES WHY BLACK AND WHITE AMERICANS TEND TO HAVE SUCH DIFFERENT OUTCOMES IN TERMS OF INCOME EDUCATION AND MORE,HE EXPLORES WHY BLACK AND WHITE AMERICANS TEND TO HAVE SUCH DIFFERENT OUTCOMES IN TERMS OF INCOME EDUCATION AND MORE,"[{""word"":""He"",""start"":0.522,""end"":0.602,""score"":1.0},{""word"":""explores"",""start"":0.642,""end"":1.004,""score"":0.879},{""word"":""why"",""start"":1.024,""end"":1.144,""score"":0.722},{""word"":""black"",""start"":1.185,""end"":1.365,""score"":0.86},{""word"":""and"",""start"":1.385,""end"":1.466,""score"":0.894},{""word"":""white"",""start"":1.486,""end"":1.606,""score"":0.987},{""word"":""Americans"",""start"":1.626,""end"":2.048,""score"":1.0},{""word"":""tend"",""start"":2.108,""end"":2.269,""score"":1.0},{""word"":""to"",""start"":2.309,""end"":2.369,""score"":1.0},{""word"":""have"",""start"":2.409,""end"":2.55,""score"":0.976},{""word"":""such"",""start"":2.59,""end"":2.75,""score"":0.876},{""word"":""different"",""start"":2.851,""end"":3.132,""score"":0.937},{""word"":""outcomes"",""start"":3.232,""end"":3.654,""score"":0.972},{""word"":""in"",""start"":3.714,""end"":3.774,""score"":0.956},{""word"":""terms"",""start"":3.794,""end"":3.995,""score"":0.872},{""word"":""of"",""start"":4.015,""end"":4.076,""score"":1.0},{""word"":""income,"",""start"":4.176,""end"":4.537,""score"":0.992},{""word"":""education,"",""start"":4.638,""end"":5.16,""score"":0.989},{""word"":""and"",""start"":5.2,""end"":5.28,""score"":0.999},{""word"":""more."",""start"":5.32,""end"":5.541,""score"":0.984}]",0.0,0.0,20,1.0,1.0,1.0,1.0,0.15,1.0,20,1.0,0.15353856382978734,0.26659986702127697,0.10175797872340439,0.19860744680851147,0.15259042553191537,0.21150452127659636,1.0
-yRb-Jum7EQ$_$1,-yRb-Jum7EQ,ok,IT COMES WITH THE ASSISTANCE AND AGITATION OF STATES AND REGIMES YESTERDAY IRAN ANNOUNCED THAT IT WILL FINANCE THE FAMILIES OF THE TERRORISTS AND MURDERERS THIS SHOWS THAT IRAN EVEN AFTER THE NUCLEAR AGREEMENT IS CONTINUING TO AID TERRORISM INCLUDING PALESTINIAN TERRORISM HEZBOLLAH TERRORISM AND ITS ASSISTANCE TO HAMAS,IT COMES FROM THE ASSISTANCE AND SUPPORT OF COUNTRIES AND POLICE YESTERDAY IRAN ANNOUNCED THAT IT IS GOING TO SUPPORT THE FAMILIES OF THE MURDERING TERRORISTS THIS SHOWS THAT IRAN AFTER THE NUCLEAR AGREEMENT CONTINUES TO SUPPORT TERRORISM THERE AS WELL AS THE PALESTINIAN TERRORISM AND THE TERRORISM OF HEZBOLLAH AND OF COURSE ALSO TO SUPPORT HAMAS,"[{""word"":""It"",""start"":0.802,""end"":0.942,""score"":0.53},{""word"":""comes"",""start"":1.083,""end"":3.384,""score"":0.856},{""word"":""from"",""start"":3.404,""end"":3.665,""score"":0.54},{""word"":""the"",""start"":4.505,""end"":4.826,""score"":0.928},{""word"":""assistance"",""start"":5.166,""end"":6.787,""score"":0.792},{""word"":""and"",""start"":6.967,""end"":7.848,""score"":0.511},{""word"":""support"",""start"":7.868,""end"":8.168,""score"":0.564},{""word"":""of"",""start"":8.229,""end"":8.309,""score"":0.326},{""word"":""countries"",""start"":8.409,""end"":8.869,""score"":0.457},{""word"":""and"",""start"":9.349,""end"":9.45,""score"":0.338},{""word"":""police."",""start"":9.49,""end"":10.31,""score"":0.749},{""word"":""Yesterday,"",""start"":10.991,""end"":11.671,""score"":0.499},{""word"":""Iran"",""start"":11.711,""end"":11.872,""score"":0.35},{""word"":""announced"",""start"":11.952,""end"":12.312,""score"":0.287},{""word"":""that"",""start"":12.332,""end"":12.412,""score"":0.064},{""word"":""it"",""start"":12.432,""end"":12.472,""score"":0.002},{""word"":""is"",""start"":12.512,""end"":12.592,""score"":0.294},{""word"":""going"",""start"":12.632,""end"":12.892,""score"":0.553},{""word"":""to"",""start"":13.793,""end"":14.374,""score"":0.716},{""word"":""support"",""start"":14.474,""end"":15.034,""score"":0.726},{""word"":""the"",""start"":15.054,""end"":15.214,""score"":0.466},{""word"":""families"",""start"":15.274,""end"":15.475,""score"":0.126},{""word"":""of"",""start"":15.495,""end"":15.535,""score"":0.046},{""word"":""the"",""start"":15.575,""end"":15.715,""score"":0.657},{""word"":""murdering"",""start"":15.735,""end"":16.095,""score"":0.37},{""word"":""terrorists."",""start"":16.175,""end"":16.816,""score"":0.57},{""word"":""This"",""start"":17.576,""end"":17.697,""score"":0.267},{""word"":""shows"",""start"":17.717,""end"":18.057,""score"":0.485},{""word"":""that"",""start"":18.077,""end"":18.257,""score"":0.45},{""word"":""Iran,"",""start"":18.277,""end"":18.557,""score"":0.801},{""word"":""after"",""start"":18.577,""end"":18.898,""score"":0.62},{""word"":""the"",""start"":18.978,""end"":19.098,""score"":0.244},{""word"":""nuclear"",""start"":19.118,""end"":19.358,""score"":0.309},{""word"":""agreement,"",""start"":19.398,""end"":19.838,""score"":0.454},{""word"":""continues"",""start"":20.219,""end"":20.779,""score"":0.583},{""word"":""to"",""start"":21.5,""end"":21.64,""score"":0.562},{""word"":""support"",""start"":21.66,""end"":22.08,""score"":0.436},{""word"":""terrorism"",""start"":22.12,""end"":22.921,""score"":0.666},{""word"":""there"",""start"":22.941,""end"":23.261,""score"":0.574},{""word"":""as"",""start"":23.421,""end"":23.501,""score"":0.634},{""word"":""well"",""start"":23.521,""end"":23.662,""score"":0.392},{""word"":""as"",""start"":23.682,""end"":23.722,""score"":0.306},{""word"":""the"",""start"":23.742,""end"":24.082,""score"":0.693},{""word"":""Palestinian"",""start"":24.122,""end"":24.602,""score"":0.536},{""word"":""terrorism"",""start"":24.622,""end"":24.903,""score"":0.201},{""word"":""and"",""start"":24.923,""end"":24.983,""score"":0.243},{""word"":""the"",""start"":25.003,""end"":25.103,""score"":0.754},{""word"":""terrorism"",""start"":25.123,""end"":25.483,""score"":0.222},{""word"":""of"",""start"":25.503,""end"":25.543,""score"":0.064},{""word"":""Hezbollah,"",""start"":25.563,""end"":26.124,""score"":0.696},{""word"":""and"",""start"":26.904,""end"":27.124,""score"":0.486},{""word"":""of"",""start"":27.165,""end"":27.265,""score"":0.474},{""word"":""course"",""start"":27.305,""end"":27.545,""score"":0.314},{""word"":""also"",""start"":27.605,""end"":27.725,""score"":0.264},{""word"":""to"",""start"":27.785,""end"":27.885,""score"":0.58},{""word"":""support"",""start"":27.945,""end"":28.325,""score"":0.328},{""word"":""Hamas."",""start"":28.346,""end"":28.686,""score"":0.879}]",0.5714285714285714,0.4411764705882353,36,0.631578947368421,0.7346938775510204,0.6792452830188679,0.5142857142857142,1.2040816326530612,0.7959183673469388,25,0.5102040816326531,3.2390573432343253,10.733383250825083,3.2470672442244215,10.071717244224425,3.231401815181518,10.402550247524754,1.0
-yRb-Jum7EQ$_$5,-yRb-Jum7EQ,ok,YESTERDAY ELIAV GELMAN LOST HIS LIFE IN ANOTHER TERRORIST ATTACK NOT BY THE STUDENTS OF TERRORISM BUT BY THOSE WHO TEACH TERRORISM A PALESTINIAN TEACHER,YESTERDAY ELIYAV GOODMAN MAY HE REST IN PEACE LOST HIS LIFE IN THE COURSE OF ANOTHER ATTACK THIS TIME NOT BY THE STUDENTS OF TERROR BUT BY THE TEACHERS OF TERROR BY THE TEACHERS OF PALESTINE,"[{""word"":""Yesterday,"",""start"":0.106,""end"":0.567,""score"":0.542},{""word"":""Eliyav"",""start"":0.647,""end"":0.987,""score"":0.659},{""word"":""Goodman,"",""start"":1.007,""end"":1.448,""score"":0.777},{""word"":""may"",""start"":1.468,""end"":1.728,""score"":0.504},{""word"":""he"",""start"":2.75,""end"":2.87,""score"":0.54},{""word"":""rest"",""start"":2.89,""end"":3.07,""score"":0.33},{""word"":""in"",""start"":3.09,""end"":3.251,""score"":0.48},{""word"":""peace,"",""start"":3.291,""end"":3.852,""score"":0.742},{""word"":""lost"",""start"":3.932,""end"":4.072,""score"":0.4},{""word"":""his"",""start"":4.132,""end"":4.292,""score"":0.577},{""word"":""life"",""start"":4.312,""end"":4.573,""score"":0.707},{""word"":""in"",""start"":4.953,""end"":5.033,""score"":0.48},{""word"":""the"",""start"":5.113,""end"":5.534,""score"":0.676},{""word"":""course"",""start"":5.554,""end"":5.915,""score"":0.266},{""word"":""of"",""start"":6.035,""end"":6.175,""score"":0.796},{""word"":""another"",""start"":6.195,""end"":6.435,""score"":0.337},{""word"":""attack,"",""start"":6.535,""end"":6.856,""score"":0.563},{""word"":""this"",""start"":7.437,""end"":7.597,""score"":0.444},{""word"":""time"",""start"":7.657,""end"":7.917,""score"":0.707},{""word"":""not"",""start"":7.958,""end"":8.198,""score"":0.659},{""word"":""by"",""start"":8.278,""end"":8.358,""score"":0.356},{""word"":""the"",""start"":8.398,""end"":8.498,""score"":0.342},{""word"":""students"",""start"":8.538,""end"":9.179,""score"":0.662},{""word"":""of"",""start"":9.259,""end"":9.36,""score"":0.66},{""word"":""terror"",""start"":9.4,""end"":9.6,""score"":0.342},{""word"":""but"",""start"":9.64,""end"":9.8,""score"":0.371},{""word"":""by"",""start"":9.82,""end"":9.94,""score"":0.587},{""word"":""the"",""start"":9.96,""end"":10.081,""score"":0.379},{""word"":""teachers"",""start"":10.101,""end"":10.401,""score"":0.398},{""word"":""of"",""start"":10.421,""end"":10.461,""score"":0.0},{""word"":""terror,"",""start"":10.481,""end"":10.662,""score"":0.323},{""word"":""by"",""start"":10.682,""end"":10.742,""score"":0.201},{""word"":""the"",""start"":10.762,""end"":10.942,""score"":0.353},{""word"":""teachers"",""start"":10.962,""end"":11.202,""score"":0.299},{""word"":""of"",""start"":11.222,""end"":11.262,""score"":0.256},{""word"":""Palestine."",""start"":11.282,""end"":11.763,""score"":0.774}]",0.92,0.6015625,14,0.3888888888888889,0.56,0.45901639344262296,0.2978723404255319,1.2,0.36,6,0.24,3.1476165540540535,6.277022919226043,2.9855712530712513,6.242358722358723,3.0697328393734624,6.256551884981572,1.0
-yRb-Jum7EQ$_$6,-yRb-Jum7EQ,ok,THEREFORE THE WORLD NEEDS TO STAND WITH ISRAEL AGAINST THIS INCITEMENT WHICH IS THE NUMBER ONE CAUSE OF TERRORISM,THEREFORE THE WORLD MUST STAND WITH ISRAEL AGAINST THIS INCITEMENT WHICH IS THE NUMBER ONE CAUSE OF TERRORISM,"[{""word"":""Therefore,"",""start"":0.406,""end"":1.167,""score"":0.633},{""word"":""the"",""start"":1.187,""end"":1.287,""score"":0.358},{""word"":""world"",""start"":1.307,""end"":1.528,""score"":0.294},{""word"":""must"",""start"":1.568,""end"":1.728,""score"":0.413},{""word"":""stand"",""start"":1.748,""end"":2.049,""score"":0.538},{""word"":""with"",""start"":2.209,""end"":2.409,""score"":0.329},{""word"":""Israel"",""start"":2.429,""end"":2.89,""score"":0.652},{""word"":""against"",""start"":3.791,""end"":4.032,""score"":0.347},{""word"":""this"",""start"":4.052,""end"":4.272,""score"":0.384},{""word"":""incitement,"",""start"":4.312,""end"":4.933,""score"":0.459},{""word"":""which"",""start"":5.414,""end"":5.614,""score"":0.609},{""word"":""is"",""start"":5.634,""end"":5.734,""score"":0.663},{""word"":""the"",""start"":5.774,""end"":5.935,""score"":0.57},{""word"":""number"",""start"":5.975,""end"":6.636,""score"":0.58},{""word"":""one"",""start"":6.776,""end"":6.956,""score"":0.654},{""word"":""cause"",""start"":6.996,""end"":7.257,""score"":0.592},{""word"":""of"",""start"":7.457,""end"":7.517,""score"":0.234},{""word"":""terrorism."",""start"":7.537,""end"":9.901,""score"":0.674}]",0.10526315789473684,0.05263157894736842,17,0.9444444444444444,0.8947368421052632,0.918918918918919,0.85,1.263157894736842,0.7368421052631579,12,0.631578947368421,2.2190548214285712,3.2910302678571424,2.1695216964285713,3.283069464285714,2.2318846205357143,3.323323482142856,1.0
