sample_id,word_id,raw_word,ctc_start,ctc_end,forced_start,forced_end,start_error,end_error,midpoint_error
-3g5yACwYnA$_$13,0,They've,0.9140565476190474,1.5265383184523809,0.102,1.636,0.8120565476190474,0.10946168154761904,0.35129743303571426
-3g5yACwYnA$_$13,1,been,1.5265383184523809,1.5908136160714283,1.656,1.758,0.12946168154761906,0.16718638392857166,0.14832403273809536
-3g5yACwYnA$_$13,2,able,1.5908136160714283,1.7193642113095238,1.799,1.963,0.20818638392857158,0.2436357886904763,0.22591108630952395
-3g5yACwYnA$_$13,3,to,1.7193642113095238,1.9764654017857142,2.004,2.086,0.28463578869047623,0.10953459821428568,0.19708519345238096
-3g5yACwYnA$_$13,4,find,1.9764654017857142,2.169291294642857,2.229,2.454,0.2525345982142859,0.2847087053571431,0.2686216517857145
-3g5yACwYnA$_$13,5,solutions,2.169291294642857,2.876319568452381,2.494,3.006,0.32470870535714313,0.129680431547619,0.22719456845238106
-3g5yACwYnA$_$13,6,or,2.876319568452381,2.9727325148809522,3.128,3.21,0.2516804315476193,0.23726748511904772,0.2444739583333333
-3g5yACwYnA$_$13,7,at,2.9727325148809522,3.133420758928571,3.251,3.292,0.27826748511904764,0.15857924107142862,0.21842336309523813
-3g5yACwYnA$_$13,8,least,3.133420758928571,3.2298337053571426,3.333,3.476,0.199579241071429,0.24616629464285733,0.22287276785714338
-3g5yACwYnA$_$13,9,bring,3.2298337053571426,3.4226595982142856,3.558,3.823,0.3281662946428572,0.4003404017857144,0.3642533482142858
-3g5yACwYnA$_$13,10,some,3.4226595982142856,3.8083113839285714,3.885,4.069,0.46234040178571423,0.26068861607142857,0.3615145089285714
-3g5yACwYnA$_$13,11,answers,3.8083113839285714,4.290376116071428,4.171,4.437,0.3626886160714289,0.14662388392857206,0.25465625000000003
-3g5yACwYnA$_$13,12,to,4.290376116071428,4.3867890625,4.457,4.559,0.16662388392857164,0.17221093750000005,0.16941741071428584
-3g5yACwYnA$_$13,13,the,4.3867890625,4.483202008928571,4.58,4.662,0.19321093749999996,0.1787979910714288,0.18600446428571393
-3g5yACwYnA$_$13,14,table.,4.483202008928571,4.611752604166666,4.682,4.968,0.19879799107142926,0.35624739583333387,0.277522693452382
-3g5yACwYnA$_$2,0,Key,2.4270015243902434,2.9430839503484316,1.869,2.337,0.5580015243902434,0.6060839503484314,0.5820427373693373
-3g5yACwYnA$_$2,1,Polymer,2.9430839503484316,3.264732469512195,3.088,3.434,0.14491604965156846,0.1692675304878053,0.15709179006968688
-3g5yACwYnA$_$2,2,brings,3.264732469512195,3.538133710801393,3.454,3.657,0.1892675304878053,0.11886628919860698,0.15406690984320615
-3g5yACwYnA$_$2,3,a,3.538133710801393,3.6507106925087105,3.718,3.759,0.17986628919860692,0.1082893074912894,0.14407779834494838
-3g5yACwYnA$_$2,4,technical,3.6507106925087105,4.0688537674216025,3.799,4.267,0.14828930749128943,0.1981462325783978,0.17321777003484384
-3g5yACwYnA$_$2,5,aspect,4.0688537674216025,4.422667138501742,4.45,4.754,0.38114623257839764,0.33133286149825736,0.3562395470383275
-3g5yACwYnA$_$2,6,to,4.422667138501742,4.744315657665505,4.795,5.019,0.37233286149825773,0.27468434233449557,0.32350860191637665
-3g5yACwYnA$_$2,7,our,5.289673344947735,5.805755770905923,5.953,6.055,0.6633266550522654,0.24924422909407706,0.4562854420731708
-3g5yACwYnA$_$2,8,operation,5.805755770905923,6.288228549651567,6.116,6.563,0.310244229094077,0.27477145034843264,0.29250783972125527
-3g5yACwYnA$_$2,9,that,6.288228549651567,6.5455473649825775,6.603,6.746,0.3147714503484327,0.20045263501742294,0.25761204268292737
-3g5yACwYnA$_$2,10,we,6.5455473649825775,6.70637162456446,6.786,6.888,0.2404526350174221,0.18162837543554033,0.21104050522648166
-3g5yACwYnA$_$2,11,don't,6.70637162456446,6.979772865853658,6.928,7.132,0.22162837543554037,0.15222713414634192,0.18692775479094115
-3g5yACwYnA$_$2,12,have,6.979772865853658,7.092349847560975,7.172,7.315,0.19222713414634196,0.22265015243902564,0.2074386432926838
-3g5yACwYnA$_$2,13,internally.,7.092349847560975,7.606987478222996,7.375,7.822,0.28265015243902525,0.21501252177700447,0.24883133710801486
-3g5yACwYnA$_$3,0,We're,0.2884807046979866,0.7532551733780761,0.582,0.983,0.29351929530201337,0.22974482662192386,0.26163206096196867
-3g5yACwYnA$_$3,1,a,0.7532551733780761,1.1699495246085012,1.244,1.304,0.49074482662192387,0.13405047539149884,0.31239765100671135
-3g5yACwYnA$_$3,2,huge,1.1699495246085012,1.362269994407159,1.364,1.726,0.1940504753914989,0.36373000559284097,0.2788902404921699
-3g5yACwYnA$_$3,3,user,2.1604331655480986,2.7726201062639824,2.669,2.93,0.5085668344519014,0.1573798937360178,0.3329733640939594
-3g5yACwYnA$_$3,4,of,2.7726201062639824,2.916860458612976,2.97,3.03,0.19737989373601783,0.11313954138702398,0.1552597175615209
-3g5yACwYnA$_$3,5,adhesives,2.916860458612976,3.477795162192394,3.09,3.552,0.17313954138702403,0.0742048378076059,0.12367218959731496
-3g5yACwYnA$_$3,6,for,3.6989969239373606,4.215023629753915,4.214,4.434,0.5150030760626398,0.21897637024608496,0.3669897231543624
-3g5yACwYnA$_$3,7,our,4.215023629753915,4.503504334451902,4.595,4.675,0.37997637024608455,0.1714956655480977,0.2757360178970911
-3g5yACwYnA$_$3,8,"operation,",4.503504334451902,5.016358920581656,4.755,5.277,0.25149566554809777,0.26064107941834447,0.2560683724832211
-3g5yACwYnA$_$3,9,called,5.141400447427294,5.657427153243849,5.658,5.859,0.5165995525727061,0.20157284675615106,0.359086199664429
-3g5yACwYnA$_$3,10,"flocking,",5.657427153243849,6.106174916107383,5.879,6.3,0.22157284675615063,0.19382508389261677,0.20769896532438326
-3g5yACwYnA$_$3,11,and,6.106174916107383,6.490815855704699,6.662,6.782,0.5558250838926169,0.2911841442953014,0.42350461409395956
-3g5yACwYnA$_$3,12,we,6.490815855704699,7.003670441834453,7.043,7.123,0.5521841442953015,0.11932955816554713,0.33575685123042476
-3g5yACwYnA$_$3,13,don't,7.003670441834453,7.22804432326622,7.163,7.264,0.15932955816554717,0.03595567673378053,0.09764261744966385
-3g5yACwYnA$_$3,14,have,7.22804432326622,7.29215114653244,7.304,7.384,0.07595567673378056,0.09184885346756033,0.08390226510067045
-3g5yACwYnA$_$3,15,the,7.29215114653244,7.388311381431768,7.404,7.484,0.1118488534675599,0.09568861856823219,0.10376873601789605
-3g5yACwYnA$_$3,16,technical,7.388311381431768,7.8050057326621936,7.524,7.966,0.13568861856823222,0.16099426733780664,0.14834144295301943
-3g5yACwYnA$_$3,17,inside,7.962100671140941,8.478127376957495,8.407,8.688,0.4448993288590586,0.20987262304250542,0.327385975950782
-3g5yACwYnA$_$3,18,compounding,8.89164960850112,9.85642407718121,9.431,10.013,0.5393503914988784,0.1565759228187904,0.3479631571588353
-3g5yACwYnA$_$3,19,or,9.85642407718121,10.112851370246087,10.233,10.314,0.37657592281879104,0.2011486297539129,0.28886227628635197
-3g5yACwYnA$_$3,20,the,10.112851370246087,10.337225251677854,10.354,10.434,0.24114862975391205,0.0967747483221455,0.16896168903802877
-3g5yACwYnA$_$3,21,technical,10.337225251677854,10.721866191275168,10.474,10.835,0.13677474832214642,0.11313380872483236,0.12495427852348939
-3g5yACwYnA$_$3,22,expertise,10.721866191275168,11.202667365771813,10.875,11.317,0.1531338087248315,0.1143326342281874,0.13373322147650946
-3g5yACwYnA$_$3,23,to,11.202667365771813,11.330881012304253,11.337,11.437,0.13433263422818698,0.10611898769574601,0.1202258109619665
-3g5yACwYnA$_$3,24,do,11.330881012304253,11.427041247203581,11.457,11.558,0.12611898769574736,0.13095875279641866,0.12853887024608213
-3g5yACwYnA$_$3,25,these,11.427041247203581,11.619361717002239,11.598,11.758,0.1709587527964196,0.1386382829977606,0.15479851789709098
-3g5yACwYnA$_$3,26,types,11.619361717002239,11.907842421700225,11.798,11.999,0.17863828299776152,0.09115757829977511,0.13489793064876743
-3g5yACwYnA$_$3,27,of,11.907842421700225,11.971949244966446,12.039,12.099,0.13115757829977426,0.12705075503355445,0.12910416666666524
-3g5yACwYnA$_$3,28,things.,11.971949244966446,12.132216303131994,12.119,12.4,0.14705075503355403,0.2677836968680065,0.20741722595078027
-3g5yACwYnA$_$9,0,We,0.36902375461254616,0.7861810424354244,0.811,0.933,0.4419762453874539,0.14681895756457564,0.29439760147601474
-3g5yACwYnA$_$9,1,have,0.7861810424354244,0.9145371309963101,0.973,1.075,0.18681895756457556,0.1604628690036899,0.17364091328413273
-3g5yACwYnA$_$9,2,many,0.9145371309963101,1.1070712638376383,1.135,1.379,0.22046286900368994,0.2719287361623617,0.24619580258302587
-3g5yACwYnA$_$9,3,new,1.168629151291513,1.6846736623616239,1.724,1.886,0.555370848708487,0.20132633763837604,0.3783485931734314
-3g5yACwYnA$_$9,4,opportunities,1.6846736623616239,2.3745876383763838,1.947,2.494,0.2623263376383762,0.11941236162361646,0.1908693496309961
-3g5yACwYnA$_$9,5,through,2.3745876383763838,2.5189882380073803,2.535,2.839,0.16041236162361638,0.3200117619926197,0.24021206180811805
-3g5yACwYnA$_$9,6,the,2.805169280442805,3.3212137915129154,3.406,3.488,0.6008307195571954,0.1667862084870846,0.38380846402214
-3g5yACwYnA$_$9,7,way,3.3212137915129154,3.4816589022140225,3.528,3.67,0.20678620848708462,0.1883410977859774,0.19756365313653101
-3g5yACwYnA$_$9,8,things,3.4816589022140225,3.7062820571955726,3.731,3.913,0.24934109778597735,0.20671794280442723,0.22802952029520251
-3g5yACwYnA$_$9,9,have,3.7062820571955726,3.898816190036901,3.954,4.055,0.2477179428044276,0.15618380996309877,0.2019508763837632
-3g5yACwYnA$_$9,10,changed,3.898816190036901,4.027172278597787,4.076,4.319,0.17718380996309868,0.29182772140221314,0.2345057656826559
-3g5yACwYnA$_$9,11,through,4.027172278597787,4.3480625,4.339,4.522,0.3118277214022136,0.17393750000000008,0.24288261070110728
-3g5yACwYnA$_$9,12,the,4.3480625,4.476418588560886,4.542,4.623,0.19393749999999965,0.14658141143911418,0.17025945571955647
-3g5yACwYnA$_$9,13,"years,",4.476418588560886,4.765219787822879,4.664,5.718,0.18758141143911367,0.9527802121771209,0.5701808118081173
-3g5yACwYnA$_$9,14,looking,5.147667896678968,5.663712407749078,5.738,5.941,0.5903321033210327,0.2772875922509215,0.43380984778597753
-3g5yACwYnA$_$9,15,for,5.663712407749078,5.920424584870849,5.982,6.083,0.31828759225092185,0.16257541512915097,0.24043150369003596
-3g5yACwYnA$_$9,16,new,5.920424584870849,6.080869695571956,6.184,6.286,0.26357541512915095,0.20513030442804325,0.23435285977859666
-3g5yACwYnA$_$9,17,niche,6.080869695571956,6.417804428044281,6.347,6.61,0.2661303044280441,0.19219557195571912,0.22916293819188205
-3g5yACwYnA$_$9,18,"high-end,",6.417804428044281,6.85100622693727,6.732,7.158,0.314195571955719,0.30699377306273057,0.31059467250922523
-3g5yACwYnA$_$9,19,value-added,6.85100622693727,7.396519603321034,7.178,7.725,0.32699377306273014,0.328480396678966,0.32773708487084763
-3g5yACwYnA$_$9,20,products.,7.396519603321034,8.038300046125462,7.746,8.192,0.3494803966789668,0.15369995387453805,0.2515901752767524
-3nNcZdcdvU$_$5,0,Noncompliance,0.2574731404958678,1.464378486570248,0.586,1.577,0.3285268595041322,0.11262151342975191,0.22057418646694193
-3nNcZdcdvU$_$5,1,can,1.464378486570248,1.6896674845041324,1.678,1.941,0.21362151342975189,0.25133251549586766,0.23247701446280977
-3nNcZdcdvU$_$5,2,result,1.6896674845041324,2.2046137654958677,2.022,2.568,0.3323325154958674,0.3633862345041323,0.34785937499999986
-3nNcZdcdvU$_$5,3,in,2.2046137654958677,2.623007618801653,2.69,2.771,0.4853862345041322,0.147992381198347,0.3166893078512396
-3nNcZdcdvU$_$5,4,legal,2.623007618801653,3.0092173295454545,2.851,3.135,0.22799238119834708,0.12578267045454528,0.17688752582644618
-3nNcZdcdvU$_$5,5,liability,3.0092173295454545,3.459795325413223,3.195,3.903,0.18578267045454533,0.4432046745867768,0.31449367252066107
-3nNcZdcdvU$_$5,6,to,3.459795325413223,3.974741606404959,4.004,4.206,0.5442046745867763,0.2312583935950414,0.3877315340909089
-3nNcZdcdvU$_$5,7,you,3.974741606404959,4.264398889462811,4.328,4.591,0.3532583935950413,0.3266011105371893,0.33992975206611575
-3nNcZdcdvU$_$5,8,and,4.456357954545455,4.972450025826447,5.116,5.217,0.6596420454545449,0.24454997417355262,0.45209600981404874
-3nNcZdcdvU$_$5,9,to,4.972450025826447,5.262107308884298,5.298,5.42,0.325549974173553,0.15789269111570192,0.24172133264462747
-3nNcZdcdvU$_$5,10,the,5.262107308884298,5.423028021694215,5.46,5.541,0.19789269111570196,0.11797197830578554,0.15793233471074375
-3nNcZdcdvU$_$5,11,school,5.423028021694215,5.551764591942149,5.581,5.844,0.15797197830578558,0.2922354080578513,0.22510369318181844
-3nNcZdcdvU$_$5,12,district,5.551764591942149,5.9379743026859515,5.885,6.229,0.3332354080578508,0.2910256973140486,0.3121305526859497
-3nNcZdcdvU$_$5,13,in,5.9379743026859515,6.163263300619835,6.269,6.33,0.33102569731404863,0.16673669938016467,0.24888119834710665
-3nNcZdcdvU$_$5,14,which,6.163263300619835,6.324184013429752,6.35,6.512,0.18673669938016424,0.18781598657024734,0.1872763429752058
-3nNcZdcdvU$_$5,15,you,6.324184013429752,6.485104726239669,6.552,6.674,0.22781598657024738,0.18889527376033133,0.20835563016528935
-3nNcZdcdvU$_$5,16,are,6.485104726239669,6.646025439049588,6.734,6.835,0.24889527376033094,0.18897456095041232,0.21893491735537163
-3nNcZdcdvU$_$5,17,employed.,6.646025439049588,6.967866864669421,6.876,7.341,0.2299745609504127,0.3731331353305789,0.3015538481404958
-571d8cVauQ$_$0,0,This,0.6272963709677419,1.1434006048387095,1.1,1.224,0.47270362903225815,0.08059939516129044,0.2766515120967743
-571d8cVauQ$_$0,1,is,1.1434006048387095,1.2078175403225806,1.286,1.349,0.1425993951612905,0.14118245967741938,0.14189092741935483
-571d8cVauQ$_$0,2,Rhett,1.2078175403225806,1.4654852822580646,1.39,1.577,0.1821824596774193,0.11151471774193533,0.14684858870967743
-571d8cVauQ$_$0,3,"Reiger,",1.4654852822580646,1.7553614919354836,1.618,1.992,0.15251471774193548,0.23663850806451636,0.19457661290322592
-571d8cVauQ$_$0,4,White,1.7553614919354836,1.9486122983870966,2.013,2.22,0.25763850806451627,0.2713877016129036,0.26451310483870993
-571d8cVauQ$_$0,5,Caspian,1.9486122983870966,2.4639477822580647,2.241,2.697,0.2923877016129035,0.2330522177419354,0.2627199596774197
-571d8cVauQ$_$0,6,Studios,2.4639477822580647,2.9792832661290323,2.718,3.195,0.2540522177419353,0.21571673387096757,0.23488447580645144
-571d8cVauQ$_$0,7,on,2.9792832661290323,3.108117137096774,3.278,3.341,0.29871673387096775,0.23288286290322624,0.265799798387097
-571d8cVauQ$_$0,8,behalf,3.108117137096774,3.3979933467741934,3.382,3.693,0.27388286290322617,0.29500665322580666,0.2844447580645162
-571d8cVauQ$_$0,9,of,3.3979933467741934,3.5912441532258064,3.735,3.797,0.3370066532258065,0.20575584677419378,0.27138125000000013
-571d8cVauQ$_$0,10,Expert,3.5912441532258064,3.977745766129032,3.88,4.212,0.2887558467741935,0.2342542338709679,0.26150504032258093
-571d8cVauQ$_$0,11,Village.,3.977745766129032,4.13878810483871,4.233,4.606,0.2552542338709678,0.4672118951612898,0.36123306451612835
-571d8cVauQ$_$5,0,So,0.2406886942675159,0.529515127388535,0.566,0.708,0.325311305732484,0.17848487261146495,0.2518980891719745
-571d8cVauQ$_$5,1,very,0.529515127388535,0.7541579087048832,0.768,0.971,0.238484872611465,0.21684209129511678,0.22766348195329084
-571d8cVauQ$_$5,2,important,0.7541579087048832,1.1071679936305732,1.031,1.375,0.2768420912951167,0.26783200636942683,0.2723370488322717
-571d8cVauQ$_$5,3,to,1.1071679936305732,1.3959944267515922,1.415,1.496,0.30783200636942687,0.10000557324840775,0.20391878980891742
-571d8cVauQ$_$5,4,go,1.3959944267515922,1.5885453821656048,1.618,1.8,0.22200557324840786,0.21145461783439523,0.21673009554140155
-571d8cVauQ$_$5,5,out,1.5885453821656048,1.813188163481953,1.941,2.083,0.35245461783439525,0.2698118365180471,0.31113322717622116
-571d8cVauQ$_$5,6,to,1.9389787685774946,2.4550246815286623,2.487,2.649,0.5480212314225055,0.19397531847133775,0.37099827494692184
-571d8cVauQ$_$5,7,the,2.4550246815286623,2.647575636942675,2.689,2.75,0.2339753184713378,0.10242436305732516,0.16819984076433148
-571d8cVauQ$_$5,8,"locations,",2.647575636942675,3.3215039808917197,2.831,3.417,0.18342436305732512,0.0954960191082801,0.13946019108280283
-571d8cVauQ$_$5,9,walk,3.3215039808917197,3.802881369426751,3.842,4.105,0.5204960191082804,0.3021186305732493,0.4113073248407646
-571d8cVauQ$_$5,10,"around,",3.802881369426751,4.252166932059447,4.165,4.529,0.3621186305732489,0.2768330679405526,0.31947584925690053
-571d8cVauQ$_$5,11,talk,4.252166932059447,4.733544320594479,4.772,5.015,0.519833067940553,0.2814556794055205,0.40064437367303674
-571d8cVauQ$_$5,12,with,4.733544320594479,4.990278927813163,5.055,5.156,0.32145567940552056,0.16572107218683652,0.24358837579617854
-571d8cVauQ$_$5,13,the,4.990278927813163,5.118646231422504,5.177,5.278,0.18672107218683642,0.15935376857749528,0.17303742038216585
-571d8cVauQ$_$5,14,owners,5.118646231422504,5.50374814225053,5.379,5.621,0.26035376857749526,0.11725185774947011,0.18880281316348224
-571d8cVauQ$_$5,15,if,5.50374814225053,5.632115445859872,5.702,5.763,0.19825185774946963,0.13088455414012756,0.16456820594479815
-571d8cVauQ$_$5,16,you,5.632115445859872,5.728390923566879,5.803,5.904,0.1708845541401276,0.17560907643312085,0.17324681528662422
-571d8cVauQ$_$5,17,"can,",5.728390923566879,5.920941878980891,5.945,6.208,0.21660907643312122,0.28705812101910944,0.2518335987261153
-571d8cVauQ$_$5,18,tell,5.950457006369426,6.466502919320593,6.531,6.734,0.5805429936305737,0.2674970806794068,0.42402003715499026
-571d8cVauQ$_$5,19,them,6.466502919320593,6.691145700636943,6.754,6.875,0.2874970806794064,0.1838542993630572,0.2356756900212318
-571d8cVauQ$_$5,20,what,6.691145700636943,6.85160483014862,6.915,7.037,0.22385429936305723,0.18539516985137983,0.20462473460721853
-571d8cVauQ$_$5,21,you're,6.85160483014862,7.092293524416135,7.057,7.239,0.2053951698513803,0.14670647558386474,0.1760508227176225
-571d8cVauQ$_$5,22,"doing,",7.092293524416135,7.172523089171975,7.259,7.482,0.1667064755838652,0.30947691082802553,0.23809169320594537
-571d8cVauQ$_$5,23,build,7.202038216560509,7.718084129511677,7.765,8.007,0.5629617834394907,0.28891587048832257,0.42593882696390617
-571d8cVauQ$_$5,24,a,7.718084129511677,7.910635084925689,8.048,8.088,0.32991587048832294,0.1773649150743104,0.25364039278131667
-571d8cVauQ$_$5,25,little,7.910635084925689,8.055048301486199,8.129,8.351,0.21836491507431077,0.295951698513802,0.2571583067940564
-571d8cVauQ$_$5,26,"excitement,",8.055048301486199,8.424104299363057,8.392,8.938,0.3369516985138006,0.5138957006369438,0.42542369957537307
-571d8cVauQ$_$5,27,put,8.902904989384288,9.418950902335457,9.524,9.645,0.6210950106157114,0.22604909766454284,0.423572054140128
-571d8cVauQ$_$5,28,a,9.418950902335457,9.53127229299363,9.666,9.686,0.24704909766454364,0.15472770700636929,0.20088840233545646
-571d8cVauQ$_$5,29,little,9.53127229299363,9.643593683651805,9.726,9.908,0.1947277070063702,0.2644063163481949,0.22956701167728255
-571d8cVauQ$_$5,30,glitz,9.643593683651805,10.0928792462845,9.949,10.272,0.30540631634819526,0.17912075371549996,0.2422635350318476
-571d8cVauQ$_$5,31,on,10.0928792462845,10.221246549893841,10.393,10.474,0.3001207537155004,0.2527534501061588,0.2764371019108296
-571d8cVauQ$_$5,32,there,10.221246549893841,10.44588933121019,10.515,10.717,0.29375345010615916,0.27111066878981127,0.2824320594479852
-571d8cVauQ$_$5,33,and,10.700047239915074,11.216093152866241,11.364,11.465,0.6639527600849267,0.24890684713375855,0.4564298036093426
-571d8cVauQ$_$5,34,let,11.216093152866241,11.537011411889596,11.667,11.809,0.4509068471337585,0.2719885881104034,0.36144771762208094
-571d8cVauQ$_$5,35,everybody,11.537011411889596,11.729562367303608,11.849,12.193,0.3119885881104043,0.46343763269639204,0.38771311040339906
-571d8cVauQ$_$5,36,knows,11.729562367303608,12.146756104033969,12.234,12.416,0.5044376326963924,0.2692438959660315,0.38684076433121195
-571d8cVauQ$_$5,37,this,12.27254670912951,12.788592622080678,12.86,13.042,0.5874532908704886,0.2534073779193218,0.4204303343949052
-571d8cVauQ$_$5,38,is,12.788592622080678,12.981143577494691,13.123,13.204,0.3344073779193213,0.22285642250530913,0.2786319002123152
-571d8cVauQ$_$5,39,a,12.981143577494691,13.141602707006367,13.285,13.325,0.30385642250530864,0.18339729299363228,0.24362685774947046
-571d8cVauQ$_$5,40,very,13.141602707006367,13.33415366242038,13.467,13.71,0.3253972929936335,0.3758463375796204,0.35062181528662695
-571d8cVauQ$_$5,41,valuable,13.33415366242038,13.719255573248407,13.831,14.337,0.49684633757961905,0.6177444267515924,0.5572953821656057
-571d8cVauQ$_$5,42,spot.,13.74877070063694,14.26481661358811,14.397,14.7,0.6482292993630594,0.4351833864118895,0.5417063428874753
-6rXp3zJ3kc$_$8,0,Many,0.22459949622166245,0.4973274559193954,0.523,0.725,0.2984005037783376,0.22767254408060456,0.2630365239294711
-6rXp3zJ3kc$_$8,1,people,0.4973274559193954,0.7540125944584382,0.765,1.026,0.2676725440806046,0.27198740554156187,0.26982997481108323
-6rXp3zJ3kc$_$8,2,are,0.7540125944584382,1.010697732997481,1.067,1.147,0.3129874055415618,0.13630226700251913,0.22464483627204046
-6rXp3zJ3kc$_$8,3,not,1.010697732997481,1.2352972292191433,1.248,1.53,0.2373022670025191,0.2947027707808567,0.2660025188916879
-6rXp3zJ3kc$_$8,4,until,1.2352972292191433,1.6844962216624682,1.59,1.852,0.35470277078085677,0.16750377833753194,0.26110327455919435
-6rXp3zJ3kc$_$8,5,they,1.6844962216624682,1.84492443324937,1.872,1.992,0.18750377833753196,0.14707556675063005,0.167289672544081
-6rXp3zJ3kc$_$8,6,get,1.84492443324937,2.037438287153652,2.033,2.214,0.18807556675062997,0.17656171284634814,0.18231863979848906
-6rXp3zJ3kc$_$8,7,to,2.037438287153652,2.2620377833753142,2.254,2.355,0.21656171284634818,0.09296221662468573,0.15476196473551695
-6rXp3zJ3kc$_$8,8,be,2.2620377833753142,2.390380352644836,2.395,2.576,0.13296221662468577,0.18561964735516412,0.15929093198992472
-6rXp3zJ3kc$_$8,9,a,2.390380352644836,2.5508085642317377,2.657,2.717,0.2666196473551641,0.16619143576826234,0.21640554156171343
-6rXp3zJ3kc$_$8,10,older,2.6764785894206544,3.4492065491183874,3.341,3.582,0.6645214105793458,0.13279345088161243,0.3986574307304789
-6rXp3zJ3kc$_$8,11,age,3.4492065491183874,3.609634760705289,3.804,3.965,0.3547934508816124,0.35536523929471064,0.3550793450881613
-6rXp3zJ3kc$_$8,12,and,3.609634760705289,3.9625768261964733,4.025,4.106,0.41536523929471114,0.14342317380352654,0.27939420654911906
-6rXp3zJ3kc$_$8,13,they,3.9625768261964733,4.123005037783375,4.146,4.287,0.18342317380352657,0.16399496221662524,0.17370906801007635
-6rXp3zJ3kc$_$8,14,realize,4.123005037783375,4.636375314861461,4.347,4.81,0.22399496221662574,0.17362468513853901,0.19880982367758193
-6rXp3zJ3kc$_$8,15,that,4.636375314861461,4.828889168765743,4.83,4.991,0.19362468513853948,0.16211083123425674,0.1778677581863981
-6rXp3zJ3kc$_$8,16,gosh,4.828889168765743,5.310173803526448,5.092,5.394,0.2631108312342567,0.08382619647355227,0.1734685138539045
-6rXp3zJ3kc$_$8,17,they,5.310173803526448,5.727287153652393,5.776,5.977,0.46582619647355195,0.2497128463476077,0.3577695214105798
-6rXp3zJ3kc$_$8,18,wasted,5.727287153652393,6.240657430730478,6.038,6.36,0.31071284634760765,0.11934256926952269,0.21502770780856517
-6rXp3zJ3kc$_$8,19,a,6.240657430730478,6.336914357682619,6.38,6.42,0.13934256926952227,0.08308564231738114,0.11121410579345214
-6rXp3zJ3kc$_$8,20,lot,6.336914357682619,6.43317128463476,6.46,6.621,0.12308564231738117,0.18782871536524048,0.15545717884131038
-6rXp3zJ3kc$_$8,21,of,6.43317128463476,6.593599496221662,6.642,6.702,0.2088287153652404,0.10840050377833776,0.15861460957178908
-6rXp3zJ3kc$_$8,22,time,6.593599496221662,6.7540277078085635,6.762,7.125,0.16840050377833737,0.37097229219143646,0.26968639798488736
-6rXp3zJ3kc$_$8,23,and,6.7540277078085635,7.106969773299747,7.185,7.286,0.43097229219143607,0.17903022670025237,0.30500125944584466
-6rXp3zJ3kc$_$8,24,money,7.106969773299747,7.33156926952141,7.366,7.628,0.25903022670025244,0.2964307304785905,0.27773047858942146
-6rXp3zJ3kc$_$8,25,in,8.002695214105792,8.711251889168764,9.016,9.117,1.0133047858942081,0.40574811083123663,0.7095264483627224
-6rXp3zJ3kc$_$8,26,placing,8.933178841309822,9.529435768261964,9.338,9.681,0.40482115869017754,0.15156423173803546,0.2781926952141056
-6rXp3zJ3kc$_$8,27,bets,9.529435768261964,9.898420654911838,9.741,10.003,0.21156423173803596,0.1045793450881618,0.15807178841309977
-6rXp3zJ3kc$_$8,28,on,9.898420654911838,9.994677581863979,10.083,10.164,0.18457934508816187,0.1693224181360211,0.1769508816120915
-6rXp3zJ3kc$_$8,29,stock,9.994677581863979,10.187191435768261,10.224,10.526,0.2293224181360216,0.3388085642317389,0.28406549118388114
-6rXp3zJ3kc$_$8,30,that's,10.187191435768261,10.684518891687656,10.566,10.787,0.3788085642317398,0.10248110831234492,0.24064483627204325
-6rXp3zJ3kc$_$8,31,ultimately,10.684518891687656,11.278103274559193,10.948,11.431,0.2634811083123445,0.15289672544080624,0.20818891687657537
-6rXp3zJ3kc$_$8,32,lost,11.278103274559193,11.631045340050376,11.512,11.794,0.23389672544080753,0.16295465994962477,0.19842569269521526
-6rXp3zJ3kc$_$8,33,value.,11.631045340050376,11.855644836272038,11.894,12.277,0.2629546599496244,0.4213551637279611,0.34215491183879365
-9y-fZ3swSY$_$0,0,"is,",0.04826428571428572,0.14479285714285714,0.061,0.184,0.01273571428571428,0.03920714285714286,0.025971428571428562
-9y-fZ3swSY$_$0,2,can,0.2091452380952381,0.27349761904761904,0.307,0.43,0.09785476190476189,0.15650238095238095,0.12717857142857142
-9y-fZ3swSY$_$0,3,"say,",0.27349761904761904,0.4665547619047619,0.45,0.696,0.17650238095238097,0.22944523809523804,0.20297380952380953
-9y-fZ3swSY$_$0,4,hey,0.4665547619047619,1.1905190476190475,0.799,1.638,0.3324452380952381,0.4474809523809524,0.3899630952380953
-9y-fZ3swSY$_$0,5,I,1.3662190476190477,1.882307142857143,1.966,2.027,0.5997809523809523,0.14469285714285718,0.37223690476190485
-9y-fZ3swSY$_$0,6,really,1.882307142857143,2.0431880952380954,2.088,2.355,0.20569285714285712,0.31181190476190457,0.25875238095238084
-9y-fZ3swSY$_$0,7,like,2.0431880952380954,2.3971261904761905,2.457,2.764,0.41381190476190444,0.3668738095238093,0.3903428571428569
-9y-fZ3swSY$_$0,8,baby,2.4280333333333335,2.9441214285714286,3.03,3.337,0.6019666666666663,0.39287857142857163,0.4974226190476192
-9y-fZ3swSY$_$0,9,"skin,",2.9441214285714286,3.4267642857142855,3.378,3.726,0.43387857142857156,0.2992357142857145,0.3665571428571428
-9y-fZ3swSY$_$0,10,they,3.4267642857142855,3.7163500000000003,3.747,3.849,0.3202357142857144,0.13264999999999993,0.22644285714285717
-9y-fZ3swSY$_$0,11,are,3.7163500000000003,3.780702380952381,3.87,3.952,0.15364999999999984,0.17129761904761898,0.16247380952380963
-9y-fZ3swSY$_$0,12,so,3.780702380952381,3.8772309523809527,3.993,4.156,0.2122976190476189,0.278769047619047,0.24553333333333272
-9y-fZ3swSY$_$0,13,"soft,",3.8772309523809527,4.295521428571428,4.361,4.73,0.48376904761904704,0.4344785714285724,0.45912380952380927
-9y-fZ3swSY$_$0,14,they,4.295521428571428,4.649459523809524,4.75,4.853,0.45447857142857195,0.20354047619047577,0.32900952380952386
-9y-fZ3swSY$_$0,15,don’t,4.649459523809524,4.890780952380952,4.873,5.037,0.22354047619047623,0.1462190476190477,0.18487976190476196
-9y-fZ3swSY$_$0,16,have,4.890780952380952,5.035573809523809,5.139,5.364,0.248219047619048,0.3284261904761907,0.28832261904761936
-9y-fZ3swSY$_$0,17,any,5.035573809523809,5.292983333333334,5.446,5.59,0.41042619047619056,0.29701666666666604,0.3537214285714283
-9y-fZ3swSY$_$0,18,hair,5.292983333333334,5.550392857142857,5.651,5.856,0.358016666666666,0.3056071428571432,0.3318119047619046
-9y-fZ3swSY$_$0,19,on,5.550392857142857,5.74345,5.897,5.958,0.34660714285714356,0.21455000000000002,0.28057857142857223
-9y-fZ3swSY$_$0,20,their,5.74345,5.872154761904762,5.979,6.122,0.23554999999999993,0.2498452380952383,0.24269761904761866
-9y-fZ3swSY$_$0,21,face,5.872154761904762,6.161740476190476,6.163,6.368,0.29084523809523866,0.20625952380952395,0.24855238095238175
-9y-fZ3swSY$_$4,0,I’ve,0.1137419969512195,0.4062214176829268,0.339,0.552,0.22525800304878052,0.14577858231707325,0.18551829268292688
-9y-fZ3swSY$_$4,1,seen,0.4062214176829268,0.5362122713414634,0.594,0.785,0.18777858231707317,0.2487877286585366,0.21828315548780486
-9y-fZ3swSY$_$4,2,this,0.5362122713414634,0.8286916920731706,0.806,0.997,0.2697877286585366,0.16830830792682938,0.219048018292683
-9y-fZ3swSY$_$4,3,in,0.8286916920731706,0.9911802591463413,1.082,1.167,0.25330830792682946,0.1758197408536587,0.21456402439024402
-9y-fZ3swSY$_$4,4,US,0.9911802591463413,1.381152820121951,1.294,1.633,0.3028197408536587,0.25184717987804905,0.27733346036585393
-9y-fZ3swSY$_$4,5,or,1.381152820121951,1.7711253810975607,1.93,2.015,0.548847179878049,0.24387461890243944,0.3963608993902442
-9y-fZ3swSY$_$4,6,in,1.7711253810975607,1.9336139481707315,2.058,2.121,0.28687461890243915,0.18738605182926849,0.23713033536585382
-9y-fZ3swSY$_$4,7,the,1.9336139481707315,2.063604801829268,2.164,2.27,0.23038605182926863,0.20639519817073193,0.21839062500000028
-9y-fZ3swSY$_$4,8,US,2.063604801829268,2.3560842225609755,2.397,2.63,0.3333951981707317,0.2739157774390244,0.30365548780487805
-9y-fZ3swSY$_$8,0,That’s,0.11248039215686273,0.4017156862745097,0.264,0.466,0.15151960784313728,0.06428431372549032,0.10790196078431383
-9y-fZ3swSY$_$8,1,a,0.4017156862745097,0.5302647058823529,0.568,0.608,0.16628431372549024,0.07773529411764712,0.12200980392156868
-9y-fZ3swSY$_$8,2,more,0.5302647058823529,0.948049019607843,0.973,1.176,0.4427352941176471,0.2279509803921569,0.335343137254902
-9y-fZ3swSY$_$8,3,decent,0.948049019607843,1.5586568627450978,1.379,1.845,0.43095098039215696,0.2863431372549021,0.35864705882352943
-9y-fZ3swSY$_$8,4,and,1.5586568627450978,2.0407156862745097,2.129,2.189,0.5703431372549022,0.14828431372549034,0.35931372549019636
-9y-fZ3swSY$_$8,5,more,2.0407156862745097,2.201401960784313,2.23,2.352,0.18928431372549026,0.1505980392156867,0.16994117647058848
-9y-fZ3swSY$_$8,6,polite,2.201401960784313,2.5227745098039214,2.392,2.899,0.19059803921568674,0.37622549019607865,0.2834117647058825
-9y-fZ3swSY$_$8,7,way,2.5227745098039214,2.9084215686274506,2.96,3.122,0.4372254901960786,0.21357843137254928,0.32540196078431416
-9y-fZ3swSY$_$8,8,to,2.9084215686274506,3.197656862745098,3.223,3.325,0.31457843137254926,0.12734313725490232,0.2209607843137258
-9y-fZ3swSY$_$8,9,call,3.197656862745098,3.3583431372549013,3.365,3.669,0.16734313725490235,0.31065686274509874,0.23900000000000055
-9y-fZ3swSY$_$8,10,a,3.420745098039215,3.936813725490196,3.69,3.71,0.26925490196078483,0.22681372549019585,0.02122058823529449
-9y-fZ3swSY$_$8,11,lady,3.936813725490196,4.0975,4.136,4.399,0.1991862745098043,0.3014999999999999,0.25034313725490165
-AUZQgSxyPQ$_$2,0,The,0.20833999463519315,0.46475844957081547,0.483,0.583,0.27466000536480684,0.1182415504291845,0.19645077789699567
-AUZQgSxyPQ$_$2,1,perfect,0.46475844957081547,0.6250199839055794,0.643,0.985,0.17824155042918455,0.35998001609442054,0.26911078326180254
-AUZQgSxyPQ$_$2,2,soul,0.6250199839055794,1.0416999731759655,1.025,1.287,0.39998001609442047,0.2453000268240344,0.32264002145922743
-AUZQgSxyPQ$_$2,3,mate,1.0416999731759655,1.3301707349785408,1.327,1.568,0.28530002682403444,0.2378292650214593,0.261564645922747
-AUZQgSxyPQ$_$2,4,to,1.3301707349785408,1.586589189914163,1.609,1.709,0.2788292650214592,0.12241081008583699,0.2006200375536482
-AUZQgSxyPQ$_$2,5,the,1.586589189914163,1.7147984173819744,1.729,1.79,0.142410810085837,0.07520158261802568,0.10880619635193134
-AUZQgSxyPQ$_$2,6,Clarisonic,1.7147984173819744,2.3878968615879828,1.85,2.574,0.13520158261802573,0.1861031384120171,0.1606523605150214
-AUZQgSxyPQ$_$2,7,Spot,2.577021459227468,3.0930476126609445,3.097,3.458,0.5199785407725321,0.36495238733905566,0.4424654640557939
-AUZQgSxyPQ$_$2,8,Therapy,3.0930476126609445,3.8302506706008583,3.559,4.001,0.46595238733905564,0.170749329399142,0.31835085836909904
-AUZQgSxyPQ$_$2,9,"Brush,",3.8302506706008583,4.214878353004291,4.042,4.383,0.21174932939914148,0.16812164699570875,0.18993548819742534
-AUZQgSxyPQ$_$2,10,this,4.468107564377682,4.984133717811159,4.966,5.127,0.497892435622318,0.1428662821888409,0.3203793589055799
-AUZQgSxyPQ$_$2,11,"gentle,",4.984133717811159,5.176447559012876,5.188,5.63,0.20386628218884084,0.45355244098712433,0.3287093615879826
-AUZQgSxyPQ$_$2,12,Ph,5.269415236051502,5.785441389484978,5.771,6.153,0.5015847639484976,0.3675586105150215,0.43457168723175954
-AUZQgSxyPQ$_$2,13,balanced,5.785441389484978,6.522644447424893,6.193,6.635,0.4075586105150215,0.11235555257510654,0.25995708154506403
-AUZQgSxyPQ$_$2,14,and,6.522644447424893,6.6829059817596566,6.776,6.857,0.25335555257510656,0.17409401824034365,0.2137247854077251
-AUZQgSxyPQ$_$2,15,hydrating,6.6829059817596566,7.356004425965665,6.957,7.52,0.2740940182403433,0.16399557403433462,0.21904479613733896
-AUZQgSxyPQ$_$2,16,exfoliant,7.356004425965665,8.22141671137339,7.661,8.345,0.30499557403433464,0.12358328862661061,0.21428943133047262
-AUZQgSxyPQ$_$2,17,containing,8.410541309012876,9.118881303648068,8.807,9.249,0.3964586909871244,0.13011869635193207,0.26328869366952823
-AUZQgSxyPQ$_$2,18,jojoba,9.118881303648068,9.759927440987124,9.39,9.953,0.2711186963519321,0.1930725590128759,0.2320956276824031
-AUZQgSxyPQ$_$2,19,and,9.759927440987124,10.240712043991415,10.355,10.416,0.5950725590128769,0.17528795600858516,0.38518025751073104
-AUZQgSxyPQ$_$2,20,acai,10.240712043991415,10.737522800429184,10.496,10.979,0.2552879560085852,0.2414771995708147,0.24838257778970085
-AUZQgSxyPQ$_$2,21,fruit,10.737522800429184,11.138176636266095,11.18,11.421,0.4424771995708152,0.28282336373390393,0.36265028165236046
-AUZQgSxyPQ$_$2,22,oils,11.138176636266095,11.651013546137339,11.542,11.743,0.4038233637339044,0.09198645386266158,0.24790490879828297
-AUZQgSxyPQ$_$2,23,and,11.872190450643776,12.388216604077254,12.527,12.647,0.6548095493562229,0.25878339592274635,0.45679647263948553
-AUZQgSxyPQ$_$2,24,bamboo,12.388216604077254,13.045288894849786,12.748,13.251,0.35978339592274544,0.20571110515021296,0.2827472505364792
-AUZQgSxyPQ$_$2,25,and,13.045288894849786,13.510047344420602,13.633,13.713,0.5877111051502126,0.2029526555793968,0.3953318803648047
-AUZQgSxyPQ$_$2,26,prickly,13.510047344420602,13.958779640557939,13.773,14.155,0.2629526555793973,0.1962203594420604,0.22958650751072884
-AUZQgSxyPQ$_$2,27,bear,13.958779640557939,14.151093481759656,14.196,14.517,0.23722035944206077,0.3659065182403438,0.3015634388412023
-AUZQgSxyPQ$_$2,28,extracts,14.21200885193133,15.401133449570816,14.698,15.945,0.4859911480686705,0.5438665504291844,0.5149288492489283
-AUZQgSxyPQ$_$2,29,deliver,15.558205740343347,16.074231893776826,16.005,16.408,0.4467942596566523,0.3337681062231752,0.39028118293991376
-AUZQgSxyPQ$_$2,30,intense,16.103094957081545,16.61912111051502,16.588,16.95,0.4849050429184558,0.33087888948497834,0.40789196620171886
-AUZQgSxyPQ$_$2,31,"healing,",16.61912111051502,17.19606263412017,17.051,17.433,0.43187888948497744,0.23693736587982883,0.33440812768240313
-AUZQgSxyPQ$_$2,32,while,17.321082618025752,17.837108771459228,17.936,18.137,0.614917381974248,0.29989122854077266,0.4574043052575085
-AUZQgSxyPQ$_$2,33,smooth,17.837108771459228,18.125579533261803,18.197,18.499,0.3598912285407714,0.37342046673819596,0.36665584763948544
-AUZQgSxyPQ$_$2,34,granules,18.125579533261803,18.862782591201718,18.539,19.021,0.41342046673819866,0.15821740879828283,0.28581893776824074
-AUZQgSxyPQ$_$2,35,buff,18.862782591201718,19.183305659871245,19.142,19.424,0.2792174087982815,0.2406943401287549,0.25995587446352
-AUZQgSxyPQ$_$2,36,away,19.183305659871245,19.439724114806868,19.444,19.765,0.2606943401287545,0.32527588519313255,0.29298511266094174
-AUZQgSxyPQ$_$2,37,"dead,",19.628848712446352,20.144874865879828,20.228,20.469,0.5991512875536493,0.3241251341201732,0.4616382108369095
-AUZQgSxyPQ$_$2,38,dry,20.205790236051502,20.721816389484978,20.791,21.193,0.5852097639484981,0.47118361051502333,0.5281966872317589
-AUZQgSxyPQ$_$2,39,skin,20.721816389484978,21.170548685622318,21.294,21.575,0.5721836105150224,0.4044513143776811,0.48831746244635355
-AUZQgSxyPQ$_$2,40,cells.,21.170548685622318,21.74749020922747,21.595,21.977,0.4244513143776807,0.22950979077253209,0.3269805525751064
-HeZS2-Prhc$_$2,0,The,1.2007731299212598,1.716818159448819,1.74,1.861,0.5392268700787402,0.144181840551181,0.3417043553149606
-HeZS2-Prhc$_$2,1,August,1.716818159448819,2.1018988681102364,1.962,2.245,0.24518184055118097,0.1431011318897637,0.19414148622047234
-HeZS2-Prhc$_$2,2,jobs,2.1018988681102364,2.5511596948818895,2.347,2.67,0.24510113188976357,0.11884030511811039,0.1819707185039372
-HeZS2-Prhc$_$2,3,report,2.5511596948818895,2.8078801673228346,2.711,3.055,0.15984030511811032,0.24711983267716553,0.2034800688976377
-HeZS2-Prhc$_$2,4,is,2.8078801673228346,3.0646006397637793,3.095,3.196,0.28711983267716557,0.1313993602362209,0.20925959645669323
-HeZS2-Prhc$_$2,5,out,3.0646006397637793,3.1929608759842516,3.358,3.5,0.2933993602362208,0.3070391240157484,0.3002192421259846
-HeZS2-Prhc$_$2,6,and,3.1929608759842516,3.706401820866142,3.924,4.066,0.7310391240157483,0.35959817913385805,0.5453186515748032
-HeZS2-Prhc$_$2,7,it,3.706401820866142,4.155662647637795,4.248,4.309,0.5415981791338584,0.1533373523622048,0.3474677657480316
-HeZS2-Prhc$_$2,8,was,4.155662647637795,4.316112942913385,4.349,4.471,0.19333735236220484,0.154887057086615,0.1741122047244099
-HeZS2-Prhc$_$2,9,seen,4.316112942913385,4.508653297244094,4.531,4.855,0.2148870570866146,0.3463467027559064,0.28061687992126005
-HeZS2-Prhc$_$2,10,overall,4.634409448818897,5.567625246062992,5.3,5.786,0.6655905511811024,0.21837475393700778,0.44198265255905556
-HeZS2-Prhc$_$2,11,as,5.6292012795275586,6.145246309055118,6.251,6.352,0.6217987204724418,0.2067536909448826,0.4142762057086622
-HeZS2-Prhc$_$2,12,solid,6.145246309055118,6.401966781496062,6.453,6.817,0.3077536909448826,0.4150332185039378,0.3613934547244102
-HeZS2-Prhc$_$2,13,but,6.401966781496062,6.8191375492125985,6.878,7.02,0.47603321850393776,0.20086245078740106,0.3384478346456694
-HeZS2-Prhc$_$2,14,not,6.8191375492125985,7.043767962598425,7.1,7.303,0.28086245078740113,0.2592320374015751,0.2700472440944881
-HeZS2-Prhc$_$2,15,great.,7.043767962598425,7.332578494094488,7.384,7.748,0.3402320374015755,0.4154215059055124,0.37782677165354395
-HwX2H8Z4hY$_$2,1,[President,0.8268455578512397,1.3430266012396694,0.427,0.814,0.3998455578512397,0.5290266012396695,0.46443607954545457
-HwX2H8Z4hY$_$2,4,"""Look",2.2184152892561984,2.734596332644628,1.932,2.889,0.2864152892561984,0.1544036673553717,0.06600581095041314
-HwX2H8Z4hY$_$2,5,at,2.734596332644628,2.8640446797520664,2.929,2.97,0.19440366735537173,0.10595532024793375,0.15017949380165296
-HwX2H8Z4hY$_$2,6,the,2.8640446797520664,2.9934930268595044,2.99,3.072,0.12595532024793377,0.0785069731404957,0.10223114669421474
-HwX2H8Z4hY$_$2,7,record,2.9934930268595044,3.090579287190083,3.112,3.397,0.11850697314049574,0.306420712809917,0.21246384297520637
-HwX2H8Z4hY$_$5,1,President,0.4190279796511628,0.8864053415697674,0.776,1.265,0.35697202034883724,0.37859465843023254,0.3677833393895349
-HwX2H8Z4hY$_$5,2,Ronald,0.8864053415697674,1.5471802325581394,1.347,1.653,0.4605946584302326,0.10581976744186061,0.28320721293604656
-HwX2H8Z4hY$_$5,3,Reagan,1.5471802325581394,1.9500917514534881,1.714,2.143,0.16681976744186056,0.19290824854651167,0.17986400799418623
-HwX2H8Z4hY$_$5,4,blamed,1.9500917514534881,2.4658184956395344,2.225,2.613,0.27490824854651197,0.14718150436046562,0.21104487645348868
-HwX2H8Z4hY$_$5,5,the,2.4658184956395344,2.659216024709302,2.674,2.776,0.20818150436046556,0.11678397529069784,0.1624827398255817
-HwX2H8Z4hY$_$5,6,professional,2.659216024709302,3.3038744549418606,2.837,3.47,0.17778397529069823,0.1661255450581396,0.1719547601744189
-HwX2H8Z4hY$_$5,7,bureaucracy,3.3038744549418606,3.9485328851744184,3.511,4.245,0.20712554505813952,0.29646711482558175,0.25179632994186063
-HwX2H8Z4hY$_$5,8,of,3.9485328851744184,4.270862100290698,4.388,4.45,0.43946711482558154,0.1791378997093025,0.30930250726744246
-HwX2H8Z4hY$_$5,9,education,4.334938226744185,4.8510546875,4.531,5.082,0.1960617732558143,0.23094531250000028,0.2135035428779073
-HwX2H8Z4hY$_$6,0,And,0.22566336633663367,0.4996831683168317,0.576,0.658,0.3503366336633663,0.15831683168316835,0.25432673267326733
-HwX2H8Z4hY$_$6,1,in,0.4996831683168317,0.6608712871287129,0.72,0.782,0.2203168316831683,0.12112871287128713,0.17072277227722765
-HwX2H8Z4hY$_$6,2,"part,",0.6608712871287129,0.8542970297029704,0.844,1.214,0.18312871287128707,0.3597029702970296,0.2714158415841584
-HwX2H8Z4hY$_$6,3,Al,0.9506930693069306,1.4668118811881188,1.584,1.708,0.6333069306930694,0.24118811881188118,0.4372475247524753
-HwX2H8Z4hY$_$6,4,Shanker,1.4668118811881188,1.9826138613861386,1.749,2.222,0.2821881188118813,0.23938613861386138,0.26078712871287135
-HwX2H8Z4hY$_$6,5,did,1.9826138613861386,2.272752475247525,2.325,2.49,0.3423861386138616,0.21724752475247522,0.2798168316831684
-HwX2H8Z4hY$_$6,6,too,2.272752475247525,2.5306534653465347,2.572,2.778,0.29924752475247507,0.24734653465346534,0.27329702970297043
-HwX2H8Z4hY$_$9,0,It,0.22459742647058822,0.49732287289915966,0.568,0.629,0.3434025735294117,0.13167712710084034,0.23753985031512603
-HwX2H8Z4hY$_$9,1,is,0.49732287289915966,0.6256642594537816,0.69,0.751,0.19267712710084028,0.12533574054621843,0.15900643382352936
-HwX2H8Z4hY$_$9,2,a,0.6256642594537816,0.7540056460084034,0.832,0.873,0.2063357405462184,0.11899435399159664,0.16266504726890746
-HwX2H8Z4hY$_$9,3,word,0.7540056460084034,0.9144323792016806,0.913,1.218,0.15899435399159667,0.30356762079831934,0.23128098739495806
-HwX2H8Z4hY$_$9,4,which,0.9144323792016806,1.7513285189075631,1.461,1.766,0.5465676207983194,0.014671481092436878,0.28061955094537827
-HwX2H8Z4hY$_$9,5,the,2.676449317226891,3.192491990546219,3.268,3.349,0.591550682773109,0.1565080094537814,0.3740293461134452
-HwX2H8Z4hY$_$9,6,administrator,3.192491990546219,3.753985556722689,3.39,3.999,0.19750800945378133,0.24501444327731114,0.22126122636554646
-HwX2H8Z4hY$_$9,7,uses,3.753985556722689,4.219223082983193,4.1,4.323,0.3460144432773107,0.10377691701680725,0.22489568014705874
-HwX2H8Z4hY$_$9,8,when,4.219223082983193,4.347564469537815,4.364,4.486,0.14477691701680673,0.1384355304621847,0.14160622373949572
-HwX2H8Z4hY$_$9,9,he,4.347564469537815,4.443820509453781,4.506,4.587,0.15843553046218517,0.1431794905462187,0.15080751050420194
-HwX2H8Z4hY$_$9,10,turns,4.443820509453781,4.748631302521009,4.608,4.892,0.1641794905462186,0.1433686974789916,0.1537740940126051
-HwX2H8Z4hY$_$9,11,around,4.748631302521009,4.957186055672269,4.912,5.196,0.1633686974789912,0.23881394432773106,0.20109132090336113
-HwX2H8Z4hY$_$9,12,anything,4.957186055672269,5.149698135504202,5.257,5.562,0.299813944327731,0.41230186449579787,0.35605790441176444
-HwX2H8Z4hY$_$9,13,which,5.149698135504202,5.534722295168067,5.602,5.724,0.4523018644957979,0.18927770483193296,0.3207897846638659
-HwX2H8Z4hY$_$9,14,he,5.534722295168067,5.663063681722689,5.744,5.825,0.20927770483193253,0.16193631827731103,0.18560701155462178
-HwX2H8Z4hY$_$9,15,doesn't,5.663063681722689,5.951831801470588,5.846,6.089,0.18293631827731094,0.13716819852941242,0.16005225840336212
-HwX2H8Z4hY$_$9,16,like,5.951831801470588,6.048087841386555,6.13,6.313,0.1781681985294119,0.26491215861344486,0.22154017857142794
-HwX2H8Z4hY$_$9,17,that,6.048087841386555,6.272685267857143,6.333,6.434,0.2849121586134453,0.1613147321428574,0.22311344537815136
-HwX2H8Z4hY$_$9,18,the,6.272685267857143,6.36894130777311,6.455,6.515,0.18231473214285732,0.14605869222689005,0.16418671218487413
-HwX2H8Z4hY$_$9,19,teacher,6.36894130777311,6.465197347689076,6.536,6.84,0.16705869222688996,0.37480265231092424,0.2709306722689071
-HwX2H8Z4hY$_$9,20,is,6.465197347689076,6.78605081407563,6.881,6.962,0.4158026523109246,0.17594918592436937,0.29587591911764655
-HwX2H8Z4hY$_$9,21,doing,6.78605081407563,6.914392200630252,6.982,7.226,0.19594918592436983,0.3116077993697477,0.25377849264705876
-I_e4mIh0yE$_$1,0,In,0.35296309267241377,0.7540575161637931,0.84,0.901,0.4870369073275862,0.1469424838362069,0.31698969558189655
-I_e4mIh0yE$_$1,1,the,0.7540575161637931,0.8824077316810345,0.922,0.983,0.1679424838362069,0.1005922683189655,0.1342673760775862
-I_e4mIh0yE$_$1,2,United,0.8824077316810345,1.0749330549568965,1.045,1.332,0.16259226831896545,0.25706694504310357,0.20982960668103445
-I_e4mIh0yE$_$1,3,States,1.0749330549568965,1.3476772629310345,1.373,1.618,0.2980669450431035,0.2703227370689656,0.28419484105603465
-I_e4mIh0yE$_$1,4,we,1.3476772629310345,1.6525090247844827,1.7,1.803,0.35232273706896544,0.15049097521551724,0.25140685614224123
-I_e4mIh0yE$_$1,5,don't,1.6525090247844827,2.005472117456897,1.905,2.151,0.25249097521551733,0.145527882543103,0.19900942887931017
-I_e4mIh0yE$_$1,6,punish,2.005472117456897,2.3905227640086206,2.233,2.581,0.2275278825431033,0.19047723599137933,0.20900255926724132
-I_e4mIh0yE$_$1,7,failure,2.3905227640086206,2.679310748922414,2.704,3.155,0.31347723599137955,0.47568925107758586,0.3945832435344827
-I_e4mIh0yE$_$1,8,to,2.9975433728448277,3.513587149784483,3.605,3.728,0.6074566271551722,0.21441285021551737,0.410934738685345
-I_e4mIh0yE$_$1,9,the,3.513587149784483,3.6740249191810346,3.769,3.851,0.2554128502155173,0.1769750808189654,0.21619396551724135
-I_e4mIh0yE$_$1,10,degree,3.6740249191810346,3.9307253502155173,3.892,4.261,0.21797508081896533,0.33027464978448284,0.27412486530172386
-I_e4mIh0yE$_$1,11,to,3.9307253502155173,4.251600889008621,4.343,4.445,0.4122746497844827,0.19339911099137908,0.30283688038793066
-I_e4mIh0yE$_$1,12,which,4.251600889008621,4.444126212284482,4.527,4.753,0.2753991109913789,0.3088737877155179,0.2921364493534484
-I_e4mIh0yE$_$1,13,failure,4.444126212284482,4.893351966594828,4.998,5.408,0.553873787715518,0.5146480334051722,0.5342609105603451
-I_e4mIh0yE$_$1,14,is,4.893351966594828,5.310490167025861,5.47,5.531,0.5766480334051716,0.2205098329741384,0.398578933189655
-I_e4mIh0yE$_$1,15,punished,5.310490167025861,5.775759698275862,5.613,6.023,0.30250983297413914,0.2472403017241378,0.274875067349138
-I_e4mIh0yE$_$1,16,in,5.775759698275862,6.176854121767242,6.494,6.576,0.7182403017241379,0.3991458782327575,0.5586930899784472
-I_e4mIh0yE$_$1,17,Europe.,6.176854121767242,6.529817214439655,6.76,7.026,0.5831458782327577,0.4961827855603449,0.5396643318965513
-I_e4mIh0yE$_$3,0,It's,2.0055758928571423,2.5858828124999995,0.61,0.732,1.3955758928571425,1.8538828124999995,1.624729352678571
-I_e4mIh0yE$_$3,1,perceived,2.5858828124999995,2.8428649553571423,0.915,1.485,1.6708828124999995,1.3578649553571422,1.5143738839285708
-I_e4mIh0yE$_$3,2,that,2.8428649553571423,3.0677243303571426,1.566,1.688,1.2768649553571423,1.3797243303571427,1.3282946428571427
-I_e4mIh0yE$_$3,3,you,3.0677243303571426,3.1962154017857136,1.729,1.892,1.3387243303571426,1.3042154017857137,1.3214698660714281
-I_e4mIh0yE$_$3,4,have,3.1962154017857136,3.292583705357142,2.014,3.417,1.1822154017857138,0.12441629464285775,0.5288995535714278
-I_e4mIh0yE$_$3,5,actually,3.292583705357142,3.5174430803571424,3.478,3.763,0.18541629464285814,0.24555691964285753,0.21548660714285783
-I_e4mIh0yE$_$3,6,learned,3.5174430803571424,3.8065479910714277,3.865,4.17,0.34755691964285784,0.3634520089285722,0.355504464285715
-I_e4mIh0yE$_$3,7,"something,",3.8065479910714277,4.288389508928571,4.312,4.801,0.5054520089285726,0.5126104910714293,0.5090312500000009
-I_e4mIh0yE$_$3,8,over,4.928747767857142,5.444809151785714,5.574,5.716,0.645252232142858,0.2711908482142862,0.45822154017857253
-I_e4mIh0yE$_$3,9,the,5.444809151785714,5.637545758928571,5.736,5.797,0.29119084821428576,0.1594542410714288,0.22532254464285728
-I_e4mIh0yE$_$3,10,course,5.637545758928571,5.894527901785714,5.838,6.041,0.20045424107142917,0.14647209821428664,0.17346316964285746
-I_e4mIh0yE$_$3,11,of,5.894527901785714,5.9587734375,6.062,6.102,0.16747209821428655,0.14322656250000065,0.15534933035714316
-I_e4mIh0yE$_$3,12,your,5.9587734375,6.087264508928571,6.143,6.265,0.18422656250000014,0.17773549107142905,0.18098102678571504
-I_e4mIh0yE$_$3,13,"carreer,",6.087264508928571,6.3442466517857135,6.306,6.55,0.21873549107142942,0.20575334821428637,0.21224441964285834
-I_e4mIh0yE$_$3,14,and,6.3442466517857135,6.440614955357142,6.57,6.652,0.22575334821428683,0.21138504464285823,0.21856919642857298
-I_e4mIh0yE$_$3,15,that,6.440614955357142,6.569106026785713,6.672,6.774,0.2313850446428578,0.20489397321428715,0.21813950892857203
-I_e4mIh0yE$_$3,16,you,6.569106026785713,6.697597098214285,6.814,6.916,0.2448939732142872,0.21840290178571564,0.23164843750000141
-I_e4mIh0yE$_$3,17,won't,6.697597098214285,7.002763392857142,6.957,7.16,0.2594029017857151,0.15723660714285792,0.20831975446428652
-I_e4mIh0yE$_$3,18,make,7.002763392857142,7.340052455357142,7.465,7.628,0.46223660714285764,0.2879475446428579,0.37509207589285776
-I_e4mIh0yE$_$3,19,the,7.340052455357142,7.532789062499999,7.669,7.75,0.32894754464285736,0.21721093750000087,0.2730792410714291
-I_e4mIh0yE$_$3,20,mistake,7.532789062499999,7.7576484374999986,7.77,8.116,0.23721093750000044,0.3583515625000011,0.2977812500000008
-I_e4mIh0yE$_$3,21,twice.,7.7576484374999986,8.271612723214284,8.198,8.543,0.44035156250000185,0.27138727678571506,0.35586941964285757
-MeTTeMJBNc$_$0,0,"Okay,",0.4336140026132404,1.1723637848432056,0.994,1.278,0.5603859973867595,0.10563621515679444,0.333011106271777
-MeTTeMJBNc$_$0,1,what,1.1723637848432056,1.365081119337979,1.4,1.562,0.22763621515679433,0.196918880662021,0.21227754790940756
-MeTTeMJBNc$_$0,2,happens,1.365081119337979,2.0074722343205575,1.664,2.13,0.2989188806620209,0.12252776567944235,0.2107233231707316
-MeTTeMJBNc$_$0,3,at,2.0074722343205575,2.1520102351916375,2.212,2.293,0.20452776567944264,0.14098976480836267,0.17275876524390266
-MeTTeMJBNc$_$0,4,this,2.1520102351916375,2.3929069033101045,2.354,2.536,0.20198976480836262,0.14309309668989556,0.1725414307491293
-MeTTeMJBNc$_$0,5,point,2.3929069033101045,2.617743793554007,2.658,3.003,0.26509309668989545,0.38525620644599323,0.32517465156794434
-MeTTeMJBNc$_$0,6,after,2.617743793554007,3.067417574041812,3.226,3.449,0.6082562064459931,0.3815824259581877,0.4949193162020902
-MeTTeMJBNc$_$0,7,we've,3.067417574041812,3.5813304660278744,3.51,3.733,0.44258242595818764,0.15166953397212568,0.29712597996515666
-MeTTeMJBNc$_$0,8,taken,3.5813304660278744,3.7419282447735194,3.774,4.078,0.1926695339721256,0.3360717552264809,0.26437064459930326
-MeTTeMJBNc$_$0,9,this,3.7419282447735194,4.127362913763067,4.119,4.281,0.3770717552264804,0.15363708623693295,0.2653544207317067
-MeTTeMJBNc$_$0,10,brief,4.127362913763067,4.46461824912892,4.525,4.809,0.3976370862369336,0.34438175087108025,0.37100941855400693
-MeTTeMJBNc$_$0,11,walk,4.46461824912892,4.89823225174216,4.93,5.255,0.4653817508710798,0.3567677482578402,0.41107474956446
-MeTTeMJBNc$_$0,12,down,4.89823225174216,5.283666920731708,5.336,5.559,0.4377677482578406,0.2753330792682922,0.3565504137630664
-MeTTeMJBNc$_$0,13,memory,5.283666920731708,5.572742922473868,5.641,5.986,0.35733307926829205,0.41325707752613194,0.385295078397212
-MeTTeMJBNc$_$0,14,"lane,",5.572742922473868,5.9902971472125435,6.067,6.432,0.49425707752613235,0.4417028527874569,0.4679799651567942
-MeTTeMJBNc$_$0,15,is,6.309345818815331,6.825405596689896,6.939,7.02,0.6296541811846694,0.19459440331010391,0.41212429224738667
-MeTTeMJBNc$_$0,16,the,6.825405596689896,6.986003375435541,7.081,7.162,0.25559440331010475,0.1759966245644593,0.21579551393728202
-MeTTeMJBNc$_$0,17,presentation,6.986003375435541,7.724753157665505,7.203,7.994,0.21699662456445967,0.2692468423344945,0.24312173344947707
-MeTTeMJBNc$_$0,18,of,7.724753157665505,7.9174704921602785,8.055,8.136,0.3302468423344944,0.2185295078397207,0.27438817508710756
-MeTTeMJBNc$_$0,19,the,7.9174704921602785,8.078068270905923,8.177,8.278,0.25952950783972106,0.19993172909407697,0.22973061846689902
-MeTTeMJBNc$_$0,20,gift.,8.078068270905923,8.270785605400697,8.339,8.786,0.2609317290940769,0.5152143945993028,0.3880730618466899
-MeTTeMJBNc$_$13,0,It,0.435271472392638,0.9189064417177913,0.35,0.474,0.08527147239263805,0.44490644171779137,0.26508895705521474
-MeTTeMJBNc$_$13,1,just,0.9189064417177913,1.2090874233128834,1.072,1.402,0.15309355828220872,0.19291257668711648,0.17300306748466265
-MeTTeMJBNc$_$13,2,needs,1.2090874233128834,1.5798742331288342,1.484,1.711,0.27491257668711655,0.13112576687116584,0.2030191717791413
-MeTTeMJBNc$_$13,3,to,1.5798742331288342,1.7249647239263803,1.752,1.855,0.17212576687116576,0.13003527607361964,0.1510805214723926
-MeTTeMJBNc$_$13,4,be,1.7249647239263803,1.8539340490797545,1.896,2.04,0.17103527607361957,0.18606595092024558,0.17855061349693258
-MeTTeMJBNc$_$13,5,a,1.8539340490797545,1.9829033742331288,2.082,2.102,0.2280659509202454,0.11909662576687108,0.17358128834355813
-MeTTeMJBNc$_$13,6,simple,1.9829033742331288,2.2085996932515335,2.247,2.638,0.2640966257668711,0.4294003067484664,0.34674846625766875
-MeTTeMJBNc$_$13,7,"statement,",2.2085996932515335,2.6599923312883433,2.721,3.318,0.5124003067484666,0.6580076687116567,0.5852039877300614
-MeTTeMJBNc$_$13,8,and,3.0466564417177913,3.562777607361963,3.689,3.772,0.6423435582822088,0.20922239263803677,0.425782975460123
-MeTTeMJBNc$_$13,9,then,3.562777607361963,3.691746932515337,3.792,3.916,0.2292223926380368,0.22425306748466278,0.22673773006134978
-MeTTeMJBNc$_$13,10,you,3.691746932515337,3.8207162576687113,3.937,4.06,0.2452530674846627,0.23928374233128835,0.24226840490797552
-MeTTeMJBNc$_$13,11,present,3.8207162576687113,4.143139570552147,4.102,4.493,0.28128374233128906,0.3498604294478529,0.315572085889571
-MeTTeMJBNc$_$13,12,the,4.143139570552147,4.433320552147238,4.514,4.617,0.3708604294478528,0.1836794478527617,0.27726993865030725
-MeTTeMJBNc$_$13,13,gift.,4.433320552147238,4.562289877300612,4.637,5.008,0.20367944785276126,0.4457101226993876,0.3246947852760744
-MeTTeMJBNc$_$7,0,Maybe,0.22493576388888886,0.49807204861111104,0.545,0.767,0.3200642361111112,0.268927951388889,0.2944960937500001
-MeTTeMJBNc$_$7,1,you,0.49807204861111104,0.787275173611111,0.808,0.929,0.309927951388889,0.14172482638888906,0.22582638888888906
-MeTTeMJBNc$_$7,2,could,0.787275173611111,0.9800772569444443,0.969,1.151,0.18172482638888898,0.17092274305555577,0.17632378472222238
-MeTTeMJBNc$_$7,3,find,1.0424166666666665,1.5584835069444443,1.575,1.898,0.5325833333333334,0.33951649305555565,0.43604991319444464
-MeTTeMJBNc$_$7,4,a,1.5584835069444443,1.8798203124999997,1.938,1.979,0.3795164930555557,0.09917968750000039,0.23934809027777793
-MeTTeMJBNc$_$7,5,picture,1.8798203124999997,2.0404887152777773,2.039,2.423,0.15917968750000044,0.38251128472222273,0.2708454861111116
-MeTTeMJBNc$_$7,6,of,2.0404887152777773,2.4260928819444443,2.484,2.564,0.4435112847222227,0.13790711805555578,0.2907092013888892
-MeTTeMJBNc$_$7,7,the,2.4260928819444443,2.554627604166666,2.585,2.686,0.15890711805555569,0.13137239583333393,0.1451397569444448
-MeTTeMJBNc$_$7,8,couple,2.554627604166666,2.715296006944444,2.726,3.089,0.17137239583333397,0.3737039930555559,0.2725381944444447
-MeTTeMJBNc$_$7,9,from,2.715296006944444,3.1973012152777773,3.17,3.473,0.45470399305555587,0.27569878472222253,0.3652013888888894
-MeTTeMJBNc$_$7,10,their,3.227506944444444,3.743573784722222,3.756,3.917,0.5284930555555558,0.1734262152777779,0.3509596354166671
-MeTTeMJBNc$_$7,11,wedding,3.743573784722222,3.9685095486111104,3.978,4.442,0.2344262152777783,0.4734904513888898,0.35395833333333404
-MeTTeMJBNc$_$7,12,or,3.9685095486111104,4.4826484375,4.705,4.806,0.7364904513888897,0.3233515625000001,0.5299210069444453
-MeTTeMJBNc$_$7,13,sometime,4.4826484375,5.157455729166665,4.947,5.391,0.4643515625000001,0.23354427083333462,0.34894791666666736
-MeTTeMJBNc$_$7,14,in,5.157455729166665,5.350257812499999,5.432,5.492,0.274544270833335,0.14174218750000112,0.20814322916666805
-MeTTeMJBNc$_$7,15,their,5.350257812499999,5.510926215277777,5.533,5.674,0.18274218750000149,0.163073784722223,0.17290798611111224
-MeTTeMJBNc$_$7,16,"life,",5.510926215277777,5.735861979166666,5.755,6.138,0.24407378472222252,0.40213802083333405,0.3231059027777783
-MeTTeMJBNc$_$7,17,or,5.735861979166666,6.121466145833333,6.199,6.26,0.463138020833334,0.13853385416666697,0.3008359375000005
-MeTTeMJBNc$_$7,18,maybe,6.121466145833333,6.2500008680555545,6.32,6.562,0.19853385416666747,0.31199913194444573,0.2552664930555566
-MeTTeMJBNc$_$7,19,even,6.2500008680555545,6.57133767361111,6.623,6.805,0.37299913194444567,0.23366232638888995,0.3033307291666678
-MeTTeMJBNc$_$7,20,a,6.57133767361111,6.796273437499999,6.845,6.865,0.27366232638889,0.06872656250000109,0.1711944444444451
-MeTTeMJBNc$_$7,21,current,6.796273437499999,6.956941840277777,6.946,7.37,0.1497265625000006,0.4130581597222234,0.28139236111111154
-MeTTeMJBNc$_$7,22,picture,6.956941840277777,7.374679687499999,7.431,7.855,0.4740581597222233,0.48032031250000173,0.4771892361111125
-MeTTeMJBNc$_$7,23,and,7.661954861111109,8.178021701388888,8.259,8.36,0.5970451388888911,0.1819782986111118,0.38951171875000146
-MeTTeMJBNc$_$7,24,have,8.178021701388888,8.30655642361111,8.4,8.501,0.22197829861111273,0.1944435763888901,0.20821093750000053
-MeTTeMJBNc$_$7,25,it,8.30655642361111,8.467224826388888,8.562,8.602,0.25544357638889004,0.13477517361111246,0.19510937500000036
-MeTTeMJBNc$_$7,26,put,8.467224826388888,8.59575954861111,8.662,8.804,0.19477517361111296,0.2082404513888907,0.20150781250000094
-MeTTeMJBNc$_$7,27,in,8.59575954861111,8.756427951388886,8.844,8.905,0.24824045138888984,0.14857204861111306,0.19840625000000145
-MeTTeMJBNc$_$7,28,a,8.756427951388886,8.852828993055553,8.945,8.986,0.18857204861111398,0.1331710069444476,0.1608715277777808
-MeTTeMJBNc$_$7,29,beautiful,8.852828993055553,8.981363715277777,9.006,9.389,0.15317100694444719,0.4076362847222228,0.280403645833335
-MeTTeMJBNc$_$7,30,frame.,8.981363715277777,9.431235243055553,9.47,9.894,0.4886362847222241,0.46276475694444663,0.47570052083333536
-NFrJFQijFE$_$1,0,Structural,0.6896498579545454,1.5272531960227274,0.588,1.014,0.1016498579545454,0.5132531960227273,0.3074515269886363
-NFrJFQijFE$_$1,1,mounts,1.5272531960227274,1.8487801846590908,1.116,1.318,0.41125319602272725,0.5307801846590907,0.471016690340909
-NFrJFQijFE$_$1,3,have,1.9130855823863637,1.9773909801136362,1.704,1.866,0.20908558238636377,0.11139098011363613,0.16023828125000006
-NFrJFQijFE$_$1,10,we,4.162141335227273,4.67821768465909,3.063,3.124,1.0991413352272725,1.5542176846590903,1.3266795099431816
-NFrJFQijFE$_$1,13,all,4.806828480113637,4.935439275568182,3.57,3.631,1.2368284801136373,1.3044392755681824,1.2706338778409096
-NFrJFQijFE$_$2,0,So,0.1127119891826923,0.2737291165865384,0.573,0.819,0.46028801081730764,0.5452708834134615,0.5027794471153846
-NFrJFQijFE$_$2,2,coordinate,3.138987079326923,3.8483093449519234,1.065,1.331,2.073987079326923,2.5173093449519235,2.2956482121394233
-NFrJFQijFE$_$2,4,all,3.9127161959134615,3.9771230468749996,1.474,1.597,2.438716195913462,2.3801230468749996,2.409419621394231
-NFrJFQijFE$_$2,6,proper,4.105936748798078,4.331360727163462,1.966,2.13,2.1399367487980774,2.201360727163462,2.1706487379807697
-NFrJFQijFE$_$2,8,fields,4.6855984074519235,4.782208683894231,4.178,4.403,0.5075984074519235,0.37920868389423124,0.4434035456730774
-NFrJFQijFE$_$2,11,ready,4.911022385817308,5.200853215144231,4.751,4.935,0.16002238581730754,0.2658532151442312,0.21293780048076982
-NFrJFQijFE$_$2,12,for,5.554243990384616,6.070345703125,4.976,5.079,0.5782439903846157,0.9913457031249999,0.7847948467548083
-NFrJFQijFE$_$2,13,the,6.070345703125,6.199159405048077,5.263,5.488,0.8073457031249998,0.7111594050480763,0.759252554086538
-NFrJFQijFE$_$2,15,to,6.3601765324519235,6.521193659855769,6.308,6.369,0.05217653245192366,0.1521936598557696,0.10218509615384619
-RfYyzHpjk4$_$11,0,So,0.5920617088607594,1.1081214398734176,0.579,0.827,0.013061708860759413,0.28112143987341764,0.14709157436708853
-RfYyzHpjk4$_$11,1,get,1.1081214398734176,1.3008382120253164,1.365,1.531,0.2568785601265824,0.23016178797468356,0.24352017405063298
-RfYyzHpjk4$_$11,2,your,1.3008382120253164,1.493554984177215,1.551,1.675,0.2501617879746836,0.18144501582278494,0.21580340189873426
-RfYyzHpjk4$_$11,3,friends,1.493554984177215,1.6541522943037972,1.696,1.924,0.20244501582278485,0.26984770569620276,0.2361463607594939
-RfYyzHpjk4$_$11,4,lined,1.6541522943037972,2.071705300632911,1.986,2.234,0.3318477056962028,0.16229469936708885,0.24707120253164583
-RfYyzHpjk4$_$11,5,"up,",2.071705300632911,2.1680636867088605,2.296,2.399,0.22429469936708868,0.2309363132911395,0.2276155063291141
-RfYyzHpjk4$_$11,6,get,2.1680636867088605,2.3928999208860757,2.462,2.627,0.2939363132911397,0.23410007911392405,0.26401819620253186
-RfYyzHpjk4$_$11,7,your,2.3928999208860757,2.553497231012658,2.648,2.772,0.2551000791139244,0.21850276898734178,0.2368014240506331
-RfYyzHpjk4$_$11,8,business,2.553497231012658,2.7462140031645568,2.792,3.061,0.2385027689873418,0.31478599683544317,0.2766443829113925
-RfYyzHpjk4$_$11,9,colleagues,2.7462140031645568,3.2440656645569614,3.082,3.413,0.3357859968354431,0.16893433544303837,0.2523601661392407
-RfYyzHpjk4$_$11,10,lined,3.2440656645569614,3.501021360759493,3.454,3.703,0.20993433544303874,0.20197863924050674,0.20595648734177274
-RfYyzHpjk4$_$11,11,up,3.501021360759493,3.5813200158227843,3.765,3.868,0.263978639240507,0.28667998417721563,0.2753293117088611
-RfYyzHpjk4$_$11,12,and,3.5813200158227843,3.774036787974683,3.909,4.013,0.32767998417721556,0.2389632120253169,0.2833215981012662
-RfYyzHpjk4$_$11,13,have,3.774036787974683,3.902514636075949,4.034,4.158,0.2599632120253168,0.2554853639240515,0.25772428797468416
-RfYyzHpjk4$_$11,14,a,3.902514636075949,4.030992484177215,4.199,4.22,0.296485363924051,0.18900751582278463,0.2427464398734176
-RfYyzHpjk4$_$11,15,good,4.030992484177215,4.159470332278481,4.261,4.406,0.230007515822785,0.24652966772151874,0.23826859177215187
-RfYyzHpjk4$_$11,16,time.,4.159470332278481,4.320067642405062,4.447,4.675,0.2875296677215191,0.35493235759493746,0.3212310126582283
-RfYyzHpjk4$_$2,0,You,0.2098609655688623,0.46815138473053897,0.511,0.613,0.3011390344311377,0.14484861526946102,0.22299382485029934
-RfYyzHpjk4$_$2,1,can,0.46815138473053897,0.6295828967065868,0.634,0.757,0.16584861526946104,0.12741710329341316,0.1466328592814371
-RfYyzHpjk4$_$2,2,make,0.6295828967065868,0.7587281062874252,0.777,0.92,0.14741710329341318,0.1612718937125749,0.15434449850299403
-RfYyzHpjk4$_$2,3,a,0.7587281062874252,0.8878733158682636,0.941,0.981,0.1822718937125748,0.09312668413173641,0.13769928892215566
-RfYyzHpjk4$_$2,4,conference,0.8878733158682636,1.3075952470059882,1.022,1.37,0.13412668413173645,0.062404752994011936,0.09826571856287425
-RfYyzHpjk4$_$2,5,call,1.3075952470059882,1.4044541541916167,1.39,1.574,0.08240475299401173,0.1695458458083834,0.12597529940119756
-RfYyzHpjk4$_$2,6,but,1.4044541541916167,1.5981719685628746,1.595,1.697,0.1905458458083833,0.09882803143712549,0.1446869386227544
-RfYyzHpjk4$_$2,7,it,1.5981719685628746,1.6627445733532937,1.717,1.779,0.1188280314371255,0.11625542664670618,0.11754172904191584
-RfYyzHpjk4$_$2,8,takes,1.6627445733532937,1.9533212949101797,1.799,2.024,0.1362554266467062,0.07067870508982033,0.10346706586826326
-RfYyzHpjk4$_$2,9,quite,1.9533212949101797,2.0501802020958086,2.065,2.29,0.11167870508982025,0.2398197979041914,0.17574925149700582
-RfYyzHpjk4$_$2,10,a,2.0501802020958086,2.243898016467066,2.31,2.351,0.2598197979041914,0.10710198353293388,0.18346089071856242
-RfYyzHpjk4$_$2,11,bit,2.243898016467066,2.3407569236526946,2.372,2.494,0.12810198353293378,0.1532430763473056,0.14067252994011992
-RfYyzHpjk4$_$2,12,of,2.3407569236526946,2.469902133233533,2.515,2.576,0.17424307634730551,0.10609786676646715,0.14017047155688633
-RfYyzHpjk4$_$2,13,"planning,",2.469902133233533,2.792765157185629,2.617,2.903,0.14709786676646708,0.1102348428143709,0.128666354790419
-RfYyzHpjk4$_$2,14,well,2.792765157185629,2.8896240643712576,2.924,3.026,0.1312348428143708,0.13637593562874217,0.13380538922155627
-RfYyzHpjk4$_$2,15,not,2.8896240643712576,2.986482971556886,3.046,3.149,0.1563759356287422,0.1625170284431139,0.15944648203592826
-RfYyzHpjk4$_$2,16,a,2.986482971556886,3.083341878742515,3.19,3.21,0.2035170284431138,0.12665812125748488,0.16508757485029935
-RfYyzHpjk4$_$2,17,lot,3.083341878742515,3.2124870883233534,3.251,3.394,0.1676581212574848,0.18151291167664674,0.17458551646706577
-RfYyzHpjk4$_$2,18,of,3.2124870883233534,3.3416322979041917,3.435,3.476,0.22251291167664666,0.13436770209580828,0.17844030688622747
-RfYyzHpjk4$_$2,19,planning,3.3416322979041917,3.6967816242514973,3.517,3.864,0.1753677020958082,0.16721837574850262,0.17129303892215542
-RfYyzHpjk4$_$2,20,it's,3.6967816242514973,3.8904994386227547,3.885,4.007,0.18821837574850253,0.11650056137724496,0.15235946856287352
-RfYyzHpjk4$_$2,21,pretty,3.8904994386227547,3.987358345808383,4.069,4.314,0.17850056137724524,0.32664165419161684,0.25257110778443126
-RfYyzHpjk4$_$2,22,easy,3.987358345808383,4.342507672155689,4.355,4.559,0.3676416541916172,0.21649232784431138,0.2920669910179643
-RfYyzHpjk4$_$2,23,to,4.342507672155689,4.536225486526947,4.6,4.682,0.25749232784431086,0.1457745134730537,0.20163342065868228
-RfYyzHpjk4$_$2,24,do.,4.536225486526947,4.697656998502994,4.743,4.907,0.20677451347305364,0.2093430014970057,0.20805875748502967
-RfYyzHpjk4$_$8,0,It's,0.17679476950354608,0.5143120567375886,0.485,0.606,0.3082052304964539,0.09168794326241136,0.19994658687943262
-RfYyzHpjk4$_$8,1,"pretty,",0.5143120567375886,0.6911068262411346,0.707,0.99,0.19268794326241134,0.29889317375886537,0.2457905585106383
-RfYyzHpjk4$_$8,2,pretty,0.6911068262411346,1.0446963652482268,1.031,1.293,0.3398931737588653,0.24830363475177308,0.2940984042553192
-RfYyzHpjk4$_$8,3,easy,1.0446963652482268,1.3661414007092199,1.354,1.556,0.30930363475177325,0.1898585992907802,0.24958111702127672
-RfYyzHpjk4$_$8,4,to,1.3661414007092199,1.5911529255319148,1.596,1.677,0.22985859929078023,0.08584707446808526,0.15785283687943275
-RfYyzHpjk4$_$8,5,do,1.5911529255319148,1.6875864361702126,1.718,1.859,0.12684707446808519,0.17141356382978734,0.14913031914893615
-RfYyzHpjk4$_$8,6,but,1.6875864361702126,1.9125979609929078,1.94,2.021,0.2524135638297873,0.10840203900709211,0.1804078014184396
-RfYyzHpjk4$_$8,7,you,1.9125979609929078,2.0090314716312054,2.041,2.203,0.12840203900709213,0.1939685283687944,0.16118528368794327
-RfYyzHpjk4$_$8,8,got,2.0090314716312054,2.2018984929078016,2.223,2.324,0.21396852836879443,0.12210150709219825,0.16803501773049634
-RfYyzHpjk4$_$8,9,to,2.2018984929078016,2.3304765070921984,2.344,2.425,0.14210150709219826,0.09452349290780138,0.11831249999999982
-RfYyzHpjk4$_$8,10,set,2.3304765070921984,2.4590545212765953,2.465,2.667,0.1345234929078014,0.20794547872340452,0.17123448581560297
-RfYyzHpjk4$_$8,11,up,2.4590545212765953,2.6519215425531915,2.708,2.829,0.2489454787234049,0.17707845744680872,0.2130119680851068
-RfYyzHpjk4$_$8,12,those,2.6519215425531915,2.9090775709219856,2.849,3.011,0.19707845744680874,0.10192242907801452,0.14950044326241185
-RfYyzHpjk4$_$8,13,numbers,2.9090775709219856,3.262667109929078,3.071,3.334,0.16192242907801457,0.07133289007092225,0.11662765957446863
-RfYyzHpjk4$_$8,14,ahead,3.262667109929078,3.4233896276595743,3.395,3.597,0.1323328900709222,0.17361037234042564,0.15297163120567392
-RfYyzHpjk4$_$8,15,of,3.4233896276595743,3.584112145390071,3.637,3.698,0.21361037234042568,0.11388785460992912,0.1637491134751774
-RfYyzHpjk4$_$8,16,time.,3.584112145390071,3.7448346631205673,3.738,4.021,0.15388785460992915,0.27616533687943257,0.21502659574468086
-THoVjtIkeU$_$12,0,What,1.1023336038961038,1.6183569399350648,1.647,1.788,0.5446663961038962,0.16964306006493524,0.3571547280844156
-THoVjtIkeU$_$12,1,ever,1.6183569399350648,1.7785903003246752,1.808,1.969,0.18964306006493525,0.19040969967532484,0.19002637987013005
-THoVjtIkeU$_$12,2,we,1.7785903003246752,2.0029170048701297,2.009,2.109,0.23040969967532465,0.1060829951298703,0.16824634740259747
-THoVjtIkeU$_$12,3,turn,2.0029170048701297,2.1631503652597406,2.15,2.33,0.14708299512987022,0.1668496347402595,0.15696631493506508
-THoVjtIkeU$_$12,4,our,2.1631503652597406,2.3233837256493506,2.371,2.451,0.20784963474025941,0.12761627435064948,0.16773295454545467
-THoVjtIkeU$_$12,5,attention,2.3233837256493506,2.5477104301948055,2.471,2.873,0.1476162743506495,0.32528956980519474,0.2364529220779219
-THoVjtIkeU$_$12,6,to,2.5477104301948055,2.9322704951298704,2.933,3.134,0.38528956980519435,0.20172950487012953,0.29350953733766194
-THoVjtIkeU$_$12,7,is,2.9322704951298704,3.220690543831169,3.255,3.315,0.3227295048701295,0.09430945616883113,0.20851948051948033
-THoVjtIkeU$_$12,8,what,3.220690543831169,3.348877232142857,3.375,3.496,0.15430945616883118,0.14712276785714318,0.15071611201298718
-THoVjtIkeU$_$12,9,grows,3.348877232142857,3.7334372970779217,3.536,3.877,0.1871227678571432,0.14356270292207807,0.16534273538961064
-THoVjtIkeU$_$12,10,and,3.7942540584415587,4.3102773944805195,4.4,4.48,0.6057459415584416,0.16972260551948093,0.3877342735389613
-THoVjtIkeU$_$12,11,so,4.3102773944805195,4.5025574269480515,4.54,4.701,0.22972260551948054,0.19844257305194812,0.21408258928571477
-THoVjtIkeU$_$12,12,if,4.5025574269480515,4.694837459415584,4.761,4.822,0.2584425730519486,0.12716254058441567,0.19280255681818215
-THoVjtIkeU$_$12,13,we,4.694837459415584,4.855070819805194,4.882,5.023,0.18716254058441528,0.16792918019480574,0.1775458603896105
-THoVjtIkeU$_$12,14,believe,4.855070819805194,5.175537540584415,5.063,5.565,0.20792918019480577,0.38946245941558555,0.29869581980519566
-THoVjtIkeU$_$12,15,that,5.175537540584415,5.656237621753247,5.665,5.786,0.4894624594155852,0.12976237824675252,0.30961241883116886
-THoVjtIkeU$_$12,16,anything,5.656237621753247,5.816470982142857,5.866,6.168,0.2097623782467526,0.3515290178571435,0.28064569805194806
-THoVjtIkeU$_$12,17,is,5.816470982142857,6.168984374999999,6.208,6.268,0.39152901785714356,0.09901562500000072,0.24527232142857214
-THoVjtIkeU$_$12,18,"possible,",6.168984374999999,6.425357751623377,6.308,6.75,0.13901562500000075,0.32464224837662314,0.23182893668831195
-THoVjtIkeU$_$12,19,if,6.425357751623377,6.713777800324674,6.79,6.851,0.3646422483766232,0.13722219967532556,0.25093222402597437
-THoVjtIkeU$_$12,20,we,6.713777800324674,6.874011160714286,6.931,7.132,0.21722219967532563,0.2579888392857139,0.23760551948051978
-THoVjtIkeU$_$12,21,believe,7.191201298701299,7.7072246347402595,7.594,8.136,0.40279870129870154,0.4287753652597397,0.4157870332792206
-THoVjtIkeU$_$12,22,that,8.056461444805194,8.572484780844157,8.578,9.282,0.5215385551948053,0.7095152191558434,0.6155268871753243
-THoVjtIkeU$_$12,23,social,8.92172159090909,9.437744926948051,9.503,9.784,0.5812784090909098,0.3462550730519496,0.4637667410714288
-THoVjtIkeU$_$12,24,justice,9.437744926948051,9.886398336038962,9.804,10.166,0.36625507305194915,0.2796016639610386,0.322928368506493
-THoVjtIkeU$_$12,25,can,9.886398336038962,10.206865056818181,10.226,10.407,0.3396016639610391,0.20013494318181912,0.2698683035714291
-THoVjtIkeU$_$12,26,be,10.206865056818181,10.399145089285714,10.467,10.547,0.2601349431818196,0.1478549107142868,0.2039949269480532
-THoVjtIkeU$_$12,27,achieved,10.399145089285714,10.831775162337662,10.587,10.989,0.18785491071428595,0.15722483766233886,0.1725398741883133
-THoVjtIkeU$_$12,28,and,10.831775162337662,10.97598518668831,11.029,11.09,0.197224837662338,0.11401481331168917,0.15561982548701359
-THoVjtIkeU$_$12,29,if,10.97598518668831,11.072125202922077,11.13,11.19,0.1540148133116901,0.11787479707792237,0.13594480519480712
-THoVjtIkeU$_$12,30,we,11.072125202922077,11.168265219155844,11.23,11.331,0.1578747970779233,0.16273478084415594,0.16030478896103872
-THoVjtIkeU$_$12,31,believe,11.168265219155844,11.456685267857143,11.371,11.853,0.20273478084415686,0.39631473214285684,0.29952475649350596
-THoVjtIkeU$_$12,32,in,11.456685267857143,11.905338676948052,12.014,12.094,0.5573147321428564,0.1886613230519476,0.372988027597402
-THoVjtIkeU$_$12,33,"youth,",11.905338676948052,12.097618709415585,12.175,12.436,0.2696613230519489,0.33838129058441524,0.30402130681818207
-THoVjtIkeU$_$12,34,they,12.60708887987013,13.12311221590909,13.159,13.259,0.551911120129871,0.13588778409090985,0.3438994521103895
-THoVjtIkeU$_$12,35,will,13.12311221590909,13.251298904220778,13.28,13.42,0.15688778409090887,0.16870109577922143,0.16279443993506426
-THoVjtIkeU$_$12,36,believe,13.251298904220778,13.443578936688311,13.44,13.641,0.188701095779221,0.19742106331168863,0.19306107954545482
-THoVjtIkeU$_$12,37,in,13.443578936688311,13.603812297077923,13.661,13.701,0.2174210633116882,0.09718770292207779,0.157304383116883
-THoVjtIkeU$_$12,38,themselves.,13.603812297077923,13.860185673701299,13.742,14.204,0.13818770292207816,0.3438143262987019,0.24100101461039003
-THoVjtIkeU$_$2,0,I,0.01614837786259542,0.0807418893129771,0.04,0.101,0.02385162213740458,0.020258110687022907,0.022054866412213745
-THoVjtIkeU$_$2,1,think,0.0807418893129771,0.17763215648854963,0.182,0.425,0.1012581106870229,0.24736784351145036,0.17431297709923663
-THoVjtIkeU$_$2,2,social,0.6626832061068704,1.1788315839694659,1.213,1.456,0.5503167938931297,0.2771684160305341,0.4137426049618319
-THoVjtIkeU$_$2,3,justice,1.1788315839694659,1.5663926526717558,1.496,1.82,0.31716841603053414,0.2536073473282443,0.2853878816793892
-THoVjtIkeU$_$2,4,is,1.5663926526717558,1.8247666984732827,1.86,1.941,0.29360734732824434,0.1162333015267174,0.20492032442748087
-THoVjtIkeU$_$2,5,extremely,1.8247666984732827,2.0508439885496186,1.982,2.386,0.15723330152671733,0.33515601145038154,0.24619465648854943
-THoVjtIkeU$_$2,6,important,2.0508439885496186,2.535295324427481,2.427,2.831,0.37615601145038147,0.295704675572519,0.33593034351145024
-THoVjtIkeU$_$2,7,for,2.535295324427481,2.8905596374045803,2.892,3.053,0.35670467557251895,0.1624403625954196,0.2595725190839693
-THoVjtIkeU$_$2,8,young,2.8905596374045803,3.0843401717557253,3.114,3.316,0.22344036259541955,0.23165982824427456,0.22755009541984705
-THoVjtIkeU$_$2,9,people.,3.0843401717557253,3.342714217557252,3.357,3.7,0.2726598282442749,0.357285782442748,0.31497280534351146
-THoVjtIkeU$_$6,0,You,0.1931340725806452,0.4345516633064517,0.486,0.568,0.2928659274193548,0.13344833669354828,0.21315713205645154
-THoVjtIkeU$_$6,1,know,0.4345516633064517,0.5954967237903226,0.608,0.73,0.1734483366935483,0.1345032762096774,0.15397580645161285
-THoVjtIkeU$_$6,3,I,0.6920637600806452,0.7564417842741936,1.115,1.135,0.4229362399193548,0.3785582157258064,0.40074722782258054
-THoVjtIkeU$_$6,4,think,0.7564417842741936,0.9173868447580646,1.236,1.398,0.47955821572580637,0.48061315524193526,0.48008568548387087
-THoVjtIkeU$_$6,5,listening,1.0450725806451615,1.5611670866935485,1.5,1.905,0.4549274193548385,0.3438329133064515,0.399380166330645
-THoVjtIkeU$_$6,6,to,1.5611670866935485,1.9152462197580646,1.966,2.027,0.40483291330645144,0.1117537802419355,0.25829334677419336
-THoVjtIkeU$_$6,7,young,1.9152462197580646,2.0761912802419356,2.088,2.27,0.17275378024193544,0.19380871975806446,0.18328125000000006
-THoVjtIkeU$_$6,8,"people,",2.0761912802419356,2.3015143649193552,2.311,2.635,0.2348087197580644,0.33348563508064455,0.2841471774193547
-THoVjtIkeU$_$6,9,taking,2.3015143649193552,2.7199715221774197,2.716,3.06,0.41448563508064495,0.3400284778225804,0.37725705645161267
-THoVjtIkeU$_$6,10,in,2.7199715221774197,3.0418616431451615,3.121,3.202,0.40102847782258033,0.16013835685483846,0.2805834173387092
-THoVjtIkeU$_$6,11,what,3.0418616431451615,3.2349957157258067,3.263,3.405,0.2211383568548384,0.17000428427419312,0.19557132056451576
-THoVjtIkeU$_$6,12,they,3.2349957157258067,3.428129788306452,3.446,3.587,0.2110042842741935,0.1588702116935483,0.1849372479838709
-THoVjtIkeU$_$6,13,have,3.428129788306452,3.5890748487903226,3.648,3.79,0.21987021169354826,0.20092515120967747,0.21039768145161264
-THoVjtIkeU$_$6,14,to,3.5890748487903226,3.7822089213709678,3.831,3.912,0.2419251512096774,0.12979107862903216,0.18585811491935478
-THoVjtIkeU$_$6,15,say,3.7822089213709678,3.943153981854839,3.973,4.195,0.1907910786290321,0.2518460181451614,0.22131854838709675
-THoVjtIkeU$_$6,16,because,3.943153981854839,4.425989163306452,4.256,4.52,0.31284601814516133,0.09401083669354726,0.20342842741935385
-THoVjtIkeU$_$6,17,what,4.425989163306452,4.876635332661291,4.925,5.047,0.4990108366935475,0.17036466733870892,0.3346877520161282
-THoVjtIkeU$_$6,18,we,4.876635332661291,5.037580393145162,5.067,5.128,0.19036466733870938,0.09041960685483819,0.14039213709677334
-THoVjtIkeU$_$6,20,seen,5.134147429435484,5.262903477822581,5.31,5.513,0.17585257056451553,0.25009652217741873,0.2129745463709667
-THoVjtIkeU$_$6,21,all,5.262903477822581,5.5526045866935485,5.635,5.756,0.3720965221774186,0.20339541330645172,0.2877459677419347
-THoVjtIkeU$_$6,22,around,5.5526045866935485,5.842305695564517,5.797,6.02,0.2443954133064512,0.17769430443548284,0.21104485887096702
-THoVjtIkeU$_$6,23,the,5.842305695564517,5.98715625,6.04,6.121,0.1976943044354833,0.13384375000000048,0.16576902721774145
-THoVjtIkeU$_$6,24,world,5.98715625,6.09981779233871,6.141,6.445,0.15384375000000006,0.34518220766129026,0.24951297883064516
-THoVjtIkeU$_$6,25,is,6.09981779233871,6.4860859375,6.567,6.648,0.46718220766129015,0.1619140624999993,0.3145481350806447
-THoVjtIkeU$_$6,26,the,6.4860859375,6.6470309979838715,6.688,6.77,0.20191406249999932,0.12296900201612804,0.16244153225806324
-THoVjtIkeU$_$6,27,power,6.6470309979838715,6.775787046370969,6.81,7.175,0.16296900201612807,0.3992129536290312,0.2810909778225792
-THoVjtIkeU$_$6,28,of,6.775787046370969,7.09767716733871,7.215,7.256,0.43921295362903123,0.1583228326612902,0.29876789314516117
-THoVjtIkeU$_$6,29,youth.,7.09767716733871,7.258622227822581,7.337,7.58,0.23932283266128973,0.3213777721774189,0.28035030241935477
-UUCSKoHeMA$_$0,0,I,0.9437811203319502,1.459823132780083,1.569,1.63,0.6252188796680498,0.17017686721991687,0.39769787344398333
-UUCSKoHeMA$_$0,1,mentioned,1.459823132780083,1.8127474066390041,1.671,2.058,0.21117686721991702,0.2452525933609957,0.22821473029045636
-UUCSKoHeMA$_$0,2,a,1.8127474066390041,2.005251556016597,2.099,2.12,0.28625259336099607,0.114748443983403,0.20050051867219953
-UUCSKoHeMA$_$0,3,word,2.005251556016597,2.1335876556016595,2.181,2.527,0.17574844398340295,0.3934123443983406,0.284580394190872
-UUCSKoHeMA$_$0,4,in,2.1335876556016595,2.614848029045643,2.731,2.812,0.5974123443983403,0.19715197095435677,0.39728215767634834
-UUCSKoHeMA$_$0,5,the,2.614848029045643,2.7752681535269708,2.833,2.914,0.21815197095435712,0.13873184647302939,0.17844190871369325
-UUCSKoHeMA$_$0,6,last,2.7752681535269708,3.0800663900414937,2.975,3.302,0.19973184647302933,0.2219336099585063,0.21083272821576804
-UUCSKoHeMA$_$0,7,clip,3.0800663900414937,3.4490326763485477,3.383,3.73,0.30293360995850627,0.28096732365145227,0.29195046680497927
-UUCSKoHeMA$_$0,8,called,3.4490326763485477,3.769872925311203,3.811,4.096,0.36196732365145223,0.326127074688797,0.3440471991701246
-UUCSKoHeMA$_$0,9,"'monotone',",3.769872925311203,4.636141597510373,4.117,5.115,0.3471270746887969,0.4788584024896272,0.4129927385892125
-UUCSKoHeMA$_$0,10,and,4.890116182572614,5.406158195020747,5.564,5.645,0.6738838174273862,0.2388418049792529,0.45636281120332
-UUCSKoHeMA$_$0,11,I,5.406158195020747,5.534494294605809,5.686,5.706,0.27984180497925326,0.17150570539419174,0.22567375518672295
-UUCSKoHeMA$_$0,12,want,5.534494294605809,5.662830394190871,5.768,5.869,0.23350570539419113,0.20616960580912913,0.2198376556016597
-UUCSKoHeMA$_$0,13,to,5.662830394190871,5.791166493775933,5.91,5.971,0.2471696058091295,0.17983350622406746,0.21350155601659893
-UUCSKoHeMA$_$0,14,talk,5.791166493775933,5.9195025933609955,6.012,6.257,0.22083350622406694,0.3374974066390042,0.27916545643153556
-UUCSKoHeMA$_$0,15,about,5.9195025933609955,6.272426867219917,6.297,6.562,0.3774974066390042,0.2895731327800837,0.33353526970954395
-UUCSKoHeMA$_$0,16,that,6.272426867219917,6.529099066390041,6.603,6.766,0.33057313278008316,0.23690093360995945,0.2837370331950213
-UUCSKoHeMA$_$0,17,briefly.,6.529099066390041,7.074527489626555,6.848,7.337,0.3189009336099593,0.26247251037344466,0.29068672199170154
-UacrmKiTn4$_$10,0,"Because,",0.3379629166666667,0.72420625,0.528,0.833,0.1900370833333333,0.10879374999999991,0.14941541666666658
-UacrmKiTn4$_$10,1,if,0.72420625,0.8529540277777778,0.873,0.955,0.14879374999999995,0.10204597222222211,0.1254198611111111
-UacrmKiTn4$_$10,2,they,0.8529540277777778,0.9817018055555556,1.016,1.178,0.16304597222222217,0.1962981944444443,0.17967208333333318
-UacrmKiTn4$_$10,3,are,0.9817018055555556,1.142636527777778,1.239,1.32,0.25729819444444446,0.17736347222222215,0.21733083333333325
-UacrmKiTn4$_$10,4,not,1.142636527777778,1.367945138888889,1.402,1.686,0.259363472222222,0.3180548611111109,0.28870916666666646
-UacrmKiTn4$_$10,5,in,1.6243383333333337,2.140431805555556,2.255,2.316,0.6306616666666662,0.17556819444444383,0.40311493055555503
-UacrmKiTn4$_$10,6,any,2.140431805555556,2.365740416666667,2.458,2.62,0.3175681944444442,0.254259583333333,0.2859138888888886
-UacrmKiTn4$_$10,7,way,2.365740416666667,2.6554229166666667,2.681,2.844,0.3152595833333329,0.18857708333333312,0.251918333333333
-UacrmKiTn4$_$10,8,held,2.6554229166666667,2.880731527777778,2.925,3.128,0.2695770833333331,0.24726847222222226,0.25842277777777767
-UacrmKiTn4$_$10,9,accountable,2.880731527777778,3.685405138888889,3.189,3.88,0.3082684722222222,0.1945948611111108,0.2514316666666665
-UacrmKiTn4$_$10,10,for,3.685405138888889,3.9750876388888896,4.022,4.246,0.33659486111111114,0.27091236111111083,0.303753611111111
-UacrmKiTn4$_$10,11,reading,3.9750876388888896,4.26477013888889,4.327,4.632,0.35191236111111035,0.36722986111110956,0.3595711111111104
-UacrmKiTn4$_$10,12,the,4.26477013888889,4.618826527777779,4.672,4.733,0.4072298611111096,0.11417347222222052,0.26070166666666506
-UacrmKiTn4$_$10,13,material,4.618826527777779,4.876322083333334,4.794,5.404,0.17517347222222046,0.5276779166666659,0.3514256944444436
-UacrmKiTn4$_$10,14,they,5.454584722222223,5.970678194444446,6.054,6.196,0.5994152777777773,0.22532180555555392,0.41236854166666603
-UacrmKiTn4$_$10,15,won't,5.970678194444446,6.308641111111112,6.236,6.44,0.26532180555555396,0.13135888888888836,0.1983403472222216
-UacrmKiTn4$_$10,16,do,6.308641111111112,6.453482361111112,6.5,6.643,0.19135888888888797,0.18951763888888795,0.19043826388888752
-UacrmKiTn4$_$10,17,it.,6.453482361111112,6.58223013888889,6.724,6.805,0.27051763888888836,0.22276986111110997,0.24664374999999872
-UacrmKiTn4$_$4,0,Just,0.27445840517241377,0.5973506465517241,0.528,0.731,0.25354159482758626,0.1336493534482759,0.19359547413793105
-UacrmKiTn4$_$4,1,given,0.5973506465517241,0.7587967672413793,0.772,0.995,0.17464935344827592,0.23620323275862065,0.20542629310344834
-UacrmKiTn4$_$4,2,to,0.7587967672413793,1.0171105603448276,1.036,1.117,0.2772032327586207,0.09988943965517239,0.18854633620689654
-UacrmKiTn4$_$4,3,their,1.0171105603448276,1.1462674568965516,1.158,1.3,0.1408894396551723,0.15373254310344842,0.14731099137931036
-UacrmKiTn4$_$4,4,own,1.1462674568965516,1.307713577586207,1.402,1.524,0.2557325431034483,0.21628642241379303,0.23600948275862066
-UacrmKiTn4$_$4,5,devices,1.307713577586207,2.0180765086206893,1.564,2.133,0.25628642241379307,0.11492349137931068,0.18560495689655188
-UacrmKiTn4$_$4,6,they,2.0180765086206893,2.1795226293103447,2.214,2.336,0.19592349137931064,0.15647737068965517,0.1762004310344829
-UacrmKiTn4$_$4,7,are,2.1795226293103447,2.3086795258620687,2.397,2.478,0.21747737068965511,0.1693204741379315,0.19339892241379353
-UacrmKiTn4$_$4,8,not,2.3086795258620687,2.5347040948275863,2.56,2.722,0.25132047413793135,0.18729590517241368,0.2193081896551723
-UacrmKiTn4$_$4,9,going,2.5347040948275863,2.7607286637931034,2.803,3.068,0.26829590517241364,0.3072713362068966,0.28778362068965513
-UacrmKiTn4$_$4,10,to,2.7607286637931034,3.0836209051724137,3.108,3.189,0.34727133620689665,0.10537909482758634,0.22632521551724127
-UacrmKiTn4$_$4,11,read,3.0836209051724137,3.2450670258620686,3.25,3.454,0.16637909482758628,0.20893297413793155,0.18765603448275914
-UacrmKiTn4$_$4,12,the,3.2450670258620686,3.471091594827586,3.494,3.575,0.24893297413793158,0.1039084051724144,0.176420689655173
-UacrmKiTn4$_$4,13,textbook.,3.471091594827586,3.9554299568965514,3.616,4.205,0.14490840517241432,0.24957004310344866,0.19723922413793127
-UuX1xuaiiE$_$0,1,amazing,0.2738282657657658,0.49933389639639636,0.291,0.79,0.01717173423423418,0.2906661036036037,0.15391891891891893
-UuX1xuaiiE$_$0,2,to,0.49933389639639636,0.8859149774774775,0.894,1.019,0.39466610360360366,0.1330850225225224,0.263875563063063
-UuX1xuaiiE$_$0,3,see,0.8859149774774775,1.0469904279279278,1.102,1.31,0.2160850225225226,0.2630095720720722,0.2395472972972974
-UuX1xuaiiE$_$0,4,their,1.0469904279279278,1.3369262387387386,1.372,1.538,0.32500957207207226,0.20107376126126142,0.26304166666666684
-UuX1xuaiiE$_$0,5,enthusiasm,1.5295506756756758,2.045658220720721,1.601,2.37,0.07144932432432416,0.3243417792792793,0.19789555180180174
-UuX1xuaiiE$_$0,6,and,2.045658220720721,2.3033789414414416,2.39,2.474,0.34434177927927934,0.17062105855855858,0.2574814189189192
-UuX1xuaiiE$_$0,7,their,2.3033789414414416,2.432239301801802,2.494,2.619,0.1906210585585586,0.1867606981981984,0.18869087837837872
-UuX1xuaiiE$_$0,8,passion,2.432239301801802,2.786605292792793,2.661,3.097,0.22876069819819822,0.3103947072072071,0.26957770270270265
-UuX1xuaiiE$_$1,1,all,0.40107421875000004,0.62567578125,0.685,0.826,0.28392578125,0.20032421874999995,0.24212499999999998
-UuX1xuaiiE$_$1,2,of,0.62567578125,0.7861054687500001,0.846,0.906,0.22032421874999997,0.11989453124999994,0.1701093749999999
-UuX1xuaiiE$_$1,3,them,0.7861054687500001,0.9144492187500001,0.947,1.088,0.16089453124999986,0.17355078125,0.16722265624999993
-UuX1xuaiiE$_$1,4,are,0.9144492187500001,1.13905078125,1.209,1.289,0.29455078125,0.14994921875,0.22224999999999995
-UuX1xuaiiE$_$1,5,really,1.13905078125,1.36365234375,1.39,1.652,0.25094921875,0.2883476562499998,0.2696484374999999
-UuX1xuaiiE$_$1,6,being,1.36365234375,1.68451171875,1.692,1.914,0.32834765624999984,0.22948828124999987,0.27891796874999986
-UuX1xuaiiE$_$1,7,able,1.93853125,2.4545742187500004,2.578,2.76,0.6394687499999998,0.3054257812499994,0.4724472656249994
-UuX1xuaiiE$_$1,8,to,2.4545742187500004,2.77543359375,2.8,2.901,0.34542578124999945,0.12556640624999993,0.2354960937499997
-UuX1xuaiiE$_$1,9,explore,2.77543359375,3.0962929687500003,2.961,3.585,0.18556640624999998,0.4887070312499997,0.33713671874999984
-UuX1xuaiiE$_$1,11,different,4.1872148437500005,4.50807421875,4.552,4.834,0.3647851562499991,0.3259257812499996,0.34535546874999934
-UuX1xuaiiE$_$1,12,areas,4.50807421875,5.11770703125,4.935,5.217,0.4269257812499996,0.09929296874999949,0.263109375
-UuX1xuaiiE$_$1,13,in,5.11770703125,5.631082031250001,5.58,6.003,0.4622929687499999,0.37191796874999916,0.4171054687499991
-UuX1xuaiiE$_$1,14,depth,5.631082031250001,6.04819921875,6.103,6.405,0.4719179687499988,0.3568007812500005,0.41435937499999964
-UuX1xuaiiE$_$1,16,a,6.49740234375,6.62574609375,6.708,6.728,0.21059765625000004,0.10225390624999964,0.15642578125000028
-UuX1xuaiiE$_$1,17,way,6.62574609375,6.75408984375,6.788,6.99,0.16225390625000014,0.2359101562500001,0.19908203124999968
-UuX1xuaiiE$_$1,18,that,6.75408984375,7.04286328125,7.09,7.231,0.33591015624999976,0.18813671875000004,0.2620234374999999
-UuX1xuaiiE$_$1,19,really,7.04286328125,7.299550781250001,7.352,7.574,0.3091367187500005,0.27444921874999917,0.2917929687499994
-UuX1xuaiiE$_$1,20,wasn't,7.299550781250001,7.74875390625,7.614,7.856,0.3144492187499992,0.10724609374999972,0.2108476562499999
-UuX1xuaiiE$_$1,21,available,7.74875390625,8.19795703125,7.896,8.339,0.14724609374999975,0.1410429687499999,0.14414453125000026
-UuX1xuaiiE$_$1,23,the,8.647160156250001,8.74341796875,8.782,8.863,0.13483984374999913,0.11958203124999933,0.12721093749999923
-UuX1xuaiiE$_$1,24,center,8.74341796875,8.871761718750001,8.903,9.246,0.15958203125000026,0.37423828124999936,0.2669101562499989
-UuX1xuaiiE$_$1,25,was,8.871761718750001,9.28887890625,9.286,9.427,0.4142382812499985,0.1381210937499997,0.2761796875
-UuX1xuaiiE$_$1,26,here,9.28887890625,9.44930859375,9.507,9.729,0.21812109374999977,0.27969140624999866,0.24890624999999833
-UuX1xuaiiE$_$3,0,My,0.24230250000000003,0.5330655,0.571,0.673,0.3286974999999999,0.13993450000000007,0.23431599999999997
-UuX1xuaiiE$_$3,1,goal,0.5330655,0.839982,0.714,1.02,0.1809345,0.180018,0.18047625
-UuX1xuaiiE$_$3,2,is,0.839982,1.1792055000000001,1.244,1.367,0.404018,0.18779449999999986,0.2959062499999999
-UuX1xuaiiE$_$3,3,to,1.1792055000000001,1.4699685000000002,1.469,1.693,0.28979449999999995,0.22303149999999983,0.2564129999999999
-UuX1xuaiiE$_$3,4,become,1.4699685000000002,1.8576525000000002,1.754,2.101,0.28403149999999977,0.24334749999999983,0.2636894999999997
-UuX1xuaiiE$_$3,5,a,2.0522530000000003,2.5684065,2.652,2.693,0.5997469999999998,0.12459350000000002,0.3621702499999999
-UuX1xuaiiE$_$3,6,human,2.5684065,2.6976345000000004,2.754,2.978,0.18559349999999997,0.2803654999999998,0.2329794999999999
-UuX1xuaiiE$_$3,7,rights,2.6976345000000004,3.1176255,2.999,3.243,0.30136549999999973,0.12537449999999994,0.21336999999999984
-UuX1xuaiiE$_$3,8,lawyer,3.1176255,3.2468535000000003,3.325,3.59,0.20737450000000024,0.3431464999999996,0.2752604999999999
-UuX1xuaiiE$_$6,0,I,0.20904769736842105,0.4663371710526315,0.573,0.614,0.3639523026315789,0.14766282894736849,0.25580756578947367
-UuX1xuaiiE$_$6,1,ended,0.4663371710526315,0.723626644736842,0.655,0.818,0.18866282894736852,0.09437335526315793,0.14151809210526328
-UuX1xuaiiE$_$6,2,up,0.723626644736842,0.8201101973684211,0.859,0.92,0.13537335526315797,0.09988980263157898,0.11763157894736848
-UuX1xuaiiE$_$6,3,going,0.8201101973684211,0.9487549342105263,0.961,1.145,0.1408898026315789,0.19624506578947376,0.1685674342105264
-UuX1xuaiiE$_$6,4,to,0.9487549342105263,1.1417220394736842,1.186,1.248,0.23724506578947369,0.10627796052631577,0.17176151315789479
-UuX1xuaiiE$_$6,5,work,1.1417220394736842,1.2703667763157895,1.289,1.493,0.1472779605263157,0.22263322368421057,0.18495559210526302
-UuX1xuaiiE$_$6,6,for,1.2703667763157895,1.5919786184210525,1.595,1.861,0.32463322368421044,0.2690213815789475,0.2968273026315791
-UuX1xuaiiE$_$6,7,the,1.5919786184210525,1.849268092105263,1.902,1.964,0.31002138157894743,0.11473190789473686,0.21237664473684215
-UuX1xuaiiE$_$6,8,US,1.849268092105263,2.1065575657894735,2.045,2.25,0.19573190789473682,0.1434424342105265,0.16958717105263155
-UuX1xuaiiE$_$6,9,government,2.1065575657894735,2.2673634868421053,2.311,2.741,0.20444243421052644,0.4736365131578948,0.33903947368421083
-UuX1xuaiiE$_$6,10,as,2.3301842105263155,2.8462648026315787,2.905,3.007,0.5748157894736843,0.16073519736842146,0.36777549342105287
-UuX1xuaiiE$_$6,11,an,2.8462648026315787,2.942748355263158,3.048,3.089,0.20173519736842138,0.14625164473684205,0.17399342105263194
-UuX1xuaiiE$_$6,12,intelligence,2.942748355263158,3.167876644736842,3.13,3.559,0.18725164473684197,0.39112335526315833,0.28918750000000015
-UuX1xuaiiE$_$6,13,"analyst,",3.167876644736842,3.8432615131578944,3.641,4.97,0.4731233552631582,1.1267384868421053,0.7999309210526317
-UuX1xuaiiE$_$6,14,specializing,4.677950657894737,5.4834819078947366,5.114,5.748,0.4360493421052629,0.26451809210526367,0.3502837171052633
-UuX1xuaiiE$_$6,15,in,5.4834819078947366,5.7086101973684205,5.809,6.034,0.3255180921052636,0.32538980263157935,0.3254539473684215
-UuX1xuaiiE$_$6,16,war,5.7086101973684205,5.933738486842105,6.055,6.218,0.34638980263157926,0.2842615131578947,0.31532565789473743
-UuX1xuaiiE$_$6,17,crimes,5.933738486842105,6.335753289473684,6.259,6.525,0.3252615131578951,0.1892467105263167,0.2572541118421059
-UuX1xuaiiE$_$6,18,and,6.335753289473684,6.416156249999999,6.566,6.627,0.23024671052631618,0.21084375000000044,0.2205452302631583
-UuX1xuaiiE$_$6,19,human,6.416156249999999,6.512639802631579,6.668,6.852,0.2518437500000008,0.33936019736842127,0.2956019736842106
-UuX1xuaiiE$_$6,20,rights,6.512639802631579,6.866412828947368,6.873,7.057,0.3603601973684212,0.19058717105263234,0.27547368421052676
-UuX1xuaiiE$_$6,21,issues,6.866412828947368,7.220185855263157,7.118,7.466,0.2515871710526323,0.24581414473684315,0.24870065789473772
-a55Q6RWvTA$_$3,0,And,0.25641001451378814,0.5608969067489116,0.763,0.903,0.5065899854862119,0.34210309325108845,0.42434653936865013
-a55Q6RWvTA$_$3,1,if,0.5608969067489116,0.9775631803338173,0.923,1.084,0.36210309325108847,0.10643681966618279,0.2342699564586357
-a55Q6RWvTA$_$3,2,you,0.9775631803338173,1.137819439404935,1.144,1.365,0.16643681966618262,0.22718056059506497,0.19680869013062385
-a55Q6RWvTA$_$3,3,clip,1.137819439404935,1.5384600870827287,1.425,1.706,0.287180560595065,0.16753991291727122,0.22736023675616812
-a55Q6RWvTA$_$3,4,"coupons,",1.5384600870827287,2.3557670083454285,1.746,2.589,0.20753991291727125,0.23323299165457145,0.22038645228592135
-a55Q6RWvTA$_$3,5,if,2.3557670083454285,2.6442282746734405,2.689,2.769,0.33323299165457154,0.12477172532655967,0.2290023584905656
-a55Q6RWvTA$_$3,6,you,2.6442282746734405,2.804484533744558,2.809,2.95,0.1647717253265597,0.14551546625544232,0.15514359579100123
-a55Q6RWvTA$_$3,7,don't,2.804484533744558,3.1890995555152397,3.05,3.291,0.24551546625544196,0.10190044448476021,0.17370795537010086
-a55Q6RWvTA$_$3,8,go,3.1890995555152397,3.317304562772134,3.351,3.472,0.16190044448476026,0.15469543722786616,0.1582979408563132
-a55Q6RWvTA$_$3,9,out,3.317304562772134,3.4775608218432517,3.572,3.692,0.25469543722786625,0.2144391781567485,0.23456730769230738
-a55Q6RWvTA$_$3,10,for,3.4775608218432517,3.7660220881712636,3.732,3.873,0.25443917815674855,0.10697791182873662,0.18070854499274258
-a55Q6RWvTA$_$3,11,dinner,3.7660220881712636,3.926278347242381,3.933,4.354,0.16697791182873623,0.4277216527576191,0.2973497822931779
-a55Q6RWvTA$_$3,12,and,3.926278347242381,4.407047124455733,4.455,4.555,0.5287216527576191,0.1479528755442665,0.338337264150943
-a55Q6RWvTA$_$3,13,movies,4.407047124455733,5.048072160740205,4.675,5.177,0.2679528755442666,0.128927839259795,0.1984403574020308
-a55Q6RWvTA$_$3,14,and,5.048072160740205,5.176277167997098,5.237,5.338,0.1889278392597955,0.16172283200290227,0.1753253356313489
-a55Q6RWvTA$_$3,15,things,5.176277167997098,5.38461030478955,5.378,5.578,0.2017228320029023,0.1933896952104499,0.1975562636066761
-a55Q6RWvTA$_$3,16,of,5.38461030478955,5.56089218976778,5.619,5.659,0.2343896952104494,0.0981078102322197,0.1662487527213341
-a55Q6RWvTA$_$3,17,that,5.56089218976778,5.6570459452104505,5.699,5.839,0.13810781023221974,0.18195405478954996,0.1600309325108853
-a55Q6RWvTA$_$3,18,nature,5.6570459452104505,5.881404707910016,5.9,6.341,0.2429540547895499,0.4595952920899844,0.3512746734397667
-a55Q6RWvTA$_$3,19,and,6.358967888243833,6.874993514150945,6.963,7.063,0.6040321117561671,0.18800648584905488,0.396019298802611
-a55Q6RWvTA$_$3,20,try,6.874993514150945,7.163454780478956,7.184,7.364,0.3090064858490553,0.20054521952104398,0.2547758526850492
-a55Q6RWvTA$_$3,21,to,7.163454780478956,7.3557622913642975,7.384,7.465,0.22054521952104444,0.10923770863570237,0.16489146407837296
-a55Q6RWvTA$_$3,22,take,7.3557622913642975,7.483967298621192,7.505,7.706,0.1492377086357024,0.22203270137880882,0.18563520500725605
-a55Q6RWvTA$_$3,23,up,7.483967298621192,7.676274809506532,7.766,7.866,0.2820327013788084,0.18972519049346737,0.2358789459361379
-a55Q6RWvTA$_$3,24,things,7.676274809506532,7.996787327648768,7.966,8.308,0.2897251904934679,0.31121267235123184,0.30046893142234987
-a55Q6RWvTA$_$3,25,in,7.996787327648768,8.317299845791002,8.388,8.468,0.3912126723512319,0.15070015420899807,0.270956413280115
-a55Q6RWvTA$_$3,26,life,8.317299845791002,8.509607356676344,8.548,8.809,0.23070015420899814,0.2993926433236549,0.2650463987663265
-a55Q6RWvTA$_$3,27,"that,",8.509607356676344,8.862171126632802,8.869,9.05,0.3593926433236554,0.18782887336719867,0.27361075834542703
-a55Q6RWvTA$_$3,28,"well,",8.862171126632802,9.11858114114659,9.11,9.391,0.2478288733671974,0.2724188588534098,0.2601238661103027
-a55Q6RWvTA$_$3,29,they,9.11858114114659,9.47114491110305,9.491,9.652,0.3724188588534094,0.18085508889694957,0.2766369738751804
-a55Q6RWvTA$_$3,30,always,9.47114491110305,9.791657429245285,9.692,9.933,0.2208550888969505,0.14134257075471446,0.1810988298258316
-a55Q6RWvTA$_$3,31,"say,",9.791657429245285,9.951913688316402,9.973,10.194,0.18134257075471538,0.2420863116835985,0.21171444121915783
-a55Q6RWvTA$_$3,32,"""the",9.951913688316402,10.20832370283019,10.214,10.334,0.2620863116835981,0.1256762971698091,0.1938813044267027
-a55Q6RWvTA$_$3,33,best,10.20832370283019,10.448708091436867,10.374,10.575,0.16567629716981003,0.12629190856313244,0.14598410286647212
-a55Q6RWvTA$_$3,34,things,10.448708091436867,10.592938724600872,10.615,10.816,0.16629190856313336,0.2230612753991288,0.1946765919811302
-a55Q6RWvTA$_$3,35,in,10.592938724600872,10.817297487300436,10.876,10.936,0.2830612753991275,0.11870251269956356,0.20088189404934642
-a55Q6RWvTA$_$3,36,life,10.817297487300436,10.977553746371555,10.996,11.217,0.17870251269956405,0.2394462536284454,0.20907438316400473
-a55Q6RWvTA$_$3,37,are,10.977553746371555,11.233963760885343,11.277,11.378,0.2994462536284441,0.1440362391146568,0.22174124637154957
-a55Q6RWvTA$_$3,38,"free"".",11.233963760885343,11.426271271770684,11.438,12.441,0.2040362391146573,1.0147287282293167,0.6093824836719879
-a55Q6RWvTA$_$3,39,Reading,11.903834452104501,12.419860078011613,12.461,12.762,0.5571655478954991,0.3421399219883874,0.44965273494194324
-a55Q6RWvTA$_$3,40,a,12.419860078011613,12.740372596153849,12.802,12.843,0.38213992198838653,0.10262740384615121,0.24238366291726798
-a55Q6RWvTA$_$3,41,"book,",12.740372596153849,12.93268010703919,12.923,14.207,0.18262740384615128,1.2743198929608113,0.7284736484034822
-a55Q6RWvTA$_$3,42,going,13.858960812772136,14.374986438679247,14.428,14.669,0.5690391872278653,0.29401356132075307,0.4315263742743092
-a55Q6RWvTA$_$3,43,for,14.374986438679247,14.66344770500726,14.689,14.809,0.31401356132075264,0.14555229499273992,0.2297829281567454
-a55Q6RWvTA$_$3,44,a,14.66344770500726,14.791652712264153,14.829,14.849,0.16555229499274127,0.05734728773584763,0.11144979136429534
-a55Q6RWvTA$_$3,45,nice,14.791652712264153,15.016011474963719,14.909,15.13,0.11734728773584813,0.11398852503628198,0.11566790638606506
-a55Q6RWvTA$_$3,46,"walk,",15.016011474963719,15.20831898584906,15.23,15.552,0.21398852503628163,0.3436810141509401,0.27883476959361
-a55Q6RWvTA$_$3,47,"and,",15.20831898584906,15.528831503991295,15.592,15.672,0.383681014150941,0.1431684960087054,0.2634247550798241
-a55Q6RWvTA$_$3,48,of,15.528831503991295,15.624985259433965,15.692,15.732,0.16316849600870498,0.10701474056603466,0.13509161828736893
-a55Q6RWvTA$_$3,49,"course,",15.624985259433965,15.849344022133529,15.752,15.973,0.127014740566036,0.12365597786647164,0.12533535921625472
-a55Q6RWvTA$_$3,50,combining,15.849344022133529,16.39421530297533,16.013,16.575,0.16365597786647257,0.18078469702467004,0.17222033744556953
-a55Q6RWvTA$_$3,51,exercise,16.39421530297533,16.907035332002906,16.675,17.257,0.28078469702467146,0.3499646679970958,0.3153746825108854
-a55Q6RWvTA$_$3,52,and,16.907035332002906,17.22754785014514,17.297,17.358,0.38996466799709495,0.13045214985486098,0.2602084089259762
-a55Q6RWvTA$_$3,53,various,17.22754785014514,17.38780410921626,17.398,17.699,0.17045214985486012,0.3111958907837433,0.24082402031930172
-a55Q6RWvTA$_$3,54,things,17.38780410921626,17.708316627358492,17.719,17.899,0.3311958907837429,0.1906833726415087,0.2609396317126276
-a55Q6RWvTA$_$3,55,of,17.708316627358492,17.93267539005806,17.939,18.0,0.23068337264150784,0.06732460994194156,0.1490039912917247
-a55Q6RWvTA$_$3,56,that,17.93267539005806,17.996777893686506,18.02,18.16,0.08732460994194113,0.1632221063134942,0.12527335812771767
-a55Q6RWvTA$_$3,57,nature,17.996777893686506,18.189085404571845,18.22,18.622,0.22322210631349293,0.432914595428155,0.3280683508708222
-a55Q6RWvTA$_$3,58,where,18.4422898222061,18.95831544811321,18.963,19.103,0.5207101777939016,0.1446845518867903,0.33269736484034595
-a55Q6RWvTA$_$3,59,you're,18.95831544811321,19.182674210812774,19.123,19.304,0.16468455188678988,0.12132578918722459,0.14300517053700545
-a55Q6RWvTA$_$3,60,not,19.182674210812774,19.278827966255445,19.344,19.485,0.1613257891872273,0.20617203374455428,0.18374891146589079
-a55Q6RWvTA$_$3,61,spending,19.278827966255445,19.919853002539917,19.605,20.107,0.3261720337445553,0.1871469974600828,0.2566595156023208
-a55Q6RWvTA$_$3,62,money,19.919853002539917,20.272416772496374,20.307,20.668,0.3871469974600821,0.39558322750362507,0.3913651124818518
-a55Q6RWvTA$_$3,63,per,20.333313679245286,20.849339305152398,20.889,21.17,0.5556863207547131,0.3206606948476036,0.4381735078011584
-a55Q6RWvTA$_$3,64,se.,20.849339305152398,21.266005578737303,21.25,21.592,0.4006606948476019,0.3259944212626955,0.36332755805514694
-aNfi7CP8vM$_$7,0,Maybe,0.9443456296992483,1.4603939144736844,0.549,1.587,0.39534562969924825,0.12660608552631558,0.1343697720864664
-aNfi7CP8vM$_$7,1,they,1.4603939144736844,1.588780192669173,1.607,1.77,0.1466060855263156,0.1812198073308271,0.16391294642857146
-aNfi7CP8vM$_$7,2,have,1.588780192669173,1.7492630404135339,1.811,1.933,0.22221980733082702,0.1837369595864662,0.2029783834586466
-aNfi7CP8vM$_$7,3,no,1.7492630404135339,1.9739390272556392,2.014,2.156,0.2647369595864659,0.18206097274436095,0.22339896616541344
-aNfi7CP8vM$_$7,4,political,1.9739390272556392,2.1665184445488723,2.218,2.665,0.24406097274436078,0.4984815554511277,0.37127126409774425
-aNfi7CP8vM$_$7,5,party,2.1961118421052634,2.7121601268796995,2.726,3.052,0.5298881578947365,0.3398398731203005,0.43486401550751874
-aNfi7CP8vM$_$7,6,"affiliation,",2.7121601268796995,3.6108640742481204,3.092,3.947,0.37983987312030054,0.33613592575187967,0.3579878994360899
-aNfi7CP8vM$_$7,7,they're,3.736747180451128,4.3811817434210525,4.333,4.537,0.5962528195488721,0.15581825657894743,0.3760355380639093
-aNfi7CP8vM$_$7,8,not,4.3811817434210525,4.47747145206767,4.577,4.72,0.19581825657894747,0.2425285479323298,0.21917340225563864
-aNfi7CP8vM$_$7,9,interested,4.47747145206767,4.958919995300752,4.862,5.269,0.38452854793233016,0.31008000469924824,0.3473042763157892
-aNfi7CP8vM$_$7,10,in,4.958919995300752,5.215692551691729,5.33,5.371,0.3710800046992482,0.15530744830827103,0.2631937265037596
-aNfi7CP8vM$_$7,11,"politics,",5.215692551691729,5.376175399436091,5.432,6.042,0.21630744830827098,0.6658246005639086,0.4410660244360898
-aNfi7CP8vM$_$7,12,they,5.5020585056390985,6.018106790413535,6.103,6.225,0.6009414943609013,0.20689320958646462,0.40391735197368295
-aNfi7CP8vM$_$7,13,could,6.018106790413535,6.178589638157895,6.246,6.408,0.22789320958646542,0.22941036184210528,0.22865178571428535
-aNfi7CP8vM$_$7,14,care,6.178589638157895,6.339072485902255,6.449,6.632,0.27041036184210476,0.29292751409774453,0.28166893796992465
-aNfi7CP8vM$_$7,15,less,6.339072485902255,6.724231320488721,6.714,6.937,0.3749275140977453,0.21276867951127887,0.29384809680451207
-aNfi7CP8vM$_$7,16,about,6.724231320488721,6.981003876879699,6.998,7.243,0.2737686795112788,0.2619961231203014,0.2678824013157901
-aNfi7CP8vM$_$7,17,politics.,6.981003876879699,7.205679863721805,7.304,7.975,0.32299612312030135,0.7693201362781945,0.5461581296992479
-aqamKhZ1Ec$_$0,0,In,2.0057068584070796,2.521769081858407,0.404,1.072,1.6017068584070797,1.449769081858407,1.5257379701327434
-aqamKhZ1Ec$_$0,2,there,2.7145157632743366,2.875137997787611,2.892,3.033,0.17748423672566327,0.1578620022123891,0.16767311946902597
-aqamKhZ1Ec$_$0,3,were,2.875137997787611,3.00363578539823,3.053,3.195,0.17786200221238913,0.19136421460176978,0.18461310840707967
-aqamKhZ1Ec$_$0,4,very,3.00363578539823,3.260631360619469,3.276,3.579,0.27236421460176974,0.31836863938053117,0.29536642699115023
-aqamKhZ1Ec$_$0,5,serious,3.260631360619469,3.6461247234513277,3.66,4.125,0.39936863938053113,0.47887527654867235,0.43912195796460196
-aqamKhZ1Ec$_$0,6,tribal,3.6461247234513277,4.4331736725663715,4.206,4.631,0.5598752765486728,0.1978263274336287,0.3788508019911512
-aqamKhZ1Ec$_$0,7,warfare,4.4331736725663715,5.139911504424779,4.792,5.298,0.3588263274336283,0.1580884955752211,0.25845741150442514
-aqamKhZ1Ec$_$0,8,in,5.139911504424779,5.380844856194691,5.52,5.621,0.3800884955752206,0.24015514380530956,0.31012181969026553
-aqamKhZ1Ec$_$0,9,Kenya,5.475147123893805,6.232142699115045,6.006,8.169,0.530852876106195,1.936857300884956,1.2338550884955755
-aqamKhZ1Ec$_$0,10,following,8.462720685840708,8.978782909292036,9.059,9.463,0.5962793141592915,0.48421709070796304,0.5402482024336273
-aqamKhZ1Ec$_$0,11,a,8.978782909292036,9.396400719026548,9.504,9.544,0.5252170907079634,0.1475992809734521,0.33640818584070775
-aqamKhZ1Ec$_$0,12,disputed,9.396400719026548,9.87826742256637,9.585,10.05,0.18859928097345247,0.17173257743363024,0.18016592920354135
-aqamKhZ1Ec$_$0,13,election.,9.87826742256637,10.279823008849558,10.11,10.575,0.23173257743362896,0.2951769911504414,0.26345478429203517
-dxfTGcXJoc$_$0,0,This,0.25633124018838305,0.5927659929356358,0.564,0.725,0.3076687598116169,0.13223400706436417,0.21995138343799053
-dxfTGcXJoc$_$0,1,is,0.5927659929356358,0.7529730180533751,0.765,0.845,0.1722340070643642,0.09202698194662484,0.13213049450549447
-dxfTGcXJoc$_$0,2,Governor,0.7529730180533751,0.8811386381475668,0.886,1.228,0.13302698194662488,0.3468613618524332,0.23994417189952905
-dxfTGcXJoc$_$0,3,Steve,0.8811386381475668,1.4418632260596547,1.268,1.57,0.38686136185243325,0.1281367739403454,0.2574990678963893
-dxfTGcXJoc$_$0,4,Beshear,1.4418632260596547,1.874422193877551,1.61,1.953,0.16813677394034543,0.07857780612244913,0.12335729003139728
-dxfTGcXJoc$_$0,6,About,2.159436616954474,2.675457319466248,2.617,2.879,0.4575633830455259,0.20354268053375213,0.33055303178963924
-dxfTGcXJoc$_$0,7,Kentucky,2.675457319466248,3.284244014913658,2.939,3.422,0.2635426805337522,0.13775598508634213,0.20064933281004715
-dxfTGcXJoc$_$0,8,Our,3.857631083202512,4.373651785714285,4.469,4.57,0.6113689167974883,0.19634821428571492,0.40385856554160204
-dxfTGcXJoc$_$0,9,state,4.373651785714285,4.597941620879121,4.63,4.932,0.2563482142857145,0.3340583791208793,0.2952032967032969
-dxfTGcXJoc$_$0,10,is,4.597941620879121,4.950397076138147,4.992,5.073,0.39405837912087893,0.12260292386185334,0.25833065149136614
-dxfTGcXJoc$_$0,11,home,4.950397076138147,5.142645506279434,5.174,5.496,0.22360292386185332,0.35335449372056615,0.28847870879120974
-dxfTGcXJoc$_$0,12,to,5.142645506279434,5.527142366562009,5.576,5.657,0.43335449372056534,0.12985763343799128,0.2816060635792783
-dxfTGcXJoc$_$0,13,more,5.527142366562009,5.719390796703297,5.737,5.918,0.20985763343799135,0.19860920329670328,0.20423341836734776
-dxfTGcXJoc$_$0,14,than,5.719390796703297,5.943680631868132,5.959,6.14,0.23960920329670277,0.196319368131868,0.21796428571428583
-dxfTGcXJoc$_$0,15,"1,500",5.943680631868132,6.808798567503924,6.241,7.207,0.297319368131868,0.39820143249607565,0.3477604003139718
-dxfTGcXJoc$_$0,16,bioscience,6.808798567503924,7.994330553375196,7.307,8.133,0.4982014324960762,0.13866944662480307,0.3184354395604396
-dxfTGcXJoc$_$0,17,and,7.994330553375196,8.218620388540032,8.314,8.415,0.319669446624804,0.1963796114599674,0.2580245290423857
-dxfTGcXJoc$_$0,18,lifescience,8.218620388540032,8.955572704081632,8.495,9.099,0.2763796114599675,0.143427295918368,0.20990345368916774
-dxfTGcXJoc$_$0,19,companies,8.955572704081632,9.436193779434852,9.139,9.562,0.18342729591836715,0.12580622056514734,0.15461675824175725
-dxfTGcXJoc$_$0,20,and,9.49691836734694,10.012939069858714,10.146,10.226,0.6490816326530613,0.21306093014128713,0.4310712813971742
-dxfTGcXJoc$_$0,21,more,10.012939069858714,10.237228905023548,10.287,10.448,0.2740609301412871,0.21077109497645274,0.2424160125588708
-dxfTGcXJoc$_$0,22,than,10.237228905023548,10.429477335164835,10.488,10.609,0.2507710949764519,0.1795226648351651,0.2151468799058085
-dxfTGcXJoc$_$0,23,"100,000",10.429477335164835,11.134388245682889,10.649,11.092,0.21952266483516425,0.042388245682888126,0.08856720957613717
-dxfTGcXJoc$_$0,24,people,11.134388245682889,11.58296791601256,11.636,11.958,0.5016117543171106,0.37503208398744015,0.43832191915227536
-dxfTGcXJoc$_$0,25,who,11.58296791601256,12.063588991365776,12.159,12.26,0.5760320839874407,0.19641100863422345,0.38622154631083205
-dxfTGcXJoc$_$0,26,work,12.063588991365776,12.255837421507064,12.32,12.521,0.25641100863422395,0.26516257849293723,0.2607867935635806
-dxfTGcXJoc$_$0,27,for,12.255837421507064,12.4801272566719,12.541,12.662,0.2851625784929368,0.18187274332810155,0.23351766091051918
-dxfTGcXJoc$_$0,28,these,12.4801272566719,12.672375686813186,12.682,12.864,0.20187274332810112,0.19162431318681428,0.1967485282574577
-dxfTGcXJoc$_$0,29,"firms,",12.672375686813186,13.120955357142858,12.924,13.306,0.251624313186813,0.18504464285714128,0.21833447802197714
-dxfTGcXJoc$_$0,30,in,13.373928375196233,13.889949077708007,14.031,14.112,0.657071624803768,0.2220509222919933,0.43956127354788066
-dxfTGcXJoc$_$0,31,areas,13.889949077708007,14.450673665620094,14.273,14.635,0.3830509222919929,0.18432633437990553,0.2836886283359492
-dxfTGcXJoc$_$0,32,from,14.450673665620094,14.658942798273156,14.736,14.997,0.2853263343799064,0.33805720172684417,0.3116917680533753
-dxfTGcXJoc$_$0,33,nutrigenomics,14.658942798273156,16.036723214285715,15.279,16.205,0.6200572017268442,0.1682767857142835,0.39416699372056385
-dxfTGcXJoc$_$0,34,and,16.036723214285715,16.228971644427002,16.366,16.467,0.32927678571428487,0.23802835557299673,0.283652570643639
-dxfTGcXJoc$_$0,35,pharmaceuticals,16.228971644427002,17.15817239010989,16.507,17.353,0.27802835557299943,0.19482760989011183,0.2364279827315574
-dxfTGcXJoc$_$0,36,to,17.15817239010989,17.63879346546311,17.755,17.836,0.5968276098901093,0.19720653453688897,0.39701707221349913
-dxfTGcXJoc$_$0,37,nanotechnology,17.63879346546311,18.680139128728413,17.896,18.903,0.25720653453689124,0.22286087127158538,0.2400337029042383
-dxfTGcXJoc$_$0,38,and,18.680139128728413,18.82432545133438,18.943,19.024,0.2628608712715881,0.1996745486656195,0.2312677099686038
-dxfTGcXJoc$_$0,39,medical,18.82432545133438,18.95249107142857,19.044,19.366,0.21967454866561908,0.41350892857142796,0.31659173861852175
-dxfTGcXJoc$_$0,40,devices.,19.01321565934066,19.72148479199372,19.406,19.909,0.39278434065933965,0.1875152080062783,0.29014977433281075
-dxfTGcXJoc$_$1,0,For,0.1922175,0.49656187500000004,0.504,0.625,0.31178249999999996,0.12843812499999996,0.22011031249999996
-dxfTGcXJoc$_$1,1,the,0.49656187500000004,0.656743125,0.665,0.746,0.168438125,0.08925687500000001,0.1288475
-dxfTGcXJoc$_$1,2,10th,0.656743125,0.9290512500000001,0.807,1.049,0.15025687500000007,0.11994874999999983,0.13510281249999995
-dxfTGcXJoc$_$1,3,straight,0.9290512500000001,1.137286875,1.129,1.452,0.1999487499999999,0.3147131249999999,0.2573309374999999
-dxfTGcXJoc$_$1,4,"year,",1.137286875,1.4576493750000001,1.492,1.754,0.35471312499999996,0.29635062499999987,0.325531875
-dxfTGcXJoc$_$1,5,some,1.7425375,2.258555625,2.259,2.581,0.5164624999999998,0.3224443749999999,0.41945343749999964
-dxfTGcXJoc$_$1,6,of,2.258555625,2.6109543750000004,2.662,2.723,0.40344437499999986,0.11204562499999948,0.2577449999999999
-dxfTGcXJoc$_$1,7,Kentucky’s,2.6109543750000004,3.219643125,2.783,3.287,0.17204562499999954,0.06735687499999976,0.11970124999999965
-dxfTGcXJoc$_$1,8,best,3.219643125,3.572041875,3.449,3.771,0.22935687499999968,0.19895812499999987,0.21415749999999978
-dxfTGcXJoc$_$1,9,and,3.572041875,3.8603681250000004,3.933,4.033,0.3609581249999998,0.172631875,0.26679499999999967
-dxfTGcXJoc$_$1,10,most,3.8603681250000004,4.148694375,4.094,4.316,0.23363187499999993,0.167305625,0.20046874999999975
-dxfTGcXJoc$_$1,11,innovative,4.148694375,4.789419375,4.477,4.961,0.3283056250000005,0.1715806250000007,0.2499431250000006
-dxfTGcXJoc$_$1,12,biotech,4.789419375,5.398108125,5.001,5.586,0.21158062500000074,0.18789187500000004,0.1997362500000004
-dxfTGcXJoc$_$1,13,companies,5.398108125,5.910688125,5.627,6.05,0.22889187499999952,0.13931187499999975,0.18410187499999964
-dxfTGcXJoc$_$1,14,and,5.910688125,6.038833125,6.111,6.211,0.2003118749999997,0.17216687500000027,0.18623937499999998
-dxfTGcXJoc$_$1,15,technologies,6.038833125,6.839739375000001,6.272,6.998,0.23316687500000022,0.1582606249999996,0.1957137499999999
-dxfTGcXJoc$_$1,16,were,6.839739375000001,7.320283125000001,7.381,7.542,0.5412606249999996,0.22171687499999848,0.38148874999999904
-dxfTGcXJoc$_$1,17,on,7.320283125000001,7.544536875,7.744,7.825,0.42371687499999844,0.2804631249999998,0.3520899999999991
-dxfTGcXJoc$_$1,18,display,7.544536875,7.961008125000001,7.885,8.51,0.3404631249999994,0.5489918749999987,0.44472749999999905
-dxfTGcXJoc$_$1,19,at,8.085715,8.601733125,8.732,8.813,0.6462849999999989,0.21126687499999974,0.4287759374999984
-dxfTGcXJoc$_$1,20,the,8.601733125,8.793950625,8.853,8.974,0.2512668749999989,0.1800493749999994,0.21565812499999826
-dxfTGcXJoc$_$1,21,annual,8.793950625,9.290512500000002,9.156,9.498,0.3620493749999998,0.20748749999999738,0.2847684374999986
-dxfTGcXJoc$_$1,22,BIO,9.290512500000002,9.883183125,9.72,10.204,0.4294874999999987,0.3208168750000002,0.37515218750000034
-dxfTGcXJoc$_$1,23,International,9.883183125,10.700107500000001,10.325,10.87,0.4418168749999989,0.16989249999999778,0.30585468749999745
-dxfTGcXJoc$_$1,24,"Convention,",10.700107500000001,11.164633125000002,10.91,11.414,0.2098924999999987,0.249366874999998,0.22962968749999835
-dxfTGcXJoc$_$1,25,which,11.38544875,11.901466875,11.979,12.14,0.5935512499999991,0.238533125,0.41604218750000044
-dxfTGcXJoc$_$1,26,I,11.901466875,12.189793125000001,12.463,12.564,0.5615331249999986,0.3742068749999987,0.4678699999999987
-dxfTGcXJoc$_$1,27,and,12.189793125000001,12.542191875,12.705,12.786,0.5152068749999987,0.24380812499999927,0.379507499999999
-dxfTGcXJoc$_$1,28,other,12.542191875,12.734409375000002,12.907,13.068,0.3648081249999997,0.3335906249999976,0.34919937499999865
-dxfTGcXJoc$_$1,29,state,12.734409375000002,12.990699375000002,13.108,13.31,0.3735906249999985,0.31930062499999856,0.34644562499999854
-dxfTGcXJoc$_$1,30,officials,12.990699375000002,13.599388125,13.35,13.794,0.3593006249999977,0.19461187499999966,0.2769562499999987
-dxfTGcXJoc$_$1,31,attended,13.599388125,14.047895625,13.875,14.258,0.2756118749999992,0.21010437499999846,0.2428581249999997
-dxfTGcXJoc$_$1,32,this,14.047895625,14.240113125,14.298,14.46,0.2501043749999994,0.21988687500000026,0.23499562499999893
-dxfTGcXJoc$_$1,33,week,14.240113125,14.432330625000002,14.54,14.742,0.29988687499999855,0.3096693749999986,0.30477812499999857
-dxfTGcXJoc$_$1,34,in,14.432330625000002,14.816765625000002,14.984,15.044,0.5516693749999977,0.22723437499999832,0.389451874999998
-dxfTGcXJoc$_$1,35,Chicago.,14.816765625000002,15.153146250000002,15.085,15.609,0.2682343749999987,0.4558537499999975,0.3620440624999981
-dxfTGcXJoc$_$2,0,An,0.2243397157996146,0.4967522278420038,0.562,0.622,0.33766028420038546,0.1252477721579962,0.23145402817919086
-dxfTGcXJoc$_$2,1,estimated,0.4967522278420038,1.1697713752408476,0.742,1.665,0.2452477721579962,0.4952286247591524,0.3702381984585743
-dxfTGcXJoc$_$2,2,"20,000",1.1697713752408476,1.7626691955684004,1.725,2.246,0.5552286247591525,0.4833308044315996,0.519279714595376
-dxfTGcXJoc$_$2,3,biotech,1.8715912813102116,2.836294978323699,2.347,3.008,0.4754087186897884,0.17170502167630097,0.32355687018304446
-dxfTGcXJoc$_$2,4,"scientists,",2.836294978323699,3.413168533236994,3.049,3.63,0.2127050216763009,0.21683146676300602,0.21476824421965346
-dxfTGcXJoc$_$2,5,executives,3.506066353564546,4.470770050578034,3.911,4.573,0.4049336464354538,0.10222994942196628,0.2535817979287103
-dxfTGcXJoc$_$2,6,and,4.470770050578034,4.695109766377648,4.773,4.854,0.30222994942196557,0.1588902336223521,0.23056009152215884
-dxfTGcXJoc$_$2,7,industry,4.7239105250481686,5.239934790462427,5.054,5.455,0.3300894749518317,0.21506520953757313,0.272577342244702
-dxfTGcXJoc$_$2,8,experts,5.239934790462427,5.9610267341040455,5.576,6.037,0.3360652095375727,0.07597326589595443,0.20601923771676312
-dxfTGcXJoc$_$2,9,from,5.9610267341040455,6.4257304311175325,6.438,6.578,0.47697326589595423,0.1522695688824678,0.314621417389211
-dxfTGcXJoc$_$2,10,more,6.4257304311175325,6.618021616088631,6.619,6.799,0.19326956888246727,0.180978383911369,0.18712397639691813
-dxfTGcXJoc$_$2,11,than,6.618021616088631,6.8103128010597285,6.819,6.939,0.20097838391136857,0.12868719894027159,0.16483279142582008
-dxfTGcXJoc$_$2,12,50,6.8103128010597285,7.002603986030827,7.02,7.32,0.2096871989402711,0.31739601396917294,0.263541606454722
-dxfTGcXJoc$_$2,13,nations,7.002603986030827,7.675623133429671,7.361,7.782,0.3583960139691724,0.1063768665703293,0.23238644026975086
-dxfTGcXJoc$_$2,14,were,7.675623133429671,8.060205503371868,8.103,8.243,0.42737686657032903,0.18279449662813185,0.30508568159923044
-dxfTGcXJoc$_$2,15,at,8.060205503371868,8.284545219171482,8.404,8.484,0.34379449662813144,0.19945478082851764,0.27162463872832365
-dxfTGcXJoc$_$2,16,the,8.284545219171482,8.540933465799615,8.544,8.624,0.25945478082851814,0.08306653420038579,0.17126065751445285
-dxfTGcXJoc$_$2,17,BIO,8.540933465799615,8.82937024325626,8.664,9.025,0.12306653420038494,0.19562975674373995,0.15934814547206244
-dxfTGcXJoc$_$2,18,conference,8.82937024325626,9.45431659441233,9.065,9.547,0.2356297567437391,0.09268340558767107,0.16415658116570508
-dxfTGcXJoc$_$2,19,to,9.45431659441233,9.630583513969171,9.627,9.727,0.17268340558767115,0.09641648603082942,0.13454994580925028
-dxfTGcXJoc$_$2,20,learn,9.630583513969171,9.822874698940268,9.828,10.148,0.1974164860308285,0.3251253010597317,0.2612708935452801
-dxfTGcXJoc$_$2,21,about,9.822874698940268,10.271554130539498,10.209,10.429,0.38612530105973164,0.15744586946050276,0.2717855852601163
-dxfTGcXJoc$_$2,22,the,10.271554130539498,10.463845315510596,10.469,10.55,0.1974458694605019,0.08615468448940433,0.14180027697495223
-dxfTGcXJoc$_$2,23,latest,10.463845315510596,10.816379154624276,10.61,10.951,0.14615468448940305,0.13462084537572494,0.140387764932564
-dxfTGcXJoc$_$2,24,scientific,10.816379154624276,11.008670339595373,10.991,11.532,0.1746208453757241,0.5233296604046274,0.3489752528901757
-dxfTGcXJoc$_$2,25,"advances,",11.133616690751444,12.00217479527938,11.572,12.114,0.4383833092485556,0.11182520472062052,0.2751042569845872
-dxfTGcXJoc$_$2,26,and,12.00217479527938,12.514951288535643,12.595,12.675,0.5928252047206204,0.1600487114643574,0.3764369580924898
-dxfTGcXJoc$_$2,27,to,12.514951288535643,12.675193942678225,12.716,12.796,0.201048711464356,0.12080605732177396,0.16092738439306498
-dxfTGcXJoc$_$2,28,exchange,12.675193942678225,12.931582189306356,12.856,13.377,0.18080605732177446,0.4454178106936446,0.31311193400770954
-dxfTGcXJoc$_$2,29,ideas,13.28086825626204,13.796892521676298,13.518,13.939,0.23713174373795987,0.14210747832370174,0.1896196110308317
-dxfTGcXJoc$_$2,30,and,13.796892521676298,14.181474891618496,14.24,14.32,0.4431074783237019,0.13852510838150423,0.29081629335260306
-dxfTGcXJoc$_$2,31,establish,14.181474891618496,14.405814607418108,14.36,14.822,0.17852510838150337,0.416185392581891,0.2973552504816972
-dxfTGcXJoc$_$2,32,business,14.434615366088629,14.950639631502888,14.902,15.263,0.46738463391137053,0.3123603684971119,0.3898725012042412
-dxfTGcXJoc$_$2,33,relationships.,14.979440390173409,15.944144087186896,15.303,16.045,0.32355960982659226,0.10085591281310613,0.2122077613198492
-dxfTGcXJoc$_$6,0,Kentucky’s,0.16025935913705586,0.8654005393401016,0.424,0.928,0.26374064086294413,0.06259946065989841,0.16317005076142127
-dxfTGcXJoc$_$6,1,participation,0.8654005393401016,1.5865676554568529,0.969,1.836,0.10359946065989833,0.24943234454314722,0.17651590260152272
-dxfTGcXJoc$_$6,2,at,1.5865676554568529,1.8429826300761423,1.917,1.978,0.3304323445431472,0.1350173699238577,0.23272485723350234
-dxfTGcXJoc$_$6,3,the,1.8429826300761423,2.003241989213198,2.018,2.139,0.17501736992385752,0.13575801078680172,0.15538769035532973
-dxfTGcXJoc$_$6,4,annual,2.003241989213198,2.5320978743654825,2.361,2.684,0.35775801078680214,0.15190212563451766,0.2548300682106597
-dxfTGcXJoc$_$6,5,BIO,2.5320978743654825,2.932746272208122,2.765,3.148,0.23290212563451762,0.215253727791878,0.22407792671319804
-dxfTGcXJoc$_$6,6,International,2.932746272208122,3.6378874524111677,3.188,3.774,0.25525372779187805,0.1361125475888323,0.19568313769035517
-dxfTGcXJoc$_$6,7,Convention,3.6378874524111677,4.118665529822335,3.814,4.339,0.17611254758883232,0.22033447017766505,0.1982235088832489
-dxfTGcXJoc$_$6,8,is,4.307780774111675,4.823806710025381,4.883,4.984,0.5752192258883246,0.160193289974619,0.3677062579314714
-dxfTGcXJoc$_$6,9,the,4.823806710025381,5.048169812817259,5.065,5.166,0.24119328997461942,0.11783018718274096,0.1795117385786802
-dxfTGcXJoc$_$6,10,primary,5.048169812817259,5.496896018401015,5.227,5.751,0.1788301871827409,0.25410398159898495,0.21646708439086337
-dxfTGcXJoc$_$6,11,means,5.496896018401015,5.817414736675127,5.852,6.215,0.35510398159898493,0.39758526332487243,0.3763446224619287
-dxfTGcXJoc$_$6,12,by,5.817414736675127,6.266140942258883,6.316,6.457,0.4985852633248724,0.19085905774111644,0.344722160532994
-dxfTGcXJoc$_$6,13,which,6.266140942258883,6.522555916878173,6.538,6.74,0.27185905774111685,0.21744408312182717,0.244651570431472
-dxfTGcXJoc$_$6,14,our,6.522555916878173,6.875126506979696,7.063,7.204,0.5404440831218267,0.32887349302030344,0.43465878807106506
-dxfTGcXJoc$_$6,15,high-tech,6.875126506979696,7.564241751269036,7.285,7.789,0.40987349302030385,0.2247582487309634,0.3173158708756336
-dxfTGcXJoc$_$6,16,companies,7.564241751269036,8.125149508248732,7.83,8.294,0.26575824873096376,0.1688504917512681,0.21730437024111549
-dxfTGcXJoc$_$6,17,and,8.125149508248732,8.253356995558377,8.354,8.435,0.22885049175126682,0.1816430044416233,0.20524674809644505
-dxfTGcXJoc$_$6,18,institutions,8.378368496192895,9.086705663071065,8.496,9.222,0.11763150380710563,0.13529433692893456,0.1264629203680201
-dxfTGcXJoc$_$6,19,can,9.086705663071065,9.375172509517768,9.464,9.626,0.37729433692893544,0.25082749048223185,0.31406091370558364
-dxfTGcXJoc$_$6,20,reach,9.375172509517768,9.631587484137057,9.706,9.928,0.3308274904822319,0.2964125158629436,0.31362000317258776
-dxfTGcXJoc$_$6,21,out,9.631587484137057,9.920054330583756,10.09,10.231,0.4584125158629426,0.3109456694162436,0.3846790926395931
-dxfTGcXJoc$_$6,22,to,9.920054330583756,10.272624920685281,10.352,10.473,0.431945669416244,0.20037507931471943,0.3161603743654817
-dxfTGcXJoc$_$6,23,the,10.272624920685281,10.400832407994926,10.493,10.574,0.220375079314719,0.1731675920050737,0.19677133565989635
-dxfTGcXJoc$_$6,24,global,10.400832407994926,10.81750674175127,10.635,11.038,0.23416759200507364,0.22049325824873023,0.22733042512690194
-dxfTGcXJoc$_$6,25,scientific,10.81750674175127,11.041869844543147,11.099,11.664,0.28149325824873017,0.622130155456853,0.4518117068527916
-dxfTGcXJoc$_$6,26,community.,11.2630369606599,11.779062896573606,11.704,12.188,0.44096303934010095,0.40893710342639444,0.4249500713832477
-egA8-b7-3M$_$1,0,I,0.24105023734177214,0.5303105221518987,0.626,0.949,0.3849497626582279,0.4186894778481013,0.4018196202531646
-egA8-b7-3M$_$1,1,started,0.7534612341772151,1.26953125,1.292,1.695,0.5385387658227849,0.42546875000000006,0.4820037579113925
-egA8-b7-3M$_$1,2,a,1.26953125,1.687351661392405,1.756,1.796,0.48646875,0.10864833860759515,0.2975585443037976
-egA8-b7-3M$_$1,3,successful,1.687351661392405,2.008751977848101,1.857,2.462,0.1696483386075951,0.4532480221518993,0.3114481803797472
-egA8-b7-3M$_$1,4,Legal,2.008751977848101,2.6354825949367084,2.523,2.745,0.5142480221518992,0.10951740506329166,0.3118827136075957
-egA8-b7-3M$_$1,5,Nurse,2.6354825949367084,2.876532832278481,2.806,3.007,0.1705174050632916,0.13046716772151923,0.15049228639240542
-egA8-b7-3M$_$1,6,Consulting,2.876532832278481,3.4229133702531644,3.048,3.573,0.17146716772151915,0.1500866297468355,0.16077689873417733
-egA8-b7-3M$_$1,7,Business,3.4229133702531644,3.6800336234177213,3.613,4.017,0.19008662974683554,0.336966376582279,0.2635265031645575
-egA8-b7-3M$_$1,8,in,3.967464398734177,4.483534414556962,4.804,5.147,0.8365356012658234,0.6634655854430385,0.7500005933544305
-egA8-b7-3M$_$1,9,1989.,4.483534414556962,5.512015427215189,5.248,5.47,0.7644655854430384,0.04201542721518958,0.36122507911392443
-egA8-b7-3M$_$1,10,I,5.799446202531645,6.31551621835443,5.712,5.793,0.08744620253164559,0.5225162183544301,0.3049812104430383
-egA8-b7-3M$_$1,11,mentor,6.31551621835443,6.7654766613924044,6.58,6.964,0.26448378164556985,0.19852333860759597,0.23150356012658335
-egA8-b7-3M$_$1,12,nurses,6.7654766613924044,7.2475771360759484,7.024,7.387,0.2585233386075956,0.13942286392405112,0.1989731012658238
-egA8-b7-3M$_$1,13,who,7.2475771360759484,7.3761372626582276,7.448,7.569,0.20042286392405195,0.1928627373417724,0.19664280063291217
-egA8-b7-3M$_$1,14,want,7.3761372626582276,7.601117484177214,7.63,7.872,0.25386273734177234,0.27088251582278566,0.262372626582279
-egA8-b7-3M$_$1,15,to,7.601117484177214,7.858237737341772,7.912,7.993,0.3108825158227857,0.13476226265822877,0.2228223892405068
-egA8-b7-3M$_$1,16,become,7.858237737341772,8.115357990506329,8.033,8.336,0.17476226265822792,0.2206420094936714,0.1977021360759501
-egA8-b7-3M$_$1,17,Legal,8.115357990506329,8.484968354430379,8.397,8.619,0.28164200949367135,0.1340316455696211,0.20783682753164623
-egA8-b7-3M$_$1,18,Nurse,8.484968354430379,8.726018591772153,8.679,8.881,0.1940316455696216,0.15498140822784734,0.17450652689873447
-egA8-b7-3M$_$1,19,Consultants.,8.726018591772153,9.400959256329113,8.921,9.567,0.1949814082278465,0.16604074367088728,0.18051107594936688
-egA8-b7-3M$_$13,0,What,0.20924150000000002,0.49896050000000003,0.562,0.667,0.35275850000000003,0.1680395,0.26039900000000005
-egA8-b7-3M$_$13,1,are,0.49896050000000003,0.6277245,0.687,0.771,0.18803950000000003,0.1432755,0.16565749999999996
-egA8-b7-3M$_$13,2,you,0.6277245,0.7564885000000001,0.792,0.896,0.16427550000000002,0.1395114999999999,0.15189349999999996
-egA8-b7-3M$_$13,3,doing,0.7564885000000001,0.9174435000000001,0.937,1.167,0.18051149999999994,0.24955649999999996,0.21503399999999995
-egA8-b7-3M$_$13,4,that's,0.9174435000000001,1.3037355000000002,1.208,1.417,0.2905564999999999,0.11326449999999988,0.20191049999999988
-egA8-b7-3M$_$13,5,"different?""",1.3037355000000002,1.4324995000000003,1.458,2.396,0.1542644999999998,0.9635004999999996,0.5588824999999996
-egA8-b7-3M$_$13,6,They,1.8177520000000005,2.3338475,2.417,2.562,0.5992479999999993,0.22815249999999976,0.41370024999999955
-egA8-b7-3M$_$13,7,always,2.3338475,2.6879485000000005,2.625,2.854,0.2911524999999999,0.16605149999999957,0.22860199999999997
-egA8-b7-3M$_$13,8,want,2.6879485000000005,2.8167125000000004,2.917,3.125,0.2290514999999993,0.3082874999999996,0.2686694999999997
-egA8-b7-3M$_$13,9,an,2.8167125000000004,3.0098585000000004,3.167,3.229,0.3502874999999994,0.21914149999999966,0.2847144999999993
-egA8-b7-3M$_$13,10,answer.,3.0098585000000004,3.2995775000000003,3.333,3.646,0.32314149999999975,0.34642249999999963,0.3347819999999997
-egA8-b7-3M$_$16,0,"Third,",0.20964411764705881,0.4676676470588235,0.486,0.811,0.2763558823529412,0.34333235294117653,0.3098441176470588
-egA8-b7-3M$_$16,1,another,0.5320941176470588,1.048220588235294,0.953,1.297,0.42090588235294113,0.24877941176470597,0.33484264705882355
-egA8-b7-3M$_$16,2,big,1.048220588235294,1.3384970588235294,1.338,1.52,0.2897794117647061,0.1815029411764706,0.23564117647058835
-egA8-b7-3M$_$16,3,benefit,1.3384970588235294,1.5642676470588235,1.561,2.007,0.22250294117647051,0.44273235294117663,0.3326176470588236
-egA8-b7-3M$_$16,4,of,1.5642676470588235,1.9835558823529413,2.047,2.128,0.48273235294117667,0.14444411764705878,0.3135882352941177
-egA8-b7-3M$_$16,5,exhibiting,1.9835558823529413,2.564108823529412,2.189,2.736,0.20544411764705872,0.17189117647058838,0.18866764705882377
-egA8-b7-3M$_$16,6,is,2.564108823529412,2.789879411764706,2.838,2.939,0.27389117647058825,0.14912058823529417,0.2115058823529412
-egA8-b7-3M$_$16,7,connecting,2.789879411764706,3.3704323529411764,3.02,3.547,0.23012058823529413,0.17656764705882377,0.20334411764705873
-egA8-b7-3M$_$16,8,with,3.3704323529411764,3.56395,3.588,3.75,0.2175676470588237,0.18604999999999983,0.20180882352941198
-egA8-b7-3M$_$16,9,existing,3.56395,4.2090088235294125,3.851,4.358,0.2870499999999998,0.14899117647058713,0.21802058823529347
-egA8-b7-3M$_$16,10,clients.,4.2090088235294125,4.725055882352941,4.398,4.844,0.18899117647058716,0.11894411764705914,0.1539676470588236
-egA8-b7-3M$_$17,0,As,0.25684162895927604,0.5939462669683258,0.657,0.739,0.400158371040724,0.14505373303167424,0.2726060520361991
-egA8-b7-3M$_$17,1,you,0.5939462669683258,0.7544722850678733,0.801,0.924,0.2070537330316743,0.1695277149321267,0.1882907239819005
-egA8-b7-3M$_$17,2,have,0.7544722850678733,0.9149983031674209,0.985,1.129,0.23052771493212665,0.21400169683257908,0.22226470588235286
-egA8-b7-3M$_$17,3,more,0.9149983031674209,1.171839932126697,1.211,1.396,0.29600169683257915,0.2241600678733029,0.26008088235294113
-egA8-b7-3M$_$17,4,"experience,",1.171839932126697,1.5249971719457014,1.457,2.135,0.28516006787330306,0.6100028280542984,0.44758144796380084
-egA8-b7-3M$_$17,5,you,2.678415158371041,3.194467760180996,3.305,3.449,0.6265848416289592,0.25453223981900397,0.4405585407239816
-egA8-b7-3M$_$17,6,have,3.194467760180996,3.3549937782805435,3.49,3.613,0.29553223981900434,0.25800622171945653,0.27676923076923043
-egA8-b7-3M$_$17,7,more,3.3549937782805435,3.57973020361991,3.674,3.859,0.3190062217194565,0.2792697963800901,0.2991380090497733
-egA8-b7-3M$_$17,8,times,3.57973020361991,3.868677036199095,3.921,4.311,0.3412697963800899,0.44232296380090474,0.39179638009049733
-egA8-b7-3M$_$17,9,"exhibiting,",3.898412895927602,4.703412330316743,4.393,5.009,0.4945871040723979,0.30558766968325735,0.4000873868778281
-egA8-b7-3M$_$17,10,you,4.73314819004525,5.249200791855204,5.378,5.501,0.6448518099547504,0.2517992081447966,0.4483255090497731
-egA8-b7-3M$_$17,11,get,5.249200791855204,5.409726809954751,5.542,5.686,0.2927992081447961,0.27627319004524864,0.28453619909502237
-egA8-b7-3M$_$17,12,to,5.409726809954751,5.570252828054299,5.727,5.789,0.317273190045249,0.2187471719457008,0.2680101809954749
-egA8-b7-3M$_$17,13,know,5.570252828054299,5.7307788461538465,5.871,6.035,0.30074717194570155,0.30422115384615367,0.3024841628959276
-egA8-b7-3M$_$17,14,more,5.7307788461538465,5.955515271493213,6.076,6.261,0.34522115384615315,0.3054847285067872,0.3253529411764706
-egA8-b7-3M$_$17,15,people.,5.955515271493213,6.180251696832579,6.322,6.692,0.36648472850678715,0.5117483031674208,0.43911651583710354
-egA8-b7-3M$_$18,0,It,0.22513545719844358,0.4985142266536965,0.587,0.669,0.3618645428015564,0.17048577334630355,0.26617515807393
-egA8-b7-3M$_$18,1,becomes,0.4985142266536965,1.0452717655642023,0.709,1.134,0.21048577334630347,0.08872823443579758,0.14960700389105058
-egA8-b7-3M$_$18,2,easier,1.0452717655642023,1.431218263618677,1.398,1.844,0.3527282344357976,0.4127817363813231,0.38275498540856034
-egA8-b7-3M$_$18,3,at,1.431218263618677,1.8814891780155643,1.985,2.066,0.5537817363813231,0.18451082198443558,0.36914627918287934
-egA8-b7-3M$_$18,4,each,1.8814891780155643,2.138786843385214,2.188,2.35,0.3065108219844359,0.2112131566147859,0.2588619892996107
-egA8-b7-3M$_$18,5,one,2.138786843385214,2.42824671692607,2.512,2.613,0.3732131566147858,0.1847532830739298,0.27898321984435803
-egA8-b7-3M$_$18,6,of,2.42824671692607,2.5890577577821015,2.654,2.694,0.22575328307392972,0.1049422422178985,0.1653477626459141
-egA8-b7-3M$_$18,7,these,2.5890577577821015,2.7498687986381327,2.735,2.897,0.14594224221789842,0.14713120136186708,0.14653672178988275
-egA8-b7-3M$_$18,8,conferences,2.7498687986381327,3.4735184824902725,2.958,3.606,0.20813120136186747,0.13248151750972736,0.17030635943579764
-egA8-b7-3M$_$18,9,to,3.584600437743191,4.100681541828794,4.153,4.254,0.5683995622568085,0.15331845817120549,0.360859010214007
-egA8-b7-3M$_$18,10,connect,4.100681541828794,4.534871352140078,4.315,4.659,0.21431845817120632,0.12412864785992195,0.16922355301556458
-egA8-b7-3M$_$18,11,with,4.534871352140078,4.679601288910506,4.72,4.862,0.1851286478599219,0.18239871108949401,0.18376367947470795
-egA8-b7-3M$_$18,12,people,4.679601288910506,4.872574537937743,4.923,5.267,0.24339871108949396,0.3944254620622569,0.3189120865758759
-egA8-b7-3M$_$18,13,that,4.872574537937743,5.258521035992218,5.308,5.409,0.4354254620622564,0.1504789640077817,0.29295221303501906
-egA8-b7-3M$_$18,14,you've,5.258521035992218,5.515818701361868,5.449,5.672,0.19047896400778175,0.15618129863813213,0.1733301313229565
-egA8-b7-3M$_$18,15,met,5.515818701361868,5.708791950389106,5.753,5.976,0.23718129863813253,0.26720804961089417,0.25219467412451335
-egA8-b7-3M$_$18,16,or,5.868117217898833,6.384198321984436,6.523,6.604,0.6548827821011667,0.21980167801556405,0.4373422300583649
-egA8-b7-3M$_$18,17,that,6.384198321984436,6.577171571011673,6.645,6.746,0.26080167801556353,0.16882842898832706,0.21481505350194485
-egA8-b7-3M$_$18,18,you're,6.577171571011673,6.802307028210117,6.766,6.969,0.18882842898832664,0.16669297178988352,0.17776070038910463
-egA8-b7-3M$_$18,19,doing,6.802307028210117,6.898793652723736,6.989,7.212,0.1866929717898831,0.31320634727626384,0.2499496595330739
-egA8-b7-3M$_$18,20,business,6.898793652723736,7.284740150778211,7.252,7.658,0.3532063472762639,0.3732598492217898,0.36323309824902683
-egA8-b7-3M$_$18,21,with.,7.284740150778211,7.606362232490273,7.718,7.941,0.4332598492217894,0.33463776750972674,0.38394880836575807
-egA8-b7-3M$_$20,0,Now,0.25768905472636816,0.5636948072139304,0.596,0.76,0.3383109452736318,0.19630519278606962,0.2673080690298507
-egA8-b7-3M$_$20,1,you've,0.5636948072139304,0.8535949937810945,0.78,0.986,0.21630519278606963,0.1324050062189055,0.17435509950248762
-egA8-b7-3M$_$20,2,got,0.8535949937810945,0.9824395211442786,1.006,1.171,0.15240500621890551,0.18856047885572147,0.17048274253731344
-egA8-b7-3M$_$20,3,a,0.9824395211442786,1.1434951803482587,1.212,1.232,0.2295604788557214,0.08850481965174128,0.15903264925373128
-egA8-b7-3M$_$20,4,face,1.1434951803482587,1.433395366915423,1.335,1.622,0.19150481965174126,0.1886046330845772,0.19005472636815923
-egA8-b7-3M$_$20,5,that,1.433395366915423,1.658873289800995,1.684,1.807,0.25060463308457703,0.14812671019900492,0.19936567164179098
-egA8-b7-3M$_$20,6,you,1.658873289800995,1.7877178171641792,1.848,1.972,0.18912671019900507,0.18428218283582076,0.18670444651741291
-egA8-b7-3M$_$20,7,can,1.7877178171641792,1.980984608208955,2.013,2.136,0.2252821828358207,0.15501539179104507,0.19014878731343288
-egA8-b7-3M$_$20,8,connect,1.980984608208955,2.4158348880597016,2.177,2.567,0.196015391791045,0.15116511194029858,0.17359025186567156
-egA8-b7-3M$_$20,9,with,2.4158348880597016,2.5929961131840793,2.649,2.793,0.23316511194029843,0.20000388681592085,0.21658449937810964
-egA8-b7-3M$_$20,10,a,2.5929961131840793,2.7218406405472635,2.834,2.875,0.24100388681592078,0.1531593594527365,0.19708162313432864
-egA8-b7-3M$_$20,11,"voice,",2.7218406405472635,3.07616309079602,2.937,3.306,0.21515935945273634,0.22983690920398026,0.2224981343283583
-egA8-b7-3M$_$20,12,and,3.3975469527363185,3.9136525186567166,4.046,4.148,0.6484530472636818,0.2343474813432831,0.44140026430348245
-egA8-b7-3M$_$20,13,that,3.9136525186567166,4.106919309701492,4.189,4.354,0.27534748134328346,0.24708069029850765,0.26121408582089556
-egA8-b7-3M$_$20,14,makes,4.106919309701492,4.300186100746268,4.415,4.621,0.3080806902985076,0.32081389925373216,0.3144472947761199
-egA8-b7-3M$_$20,15,you,4.300186100746268,4.557875155472637,4.662,4.785,0.36181389925373164,0.22712484452736348,0.29446937189054756
-egA8-b7-3M$_$20,16,closer,4.557875155472637,5.024936567164179,4.826,5.278,0.26812484452736296,0.25306343283582056,0.26059413868159176
-egA8-b7-3M$_$20,17,to,5.024936567164179,5.234308924129353,5.34,5.442,0.31506343283582083,0.20769107587064717,0.261377254353234
-egA8-b7-3M$_$20,18,that,5.234308924129353,5.3953645833333335,5.483,5.668,0.24869107587064665,0.2726354166666667,0.2606632462686562
-egA8-b7-3M$_$20,19,client.,5.3953645833333335,5.765792599502488,5.709,6.14,0.31363541666666617,0.3742074004975118,0.34392140858208853
-egA8-b7-3M$_$26,0,We're,0.22523879076086956,0.5952739470108694,0.529,0.712,0.30376120923913047,0.11672605298913052,0.21024363111413052
-egA8-b7-3M$_$26,1,updating,0.5952739470108694,1.0457515285326084,0.773,1.2,0.17772605298913058,0.1542484714673915,0.16598726222826105
-egA8-b7-3M$_$26,2,it,1.0457515285326084,1.1744594089673912,1.261,1.322,0.21524847146739146,0.14754059103260886,0.18139453125000016
-egA8-b7-3M$_$26,3,all,1.1744594089673912,1.3675212296195651,1.444,1.586,0.26954059103260875,0.21847877038043495,0.24400968070652185
-egA8-b7-3M$_$26,4,the,1.3675212296195651,1.5927600203804346,1.627,1.708,0.2594787703804349,0.11523997961956534,0.18735937500000022
-egA8-b7-3M$_$26,5,time,1.5927600203804346,1.753644870923913,1.769,2.054,0.17623997961956528,0.30035512907608686,0.23829755434782618
-egA8-b7-3M$_$26,6,and,1.9132727581521736,2.4293612432065217,2.522,2.624,0.6087272418478262,0.19463875679347842,0.40168299932065255
-egA8-b7-3M$_$26,7,looking,2.4293612432065217,2.6224230638586956,2.664,2.969,0.23463875679347845,0.34657693614130425,0.29060784646739135
-egA8-b7-3M$_$26,8,forward,2.6224230638586956,3.0085467051630435,3.031,3.376,0.4085769361413045,0.36745329483695643,0.3880151154891305
-egA8-b7-3M$_$26,9,to,3.0085467051630435,3.362493376358695,3.417,3.519,0.40845329483695636,0.15650662364130508,0.2824799592391307
-egA8-b7-3M$_$26,10,your,3.362493376358695,3.555555197010869,3.6,3.763,0.23750662364130504,0.20744480298913093,0.22247571331521798
-egA8-b7-3M$_$26,11,comments,3.555555197010869,4.166917629076087,3.824,4.312,0.26844480298913087,0.1450823709239133,0.20676358695652208
-egA8-b7-3M$_$26,12,on,4.166917629076087,4.392156419836956,4.536,4.597,0.3690823709239126,0.20484358016304416,0.2869629755434784
-egA8-b7-3M$_$26,13,our,4.392156419836956,4.553041270380435,4.678,4.759,0.2858435801630437,0.20595872961956552,0.2459011548913046
-egA8-b7-3M$_$26,14,videos.,4.553041270380435,5.10004976222826,4.8,5.308,0.246958729619565,0.2079502377717395,0.2274544836956518
-egA8-b7-3M$_$6,0,First,0.2737320963541667,0.6279736328125,0.526,0.85,0.25226790364583335,0.22202636718750002,0.2371471354166667
-egA8-b7-3M$_$6,1,exhibiting,0.6279736328125,1.4330680338541666,1.052,1.599,0.4240263671875001,0.1659319661458334,0.2949791666666667
-egA8-b7-3M$_$6,2,is,1.4330680338541666,1.6262906901041667,1.66,1.761,0.22693196614583333,0.13470930989583318,0.18082063802083326
-egA8-b7-3M$_$6,3,a,1.6262906901041667,1.7551057942708335,1.801,1.821,0.17470930989583322,0.06589420572916649,0.12030175781249985
-egA8-b7-3M$_$6,4,wonderful,1.7551057942708335,1.9483284505208331,1.963,2.469,0.20789420572916661,0.5206715494791667,0.36428287760416667
-egA8-b7-3M$_$6,5,opportunity,2.2695247395833333,2.7856266276041666,2.57,3.218,0.3004752604166665,0.4323733723958334,0.36642431640624973
-egA8-b7-3M$_$6,6,to,2.7856266276041666,3.2686832682291667,3.299,3.4,0.5133733723958334,0.13131673177083325,0.3223450520833335
-egA8-b7-3M$_$6,7,network,3.2686832682291667,3.7195361328125003,3.501,3.946,0.23231673177083323,0.2264638671874999,0.22939029947916678
-egA8-b7-3M$_$6,8,with,3.7195361328125003,3.9771663411458333,4.007,4.149,0.2874638671874994,0.17183365885416668,0.2296487630208328
-egA8-b7-3M$_$6,9,other,3.9771663411458333,4.2025927734375,4.311,4.513,0.3338336588541666,0.31040722656249997,0.32212044270833307
-egA8-b7-3M$_$6,10,legal,4.2025927734375,4.7822607421875,4.635,4.938,0.43240722656249986,0.15573925781249986,0.29407324218749986
-egA8-b7-3M$_$6,11,vendors.,4.7822607421875,5.297521158854167,5.019,5.464,0.23673925781250027,0.16647884114583356,0.2016090494791669
-egA8-b7-3M$_$9,0,"Secondly,",0.25809803921568625,0.9194742647058822,0.556,1.112,0.2979019607843138,0.19252573529411787,0.24521384803921586
-egA8-b7-3M$_$9,1,another,0.9194742647058822,1.3711458333333333,1.277,1.668,0.3575257352941177,0.29685416666666664,0.32718995098039216
-egA8-b7-3M$_$9,2,goal,1.3711458333333333,1.8066862745098038,1.709,1.977,0.3378541666666668,0.1703137254901963,0.25408394607843154
-egA8-b7-3M$_$9,3,of,1.8066862745098038,1.8873419117647057,2.018,2.08,0.211313725490196,0.1926580882352944,0.2019859068627452
-egA8-b7-3M$_$9,4,exhibiting,1.8873419117647057,2.4680624999999994,2.142,2.657,0.25465808823529423,0.18893750000000065,0.22179779411764744
-egA8-b7-3M$_$9,5,is,2.4680624999999994,2.6938982843137254,2.801,2.883,0.3329375000000008,0.18910171568627465,0.2610196078431377
-egA8-b7-3M$_$9,6,building,2.6938982843137254,2.9197340686274504,3.007,3.378,0.31310171568627476,0.4582659313725497,0.3856838235294122
-egA8-b7-3M$_$9,7,your,2.9197340686274504,3.339143382352941,3.419,3.563,0.4992659313725496,0.22385661764705933,0.3615612745098047
-egA8-b7-3M$_$9,8,company,3.339143382352941,3.5327169117647053,3.604,4.037,0.26485661764705926,0.5042830882352947,0.3845698529411772
-egA8-b7-3M$_$9,9,image.,3.62956862745098,4.14569975490196,4.16,4.49,0.5304313725490202,0.34430024509804014,0.43736580882353016
-hnBHBN8p5A$_$6,0,"Discussion,",0.11251189720812184,0.2732431789340102,0.323,0.646,0.21048810279187818,0.37275682106598984,0.29162246192893404
-hnBHBN8p5A$_$6,2,to,0.33753569162436553,0.4982669733502539,0.909,0.99,0.5714643083756346,0.4917330266497461,0.5315986675126902
-hnBHBN8p5A$_$6,3,discuss,0.4982669733502539,0.6911445114213199,1.01,1.272,0.5117330266497462,0.5808554885786801,0.5462942576142131
-hnBHBN8p5A$_$6,4,ideas,0.6911445114213199,1.1411921002538072,1.636,1.757,0.94485548857868,0.6158078997461927,0.7803316941624363
-hnBHBN8p5A$_$6,5,and,1.1411921002538072,1.462654663705584,1.777,1.838,0.6358078997461927,0.37534533629441613,0.5055766180203044
-hnBHBN8p5A$_$6,6,opinions,1.462654663705584,1.944848508883249,1.858,2.221,0.39534533629441615,0.2761514911167511,0.3357484137055835
-hnBHBN8p5A$_$6,7,more,1.944848508883249,2.0091410215736043,3.978,4.12,2.033151491116751,2.110858978426396,2.0720052347715736
-hnBHBN8p5A$_$6,9,than,3.132526967005077,3.648600095177666,4.685,4.988,1.5524730329949228,1.3393999048223346,1.445936468908629
-hnBHBN8p5A$_$6,10,a,3.648600095177666,3.777185120558376,5.776,5.836,2.127399904822334,2.0588148794416243,2.093107392131979
-hnBHBN8p5A$_$6,12,speaker,3.905770145939087,4.13079394035533,6.24,6.381,2.334229854060913,2.25020605964467,2.2922179568527916
-hnBHBN8p5A$_$7,0,Picture,1.8503306718061672,2.366428827092511,0.0,0.221,1.8503306718061672,2.145428827092511,1.9978797494493392
-hnBHBN8p5A$_$7,1,"this,",2.9772015418502202,3.493299697136564,0.261,0.442,2.71620154185022,3.051299697136564,2.883750619493392
-hnBHBN8p5A$_$7,2,before,3.493299697136564,3.8796554240088104,0.463,0.704,3.030299697136564,3.17565542400881,3.102977560572687
-hnBHBN8p5A$_$7,4,actually,4.040636976872246,4.201618529735683,0.885,1.046,3.1556369768722465,3.1556185297356825,3.1556277533039645
-hnBHBN8p5A$_$7,5,start,4.201618529735683,4.587974256607929,1.066,1.166,3.135618529735683,3.4219742566079288,3.278796393171806
-hnBHBN8p5A$_$7,6,"hacking,",4.587974256607929,5.328489399779736,1.187,1.388,3.4009742566079284,3.940489399779736,3.6707318281938326
-hnBHBN8p5A$_$7,7,we’re,5.328489399779736,6.3587713381057265,1.408,1.85,3.920489399779736,4.508771338105726,4.214630368942732
-hnBHBN8p5A$_$7,8,in,6.3587713381057265,6.873912307268721,1.87,2.011,4.488771338105726,4.862912307268721,4.675841822687223
-hnBHBN8p5A$_$7,9,a,6.873912307268721,6.970501238986784,2.112,2.132,4.761912307268721,4.838501238986783,4.800206773127753
-iRBcNs9oI8$_$3,0,"Well,",2.4623197674418607,2.978419331395349,0.406,0.528,2.0563197674418605,2.450419331395349,2.253369549418605
-iRBcNs9oI8$_$3,1,it,2.978419331395349,3.332609738372093,0.548,0.63,2.430419331395349,2.702609738372093,2.566514534883721
-iRBcNs9oI8$_$3,2,is,3.332609738372093,3.590202761627907,0.67,0.751,2.662609738372093,2.839202761627907,2.75090625
-iRBcNs9oI8$_$3,4,secret,3.6546010174418604,3.7511984011627906,0.914,1.34,2.7406010174418602,2.4111984011627907,2.575899709302326
-iRBcNs9oI8$_$3,5,of,3.7511984011627906,4.008791424418605,2.011,2.092,1.7401984011627905,1.9167914244186046,1.8284949127906975
-iRBcNs9oI8$_$3,6,power,4.008791424418605,4.362981831395349,2.133,2.254,1.8757914244186047,2.1089818313953486,1.9923866279069762
-iRBcNs9oI8$_$3,7,pose,4.362981831395349,4.6849731104651156,2.275,2.458,2.0879818313953487,2.2269731104651154,2.157477470930232
-iRBcNs9oI8$_$6,0,What,0.24314116379310344,0.5349105603448275,0.0,0.205,0.24314116379310344,0.3299105603448276,0.2865258620689655
-iRBcNs9oI8$_$6,1,is,0.5349105603448275,0.6645858477011494,0.246,0.348,0.28891056034482754,0.3165858477011494,0.30274820402298847
-iRBcNs9oI8$_$6,3,power,0.7942611350574712,1.1832869971264368,0.574,0.676,0.22026113505747125,0.5072869971264368,0.363774066091954
-iRBcNs9oI8$_$7,0,"Well,",0.08076108870967742,0.20997883064516132,0.041,0.244,0.03976108870967742,0.034021169354838676,0.002869959677419362
-iRBcNs9oI8$_$7,2,"starters,",0.3399153225806453,0.8883719758064517,0.427,1.811,0.08708467741935472,0.9226280241935483,0.5048563508064515
-iRBcNs9oI8$_$7,5,at,1.0821985887096774,1.2760252016129034,2.687,2.911,1.6048014112903224,1.6349747983870966,1.6198881048387095
-iRBcNs9oI8$_$7,6,the,1.2760252016129034,1.469851814516129,2.931,3.175,1.6549747983870966,1.7051481854838708,1.6800614919354837
-iRBcNs9oI8$_$7,7,word,1.469851814516129,1.631373991935484,3.236,3.379,1.7661481854838712,1.747626008064516,1.7568870967741936
-iRBcNs9oI8$_$8,0,I've,4.3156375,4.960106625,0.081,0.262,4.2346375,4.698106624999999,4.4663720625
-iRBcNs9oI8$_$8,2,this,5.056419375,5.377461875,0.564,0.644,4.492419375,4.733461875,4.612940624999999
-iRBcNs9oI8$_$8,3,man,5.377461875,5.698504375000001,0.665,0.745,4.712461875,4.9535043750000005,4.832983125000001
-iRBcNs9oI8$_$8,4,"here,",5.698504375000001,5.859025625,0.765,1.067,4.933504375000001,4.792025625,4.862765
-iRBcNs9oI8$_$8,6,if,5.9232341250000005,6.180068125,1.43,1.47,4.493234125000001,4.710068125,4.601651125
-iRBcNs9oI8$_$8,9,"tell,",6.308485125000001,6.5332148750000005,1.913,2.134,4.395485125,4.399214875,4.39735
-iRBcNs9oI8$_$8,10,he,6.5332148750000005,6.790048875,2.195,2.316,4.338214875,4.474048875,4.406131875
-iRBcNs9oI8$_$8,14,of,6.982674375,7.143195625000001,2.638,2.678,4.344674375,4.465195625000001,4.404935
-iRBcNs9oI8$_$8,18,looks,7.528446625,7.721072125,4.209,4.349,3.3194466250000003,3.372072125,3.345759375
-iRBcNs9oI8$_$8,19,very,7.721072125,7.913697625,4.37,4.49,3.351072125,3.423697625,3.3873848749999995
-iRBcNs9oI8$_$9,0,Power,0.7977163461538459,1.313937800480769,1.297,1.702,0.49928365384615403,0.38806219951923104,0.44367292668269254
-iRBcNs9oI8$_$9,1,is,1.5439032451923076,2.0601246995192306,1.722,1.783,0.17809675480769238,0.2771246995192307,0.049513972355769154
-iRBcNs9oI8$_$9,2,similar,2.0601246995192306,2.352110877403846,1.803,2.35,0.25712469951923067,0.0021108774038460787,0.1296177884615386
-iRBcNs9oI8$_$9,3,to,2.352110877403846,2.6765399639423073,2.37,2.451,0.01788912259615394,0.22553996394230724,0.10382542067307665
-iRBcNs9oI8$_$9,4,strength,2.744290865384615,3.260512319711538,2.472,2.654,0.272290865384615,0.6065123197115381,0.4394015925480763
-lzEya4AM_4$_$5,0,If,0.2245246292372881,0.49716167902542363,0.527,0.608,0.3024753707627119,0.11083832097457635,0.20665684586864413
-lzEya4AM_4$_$5,1,it,0.49716167902542363,0.5933865201271186,0.669,0.71,0.1718383209745764,0.1166134798728814,0.14422590042372896
-lzEya4AM_4$_$5,2,falls,0.5933865201271186,0.9141359904661015,0.771,1.014,0.17761347987288145,0.09986400953389851,0.13873874470339004
-lzEya4AM_4$_$5,3,into,0.9141359904661015,1.1707355667372878,1.095,1.298,0.18086400953389847,0.1272644332627122,0.15406422139830533
-lzEya4AM_4$_$5,4,oh,1.1707355667372878,1.2990353548728812,1.318,1.46,0.1472644332627122,0.16096464512711872,0.15411453919491547
-lzEya4AM_4$_$5,5,any,1.2990353548728812,1.5556349311440676,1.643,1.785,0.3439646451271188,0.22936506885593233,0.28666485699152555
-lzEya4AM_4$_$5,6,of,1.5556349311440676,1.7801595603813558,1.825,1.886,0.26936506885593237,0.10584043961864409,0.18760275423728823
-lzEya4AM_4$_$5,7,those,1.7801595603813558,1.9726092425847455,1.927,2.109,0.14684043961864424,0.13639075741525453,0.14161559851694938
-lzEya4AM_4$_$5,8,three,1.9726092425847455,2.132983977754237,2.13,2.312,0.15739075741525443,0.17901602224576285,0.16820338983050864
-lzEya4AM_4$_$5,9,"categories,",2.132983977754237,2.806557865466101,2.353,2.921,0.22001602224576322,0.11444213453389862,0.16722907838983092
-lzEya4AM_4$_$5,10,inducing,3.0923940677966097,4.041443326271185,3.712,4.3,0.6196059322033904,0.2585566737288145,0.4390813029661025
-lzEya4AM_4$_$5,11,nausea,4.5357666843220334,5.308403734110168,5.131,5.537,0.5952333156779668,0.2285962658898315,0.4119147907838987
-lzEya4AM_4$_$5,12,and,5.308403734110168,5.436703522245762,5.557,5.638,0.24859626588983197,0.2012964777542381,0.22494637182203547
-lzEya4AM_4$_$5,13,vomiting,5.436703522245762,5.917827727754236,5.679,6.085,0.24229647775423846,0.1671722722457636,0.20473437500000147
-lzEya4AM_4$_$5,14,would,5.917827727754236,6.238577198093219,6.308,6.47,0.39017227224576345,0.23142280190678033,0.3107975370762719
-lzEya4AM_4$_$5,15,be,6.238577198093219,6.366876986228813,6.49,6.551,0.2514228019067808,0.18412301377118734,0.2177729078389845
-lzEya4AM_4$_$5,16,your,6.366876986228813,6.495176774364406,6.592,6.693,0.22512301377118682,0.1978232256355934,0.21147311970338967
-lzEya4AM_4$_$5,17,next,6.495176774364406,6.655551509533897,6.734,6.896,0.23882322563559377,0.24044849046610306,0.23963585805084842
-lzEya4AM_4$_$5,18,step.,6.655551509533897,6.8800761387711855,6.916,7.16,0.2604484904661035,0.27992386122881463,0.2701861758474591
-lzEya4AM_4$_$6,0,If,0.24033220108695652,0.5287308423913044,0.602,0.682,0.36166779891304346,0.15326915760869564,0.25746847826086955
-lzEya4AM_4$_$6,1,the,0.5287308423913044,0.7209966032608697,0.722,0.823,0.19326915760869556,0.10200339673913028,0.14763627717391292
-lzEya4AM_4$_$6,2,product,0.7209966032608697,0.881218070652174,0.863,1.264,0.14200339673913032,0.38278192934782607,0.2623926630434782
-lzEya4AM_4$_$6,3,or,0.9740375000000001,1.4900596467391305,1.585,1.645,0.6109624999999999,0.15494035326086952,0.3829514266304346
-lzEya4AM_4$_$6,4,poison,1.4900596467391305,1.8745911684782608,1.705,2.127,0.21494035326086958,0.252408831521739,0.23367459239130417
-lzEya4AM_4$_$6,5,is,1.8745911684782608,2.1629898097826086,2.187,2.247,0.31240883152173904,0.08401019021739131,0.19820951086956495
-lzEya4AM_4$_$6,6,some,2.1629898097826086,2.2911669836956525,2.287,2.448,0.12401019021739135,0.15683301630434743,0.1404216032608694
-lzEya4AM_4$_$6,7,type,2.2911669836956525,2.483432744565217,2.468,2.688,0.17683301630434745,0.20456725543478305,0.19070013586956525
-lzEya4AM_4$_$6,8,of,2.483432744565217,2.6756985054347826,2.729,2.789,0.24556725543478297,0.11330149456521754,0.17943437500000026
-lzEya4AM_4$_$6,9,petroleum,2.6756985054347826,3.2845400815217394,2.869,3.391,0.1933014945652176,0.10645991847826064,0.14988070652173913
-lzEya4AM_4$_$6,10,product,3.2845400815217394,3.4447615489130436,3.431,3.812,0.14645991847826068,0.3672384510869562,0.25684918478260843
-lzEya4AM_4$_$6,11,or,3.6016695652173913,4.117691711956522,4.233,4.294,0.6313304347826083,0.17630828804347765,0.403819361413043
-lzEya4AM_4$_$6,12,corrosive,4.117691711956522,4.6944889945652175,4.354,4.815,0.23630828804347814,0.12051100543478288,0.17840964673913007
-lzEya4AM_4$_$6,13,"product,",4.6944889945652175,4.886754755434783,4.875,5.257,0.1805110054347825,0.3702452445652167,0.2753781249999996
-lzEya4AM_4$_$6,14,you,5.2679728260869565,5.783994972826087,5.818,5.919,0.5500271739130431,0.1350050271739125,0.3425161005434778
-lzEya4AM_4$_$6,15,would,5.783994972826087,5.944216440217391,5.959,6.099,0.17500502717391253,0.15478355978260883,0.16489429347826068
-lzEya4AM_4$_$6,16,not,5.944216440217391,6.136482201086956,6.139,6.3,0.19478355978260886,0.16351779891304385,0.17915067934782591
-lzEya4AM_4$_$6,17,attempt,6.136482201086956,6.553058016304348,6.46,6.822,0.323517798913044,0.2689419836956519,0.29622989130434796
-lzEya4AM_4$_$6,18,to,6.645877445652174,7.161899592391304,7.203,7.363,0.557122554347826,0.2011004076086964,0.37911148097826075
-lzEya4AM_4$_$6,19,induce,7.318807608695653,7.834829755434782,7.644,7.945,0.3251923913043475,0.11017024456521796,0.2176813179347823
-lzEya4AM_4$_$6,20,vomiting,7.834829755434782,8.315494157608695,8.025,8.427,0.19017024456521803,0.11150584239130445,0.15083804347826035
-lzEya4AM_4$_$6,21,and,8.315494157608695,8.539804211956522,8.627,8.687,0.3115058423913055,0.14719578804347755,0.22935081521739065
-lzEya4AM_4$_$6,22,"nausea,",8.539804211956522,8.988424320652173,8.748,9.129,0.2081957880434775,0.1405756793478261,0.1743857336956527
-lzEya4AM_4$_$6,23,as,9.113288043478262,9.629310190217392,9.671,9.791,0.5577119565217377,0.16168980978260805,0.35970088315217374
-lzEya4AM_4$_$6,24,as,9.629310190217392,9.757487364130435,9.811,9.851,0.18168980978260763,0.09351263586956549,0.13760122282608567
-lzEya4AM_4$_$6,25,the,9.757487364130435,9.853620244565217,9.891,9.992,0.13351263586956463,0.13837975543478365,0.13594619565217325
-lzEya4AM_4$_$6,26,product,9.853620244565217,10.013841711956522,10.012,10.373,0.15837975543478322,0.3591582880434778,0.2587690217391314
-lzEya4AM_4$_$6,27,burned,10.013841711956522,10.62268328804348,10.453,10.734,0.4391582880434779,0.11131671195652082,0.27523750000000025
-lzEya4AM_4$_$6,28,on,10.62268328804348,10.718816168478261,10.794,10.854,0.17131671195652132,0.13518383152173818,0.15325027173913064
-lzEya4AM_4$_$6,29,the,10.718816168478261,10.846993342391304,10.874,10.955,0.15518383152173953,0.10800665760869599,0.13159524456521865
-lzEya4AM_4$_$6,30,way,10.846993342391304,10.975170516304349,10.995,11.135,0.14800665760869514,0.15982948369565086,0.153918070652173
-lzEya4AM_4$_$6,31,down,10.975170516304349,11.167436277173913,11.175,11.456,0.1998294836956518,0.2885637228260869,0.24419660326086934
-lzEya4AM_4$_$6,32,it,11.228211413043478,11.744233559782609,11.837,11.878,0.6087885869565213,0.13376644021739104,0.37127751358695527
-lzEya4AM_4$_$6,33,could,11.744233559782609,11.904455027173913,11.918,12.058,0.17376644021739018,0.15354497282608648,0.16365570652173744
-lzEya4AM_4$_$6,34,cause,11.904455027173913,12.19285366847826,12.078,12.339,0.17354497282608605,0.14614633152173973,0.1598456521739129
-lzEya4AM_4$_$6,35,damage,12.19285366847826,12.353075135869565,12.399,12.76,0.20614633152173845,0.4069248641304348,0.3065355978260875
-lzEya4AM_4$_$6,36,and,12.353075135869565,12.737606657608696,12.78,12.861,0.4269248641304344,0.12339334239130473,0.27515910326086956
-lzEya4AM_4$_$6,37,burning,12.737606657608696,12.897828125,12.921,13.242,0.18339334239130345,0.3441718750000007,0.2637826086956512
-lzEya4AM_4$_$6,38,on,12.897828125,13.410536820652174,13.503,13.563,0.6051718749999999,0.15246317934782638,0.37881752717391404
-lzEya4AM_4$_$6,39,the,13.410536820652174,13.538713994565217,13.583,13.663,0.17246317934782596,0.12428600543478296,0.14837459239130535
-lzEya4AM_4$_$6,40,way,13.538713994565217,13.66689116847826,13.703,13.824,0.1642860054347821,0.1571088315217395,0.1606974184782599
-lzEya4AM_4$_$6,41,back,13.66689116847826,13.827112635869565,13.844,14.044,0.17710883152173906,0.21688736413043586,0.19699809782608657
-lzEya4AM_4$_$6,42,up.,13.827112635869565,14.051422690217391,14.145,14.245,0.31788736413043495,0.1935773097826079,0.2557323369565223
-mJ2ud6oKI8$_$1,0,There,0.016102393617021277,0.08051196808510638,1.287,4.806,1.2708976063829787,4.725488031914893,2.998192819148936
-mJ2ud6oKI8$_$1,4,or,0.27374069148936175,0.3381502659574468,5.067,5.108,4.793259308510638,4.769849734042553,4.781554521276595
-mJ2ud6oKI8$_$1,6,hands,4.974813829787235,5.4909162234042554,5.228,5.329,0.2531861702127651,0.1619162234042557,0.04563497340425515
-mJ2ud6oKI8$_$2,0,So,0.01610646186440678,0.0805323093220339,1.286,1.326,1.2698935381355934,1.2454676906779663,1.2576806144067798
-mJ2ud6oKI8$_$2,3,and,0.30602277542372885,0.37044862288135594,1.748,1.808,1.4419772245762712,1.4375513771186441,1.4397643008474577
-mJ2ud6oKI8$_$2,5,will,4.525216101694916,5.041322563559323,4.681,4.761,0.1557838983050841,0.2803225635593227,0.06226933262711931
-mJ2ud6oKI8$_$6,0,They,0.11302083333333332,0.2744791666666666,0.02,0.181,0.09302083333333332,0.09347916666666661,0.09324999999999997
-mJ2ud6oKI8$_$6,1,are,0.2744791666666666,0.40364583333333326,0.201,0.423,0.0734791666666666,0.019354166666666728,0.027062499999999934
-mJ2ud6oKI8$_$6,3,very,0.4682291666666666,0.7588541666666666,0.806,0.906,0.33777083333333346,0.14714583333333342,0.2424583333333334
-mJ2ud6oKI8$_$8,0,Sometimes,0.17784932170542636,0.404203003875969,0.18,0.762,0.0021506782945736325,0.357796996124031,0.1799738372093023
-mJ2ud6oKI8$_$8,1,we,0.404203003875969,0.7599016472868217,0.782,0.882,0.377796996124031,0.12209835271317826,0.2499476744186046
-mJ2ud6oKI8$_$8,2,have,0.7599016472868217,0.9215828488372093,0.923,1.023,0.1630983527131783,0.1014171511627906,0.1322577519379845
-mJ2ud6oKI8$_$8,5,that,1.083264050387597,1.2449452519379847,1.484,1.624,0.400735949612403,0.37905474806201545,0.3898953488372092
-mJ2ud6oKI8$_$8,6,joint,1.2449452519379847,1.5683076550387598,1.665,1.865,0.42005474806201537,0.2966923449612402,0.35837354651162767
-mJ2ud6oKI8$_$8,7,that,1.5683076550387598,1.6653163759689924,1.945,2.026,0.37669234496124027,0.3606836240310074,0.36868798449612383
-mJ2ud6oKI8$_$8,8,is,1.6653163759689924,1.95634253875969,2.046,2.086,0.3806836240310074,0.12965746124030986,0.25517054263565875
-mJ2ud6oKI8$_$8,9,already,1.95634253875969,2.021015019379845,2.106,2.286,0.14965746124030987,0.26498498062015496,0.20732122093023242
-mJ2ud6oKI8$_$9,0,It's,1.4922906976744188,2.1047587209302328,0.102,0.305,1.3902906976744187,1.7997587209302328,1.5950247093023258
-mJ2ud6oKI8$_$9,2,and,2.169026162790698,2.2975610465116283,0.487,0.731,1.6820261627906978,1.5665610465116284,1.6242936046511631
-mJ2ud6oKI8$_$9,3,the,2.2975610465116283,2.361828488372093,0.955,1.219,1.3425610465116282,1.142828488372093,1.2426947674418605
-mJ2ud6oKI8$_$9,6,feel,2.4903633720930234,2.586764534883721,1.686,1.828,0.8043633720930234,0.7587645348837209,0.7815639534883722
-mJ2ud6oKI8$_$9,9,"on,",2.747433139534884,2.811700581395349,2.722,2.823,0.02543313953488413,0.011299418604651112,0.007066860465116509
-mJ2ud6oKI8$_$9,11,it's,2.908101744186047,3.165171511627907,3.087,3.209,0.17889825581395336,0.043828488372092966,0.11136337209302338
-mJ2ud6oKI8$_$9,12,sort,3.165171511627907,3.5186424418604654,3.229,3.311,0.06382848837209298,0.20764244186046543,0.07190697674418622
-mJ2ud6oKI8$_$9,13,of,3.5186424418604654,3.711444767441861,3.331,3.371,0.18764244186046541,0.3404447674418609,0.26404360465116294
-mJ2ud6oKI8$_$9,14,like,3.711444767441861,4.000648255813954,3.392,3.473,0.319444767441861,0.5276482558139541,0.4235465116279076
-mJ2ud6oKI8$_$9,15,flossing,4.448593023255815,5.253863372093024,3.493,3.717,0.955593023255815,1.5368633720930238,1.2462281976744196
-mJ2ud6oKI8$_$9,16,your,5.316203488372094,5.83227034883721,3.737,3.818,1.5792034883720936,2.01427034883721,1.7967369186046518
-mJ2ud6oKI8$_$9,21,time,6.1536075581395355,6.282142441860466,4.976,5.301,1.1776075581395355,0.9811424418604657,1.079375000000001
-mqbVkbCndg$_$0,0,"How,",0.06417587939698492,0.17648366834170853,0.143,0.428,0.07882412060301507,0.25151633165829146,0.16517022613065324
-mqbVkbCndg$_$0,1,at,0.270110552763819,0.7861545226130653,0.876,0.958,0.605889447236181,0.17184547738693468,0.38886746231155783
-mqbVkbCndg$_$0,2,a,0.7861545226130653,0.914506281407035,0.978,1.019,0.1918454773869347,0.10449371859296486,0.14816959798994978
-mqbVkbCndg$_$0,3,particular,0.914506281407035,1.2032977386934673,1.06,1.589,0.145493718592965,0.3857022613065326,0.2655979899497489
-mqbVkbCndg$_$0,4,moment,1.2032977386934673,1.6525288944723617,1.671,2.038,0.4677022613065327,0.3854711055276381,0.4265866834170854
-mqbVkbCndg$_$0,5,in,1.6525288944723617,2.037584170854271,2.119,2.201,0.4664711055276385,0.16341582914572905,0.31494346733668377
-mqbVkbCndg$_$0,6,time—our,2.037584170854271,2.7114309045226133,2.262,3.016,0.224415829145729,0.30456909547738675,0.2644924623115579
-mqbVkbCndg$_$0,7,moment,2.7114309045226133,3.06439824120603,3.097,3.505,0.3855690954773867,0.4406017587939699,0.4130854271356783
-mqbVkbCndg$_$0,8,in,3.06439824120603,3.4494535175879397,3.566,3.668,0.5016017587939698,0.21854648241206043,0.36007412060301514
-mqbVkbCndg$_$0,9,time—are,3.4494535175879397,4.476267587939699,3.729,4.727,0.27954648241206037,0.2507324120603016,0.265139447236181
-mqbVkbCndg$_$0,10,they,4.476267587939699,4.700883165829145,4.768,4.992,0.2917324120603011,0.29111683417085477,0.29142462311557793
-mqbVkbCndg$_$0,11,limited,4.8907738693467335,5.727697236180904,5.522,5.95,0.6312261306532667,0.22230276381909597,0.42676444723618134
-qDkUB0GgYY$_$6,0,We,0.20975852272727272,0.4679228583916084,0.507,0.609,0.2972414772727273,0.14107714160839158,0.21915930944055945
-qDkUB0GgYY$_$6,1,always,0.4679228583916084,0.790628277972028,0.649,0.893,0.1810771416083916,0.10237172202797207,0.14172443181818184
-qDkUB0GgYY$_$6,2,love,0.790628277972028,0.9842515297202796,0.994,1.177,0.20337172202797205,0.19274847027972042,0.19806009615384623
-qDkUB0GgYY$_$6,3,to,0.9842515297202796,1.1778747814685315,1.217,1.278,0.23274847027972045,0.1001252185314685,0.16643684440559436
-qDkUB0GgYY$_$6,4,hear,1.1778747814685315,1.3069569493006994,1.299,1.441,0.1211252185314684,0.13404305069930067,0.12758413461538465
-qDkUB0GgYY$_$6,5,what,1.3069569493006994,1.468309659090909,1.461,1.562,0.1540430506993007,0.09369034090909101,0.12386669580419585
-qDkUB0GgYY$_$6,6,you,1.468309659090909,1.5651212849650349,1.583,1.806,0.11469034090909092,0.24087871503496516,0.17778452797202815
-qDkUB0GgYY$_$6,7,"say,",1.5651212849650349,1.9200972465034964,1.948,2.475,0.38287871503496507,0.5549027534965036,0.46889073426573447
-qDkUB0GgYY$_$6,8,and,2.0493728146853147,2.5655080856643355,2.617,2.719,0.5676271853146853,0.15349191433566434,0.3605595498251748
-qDkUB0GgYY$_$6,9,like,2.5655080856643355,2.726860795454545,2.759,2.942,0.19349191433566437,0.215139204545455,0.20431555944055968
-qDkUB0GgYY$_$6,10,and,2.726860795454545,2.9204840472027973,2.983,3.043,0.2561392045454549,0.12251595279720284,0.18932757867132888
-qDkUB0GgYY$_$6,11,share,2.9204840472027973,3.0495662150349654,3.064,3.206,0.14351595279720275,0.15643378496503457,0.14997486888111866
-qDkUB0GgYY$_$6,12,this,3.0495662150349654,3.210918924825175,3.226,3.348,0.1764337849650346,0.13708107517482482,0.1567574300699297
-qDkUB0GgYY$_$6,13,video,3.210918924825175,3.4690832604895103,3.368,3.612,0.15708107517482484,0.14291673951048978,0.1499989073426573
-qDkUB0GgYY$_$6,14,as,3.4690832604895103,3.63043597027972,3.672,3.754,0.20291673951048983,0.12356402972028002,0.16324038461538493
-qDkUB0GgYY$_$6,15,well.,3.63043597027972,3.824059222027972,3.835,4.099,0.20456402972027998,0.2749407779720281,0.23975240384615404
-ri04Z7vwnc$_$0,0,going,0.08127205882352942,0.21130735294117653,0.224,0.428,0.14272794117647059,0.21669264705882346,0.17971029411764705
-ri04Z7vwnc$_$0,1,to,0.6703176470588237,1.1865720588235296,0.449,0.49,0.22131764705882367,0.6965720588235296,0.4589448529411766
-ri04Z7vwnc$_$0,2,get,1.1865720588235296,1.251589705882353,0.51,0.632,0.6765720588235296,0.6195897058823531,0.6480808823529414
-ri04Z7vwnc$_$0,3,married,1.251589705882353,1.706713235294118,0.694,1.142,0.5575897058823531,0.564713235294118,0.5611514705882354
-ri04Z7vwnc$_$0,4,or,1.706713235294118,2.0318014705882357,1.285,1.387,0.42171323529411797,0.6448014705882357,0.5332573529411768
-ri04Z7vwnc$_$0,6,already,2.096819117647059,2.1618367647058827,1.979,2.183,0.1178191176470591,0.021163235294117122,0.04832794117647099
-ri04Z7vwnc$_$2,0,most,0.01606895380434783,0.08034476902173915,0.143,0.366,0.12693104619565215,0.28565523097826084,0.2062931385869565
-ri04Z7vwnc$_$2,5,itself,1.3639986413043481,1.880067595108696,1.079,1.222,0.28499864130434815,0.6580675951086961,0.4715331182065221
-ri04Z7vwnc$_$2,6,"out,",1.880067595108696,2.3621362092391305,1.262,1.405,0.618067595108696,0.9571362092391305,0.7876019021739132
-ri04Z7vwnc$_$2,7,"""we'll",2.3621362092391305,3.4226871603260873,1.425,1.547,0.9371362092391304,1.8756871603260874,1.4064116847826091
-ri04Z7vwnc$_$2,8,discuss,3.4851005434782616,4.001169497282609,1.568,1.792,1.9171005434782615,2.209169497282609,2.063135020380435
-ri04Z7vwnc$_$2,10,"later,""",4.097583220108696,4.258272758152174,1.934,2.28,2.1635832201086957,1.978272758152174,2.0709279891304346
-ri04Z7vwnc$_$2,11,it's,4.288548233695653,4.901030910326087,2.341,2.443,1.9475482336956524,2.458030910326087,2.202789572010869
-ri04Z7vwnc$_$2,12,not,4.901030910326087,4.997444633152174,2.484,2.728,2.417030910326087,2.269444633152174,2.3432377717391306
-ri04Z7vwnc$_$2,14,too,5.158134171195654,5.383099524456522,3.095,3.156,2.0631341711956535,2.227099524456522,2.1451168478260874
-ri04Z7vwnc$_$2,15,important,5.383099524456522,5.865168138586958,3.176,3.97,2.207099524456522,1.8951681385869574,2.0511338315217396
-ri04Z7vwnc$_$5,1,So,0.6033160377358491,1.1195412735849057,0.266,0.348,0.33731603773584906,0.7715412735849058,0.5544286556603775
-ri04Z7vwnc$_$5,2,I,1.1195412735849057,1.2493431603773586,0.369,0.389,0.7505412735849057,0.8603431603773586,0.8054422169811322
-ri04Z7vwnc$_$5,4,it's,1.3791450471698115,1.7685507075471698,0.676,0.84,0.7031450471698114,0.9285507075471698,0.8158478773584905
-ri04Z7vwnc$_$5,5,important,1.7685507075471698,1.8983525943396227,0.861,1.127,0.9075507075471698,0.7713525943396227,0.8394516509433964
-ri04Z7vwnc$_$5,8,finances,2.1255058962264153,2.4824610849056605,1.557,2.131,0.5685058962264153,0.35146108490566075,0.45998349056603827
-s9qJ7ATP7w$_$0,0,they,0.016053977272727272,0.08026988636363636,0.02,0.143,0.003946022727272729,0.06273011363636363,0.033338068181818184
-s9qJ7ATP7w$_$0,2,"doubt,",0.14448579545454543,0.3371335227272727,0.348,0.635,0.20351420454545455,0.2978664772727273,0.2506903409090909
-s9qJ7ATP7w$_$0,3,they,0.3371335227272727,0.6582130681818181,0.676,0.84,0.33886647727272734,0.18178693181818184,0.2603267045454546
-s9qJ7ATP7w$_$0,4,have,0.6582130681818181,0.8187528409090908,0.861,0.984,0.20278693181818186,0.16524715909090915,0.18401704545454545
-s9qJ7ATP7w$_$0,5,"fear,",0.8187528409090908,1.0756164772727272,1.086,1.414,0.26724715909090924,0.3383835227272727,0.302815340909091
-s9qJ7ATP7w$_$0,6,they,1.2017215909090908,1.717775568181818,1.742,1.927,0.5402784090909092,0.20922443181818196,0.37475142045454546
-s9qJ7ATP7w$_$0,7,lose,1.717775568181818,1.9746392045454544,1.968,2.173,0.2502244318181819,0.19836079545454566,0.22429261363636366
-s9qJ7ATP7w$_$0,8,in,1.9746392045454544,2.1030710227272724,2.214,2.296,0.23936079545454558,0.1929289772727274,0.2161448863636366
-s9qJ7ATP7w$_$0,9,a,2.1030710227272724,2.2315028409090907,2.316,2.337,0.21292897727272742,0.10549715909090951,0.15921306818181846
-s9qJ7ATP7w$_$0,10,Ferrari,2.2315028409090907,2.6489062499999996,2.378,2.849,0.14649715909090943,0.20009375000000063,0.17329545454545503
-s9qJ7ATP7w$_$0,11,"race,",2.6489062499999996,2.969985795454545,2.911,3.177,0.26209375000000046,0.20701420454545483,0.23455397727272764
-s9qJ7ATP7w$_$0,12,or,2.969985795454545,3.1144715909090905,3.218,3.3,0.24801420454545475,0.18552840909090929,0.21677130681818202
-s9qJ7ATP7w$_$0,13,they,3.1144715909090905,3.258957386363636,3.321,3.485,0.20652840909090964,0.22604261363636402,0.21628551136363683
-s9qJ7ATP7w$_$0,14,lose,3.258957386363636,3.5479289772727274,3.526,3.813,0.26704261363636395,0.2650710227272728,0.26605681818181837
-s9qJ7ATP7w$_$0,15,in,3.5479289772727274,3.7405767045454548,3.874,3.997,0.32607102272727273,0.2564232954545451,0.2912471590909089
-s9qJ7ATP7w$_$0,16,a,3.7405767045454548,3.997440340909091,4.222,4.304,0.48142329545454565,0.30655965909090943,0.3939914772727273
-s9qJ7ATP7w$_$0,17,"race,",4.155653409090909,4.671707386363636,4.632,4.899,0.47634659090909093,0.22729261363636422,0.3518196022727271
-s9qJ7ATP7w$_$0,18,and,4.671707386363636,5.153326704545455,5.309,5.37,0.6372926136363644,0.2166732954545454,0.4269829545454549
-s9qJ7ATP7w$_$0,19,then,5.153326704545455,5.281758522727273,5.411,5.514,0.25767329545454487,0.23224147727272726,0.24495738636363606
-s9qJ7ATP7w$_$0,20,they,5.281758522727273,5.410190340909091,5.555,5.698,0.27324147727272674,0.28780965909090916,0.28052556818181795
-s9qJ7ATP7w$_$0,21,just,5.410190340909091,5.634946022727272,5.719,5.862,0.30880965909090907,0.22705397727272825,0.26793181818181866
-s9qJ7ATP7w$_$0,22,give,5.634946022727272,5.795485795454545,5.903,6.088,0.26805397727272773,0.29251420454545496,0.2802840909090918
-s9qJ7ATP7w$_$0,23,up,5.795485795454545,5.956025568181818,6.211,6.293,0.4155142045454552,0.33697443181818176,0.376244318181818
-s9qJ7ATP7w$_$1,0,But,0.241865234375,0.532103515625,0.537,1.032,0.2951347656250001,0.499896484375,0.39751562500000004
-s9qJ7ATP7w$_$1,1,the,0.532103515625,1.0803313802083334,1.383,1.486,0.850896484375,0.4056686197916666,0.6282825520833333
-s9qJ7ATP7w$_$1,2,hardest,1.0803313802083334,1.6608079427083333,1.527,1.795,0.4466686197916665,0.1341920572916666,0.29043033854166656
-s9qJ7ATP7w$_$1,3,thing,1.6608079427083333,1.7898027343749998,1.816,1.96,0.15519205729166674,0.17019726562500015,0.16269466145833344
-s9qJ7ATP7w$_$1,4,in,1.7898027343749998,1.9187975260416668,1.981,2.043,0.19119726562500028,0.12420247395833339,0.15769986979166684
-s9qJ7ATP7w$_$1,5,life,1.9187975260416668,2.0477923177083333,2.084,2.229,0.16520247395833332,0.18120768229166684,0.17320507812500008
-s9qJ7ATP7w$_$1,6,to,2.0477923177083333,2.2090358072916665,2.27,2.332,0.22220768229166676,0.12296419270833336,0.17258593749999984
-s9qJ7ATP7w$_$1,7,"learn,",2.2090358072916665,2.3380305989583334,2.394,2.662,0.18496419270833364,0.3239694010416665,0.25446679687500007
-s9qJ7ATP7w$_$1,8,is,2.595875,3.1119993489583333,3.219,3.322,0.6231249999999999,0.21000065104166676,0.41656282552083357
-s9qJ7ATP7w$_$1,9,to,3.1119993489583333,3.2732428385416665,3.363,3.446,0.2510006510416667,0.17275716145833364,0.2118789062500004
-s9qJ7ATP7w$_$1,10,lose,3.2732428385416665,3.531232421875,3.508,3.735,0.23475716145833347,0.2037675781249999,0.2192623697916669
-s9qJ7ATP7w$_$4,0,I,0.2412997159090909,0.530859375,0.664,0.706,0.4227002840909091,0.17514062499999994,0.2989204545454545
-s9qJ7ATP7w$_$4,1,have,0.530859375,0.6917258522727272,0.747,0.872,0.21614062499999998,0.1802741477272728,0.19820738636363633
-s9qJ7ATP7w$_$4,2,lost,0.6917258522727272,1.0778053977272728,0.934,1.245,0.24227414772727285,0.1671946022727273,0.20473437500000008
-s9qJ7ATP7w$_$4,3,at,1.0778053977272728,1.238671875,1.349,1.432,0.2711946022727272,0.19332812499999985,0.23226136363636363
-s9qJ7ATP7w$_$4,4,everything,1.238671875,1.656924715909091,1.743,2.179,0.504328125,0.5220752840909089,0.5132017045454546
-s9qJ7ATP7w$_$4,5,you,1.656924715909091,2.139524147727273,2.221,2.325,0.5640752840909091,0.18547585227272734,0.3747755681818181
-s9qJ7ATP7w$_$4,6,can,2.139524147727273,2.300390625,2.366,2.491,0.22647585227272726,0.1906093750000002,0.20854261363636395
-s9qJ7ATP7w$_$4,7,"imagine,",2.300390625,2.5577769886363635,2.553,2.968,0.252609375,0.4102230113636365,0.3314161931818185
-s9qJ7ATP7w$_$4,8,seriously,2.5577769886363635,3.297762784090909,3.072,3.466,0.5142230113636366,0.16823721590909102,0.3412301136363638
-s9qJ7ATP7w$_$5,0,I,0.6261518199233718,1.1422397030651341,0.407,0.468,0.2191518199233718,0.6742397030651341,0.44669576149425294
-s9qJ7ATP7w$_$5,1,have,1.1422397030651341,1.3031185344827587,0.55,1.446,0.5922397030651341,0.14288146551724124,0.22467911877394653
-s9qJ7ATP7w$_$5,2,been,1.3031185344827587,1.4639973659003833,1.487,1.65,0.18388146551724138,0.1860026340996166,0.1849420498084291
-s9qJ7ATP7w$_$5,3,beat,1.4639973659003833,1.7535792624521074,1.772,2.057,0.3080026340996167,0.30342073754789256,0.30571168582375463
-s9qJ7ATP7w$_$5,4,up,1.7535792624521074,2.043161159003832,2.342,2.464,0.5884207375478927,0.4208388409961681,0.5046297892720304
-s9qJ7ATP7w$_$5,5,and,2.043161159003832,2.4936218869731803,2.607,2.709,0.5638388409961683,0.21537811302681975,0.38960847701149404
-s9qJ7ATP7w$_$5,6,put,2.4936218869731803,2.8475553160919542,2.872,3.075,0.37837811302681956,0.22744468390804595,0.30291139846743276
-s9qJ7ATP7w$_$5,7,down,2.8475553160919542,3.1371372126436783,3.136,3.646,0.2884446839080459,0.5088627873563216,0.398653735632184
-s9qJ7ATP7w$_$5,8,and,3.264564655172414,3.7806525383141762,3.971,4.094,0.706435344827586,0.31334746168582406,0.509891403256705
-s9qJ7ATP7w$_$5,9,everything,4.390716475095786,4.906804358237548,4.969,5.316,0.5782835249042142,0.4091956417624516,0.49373958333333334
-s9qJ7ATP7w$_$5,10,that,4.906804358237548,5.292913553639847,5.356,5.478,0.44919564176245164,0.18508644636015248,0.3171410440613016
-s9qJ7ATP7w$_$5,11,can,5.292913553639847,5.453792385057472,5.519,5.641,0.22608644636015285,0.1872076149425279,0.20664703065134038
-s9qJ7ATP7w$_$5,12,go,5.453792385057472,5.614671216475097,5.702,5.865,0.24820761494252785,0.2503287835249033,0.24926819923371557
-s9qJ7ATP7w$_$5,13,"wrong,",5.614671216475097,5.9042531130268205,5.967,6.375,0.3523287835249027,0.47074688697317946,0.4115378352490411
-s9qJ7ATP7w$_$5,14,has,6.224735153256705,6.740823036398467,6.802,6.945,0.5772648467432946,0.20417696360153315,0.3907209051724134
-s9qJ7ATP7w$_$5,15,gone,6.740823036398467,6.901701867816092,6.986,7.21,0.24517696360153263,0.308298132183908,0.2767375478927203
-s9qJ7ATP7w$_$5,16,wrong,6.901701867816092,7.159107998084291,7.271,7.535,0.36929813218390795,0.3758920019157088,0.3725950670498084
-s9qJ7ATP7w$_$5,17,for,7.159107998084291,7.545217193486591,7.617,7.78,0.45789200191570867,0.234782806513409,0.34633740421455883
-s9qJ7ATP7w$_$5,18,me,7.545217193486591,7.706096024904215,7.841,7.963,0.29578280651340894,0.2569039750957849,0.27634339080459736
-s9qJ7ATP7w$_$6,0,But,0.2608239436619718,0.5705523767605634,0.601,0.815,0.34017605633802817,0.24444762323943658,0.2923118397887324
-s9qJ7ATP7w$_$6,1,I,0.6737077464788732,1.1900092429577465,1.308,1.394,0.6342922535211268,0.20399075704225345,0.41914150528169014
-s9qJ7ATP7w$_$6,2,just,1.1900092429577465,1.3856272007042252,1.416,1.544,0.22599075704225347,0.15837279929577486,0.19218177816901427
-s9qJ7ATP7w$_$6,3,kept,1.3856272007042252,1.5160391725352111,1.587,1.737,0.20137279929577478,0.22096082746478896,0.21116681338028187
-s9qJ7ATP7w$_$6,4,going,1.5160391725352111,1.6790541373239436,1.759,1.973,0.24296082746478875,0.2939458626760565,0.2684533450704226
-s9qJ7ATP7w$_$7,0,I,0.20868852699530516,0.4655359448356807,0.59,0.63,0.3813114730046948,0.16446405516431928,0.27288776408450705
-s9qJ7ATP7w$_$7,1,used,0.4655359448356807,0.6902774354460093,0.671,0.793,0.20546405516431931,0.10272256455399076,0.1540933098591551
-s9qJ7ATP7w$_$7,2,to,0.6902774354460093,0.7865952171361501,0.813,0.854,0.12272256455399067,0.06740478286384988,0.09506367370892027
-s9qJ7ATP7w$_$7,3,work,0.7865952171361501,0.8829129988262909,0.895,1.017,0.10840478286384991,0.13408700117370898,0.12124589201877944
-s9qJ7ATP7w$_$7,4,for,0.8829129988262909,1.0434426349765258,1.057,1.139,0.174087001173709,0.09555736502347423,0.13482218309859162
-s9qJ7ATP7w$_$7,5,Warren,1.0434426349765258,1.3002900528169015,1.179,1.423,0.13555736502347426,0.12270994718309858,0.12913365610328642
-s9qJ7ATP7w$_$7,6,"Avis,",1.3002900528169015,1.6213493251173707,1.484,1.728,0.18370994718309852,0.10665067488262925,0.14518031103286388
-s9qJ7ATP7w$_$7,7,the,1.6213493251173707,1.8781967429577464,1.932,2.013,0.3106506748826292,0.1348032570422535,0.22272696596244135
-s9qJ7ATP7w$_$7,8,guy,1.8781967429577464,2.070832306338028,2.033,2.176,0.1548032570422535,0.1051676936619721,0.1299854753521128
-s9qJ7ATP7w$_$7,9,who,2.070832306338028,2.135044160798122,2.196,2.277,0.1251676936619721,0.14195583920187804,0.13356176643192508
-s9qJ7ATP7w$_$7,10,started,2.135044160798122,2.2634678697183097,2.298,2.562,0.16295583920187795,0.2985321302816901,0.23074398474178381
-s9qJ7ATP7w$_$7,11,Avis,2.2634678697183097,2.68084492370892,2.603,2.806,0.3395321302816905,0.12515507629108003,0.23234360328638526
-s9qJ7ATP7w$_$7,12,Rent,2.68084492370892,2.8092686326291076,2.847,2.989,0.16615507629107995,0.17973136737089224,0.17294322183098632
-s9qJ7ATP7w$_$7,13,a,2.8092686326291076,2.9376923415492957,3.009,3.05,0.19973136737089225,0.11230765845070412,0.15601951291079819
-s9qJ7ATP7w$_$7,14,"Car,",2.9376923415492957,3.0661160504694833,3.07,3.233,0.13230765845070414,0.16688394953051677,0.14959580399061023
-s9qJ7ATP7w$_$7,15,and,3.0661160504694833,3.194539759389671,3.274,3.335,0.2078839495305167,0.14046024061032902,0.17417209507042308
-s9qJ7ATP7w$_$7,16,he,3.194539759389671,3.290857541079812,3.375,3.436,0.18046024061032906,0.14514245892018796,0.1628013497652585
-s9qJ7ATP7w$_$7,17,said,3.290857541079812,3.4513871772300466,3.477,3.639,0.18614245892018788,0.18761282276995317,0.1868776408450703
-s9qJ7ATP7w$_$7,18,to,3.4513871772300466,3.5798108861502342,3.66,3.721,0.20861282276995352,0.14118911384976585,0.1749009683098599
-s9qJ7ATP7w$_$7,19,me,3.5798108861502342,3.7082345950704223,3.761,3.843,0.18118911384976588,0.13476540492957767,0.15797725938967178
-s9qJ7ATP7w$_$7,20,one,3.7082345950704223,3.83665830399061,3.965,4.046,0.25676540492957756,0.20934169600939034,0.23305355046948373
-s9qJ7ATP7w$_$7,21,"day,",3.83665830399061,4.029293867370892,4.087,4.31,0.2503416960093898,0.28070613262910804,0.26552391431924915
-s9qJ7ATP7w$_$7,22,"""Robert,",4.283783157276995,4.799836120892018,4.331,5.205,0.04721684272300575,0.4051638791079819,0.22619036091549338
-s9qJ7ATP7w$_$7,23,"""what's",4.799836120892018,5.2814250293427225,5.225,5.429,0.4251638791079815,0.14757497065727776,0.2863694248826292
-s9qJ7ATP7w$_$7,24,the,5.2814250293427225,5.377742811032864,5.449,5.53,0.16757497065727733,0.1522571889671367,0.159916079812207
-s9qJ7ATP7w$_$7,25,purpose,5.377742811032864,5.506166519953052,5.591,5.896,0.21325718896713663,0.3898334800469483,0.30154533450704246
-s9qJ7ATP7w$_$7,26,of,5.506166519953052,5.827225792253521,5.937,5.998,0.43083348004694866,0.17077420774647933,0.30080384389671355
-s9qJ7ATP7w$_$7,27,business,5.827225792253521,6.019861355633802,6.039,6.384,0.21177420774647882,0.36413864436619825,0.287956426056339
-s9qJ7ATP7w$_$8,1,And,0.2090669191919192,0.4663800505050505,0.538,0.62,0.3289330808080808,0.1536199494949495,0.24127651515151516
-s9qJ7ATP7w$_$8,2,I,0.4663800505050505,0.5950366161616162,0.682,0.724,0.21561994949494956,0.1289633838383838,0.17229166666666668
-s9qJ7ATP7w$_$8,3,"said,",0.5950366161616162,0.7880214646464647,0.765,0.93,0.16996338383838383,0.14197853535353533,0.15597095959595964
-s9qJ7ATP7w$_$8,4,"""Oh,",0.7880214646464647,0.9166780303030304,1.013,1.158,0.22497853535353518,0.2413219696969695,0.23315025252525234
-s9qJ7ATP7w$_$8,5,make,0.9166780303030304,1.1418270202020202,1.199,1.344,0.28232196969696965,0.20217297979797988,0.24224747474747477
-s9qJ7ATP7w$_$8,6,a,1.1418270202020202,1.3026477272727273,1.385,1.406,0.2431729797979798,0.10335227272727265,0.17326262626262623
-s9qJ7ATP7w$_$8,7,"profit,",1.3026477272727273,1.495632575757576,1.468,1.943,0.1653522727272727,0.44736742424242415,0.30635984848484843
-s9qJ7ATP7w$_$8,8,and,1.495632575757576,1.865520202020202,1.964,2.026,0.46836742424242406,0.16047979797979783,0.31442361111111095
-s9qJ7ATP7w$_$8,9,all,1.865520202020202,1.9459305555555555,2.047,2.13,0.18147979797979819,0.1840694444444444,0.1827746212121213
-s9qJ7ATP7w$_$8,10,these,1.9459305555555555,2.106751262626263,2.15,2.274,0.20406944444444441,0.16724873737373702,0.1856590909090905
-s9qJ7ATP7w$_$8,11,other,2.106751262626263,2.203243686868687,2.316,2.481,0.20924873737373684,0.277756313131313,0.24350252525252492
-s9qJ7ATP7w$_$8,12,things,2.203243686868687,2.4605568181818183,2.522,2.708,0.3187563131313129,0.24744318181818192,0.28309974747474764
-t217m2on-s$_$2,0,But,0.24129375,0.53084625,0.504,0.726,0.26270625000000003,0.19515375000000001,0.22893000000000002
-t217m2on-s$_$2,1,a,0.53084625,1.02952,0.948,1.412,0.41715375,0.38247999999999993,0.39981687499999996
-t217m2on-s$_$2,2,good,1.02952,1.43167625,1.452,1.593,0.42247999999999997,0.16132375,0.291901875
-t217m2on-s$_$2,3,thing,1.43167625,1.6247112499999998,1.633,1.754,0.20132375000000002,0.12928875000000017,0.1653062500000002
-t217m2on-s$_$2,4,to,1.6247112499999998,1.75340125,1.775,1.855,0.15028875000000008,0.10159874999999996,0.12594375000000002
-t217m2on-s$_$2,5,do,1.75340125,1.84991875,1.875,1.956,0.12159874999999998,0.1060812499999999,0.11383999999999994
-t217m2on-s$_$2,6,is,1.84991875,1.9786087499999998,1.996,2.077,0.14608124999999994,0.09839125000000015,0.12223625000000005
-t217m2on-s$_$2,7,"yawning,",1.9786087499999998,2.42902375,2.158,3.469,0.1793912500000001,1.03997625,0.6096837499999999
-t217m2on-s$_$2,8,chewing,3.0389749999999998,3.7802687500000003,3.549,3.932,0.5100250000000002,0.15173124999999965,0.3308781249999999
-t217m2on-s$_$2,9,gum,3.7802687500000003,4.11808,4.033,4.275,0.2527312500000001,0.1569200000000004,0.20482562500000023
-t217m2on-s$_$2,10,is,4.11808,4.29502875,4.356,4.437,0.2379199999999999,0.1419712500000001,0.18994562500000045
-t217m2on-s$_$2,11,effective.,4.29502875,4.84196125,4.497,5.062,0.2019712499999997,0.2200387500000005,0.21100499999999967
-t217m2on-s$_$7,0,If,0.2244531544256121,0.4970034133709982,0.565,0.625,0.34054684557438786,0.12799658662900182,0.23427171610169484
-t217m2on-s$_$7,1,you,0.4970034133709982,0.6252623587570623,0.646,0.787,0.14899658662900184,0.16173764124293777,0.1553671139359698
-t217m2on-s$_$7,2,find,0.6252623587570623,0.8497155131826744,0.827,1.109,0.2017376412429377,0.25928448681732563,0.23051106403013166
-t217m2on-s$_$7,3,that,0.8497155131826744,1.1382981403013184,1.15,1.331,0.30028448681732556,0.1927018596986816,0.24649317325800357
-t217m2on-s$_$7,4,your,1.1382981403013184,1.3948160310734465,1.412,1.573,0.27370185969868155,0.17818396892655342,0.22594291431261748
-t217m2on-s$_$7,5,ears,1.3948160310734465,1.7956252354048967,1.715,1.997,0.32018396892655354,0.2013747645951034,0.26077936676082847
-t217m2on-s$_$7,6,consistently,3.0591857344632776,3.831735993408664,3.268,4.075,0.20881426553672222,0.2432640065913363,0.22603913606402948
-t217m2on-s$_$7,7,do,3.831735993408664,4.280642302259888,4.317,4.478,0.4852640065913363,0.19735769774011214,0.34131085216572377
-t217m2on-s$_$7,8,this,4.280642302259888,4.569224929378532,4.519,4.72,0.2383576977401125,0.1507750706214681,0.19456638418078986
-t217m2on-s$_$7,9,and,4.569224929378532,4.761613347457628,4.821,4.902,0.2517750706214681,0.14038665254237248,0.19608086158192028
-t217m2on-s$_$7,10,you,4.761613347457628,4.8578075564971765,4.922,5.023,0.16038665254237205,0.16519244350282314,0.1627895480225976
-t217m2on-s$_$7,11,can't,4.8578075564971765,5.258616760828627,5.063,5.406,0.20519244350282317,0.14738323917137297,0.17628784133709807
-t217m2on-s$_$7,12,pop,5.258616760828627,5.7075230696798505,5.568,5.91,0.3093832391713729,0.20247693032014968,0.25593008474576084
-t217m2on-s$_$7,13,them,5.7075230696798505,5.883879119585688,5.951,6.072,0.24347693032014917,0.18812088041431174,0.21579890536723045
-t217m2on-s$_$7,14,"often,",5.883879119585688,6.108332274011301,6.233,6.536,0.34912088041431133,0.42766772598869895,0.38839430320150514
-t217m2on-s$_$7,15,you'll,6.3618535781544265,6.974080155367233,6.959,7.141,0.5971464218455731,0.16691984463276732,0.38203313323916976
-t217m2on-s$_$7,16,definitely,6.974080155367233,7.326792255178909,7.161,7.807,0.1869198446327669,0.4802077448210911,0.33356379472692943
-t217m2on-s$_$7,17,need,7.326792255178909,7.775698564030133,7.847,7.988,0.5202077448210911,0.2123014359698674,0.3662545903954797
-t217m2on-s$_$7,18,to,7.775698564030133,7.936022245762714,8.029,8.089,0.2533014359698669,0.15297775423728677,0.20313959510357638
-t217m2on-s$_$7,19,see,7.936022245762714,8.064281191148778,8.129,8.291,0.19297775423728591,0.22671880885122242,0.2098482815442546
-t217m2on-s$_$7,20,a,8.064281191148778,8.224604872881358,8.311,8.351,0.246718808851222,0.1263951271186432,0.1865569679849317
-t217m2on-s$_$7,21,physician,8.224604872881358,8.641446445386066,8.392,8.936,0.1673951271186418,0.29455355461393395,0.23097434086628787
-t217m2on-s$_$7,22,regarding,9.119420903954804,9.827841690207158,9.562,10.026,0.4425790960451952,0.19815830979284144,0.3203687029190183
-t217m2on-s$_$7,23,those,9.827841690207158,10.05229484463277,10.046,10.227,0.218158309792841,0.17470515536722964,0.1964317325800362
-t217m2on-s$_$7,24,"things,",10.05229484463277,10.244683262711867,10.288,10.933,0.23570515536722958,0.6883167372881331,0.46201094632768225
-t217m2on-s$_$7,25,it,10.337880885122413,10.853913253295671,10.994,11.054,0.6561191148775869,0.20008674670432924,0.42810293079095896
-t217m2on-s$_$7,26,could,10.853913253295671,11.046301671374767,11.115,11.297,0.2610867467043292,0.25069832862523356,0.25589253766478226
-t217m2on-s$_$7,27,be,11.046301671374767,11.238690089453863,11.317,11.418,0.27069832862523313,0.1793099105461362,0.22500411958568378
-t217m2on-s$_$7,28,something,11.238690089453863,11.431078507532959,11.498,11.821,0.2593099105461363,0.38992149246704066,0.32461570150658936
-t217m2on-s$_$7,29,more,11.431078507532959,11.815855343691151,11.861,12.063,0.4299214924670416,0.24714465630884952,0.33853307438794555
-t217m2on-s$_$7,30,of,11.815855343691151,11.97617902542373,12.103,12.164,0.28714465630884867,0.1878209745762689,0.23748281544255967
-t217m2on-s$_$7,31,a,11.97617902542373,12.07237323446328,12.204,12.224,0.22782097457626982,0.1516267655367205,0.18972387005649516
-t217m2on-s$_$7,32,nasal,12.07237323446328,12.425085334274955,12.305,12.628,0.23262676553672001,0.20291466572504469,0.21777071563088235
-t217m2on-s$_$7,33,infection,12.425085334274955,12.954153483992469,12.688,13.273,0.2629146657250452,0.31884651600753067,0.2908805908662879
-t217m2on-s$_$7,34,or,12.954153483992469,13.19463900659134,13.435,13.536,0.4808465160075315,0.3413609934086601,0.4111037547080958
-t217m2on-s$_$7,35,a,13.19463900659134,13.451156897363468,13.576,13.596,0.38136099340866103,0.144843102636532,0.2631020480225974
-t217m2on-s$_$7,36,sinus,13.451156897363468,13.867998469868176,13.657,14.08,0.20584310263653194,0.21200153013182366,0.2089223163841778
-t217m2on-s$_$7,37,infection,13.867998469868176,14.381034251412432,14.141,14.706,0.2730015301318236,0.32496574858756766,0.2989836393596965
-t217m2on-s$_$7,38,that,14.666620291902074,15.182652660075332,15.27,15.432,0.6033797080979255,0.24934733992466818,0.42636352401129773
-t217m2on-s$_$7,39,he,15.182652660075332,15.375041078154428,15.513,15.634,0.3303473399246677,0.2589589218455721,0.2946531308851208
-t217m2on-s$_$7,40,would,15.375041078154428,15.59949423258004,15.694,15.896,0.3189589218455726,0.29650576741996026,0.30773234463276733
-t217m2on-s$_$7,41,need,15.59949423258004,15.823947387005653,15.936,16.098,0.3365057674199594,0.27405261299434613,0.3052791902071519
-t217m2on-s$_$7,42,to,15.823947387005653,15.984271068738233,16.118,16.178,0.2940526129943457,0.19372893126176827,0.24389077212805788
-t217m2on-s$_$7,43,deal,15.984271068738233,16.112530014124296,16.239,16.44,0.2547289312617682,0.3274699858757053,0.29109945856873765
-t217m2on-s$_$7,44,with.,16.112530014124296,16.369047904896426,16.481,16.642,0.3684699858757057,0.2729520951035731,0.3207110404896394
-tANM6ETl_M$_$3,0,The,0.24159603658536588,0.5315112804878049,0.532,0.634,0.29040396341463415,0.10248871951219507,0.1964463414634146
-tANM6ETl_M$_$3,1,first,0.5315112804878049,0.7892137195121952,0.696,0.982,0.16448871951219501,0.19278628048780477,0.1786374999999999
-tANM6ETl_M$_$3,2,place,0.7892137195121952,1.1757673780487807,1.023,1.33,0.2337862804878047,0.15423262195121934,0.19400945121951196
-tANM6ETl_M$_$3,3,is,1.1757673780487807,1.3690442073170734,1.412,1.494,0.2362326219512192,0.12495579268292656,0.18059420731707287
-tANM6ETl_M$_$3,4,either,1.3690442073170734,1.4978954268292686,1.576,1.801,0.20695579268292663,0.30310457317073136,0.255030182926829
-tANM6ETl_M$_$3,5,you,1.4978954268292686,1.852236280487805,1.883,2.067,0.38510457317073143,0.2147637195121952,0.2999341463414633
-tANM6ETl_M$_$3,6,have,1.852236280487805,2.0455131097560977,2.108,2.251,0.2557637195121951,0.2054868902439022,0.23062530487804866
-tANM6ETl_M$_$3,7,a,2.0455131097560977,2.206577134146342,2.313,2.333,0.2674868902439025,0.12642286585365836,0.19695487804878042
-tANM6ETl_M$_$3,8,"prospect,",2.206577134146342,2.5931307926829272,2.415,2.988,0.2084228658536582,0.39486920731707276,0.3016460365853655
-tANM6ETl_M$_$3,9,or,2.5931307926829272,2.915258841463415,3.009,3.09,0.41586920731707266,0.17474115853658478,0.29530518292682895
-tANM6ETl_M$_$3,10,a,2.915258841463415,3.011897256097561,3.111,3.152,0.19574115853658514,0.14010274390243893,0.16792195121951203
-tANM6ETl_M$_$3,11,customer,3.011897256097561,3.4789829268292687,3.193,3.602,0.18110274390243886,0.12301707317073118,0.15205990853658502
-tANM6ETl_M$_$3,12,who's,3.4789829268292687,3.6239405487804883,3.622,3.786,0.1430170731707312,0.1620594512195117,0.15253826219512168
-tANM6ETl_M$_$3,13,never,3.6239405487804883,3.897749390243903,3.97,4.277,0.34605945121951187,0.37925060975609703,0.3626550304878047
-tANM6ETl_M$_$3,14,done,3.897749390243903,4.300409451219513,4.38,4.564,0.4822506097560968,0.2635905487804875,0.37292057926829214
-tANM6ETl_M$_$3,15,it,4.300409451219513,4.493686280487806,4.625,4.687,0.32459054878048743,0.19331371951219456,0.25895213414634055
-tANM6ETl_M$_$3,16,"before,",4.493686280487806,4.848027134146342,4.748,5.157,0.2543137195121945,0.3089728658536579,0.2816432926829262
-tANM6ETl_M$_$3,17,or,4.848027134146342,5.009091158536586,5.178,5.219,0.3299728658536578,0.20990884146341404,0.26994085365853593
-tANM6ETl_M$_$3,18,they've,5.009091158536586,5.2667935975609765,5.239,5.444,0.22990884146341362,0.1772064024390234,0.20355762195121851
-tANM6ETl_M$_$3,19,never,5.2667935975609765,5.427857621951221,5.546,5.771,0.2792064024390237,0.34314237804877923,0.3111743902439015
-tANM6ETl_M$_$3,20,tried,5.427857621951221,5.749985670731708,5.833,6.119,0.4051423780487795,0.3690143292682917,0.38707835365853516
-tANM6ETl_M$_$3,21,it.,5.749985670731708,6.039900914634147,6.181,6.242,0.431014329268292,0.20209908536585264,0.31655670731707186
-tPCytz4rww$_$10,0,Say,0.25814137931034487,0.5646842672413794,0.593,0.757,0.3348586206896551,0.19231573275862057,0.26358717672413784
-tPCytz4rww$_$10,1,twenty,0.5646842672413794,0.7905579741379312,0.798,1.064,0.2333157327586206,0.2734420258620689,0.25337887931034475
-tPCytz4rww$_$10,2,percent,0.7905579741379312,1.2423053879310346,1.105,1.493,0.3144420258620688,0.2506946120689655,0.28256831896551715
-tPCytz4rww$_$10,3,so,1.2423053879310346,1.597249784482759,1.596,1.841,0.35369461206896546,0.24375021551724108,0.2987224137931034
-tPCytz4rww$_$10,4,if,1.597249784482759,1.9037926724137932,1.984,2.046,0.3867502155172411,0.14220732758620658,0.26447877155172383
-tPCytz4rww$_$10,5,you've,1.9037926724137932,2.1458002155172418,2.087,2.25,0.18320732758620695,0.10419978448275824,0.1437035560344826
-tPCytz4rww$_$10,6,got,2.1458002155172418,2.242603232758621,2.271,2.394,0.12519978448275815,0.15139676724137896,0.13829827586206855
-tPCytz4rww$_$10,7,a,2.242603232758621,2.3716739224137933,2.414,2.455,0.17139676724137898,0.0833260775862068,0.12736142241379267
-tPCytz4rww$_$10,8,thousand,2.3716739224137933,2.500744612068966,2.496,2.844,0.12432607758620673,0.34325538793103405,0.2337907327586204
-tPCytz4rww$_$10,9,square,2.500744612068966,2.85568900862069,2.864,3.11,0.36325538793103407,0.25431099137931,0.30878318965517226
-tPCytz4rww$_$10,10,foot,2.85568900862069,3.113830387931035,3.171,3.376,0.31531099137930996,0.26216961206896494,0.28874030172413745
-tPCytz4rww$_$10,11,condo.,3.2107823275862075,3.9527898706896556,3.744,4.194,0.5332176724137927,0.24121012931034436,0.3872139008620683
-tPCytz4rww$_$11,0,Make,0.20934524700598803,0.46700093562874256,0.51,0.673,0.300654752994012,0.20599906437125748,0.25332690868263474
-tPCytz4rww$_$11,1,sure,0.46700093562874256,0.6924496631736528,0.714,0.877,0.2469990643712574,0.18455033682634725,0.21577470059880233
-tPCytz4rww$_$11,2,that,0.6924496631736528,0.9178983907185629,0.918,1.02,0.2255503368263473,0.10210160928143708,0.16382597305389218
-tPCytz4rww$_$11,3,your,0.9178983907185629,1.0467262350299402,1.04,1.244,0.1221016092814371,0.19727376497005977,0.15968768712574843
-tPCytz4rww$_$11,4,using,1.0467262350299402,1.4010028068862277,1.326,1.53,0.27927376497005985,0.12899719311377233,0.20413547904191598
-tPCytz4rww$_$11,5,comps,1.4010028068862277,1.8196933008982037,1.571,1.917,0.16999719311377226,0.09730669910179635,0.1336519461077843
-tPCytz4rww$_$11,6,that,1.8196933008982037,1.948521145209581,1.958,2.081,0.13830669910179627,0.132478854790419,0.13539277694610752
-tPCytz4rww$_$11,7,are,1.948521145209581,2.0773489895209583,2.121,2.223,0.17247885479041902,0.1456510104790416,0.15906493263473043
-tPCytz4rww$_$11,8,not,2.0773489895209583,2.2061768338323353,2.264,2.387,0.18665101047904153,0.1808231661676647,0.1837370883233529
-tPCytz4rww$_$11,9,"larger,",2.2061768338323353,2.4316255613772455,2.468,2.876,0.26182316616766466,0.4443744386227544,0.3530988023952093
-tPCytz4rww$_$11,10,no,2.7206961077844314,3.2367995883233536,3.304,3.406,0.5833038922155684,0.16920041167664657,0.3762521519461077
-tPCytz4rww$_$11,11,larger,3.2367995883233536,3.4300413547904194,3.447,3.774,0.2102004116766465,0.34395864520958064,0.2770795284431138
-tPCytz4rww$_$11,12,than,3.4300413547904194,3.7843179266467066,3.814,3.957,0.3839586452095807,0.17268207335329322,0.27832035928143695
-tPCytz4rww$_$11,13,twelve,3.7843179266467066,3.9453527320359285,3.998,4.243,0.2136820733532936,0.2976472679640718,0.2556646706586827
-tPCytz4rww$_$11,14,hundred,3.9453527320359285,4.2030084206586835,4.284,4.467,0.3386472679640713,0.2639915793413161,0.3013194236526937
-tPCytz4rww$_$11,15,square,4.2030084206586835,4.476767589820359,4.508,4.732,0.3049915793413165,0.2552324101796408,0.2801119947604791
-tPCytz4rww$_$11,16,feet.,4.476767589820359,4.686112836826348,4.773,4.936,0.2962324101796403,0.24988716317365167,0.27305978667664554
-tPCytz4rww$_$12,0,No,0.24049564549180327,0.5290904200819673,0.545,0.666,0.3045043545081968,0.13690957991803276,0.22070696721311478
-tPCytz4rww$_$12,1,less,0.5290904200819673,0.7856191086065574,0.707,0.889,0.1779095799180327,0.10338089139344264,0.14064523565573767
-tPCytz4rww$_$12,2,than,0.7856191086065574,0.9459495389344261,0.949,1.09,0.16338089139344258,0.14405046106557395,0.15371567622950827
-tPCytz4rww$_$12,3,eight,0.9459495389344261,1.2986764856557378,1.373,1.515,0.42705046106557387,0.2163235143442621,0.321686987704918
-tPCytz4rww$_$12,4,hundred,1.2986764856557378,1.5231390881147542,1.555,1.757,0.25632351434426215,0.23386091188524571,0.24509221311475393
-tPCytz4rww$_$12,5,squire,1.5231390881147542,1.811733862704918,1.797,2.04,0.27386091188524575,0.22826613729508205,0.2510635245901639
-tPCytz4rww$_$12,6,feet,1.811733862704918,2.0361964651639344,2.08,2.241,0.2682661372950821,0.20480353483606573,0.2365348360655739
-tPCytz4rww$_$12,7,and,2.0361964651639344,2.5492538422131146,2.585,2.666,0.5488035348360656,0.11674615778688535,0.33277484631147547
-tPCytz4rww$_$12,8,going,2.5492538422131146,2.67751818647541,2.686,2.787,0.13674615778688537,0.10948181352459008,0.12311398565573795
-tPCytz4rww$_$12,9,to,2.67751818647541,2.7416503586065573,2.807,2.928,0.1294818135245901,0.18634964139344268,0.1579157274590164
-tPCytz4rww$_$12,10,similar,2.7416503586065573,2.9661129610655736,2.989,3.493,0.24734964139344262,0.5268870389344262,0.38711834016393465
-tPCytz4rww$_$12,11,"in,",3.0272694672131144,3.5433025102459013,3.655,3.776,0.6277305327868854,0.23269748975409854,0.43021401127049175
-tPCytz4rww$_$12,12,similar,4.406111168032787,4.922144211065573,4.988,5.493,0.5818888319672135,0.570855788934427,0.5763723104508203
-tPCytz4rww$_$12,13,with,5.079498975409836,5.595532018442622,5.634,5.816,0.5545010245901647,0.2204679815573778,0.38748450307377125
-tPCytz4rww$_$12,14,bedrooms,5.595532018442622,6.204787653688525,5.957,6.321,0.3614679815573778,0.11621234631147459,0.2388401639344262
-tPCytz4rww$_$12,15,and,6.204787653688525,6.300985911885245,6.341,6.422,0.13621234631147505,0.12101408811475434,0.1286132172131147
-tPCytz4rww$_$12,16,bathrooms,6.300985911885245,6.8140432889344265,6.462,6.947,0.16101408811475437,0.1329567110655736,0.146985399590164
-tPCytz4rww$_$12,17,as,6.8140432889344265,6.942307633196721,7.007,7.088,0.19295671106557322,0.1456923668032788,0.169324538934426
-tPCytz4rww$_$12,18,well,6.942307633196721,7.102638063524591,7.148,7.371,0.2056923668032784,0.26836193647540973,0.23702715163934407
-tPCytz4rww$_$12,19,and,7.227926741803278,7.743959784836065,7.997,8.138,0.7690732581967215,0.39404021516393506,0.5815567366803283
-tPCytz4rww$_$12,20,hopefully,7.901314549180327,8.673876280737705,8.501,8.845,0.5996854508196723,0.17112371926229564,0.38540458504098396
-tPCytz4rww$_$12,21,the,8.673876280737705,9.122801485655739,9.208,9.37,0.5341237192622952,0.24719851434426054,0.39066111680327786
-tPCytz4rww$_$12,22,complexes,9.122801485655739,9.860321465163935,9.471,9.976,0.3481985143442614,0.11567853483606605,0.23193852459016373
-tPCytz4rww$_$12,23,have,9.860321465163935,9.956519723360655,10.036,10.177,0.17567853483606477,0.22048027663934455,0.19807940573770377
-tPCytz4rww$_$12,24,similar,9.956519723360655,10.180982325819672,10.258,10.622,0.30148027663934407,0.441017674180328,0.37124897540983604
-tPCytz4rww$_$12,25,amenities.,10.180982325819672,11.078832735655737,10.703,11.228,0.5220176741803275,0.1491672643442623,0.3355924692622958
-tPCytz4rww$_$16,0,So,0.257268018018018,0.5627737894144145,0.587,0.829,0.32973198198198195,0.2662262105855855,0.2979790962837837
-tPCytz4rww$_$16,1,make,0.5627737894144145,0.9486758164414415,0.971,1.133,0.4082262105855855,0.1843241835585585,0.296275197072072
-tPCytz4rww$_$16,2,sure,0.9486758164414415,1.1737853322072072,1.173,1.396,0.22432418355855854,0.22221466779279275,0.22326942567567576
-tPCytz4rww$_$16,3,to,1.1737853322072072,1.4632118524774773,1.476,1.78,0.3022146677927928,0.3167881475225227,0.30950140765765777
-tPCytz4rww$_$16,4,get,1.4632118524774773,1.913430884009009,1.942,2.063,0.47878814752252263,0.1495691159909911,0.31417863175675687
-tPCytz4rww$_$16,5,a,1.913430884009009,2.042064893018018,2.103,2.124,0.18956911599099113,0.08193510698198203,0.13575211148648658
-tPCytz4rww$_$16,6,through,2.042064893018018,2.2028574042792792,2.184,2.569,0.14193510698198208,0.3661425957207207,0.2540388513513516
-tPCytz4rww$_$16,7,or,2.4907407094594594,3.0068199605855854,4.166,4.247,1.675259290540541,1.2401800394144145,1.4577196649774775
-tPCytz4rww$_$16,8,to,3.744922297297297,4.261001548423423,4.308,4.409,0.563077702702703,0.14799845157657643,0.35553807713964014
-tPCytz4rww$_$16,9,do,4.261001548423423,4.421794059684684,4.47,4.631,0.20899845157657637,0.20920594031531614,0.2091021959459458
-tPCytz4rww$_$16,10,a,4.421794059684684,4.614745073198199,4.672,4.712,0.2502059403153156,0.09725492680180103,0.17373043355855833
-tPCytz4rww$_$16,11,through,4.614745073198199,4.807696086711712,4.834,5.178,0.21925492680180092,0.3703039132882884,0.29477942004504465
-tPCytz4rww$_$16,12,cleaning,4.807696086711712,5.450866131756756,5.218,5.622,0.4103039132882884,0.17113386824324373,0.29071889076576607
-tPCytz4rww$_$16,13,of,5.450866131756756,5.8046096565315315,5.906,6.007,0.45513386824324353,0.20239034346846818,0.3287621058558563
-tPCytz4rww$_$16,14,the,5.8046096565315315,6.029719172297297,6.067,6.148,0.2623903434684687,0.11828082770270232,0.1903355855855855
-tPCytz4rww$_$16,15,property.,6.029719172297297,6.190511683558558,6.189,6.613,0.1592808277027027,0.42248831644144236,0.2908845720720721
-tPCytz4rww$_$18,0,Do,0.22540042892156864,0.499100949754902,0.526,0.708,0.3005995710784314,0.20889905024509797,0.25474931066176465
-tPCytz4rww$_$18,1,so,0.499100949754902,0.7728014705882353,0.768,0.991,0.268899050245098,0.21819852941176465,0.24354878982843137
-tPCytz4rww$_$18,2,and,0.9168026960784315,1.4329027267156864,1.537,1.658,0.6201973039215685,0.2250972732843135,0.4226472886029409
-tPCytz4rww$_$18,3,as,1.4329027267156864,1.6905032169117649,1.719,1.8,0.28609727328431367,0.10949678308823518,0.19779702818627443
-tPCytz4rww$_$18,4,well,1.6905032169117649,1.8515035232843138,1.84,2.103,0.14949678308823522,0.2514964767156864,0.20049662990196093
-tPCytz4rww$_$18,5,you'll,2.0438048406862745,2.688705116421569,2.589,2.811,0.5451951593137254,0.12229488357843099,0.333745021446078
-tPCytz4rww$_$18,6,also,2.688705116421569,2.9141055453431375,2.852,3.094,0.16329488357843092,0.17989445465686238,0.17159466911764643
-tPCytz4rww$_$18,7,want,2.9141055453431375,3.139505974264706,3.175,3.377,0.26089445465686234,0.23749402573529377,0.24919424019607828
-tPCytz4rww$_$18,8,to,3.139505974264706,3.4293065257352944,3.418,3.6,0.27849402573529414,0.1706934742647057,0.22459375000000015
-tPCytz4rww$_$18,9,remove,3.4293065257352944,3.815707261029412,3.701,4.004,0.2716934742647057,0.18829273897058751,0.22999310661764638
-tPCytz4rww$_$18,10,any,3.815707261029412,4.008907628676471,4.045,4.166,0.22929273897058788,0.1570923713235297,0.1931925551470588
-tPCytz4rww$_$18,11,clutter,4.008907628676471,4.427508425245098,4.227,4.571,0.21809237132352965,0.14349157475490149,0.18079197303921557
-tPCytz4rww$_$18,12,from,4.427508425245098,4.620708792892158,4.631,4.753,0.20349157475490198,0.13229120710784237,0.16789139093137173
-tPCytz4rww$_$18,13,that,4.620708792892158,5.0393095894607844,4.773,5.177,0.15229120710784194,0.13769041053921516,0.144990808823529
-tPCytz4rww$_$18,14,you've,5.0393095894607844,5.280810049019609,5.218,5.4,0.17869041053921553,0.11918995098039176,0.14894018075980409
-tPCytz4rww$_$18,15,accumulated.,5.280810049019609,5.9409113051470595,5.42,6.047,0.13918995098039133,0.10608869485294026,0.1226393229166658
-uywlfIYOS8$_$4,0,And,0.560530737704918,1.0765993852459017,0.144,1.091,0.416530737704918,0.014400614754098262,0.20106506147540992
-uywlfIYOS8$_$4,1,then,1.0765993852459017,1.2051485655737704,1.215,1.338,0.13840061475409837,0.1328514344262297,0.13562602459016404
-uywlfIYOS8$_$4,2,from,1.2051485655737704,1.3658350409836064,1.4,1.524,0.19485143442622954,0.1581649590163936,0.17650819672131157
-uywlfIYOS8$_$4,3,a,1.3658350409836064,1.4943842213114755,1.565,1.606,0.19916495901639353,0.11161577868852457,0.15539036885245905
-uywlfIYOS8$_$4,4,brand,1.4943842213114755,1.6872079918032787,1.689,2.121,0.19461577868852453,0.43379200819672126,0.3142038934426228
-uywlfIYOS8$_$4,5,point,1.6872079918032787,2.104992827868853,2.162,2.389,0.4747920081967212,0.284007172131147,0.3793995901639342
-uywlfIYOS8$_$4,6,of,2.104992827868853,2.3299538934426227,2.43,2.492,0.3250071721311474,0.16204610655737728,0.24352663934426233
-uywlfIYOS8$_$4,7,"view,",2.3299538934426227,2.458503073770492,2.512,2.677,0.1820461065573773,0.21849692622950823,0.20027151639344254
-uywlfIYOS8$_$4,8,we,2.458503073770492,2.6513268442622953,2.718,2.821,0.25949692622950815,0.16967315573770492,0.21458504098360653
-uywlfIYOS8$_$4,9,need,2.6513268442622953,2.8441506147540982,2.924,3.109,0.2726731557377047,0.26484938524590174,0.268761270491803
-uywlfIYOS8$_$4,10,to,2.8441506147540982,3.069111680327869,3.151,3.212,0.30684938524590155,0.14288831967213111,0.22486885245901633
-uywlfIYOS8$_$4,11,make,3.069111680327869,3.1976608606557377,3.274,3.439,0.20488831967213095,0.24133913934426232,0.22311372950819663
-uywlfIYOS8$_$4,12,sure,3.1976608606557377,3.390484631147541,3.48,3.624,0.28233913934426225,0.23351536885245894,0.2579272540983606
-uywlfIYOS8$_$4,13,we're,3.390484631147541,3.7922008196721313,3.789,3.974,0.398515368852459,0.1817991803278689,0.29015727459016394
-uywlfIYOS8$_$4,14,driving,3.7922008196721313,3.9046813524590167,4.015,4.324,0.22279918032786838,0.41931864754098314,0.32105891393442576
-uywlfIYOS8$_$4,15,the,3.9046813524590167,4.226054303278689,4.345,4.427,0.44031864754098304,0.2009456967213108,0.3206321721311469
-uywlfIYOS8$_$4,16,relevant,4.226054303278689,4.643839139344262,4.489,4.86,0.2629456967213111,0.21616086065573814,0.2395532786885246
-uywlfIYOS8$_$4,17,insight.,4.643839139344262,5.109829918032787,5.004,5.436,0.3601608606557374,0.32617008196721287,0.3431654713114751
-vxjVxOeScU$_$4,0,You're,0.2251225533807829,0.5628063834519572,0.484,0.605,0.2588774466192171,0.04219361654804277,0.15053553158362992
-vxjVxOeScU$_$4,2,to,0.6271271129893239,0.6914478425266903,0.747,0.807,0.11987288701067611,0.11555215747330971,0.11771252224199291
-vxjVxOeScU$_$4,3,talk,0.6914478425266903,0.8522496663701067,0.847,1.11,0.15555215747330964,0.2577503336298934,0.20665124555160153
-vxjVxOeScU$_$4,4,about,0.8522496663701067,1.238174043594306,1.17,1.614,0.31775033362989324,0.37582595640569405,0.34678814501779354
-vxjVxOeScU$_$4,5,their,1.36530115658363,1.8813813389679717,1.876,2.078,0.51069884341637,0.19661866103202819,0.3536587522241992
-vxjVxOeScU$_$4,6,"life,",1.8813813389679717,2.202984986654804,2.199,2.643,0.3176186610320282,0.4400150133451959,0.3788168371886118
-vxjVxOeScU$_$4,7,their,2.4265931939501777,2.942673376334519,2.966,3.148,0.5394068060498225,0.20532662366548093,0.3723667148576515
-vxjVxOeScU$_$4,8,marriage,2.942673376334519,3.232116659252669,3.249,3.814,0.3063266236654809,0.5818833407473312,0.44410498220640604
-vxjVxOeScU$_$4,9,and,3.841649243772242,4.357729426156583,4.802,4.883,0.9603507562277578,0.5252705738434171,0.7428106650355875
-vxjVxOeScU$_$4,10,usually,4.517016903914591,5.033097086298932,5.044,5.549,0.5269830960854085,0.5159029137010682,0.5214430048932384
-vxjVxOeScU$_$4,11,how,5.09590346975089,5.6119836521352315,5.65,5.851,0.5540965302491108,0.23901634786476844,0.39655643905694005
-vxjVxOeScU$_$4,12,amazing,5.6119836521352315,6.126549488434163,5.912,6.457,0.3000163478647684,0.3304505115658367,0.31523342971530255
-vxjVxOeScU$_$4,13,it,6.126549488434163,6.448153136120997,6.517,6.578,0.3904505115658372,0.12984686387900357,0.2601486877224204
-vxjVxOeScU$_$4,14,is,6.448153136120997,6.6411153247330965,6.699,6.8,0.2508468638790031,0.1588846752669033,0.20486576957295322
-vxjVxOeScU$_$4,15,that,6.6411153247330965,6.866237878113878,6.88,6.981,0.23888467526690338,0.11476212188612145,0.17682339857651241
-vxjVxOeScU$_$4,16,they've,6.866237878113878,7.091360431494662,7.022,7.224,0.15576212188612182,0.1326395685053381,0.14420084519572995
-vxjVxOeScU$_$4,17,stayed,7.091360431494662,7.396883896797153,7.264,7.546,0.17263956850533813,0.1491161032028474,0.16087783585409277
-vxjVxOeScU$_$4,18,together,7.396883896797153,7.702407362099644,7.587,7.97,0.1901161032028469,0.26759263790035615,0.22885437055160152
-vxjVxOeScU$_$4,19,this,7.702407362099644,8.05617137455516,8.031,8.192,0.328592637900357,0.13582862544484087,0.23221063167259892
-vxjVxOeScU$_$4,20,long.,8.05617137455516,8.249133563167259,8.293,8.596,0.23682862544483996,0.346866436832741,0.2918475311387905
-wMB_hJL-3o$_$7,0,So,0.27307678091397847,0.5943435819892473,0.607,0.931,0.3339232190860215,0.33665641801075274,0.33528981854838713
-wMB_hJL-3o$_$7,1,if,0.5943435819892473,1.0441171034946235,1.114,1.174,0.5196564180107528,0.12988289650537643,0.3247696572580646
-wMB_hJL-3o$_$7,2,you,1.0441171034946235,1.1726238239247313,1.215,1.336,0.17088289650537658,0.16337617607526878,0.16712953629032268
-wMB_hJL-3o$_$7,3,have,1.1726238239247313,1.3332572244623657,1.377,1.478,0.2043761760752687,0.14474277553763426,0.17455947580645148
-wMB_hJL-3o$_$7,4,a,1.3332572244623657,1.461763944892473,1.518,1.539,0.1847427755376343,0.07723605510752685,0.13098941532258057
-wMB_hJL-3o$_$7,5,loved,1.461763944892473,1.5902706653225804,1.599,1.822,0.1372360551075269,0.23172933467741963,0.18448269489247326
-wMB_hJL-3o$_$7,6,one,1.5902706653225804,1.8472841061827956,1.923,2.004,0.3327293346774196,0.1567158938172044,0.244722614247312
-wMB_hJL-3o$_$7,7,who,1.8472841061827956,2.0400441868279566,2.065,2.166,0.21771589381720435,0.1259558131720433,0.17183585349462382
-wMB_hJL-3o$_$7,8,is,2.0400441868279566,2.1685509072580644,2.227,2.288,0.18695581317204324,0.11944909274193538,0.1532024529569891
-wMB_hJL-3o$_$7,9,depressed,2.1685509072580644,2.7468311491935484,2.328,2.956,0.15944909274193542,0.20916885080645153,0.1843089717741937
-wMB_hJL-3o$_$7,10,those,2.8411747311827957,3.357238071236559,3.3,3.503,0.4588252688172041,0.14576192876344107,0.30229359879032236
-wMB_hJL-3o$_$7,11,are,3.357238071236559,3.45361811155914,3.523,3.604,0.1657619287634411,0.1503818884408603,0.1580719086021507
-wMB_hJL-3o$_$7,12,some,3.45361811155914,3.614251512096774,3.644,3.786,0.19038188844086035,0.17174848790322583,0.18106518817204287
-wMB_hJL-3o$_$7,13,of,3.614251512096774,3.7427582325268816,3.827,3.887,0.21274848790322576,0.14424176747311845,0.1784951276881721
-wMB_hJL-3o$_$7,14,the,3.7427582325268816,3.871264952956989,3.907,3.968,0.16424176747311847,0.09673504704301106,0.13048840725806476
-wMB_hJL-3o$_$7,15,things,3.871264952956989,4.031898353494624,4.029,4.252,0.157735047043011,0.220101646505376,0.1889183467741935
-wMB_hJL-3o$_$7,16,that,4.031898353494624,4.256785114247311,4.292,4.393,0.26010164650537604,0.1362148857526888,0.19815826612903242
-wMB_hJL-3o$_$7,17,you,4.256785114247311,4.385291834677419,4.434,4.535,0.17721488575268918,0.1497081653225809,0.16346152553763504
-wMB_hJL-3o$_$7,18,should,4.385291834677419,4.545925235215053,4.576,4.738,0.1907081653225804,0.19207476478494723,0.1913914650537638
-wMB_hJL-3o$_$7,19,think,4.545925235215053,4.738685315860215,4.778,4.94,0.23207476478494637,0.2013146841397857,0.21669472446236604
-wMB_hJL-3o$_$7,20,about,4.738685315860215,4.995698756720429,4.981,5.203,0.24231468413978519,0.2073012432795709,0.22480796370967804
-wMB_hJL-3o$_$7,21,doing.,4.995698756720429,5.220585517473118,5.244,5.568,0.24830124327957037,0.34741448252688123,0.2978578629032258
-wny0OAz3g8$_$0,0,trade,0.12966336633663367,0.307950495049505,0.307,0.511,0.17733663366336633,0.203049504950495,0.19019306930693067
-wny0OAz3g8$_$0,1,labor,0.307950495049505,0.5024455445544554,0.532,0.757,0.22404950495049503,0.25455445544554456,0.2393019801980198
-wny0OAz3g8$_$0,2,unions,0.5024455445544554,1.0210990099009902,0.838,1.084,0.3355544554455445,0.06290099009900985,0.19922772277227713
-wny0OAz3g8$_$0,3,didn’t,1.0210990099009902,1.3290495049504951,1.166,1.391,0.1449009900990097,0.061950495049504894,0.1034257425742573
-wny0OAz3g8$_$0,4,allow,1.3290495049504951,1.539752475247525,1.452,1.738,0.12295049504950484,0.1982475247524751,0.16059900990098996
-wny0OAz3g8$_$0,5,Black,1.539752475247525,1.799079207920792,1.8,2.025,0.26024752475247515,0.2259207920792079,0.24308415841584152
-wny0OAz3g8$_$0,6,workers,1.799079207920792,2.2529009900990102,2.045,2.352,0.24592079207920792,0.09909900990098963,0.172509900990099
-wny0OAz3g8$_$0,7,to,2.2529009900990102,2.3825643564356436,2.393,2.474,0.14009900990098956,0.09143564356435663,0.11576732673267331
-wny0OAz3g8$_$0,8,join,2.3825643564356436,2.5122277227722773,2.515,2.761,0.13243564356435655,0.24877227722772277,0.19060396039603966
-wny0OAz3g8$_$1,0,And,0.22481486966824643,0.4978043542654028,0.546,0.627,0.3211851303317536,0.1291956457345972,0.22519038803317537
-wny0OAz3g8$_$1,1,because,0.4978043542654028,0.8510848637440758,0.667,0.93,0.16919564573459722,0.07891513625592428,0.1240553909952607
-wny0OAz3g8$_$1,2,they,0.8510848637440758,0.9795505035545022,0.97,1.071,0.1189151362559242,0.09144949644549771,0.10518231635071096
-wny0OAz3g8$_$1,3,couldn’t,0.9795505035545022,1.268598193127962,1.112,1.334,0.13244949644549786,0.06540180687203812,0.09892565165876799
-wny0OAz3g8$_$1,4,join,1.268598193127962,1.3649474229857819,1.375,1.577,0.10640180687203804,0.2120525770142181,0.15922719194312807
-wny0OAz3g8$_$1,5,"unions,",1.3649474229857819,1.9430428021327013,1.698,2.042,0.3330525770142181,0.09895719786729851,0.2160048874407583
-wny0OAz3g8$_$1,6,many,1.9430428021327013,2.1357412618483407,2.183,2.345,0.23995719786729852,0.20925873815165952,0.22460796800947924
-wny0OAz3g8$_$1,7,Black,2.1357412618483407,2.3605561315165877,2.386,2.588,0.25025873815165944,0.22744386848341236,0.2388513033175359
-wny0OAz3g8$_$1,8,workers,2.3605561315165877,2.81018587085308,2.608,2.911,0.24744386848341238,0.10081412914692,0.1741289988151662
-wny0OAz3g8$_$1,9,couldn’t,2.81018587085308,3.1474081753554497,2.992,3.255,0.18181412914691997,0.1075918246445502,0.14470297689573508
-wny0OAz3g8$_$1,10,get,3.1474081753554497,3.259815610189573,3.275,3.376,0.1275918246445502,0.11618438981042667,0.12188810722748844
-wny0OAz3g8$_$1,11,manufacturing,3.259815610189573,3.9342602191943126,3.437,4.043,0.1771843898104266,0.10873978080568758,0.1429620853080571
-wny0OAz3g8$_$1,12,or,3.9342602191943126,4.0306094490521325,4.084,4.144,0.14973978080568706,0.11339055094786765,0.13156516587677736
-wny0OAz3g8$_$1,13,trade,4.0306094490521325,4.159075088862559,4.185,4.428,0.15439055094786713,0.2689249111374412,0.21165773104265462
-wny0OAz3g8$_$1,14,work,4.159075088862559,4.416006368483412,4.448,4.609,0.2889249111374417,0.19299363151658788,0.24095927132701522
-wny0OAz3g8$_$1,16,which,4.416006368483412,4.672937648104265,4.711,4.852,0.2949936315165882,0.17906235189573572,0.23702799170616196
-wny0OAz3g8$_$1,17,paid,4.672937648104265,4.897752517772512,4.913,5.115,0.24006235189573566,0.21724748222748858,0.22865491706161212
-wny0OAz3g8$_$1,18,much,4.897752517772512,5.154683797393364,5.196,5.378,0.2982474822274881,0.22331620260663598,0.26078184241706204
-wny0OAz3g8$_$1,19,better,5.154683797393364,5.411615077014217,5.438,5.641,0.2833162026066356,0.2293849229857834,0.2563505627962095
-wny0OAz3g8$_$1,20,than,5.411615077014217,5.668546356635071,5.681,5.802,0.2693849229857834,0.1334536433649287,0.20141928317535607
-wny0OAz3g8$_$1,21,service,5.668546356635071,5.797011996445496,5.822,6.126,0.15345364336492917,0.3289880035545041,0.24122082345971663
-wny0OAz3g8$_$1,22,work,5.797011996445496,6.118176095971563,6.166,6.308,0.3689880035545041,0.18982390402843663,0.2794059537914704
-wny0OAz3g8$_$2,0,And,0.22492025862068965,0.4980377155172414,0.554,0.636,0.3290797413793104,0.1379622844827586,0.2335210129310345
-wny0OAz3g8$_$2,1,because,0.4980377155172414,0.8514838362068966,0.677,0.985,0.17896228448275864,0.13351616379310338,0.15623922413793095
-wny0OAz3g8$_$2,2,they,0.8514838362068966,0.9800096982758622,1.026,1.128,0.17451616379310342,0.14799030172413774,0.16125323275862058
-wny0OAz3g8$_$2,3,couldn’t,0.9800096982758622,1.301324353448276,1.149,1.374,0.16899030172413787,0.0726756465517242,0.12083297413793104
-wny0OAz3g8$_$2,4,get,1.301324353448276,1.3655872844827586,1.395,1.497,0.09367564655172411,0.13141271551724154,0.11254418103448283
-wny0OAz3g8$_$2,5,these,1.3655872844827586,1.5262446120689654,1.518,1.682,0.15241271551724145,0.1557553879310345,0.15408405172413786
-wny0OAz3g8$_$2,6,"jobs,",1.5262446120689654,1.976085129310345,1.723,2.092,0.19675538793103464,0.11591487068965511,0.15633512931034488
-wny0OAz3g8$_$2,7,Black,1.976085129310345,2.2010053879310343,2.256,2.462,0.2799148706896548,0.2609946120689659,0.27045474137931036
-wny0OAz3g8$_$2,8,communities,2.2010053879310343,2.747240301724138,2.482,2.851,0.2809946120689659,0.10375969827586218,0.19237715517241405
-wny0OAz3g8$_$2,9,had,2.747240301724138,2.811503232758621,2.892,2.995,0.1447596982758621,0.1834967672413792,0.16412823275862087
-wny0OAz3g8$_$2,10,more,2.811503232758621,2.9721605603448276,3.036,3.2,0.22449676724137912,0.22783943965517262,0.22616810344827587
-wny0OAz3g8$_$2,11,men,2.9721605603448276,3.164949353448276,3.241,3.344,0.26883943965517254,0.17905064655172387,0.22394504310344798
-wny0OAz3g8$_$2,12,out,3.164949353448276,3.2934752155172413,3.385,3.467,0.2200506465517238,0.17352478448275876,0.19678771551724128
-wny0OAz3g8$_$2,13,of,3.2934752155172413,3.4059353448275864,3.487,3.549,0.19352478448275878,0.1430646551724135,0.16829471982758615
-wny0OAz3g8$_$2,14,"work,",3.4059353448275864,3.518395474137931,3.59,3.815,0.18406465517241344,0.29660452586206887,0.24033459051724138
-wny0OAz3g8$_$2,15,higher,3.518395474137931,3.96823599137931,4.082,4.308,0.5636045258620688,0.3397640086206897,0.451684267241379
-wny0OAz3g8$_$2,16,rates,3.96823599137931,4.337747844827586,4.328,4.492,0.35976400862069013,0.15425215517241408,0.25700808189655255
-wny0OAz3g8$_$2,17,of,4.337747844827586,4.41807650862069,4.513,4.574,0.175252155172414,0.15592349137931016,0.16558782327586208
-wny0OAz3g8$_$2,18,"poverty,",4.41807650862069,4.546602370689655,4.615,4.985,0.19692349137931053,0.4383976293103453,0.3176605603448279
-wny0OAz3g8$_$2,19,and,4.546602370689655,4.932179956896551,5.087,5.169,0.5403976293103447,0.23682004310344862,0.3886088362068967
-wny0OAz3g8$_$2,20,more,4.932179956896551,5.0928372844827585,5.21,5.354,0.277820043103449,0.2611627155172416,0.2694913793103453
-wny0OAz3g8$_$2,21,criminal,5.0928372844827585,5.2856260775862065,5.395,5.723,0.30216271551724105,0.43737392241379336,0.3697683189655172
-wny0OAz3g8$_$2,22,behavior,5.2856260775862065,5.896123922413793,5.744,6.133,0.45837392241379327,0.23687607758620732,0.3476250000000003
-wny0OAz3g8$_$3,0,Which,0.2407845394736842,0.5297259868421053,0.545,0.686,0.3042154605263159,0.1562740131578948,0.23024473684210534
-wny0OAz3g8$_$3,1,then,0.5297259868421053,0.7544582236842104,0.746,0.888,0.21627401315789474,0.13354177631578956,0.17490789473684215
-wny0OAz3g8$_$3,2,allowed,0.7544582236842104,1.0112950657894735,0.928,1.17,0.1735417763157896,0.15870493421052645,0.16612335526315808
-wny0OAz3g8$_$3,3,the,1.0112950657894735,1.171818092105263,1.19,1.251,0.17870493421052647,0.07918190789473689,0.12894342105263168
-wny0OAz3g8$_$3,4,white,1.171818092105263,1.2841842105263157,1.291,1.453,0.11918190789473693,0.16881578947368436,0.14399884868421065
-wny0OAz3g8$_$3,5,workers,1.2841842105263157,1.6854917763157893,1.493,1.775,0.2088157894736844,0.08950822368421063,0.14916200657894751
-wny0OAz3g8$_$3,6,and,1.6854917763157893,1.781805592105263,1.816,1.876,0.13050822368421078,0.09419440789473699,0.11235131578947388
-wny0OAz3g8$_$3,7,unions,1.781805592105263,2.13495625,1.957,2.219,0.17519440789473717,0.08404374999999975,0.12961907894736846
-wny0OAz3g8$_$3,8,to,2.13495625,2.2633746710526315,2.26,2.34,0.12504374999999968,0.0766253289473684,0.10083453947368426
-wny0OAz3g8$_$3,9,justify,2.2633746710526315,2.4881069078947364,2.401,2.845,0.13762532894736834,0.35689309210526377,0.24725921052631583
-wny0OAz3g8$_$3,10,their,2.4881069078947364,2.8733621710526314,2.885,3.006,0.39689309210526336,0.13263782894736842,0.2647654605263161
-wny0OAz3g8$_$3,11,decision,2.8733621710526314,3.146251315789473,3.046,3.369,0.17263782894736845,0.22274868421052707,0.19769325657894798
-wny0OAz3g8$_$3,12,to,3.146251315789473,3.3870358552631576,3.389,3.47,0.24274868421052664,0.08296414473684255,0.16285641447368437
-wny0OAz3g8$_$3,13,not,3.3870358552631576,3.547558881578947,3.551,3.732,0.1639641447368425,0.18444111842105304,0.174202631578948
-wny0OAz3g8$_$3,14,allow,3.547558881578947,3.836500328947368,3.773,4.015,0.22544111842105297,0.17849967105263165,0.2019703947368423
-wny0OAz3g8$_$3,15,black,3.836500328947368,4.0612325657894734,4.055,4.297,0.21849967105263168,0.23576743421052626,0.22713355263157897
-wny0OAz3g8$_$3,16,workers,4.0612325657894734,4.57490625,4.338,4.681,0.27676743421052663,0.10609375000000032,0.19143059210526392
-wny0OAz3g8$_$3,17,into,4.57490625,4.928056907894737,4.882,5.064,0.30709374999999994,0.13594309210526312,0.22151842105263153
-wny0OAz3g8$_$3,18,their,4.928056907894737,5.056475328947368,5.084,5.225,0.1559430921052627,0.1685246710526318,0.16223388157894725
-wny0OAz3g8$_$3,19,union,5.056475328947368,5.249102960526315,5.367,5.589,0.31052467105263215,0.3398970394736853,0.32521085526315874
-wny0OAz3g8$_$5,0,This,0.2568166666666667,0.5938885416666667,0.596,0.739,0.3391833333333333,0.14511145833333328,0.24214739583333328
-wny0OAz3g8$_$5,1,is,0.5938885416666667,0.7543989583333335,0.801,0.863,0.20711145833333333,0.10860104166666651,0.15785624999999998
-wny0OAz3g8$_$5,2,what’s,0.7543989583333335,0.9951645833333335,0.904,1.088,0.14960104166666655,0.09283541666666661,0.12121822916666664
-wny0OAz3g8$_$5,3,now,0.9951645833333335,1.1075218750000002,1.129,1.294,0.13383541666666654,0.18647812499999983,0.16015677083333313
-wny0OAz3g8$_$5,4,known,1.1075218750000002,1.3322364583333335,1.335,1.561,0.22747812499999975,0.22876354166666646,0.2281208333333331
-wny0OAz3g8$_$5,5,as,1.3322364583333335,1.5569510416666668,1.602,1.684,0.2697635416666666,0.12704895833333318,0.1984062499999999
-wny0OAz3g8$_$5,6,racial,1.5569510416666668,1.8619208333333335,1.766,2.054,0.20904895833333326,0.19207916666666636,0.2005640624999998
-wny0OAz3g8$_$5,7,formation,1.8619208333333335,2.3274010416666666,2.095,2.546,0.23307916666666673,0.2185989583333332,0.22583906249999997
-wny0OAz3g8$_$5,8,"theory,",2.3274010416666666,2.7126260416666668,2.608,2.875,0.2805989583333335,0.16237395833333323,0.22148645833333336
-wny0OAz3g8$_$5,9,a,2.7126260416666668,3.0336468750000005,3.163,3.204,0.45037395833333305,0.17035312499999966,0.31036354166666635
-wny0OAz3g8$_$5,10,theory,3.0336468750000005,3.3065145833333336,3.245,3.471,0.2113531249999996,0.1644854166666665,0.18791927083333304
-wny0OAz3g8$_$5,11,formalized,3.3065145833333336,3.8040968750000004,3.512,4.004,0.20548541666666642,0.19990312499999918,0.20269427083333258
-wny0OAz3g8$_$5,12,by,3.8040968750000004,3.9325052083333336,4.046,4.128,0.24190312499999989,0.1954947916666665,0.21869895833333297
-wny0OAz3g8$_$5,13,modern,3.9325052083333336,4.0930156250000005,4.189,4.456,0.25649479166666644,0.3629843749999999,0.30973958333333274
-wny0OAz3g8$_$5,14,sociologists,4.0930156250000005,4.895567708333334,4.497,5.072,0.4039843749999994,0.17643229166666607,0.29020833333333274
-wny0OAz3g8$_$5,15,Michael,4.895567708333334,4.959771875,5.093,5.319,0.19743229166666598,0.35922812499999957,0.2783302083333328
-wny0OAz3g8$_$5,16,Omi,4.959771875,5.377098958333334,5.421,5.627,0.4612281249999999,0.24990104166666605,0.35556458333333296
-wny0OAz3g8$_$5,17,and,5.377098958333334,5.537609375000001,5.688,5.771,0.310901041666666,0.2333906249999993,0.2721458333333331
-wny0OAz3g8$_$5,18,Howard,5.537609375000001,5.794426041666667,5.812,6.037,0.27439062499999967,0.24257395833333284,0.2584822916666667
-wny0OAz3g8$_$5,19,Winant,5.794426041666667,6.0512427083333336,6.058,6.346,0.26357395833333275,0.29475729166666653,0.2791656249999992
-wny0OAz3g8$_$7,0,Omi,0.22509552845528455,0.6270518292682926,0.184,0.735,0.04109552845528455,0.10794817073170737,0.03342632113821137
-wny0OAz3g8$_$7,1,and,0.6270518292682926,0.7235213414634146,0.756,0.817,0.1289481707317074,0.09347865853658532,0.11121341463414636
-wny0OAz3g8$_$7,2,Winant,0.7235213414634146,0.9486168699186992,0.837,1.103,0.11347865853658534,0.15438313008130078,0.133930894308943
-wny0OAz3g8$_$7,3,argue,0.9486168699186992,1.0772428861788619,1.164,1.368,0.21538313008130072,0.2907571138211382,0.2530701219512195
-wny0OAz3g8$_$7,4,that,1.0772428861788619,1.3666514227642277,1.389,1.47,0.31175711382113813,0.10334857723577229,0.2075528455284552
-wny0OAz3g8$_$7,5,the,1.3666514227642277,1.4631209349593495,1.491,1.572,0.12434857723577242,0.10887906504065059,0.1166138211382115
-wny0OAz3g8$_$7,6,concept,1.4631209349593495,1.881155487804878,1.613,1.961,0.14987906504065052,0.07984451219512212,0.11486178861788632
-wny0OAz3g8$_$7,7,of,1.881155487804878,1.9454684959349593,1.981,2.042,0.09984451219512214,0.09653150406504052,0.09818800813008133
-wny0OAz3g8$_$7,8,race,1.9454684959349593,2.1384075203252033,2.103,2.308,0.1575315040650409,0.16959247967479651,0.1635619918699185
-wny0OAz3g8$_$7,9,came,2.1384075203252033,2.331346544715447,2.369,2.512,0.2305924796747969,0.18065345528455312,0.205622967479675
-wny0OAz3g8$_$7,10,about,2.331346544715447,2.5564420731707314,2.553,2.737,0.22165345528455305,0.18055792682926874,0.2011056910569109
-wny0OAz3g8$_$7,11,as,2.5564420731707314,2.717224593495935,2.798,2.859,0.2415579268292687,0.14177540650406506,0.19166666666666687
-wny0OAz3g8$_$7,12,a,2.717224593495935,2.8136941056910567,2.9,2.92,0.18277540650406499,0.10630589430894322,0.1445406504065041
-wny0OAz3g8$_$7,13,tool,2.8136941056910567,3.038789634146341,2.961,3.227,0.14730589430894314,0.1882103658536587,0.16775813008130092
-wny0OAz3g8$_$7,14,to,3.038789634146341,3.1995721544715447,3.268,3.329,0.22921036585365862,0.12942784552845543,0.17931910569105702
-wny0OAz3g8$_$7,15,justify,3.1995721544715447,3.4407459349593497,3.39,3.88,0.19042784552845538,0.43925406504065023,0.3148409552845528
-wny0OAz3g8$_$7,16,and,3.4407459349593497,3.8427022357723573,3.962,4.023,0.5212540650406505,0.18029776422764243,0.3507759146341465
-wny0OAz3g8$_$7,17,maintain,3.8427022357723573,4.196423780487804,4.064,4.534,0.2212977642276428,0.3375762195121954,0.27943699186991866
-wny0OAz3g8$_$7,18,the,4.196423780487804,4.5501453252032515,4.615,4.717,0.4185762195121958,0.1668546747967481,0.2927154471544724
-wny0OAz3g8$_$7,19,economic,4.5501453252032515,4.887788617886178,4.779,5.208,0.22885467479674837,0.32021138211382194,0.27453302845528516
-wny0OAz3g8$_$7,20,and,4.887788617886178,5.128962398373984,5.248,5.31,0.360211382113822,0.18103760162601557,0.27062449186991877
-wny0OAz3g8$_$7,21,political,5.128962398373984,5.257588414634146,5.351,5.718,0.22203760162601593,0.46041158536585414,0.34122459349593504
-wny0OAz3g8$_$7,22,power,5.257588414634146,5.675622967479675,5.759,6.086,0.5014115853658545,0.41037703252032554,0.4558943089430896
-wny0OAz3g8$_$7,23,held,5.675622967479675,6.061501016260163,6.167,6.351,0.49137703252032505,0.2894989837398372,0.39043800813008067
-wny0OAz3g8$_$7,24,by,6.061501016260163,6.286596544715447,6.392,6.494,0.33049898373983755,0.2074034552845525,0.26895121951219503
-wny0OAz3g8$_$7,25,those,6.286596544715447,6.479535569105691,6.515,6.698,0.22840345528455241,0.21846443089430956,0.223433943089431
-wny0OAz3g8$_$7,26,of,6.479535569105691,6.6081615853658535,6.739,6.78,0.25946443089430904,0.17183841463414673,0.21565142276422744
-wny0OAz3g8$_$7,27,European,6.6081615853658535,6.961883130081301,6.841,7.229,0.23283841463414667,0.26711686991869943,0.2499776422764235
-wny0OAz3g8$_$7,28,descent,6.961883130081301,7.251291666666666,7.25,7.597,0.28811686991869934,0.3457083333333344,0.3169126016260164
-wny0OAz3g8$_$9,0,He,0.22502393617021274,0.4982672872340425,0.536,0.618,0.31097606382978726,0.11973271276595748,0.2153543882978724
-wny0OAz3g8$_$9,1,explores,0.4982672872340425,0.948315159574468,0.659,1.03,0.16073271276595752,0.08168484042553203,0.1212087765957448
-wny0OAz3g8$_$9,2,why,0.948315159574468,1.044753989361702,1.05,1.174,0.10168484042553205,0.129246010638298,0.11546542553191508
-wny0OAz3g8$_$9,3,Black,1.044753989361702,1.1733390957446805,1.215,1.401,0.17024601063829814,0.22766090425531949,0.1989534574468088
-wny0OAz3g8$_$9,4,and,1.1733390957446805,1.3662167553191487,1.421,1.504,0.2476609042553195,0.13778324468085135,0.19272207446808542
-wny0OAz3g8$_$9,5,White,1.3662167553191487,1.4626555851063827,1.524,1.648,0.15778324468085136,0.1853444148936172,0.17156382978723428
-wny0OAz3g8$_$9,6,Americans,1.4626555851063827,2.0091422872340425,1.668,2.101,0.2053444148936172,0.09185771276595744,0.14860106382978733
-wny0OAz3g8$_$9,7,tend,2.0091422872340425,2.2020199468085107,2.163,2.328,0.15385771276595728,0.1259800531914892,0.13991888297872324
-wny0OAz3g8$_$9,8,to,2.2020199468085107,2.2984587765957443,2.369,2.431,0.16698005319148956,0.13254122340425578,0.14976063829787267
-wny0OAz3g8$_$9,9,have,2.2984587765957443,2.3948976063829783,2.472,2.616,0.1735412234042557,0.22110239361702178,0.19732180851063896
-wny0OAz3g8$_$9,10,such,2.3948976063829783,2.5877752659574464,2.657,2.822,0.2621023936170217,0.23422473404255362,0.24816356382978766
-wny0OAz3g8$_$9,11,different,2.5877752659574464,2.844945478723404,2.925,3.213,0.3372247340425534,0.368054521276596,0.3526396276595749
-wny0OAz3g8$_$9,12,outcomes,2.844945478723404,3.5843098404255316,3.316,3.749,0.47105452127659575,0.16469015957446853,0.3178723404255319
-wny0OAz3g8$_$9,13,in,3.5843098404255316,3.6807486702127656,3.811,3.872,0.22669015957446836,0.19125132978723425,0.20897074468085108
-wny0OAz3g8$_$9,14,terms,3.6807486702127656,3.8093337765957442,3.893,4.099,0.21225132978723416,0.28966622340425596,0.2509587765957453
-wny0OAz3g8$_$9,15,of,3.8093337765957442,4.002211436170213,4.12,4.181,0.31066622340425587,0.17878856382978725,0.24472739361702178
-wny0OAz3g8$_$9,16,"income,",4.002211436170213,4.2915279255319145,4.284,4.655,0.281788563829787,0.3634720744680857,0.3226303191489368
-wny0OAz3g8$_$9,17,"education,",4.45052659574468,4.9665997340425525,4.758,5.294,0.30747340425531977,0.3274002659574471,0.317436835106383
-wny0OAz3g8$_$9,18,and,4.9665997340425525,5.191623670212765,5.335,5.417,0.36840026595744746,0.22537632978723465,0.2968882978723415
-wny0OAz3g8$_$9,19,more,5.191623670212765,5.352355053191489,5.458,5.664,0.266376329787235,0.31164494680851096,0.28901063829787255
-yRb-Jum7EQ$_$1,0,it,14.583269801980197,15.099281765676567,1.026,1.167,13.557269801980198,13.932281765676567,13.744775783828382
-yRb-Jum7EQ$_$1,1,comes,15.099281765676567,15.259401402640263,2.233,3.399,12.866281765676566,11.860401402640264,12.363341584158414
-yRb-Jum7EQ$_$1,2,with,15.259401402640263,15.4515449669967,3.5,3.681,11.759401402640263,11.770544966996699,11.764973184818482
-yRb-Jum7EQ$_$1,3,the,15.4515449669967,15.579640676567656,4.546,4.848,10.9055449669967,10.731640676567658,10.818592821782179
-yRb-Jum7EQ$_$1,4,assistance,15.579640676567656,15.83583209570957,5.19,5.753,10.389640676567655,10.08283209570957,10.236236386138613
-yRb-Jum7EQ$_$1,5,and,15.83583209570957,15.963927805280527,6.658,6.819,9.177832095709569,9.144927805280528,9.161379950495048
-yRb-Jum7EQ$_$1,6,agitation,15.963927805280527,16.027975660066005,7.0,8.086,8.963927805280527,7.941975660066005,8.452951732673267
-yRb-Jum7EQ$_$1,8,states,16.092023514851483,16.22011922442244,8.187,8.488,7.905023514851484,7.732119224422441,7.818571369636963
-yRb-Jum7EQ$_$1,10,"regimes,",16.348214933993397,16.732502062706267,8.669,8.911,7.679214933993396,7.8215020627062675,7.750358498349832
-yRb-Jum7EQ$_$1,11,Yesterday,17.08113613861386,17.59714810231023,9.353,9.796,7.728136138613861,7.801148102310229,7.764642120462042
-yRb-Jum7EQ$_$1,12,Iran,17.59714810231023,17.757267739273928,9.816,10.359,7.781148102310228,7.398267739273928,7.589707920792077
-yRb-Jum7EQ$_$1,14,that,17.821315594059406,17.949411303630363,12.129,12.25,5.692315594059407,5.699411303630363,5.695863448844886
-yRb-Jum7EQ$_$1,15,it,17.949411303630363,18.109530940594055,12.27,12.37,5.6794113036303635,5.739530940594056,5.70947112211221
-yRb-Jum7EQ$_$1,16,will,18.109530940594055,18.205602722772277,12.391,12.511,5.718530940594055,5.694602722772277,5.706566831683167
-yRb-Jum7EQ$_$1,17,finance,18.205602722772277,18.46179414191419,12.531,12.954,5.674602722772276,5.507794141914189,5.5911984323432335
-yRb-Jum7EQ$_$1,19,families,18.52584199669967,18.685961633663368,14.301,14.643,4.224841996699668,4.042961633663367,4.133901815181517
-yRb-Jum7EQ$_$1,20,of,18.685961633663368,18.814057343234325,14.905,15.126,3.7809616336633685,3.688057343234325,3.734509488448846
-yRb-Jum7EQ$_$1,21,the,18.814057343234325,18.878105198019803,15.347,15.508,3.467057343234325,3.370105198019804,3.4185812706270635
-yRb-Jum7EQ$_$1,23,and,18.974176980198017,19.198344471947195,16.232,16.293,2.7421769801980176,2.9053444719471955,2.8237607260726065
-yRb-Jum7EQ$_$1,24,murderers,19.198344471947195,19.806799092409243,16.313,16.615,2.885344471947196,3.1917990924092443,3.03857178217822
-yRb-Jum7EQ$_$1,25,this,19.806799092409243,20.191086221122113,16.635,16.896,3.171799092409241,3.295086221122112,3.2334426567656767
-yRb-Jum7EQ$_$1,26,shows,20.191086221122113,20.671445132013197,17.661,17.781,2.5300862211221116,2.8904451320131983,2.710265676567655
-yRb-Jum7EQ$_$1,27,that,20.98805528052805,21.504067244224423,17.801,17.902,3.187055280528053,3.602067244224422,3.3945612623762376
-yRb-Jum7EQ$_$1,28,"Iran,",21.504067244224423,21.792282590759072,17.962,18.204,3.542067244224423,3.5882825907590714,3.5651749174917473
-yRb-Jum7EQ$_$1,30,after,21.85633044554455,21.984426155115507,18.666,18.988,3.19033044554455,2.9964261551155076,3.093378300330029
-yRb-Jum7EQ$_$1,31,the,21.984426155115507,22.11252186468647,19.069,19.189,2.915426155115508,2.923521864686471,2.9194740099009895
-yRb-Jum7EQ$_$1,32,nuclear,22.172940594059405,23.553598597359738,19.209,19.451,2.9639405940594052,4.102598597359737,3.533269595709571
-yRb-Jum7EQ$_$1,33,"agreement,",23.553598597359738,24.0980053630363,19.491,20.456,4.062598597359738,3.6420053630363007,3.8523019801980194
-yRb-Jum7EQ$_$1,34,is,24.0980053630363,24.290148927392735,20.477,20.577,3.6210053630363,3.7131489273927336,3.6670771452145168
-yRb-Jum7EQ$_$1,35,continuing,24.290148927392735,24.54634034653465,20.658,21.945,3.632148927392734,2.6013403465346485,3.1167446369636913
-yRb-Jum7EQ$_$1,36,to,24.54634034653465,24.70645998349835,21.965,22.086,2.581340346534649,2.6204599834983497,2.6009001650164993
-yRb-Jum7EQ$_$1,37,aid,24.70645998349835,24.866579620462048,22.146,22.206,2.5604599834983475,2.660579620462048,2.610519801980198
-yRb-Jum7EQ$_$1,42,Hezbollah,25.47503424092409,25.923369224422444,25.666,26.249,0.19096575907591173,0.3256307755775545,0.2582982673267331
-yRb-Jum7EQ$_$1,43,terrorism,26.33605115511551,27.300398102310233,26.974,27.416,0.637948844884491,0.1156018976897677,0.3767753712871311
-yRb-Jum7EQ$_$1,44,and,27.300398102310233,27.524565594059403,27.517,27.678,0.2166018976897668,0.15343440594059743,0.1850181518151821
-yRb-Jum7EQ$_$1,45,its,27.524565594059403,27.908852722772274,27.738,27.859,0.21343440594059615,0.04985272277227182,0.08179084158416217
-yRb-Jum7EQ$_$1,46,assistance,27.908852722772274,28.03694843234323,27.999,28.341,0.0901472772277252,0.30405156765677077,0.19709942244224798
-yRb-Jum7EQ$_$1,47,to,28.03694843234323,28.229091996699665,28.362,28.462,0.325051567656768,0.23290800330033434,0.2789797854785512
-yRb-Jum7EQ$_$1,48,Hamas.,28.229091996699665,28.613379125412543,28.482,28.844,0.2529080033003339,0.2306208745874585,0.2417644389438962
-yRb-Jum7EQ$_$5,0,Yesterday,8.858752457002456,9.374777718058969,0.121,0.566,8.737752457002456,8.808777718058968,8.773265087530714
-yRb-Jum7EQ$_$5,7,another,9.983737638206389,10.111939726658477,3.742,4.086,6.241737638206389,6.025939726658477,6.133838682432432
-yRb-Jum7EQ$_$5,8,terrorist,10.111939726658477,10.33629338144963,4.106,5.097,6.005939726658477,5.23929338144963,5.622616554054051
-yRb-Jum7EQ$_$5,9,"attack,",10.33629338144963,10.464495469901719,5.238,5.582,5.09829338144963,4.882495469901719,4.9903944256756745
-yRb-Jum7EQ$_$5,10,not,10.464495469901719,10.560647036240784,5.602,5.663,4.862495469901718,4.897647036240784,4.88007125307125
-yRb-Jum7EQ$_$5,13,students,10.688849124692874,10.849101735257985,5.966,6.553,4.722849124692874,4.296101735257985,4.50947542997543
-yRb-Jum7EQ$_$5,14,of,10.849101735257985,10.977303823710074,6.614,6.917,4.235101735257985,4.060303823710074,4.147702779484029
-yRb-Jum7EQ$_$5,18,those,11.23370800061425,11.426011133292382,8.495,8.677,2.738708000614251,2.749011133292383,2.7438595669533177
-yRb-Jum7EQ$_$5,23,Palestinian,11.93560257985258,12.836234106265355,9.728,10.254,2.20760257985258,2.5822341062653553,2.3949183430589684
-yRb-Jum7EQ$_$6,0,"Therefore,",0.1766688392857143,0.40152008928571437,0.381,0.741,0.2043311607142857,0.3394799107142856,0.27190553571428566
-yRb-Jum7EQ$_$6,1,the,0.40152008928571437,0.49788491071428576,0.762,0.842,0.36047991071428565,0.3441150892857142,0.35229749999999993
-yRb-Jum7EQ$_$6,2,world,0.49788491071428576,0.6263713392857143,0.882,1.042,0.38411508928571425,0.4156286607142857,0.39987187499999993
-yRb-Jum7EQ$_$6,3,needs,0.6263713392857143,0.8833441964285715,1.102,1.202,0.4756286607142858,0.3186558035714284,0.39714223214285715
-yRb-Jum7EQ$_$6,4,to,0.8833441964285715,1.204560267857143,1.222,1.283,0.33865580357142844,0.07843973214285693,0.20854776785714257
-yRb-Jum7EQ$_$6,7,Israel,1.3330466964285717,1.622141160714286,1.743,2.044,0.40995330357142845,0.4218588392857141,0.4159060714285713
-yRb-Jum7EQ$_$6,8,against,1.622141160714286,1.7827491964285715,2.064,2.345,0.4418588392857141,0.5622508035714286,0.5020548214285714
-yRb-Jum7EQ$_$6,9,this,1.7827491964285715,1.9112356250000002,2.365,2.505,0.5822508035714287,0.5937643749999997,0.5880075892857142
-yRb-Jum7EQ$_$6,10,"incitement,",1.9112356250000002,2.746397410714286,2.525,2.886,0.6137643749999997,0.139602589285714,0.37668348214285685
-yRb-Jum7EQ$_$6,11,which,3.0012551785714288,3.5173159821428577,3.587,3.928,0.5857448214285714,0.41068401785714226,0.49821441964285706
-yRb-Jum7EQ$_$6,12,is,3.5173159821428577,3.5815591964285716,3.948,3.988,0.4306840178571423,0.4064408035714284,0.41856241071428535
-yRb-Jum7EQ$_$6,16,cause,3.9027752678571432,4.063383303571429,4.689,4.93,0.7862247321428568,0.8666166964285704,0.8264207142857138
-yRb-Jum7EQ$_$6,17,of,4.063383303571429,4.223991339285715,5.391,5.571,1.3276166964285707,1.3470086607142848,1.3373126785714273
-yRb-Jum7EQ$_$6,18,terrorism.,4.223991339285715,4.609450625000001,5.591,6.273,1.3670086607142853,1.6635493749999988,1.5152790178571425
