sample_id,start,end,visible_clusters,cluster_logits,active_cluster,window_status,av_sync_evidence,quality_flag
-3g5yACwYnA$_$13,0.0,0.5,[0],"{""0"":1.9072030782699585}",0,verified,neutral,
-3g5yACwYnA$_$13,0.25,0.75,[0],"{""0"":1.7051235437393188}",0,verified,neutral,
-3g5yACwYnA$_$13,0.5,1.0,[0],"{""0"":-0.009718929417431355}",,no_active,neutral,
-3g5yACwYnA$_$13,0.75,1.25,[0],"{""0"":-0.10754167102277279}",,no_active,neutral,
-3g5yACwYnA$_$13,1.0,1.5,[0],"{""0"":0.7342698574066162}",0,verified,neutral,
-3g5yACwYnA$_$13,1.25,1.75,[0],"{""0"":1.1371005773544312}",0,verified,neutral,
-3g5yACwYnA$_$13,1.5,2.0,[0],"{""0"":0.828347384929657}",0,verified,neutral,
-3g5yACwYnA$_$13,1.75,2.25,[0],"{""0"":0.7907676100730896}",0,verified,neutral,
-3g5yACwYnA$_$13,2.0,2.5,[0],"{""0"":1.0249637365341187}",0,verified,neutral,
-3g5yACwYnA$_$13,2.25,2.75,[0],"{""0"":0.9425765872001648}",0,verified,neutral,
-3g5yACwYnA$_$13,2.5,3.0,[0],"{""0"":0.7772471904754639}",0,verified,neutral,
-3g5yACwYnA$_$13,2.75,3.25,[0],"{""0"":0.8209151923656464}",0,verified,neutral,
-3g5yACwYnA$_$13,3.0,3.5,[0],"{""0"":1.3076735734939575}",0,verified,neutral,
-3g5yACwYnA$_$13,3.25,3.75,[0],"{""0"":1.3449434041976929}",0,verified,neutral,
-3g5yACwYnA$_$13,3.5,4.0,[0],"{""0"":1.3885821104049683}",0,verified,neutral,
-3g5yACwYnA$_$13,3.75,4.25,[0],"{""0"":1.2662001848220825}",0,verified,neutral,
-3g5yACwYnA$_$13,4.0,4.5,[0],"{""0"":0.9010398387908936}",0,verified,neutral,
-3g5yACwYnA$_$13,4.25,4.75,[0],"{""0"":0.5560094714164734}",0,verified,neutral,
-3g5yACwYnA$_$13,4.5,5.0,[0],"{""0"":0.16702914237976074}",0,verified,neutral,
-3g5yACwYnA$_$13,4.75,5.25,[0],"{""0"":-0.5071762204170227}",,no_active,neutral,
-3g5yACwYnA$_$13,5.0,5.5,[0],"{""0"":-0.735529363155365}",,no_active,neutral,
-3g5yACwYnA$_$13,5.25,5.5,[0],"{""0"":-1.0002670288085938}",,no_active,neutral,
-3g5yACwYnA$_$2,0.0,0.5,[0],"{""0"":0.48723864555358887}",0,verified,support,
-3g5yACwYnA$_$2,0.25,0.75,[0],"{""0"":-0.10996973514556885}",,no_active,neutral,
-3g5yACwYnA$_$2,0.5,1.0,[0],"{""0"":-0.5732496380805969}",,no_active,neutral,
-3g5yACwYnA$_$2,0.75,1.25,[0],"{""0"":-0.6172197461128235}",,no_active,neutral,
-3g5yACwYnA$_$2,1.0,1.5,[0],"{""0"":-0.5589462518692017}",,no_active,neutral,
-3g5yACwYnA$_$2,1.25,1.75,[0],"{""0"":-0.005507908761501312}",,no_active,neutral,
-3g5yACwYnA$_$2,1.5,2.0,[0],"{""0"":-0.005507908761501312}",,no_active,neutral,
-3g5yACwYnA$_$2,1.75,2.25,[0],"{""0"":0.8704107403755188}",0,verified,support,
-3g5yACwYnA$_$2,2.0,2.5,[0],"{""0"":1.5769551992416382}",0,verified,support,
-3g5yACwYnA$_$2,2.25,2.75,[0],"{""0"":0.736510694026947}",0,verified,support,
-3g5yACwYnA$_$2,2.5,3.0,[0],"{""0"":0.5376819968223572}",0,verified,support,
-3g5yACwYnA$_$2,2.75,3.25,[0],"{""0"":0.664260596036911}",0,verified,support,
-3g5yACwYnA$_$2,3.0,3.5,[0],"{""0"":1.12803316116333}",0,verified,support,
-3g5yACwYnA$_$2,3.25,3.75,[0],"{""0"":1.4267406463623047}",0,verified,support,
-3g5yACwYnA$_$2,3.5,4.0,[0],"{""0"":1.1626442670822144}",0,verified,support,
-3g5yACwYnA$_$2,3.75,4.25,[0],"{""0"":0.21765226870775223}",0,verified,support,
-3g5yACwYnA$_$2,4.0,4.5,[0],"{""0"":-0.04703497886657715}",,no_active,neutral,
-3g5yACwYnA$_$2,4.25,4.75,[0],"{""0"":-0.44405826926231384}",,no_active,neutral,
-3g5yACwYnA$_$2,4.5,5.0,[0],"{""0"":-0.8111903667449951}",,no_active,neutral,
-3g5yACwYnA$_$2,4.75,5.25,[0],"{""0"":-0.9595888555049896}",,no_active,neutral,
-3g5yACwYnA$_$2,5.0,5.5,[0],"{""0"":-1.100362777709961}",,no_active,neutral,
-3g5yACwYnA$_$2,5.25,5.75,[0],"{""0"":-0.9874749183654785}",,no_active,neutral,
-3g5yACwYnA$_$2,5.5,6.0,[0],"{""0"":-1.1042879819869995}",,no_active,neutral,
-3g5yACwYnA$_$2,5.75,6.25,[0],"{""0"":-0.34054257720708847}",,no_active,neutral,
-3g5yACwYnA$_$2,6.0,6.5,[0],"{""0"":0.818352222442627}",0,verified,support,
-3g5yACwYnA$_$2,6.25,6.75,[0],"{""0"":0.80684894323349}",0,verified,support,
-3g5yACwYnA$_$2,6.5,7.0,[0],"{""0"":0.7944612503051758}",0,verified,support,
-3g5yACwYnA$_$2,6.75,7.25,[0],"{""0"":0.4906855821609497}",0,verified,support,
-3g5yACwYnA$_$2,7.0,7.5,[0],"{""0"":-0.5167269110679626}",,no_active,neutral,
-3g5yACwYnA$_$2,7.25,7.75,[0],"{""0"":-1.1618250608444214}",,no_active,neutral,
-3g5yACwYnA$_$2,7.5,8.0,[0],"{""0"":-1.6625276803970337}",,no_active,neutral,
-3g5yACwYnA$_$2,7.75,8.25,[0],"{""0"":-1.5942686796188354}",,no_active,neutral,
-3g5yACwYnA$_$2,8.0,8.5,[0],"{""0"":-1.244766354560852}",,no_active,neutral,
-3g5yACwYnA$_$2,8.25,8.75,[0],"{""0"":-0.9330246448516846}",,no_active,neutral,
-3g5yACwYnA$_$2,8.5,9.0,[0],"{""0"":-0.9330246448516846}",,no_active,neutral,
-3g5yACwYnA$_$2,8.75,9.25,[0],"{""0"":-0.8078634738922119}",,no_active,neutral,
-3g5yACwYnA$_$2,9.0,9.366666666666667,[0],"{""0"":-0.7432153224945068}",,no_active,neutral,
-3g5yACwYnA$_$2,9.25,9.366666666666667,[0],"{""0"":null}",,no_active,neutral,
-3g5yACwYnA$_$3,0.0,0.5,[0],"{""0"":-0.3088715076446533}",,no_active,neutral,
-3g5yACwYnA$_$3,0.25,0.75,[0],"{""0"":-0.2789205312728882}",,no_active,neutral,
-3g5yACwYnA$_$3,0.5,1.0,[0],"{""0"":-0.5697300434112549}",,no_active,neutral,
-3g5yACwYnA$_$3,0.75,1.25,[0],"{""0"":-0.7934878766536713}",,no_active,neutral,
-3g5yACwYnA$_$3,1.0,1.5,[0],"{""0"":-0.7561948299407959}",,no_active,neutral,
-3g5yACwYnA$_$3,1.25,1.75,[0],"{""0"":-0.3267724812030792}",,no_active,neutral,
-3g5yACwYnA$_$3,1.5,2.0,[0],"{""0"":-0.31866899132728577}",,no_active,neutral,
-3g5yACwYnA$_$3,1.75,2.25,[0],"{""0"":-0.508168488740921}",,no_active,neutral,
-3g5yACwYnA$_$3,2.0,2.5,[0],"{""0"":0.06931217759847641}",0,verified,neutral,
-3g5yACwYnA$_$3,2.25,2.75,[0],"{""0"":0.7673912644386292}",0,verified,neutral,
-3g5yACwYnA$_$3,2.5,3.0,[0],"{""0"":0.8240408897399902}",0,verified,neutral,
-3g5yACwYnA$_$3,2.75,3.25,[0],"{""0"":0.008013080805540085}",0,verified,neutral,
-3g5yACwYnA$_$3,3.0,3.5,[0],"{""0"":-0.3867161273956299}",,no_active,neutral,
-3g5yACwYnA$_$3,3.25,3.75,[0],"{""0"":-0.7159114480018616}",,no_active,neutral,
-3g5yACwYnA$_$3,3.5,4.0,[0],"{""0"":-1.4086918830871582}",,no_active,neutral,
-3g5yACwYnA$_$3,3.75,4.25,[0],"{""0"":-1.3077910542488098}",,no_active,neutral,
-3g5yACwYnA$_$3,4.0,4.5,[0],"{""0"":-1.2310428619384766}",,no_active,neutral,
-3g5yACwYnA$_$3,4.25,4.75,[0],"{""0"":-1.1833205223083496}",,no_active,neutral,
-3g5yACwYnA$_$3,4.5,5.0,[0],"{""0"":-0.8761899471282959}",,no_active,neutral,
-3g5yACwYnA$_$3,4.75,5.25,[0],"{""0"":-0.508762925863266}",,no_active,neutral,
-3g5yACwYnA$_$3,5.0,5.5,[0],"{""0"":-0.776780366897583}",,no_active,neutral,
-3g5yACwYnA$_$3,5.25,5.75,[0],"{""0"":-0.955679714679718}",,no_active,neutral,
-3g5yACwYnA$_$3,5.5,6.0,[0],"{""0"":-0.06424251943826675}",,no_active,neutral,
-3g5yACwYnA$_$3,5.75,6.25,[0],"{""0"":-0.25009340792894363}",,no_active,neutral,
-3g5yACwYnA$_$3,6.0,6.5,[0],"{""0"":-1.0758427381515503}",,no_active,neutral,
-3g5yACwYnA$_$3,6.25,6.75,[0],"{""0"":-1.5592225790023804}",,no_active,neutral,
-3g5yACwYnA$_$3,6.5,7.0,[0],"{""0"":-1.5639280080795288}",,no_active,neutral,
-3g5yACwYnA$_$3,6.75,7.25,[0],"{""0"":-1.3530857563018799}",,no_active,neutral,
-3g5yACwYnA$_$3,7.0,7.5,[0],"{""0"":-1.195165753364563}",,no_active,neutral,
-3g5yACwYnA$_$3,7.25,7.75,[0],"{""0"":-1.199954628944397}",,no_active,neutral,
-3g5yACwYnA$_$3,7.5,8.0,[0],"{""0"":-1.13351571559906}",,no_active,neutral,
-3g5yACwYnA$_$3,7.75,8.25,[0],"{""0"":-0.9988754093647003}",,no_active,neutral,
-3g5yACwYnA$_$3,8.0,8.5,[0],"{""0"":-0.9750053882598877}",,no_active,neutral,
-3g5yACwYnA$_$3,8.25,8.75,[0],"{""0"":-0.9750053882598877}",,no_active,neutral,
-3g5yACwYnA$_$3,8.5,9.0,[0],"{""0"":-1.0696316957473755}",,no_active,neutral,
-3g5yACwYnA$_$3,8.75,9.25,[0],"{""0"":-1.0664135217666626}",,no_active,neutral,
-3g5yACwYnA$_$3,9.0,9.5,[0],"{""0"":-0.875051736831665}",,no_active,neutral,
-3g5yACwYnA$_$3,9.25,9.75,[0],"{""0"":-0.6421669125556946}",,no_active,neutral,
-3g5yACwYnA$_$3,9.5,10.0,[0],"{""0"":-0.5255298614501953}",,no_active,neutral,
-3g5yACwYnA$_$3,9.75,10.25,[0],"{""0"":-0.36122874915599823}",,no_active,neutral,
-3g5yACwYnA$_$3,10.0,10.5,[0],"{""0"":0.07846555858850479}",0,verified,neutral,
-3g5yACwYnA$_$3,10.25,10.75,[0],"{""0"":-0.006106098648160696}",,no_active,neutral,
-3g5yACwYnA$_$3,10.5,11.0,[0],"{""0"":-0.11510169506072998}",,no_active,neutral,
-3g5yACwYnA$_$3,10.75,11.25,[0],"{""0"":-0.16349629312753677}",,no_active,neutral,
-3g5yACwYnA$_$3,11.0,11.5,[0],"{""0"":-0.037576694041490555}",,no_active,neutral,
-3g5yACwYnA$_$3,11.25,11.75,[0],"{""0"":-0.036594003438949585}",,no_active,neutral,
-3g5yACwYnA$_$3,11.5,12.0,[0],"{""0"":-0.13083399832248688}",,no_active,neutral,
-3g5yACwYnA$_$3,11.75,12.25,[0],"{""0"":-0.13416649401187897}",,no_active,neutral,
-3g5yACwYnA$_$3,12.0,12.5,[0],"{""0"":-0.43544265627861023}",,no_active,neutral,
-3g5yACwYnA$_$3,12.25,12.75,[0],"{""0"":-0.9593353867530823}",,no_active,neutral,
-3g5yACwYnA$_$3,12.5,13.0,[0],"{""0"":-0.9732205271720886}",,no_active,neutral,
-3g5yACwYnA$_$3,12.75,13.25,[0],"{""0"":-0.8816014528274536}",,no_active,neutral,
-3g5yACwYnA$_$3,13.0,13.5,[0],"{""0"":-0.4410380423069}",,no_active,neutral,
-3g5yACwYnA$_$3,13.25,13.75,[0],"{""0"":-0.3869108259677887}",,no_active,neutral,
-3g5yACwYnA$_$3,13.5,14.0,[0],"{""0"":-0.5293521285057068}",,no_active,neutral,
-3g5yACwYnA$_$3,13.75,14.25,[0],"{""0"":0.16279269754886627}",0,verified,neutral,
-3g5yACwYnA$_$3,14.0,14.366666666666667,[0],"{""0"":1.0381633639335632}",0,verified,neutral,
-3g5yACwYnA$_$3,14.25,14.366666666666667,[0],"{""0"":0.9402542412281036}",0,verified,neutral,
-3g5yACwYnA$_$9,0.0,0.5,[0],"{""0"":-0.6804304122924805}",,no_active,neutral,
-3g5yACwYnA$_$9,0.25,0.75,[0],"{""0"":-0.353834867477417}",,no_active,neutral,
-3g5yACwYnA$_$9,0.5,1.0,[0],"{""0"":0.31165698170661926}",0,verified,support,
-3g5yACwYnA$_$9,0.75,1.25,[0],"{""0"":0.6237798929214478}",0,verified,support,
-3g5yACwYnA$_$9,1.0,1.5,[0],"{""0"":0.5839493274688721}",0,verified,support,
-3g5yACwYnA$_$9,1.25,1.75,[0],"{""0"":0.4215688705444336}",0,verified,support,
-3g5yACwYnA$_$9,1.5,2.0,[0],"{""0"":0.6067289113998413}",0,verified,support,
-3g5yACwYnA$_$9,1.75,2.25,[0],"{""0"":0.5690287351608276}",0,verified,support,
-3g5yACwYnA$_$9,2.0,2.5,[0],"{""0"":0.25146618485450745}",0,verified,support,
-3g5yACwYnA$_$9,2.25,2.75,[0],"{""0"":0.18146578967571259}",0,verified,support,
-3g5yACwYnA$_$9,2.5,3.0,[0],"{""0"":0.028871670365333557}",0,verified,support,
-3g5yACwYnA$_$9,2.75,3.25,[0],"{""0"":-0.16659263521432877}",,no_active,neutral,
-3g5yACwYnA$_$9,3.0,3.5,[0],"{""0"":-0.15923190116882324}",,no_active,neutral,
-3g5yACwYnA$_$9,3.25,3.75,[0],"{""0"":0.7799489498138428}",0,verified,support,
-3g5yACwYnA$_$9,3.5,4.0,[0],"{""0"":0.7643265724182129}",0,verified,support,
-3g5yACwYnA$_$9,3.75,4.25,[0],"{""0"":0.4518222212791443}",0,verified,support,
-3g5yACwYnA$_$9,4.0,4.5,[0],"{""0"":0.4406334459781647}",0,verified,support,
-3g5yACwYnA$_$9,4.25,4.75,[0],"{""0"":0.4406334459781647}",0,verified,support,
-3g5yACwYnA$_$9,4.5,5.0,[0],"{""0"":0.15188346803188324}",0,verified,support,
-3g5yACwYnA$_$9,4.75,5.25,[0],"{""0"":-0.6482382416725159}",,no_active,neutral,
-3g5yACwYnA$_$9,5.0,5.5,[0],"{""0"":-1.017676830291748}",,no_active,neutral,
-3g5yACwYnA$_$9,5.25,5.75,[0],"{""0"":-0.4132181704044342}",,no_active,neutral,
-3g5yACwYnA$_$9,5.5,6.0,[0],"{""0"":0.004446178674697876}",0,verified,support,
-3g5yACwYnA$_$9,5.75,6.25,[0],"{""0"":-0.07987895607948303}",,no_active,neutral,
-3g5yACwYnA$_$9,6.0,6.5,[0],"{""0"":-0.04845680668950081}",,no_active,neutral,
-3g5yACwYnA$_$9,6.25,6.75,[0],"{""0"":0.422974556684494}",0,verified,support,
-3g5yACwYnA$_$9,6.5,7.0,[0],"{""0"":0.5087211728096008}",0,verified,support,
-3g5yACwYnA$_$9,6.75,7.25,[0],"{""0"":0.4638138711452484}",0,verified,support,
-3g5yACwYnA$_$9,7.0,7.5,[0],"{""0"":0.42927077412605286}",0,verified,support,
-3g5yACwYnA$_$9,7.25,7.75,[0],"{""0"":-0.17433202266693115}",,no_active,neutral,
-3g5yACwYnA$_$9,7.5,8.0,[0],"{""0"":-0.44135260581970215}",,no_active,neutral,
-3g5yACwYnA$_$9,7.75,8.25,[0],"{""0"":-1.0255503356456757}",,no_active,neutral,
-3g5yACwYnA$_$9,8.0,8.5,[0],"{""0"":-1.9912015199661255}",,no_active,neutral,
-3g5yACwYnA$_$9,8.25,8.75,[0],"{""0"":-2.226390838623047}",,no_active,neutral,
-3g5yACwYnA$_$9,8.5,8.799999999999999,[0],"{""0"":-2.269618511199951}",,no_active,neutral,
-3g5yACwYnA$_$9,8.75,8.799999999999999,[],{},,missing,neutral,
-3nNcZdcdvU$_$5,0.0,0.5,[0],"{""0"":-0.8135197758674622}",,no_active,neutral,
-3nNcZdcdvU$_$5,0.25,0.75,[0],"{""0"":-0.5488806366920471}",,no_active,neutral,
-3nNcZdcdvU$_$5,0.5,1.0,[0],"{""0"":0.03406772017478943}",0,verified,support,
-3nNcZdcdvU$_$5,0.75,1.25,[0],"{""0"":0.2516219913959503}",0,verified,support,
-3nNcZdcdvU$_$5,1.0,1.5,[0],"{""0"":0.5051501393318176}",0,verified,support,
-3nNcZdcdvU$_$5,1.25,1.75,[0],"{""0"":0.3959284722805023}",0,verified,support,
-3nNcZdcdvU$_$5,1.5,2.0,[0],"{""0"":0.13849680125713348}",0,verified,support,
-3nNcZdcdvU$_$5,1.75,2.25,[0],"{""0"":0.7244439125061035}",0,verified,support,
-3nNcZdcdvU$_$5,2.0,2.5,[0],"{""0"":1.2554935216903687}",0,verified,support,
-3nNcZdcdvU$_$5,2.25,2.75,[0],"{""0"":0.11553239822387695}",0,verified,support,
-3nNcZdcdvU$_$5,2.5,3.0,[0],"{""0"":0.05990871414542198}",0,verified,support,
-3nNcZdcdvU$_$5,2.75,3.25,[0],"{""0"":0.6241997182369232}",0,verified,support,
-3nNcZdcdvU$_$5,3.0,3.5,[0],"{""0"":0.7473536133766174}",0,verified,support,
-3nNcZdcdvU$_$5,3.25,3.75,[0],"{""0"":0.3333715498447418}",0,verified,support,
-3nNcZdcdvU$_$5,3.5,4.0,[0],"{""0"":0.15086497366428375}",0,verified,support,
-3nNcZdcdvU$_$5,3.75,4.25,[0],"{""0"":-0.7522030174732208}",,no_active,neutral,
-3nNcZdcdvU$_$5,4.0,4.5,[0],"{""0"":-1.2252225875854492}",,no_active,neutral,
-3nNcZdcdvU$_$5,4.25,4.75,[0],"{""0"":-1.165763020515442}",,no_active,neutral,
-3nNcZdcdvU$_$5,4.5,5.0,[0],"{""0"":-1.0018103122711182}",,no_active,neutral,
-3nNcZdcdvU$_$5,4.75,5.25,[0],"{""0"":-0.6448063254356384}",,no_active,neutral,
-3nNcZdcdvU$_$5,5.0,5.5,[0],"{""0"":-0.6204208135604858}",,no_active,neutral,
-3nNcZdcdvU$_$5,5.25,5.75,[0],"{""0"":-0.5757439136505127}",,no_active,neutral,
-3nNcZdcdvU$_$5,5.5,6.0,[0],"{""0"":-0.23438771069049835}",,no_active,neutral,
-3nNcZdcdvU$_$5,5.75,6.25,[0],"{""0"":-0.017128136940300465}",,no_active,neutral,
-3nNcZdcdvU$_$5,6.0,6.5,[0],"{""0"":0.6157981753349304}",0,verified,support,
-3nNcZdcdvU$_$5,6.25,6.75,[0],"{""0"":1.4624501466751099}",0,verified,support,
-3nNcZdcdvU$_$5,6.5,7.0,[0],"{""0"":1.3226028680801392}",0,verified,support,
-3nNcZdcdvU$_$5,6.75,7.25,[0],"{""0"":0.0601853309199214}",0,verified,support,
-3nNcZdcdvU$_$5,7.0,7.5,[0],"{""0"":-0.3155335485935211}",,no_active,neutral,
-3nNcZdcdvU$_$5,7.25,7.75,[0],"{""0"":-1.1941090822219849}",,no_active,neutral,
-3nNcZdcdvU$_$5,7.5,7.866666666666666,[0],"{""0"":-1.35706627368927}",,no_active,neutral,
-3nNcZdcdvU$_$5,7.75,7.866666666666666,[0],"{""0"":-0.9115293622016907}",,no_active,neutral,
-571d8cVauQ$_$0,0.0,0.5,[0],"{""0"":-1.9300847053527832}",,no_active,neutral,
-571d8cVauQ$_$0,0.25,0.75,[0],"{""0"":-1.9331716895103455}",,no_active,neutral,
-571d8cVauQ$_$0,0.5,1.0,[0],"{""0"":-1.7011128664016724}",,no_active,neutral,
-571d8cVauQ$_$0,0.75,1.25,[0],"{""0"":-1.1030751466751099}",,no_active,neutral,
-571d8cVauQ$_$0,1.0,1.5,[0],"{""0"":-0.49680283665657043}",,no_active,neutral,
-571d8cVauQ$_$0,1.25,1.75,[0],"{""0"":-0.325544610619545}",,no_active,neutral,
-571d8cVauQ$_$0,1.5,2.0,[0],"{""0"":-0.5425562262535095}",,no_active,neutral,
-571d8cVauQ$_$0,1.75,2.25,[0],"{""0"":-0.37563177943229675}",,no_active,neutral,
-571d8cVauQ$_$0,2.0,2.5,[0],"{""0"":-0.1164635643362999}",,no_active,neutral,
-571d8cVauQ$_$0,2.25,2.75,[0],"{""0"":0.30592478811740875}",0,verified,support,
-571d8cVauQ$_$0,2.5,3.0,[0],"{""0"":0.15068727731704712}",0,verified,support,
-571d8cVauQ$_$0,2.75,3.25,[0],"{""0"":-0.021834680810570717}",,no_active,neutral,
-571d8cVauQ$_$0,3.0,3.5,[0],"{""0"":-0.021834680810570717}",,no_active,neutral,
-571d8cVauQ$_$0,3.25,3.75,[0],"{""0"":-0.6469835638999939}",,no_active,neutral,
-571d8cVauQ$_$0,3.5,4.0,[0],"{""0"":-1.0713906288146973}",,no_active,neutral,
-571d8cVauQ$_$0,3.75,4.25,[0],"{""0"":-1.1244945526123047}",,no_active,neutral,
-571d8cVauQ$_$0,4.0,4.5,[0],"{""0"":-1.0562825202941895}",,no_active,neutral,
-571d8cVauQ$_$0,4.25,4.75,[0],"{""0"":-1.271841287612915}",,no_active,neutral,
-571d8cVauQ$_$0,4.5,5.0,[0],"{""0"":-1.297133445739746}",,no_active,neutral,
-571d8cVauQ$_$0,4.75,5.166666666666666,[0],"{""0"":-1.2818886041641235}",,no_active,neutral,
-571d8cVauQ$_$0,5.0,5.166666666666666,[0],"{""0"":null}",,no_active,neutral,
-571d8cVauQ$_$5,0.0,0.5,[0],"{""0"":-1.0298266410827637}",,no_active,neutral,
-571d8cVauQ$_$5,0.25,0.75,[0],"{""0"":-1.4075403213500977}",,no_active,neutral,
-571d8cVauQ$_$5,0.5,1.0,[0],"{""0"":-1.3312788009643555}",,no_active,neutral,
-571d8cVauQ$_$5,0.75,1.25,[0],"{""0"":-1.3142691850662231}",,no_active,neutral,
-571d8cVauQ$_$5,1.0,1.5,[0],"{""0"":-1.3772211074829102}",,no_active,neutral,
-571d8cVauQ$_$5,1.25,1.75,[0],"{""0"":-1.3330483436584473}",,no_active,neutral,
-571d8cVauQ$_$5,1.5,2.0,[0],"{""0"":-1.2653721570968628}",,no_active,neutral,
-571d8cVauQ$_$5,1.75,2.25,[0],"{""0"":-1.4131752848625183}",,no_active,neutral,
-571d8cVauQ$_$5,2.0,2.5,[0],"{""0"":-1.6265236139297485}",,no_active,neutral,
-571d8cVauQ$_$5,2.25,2.75,[0],"{""0"":-1.6169384717941284}",,no_active,neutral,
-571d8cVauQ$_$5,2.5,3.0,[0],"{""0"":-1.3891125917434692}",,no_active,neutral,
-571d8cVauQ$_$5,2.75,3.25,[0],"{""0"":-0.5696797668933868}",,no_active,neutral,
-571d8cVauQ$_$5,3.0,3.5,[0],"{""0"":-0.5220945477485657}",,no_active,neutral,
-571d8cVauQ$_$5,3.25,3.75,[0],"{""0"":-0.8839636445045471}",,no_active,neutral,
-571d8cVauQ$_$5,3.5,4.0,[0],"{""0"":-0.9179310202598572}",,no_active,neutral,
-571d8cVauQ$_$5,3.75,4.25,[0],"{""0"":-0.7621733248233795}",,no_active,neutral,
-571d8cVauQ$_$5,4.0,4.5,[0],"{""0"":-0.7660751342773438}",,no_active,neutral,
-571d8cVauQ$_$5,4.25,4.75,[0],"{""0"":-0.9761905670166016}",,no_active,neutral,
-571d8cVauQ$_$5,4.5,5.0,[0],"{""0"":-1.041522741317749}",,no_active,neutral,
-571d8cVauQ$_$5,4.75,5.25,[0],"{""0"":-0.8494065999984741}",,no_active,neutral,
-571d8cVauQ$_$5,5.0,5.5,[0],"{""0"":-0.9163362383842468}",,no_active,neutral,
-571d8cVauQ$_$5,5.25,5.75,[0],"{""0"":-1.038514256477356}",,no_active,neutral,
-571d8cVauQ$_$5,5.5,6.0,[0],"{""0"":-1.0887762308120728}",,no_active,neutral,
-571d8cVauQ$_$5,5.75,6.25,[0],"{""0"":-1.1377875208854675}",,no_active,neutral,
-571d8cVauQ$_$5,6.0,6.5,[0],"{""0"":-1.3543086051940918}",,no_active,neutral,
-571d8cVauQ$_$5,6.25,6.75,[0],"{""0"":-1.4187817573547363}",,no_active,neutral,
-571d8cVauQ$_$5,6.5,7.0,[0],"{""0"":-1.4499717950820923}",,no_active,neutral,
-571d8cVauQ$_$5,6.75,7.25,[0],"{""0"":-1.567419171333313}",,no_active,neutral,
-571d8cVauQ$_$5,7.0,7.5,[0],"{""0"":-1.6549301147460938}",,no_active,neutral,
-571d8cVauQ$_$5,7.25,7.75,[0],"{""0"":-1.6904138326644897}",,no_active,neutral,
-571d8cVauQ$_$5,7.5,8.0,[0],"{""0"":-1.7272816896438599}",,no_active,neutral,
-571d8cVauQ$_$5,7.75,8.25,[0],"{""0"":-1.7127757668495178}",,no_active,neutral,
-571d8cVauQ$_$5,8.0,8.5,[0],"{""0"":-1.1879726648330688}",,no_active,neutral,
-571d8cVauQ$_$5,8.25,8.75,[0],"{""0"":-0.9995229840278625}",,no_active,neutral,
-571d8cVauQ$_$5,8.5,9.0,[0],"{""0"":-1.1965187788009644}",,no_active,neutral,
-571d8cVauQ$_$5,8.75,9.25,[0],"{""0"":-1.7827821969985962}",,no_active,neutral,
-571d8cVauQ$_$5,9.0,9.5,[0],"{""0"":-1.7570610046386719}",,no_active,neutral,
-571d8cVauQ$_$5,9.25,9.75,[0],"{""0"":-1.7421590089797974}",,no_active,neutral,
-571d8cVauQ$_$5,9.5,10.0,[0],"{""0"":-1.4627100229263306}",,no_active,neutral,
-571d8cVauQ$_$5,9.75,10.25,[0],"{""0"":-1.047445148229599}",,no_active,neutral,
-571d8cVauQ$_$5,10.0,10.5,[0],"{""0"":-1.1249728202819824}",,no_active,neutral,
-571d8cVauQ$_$5,10.25,10.75,[0],"{""0"":-1.3530759811401367}",,no_active,neutral,
-571d8cVauQ$_$5,10.5,11.0,[0],"{""0"":-1.3161967992782593}",,no_active,neutral,
-571d8cVauQ$_$5,10.75,11.25,[0],"{""0"":-1.1916147470474243}",,no_active,neutral,
-571d8cVauQ$_$5,11.0,11.5,[0],"{""0"":-1.114605188369751}",,no_active,neutral,
-571d8cVauQ$_$5,11.25,11.75,[0],"{""0"":-0.8495408892631531}",,no_active,neutral,
-571d8cVauQ$_$5,11.5,12.0,[0],"{""0"":-0.7454728484153748}",,no_active,neutral,
-571d8cVauQ$_$5,11.75,12.25,[0],"{""0"":-1.0063152015209198}",,no_active,neutral,
-571d8cVauQ$_$5,12.0,12.5,[0],"{""0"":-1.466317057609558}",,no_active,neutral,
-571d8cVauQ$_$5,12.25,12.75,[0],"{""0"":-1.5371208190917969}",,no_active,neutral,
-571d8cVauQ$_$5,12.5,13.0,[0],"{""0"":-1.5465153455734253}",,no_active,neutral,
-571d8cVauQ$_$5,12.75,13.25,[0],"{""0"":-1.2840431928634644}",,no_active,neutral,
-571d8cVauQ$_$5,13.0,13.5,[0],"{""0"":-0.7536324858665466}",,no_active,neutral,
-571d8cVauQ$_$5,13.25,13.75,[0],"{""0"":-0.4342806041240692}",,no_active,neutral,
-571d8cVauQ$_$5,13.5,14.0,[0],"{""0"":-0.6031951308250427}",,no_active,neutral,
-571d8cVauQ$_$5,13.75,14.25,[0],"{""0"":-1.2702662348747253}",,no_active,neutral,
-571d8cVauQ$_$5,14.0,14.5,[0],"{""0"":-1.4148626327514648}",,no_active,neutral,
-571d8cVauQ$_$5,14.25,14.75,[0],"{""0"":-1.3956538438796997}",,no_active,neutral,
-571d8cVauQ$_$5,14.5,15.0,[0],"{""0"":-1.278031587600708}",,no_active,neutral,
-571d8cVauQ$_$5,14.75,15.25,[0],"{""0"":-1.15077543258667}",,no_active,neutral,
-571d8cVauQ$_$5,15.0,15.266666666666666,[0],"{""0"":-1.1714922189712524}",,no_active,neutral,
-571d8cVauQ$_$5,15.25,15.266666666666666,[0],"{""0"":null}",,no_active,neutral,
-6rXp3zJ3kc$_$8,0.0,0.5,[0],"{""0"":1.5914338827133179}",0,verified,support,
-6rXp3zJ3kc$_$8,0.25,0.75,[0],"{""0"":1.3897234201431274}",0,verified,support,
-6rXp3zJ3kc$_$8,0.5,1.0,[0],"{""0"":0.9785888195037842}",0,verified,support,
-6rXp3zJ3kc$_$8,0.75,1.25,[0],"{""0"":0.6014168858528137}",0,verified,support,
-6rXp3zJ3kc$_$8,1.0,1.5,[0],"{""0"":0.8893116116523743}",0,verified,support,
-6rXp3zJ3kc$_$8,1.25,1.75,[0],"{""0"":0.5749326348304749}",0,verified,support,
-6rXp3zJ3kc$_$8,1.5,2.0,[0],"{""0"":0.38620030879974365}",0,verified,support,
-6rXp3zJ3kc$_$8,1.75,2.25,[0],"{""0"":0.8473797738552094}",0,verified,support,
-6rXp3zJ3kc$_$8,2.0,2.5,[0],"{""0"":0.820396900177002}",0,verified,support,
-6rXp3zJ3kc$_$8,2.25,2.75,[0],"{""0"":0.8021262288093567}",0,verified,support,
-6rXp3zJ3kc$_$8,2.5,3.0,[0],"{""0"":0.7020129561424255}",0,verified,support,
-6rXp3zJ3kc$_$8,2.75,3.25,[0],"{""0"":0.2892392724752426}",0,verified,support,
-6rXp3zJ3kc$_$8,3.0,3.5,[0],"{""0"":0.640667736530304}",0,verified,support,
-6rXp3zJ3kc$_$8,3.25,3.75,[0],"{""0"":1.0863169431686401}",0,verified,support,
-6rXp3zJ3kc$_$8,3.5,4.0,[0],"{""0"":1.4910554885864258}",0,verified,support,
-6rXp3zJ3kc$_$8,3.75,4.25,[0],"{""0"":1.5071263313293457}",0,verified,support,
-6rXp3zJ3kc$_$8,4.0,4.5,[0],"{""0"":1.789494514465332}",0,verified,support,
-6rXp3zJ3kc$_$8,4.25,4.75,[0],"{""0"":2.342226982116699}",0,verified,support,
-6rXp3zJ3kc$_$8,4.5,5.0,[0],"{""0"":2.480593204498291}",0,verified,support,
-6rXp3zJ3kc$_$8,4.75,5.25,[0],"{""0"":2.6594021320343018}",0,verified,support,
-6rXp3zJ3kc$_$8,5.0,5.5,[0],"{""0"":2.7887258529663086}",0,verified,support,
-6rXp3zJ3kc$_$8,5.25,5.75,[0],"{""0"":2.5188136100769043}",0,verified,support,
-6rXp3zJ3kc$_$8,5.5,6.0,[0],"{""0"":2.1657216548919678}",0,verified,support,
-6rXp3zJ3kc$_$8,5.75,6.25,[0],"{""0"":2.427160382270813}",0,verified,support,
-6rXp3zJ3kc$_$8,6.0,6.5,[0],"{""0"":3.064359664916992}",0,verified,support,
-6rXp3zJ3kc$_$8,6.25,6.75,[0],"{""0"":3.053510904312134}",0,verified,support,
-6rXp3zJ3kc$_$8,6.5,7.0,[0],"{""0"":2.722864866256714}",0,verified,support,
-6rXp3zJ3kc$_$8,6.75,7.25,[0],"{""0"":2.398928165435791}",0,verified,support,
-6rXp3zJ3kc$_$8,7.0,7.5,[0],"{""0"":2.4570367336273193}",0,verified,support,
-6rXp3zJ3kc$_$8,7.25,7.75,[0],"{""0"":2.4570367336273193}",0,verified,support,
-6rXp3zJ3kc$_$8,7.5,8.0,[0],"{""0"":0.8581945896148682}",0,verified,support,
-6rXp3zJ3kc$_$8,7.75,8.25,[0],"{""0"":0.9385684728622437}",0,verified,support,
-6rXp3zJ3kc$_$8,8.0,8.5,[0],"{""0"":1.396004557609558}",0,verified,support,
-6rXp3zJ3kc$_$8,8.25,8.75,[0],"{""0"":1.2826865911483765}",0,verified,support,
-6rXp3zJ3kc$_$8,8.5,9.0,[0],"{""0"":1.233359456062317}",0,verified,support,
-6rXp3zJ3kc$_$8,8.75,9.25,[0],"{""0"":1.5483554005622864}",0,verified,support,
-6rXp3zJ3kc$_$8,9.0,9.5,[0],"{""0"":1.996191382408142}",0,verified,support,
-6rXp3zJ3kc$_$8,9.25,9.75,[0],"{""0"":3.286041259765625}",0,verified,support,
-6rXp3zJ3kc$_$8,9.5,10.0,[0],"{""0"":3.286041259765625}",0,verified,support,
-6rXp3zJ3kc$_$8,9.75,10.25,[0],"{""0"":3.365256667137146}",0,verified,support,
-6rXp3zJ3kc$_$8,10.0,10.5,[0],"{""0"":3.62947678565979}",0,verified,support,
-6rXp3zJ3kc$_$8,10.25,10.75,[0],"{""0"":3.5590860843658447}",0,verified,support,
-6rXp3zJ3kc$_$8,10.5,11.0,[0],"{""0"":3.2577641010284424}",0,verified,support,
-6rXp3zJ3kc$_$8,10.75,11.25,[0],"{""0"":2.894315004348755}",0,verified,support,
-6rXp3zJ3kc$_$8,11.0,11.5,[0],"{""0"":2.5796473026275635}",0,verified,support,
-6rXp3zJ3kc$_$8,11.25,11.75,[0],"{""0"":2.8240673542022705}",0,verified,support,
-6rXp3zJ3kc$_$8,11.5,12.0,[0],"{""0"":2.6862659454345703}",0,verified,support,
-6rXp3zJ3kc$_$8,11.75,12.25,[0],"{""0"":1.32765394449234}",0,verified,support,
-6rXp3zJ3kc$_$8,12.0,12.5,[0],"{""0"":0.07163616269826889}",0,verified,support,
-6rXp3zJ3kc$_$8,12.25,12.75,[0],"{""0"":-0.29641906917095184}",,no_active,neutral,
-6rXp3zJ3kc$_$8,12.5,12.799999999999999,[0],"{""0"":-0.40708576142787933}",,no_active,neutral,
-6rXp3zJ3kc$_$8,12.75,12.799999999999999,[0],"{""0"":null}",,no_active,neutral,
-9y-fZ3swSY$_$0,0.0,0.5,[0],"{""0"":-1.6767977476119995}",,no_active,neutral,
-9y-fZ3swSY$_$0,0.25,0.75,[0],"{""0"":-1.6338447332382202}",,no_active,neutral,
-9y-fZ3swSY$_$0,0.5,1.0,[0],"{""0"":-1.6968761682510376}",,no_active,neutral,
-9y-fZ3swSY$_$0,0.75,1.25,[0],"{""0"":-1.6087549328804016}",,no_active,neutral,
-9y-fZ3swSY$_$0,1.0,1.5,[0],"{""0"":-1.575229287147522}",,no_active,neutral,
-9y-fZ3swSY$_$0,1.25,1.75,[0],"{""0"":-1.6056547164916992}",,no_active,neutral,
-9y-fZ3swSY$_$0,1.5,2.0,[0],"{""0"":-1.5128631591796875}",,no_active,neutral,
-9y-fZ3swSY$_$0,1.75,2.25,[0],"{""0"":-1.5563201904296875}",,no_active,neutral,
-9y-fZ3swSY$_$0,2.0,2.5,[0],"{""0"":-1.4186410903930664}",,no_active,neutral,
-9y-fZ3swSY$_$0,2.25,2.75,[0],"{""0"":-1.31560480594635}",,no_active,neutral,
-9y-fZ3swSY$_$0,2.5,3.0,[0],"{""0"":-1.3251159191131592}",,no_active,neutral,
-9y-fZ3swSY$_$0,2.75,3.25,[0],"{""0"":-1.2732569575309753}",,no_active,neutral,
-9y-fZ3swSY$_$0,3.0,3.5,[0],"{""0"":-1.014389157295227}",,no_active,neutral,
-9y-fZ3swSY$_$0,3.25,3.75,[0],"{""0"":-1.014389157295227}",,no_active,neutral,
-9y-fZ3swSY$_$0,3.5,4.0,[0],"{""0"":-1.0056449174880981}",,no_active,neutral,
-9y-fZ3swSY$_$0,3.75,4.25,[0],"{""0"":-0.943793386220932}",,no_active,neutral,
-9y-fZ3swSY$_$0,4.0,4.5,[0],"{""0"":-0.9619669318199158}",,no_active,neutral,
-9y-fZ3swSY$_$0,4.25,4.75,[0],"{""0"":-0.9470774531364441}",,no_active,neutral,
-9y-fZ3swSY$_$0,4.5,5.0,[0],"{""0"":-0.7490049004554749}",,no_active,neutral,
-9y-fZ3swSY$_$0,4.75,5.25,[0],"{""0"":-0.7350517511367798}",,no_active,neutral,
-9y-fZ3swSY$_$0,5.0,5.5,[0],"{""0"":-1.2354979515075684}",,no_active,neutral,
-9y-fZ3swSY$_$0,5.25,5.75,[0],"{""0"":-1.2724555730819702}",,no_active,neutral,
-9y-fZ3swSY$_$0,5.5,6.0,[0],"{""0"":-1.5057488679885864}",,no_active,neutral,
-9y-fZ3swSY$_$0,5.75,6.25,[0],"{""0"":-1.5543049573898315}",,no_active,neutral,
-9y-fZ3swSY$_$0,6.0,6.5,[0],"{""0"":-1.622618556022644}",,no_active,neutral,
-9y-fZ3swSY$_$0,6.25,6.75,[0],"{""0"":-1.5841779112815857}",,no_active,neutral,
-9y-fZ3swSY$_$0,6.5,6.8999999999999995,[0],"{""0"":-1.1576509475708008}",,no_active,neutral,
-9y-fZ3swSY$_$0,6.75,6.8999999999999995,[0],"{""0"":null}",,no_active,neutral,
-9y-fZ3swSY$_$4,0.0,0.5,[0],"{""0"":0.317422091960907}",0,verified,support,
-9y-fZ3swSY$_$4,0.25,0.75,[0],"{""0"":0.649777889251709}",0,verified,support,
-9y-fZ3swSY$_$4,0.5,1.0,[0],"{""0"":0.3064717650413513}",0,verified,support,
-9y-fZ3swSY$_$4,0.75,1.25,[0],"{""0"":0.43106505274772644}",0,verified,support,
-9y-fZ3swSY$_$4,1.0,1.5,[0],"{""0"":0.625169038772583}",0,verified,support,
-9y-fZ3swSY$_$4,1.25,1.75,[0],"{""0"":0.1629694700241089}",0,verified,support,
-9y-fZ3swSY$_$4,1.5,2.0,[0],"{""0"":0.1629694700241089}",0,verified,support,
-9y-fZ3swSY$_$4,1.75,2.25,[0],"{""0"":0.6348736882209778}",0,verified,support,
-9y-fZ3swSY$_$4,2.0,2.5,[0],"{""0"":0.8477587699890137}",0,verified,support,
-9y-fZ3swSY$_$4,2.25,2.75,[0],"{""0"":0.8328060507774353}",0,verified,support,
-9y-fZ3swSY$_$4,2.5,2.8,[0],"{""0"":0.4210444390773773}",0,verified,support,
-9y-fZ3swSY$_$4,2.75,2.8,[],{},,missing,neutral,
-9y-fZ3swSY$_$8,0.0,0.5,[0],"{""0"":-0.9561709761619568}",,no_active,neutral,
-9y-fZ3swSY$_$8,0.25,0.75,[0],"{""0"":-1.0458558797836304}",,no_active,neutral,
-9y-fZ3swSY$_$8,0.5,1.0,[0],"{""0"":-1.0902611017227173}",,no_active,neutral,
-9y-fZ3swSY$_$8,0.75,1.25,[0],"{""0"":-0.7957687079906464}",,no_active,neutral,
-9y-fZ3swSY$_$8,1.0,1.5,[0],"{""0"":-0.5796735882759094}",,no_active,neutral,
-9y-fZ3swSY$_$8,1.25,1.75,[0],"{""0"":-0.8838214874267578}",,no_active,neutral,
-9y-fZ3swSY$_$8,1.5,2.0,[0],"{""0"":-0.9504114985466003}",,no_active,neutral,
-9y-fZ3swSY$_$8,1.75,2.25,[0],"{""0"":-0.882392942905426}",,no_active,neutral,
-9y-fZ3swSY$_$8,2.0,2.5,[0],"{""0"":-0.5228745937347412}",,no_active,neutral,
-9y-fZ3swSY$_$8,2.25,2.75,[0],"{""0"":-0.2906642258167267}",,no_active,neutral,
-9y-fZ3swSY$_$8,2.5,3.0,[0],"{""0"":-0.08347728103399277}",,no_active,neutral,
-9y-fZ3swSY$_$8,2.75,3.25,[0],"{""0"":-0.3418375104665756}",,no_active,neutral,
-9y-fZ3swSY$_$8,3.0,3.5,[0],"{""0"":-1.0027265548706055}",,no_active,neutral,
-9y-fZ3swSY$_$8,3.25,3.75,[0],"{""0"":-1.6282366514205933}",,no_active,neutral,
-9y-fZ3swSY$_$8,3.5,4.0,[0],"{""0"":-2.348618507385254}",,no_active,neutral,
-9y-fZ3swSY$_$8,3.75,4.25,[0],"{""0"":-3.016633152961731}",,no_active,neutral,
-9y-fZ3swSY$_$8,4.0,4.5,[0],"{""0"":-3.163212537765503}",,no_active,neutral,
-9y-fZ3swSY$_$8,4.25,4.75,[0],"{""0"":-2.3481409549713135}",,no_active,neutral,
-9y-fZ3swSY$_$8,4.5,4.966666666666667,[0],"{""0"":-2.207839250564575}",,no_active,neutral,
-9y-fZ3swSY$_$8,4.75,4.966666666666667,[0],"{""0"":-1.8916748762130737}",,no_active,neutral,
-AUZQgSxyPQ$_$2,0.0,0.5,[0],"{""0"":-2.06414532661438}",,no_active,neutral,
-AUZQgSxyPQ$_$2,0.25,0.75,[0],"{""0"":-1.828675389289856}",,no_active,neutral,
-AUZQgSxyPQ$_$2,0.5,1.0,[0],"{""0"":-1.506605625152588}",,no_active,neutral,
-AUZQgSxyPQ$_$2,0.75,1.25,[0],"{""0"":-1.3540425896644592}",,no_active,neutral,
-AUZQgSxyPQ$_$2,1.0,1.5,[0],"{""0"":-1.1193643808364868}",,no_active,neutral,
-AUZQgSxyPQ$_$2,1.25,1.75,[0],"{""0"":-1.3184469938278198}",,no_active,neutral,
-AUZQgSxyPQ$_$2,1.5,2.0,[0],"{""0"":-1.4336994886398315}",,no_active,neutral,
-AUZQgSxyPQ$_$2,1.75,2.25,[0],"{""0"":-0.9116867482662201}",,no_active,neutral,
-AUZQgSxyPQ$_$2,2.0,2.5,[0],"{""0"":-0.8850936889648438}",,no_active,neutral,
-AUZQgSxyPQ$_$2,2.25,2.75,[0],"{""0"":-1.6653825044631958}",,no_active,neutral,
-AUZQgSxyPQ$_$2,2.5,3.0,[0],"{""0"":-1.8082448244094849}",,no_active,neutral,
-AUZQgSxyPQ$_$2,2.75,3.25,[0],"{""0"":-0.9731512367725372}",,no_active,neutral,
-AUZQgSxyPQ$_$2,3.0,3.5,[0],"{""0"":-0.6623166799545288}",,no_active,neutral,
-AUZQgSxyPQ$_$2,3.25,3.75,[0],"{""0"":-0.8075780868530273}",,no_active,neutral,
-AUZQgSxyPQ$_$2,3.5,4.0,[0],"{""0"":-0.8634355068206787}",,no_active,neutral,
-AUZQgSxyPQ$_$2,3.75,4.25,[0],"{""0"":-0.8224296867847443}",,no_active,neutral,
-AUZQgSxyPQ$_$2,4.0,4.5,[0],"{""0"":-1.0412321090698242}",,no_active,neutral,
-AUZQgSxyPQ$_$2,4.25,4.75,[0],"{""0"":-1.590467929840088}",,no_active,neutral,
-AUZQgSxyPQ$_$2,4.5,5.0,[0],"{""0"":-1.6800260543823242}",,no_active,neutral,
-AUZQgSxyPQ$_$2,4.75,5.25,[0],"{""0"":-1.3691763877868652}",,no_active,neutral,
-AUZQgSxyPQ$_$2,5.0,5.5,[0],"{""0"":-1.3817213773727417}",,no_active,neutral,
-AUZQgSxyPQ$_$2,5.25,5.75,[0],"{""0"":-1.6351274251937866}",,no_active,neutral,
-AUZQgSxyPQ$_$2,5.5,6.0,[0],"{""0"":-1.2772780656814575}",,no_active,neutral,
-AUZQgSxyPQ$_$2,5.75,6.25,[0],"{""0"":-1.0899813175201416}",,no_active,neutral,
-AUZQgSxyPQ$_$2,6.0,6.5,[0],"{""0"":-1.2731062173843384}",,no_active,neutral,
-AUZQgSxyPQ$_$2,6.25,6.75,[0],"{""0"":-1.4157620668411255}",,no_active,neutral,
-AUZQgSxyPQ$_$2,6.5,7.0,[0],"{""0"":-1.4312058687210083}",,no_active,neutral,
-AUZQgSxyPQ$_$2,6.75,7.25,[0],"{""0"":-1.5659219026565552}",,no_active,neutral,
-AUZQgSxyPQ$_$2,7.0,7.5,[0],"{""0"":-1.6096553802490234}",,no_active,neutral,
-AUZQgSxyPQ$_$2,7.25,7.75,[0],"{""0"":-1.8398733139038086}",,no_active,neutral,
-AUZQgSxyPQ$_$2,7.5,8.0,[0],"{""0"":-1.8946151733398438}",,no_active,neutral,
-AUZQgSxyPQ$_$2,7.75,8.25,[0],"{""0"":-1.78398996591568}",,no_active,neutral,
-AUZQgSxyPQ$_$2,8.0,8.5,[0],"{""0"":-2.023135185241699}",,no_active,neutral,
-AUZQgSxyPQ$_$2,8.25,8.75,[0],"{""0"":-2.0485260486602783}",,no_active,neutral,
-AUZQgSxyPQ$_$2,8.5,9.0,[0],"{""0"":-1.662919044494629}",,no_active,neutral,
-AUZQgSxyPQ$_$2,8.75,9.25,[0],"{""0"":-1.5471130013465881}",,no_active,neutral,
-AUZQgSxyPQ$_$2,9.0,9.5,[0],"{""0"":-1.570340633392334}",,no_active,neutral,
-AUZQgSxyPQ$_$2,9.25,9.75,[0],"{""0"":-1.570340633392334}",,no_active,neutral,
-AUZQgSxyPQ$_$2,9.5,10.0,[0],"{""0"":-1.2957850694656372}",,no_active,neutral,
-AUZQgSxyPQ$_$2,9.75,10.25,[0],"{""0"":-1.2939482927322388}",,no_active,neutral,
-AUZQgSxyPQ$_$2,10.0,10.5,[0],"{""0"":-1.2921115159988403}",,no_active,neutral,
-AUZQgSxyPQ$_$2,10.25,10.75,[0],"{""0"":-1.2041515111923218}",,no_active,neutral,
-AUZQgSxyPQ$_$2,10.5,11.0,[0],"{""0"":-1.2870149612426758}",,no_active,neutral,
-AUZQgSxyPQ$_$2,10.75,11.25,[0],"{""0"":-1.6650857329368591}",,no_active,neutral,
-AUZQgSxyPQ$_$2,11.0,11.5,[0],"{""0"":-1.5856298208236694}",,no_active,neutral,
-AUZQgSxyPQ$_$2,11.25,11.75,[0],"{""0"":-1.6541043519973755}",,no_active,neutral,
-AUZQgSxyPQ$_$2,11.5,12.0,[0],"{""0"":-1.9232454299926758}",,no_active,neutral,
-AUZQgSxyPQ$_$2,11.75,12.25,[0],"{""0"":-1.9200727343559265}",,no_active,neutral,
-AUZQgSxyPQ$_$2,12.0,12.5,[0],"{""0"":-1.7180986404418945}",,no_active,neutral,
-AUZQgSxyPQ$_$2,12.25,12.75,[0],"{""0"":-1.3127385377883911}",,no_active,neutral,
-AUZQgSxyPQ$_$2,12.5,13.0,[0],"{""0"":-1.497570514678955}",,no_active,neutral,
-AUZQgSxyPQ$_$2,12.75,13.25,[0],"{""0"":-1.6399268507957458}",,no_active,neutral,
-AUZQgSxyPQ$_$2,13.0,13.5,[0],"{""0"":-1.7278081178665161}",,no_active,neutral,
-AUZQgSxyPQ$_$2,13.25,13.75,[0],"{""0"":-1.9637900590896606}",,no_active,neutral,
-AUZQgSxyPQ$_$2,13.5,14.0,[0],"{""0"":-2.0325067043304443}",,no_active,neutral,
-AUZQgSxyPQ$_$2,13.75,14.25,[0],"{""0"":-1.860594391822815}",,no_active,neutral,
-AUZQgSxyPQ$_$2,14.0,14.5,[0],"{""0"":-1.7175861597061157}",,no_active,neutral,
-AUZQgSxyPQ$_$2,14.25,14.75,[0],"{""0"":-1.6806007623672485}",,no_active,neutral,
-AUZQgSxyPQ$_$2,14.5,15.0,[0],"{""0"":-1.5031987428665161}",,no_active,neutral,
-AUZQgSxyPQ$_$2,14.75,15.25,[0],"{""0"":-1.6318047642707825}",,no_active,neutral,
-AUZQgSxyPQ$_$2,15.0,15.5,[0],"{""0"":-2.367561101913452}",,no_active,neutral,
-AUZQgSxyPQ$_$2,15.25,15.75,[0],"{""0"":-2.4185359477996826}",,no_active,neutral,
-AUZQgSxyPQ$_$2,15.5,16.0,[0],"{""0"":-2.14886736869812}",,no_active,neutral,
-AUZQgSxyPQ$_$2,15.75,16.25,[0],"{""0"":-1.3422210216522217}",,no_active,neutral,
-AUZQgSxyPQ$_$2,16.0,16.5,[0],"{""0"":-1.0051279067993164}",,no_active,neutral,
-AUZQgSxyPQ$_$2,16.25,16.75,[0],"{""0"":-1.2146894931793213}",,no_active,neutral,
-AUZQgSxyPQ$_$2,16.5,17.0,[0],"{""0"":-1.2349152565002441}",,no_active,neutral,
-AUZQgSxyPQ$_$2,16.75,17.25,[0],"{""0"":-1.2667824029922485}",,no_active,neutral,
-AUZQgSxyPQ$_$2,17.0,17.5,[0],"{""0"":-1.671129822731018}",,no_active,neutral,
-AUZQgSxyPQ$_$2,17.25,17.75,[0],"{""0"":-1.7423152923583984}",,no_active,neutral,
-AUZQgSxyPQ$_$2,17.5,18.0,[0],"{""0"":-1.6347867250442505}",,no_active,neutral,
-AUZQgSxyPQ$_$2,17.75,18.25,[0],"{""0"":-0.6843844056129456}",,no_active,neutral,
-AUZQgSxyPQ$_$2,18.0,18.5,[0],"{""0"":0.11015936732292175}",0,verified,support,
-AUZQgSxyPQ$_$2,18.25,18.75,[0],"{""0"":0.1246829405426979}",0,verified,support,
-AUZQgSxyPQ$_$2,18.5,19.0,[0],"{""0"":0.010820657014846802}",0,verified,support,
-AUZQgSxyPQ$_$2,18.75,19.25,[0],"{""0"":0.03537242207676172}",0,verified,support,
-AUZQgSxyPQ$_$2,19.0,19.5,[0],"{""0"":0.24595649540424347}",0,verified,support,
-AUZQgSxyPQ$_$2,19.25,19.75,[0],"{""0"":0.2001819610595703}",0,verified,support,
-AUZQgSxyPQ$_$2,19.5,20.0,[0],"{""0"":-0.5263689160346985}",,no_active,neutral,
-AUZQgSxyPQ$_$2,19.75,20.25,[0],"{""0"":-0.7286618947982788}",,no_active,neutral,
-AUZQgSxyPQ$_$2,20.0,20.5,[0],"{""0"":-0.9198598861694336}",,no_active,neutral,
-AUZQgSxyPQ$_$2,20.25,20.75,[0],"{""0"":-0.9858209490776062}",,no_active,neutral,
-AUZQgSxyPQ$_$2,20.5,21.0,[0],"{""0"":-0.7963082194328308}",,no_active,neutral,
-AUZQgSxyPQ$_$2,20.75,21.25,[0],"{""0"":-0.7140169441699982}",,no_active,neutral,
-AUZQgSxyPQ$_$2,21.0,21.5,[0],"{""0"":-1.2041841745376587}",,no_active,neutral,
-AUZQgSxyPQ$_$2,21.25,21.75,[0],"{""0"":-1.3317370414733887}",,no_active,neutral,
-AUZQgSxyPQ$_$2,21.5,22.0,[0],"{""0"":-1.6287078857421875}",,no_active,neutral,
-AUZQgSxyPQ$_$2,21.75,22.25,[0],"{""0"":-1.7936015129089355}",,no_active,neutral,
-AUZQgSxyPQ$_$2,22.0,22.5,[0],"{""0"":-1.8902488946914673}",,no_active,neutral,
-AUZQgSxyPQ$_$2,22.25,22.5,[0],"{""0"":-1.9144657850265503}",,no_active,neutral,
-HeZS2-Prhc$_$2,0.0,0.5,[0],"{""0"":1.6375547647476196}",0,verified,support,
-HeZS2-Prhc$_$2,0.25,0.75,[0],"{""0"":1.1841679811477661}",0,verified,support,
-HeZS2-Prhc$_$2,0.5,1.0,[0],"{""0"":0.48715662956237793}",0,verified,support,
-HeZS2-Prhc$_$2,0.75,1.25,[0],"{""0"":0.6008129417896271}",0,verified,support,
-HeZS2-Prhc$_$2,1.0,1.5,[0],"{""0"":0.8979580998420715}",0,verified,support,
-HeZS2-Prhc$_$2,1.25,1.75,[0],"{""0"":1.7659233808517456}",0,verified,support,
-HeZS2-Prhc$_$2,1.5,2.0,[0],"{""0"":2.4704041481018066}",0,verified,support,
-HeZS2-Prhc$_$2,1.75,2.25,[0],"{""0"":2.8187001943588257}",0,verified,support,
-HeZS2-Prhc$_$2,2.0,2.5,[0],"{""0"":3.0754220485687256}",0,verified,support,
-HeZS2-Prhc$_$2,2.25,2.75,[0],"{""0"":3.2990400791168213}",0,verified,support,
-HeZS2-Prhc$_$2,2.5,3.0,[0],"{""0"":3.0364415645599365}",0,verified,support,
-HeZS2-Prhc$_$2,2.75,3.25,[0],"{""0"":3.1483442783355713}",0,verified,support,
-HeZS2-Prhc$_$2,3.0,3.5,[0],"{""0"":3.2732765674591064}",0,verified,support,
-HeZS2-Prhc$_$2,3.25,3.75,[0],"{""0"":2.5735738277435303}",0,verified,support,
-HeZS2-Prhc$_$2,3.5,4.0,[0],"{""0"":1.6040834188461304}",0,verified,support,
-HeZS2-Prhc$_$2,3.75,4.25,[0],"{""0"":1.0745558738708496}",0,verified,support,
-HeZS2-Prhc$_$2,4.0,4.5,[0],"{""0"":1.1502704620361328}",0,verified,support,
-HeZS2-Prhc$_$2,4.25,4.75,[0],"{""0"":1.6446723937988281}",0,verified,support,
-HeZS2-Prhc$_$2,4.5,5.0,[0],"{""0"":0.500349223613739}",0,verified,support,
-HeZS2-Prhc$_$2,4.75,5.25,[0],"{""0"":0.11058291420340538}",0,verified,support,
-HeZS2-Prhc$_$2,5.0,5.5,[0],"{""0"":0.11012002825737}",0,verified,support,
-HeZS2-Prhc$_$2,5.25,5.75,[0],"{""0"":0.047874171286821365}",0,verified,support,
-HeZS2-Prhc$_$2,5.5,6.0,[0],"{""0"":-0.10946271568536758}",,no_active,neutral,
-HeZS2-Prhc$_$2,5.75,6.25,[0],"{""0"":-0.11193029955029488}",,no_active,neutral,
-HeZS2-Prhc$_$2,6.0,6.5,[0],"{""0"":1.0693219900131226}",0,verified,support,
-HeZS2-Prhc$_$2,6.25,6.75,[0],"{""0"":1.2312549352645874}",0,verified,support,
-HeZS2-Prhc$_$2,6.5,7.0,[0],"{""0"":0.440746545791626}",0,verified,support,
-HeZS2-Prhc$_$2,6.75,7.25,[0],"{""0"":0.0912921279668808}",0,verified,support,
-HeZS2-Prhc$_$2,7.0,7.5,[0],"{""0"":0.3520524501800537}",0,verified,support,
-HeZS2-Prhc$_$2,7.25,7.75,[0],"{""0"":0.2390793114900589}",0,verified,support,
-HeZS2-Prhc$_$2,7.5,8.0,[0],"{""0"":-0.03846147283911705}",,no_active,neutral,
-HeZS2-Prhc$_$2,7.75,8.233333333333333,[0],"{""0"":-0.32731157541275024}",,no_active,neutral,
-HeZS2-Prhc$_$2,8.0,8.233333333333333,[0],"{""0"":-0.5894647240638733}",,no_active,neutral,
-HwX2H8Z4hY$_$2,0.0,0.5,[],{},,missing,neutral,
-HwX2H8Z4hY$_$2,0.25,0.75,[],{},,missing,neutral,
-HwX2H8Z4hY$_$2,0.5,1.0,[],{},,missing,neutral,
-HwX2H8Z4hY$_$2,0.75,1.25,[],{},,missing,neutral,
-HwX2H8Z4hY$_$2,1.0,1.5,[],{},,missing,neutral,
-HwX2H8Z4hY$_$2,1.25,1.75,[],{},,missing,neutral,
-HwX2H8Z4hY$_$2,1.5,2.0,[],{},,missing,neutral,
-HwX2H8Z4hY$_$2,1.75,2.25,[],{},,missing,neutral,
-HwX2H8Z4hY$_$2,2.0,2.5,[],{},,missing,neutral,
-HwX2H8Z4hY$_$2,2.25,2.75,[],{},,missing,neutral,
-HwX2H8Z4hY$_$2,2.5,3.0,[0],"{""0"":null}",,no_active,neutral,
-HwX2H8Z4hY$_$2,2.75,3.25,[0],"{""0"":null}",,no_active,neutral,
-HwX2H8Z4hY$_$2,3.0,3.5,[1],"{""1"":-1.0266448557376862}",,no_active,neutral,
-HwX2H8Z4hY$_$2,3.25,3.75,[1],"{""1"":-0.6918907165527344}",,no_active,neutral,
-HwX2H8Z4hY$_$2,3.5,3.9666666666666663,[1],"{""1"":-0.7927728295326233}",,no_active,neutral,
-HwX2H8Z4hY$_$2,3.75,3.9666666666666663,[1],"{""1"":-1.3155949711799622}",,no_active,neutral,
-HwX2H8Z4hY$_$5,0.0,0.5,[0],"{""0"":null}",,no_active,neutral,
-HwX2H8Z4hY$_$5,0.25,0.75,[0],"{""0"":-1.30345618724823}",,no_active,neutral,
-HwX2H8Z4hY$_$5,0.5,1.0,[0],"{""0"":-1.30345618724823}",,no_active,neutral,
-HwX2H8Z4hY$_$5,0.75,1.25,[0],"{""0"":-1.30345618724823}",,no_active,neutral,
-HwX2H8Z4hY$_$5,1.0,1.5,[0],"{""0"":-0.11261472851037979}",,no_active,neutral,
-HwX2H8Z4hY$_$5,1.25,1.75,[0],"{""0"":-0.11261472851037979}",,no_active,neutral,
-HwX2H8Z4hY$_$5,1.5,2.0,[0],"{""0"":null}",,no_active,neutral,
-HwX2H8Z4hY$_$5,1.75,2.25,[],{},,missing,neutral,
-HwX2H8Z4hY$_$5,2.0,2.5,[],{},,missing,neutral,
-HwX2H8Z4hY$_$5,2.25,2.75,[],{},,missing,neutral,
-HwX2H8Z4hY$_$5,2.5,3.0,[],{},,missing,neutral,
-HwX2H8Z4hY$_$5,2.75,3.25,[],{},,missing,neutral,
-HwX2H8Z4hY$_$5,3.0,3.5,[],{},,missing,neutral,
-HwX2H8Z4hY$_$5,3.25,3.75,[],{},,missing,neutral,
-HwX2H8Z4hY$_$5,3.5,4.0,[],{},,missing,neutral,
-HwX2H8Z4hY$_$5,3.75,4.25,[],{},,missing,neutral,
-HwX2H8Z4hY$_$5,4.0,4.5,[],{},,missing,neutral,
-HwX2H8Z4hY$_$5,4.25,4.75,[],{},,missing,neutral,
-HwX2H8Z4hY$_$5,4.5,5.0,[],{},,missing,neutral,
-HwX2H8Z4hY$_$5,4.75,5.25,[],{},,missing,neutral,
-HwX2H8Z4hY$_$5,5.0,5.5,[0],"{""0"":-1.325339436531067}",,no_active,neutral,
-HwX2H8Z4hY$_$5,5.25,5.633333333333333,[0],"{""0"":-1.325339436531067}",,no_active,neutral,
-HwX2H8Z4hY$_$5,5.5,5.633333333333333,[0],"{""0"":-1.325339436531067}",,no_active,neutral,
-HwX2H8Z4hY$_$6,0.0,0.5,[0],"{""0"":-1.621655523777008}",,no_active,neutral,
-HwX2H8Z4hY$_$6,0.25,0.75,[0],"{""0"":-1.621655523777008}",,no_active,neutral,
-HwX2H8Z4hY$_$6,0.5,1.0,[0],"{""0"":null}",,no_active,neutral,
-HwX2H8Z4hY$_$6,0.75,1.25,[0],"{""0"":-0.794246256351471}",,no_active,neutral,
-HwX2H8Z4hY$_$6,1.0,1.5,[0],"{""0"":-0.7800739109516144}",,no_active,neutral,
-HwX2H8Z4hY$_$6,1.25,1.75,[0],"{""0"":-0.7940831184387207}",,no_active,neutral,
-HwX2H8Z4hY$_$6,1.5,2.0,[],{},,missing,neutral,
-HwX2H8Z4hY$_$6,1.75,2.25,[],{},,missing,neutral,
-HwX2H8Z4hY$_$6,2.0,2.5,[],{},,missing,neutral,
-HwX2H8Z4hY$_$6,2.25,2.75,[],{},,missing,neutral,
-HwX2H8Z4hY$_$6,2.5,3.0,[],{},,missing,neutral,
-HwX2H8Z4hY$_$6,2.75,3.25,[1],"{""1"":null}",,no_active,neutral,
-HwX2H8Z4hY$_$6,3.0,3.333333333333333,[1],"{""1"":null}",,no_active,neutral,
-HwX2H8Z4hY$_$6,3.25,3.333333333333333,[1],"{""1"":null}",,no_active,neutral,
-HwX2H8Z4hY$_$9,0.0,0.5,[0],"{""0"":-1.3529397249221802}",,no_active,neutral,
-HwX2H8Z4hY$_$9,0.25,0.75,[0],"{""0"":-1.2267574071884155}",,no_active,neutral,
-HwX2H8Z4hY$_$9,0.5,1.0,[0],"{""0"":-0.566440999507904}",,no_active,neutral,
-HwX2H8Z4hY$_$9,0.75,1.25,[0],"{""0"":-0.34209370613098145}",,no_active,neutral,
-HwX2H8Z4hY$_$9,1.0,1.5,[0],"{""0"":0.13293857872486115}",0,verified,neutral,
-HwX2H8Z4hY$_$9,1.25,1.75,[],{},,missing,neutral,
-HwX2H8Z4hY$_$9,1.5,2.0,[],{},,missing,neutral,
-HwX2H8Z4hY$_$9,1.75,2.25,[],{},,missing,neutral,
-HwX2H8Z4hY$_$9,2.0,2.5,[],{},,missing,neutral,
-HwX2H8Z4hY$_$9,2.25,2.75,[],{},,missing,neutral,
-HwX2H8Z4hY$_$9,2.5,3.0,[],{},,missing,neutral,
-HwX2H8Z4hY$_$9,2.75,3.25,[0],"{""0"":-0.2741968035697937}",,no_active,neutral,
-HwX2H8Z4hY$_$9,3.0,3.5,[0],"{""0"":-0.6086903214454651}",,no_active,neutral,
-HwX2H8Z4hY$_$9,3.25,3.75,[0],"{""0"":-0.740895688533783}",,no_active,neutral,
-HwX2H8Z4hY$_$9,3.5,4.0,[0],"{""0"":-1.1713082194328308}",,no_active,neutral,
-HwX2H8Z4hY$_$9,3.75,4.25,[0],"{""0"":-1.1890621185302734}",,no_active,neutral,
-HwX2H8Z4hY$_$9,4.0,4.5,[0],"{""0"":-1.0349920988082886}",,no_active,neutral,
-HwX2H8Z4hY$_$9,4.25,4.75,[0],"{""0"":-0.8796152472496033}",,no_active,neutral,
-HwX2H8Z4hY$_$9,4.5,5.0,[0],"{""0"":-0.8642136454582214}",,no_active,neutral,
-HwX2H8Z4hY$_$9,4.75,5.25,[0],"{""0"":-1.0095437467098236}",,no_active,neutral,
-HwX2H8Z4hY$_$9,5.0,5.5,[0],"{""0"":-1.0195401906967163}",,no_active,neutral,
-HwX2H8Z4hY$_$9,5.25,5.75,[0],"{""0"":-0.8604458570480347}",,no_active,neutral,
-HwX2H8Z4hY$_$9,5.5,6.0,[0],"{""0"":-0.9157586395740509}",,no_active,neutral,
-HwX2H8Z4hY$_$9,5.75,6.25,[0],"{""0"":null}",,no_active,neutral,
-HwX2H8Z4hY$_$9,6.0,6.5,[0],"{""0"":0.3414594233036041}",0,verified,neutral,
-HwX2H8Z4hY$_$9,6.25,6.75,[0],"{""0"":1.045051097869873}",0,verified,neutral,
-HwX2H8Z4hY$_$9,6.5,7.0,[0],"{""0"":0.8342211246490479}",0,verified,neutral,
-HwX2H8Z4hY$_$9,6.75,7.25,[0],"{""0"":0.7367819547653198}",0,verified,neutral,
-HwX2H8Z4hY$_$9,7.0,7.5,[0],"{""0"":0.6257378458976746}",0,verified,neutral,
-HwX2H8Z4hY$_$9,7.25,7.733333333333333,[0],"{""0"":0.7822761237621307}",0,verified,neutral,
-HwX2H8Z4hY$_$9,7.5,7.733333333333333,[0],"{""0"":0.2028406299650669}",0,verified,neutral,
-I_e4mIh0yE$_$1,0.0,0.5,[0],"{""0"":-0.21531663835048676}",,no_active,neutral,
-I_e4mIh0yE$_$1,0.25,0.75,[0],"{""0"":-0.1081610694527626}",,no_active,neutral,
-I_e4mIh0yE$_$1,0.5,1.0,[0],"{""0"":0.39551904797554016}",0,verified,support,
-I_e4mIh0yE$_$1,0.75,1.25,[0],"{""0"":1.3377019762992859}",0,verified,support,
-I_e4mIh0yE$_$1,1.0,1.5,[0],"{""0"":2.1856024265289307}",0,verified,support,
-I_e4mIh0yE$_$1,1.25,1.75,[0],"{""0"":2.195434808731079}",0,verified,support,
-I_e4mIh0yE$_$1,1.5,2.0,[0],"{""0"":2.1525919437408447}",0,verified,support,
-I_e4mIh0yE$_$1,1.75,2.25,[0],"{""0"":1.3766604661941528}",0,verified,support,
-I_e4mIh0yE$_$1,2.0,2.5,[0],"{""0"":0.8993003368377686}",0,verified,support,
-I_e4mIh0yE$_$1,2.25,2.75,[0],"{""0"":0.923775851726532}",0,verified,support,
-I_e4mIh0yE$_$1,2.5,3.0,[0],"{""0"":0.6726320385932922}",0,verified,support,
-I_e4mIh0yE$_$1,2.75,3.25,[0],"{""0"":0.36223727464675903}",0,verified,support,
-I_e4mIh0yE$_$1,3.0,3.5,[0],"{""0"":0.21301275491714478}",0,verified,support,
-I_e4mIh0yE$_$1,3.25,3.75,[0],"{""0"":0.2761882245540619}",0,verified,support,
-I_e4mIh0yE$_$1,3.5,4.0,[0],"{""0"":0.36775660514831543}",0,verified,support,
-I_e4mIh0yE$_$1,3.75,4.25,[0],"{""0"":0.7111990749835968}",0,verified,support,
-I_e4mIh0yE$_$1,4.0,4.5,[0],"{""0"":1.0501065254211426}",0,verified,support,
-I_e4mIh0yE$_$1,4.25,4.75,[0],"{""0"":1.0152212381362915}",0,verified,support,
-I_e4mIh0yE$_$1,4.5,5.0,[0],"{""0"":0.8153639435768127}",0,verified,support,
-I_e4mIh0yE$_$1,4.75,5.25,[0],"{""0"":0.6310383975505829}",0,verified,support,
-I_e4mIh0yE$_$1,5.0,5.5,[0],"{""0"":1.119059443473816}",0,verified,support,
-I_e4mIh0yE$_$1,5.25,5.75,[0],"{""0"":0.9898908734321594}",0,verified,support,
-I_e4mIh0yE$_$1,5.5,6.0,[0],"{""0"":0.6228247880935669}",0,verified,support,
-I_e4mIh0yE$_$1,5.75,6.25,[0],"{""0"":-1.000587448477745}",,no_active,neutral,
-I_e4mIh0yE$_$1,6.0,6.5,[0],"{""0"":-2.0909910202026367}",,no_active,neutral,
-I_e4mIh0yE$_$1,6.25,6.75,[0],"{""0"":-2.0807220935821533}",,no_active,neutral,
-I_e4mIh0yE$_$1,6.5,7.0,[0],"{""0"":-1.9687567949295044}",,no_active,neutral,
-I_e4mIh0yE$_$1,6.75,7.25,[0],"{""0"":-2.215900182723999}",,no_active,neutral,
-I_e4mIh0yE$_$1,7.0,7.5,[0],"{""0"":-2.4752455949783325}",,no_active,neutral,
-I_e4mIh0yE$_$1,7.25,7.6,[0],"{""0"":-2.465953826904297}",,no_active,neutral,
-I_e4mIh0yE$_$1,7.5,7.6,[],{},,missing,neutral,
-I_e4mIh0yE$_$3,0.0,0.5,[0],"{""0"":-0.9724951386451721}",,no_active,neutral,
-I_e4mIh0yE$_$3,0.25,0.75,[0],"{""0"":-0.07578714936971664}",,no_active,neutral,
-I_e4mIh0yE$_$3,0.5,1.0,[0],"{""0"":0.6874701380729675}",0,verified,conflict,talknet_av_sync_conflict
-I_e4mIh0yE$_$3,0.75,1.25,[0],"{""0"":1.4020612239837646}",0,verified,conflict,talknet_av_sync_conflict
-I_e4mIh0yE$_$3,1.0,1.5,[0],"{""0"":2.094318151473999}",0,verified,conflict,talknet_av_sync_conflict
-I_e4mIh0yE$_$3,1.25,1.75,[0],"{""0"":2.214937925338745}",0,verified,conflict,talknet_av_sync_conflict
-I_e4mIh0yE$_$3,1.5,2.0,[0],"{""0"":2.1574528217315674}",0,verified,conflict,talknet_av_sync_conflict
-I_e4mIh0yE$_$3,1.75,2.25,[0],"{""0"":1.9932790994644165}",0,verified,conflict,talknet_av_sync_conflict
-I_e4mIh0yE$_$3,2.0,2.5,[0],"{""0"":1.9734387397766113}",0,verified,conflict,talknet_av_sync_conflict
-I_e4mIh0yE$_$3,2.25,2.75,[0],"{""0"":1.951889991760254}",0,verified,conflict,talknet_av_sync_conflict
-I_e4mIh0yE$_$3,2.5,3.0,[0],"{""0"":2.045597791671753}",0,verified,conflict,talknet_av_sync_conflict
-I_e4mIh0yE$_$3,2.75,3.25,[0],"{""0"":2.074288249015808}",0,verified,conflict,talknet_av_sync_conflict
-I_e4mIh0yE$_$3,3.0,3.5,[0],"{""0"":2.0332841873168945}",0,verified,conflict,talknet_av_sync_conflict
-I_e4mIh0yE$_$3,3.25,3.75,[0],"{""0"":1.779880166053772}",0,verified,conflict,talknet_av_sync_conflict
-I_e4mIh0yE$_$3,3.5,4.0,[0],"{""0"":0.7912598252296448}",0,verified,conflict,talknet_av_sync_conflict
-I_e4mIh0yE$_$3,3.75,4.25,[0],"{""0"":1.0972202718257904}",0,verified,conflict,talknet_av_sync_conflict
-I_e4mIh0yE$_$3,4.0,4.5,[0],"{""0"":2.02236270904541}",0,verified,conflict,talknet_av_sync_conflict
-I_e4mIh0yE$_$3,4.25,4.75,[0],"{""0"":1.853342890739441}",0,verified,conflict,talknet_av_sync_conflict
-I_e4mIh0yE$_$3,4.5,5.0,[0],"{""0"":0.8736133575439453}",0,verified,conflict,talknet_av_sync_conflict
-I_e4mIh0yE$_$3,4.75,5.25,[0],"{""0"":0.27336621284484863}",0,verified,conflict,talknet_av_sync_conflict
-I_e4mIh0yE$_$3,5.0,5.5,[0],"{""0"":0.28514155745506287}",0,verified,conflict,talknet_av_sync_conflict
-I_e4mIh0yE$_$3,5.25,5.75,[0],"{""0"":0.9557743072509766}",0,verified,conflict,talknet_av_sync_conflict
-I_e4mIh0yE$_$3,5.5,6.0,[0],"{""0"":1.492654800415039}",0,verified,conflict,talknet_av_sync_conflict
-I_e4mIh0yE$_$3,5.75,6.25,[0],"{""0"":0.7577801495790482}",0,verified,conflict,talknet_av_sync_conflict
-I_e4mIh0yE$_$3,6.0,6.5,[0],"{""0"":0.31250134110450745}",0,verified,conflict,talknet_av_sync_conflict
-I_e4mIh0yE$_$3,6.25,6.75,[0],"{""0"":0.629692018032074}",0,verified,conflict,talknet_av_sync_conflict
-I_e4mIh0yE$_$3,6.5,7.0,[0],"{""0"":0.6756570339202881}",0,verified,conflict,talknet_av_sync_conflict
-I_e4mIh0yE$_$3,6.75,7.25,[0],"{""0"":0.7714539766311646}",0,verified,conflict,talknet_av_sync_conflict
-I_e4mIh0yE$_$3,7.0,7.5,[0],"{""0"":0.9635789394378662}",0,verified,conflict,talknet_av_sync_conflict
-I_e4mIh0yE$_$3,7.25,7.75,[0],"{""0"":1.0018153190612793}",0,verified,conflict,talknet_av_sync_conflict
-I_e4mIh0yE$_$3,7.5,8.0,[0],"{""0"":1.0018153190612793}",0,verified,conflict,talknet_av_sync_conflict
-I_e4mIh0yE$_$3,7.75,8.25,[0],"{""0"":1.1970880627632141}",0,verified,conflict,talknet_av_sync_conflict
-I_e4mIh0yE$_$3,8.0,8.5,[0],"{""0"":1.3807778358459473}",0,verified,conflict,talknet_av_sync_conflict
-I_e4mIh0yE$_$3,8.25,8.75,[0],"{""0"":1.3428387641906738}",0,verified,conflict,talknet_av_sync_conflict
-I_e4mIh0yE$_$3,8.5,9.0,[0],"{""0"":0.8315981030464172}",0,verified,conflict,talknet_av_sync_conflict
-I_e4mIh0yE$_$3,8.75,9.133333333333333,[0],"{""0"":0.41544127464294434}",0,verified,conflict,talknet_av_sync_conflict
-I_e4mIh0yE$_$3,9.0,9.133333333333333,[0],"{""0"":null}",,no_active,neutral,
-MeTTeMJBNc$_$0,0.0,0.5,[0],"{""0"":-1.8342427015304565}",,no_active,neutral,
-MeTTeMJBNc$_$0,0.25,0.75,[0],"{""0"":-1.804427146911621}",,no_active,neutral,
-MeTTeMJBNc$_$0,0.5,1.0,[0],"{""0"":-1.7948964834213257}",,no_active,neutral,
-MeTTeMJBNc$_$0,0.75,1.25,[0],"{""0"":-1.2601852416992188}",,no_active,neutral,
-MeTTeMJBNc$_$0,1.0,1.5,[0],"{""0"":-0.7078230977058411}",,no_active,neutral,
-MeTTeMJBNc$_$0,1.25,1.75,[0],"{""0"":-0.631102979183197}",,no_active,neutral,
-MeTTeMJBNc$_$0,1.5,2.0,[0],"{""0"":-1.6388850212097168}",,no_active,neutral,
-MeTTeMJBNc$_$0,1.75,2.25,[0],"{""0"":-1.6707480549812317}",,no_active,neutral,
-MeTTeMJBNc$_$0,2.0,2.5,[0],"{""0"":-1.602987289428711}",,no_active,neutral,
-MeTTeMJBNc$_$0,2.25,2.75,[0],"{""0"":-1.6092737913131714}",,no_active,neutral,
-MeTTeMJBNc$_$0,2.5,3.0,[0],"{""0"":-1.223375916481018}",,no_active,neutral,
-MeTTeMJBNc$_$0,2.75,3.25,[0],"{""0"":-1.3975698947906494}",,no_active,neutral,
-MeTTeMJBNc$_$0,3.0,3.5,[0],"{""0"":-1.4374265670776367}",,no_active,neutral,
-MeTTeMJBNc$_$0,3.25,3.75,[0],"{""0"":-0.8035812973976135}",,no_active,neutral,
-MeTTeMJBNc$_$0,3.5,4.0,[0],"{""0"":-0.6965292096138}",,no_active,neutral,
-MeTTeMJBNc$_$0,3.75,4.25,[0],"{""0"":-1.3420974612236023}",,no_active,neutral,
-MeTTeMJBNc$_$0,4.0,4.5,[0],"{""0"":-1.3868159055709839}",,no_active,neutral,
-MeTTeMJBNc$_$0,4.25,4.75,[0],"{""0"":-0.8331136107444763}",,no_active,neutral,
-MeTTeMJBNc$_$0,4.5,5.0,[0],"{""0"":-0.7855081558227539}",,no_active,neutral,
-MeTTeMJBNc$_$0,4.75,5.25,[0],"{""0"":-0.7757720649242401}",,no_active,neutral,
-MeTTeMJBNc$_$0,5.0,5.5,[0],"{""0"":-0.5495691895484924}",,no_active,neutral,
-MeTTeMJBNc$_$0,5.25,5.75,[0],"{""0"":-0.451543927192688}",,no_active,neutral,
-MeTTeMJBNc$_$0,5.5,6.0,[0],"{""0"":0.05389096215367317}",0,verified,conflict,talknet_av_sync_conflict
-MeTTeMJBNc$_$0,5.75,6.25,[0],"{""0"":0.6413886547088623}",0,verified,conflict,talknet_av_sync_conflict
-MeTTeMJBNc$_$0,6.0,6.5,[0],"{""0"":-0.7579242587089539}",,no_active,neutral,
-MeTTeMJBNc$_$0,6.25,6.75,[0],"{""0"":-1.3833160400390625}",,no_active,neutral,
-MeTTeMJBNc$_$0,6.5,7.0,[0],"{""0"":-1.2538431882858276}",,no_active,neutral,
-MeTTeMJBNc$_$0,6.75,7.25,[0],"{""0"":0.19585804641246796}",0,verified,conflict,talknet_av_sync_conflict
-MeTTeMJBNc$_$0,7.0,7.5,[0],"{""0"":0.23538334667682648}",0,verified,conflict,talknet_av_sync_conflict
-MeTTeMJBNc$_$0,7.25,7.75,[0],"{""0"":0.3029176890850067}",0,verified,conflict,talknet_av_sync_conflict
-MeTTeMJBNc$_$0,7.5,8.0,[0],"{""0"":-0.006710279732942581}",,no_active,neutral,
-MeTTeMJBNc$_$0,7.75,8.25,[0],"{""0"":-1.030717372894287}",,no_active,neutral,
-MeTTeMJBNc$_$0,8.0,8.5,[0],"{""0"":-1.170996904373169}",,no_active,neutral,
-MeTTeMJBNc$_$0,8.25,8.75,[0],"{""0"":-2.1930477619171143}",,no_active,neutral,
-MeTTeMJBNc$_$0,8.5,9.0,[0],"{""0"":-2.3897948265075684}",,no_active,neutral,
-MeTTeMJBNc$_$0,8.75,9.25,[0],"{""0"":-2.395493268966675}",,no_active,neutral,
-MeTTeMJBNc$_$0,9.0,9.333333333333334,[0],"{""0"":-2.4011917114257812}",,no_active,neutral,
-MeTTeMJBNc$_$0,9.25,9.333333333333334,[0],"{""0"":null}",,no_active,neutral,
-MeTTeMJBNc$_$13,0.0,0.5,[0],"{""0"":-1.300466537475586}",,no_active,neutral,
-MeTTeMJBNc$_$13,0.25,0.75,[0],"{""0"":-1.738155484199524}",,no_active,neutral,
-MeTTeMJBNc$_$13,0.5,1.0,[0],"{""0"":-1.7901482582092285}",,no_active,neutral,
-MeTTeMJBNc$_$13,0.75,1.25,[0],"{""0"":-1.379106342792511}",,no_active,neutral,
-MeTTeMJBNc$_$13,1.0,1.5,[0],"{""0"":-0.8088588714599609}",,no_active,neutral,
-MeTTeMJBNc$_$13,1.25,1.75,[0],"{""0"":-1.1031547784805298}",,no_active,neutral,
-MeTTeMJBNc$_$13,1.5,2.0,[0],"{""0"":-1.1495593786239624}",,no_active,neutral,
-MeTTeMJBNc$_$13,1.75,2.25,[0],"{""0"":-1.1199685335159302}",,no_active,neutral,
-MeTTeMJBNc$_$13,2.0,2.5,[0],"{""0"":-0.8512368202209473}",,no_active,neutral,
-MeTTeMJBNc$_$13,2.25,2.75,[0],"{""0"":-0.736577033996582}",,no_active,neutral,
-MeTTeMJBNc$_$13,2.5,3.0,[0],"{""0"":-0.8006662726402283}",,no_active,neutral,
-MeTTeMJBNc$_$13,2.75,3.25,[0],"{""0"":-1.1953328251838684}",,no_active,neutral,
-MeTTeMJBNc$_$13,3.0,3.5,[0],"{""0"":-1.7195295095443726}",,no_active,neutral,
-MeTTeMJBNc$_$13,3.25,3.75,[0],"{""0"":-1.9177590608596802}",,no_active,neutral,
-MeTTeMJBNc$_$13,3.5,4.0,[0],"{""0"":-1.8184422254562378}",,no_active,neutral,
-MeTTeMJBNc$_$13,3.75,4.25,[0],"{""0"":-1.3634352087974548}",,no_active,neutral,
-MeTTeMJBNc$_$13,4.0,4.5,[0],"{""0"":-1.2970447540283203}",,no_active,neutral,
-MeTTeMJBNc$_$13,4.25,4.75,[0],"{""0"":-1.8978272676467896}",,no_active,neutral,
-MeTTeMJBNc$_$13,4.5,5.0,[0],"{""0"":-2.09757924079895}",,no_active,neutral,
-MeTTeMJBNc$_$13,4.75,5.25,[0],"{""0"":-2.2185534238815308}",,no_active,neutral,
-MeTTeMJBNc$_$13,5.0,5.3999999999999995,[0],"{""0"":-2.3072855472564697}",,no_active,neutral,
-MeTTeMJBNc$_$13,5.25,5.3999999999999995,[0],"{""0"":null}",,no_active,neutral,
-MeTTeMJBNc$_$7,0.0,0.5,[0],"{""0"":-1.1795912981033325}",,no_active,neutral,
-MeTTeMJBNc$_$7,0.25,0.75,[0],"{""0"":-1.2882963418960571}",,no_active,neutral,
-MeTTeMJBNc$_$7,0.5,1.0,[0],"{""0"":-1.4671427011489868}",,no_active,neutral,
-MeTTeMJBNc$_$7,0.75,1.25,[0],"{""0"":-1.2376776337623596}",,no_active,neutral,
-MeTTeMJBNc$_$7,1.0,1.5,[0],"{""0"":-1.2107454538345337}",,no_active,neutral,
-MeTTeMJBNc$_$7,1.25,1.75,[0],"{""0"":-0.9414105415344238}",,no_active,neutral,
-MeTTeMJBNc$_$7,1.5,2.0,[0],"{""0"":-0.6503552198410034}",,no_active,neutral,
-MeTTeMJBNc$_$7,1.75,2.25,[0],"{""0"":-0.8821381032466888}",,no_active,neutral,
-MeTTeMJBNc$_$7,2.0,2.5,[0],"{""0"":-1.124728798866272}",,no_active,neutral,
-MeTTeMJBNc$_$7,2.25,2.75,[0],"{""0"":-1.1571530103683472}",,no_active,neutral,
-MeTTeMJBNc$_$7,2.5,3.0,[0],"{""0"":-1.3581076860427856}",,no_active,neutral,
-MeTTeMJBNc$_$7,2.75,3.25,"[0,1]","{""0"":-1.3180943727493286,""1"":-1.2996411323547363}",,no_active,neutral,
-MeTTeMJBNc$_$7,3.0,3.5,"[0,1]","{""0"":-1.2350798845291138,""1"":-1.2996411323547363}",,no_active,neutral,
-MeTTeMJBNc$_$7,3.25,3.75,[0],"{""0"":-1.140291690826416}",,no_active,neutral,
-MeTTeMJBNc$_$7,3.5,4.0,[0],"{""0"":-0.764143705368042}",,no_active,neutral,
-MeTTeMJBNc$_$7,3.75,4.25,[0],"{""0"":-0.7984925210475922}",,no_active,neutral,
-MeTTeMJBNc$_$7,4.0,4.5,[0],"{""0"":-1.1894264221191406}",,no_active,neutral,
-MeTTeMJBNc$_$7,4.25,4.75,[0],"{""0"":-1.1940523386001587}",,no_active,neutral,
-MeTTeMJBNc$_$7,4.5,5.0,[0],"{""0"":-0.4672003984451294}",,no_active,neutral,
-MeTTeMJBNc$_$7,4.75,5.25,[0],"{""0"":-0.3322077542543411}",,no_active,neutral,
-MeTTeMJBNc$_$7,5.0,5.5,[0],"{""0"":-0.8213944435119629}",,no_active,neutral,
-MeTTeMJBNc$_$7,5.25,5.75,[0],"{""0"":-0.9650973677635193}",,no_active,neutral,
-MeTTeMJBNc$_$7,5.5,6.0,[0],"{""0"":-0.46533283591270447}",,no_active,neutral,
-MeTTeMJBNc$_$7,5.75,6.25,[0],"{""0"":-1.0806877315044403}",,no_active,neutral,
-MeTTeMJBNc$_$7,6.0,6.5,[0],"{""0"":-1.7792190313339233}",,no_active,neutral,
-MeTTeMJBNc$_$7,6.25,6.75,[0],"{""0"":-2.1181862354278564}",,no_active,neutral,
-MeTTeMJBNc$_$7,6.5,7.0,[0],"{""0"":-2.1022655963897705}",,no_active,neutral,
-MeTTeMJBNc$_$7,6.75,7.25,[0],"{""0"":-1.7343448400497437}",,no_active,neutral,
-MeTTeMJBNc$_$7,7.0,7.5,[0],"{""0"":-1.5339503288269043}",,no_active,neutral,
-MeTTeMJBNc$_$7,7.25,7.75,[0],"{""0"":-1.4340673685073853}",,no_active,neutral,
-MeTTeMJBNc$_$7,7.5,8.0,[0],"{""0"":-1.696311593055725}",,no_active,neutral,
-MeTTeMJBNc$_$7,7.75,8.25,[0],"{""0"":-2.0305190086364746}",,no_active,neutral,
-MeTTeMJBNc$_$7,8.0,8.5,[0],"{""0"":-2.2423181533813477}",,no_active,neutral,
-MeTTeMJBNc$_$7,8.25,8.75,[0],"{""0"":-2.2441251277923584}",,no_active,neutral,
-MeTTeMJBNc$_$7,8.5,9.0,[0],"{""0"":-2.1459922790527344}",,no_active,neutral,
-MeTTeMJBNc$_$7,8.75,9.25,[0],"{""0"":-2.083023428916931}",,no_active,neutral,
-MeTTeMJBNc$_$7,9.0,9.5,[0],"{""0"":-1.850171685218811}",,no_active,neutral,
-MeTTeMJBNc$_$7,9.25,9.75,[0],"{""0"":-1.7785571813583374}",,no_active,neutral,
-MeTTeMJBNc$_$7,9.5,10.0,[0],"{""0"":-2.012619733810425}",,no_active,neutral,
-MeTTeMJBNc$_$7,9.75,10.25,[0],"{""0"":-2.1329822540283203}",,no_active,neutral,
-MeTTeMJBNc$_$7,10.0,10.5,[0],"{""0"":-2.4213616847991943}",,no_active,neutral,
-MeTTeMJBNc$_$7,10.25,10.5,[0],"{""0"":-2.4731030464172363}",,no_active,neutral,
-NFrJFQijFE$_$1,0.0,0.5,[],{},,missing,neutral,
-NFrJFQijFE$_$1,0.25,0.75,[],{},,missing,neutral,
-NFrJFQijFE$_$1,0.5,1.0,[],{},,missing,neutral,
-NFrJFQijFE$_$1,0.75,1.25,[],{},,missing,neutral,
-NFrJFQijFE$_$1,1.0,1.5,[],{},,missing,neutral,
-NFrJFQijFE$_$1,1.25,1.75,[],{},,missing,neutral,
-NFrJFQijFE$_$1,1.5,2.0,[],{},,missing,neutral,
-NFrJFQijFE$_$1,1.75,2.25,[],{},,missing,neutral,
-NFrJFQijFE$_$1,2.0,2.5,[],{},,missing,neutral,
-NFrJFQijFE$_$1,2.25,2.75,[],{},,missing,neutral,
-NFrJFQijFE$_$1,2.5,3.0,[],{},,missing,neutral,
-NFrJFQijFE$_$1,2.75,3.25,[],{},,missing,neutral,
-NFrJFQijFE$_$1,3.0,3.5,[],{},,missing,neutral,
-NFrJFQijFE$_$1,3.25,3.75,[],{},,missing,neutral,
-NFrJFQijFE$_$1,3.5,4.0,[],{},,missing,neutral,
-NFrJFQijFE$_$1,3.75,4.25,[],{},,missing,neutral,
-NFrJFQijFE$_$1,4.0,4.5,[],{},,missing,neutral,
-NFrJFQijFE$_$1,4.25,4.75,[],{},,missing,neutral,
-NFrJFQijFE$_$1,4.5,5.0,[],{},,missing,neutral,
-NFrJFQijFE$_$1,4.75,5.25,[],{},,missing,neutral,
-NFrJFQijFE$_$1,5.0,5.5,[],{},,missing,neutral,
-NFrJFQijFE$_$1,5.25,5.720000000000001,[],{},,missing,neutral,
-NFrJFQijFE$_$1,5.5,5.720000000000001,[],{},,missing,neutral,
-NFrJFQijFE$_$2,0.0,0.5,[],{},,missing,neutral,
-NFrJFQijFE$_$2,0.25,0.75,[],{},,missing,neutral,
-NFrJFQijFE$_$2,0.5,1.0,[],{},,missing,neutral,
-NFrJFQijFE$_$2,0.75,1.25,[],{},,missing,neutral,
-NFrJFQijFE$_$2,1.0,1.5,[],{},,missing,neutral,
-NFrJFQijFE$_$2,1.25,1.75,[],{},,missing,neutral,
-NFrJFQijFE$_$2,1.5,2.0,[],{},,missing,neutral,
-NFrJFQijFE$_$2,1.75,2.25,[],{},,missing,neutral,
-NFrJFQijFE$_$2,2.0,2.5,[],{},,missing,neutral,
-NFrJFQijFE$_$2,2.25,2.75,[],{},,missing,neutral,
-NFrJFQijFE$_$2,2.5,3.0,[],{},,missing,neutral,
-NFrJFQijFE$_$2,2.75,3.25,[],{},,missing,neutral,
-NFrJFQijFE$_$2,3.0,3.5,[],{},,missing,neutral,
-NFrJFQijFE$_$2,3.25,3.75,[],{},,missing,neutral,
-NFrJFQijFE$_$2,3.5,4.0,[],{},,missing,neutral,
-NFrJFQijFE$_$2,3.75,4.25,[],{},,missing,neutral,
-NFrJFQijFE$_$2,4.0,4.5,[],{},,missing,neutral,
-NFrJFQijFE$_$2,4.25,4.75,[],{},,missing,neutral,
-NFrJFQijFE$_$2,4.5,5.0,[],{},,missing,neutral,
-NFrJFQijFE$_$2,4.75,5.25,[],{},,missing,neutral,
-NFrJFQijFE$_$2,5.0,5.5,[],{},,missing,neutral,
-NFrJFQijFE$_$2,5.25,5.75,[],{},,missing,neutral,
-NFrJFQijFE$_$2,5.5,6.0,[],{},,missing,neutral,
-NFrJFQijFE$_$2,5.75,6.25,[],{},,missing,neutral,
-NFrJFQijFE$_$2,6.0,6.5,[],{},,missing,neutral,
-NFrJFQijFE$_$2,6.25,6.75,[],{},,missing,neutral,
-NFrJFQijFE$_$2,6.5,6.840000000000001,[],{},,missing,neutral,
-NFrJFQijFE$_$2,6.75,6.840000000000001,[],{},,missing,neutral,
-RfYyzHpjk4$_$11,0.0,0.5,[0],"{""0"":-1.5092854499816895}",,no_active,neutral,
-RfYyzHpjk4$_$11,0.25,0.75,[0],"{""0"":-0.9540577530860901}",,no_active,neutral,
-RfYyzHpjk4$_$11,0.5,1.0,[0],"{""0"":-0.46622800827026367}",,no_active,neutral,
-RfYyzHpjk4$_$11,0.75,1.25,[0],"{""0"":-0.26809681206941605}",,no_active,neutral,
-RfYyzHpjk4$_$11,1.0,1.5,[0],"{""0"":0.2588386833667755}",0,verified,support,
-RfYyzHpjk4$_$11,1.25,1.75,[0],"{""0"":0.5078117251396179}",0,verified,support,
-RfYyzHpjk4$_$11,1.5,2.0,[0],"{""0"":0.595574140548706}",0,verified,support,
-RfYyzHpjk4$_$11,1.75,2.25,[0],"{""0"":0.5927627682685852}",0,verified,support,
-RfYyzHpjk4$_$11,2.0,2.5,[0],"{""0"":0.2490488737821579}",0,verified,support,
-RfYyzHpjk4$_$11,2.25,2.75,[0],"{""0"":-0.035772256553173065}",,no_active,neutral,
-RfYyzHpjk4$_$11,2.5,3.0,[0],"{""0"":-0.2172539234161377}",,no_active,neutral,
-RfYyzHpjk4$_$11,2.75,3.25,[0],"{""0"":-0.006858044303953648}",,no_active,neutral,
-RfYyzHpjk4$_$11,3.0,3.5,[0],"{""0"":0.3096041977405548}",0,verified,support,
-RfYyzHpjk4$_$11,3.25,3.75,[0],"{""0"":0.49918055534362793}",0,verified,support,
-RfYyzHpjk4$_$11,3.5,4.0,[0],"{""0"":0.3084414303302765}",0,verified,support,
-RfYyzHpjk4$_$11,3.75,4.25,[0],"{""0"":-0.34696055203676224}",,no_active,neutral,
-RfYyzHpjk4$_$11,4.0,4.5,[0],"{""0"":-0.94233638048172}",,no_active,neutral,
-RfYyzHpjk4$_$11,4.25,4.75,[0],"{""0"":-1.1134783029556274}",,no_active,neutral,
-RfYyzHpjk4$_$11,4.5,5.0,[0],"{""0"":-1.1134783029556274}",,no_active,neutral,
-RfYyzHpjk4$_$11,4.75,5.233333333333333,[0],"{""0"":-1.11396324634552}",,no_active,neutral,
-RfYyzHpjk4$_$11,5.0,5.233333333333333,[0],"{""0"":-0.6511511206626892}",,no_active,neutral,
-RfYyzHpjk4$_$2,0.0,0.5,[0],"{""0"":-0.6803603768348694}",,no_active,neutral,
-RfYyzHpjk4$_$2,0.25,0.75,[0],"{""0"":-0.3307361304759979}",,no_active,neutral,
-RfYyzHpjk4$_$2,0.5,1.0,"[0,1]","{""0"":0.3539688289165497,""1"":null}",0,verified,support,
-RfYyzHpjk4$_$2,0.75,1.25,"[0,1]","{""0"":0.22233086824417114,""1"":null}",0,verified,support,
-RfYyzHpjk4$_$2,1.0,1.5,[0],"{""0"":0.1293707937002182}",0,verified,support,
-RfYyzHpjk4$_$2,1.25,1.75,[0],"{""0"":0.28913846611976624}",0,verified,support,
-RfYyzHpjk4$_$2,1.5,2.0,[0],"{""0"":0.3747483789920807}",0,verified,support,
-RfYyzHpjk4$_$2,1.75,2.25,[0],"{""0"":0.002368628978729248}",0,verified,support,
-RfYyzHpjk4$_$2,2.0,2.5,[0],"{""0"":-0.47948965430259705}",,no_active,neutral,
-RfYyzHpjk4$_$2,2.25,2.75,[0],"{""0"":-0.8749888837337494}",,no_active,neutral,
-RfYyzHpjk4$_$2,2.5,3.0,[0],"{""0"":-0.9046381413936615}",,no_active,neutral,
-RfYyzHpjk4$_$2,2.75,3.25,[0],"{""0"":-0.06567776342853904}",,no_active,neutral,
-RfYyzHpjk4$_$2,3.0,3.5,[0],"{""0"":-0.13693802058696747}",,no_active,neutral,
-RfYyzHpjk4$_$2,3.25,3.75,[0],"{""0"":-0.5395823419094086}",,no_active,neutral,
-RfYyzHpjk4$_$2,3.5,4.0,[0],"{""0"":-0.7709130942821503}",,no_active,neutral,
-RfYyzHpjk4$_$2,3.75,4.25,[0],"{""0"":-0.6487698554992676}",,no_active,neutral,
-RfYyzHpjk4$_$2,4.0,4.5,[0],"{""0"":-0.9811139702796936}",,no_active,neutral,
-RfYyzHpjk4$_$2,4.25,4.75,[0],"{""0"":-1.025224208831787}",,no_active,neutral,
-RfYyzHpjk4$_$2,4.5,5.0,[0],"{""0"":-0.5961548089981079}",,no_active,neutral,
-RfYyzHpjk4$_$2,4.75,5.25,[0],"{""0"":-0.5656620860099792}",,no_active,neutral,
-RfYyzHpjk4$_$2,5.0,5.5,[0],"{""0"":-0.8512724041938782}",,no_active,neutral,
-RfYyzHpjk4$_$2,5.25,5.5,[0],"{""0"":-0.8359732031822205}",,no_active,neutral,
-RfYyzHpjk4$_$8,0.0,0.5,[0],"{""0"":-1.668035626411438}",,no_active,neutral,
-RfYyzHpjk4$_$8,0.25,0.75,[0],"{""0"":-1.6075221300125122}",,no_active,neutral,
-RfYyzHpjk4$_$8,0.5,1.0,[0],"{""0"":-1.4186619520187378}",,no_active,neutral,
-RfYyzHpjk4$_$8,0.75,1.25,[0],"{""0"":-0.7109748125076294}",,no_active,neutral,
-RfYyzHpjk4$_$8,1.0,1.5,[0],"{""0"":-0.7150020599365234}",,no_active,neutral,
-RfYyzHpjk4$_$8,1.25,1.75,[0],"{""0"":-0.9533908367156982}",,no_active,neutral,
-RfYyzHpjk4$_$8,1.5,2.0,[0],"{""0"":-0.8773446083068848}",,no_active,neutral,
-RfYyzHpjk4$_$8,1.75,2.25,[0],"{""0"":0.03929317556321621}",0,verified,support,
-RfYyzHpjk4$_$8,2.0,2.5,[0],"{""0"":0.11875208467245102}",0,verified,support,
-RfYyzHpjk4$_$8,2.25,2.75,[0],"{""0"":0.03806137666106224}",0,verified,support,
-RfYyzHpjk4$_$8,2.5,3.0,[0],"{""0"":-0.06177511811256409}",,no_active,neutral,
-RfYyzHpjk4$_$8,2.75,3.25,[0],"{""0"":0.012269909493625164}",0,verified,support,
-RfYyzHpjk4$_$8,3.0,3.5,[0],"{""0"":0.05188038572669029}",0,verified,support,
-RfYyzHpjk4$_$8,3.25,3.75,[0],"{""0"":-0.4155234098434448}",,no_active,neutral,
-RfYyzHpjk4$_$8,3.5,4.0,[0],"{""0"":-0.6897997260093689}",,no_active,neutral,
-RfYyzHpjk4$_$8,3.75,4.25,[0],"{""0"":-0.8185322284698486}",,no_active,neutral,
-RfYyzHpjk4$_$8,4.0,4.5,[0],"{""0"":-1.1820935010910034}",,no_active,neutral,
-RfYyzHpjk4$_$8,4.25,4.566666666666666,[0],"{""0"":-0.9336912035942078}",,no_active,neutral,
-RfYyzHpjk4$_$8,4.5,4.566666666666666,[0],"{""0"":0.28647664189338684}",0,verified,support,
-THoVjtIkeU$_$12,0.0,0.5,[0],"{""0"":-0.2061794549226761}",,no_active,neutral,
-THoVjtIkeU$_$12,0.25,0.75,[0],"{""0"":0.32632431387901306}",0,verified,conflict,talknet_av_sync_conflict
-THoVjtIkeU$_$12,0.5,1.0,[0],"{""0"":0.16631384193897247}",0,verified,conflict,talknet_av_sync_conflict
-THoVjtIkeU$_$12,0.75,1.25,[0],"{""0"":-0.009021131321787834}",,no_active,neutral,
-THoVjtIkeU$_$12,1.0,1.5,[0],"{""0"":-0.14158959686756134}",,no_active,neutral,
-THoVjtIkeU$_$12,1.25,1.75,[0],"{""0"":0.010955959558486938}",0,verified,conflict,talknet_av_sync_conflict
-THoVjtIkeU$_$12,1.5,2.0,[0],"{""0"":0.7523550987243652}",0,verified,conflict,talknet_av_sync_conflict
-THoVjtIkeU$_$12,1.75,2.25,[0],"{""0"":0.9919883012771606}",0,verified,conflict,talknet_av_sync_conflict
-THoVjtIkeU$_$12,2.0,2.5,[0],"{""0"":0.9822945594787598}",0,verified,conflict,talknet_av_sync_conflict
-THoVjtIkeU$_$12,2.25,2.75,[0],"{""0"":0.5406323075294495}",0,verified,conflict,talknet_av_sync_conflict
-THoVjtIkeU$_$12,2.5,3.0,[0],"{""0"":0.3160792291164398}",0,verified,conflict,talknet_av_sync_conflict
-THoVjtIkeU$_$12,2.75,3.25,[0],"{""0"":0.6296926736831665}",0,verified,conflict,talknet_av_sync_conflict
-THoVjtIkeU$_$12,3.0,3.5,[0],"{""0"":0.9842512011528015}",0,verified,conflict,talknet_av_sync_conflict
-THoVjtIkeU$_$12,3.25,3.75,[0],"{""0"":1.0508180856704712}",0,verified,conflict,talknet_av_sync_conflict
-THoVjtIkeU$_$12,3.5,4.0,[0],"{""0"":1.045052409172058}",0,verified,conflict,talknet_av_sync_conflict
-THoVjtIkeU$_$12,3.75,4.25,[0],"{""0"":0.4769427329301834}",0,verified,conflict,talknet_av_sync_conflict
-THoVjtIkeU$_$12,4.0,4.5,[0],"{""0"":0.268755704164505}",0,verified,conflict,talknet_av_sync_conflict
-THoVjtIkeU$_$12,4.25,4.75,[0],"{""0"":0.6597560048103333}",0,verified,conflict,talknet_av_sync_conflict
-THoVjtIkeU$_$12,4.5,5.0,[0],"{""0"":0.44761255383491516}",0,verified,conflict,talknet_av_sync_conflict
-THoVjtIkeU$_$12,4.75,5.25,[0],"{""0"":-0.13487016689032316}",,no_active,neutral,
-THoVjtIkeU$_$12,5.0,5.5,[0],"{""0"":-0.8525226712226868}",,no_active,neutral,
-THoVjtIkeU$_$12,5.25,5.75,[0],"{""0"":-0.6696193814277649}",,no_active,neutral,
-THoVjtIkeU$_$12,5.5,6.0,[0],"{""0"":-0.4330000877380371}",,no_active,neutral,
-THoVjtIkeU$_$12,5.75,6.25,[0],"{""0"":-0.5819366276264191}",,no_active,neutral,
-THoVjtIkeU$_$12,6.0,6.5,[0],"{""0"":-0.6190290451049805}",,no_active,neutral,
-THoVjtIkeU$_$12,6.25,6.75,[0],"{""0"":-1.1287178993225098}",,no_active,neutral,
-THoVjtIkeU$_$12,6.5,7.0,[0],"{""0"":-1.437113642692566}",,no_active,neutral,
-THoVjtIkeU$_$12,6.75,7.25,[0],"{""0"":-1.7049126625061035}",,no_active,neutral,
-THoVjtIkeU$_$12,7.0,7.5,[0],"{""0"":-1.8106886148452759}",,no_active,neutral,
-THoVjtIkeU$_$12,7.25,7.75,[0],"{""0"":-1.7522093057632446}",,no_active,neutral,
-THoVjtIkeU$_$12,7.5,8.0,[0],"{""0"":-1.731425166130066}",,no_active,neutral,
-THoVjtIkeU$_$12,7.75,8.25,[0],"{""0"":-1.339268445968628}",,no_active,neutral,
-THoVjtIkeU$_$12,8.0,8.5,[0],"{""0"":-1.2347477674484253}",,no_active,neutral,
-THoVjtIkeU$_$12,8.25,8.75,[0],"{""0"":-1.1245601177215576}",,no_active,neutral,
-THoVjtIkeU$_$12,8.5,9.0,[0],"{""0"":-0.9763097167015076}",,no_active,neutral,
-THoVjtIkeU$_$12,8.75,9.25,[0],"{""0"":-1.2548854351043701}",,no_active,neutral,
-THoVjtIkeU$_$12,9.0,9.5,[0],"{""0"":-1.0432714223861694}",,no_active,neutral,
-THoVjtIkeU$_$12,9.25,9.75,[0],"{""0"":-0.12704592943191528}",,no_active,neutral,
-THoVjtIkeU$_$12,9.5,10.0,[0],"{""0"":-0.09418100863695145}",,no_active,neutral,
-THoVjtIkeU$_$12,9.75,10.25,[0],"{""0"":-0.34404517710208893}",,no_active,neutral,
-THoVjtIkeU$_$12,10.0,10.5,[0],"{""0"":-0.7340089678764343}",,no_active,neutral,
-THoVjtIkeU$_$12,10.25,10.75,[0],"{""0"":-0.9044011235237122}",,no_active,neutral,
-THoVjtIkeU$_$12,10.5,11.0,[0],"{""0"":-1.1216306686401367}",,no_active,neutral,
-THoVjtIkeU$_$12,10.75,11.25,[0],"{""0"":-1.334258258342743}",,no_active,neutral,
-THoVjtIkeU$_$12,11.0,11.5,[0],"{""0"":-1.6194210052490234}",,no_active,neutral,
-THoVjtIkeU$_$12,11.25,11.75,[0],"{""0"":-2.1708104610443115}",,no_active,neutral,
-THoVjtIkeU$_$12,11.5,12.0,[0],"{""0"":-2.1708104610443115}",,no_active,neutral,
-THoVjtIkeU$_$12,11.75,12.25,[0],"{""0"":-1.868582010269165}",,no_active,neutral,
-THoVjtIkeU$_$12,12.0,12.5,[0],"{""0"":-2.2617762088775635}",,no_active,neutral,
-THoVjtIkeU$_$12,12.25,12.75,[0],"{""0"":-2.3331992626190186}",,no_active,neutral,
-THoVjtIkeU$_$12,12.5,13.0,[0],"{""0"":-1.866881251335144}",,no_active,neutral,
-THoVjtIkeU$_$12,12.75,13.25,[0],"{""0"":-0.9090124666690826}",,no_active,neutral,
-THoVjtIkeU$_$12,13.0,13.5,[0],"{""0"":-0.694606363773346}",,no_active,neutral,
-THoVjtIkeU$_$12,13.25,13.75,[0],"{""0"":-1.268697738647461}",,no_active,neutral,
-THoVjtIkeU$_$12,13.5,14.0,[0],"{""0"":-1.3128185272216797}",,no_active,neutral,
-THoVjtIkeU$_$12,13.75,14.25,[0],"{""0"":-1.3953027725219727}",,no_active,neutral,
-THoVjtIkeU$_$12,14.0,14.5,[0],"{""0"":-2.164567470550537}",,no_active,neutral,
-THoVjtIkeU$_$12,14.25,14.75,[0],"{""0"":-2.826007127761841}",,no_active,neutral,
-THoVjtIkeU$_$12,14.5,14.866666666666667,[0],"{""0"":-2.8098636865615845}",,no_active,neutral,
-THoVjtIkeU$_$12,14.75,14.866666666666667,[0],"{""0"":-2.5829323530197144}",,no_active,neutral,
-THoVjtIkeU$_$2,0.0,0.5,[0],"{""0"":-1.0414944887161255}",,no_active,neutral,
-THoVjtIkeU$_$2,0.25,0.75,[0],"{""0"":-1.0414944887161255}",,no_active,neutral,
-THoVjtIkeU$_$2,0.5,1.0,[0],"{""0"":-0.880196750164032}",,no_active,neutral,
-THoVjtIkeU$_$2,0.75,1.25,[0],"{""0"":-0.40343421697616577}",,no_active,neutral,
-THoVjtIkeU$_$2,1.0,1.5,[0],"{""0"":0.10643979161977768}",0,verified,neutral,
-THoVjtIkeU$_$2,1.25,1.75,[0],"{""0"":-0.005610282067209482}",,no_active,neutral,
-THoVjtIkeU$_$2,1.5,2.0,[0],"{""0"":-0.09373390674591064}",,no_active,neutral,
-THoVjtIkeU$_$2,1.75,2.25,[0],"{""0"":0.04080510139465332}",0,verified,neutral,
-THoVjtIkeU$_$2,2.0,2.5,[0],"{""0"":0.13615824282169342}",0,verified,neutral,
-THoVjtIkeU$_$2,2.25,2.75,[0],"{""0"":0.26871374249458313}",0,verified,neutral,
-THoVjtIkeU$_$2,2.5,3.0,[0],"{""0"":0.42240259051322937}",0,verified,neutral,
-THoVjtIkeU$_$2,2.75,3.25,[0],"{""0"":0.6352778077125549}",0,verified,neutral,
-THoVjtIkeU$_$2,3.0,3.5,[0],"{""0"":0.44164231419563293}",0,verified,neutral,
-THoVjtIkeU$_$2,3.25,3.75,[0],"{""0"":0.05577777326107025}",0,verified,neutral,
-THoVjtIkeU$_$2,3.5,4.0,[0],"{""0"":-0.04596875235438347}",,no_active,neutral,
-THoVjtIkeU$_$2,3.75,4.25,[0],"{""0"":-0.2386348694562912}",,no_active,neutral,
-THoVjtIkeU$_$2,4.0,4.266666666666667,[0],"{""0"":-1.2865402698516846}",,no_active,neutral,
-THoVjtIkeU$_$2,4.25,4.266666666666667,[0],"{""0"":null}",,no_active,neutral,
-THoVjtIkeU$_$6,0.0,0.5,[0],"{""0"":-0.4885920584201813}",,no_active,neutral,
-THoVjtIkeU$_$6,0.25,0.75,[0],"{""0"":-0.045759182423353195}",,no_active,neutral,
-THoVjtIkeU$_$6,0.5,1.0,[0],"{""0"":0.18653854727745056}",0,verified,conflict,talknet_av_sync_conflict
-THoVjtIkeU$_$6,0.75,1.25,[0],"{""0"":-0.053076405078172684}",,no_active,neutral,
-THoVjtIkeU$_$6,1.0,1.5,[0],"{""0"":-0.36408472061157227}",,no_active,neutral,
-THoVjtIkeU$_$6,1.25,1.75,[0],"{""0"":-0.3751632571220398}",,no_active,neutral,
-THoVjtIkeU$_$6,1.5,2.0,[0],"{""0"":-0.2384307160973549}",,no_active,neutral,
-THoVjtIkeU$_$6,1.75,2.25,[0],"{""0"":0.6958315968513489}",0,verified,conflict,talknet_av_sync_conflict
-THoVjtIkeU$_$6,2.0,2.5,[0],"{""0"":0.6958315968513489}",0,verified,conflict,talknet_av_sync_conflict
-THoVjtIkeU$_$6,2.25,2.75,[0],"{""0"":0.48528409004211426}",0,verified,conflict,talknet_av_sync_conflict
-THoVjtIkeU$_$6,2.5,3.0,[0],"{""0"":0.36209537088871}",0,verified,conflict,talknet_av_sync_conflict
-THoVjtIkeU$_$6,2.75,3.25,[0],"{""0"":0.2729462683200836}",0,verified,conflict,talknet_av_sync_conflict
-THoVjtIkeU$_$6,3.0,3.5,[0],"{""0"":0.5437490344047546}",0,verified,conflict,talknet_av_sync_conflict
-THoVjtIkeU$_$6,3.25,3.75,[0],"{""0"":1.0470690727233887}",0,verified,conflict,talknet_av_sync_conflict
-THoVjtIkeU$_$6,3.5,4.0,[0],"{""0"":1.0657007098197937}",0,verified,conflict,talknet_av_sync_conflict
-THoVjtIkeU$_$6,3.75,4.25,[0],"{""0"":1.425184726715088}",0,verified,conflict,talknet_av_sync_conflict
-THoVjtIkeU$_$6,4.0,4.5,[0],"{""0"":1.369235634803772}",0,verified,conflict,talknet_av_sync_conflict
-THoVjtIkeU$_$6,4.25,4.75,[0],"{""0"":0.9659348428249359}",0,verified,conflict,talknet_av_sync_conflict
-THoVjtIkeU$_$6,4.5,5.0,[0],"{""0"":0.9409282803535461}",0,verified,conflict,talknet_av_sync_conflict
-THoVjtIkeU$_$6,4.75,5.25,[0],"{""0"":1.4693093299865723}",0,verified,conflict,talknet_av_sync_conflict
-THoVjtIkeU$_$6,5.0,5.5,[0],"{""0"":1.618009090423584}",0,verified,conflict,talknet_av_sync_conflict
-THoVjtIkeU$_$6,5.25,5.75,[0],"{""0"":1.6043717861175537}",0,verified,conflict,talknet_av_sync_conflict
-THoVjtIkeU$_$6,5.5,6.0,[0],"{""0"":1.2022269368171692}",0,verified,conflict,talknet_av_sync_conflict
-THoVjtIkeU$_$6,5.75,6.25,[0],"{""0"":1.0152562856674194}",0,verified,conflict,talknet_av_sync_conflict
-THoVjtIkeU$_$6,6.0,6.5,[0],"{""0"":1.041668176651001}",0,verified,conflict,talknet_av_sync_conflict
-THoVjtIkeU$_$6,6.25,6.75,[0],"{""0"":1.7346328496932983}",0,verified,conflict,talknet_av_sync_conflict
-THoVjtIkeU$_$6,6.5,7.0,[0],"{""0"":1.7845798134803772}",0,verified,conflict,talknet_av_sync_conflict
-THoVjtIkeU$_$6,6.75,7.25,[0],"{""0"":1.6921645402908325}",0,verified,conflict,talknet_av_sync_conflict
-THoVjtIkeU$_$6,7.0,7.5,[0],"{""0"":0.6880360245704651}",0,verified,conflict,talknet_av_sync_conflict
-THoVjtIkeU$_$6,7.25,7.75,[0],"{""0"":0.4143766909837723}",0,verified,conflict,talknet_av_sync_conflict
-THoVjtIkeU$_$6,7.5,8.0,[0],"{""0"":0.2359001561999321}",0,verified,conflict,talknet_av_sync_conflict
-THoVjtIkeU$_$6,7.75,8.066666666666666,[0],"{""0"":-0.22964715957641602}",,no_active,neutral,
-THoVjtIkeU$_$6,8.0,8.066666666666666,[0],"{""0"":null}",,no_active,neutral,
-UUCSKoHeMA$_$0,0.0,0.5,[0],"{""0"":-3.103374481201172}",,no_active,neutral,
-UUCSKoHeMA$_$0,0.25,0.75,[0],"{""0"":-3.154403805732727}",,no_active,neutral,
-UUCSKoHeMA$_$0,0.5,1.0,[0],"{""0"":-3.2623088359832764}",,no_active,neutral,
-UUCSKoHeMA$_$0,0.75,1.25,[0],"{""0"":-3.097595453262329}",,no_active,neutral,
-UUCSKoHeMA$_$0,1.0,1.5,[0],"{""0"":-2.2317988872528076}",,no_active,neutral,
-UUCSKoHeMA$_$0,1.25,1.75,[0],"{""0"":-1.877310574054718}",,no_active,neutral,
-UUCSKoHeMA$_$0,1.5,2.0,[0],"{""0"":-1.9149651527404785}",,no_active,neutral,
-UUCSKoHeMA$_$0,1.75,2.25,[0],"{""0"":-1.9026379585266113}",,no_active,neutral,
-UUCSKoHeMA$_$0,2.0,2.5,[0],"{""0"":-1.6185401678085327}",,no_active,neutral,
-UUCSKoHeMA$_$0,2.25,2.75,[0],"{""0"":-1.6777780652046204}",,no_active,neutral,
-UUCSKoHeMA$_$0,2.5,3.0,[0],"{""0"":-1.7817541360855103}",,no_active,neutral,
-UUCSKoHeMA$_$0,2.75,3.25,[0],"{""0"":-1.4253053665161133}",,no_active,neutral,
-UUCSKoHeMA$_$0,3.0,3.5,[0],"{""0"":-1.3310368061065674}",,no_active,neutral,
-UUCSKoHeMA$_$0,3.25,3.75,[0],"{""0"":-1.4590365886688232}",,no_active,neutral,
-UUCSKoHeMA$_$0,3.5,4.0,[0],"{""0"":-1.4015487432479858}",,no_active,neutral,
-UUCSKoHeMA$_$0,3.75,4.25,[0],"{""0"":-1.1937724351882935}",,no_active,neutral,
-UUCSKoHeMA$_$0,4.0,4.5,[0],"{""0"":-0.4498479664325714}",,no_active,neutral,
-UUCSKoHeMA$_$0,4.25,4.75,[0],"{""0"":-0.33237889409065247}",,no_active,neutral,
-UUCSKoHeMA$_$0,4.5,5.0,[0],"{""0"":-0.9540958404541016}",,no_active,neutral,
-UUCSKoHeMA$_$0,4.75,5.25,[0],"{""0"":-1.0546082258224487}",,no_active,neutral,
-UUCSKoHeMA$_$0,5.0,5.5,[0],"{""0"":-0.9540958404541016}",,no_active,neutral,
-UUCSKoHeMA$_$0,5.25,5.75,[0],"{""0"":-0.22377899289131165}",,no_active,neutral,
-UUCSKoHeMA$_$0,5.5,6.0,[0],"{""0"":0.8671908974647522}",0,verified,neutral,
-UUCSKoHeMA$_$0,5.75,6.25,[0],"{""0"":0.760847270488739}",0,verified,neutral,
-UUCSKoHeMA$_$0,6.0,6.5,[0],"{""0"":0.6757133603096008}",0,verified,neutral,
-UUCSKoHeMA$_$0,6.25,6.75,[0],"{""0"":0.8210571706295013}",0,verified,neutral,
-UUCSKoHeMA$_$0,6.5,7.0,[0],"{""0"":1.042242169380188}",0,verified,neutral,
-UUCSKoHeMA$_$0,6.75,7.25,[0],"{""0"":1.1963733434677124}",0,verified,neutral,
-UUCSKoHeMA$_$0,7.0,7.5,[0],"{""0"":1.2281098365783691}",0,verified,neutral,
-UUCSKoHeMA$_$0,7.25,7.75,[0],"{""0"":1.1908532977104187}",0,verified,neutral,
-UUCSKoHeMA$_$0,7.5,7.866666666666666,[0],"{""0"":1.045490026473999}",0,verified,neutral,
-UUCSKoHeMA$_$0,7.75,7.866666666666666,[0],"{""0"":null}",,no_active,neutral,
-UacrmKiTn4$_$10,0.0,0.5,[0],"{""0"":-0.8928609490394592}",,no_active,neutral,
-UacrmKiTn4$_$10,0.25,0.75,[0],"{""0"":-1.0119260549545288}",,no_active,neutral,
-UacrmKiTn4$_$10,0.5,1.0,[0],"{""0"":-0.8552173972129822}",,no_active,neutral,
-UacrmKiTn4$_$10,0.75,1.25,[0],"{""0"":-0.6372843086719513}",,no_active,neutral,
-UacrmKiTn4$_$10,1.0,1.5,[0],"{""0"":-0.734965980052948}",,no_active,neutral,
-UacrmKiTn4$_$10,1.25,1.75,[0],"{""0"":-1.0214048624038696}",,no_active,neutral,
-UacrmKiTn4$_$10,1.5,2.0,[0],"{""0"":-1.5415188074111938}",,no_active,neutral,
-UacrmKiTn4$_$10,1.75,2.25,[0],"{""0"":-1.5232003331184387}",,no_active,neutral,
-UacrmKiTn4$_$10,2.0,2.5,[0],"{""0"":-1.1521320343017578}",,no_active,neutral,
-UacrmKiTn4$_$10,2.25,2.75,[0],"{""0"":-0.8527095913887024}",,no_active,neutral,
-UacrmKiTn4$_$10,2.5,3.0,[0],"{""0"":0.05878321826457977}",0,verified,neutral,
-UacrmKiTn4$_$10,2.75,3.25,[0],"{""0"":-0.5286126956343651}",,no_active,neutral,
-UacrmKiTn4$_$10,3.0,3.5,[0],"{""0"":-0.9635955691337585}",,no_active,neutral,
-UacrmKiTn4$_$10,3.25,3.75,[0],"{""0"":-1.3609575033187866}",,no_active,neutral,
-UacrmKiTn4$_$10,3.5,4.0,[0],"{""0"":-1.2911721467971802}",,no_active,neutral,
-UacrmKiTn4$_$10,3.75,4.25,[0],"{""0"":-0.786834105849266}",,no_active,neutral,
-UacrmKiTn4$_$10,4.0,4.5,[0],"{""0"":-0.20782504975795746}",,no_active,neutral,
-UacrmKiTn4$_$10,4.25,4.75,[0],"{""0"":-0.10775025933980942}",,no_active,neutral,
-UacrmKiTn4$_$10,4.5,5.0,[0],"{""0"":-0.015262874774634838}",,no_active,neutral,
-UacrmKiTn4$_$10,4.75,5.25,[0],"{""0"":-0.0774983000010252}",,no_active,neutral,
-UacrmKiTn4$_$10,5.0,5.5,[0],"{""0"":-0.3688105344772339}",,no_active,neutral,
-UacrmKiTn4$_$10,5.25,5.75,[0],"{""0"":-1.1299241781234741}",,no_active,neutral,
-UacrmKiTn4$_$10,5.5,6.0,[0],"{""0"":-1.168533444404602}",,no_active,neutral,
-UacrmKiTn4$_$10,5.75,6.25,[0],"{""0"":-0.6391895115375519}",,no_active,neutral,
-UacrmKiTn4$_$10,6.0,6.5,[0],"{""0"":-0.4766424596309662}",,no_active,neutral,
-UacrmKiTn4$_$10,6.25,6.75,[0],"{""0"":-0.4488494396209717}",,no_active,neutral,
-UacrmKiTn4$_$10,6.5,7.0,[0],"{""0"":-1.4018449783325195}",,no_active,neutral,
-UacrmKiTn4$_$10,6.75,7.25,[0],"{""0"":-1.9505130648612976}",,no_active,neutral,
-UacrmKiTn4$_$10,7.0,7.333333333333333,[0],"{""0"":-2.1375601291656494}",,no_active,neutral,
-UacrmKiTn4$_$10,7.25,7.333333333333333,[0],"{""0"":null}",,no_active,neutral,
-UacrmKiTn4$_$4,0.0,0.5,[0],"{""0"":-0.674224317073822}",,no_active,neutral,
-UacrmKiTn4$_$4,0.25,0.75,[0],"{""0"":-0.5924855470657349}",,no_active,neutral,
-UacrmKiTn4$_$4,0.5,1.0,[0],"{""0"":-0.34029892086982727}",,no_active,neutral,
-UacrmKiTn4$_$4,0.75,1.25,[0],"{""0"":-0.33937855064868927}",,no_active,neutral,
-UacrmKiTn4$_$4,1.0,1.5,[0],"{""0"":0.03468160331249237}",0,verified,neutral,
-UacrmKiTn4$_$4,1.25,1.75,[0],"{""0"":0.133444145321846}",0,verified,neutral,
-UacrmKiTn4$_$4,1.5,2.0,[0],"{""0"":0.17272794246673584}",0,verified,neutral,
-UacrmKiTn4$_$4,1.75,2.25,[0],"{""0"":-0.04858296923339367}",,no_active,neutral,
-UacrmKiTn4$_$4,2.0,2.5,[0],"{""0"":-0.06507862359285355}",,no_active,neutral,
-UacrmKiTn4$_$4,2.25,2.75,[0],"{""0"":-0.06507862359285355}",,no_active,neutral,
-UacrmKiTn4$_$4,2.5,3.0,[0],"{""0"":-0.046684443950653076}",,no_active,neutral,
-UacrmKiTn4$_$4,2.75,3.25,[0],"{""0"":0.2935280352830887}",0,verified,neutral,
-UacrmKiTn4$_$4,3.0,3.5,[0],"{""0"":0.2774461507797241}",0,verified,neutral,
-UacrmKiTn4$_$4,3.25,3.75,[0],"{""0"":0.20545853674411774}",0,verified,neutral,
-UacrmKiTn4$_$4,3.5,4.0,[0],"{""0"":-0.11363017559051514}",,no_active,neutral,
-UacrmKiTn4$_$4,3.75,4.25,[0],"{""0"":-0.8853248059749603}",,no_active,neutral,
-UacrmKiTn4$_$4,4.0,4.5,[0],"{""0"":-1.5705698728561401}",,no_active,neutral,
-UacrmKiTn4$_$4,4.25,4.733333333333333,[0],"{""0"":-1.646697759628296}",,no_active,neutral,
-UacrmKiTn4$_$4,4.5,4.733333333333333,[0],"{""0"":-1.6198768615722656}",,no_active,neutral,
-UuX1xuaiiE$_$0,0.0,0.5,[0],"{""0"":-2.4685258865356445}",,no_active,neutral,
-UuX1xuaiiE$_$0,0.25,0.75,[0],"{""0"":-2.6271913051605225}",,no_active,neutral,
-UuX1xuaiiE$_$0,0.5,1.0,[0],"{""0"":-2.6909494400024414}",,no_active,neutral,
-UuX1xuaiiE$_$0,0.75,1.25,[0],"{""0"":-2.6337674856185913}",,no_active,neutral,
-UuX1xuaiiE$_$0,1.0,1.5,[0],"{""0"":-2.48644757270813}",,no_active,neutral,
-UuX1xuaiiE$_$0,1.25,1.75,[0],"{""0"":-2.310603618621826}",,no_active,neutral,
-UuX1xuaiiE$_$0,1.5,2.0,"[0,2,3,4]","{""0"":-2.121617317199707,""2"":-1.6963505744934082,""3"":-1.5922938585281372,""4"":-1.4106265306472778}",,no_active,neutral,
-UuX1xuaiiE$_$0,1.75,2.25,"[0,1,2,3,4]","{""0"":null,""1"":-1.514029860496521,""2"":-2.265881061553955,""3"":-2.22353458404541,""4"":-2.084425210952759}",,no_active,neutral,
-UuX1xuaiiE$_$0,2.0,2.5,"[1,2,3,4]","{""1"":-2.443413496017456,""2"":-2.9626495838165283,""3"":-2.882147789001465,""4"":-2.5775997638702393}",,no_active,neutral,
-UuX1xuaiiE$_$0,2.25,2.75,"[1,2,3,4]","{""1"":-2.616637945175171,""2"":-3.262605309486389,""3"":-3.1642439365386963,""4"":-2.9122081995010376}",,no_active,neutral,
-UuX1xuaiiE$_$0,2.5,3.0,"[1,2,3,4]","{""1"":-3.2492806911468506,""2"":-3.3305370807647705,""3"":-3.313011407852173,""4"":-3.140040397644043}",,no_active,neutral,
-UuX1xuaiiE$_$0,2.75,3.25,"[1,2,3,4]","{""1"":-3.305991530418396,""2"":-3.3725125789642334,""3"":-3.3967888355255127,""4"":-3.3236072063446045}",,no_active,neutral,
-UuX1xuaiiE$_$0,3.0,3.5,"[1,2,3,4]","{""1"":-3.188889741897583,""2"":-3.375683069229126,""3"":-3.388543128967285,""4"":-3.372410535812378}",,no_active,neutral,
-UuX1xuaiiE$_$0,3.25,3.6999999999999997,"[1,2,3,4]","{""1"":-3.1131751537323,""2"":-3.318802833557129,""3"":-3.233652949333191,""4"":-3.3237444162368774}",,no_active,neutral,
-UuX1xuaiiE$_$0,3.5,3.6999999999999997,"[1,2,3,4]","{""1"":-2.737956404685974,""2"":-2.738551378250122,""3"":-2.7047860622406006,""4"":-2.6331379413604736}",,no_active,neutral,
-UuX1xuaiiE$_$1,0.0,0.5,"[0,3,5,7]","{""0"":-3.0997419357299805,""3"":-3.4613196849823,""5"":-3.1850786209106445,""7"":-3.236374855041504}",,no_active,neutral,
-UuX1xuaiiE$_$1,0.25,0.75,"[0,3,5,7]","{""0"":-3.0526630878448486,""3"":-3.4613196849823,""5"":-3.190493583679199,""7"":-3.242250442504883}",,no_active,neutral,
-UuX1xuaiiE$_$1,0.5,1.0,"[0,3,5,7]","{""0"":-2.7801034450531006,""3"":-3.1537864208221436,""5"":-2.904775381088257,""7"":-2.999314546585083}",,no_active,neutral,
-UuX1xuaiiE$_$1,0.75,1.25,"[0,3,5,7]","{""0"":-2.713750123977661,""3"":-3.1322221755981445,""5"":-2.8306878805160522,""7"":-2.976749062538147}",,no_active,neutral,
-UuX1xuaiiE$_$1,1.0,1.5,"[0,3,5,7]","{""0"":-2.686748504638672,""3"":-3.216299057006836,""5"":-2.7747490406036377,""7"":-3.0700790882110596}",,no_active,neutral,
-UuX1xuaiiE$_$1,1.25,1.75,"[0,3,5,7]","{""0"":-2.4913508892059326,""3"":-3.0637385845184326,""5"":-2.6223256587982178,""7"":-2.7915198802948}",,no_active,neutral,
-UuX1xuaiiE$_$1,1.5,2.0,"[0,3,5,7]","{""0"":-2.569450855255127,""3"":-3.136979103088379,""5"":-2.809380292892456,""7"":-3.0089006423950195}",,no_active,neutral,
-UuX1xuaiiE$_$1,1.75,2.25,"[0,3,5,7]","{""0"":-2.8482000827789307,""3"":-3.2173798084259033,""5"":-2.919647216796875,""7"":-3.1435357332229614}",,no_active,neutral,
-UuX1xuaiiE$_$1,2.0,2.5,"[0,3,5,7]","{""0"":-3.0716702938079834,""3"":-3.4209506511688232,""5"":-3.2526257038116455,""7"":-3.2872273921966553}",,no_active,neutral,
-UuX1xuaiiE$_$1,2.25,2.75,"[0,3,5,7]","{""0"":-3.1565425395965576,""3"":-3.4267923831939697,""5"":-3.3050432205200195,""7"":-3.3016090393066406}",,no_active,neutral,
-UuX1xuaiiE$_$1,2.5,3.0,"[0,3,5,7]","{""0"":-2.992457628250122,""3"":-3.2942819595336914,""5"":-3.20220947265625,""7"":-3.2105891704559326}",,no_active,neutral,
-UuX1xuaiiE$_$1,2.75,3.25,"[0,3,5,7]","{""0"":-3.08399498462677,""3"":-3.3378982543945312,""5"":-3.242318868637085,""7"":-3.2283211946487427}",,no_active,neutral,
-UuX1xuaiiE$_$1,3.0,3.5,"[0,3,5,7]","{""0"":-3.249591827392578,""3"":-3.6004955768585205,""5"":-3.532144546508789,""7"":-3.5057942867279053}",,no_active,neutral,
-UuX1xuaiiE$_$1,3.25,3.75,"[0,3,5,7]","{""0"":-3.084261655807495,""3"":-3.430476188659668,""5"":-3.3311893939971924,""7"":-3.314584970474243}",,no_active,neutral,
-UuX1xuaiiE$_$1,3.5,4.0,"[0,3,5,7]","{""0"":-2.9335126876831055,""3"":-3.32271409034729,""5"":-3.2346904277801514,""7"":-3.16511607170105}",,no_active,neutral,
-UuX1xuaiiE$_$1,3.75,4.25,"[0,3,5,7]","{""0"":-2.5400460958480835,""3"":-2.713205099105835,""5"":-2.9511183500289917,""7"":-2.866883397102356}",,no_active,neutral,
-UuX1xuaiiE$_$1,4.0,4.5,"[0,1,3,5,6,7,8]","{""0"":-1.552401065826416,""1"":-2.116344690322876,""3"":-2.19129741191864,""5"":-1.5928703546524048,""6"":-1.8040781021118164,""7"":-1.636191725730896,""8"":-1.7546883821487427}",,no_active,neutral,
-UuX1xuaiiE$_$1,4.25,4.75,"[1,3,6,8]","{""1"":-3.0607798099517822,""3"":-2.1480581760406494,""6"":-2.3323498964309692,""8"":-2.0451501607894897}",,no_active,neutral,
-UuX1xuaiiE$_$1,4.5,5.0,"[1,4,6,8]","{""1"":-3.1603195667266846,""4"":-1.425229549407959,""6"":-2.2654212713241577,""8"":-2.07779860496521}",,no_active,neutral,
-UuX1xuaiiE$_$1,4.75,5.25,"[1,4,6,8]","{""1"":-3.227794647216797,""4"":-1.519800066947937,""6"":-2.2645325660705566,""8"":-2.1065754890441895}",,no_active,neutral,
-UuX1xuaiiE$_$1,5.0,5.5,"[1,4,6,8]","{""1"":-3.2842624187469482,""4"":-1.8874808549880981,""6"":-2.507720947265625,""8"":-2.32705020904541}",,no_active,neutral,
-UuX1xuaiiE$_$1,5.25,5.75,"[1,4,6,8]","{""1"":-3.362703561782837,""4"":-2.1278703212738037,""6"":-2.553352475166321,""8"":-2.4017789363861084}",,no_active,neutral,
-UuX1xuaiiE$_$1,5.5,6.0,"[1,4,6,8]","{""1"":-3.3197778463363647,""4"":-2.0408220291137695,""6"":-2.4821666479110718,""8"":-2.4542479515075684}",,no_active,neutral,
-UuX1xuaiiE$_$1,5.75,6.25,"[1,4,6,8]","{""1"":-3.198542833328247,""4"":-1.8694633841514587,""6"":-2.4155781269073486,""8"":-2.2910091876983643}",,no_active,neutral,
-UuX1xuaiiE$_$1,6.0,6.5,"[1,4,6,8]","{""1"":-3.05790114402771,""4"":-1.924939513206482,""6"":-2.333359956741333,""8"":-2.291779041290283}",,no_active,neutral,
-UuX1xuaiiE$_$1,6.25,6.75,"[1,4,6,8]","{""1"":-3.060890555381775,""4"":-1.881024718284607,""6"":-2.3297204971313477,""8"":-2.13881778717041}",,no_active,neutral,
-UuX1xuaiiE$_$1,6.5,7.0,"[1,4,6,8]","{""1"":-3.0396156311035156,""4"":-1.7671464681625366,""6"":-2.317397356033325,""8"":-2.0879517793655396}",,no_active,neutral,
-UuX1xuaiiE$_$1,6.75,7.25,"[1,4,6,8]","{""1"":-3.4513041973114014,""4"":-2.1774574518203735,""6"":-2.623371124267578,""8"":-2.295057535171509}",,no_active,neutral,
-UuX1xuaiiE$_$1,7.0,7.5,"[1,4,6,8]","{""1"":-3.4513041973114014,""4"":-2.2126071453094482,""6"":-2.674044370651245,""8"":-2.295057535171509}",,no_active,neutral,
-UuX1xuaiiE$_$1,7.25,7.75,"[1,4,6,8]","{""1"":-3.157875895500183,""4"":-2.1056039333343506,""6"":-2.3802826404571533,""8"":-2.163926601409912}",,no_active,neutral,
-UuX1xuaiiE$_$1,7.5,8.0,"[1,4,6,8]","{""1"":-3.1514225006103516,""4"":-2.072941303253174,""6"":-2.399437427520752,""8"":-2.125127911567688}",,no_active,neutral,
-UuX1xuaiiE$_$1,7.75,8.25,"[1,4,6,8]","{""1"":-3.3260421752929688,""4"":-2.2640087604522705,""6"":-2.5668842792510986,""8"":-2.3799126148223877}",,no_active,neutral,
-UuX1xuaiiE$_$1,8.0,8.5,"[1,4,6,8]","{""1"":-3.374690055847168,""4"":-2.335615396499634,""6"":-2.5668842792510986,""8"":-2.4937541484832764}",,no_active,neutral,
-UuX1xuaiiE$_$1,8.25,8.75,"[1,4,6,8]","{""1"":-2.927520751953125,""4"":-2.149751901626587,""6"":-2.2736226320266724,""8"":-2.1954855918884277}",,no_active,neutral,
-UuX1xuaiiE$_$1,8.5,9.0,"[1,4,6,8]","{""1"":-2.927520751953125,""4"":-1.9104953408241272,""6"":-2.3184726238250732,""8"":-2.2288849353790283}",,no_active,neutral,
-UuX1xuaiiE$_$1,8.75,9.25,"[1,4,6,8]","{""1"":-3.5305397510528564,""4"":-2.0250033140182495,""6"":-2.6962318420410156,""8"":-2.661064386367798}",,no_active,neutral,
-UuX1xuaiiE$_$1,9.0,9.5,"[1,4,6,8]","{""1"":-3.57110857963562,""4"":-2.12713623046875,""6"":-2.7417728900909424,""8"":-2.7296483516693115}",,no_active,neutral,
-UuX1xuaiiE$_$1,9.25,9.75,"[1,4,6,8]","{""1"":-3.029150366783142,""4"":-2.0553596019744873,""6"":-2.2382140159606934,""8"":-2.052222967147827}",,no_active,neutral,
-UuX1xuaiiE$_$1,9.5,10.0,"[1,4,6,8]","{""1"":-2.9832077026367188,""4"":-2.0290201902389526,""6"":-2.1456539630889893,""8"":-1.9617040753364563}",,no_active,neutral,
-UuX1xuaiiE$_$1,9.75,10.25,"[1,2,4,6,8]","{""1"":-2.359529495239258,""2"":null,""4"":-1.7837775349617004,""6"":-1.730377197265625,""8"":-1.5541409254074097}",,no_active,neutral,
-UuX1xuaiiE$_$1,10.0,10.333333333333334,[2],"{""2"":null}",,no_active,neutral,
-UuX1xuaiiE$_$1,10.25,10.333333333333334,[2],"{""2"":null}",,no_active,neutral,
-UuX1xuaiiE$_$3,0.0,0.5,[0],"{""0"":-0.30645182728767395}",,no_active,neutral,
-UuX1xuaiiE$_$3,0.25,0.75,[0],"{""0"":-1.1294158697128296}",,no_active,neutral,
-UuX1xuaiiE$_$3,0.5,1.0,[0],"{""0"":-1.1614242792129517}",,no_active,neutral,
-UuX1xuaiiE$_$3,0.75,1.25,[0],"{""0"":-0.9641579985618591}",,no_active,neutral,
-UuX1xuaiiE$_$3,1.0,1.5,[0],"{""0"":-0.8179271817207336}",,no_active,neutral,
-UuX1xuaiiE$_$3,1.25,1.75,[0],"{""0"":-0.7659841179847717}",,no_active,neutral,
-UuX1xuaiiE$_$3,1.5,2.0,[0],"{""0"":-0.6320755779743195}",,no_active,neutral,
-UuX1xuaiiE$_$3,1.75,2.25,[0],"{""0"":-0.7431292235851288}",,no_active,neutral,
-UuX1xuaiiE$_$3,2.0,2.5,[0],"{""0"":-1.0578172206878662}",,no_active,neutral,
-UuX1xuaiiE$_$3,2.25,2.75,[0],"{""0"":-1.0578172206878662}",,no_active,neutral,
-UuX1xuaiiE$_$3,2.5,3.0,[0],"{""0"":0.34554243087768555}",0,verified,neutral,
-UuX1xuaiiE$_$3,2.75,3.25,[0],"{""0"":0.27418242394924164}",0,verified,neutral,
-UuX1xuaiiE$_$3,3.0,3.5,[0],"{""0"":-0.02222474105656147}",,no_active,neutral,
-UuX1xuaiiE$_$3,3.25,3.75,[0],"{""0"":-0.17812250554561615}",,no_active,neutral,
-UuX1xuaiiE$_$3,3.5,4.0,"[0,1]","{""0"":-0.799245297908783,""1"":-1.1669143438339233}",,no_active,neutral,
-UuX1xuaiiE$_$3,3.75,4.1,[1],"{""1"":-1.1669143438339233}",,no_active,neutral,
-UuX1xuaiiE$_$3,4.0,4.1,[1],"{""1"":-0.8943157196044922}",,no_active,neutral,
-UuX1xuaiiE$_$6,0.0,0.5,[0],"{""0"":-0.7641273438930511}",,no_active,neutral,
-UuX1xuaiiE$_$6,0.25,0.75,[0],"{""0"":-0.5657860040664673}",,no_active,neutral,
-UuX1xuaiiE$_$6,0.5,1.0,[0],"{""0"":-0.13121698796749115}",,no_active,neutral,
-UuX1xuaiiE$_$6,0.75,1.25,[0],"{""0"":0.15346767008304596}",0,verified,neutral,
-UuX1xuaiiE$_$6,1.0,1.5,[0],"{""0"":-0.7660159766674042}",,no_active,neutral,
-UuX1xuaiiE$_$6,1.25,1.75,[0],"{""0"":-1.0008289217948914}",,no_active,neutral,
-UuX1xuaiiE$_$6,1.5,2.0,[0],"{""0"":-1.0753716230392456}",,no_active,neutral,
-UuX1xuaiiE$_$6,1.75,2.25,[0],"{""0"":-0.8601427674293518}",,no_active,neutral,
-UuX1xuaiiE$_$6,2.0,2.5,[0],"{""0"":-0.689146876335144}",,no_active,neutral,
-UuX1xuaiiE$_$6,2.25,2.75,[0],"{""0"":-0.6064717173576355}",,no_active,neutral,
-UuX1xuaiiE$_$6,2.5,3.0,[0],"{""0"":-0.35590076446533203}",,no_active,neutral,
-UuX1xuaiiE$_$6,2.75,3.25,[0],"{""0"":0.05234618857502937}",0,verified,neutral,
-UuX1xuaiiE$_$6,3.0,3.5,[0],"{""0"":0.12913866713643074}",0,verified,neutral,
-UuX1xuaiiE$_$6,3.25,3.75,[0],"{""0"":0.03449217602610588}",0,verified,neutral,
-UuX1xuaiiE$_$6,3.5,4.0,[0],"{""0"":-0.7275586128234863}",,no_active,neutral,
-UuX1xuaiiE$_$6,3.75,4.25,[0],"{""0"":-1.0270200967788696}",,no_active,neutral,
-UuX1xuaiiE$_$6,4.0,4.5,[0],"{""0"":-1.030988335609436}",,no_active,neutral,
-UuX1xuaiiE$_$6,4.25,4.75,[0],"{""0"":-0.08503909967839718}",,no_active,neutral,
-UuX1xuaiiE$_$6,4.5,5.0,[0],"{""0"":0.1996355801820755}",0,verified,neutral,
-UuX1xuaiiE$_$6,4.75,5.25,[0],"{""0"":0.7682088017463684}",0,verified,neutral,
-UuX1xuaiiE$_$6,5.0,5.5,[0],"{""0"":0.8178265392780304}",0,verified,neutral,
-UuX1xuaiiE$_$6,5.25,5.75,[0],"{""0"":0.24459738284349442}",0,verified,neutral,
-UuX1xuaiiE$_$6,5.5,6.0,[0],"{""0"":0.07347104698419571}",0,verified,neutral,
-UuX1xuaiiE$_$6,5.75,6.25,[0],"{""0"":-0.0993681326508522}",,no_active,neutral,
-UuX1xuaiiE$_$6,6.0,6.5,[0],"{""0"":-0.28972193598747253}",,no_active,neutral,
-UuX1xuaiiE$_$6,6.25,6.75,[0],"{""0"":-0.44303739070892334}",,no_active,neutral,
-UuX1xuaiiE$_$6,6.5,7.0,[0],"{""0"":-0.2963355481624603}",,no_active,neutral,
-UuX1xuaiiE$_$6,6.75,7.25,[0],"{""0"":-0.3120321035385132}",,no_active,neutral,
-UuX1xuaiiE$_$6,7.0,7.5,[0],"{""0"":-1.5704944133758545}",,no_active,neutral,
-UuX1xuaiiE$_$6,7.25,7.75,[0],"{""0"":-1.6784493923187256}",,no_active,neutral,
-UuX1xuaiiE$_$6,7.5,8.0,[0],"{""0"":-1.7642216682434082}",,no_active,neutral,
-UuX1xuaiiE$_$6,7.75,8.1,[0],"{""0"":-1.8088432550430298}",,no_active,neutral,
-UuX1xuaiiE$_$6,8.0,8.1,[0],"{""0"":null}",,no_active,neutral,
-a55Q6RWvTA$_$3,0.0,0.5,[0],"{""0"":-0.2789113223552704}",,no_active,neutral,
-a55Q6RWvTA$_$3,0.25,0.75,[0],"{""0"":-0.6016560196876526}",,no_active,neutral,
-a55Q6RWvTA$_$3,0.5,1.0,[0],"{""0"":-0.8091018795967102}",,no_active,neutral,
-a55Q6RWvTA$_$3,0.75,1.25,[0],"{""0"":-0.6750961542129517}",,no_active,neutral,
-a55Q6RWvTA$_$3,1.0,1.5,[0],"{""0"":-0.33870410919189453}",,no_active,neutral,
-a55Q6RWvTA$_$3,1.25,1.75,[0],"{""0"":-0.37685489654541016}",,no_active,neutral,
-a55Q6RWvTA$_$3,1.5,2.0,[0],"{""0"":-0.39076492190361023}",,no_active,neutral,
-a55Q6RWvTA$_$3,1.75,2.25,[0],"{""0"":-0.02574590966105461}",,no_active,neutral,
-a55Q6RWvTA$_$3,2.0,2.5,[0],"{""0"":0.056796472519636154}",0,verified,neutral,
-a55Q6RWvTA$_$3,2.25,2.75,[0],"{""0"":0.21774698793888092}",0,verified,neutral,
-a55Q6RWvTA$_$3,2.5,3.0,[0],"{""0"":0.4027876853942871}",0,verified,neutral,
-a55Q6RWvTA$_$3,2.75,3.25,[0],"{""0"":0.6296429336071014}",0,verified,neutral,
-a55Q6RWvTA$_$3,3.0,3.5,[0],"{""0"":1.7121739387512207}",0,verified,neutral,
-a55Q6RWvTA$_$3,3.25,3.75,[0],"{""0"":1.6132930517196655}",0,verified,neutral,
-a55Q6RWvTA$_$3,3.5,4.0,[0],"{""0"":1.219235897064209}",0,verified,neutral,
-a55Q6RWvTA$_$3,3.75,4.25,[0],"{""0"":0.3955777809023857}",0,verified,neutral,
-a55Q6RWvTA$_$3,4.0,4.5,[0],"{""0"":-0.06445137411355972}",,no_active,neutral,
-a55Q6RWvTA$_$3,4.25,4.75,[0],"{""0"":0.1314302682876587}",0,verified,neutral,
-a55Q6RWvTA$_$3,4.5,5.0,[0],"{""0"":0.4828522503376007}",0,verified,neutral,
-a55Q6RWvTA$_$3,4.75,5.25,[0],"{""0"":1.1813768148422241}",0,verified,neutral,
-a55Q6RWvTA$_$3,5.0,5.5,[0],"{""0"":1.5082086324691772}",0,verified,neutral,
-a55Q6RWvTA$_$3,5.25,5.75,[0],"{""0"":1.7895900011062622}",0,verified,neutral,
-a55Q6RWvTA$_$3,5.5,6.0,[0],"{""0"":1.557749629020691}",0,verified,neutral,
-a55Q6RWvTA$_$3,5.75,6.25,[0],"{""0"":1.5254218578338623}",0,verified,neutral,
-a55Q6RWvTA$_$3,6.0,6.5,[0],"{""0"":1.2878761291503906}",0,verified,neutral,
-a55Q6RWvTA$_$3,6.25,6.75,[0],"{""0"":0.5601359009742737}",0,verified,neutral,
-a55Q6RWvTA$_$3,6.5,7.0,[0],"{""0"":0.4704029858112335}",0,verified,neutral,
-a55Q6RWvTA$_$3,6.75,7.25,[0],"{""0"":0.5438053011894226}",0,verified,neutral,
-a55Q6RWvTA$_$3,7.0,7.5,[0],"{""0"":0.7748684883117676}",0,verified,neutral,
-a55Q6RWvTA$_$3,7.25,7.75,[0],"{""0"":1.104117751121521}",0,verified,neutral,
-a55Q6RWvTA$_$3,7.5,8.0,[0],"{""0"":0.9611417651176453}",0,verified,neutral,
-a55Q6RWvTA$_$3,7.75,8.25,[0],"{""0"":1.099731057882309}",0,verified,neutral,
-a55Q6RWvTA$_$3,8.0,8.5,[0],"{""0"":1.5024625062942505}",0,verified,neutral,
-a55Q6RWvTA$_$3,8.25,8.75,[0],"{""0"":1.803060531616211}",0,verified,neutral,
-a55Q6RWvTA$_$3,8.5,9.0,[0],"{""0"":1.803060531616211}",0,verified,neutral,
-a55Q6RWvTA$_$3,8.75,9.25,[0],"{""0"":1.804355502128601}",0,verified,neutral,
-a55Q6RWvTA$_$3,9.0,9.5,[0],"{""0"":1.9349355697631836}",0,verified,neutral,
-a55Q6RWvTA$_$3,9.25,9.75,[0],"{""0"":2.0610759258270264}",0,verified,neutral,
-a55Q6RWvTA$_$3,9.5,10.0,[0],"{""0"":2.47929310798645}",0,verified,neutral,
-a55Q6RWvTA$_$3,9.75,10.25,[0],"{""0"":2.21835196018219}",0,verified,neutral,
-a55Q6RWvTA$_$3,10.0,10.5,[0],"{""0"":1.744659423828125}",0,verified,neutral,
-a55Q6RWvTA$_$3,10.25,10.75,[0],"{""0"":1.7862821817398071}",0,verified,neutral,
-a55Q6RWvTA$_$3,10.5,11.0,[0],"{""0"":1.9227489233016968}",0,verified,neutral,
-a55Q6RWvTA$_$3,10.75,11.25,[0],"{""0"":2.004117786884308}",0,verified,neutral,
-a55Q6RWvTA$_$3,11.0,11.5,[0],"{""0"":1.9983562231063843}",0,verified,neutral,
-a55Q6RWvTA$_$3,11.25,11.75,[0],"{""0"":2.0469038486480713}",0,verified,neutral,
-a55Q6RWvTA$_$3,11.5,12.0,[0],"{""0"":2.035970687866211}",0,verified,neutral,
-a55Q6RWvTA$_$3,11.75,12.25,[0],"{""0"":-0.06172693753615022}",,no_active,neutral,
-a55Q6RWvTA$_$3,12.0,12.5,[0],"{""0"":-0.16953013837337494}",,no_active,neutral,
-a55Q6RWvTA$_$3,12.25,12.75,[0],"{""0"":0.8333861827850342}",0,verified,neutral,
-a55Q6RWvTA$_$3,12.5,13.0,[0],"{""0"":0.9696564674377441}",0,verified,neutral,
-a55Q6RWvTA$_$3,12.75,13.25,[0],"{""0"":0.6600799262523651}",0,verified,neutral,
-a55Q6RWvTA$_$3,13.0,13.5,[0],"{""0"":-0.44676902890205383}",,no_active,neutral,
-a55Q6RWvTA$_$3,13.25,13.75,[0],"{""0"":-0.5847967267036438}",,no_active,neutral,
-a55Q6RWvTA$_$3,13.5,14.0,[0],"{""0"":-0.879774272441864}",,no_active,neutral,
-a55Q6RWvTA$_$3,13.75,14.25,[0],"{""0"":-0.012116953730583191}",,no_active,neutral,
-a55Q6RWvTA$_$3,14.0,14.5,[0],"{""0"":1.6798723936080933}",0,verified,neutral,
-a55Q6RWvTA$_$3,14.25,14.75,[0],"{""0"":2.0656001567840576}",0,verified,neutral,
-a55Q6RWvTA$_$3,14.5,15.0,[0],"{""0"":2.0481131076812744}",0,verified,neutral,
-a55Q6RWvTA$_$3,14.75,15.25,[0],"{""0"":2.1804274320602417}",0,verified,neutral,
-a55Q6RWvTA$_$3,15.0,15.5,[0],"{""0"":2.6062629222869873}",0,verified,neutral,
-a55Q6RWvTA$_$3,15.25,15.75,[0],"{""0"":2.12050199508667}",0,verified,neutral,
-a55Q6RWvTA$_$3,15.5,16.0,[0],"{""0"":2.0393378734588623}",0,verified,neutral,
-a55Q6RWvTA$_$3,15.75,16.25,[0],"{""0"":2.4798378944396973}",0,verified,neutral,
-a55Q6RWvTA$_$3,16.0,16.5,[0],"{""0"":2.842081069946289}",0,verified,neutral,
-a55Q6RWvTA$_$3,16.25,16.75,[0],"{""0"":2.6801280975341797}",0,verified,neutral,
-a55Q6RWvTA$_$3,16.5,17.0,[0],"{""0"":2.624603033065796}",0,verified,neutral,
-a55Q6RWvTA$_$3,16.75,17.25,[0],"{""0"":2.735301375389099}",0,verified,neutral,
-a55Q6RWvTA$_$3,17.0,17.5,[0],"{""0"":2.670907974243164}",0,verified,neutral,
-a55Q6RWvTA$_$3,17.25,17.75,[0],"{""0"":3.017530679702759}",0,verified,neutral,
-a55Q6RWvTA$_$3,17.5,18.0,[0],"{""0"":3.1856536865234375}",0,verified,neutral,
-a55Q6RWvTA$_$3,17.75,18.25,[0],"{""0"":2.5707279443740845}",0,verified,neutral,
-a55Q6RWvTA$_$3,18.0,18.5,[0],"{""0"":2.3676483631134033}",0,verified,neutral,
-a55Q6RWvTA$_$3,18.25,18.75,[0],"{""0"":2.084317445755005}",0,verified,neutral,
-a55Q6RWvTA$_$3,18.5,19.0,[0],"{""0"":1.2132281064987183}",0,verified,neutral,
-a55Q6RWvTA$_$3,18.75,19.25,[0],"{""0"":1.5368088483810425}",0,verified,neutral,
-a55Q6RWvTA$_$3,19.0,19.5,[0],"{""0"":2.1552820205688477}",0,verified,neutral,
-a55Q6RWvTA$_$3,19.25,19.75,[0],"{""0"":2.0694916248321533}",0,verified,neutral,
-a55Q6RWvTA$_$3,19.5,20.0,[0],"{""0"":1.4364820718765259}",0,verified,neutral,
-a55Q6RWvTA$_$3,19.75,20.25,[0],"{""0"":0.30499041825532913}",0,verified,neutral,
-a55Q6RWvTA$_$3,20.0,20.5,[0],"{""0"":0.06353238970041275}",0,verified,neutral,
-a55Q6RWvTA$_$3,20.25,20.75,[0],"{""0"":0.057727914303541183}",0,verified,neutral,
-a55Q6RWvTA$_$3,20.5,21.0,[0],"{""0"":-0.44958508014678955}",,no_active,neutral,
-a55Q6RWvTA$_$3,20.75,21.25,[0],"{""0"":-0.02251429110765457}",,no_active,neutral,
-a55Q6RWvTA$_$3,21.0,21.5,[0],"{""0"":0.19219867885112762}",0,verified,neutral,
-a55Q6RWvTA$_$3,21.25,21.75,[0],"{""0"":-0.976753294467926}",,no_active,neutral,
-a55Q6RWvTA$_$3,21.5,22.0,[0],"{""0"":-1.1969249248504639}",,no_active,neutral,
-a55Q6RWvTA$_$3,21.75,22.133333333333333,[0],"{""0"":-1.2378926873207092}",,no_active,neutral,
-a55Q6RWvTA$_$3,22.0,22.133333333333333,[0],"{""0"":-1.2112159729003906}",,no_active,neutral,
-aNfi7CP8vM$_$7,0.0,0.5,[0],"{""0"":-1.7392748594284058}",,no_active,neutral,
-aNfi7CP8vM$_$7,0.25,0.75,[0],"{""0"":-1.6302293539047241}",,no_active,neutral,
-aNfi7CP8vM$_$7,0.5,1.0,[0],"{""0"":-1.0882333517074585}",,no_active,neutral,
-aNfi7CP8vM$_$7,0.75,1.25,[0],"{""0"":-1.0945391654968262}",,no_active,neutral,
-aNfi7CP8vM$_$7,1.0,1.5,[0],"{""0"":-1.2228617668151855}",,no_active,neutral,
-aNfi7CP8vM$_$7,1.25,1.75,[0],"{""0"":-1.128059983253479}",,no_active,neutral,
-aNfi7CP8vM$_$7,1.5,2.0,[0],"{""0"":-1.0429447889328003}",,no_active,neutral,
-aNfi7CP8vM$_$7,1.75,2.25,[0],"{""0"":-1.1624714732170105}",,no_active,neutral,
-aNfi7CP8vM$_$7,2.0,2.5,[0],"{""0"":-0.9801672101020813}",,no_active,neutral,
-aNfi7CP8vM$_$7,2.25,2.75,[0],"{""0"":-0.6959336400032043}",,no_active,neutral,
-aNfi7CP8vM$_$7,2.5,3.0,[0],"{""0"":-0.5676882863044739}",,no_active,neutral,
-aNfi7CP8vM$_$7,2.75,3.25,[0],"{""0"":-0.7824243605136871}",,no_active,neutral,
-aNfi7CP8vM$_$7,3.0,3.5,[0],"{""0"":-0.8850147724151611}",,no_active,neutral,
-aNfi7CP8vM$_$7,3.25,3.75,[0],"{""0"":-1.0869895219802856}",,no_active,neutral,
-aNfi7CP8vM$_$7,3.5,4.0,[0],"{""0"":-1.2664353847503662}",,no_active,neutral,
-aNfi7CP8vM$_$7,3.75,4.25,[0],"{""0"":-1.2125416994094849}",,no_active,neutral,
-aNfi7CP8vM$_$7,4.0,4.5,[0],"{""0"":-0.9268881678581238}",,no_active,neutral,
-aNfi7CP8vM$_$7,4.25,4.75,[0],"{""0"":-0.5299636721611023}",,no_active,neutral,
-aNfi7CP8vM$_$7,4.5,5.0,[0],"{""0"":-0.636369526386261}",,no_active,neutral,
-aNfi7CP8vM$_$7,4.75,5.25,[0],"{""0"":-0.9824179112911224}",,no_active,neutral,
-aNfi7CP8vM$_$7,5.0,5.5,[0],"{""0"":-1.0285371541976929}",,no_active,neutral,
-aNfi7CP8vM$_$7,5.25,5.75,[0],"{""0"":-0.822350025177002}",,no_active,neutral,
-aNfi7CP8vM$_$7,5.5,6.0,[0],"{""0"":-0.9215490221977234}",,no_active,neutral,
-aNfi7CP8vM$_$7,5.75,6.25,[0],"{""0"":-0.6990585625171661}",,no_active,neutral,
-aNfi7CP8vM$_$7,6.0,6.5,[0],"{""0"":0.13161323964595795}",0,verified,neutral,
-aNfi7CP8vM$_$7,6.25,6.75,[0],"{""0"":0.7168834209442139}",0,verified,neutral,
-aNfi7CP8vM$_$7,6.5,7.0,[0],"{""0"":0.826193630695343}",0,verified,neutral,
-aNfi7CP8vM$_$7,6.75,7.25,[0],"{""0"":0.6046348810195923}",0,verified,neutral,
-aNfi7CP8vM$_$7,7.0,7.5,[0],"{""0"":0.17155694961547852}",0,verified,neutral,
-aNfi7CP8vM$_$7,7.25,7.75,[0],"{""0"":0.18401996791362762}",0,verified,neutral,
-aNfi7CP8vM$_$7,7.5,8.0,[0],"{""0"":-0.3478471338748932}",,no_active,neutral,
-aNfi7CP8vM$_$7,7.75,8.25,[0],"{""0"":-0.6958250105381012}",,no_active,neutral,
-aNfi7CP8vM$_$7,8.0,8.5,[0],"{""0"":-1.0647412538528442}",,no_active,neutral,
-aNfi7CP8vM$_$7,8.25,8.666666666666666,[0],"{""0"":-1.0420293807983398}",,no_active,neutral,
-aNfi7CP8vM$_$7,8.5,8.666666666666666,[0],"{""0"":0.4602789878845215}",0,verified,neutral,
-aqamKhZ1Ec$_$0,0.0,0.5,[0],"{""0"":-1.9632319211959839}",,no_active,neutral,
-aqamKhZ1Ec$_$0,0.25,0.75,[0],"{""0"":-1.902604579925537}",,no_active,neutral,
-aqamKhZ1Ec$_$0,0.5,1.0,[0],"{""0"":-1.781962275505066}",,no_active,neutral,
-aqamKhZ1Ec$_$0,0.75,1.25,[0],"{""0"":-1.909343659877777}",,no_active,neutral,
-aqamKhZ1Ec$_$0,1.0,1.5,[0],"{""0"":-2.4950144290924072}",,no_active,neutral,
-aqamKhZ1Ec$_$0,1.25,1.75,[0],"{""0"":-2.5967965126037598}",,no_active,neutral,
-aqamKhZ1Ec$_$0,1.5,2.0,[0],"{""0"":-2.395254373550415}",,no_active,neutral,
-aqamKhZ1Ec$_$0,1.75,2.25,[0],"{""0"":-2.318099021911621}",,no_active,neutral,
-aqamKhZ1Ec$_$0,2.0,2.5,[0],"{""0"":-2.1876413822174072}",,no_active,neutral,
-aqamKhZ1Ec$_$0,2.25,2.75,[0],"{""0"":-2.157160520553589}",,no_active,neutral,
-aqamKhZ1Ec$_$0,2.5,3.0,[0],"{""0"":-2.3399102687835693}",,no_active,neutral,
-aqamKhZ1Ec$_$0,2.75,3.25,[0],"{""0"":-1.9864138960838318}",,no_active,neutral,
-aqamKhZ1Ec$_$0,3.0,3.5,[0],"{""0"":-1.7337713241577148}",,no_active,neutral,
-aqamKhZ1Ec$_$0,3.25,3.75,[0],"{""0"":-1.638508677482605}",,no_active,neutral,
-aqamKhZ1Ec$_$0,3.5,4.0,[0],"{""0"":-1.6803289651870728}",,no_active,neutral,
-aqamKhZ1Ec$_$0,3.75,4.25,[0],"{""0"":-1.7420871257781982}",,no_active,neutral,
-aqamKhZ1Ec$_$0,4.0,4.5,[0],"{""0"":-1.9310702085494995}",,no_active,neutral,
-aqamKhZ1Ec$_$0,4.25,4.75,[0],"{""0"":-2.219343662261963}",,no_active,neutral,
-aqamKhZ1Ec$_$0,4.5,5.0,[0],"{""0"":-2.182680368423462}",,no_active,neutral,
-aqamKhZ1Ec$_$0,4.75,5.25,[0],"{""0"":-2.133702278137207}",,no_active,neutral,
-aqamKhZ1Ec$_$0,5.0,5.5,[0],"{""0"":-2.252004861831665}",,no_active,neutral,
-aqamKhZ1Ec$_$0,5.25,5.75,[0],"{""0"":-2.431056022644043}",,no_active,neutral,
-aqamKhZ1Ec$_$0,5.5,6.0,[0],"{""0"":-2.0819828510284424}",,no_active,neutral,
-aqamKhZ1Ec$_$0,5.75,6.25,[0],"{""0"":-2.056786894798279}",,no_active,neutral,
-aqamKhZ1Ec$_$0,6.0,6.5,[0],"{""0"":-2.747887372970581}",,no_active,neutral,
-aqamKhZ1Ec$_$0,6.25,6.75,[0],"{""0"":-2.816258192062378}",,no_active,neutral,
-aqamKhZ1Ec$_$0,6.5,7.0,[0],"{""0"":-2.8145053386688232}",,no_active,neutral,
-aqamKhZ1Ec$_$0,6.75,7.25,[0],"{""0"":-2.759164810180664}",,no_active,neutral,
-aqamKhZ1Ec$_$0,7.0,7.5,[0],"{""0"":-2.626967430114746}",,no_active,neutral,
-aqamKhZ1Ec$_$0,7.25,7.75,[0],"{""0"":-2.585857391357422}",,no_active,neutral,
-aqamKhZ1Ec$_$0,7.5,8.0,[0],"{""0"":-2.0033605098724365}",,no_active,neutral,
-aqamKhZ1Ec$_$0,7.75,8.25,[0],"{""0"":-1.8788970112800598}",,no_active,neutral,
-aqamKhZ1Ec$_$0,8.0,8.5,[0],"{""0"":-2.1262381076812744}",,no_active,neutral,
-aqamKhZ1Ec$_$0,8.25,8.75,[0],"{""0"":-2.542893171310425}",,no_active,neutral,
-aqamKhZ1Ec$_$0,8.5,9.0,[0],"{""0"":-2.657618761062622}",,no_active,neutral,
-aqamKhZ1Ec$_$0,8.75,9.25,[0],"{""0"":-2.532354235649109}",,no_active,neutral,
-aqamKhZ1Ec$_$0,9.0,9.5,[0],"{""0"":-2.6848161220550537}",,no_active,neutral,
-aqamKhZ1Ec$_$0,9.25,9.75,[0],"{""0"":-2.6848161220550537}",,no_active,neutral,
-aqamKhZ1Ec$_$0,9.5,10.0,[0],"{""0"":-2.44110369682312}",,no_active,neutral,
-aqamKhZ1Ec$_$0,9.75,10.25,[0],"{""0"":-2.1904823780059814}",,no_active,neutral,
-aqamKhZ1Ec$_$0,10.0,10.5,[0],"{""0"":-2.085263729095459}",,no_active,neutral,
-aqamKhZ1Ec$_$0,10.25,10.75,[0],"{""0"":-2.0597448348999023}",,no_active,neutral,
-aqamKhZ1Ec$_$0,10.5,11.0,[0],"{""0"":-1.8767541646957397}",,no_active,neutral,
-aqamKhZ1Ec$_$0,10.75,11.0,[0],"{""0"":-1.8226290941238403}",,no_active,neutral,
-dxfTGcXJoc$_$0,0.0,0.5,[],{},,missing,neutral,
-dxfTGcXJoc$_$0,0.25,0.75,[],{},,missing,neutral,
-dxfTGcXJoc$_$0,0.5,1.0,[],{},,missing,neutral,
-dxfTGcXJoc$_$0,0.75,1.25,[],{},,missing,neutral,
-dxfTGcXJoc$_$0,1.0,1.5,[],{},,missing,neutral,
-dxfTGcXJoc$_$0,1.25,1.75,[],{},,missing,neutral,
-dxfTGcXJoc$_$0,1.5,2.0,[],{},,missing,neutral,
-dxfTGcXJoc$_$0,1.75,2.25,[],{},,missing,neutral,
-dxfTGcXJoc$_$0,2.0,2.5,[],{},,missing,neutral,
-dxfTGcXJoc$_$0,2.25,2.75,[],{},,missing,neutral,
-dxfTGcXJoc$_$0,2.5,3.0,[],{},,missing,neutral,
-dxfTGcXJoc$_$0,2.75,3.25,[],{},,missing,neutral,
-dxfTGcXJoc$_$0,3.0,3.5,[],{},,missing,neutral,
-dxfTGcXJoc$_$0,3.25,3.75,[],{},,missing,neutral,
-dxfTGcXJoc$_$0,3.5,4.0,[],{},,missing,neutral,
-dxfTGcXJoc$_$0,3.75,4.25,[],{},,missing,neutral,
-dxfTGcXJoc$_$0,4.0,4.5,[],{},,missing,neutral,
-dxfTGcXJoc$_$0,4.25,4.75,[0],"{""0"":0.6493297219276428}",0,verified,support,
-dxfTGcXJoc$_$0,4.5,5.0,[0],"{""0"":0.6777591109275818}",0,verified,support,
-dxfTGcXJoc$_$0,4.75,5.25,[0],"{""0"":0.8176379799842834}",0,verified,support,
-dxfTGcXJoc$_$0,5.0,5.5,[0],"{""0"":0.7836534380912781}",0,verified,support,
-dxfTGcXJoc$_$0,5.25,5.75,[0],"{""0"":0.7476903796195984}",0,verified,support,
-dxfTGcXJoc$_$0,5.5,6.0,[0],"{""0"":0.534304141998291}",0,verified,support,
-dxfTGcXJoc$_$0,5.75,6.25,[0],"{""0"":0.35640501976013184}",0,verified,support,
-dxfTGcXJoc$_$0,6.0,6.5,[0],"{""0"":0.35640501976013184}",0,verified,support,
-dxfTGcXJoc$_$0,6.25,6.75,[0],"{""0"":0.34080348908901215}",0,verified,support,
-dxfTGcXJoc$_$0,6.5,7.0,[0],"{""0"":0.14627784490585327}",0,verified,support,
-dxfTGcXJoc$_$0,6.75,7.25,[0],"{""0"":-0.06002422049641609}",,no_active,neutral,
-dxfTGcXJoc$_$0,7.0,7.5,[0],"{""0"":0.09985071420669556}",0,verified,support,
-dxfTGcXJoc$_$0,7.25,7.75,[0],"{""0"":0.34827207773923874}",0,verified,support,
-dxfTGcXJoc$_$0,7.5,8.0,[0],"{""0"":0.6820328831672668}",0,verified,support,
-dxfTGcXJoc$_$0,7.75,8.25,[0],"{""0"":0.7149801254272461}",0,verified,support,
-dxfTGcXJoc$_$0,8.0,8.5,[0],"{""0"":0.3782917559146881}",0,verified,support,
-dxfTGcXJoc$_$0,8.25,8.75,[0],"{""0"":0.7652843147516251}",0,verified,support,
-dxfTGcXJoc$_$0,8.5,9.0,[0],"{""0"":1.2226777076721191}",0,verified,support,
-dxfTGcXJoc$_$0,8.75,9.25,[0],"{""0"":1.2004863023757935}",0,verified,support,
-dxfTGcXJoc$_$0,9.0,9.5,[0],"{""0"":0.9958837628364563}",0,verified,support,
-dxfTGcXJoc$_$0,9.25,9.75,[0],"{""0"":0.8202155828475952}",0,verified,support,
-dxfTGcXJoc$_$0,9.5,10.0,[0],"{""0"":0.5167396664619446}",0,verified,support,
-dxfTGcXJoc$_$0,9.75,10.25,[0],"{""0"":0.7936084270477295}",0,verified,support,
-dxfTGcXJoc$_$0,10.0,10.5,[0],"{""0"":1.4052127599716187}",0,verified,support,
-dxfTGcXJoc$_$0,10.25,10.75,[0],"{""0"":1.0036596357822418}",0,verified,support,
-dxfTGcXJoc$_$0,10.5,11.0,[0],"{""0"":1.2780933380126953}",0,verified,support,
-dxfTGcXJoc$_$0,10.75,11.25,[0],"{""0"":1.6255011558532715}",0,verified,support,
-dxfTGcXJoc$_$0,11.0,11.5,[0],"{""0"":1.7455650568008423}",0,verified,support,
-dxfTGcXJoc$_$0,11.25,11.75,[0],"{""0"":1.5445184707641602}",0,verified,support,
-dxfTGcXJoc$_$0,11.5,12.0,[0],"{""0"":1.0837854146957397}",0,verified,support,
-dxfTGcXJoc$_$0,11.75,12.25,[0],"{""0"":1.0368603467941284}",0,verified,support,
-dxfTGcXJoc$_$0,12.0,12.5,[0],"{""0"":1.3033447265625}",0,verified,support,
-dxfTGcXJoc$_$0,12.25,12.75,[0],"{""0"":1.4678126573562622}",0,verified,support,
-dxfTGcXJoc$_$0,12.5,13.0,[0],"{""0"":1.53949773311615}",0,verified,support,
-dxfTGcXJoc$_$0,12.75,13.25,[0],"{""0"":0.9754190444946289}",0,verified,support,
-dxfTGcXJoc$_$0,13.0,13.5,[0],"{""0"":0.05050279200077057}",0,verified,support,
-dxfTGcXJoc$_$0,13.25,13.75,[0],"{""0"":-0.47874507308006287}",,no_active,neutral,
-dxfTGcXJoc$_$0,13.5,14.0,[0],"{""0"":-0.6001824140548706}",,no_active,neutral,
-dxfTGcXJoc$_$0,13.75,14.25,[0],"{""0"":0.22387492656707764}",0,verified,support,
-dxfTGcXJoc$_$0,14.0,14.5,[0],"{""0"":0.4799753725528717}",0,verified,support,
-dxfTGcXJoc$_$0,14.25,14.75,[0],"{""0"":0.9232461154460907}",0,verified,support,
-dxfTGcXJoc$_$0,14.5,15.0,[0],"{""0"":1.4198027849197388}",0,verified,support,
-dxfTGcXJoc$_$0,14.75,15.25,[0],"{""0"":1.0048129558563232}",0,verified,support,
-dxfTGcXJoc$_$0,15.0,15.5,[0],"{""0"":0.8328189253807068}",0,verified,support,
-dxfTGcXJoc$_$0,15.25,15.75,[0],"{""0"":1.1808097958564758}",0,verified,support,
-dxfTGcXJoc$_$0,15.5,16.0,[0],"{""0"":1.8891839981079102}",0,verified,support,
-dxfTGcXJoc$_$0,15.75,16.25,[0],"{""0"":2.2273576259613037}",0,verified,support,
-dxfTGcXJoc$_$0,16.0,16.5,[0],"{""0"":1.9939836263656616}",0,verified,support,
-dxfTGcXJoc$_$0,16.25,16.75,[0],"{""0"":1.383601188659668}",0,verified,support,
-dxfTGcXJoc$_$0,16.5,17.0,[0],"{""0"":1.1430106163024902}",0,verified,support,
-dxfTGcXJoc$_$0,16.75,17.25,[0],"{""0"":1.1847410202026367}",0,verified,support,
-dxfTGcXJoc$_$0,17.0,17.5,[0],"{""0"":1.0095046758651733}",0,verified,support,
-dxfTGcXJoc$_$0,17.25,17.75,[0],"{""0"":0.3358740508556366}",0,verified,support,
-dxfTGcXJoc$_$0,17.5,18.0,[0],"{""0"":0.5301728248596191}",0,verified,support,
-dxfTGcXJoc$_$0,17.75,18.25,[0],"{""0"":0.8467149138450623}",0,verified,support,
-dxfTGcXJoc$_$0,18.0,18.5,[0],"{""0"":1.0376816987991333}",0,verified,support,
-dxfTGcXJoc$_$0,18.25,18.75,[0],"{""0"":1.3659580945968628}",0,verified,support,
-dxfTGcXJoc$_$0,18.5,19.0,[0],"{""0"":1.4335724115371704}",0,verified,support,
-dxfTGcXJoc$_$0,18.75,19.25,[0],"{""0"":1.2803559303283691}",0,verified,support,
-dxfTGcXJoc$_$0,19.0,19.5,[0],"{""0"":1.446703314781189}",0,verified,support,
-dxfTGcXJoc$_$0,19.25,19.75,[0],"{""0"":1.3014251589775085}",0,verified,support,
-dxfTGcXJoc$_$0,19.5,20.0,[0],"{""0"":0.44375038146972656}",0,verified,support,
-dxfTGcXJoc$_$0,19.75,20.25,[0],"{""0"":-1.2931737899780273}",,no_active,neutral,
-dxfTGcXJoc$_$0,20.0,20.5,[0],"{""0"":-1.4156730771064758}",,no_active,neutral,
-dxfTGcXJoc$_$0,20.25,20.53333333333333,[0],"{""0"":-1.5706947445869446}",,no_active,neutral,
-dxfTGcXJoc$_$0,20.5,20.53333333333333,[0],"{""0"":null}",,no_active,neutral,
-dxfTGcXJoc$_$1,0.0,0.5,[0],"{""0"":0.5100235939025879}",0,verified,support,
-dxfTGcXJoc$_$1,0.25,0.75,[0],"{""0"":0.940772294998169}",0,verified,support,
-dxfTGcXJoc$_$1,0.5,1.0,[0],"{""0"":1.0998499393463135}",0,verified,support,
-dxfTGcXJoc$_$1,0.75,1.25,[0],"{""0"":1.120125412940979}",0,verified,support,
-dxfTGcXJoc$_$1,1.0,1.5,[0],"{""0"":0.9193305373191833}",0,verified,support,
-dxfTGcXJoc$_$1,1.25,1.75,[0],"{""0"":0.7295251488685608}",0,verified,support,
-dxfTGcXJoc$_$1,1.5,2.0,[0],"{""0"":-0.4924350082874298}",,no_active,neutral,
-dxfTGcXJoc$_$1,1.75,2.25,[0],"{""0"":-0.23231186997145414}",,no_active,neutral,
-dxfTGcXJoc$_$1,2.0,2.5,[0],"{""0"":0.8757327198982239}",0,verified,support,
-dxfTGcXJoc$_$1,2.25,2.75,[0],"{""0"":1.0352360010147095}",0,verified,support,
-dxfTGcXJoc$_$1,2.5,3.0,[0],"{""0"":0.9145967960357666}",0,verified,support,
-dxfTGcXJoc$_$1,2.75,3.25,[0],"{""0"":0.9480301141738892}",0,verified,support,
-dxfTGcXJoc$_$1,3.0,3.5,[0],"{""0"":1.339572548866272}",0,verified,support,
-dxfTGcXJoc$_$1,3.25,3.75,[0],"{""0"":1.5668517351150513}",0,verified,support,
-dxfTGcXJoc$_$1,3.5,4.0,[0],"{""0"":1.5668517351150513}",0,verified,support,
-dxfTGcXJoc$_$1,3.75,4.25,[0],"{""0"":1.2464999556541443}",0,verified,support,
-dxfTGcXJoc$_$1,4.0,4.5,[0],"{""0"":1.2037636041641235}",0,verified,support,
-dxfTGcXJoc$_$1,4.25,4.75,[0],"{""0"":1.3413482904434204}",0,verified,support,
-dxfTGcXJoc$_$1,4.5,5.0,[0],"{""0"":1.1444717645645142}",0,verified,support,
-dxfTGcXJoc$_$1,4.75,5.25,[0],"{""0"":1.0182952284812927}",0,verified,support,
-dxfTGcXJoc$_$1,5.0,5.5,[0],"{""0"":0.8554123044013977}",0,verified,support,
-dxfTGcXJoc$_$1,5.25,5.75,[0],"{""0"":0.6680324077606201}",0,verified,support,
-dxfTGcXJoc$_$1,5.5,6.0,[0],"{""0"":0.4069395959377289}",0,verified,support,
-dxfTGcXJoc$_$1,5.75,6.25,[0],"{""0"":0.6673617959022522}",0,verified,support,
-dxfTGcXJoc$_$1,6.0,6.5,[0],"{""0"":0.9981210827827454}",0,verified,support,
-dxfTGcXJoc$_$1,6.25,6.75,[0],"{""0"":0.9981210827827454}",0,verified,support,
-dxfTGcXJoc$_$1,6.5,7.0,[0],"{""0"":1.1752334833145142}",0,verified,support,
-dxfTGcXJoc$_$1,6.75,7.25,[0],"{""0"":1.0547025203704834}",0,verified,support,
-dxfTGcXJoc$_$1,7.0,7.5,[0],"{""0"":0.7313418388366699}",0,verified,support,
-dxfTGcXJoc$_$1,7.25,7.75,[0],"{""0"":0.8116583824157715}",0,verified,support,
-dxfTGcXJoc$_$1,7.5,8.0,[0],"{""0"":0.855957567691803}",0,verified,support,
-dxfTGcXJoc$_$1,7.75,8.25,[0],"{""0"":0.6632850468158722}",0,verified,support,
-dxfTGcXJoc$_$1,8.0,8.5,[0],"{""0"":0.4480811357498169}",0,verified,support,
-dxfTGcXJoc$_$1,8.25,8.75,[0],"{""0"":0.38570037484169006}",0,verified,support,
-dxfTGcXJoc$_$1,8.5,9.0,[0],"{""0"":0.2490575760602951}",0,verified,support,
-dxfTGcXJoc$_$1,8.75,9.25,[0],"{""0"":-0.03688390925526619}",,no_active,neutral,
-dxfTGcXJoc$_$1,9.0,9.5,[0],"{""0"":-0.08961848169565201}",,no_active,neutral,
-dxfTGcXJoc$_$1,9.25,9.75,[0],"{""0"":0.03663704916834831}",0,verified,support,
-dxfTGcXJoc$_$1,9.5,10.0,[0],"{""0"":-0.18561877310276031}",,no_active,neutral,
-dxfTGcXJoc$_$1,9.75,10.25,[0],"{""0"":0.6226193718612194}",0,verified,support,
-dxfTGcXJoc$_$1,10.0,10.5,[0],"{""0"":1.2424650192260742}",0,verified,support,
-dxfTGcXJoc$_$1,10.25,10.75,[0],"{""0"":1.163472056388855}",0,verified,support,
-dxfTGcXJoc$_$1,10.5,11.0,[0],"{""0"":1.158445119857788}",0,verified,support,
-dxfTGcXJoc$_$1,10.75,11.25,[0],"{""0"":1.3862038254737854}",0,verified,support,
-dxfTGcXJoc$_$1,11.0,11.5,[0],"{""0"":1.4555282592773438}",0,verified,support,
-dxfTGcXJoc$_$1,11.25,11.75,[0],"{""0"":1.1150630712509155}",0,verified,support,
-dxfTGcXJoc$_$1,11.5,12.0,[0],"{""0"":1.0842787027359009}",0,verified,support,
-dxfTGcXJoc$_$1,11.75,12.25,[0],"{""0"":1.7297373414039612}",0,verified,support,
-dxfTGcXJoc$_$1,12.0,12.5,[0],"{""0"":2.1648035049438477}",0,verified,support,
-dxfTGcXJoc$_$1,12.25,12.75,[0],"{""0"":1.5973256826400757}",0,verified,support,
-dxfTGcXJoc$_$1,12.5,13.0,[0],"{""0"":1.6303521394729614}",0,verified,support,
-dxfTGcXJoc$_$1,12.75,13.25,[0],"{""0"":2.178674101829529}",0,verified,support,
-dxfTGcXJoc$_$1,13.0,13.5,[0],"{""0"":2.271392583847046}",0,verified,support,
-dxfTGcXJoc$_$1,13.25,13.75,[0],"{""0"":2.3097290992736816}",0,verified,support,
-dxfTGcXJoc$_$1,13.5,14.0,[0],"{""0"":2.550737142562866}",0,verified,support,
-dxfTGcXJoc$_$1,13.75,14.25,[0],"{""0"":1.8261786699295044}",0,verified,support,
-dxfTGcXJoc$_$1,14.0,14.5,[0],"{""0"":2.099382162094116}",0,verified,support,
-dxfTGcXJoc$_$1,14.25,14.75,[0],"{""0"":2.2010319232940674}",0,verified,support,
-dxfTGcXJoc$_$1,14.5,15.0,[0],"{""0"":2.0839500427246094}",0,verified,support,
-dxfTGcXJoc$_$1,14.75,15.25,[0],"{""0"":2.0611588954925537}",0,verified,support,
-dxfTGcXJoc$_$1,15.0,15.5,[0],"{""0"":1.6335080862045288}",0,verified,support,
-dxfTGcXJoc$_$1,15.25,15.75,[0],"{""0"":0.7693079113960266}",0,verified,support,
-dxfTGcXJoc$_$1,15.5,16.0,[0],"{""0"":0.8225500583648682}",0,verified,support,
-dxfTGcXJoc$_$1,15.75,16.133333333333333,[0],"{""0"":0.9128480553627014}",0,verified,support,
-dxfTGcXJoc$_$1,16.0,16.133333333333333,[0],"{""0"":null}",,no_active,neutral,
-dxfTGcXJoc$_$2,0.0,0.5,[0],"{""0"":0.2447308450937271}",0,verified,support,
-dxfTGcXJoc$_$2,0.25,0.75,[0],"{""0"":0.8712478280067444}",0,verified,support,
-dxfTGcXJoc$_$2,0.5,1.0,[0],"{""0"":1.7751922607421875}",0,verified,support,
-dxfTGcXJoc$_$2,0.75,1.25,[0],"{""0"":1.7058572173118591}",0,verified,support,
-dxfTGcXJoc$_$2,1.0,1.5,[0],"{""0"":1.6539816856384277}",0,verified,support,
-dxfTGcXJoc$_$2,1.25,1.75,[0],"{""0"":1.7947254180908203}",0,verified,support,
-dxfTGcXJoc$_$2,1.5,2.0,[0],"{""0"":1.72251558303833}",0,verified,support,
-dxfTGcXJoc$_$2,1.75,2.25,[0],"{""0"":1.4050143361091614}",0,verified,support,
-dxfTGcXJoc$_$2,2.0,2.5,[0],"{""0"":1.3934375047683716}",0,verified,support,
-dxfTGcXJoc$_$2,2.25,2.75,[0],"{""0"":1.3894542455673218}",0,verified,support,
-dxfTGcXJoc$_$2,2.5,3.0,[0],"{""0"":1.2448182106018066}",0,verified,support,
-dxfTGcXJoc$_$2,2.75,3.25,[0],"{""0"":1.1521679759025574}",0,verified,support,
-dxfTGcXJoc$_$2,3.0,3.5,[0],"{""0"":0.8678285479545593}",0,verified,support,
-dxfTGcXJoc$_$2,3.25,3.75,[0],"{""0"":1.0626803636550903}",0,verified,support,
-dxfTGcXJoc$_$2,3.5,4.0,[0],"{""0"":1.0242319107055664}",0,verified,support,
-dxfTGcXJoc$_$2,3.75,4.25,[0],"{""0"":0.9206348955631256}",0,verified,support,
-dxfTGcXJoc$_$2,4.0,4.5,[0],"{""0"":1.064906120300293}",0,verified,support,
-dxfTGcXJoc$_$2,4.25,4.75,[0],"{""0"":1.1150877475738525}",0,verified,support,
-dxfTGcXJoc$_$2,4.5,5.0,[0],"{""0"":0.8941132426261902}",0,verified,support,
-dxfTGcXJoc$_$2,4.75,5.25,[0],"{""0"":1.0647206604480743}",0,verified,support,
-dxfTGcXJoc$_$2,5.0,5.5,[0],"{""0"":1.6711512804031372}",0,verified,support,
-dxfTGcXJoc$_$2,5.25,5.75,[0],"{""0"":1.6943402290344238}",0,verified,support,
-dxfTGcXJoc$_$2,5.5,6.0,[0],"{""0"":1.4629937410354614}",0,verified,support,
-dxfTGcXJoc$_$2,5.75,6.25,[0],"{""0"":1.1456938982009888}",0,verified,support,
-dxfTGcXJoc$_$2,6.0,6.5,[0],"{""0"":0.9778585433959961}",0,verified,support,
-dxfTGcXJoc$_$2,6.25,6.75,[0],"{""0"":1.516525387763977}",0,verified,support,
-dxfTGcXJoc$_$2,6.5,7.0,[0],"{""0"":1.6326767206192017}",0,verified,support,
-dxfTGcXJoc$_$2,6.75,7.25,[0],"{""0"":1.5988616347312927}",0,verified,support,
-dxfTGcXJoc$_$2,7.0,7.5,[0],"{""0"":1.665514349937439}",0,verified,support,
-dxfTGcXJoc$_$2,7.25,7.75,[0],"{""0"":1.7400768995285034}",0,verified,support,
-dxfTGcXJoc$_$2,7.5,8.0,[0],"{""0"":1.639644980430603}",0,verified,support,
-dxfTGcXJoc$_$2,7.75,8.25,[0],"{""0"":1.1859219670295715}",0,verified,support,
-dxfTGcXJoc$_$2,8.0,8.5,[0],"{""0"":1.262143611907959}",0,verified,support,
-dxfTGcXJoc$_$2,8.25,8.75,[0],"{""0"":1.2265700101852417}",0,verified,support,
-dxfTGcXJoc$_$2,8.5,9.0,[0],"{""0"":1.045645833015442}",0,verified,support,
-dxfTGcXJoc$_$2,8.75,9.25,[0],"{""0"":1.1192527413368225}",0,verified,support,
-dxfTGcXJoc$_$2,9.0,9.5,[0],"{""0"":1.253245234489441}",0,verified,support,
-dxfTGcXJoc$_$2,9.25,9.75,[0],"{""0"":1.282177448272705}",0,verified,support,
-dxfTGcXJoc$_$2,9.5,10.0,[0],"{""0"":1.0572437047958374}",0,verified,support,
-dxfTGcXJoc$_$2,9.75,10.25,[0],"{""0"":0.8541987538337708}",0,verified,support,
-dxfTGcXJoc$_$2,10.0,10.5,[0],"{""0"":0.7644374966621399}",0,verified,support,
-dxfTGcXJoc$_$2,10.25,10.75,[0],"{""0"":0.8154048323631287}",0,verified,support,
-dxfTGcXJoc$_$2,10.5,11.0,[0],"{""0"":1.0827288627624512}",0,verified,support,
-dxfTGcXJoc$_$2,10.75,11.25,[0],"{""0"":0.9733422696590424}",0,verified,support,
-dxfTGcXJoc$_$2,11.0,11.5,[0],"{""0"":0.6303628087043762}",0,verified,support,
-dxfTGcXJoc$_$2,11.25,11.75,[0],"{""0"":0.4982839524745941}",0,verified,support,
-dxfTGcXJoc$_$2,11.5,12.0,[0],"{""0"":-0.017183443531394005}",,no_active,neutral,
-dxfTGcXJoc$_$2,11.75,12.25,[0],"{""0"":0.567742109298706}",0,verified,support,
-dxfTGcXJoc$_$2,12.0,12.5,[0],"{""0"":1.6903859376907349}",0,verified,support,
-dxfTGcXJoc$_$2,12.25,12.75,[0],"{""0"":1.6903859376907349}",0,verified,support,
-dxfTGcXJoc$_$2,12.5,13.0,[0],"{""0"":2.02557635307312}",0,verified,support,
-dxfTGcXJoc$_$2,12.75,13.25,[0],"{""0"":2.3487532138824463}",0,verified,support,
-dxfTGcXJoc$_$2,13.0,13.5,[0],"{""0"":2.393822431564331}",0,verified,support,
-dxfTGcXJoc$_$2,13.25,13.75,[0],"{""0"":1.9203561544418335}",0,verified,support,
-dxfTGcXJoc$_$2,13.5,14.0,[0],"{""0"":1.8906203508377075}",0,verified,support,
-dxfTGcXJoc$_$2,13.75,14.25,[0],"{""0"":1.9227516055107117}",0,verified,support,
-dxfTGcXJoc$_$2,14.0,14.5,[0],"{""0"":1.9662952423095703}",0,verified,support,
-dxfTGcXJoc$_$2,14.25,14.75,[0],"{""0"":1.9282011985778809}",0,verified,support,
-dxfTGcXJoc$_$2,14.5,15.0,[0],"{""0"":1.7951265573501587}",0,verified,support,
-dxfTGcXJoc$_$2,14.75,15.25,[0],"{""0"":1.885976791381836}",0,verified,support,
-dxfTGcXJoc$_$2,15.0,15.5,[0],"{""0"":1.9838794469833374}",0,verified,support,
-dxfTGcXJoc$_$2,15.25,15.75,[0],"{""0"":1.9838794469833374}",0,verified,support,
-dxfTGcXJoc$_$2,15.5,16.0,[0],"{""0"":1.9730720520019531}",0,verified,support,
-dxfTGcXJoc$_$2,15.75,16.25,[0],"{""0"":0.6480787992477417}",0,verified,support,
-dxfTGcXJoc$_$2,16.0,16.5,[0],"{""0"":-1.6115812063217163}",,no_active,neutral,
-dxfTGcXJoc$_$2,16.25,16.666666666666664,[0],"{""0"":-1.7483118772506714}",,no_active,neutral,
-dxfTGcXJoc$_$2,16.5,16.666666666666664,[0],"{""0"":-1.8495553731918335}",,no_active,neutral,
-dxfTGcXJoc$_$6,0.0,0.5,[0],"{""0"":0.35507020354270935}",0,verified,neutral,
-dxfTGcXJoc$_$6,0.25,0.75,[0],"{""0"":1.4894475936889648}",0,verified,neutral,
-dxfTGcXJoc$_$6,0.5,1.0,[0],"{""0"":1.7039847373962402}",0,verified,neutral,
-dxfTGcXJoc$_$6,0.75,1.25,[0],"{""0"":1.7971763014793396}",0,verified,neutral,
-dxfTGcXJoc$_$6,1.0,1.5,[0],"{""0"":2.2341701984405518}",0,verified,neutral,
-dxfTGcXJoc$_$6,1.25,1.75,[0],"{""0"":2.284109354019165}",0,verified,neutral,
-dxfTGcXJoc$_$6,1.5,2.0,[0],"{""0"":2.1868274211883545}",0,verified,neutral,
-dxfTGcXJoc$_$6,1.75,2.25,[0],"{""0"":1.279388964176178}",0,verified,neutral,
-dxfTGcXJoc$_$6,2.0,2.5,[0],"{""0"":1.027640700340271}",0,verified,neutral,
-dxfTGcXJoc$_$6,2.25,2.75,[0],"{""0"":1.0174318552017212}",0,verified,neutral,
-dxfTGcXJoc$_$6,2.5,3.0,[0],"{""0"":1.32101571559906}",0,verified,neutral,
-dxfTGcXJoc$_$6,2.75,3.25,[0],"{""0"":1.3469951152801514}",0,verified,neutral,
-dxfTGcXJoc$_$6,3.0,3.5,[0],"{""0"":1.3755964040756226}",0,verified,neutral,
-dxfTGcXJoc$_$6,3.25,3.75,[0],"{""0"":1.3755964040756226}",0,verified,neutral,
-dxfTGcXJoc$_$6,3.5,4.0,[0],"{""0"":1.258864402770996}",0,verified,neutral,
-dxfTGcXJoc$_$6,3.75,4.25,[0],"{""0"":1.3608643412590027}",0,verified,neutral,
-dxfTGcXJoc$_$6,4.0,4.5,[0],"{""0"":1.3318284749984741}",0,verified,neutral,
-dxfTGcXJoc$_$6,4.25,4.75,[0],"{""0"":0.7784547805786133}",0,verified,neutral,
-dxfTGcXJoc$_$6,4.5,5.0,[0],"{""0"":1.489392876625061}",0,verified,neutral,
-dxfTGcXJoc$_$6,4.75,5.25,[0],"{""0"":1.2577427625656128}",0,verified,neutral,
-dxfTGcXJoc$_$6,5.0,5.5,[0],"{""0"":0.7054390907287598}",0,verified,neutral,
-dxfTGcXJoc$_$6,5.25,5.75,[0],"{""0"":0.6476698517799377}",0,verified,neutral,
-dxfTGcXJoc$_$6,5.5,6.0,[0],"{""0"":0.6191231608390808}",0,verified,neutral,
-dxfTGcXJoc$_$6,5.75,6.25,[0],"{""0"":0.9697186350822449}",0,verified,neutral,
-dxfTGcXJoc$_$6,6.0,6.5,[0],"{""0"":1.5828701257705688}",0,verified,neutral,
-dxfTGcXJoc$_$6,6.25,6.75,[0],"{""0"":1.648389220237732}",0,verified,neutral,
-dxfTGcXJoc$_$6,6.5,7.0,[0],"{""0"":1.7641339302062988}",0,verified,neutral,
-dxfTGcXJoc$_$6,6.75,7.25,[0],"{""0"":1.7121747732162476}",0,verified,neutral,
-dxfTGcXJoc$_$6,7.0,7.5,[0],"{""0"":1.5724748373031616}",0,verified,neutral,
-dxfTGcXJoc$_$6,7.25,7.75,[0],"{""0"":1.401293158531189}",0,verified,neutral,
-dxfTGcXJoc$_$6,7.5,8.0,[0],"{""0"":1.0730136632919312}",0,verified,neutral,
-dxfTGcXJoc$_$6,7.75,8.25,[0],"{""0"":1.021290272474289}",0,verified,neutral,
-dxfTGcXJoc$_$6,8.0,8.5,[0],"{""0"":1.235350251197815}",0,verified,neutral,
-dxfTGcXJoc$_$6,8.25,8.75,[0],"{""0"":1.0737420320510864}",0,verified,neutral,
-dxfTGcXJoc$_$6,8.5,9.0,[0],"{""0"":1.1370911598205566}",0,verified,neutral,
-dxfTGcXJoc$_$6,8.75,9.25,[0],"{""0"":1.51980459690094}",0,verified,neutral,
-dxfTGcXJoc$_$6,9.0,9.5,[0],"{""0"":1.189400553703308}",0,verified,neutral,
-dxfTGcXJoc$_$6,9.25,9.75,[0],"{""0"":1.112203598022461}",0,verified,neutral,
-dxfTGcXJoc$_$6,9.5,10.0,[0],"{""0"":1.89251708984375}",0,verified,neutral,
-dxfTGcXJoc$_$6,9.75,10.25,[0],"{""0"":1.1529423892498016}",0,verified,neutral,
-dxfTGcXJoc$_$6,10.0,10.5,[0],"{""0"":0.7839401364326477}",0,verified,neutral,
-dxfTGcXJoc$_$6,10.25,10.75,[0],"{""0"":0.9704564213752747}",0,verified,neutral,
-dxfTGcXJoc$_$6,10.5,11.0,[0],"{""0"":1.3823086023330688}",0,verified,neutral,
-dxfTGcXJoc$_$6,10.75,11.25,[0],"{""0"":1.3660598993301392}",0,verified,neutral,
-dxfTGcXJoc$_$6,11.0,11.5,[0],"{""0"":0.5119227170944214}",0,verified,neutral,
-dxfTGcXJoc$_$6,11.25,11.75,[0],"{""0"":0.39628514647483826}",0,verified,neutral,
-dxfTGcXJoc$_$6,11.5,12.0,[0],"{""0"":0.2983967661857605}",0,verified,neutral,
-dxfTGcXJoc$_$6,11.75,12.25,[0],"{""0"":-1.0923547446727753}",,no_active,neutral,
-dxfTGcXJoc$_$6,12.0,12.5,[0],"{""0"":-2.3411083221435547}",,no_active,neutral,
-dxfTGcXJoc$_$6,12.25,12.733333333333333,[0],"{""0"":-2.16022527217865}",,no_active,neutral,
-dxfTGcXJoc$_$6,12.5,12.733333333333333,[0],"{""0"":-2.1072919368743896}",,no_active,neutral,
-egA8-b7-3M$_$1,0.0,0.5,[0],"{""0"":-2.049975872039795}",,no_active,neutral,
-egA8-b7-3M$_$1,0.25,0.75,[0],"{""0"":-2.052433729171753}",,no_active,neutral,
-egA8-b7-3M$_$1,0.5,1.0,[0],"{""0"":-2.585822820663452}",,no_active,neutral,
-egA8-b7-3M$_$1,0.75,1.25,[0],"{""0"":-2.6885361671447754}",,no_active,neutral,
-egA8-b7-3M$_$1,1.0,1.5,[0],"{""0"":-2.6294806003570557}",,no_active,neutral,
-egA8-b7-3M$_$1,1.25,1.75,[0],"{""0"":-2.5561115741729736}",,no_active,neutral,
-egA8-b7-3M$_$1,1.5,2.0,[0],"{""0"":-2.5574235916137695}",,no_active,neutral,
-egA8-b7-3M$_$1,1.75,2.25,[0],"{""0"":-2.4517035484313965}",,no_active,neutral,
-egA8-b7-3M$_$1,2.0,2.5,[0],"{""0"":-2.4053280353546143}",,no_active,neutral,
-egA8-b7-3M$_$1,2.25,2.75,[0],"{""0"":-2.370718240737915}",,no_active,neutral,
-egA8-b7-3M$_$1,2.5,3.0,[0],"{""0"":-2.1755895614624023}",,no_active,neutral,
-egA8-b7-3M$_$1,2.75,3.25,[0],"{""0"":-1.9938558340072632}",,no_active,neutral,
-egA8-b7-3M$_$1,3.0,3.5,[0],"{""0"":-1.9534673690795898}",,no_active,neutral,
-egA8-b7-3M$_$1,3.25,3.75,[0],"{""0"":-1.9848685264587402}",,no_active,neutral,
-egA8-b7-3M$_$1,3.5,4.0,[0],"{""0"":-1.9534673690795898}",,no_active,neutral,
-egA8-b7-3M$_$1,3.75,4.25,[0],"{""0"":-2.146765112876892}",,no_active,neutral,
-egA8-b7-3M$_$1,4.0,4.5,[0],"{""0"":-2.5950891971588135}",,no_active,neutral,
-egA8-b7-3M$_$1,4.25,4.75,[0],"{""0"":-2.4481313228607178}",,no_active,neutral,
-egA8-b7-3M$_$1,4.5,5.0,[0],"{""0"":-2.326045274734497}",,no_active,neutral,
-egA8-b7-3M$_$1,4.75,5.25,[0],"{""0"":-2.215082883834839}",,no_active,neutral,
-egA8-b7-3M$_$1,5.0,5.5,[0],"{""0"":-2.173149824142456}",,no_active,neutral,
-egA8-b7-3M$_$1,5.25,5.75,[0],"{""0"":-2.2429354190826416}",,no_active,neutral,
-egA8-b7-3M$_$1,5.5,6.0,[0],"{""0"":-2.466202974319458}",,no_active,neutral,
-egA8-b7-3M$_$1,5.75,6.25,[0],"{""0"":-2.157781720161438}",,no_active,neutral,
-egA8-b7-3M$_$1,6.0,6.5,[0],"{""0"":-1.6704872846603394}",,no_active,neutral,
-egA8-b7-3M$_$1,6.25,6.75,[0],"{""0"":-1.5687904357910156}",,no_active,neutral,
-egA8-b7-3M$_$1,6.5,7.0,[0],"{""0"":-1.700581669807434}",,no_active,neutral,
-egA8-b7-3M$_$1,6.75,7.25,[0],"{""0"":-1.4746587872505188}",,no_active,neutral,
-egA8-b7-3M$_$1,7.0,7.5,[0],"{""0"":-0.6467971205711365}",,no_active,neutral,
-egA8-b7-3M$_$1,7.25,7.75,[0],"{""0"":-0.47406721115112305}",,no_active,neutral,
-egA8-b7-3M$_$1,7.5,8.0,[0],"{""0"":-0.7386806607246399}",,no_active,neutral,
-egA8-b7-3M$_$1,7.75,8.25,[0],"{""0"":-1.3621439337730408}",,no_active,neutral,
-egA8-b7-3M$_$1,8.0,8.5,[0],"{""0"":-1.9657598733901978}",,no_active,neutral,
-egA8-b7-3M$_$1,8.25,8.75,[0],"{""0"":-2.0701091289520264}",,no_active,neutral,
-egA8-b7-3M$_$1,8.5,9.0,[0],"{""0"":-1.8583616018295288}",,no_active,neutral,
-egA8-b7-3M$_$1,8.75,9.25,[0],"{""0"":-1.6388849020004272}",,no_active,neutral,
-egA8-b7-3M$_$1,9.0,9.5,[0],"{""0"":-2.067030906677246}",,no_active,neutral,
-egA8-b7-3M$_$1,9.25,9.75,[0],"{""0"":-2.8035783767700195}",,no_active,neutral,
-egA8-b7-3M$_$1,9.5,10.0,[0],"{""0"":-2.8789994716644287}",,no_active,neutral,
-egA8-b7-3M$_$1,9.75,10.233333333333333,[0],"{""0"":-2.711032271385193}",,no_active,neutral,
-egA8-b7-3M$_$1,10.0,10.233333333333333,[0],"{""0"":-2.675063371658325}",,no_active,neutral,
-egA8-b7-3M$_$13,0.0,0.5,[0],"{""0"":-2.230802297592163}",,no_active,neutral,
-egA8-b7-3M$_$13,0.25,0.75,[0],"{""0"":-2.007124662399292}",,no_active,neutral,
-egA8-b7-3M$_$13,0.5,1.0,[0],"{""0"":-1.745412826538086}",,no_active,neutral,
-egA8-b7-3M$_$13,0.75,1.25,[0],"{""0"":-1.4257816672325134}",,no_active,neutral,
-egA8-b7-3M$_$13,1.0,1.5,[0],"{""0"":-1.5846314430236816}",,no_active,neutral,
-egA8-b7-3M$_$13,1.25,1.75,[0],"{""0"":-1.7480605840682983}",,no_active,neutral,
-egA8-b7-3M$_$13,1.5,2.0,[0],"{""0"":-1.9868217706680298}",,no_active,neutral,
-egA8-b7-3M$_$13,1.75,2.25,[0],"{""0"":-2.226743221282959}",,no_active,neutral,
-egA8-b7-3M$_$13,2.0,2.5,[0],"{""0"":-2.090257406234741}",,no_active,neutral,
-egA8-b7-3M$_$13,2.25,2.75,[0],"{""0"":-1.6585923433303833}",,no_active,neutral,
-egA8-b7-3M$_$13,2.5,3.0,[0],"{""0"":-1.399104118347168}",,no_active,neutral,
-egA8-b7-3M$_$13,2.75,3.25,[0],"{""0"":-1.6014605164527893}",,no_active,neutral,
-egA8-b7-3M$_$13,3.0,3.5,[0],"{""0"":-2.182464838027954}",,no_active,neutral,
-egA8-b7-3M$_$13,3.25,3.75,[0],"{""0"":-2.448544502258301}",,no_active,neutral,
-egA8-b7-3M$_$13,3.5,4.0,[0],"{""0"":-2.450788736343384}",,no_active,neutral,
-egA8-b7-3M$_$13,3.75,4.166666666666666,[0],"{""0"":-2.3537986278533936}",,no_active,neutral,
-egA8-b7-3M$_$13,4.0,4.166666666666666,[0],"{""0"":null}",,no_active,neutral,
-egA8-b7-3M$_$16,0.0,0.5,[0],"{""0"":-3.096755266189575}",,no_active,neutral,
-egA8-b7-3M$_$16,0.25,0.75,[0],"{""0"":-3.016904592514038}",,no_active,neutral,
-egA8-b7-3M$_$16,0.5,1.0,[0],"{""0"":-2.368131160736084}",,no_active,neutral,
-egA8-b7-3M$_$16,0.75,1.25,[0],"{""0"":-2.388746500015259}",,no_active,neutral,
-egA8-b7-3M$_$16,1.0,1.5,[0],"{""0"":-2.4621355533599854}",,no_active,neutral,
-egA8-b7-3M$_$16,1.25,1.75,[0],"{""0"":-2.456184148788452}",,no_active,neutral,
-egA8-b7-3M$_$16,1.5,2.0,[0],"{""0"":-2.39992618560791}",,no_active,neutral,
-egA8-b7-3M$_$16,1.75,2.25,[0],"{""0"":-2.5593525171279907}",,no_active,neutral,
-egA8-b7-3M$_$16,2.0,2.5,[0],"{""0"":-2.6717464923858643}",,no_active,neutral,
-egA8-b7-3M$_$16,2.25,2.75,[0],"{""0"":-2.7624247074127197}",,no_active,neutral,
-egA8-b7-3M$_$16,2.5,3.0,[0],"{""0"":-2.7624247074127197}",,no_active,neutral,
-egA8-b7-3M$_$16,2.75,3.25,[0],"{""0"":-2.566555619239807}",,no_active,neutral,
-egA8-b7-3M$_$16,3.0,3.5,[0],"{""0"":-2.2105305194854736}",,no_active,neutral,
-egA8-b7-3M$_$16,3.25,3.75,[0],"{""0"":-2.0591487884521484}",,no_active,neutral,
-egA8-b7-3M$_$16,3.5,4.0,[0],"{""0"":-1.9981449842453003}",,no_active,neutral,
-egA8-b7-3M$_$16,3.75,4.25,[0],"{""0"":-1.9506690502166748}",,no_active,neutral,
-egA8-b7-3M$_$16,4.0,4.5,[0],"{""0"":-1.8024072647094727}",,no_active,neutral,
-egA8-b7-3M$_$16,4.25,4.75,[0],"{""0"":-1.9123339653015137}",,no_active,neutral,
-egA8-b7-3M$_$16,4.5,5.0,[0],"{""0"":-2.298386573791504}",,no_active,neutral,
-egA8-b7-3M$_$16,4.75,5.25,[0],"{""0"":-2.4571945667266846}",,no_active,neutral,
-egA8-b7-3M$_$16,5.0,5.5,[0],"{""0"":-2.6428191661834717}",,no_active,neutral,
-egA8-b7-3M$_$16,5.25,5.533333333333333,[0],"{""0"":-2.5616989135742188}",,no_active,neutral,
-egA8-b7-3M$_$16,5.5,5.533333333333333,[0],"{""0"":null}",,no_active,neutral,
-egA8-b7-3M$_$17,0.0,0.5,[0],"{""0"":-2.2966108322143555}",,no_active,neutral,
-egA8-b7-3M$_$17,0.25,0.75,[0],"{""0"":-2.073486328125}",,no_active,neutral,
-egA8-b7-3M$_$17,0.5,1.0,[0],"{""0"":-1.2105785608291626}",,no_active,neutral,
-egA8-b7-3M$_$17,0.75,1.25,[0],"{""0"":-0.9447944462299347}",,no_active,neutral,
-egA8-b7-3M$_$17,1.0,1.5,[0],"{""0"":-0.5588838458061218}",,no_active,neutral,
-egA8-b7-3M$_$17,1.25,1.75,[0],"{""0"":-0.34610438346862793}",,no_active,neutral,
-egA8-b7-3M$_$17,1.5,2.0,[0],"{""0"":-0.5320086479187012}",,no_active,neutral,
-egA8-b7-3M$_$17,1.75,2.25,[0],"{""0"":-1.7560063600540161}",,no_active,neutral,
-egA8-b7-3M$_$17,2.0,2.5,[0],"{""0"":-3.061138391494751}",,no_active,neutral,
-egA8-b7-3M$_$17,2.25,2.75,[0],"{""0"":-3.197535514831543}",,no_active,neutral,
-egA8-b7-3M$_$17,2.5,3.0,[0],"{""0"":-3.162266492843628}",,no_active,neutral,
-egA8-b7-3M$_$17,2.75,3.25,[0],"{""0"":-2.5755722522735596}",,no_active,neutral,
-egA8-b7-3M$_$17,3.0,3.5,[0],"{""0"":-2.153731107711792}",,no_active,neutral,
-egA8-b7-3M$_$17,3.25,3.75,[0],"{""0"":-1.5032377243041992}",,no_active,neutral,
-egA8-b7-3M$_$17,3.5,4.0,[0],"{""0"":-1.2738019227981567}",,no_active,neutral,
-egA8-b7-3M$_$17,3.75,4.25,[0],"{""0"":-1.354581594467163}",,no_active,neutral,
-egA8-b7-3M$_$17,4.0,4.5,[0],"{""0"":-1.979047179222107}",,no_active,neutral,
-egA8-b7-3M$_$17,4.25,4.75,[0],"{""0"":-2.518120527267456}",,no_active,neutral,
-egA8-b7-3M$_$17,4.5,5.0,[0],"{""0"":-2.5857441425323486}",,no_active,neutral,
-egA8-b7-3M$_$17,4.75,5.25,[0],"{""0"":-2.5860776901245117}",,no_active,neutral,
-egA8-b7-3M$_$17,5.0,5.5,[0],"{""0"":-2.5279295444488525}",,no_active,neutral,
-egA8-b7-3M$_$17,5.25,5.75,[0],"{""0"":-2.460768938064575}",,no_active,neutral,
-egA8-b7-3M$_$17,5.5,6.0,[0],"{""0"":-1.9531854391098022}",,no_active,neutral,
-egA8-b7-3M$_$17,5.75,6.25,[0],"{""0"":-1.4007307291030884}",,no_active,neutral,
-egA8-b7-3M$_$17,6.0,6.5,[0],"{""0"":-1.7010549306869507}",,no_active,neutral,
-egA8-b7-3M$_$17,6.25,6.75,[0],"{""0"":-2.2505290508270264}",,no_active,neutral,
-egA8-b7-3M$_$17,6.5,7.0,[0],"{""0"":-2.6204793453216553}",,no_active,neutral,
-egA8-b7-3M$_$17,6.75,7.25,[0],"{""0"":-2.5716028213500977}",,no_active,neutral,
-egA8-b7-3M$_$17,7.0,7.266666666666667,[0],"{""0"":-2.3939634561538696}",,no_active,neutral,
-egA8-b7-3M$_$17,7.25,7.266666666666667,[0],"{""0"":null}",,no_active,neutral,
-egA8-b7-3M$_$18,0.0,0.5,[0],"{""0"":-2.658369302749634}",,no_active,neutral,
-egA8-b7-3M$_$18,0.25,0.75,[0],"{""0"":-2.485609292984009}",,no_active,neutral,
-egA8-b7-3M$_$18,0.5,1.0,[0],"{""0"":-2.279927968978882}",,no_active,neutral,
-egA8-b7-3M$_$18,0.75,1.25,[0],"{""0"":-2.008110761642456}",,no_active,neutral,
-egA8-b7-3M$_$18,1.0,1.5,[0],"{""0"":-2.135040760040283}",,no_active,neutral,
-egA8-b7-3M$_$18,1.25,1.75,[0],"{""0"":-2.57427978515625}",,no_active,neutral,
-egA8-b7-3M$_$18,1.5,2.0,[0],"{""0"":-2.422175168991089}",,no_active,neutral,
-egA8-b7-3M$_$18,1.75,2.25,[0],"{""0"":-1.9815881252288818}",,no_active,neutral,
-egA8-b7-3M$_$18,2.0,2.5,[0],"{""0"":-1.4047991037368774}",,no_active,neutral,
-egA8-b7-3M$_$18,2.25,2.75,[0],"{""0"":-1.0614526271820068}",,no_active,neutral,
-egA8-b7-3M$_$18,2.5,3.0,[0],"{""0"":-1.0474363565444946}",,no_active,neutral,
-egA8-b7-3M$_$18,2.75,3.25,[0],"{""0"":-1.3295451402664185}",,no_active,neutral,
-egA8-b7-3M$_$18,3.0,3.5,[0],"{""0"":-1.904951572418213}",,no_active,neutral,
-egA8-b7-3M$_$18,3.25,3.75,[0],"{""0"":-2.322725534439087}",,no_active,neutral,
-egA8-b7-3M$_$18,3.5,4.0,[0],"{""0"":-2.492511034011841}",,no_active,neutral,
-egA8-b7-3M$_$18,3.75,4.25,[0],"{""0"":-2.5265694856643677}",,no_active,neutral,
-egA8-b7-3M$_$18,4.0,4.5,[0],"{""0"":-2.394536256790161}",,no_active,neutral,
-egA8-b7-3M$_$18,4.25,4.75,[0],"{""0"":-2.4226698875427246}",,no_active,neutral,
-egA8-b7-3M$_$18,4.5,5.0,[0],"{""0"":-2.4367291927337646}",,no_active,neutral,
-egA8-b7-3M$_$18,4.75,5.25,[0],"{""0"":-2.041441798210144}",,no_active,neutral,
-egA8-b7-3M$_$18,5.0,5.5,[0],"{""0"":-1.90156090259552}",,no_active,neutral,
-egA8-b7-3M$_$18,5.25,5.75,[0],"{""0"":-1.8049646615982056}",,no_active,neutral,
-egA8-b7-3M$_$18,5.5,6.0,[0],"{""0"":-1.7511414289474487}",,no_active,neutral,
-egA8-b7-3M$_$18,5.75,6.25,[0],"{""0"":-2.0288164615631104}",,no_active,neutral,
-egA8-b7-3M$_$18,6.0,6.5,[0],"{""0"":-2.1379382610321045}",,no_active,neutral,
-egA8-b7-3M$_$18,6.25,6.75,[0],"{""0"":-1.7620162963867188}",,no_active,neutral,
-egA8-b7-3M$_$18,6.5,7.0,[0],"{""0"":-1.7620162963867188}",,no_active,neutral,
-egA8-b7-3M$_$18,6.75,7.25,[0],"{""0"":-1.6919597387313843}",,no_active,neutral,
-egA8-b7-3M$_$18,7.0,7.5,[0],"{""0"":-1.707468867301941}",,no_active,neutral,
-egA8-b7-3M$_$18,7.25,7.75,[0],"{""0"":-1.8219537734985352}",,no_active,neutral,
-egA8-b7-3M$_$18,7.5,8.0,[0],"{""0"":-1.9005194902420044}",,no_active,neutral,
-egA8-b7-3M$_$18,7.75,8.25,[0],"{""0"":-2.4419243335723877}",,no_active,neutral,
-egA8-b7-3M$_$18,8.0,8.366666666666667,[0],"{""0"":-2.383261561393738}",,no_active,neutral,
-egA8-b7-3M$_$18,8.25,8.366666666666667,[0],"{""0"":null}",,no_active,neutral,
-egA8-b7-3M$_$20,0.0,0.5,[0],"{""0"":-2.6331140995025635}",,no_active,neutral,
-egA8-b7-3M$_$20,0.25,0.75,[0],"{""0"":-2.5970704555511475}",,no_active,neutral,
-egA8-b7-3M$_$20,0.5,1.0,[0],"{""0"":-2.351271390914917}",,no_active,neutral,
-egA8-b7-3M$_$20,0.75,1.25,[0],"{""0"":-2.219999670982361}",,no_active,neutral,
-egA8-b7-3M$_$20,1.0,1.5,[0],"{""0"":-2.1722981929779053}",,no_active,neutral,
-egA8-b7-3M$_$20,1.25,1.75,[0],"{""0"":-2.4790122509002686}",,no_active,neutral,
-egA8-b7-3M$_$20,1.5,2.0,[0],"{""0"":-2.527446746826172}",,no_active,neutral,
-egA8-b7-3M$_$20,1.75,2.25,[0],"{""0"":-2.453119397163391}",,no_active,neutral,
-egA8-b7-3M$_$20,2.0,2.5,[0],"{""0"":-2.391993284225464}",,no_active,neutral,
-egA8-b7-3M$_$20,2.25,2.75,[0],"{""0"":-2.2358558177948}",,no_active,neutral,
-egA8-b7-3M$_$20,2.5,3.0,[0],"{""0"":-2.1950559616088867}",,no_active,neutral,
-egA8-b7-3M$_$20,2.75,3.25,[0],"{""0"":-2.0133397579193115}",,no_active,neutral,
-egA8-b7-3M$_$20,3.0,3.5,[0],"{""0"":-2.2463018894195557}",,no_active,neutral,
-egA8-b7-3M$_$20,3.25,3.75,[0],"{""0"":-2.950777053833008}",,no_active,neutral,
-egA8-b7-3M$_$20,3.5,4.0,[0],"{""0"":-2.745347738265991}",,no_active,neutral,
-egA8-b7-3M$_$20,3.75,4.25,[0],"{""0"":-2.228406071662903}",,no_active,neutral,
-egA8-b7-3M$_$20,4.0,4.5,[0],"{""0"":-2.232696294784546}",,no_active,neutral,
-egA8-b7-3M$_$20,4.25,4.75,[0],"{""0"":-2.232696294784546}",,no_active,neutral,
-egA8-b7-3M$_$20,4.5,5.0,[0],"{""0"":-2.110325574874878}",,no_active,neutral,
-egA8-b7-3M$_$20,4.75,5.25,[0],"{""0"":-2.0862643718719482}",,no_active,neutral,
-egA8-b7-3M$_$20,5.0,5.5,[0],"{""0"":-2.0760867595672607}",,no_active,neutral,
-egA8-b7-3M$_$20,5.25,5.75,[0],"{""0"":-2.0760867595672607}",,no_active,neutral,
-egA8-b7-3M$_$20,5.5,6.0,[0],"{""0"":-2.1287882328033447}",,no_active,neutral,
-egA8-b7-3M$_$20,5.75,6.25,[0],"{""0"":-2.4084315299987793}",,no_active,neutral,
-egA8-b7-3M$_$20,6.0,6.5,[0],"{""0"":-2.98153018951416}",,no_active,neutral,
-egA8-b7-3M$_$20,6.25,6.633333333333333,[0],"{""0"":-2.9499404430389404}",,no_active,neutral,
-egA8-b7-3M$_$20,6.5,6.633333333333333,[0],"{""0"":null}",,no_active,neutral,
-egA8-b7-3M$_$26,0.0,0.5,[0],"{""0"":-1.9186185598373413}",,no_active,neutral,
-egA8-b7-3M$_$26,0.25,0.75,[0],"{""0"":-1.9123402833938599}",,no_active,neutral,
-egA8-b7-3M$_$26,0.5,1.0,[0],"{""0"":-1.8435769081115723}",,no_active,neutral,
-egA8-b7-3M$_$26,0.75,1.25,[0],"{""0"":-2.114781618118286}",,no_active,neutral,
-egA8-b7-3M$_$26,1.0,1.5,[0],"{""0"":-2.2181262969970703}",,no_active,neutral,
-egA8-b7-3M$_$26,1.25,1.75,[0],"{""0"":-2.161837339401245}",,no_active,neutral,
-egA8-b7-3M$_$26,1.5,2.0,[0],"{""0"":-2.132347583770752}",,no_active,neutral,
-egA8-b7-3M$_$26,1.75,2.25,[0],"{""0"":-2.2672847509384155}",,no_active,neutral,
-egA8-b7-3M$_$26,2.0,2.5,[0],"{""0"":-2.287966728210449}",,no_active,neutral,
-egA8-b7-3M$_$26,2.25,2.75,[0],"{""0"":-2.3469955921173096}",,no_active,neutral,
-egA8-b7-3M$_$26,2.5,3.0,[0],"{""0"":-2.480292797088623}",,no_active,neutral,
-egA8-b7-3M$_$26,2.75,3.25,[0],"{""0"":-1.9635397791862488}",,no_active,neutral,
-egA8-b7-3M$_$26,3.0,3.5,[0],"{""0"":-1.7422595024108887}",,no_active,neutral,
-egA8-b7-3M$_$26,3.25,3.75,[0],"{""0"":-1.7397960424423218}",,no_active,neutral,
-egA8-b7-3M$_$26,3.5,4.0,[0],"{""0"":-1.7514458894729614}",,no_active,neutral,
-egA8-b7-3M$_$26,3.75,4.25,[0],"{""0"":-1.8529832363128662}",,no_active,neutral,
-egA8-b7-3M$_$26,4.0,4.5,[0],"{""0"":-2.323892831802368}",,no_active,neutral,
-egA8-b7-3M$_$26,4.25,4.75,[0],"{""0"":-2.508502721786499}",,no_active,neutral,
-egA8-b7-3M$_$26,4.5,5.0,[0],"{""0"":-2.508502721786499}",,no_active,neutral,
-egA8-b7-3M$_$26,4.75,5.25,[0],"{""0"":-2.3490982055664062}",,no_active,neutral,
-egA8-b7-3M$_$26,5.0,5.5,[0],"{""0"":-2.4994118213653564}",,no_active,neutral,
-egA8-b7-3M$_$26,5.25,5.75,[0],"{""0"":-3.116572380065918}",,no_active,neutral,
-egA8-b7-3M$_$26,5.5,6.0,[0],"{""0"":-3.1286120414733887}",,no_active,neutral,
-egA8-b7-3M$_$26,5.75,6.0,[0],"{""0"":-3.0842056274414062}",,no_active,neutral,
-egA8-b7-3M$_$6,0.0,0.5,[0],"{""0"":-2.1890804767608643}",,no_active,neutral,
-egA8-b7-3M$_$6,0.25,0.75,[0],"{""0"":-2.003713846206665}",,no_active,neutral,
-egA8-b7-3M$_$6,0.5,1.0,[0],"{""0"":-1.868563175201416}",,no_active,neutral,
-egA8-b7-3M$_$6,0.75,1.25,[0],"{""0"":-1.876366913318634}",,no_active,neutral,
-egA8-b7-3M$_$6,1.0,1.5,[0],"{""0"":-1.7591296434402466}",,no_active,neutral,
-egA8-b7-3M$_$6,1.25,1.75,[0],"{""0"":-1.7071455717086792}",,no_active,neutral,
-egA8-b7-3M$_$6,1.5,2.0,[0],"{""0"":-1.3965667486190796}",,no_active,neutral,
-egA8-b7-3M$_$6,1.75,2.25,[0],"{""0"":-0.954713374376297}",,no_active,neutral,
-egA8-b7-3M$_$6,2.0,2.5,[0],"{""0"":-0.8474252820014954}",,no_active,neutral,
-egA8-b7-3M$_$6,2.25,2.75,[0],"{""0"":-1.0203440189361572}",,no_active,neutral,
-egA8-b7-3M$_$6,2.5,3.0,[0],"{""0"":-1.278266191482544}",,no_active,neutral,
-egA8-b7-3M$_$6,2.75,3.25,[0],"{""0"":-1.7443814277648926}",,no_active,neutral,
-egA8-b7-3M$_$6,3.0,3.5,[0],"{""0"":-1.7871657609939575}",,no_active,neutral,
-egA8-b7-3M$_$6,3.25,3.75,[0],"{""0"":-1.299444317817688}",,no_active,neutral,
-egA8-b7-3M$_$6,3.5,4.0,[0],"{""0"":-0.8803669810295105}",,no_active,neutral,
-egA8-b7-3M$_$6,3.75,4.25,[0],"{""0"":-0.8614201545715332}",,no_active,neutral,
-egA8-b7-3M$_$6,4.0,4.5,[0],"{""0"":-1.8077853918075562}",,no_active,neutral,
-egA8-b7-3M$_$6,4.25,4.75,[0],"{""0"":-1.996805191040039}",,no_active,neutral,
-egA8-b7-3M$_$6,4.5,5.0,[0],"{""0"":-1.7827578783035278}",,no_active,neutral,
-egA8-b7-3M$_$6,4.75,5.25,[0],"{""0"":-1.5963945984840393}",,no_active,neutral,
-egA8-b7-3M$_$6,5.0,5.5,[0],"{""0"":-2.1778130531311035}",,no_active,neutral,
-egA8-b7-3M$_$6,5.25,5.75,[0],"{""0"":-2.4872617721557617}",,no_active,neutral,
-egA8-b7-3M$_$6,5.5,6.0,[0],"{""0"":-2.5946810245513916}",,no_active,neutral,
-egA8-b7-3M$_$6,5.75,6.233333333333333,[0],"{""0"":-2.5802767276763916}",,no_active,neutral,
-egA8-b7-3M$_$6,6.0,6.233333333333333,[0],"{""0"":-2.438351035118103}",,no_active,neutral,
-egA8-b7-3M$_$9,0.0,0.5,[0],"{""0"":-2.5138394832611084}",,no_active,neutral,
-egA8-b7-3M$_$9,0.25,0.75,[0],"{""0"":-2.439865827560425}",,no_active,neutral,
-egA8-b7-3M$_$9,0.5,1.0,[0],"{""0"":-2.413935661315918}",,no_active,neutral,
-egA8-b7-3M$_$9,0.75,1.25,[0],"{""0"":-2.0665725469589233}",,no_active,neutral,
-egA8-b7-3M$_$9,1.0,1.5,[0],"{""0"":-1.8070038557052612}",,no_active,neutral,
-egA8-b7-3M$_$9,1.25,1.75,[0],"{""0"":-1.822279453277588}",,no_active,neutral,
-egA8-b7-3M$_$9,1.5,2.0,[0],"{""0"":-2.003146171569824}",,no_active,neutral,
-egA8-b7-3M$_$9,1.75,2.25,[0],"{""0"":-1.9722399711608887}",,no_active,neutral,
-egA8-b7-3M$_$9,2.0,2.5,[0],"{""0"":-2.0449140071868896}",,no_active,neutral,
-egA8-b7-3M$_$9,2.25,2.75,[0],"{""0"":-2.415907621383667}",,no_active,neutral,
-egA8-b7-3M$_$9,2.5,3.0,[0],"{""0"":-2.3326499462127686}",,no_active,neutral,
-egA8-b7-3M$_$9,2.75,3.25,[0],"{""0"":-2.2291566133499146}",,no_active,neutral,
-egA8-b7-3M$_$9,3.0,3.5,[0],"{""0"":-2.259587287902832}",,no_active,neutral,
-egA8-b7-3M$_$9,3.25,3.75,[0],"{""0"":-2.387144088745117}",,no_active,neutral,
-egA8-b7-3M$_$9,3.5,4.0,[0],"{""0"":-2.5449411869049072}",,no_active,neutral,
-egA8-b7-3M$_$9,3.75,4.25,[0],"{""0"":-2.525992751121521}",,no_active,neutral,
-egA8-b7-3M$_$9,4.0,4.5,[0],"{""0"":-2.768278121948242}",,no_active,neutral,
-egA8-b7-3M$_$9,4.25,4.75,[0],"{""0"":-3.3582868576049805}",,no_active,neutral,
-egA8-b7-3M$_$9,4.5,5.0,[0],"{""0"":-3.3803870677948}",,no_active,neutral,
-egA8-b7-3M$_$9,4.75,5.066666666666666,[0],"{""0"":-3.2583866119384766}",,no_active,neutral,
-egA8-b7-3M$_$9,5.0,5.066666666666666,[0],"{""0"":null}",,no_active,neutral,
-hnBHBN8p5A$_$6,0.0,0.5,[0],"{""0"":-2.5957794189453125}",,no_active,neutral,
-hnBHBN8p5A$_$6,0.25,0.75,[0],"{""0"":-2.2619500160217285}",,no_active,neutral,
-hnBHBN8p5A$_$6,0.5,1.0,[0],"{""0"":-1.6945488452911377}",,no_active,neutral,
-hnBHBN8p5A$_$6,0.75,1.25,[0],"{""0"":null}",,no_active,neutral,
-hnBHBN8p5A$_$6,1.0,1.5,[0],"{""0"":-2.1655356884002686}",,no_active,neutral,
-hnBHBN8p5A$_$6,1.25,1.75,[0],"{""0"":-1.8073159456253052}",,no_active,neutral,
-hnBHBN8p5A$_$6,1.5,2.0,[0],"{""0"":-2.1414709091186523}",,no_active,neutral,
-hnBHBN8p5A$_$6,1.75,2.25,[0],"{""0"":-2.5066890716552734}",,no_active,neutral,
-hnBHBN8p5A$_$6,2.0,2.5,[0],"{""0"":-2.9499045610427856}",,no_active,neutral,
-hnBHBN8p5A$_$6,2.25,2.75,[0],"{""0"":-3.2883012294769287}",,no_active,neutral,
-hnBHBN8p5A$_$6,2.5,3.0,[0],"{""0"":-3.417416572570801}",,no_active,neutral,
-hnBHBN8p5A$_$6,2.75,3.25,[0],"{""0"":-3.428725004196167}",,no_active,neutral,
-hnBHBN8p5A$_$6,3.0,3.5,[0],"{""0"":-3.1577930450439453}",,no_active,neutral,
-hnBHBN8p5A$_$6,3.25,3.75,"[0,1]","{""0"":-2.80531907081604,""1"":-0.8708023726940155}",,no_active,neutral,
-hnBHBN8p5A$_$6,3.5,4.0,[1],"{""1"":-0.8591632843017578}",,no_active,neutral,
-hnBHBN8p5A$_$6,3.75,4.25,[1],"{""1"":-0.9609308242797852}",,no_active,neutral,
-hnBHBN8p5A$_$6,4.0,4.5,"[1,2]","{""1"":-1.4111689329147339,""2"":-1.2318548560142517}",,no_active,neutral,
-hnBHBN8p5A$_$6,4.25,4.75,[2],"{""2"":-1.2318548560142517}",,no_active,neutral,
-hnBHBN8p5A$_$6,4.5,5.0,[2],"{""2"":-1.1663812398910522}",,no_active,neutral,
-hnBHBN8p5A$_$6,4.75,5.25,[],{},,missing,neutral,
-hnBHBN8p5A$_$6,5.0,5.5,[],{},,missing,neutral,
-hnBHBN8p5A$_$6,5.25,5.75,[],{},,missing,neutral,
-hnBHBN8p5A$_$6,5.5,6.0,[],{},,missing,neutral,
-hnBHBN8p5A$_$6,5.75,6.25,[3],"{""3"":null}",,no_active,neutral,
-hnBHBN8p5A$_$6,6.0,6.381377777777778,[3],"{""3"":null}",,no_active,neutral,
-hnBHBN8p5A$_$6,6.25,6.381377777777778,[],{},,missing,neutral,
-hnBHBN8p5A$_$7,0.0,0.5,[0],"{""0"":-1.4335330724716187}",,no_active,neutral,
-hnBHBN8p5A$_$7,0.25,0.75,"[0,1]","{""0"":null,""1"":-1.6834229230880737}",,no_active,neutral,
-hnBHBN8p5A$_$7,0.5,1.0,[1],"{""1"":-1.678762435913086}",,no_active,neutral,
-hnBHBN8p5A$_$7,0.75,1.25,"[1,3]","{""1"":-1.5695761442184448,""3"":-1.0625774264335632}",,no_active,neutral,
-hnBHBN8p5A$_$7,1.0,1.5,[3],"{""3"":-1.0923015475273132}",,no_active,neutral,
-hnBHBN8p5A$_$7,1.25,1.75,[3],"{""3"":-1.7256861925125122}",,no_active,neutral,
-hnBHBN8p5A$_$7,1.5,2.0,[3],"{""3"":-1.8522887229919434}",,no_active,neutral,
-hnBHBN8p5A$_$7,1.75,2.25,[3],"{""3"":-1.919592022895813}",,no_active,neutral,
-hnBHBN8p5A$_$7,2.0,2.5,[],{},,missing,neutral,
-hnBHBN8p5A$_$7,2.25,2.75,[],{},,missing,neutral,
-hnBHBN8p5A$_$7,2.5,3.0,[],{},,missing,neutral,
-hnBHBN8p5A$_$7,2.75,3.25,[],{},,missing,neutral,
-hnBHBN8p5A$_$7,3.0,3.5,[1],"{""1"":-0.7516589760780334}",,no_active,neutral,
-hnBHBN8p5A$_$7,3.25,3.75,[1],"{""1"":-2.146817207336426}",,no_active,neutral,
-hnBHBN8p5A$_$7,3.5,4.0,[1],"{""1"":-2.253731608390808}",,no_active,neutral,
-hnBHBN8p5A$_$7,3.75,4.25,[1],"{""1"":-2.5099833011627197}",,no_active,neutral,
-hnBHBN8p5A$_$7,4.0,4.5,[1],"{""1"":-2.4920833110809326}",,no_active,neutral,
-hnBHBN8p5A$_$7,4.25,4.75,[1],"{""1"":-2.302029252052307}",,no_active,neutral,
-hnBHBN8p5A$_$7,4.5,5.0,[1],"{""1"":-2.3675267696380615}",,no_active,neutral,
-hnBHBN8p5A$_$7,4.75,5.25,[1],"{""1"":-2.405588388442993}",,no_active,neutral,
-hnBHBN8p5A$_$7,5.0,5.5,"[1,2]","{""1"":null,""2"":null}",,no_active,neutral,
-hnBHBN8p5A$_$7,5.25,5.75,[2],"{""2"":null}",,no_active,neutral,
-hnBHBN8p5A$_$7,5.5,6.0,[1],"{""1"":-2.419032573699951}",,no_active,neutral,
-hnBHBN8p5A$_$7,5.75,6.25,[1],"{""1"":-2.6856186389923096}",,no_active,neutral,
-hnBHBN8p5A$_$7,6.0,6.5,[1],"{""1"":-3.052750825881958}",,no_active,neutral,
-hnBHBN8p5A$_$7,6.25,6.75,[1],"{""1"":-3.127004384994507}",,no_active,neutral,
-hnBHBN8p5A$_$7,6.5,7.0,[1],"{""1"":-2.498482823371887}",,no_active,neutral,
-hnBHBN8p5A$_$7,6.75,7.25,[1],"{""1"":-1.6441311836242676}",,no_active,neutral,
-hnBHBN8p5A$_$7,7.0,7.3406666666666665,[1],"{""1"":-1.2036329507827759}",,no_active,neutral,
-hnBHBN8p5A$_$7,7.25,7.3406666666666665,[1],"{""1"":-1.0019503831863403}",,no_active,neutral,
-iRBcNs9oI8$_$3,0.0,0.5,[0],"{""0"":-0.07059141993522644}",,no_active,neutral,
-iRBcNs9oI8$_$3,0.25,0.75,[0],"{""0"":0.9380755424499512}",0,verified,support,
-iRBcNs9oI8$_$3,0.5,1.0,[0],"{""0"":1.1825098991394043}",0,verified,support,
-iRBcNs9oI8$_$3,0.75,1.25,[0],"{""0"":0.3663434088230133}",0,verified,support,
-iRBcNs9oI8$_$3,1.0,1.5,[0],"{""0"":0.036412209272384644}",0,verified,support,
-iRBcNs9oI8$_$3,1.25,1.75,[0],"{""0"":-0.53920578956604}",,no_active,neutral,
-iRBcNs9oI8$_$3,1.5,2.0,[0],"{""0"":-0.6507302522659302}",,no_active,neutral,
-iRBcNs9oI8$_$3,1.75,2.25,[0],"{""0"":0.309675469994545}",0,verified,support,
-iRBcNs9oI8$_$3,2.0,2.5,[0],"{""0"":0.39699065685272217}",0,verified,support,
-iRBcNs9oI8$_$3,2.25,2.75,[0],"{""0"":-0.6221461296081543}",,no_active,neutral,
-iRBcNs9oI8$_$3,2.5,3.0,[0],"{""0"":-0.9243065714836121}",,no_active,neutral,
-iRBcNs9oI8$_$3,2.75,3.25,[0],"{""0"":-0.8998377323150635}",,no_active,neutral,
-iRBcNs9oI8$_$3,3.0,3.5,[0],"{""0"":-0.6091743111610413}",,no_active,neutral,
-iRBcNs9oI8$_$3,3.25,3.75,[0],"{""0"":-0.20320236682891846}",,no_active,neutral,
-iRBcNs9oI8$_$3,3.5,4.0,[0],"{""0"":-0.2798689305782318}",,no_active,neutral,
-iRBcNs9oI8$_$3,3.75,4.25,[0],"{""0"":0.021104933694005013}",0,verified,support,
-iRBcNs9oI8$_$3,4.0,4.5,[0],"{""0"":0.23192261159420013}",0,verified,support,
-iRBcNs9oI8$_$3,4.25,4.75,[0],"{""0"":0.28367042541503906}",0,verified,support,
-iRBcNs9oI8$_$3,4.5,5.0,[0],"{""0"":0.2628450393676758}",0,verified,support,
-iRBcNs9oI8$_$3,4.75,5.25,[0],"{""0"":0.46396517753601074}",0,verified,support,
-iRBcNs9oI8$_$3,5.0,5.5,[0],"{""0"":0.3844520151615143}",0,verified,support,
-iRBcNs9oI8$_$3,5.25,5.605600000000001,[0],"{""0"":0.018710661679506302}",0,verified,support,
-iRBcNs9oI8$_$3,5.5,5.605600000000001,[0],"{""0"":-0.21189574897289276}",,no_active,neutral,
-iRBcNs9oI8$_$6,0.0,0.5,[0],"{""0"":0.7474146485328674}",0,verified,support,
-iRBcNs9oI8$_$6,0.25,0.75,[0],"{""0"":0.8695290684700012}",0,verified,support,
-iRBcNs9oI8$_$6,0.5,1.0,[0],"{""0"":0.42337581515312195}",0,verified,support,
-iRBcNs9oI8$_$6,0.75,1.25,[0],"{""0"":0.2296847179532051}",0,verified,support,
-iRBcNs9oI8$_$6,1.0,1.5,[0],"{""0"":0.4966367483139038}",0,verified,support,
-iRBcNs9oI8$_$6,1.25,1.75,[0],"{""0"":0.7797942161560059}",0,verified,support,
-iRBcNs9oI8$_$6,1.5,2.0,[0],"{""0"":0.5565969944000244}",0,verified,support,
-iRBcNs9oI8$_$6,1.75,2.25,[0],"{""0"":0.3089365214109421}",0,verified,support,
-iRBcNs9oI8$_$6,2.0,2.5,[0],"{""0"":0.2325039952993393}",0,verified,support,
-iRBcNs9oI8$_$6,2.25,2.75,[0],"{""0"":-0.0997425988316536}",,no_active,neutral,
-iRBcNs9oI8$_$6,2.5,2.8695333333333335,[0],"{""0"":-0.1482919678092003}",,no_active,neutral,
-iRBcNs9oI8$_$6,2.75,2.8695333333333335,[0],"{""0"":-0.2736617773771286}",,no_active,neutral,
-iRBcNs9oI8$_$7,0.0,0.5,[0],"{""0"":0.023426184430718422}",0,verified,conflict,talknet_av_sync_conflict
-iRBcNs9oI8$_$7,0.25,0.75,[0],"{""0"":0.06285271793603897}",0,verified,conflict,talknet_av_sync_conflict
-iRBcNs9oI8$_$7,0.5,1.0,[0],"{""0"":0.06959071010351181}",0,verified,conflict,talknet_av_sync_conflict
-iRBcNs9oI8$_$7,0.75,1.25,[0],"{""0"":0.20545551180839539}",0,verified,conflict,talknet_av_sync_conflict
-iRBcNs9oI8$_$7,1.0,1.5,[0],"{""0"":0.21764998137950897}",0,verified,conflict,talknet_av_sync_conflict
-iRBcNs9oI8$_$7,1.25,1.75,[0],"{""0"":0.03583366796374321}",0,verified,conflict,talknet_av_sync_conflict
-iRBcNs9oI8$_$7,1.5,2.0,[0],"{""0"":-0.035706911236047745}",,no_active,neutral,
-iRBcNs9oI8$_$7,1.75,2.25,[0],"{""0"":-0.23447340726852417}",,no_active,neutral,
-iRBcNs9oI8$_$7,2.0,2.5,[0],"{""0"":-0.24514766037464142}",,no_active,neutral,
-iRBcNs9oI8$_$7,2.25,2.75,[0],"{""0"":0.11611983925104141}",0,verified,conflict,talknet_av_sync_conflict
-iRBcNs9oI8$_$7,2.5,3.0,[0],"{""0"":0.06814662367105484}",0,verified,conflict,talknet_av_sync_conflict
-iRBcNs9oI8$_$7,2.75,3.25,[0],"{""0"":0.17740270867943764}",0,verified,conflict,talknet_av_sync_conflict
-iRBcNs9oI8$_$7,3.0,3.5,[0],"{""0"":0.38522088527679443}",0,verified,conflict,talknet_av_sync_conflict
-iRBcNs9oI8$_$7,3.25,3.75,[0],"{""0"":0.4800165891647339}",0,verified,conflict,talknet_av_sync_conflict
-iRBcNs9oI8$_$7,3.5,4.0,[0],"{""0"":0.8117868900299072}",0,verified,conflict,talknet_av_sync_conflict
-iRBcNs9oI8$_$7,3.75,4.070733333333334,[0],"{""0"":0.6333140730857849}",0,verified,conflict,talknet_av_sync_conflict
-iRBcNs9oI8$_$7,4.0,4.070733333333334,[0],"{""0"":null}",,no_active,neutral,
-iRBcNs9oI8$_$8,0.0,0.5,[0],"{""0"":0.4518756568431854}",0,verified,support,
-iRBcNs9oI8$_$8,0.25,0.75,[0],"{""0"":0.5518640875816345}",0,verified,support,
-iRBcNs9oI8$_$8,0.5,1.0,[0],"{""0"":0.7515885829925537}",0,verified,support,
-iRBcNs9oI8$_$8,0.75,1.25,[0],"{""0"":0.6911441683769226}",0,verified,support,
-iRBcNs9oI8$_$8,1.0,1.5,[0],"{""0"":0.5935656428337097}",0,verified,support,
-iRBcNs9oI8$_$8,1.25,1.75,[0],"{""0"":0.5827231407165527}",0,verified,support,
-iRBcNs9oI8$_$8,1.5,2.0,[0],"{""0"":0.5561150908470154}",0,verified,support,
-iRBcNs9oI8$_$8,1.75,2.25,[0],"{""0"":0.3359987735748291}",0,verified,support,
-iRBcNs9oI8$_$8,2.0,2.5,[0],"{""0"":-0.0011137922992929816}",,no_active,neutral,
-iRBcNs9oI8$_$8,2.25,2.75,[0],"{""0"":-0.1369026154279709}",,no_active,neutral,
-iRBcNs9oI8$_$8,2.5,3.0,[0],"{""0"":-0.4166082441806793}",,no_active,neutral,
-iRBcNs9oI8$_$8,2.75,3.25,[0],"{""0"":-0.9974701404571533}",,no_active,neutral,
-iRBcNs9oI8$_$8,3.0,3.5,[0],"{""0"":-1.005873203277588}",,no_active,neutral,
-iRBcNs9oI8$_$8,3.25,3.75,[0],"{""0"":-0.9671862125396729}",,no_active,neutral,
-iRBcNs9oI8$_$8,3.5,4.0,[0],"{""0"":-0.9194703698158264}",,no_active,neutral,
-iRBcNs9oI8$_$8,3.75,4.25,[0],"{""0"":0.12058326601982117}",0,verified,support,
-iRBcNs9oI8$_$8,4.0,4.5,[0],"{""0"":0.6320183873176575}",0,verified,support,
-iRBcNs9oI8$_$8,4.25,4.75,[0],"{""0"":0.6622040867805481}",0,verified,support,
-iRBcNs9oI8$_$8,4.5,5.0,[0],"{""0"":1.129830002784729}",0,verified,support,
-iRBcNs9oI8$_$8,4.75,5.25,[0],"{""0"":1.006395697593689}",0,verified,support,
-iRBcNs9oI8$_$8,5.0,5.5,[0],"{""0"":1.0628193616867065}",0,verified,support,
-iRBcNs9oI8$_$8,5.25,5.75,[0],"{""0"":1.3405200242996216}",0,verified,support,
-iRBcNs9oI8$_$8,5.5,6.0,[0],"{""0"":0.953090250492096}",0,verified,support,
-iRBcNs9oI8$_$8,5.75,6.25,[0],"{""0"":0.09437759406864643}",0,verified,support,
-iRBcNs9oI8$_$8,6.0,6.5,[0],"{""0"":0.02639058232307434}",0,verified,support,
-iRBcNs9oI8$_$8,6.25,6.75,[0],"{""0"":0.11214884370565414}",0,verified,support,
-iRBcNs9oI8$_$8,6.5,7.0,[0],"{""0"":0.05259917303919792}",0,verified,support,
-iRBcNs9oI8$_$8,6.75,7.25,[0],"{""0"":-0.08551190886646509}",,no_active,neutral,
-iRBcNs9oI8$_$8,7.0,7.5,[0],"{""0"":-0.10445183515548706}",,no_active,neutral,
-iRBcNs9oI8$_$8,7.25,7.75,[0],"{""0"":-0.14273516833782196}",,no_active,neutral,
-iRBcNs9oI8$_$8,7.5,8.0,[0],"{""0"":-0.40736328065395355}",,no_active,neutral,
-iRBcNs9oI8$_$8,7.75,8.074733333333334,[0],"{""0"":-0.7087780237197876}",,no_active,neutral,
-iRBcNs9oI8$_$8,8.0,8.074733333333334,[0],"{""0"":null}",,no_active,neutral,
-iRBcNs9oI8$_$9,0.0,0.5,[0],"{""0"":-1.6516681909561157}",,no_active,neutral,
-iRBcNs9oI8$_$9,0.25,0.75,[0],"{""0"":-1.6516681909561157}",,no_active,neutral,
-iRBcNs9oI8$_$9,0.5,1.0,[0],"{""0"":null}",,no_active,neutral,
-iRBcNs9oI8$_$9,0.75,1.25,[],{},,missing,neutral,
-iRBcNs9oI8$_$9,1.0,1.5,[],{},,missing,neutral,
-iRBcNs9oI8$_$9,1.25,1.75,[0],"{""0"":-0.050685252994298935}",,no_active,neutral,
-iRBcNs9oI8$_$9,1.5,2.0,[0],"{""0"":-0.30956152081489563}",,no_active,neutral,
-iRBcNs9oI8$_$9,1.75,2.25,[0],"{""0"":-0.39538972079753876}",,no_active,neutral,
-iRBcNs9oI8$_$9,2.0,2.5,[0],"{""0"":-0.5035203397274017}",,no_active,neutral,
-iRBcNs9oI8$_$9,2.25,2.75,[0],"{""0"":-0.6723566055297852}",,no_active,neutral,
-iRBcNs9oI8$_$9,2.5,3.0,[0],"{""0"":-1.061047077178955}",,no_active,neutral,
-iRBcNs9oI8$_$9,2.75,3.25,[0],"{""0"":-1.0745693445205688}",,no_active,neutral,
-iRBcNs9oI8$_$9,3.0,3.4034000000000004,[0],"{""0"":-1.0007970333099365}",,no_active,neutral,
-iRBcNs9oI8$_$9,3.25,3.4034000000000004,[0],"{""0"":-1.1045938432216644}",,no_active,neutral,
-lzEya4AM_4$_$5,0.0,0.5,[0],"{""0"":-0.1503114551305771}",,no_active,neutral,
-lzEya4AM_4$_$5,0.25,0.75,[0],"{""0"":-0.0648636445403099}",,no_active,neutral,
-lzEya4AM_4$_$5,0.5,1.0,[0],"{""0"":0.3336659371852875}",0,verified,conflict,talknet_av_sync_conflict
-lzEya4AM_4$_$5,0.75,1.25,[0],"{""0"":0.3135778605937958}",0,verified,conflict,talknet_av_sync_conflict
-lzEya4AM_4$_$5,1.0,1.5,[0],"{""0"":0.08151334524154663}",0,verified,conflict,talknet_av_sync_conflict
-lzEya4AM_4$_$5,1.25,1.75,[0],"{""0"":0.25008782744407654}",0,verified,conflict,talknet_av_sync_conflict
-lzEya4AM_4$_$5,1.5,2.0,[0],"{""0"":0.15811774134635925}",0,verified,conflict,talknet_av_sync_conflict
-lzEya4AM_4$_$5,1.75,2.25,[0],"{""0"":0.9523879885673523}",0,verified,conflict,talknet_av_sync_conflict
-lzEya4AM_4$_$5,2.0,2.5,[0],"{""0"":1.1578084230422974}",0,verified,conflict,talknet_av_sync_conflict
-lzEya4AM_4$_$5,2.25,2.75,[0],"{""0"":0.790013313293457}",0,verified,conflict,talknet_av_sync_conflict
-lzEya4AM_4$_$5,2.5,3.0,[0],"{""0"":0.5813204646110535}",0,verified,conflict,talknet_av_sync_conflict
-lzEya4AM_4$_$5,2.75,3.25,[0],"{""0"":-0.36504618637263775}",,no_active,neutral,
-lzEya4AM_4$_$5,3.0,3.5,[0],"{""0"":-1.1434942483901978}",,no_active,neutral,
-lzEya4AM_4$_$5,3.25,3.75,[0],"{""0"":-1.0942329168319702}",,no_active,neutral,
-lzEya4AM_4$_$5,3.5,4.0,[0],"{""0"":0.08471063524484634}",0,verified,conflict,talknet_av_sync_conflict
-lzEya4AM_4$_$5,3.75,4.25,[0],"{""0"":0.33318957686424255}",0,verified,conflict,talknet_av_sync_conflict
-lzEya4AM_4$_$5,4.0,4.5,[0],"{""0"":-0.7169931530952454}",,no_active,neutral,
-lzEya4AM_4$_$5,4.25,4.75,[0],"{""0"":-1.4245420694351196}",,no_active,neutral,
-lzEya4AM_4$_$5,4.5,5.0,[0],"{""0"":-1.2705364227294922}",,no_active,neutral,
-lzEya4AM_4$_$5,4.75,5.25,[0],"{""0"":0.0031571686267852783}",0,verified,conflict,talknet_av_sync_conflict
-lzEya4AM_4$_$5,5.0,5.5,[0],"{""0"":2.037578582763672}",0,verified,conflict,talknet_av_sync_conflict
-lzEya4AM_4$_$5,5.25,5.75,[0],"{""0"":2.157745122909546}",0,verified,conflict,talknet_av_sync_conflict
-lzEya4AM_4$_$5,5.5,6.0,[0],"{""0"":2.199270725250244}",0,verified,conflict,talknet_av_sync_conflict
-lzEya4AM_4$_$5,5.75,6.25,[0],"{""0"":1.731414556503296}",0,verified,conflict,talknet_av_sync_conflict
-lzEya4AM_4$_$5,6.0,6.5,[0],"{""0"":1.636755108833313}",0,verified,conflict,talknet_av_sync_conflict
-lzEya4AM_4$_$5,6.25,6.75,[0],"{""0"":2.4754412174224854}",0,verified,conflict,talknet_av_sync_conflict
-lzEya4AM_4$_$5,6.5,7.0,[0],"{""0"":2.445626974105835}",0,verified,conflict,talknet_av_sync_conflict
-lzEya4AM_4$_$5,6.75,7.25,[0],"{""0"":1.4671396017074585}",0,verified,conflict,talknet_av_sync_conflict
-lzEya4AM_4$_$5,7.0,7.5,[0],"{""0"":0.04101763293147087}",0,verified,conflict,talknet_av_sync_conflict
-lzEya4AM_4$_$5,7.25,7.666666666666666,[0],"{""0"":0.03741731867194176}",0,verified,conflict,talknet_av_sync_conflict
-lzEya4AM_4$_$5,7.5,7.666666666666666,[0],"{""0"":-0.287568636238575}",,no_active,neutral,
-lzEya4AM_4$_$6,0.0,0.5,[0],"{""0"":-1.869006633758545}",,no_active,neutral,
-lzEya4AM_4$_$6,0.25,0.75,[0],"{""0"":-1.4401878118515015}",,no_active,neutral,
-lzEya4AM_4$_$6,0.5,1.0,[0],"{""0"":-0.6246170997619629}",,no_active,neutral,
-lzEya4AM_4$_$6,0.75,1.25,[0],"{""0"":-0.695965439081192}",,no_active,neutral,
-lzEya4AM_4$_$6,1.0,1.5,[0],"{""0"":-0.7094188332557678}",,no_active,neutral,
-lzEya4AM_4$_$6,1.25,1.75,[0],"{""0"":-0.5405096411705017}",,no_active,neutral,
-lzEya4AM_4$_$6,1.5,2.0,[0],"{""0"":0.2060794085264206}",0,verified,support,
-lzEya4AM_4$_$6,1.75,2.25,[0],"{""0"":1.010973334312439}",0,verified,support,
-lzEya4AM_4$_$6,2.0,2.5,[0],"{""0"":0.06749006174504757}",0,verified,support,
-lzEya4AM_4$_$6,2.25,2.75,[0],"{""0"":-0.8293627500534058}",,no_active,neutral,
-lzEya4AM_4$_$6,2.5,3.0,[0],"{""0"":-0.6031922101974487}",,no_active,neutral,
-lzEya4AM_4$_$6,2.75,3.25,[0],"{""0"":-0.11667098850011826}",,no_active,neutral,
-lzEya4AM_4$_$6,3.0,3.5,[0],"{""0"":0.09952112659811974}",0,verified,support,
-lzEya4AM_4$_$6,3.25,3.75,[0],"{""0"":-0.10246496647596359}",,no_active,neutral,
-lzEya4AM_4$_$6,3.5,4.0,[0],"{""0"":-1.073522686958313}",,no_active,neutral,
-lzEya4AM_4$_$6,3.75,4.25,[0],"{""0"":-1.1435905694961548}",,no_active,neutral,
-lzEya4AM_4$_$6,4.0,4.5,[0],"{""0"":-0.7748231291770935}",,no_active,neutral,
-lzEya4AM_4$_$6,4.25,4.75,[0],"{""0"":0.630773052573204}",0,verified,support,
-lzEya4AM_4$_$6,4.5,5.0,[0],"{""0"":1.0450150966644287}",0,verified,support,
-lzEya4AM_4$_$6,4.75,5.25,[0],"{""0"":0.5092732310295105}",0,verified,support,
-lzEya4AM_4$_$6,5.0,5.5,[0],"{""0"":-0.9268031418323517}",,no_active,neutral,
-lzEya4AM_4$_$6,5.25,5.75,[0],"{""0"":-1.1091662049293518}",,no_active,neutral,
-lzEya4AM_4$_$6,5.5,6.0,[0],"{""0"":-0.8043026328086853}",,no_active,neutral,
-lzEya4AM_4$_$6,5.75,6.25,[0],"{""0"":0.11481348425149918}",0,verified,support,
-lzEya4AM_4$_$6,6.0,6.5,[0],"{""0"":0.13454895839095116}",0,verified,support,
-lzEya4AM_4$_$6,6.25,6.75,[0],"{""0"":-0.04090246185660362}",,no_active,neutral,
-lzEya4AM_4$_$6,6.5,7.0,[0],"{""0"":-0.10360485315322876}",,no_active,neutral,
-lzEya4AM_4$_$6,6.75,7.25,[0],"{""0"":-0.39629390835762024}",,no_active,neutral,
-lzEya4AM_4$_$6,7.0,7.5,[0],"{""0"":-0.5142430365085602}",,no_active,neutral,
-lzEya4AM_4$_$6,7.25,7.75,[0],"{""0"":-0.1397431530058384}",,no_active,neutral,
-lzEya4AM_4$_$6,7.5,8.0,[0],"{""0"":1.1464033126831055}",0,verified,support,
-lzEya4AM_4$_$6,7.75,8.25,[0],"{""0"":1.5282500982284546}",0,verified,support,
-lzEya4AM_4$_$6,8.0,8.5,[0],"{""0"":1.4909971356391907}",0,verified,support,
-lzEya4AM_4$_$6,8.25,8.75,[0],"{""0"":0.711296558380127}",0,verified,support,
-lzEya4AM_4$_$6,8.5,9.0,[0],"{""0"":0.9317535758018494}",0,verified,support,
-lzEya4AM_4$_$6,8.75,9.25,[0],"{""0"":0.8884994387626648}",0,verified,support,
-lzEya4AM_4$_$6,9.0,9.5,[0],"{""0"":-0.015176927670836449}",,no_active,neutral,
-lzEya4AM_4$_$6,9.25,9.75,[0],"{""0"":0.10260073468089104}",0,verified,support,
-lzEya4AM_4$_$6,9.5,10.0,[0],"{""0"":0.5406078696250916}",0,verified,support,
-lzEya4AM_4$_$6,9.75,10.25,[0],"{""0"":0.7146871089935303}",0,verified,support,
-lzEya4AM_4$_$6,10.0,10.5,[0],"{""0"":0.7401604354381561}",0,verified,support,
-lzEya4AM_4$_$6,10.25,10.75,[0],"{""0"":0.6349196434020996}",0,verified,support,
-lzEya4AM_4$_$6,10.5,11.0,[0],"{""0"":1.0118688344955444}",0,verified,support,
-lzEya4AM_4$_$6,10.75,11.25,[0],"{""0"":1.5307679176330566}",0,verified,support,
-lzEya4AM_4$_$6,11.0,11.5,[0],"{""0"":1.629190742969513}",0,verified,support,
-lzEya4AM_4$_$6,11.25,11.75,[0],"{""0"":0.273880310356617}",0,verified,support,
-lzEya4AM_4$_$6,11.5,12.0,[0],"{""0"":0.0271359384059906}",0,verified,support,
-lzEya4AM_4$_$6,11.75,12.25,[0],"{""0"":0.09146687388420105}",0,verified,support,
-lzEya4AM_4$_$6,12.0,12.5,[0],"{""0"":0.2869362235069275}",0,verified,support,
-lzEya4AM_4$_$6,12.25,12.75,[0],"{""0"":0.43926098942756653}",0,verified,support,
-lzEya4AM_4$_$6,12.5,13.0,[0],"{""0"":1.7577511072158813}",0,verified,support,
-lzEya4AM_4$_$6,12.75,13.25,[0],"{""0"":1.7882095575332642}",0,verified,support,
-lzEya4AM_4$_$6,13.0,13.5,[0],"{""0"":1.1265121102333069}",0,verified,support,
-lzEya4AM_4$_$6,13.25,13.75,[0],"{""0"":1.0600512027740479}",0,verified,support,
-lzEya4AM_4$_$6,13.5,14.0,[0],"{""0"":1.3063627481460571}",0,verified,support,
-lzEya4AM_4$_$6,13.75,14.25,[0],"{""0"":1.147507667541504}",0,verified,support,
-lzEya4AM_4$_$6,14.0,14.5,[0],"{""0"":0.030468933284282684}",0,verified,support,
-lzEya4AM_4$_$6,14.25,14.75,[0],"{""0"":-0.1319601573050022}",,no_active,neutral,
-lzEya4AM_4$_$6,14.5,14.766666666666666,[0],"{""0"":-1.829331874847412}",,no_active,neutral,
-lzEya4AM_4$_$6,14.75,14.766666666666666,[0],"{""0"":null}",,no_active,neutral,
-mJ2ud6oKI8$_$1,0.0,0.5,[],{},,missing,neutral,
-mJ2ud6oKI8$_$1,0.25,0.75,[],{},,missing,neutral,
-mJ2ud6oKI8$_$1,0.5,1.0,[],{},,missing,neutral,
-mJ2ud6oKI8$_$1,0.75,1.25,[],{},,missing,neutral,
-mJ2ud6oKI8$_$1,1.0,1.5,[],{},,missing,neutral,
-mJ2ud6oKI8$_$1,1.25,1.75,[],{},,missing,neutral,
-mJ2ud6oKI8$_$1,1.5,2.0,[],{},,missing,neutral,
-mJ2ud6oKI8$_$1,1.75,2.25,[],{},,missing,neutral,
-mJ2ud6oKI8$_$1,2.0,2.5,[],{},,missing,neutral,
-mJ2ud6oKI8$_$1,2.25,2.75,[],{},,missing,neutral,
-mJ2ud6oKI8$_$1,2.5,3.0,[],{},,missing,neutral,
-mJ2ud6oKI8$_$1,2.75,3.25,[],{},,missing,neutral,
-mJ2ud6oKI8$_$1,3.0,3.5,[],{},,missing,neutral,
-mJ2ud6oKI8$_$1,3.25,3.75,[],{},,missing,neutral,
-mJ2ud6oKI8$_$1,3.5,4.0,[],{},,missing,neutral,
-mJ2ud6oKI8$_$1,3.75,4.25,[],{},,missing,neutral,
-mJ2ud6oKI8$_$1,4.0,4.5,[],{},,missing,neutral,
-mJ2ud6oKI8$_$1,4.25,4.75,[],{},,missing,neutral,
-mJ2ud6oKI8$_$1,4.5,5.0,[],{},,missing,neutral,
-mJ2ud6oKI8$_$1,4.75,5.25,[],{},,missing,neutral,
-mJ2ud6oKI8$_$1,5.0,5.5,[],{},,missing,neutral,
-mJ2ud6oKI8$_$1,5.25,5.75,[],{},,missing,neutral,
-mJ2ud6oKI8$_$1,5.5,6.0,[],{},,missing,neutral,
-mJ2ud6oKI8$_$1,5.75,6.072733333333334,[],{},,missing,neutral,
-mJ2ud6oKI8$_$1,6.0,6.072733333333334,[],{},,missing,neutral,
-mJ2ud6oKI8$_$2,0.0,0.5,[],{},,missing,neutral,
-mJ2ud6oKI8$_$2,0.25,0.75,[],{},,missing,neutral,
-mJ2ud6oKI8$_$2,0.5,1.0,[],{},,missing,neutral,
-mJ2ud6oKI8$_$2,0.75,1.25,[],{},,missing,neutral,
-mJ2ud6oKI8$_$2,1.0,1.5,[],{},,missing,neutral,
-mJ2ud6oKI8$_$2,1.25,1.75,[],{},,missing,neutral,
-mJ2ud6oKI8$_$2,1.5,2.0,[],{},,missing,neutral,
-mJ2ud6oKI8$_$2,1.75,2.25,[],{},,missing,neutral,
-mJ2ud6oKI8$_$2,2.0,2.5,[],{},,missing,neutral,
-mJ2ud6oKI8$_$2,2.25,2.75,[],{},,missing,neutral,
-mJ2ud6oKI8$_$2,2.5,3.0,[0],"{""0"":-1.4316612482070923}",,no_active,neutral,
-mJ2ud6oKI8$_$2,2.75,3.25,[0],"{""0"":-1.8982536792755127}",,no_active,neutral,
-mJ2ud6oKI8$_$2,3.0,3.5,[0],"{""0"":-1.8982536792755127}",,no_active,neutral,
-mJ2ud6oKI8$_$2,3.25,3.75,"[0,1]","{""0"":-1.6637238264083862,""1"":-3.1650174856185913}",,no_active,neutral,
-mJ2ud6oKI8$_$2,3.5,4.0,[1],"{""1"":-3.6163244247436523}",,no_active,neutral,
-mJ2ud6oKI8$_$2,3.75,4.25,[1],"{""1"":-3.9307193756103516}",,no_active,neutral,
-mJ2ud6oKI8$_$2,4.0,4.5,[1],"{""1"":-3.925948977470398}",,no_active,neutral,
-mJ2ud6oKI8$_$2,4.25,4.75,[1],"{""1"":-3.8562283515930176}",,no_active,neutral,
-mJ2ud6oKI8$_$2,4.5,5.0,[1],"{""1"":-3.8636176586151123}",,no_active,neutral,
-mJ2ud6oKI8$_$2,4.75,5.25,[1],"{""1"":-3.9021236896514893}",,no_active,neutral,
-mJ2ud6oKI8$_$2,5.0,5.5,[1],"{""1"":-3.8805856704711914}",,no_active,neutral,
-mJ2ud6oKI8$_$2,5.25,5.7057,[1],"{""1"":-3.622091054916382}",,no_active,neutral,
-mJ2ud6oKI8$_$2,5.5,5.7057,[1],"{""1"":-2.627102017402649}",,no_active,neutral,
-mJ2ud6oKI8$_$6,0.0,0.5,[0],"{""0"":-1.204073429107666}",,no_active,neutral,
-mJ2ud6oKI8$_$6,0.25,0.75,[0],"{""0"":-1.3869867324829102}",,no_active,neutral,
-mJ2ud6oKI8$_$6,0.5,1.0,[0],"{""0"":-1.551425576210022}",,no_active,neutral,
-mJ2ud6oKI8$_$6,0.75,1.25,[0],"{""0"":-1.6191766858100891}",,no_active,neutral,
-mJ2ud6oKI8$_$6,1.0,1.5,[0],"{""0"":-1.6978930234909058}",,no_active,neutral,
-mJ2ud6oKI8$_$6,1.25,1.75,[0],"{""0"":-1.6978930234909058}",,no_active,neutral,
-mJ2ud6oKI8$_$6,1.5,2.0,[0],"{""0"":-1.5158551931381226}",,no_active,neutral,
-mJ2ud6oKI8$_$6,1.75,2.2355666666666667,[0],"{""0"":-1.389886498451233}",,no_active,neutral,
-mJ2ud6oKI8$_$6,2.0,2.2355666666666667,[0],"{""0"":-1.3852416276931763}",,no_active,neutral,
-mJ2ud6oKI8$_$8,0.0,0.5,[0],"{""0"":-0.6681129336357117}",,no_active,neutral,
-mJ2ud6oKI8$_$8,0.25,0.75,[0],"{""0"":-0.15000730752944946}",,no_active,neutral,
-mJ2ud6oKI8$_$8,0.5,1.0,[0],"{""0"":0.23707282543182373}",0,verified,conflict,talknet_av_sync_conflict
-mJ2ud6oKI8$_$8,0.75,1.25,[0],"{""0"":0.6863985955715179}",0,verified,conflict,talknet_av_sync_conflict
-mJ2ud6oKI8$_$8,1.0,1.5,[0],"{""0"":0.6223229765892029}",0,verified,conflict,talknet_av_sync_conflict
-mJ2ud6oKI8$_$8,1.25,1.75,[0],"{""0"":0.5408110022544861}",0,verified,conflict,talknet_av_sync_conflict
-mJ2ud6oKI8$_$8,1.5,2.0,[0],"{""0"":0.3343020975589752}",0,verified,conflict,talknet_av_sync_conflict
-mJ2ud6oKI8$_$8,1.75,2.25,[0],"{""0"":0.015532453544437885}",0,verified,conflict,talknet_av_sync_conflict
-mJ2ud6oKI8$_$8,2.0,2.5,[0],"{""0"":-0.3100261688232422}",,no_active,neutral,
-mJ2ud6oKI8$_$8,2.25,2.75,[0],"{""0"":-0.47923651337623596}",,no_active,neutral,
-mJ2ud6oKI8$_$8,2.5,3.0,[0],"{""0"":-0.4376944601535797}",,no_active,neutral,
-mJ2ud6oKI8$_$8,2.75,3.25,[0],"{""0"":-0.37791840732097626}",,no_active,neutral,
-mJ2ud6oKI8$_$8,3.0,3.5,[0],"{""0"":-0.25643277168273926}",,no_active,neutral,
-mJ2ud6oKI8$_$8,3.25,3.75,[0],"{""0"":-0.010448495857417583}",,no_active,neutral,
-mJ2ud6oKI8$_$8,3.5,4.0,[0],"{""0"":-0.010448495857417583}",,no_active,neutral,
-mJ2ud6oKI8$_$8,3.75,4.171337868480725,[0],"{""0"":-0.3377484232187271}",,no_active,neutral,
-mJ2ud6oKI8$_$8,4.0,4.171337868480725,[0],"{""0"":-0.917389452457428}",,no_active,neutral,
-mJ2ud6oKI8$_$9,0.0,0.5,[0],"{""0"":-0.9532375931739807}",,no_active,neutral,
-mJ2ud6oKI8$_$9,0.25,0.75,[0],"{""0"":-1.4054021835327148}",,no_active,neutral,
-mJ2ud6oKI8$_$9,0.5,1.0,[0],"{""0"":-1.5457011461257935}",,no_active,neutral,
-mJ2ud6oKI8$_$9,0.75,1.25,[0],"{""0"":-1.4287930727005005}",,no_active,neutral,
-mJ2ud6oKI8$_$9,1.0,1.5,[0],"{""0"":-1.151564359664917}",,no_active,neutral,
-mJ2ud6oKI8$_$9,1.25,1.75,[0],"{""0"":-0.8423454761505127}",,no_active,neutral,
-mJ2ud6oKI8$_$9,1.5,2.0,[0],"{""0"":-1.3220949172973633}",,no_active,neutral,
-mJ2ud6oKI8$_$9,1.75,2.25,[0],"{""0"":-1.3212383389472961}",,no_active,neutral,
-mJ2ud6oKI8$_$9,2.0,2.5,[0],"{""0"":-1.3379144668579102}",,no_active,neutral,
-mJ2ud6oKI8$_$9,2.25,2.75,[0],"{""0"":-1.4817169904708862}",,no_active,neutral,
-mJ2ud6oKI8$_$9,2.5,3.0,[0],"{""0"":-1.7551169395446777}",,no_active,neutral,
-mJ2ud6oKI8$_$9,2.75,3.25,[0],"{""0"":-1.616234838962555}",,no_active,neutral,
-mJ2ud6oKI8$_$9,3.0,3.5,[0],"{""0"":-1.5637556314468384}",,no_active,neutral,
-mJ2ud6oKI8$_$9,3.25,3.75,[0],"{""0"":-1.6449823379516602}",,no_active,neutral,
-mJ2ud6oKI8$_$9,3.5,4.0,[0],"{""0"":-1.7568823099136353}",,no_active,neutral,
-mJ2ud6oKI8$_$9,3.75,4.25,[0],"{""0"":-1.8665369749069214}",,no_active,neutral,
-mJ2ud6oKI8$_$9,4.0,4.5,[0],"{""0"":-1.8252636194229126}",,no_active,neutral,
-mJ2ud6oKI8$_$9,4.25,4.75,[0],"{""0"":-1.822717547416687}",,no_active,neutral,
-mJ2ud6oKI8$_$9,4.5,5.0,[0],"{""0"":-1.9153796434402466}",,no_active,neutral,
-mJ2ud6oKI8$_$9,4.75,5.25,[0],"{""0"":-2.0439023971557617}",,no_active,neutral,
-mJ2ud6oKI8$_$9,5.0,5.5,[0],"{""0"":-2.0042277574539185}",,no_active,neutral,
-mJ2ud6oKI8$_$9,5.25,5.75,[0],"{""0"":-1.9427636861801147}",,no_active,neutral,
-mJ2ud6oKI8$_$9,5.5,6.0,[0],"{""0"":-1.8583216667175293}",,no_active,neutral,
-mJ2ud6oKI8$_$9,5.75,6.25,[0],"{""0"":-1.6263532638549805}",,no_active,neutral,
-mJ2ud6oKI8$_$9,6.0,6.5,[0],"{""0"":-1.6434054970741272}",,no_active,neutral,
-mJ2ud6oKI8$_$9,6.25,6.75,[0],"{""0"":-1.618556797504425}",,no_active,neutral,
-mJ2ud6oKI8$_$9,6.5,7.0,[0],"{""0"":-1.39276123046875}",,no_active,neutral,
-mJ2ud6oKI8$_$9,6.75,7.007000000000001,[0],"{""0"":-1.0962750017642975}",,no_active,neutral,
-mJ2ud6oKI8$_$9,7.0,7.007000000000001,[0],"{""0"":null}",,no_active,neutral,
-mqbVkbCndg$_$0,0.0,0.5,[0],"{""0"":1.0921106338500977}",0,verified,neutral,
-mqbVkbCndg$_$0,0.25,0.75,[0],"{""0"":1.4620550870895386}",0,verified,neutral,
-mqbVkbCndg$_$0,0.5,1.0,[0],"{""0"":1.4241939783096313}",0,verified,neutral,
-mqbVkbCndg$_$0,0.75,1.25,[0],"{""0"":1.5143502950668335}",0,verified,neutral,
-mqbVkbCndg$_$0,1.0,1.5,[0],"{""0"":2.0977962017059326}",0,verified,neutral,
-mqbVkbCndg$_$0,1.25,1.75,[0],"{""0"":2.1609761714935303}",0,verified,neutral,
-mqbVkbCndg$_$0,1.5,2.0,[0],"{""0"":2.055283308029175}",0,verified,neutral,
-mqbVkbCndg$_$0,1.75,2.25,[0],"{""0"":1.4774696826934814}",0,verified,neutral,
-mqbVkbCndg$_$0,2.0,2.5,[0],"{""0"":1.4892925024032593}",0,verified,neutral,
-mqbVkbCndg$_$0,2.25,2.75,[0],"{""0"":1.6577850580215454}",0,verified,neutral,
-mqbVkbCndg$_$0,2.5,3.0,[0],"{""0"":1.309701681137085}",0,verified,neutral,
-mqbVkbCndg$_$0,2.75,3.25,[0],"{""0"":0.9381354749202728}",0,verified,neutral,
-mqbVkbCndg$_$0,3.0,3.5,[0],"{""0"":0.7539512515068054}",0,verified,neutral,
-mqbVkbCndg$_$0,3.25,3.75,[0],"{""0"":0.6881597638130188}",0,verified,neutral,
-mqbVkbCndg$_$0,3.5,4.0,[0],"{""0"":0.979809045791626}",0,verified,neutral,
-mqbVkbCndg$_$0,3.75,4.25,[0],"{""0"":0.7381877303123474}",0,verified,neutral,
-mqbVkbCndg$_$0,4.0,4.5,[0],"{""0"":0.6171867847442627}",0,verified,neutral,
-mqbVkbCndg$_$0,4.25,4.75,[0],"{""0"":0.9834421277046204}",0,verified,neutral,
-mqbVkbCndg$_$0,4.5,5.0,[0],"{""0"":1.0006215572357178}",0,verified,neutral,
-mqbVkbCndg$_$0,4.75,5.25,[0],"{""0"":-0.02447833400219679}",,no_active,neutral,
-mqbVkbCndg$_$0,5.0,5.5,[0],"{""0"":-0.2984941899776459}",,no_active,neutral,
-mqbVkbCndg$_$0,5.25,5.75,[0],"{""0"":-0.21702493727207184}",,no_active,neutral,
-mqbVkbCndg$_$0,5.5,6.0,[0],"{""0"":-0.4077950716018677}",,no_active,neutral,
-mqbVkbCndg$_$0,5.75,6.25,[0],"{""0"":-1.1208497881889343}",,no_active,neutral,
-mqbVkbCndg$_$0,6.0,6.5,[0],"{""0"":-1.3724918365478516}",,no_active,neutral,
-mqbVkbCndg$_$0,6.25,6.5,[0],"{""0"":-1.2836147546768188}",,no_active,neutral,
-qDkUB0GgYY$_$6,0.0,0.5,[0],"{""0"":1.548113226890564}",0,verified,conflict,talknet_av_sync_conflict
-qDkUB0GgYY$_$6,0.25,0.75,[0],"{""0"":1.6778236627578735}",0,verified,conflict,talknet_av_sync_conflict
-qDkUB0GgYY$_$6,0.5,1.0,[0],"{""0"":1.5408166646957397}",0,verified,conflict,talknet_av_sync_conflict
-qDkUB0GgYY$_$6,0.75,1.25,[0],"{""0"":1.4885797500610352}",0,verified,conflict,talknet_av_sync_conflict
-qDkUB0GgYY$_$6,1.0,1.5,[0],"{""0"":1.2896393537521362}",0,verified,conflict,talknet_av_sync_conflict
-qDkUB0GgYY$_$6,1.25,1.75,[0],"{""0"":1.3879461288452148}",0,verified,conflict,talknet_av_sync_conflict
-qDkUB0GgYY$_$6,1.5,2.0,[0],"{""0"":1.312271237373352}",0,verified,conflict,talknet_av_sync_conflict
-qDkUB0GgYY$_$6,1.75,2.25,[0],"{""0"":0.7235364615917206}",0,verified,conflict,talknet_av_sync_conflict
-qDkUB0GgYY$_$6,2.0,2.5,[0],"{""0"":0.3335987627506256}",0,verified,conflict,talknet_av_sync_conflict
-qDkUB0GgYY$_$6,2.25,2.75,[0],"{""0"":0.306761234998703}",0,verified,conflict,talknet_av_sync_conflict
-qDkUB0GgYY$_$6,2.5,3.0,[0],"{""0"":0.8178629875183105}",0,verified,conflict,talknet_av_sync_conflict
-qDkUB0GgYY$_$6,2.75,3.25,[0],"{""0"":1.3533568978309631}",0,verified,conflict,talknet_av_sync_conflict
-qDkUB0GgYY$_$6,3.0,3.5,[0],"{""0"":1.6429134607315063}",0,verified,conflict,talknet_av_sync_conflict
-qDkUB0GgYY$_$6,3.25,3.75,[0],"{""0"":1.4921940565109253}",0,verified,conflict,talknet_av_sync_conflict
-qDkUB0GgYY$_$6,3.5,4.0,[0],"{""0"":1.3329869508743286}",0,verified,conflict,talknet_av_sync_conflict
-qDkUB0GgYY$_$6,3.75,4.25,[0],"{""0"":0.5130921602249146}",0,verified,conflict,talknet_av_sync_conflict
-qDkUB0GgYY$_$6,4.0,4.5,[0],"{""0"":-0.723503828048706}",,no_active,neutral,
-qDkUB0GgYY$_$6,4.25,4.666666666666666,[0],"{""0"":-0.73311448097229}",,no_active,neutral,
-qDkUB0GgYY$_$6,4.5,4.666666666666666,[0],"{""0"":-1.3289239406585693}",,no_active,neutral,
-ri04Z7vwnc$_$0,0.0,0.5,[],{},,missing,neutral,
-ri04Z7vwnc$_$0,0.25,0.75,[],{},,missing,neutral,
-ri04Z7vwnc$_$0,0.5,1.0,[],{},,missing,neutral,
-ri04Z7vwnc$_$0,0.75,1.25,[],{},,missing,neutral,
-ri04Z7vwnc$_$0,1.0,1.5,[],{},,missing,neutral,
-ri04Z7vwnc$_$0,1.25,1.75,[],{},,missing,neutral,
-ri04Z7vwnc$_$0,1.5,2.0,[],{},,missing,neutral,
-ri04Z7vwnc$_$0,1.75,2.25,[],{},,missing,neutral,
-ri04Z7vwnc$_$0,2.0,2.5,[],{},,missing,neutral,
-ri04Z7vwnc$_$0,2.25,2.75,[],{},,missing,neutral,
-ri04Z7vwnc$_$0,2.5,2.7944666666666667,[],{},,missing,neutral,
-ri04Z7vwnc$_$0,2.75,2.7944666666666667,[],{},,missing,neutral,
-ri04Z7vwnc$_$2,0.0,0.5,[],{},,missing,neutral,
-ri04Z7vwnc$_$2,0.25,0.75,[],{},,missing,neutral,
-ri04Z7vwnc$_$2,0.5,1.0,[],{},,missing,neutral,
-ri04Z7vwnc$_$2,0.75,1.25,[],{},,missing,neutral,
-ri04Z7vwnc$_$2,1.0,1.5,[],{},,missing,neutral,
-ri04Z7vwnc$_$2,1.25,1.75,[],{},,missing,neutral,
-ri04Z7vwnc$_$2,1.5,2.0,[],{},,missing,neutral,
-ri04Z7vwnc$_$2,1.75,2.25,[],{},,missing,neutral,
-ri04Z7vwnc$_$2,2.0,2.5,[],{},,missing,neutral,
-ri04Z7vwnc$_$2,2.25,2.75,[],{},,missing,neutral,
-ri04Z7vwnc$_$2,2.5,3.0,[],{},,missing,neutral,
-ri04Z7vwnc$_$2,2.75,3.25,[],{},,missing,neutral,
-ri04Z7vwnc$_$2,3.0,3.5,[],{},,missing,neutral,
-ri04Z7vwnc$_$2,3.25,3.75,[],{},,missing,neutral,
-ri04Z7vwnc$_$2,3.5,4.0,[],{},,missing,neutral,
-ri04Z7vwnc$_$2,3.75,4.25,[0],"{""0"":-0.9771340489387512}",,no_active,neutral,
-ri04Z7vwnc$_$2,4.0,4.5,[0],"{""0"":-0.9915818572044373}",,no_active,neutral,
-ri04Z7vwnc$_$2,4.25,4.75,[0],"{""0"":-0.9771340489387512}",,no_active,neutral,
-ri04Z7vwnc$_$2,4.5,5.0,[0],"{""0"":-0.755331814289093}",,no_active,neutral,
-ri04Z7vwnc$_$2,4.75,5.25,[0],"{""0"":-0.5118335038423538}",,no_active,neutral,
-ri04Z7vwnc$_$2,5.0,5.5,[0],"{""0"":-1.0211763978004456}",,no_active,neutral,
-ri04Z7vwnc$_$2,5.25,5.75,[0],"{""0"":-1.147571325302124}",,no_active,neutral,
-ri04Z7vwnc$_$2,5.5,6.0,[0],"{""0"":-1.0474714040756226}",,no_active,neutral,
-ri04Z7vwnc$_$2,5.75,6.006,[0],"{""0"":-0.5173826366662979}",,no_active,neutral,
-ri04Z7vwnc$_$2,6.0,6.006,[0],"{""0"":null}",,no_active,neutral,
-ri04Z7vwnc$_$5,0.0,0.5,[0],"{""0"":-0.43223848938941956}",,no_active,neutral,
-ri04Z7vwnc$_$5,0.25,0.75,[0],"{""0"":-0.43223848938941956}",,no_active,neutral,
-ri04Z7vwnc$_$5,0.5,1.0,[0],"{""0"":-0.28360629081726074}",,no_active,neutral,
-ri04Z7vwnc$_$5,0.75,1.25,[0],"{""0"":-0.4167627692222595}",,no_active,neutral,
-ri04Z7vwnc$_$5,1.0,1.5,[0],"{""0"":-0.8486905097961426}",,no_active,neutral,
-ri04Z7vwnc$_$5,1.25,1.75,[0],"{""0"":-1.0201970338821411}",,no_active,neutral,
-ri04Z7vwnc$_$5,1.5,2.0,[0],"{""0"":-1.2848676443099976}",,no_active,neutral,
-ri04Z7vwnc$_$5,1.75,2.25,[0],"{""0"":-1.0893242955207825}",,no_active,neutral,
-ri04Z7vwnc$_$5,2.0,2.5,[0],"{""0"":-0.8137345314025879}",,no_active,neutral,
-ri04Z7vwnc$_$5,2.25,2.75,[0],"{""0"":-0.5125225186347961}",,no_active,neutral,
-ri04Z7vwnc$_$5,2.5,3.0,[0],"{""0"":-0.2250426560640335}",,no_active,neutral,
-ri04Z7vwnc$_$5,2.75,3.25,[0],"{""0"":-0.24936187267303467}",,no_active,neutral,
-ri04Z7vwnc$_$5,3.0,3.5,[0],"{""0"":-0.5471502989530563}",,no_active,neutral,
-ri04Z7vwnc$_$5,3.25,3.5035111111111115,[0],"{""0"":-0.6040288954973221}",,no_active,neutral,
-ri04Z7vwnc$_$5,3.5,3.5035111111111115,[0],"{""0"":null}",,no_active,neutral,
-s9qJ7ATP7w$_$0,0.0,0.5,[1],"{""1"":-2.8765363693237305}",,no_active,neutral,
-s9qJ7ATP7w$_$0,0.25,0.75,[1],"{""1"":-2.8765363693237305}",,no_active,neutral,
-s9qJ7ATP7w$_$0,0.5,1.0,[1],"{""1"":-2.782243490219116}",,no_active,neutral,
-s9qJ7ATP7w$_$0,0.75,1.25,[1],"{""1"":-2.711019515991211}",,no_active,neutral,
-s9qJ7ATP7w$_$0,1.0,1.5,[1],"{""1"":-2.7172935009002686}",,no_active,neutral,
-s9qJ7ATP7w$_$0,1.25,1.75,[1],"{""1"":-2.805347442626953}",,no_active,neutral,
-s9qJ7ATP7w$_$0,1.5,2.0,[1],"{""1"":-2.856907606124878}",,no_active,neutral,
-s9qJ7ATP7w$_$0,1.75,2.25,"[0,1]","{""0"":null,""1"":-2.6743661165237427}",,no_active,neutral,
-s9qJ7ATP7w$_$0,2.0,2.5,"[0,1]","{""0"":null,""1"":-2.710529327392578}",,no_active,neutral,
-s9qJ7ATP7w$_$0,2.25,2.75,[1],"{""1"":-2.8104588985443115}",,no_active,neutral,
-s9qJ7ATP7w$_$0,2.5,3.0,[1],"{""1"":-2.7636992931365967}",,no_active,neutral,
-s9qJ7ATP7w$_$0,2.75,3.25,[1],"{""1"":-2.1743297576904297}",,no_active,neutral,
-s9qJ7ATP7w$_$0,3.0,3.5,[1],"{""1"":-0.7025090754032135}",,no_active,neutral,
-s9qJ7ATP7w$_$0,3.25,3.75,[1],"{""1"":-0.8419245779514313}",,no_active,neutral,
-s9qJ7ATP7w$_$0,3.5,4.0,[1],"{""1"":-0.9848111420869827}",,no_active,neutral,
-s9qJ7ATP7w$_$0,3.75,4.25,[1],"{""1"":-1.0238023549318314}",,no_active,neutral,
-s9qJ7ATP7w$_$0,4.0,4.5,[1],"{""1"":-1.085465133190155}",,no_active,neutral,
-s9qJ7ATP7w$_$0,4.25,4.75,[1],"{""1"":-1.050107181072235}",,no_active,neutral,
-s9qJ7ATP7w$_$0,4.5,5.0,[1],"{""1"":-1.159107532352209}",,no_active,neutral,
-s9qJ7ATP7w$_$0,4.75,5.25,[1],"{""1"":-1.4480973780155182}",,no_active,neutral,
-s9qJ7ATP7w$_$0,5.0,5.5,[1],"{""1"":-1.6184897720813751}",,no_active,neutral,
-s9qJ7ATP7w$_$0,5.25,5.75,[1],"{""1"":-1.5919838398694992}",,no_active,neutral,
-s9qJ7ATP7w$_$0,5.5,6.0,[1],"{""1"":-1.2951382994651794}",,no_active,neutral,
-s9qJ7ATP7w$_$0,5.75,6.25,[1],"{""1"":-1.5187395513057709}",,no_active,neutral,
-s9qJ7ATP7w$_$0,6.0,6.5,[1],"{""1"":-1.7065269351005554}",,no_active,neutral,
-s9qJ7ATP7w$_$0,6.25,6.75,[1],"{""1"":-2.1298884749412537}",,no_active,neutral,
-s9qJ7ATP7w$_$0,6.5,6.866666666666666,[1],"{""1"":-2.1298884749412537}",,no_active,neutral,
-s9qJ7ATP7w$_$0,6.75,6.866666666666666,[1],"{""1"":null}",,no_active,neutral,
-s9qJ7ATP7w$_$1,0.0,0.5,[1],"{""1"":-3.0034825801849365}",,no_active,neutral,
-s9qJ7ATP7w$_$1,0.25,0.75,[1],"{""1"":-3.275813341140747}",,no_active,neutral,
-s9qJ7ATP7w$_$1,0.5,1.0,"[0,1]","{""0"":-1.54611337184906,""1"":-3.2791223526000977}",,no_active,neutral,
-s9qJ7ATP7w$_$1,0.75,1.25,"[0,1]","{""0"":-1.158359408378601,""1"":-3.2155356407165527}",,no_active,neutral,
-s9qJ7ATP7w$_$1,1.0,1.5,"[0,1]","{""0"":-0.9254944920539856,""1"":-3.195963144302368}",,no_active,neutral,
-s9qJ7ATP7w$_$1,1.25,1.75,"[0,1]","{""0"":-0.5651028752326965,""1"":-3.0961711406707764}",,no_active,neutral,
-s9qJ7ATP7w$_$1,1.5,2.0,"[0,1]","{""0"":-0.6344894766807556,""1"":-2.884617805480957}",,no_active,neutral,
-s9qJ7ATP7w$_$1,1.75,2.25,"[0,1]","{""0"":-0.7801127433776855,""1"":-2.8537042140960693}",,no_active,neutral,
-s9qJ7ATP7w$_$1,2.0,2.5,"[0,1]","{""0"":-0.8384222984313965,""1"":-3.0290095806121826}",,no_active,neutral,
-s9qJ7ATP7w$_$1,2.25,2.75,"[0,1]","{""0"":-1.623835563659668,""1"":-3.0645406246185303}",,no_active,neutral,
-s9qJ7ATP7w$_$1,2.5,3.0,"[0,1]","{""0"":-1.623835563659668,""1"":-3.0212085247039795}",,no_active,neutral,
-s9qJ7ATP7w$_$1,2.75,3.25,"[0,1]","{""0"":-1.4372397661209106,""1"":-2.888187050819397}",,no_active,neutral,
-s9qJ7ATP7w$_$1,3.0,3.5,"[0,1]","{""0"":-0.5391055941581726,""1"":-2.935953140258789}",,no_active,neutral,
-s9qJ7ATP7w$_$1,3.25,3.75,"[0,1]","{""0"":0.04579974710941315,""1"":-2.9224212169647217}",0,verified,support,
-s9qJ7ATP7w$_$1,3.5,4.0,"[0,1]","{""0"":0.4156131446361542,""1"":-2.565467596054077}",0,verified,support,
-s9qJ7ATP7w$_$1,3.75,4.25,"[0,1]","{""0"":0.44469642639160156,""1"":-2.1984384059906006}",0,verified,support,
-s9qJ7ATP7w$_$1,4.0,4.5,"[0,1]","{""0"":0.2953539490699768,""1"":-2.2159247398376465}",0,verified,support,
-s9qJ7ATP7w$_$1,4.25,4.75,"[0,1]","{""0"":-1.2231807708740234,""1"":-2.4657649993896484}",,no_active,neutral,
-s9qJ7ATP7w$_$1,4.5,4.766666666666667,"[0,1]","{""0"":-1.8747411966323853,""1"":-2.4657649993896484}",,no_active,neutral,
-s9qJ7ATP7w$_$1,4.75,4.766666666666667,"[0,1]","{""0"":null,""1"":null}",,no_active,neutral,
-s9qJ7ATP7w$_$4,0.0,0.5,[],{},,missing,neutral,
-s9qJ7ATP7w$_$4,0.25,0.75,[1],"{""1"":-1.868036150932312}",,no_active,neutral,
-s9qJ7ATP7w$_$4,0.5,1.0,[1],"{""1"":-2.3909188508987427}",,no_active,neutral,
-s9qJ7ATP7w$_$4,0.75,1.25,[1],"{""1"":-2.442584753036499}",,no_active,neutral,
-s9qJ7ATP7w$_$4,1.0,1.5,[1],"{""1"":-2.5361489057540894}",,no_active,neutral,
-s9qJ7ATP7w$_$4,1.25,1.75,[1],"{""1"":-2.615135073661804}",,no_active,neutral,
-s9qJ7ATP7w$_$4,1.5,2.0,"[1,2]","{""1"":null,""2"":null}",,no_active,neutral,
-s9qJ7ATP7w$_$4,1.75,2.25,[2],"{""2"":null}",,no_active,neutral,
-s9qJ7ATP7w$_$4,2.0,2.5,[],{},,missing,neutral,
-s9qJ7ATP7w$_$4,2.25,2.75,[],{},,missing,neutral,
-s9qJ7ATP7w$_$4,2.5,3.0,[0],"{""0"":0.7925064563751221}",0,verified,neutral,
-s9qJ7ATP7w$_$4,2.75,3.25,[0],"{""0"":0.8453328609466553}",0,verified,neutral,
-s9qJ7ATP7w$_$4,3.0,3.5,[0],"{""0"":0.6748067736625671}",0,verified,neutral,
-s9qJ7ATP7w$_$4,3.25,3.75,[0],"{""0"":-0.014458109624683857}",,no_active,neutral,
-s9qJ7ATP7w$_$4,3.5,4.0,[0],"{""0"":-0.22056744992733002}",,no_active,neutral,
-s9qJ7ATP7w$_$4,3.75,4.25,[0],"{""0"":-0.4076884686946869}",,no_active,neutral,
-s9qJ7ATP7w$_$4,4.0,4.3999999999999995,[0],"{""0"":-0.6346045881509781}",,no_active,neutral,
-s9qJ7ATP7w$_$4,4.25,4.3999999999999995,[0],"{""0"":null}",,no_active,neutral,
-s9qJ7ATP7w$_$5,0.0,0.5,[0],"{""0"":-1.2983680963516235}",,no_active,neutral,
-s9qJ7ATP7w$_$5,0.25,0.75,[0],"{""0"":-1.3726304769515991}",,no_active,neutral,
-s9qJ7ATP7w$_$5,0.5,1.0,[0],"{""0"":-1.3093849420547485}",,no_active,neutral,
-s9qJ7ATP7w$_$5,0.75,1.25,[0],"{""0"":-1.1914716362953186}",,no_active,neutral,
-s9qJ7ATP7w$_$5,1.0,1.5,[0],"{""0"":-1.1933484077453613}",,no_active,neutral,
-s9qJ7ATP7w$_$5,1.25,1.75,[0],"{""0"":-1.156965732574463}",,no_active,neutral,
-s9qJ7ATP7w$_$5,1.5,2.0,[0],"{""0"":-1.2601637840270996}",,no_active,neutral,
-s9qJ7ATP7w$_$5,1.75,2.25,[0],"{""0"":-1.5284156799316406}",,no_active,neutral,
-s9qJ7ATP7w$_$5,2.0,2.5,[0],"{""0"":-1.466321587562561}",,no_active,neutral,
-s9qJ7ATP7w$_$5,2.25,2.75,[0],"{""0"":-1.4562405347824097}",,no_active,neutral,
-s9qJ7ATP7w$_$5,2.5,3.0,[0],"{""0"":-1.3224291801452637}",,no_active,neutral,
-s9qJ7ATP7w$_$5,2.75,3.25,[0],"{""0"":-1.1061070561408997}",,no_active,neutral,
-s9qJ7ATP7w$_$5,3.0,3.5,[0],"{""0"":-1.2215402126312256}",,no_active,neutral,
-s9qJ7ATP7w$_$5,3.25,3.75,[0],"{""0"":-1.2832410335540771}",,no_active,neutral,
-s9qJ7ATP7w$_$5,3.5,4.0,[0],"{""0"":-1.3778719902038574}",,no_active,neutral,
-s9qJ7ATP7w$_$5,3.75,4.25,[0],"{""0"":-1.7192626595497131}",,no_active,neutral,
-s9qJ7ATP7w$_$5,4.0,4.5,[0],"{""0"":-2.1687533855438232}",,no_active,neutral,
-s9qJ7ATP7w$_$5,4.25,4.75,[0],"{""0"":-1.7986502647399902}",,no_active,neutral,
-s9qJ7ATP7w$_$5,4.5,5.0,[0],"{""0"":-1.2671397924423218}",,no_active,neutral,
-s9qJ7ATP7w$_$5,4.75,5.25,[0],"{""0"":-1.0361484289169312}",,no_active,neutral,
-s9qJ7ATP7w$_$5,5.0,5.5,[0],"{""0"":-1.1332423686981201}",,no_active,neutral,
-s9qJ7ATP7w$_$5,5.25,5.75,[0],"{""0"":-1.2738391160964966}",,no_active,neutral,
-s9qJ7ATP7w$_$5,5.5,6.0,[0],"{""0"":-1.057708978652954}",,no_active,neutral,
-s9qJ7ATP7w$_$5,5.75,6.25,[0],"{""0"":-0.46074850857257843}",,no_active,neutral,
-s9qJ7ATP7w$_$5,6.0,6.5,[0],"{""0"":-0.2364223450422287}",,no_active,neutral,
-s9qJ7ATP7w$_$5,6.25,6.75,[0],"{""0"":-0.16316886246204376}",,no_active,neutral,
-s9qJ7ATP7w$_$5,6.5,7.0,[0],"{""0"":-0.09010860323905945}",,no_active,neutral,
-s9qJ7ATP7w$_$5,6.75,7.25,[0],"{""0"":-0.19225892424583435}",,no_active,neutral,
-s9qJ7ATP7w$_$5,7.0,7.5,[0],"{""0"":-0.4588591158390045}",,no_active,neutral,
-s9qJ7ATP7w$_$5,7.25,7.75,[0],"{""0"":-0.5247284770011902}",,no_active,neutral,
-s9qJ7ATP7w$_$5,7.5,8.0,[0],"{""0"":-0.5471243262290955}",,no_active,neutral,
-s9qJ7ATP7w$_$5,7.75,8.25,[0],"{""0"":-0.47022491693496704}",,no_active,neutral,
-s9qJ7ATP7w$_$5,8.0,8.5,[0],"{""0"":-0.44446270167827606}",,no_active,neutral,
-s9qJ7ATP7w$_$5,8.25,8.533333333333333,[0],"{""0"":-0.5878062546253204}",,no_active,neutral,
-s9qJ7ATP7w$_$5,8.5,8.533333333333333,[],{},,missing,neutral,
-s9qJ7ATP7w$_$6,0.0,0.5,[],{},,missing,neutral,
-s9qJ7ATP7w$_$6,0.25,0.75,[0],"{""0"":-1.1438748836517334}",,no_active,neutral,
-s9qJ7ATP7w$_$6,0.5,1.0,[0],"{""0"":-1.6217708587646484}",,no_active,neutral,
-s9qJ7ATP7w$_$6,0.75,1.25,[0],"{""0"":-1.8566292524337769}",,no_active,neutral,
-s9qJ7ATP7w$_$6,1.0,1.5,[0],"{""0"":-1.9383859634399414}",,no_active,neutral,
-s9qJ7ATP7w$_$6,1.25,1.75,[0],"{""0"":-1.9408790469169617}",,no_active,neutral,
-s9qJ7ATP7w$_$6,1.5,2.0,[0],"{""0"":-1.8277148008346558}",,no_active,neutral,
-s9qJ7ATP7w$_$6,1.75,2.25,[0],"{""0"":-1.7848686575889587}",,no_active,neutral,
-s9qJ7ATP7w$_$6,2.0,2.4666666666666663,[0],"{""0"":-1.7986348867416382}",,no_active,neutral,
-s9qJ7ATP7w$_$6,2.25,2.4666666666666663,[0],"{""0"":null}",,no_active,neutral,
-s9qJ7ATP7w$_$7,0.0,0.5,[0],"{""0"":null}",,no_active,neutral,
-s9qJ7ATP7w$_$7,0.25,0.75,[],{},,missing,neutral,
-s9qJ7ATP7w$_$7,0.5,1.0,[],{},,missing,neutral,
-s9qJ7ATP7w$_$7,0.75,1.25,[],{},,missing,neutral,
-s9qJ7ATP7w$_$7,1.0,1.5,[],{},,missing,neutral,
-s9qJ7ATP7w$_$7,1.25,1.75,[],{},,missing,neutral,
-s9qJ7ATP7w$_$7,1.5,2.0,[],{},,missing,neutral,
-s9qJ7ATP7w$_$7,1.75,2.25,[1],"{""1"":-1.892361044883728}",,no_active,neutral,
-s9qJ7ATP7w$_$7,2.0,2.5,[1],"{""1"":-2.3814449310302734}",,no_active,neutral,
-s9qJ7ATP7w$_$7,2.25,2.75,[1],"{""1"":-2.454993963241577}",,no_active,neutral,
-s9qJ7ATP7w$_$7,2.5,3.0,[1],"{""1"":-2.5337865352630615}",,no_active,neutral,
-s9qJ7ATP7w$_$7,2.75,3.25,[1],"{""1"":-2.463489294052124}",,no_active,neutral,
-s9qJ7ATP7w$_$7,3.0,3.5,[1],"{""1"":-2.5072648525238037}",,no_active,neutral,
-s9qJ7ATP7w$_$7,3.25,3.75,[1],"{""1"":-2.5272085666656494}",,no_active,neutral,
-s9qJ7ATP7w$_$7,3.5,4.0,[1],"{""1"":-2.638496518135071}",,no_active,neutral,
-s9qJ7ATP7w$_$7,3.75,4.25,[1],"{""1"":-2.638033390045166}",,no_active,neutral,
-s9qJ7ATP7w$_$7,4.0,4.5,[1],"{""1"":-2.7278387546539307}",,no_active,neutral,
-s9qJ7ATP7w$_$7,4.25,4.75,[1],"{""1"":-2.7109286785125732}",,no_active,neutral,
-s9qJ7ATP7w$_$7,4.5,5.0,[1],"{""1"":-2.4292571544647217}",,no_active,neutral,
-s9qJ7ATP7w$_$7,4.75,5.25,[1],"{""1"":-2.2688233852386475}",,no_active,neutral,
-s9qJ7ATP7w$_$7,5.0,5.5,[1],"{""1"":-1.2853502035140991}",,no_active,neutral,
-s9qJ7ATP7w$_$7,5.25,5.75,[1],"{""1"":-0.45091354846954346}",,no_active,neutral,
-s9qJ7ATP7w$_$7,5.5,6.0,[1],"{""1"":-2.6836509704589844}",,no_active,neutral,
-s9qJ7ATP7w$_$7,5.75,6.25,[1],"{""1"":-2.53801429271698}",,no_active,neutral,
-s9qJ7ATP7w$_$7,6.0,6.5,[1],"{""1"":-2.353001832962036}",,no_active,neutral,
-s9qJ7ATP7w$_$7,6.25,6.75,[1],"{""1"":-2.2890350818634033}",,no_active,neutral,
-s9qJ7ATP7w$_$7,6.5,6.933333333333333,[1],"{""1"":-1.988702654838562}",,no_active,neutral,
-s9qJ7ATP7w$_$7,6.75,6.933333333333333,[1],"{""1"":-1.988702654838562}",,no_active,neutral,
-s9qJ7ATP7w$_$8,0.0,0.5,[0],"{""0"":-2.4690864086151123}",,no_active,neutral,
-s9qJ7ATP7w$_$8,0.25,0.75,[0],"{""0"":-2.4993865489959717}",,no_active,neutral,
-s9qJ7ATP7w$_$8,0.5,1.0,[0],"{""0"":-2.3650190830230713}",,no_active,neutral,
-s9qJ7ATP7w$_$8,0.75,1.25,[0],"{""0"":-0.40092676877975464}",,no_active,neutral,
-s9qJ7ATP7w$_$8,1.0,1.5,[0],"{""0"":-0.31541067361831665}",,no_active,neutral,
-s9qJ7ATP7w$_$8,1.25,1.75,[0],"{""0"":-0.6844595074653625}",,no_active,neutral,
-s9qJ7ATP7w$_$8,1.5,2.0,[0],"{""0"":1.1534878015518188}",0,verified,neutral,
-s9qJ7ATP7w$_$8,1.75,2.25,[0],"{""0"":-0.5546557307243347}",,no_active,neutral,
-s9qJ7ATP7w$_$8,2.0,2.5,[0],"{""0"":-0.5126894116401672}",,no_active,neutral,
-s9qJ7ATP7w$_$8,2.25,2.75,[0],"{""0"":-0.7097251117229462}",,no_active,neutral,
-s9qJ7ATP7w$_$8,2.5,3.0,[0],"{""0"":0.1740773469209671}",0,verified,neutral,
-s9qJ7ATP7w$_$8,2.75,3.25,[0],"{""0"":-2.304870367050171}",,no_active,neutral,
-s9qJ7ATP7w$_$8,3.0,3.2666666666666666,[0],"{""0"":-2.304870367050171}",,no_active,neutral,
-s9qJ7ATP7w$_$8,3.25,3.2666666666666666,[0],"{""0"":null}",,no_active,neutral,
-t217m2on-s$_$2,0.0,0.5,[0],"{""0"":-0.6790010333061218}",,no_active,neutral,
-t217m2on-s$_$2,0.25,0.75,[0],"{""0"":-0.3082050383090973}",,no_active,neutral,
-t217m2on-s$_$2,0.5,1.0,[0],"{""0"":0.06539639085531235}",0,verified,support,
-t217m2on-s$_$2,0.75,1.25,[0],"{""0"":0.09954206272959709}",0,verified,support,
-t217m2on-s$_$2,1.0,1.5,[0],"{""0"":0.3076610863208771}",0,verified,support,
-t217m2on-s$_$2,1.25,1.75,[0],"{""0"":1.1285090446472168}",0,verified,support,
-t217m2on-s$_$2,1.5,2.0,[0],"{""0"":1.0120376348495483}",0,verified,support,
-t217m2on-s$_$2,1.75,2.25,[0],"{""0"":1.3893153071403503}",0,verified,support,
-t217m2on-s$_$2,2.0,2.5,[0],"{""0"":1.6856684684753418}",0,verified,support,
-t217m2on-s$_$2,2.25,2.75,[0],"{""0"":1.1256564855575562}",0,verified,support,
-t217m2on-s$_$2,2.5,3.0,[0],"{""0"":0.2345161885023117}",0,verified,support,
-t217m2on-s$_$2,2.75,3.25,[0],"{""0"":0.2217303216457367}",0,verified,support,
-t217m2on-s$_$2,3.0,3.5,[0],"{""0"":0.6741635799407959}",0,verified,support,
-t217m2on-s$_$2,3.25,3.75,[0],"{""0"":1.8791617155075073}",0,verified,support,
-t217m2on-s$_$2,3.5,4.0,[0],"{""0"":2.1054341793060303}",0,verified,support,
-t217m2on-s$_$2,3.75,4.25,[0],"{""0"":2.240324378013611}",0,verified,support,
-t217m2on-s$_$2,4.0,4.5,[0],"{""0"":1.9434494972229004}",0,verified,support,
-t217m2on-s$_$2,4.25,4.75,[0],"{""0"":1.882367730140686}",0,verified,support,
-t217m2on-s$_$2,4.5,5.0,[0],"{""0"":1.457605242729187}",0,verified,support,
-t217m2on-s$_$2,4.75,5.25,[0],"{""0"":0.2528330609202385}",0,verified,support,
-t217m2on-s$_$2,5.0,5.5,[0],"{""0"":-0.8151934146881104}",,no_active,neutral,
-t217m2on-s$_$2,5.25,5.666666666666666,[0],"{""0"":-0.8202965259552002}",,no_active,neutral,
-t217m2on-s$_$2,5.5,5.666666666666666,[0],"{""0"":-1.3068791627883911}",,no_active,neutral,
-t217m2on-s$_$7,0.0,0.5,[0],"{""0"":-1.164634346961975}",,no_active,neutral,
-t217m2on-s$_$7,0.25,0.75,[0],"{""0"":-0.6658310294151306}",,no_active,neutral,
-t217m2on-s$_$7,0.5,1.0,[0],"{""0"":0.5095617175102234}",0,verified,support,
-t217m2on-s$_$7,0.75,1.25,[0],"{""0"":0.998355507850647}",0,verified,support,
-t217m2on-s$_$7,1.0,1.5,[0],"{""0"":0.9245224595069885}",0,verified,support,
-t217m2on-s$_$7,1.25,1.75,[0],"{""0"":0.6027507185935974}",0,verified,support,
-t217m2on-s$_$7,1.5,2.0,[0],"{""0"":0.18516497313976288}",0,verified,support,
-t217m2on-s$_$7,1.75,2.25,[0],"{""0"":-0.7752120792865753}",,no_active,neutral,
-t217m2on-s$_$7,2.0,2.5,[0],"{""0"":-1.086835503578186}",,no_active,neutral,
-t217m2on-s$_$7,2.25,2.75,[0],"{""0"":-0.5518457293510437}",,no_active,neutral,
-t217m2on-s$_$7,2.5,3.0,[0],"{""0"":-0.03845785930752754}",,no_active,neutral,
-t217m2on-s$_$7,2.75,3.25,[0],"{""0"":-0.3012674693018198}",,no_active,neutral,
-t217m2on-s$_$7,3.0,3.5,[0],"{""0"":-0.5640770792961121}",,no_active,neutral,
-t217m2on-s$_$7,3.25,3.75,[0],"{""0"":0.07347649335861206}",0,verified,support,
-t217m2on-s$_$7,3.5,4.0,[0],"{""0"":-0.18652446568012238}",,no_active,neutral,
-t217m2on-s$_$7,3.75,4.25,[0],"{""0"":-0.13053366169333458}",,no_active,neutral,
-t217m2on-s$_$7,4.0,4.5,[0],"{""0"":0.2356693297624588}",0,verified,support,
-t217m2on-s$_$7,4.25,4.75,[0],"{""0"":0.7196937203407288}",0,verified,support,
-t217m2on-s$_$7,4.5,5.0,[0],"{""0"":0.731451690196991}",0,verified,support,
-t217m2on-s$_$7,4.75,5.25,[0],"{""0"":0.10257958108559251}",0,verified,support,
-t217m2on-s$_$7,5.0,5.5,[0],"{""0"":-0.4403218924999237}",,no_active,neutral,
-t217m2on-s$_$7,5.25,5.75,[0],"{""0"":-0.245249941945076}",,no_active,neutral,
-t217m2on-s$_$7,5.5,6.0,[0],"{""0"":0.18533997237682343}",0,verified,support,
-t217m2on-s$_$7,5.75,6.25,[0],"{""0"":0.20231790840625763}",0,verified,support,
-t217m2on-s$_$7,6.0,6.5,[0],"{""0"":-0.08988205343484879}",,no_active,neutral,
-t217m2on-s$_$7,6.25,6.75,[0],"{""0"":-0.45409587025642395}",,no_active,neutral,
-t217m2on-s$_$7,6.5,7.0,[0],"{""0"":-0.5000223517417908}",,no_active,neutral,
-t217m2on-s$_$7,6.75,7.25,[0],"{""0"":-0.012535261455923319}",,no_active,neutral,
-t217m2on-s$_$7,7.0,7.5,[0],"{""0"":0.23775231838226318}",0,verified,support,
-t217m2on-s$_$7,7.25,7.75,[0],"{""0"":0.6465204358100891}",0,verified,support,
-t217m2on-s$_$7,7.5,8.0,[0],"{""0"":0.9078208804130554}",0,verified,support,
-t217m2on-s$_$7,7.75,8.25,[0],"{""0"":1.0473111271858215}",0,verified,support,
-t217m2on-s$_$7,8.0,8.5,[0],"{""0"":1.0531178712844849}",0,verified,support,
-t217m2on-s$_$7,8.25,8.75,[0],"{""0"":1.6538041830062866}",0,verified,support,
-t217m2on-s$_$7,8.5,9.0,[0],"{""0"":1.6538041830062866}",0,verified,support,
-t217m2on-s$_$7,8.75,9.25,[0],"{""0"":0.3445717841386795}",0,verified,support,
-t217m2on-s$_$7,9.0,9.5,[0],"{""0"":0.17117320001125336}",0,verified,support,
-t217m2on-s$_$7,9.25,9.75,[0],"{""0"":0.7347663044929504}",0,verified,support,
-t217m2on-s$_$7,9.5,10.0,[0],"{""0"":1.592629075050354}",0,verified,support,
-t217m2on-s$_$7,9.75,10.25,[0],"{""0"":0.7734824120998383}",0,verified,support,
-t217m2on-s$_$7,10.0,10.5,[0],"{""0"":0.7742815017700195}",0,verified,support,
-t217m2on-s$_$7,10.25,10.75,[0],"{""0"":0.31194567680358887}",0,verified,support,
-t217m2on-s$_$7,10.5,11.0,[0],"{""0"":0.19555093348026276}",0,verified,support,
-t217m2on-s$_$7,10.75,11.25,[0],"{""0"":0.6514565646648407}",0,verified,support,
-t217m2on-s$_$7,11.0,11.5,[0],"{""0"":1.3971043825149536}",0,verified,support,
-t217m2on-s$_$7,11.25,11.75,[0],"{""0"":1.1298645734786987}",0,verified,support,
-t217m2on-s$_$7,11.5,12.0,[0],"{""0"":0.9954450726509094}",0,verified,support,
-t217m2on-s$_$7,11.75,12.25,[0],"{""0"":0.3890913501381874}",0,verified,support,
-t217m2on-s$_$7,12.0,12.5,[0],"{""0"":-0.4095548689365387}",,no_active,neutral,
-t217m2on-s$_$7,12.25,12.75,[0],"{""0"":-0.4249267280101776}",,no_active,neutral,
-t217m2on-s$_$7,12.5,13.0,[0],"{""0"":-0.1930311918258667}",,no_active,neutral,
-t217m2on-s$_$7,12.75,13.25,[0],"{""0"":0.06119156628847122}",0,verified,support,
-t217m2on-s$_$7,13.0,13.5,[0],"{""0"":0.24924951791763306}",0,verified,support,
-t217m2on-s$_$7,13.25,13.75,[0],"{""0"":0.5398631691932678}",0,verified,support,
-t217m2on-s$_$7,13.5,14.0,[0],"{""0"":0.4071232080459595}",0,verified,support,
-t217m2on-s$_$7,13.75,14.25,[0],"{""0"":-0.7681828737258911}",,no_active,neutral,
-t217m2on-s$_$7,14.0,14.5,[0],"{""0"":-1.0301642417907715}",,no_active,neutral,
-t217m2on-s$_$7,14.25,14.75,[0],"{""0"":-1.2952194213867188}",,no_active,neutral,
-t217m2on-s$_$7,14.5,15.0,[0],"{""0"":-1.6769956350326538}",,no_active,neutral,
-t217m2on-s$_$7,14.75,15.25,[0],"{""0"":-1.7752982378005981}",,no_active,neutral,
-t217m2on-s$_$7,15.0,15.5,[0],"{""0"":-1.6951779127120972}",,no_active,neutral,
-t217m2on-s$_$7,15.25,15.75,[0],"{""0"":-1.3023043870925903}",,no_active,neutral,
-t217m2on-s$_$7,15.5,16.0,[0],"{""0"":-1.0119551420211792}",,no_active,neutral,
-t217m2on-s$_$7,15.75,16.25,[0],"{""0"":-1.3422932028770447}",,no_active,neutral,
-t217m2on-s$_$7,16.0,16.5,[0],"{""0"":-1.578701138496399}",,no_active,neutral,
-t217m2on-s$_$7,16.25,16.75,[0],"{""0"":-1.806151032447815}",,no_active,neutral,
-t217m2on-s$_$7,16.5,17.0,[0],"{""0"":-1.979896903038025}",,no_active,neutral,
-t217m2on-s$_$7,16.75,17.166666666666664,[0],"{""0"":-1.991539478302002}",,no_active,neutral,
-t217m2on-s$_$7,17.0,17.166666666666664,[0],"{""0"":null}",,no_active,neutral,
-tANM6ETl_M$_$3,0.0,0.5,[0],"{""0"":0.2319003939628601}",0,verified,neutral,
-tANM6ETl_M$_$3,0.25,0.75,"[0,1]","{""0"":0.5465103983879089,""1"":null}",0,verified,neutral,
-tANM6ETl_M$_$3,0.5,1.0,"[0,1]","{""0"":1.9745607376098633,""1"":null}",0,verified,neutral,
-tANM6ETl_M$_$3,0.75,1.25,[0],"{""0"":2.275484561920166}",0,verified,neutral,
-tANM6ETl_M$_$3,1.0,1.5,[0],"{""0"":2.2315428256988525}",0,verified,neutral,
-tANM6ETl_M$_$3,1.25,1.75,[0],"{""0"":2.0560526847839355}",0,verified,neutral,
-tANM6ETl_M$_$3,1.5,2.0,[0],"{""0"":1.5787814855575562}",0,verified,neutral,
-tANM6ETl_M$_$3,1.75,2.25,[0],"{""0"":1.4697883129119873}",0,verified,neutral,
-tANM6ETl_M$_$3,2.0,2.5,[0],"{""0"":1.4459857940673828}",0,verified,neutral,
-tANM6ETl_M$_$3,2.25,2.75,[0],"{""0"":1.6041172742843628}",0,verified,neutral,
-tANM6ETl_M$_$3,2.5,3.0,[0],"{""0"":1.3952003717422485}",0,verified,neutral,
-tANM6ETl_M$_$3,2.75,3.25,[0],"{""0"":0.9699729382991791}",0,verified,neutral,
-tANM6ETl_M$_$3,3.0,3.5,[0],"{""0"":0.4659639298915863}",0,verified,neutral,
-tANM6ETl_M$_$3,3.25,3.75,[0],"{""0"":1.013060450553894}",0,verified,neutral,
-tANM6ETl_M$_$3,3.5,4.0,[0],"{""0"":1.013060450553894}",0,verified,neutral,
-tANM6ETl_M$_$3,3.75,4.25,[0],"{""0"":0.6839208900928497}",0,verified,neutral,
-tANM6ETl_M$_$3,4.0,4.5,[0],"{""0"":0.3600355088710785}",0,verified,neutral,
-tANM6ETl_M$_$3,4.25,4.75,[0],"{""0"":0.02767411805689335}",0,verified,neutral,
-tANM6ETl_M$_$3,4.5,5.0,[0],"{""0"":0.02385125495493412}",0,verified,neutral,
-tANM6ETl_M$_$3,4.75,5.25,[0],"{""0"":-0.021459351293742657}",,no_active,neutral,
-tANM6ETl_M$_$3,5.0,5.5,[0],"{""0"":-0.27523309737443924}",,no_active,neutral,
-tANM6ETl_M$_$3,5.25,5.75,[0],"{""0"":-0.3047894239425659}",,no_active,neutral,
-tANM6ETl_M$_$3,5.5,6.0,[0],"{""0"":0.5821335315704346}",0,verified,neutral,
-tANM6ETl_M$_$3,5.75,6.25,[0],"{""0"":0.21379829943180084}",0,verified,neutral,
-tANM6ETl_M$_$3,6.0,6.5,[0],"{""0"":-0.19076048582792282}",,no_active,neutral,
-tANM6ETl_M$_$3,6.25,6.733333333333333,[0],"{""0"":-0.4912011921405792}",,no_active,neutral,
-tANM6ETl_M$_$3,6.5,6.733333333333333,[0],"{""0"":-1.0378899574279785}",,no_active,neutral,
-tPCytz4rww$_$10,0.0,0.5,[0],"{""0"":2.2195699214935303}",0,verified,support,
-tPCytz4rww$_$10,0.25,0.75,[0],"{""0"":2.433140993118286}",0,verified,support,
-tPCytz4rww$_$10,0.5,1.0,[0],"{""0"":2.628887414932251}",0,verified,support,
-tPCytz4rww$_$10,0.75,1.25,[0],"{""0"":2.9478262662887573}",0,verified,support,
-tPCytz4rww$_$10,1.0,1.5,[0],"{""0"":3.1464579105377197}",0,verified,support,
-tPCytz4rww$_$10,1.25,1.75,[0],"{""0"":2.935396194458008}",0,verified,support,
-tPCytz4rww$_$10,1.5,2.0,[0],"{""0"":2.6538074016571045}",0,verified,support,
-tPCytz4rww$_$10,1.75,2.25,[0],"{""0"":2.112458825111389}",0,verified,support,
-tPCytz4rww$_$10,2.0,2.5,[0],"{""0"":1.457241415977478}",0,verified,support,
-tPCytz4rww$_$10,2.25,2.75,[0],"{""0"":1.4731172323226929}",0,verified,support,
-tPCytz4rww$_$10,2.5,3.0,[0],"{""0"":1.535251259803772}",0,verified,support,
-tPCytz4rww$_$10,2.75,3.25,[0],"{""0"":1.4408149123191833}",0,verified,support,
-tPCytz4rww$_$10,3.0,3.5,[0],"{""0"":1.2484999895095825}",0,verified,support,
-tPCytz4rww$_$10,3.25,3.75,[0],"{""0"":0.7296696305274963}",0,verified,support,
-tPCytz4rww$_$10,3.5,4.0,[0],"{""0"":0.7296696305274963}",0,verified,support,
-tPCytz4rww$_$10,3.75,4.25,[0],"{""0"":0.7046661078929901}",0,verified,support,
-tPCytz4rww$_$10,4.0,4.5,[0],"{""0"":0.21408723294734955}",0,verified,support,
-tPCytz4rww$_$10,4.25,4.75,[0],"{""0"":0.21234916895627975}",0,verified,support,
-tPCytz4rww$_$10,4.5,4.766666666666667,[0],"{""0"":0.36500784754753113}",0,verified,support,
-tPCytz4rww$_$10,4.75,4.766666666666667,[0],"{""0"":null}",,no_active,neutral,
-tPCytz4rww$_$11,0.0,0.5,[0],"{""0"":1.1650722026824951}",0,verified,neutral,
-tPCytz4rww$_$11,0.25,0.75,[0],"{""0"":1.5844966173171997}",0,verified,neutral,
-tPCytz4rww$_$11,0.5,1.0,[0],"{""0"":2.363473892211914}",0,verified,neutral,
-tPCytz4rww$_$11,0.75,1.25,[0],"{""0"":2.5302534103393555}",0,verified,neutral,
-tPCytz4rww$_$11,1.0,1.5,[0],"{""0"":2.598865270614624}",0,verified,neutral,
-tPCytz4rww$_$11,1.25,1.75,[0],"{""0"":2.5651509761810303}",0,verified,neutral,
-tPCytz4rww$_$11,1.5,2.0,[0],"{""0"":2.5252106189727783}",0,verified,neutral,
-tPCytz4rww$_$11,1.75,2.25,[0],"{""0"":2.159292697906494}",0,verified,neutral,
-tPCytz4rww$_$11,2.0,2.5,[0],"{""0"":1.7164506912231445}",0,verified,neutral,
-tPCytz4rww$_$11,2.25,2.75,[0],"{""0"":1.4943609237670898}",0,verified,neutral,
-tPCytz4rww$_$11,2.5,3.0,[0],"{""0"":1.40234375}",0,verified,neutral,
-tPCytz4rww$_$11,2.75,3.25,[0],"{""0"":1.2075884342193604}",0,verified,neutral,
-tPCytz4rww$_$11,3.0,3.5,[0],"{""0"":1.379149079322815}",0,verified,neutral,
-tPCytz4rww$_$11,3.25,3.75,[0],"{""0"":1.7343171834945679}",0,verified,neutral,
-tPCytz4rww$_$11,3.5,4.0,[0],"{""0"":1.5079649686813354}",0,verified,neutral,
-tPCytz4rww$_$11,3.75,4.25,[0],"{""0"":1.9997575879096985}",0,verified,neutral,
-tPCytz4rww$_$11,4.0,4.5,[0],"{""0"":2.7328195571899414}",0,verified,neutral,
-tPCytz4rww$_$11,4.25,4.75,[0],"{""0"":2.9282665252685547}",0,verified,neutral,
-tPCytz4rww$_$11,4.5,5.0,[0],"{""0"":2.8714234828948975}",0,verified,neutral,
-tPCytz4rww$_$11,4.75,5.25,[0],"{""0"":2.544729471206665}",0,verified,neutral,
-tPCytz4rww$_$11,5.0,5.466666666666667,[0],"{""0"":2.6317901611328125}",0,verified,neutral,
-tPCytz4rww$_$11,5.25,5.466666666666667,[0],"{""0"":2.164292812347412}",0,verified,neutral,
-tPCytz4rww$_$12,0.0,0.5,[0],"{""0"":2.0877654552459717}",0,verified,neutral,
-tPCytz4rww$_$12,0.25,0.75,[0],"{""0"":2.0877654552459717}",0,verified,neutral,
-tPCytz4rww$_$12,0.5,1.0,[0],"{""0"":2.1561052799224854}",0,verified,neutral,
-tPCytz4rww$_$12,0.75,1.25,[0],"{""0"":1.3191199898719788}",0,verified,neutral,
-tPCytz4rww$_$12,1.0,1.5,[0],"{""0"":1.265708088874817}",0,verified,neutral,
-tPCytz4rww$_$12,1.25,1.75,[0],"{""0"":2.068713426589966}",0,verified,neutral,
-tPCytz4rww$_$12,1.5,2.0,[0],"{""0"":2.402029275894165}",0,verified,neutral,
-tPCytz4rww$_$12,1.75,2.25,[0],"{""0"":1.9554928541183472}",0,verified,neutral,
-tPCytz4rww$_$12,2.0,2.5,[0],"{""0"":0.3042803704738617}",0,verified,neutral,
-tPCytz4rww$_$12,2.25,2.75,[0],"{""0"":0.3042803704738617}",0,verified,neutral,
-tPCytz4rww$_$12,2.5,3.0,[0],"{""0"":0.9924986958503723}",0,verified,neutral,
-tPCytz4rww$_$12,2.75,3.25,[0],"{""0"":1.6550809144973755}",0,verified,neutral,
-tPCytz4rww$_$12,3.0,3.5,[0],"{""0"":1.403249740600586}",0,verified,neutral,
-tPCytz4rww$_$12,3.25,3.75,[0],"{""0"":1.1147658824920654}",0,verified,neutral,
-tPCytz4rww$_$12,3.5,4.0,[0],"{""0"":0.7118151187896729}",0,verified,neutral,
-tPCytz4rww$_$12,3.75,4.25,[0],"{""0"":0.7556961178779602}",0,verified,neutral,
-tPCytz4rww$_$12,4.0,4.5,[0],"{""0"":0.8160831332206726}",0,verified,neutral,
-tPCytz4rww$_$12,4.25,4.75,[0],"{""0"":1.09783136844635}",0,verified,neutral,
-tPCytz4rww$_$12,4.5,5.0,[0],"{""0"":1.09783136844635}",0,verified,neutral,
-tPCytz4rww$_$12,4.75,5.25,[0],"{""0"":0.915494441986084}",0,verified,neutral,
-tPCytz4rww$_$12,5.0,5.5,[0],"{""0"":1.126102089881897}",0,verified,neutral,
-tPCytz4rww$_$12,5.25,5.75,[0],"{""0"":1.273635983467102}",0,verified,neutral,
-tPCytz4rww$_$12,5.5,6.0,[0],"{""0"":1.071354866027832}",0,verified,neutral,
-tPCytz4rww$_$12,5.75,6.25,[0],"{""0"":1.1508487462997437}",0,verified,neutral,
-tPCytz4rww$_$12,6.0,6.5,[0],"{""0"":2.0802805423736572}",0,verified,neutral,
-tPCytz4rww$_$12,6.25,6.75,[0],"{""0"":2.469378709793091}",0,verified,neutral,
-tPCytz4rww$_$12,6.5,7.0,[0],"{""0"":2.230067014694214}",0,verified,neutral,
-tPCytz4rww$_$12,6.75,7.25,[0],"{""0"":2.082515239715576}",0,verified,neutral,
-tPCytz4rww$_$12,7.0,7.5,[0],"{""0"":1.8822940587997437}",0,verified,neutral,
-tPCytz4rww$_$12,7.25,7.75,[0],"{""0"":0.12635378539562225}",0,verified,neutral,
-tPCytz4rww$_$12,7.5,8.0,[0],"{""0"":0.12635378539562225}",0,verified,neutral,
-tPCytz4rww$_$12,7.75,8.25,[0],"{""0"":0.6109095811843872}",0,verified,neutral,
-tPCytz4rww$_$12,8.0,8.5,[0],"{""0"":1.1058303117752075}",0,verified,neutral,
-tPCytz4rww$_$12,8.25,8.75,[0],"{""0"":1.1341980695724487}",0,verified,neutral,
-tPCytz4rww$_$12,8.5,9.0,[0],"{""0"":1.050553798675537}",0,verified,neutral,
-tPCytz4rww$_$12,8.75,9.25,[0],"{""0"":1.1110045313835144}",0,verified,neutral,
-tPCytz4rww$_$12,9.0,9.5,[0],"{""0"":1.161600112915039}",0,verified,neutral,
-tPCytz4rww$_$12,9.25,9.75,[0],"{""0"":1.985539436340332}",0,verified,neutral,
-tPCytz4rww$_$12,9.5,10.0,[0],"{""0"":1.9343303442001343}",0,verified,neutral,
-tPCytz4rww$_$12,9.75,10.25,[0],"{""0"":1.5218163132667542}",0,verified,neutral,
-tPCytz4rww$_$12,10.0,10.5,[0],"{""0"":1.1294130086898804}",0,verified,neutral,
-tPCytz4rww$_$12,10.25,10.75,[0],"{""0"":1.039934515953064}",0,verified,neutral,
-tPCytz4rww$_$12,10.5,11.0,[0],"{""0"":0.7589496970176697}",0,verified,neutral,
-tPCytz4rww$_$12,10.75,11.25,[0],"{""0"":0.2919113039970398}",0,verified,neutral,
-tPCytz4rww$_$12,11.0,11.5,[0],"{""0"":-0.3695840835571289}",,no_active,neutral,
-tPCytz4rww$_$12,11.25,11.75,[0],"{""0"":-0.696079432964325}",,no_active,neutral,
-tPCytz4rww$_$12,11.5,11.833333333333334,[0],"{""0"":-0.696079432964325}",,no_active,neutral,
-tPCytz4rww$_$12,11.75,11.833333333333334,[0],"{""0"":null}",,no_active,neutral,
-tPCytz4rww$_$16,0.0,0.5,[0],"{""0"":0.6080670356750488}",0,verified,support,
-tPCytz4rww$_$16,0.25,0.75,[0],"{""0"":1.2829915285110474}",0,verified,support,
-tPCytz4rww$_$16,0.5,1.0,[0],"{""0"":2.407989740371704}",0,verified,support,
-tPCytz4rww$_$16,0.75,1.25,[0],"{""0"":2.6380937099456787}",0,verified,support,
-tPCytz4rww$_$16,1.0,1.5,[0],"{""0"":2.6784894466400146}",0,verified,support,
-tPCytz4rww$_$16,1.25,1.75,[0],"{""0"":1.8901658058166504}",0,verified,support,
-tPCytz4rww$_$16,1.5,2.0,[0],"{""0"":1.289141297340393}",0,verified,support,
-tPCytz4rww$_$16,1.75,2.25,[0],"{""0"":0.8109954595565796}",0,verified,support,
-tPCytz4rww$_$16,2.0,2.5,[0],"{""0"":0.33250758051872253}",0,verified,support,
-tPCytz4rww$_$16,2.25,2.75,[0],"{""0"":0.25670698285102844}",0,verified,support,
-tPCytz4rww$_$16,2.5,3.0,[0],"{""0"":-0.020998677238821983}",,no_active,neutral,
-tPCytz4rww$_$16,2.75,3.25,[0],"{""0"":-0.2104632779955864}",,no_active,neutral,
-tPCytz4rww$_$16,3.0,3.5,[0],"{""0"":-0.23688356578350067}",,no_active,neutral,
-tPCytz4rww$_$16,3.25,3.75,[0],"{""0"":-0.2819269895553589}",,no_active,neutral,
-tPCytz4rww$_$16,3.5,4.0,[0],"{""0"":-0.1582486480474472}",,no_active,neutral,
-tPCytz4rww$_$16,3.75,4.25,[0],"{""0"":0.27030348032712936}",0,verified,support,
-tPCytz4rww$_$16,4.0,4.5,[0],"{""0"":0.43559274077415466}",0,verified,support,
-tPCytz4rww$_$16,4.25,4.75,[0],"{""0"":0.3258465826511383}",0,verified,support,
-tPCytz4rww$_$16,4.5,5.0,[0],"{""0"":0.10531532764434814}",0,verified,support,
-tPCytz4rww$_$16,4.75,5.25,[0],"{""0"":0.052836920440313406}",0,verified,support,
-tPCytz4rww$_$16,5.0,5.5,[0],"{""0"":0.19737708568572998}",0,verified,support,
-tPCytz4rww$_$16,5.25,5.75,[0],"{""0"":0.11972638219594955}",0,verified,support,
-tPCytz4rww$_$16,5.5,6.0,[0],"{""0"":0.7143016457557678}",0,verified,support,
-tPCytz4rww$_$16,5.75,6.25,[0],"{""0"":1.3169373869895935}",0,verified,support,
-tPCytz4rww$_$16,6.0,6.5,[0],"{""0"":1.5905470848083496}",0,verified,support,
-tPCytz4rww$_$16,6.25,6.75,[0],"{""0"":1.2409472465515137}",0,verified,support,
-tPCytz4rww$_$16,6.5,7.0,[0],"{""0"":0.3486441373825073}",0,verified,support,
-tPCytz4rww$_$16,6.75,7.2,[0],"{""0"":0.1961362659931183}",0,verified,support,
-tPCytz4rww$_$16,7.0,7.2,[0],"{""0"":-0.3911571204662323}",,no_active,neutral,
-tPCytz4rww$_$18,0.0,0.5,[0],"{""0"":0.724341630935669}",0,verified,support,
-tPCytz4rww$_$18,0.25,0.75,[0],"{""0"":0.9542813301086426}",0,verified,support,
-tPCytz4rww$_$18,0.5,1.0,[0],"{""0"":2.08709454536438}",0,verified,support,
-tPCytz4rww$_$18,0.75,1.25,[0],"{""0"":1.4863383769989014}",0,verified,support,
-tPCytz4rww$_$18,1.0,1.5,[0],"{""0"":0.6041989922523499}",0,verified,support,
-tPCytz4rww$_$18,1.25,1.75,[0],"{""0"":0.9578222632408142}",0,verified,support,
-tPCytz4rww$_$18,1.5,2.0,[0],"{""0"":1.697022795677185}",0,verified,support,
-tPCytz4rww$_$18,1.75,2.25,[0],"{""0"":1.591533362865448}",0,verified,support,
-tPCytz4rww$_$18,2.0,2.5,[0],"{""0"":1.323301911354065}",0,verified,support,
-tPCytz4rww$_$18,2.25,2.75,[0],"{""0"":1.8291754722595215}",0,verified,support,
-tPCytz4rww$_$18,2.5,3.0,[0],"{""0"":2.125249147415161}",0,verified,support,
-tPCytz4rww$_$18,2.75,3.25,[0],"{""0"":2.379725217819214}",0,verified,support,
-tPCytz4rww$_$18,3.0,3.5,[0],"{""0"":2.718160629272461}",0,verified,support,
-tPCytz4rww$_$18,3.25,3.75,[0],"{""0"":2.718160629272461}",0,verified,support,
-tPCytz4rww$_$18,3.5,4.0,[0],"{""0"":2.567157030105591}",0,verified,support,
-tPCytz4rww$_$18,3.75,4.25,[0],"{""0"":1.1896294355392456}",0,verified,support,
-tPCytz4rww$_$18,4.0,4.5,[0],"{""0"":1.4261873960494995}",0,verified,support,
-tPCytz4rww$_$18,4.25,4.75,[0],"{""0"":1.5553903579711914}",0,verified,support,
-tPCytz4rww$_$18,4.5,5.0,[0],"{""0"":1.5365325212478638}",0,verified,support,
-tPCytz4rww$_$18,4.75,5.25,[0],"{""0"":1.7286162972450256}",0,verified,support,
-tPCytz4rww$_$18,5.0,5.5,[0],"{""0"":1.6705713272094727}",0,verified,support,
-tPCytz4rww$_$18,5.25,5.75,[0],"{""0"":1.4515223503112793}",0,verified,support,
-tPCytz4rww$_$18,5.5,6.0,[0],"{""0"":1.109305500984192}",0,verified,support,
-tPCytz4rww$_$18,5.75,6.25,[0],"{""0"":-0.07794126495718956}",,no_active,neutral,
-tPCytz4rww$_$18,6.0,6.5,[0],"{""0"":-0.24960701167583466}",,no_active,neutral,
-tPCytz4rww$_$18,6.25,6.633333333333333,[0],"{""0"":-0.042399157769978046}",,no_active,neutral,
-tPCytz4rww$_$18,6.5,6.633333333333333,[0],"{""0"":0.32686447352170944}",0,verified,support,
-uywlfIYOS8$_$4,0.0,0.5,[0],"{""0"":1.235931634902954}",0,verified,neutral,
-uywlfIYOS8$_$4,0.25,0.75,[0],"{""0"":1.1031759977340698}",0,verified,neutral,
-uywlfIYOS8$_$4,0.5,1.0,[0],"{""0"":1.2088847160339355}",0,verified,neutral,
-uywlfIYOS8$_$4,0.75,1.25,[0],"{""0"":0.9555458426475525}",0,verified,neutral,
-uywlfIYOS8$_$4,1.0,1.5,[0],"{""0"":0.4067772328853607}",0,verified,neutral,
-uywlfIYOS8$_$4,1.25,1.75,[0],"{""0"":0.5779015421867371}",0,verified,neutral,
-uywlfIYOS8$_$4,1.5,2.0,[0],"{""0"":0.9120329022407532}",0,verified,neutral,
-uywlfIYOS8$_$4,1.75,2.25,[0],"{""0"":0.7553955018520355}",0,verified,neutral,
-uywlfIYOS8$_$4,2.0,2.5,[0],"{""0"":0.34813615679740906}",0,verified,neutral,
-uywlfIYOS8$_$4,2.25,2.75,[0],"{""0"":0.04890741407871246}",0,verified,neutral,
-uywlfIYOS8$_$4,2.5,3.0,[0],"{""0"":-0.3046547770500183}",,no_active,neutral,
-uywlfIYOS8$_$4,2.75,3.25,[0],"{""0"":0.04578439146280289}",0,verified,neutral,
-uywlfIYOS8$_$4,3.0,3.5,[0],"{""0"":0.7514746785163879}",0,verified,neutral,
-uywlfIYOS8$_$4,3.25,3.75,[0],"{""0"":0.8598867058753967}",0,verified,neutral,
-uywlfIYOS8$_$4,3.5,4.0,[0],"{""0"":1.111461877822876}",0,verified,neutral,
-uywlfIYOS8$_$4,3.75,4.25,[0],"{""0"":1.0682246088981628}",0,verified,neutral,
-uywlfIYOS8$_$4,4.0,4.5,[0],"{""0"":0.9348328709602356}",0,verified,neutral,
-uywlfIYOS8$_$4,4.25,4.75,[0],"{""0"":1.3152960538864136}",0,verified,neutral,
-uywlfIYOS8$_$4,4.5,5.0,[0],"{""0"":0.7559738159179688}",0,verified,neutral,
-uywlfIYOS8$_$4,4.75,5.25,[0],"{""0"":0.7316245138645172}",0,verified,neutral,
-uywlfIYOS8$_$4,5.0,5.5,[0],"{""0"":0.7072752118110657}",0,verified,neutral,
-uywlfIYOS8$_$4,5.25,5.75,[0],"{""0"":-0.44150009751319885}",,no_active,neutral,
-uywlfIYOS8$_$4,5.5,6.0,[0],"{""0"":-0.5472673773765564}",,no_active,neutral,
-uywlfIYOS8$_$4,5.75,6.033333333333333,[0],"{""0"":-0.7601542472839355}",,no_active,neutral,
-uywlfIYOS8$_$4,6.0,6.033333333333333,[0],"{""0"":null}",,no_active,neutral,
-vxjVxOeScU$_$4,0.0,0.5,[0],"{""0"":-1.3679972887039185}",,no_active,neutral,
-vxjVxOeScU$_$4,0.25,0.75,[0],"{""0"":-1.3679972887039185}",,no_active,neutral,
-vxjVxOeScU$_$4,0.5,1.0,[0],"{""0"":-1.222298264503479}",,no_active,neutral,
-vxjVxOeScU$_$4,0.75,1.25,[0],"{""0"":-0.9072445333003998}",,no_active,neutral,
-vxjVxOeScU$_$4,1.0,1.5,[0],"{""0"":-0.9103676676750183}",,no_active,neutral,
-vxjVxOeScU$_$4,1.25,1.75,[0],"{""0"":-1.1970006227493286}",,no_active,neutral,
-vxjVxOeScU$_$4,1.5,2.0,[0],"{""0"":-1.1970006227493286}",,no_active,neutral,
-vxjVxOeScU$_$4,1.75,2.25,[0],"{""0"":-0.773027241230011}",,no_active,neutral,
-vxjVxOeScU$_$4,2.0,2.5,[0],"{""0"":-0.5562009811401367}",,no_active,neutral,
-vxjVxOeScU$_$4,2.25,2.75,[0],"{""0"":-0.6793854832649231}",,no_active,neutral,
-vxjVxOeScU$_$4,2.5,3.0,[0],"{""0"":-1.5048266649246216}",,no_active,neutral,
-vxjVxOeScU$_$4,2.75,3.25,[0],"{""0"":-1.2215092778205872}",,no_active,neutral,
-vxjVxOeScU$_$4,3.0,3.5,[0],"{""0"":-1.0394707918167114}",,no_active,neutral,
-vxjVxOeScU$_$4,3.25,3.75,[0],"{""0"":-1.0441399812698364}",,no_active,neutral,
-vxjVxOeScU$_$4,3.5,4.0,[0],"{""0"":-1.3981255292892456}",,no_active,neutral,
-vxjVxOeScU$_$4,3.75,4.25,[0],"{""0"":-1.7528401613235474}",,no_active,neutral,
-vxjVxOeScU$_$4,4.0,4.5,[0],"{""0"":-2.173475503921509}",,no_active,neutral,
-vxjVxOeScU$_$4,4.25,4.75,[0],"{""0"":-2.0375170707702637}",,no_active,neutral,
-vxjVxOeScU$_$4,4.5,5.0,[0],"{""0"":-1.913948655128479}",,no_active,neutral,
-vxjVxOeScU$_$4,4.75,5.25,[0],"{""0"":-1.677245855331421}",,no_active,neutral,
-vxjVxOeScU$_$4,5.0,5.5,[0],"{""0"":-1.136229395866394}",,no_active,neutral,
-vxjVxOeScU$_$4,5.25,5.75,[0],"{""0"":-0.7934994101524353}",,no_active,neutral,
-vxjVxOeScU$_$4,5.5,6.0,[0],"{""0"":-0.8769156336784363}",,no_active,neutral,
-vxjVxOeScU$_$4,5.75,6.25,[0],"{""0"":-1.1594336032867432}",,no_active,neutral,
-vxjVxOeScU$_$4,6.0,6.5,[0],"{""0"":-1.3269392251968384}",,no_active,neutral,
-vxjVxOeScU$_$4,6.25,6.75,[0],"{""0"":-1.6148161888122559}",,no_active,neutral,
-vxjVxOeScU$_$4,6.5,7.0,[0],"{""0"":-1.431273341178894}",,no_active,neutral,
-vxjVxOeScU$_$4,6.75,7.25,[0],"{""0"":-0.9856750667095184}",,no_active,neutral,
-vxjVxOeScU$_$4,7.0,7.5,[0],"{""0"":-0.5054207444190979}",,no_active,neutral,
-vxjVxOeScU$_$4,7.25,7.75,[0],"{""0"":-0.6263795495033264}",,no_active,neutral,
-vxjVxOeScU$_$4,7.5,8.0,[0],"{""0"":-0.8992950320243835}",,no_active,neutral,
-vxjVxOeScU$_$4,7.75,8.25,[0],"{""0"":-0.8297761082649231}",,no_active,neutral,
-vxjVxOeScU$_$4,8.0,8.5,[0],"{""0"":-0.6517971158027649}",,no_active,neutral,
-vxjVxOeScU$_$4,8.25,8.75,[0],"{""0"":-0.2738979756832123}",,no_active,neutral,
-vxjVxOeScU$_$4,8.5,9.0,[0],"{""0"":-0.6631575226783752}",,no_active,neutral,
-vxjVxOeScU$_$4,8.75,9.1,[0],"{""0"":-0.7387347221374512}",,no_active,neutral,
-vxjVxOeScU$_$4,9.0,9.1,[0],"{""0"":null}",,no_active,neutral,
-wMB_hJL-3o$_$7,0.0,0.5,[0],"{""0"":0.00010591993486741558}",0,verified,neutral,
-wMB_hJL-3o$_$7,0.25,0.75,[0],"{""0"":0.6395787596702576}",0,verified,neutral,
-wMB_hJL-3o$_$7,0.5,1.0,[0],"{""0"":1.1940333843231201}",0,verified,neutral,
-wMB_hJL-3o$_$7,0.75,1.25,[0],"{""0"":2.25674569606781}",0,verified,neutral,
-wMB_hJL-3o$_$7,1.0,1.5,[0],"{""0"":2.3845064640045166}",0,verified,neutral,
-wMB_hJL-3o$_$7,1.25,1.75,[0],"{""0"":2.459986448287964}",0,verified,neutral,
-wMB_hJL-3o$_$7,1.5,2.0,[0],"{""0"":2.270017623901367}",0,verified,neutral,
-wMB_hJL-3o$_$7,1.75,2.25,[0],"{""0"":1.9462828636169434}",0,verified,neutral,
-wMB_hJL-3o$_$7,2.0,2.5,[0],"{""0"":1.608160376548767}",0,verified,neutral,
-wMB_hJL-3o$_$7,2.25,2.75,[0],"{""0"":1.561600685119629}",0,verified,neutral,
-wMB_hJL-3o$_$7,2.5,3.0,[0],"{""0"":1.1935495138168335}",0,verified,neutral,
-wMB_hJL-3o$_$7,2.75,3.25,[0],"{""0"":0.7434254884719849}",0,verified,neutral,
-wMB_hJL-3o$_$7,3.0,3.5,[0],"{""0"":0.9592056274414062}",0,verified,neutral,
-wMB_hJL-3o$_$7,3.25,3.75,[0],"{""0"":2.3362627029418945}",0,verified,neutral,
-wMB_hJL-3o$_$7,3.5,4.0,[0],"{""0"":2.1605165004730225}",0,verified,neutral,
-wMB_hJL-3o$_$7,3.75,4.25,[0],"{""0"":0.789728045463562}",0,verified,neutral,
-wMB_hJL-3o$_$7,4.0,4.5,[0],"{""0"":0.781076192855835}",0,verified,neutral,
-wMB_hJL-3o$_$7,4.25,4.75,[0],"{""0"":0.8411040306091309}",0,verified,neutral,
-wMB_hJL-3o$_$7,4.5,5.0,[0],"{""0"":1.0057817697525024}",0,verified,neutral,
-wMB_hJL-3o$_$7,4.75,5.25,[0],"{""0"":1.005744457244873}",0,verified,neutral,
-wMB_hJL-3o$_$7,5.0,5.5,[0],"{""0"":0.45645880699157715}",0,verified,neutral,
-wMB_hJL-3o$_$7,5.25,5.75,"[0,1,2,3]","{""0"":-1.4243320226669312,""1"":null,""2"":-1.3335914611816406,""3"":null}",,no_active,neutral,
-wMB_hJL-3o$_$7,5.5,6.0,"[0,1,2,3]","{""0"":-1.269834041595459,""1"":null,""2"":-1.3335914611816406,""3"":null}",,no_active,neutral,
-wMB_hJL-3o$_$7,5.75,6.033333333333333,"[0,3]","{""0"":-1.1935415267944336,""3"":null}",,no_active,neutral,
-wMB_hJL-3o$_$7,6.0,6.033333333333333,[0],"{""0"":null}",,no_active,neutral,
-wny0OAz3g8$_$0,0.0,0.5,"[0,2]","{""0"":0.17820532619953156,""2"":-3.101907968521118}",0,verified,neutral,
-wny0OAz3g8$_$0,0.25,0.75,"[0,2]","{""0"":0.18253226578235626,""2"":-3.376030683517456}",0,verified,neutral,
-wny0OAz3g8$_$0,0.5,1.0,"[0,2]","{""0"":0.23631872236728668,""2"":-3.265522003173828}",0,verified,neutral,
-wny0OAz3g8$_$0,0.75,1.25,"[0,2]","{""0"":0.1991751790046692,""2"":-3.1032673120498657}",0,verified,neutral,
-wny0OAz3g8$_$0,1.0,1.5,"[0,2]","{""0"":0.8819710612297058,""2"":-3.132854461669922}",0,verified,neutral,
-wny0OAz3g8$_$0,1.25,1.75,"[0,2]","{""0"":1.1158599853515625,""2"":-3.066169500350952}",0,verified,neutral,
-wny0OAz3g8$_$0,1.5,2.0,"[0,2]","{""0"":1.0427767038345337,""2"":-3.066169500350952}",0,verified,neutral,
-wny0OAz3g8$_$0,1.75,2.25,"[0,2]","{""0"":0.6712461113929749,""2"":-3.0440356731414795}",0,verified,neutral,
-wny0OAz3g8$_$0,2.0,2.5,"[0,2]","{""0"":0.6669167876243591,""2"":-2.9369325637817383}",0,verified,neutral,
-wny0OAz3g8$_$0,2.25,2.75,"[0,2]","{""0"":0.9623932540416718,""2"":-2.7976021766662598}",0,verified,neutral,
-wny0OAz3g8$_$0,2.5,3.0,"[0,2]","{""0"":0.7855909168720245,""2"":-2.6643571853637695}",0,verified,neutral,
-wny0OAz3g8$_$0,2.75,3.25,"[0,2]","{""0"":-1.9696077108383179,""2"":null}",,no_active,neutral,
-wny0OAz3g8$_$0,3.0,3.333333333333333,"[0,1]","{""0"":-2.0286624431610107,""1"":null}",,no_active,neutral,
-wny0OAz3g8$_$0,3.25,3.333333333333333,"[0,1]","{""0"":-1.838882327079773,""1"":null}",,no_active,neutral,
-wny0OAz3g8$_$1,0.0,0.5,[0],"{""0"":-0.02990982122719288}",,no_active,neutral,
-wny0OAz3g8$_$1,0.25,0.75,"[0,1]","{""0"":0.1656169258058071,""1"":null}",0,verified,support,
-wny0OAz3g8$_$1,0.5,1.0,"[0,1]","{""0"":0.5059101581573486,""1"":null}",0,verified,support,
-wny0OAz3g8$_$1,0.75,1.25,"[0,1]","{""0"":0.57189080119133,""1"":null}",0,verified,support,
-wny0OAz3g8$_$1,1.0,1.5,[0],"{""0"":0.9031450748443604}",0,verified,support,
-wny0OAz3g8$_$1,1.25,1.75,"[0,1]","{""0"":0.9031450748443604,""1"":null}",0,verified,support,
-wny0OAz3g8$_$1,1.5,2.0,"[0,1]","{""0"":0.5888165235519409,""1"":null}",0,verified,support,
-wny0OAz3g8$_$1,1.75,2.25,[0],"{""0"":0.8157152533531189}",0,verified,support,
-wny0OAz3g8$_$1,2.0,2.5,[0],"{""0"":0.82949298620224}",0,verified,support,
-wny0OAz3g8$_$1,2.25,2.75,[0],"{""0"":0.7464146614074707}",0,verified,support,
-wny0OAz3g8$_$1,2.5,3.0,[0],"{""0"":0.742003321647644}",0,verified,support,
-wny0OAz3g8$_$1,2.75,3.25,[0],"{""0"":0.9477858543395996}",0,verified,support,
-wny0OAz3g8$_$1,3.0,3.5,[0],"{""0"":1.2642275094985962}",0,verified,support,
-wny0OAz3g8$_$1,3.25,3.75,[0],"{""0"":1.3536027669906616}",0,verified,support,
-wny0OAz3g8$_$1,3.5,4.0,[0],"{""0"":1.440844178199768}",0,verified,support,
-wny0OAz3g8$_$1,3.75,4.25,[0],"{""0"":1.4114232659339905}",0,verified,support,
-wny0OAz3g8$_$1,4.0,4.5,[0],"{""0"":1.3881715536117554}",0,verified,support,
-wny0OAz3g8$_$1,4.25,4.75,[0],"{""0"":1.1536613702774048}",0,verified,support,
-wny0OAz3g8$_$1,4.5,5.0,[0],"{""0"":1.2476847171783447}",0,verified,support,
-wny0OAz3g8$_$1,4.75,5.25,[0],"{""0"":1.2867162823677063}",0,verified,support,
-wny0OAz3g8$_$1,5.0,5.5,"[0,1]","{""0"":1.0282340049743652,""1"":-1.8172210454940796}",0,verified,support,
-wny0OAz3g8$_$1,5.25,5.75,"[0,1]","{""0"":0.6551239490509033,""1"":-1.8936408758163452}",0,verified,support,
-wny0OAz3g8$_$1,5.5,6.0,"[0,1]","{""0"":0.5828952491283417,""1"":-1.8936408758163452}",0,verified,support,
-wny0OAz3g8$_$1,5.75,6.25,"[0,1]","{""0"":0.6603259742259979,""1"":-1.9514113664627075}",0,verified,support,
-wny0OAz3g8$_$1,6.0,6.5,"[0,1]","{""0"":0.5142529159784317,""1"":-1.9347573518753052}",0,verified,support,
-wny0OAz3g8$_$1,6.25,6.75,"[0,1]","{""0"":0.22078585624694824,""1"":-1.8913246393203735}",0,verified,support,
-wny0OAz3g8$_$1,6.5,6.833333333333333,[0],"{""0"":0.260193794965744}",0,verified,support,
-wny0OAz3g8$_$1,6.75,6.833333333333333,[0],"{""0"":-0.011808369308710098}",,no_active,neutral,
-wny0OAz3g8$_$2,0.0,0.5,"[0,1]","{""0"":-0.05838780477643013,""1"":-1.7987620830535889}",,no_active,neutral,
-wny0OAz3g8$_$2,0.25,0.75,"[0,1]","{""0"":0.17886528372764587,""1"":null}",0,verified,conflict,talknet_av_sync_conflict
-wny0OAz3g8$_$2,0.5,1.0,[0],"{""0"":0.7046313881874084}",0,verified,conflict,talknet_av_sync_conflict
-wny0OAz3g8$_$2,0.75,1.25,[0],"{""0"":0.7046313881874084}",0,verified,conflict,talknet_av_sync_conflict
-wny0OAz3g8$_$2,1.0,1.5,[0],"{""0"":0.6046561598777771}",0,verified,conflict,talknet_av_sync_conflict
-wny0OAz3g8$_$2,1.25,1.75,[0],"{""0"":0.4591847360134125}",0,verified,conflict,talknet_av_sync_conflict
-wny0OAz3g8$_$2,1.5,2.0,[0],"{""0"":1.01321342587471}",0,verified,conflict,talknet_av_sync_conflict
-wny0OAz3g8$_$2,1.75,2.25,[0],"{""0"":0.847827285528183}",0,verified,conflict,talknet_av_sync_conflict
-wny0OAz3g8$_$2,2.0,2.5,[0],"{""0"":0.633366048336029}",0,verified,conflict,talknet_av_sync_conflict
-wny0OAz3g8$_$2,2.25,2.75,[0],"{""0"":0.7452847361564636}",0,verified,conflict,talknet_av_sync_conflict
-wny0OAz3g8$_$2,2.5,3.0,[0],"{""0"":1.6480661034584045}",0,verified,conflict,talknet_av_sync_conflict
-wny0OAz3g8$_$2,2.75,3.25,[0],"{""0"":1.7945293188095093}",0,verified,conflict,talknet_av_sync_conflict
-wny0OAz3g8$_$2,3.0,3.5,[0],"{""0"":1.685519814491272}",0,verified,conflict,talknet_av_sync_conflict
-wny0OAz3g8$_$2,3.25,3.75,[0],"{""0"":1.2942273616790771}",0,verified,conflict,talknet_av_sync_conflict
-wny0OAz3g8$_$2,3.5,4.0,[0],"{""0"":1.3015766739845276}",0,verified,conflict,talknet_av_sync_conflict
-wny0OAz3g8$_$2,3.75,4.25,[0],"{""0"":1.3847624063491821}",0,verified,conflict,talknet_av_sync_conflict
-wny0OAz3g8$_$2,4.0,4.5,[0],"{""0"":1.4225263595581055}",0,verified,conflict,talknet_av_sync_conflict
-wny0OAz3g8$_$2,4.25,4.75,[0],"{""0"":1.3669638633728027}",0,verified,conflict,talknet_av_sync_conflict
-wny0OAz3g8$_$2,4.5,5.0,[0],"{""0"":0.7624029815196991}",0,verified,conflict,talknet_av_sync_conflict
-wny0OAz3g8$_$2,4.75,5.25,[0],"{""0"":0.5772144794464111}",0,verified,conflict,talknet_av_sync_conflict
-wny0OAz3g8$_$2,5.0,5.5,[0],"{""0"":0.6416606307029724}",0,verified,conflict,talknet_av_sync_conflict
-wny0OAz3g8$_$2,5.25,5.75,[0],"{""0"":0.7865428924560547}",0,verified,conflict,talknet_av_sync_conflict
-wny0OAz3g8$_$2,5.5,6.0,[0],"{""0"":-0.3462870121002197}",,no_active,neutral,
-wny0OAz3g8$_$2,5.75,6.25,"[0,2]","{""0"":-0.6255720853805542,""2"":null}",,no_active,neutral,
-wny0OAz3g8$_$2,6.0,6.5,"[0,2]","{""0"":-0.5437435507774353,""2"":null}",,no_active,neutral,
-wny0OAz3g8$_$2,6.25,6.666666666666666,[0],"{""0"":-0.846849262714386}",,no_active,neutral,
-wny0OAz3g8$_$2,6.5,6.666666666666666,[0],"{""0"":-0.9169697165489197}",,no_active,neutral,
-wny0OAz3g8$_$3,0.0,0.5,[0],"{""0"":-1.946625828742981}",,no_active,neutral,
-wny0OAz3g8$_$3,0.25,0.75,[0],"{""0"":-1.8749858140945435}",,no_active,neutral,
-wny0OAz3g8$_$3,0.5,1.0,[0],"{""0"":0.9978188276290894}",0,verified,neutral,
-wny0OAz3g8$_$3,0.75,1.25,[0],"{""0"":1.3712184429168701}",0,verified,neutral,
-wny0OAz3g8$_$3,1.0,1.5,[0],"{""0"":1.1622720956802368}",0,verified,neutral,
-wny0OAz3g8$_$3,1.25,1.75,[0],"{""0"":0.9973174929618835}",0,verified,neutral,
-wny0OAz3g8$_$3,1.5,2.0,[0],"{""0"":1.0257753729820251}",0,verified,neutral,
-wny0OAz3g8$_$3,1.75,2.25,[0],"{""0"":1.0417639017105103}",0,verified,neutral,
-wny0OAz3g8$_$3,2.0,2.5,[0],"{""0"":1.254737377166748}",0,verified,neutral,
-wny0OAz3g8$_$3,2.25,2.75,[0],"{""0"":1.754927635192871}",0,verified,neutral,
-wny0OAz3g8$_$3,2.5,3.0,[0],"{""0"":1.9210028648376465}",0,verified,neutral,
-wny0OAz3g8$_$3,2.75,3.25,[0],"{""0"":1.9629927277565002}",0,verified,neutral,
-wny0OAz3g8$_$3,3.0,3.5,[0],"{""0"":1.829340934753418}",0,verified,neutral,
-wny0OAz3g8$_$3,3.25,3.75,[0],"{""0"":1.6201845407485962}",0,verified,neutral,
-wny0OAz3g8$_$3,3.5,4.0,[0],"{""0"":1.084443986415863}",0,verified,neutral,
-wny0OAz3g8$_$3,3.75,4.25,[0],"{""0"":0.9767691195011139}",0,verified,neutral,
-wny0OAz3g8$_$3,4.0,4.5,[0],"{""0"":0.9288601875305176}",0,verified,neutral,
-wny0OAz3g8$_$3,4.25,4.75,[0],"{""0"":0.6538655757904053}",0,verified,neutral,
-wny0OAz3g8$_$3,4.5,5.0,[0],"{""0"":-0.5946368873119354}",,no_active,neutral,
-wny0OAz3g8$_$3,4.75,5.25,[0],"{""0"":-0.6170163154602051}",,no_active,neutral,
-wny0OAz3g8$_$3,5.0,5.5,[0],"{""0"":-0.4141818583011627}",,no_active,neutral,
-wny0OAz3g8$_$3,5.25,5.75,[0],"{""0"":-0.4117422252893448}",,no_active,neutral,
-wny0OAz3g8$_$3,5.5,6.0,[0],"{""0"":-0.9824502170085907}",,no_active,neutral,
-wny0OAz3g8$_$3,5.75,6.133333333333333,[0],"{""0"":-1.2459007501602173}",,no_active,neutral,
-wny0OAz3g8$_$3,6.0,6.133333333333333,[0],"{""0"":-1.3480111360549927}",,no_active,neutral,
-wny0OAz3g8$_$5,0.0,0.5,[0],"{""0"":0.931358277797699}",0,verified,conflict,talknet_av_sync_conflict
-wny0OAz3g8$_$5,0.25,0.75,"[0,1]","{""0"":0.7582006752490997,""1"":-1.5777824521064758}",0,verified,conflict,talknet_av_sync_conflict
-wny0OAz3g8$_$5,0.5,1.0,"[0,1]","{""0"":2.565120220184326,""1"":-1.5460044145584106}",0,verified,conflict,talknet_av_sync_conflict
-wny0OAz3g8$_$5,0.75,1.25,"[0,1]","{""0"":2.6641889810562134,""1"":-1.5240080952644348}",0,verified,conflict,talknet_av_sync_conflict
-wny0OAz3g8$_$5,1.0,1.5,[0],"{""0"":2.552375555038452}",0,verified,conflict,talknet_av_sync_conflict
-wny0OAz3g8$_$5,1.25,1.75,"[0,1]","{""0"":2.4509267807006836,""1"":-1.4601044654846191}",0,verified,conflict,talknet_av_sync_conflict
-wny0OAz3g8$_$5,1.5,2.0,"[0,1]","{""0"":2.6471774578094482,""1"":-1.4601044654846191}",0,verified,conflict,talknet_av_sync_conflict
-wny0OAz3g8$_$5,1.75,2.25,"[0,1]","{""0"":2.8793169260025024,""1"":-1.4319796562194824}",0,verified,conflict,talknet_av_sync_conflict
-wny0OAz3g8$_$5,2.0,2.5,"[0,1]","{""0"":2.8673694133758545,""1"":-1.5803462266921997}",0,verified,conflict,talknet_av_sync_conflict
-wny0OAz3g8$_$5,2.25,2.75,"[0,1]","{""0"":2.4377403259277344,""1"":-1.5803462266921997}",0,verified,conflict,talknet_av_sync_conflict
-wny0OAz3g8$_$5,2.5,3.0,"[0,1]","{""0"":2.0529407262802124,""1"":-1.4796239733695984}",0,verified,conflict,talknet_av_sync_conflict
-wny0OAz3g8$_$5,2.75,3.25,"[0,1]","{""0"":1.753698706626892,""1"":-1.4796239733695984}",0,verified,conflict,talknet_av_sync_conflict
-wny0OAz3g8$_$5,3.0,3.5,"[0,1]","{""0"":1.7578860521316528,""1"":-1.505459189414978}",0,verified,conflict,talknet_av_sync_conflict
-wny0OAz3g8$_$5,3.25,3.75,[0],"{""0"":1.996142029762268}",0,verified,conflict,talknet_av_sync_conflict
-wny0OAz3g8$_$5,3.5,4.0,[0],"{""0"":3.341821789741516}",0,verified,conflict,talknet_av_sync_conflict
-wny0OAz3g8$_$5,3.75,4.25,[0],"{""0"":3.354109525680542}",0,verified,conflict,talknet_av_sync_conflict
-wny0OAz3g8$_$5,4.0,4.5,[0],"{""0"":3.2921230792999268}",0,verified,conflict,talknet_av_sync_conflict
-wny0OAz3g8$_$5,4.25,4.75,[0],"{""0"":3.093846321105957}",0,verified,conflict,talknet_av_sync_conflict
-wny0OAz3g8$_$5,4.5,5.0,[0],"{""0"":2.5196081399917603}",0,verified,conflict,talknet_av_sync_conflict
-wny0OAz3g8$_$5,4.75,5.25,[0],"{""0"":2.5044217109680176}",0,verified,conflict,talknet_av_sync_conflict
-wny0OAz3g8$_$5,5.0,5.5,[0],"{""0"":2.3844316005706787}",0,verified,conflict,talknet_av_sync_conflict
-wny0OAz3g8$_$5,5.25,5.75,[0],"{""0"":2.2307698726654053}",0,verified,conflict,talknet_av_sync_conflict
-wny0OAz3g8$_$5,5.5,6.0,[0],"{""0"":2.1022993326187134}",0,verified,conflict,talknet_av_sync_conflict
-wny0OAz3g8$_$5,5.75,6.25,[0],"{""0"":2.1293128728866577}",0,verified,conflict,talknet_av_sync_conflict
-wny0OAz3g8$_$5,6.0,6.5,[0],"{""0"":0.3097710609436035}",0,verified,conflict,talknet_av_sync_conflict
-wny0OAz3g8$_$5,6.25,6.75,[0],"{""0"":-0.27183468639850616}",,no_active,neutral,
-wny0OAz3g8$_$5,6.5,6.8999999999999995,[0],"{""0"":-0.17350390553474426}",,no_active,neutral,
-wny0OAz3g8$_$5,6.75,6.8999999999999995,[0],"{""0"":null}",,no_active,neutral,
-wny0OAz3g8$_$7,0.0,0.5,[0],"{""0"":1.8285175561904907}",0,verified,neutral,
-wny0OAz3g8$_$7,0.25,0.75,[0],"{""0"":1.6704431176185608}",0,verified,neutral,
-wny0OAz3g8$_$7,0.5,1.0,[0],"{""0"":0.12918176129460335}",0,verified,neutral,
-wny0OAz3g8$_$7,0.75,1.25,[0],"{""0"":0.1731567606329918}",0,verified,neutral,
-wny0OAz3g8$_$7,1.0,1.5,[0],"{""0"":0.38942885398864746}",0,verified,neutral,
-wny0OAz3g8$_$7,1.25,1.75,[0],"{""0"":0.4705219268798828}",0,verified,neutral,
-wny0OAz3g8$_$7,1.5,2.0,[0],"{""0"":0.7712316513061523}",0,verified,neutral,
-wny0OAz3g8$_$7,1.75,2.25,[0],"{""0"":1.3912861347198486}",0,verified,neutral,
-wny0OAz3g8$_$7,2.0,2.5,[0],"{""0"":1.2677597999572754}",0,verified,neutral,
-wny0OAz3g8$_$7,2.25,2.75,[0],"{""0"":0.5106871724128723}",0,verified,neutral,
-wny0OAz3g8$_$7,2.5,3.0,[0],"{""0"":0.3979261517524719}",0,verified,neutral,
-wny0OAz3g8$_$7,2.75,3.25,[0],"{""0"":0.631043553352356}",0,verified,neutral,
-wny0OAz3g8$_$7,3.0,3.5,[0],"{""0"":1.0278271436691284}",0,verified,neutral,
-wny0OAz3g8$_$7,3.25,3.75,[0],"{""0"":1.2338284254074097}",0,verified,neutral,
-wny0OAz3g8$_$7,3.5,4.0,[0],"{""0"":0.9770591557025909}",0,verified,neutral,
-wny0OAz3g8$_$7,3.75,4.25,[0],"{""0"":0.6741264760494232}",0,verified,neutral,
-wny0OAz3g8$_$7,4.0,4.5,[0],"{""0"":0.35107794404029846}",0,verified,neutral,
-wny0OAz3g8$_$7,4.25,4.75,[0],"{""0"":0.2433815747499466}",0,verified,neutral,
-wny0OAz3g8$_$7,4.5,5.0,[0],"{""0"":0.6943853199481964}",0,verified,neutral,
-wny0OAz3g8$_$7,4.75,5.25,[0],"{""0"":0.6169784963130951}",0,verified,neutral,
-wny0OAz3g8$_$7,5.0,5.5,[0],"{""0"":0.30042514204978943}",0,verified,neutral,
-wny0OAz3g8$_$7,5.25,5.75,[0],"{""0"":0.8178308606147766}",0,verified,neutral,
-wny0OAz3g8$_$7,5.5,6.0,[0],"{""0"":1.483957588672638}",0,verified,neutral,
-wny0OAz3g8$_$7,5.75,6.25,[0],"{""0"":1.4635627269744873}",0,verified,neutral,
-wny0OAz3g8$_$7,6.0,6.5,[0],"{""0"":1.2339071035385132}",0,verified,neutral,
-wny0OAz3g8$_$7,6.25,6.75,[0],"{""0"":1.0782232284545898}",0,verified,neutral,
-wny0OAz3g8$_$7,6.5,7.0,[0],"{""0"":0.4241735339164734}",0,verified,neutral,
-wny0OAz3g8$_$7,6.75,7.25,[0],"{""0"":0.5026346296072006}",0,verified,neutral,
-wny0OAz3g8$_$7,7.0,7.5,[0],"{""0"":0.5537604689598083}",0,verified,neutral,
-wny0OAz3g8$_$7,7.25,7.75,[0],"{""0"":-0.18695198744535446}",,no_active,neutral,
-wny0OAz3g8$_$7,7.5,8.0,[0],"{""0"":-0.7574798762798309}",,no_active,neutral,
-wny0OAz3g8$_$7,7.75,8.066666666666666,[0],"{""0"":-0.8132091164588928}",,no_active,neutral,
-wny0OAz3g8$_$7,8.0,8.066666666666666,[0],"{""0"":null}",,no_active,neutral,
-wny0OAz3g8$_$9,0.0,0.5,[0],"{""0"":-0.5475946366786957}",,no_active,neutral,
-wny0OAz3g8$_$9,0.25,0.75,[0],"{""0"":0.6060929894447327}",0,verified,neutral,
-wny0OAz3g8$_$9,0.5,1.0,[0],"{""0"":1.9342514276504517}",0,verified,neutral,
-wny0OAz3g8$_$9,0.75,1.25,[0],"{""0"":2.088024139404297}",0,verified,neutral,
-wny0OAz3g8$_$9,1.0,1.5,[0],"{""0"":2.320862054824829}",0,verified,neutral,
-wny0OAz3g8$_$9,1.25,1.75,[0],"{""0"":2.164663076400757}",0,verified,neutral,
-wny0OAz3g8$_$9,1.5,2.0,[0],"{""0"":1.4272502660751343}",0,verified,neutral,
-wny0OAz3g8$_$9,1.75,2.25,[0],"{""0"":1.2688308954238892}",0,verified,neutral,
-wny0OAz3g8$_$9,2.0,2.5,[0],"{""0"":1.4931330680847168}",0,verified,neutral,
-wny0OAz3g8$_$9,2.25,2.75,[0],"{""0"":1.69945228099823}",0,verified,neutral,
-wny0OAz3g8$_$9,2.5,3.0,[0],"{""0"":1.9670956134796143}",0,verified,neutral,
-wny0OAz3g8$_$9,2.75,3.25,[0],"{""0"":2.3103861808776855}",0,verified,neutral,
-wny0OAz3g8$_$9,3.0,3.5,[0],"{""0"":2.0143868923187256}",0,verified,neutral,
-wny0OAz3g8$_$9,3.25,3.75,[0],"{""0"":1.1758643984794617}",0,verified,neutral,
-wny0OAz3g8$_$9,3.5,4.0,[0],"{""0"":0.8390280604362488}",0,verified,neutral,
-wny0OAz3g8$_$9,3.75,4.25,[0],"{""0"":0.8578992486000061}",0,verified,neutral,
-wny0OAz3g8$_$9,4.0,4.5,[0],"{""0"":1.014512062072754}",0,verified,neutral,
-wny0OAz3g8$_$9,4.25,4.75,[0],"{""0"":1.069978952407837}",0,verified,neutral,
-wny0OAz3g8$_$9,4.5,5.0,[0],"{""0"":0.7908233106136322}",0,verified,neutral,
-wny0OAz3g8$_$9,4.75,5.25,[0],"{""0"":0.7245526313781738}",0,verified,neutral,
-wny0OAz3g8$_$9,5.0,5.5,[0],"{""0"":0.5971103310585022}",0,verified,neutral,
-wny0OAz3g8$_$9,5.25,5.75,[0],"{""0"":0.4026423990726471}",0,verified,neutral,
-wny0OAz3g8$_$9,5.5,6.0,[0],"{""0"":-1.2841626405715942}",,no_active,neutral,
-wny0OAz3g8$_$9,5.75,6.2,[0],"{""0"":-1.2841626405715942}",,no_active,neutral,
-wny0OAz3g8$_$9,6.0,6.2,[0],"{""0"":-1.2841626405715942}",,no_active,neutral,
-yRb-Jum7EQ$_$1,0.0,0.5,"[0,1]","{""0"":-2.0326266288757324,""1"":-3.4433772563934326}",,no_active,neutral,
-yRb-Jum7EQ$_$1,0.25,0.75,"[0,1]","{""0"":-1.6699681282043457,""1"":-3.4715349674224854}",,no_active,neutral,
-yRb-Jum7EQ$_$1,0.5,1.0,"[0,1]","{""0"":-1.6699681282043457,""1"":-3.3122360706329346}",,no_active,neutral,
-yRb-Jum7EQ$_$1,0.75,1.25,"[0,1]","{""0"":-1.9378262758255005,""1"":-3.269225597381592}",,no_active,neutral,
-yRb-Jum7EQ$_$1,1.0,1.5,"[0,1]","{""0"":-2.441972494125366,""1"":-3.384523630142212}",,no_active,neutral,
-yRb-Jum7EQ$_$1,1.25,1.75,"[0,1]","{""0"":-2.456727981567383,""1"":-3.440887689590454}",,no_active,neutral,
-yRb-Jum7EQ$_$1,1.5,2.0,"[0,1]","{""0"":-2.361368417739868,""1"":-3.4069175720214844}",,no_active,neutral,
-yRb-Jum7EQ$_$1,1.75,2.25,"[0,1]","{""0"":-1.7772173881530762,""1"":-3.2259265184402466}",,no_active,neutral,
-yRb-Jum7EQ$_$1,2.0,2.5,"[0,1]","{""0"":-1.0409976243972778,""1"":-3.0386581420898438}",,no_active,neutral,
-yRb-Jum7EQ$_$1,2.25,2.75,"[0,1]","{""0"":-1.1088124513626099,""1"":-2.7701090574264526}",,no_active,neutral,
-yRb-Jum7EQ$_$1,2.5,3.0,"[0,1]","{""0"":-1.7689918279647827,""1"":-2.09806889295578}",,no_active,neutral,
-yRb-Jum7EQ$_$1,2.75,3.25,"[0,1]","{""0"":-1.5181976556777954,""1"":-2.6651428937911987}",,no_active,neutral,
-yRb-Jum7EQ$_$1,3.0,3.5,"[0,1]","{""0"":-1.119537353515625,""1"":-3.327556610107422}",,no_active,neutral,
-yRb-Jum7EQ$_$1,3.25,3.75,"[0,1]","{""0"":-1.089282751083374,""1"":-3.6299444437026978}",,no_active,neutral,
-yRb-Jum7EQ$_$1,3.5,4.0,"[0,1]","{""0"":-1.4390634298324585,""1"":-3.6353883743286133}",,no_active,neutral,
-yRb-Jum7EQ$_$1,3.75,4.25,"[0,1]","{""0"":-2.033725380897522,""1"":-3.6783530712127686}",,no_active,neutral,
-yRb-Jum7EQ$_$1,4.0,4.5,"[0,1]","{""0"":-2.1167988777160645,""1"":-3.709794759750366}",,no_active,neutral,
-yRb-Jum7EQ$_$1,4.25,4.75,"[0,1]","{""0"":-2.054033041000366,""1"":-3.6883339881896973}",,no_active,neutral,
-yRb-Jum7EQ$_$1,4.5,5.0,"[0,1]","{""0"":-1.9670301675796509,""1"":-3.549230694770813}",,no_active,neutral,
-yRb-Jum7EQ$_$1,4.75,5.25,"[0,1]","{""0"":-1.3474052548408508,""1"":-3.2353761196136475}",,no_active,neutral,
-yRb-Jum7EQ$_$1,5.0,5.5,"[0,1]","{""0"":-1.1624677181243896,""1"":-3.122182846069336}",,no_active,neutral,
-yRb-Jum7EQ$_$1,5.25,5.75,"[0,1]","{""0"":-1.406093955039978,""1"":-3.0090107917785645}",,no_active,neutral,
-yRb-Jum7EQ$_$1,5.5,6.0,"[0,1]","{""0"":-2.108690023422241,""1"":-3.313006281852722}",,no_active,neutral,
-yRb-Jum7EQ$_$1,5.75,6.25,"[0,1]","{""0"":-2.1730103492736816,""1"":-3.5285842418670654}",,no_active,neutral,
-yRb-Jum7EQ$_$1,6.0,6.5,"[0,1]","{""0"":-1.9967150688171387,""1"":-3.509572982788086}",,no_active,neutral,
-yRb-Jum7EQ$_$1,6.25,6.75,"[0,1]","{""0"":-1.9314683675765991,""1"":-3.2352497577667236}",,no_active,neutral,
-yRb-Jum7EQ$_$1,6.5,7.0,"[0,1]","{""0"":-2.0364394187927246,""1"":-2.577479839324951}",,no_active,neutral,
-yRb-Jum7EQ$_$1,6.75,7.25,[0],"{""0"":-2.11317241191864}",,no_active,neutral,
-yRb-Jum7EQ$_$1,7.0,7.5,[0],"{""0"":-2.1493337154388428}",,no_active,neutral,
-yRb-Jum7EQ$_$1,7.25,7.75,[0],"{""0"":-2.1868486404418945}",,no_active,neutral,
-yRb-Jum7EQ$_$1,7.5,8.0,[0],"{""0"":-1.460757851600647}",,no_active,neutral,
-yRb-Jum7EQ$_$1,7.75,8.25,[0],"{""0"":-1.0982035398483276}",,no_active,neutral,
-yRb-Jum7EQ$_$1,8.0,8.5,[0],"{""0"":-0.871407687664032}",,no_active,neutral,
-yRb-Jum7EQ$_$1,8.25,8.75,[0],"{""0"":-0.758885383605957}",,no_active,neutral,
-yRb-Jum7EQ$_$1,8.5,9.0,[0],"{""0"":-1.1457430124282837}",,no_active,neutral,
-yRb-Jum7EQ$_$1,8.75,9.25,[0],"{""0"":-1.579097330570221}",,no_active,neutral,
-yRb-Jum7EQ$_$1,9.0,9.5,[0],"{""0"":-1.5909748077392578}",,no_active,neutral,
-yRb-Jum7EQ$_$1,9.25,9.75,[0],"{""0"":-1.376604676246643}",,no_active,neutral,
-yRb-Jum7EQ$_$1,9.5,10.0,[0],"{""0"":-1.2636492252349854}",,no_active,neutral,
-yRb-Jum7EQ$_$1,9.75,10.25,[0],"{""0"":-1.4916752576828003}",,no_active,neutral,
-yRb-Jum7EQ$_$1,10.0,10.5,[0],"{""0"":-2.3599307537078857}",,no_active,neutral,
-yRb-Jum7EQ$_$1,10.25,10.75,[0],"{""0"":-2.6003456115722656}",,no_active,neutral,
-yRb-Jum7EQ$_$1,10.5,11.0,[0],"{""0"":-2.374554395675659}",,no_active,neutral,
-yRb-Jum7EQ$_$1,10.75,11.25,[0],"{""0"":-1.7482271194458008}",,no_active,neutral,
-yRb-Jum7EQ$_$1,11.0,11.5,[0],"{""0"":-1.2567602396011353}",,no_active,neutral,
-yRb-Jum7EQ$_$1,11.25,11.75,[0],"{""0"":-1.0141574144363403}",,no_active,neutral,
-yRb-Jum7EQ$_$1,11.5,12.0,[0],"{""0"":-0.9934455752372742}",,no_active,neutral,
-yRb-Jum7EQ$_$1,11.75,12.25,[0],"{""0"":-0.8504503965377808}",,no_active,neutral,
-yRb-Jum7EQ$_$1,12.0,12.5,[0],"{""0"":-0.8744885325431824}",,no_active,neutral,
-yRb-Jum7EQ$_$1,12.25,12.75,[0],"{""0"":-1.0397402048110962}",,no_active,neutral,
-yRb-Jum7EQ$_$1,12.5,13.0,[0],"{""0"":-1.2364420890808105}",,no_active,neutral,
-yRb-Jum7EQ$_$1,12.75,13.25,[0],"{""0"":-1.6228113770484924}",,no_active,neutral,
-yRb-Jum7EQ$_$1,13.0,13.5,[0],"{""0"":-1.6821417808532715}",,no_active,neutral,
-yRb-Jum7EQ$_$1,13.25,13.75,[0],"{""0"":-1.634334683418274}",,no_active,neutral,
-yRb-Jum7EQ$_$1,13.5,14.0,[0],"{""0"":-1.5726499557495117}",,no_active,neutral,
-yRb-Jum7EQ$_$1,13.75,14.25,[0],"{""0"":-1.4947149157524109}",,no_active,neutral,
-yRb-Jum7EQ$_$1,14.0,14.5,[0],"{""0"":-1.2169822454452515}",,no_active,neutral,
-yRb-Jum7EQ$_$1,14.25,14.75,[0],"{""0"":-0.9013307690620422}",,no_active,neutral,
-yRb-Jum7EQ$_$1,14.5,15.0,[0],"{""0"":-1.4020808935165405}",,no_active,neutral,
-yRb-Jum7EQ$_$1,14.75,15.25,[0],"{""0"":-1.2977724075317383}",,no_active,neutral,
-yRb-Jum7EQ$_$1,15.0,15.5,[0],"{""0"":-1.1073315143585205}",,no_active,neutral,
-yRb-Jum7EQ$_$1,15.25,15.75,[0],"{""0"":-1.169748306274414}",,no_active,neutral,
-yRb-Jum7EQ$_$1,15.5,16.0,[0],"{""0"":-0.9759028553962708}",,no_active,neutral,
-yRb-Jum7EQ$_$1,15.75,16.25,[0],"{""0"":-0.6636353433132172}",,no_active,neutral,
-yRb-Jum7EQ$_$1,16.0,16.5,[0],"{""0"":-0.7544733881950378}",,no_active,neutral,
-yRb-Jum7EQ$_$1,16.25,16.75,[0],"{""0"":-0.8793892860412598}",,no_active,neutral,
-yRb-Jum7EQ$_$1,16.5,17.0,[0],"{""0"":-1.2615121603012085}",,no_active,neutral,
-yRb-Jum7EQ$_$1,16.75,17.25,[0],"{""0"":-1.957628607749939}",,no_active,neutral,
-yRb-Jum7EQ$_$1,17.0,17.5,[0],"{""0"":-2.1046741008758545}",,no_active,neutral,
-yRb-Jum7EQ$_$1,17.25,17.75,[0],"{""0"":-1.8112610578536987}",,no_active,neutral,
-yRb-Jum7EQ$_$1,17.5,18.0,[0],"{""0"":-1.053162693977356}",,no_active,neutral,
-yRb-Jum7EQ$_$1,17.75,18.25,[0],"{""0"":-0.42936429381370544}",,no_active,neutral,
-yRb-Jum7EQ$_$1,18.0,18.5,[0],"{""0"":-0.6820451617240906}",,no_active,neutral,
-yRb-Jum7EQ$_$1,18.25,18.75,[0],"{""0"":-1.2803641557693481}",,no_active,neutral,
-yRb-Jum7EQ$_$1,18.5,19.0,[0],"{""0"":-1.4058899879455566}",,no_active,neutral,
-yRb-Jum7EQ$_$1,18.75,19.25,[0],"{""0"":-0.9761863648891449}",,no_active,neutral,
-yRb-Jum7EQ$_$1,19.0,19.5,[0],"{""0"":-1.0013786554336548}",,no_active,neutral,
-yRb-Jum7EQ$_$1,19.25,19.75,[0],"{""0"":-1.5008043050765991}",,no_active,neutral,
-yRb-Jum7EQ$_$1,19.5,20.0,[0],"{""0"":-1.5995674133300781}",,no_active,neutral,
-yRb-Jum7EQ$_$1,19.75,20.25,[0],"{""0"":-1.533783197402954}",,no_active,neutral,
-yRb-Jum7EQ$_$1,20.0,20.5,[0],"{""0"":-0.6908588409423828}",,no_active,neutral,
-yRb-Jum7EQ$_$1,20.25,20.75,[0],"{""0"":-0.6981909275054932}",,no_active,neutral,
-yRb-Jum7EQ$_$1,20.5,21.0,[0],"{""0"":-1.628008246421814}",,no_active,neutral,
-yRb-Jum7EQ$_$1,20.75,21.25,[0],"{""0"":-1.8025511503219604}",,no_active,neutral,
-yRb-Jum7EQ$_$1,21.0,21.5,[0],"{""0"":-1.6697133779525757}",,no_active,neutral,
-yRb-Jum7EQ$_$1,21.25,21.75,[0],"{""0"":-1.0567446947097778}",,no_active,neutral,
-yRb-Jum7EQ$_$1,21.5,22.0,[0],"{""0"":-0.7758665680885315}",,no_active,neutral,
-yRb-Jum7EQ$_$1,21.75,22.25,[0],"{""0"":-1.1129422783851624}",,no_active,neutral,
-yRb-Jum7EQ$_$1,22.0,22.5,[0],"{""0"":-1.5037474632263184}",,no_active,neutral,
-yRb-Jum7EQ$_$1,22.25,22.75,[0],"{""0"":-1.365699291229248}",,no_active,neutral,
-yRb-Jum7EQ$_$1,22.5,23.0,[0],"{""0"":-1.1145391464233398}",,no_active,neutral,
-yRb-Jum7EQ$_$1,22.75,23.25,[0],"{""0"":-0.7896140813827515}",,no_active,neutral,
-yRb-Jum7EQ$_$1,23.0,23.5,[0],"{""0"":-0.9036405682563782}",,no_active,neutral,
-yRb-Jum7EQ$_$1,23.25,23.75,[0],"{""0"":-0.9414825439453125}",,no_active,neutral,
-yRb-Jum7EQ$_$1,23.5,24.0,[0],"{""0"":-0.991166353225708}",,no_active,neutral,
-yRb-Jum7EQ$_$1,23.75,24.25,[0],"{""0"":-1.0068895816802979}",,no_active,neutral,
-yRb-Jum7EQ$_$1,24.0,24.5,[0],"{""0"":-0.925833523273468}",,no_active,neutral,
-yRb-Jum7EQ$_$1,24.25,24.75,[0],"{""0"":-1.1660598516464233}",,no_active,neutral,
-yRb-Jum7EQ$_$1,24.5,25.0,[0],"{""0"":-1.1810758113861084}",,no_active,neutral,
-yRb-Jum7EQ$_$1,24.75,25.25,[0],"{""0"":-1.1640754342079163}",,no_active,neutral,
-yRb-Jum7EQ$_$1,25.0,25.5,[0],"{""0"":-1.1040352582931519}",,no_active,neutral,
-yRb-Jum7EQ$_$1,25.25,25.75,[0],"{""0"":-0.7636545300483704}",,no_active,neutral,
-yRb-Jum7EQ$_$1,25.5,26.0,[0],"{""0"":-0.678988516330719}",,no_active,neutral,
-yRb-Jum7EQ$_$1,25.75,26.25,[0],"{""0"":-1.1190815567970276}",,no_active,neutral,
-yRb-Jum7EQ$_$1,26.0,26.5,[0],"{""0"":-2.1663527488708496}",,no_active,neutral,
-yRb-Jum7EQ$_$1,26.25,26.75,[0],"{""0"":-2.1663527488708496}",,no_active,neutral,
-yRb-Jum7EQ$_$1,26.5,27.0,[0],"{""0"":-2.0140931606292725}",,no_active,neutral,
-yRb-Jum7EQ$_$1,26.75,27.25,[0],"{""0"":-1.41984224319458}",,no_active,neutral,
-yRb-Jum7EQ$_$1,27.0,27.5,[0],"{""0"":-1.340016484260559}",,no_active,neutral,
-yRb-Jum7EQ$_$1,27.25,27.75,[0],"{""0"":-1.408789038658142}",,no_active,neutral,
-yRb-Jum7EQ$_$1,27.5,28.0,[0],"{""0"":-1.3378552198410034}",,no_active,neutral,
-yRb-Jum7EQ$_$1,27.75,28.25,[0],"{""0"":-0.7269996702671051}",,no_active,neutral,
-yRb-Jum7EQ$_$1,28.0,28.5,[0],"{""0"":-0.5783012509346008}",,no_active,neutral,
-yRb-Jum7EQ$_$1,28.25,28.75,[0],"{""0"":-0.7235965728759766}",,no_active,neutral,
-yRb-Jum7EQ$_$1,28.5,29.0,[0],"{""0"":-1.0587248802185059}",,no_active,neutral,
-yRb-Jum7EQ$_$1,28.75,29.25,[0],"{""0"":-1.2988975048065186}",,no_active,neutral,
-yRb-Jum7EQ$_$1,29.0,29.266666666666666,[0],"{""0"":-1.526085078716278}",,no_active,neutral,
-yRb-Jum7EQ$_$1,29.25,29.266666666666666,[0],"{""0"":null}",,no_active,neutral,
-yRb-Jum7EQ$_$5,0.0,0.5,[0],"{""0"":-1.3002194166183472}",,no_active,neutral,
-yRb-Jum7EQ$_$5,0.25,0.75,[0],"{""0"":-2.0391945838928223}",,no_active,neutral,
-yRb-Jum7EQ$_$5,0.5,1.0,[0],"{""0"":-1.977704405784607}",,no_active,neutral,
-yRb-Jum7EQ$_$5,0.75,1.25,[0],"{""0"":-1.3586017489433289}",,no_active,neutral,
-yRb-Jum7EQ$_$5,1.0,1.5,[0],"{""0"":-1.5461446046829224}",,no_active,neutral,
-yRb-Jum7EQ$_$5,1.25,1.75,[0],"{""0"":-2.008925199508667}",,no_active,neutral,
-yRb-Jum7EQ$_$5,1.5,2.0,[0],"{""0"":-2.440025568008423}",,no_active,neutral,
-yRb-Jum7EQ$_$5,1.75,2.25,[0],"{""0"":-2.7039427757263184}",,no_active,neutral,
-yRb-Jum7EQ$_$5,2.0,2.5,"[0,1]","{""0"":-2.893463134765625,""1"":-2.1332809925079346}",,no_active,neutral,
-yRb-Jum7EQ$_$5,2.25,2.75,"[0,1]","{""0"":-2.7531521320343018,""1"":-2.1178207397460938}",,no_active,neutral,
-yRb-Jum7EQ$_$5,2.5,3.0,"[0,1]","{""0"":-2.0864169597625732,""1"":-2.1038472652435303}",,no_active,neutral,
-yRb-Jum7EQ$_$5,2.75,3.25,[0],"{""0"":-2.0409666299819946}",,no_active,neutral,
-yRb-Jum7EQ$_$5,3.0,3.5,[0],"{""0"":-2.0032541751861572}",,no_active,neutral,
-yRb-Jum7EQ$_$5,3.25,3.75,[0],"{""0"":-1.7446900606155396}",,no_active,neutral,
-yRb-Jum7EQ$_$5,3.5,4.0,[0],"{""0"":-1.4849720001220703}",,no_active,neutral,
-yRb-Jum7EQ$_$5,3.75,4.25,[0],"{""0"":-1.3873618245124817}",,no_active,neutral,
-yRb-Jum7EQ$_$5,4.0,4.5,[0],"{""0"":-1.2593375444412231}",,no_active,neutral,
-yRb-Jum7EQ$_$5,4.25,4.75,[0],"{""0"":-1.2239488363265991}",,no_active,neutral,
-yRb-Jum7EQ$_$5,4.5,5.0,[0],"{""0"":-1.272661566734314}",,no_active,neutral,
-yRb-Jum7EQ$_$5,4.75,5.25,[0],"{""0"":-1.1018542051315308}",,no_active,neutral,
-yRb-Jum7EQ$_$5,5.0,5.5,[0],"{""0"":-0.968266487121582}",,no_active,neutral,
-yRb-Jum7EQ$_$5,5.25,5.75,[0],"{""0"":-0.9195079207420349}",,no_active,neutral,
-yRb-Jum7EQ$_$5,5.5,6.0,[0],"{""0"":-0.9882085919380188}",,no_active,neutral,
-yRb-Jum7EQ$_$5,5.75,6.25,[0],"{""0"":-0.5443724691867828}",,no_active,neutral,
-yRb-Jum7EQ$_$5,6.0,6.5,[0],"{""0"":0.8719084858894348}",0,verified,conflict,talknet_av_sync_conflict
-yRb-Jum7EQ$_$5,6.25,6.75,[0],"{""0"":0.7076129913330078}",0,verified,conflict,talknet_av_sync_conflict
-yRb-Jum7EQ$_$5,6.5,7.0,[0],"{""0"":-0.5439870953559875}",,no_active,neutral,
-yRb-Jum7EQ$_$5,6.75,7.25,[0],"{""0"":-0.9064801931381226}",,no_active,neutral,
-yRb-Jum7EQ$_$5,7.0,7.5,[0],"{""0"":-0.6948017477989197}",,no_active,neutral,
-yRb-Jum7EQ$_$5,7.25,7.75,[0],"{""0"":0.031141012907028198}",0,verified,conflict,talknet_av_sync_conflict
-yRb-Jum7EQ$_$5,7.5,8.0,[0],"{""0"":0.29461678862571716}",0,verified,conflict,talknet_av_sync_conflict
-yRb-Jum7EQ$_$5,7.75,8.25,[0],"{""0"":0.05840412061661482}",0,verified,conflict,talknet_av_sync_conflict
-yRb-Jum7EQ$_$5,8.0,8.5,[0],"{""0"":-0.5312371850013733}",,no_active,neutral,
-yRb-Jum7EQ$_$5,8.25,8.75,[0],"{""0"":-0.7598846554756165}",,no_active,neutral,
-yRb-Jum7EQ$_$5,8.5,9.0,[0],"{""0"":-0.5213310718536377}",,no_active,neutral,
-yRb-Jum7EQ$_$5,8.75,9.25,[0],"{""0"":-0.6596173048019409}",,no_active,neutral,
-yRb-Jum7EQ$_$5,9.0,9.5,[0],"{""0"":-1.0549732446670532}",,no_active,neutral,
-yRb-Jum7EQ$_$5,9.25,9.75,[0],"{""0"":-0.9314170479774475}",,no_active,neutral,
-yRb-Jum7EQ$_$5,9.5,10.0,[0],"{""0"":-0.7096390724182129}",,no_active,neutral,
-yRb-Jum7EQ$_$5,9.75,10.25,[0],"{""0"":-1.0209407210350037}",,no_active,neutral,
-yRb-Jum7EQ$_$5,10.0,10.5,[0],"{""0"":-1.1811341047286987}",,no_active,neutral,
-yRb-Jum7EQ$_$5,10.25,10.75,[0],"{""0"":-1.1260310411453247}",,no_active,neutral,
-yRb-Jum7EQ$_$5,10.5,11.0,[0],"{""0"":-0.9693746566772461}",,no_active,neutral,
-yRb-Jum7EQ$_$5,10.75,11.25,[0],"{""0"":-0.720972329378128}",,no_active,neutral,
-yRb-Jum7EQ$_$5,11.0,11.5,[0],"{""0"":-0.38747546076774597}",,no_active,neutral,
-yRb-Jum7EQ$_$5,11.25,11.75,[0],"{""0"":-0.4077761471271515}",,no_active,neutral,
-yRb-Jum7EQ$_$5,11.5,12.0,[0],"{""0"":-1.2740105390548706}",,no_active,neutral,
-yRb-Jum7EQ$_$5,11.75,12.25,[0],"{""0"":-1.6230910420417786}",,no_active,neutral,
-yRb-Jum7EQ$_$5,12.0,12.5,[0],"{""0"":-1.698940396308899}",,no_active,neutral,
-yRb-Jum7EQ$_$5,12.25,12.75,[0],"{""0"":-1.6252845525741577}",,no_active,neutral,
-yRb-Jum7EQ$_$5,12.5,13.0,[0],"{""0"":-1.5266920328140259}",,no_active,neutral,
-yRb-Jum7EQ$_$5,12.75,13.166666666666666,[0],"{""0"":-1.4438966512680054}",,no_active,neutral,
-yRb-Jum7EQ$_$5,13.0,13.166666666666666,[0],"{""0"":null}",,no_active,neutral,
-yRb-Jum7EQ$_$6,0.0,0.5,[0],"{""0"":-1.4175862073898315}",,no_active,neutral,
-yRb-Jum7EQ$_$6,0.25,0.75,[0],"{""0"":-1.0106648206710815}",,no_active,neutral,
-yRb-Jum7EQ$_$6,0.5,1.0,[0],"{""0"":-0.5679671168327332}",,no_active,neutral,
-yRb-Jum7EQ$_$6,0.75,1.25,[0],"{""0"":0.37028196454048157}",0,verified,neutral,
-yRb-Jum7EQ$_$6,1.0,1.5,[0],"{""0"":0.11813285946846008}",0,verified,neutral,
-yRb-Jum7EQ$_$6,1.25,1.75,[0],"{""0"":-0.5438239574432373}",,no_active,neutral,
-yRb-Jum7EQ$_$6,1.5,2.0,[0],"{""0"":-0.4809747636318207}",,no_active,neutral,
-yRb-Jum7EQ$_$6,1.75,2.25,[0],"{""0"":-0.8284448385238647}",,no_active,neutral,
-yRb-Jum7EQ$_$6,2.0,2.5,[0],"{""0"":-0.695760190486908}",,no_active,neutral,
-yRb-Jum7EQ$_$6,2.25,2.75,[0],"{""0"":-0.33251914381980896}",,no_active,neutral,
-yRb-Jum7EQ$_$6,2.5,3.0,[0],"{""0"":-1.7926735877990723}",,no_active,neutral,
-yRb-Jum7EQ$_$6,2.75,3.25,[0],"{""0"":-2.5091384649276733}",,no_active,neutral,
-yRb-Jum7EQ$_$6,3.0,3.5,[0],"{""0"":-2.7437150478363037}",,no_active,neutral,
-yRb-Jum7EQ$_$6,3.25,3.75,[0],"{""0"":-2.7022387981414795}",,no_active,neutral,
-yRb-Jum7EQ$_$6,3.5,4.0,[0],"{""0"":-2.0603456497192383}",,no_active,neutral,
-yRb-Jum7EQ$_$6,3.75,4.25,[0],"{""0"":-0.770424135029316}",,no_active,neutral,
-yRb-Jum7EQ$_$6,4.0,4.5,[0],"{""0"":-0.10676547139883041}",,no_active,neutral,
-yRb-Jum7EQ$_$6,4.25,4.75,[0],"{""0"":-0.5687229037284851}",,no_active,neutral,
-yRb-Jum7EQ$_$6,4.5,5.0,[0],"{""0"":-1.2474806308746338}",,no_active,neutral,
-yRb-Jum7EQ$_$6,4.75,5.25,[0],"{""0"":-1.399536669254303}",,no_active,neutral,
-yRb-Jum7EQ$_$6,5.0,5.5,[0],"{""0"":-1.4767831563949585}",,no_active,neutral,
-yRb-Jum7EQ$_$6,5.25,5.75,[0],"{""0"":-1.102177619934082}",,no_active,neutral,
-yRb-Jum7EQ$_$6,5.5,6.0,[0],"{""0"":-0.933445155620575}",,no_active,neutral,
-yRb-Jum7EQ$_$6,5.75,6.25,[0],"{""0"":-0.9727260768413544}",,no_active,neutral,
-yRb-Jum7EQ$_$6,6.0,6.5,[0],"{""0"":-1.0593855381011963}",,no_active,neutral,
-yRb-Jum7EQ$_$6,6.25,6.75,[0],"{""0"":-0.9396109580993652}",,no_active,neutral,
-yRb-Jum7EQ$_$6,6.5,7.0,[0],"{""0"":-0.8180282711982727}",,no_active,neutral,
-yRb-Jum7EQ$_$6,6.75,7.25,[0],"{""0"":-1.6100035309791565}",,no_active,neutral,
-yRb-Jum7EQ$_$6,7.0,7.5,[0],"{""0"":-1.890649676322937}",,no_active,neutral,
-yRb-Jum7EQ$_$6,7.25,7.75,[0],"{""0"":-1.890649676322937}",,no_active,neutral,
-yRb-Jum7EQ$_$6,7.5,8.0,[0],"{""0"":-1.9837566614151}",,no_active,neutral,
-yRb-Jum7EQ$_$6,7.75,8.25,[0],"{""0"":-2.376703977584839}",,no_active,neutral,
-yRb-Jum7EQ$_$6,8.0,8.5,[0],"{""0"":-3.128727674484253}",,no_active,neutral,
-yRb-Jum7EQ$_$6,8.25,8.75,[0],"{""0"":-3.2041385173797607}",,no_active,neutral,
-yRb-Jum7EQ$_$6,8.5,9.0,[0],"{""0"":-3.170356512069702}",,no_active,neutral,
-yRb-Jum7EQ$_$6,8.75,9.25,[0],"{""0"":-2.6347469091415405}",,no_active,neutral,
-yRb-Jum7EQ$_$6,9.0,9.5,[0],"{""0"":-2.5614538192749023}",,no_active,neutral,
-yRb-Jum7EQ$_$6,9.25,9.75,[0],"{""0"":-2.5986156463623047}",,no_active,neutral,
-yRb-Jum7EQ$_$6,9.5,10.0,[0],"{""0"":-1.9616421461105347}",,no_active,neutral,
-yRb-Jum7EQ$_$6,9.75,10.25,[0],"{""0"":-1.2979149222373962}",,no_active,neutral,
-yRb-Jum7EQ$_$6,10.0,10.5,[0],"{""0"":-1.215034008026123}",,no_active,neutral,
-yRb-Jum7EQ$_$6,10.25,10.75,[0],"{""0"":-1.1414436101913452}",,no_active,neutral,
-yRb-Jum7EQ$_$6,10.5,11.0,[0],"{""0"":-0.9992712140083313}",,no_active,neutral,
-yRb-Jum7EQ$_$6,10.75,11.242539682539682,[0],"{""0"":-1.3149700164794922}",,no_active,neutral,
-yRb-Jum7EQ$_$6,11.0,11.242539682539682,[0],"{""0"":-1.475181221961975}",,no_active,neutral,
