sample_id,input_status,duration,audio_offset,video_stream_index,audio_stream_index,first_pts_difference_s,terminal_difference_s,audio_discontinuous,audio_frame_count,video_frame_count,bad_audio_frame_count,bad_video_frame_count,resample_duration_difference_s,selected_video_frames,media_issues,spoken_words,accepted_words,aligned_word_fraction,low_score_words,low_score_word_fraction,unlocated_words,first_accepted_word_start_s,last_accepted_word_end_s,first_word_boundary_distance_s,last_word_boundary_distance_s,diagnostic_wer,pairing_status,diagnostic_transcript,normalized_reference,paired_use,vision_successful_candidates,vision_episode_count,vision_scene_break_count,vision_single_visible_assumption,vision_eligible_rows,vision_eligible_fraction,automatic_check_status,automatic_issue_count,review_scope
-3g5yACwYnA$_$13,ok,5.5,0.0,0,1,0.0,-0.1009070294784582,False,233,163,0,0,3.202947847835702e-05,137,"[{""type"": ""unsampled_video_grid"", ""start"": null, ""end"": null, ""evidence"": ""1 target-grid positions had no source display interval""}]",15,15,1.0,0,0.0,[],0.9140565476190474,4.611752604166666,0.9140565476190474,0.8882473958333339,0.4,no_issue_detected,THAT WE DO OH THEY'VE BEEN ABLE TO FIND SOLUTIONS OR AT SPRING SOME ANSWERS TO THE TABLE,THEY'VE BEEN ABLE TO FIND SOLUTIONS OR AT LEAST BRING SOME ANSWERS TO THE TABLE,1,137,1,0,True,137,1.0,completed,0,[]
-3g5yACwYnA$_$2,ok,9.366666666666667,0.0,0,1,0.0,-0.1353741496598637,False,398,278,0,0,1.9982993238798485e-05,232,"[{""type"": ""unsampled_video_grid"", ""start"": null, ""end"": null, ""evidence"": ""3 target-grid positions had no source display interval""}]",14,14,1.0,0,0.0,[],2.4270015243902434,7.606987478222996,2.4270015243902434,1.7596791884436715,0.6428571428571429,no_issue_detected,RATS U KEY BRAINS A KEEPOLER BRINGS A TECHNICAL ASPECT TO A OUR OPERATION THAT WE DON'T HAVE INTERNALLY U WE ARE,KEY POLYMER BRINGS A TECHNICAL ASPECT TO OUR OPERATION THAT WE DON'T HAVE INTERNALLY,1,232,1,0,True,232,1.0,completed,0,[]
-3g5yACwYnA$_$3,ok,14.366666666666667,0.0,0,1,0.0,-0.038798185941042,False,618,431,0,0,6.519274313276924e-06,360,[],29,29,1.0,0,0.0,[],0.2884807046979866,12.132216303131994,0.2884807046979866,2.2344503635346733,0.3103448275862069,no_issue_detected,WE'RE A HUGE AH USER OF ADHESSIS FOR OUR OPERATION CALLED WALKING AND WE DON'T HAVE THE TECHNICAL INSIDE FROM COMPOUNDING OR THE TECHNICAL EX IS TO DO THESE TYPES OF THINGS SO A KEY,WE'RE A HUGE USER OF ADHESIVES FOR OUR OPERATION CALLED FLOCKING AND WE DON'T HAVE THE TECHNICAL INSIDE COMPOUNDING OR THE TECHNICAL EXPERTISE TO DO THESE TYPES OF THINGS,1,360,1,0,True,360,1.0,completed,0,[]
-3g5yACwYnA$_$9,ok,8.799999999999999,0.0,0,1,0.0,-0.1038548752834458,False,375,263,0,0,-2.012471649948111e-05,219,"[{""type"": ""unsampled_video_grid"", ""start"": null, ""end"": null, ""evidence"": ""1 target-grid positions had no source display interval""}]",21,21,1.0,0,0.0,[],0.3690237546125461,8.038300046125462,0.3690237546125461,0.7616999538745368,0.3043478260869565,no_issue_detected,WE HAVE MANY A NEW OPPORTUNITIES THROUGH THE WAY THINGS HAVE CHANCE THROUGH THE YEARS I AM LOOKING FOR NEW NICHE HIGH END VALUE OUT OF PRODUCTS AND,WE HAVE MANY NEW OPPORTUNITIES THROUGH THE WAY THINGS HAVE CHANGED THROUGH THE YEARS LOOKING FOR NEW NICHE HIGH END VALUE ADDED PRODUCTS,1,219,1,0,True,219,1.0,completed,0,[]
-3nNcZdcdvU$_$5,ok,7.866666666666666,0.0,0,1,0.0,-0.078095238095238,False,336,236,0,0,-8.92857136491898e-06,197,[],18,18,1.0,0,0.0,[],0.2574731404958678,6.967866864669421,0.2574731404958678,0.898799801997245,0.1666666666666666,no_issue_detected,NON COMPLIANCE CAN RESOLVE IN LEGAL LIABILITY TO YOU AND TO THE SCHOOL DISTRICT IN WHICH YOU ARE EMPLOYED,NONCOMPLIANCE CAN RESULT IN LEGAL LIABILITY TO YOU AND TO THE SCHOOL DISTRICT IN WHICH YOU ARE EMPLOYED,1,197,1,0,True,197,1.0,completed,0,[]
-571d8cVauQ$_$0,ok,5.166666666666666,0.0,0,1,0.0,-0.1743764172335602,False,215,152,0,0,2.225056690630112e-05,127,"[{""type"": ""unsampled_video_grid"", ""start"": null, ""end"": null, ""evidence"": ""3 target-grid positions had no source display interval""}]",12,12,1.0,0,0.0,[],0.6272963709677419,4.13878810483871,0.6272963709677419,1.027878561827956,0.4166666666666667,no_issue_detected,MISSUS RED WGER WHITE CASPING STUDIOS ON BEHALF OF EXPERT VILLAGE,THIS IS RHETT REIGER WHITE CASPIAN STUDIOS ON BEHALF OF EXPERT VILLAGE,1,119,1,0,True,119,0.937007874015748,completed,0,[]
-571d8cVauQ$_$5,ok,15.266666666666666,0.0,0,1,0.0,-0.1514058956916084,False,651,455,0,0,-1.0770975135798722e-05,380,"[{""type"": ""unsampled_video_grid"", ""start"": null, ""end"": null, ""evidence"": ""2 target-grid positions had no source display interval""}]",43,43,1.0,0,0.0,[],0.2406886942675159,14.26481661358811,0.2406886942675159,1.001850053078556,0.1162790697674418,no_issue_detected,US SO VERY IMPORTANT TO GO OUT TO THE LOCATIONS WALK AROUND TALK WITH THE OWNERS IF YOU CAN TELL THEM WHAT YOU'RE DOING BUILD A LITTLE EXCITEMENT PUT A LITTLE GLIMPSELITS ON THERE AND LET EVERYBODY KNOW THIS IS A VERY VALUABLE SPOT THIS IS,SO VERY IMPORTANT TO GO OUT TO THE LOCATIONS WALK AROUND TALK WITH THE OWNERS IF YOU CAN TELL THEM WHAT YOU'RE DOING BUILD A LITTLE EXCITEMENT PUT A LITTLE GLITZ ON THERE AND LET EVERYBODY KNOWS THIS IS A VERY VALUABLE SPOT,1,380,1,0,True,380,1.0,completed,0,[]
-6rXp3zJ3kc$_$8,ok,12.8,0.0,0,1,0.0,-0.0620181405895667,False,549,384,0,0,1.814058953719666e-05,320,[],34,34,1.0,0,0.0,[],0.2245994962216624,11.855644836272038,0.2245994962216624,0.9443551637279608,0.1176470588235294,no_issue_detected,AWAREOF MANY PEOPLE ARE NOT UNTIL THEY GET TO BE A OLDER AGE AND THEY REALIZE THAT GOSHHAVE THEY'VE WASTED A LOT OF TIME AND MONEY IN IN PLACING BETS ON STOCK THAT'S ULTIMATELY LOST VALUE,MANY PEOPLE ARE NOT UNTIL THEY GET TO BE A OLDER AGE AND THEY REALIZE THAT GOSH THEY WASTED A LOT OF TIME AND MONEY IN PLACING BETS ON STOCK THAT'S ULTIMATELY LOST VALUE,1,320,1,0,True,320,1.0,completed,0,[]
-9y-fZ3swSY$_$0,ok,6.9,0.0,0,1,0.0,-0.1429931972789111,False,291,205,0,0,-6.80272104425228e-06,172,"[{""type"": ""unsampled_video_grid"", ""start"": null, ""end"": null, ""evidence"": ""1 target-grid positions had no source display interval""}]",22,21,0.9545454545454546,1,0.0454545454545454,"[{""word_id"": 1, ""raw_word"": ""you"", ""reasons"": [""low_ctc_score""]}]",0.0482642857142857,6.161740476190476,0.0482642857142857,0.7382595238095231,0.5,no_issue_detected,AS IF EVENTS SAY HEY THEN WHAT I REALLY LIKE BABY'S KID IS SO SOFT THEY DON'T HAVE ANY HAIR ON THEIR FACE AT SOME,IS YOU CAN SAY HEY I REALLY LIKE BABY SKIN THEY ARE SO SOFT THEY DON'T HAVE ANY HAIR ON THEIR FACE,1,172,1,0,True,172,1.0,completed,0,[]
-9y-fZ3swSY$_$4,ok,2.8,0.0,0,1,0.0,-0.135192743764172,False,115,81,0,0,5.24376416999317e-06,67,"[{""type"": ""unsampled_video_grid"", ""start"": null, ""end"": null, ""evidence"": ""3 target-grid positions had no source display interval""}]",9,9,1.0,0,0.0,[],0.1137419969512195,2.3560842225609755,0.1137419969512195,0.4439157774390243,0.2222222222222222,no_issue_detected,I'VE SEEN THIS IN UEST OR IN THE UT,I'VE SEEN THIS IN US OR IN THE US,1,67,1,0,True,67,1.0,completed,0,[]
-9y-fZ3swSY$_$8,ok,4.966666666666667,0.0,0,1,0.0,-0.0496598639455783,False,212,149,0,0,-6.802721077114882e-06,125,[],12,12,1.0,0,0.0,[],0.1124803921568627,4.0975,0.1124803921568627,0.8691666666666666,0.0833333333333333,unverifiable,THAT'S A MORE DECENT AND MORE POLITE WAY TO CALL A LADY A,THAT'S A MORE DECENT AND MORE POLITE WAY TO CALL A LADY,0,108,2,0,False,0,0.0,completed,2,"[{""sample_id"": ""-9y-fZ3swSY$_$8"", ""issue_type"": ""identity_unknown"", ""start"": ""0.000000"", ""end"": ""4.966667"", ""review_status"": ""unresolved"", ""reviewer"": ""Codex_evidence_review_20260924"", ""evidence"": ""Viewed identity_contact_01.jpg at 0.733s(frame 20), 2.467s(frame 63), 4.200s(frame 106); episode_count=2, successful_candidates=108. Still-frame evidence was inspected, but it cannot reliably bind every OpenFace face_id/episode to the speaking target across the full clip; no target segment released."", ""action"": ""keep_unresolved""}]"
-AUZQgSxyPQ$_$2,ok,22.5,0.0,0,1,0.0,-0.0954648526077122,False,965,674,0,0,2.7352607972375157e-05,562,"[{""type"": ""unsampled_video_grid"", ""start"": null, ""end"": null, ""evidence"": ""1 target-grid positions had no source display interval""}]",41,41,1.0,0,0.0,[],0.2083399946351931,21.74749020922747,0.2083399946351931,0.7525097907725318,0.4390243902439024,no_issue_detected,THE PERFECT SOUL MADE TO A CLARSIC SPOT THEREY BRUSH THIS GENTLE PAGE BALANCED AND HYDRATING EXPPOLLIENT CONTAINS AHOBU IN AKAI CRU OIL WITH BAMBOO AND PRICKLY BARE EXTRACTS THESE DELIVERED INTENSE HEALING WHILE SMOOTH GRANIALS BUFF AWAY DEAD DRY SKIN SAILS,THE PERFECT SOUL MATE TO THE CLARISONIC SPOT THERAPY BRUSH THIS GENTLE PH BALANCED AND HYDRATING EXFOLIANT CONTAINING JOJOBA AND ACAI FRUIT OILS AND BAMBOO AND PRICKLY BEAR EXTRACTS DELIVER INTENSE HEALING WHILE SMOOTH GRANULES BUFF AWAY DEAD DRY SKIN CELLS,1,562,1,0,True,562,1.0,completed,0,[]
-HeZS2-Prhc$_$2,ok,8.233333333333333,0.0,0,1,0.0,-0.0824716553287974,False,352,246,0,0,1.332199552805946e-05,205,"[{""type"": ""unsampled_video_grid"", ""start"": null, ""end"": null, ""evidence"": ""1 target-grid positions had no source display interval""}]",16,16,1.0,0,0.0,[],1.2007731299212598,7.332578494094488,1.2007731299212598,0.9007548392388448,0.625,no_issue_detected,TO DAY AH THE AUGUST JOB'S REPORT IS OUT AND IT WAS SEEN OVER ALL A SOLID BUT NOT CRA THE REPORT,THE AUGUST JOBS REPORT IS OUT AND IT WAS SEEN OVERALL AS SOLID BUT NOT GREAT,1,205,1,0,True,205,1.0,completed,0,[]
-HwX2H8Z4hY$_$2,ok,3.9666666666666655,0.0,0,1,0.0,-0.0508390022675731,False,169,119,0,0,-1.51643990973227e-05,100,[],7,5,0.7142857142857143,2,0.2857142857142857,"[{""word_id"": 2, ""raw_word"": ""Ronald"", ""reasons"": [""low_ctc_score""]}, {""word_id"": 3, ""raw_word"": ""Reagan:]"", ""reasons"": [""low_ctc_score""]}]",0.8268455578512397,3.090579287190083,0.8268455578512397,0.8760873794765835,0.4285714285714285,unverifiable,MEDIOCRITY LOOK AT THE RECORD,PRESIDENT RONALD REAGAN LOOK AT THE RECORD,0,19,2,0,False,0,0.0,completed,4,"[{""sample_id"": ""-HwX2H8Z4hY$_$2"", ""issue_type"": ""identity_unknown"", ""start"": ""0.000000"", ""end"": ""3.966667"", ""review_status"": ""unresolved"", ""reviewer"": ""Codex_evidence_review_20260924"", ""evidence"": ""Viewed identity_contact_01.jpg at 0.600s(frame 16), 2.000s(frame 51), 3.333s(frame 85); episode_count=2, successful_candidates=19. Still-frame evidence was inspected, but it cannot reliably bind every OpenFace face_id/episode to the speaking target across the full clip; no target segment released."", ""action"": ""keep_unresolved""}, {""sample_id"": ""-HwX2H8Z4hY$_$2"", ""issue_type"": ""low_aligned_word_fraction"", ""start"": ""0.000000"", ""end"": ""3.966667"", ""review_status"": ""unresolved"", ""reviewer"": ""Codex_evidence_review_20260924"", ""evidence"": ""Inspected words.jsonl/CTC timeline for 0.000000-3.966667s: accepted=5/7, diagnostic_wer=0.42857142857142855; unlocated_word_ids=2:low_ctc_score,3:low_ctc_score; reference_prefix='PRESIDENT RONALD REAGAN LOOK AT THE RECORD'; diagnostic_prefix='MEDIOCRITY LOOK AT THE RECORD'. No reliable audiovisual listening confirmation was available, so the alert remains unresolved."", ""action"": ""keep_unresolved""}]"
-HwX2H8Z4hY$_$5,ok,5.633333333333333,0.0,0,1,0.0,-0.0892970521541949,False,239,168,0,0,2.621882088416072e-05,141,[],9,9,1.0,0,0.0,[],0.4190279796511628,4.8510546875,0.4190279796511628,0.7822786458333333,0.2222222222222222,unverifiable,PRESIDENT RONALD RIGAN BLAMES THE PROFESSIONAL BUREAUCRACY OF EDUCATION,PRESIDENT RONALD REAGAN BLAMED THE PROFESSIONAL BUREAUCRACY OF EDUCATION,0,12,4,0,False,0,0.0,completed,2,"[{""sample_id"": ""-HwX2H8Z4hY$_$5"", ""issue_type"": ""identity_unknown"", ""start"": ""0.000000"", ""end"": ""5.633333"", ""review_status"": ""unresolved"", ""reviewer"": ""Codex_evidence_review_20260924"", ""evidence"": ""Viewed identity_contact_01.jpg at 0.833s(frame 22), 2.800s(frame 71), 4.733s(frame 120); episode_count=4, successful_candidates=12. Still-frame evidence was inspected, but it cannot reliably bind every OpenFace face_id/episode to the speaking target across the full clip; no target segment released."", ""action"": ""keep_unresolved""}]"
-HwX2H8Z4hY$_$6,ok,3.333333333333333,0.0,0,1,0.0,-0.0773469387755096,False,141,99,0,0,1.36054421733256e-05,83,"[{""type"": ""unsampled_video_grid"", ""start"": null, ""end"": null, ""evidence"": ""1 target-grid positions had no source display interval""}]",7,7,1.0,0,0.0,[],0.2256633663366336,2.5306534653465347,0.2256633663366336,0.8026798679867984,0.2857142857142857,unverifiable,AND IN PART ALSHENKA DID TOO,AND IN PART AL SHANKER DID TOO,0,12,3,1,False,0,0.0,completed,2,"[{""sample_id"": ""-HwX2H8Z4hY$_$6"", ""issue_type"": ""identity_unknown"", ""start"": ""0.000000"", ""end"": ""3.333333"", ""review_status"": ""unresolved"", ""reviewer"": ""Codex_evidence_review_20260924"", ""evidence"": ""Viewed identity_contact_01.jpg at 0.467s(frame 13), 1.633s(frame 42), 2.800s(frame 71); episode_count=3, successful_candidates=12. Still-frame evidence was inspected, but it cannot reliably bind every OpenFace face_id/episode to the speaking target across the full clip; no target segment released."", ""action"": ""keep_unresolved""}]"
-HwX2H8Z4hY$_$9,ok,7.733333333333333,0.0,0,1,0.0,-0.097006802721089,False,329,232,0,0,-1.4030612184967596e-05,194,[],22,22,1.0,0,0.0,[],0.2245974264705882,6.914392200630252,0.2245974264705882,0.8189411327030811,0.8181818181818182,unverifiable,IT IS THE WORD WITH WHICH THE ADIST YOUTH IS WHICH THE ADISTRATOR OR TURNS THROUGHOUT ANYTHING WHICH HE DOESN'T ACT TO PICTURE AS THOUGH HE SAYS YOU,IT IS A WORD WHICH THE ADMINISTRATOR USES WHEN HE TURNS AROUND ANYTHING WHICH HE DOESN'T LIKE THAT THE TEACHER IS DOING,0,123,3,0,False,0,0.0,completed,4,"[{""sample_id"": ""-HwX2H8Z4hY$_$9"", ""issue_type"": ""identity_unknown"", ""start"": ""0.000000"", ""end"": ""7.733333"", ""review_status"": ""unresolved"", ""reviewer"": ""Codex_evidence_review_20260924"", ""evidence"": ""Viewed identity_contact_01.jpg at 1.133s(frame 30), 3.833s(frame 97), 6.533s(frame 165); episode_count=3, successful_candidates=123. Still-frame evidence was inspected, but it cannot reliably bind every OpenFace face_id/episode to the speaking target across the full clip; no target segment released."", ""action"": ""keep_unresolved""}, {""sample_id"": ""-HwX2H8Z4hY$_$9"", ""issue_type"": ""suspected_text_audio_mismatch"", ""start"": ""0.000000"", ""end"": ""7.733333"", ""review_status"": ""unresolved"", ""reviewer"": ""Codex_evidence_review_20260924"", ""evidence"": ""Inspected words.jsonl/CTC timeline for 0.000000-7.733333s: accepted=22/22, diagnostic_wer=0.8181818181818182; unlocated_word_ids=none; reference_prefix=\""IT IS A WORD WHICH THE ADMINISTRATOR USES WHEN HE TURNS AROUND ANYTHING WHICH HE DOESN'T\""; diagnostic_prefix='IT IS THE WORD WITH WHICH THE ADIST YOUTH IS WHICH THE ADISTRATOR OR TURNS THROUGHOUT'. No reliable audiovisual listening confirmation was available, so the alert remains unresolved."", ""action"": ""keep_unresolved""}]"
-I_e4mIh0yE$_$1,ok,7.6,0.0,0,1,0.0,-0.1556916099773237,False,321,225,0,0,4.109977380650776e-06,187,"[{""type"": ""unsampled_video_grid"", ""start"": null, ""end"": null, ""evidence"": ""3 target-grid positions had no source display interval""}]",18,18,1.0,0,0.0,[],0.3529630926724137,6.529817214439655,0.3529630926724137,1.0701827855603447,0.1111111111111111,no_issue_detected,SHIP IN THE UNITED STATES WE DON'T PUNISH FAILURE TO THE DEGREE TO WHICH FAILURE IS PUNISHED IN EUROPE A,IN THE UNITED STATES WE DON'T PUNISH FAILURE TO THE DEGREE TO WHICH FAILURE IS PUNISHED IN EUROPE,1,187,1,0,True,187,1.0,completed,0,[]
-I_e4mIh0yE$_$3,ok,9.133333333333333,0.0,0,1,0.0,-0.1389569160997723,False,388,271,0,0,-1.4172335127682345e-06,226,"[{""type"": ""unsampled_video_grid"", ""start"": null, ""end"": null, ""evidence"": ""3 target-grid positions had no source display interval""}]",22,22,1.0,0,0.0,[],2.0055758928571423,8.271612723214284,2.0055758928571423,0.8617206101190487,0.4090909090909091,no_issue_detected,IT'S PERCEIVED THAT YEV EVAHUATES IS PERCEIVED THAT YOU'VE ACTUALLY LEARNED SOMETHING OVER THE COR COURSE O YOUR CREW AND THAT YOU WON'T MAKE THE MISTAKE TWICE,IT'S PERCEIVED THAT YOU HAVE ACTUALLY LEARNED SOMETHING OVER THE COURSE OF YOUR CARREER AND THAT YOU WON'T MAKE THE MISTAKE TWICE,1,226,1,0,True,226,1.0,completed,0,[]
-MeTTeMJBNc$_$0,ok,9.333333333333334,0.0,0,1,0.0,-0.1150113378684807,False,397,279,0,0,-9.49546481088248e-06,233,"[{""type"": ""unsampled_video_grid"", ""start"": null, ""end"": null, ""evidence"": ""1 target-grid positions had no source display interval""}]",21,21,1.0,0,0.0,[],0.4336140026132404,8.270785605400697,0.4336140026132404,1.0625477279326372,0.0952380952380952,unverifiable,O KATE WHAT HAPPENS AT THIS POINT AFTER WE'VE TAKEN THIS BRIEF WALK DOWN MEMORY LANE IS THE PRESENTATION OF THE GIFT,OKAY WHAT HAPPENS AT THIS POINT AFTER WE'VE TAKEN THIS BRIEF WALK DOWN MEMORY LANE IS THE PRESENTATION OF THE GIFT,0,225,2,7,False,0,0.0,completed,2,"[{""sample_id"": ""-MeTTeMJBNc$_$0"", ""issue_type"": ""identity_unknown"", ""start"": ""0.000000"", ""end"": ""9.333333"", ""review_status"": ""unresolved"", ""reviewer"": ""Codex_evidence_review_20260924"", ""evidence"": ""Viewed identity_contact_01.jpg at 1.400s(frame 36), 4.633s(frame 117), 7.867s(frame 198); episode_count=2, successful_candidates=225. Still-frame evidence was inspected, but it cannot reliably bind every OpenFace face_id/episode to the speaking target across the full clip; no target segment released."", ""action"": ""keep_unresolved""}]"
-MeTTeMJBNc$_$13,ok,5.4,0.0,0,1,0.0,-0.1444897959183668,False,227,159,0,0,-1.0204081615228232e-05,132,"[{""type"": ""unsampled_video_grid"", ""start"": null, ""end"": null, ""evidence"": ""3 target-grid positions had no source display interval""}]",14,14,1.0,0,0.0,[],0.435271472392638,4.562289877300612,0.435271472392638,0.837710122699387,0.0714285714285714,no_issue_detected,IT IS JUST NEEDS TO BE A SIMPLE STATEMENT AND THEN YOU PRESENT THE GIFT,IT JUST NEEDS TO BE A SIMPLE STATEMENT AND THEN YOU PRESENT THE GIFT,1,132,1,0,True,132,1.0,completed,0,[]
-MeTTeMJBNc$_$7,ok,10.5,0.0,0,1,0.0,-0.0886848072562358,False,449,314,0,0,-2.692743747090276e-06,262,"[{""type"": ""unsampled_video_grid"", ""start"": null, ""end"": null, ""evidence"": ""1 target-grid positions had no source display interval""}]",31,31,1.0,0,0.0,[],0.2249357638888888,9.431235243055552,0.2249357638888888,1.0687647569444465,0.032258064516129,unverifiable,MAYBE YOU COULD FIND A PICTURE UP THE COUPLE FROM THEIR WEDDING OR SOMETIME IN THEIR LIFE OR MAYBE EVEN A CURRENT PICTURE AND HAVE IT PUT IN A BEAUTIFUL FRAME,MAYBE YOU COULD FIND A PICTURE OF THE COUPLE FROM THEIR WEDDING OR SOMETIME IN THEIR LIFE OR MAYBE EVEN A CURRENT PICTURE AND HAVE IT PUT IN A BEAUTIFUL FRAME,0,267,2,0,False,0,0.0,completed,2,"[{""sample_id"": ""-MeTTeMJBNc$_$7"", ""issue_type"": ""identity_unknown"", ""start"": ""0.000000"", ""end"": ""10.500000"", ""review_status"": ""unresolved"", ""reviewer"": ""Codex_evidence_review_20260924"", ""evidence"": ""Viewed identity_contact_01.jpg at 1.533s(frame 40), 5.200s(frame 131), 8.867s(frame 223); episode_count=2, successful_candidates=267. Still-frame evidence was inspected, but it cannot reliably bind every OpenFace face_id/episode to the speaking target across the full clip; no target segment released."", ""action"": ""keep_unresolved""}]"
-NFrJFQijFE$_$1,ok,5.720000000000001,0.0,0,1,0.0,-0.0611337868480736,False,244,142,0,0,8.786848098019107e-06,142,"[{""type"": ""unsampled_video_grid"", ""start"": null, ""end"": null, ""evidence"": ""2 target-grid positions had no source display interval""}]",16,5,0.3125,11,0.6875,"[{""word_id"": 2, ""raw_word"": ""inside"", ""reasons"": [""low_ctc_score""]}, {""word_id"": 4, ""raw_word"": ""to"", ""reasons"": [""low_ctc_score""]}, {""word_id"": 5, ""raw_word"": ""be"", ""reasons"": [""low_ctc_score""]}, {""word_id"": 6, ""raw_word"": ""properly"", ""reasons"": [""low_ctc_score""]}, {""word_id"": 7, ""raw_word"": ""stress"", ""reasons"": [""low_ctc_score""]}, {""word_id"": 8, ""raw_word"": ""analyzed"", ""reasons"": [""low_ctc_score""]}, {""word_id"": 9, ""raw_word"": ""so"", ""reasons"": [""low_ctc_score""]}, {""word_id"": 11, ""raw_word"": ""make"", ""reasons"": [""low_ctc_score""]}, {""word_id"": 12, ""raw_word"": ""sure"", ""reasons"": [""low_ctc_score""]}, {""word_id"": 14, ""raw_word"": ""that"", ""reasons"": [""low_ctc_score""]}, {""word_id"": 15, ""raw_word"": ""happens"", ""reasons"": [""low_ctc_score""]}]",0.6896498579545454,4.935439275568182,0.6896498579545454,0.7845607244318185,1.0,unverifiable,,STRUCTURAL MOUNTS INSIDE HAVE TO BE PROPERLY STRESS ANALYZED SO WE MAKE SURE ALL THAT HAPPENS,0,0,0,1,False,0,0.0,completed,5,"[{""sample_id"": ""-NFrJFQijFE$_$1"", ""issue_type"": ""suspected_text_audio_mismatch"", ""start"": ""0.000000"", ""end"": ""5.720000"", ""review_status"": ""unresolved"", ""reviewer"": ""Codex_evidence_review_20260924"", ""evidence"": ""Inspected words.jsonl/CTC timeline for 0.000000-5.720000s: accepted=5/16, diagnostic_wer=1.0; unlocated_word_ids=2:low_ctc_score,4:low_ctc_score,5:low_ctc_score,6:low_ctc_score,7:low_ctc_score,8:low_ctc_score,9:low_ctc_score,11:low_ctc_score,12:low_ctc_score,14:low_ctc_score,15:low_ctc_score; reference_prefix='STRUCTURAL MOUNTS INSIDE HAVE TO BE PROPERLY STRESS ANALYZED SO WE MAKE SURE ALL THAT HAPPENS'; diagnostic_prefix=''. No reliable audiovisual listening confirmation was available, so the alert remains unresolved."", ""action"": ""keep_unresolved""}, {""sample_id"": ""-NFrJFQijFE$_$1"", ""issue_type"": ""low_aligned_word_fraction"", ""start"": ""0.000000"", ""end"": ""5.720000"", ""review_status"": ""unresolved"", ""reviewer"": ""Codex_evidence_review_20260924"", ""evidence"": ""Inspected words.jsonl/CTC timeline for 0.000000-5.720000s: accepted=5/16, diagnostic_wer=1.0; unlocated_word_ids=2:low_ctc_score,4:low_ctc_score,5:low_ctc_score,6:low_ctc_score,7:low_ctc_score,8:low_ctc_score,9:low_ctc_score,11:low_ctc_score,12:low_ctc_score,14:low_ctc_score,15:low_ctc_score; reference_prefix='STRUCTURAL MOUNTS INSIDE HAVE TO BE PROPERLY STRESS ANALYZED SO WE MAKE SURE ALL THAT HAPPENS'; diagnostic_prefix=''. No reliable audiovisual listening confirmation was available, so the alert remains unresolved."", ""action"": ""keep_unresolved""}]"
-NFrJFQijFE$_$2,ok,6.840000000000001,0.0,0,1,0.0,-0.141678004535148,False,289,169,0,0,-9.495464809106124e-06,169,"[{""type"": ""unsampled_video_grid"", ""start"": null, ""end"": null, ""evidence"": ""3 target-grid positions had no source display interval""}]",18,9,0.5,9,0.5,"[{""word_id"": 1, ""raw_word"": ""we"", ""reasons"": [""low_ctc_score""]}, {""word_id"": 3, ""raw_word"": ""with"", ""reasons"": [""low_ctc_score""]}, {""word_id"": 5, ""raw_word"": ""the"", ""reasons"": [""low_ctc_score""]}, {""word_id"": 7, ""raw_word"": ""technical"", ""reasons"": [""low_ctc_score""]}, {""word_id"": 9, ""raw_word"": ""to"", ""reasons"": [""low_ctc_score""]}, {""word_id"": 10, ""raw_word"": ""get"", ""reasons"": [""low_ctc_score""]}, {""word_id"": 14, ""raw_word"": ""instrument"", ""reasons"": [""low_ctc_score""]}, {""word_id"": 16, ""raw_word"": ""arrive"", ""reasons"": [""low_ctc_score""]}, {""word_id"": 17, ""raw_word"": ""here"", ""reasons"": [""low_ctc_score""]}]",0.1127119891826923,6.521193659855769,0.1127119891826923,0.3188063401442313,1.0,unverifiable,HAWK'S SENSE OF HURONY IS EXCELLENT AND THEIR EYES,SO WE COORDINATE WITH ALL THE PROPER TECHNICAL FIELDS TO GET READY FOR THE INSTRUMENT TO ARRIVE HERE,0,0,0,2,False,0,0.0,completed,5,"[{""sample_id"": ""-NFrJFQijFE$_$2"", ""issue_type"": ""suspected_text_audio_mismatch"", ""start"": ""0.000000"", ""end"": ""6.840000"", ""review_status"": ""unresolved"", ""reviewer"": ""Codex_evidence_review_20260924"", ""evidence"": ""Inspected words.jsonl/CTC timeline for 0.000000-6.840000s: accepted=9/18, diagnostic_wer=1.0; unlocated_word_ids=1:low_ctc_score,3:low_ctc_score,5:low_ctc_score,7:low_ctc_score,9:low_ctc_score,10:low_ctc_score,14:low_ctc_score,16:low_ctc_score,17:low_ctc_score; reference_prefix='SO WE COORDINATE WITH ALL THE PROPER TECHNICAL FIELDS TO GET READY FOR THE INSTRUMENT TO'; diagnostic_prefix=\""HAWK'S SENSE OF HURONY IS EXCELLENT AND THEIR EYES\"". No reliable audiovisual listening confirmation was available, so the alert remains unresolved."", ""action"": ""keep_unresolved""}, {""sample_id"": ""-NFrJFQijFE$_$2"", ""issue_type"": ""low_aligned_word_fraction"", ""start"": ""0.000000"", ""end"": ""6.840000"", ""review_status"": ""unresolved"", ""reviewer"": ""Codex_evidence_review_20260924"", ""evidence"": ""Inspected words.jsonl/CTC timeline for 0.000000-6.840000s: accepted=9/18, diagnostic_wer=1.0; unlocated_word_ids=1:low_ctc_score,3:low_ctc_score,5:low_ctc_score,7:low_ctc_score,9:low_ctc_score,10:low_ctc_score,14:low_ctc_score,16:low_ctc_score,17:low_ctc_score; reference_prefix='SO WE COORDINATE WITH ALL THE PROPER TECHNICAL FIELDS TO GET READY FOR THE INSTRUMENT TO'; diagnostic_prefix=\""HAWK'S SENSE OF HURONY IS EXCELLENT AND THEIR EYES\"". No reliable audiovisual listening confirmation was available, so the alert remains unresolved."", ""action"": ""keep_unresolved""}]"
-RfYyzHpjk4$_$11,ok,5.233333333333333,0.0,0,1,0.0,-0.1584807256235834,False,219,154,0,0,2.239229026379519e-05,129,"[{""type"": ""unsampled_video_grid"", ""start"": null, ""end"": null, ""evidence"": ""2 target-grid positions had no source display interval""}]",17,17,1.0,0,0.0,[],0.5920617088607594,4.320067642405062,0.5920617088607594,0.913265690928271,0.3529411764705882,no_issue_detected,SO I'LL GET YOUR FRIEND WINDD UP GET YOUR BUSINESS CALLINGS BLINDD UP AND HAVE A GOOD TIME CATHY,SO GET YOUR FRIENDS LINED UP GET YOUR BUSINESS COLLEAGUES LINED UP AND HAVE A GOOD TIME,1,129,1,0,True,117,0.9069767441860463,completed,0,[]
-RfYyzHpjk4$_$2,ok,5.5,0.0,0,1,0.0,-0.1081859410430841,False,233,164,0,0,-1.558956896019481e-06,137,"[{""type"": ""unsampled_video_grid"", ""start"": null, ""end"": null, ""evidence"": ""1 target-grid positions had no source display interval""}]",25,25,1.0,0,0.0,[],0.2098609655688623,4.697656998502994,0.2098609655688623,0.8023430014970057,0.4,unverifiable,IT CAN MAKE A CARPENTERS CALLBER TEXT TRY A BIT OF PLANNING NOT A LOT OF PLANING IT'S PRETTY EASY TO DO WHAT,YOU CAN MAKE A CONFERENCE CALL BUT IT TAKES QUITE A BIT OF PLANNING WELL NOT A LOT OF PLANNING IT'S PRETTY EASY TO DO,0,136,3,0,False,0,0.0,completed,2,"[{""sample_id"": ""-RfYyzHpjk4$_$2"", ""issue_type"": ""identity_unknown"", ""start"": ""0.000000"", ""end"": ""5.500000"", ""review_status"": ""unresolved"", ""reviewer"": ""Codex_evidence_review_20260924"", ""evidence"": ""Viewed identity_contact_02.jpg at 0.800s(frame 21), 2.700s(frame 69), 4.633s(frame 117); episode_count=3, successful_candidates=136. Still-frame evidence was inspected, but it cannot reliably bind every OpenFace face_id/episode to the speaking target across the full clip; no target segment released."", ""action"": ""keep_unresolved""}]"
-RfYyzHpjk4$_$8,ok,4.566666666666666,0.0,0,1,0.0,-0.0343083900226757,False,196,137,0,0,1.6723356013770285e-05,115,[],17,17,1.0,0,0.0,[],0.176794769503546,3.7448346631205673,0.176794769503546,0.8218320035460991,0.1764705882352941,no_issue_detected,IT'S PRETTY PRETTY EASY TO DO BUT YOU'VE GOTTA SET UP THOSE NUMBERS AHEAD OF TIME,IT'S PRETTY PRETTY EASY TO DO BUT YOU GOT TO SET UP THOSE NUMBERS AHEAD OF TIME,1,114,1,0,True,108,0.9391304347826088,completed,0,[]
-THoVjtIkeU$_$12,ok,14.866666666666667,0.0,0,1,0.0,-0.0611337868480728,False,638,445,0,0,2.962018133345623e-05,371,"[{""type"": ""unsampled_video_grid"", ""start"": null, ""end"": null, ""evidence"": ""1 target-grid positions had no source display interval""}]",39,39,1.0,0,0.0,[],1.1023336038961038,13.8601856737013,1.1023336038961038,1.0064809929653684,0.1025641025641025,no_issue_detected,AH WHATEVER WE TURN OUR ATTENTION TO IS WHAT GROWS AND SO IF WE BELIEVE THAT ANYTHING IS POSSIBLE IF WE BELIEVE THAT AM SOCIAL JUSTICE CAN BE ACHIEVED AND IF WE BELIEVE IN YOUTH AH THEY WILL BELIEVE IN THEMSELVES,WHAT EVER WE TURN OUR ATTENTION TO IS WHAT GROWS AND SO IF WE BELIEVE THAT ANYTHING IS POSSIBLE IF WE BELIEVE THAT SOCIAL JUSTICE CAN BE ACHIEVED AND IF WE BELIEVE IN YOUTH THEY WILL BELIEVE IN THEMSELVES,1,371,1,0,True,371,1.0,completed,0,[]
-THoVjtIkeU$_$2,ok,4.266666666666667,0.0,0,1,0.0,-0.0358049886621314,False,183,128,0,0,1.3321995464110614e-05,107,[],10,10,1.0,0,0.0,[],0.0161483778625954,3.342714217557252,0.0161483778625954,0.9239524491094144,0.2,no_issue_detected,THINK A SOCIAL JUSTICE IS EXTREMELY IMPORTANT FOR YOUNG PEOPLE,I THINK SOCIAL JUSTICE IS EXTREMELY IMPORTANT FOR YOUNG PEOPLE,1,107,1,0,True,107,1.0,completed,0,[]
-THoVjtIkeU$_$6,ok,8.066666666666666,0.0,0,1,0.0,-0.0837868480725623,False,344,241,0,0,-4.818594038447088e-06,201,"[{""type"": ""unsampled_video_grid"", ""start"": null, ""end"": null, ""evidence"": ""1 target-grid positions had no source display interval""}]",30,28,0.9333333333333332,2,0.0666666666666666,"[{""word_id"": 2, ""raw_word"": ""that"", ""reasons"": [""low_ctc_score""]}, {""word_id"": 19, ""raw_word"": ""have"", ""reasons"": [""low_ctc_score""]}]",0.1931340725806452,7.258622227822581,0.1931340725806452,0.8080444388440853,0.1333333333333333,unverifiable,YOU KNOW I THINK THAT LISTENING TO YOUNG PEOPLE TAKING IN WHAT THEY HAVE TO SAY BECAUSE WHAT WE'VE SEEN ALL AROUND THE WORLD IS THE POWER OF YOUTH,YOU KNOW THAT I THINK LISTENING TO YOUNG PEOPLE TAKING IN WHAT THEY HAVE TO SAY BECAUSE WHAT WE HAVE SEEN ALL AROUND THE WORLD IS THE POWER OF YOUTH,0,199,5,5,False,0,0.0,completed,2,"[{""sample_id"": ""-THoVjtIkeU$_$6"", ""issue_type"": ""identity_unknown"", ""start"": ""0.000000"", ""end"": ""8.066667"", ""review_status"": ""unresolved"", ""reviewer"": ""Codex_evidence_review_20260924"", ""evidence"": ""Viewed identity_contact_02.jpg at 1.200s(frame 31), 4.000s(frame 101), 6.800s(frame 171); episode_count=5, successful_candidates=199. Still-frame evidence was inspected, but it cannot reliably bind every OpenFace face_id/episode to the speaking target across the full clip; no target segment released."", ""action"": ""keep_unresolved""}]"
-UUCSKoHeMA$_$0,ok,7.866666666666666,0.0,0,1,0.0,-0.1344217687074831,False,333,234,0,0,5.102040877780212e-06,195,"[{""type"": ""unsampled_video_grid"", ""start"": null, ""end"": null, ""evidence"": ""2 target-grid positions had no source display interval""}]",18,18,1.0,0,0.0,[],0.9437811203319502,7.074527489626555,0.9437811203319502,0.7921391770401112,0.3333333333333333,no_issue_detected,O CA IM MENTIONED WORD IN THE LAST CLIP CALLED MONOTONE AND I WANT TO TALK ABOUT THAT BRIEFLY WHAT YOU,I MENTIONED A WORD IN THE LAST CLIP CALLED MONOTONE AND I WANT TO TALK ABOUT THAT BRIEFLY,1,187,1,4,True,187,0.958974358974359,completed,0,[]
-UacrmKiTn4$_$10,ok,7.333333333333333,0.0,0,1,0.0,-0.0912925170068028,False,312,218,0,0,2.1683673522510105e-05,182,"[{""type"": ""unsampled_video_grid"", ""start"": null, ""end"": null, ""evidence"": ""2 target-grid positions had no source display interval""}]",18,18,1.0,0,0.0,[],0.3379629166666667,6.58223013888889,0.3379629166666667,0.7511031944444433,0.1111111111111111,no_issue_detected,READING IT BECAUSE IF THEY ARE NOT IN ANY WAY HELD ACCOUNTABLE FOR READING THE MATERIAL THEY WON'T DO IT,BECAUSE IF THEY ARE NOT IN ANY WAY HELD ACCOUNTABLE FOR READING THE MATERIAL THEY WON'T DO IT,1,182,1,0,True,182,1.0,completed,0,[]
-UacrmKiTn4$_$4,ok,4.733333333333333,0.0,0,1,0.0,-0.0514058956916105,False,202,142,0,0,1.0062358284379512e-05,119,[],14,14,1.0,0,0.0,[],0.2744584051724137,3.955429956896552,0.2744584051724137,0.777903376436782,0.3571428571428571,no_issue_detected,JUST GIVEN TO THEIR OWN DEVICE AS THEY ARE NOT GOING TO READ THE TEXT BOOK AND,JUST GIVEN TO THEIR OWN DEVICES THEY ARE NOT GOING TO READ THE TEXTBOOK,1,119,1,0,True,119,1.0,completed,0,[]
-UuX1xuaiiE$_$0,ok,3.7,0.0,0,1,0.0,-0.1241269841269838,False,154,109,0,0,1.9841269800480177e-06,92,"[{""type"": ""unsampled_video_grid"", ""start"": null, ""end"": null, ""evidence"": ""1 target-grid positions had no source display interval""}]",9,8,0.8888888888888888,1,0.1111111111111111,"[{""word_id"": 0, ""raw_word"": ""^it's"", ""reasons"": [""contains_unk"", ""low_ctc_score"", ""unsupported_text""]}]",0.2738282657657658,2.786605292792793,0.2738282657657658,0.9133947072072068,0.2222222222222222,unverifiable,AMAZING TO SEE THEIR ENTHUSIASM IN THEIR PASSION,^IT'S AMAZING TO SEE THEIR ENTHUSIASM AND THEIR PASSION,0,213,5,0,False,0,0.0,completed,2,"[{""sample_id"": ""-UuX1xuaiiE$_$0"", ""issue_type"": ""identity_unknown"", ""start"": ""0.000000"", ""end"": ""3.700000"", ""review_status"": ""unresolved"", ""reviewer"": ""Codex_evidence_review_20260924"", ""evidence"": ""Viewed identity_contact_02.jpg at 0.533s(frame 15), 1.833s(frame 47), 3.067s(frame 78); episode_count=5, successful_candidates=213. Still-frame evidence was inspected, but it cannot reliably bind every OpenFace face_id/episode to the speaking target across the full clip; no target segment released."", ""action"": ""keep_unresolved""}]"
-UuX1xuaiiE$_$1,ok,10.333333333333334,0.0,0,1,0.0,-0.0658503401360537,False,443,309,0,0,1.7006802741192928e-05,258,"[{""type"": ""unsampled_video_grid"", ""start"": null, ""end"": null, ""evidence"": ""1 target-grid positions had no source display interval""}]",27,23,0.8518518518518519,1,0.037037037037037,"[{""word_id"": 0, ""raw_word"": ""^And"", ""reasons"": [""contains_unk"", ""unsupported_text""]}, {""word_id"": 10, ""raw_word"": ""^these"", ""reasons"": [""contains_unk"", ""unsupported_text""]}, {""word_id"": 15, ""raw_word"": ""^in"", ""reasons"": [""contains_unk"", ""unsupported_text""]}, {""word_id"": 22, ""raw_word"": ""^before"", ""reasons"": [""contains_unk"", ""low_ctc_score"", ""unsupported_text""]}]",0.40107421875,9.44930859375,0.40107421875,0.8840247395833334,0.2962962962962963,unverifiable,AND ALL OF THEM ARE REALLY BEING ABLE TO EXPLORE THESE DIFFERENT AREAS IN IN DEPTH IN A WAY THAT REALLY WASN'T AVAILABLE BEFORE THE CENTRE WAS HERE THE WORK,^AND ALL OF THEM ARE REALLY BEING ABLE TO EXPLORE ^THESE DIFFERENT AREAS IN DEPTH ^IN A WAY THAT REALLY WASN'T AVAILABLE ^BEFORE THE CENTER WAS HERE,0,953,9,0,False,0,0.0,completed,2,"[{""sample_id"": ""-UuX1xuaiiE$_$1"", ""issue_type"": ""identity_unknown"", ""start"": ""0.000000"", ""end"": ""10.333333"", ""review_status"": ""unresolved"", ""reviewer"": ""Codex_evidence_review_20260924"", ""evidence"": ""Viewed identity_contact_02.jpg at 1.533s(frame 40), 5.100s(frame 129), 8.700s(frame 219); episode_count=9, successful_candidates=953. Still-frame evidence was inspected, but it cannot reliably bind every OpenFace face_id/episode to the speaking target across the full clip; no target segment released."", ""action"": ""keep_unresolved""}]"
-UuX1xuaiiE$_$3,ok,4.1,0.0,0,1,0.0,-0.0616326530612241,False,174,123,0,0,7.653061221191138e-06,103,[],9,9,1.0,0,0.0,[],0.2423025,3.2468535000000003,0.2423025,0.8531464999999994,0.4444444444444444,unverifiable,SIDE MY GOAL IS SHE IS BECOME A HUMAN WRITE LAWYER,MY GOAL IS TO BECOME A HUMAN RIGHTS LAWYER,0,111,3,1,False,0,0.0,completed,2,"[{""sample_id"": ""-UuX1xuaiiE$_$3"", ""issue_type"": ""identity_unknown"", ""start"": ""0.000000"", ""end"": ""4.100000"", ""review_status"": ""unresolved"", ""reviewer"": ""Codex_evidence_review_20260924"", ""evidence"": ""Viewed identity_contact_02.jpg at 0.600s(frame 16), 2.033s(frame 52), 3.467s(frame 88); episode_count=3, successful_candidates=111. Still-frame evidence was inspected, but it cannot reliably bind every OpenFace face_id/episode to the speaking target across the full clip; no target segment released."", ""action"": ""keep_unresolved""}]"
-UuX1xuaiiE$_$6,ok,8.1,0.0,0,1,0.0,-0.1561678004535149,False,343,240,0,0,-1.9699546419893466e-05,201,"[{""type"": ""unsampled_video_grid"", ""start"": null, ""end"": null, ""evidence"": ""2 target-grid positions had no source display interval""}]",22,22,1.0,0,0.0,[],0.209047697368421,7.220185855263157,0.209047697368421,0.8798141447368426,0.4545454545454545,unverifiable,I IT GOING TO WORK FOR THE U S GOVERNMENT HAS AN INTELLIGENCE ALIST AH SPECIALIZING IN WAR CRIMES OF HUMAN RIGHTSITIONS,I ENDED UP GOING TO WORK FOR THE US GOVERNMENT AS AN INTELLIGENCE ANALYST SPECIALIZING IN WAR CRIMES AND HUMAN RIGHTS ISSUES,0,197,2,0,False,0,0.0,completed,2,"[{""sample_id"": ""-UuX1xuaiiE$_$6"", ""issue_type"": ""identity_unknown"", ""start"": ""0.000000"", ""end"": ""8.100000"", ""review_status"": ""unresolved"", ""reviewer"": ""Codex_evidence_review_20260924"", ""evidence"": ""Viewed identity_contact_02.jpg at 1.200s(frame 31), 4.000s(frame 101), 6.800s(frame 171); episode_count=2, successful_candidates=197. Still-frame evidence was inspected, but it cannot reliably bind every OpenFace face_id/episode to the speaking target across the full clip; no target segment released."", ""action"": ""keep_unresolved""}]"
-a55Q6RWvTA$_$3,ok,22.133333333333333,0.0,0,1,0.0,-0.0500453514739227,False,952,664,0,0,2.4518140833151847e-05,554,[],65,65,1.0,0,0.0,[],0.2564100145137881,21.266005578737303,0.2564100145137881,0.8673277545960296,0.1538461538461538,no_issue_detected,AND A FEW CLIP COUPONS IF YOU DON'T GO OUT FOR DINNER AND MOVIES AND THINGS THAT NATURE AND TRY TO TAKE UP THINGS IN LIFE THAT WELL THEY ALWAYS SAY THE BEST THINGS IN LIFE ARE FREE READING A BOOK U GOING FOR AN NICE WALK AND A COURSE COMBINING EXERCISE IN VARIOUS THINGS OUT NATURE WHERE YOU'RE NOT SPENDING MONEY PER SAY,AND IF YOU CLIP COUPONS IF YOU DON'T GO OUT FOR DINNER AND MOVIES AND THINGS OF THAT NATURE AND TRY TO TAKE UP THINGS IN LIFE THAT WELL THEY ALWAYS SAY THE BEST THINGS IN LIFE ARE FREE READING A BOOK GOING FOR A NICE WALK AND OF COURSE COMBINING EXERCISE AND VARIOUS THINGS OF THAT NATURE WHERE YOU'RE NOT SPENDING MONEY PER SE,1,554,1,0,True,554,1.0,completed,0,[]
-aNfi7CP8vM$_$7,ok,8.666666666666666,0.0,0,1,0.0,-0.1289795918367335,False,368,257,0,0,4.251701231083871e-07,215,"[{""type"": ""unsampled_video_grid"", ""start"": null, ""end"": null, ""evidence"": ""2 target-grid positions had no source display interval""}]",18,18,1.0,0,0.0,[],0.9443456296992484,7.205679863721805,0.9443456296992484,1.460986802944861,0.3888888888888889,no_issue_detected,MAYBE THEY HAVE NOTHING IN THEY HAVE NO POLITICAL PARTY AFF FIILIATION THEY'RE NOT INTERESTED IN POLITICS THEY COULD CARE LESS ABOUT POLITICS OR,MAYBE THEY HAVE NO POLITICAL PARTY AFFILIATION THEY'RE NOT INTERESTED IN POLITICS THEY COULD CARE LESS ABOUT POLITICS,1,215,1,0,True,215,1.0,completed,0,[]
-aqamKhZ1Ec$_$0,ok,11.0,0.0,0,1,0.0,-0.1098412698412687,False,469,329,0,0,2.876984127730964e-05,274,"[{""type"": ""unsampled_video_grid"", ""start"": null, ""end"": null, ""evidence"": ""1 target-grid positions had no source display interval""}]",14,13,0.9285714285714286,1,0.0714285714285714,"[{""word_id"": 1, ""raw_word"": ""2008,"", ""reasons"": [""contains_unk"", ""low_ctc_score"", ""unsupported_text""]}]",2.00570685840708,10.279823008849558,2.00570685840708,0.7201769911504421,1.0714285714285714,unverifiable,TWO THOUSAND AND OF ATE THERE WERE VERY SERIOUS TRIBAL OF WARFARE IN CANYONA AND AND EVEN AS THE TOF FOLLOWING A DISPUTED ELECTION AND EVEN,IN 2008 THERE WERE VERY SERIOUS TRIBAL WARFARE IN KENYA FOLLOWING A DISPUTED ELECTION,0,274,1,0,True,274,1.0,completed,2,"[{""sample_id"": ""-aqamKhZ1Ec$_$0"", ""issue_type"": ""suspected_text_audio_mismatch"", ""start"": ""0.000000"", ""end"": ""11.000000"", ""review_status"": ""unresolved"", ""reviewer"": ""Codex_evidence_review_20260924"", ""evidence"": ""Inspected words.jsonl/CTC timeline for 0.000000-11.000000s: accepted=13/14, diagnostic_wer=1.0714285714285714; unlocated_word_ids=1:contains_unk|low_ctc_score|unsupported_text; reference_prefix='IN 2008 THERE WERE VERY SERIOUS TRIBAL WARFARE IN KENYA FOLLOWING A DISPUTED ELECTION'; diagnostic_prefix='TWO THOUSAND AND OF ATE THERE WERE VERY SERIOUS TRIBAL OF WARFARE IN CANYONA AND AND'. No reliable audiovisual listening confirmation was available, so the alert remains unresolved."", ""action"": ""keep_unresolved""}]"
-dxfTGcXJoc$_$0,ok,20.53333333333333,0.0,0,1,0.0,-0.1229931972789089,False,879,615,0,0,3.486394572504992e-05,513,"[{""type"": ""unsampled_video_grid"", ""start"": null, ""end"": null, ""evidence"": ""1 target-grid positions had no source display interval""}]",40,40,1.0,0,0.0,[],0.256331240188383,19.72148479199372,0.256331240188383,0.8118485413396108,0.3555555555555555,no_issue_detected,THIS IS GOVERNOR STEVE BA SHEER ABOUT KENTUCKY OUR STATE IS HOME TO MORE THAN FIFTEEN HUNDRED BI O SCIENCE AND LIFE SCIENCE COMPANIES AND MORE THAN A HUNDRED THOUSAND PEOPLE WHO WORK FOR THESE FIRMS IN AREAS FROM NEUTR GENOMICS AND PHARMA SUITICALS TONANNO TECHNOLOGY AND MEDICAL DEVICES,THIS IS GOVERNOR STEVE BESHEAR ABOUT KENTUCKY OUR STATE IS HOME TO MORE THAN ONE THOUSAND FIVE HUNDRED BIOSCIENCE AND LIFESCIENCE COMPANIES AND MORE THAN ONE HUNDRED THOUSAND PEOPLE WHO WORK FOR THESE FIRMS IN AREAS FROM NUTRIGENOMICS AND PHARMACEUTICALS TO NANOTECHNOLOGY AND MEDICAL DEVICES,1,400,1,0,True,400,0.7797270955165692,completed,0,[]
-dxfTGcXJoc$_$1,ok,16.133333333333333,0.0,0,1,0.0,-0.1152154195011334,False,690,482,0,0,7.08616770594972e-06,402,"[{""type"": ""unsampled_video_grid"", ""start"": null, ""end"": null, ""evidence"": ""2 target-grid positions had no source display interval""}]",36,36,1.0,0,0.0,[],0.1922175,15.153146250000002,0.1922175,0.9801870833333304,0.0833333333333333,unverifiable,FOR THE TENTH STRAIGHT YEAR SOME OF KENTUCKY'S BEST AND MOST INNOVATED BYTECK COMPANIES AND TECHNOLOGIES WERE ON DISPLAY AT THE ANNUAL BI INTERNATIONAL CONVENTION WHICH I AND OTHER STATE OFFICIALS ATTENDED THIS WEEK IN CHICAGO,FOR THE TENTH STRAIGHT YEAR SOME OF KENTUCKY'S BEST AND MOST INNOVATIVE BIOTECH COMPANIES AND TECHNOLOGIES WERE ON DISPLAY AT THE ANNUAL BIO INTERNATIONAL CONVENTION WHICH I AND OTHER STATE OFFICIALS ATTENDED THIS WEEK IN CHICAGO,0,403,2,0,False,0,0.0,completed,2,"[{""sample_id"": ""-dxfTGcXJoc$_$1"", ""issue_type"": ""identity_unknown"", ""start"": ""0.000000"", ""end"": ""16.133333"", ""review_status"": ""unresolved"", ""reviewer"": ""Codex_evidence_review_20260924"", ""evidence"": ""Viewed identity_contact_02.jpg at 2.400s(frame 61), 8.000s(frame 201), 13.633s(frame 342); episode_count=2, successful_candidates=403. Still-frame evidence was inspected, but it cannot reliably bind every OpenFace face_id/episode to the speaking target across the full clip; no target segment released."", ""action"": ""keep_unresolved""}]"
-dxfTGcXJoc$_$2,ok,16.666666666666664,0.0,0,1,0.0,-0.0334920634920621,False,717,500,0,0,1.2896825335673157e-05,417,[],34,34,1.0,0,0.0,[],0.2243397157996146,15.944144087186896,0.2243397157996146,0.7225225794797687,0.0857142857142857,no_issue_detected,AN ESTIMATED TWENTY THOUSAND BIOTEX SCIENTISTS EXECUTIVEITIES AND INDUSTRY EXPERTS FROM MORE THAN FIFTY NATIONS WERE AT THE BOW CONFERENCE TO LEARN ABOUT THE LATEST SCIENTIFIC ADVANCES AND TO EXCHANGE IDEAS AND ESTABLISH BUSINESS RELATIONSHIPS,AN ESTIMATED TWENTY THOUSAND BIOTECH SCIENTISTS EXECUTIVES AND INDUSTRY EXPERTS FROM MORE THAN FIFTY NATIONS WERE AT THE BIO CONFERENCE TO LEARN ABOUT THE LATEST SCIENTIFIC ADVANCES AND TO EXCHANGE IDEAS AND ESTABLISH BUSINESS RELATIONSHIPS,1,417,1,0,True,417,1.0,completed,0,[]
-dxfTGcXJoc$_$6,ok,12.733333333333333,0.0,0,1,0.0,-0.1049206349206333,False,544,381,0,0,2.480158727280468e-05,318,"[{""type"": ""unsampled_video_grid"", ""start"": null, ""end"": null, ""evidence"": ""1 target-grid positions had no source display interval""}]",27,27,1.0,0,0.0,[],0.1602593591370558,11.779062896573606,0.1602593591370558,0.9542704367597264,0.1071428571428571,unverifiable,KENTUCKY'S PARTICIPATION AT THE ANNUAL BIO INTERNATIONAL CONVENTION IS THE PRIMARY MEANS BY WHICH OUR HIGHTECH COMPANIES AND INSTITUTIONS CAN REACH OUT TO THE GLOBABLE SCIENTIFIC COMMUNITY,KENTUCKY'S PARTICIPATION AT THE ANNUAL BIO INTERNATIONAL CONVENTION IS THE PRIMARY MEANS BY WHICH OUR HIGH TECH COMPANIES AND INSTITUTIONS CAN REACH OUT TO THE GLOBAL SCIENTIFIC COMMUNITY,0,317,2,0,False,0,0.0,completed,2,"[{""sample_id"": ""-dxfTGcXJoc$_$6"", ""issue_type"": ""identity_unknown"", ""start"": ""0.000000"", ""end"": ""12.733333"", ""review_status"": ""unresolved"", ""reviewer"": ""Codex_evidence_review_20260924"", ""evidence"": ""Viewed identity_contact_03.jpg at 1.900s(frame 49), 6.300s(frame 159), 10.733s(frame 270); episode_count=2, successful_candidates=317. Still-frame evidence was inspected, but it cannot reliably bind every OpenFace face_id/episode to the speaking target across the full clip; no target segment released."", ""action"": ""keep_unresolved""}]"
-egA8-b7-3M$_$1,ok,10.233333333333333,0.0,0,1,0.0,-0.0771201814058937,False,438,306,0,0,3.6848072586082026e-05,256,[],20,20,1.0,0,0.0,[],0.2410502373417721,9.400959256329111,0.2410502373417721,0.8323740770042196,0.4615384615384615,no_issue_detected,I OR I HAVE STARTED A SUCCESSFUL LEGAL NURSE CONSULTING BUSINESS IN NINETEEN EIGHTY NINE I MEANT HER NURSES WHO WANT TO BECOME LEGAL' NURSE CONSULTS,I STARTED A SUCCESSFUL LEGAL NURSE CONSULTING BUSINESS IN ONE THOUSAND NINE HUNDRED AND EIGHTY NINE I MENTOR NURSES WHO WANT TO BECOME LEGAL NURSE CONSULTANTS,1,256,1,0,True,256,1.0,completed,0,[]
-egA8-b7-3M$_$13,ok,4.166666666666666,0.0,0,1,0.0,-0.1428117913832194,False,174,123,0,0,2.012471655010728e-05,103,"[{""type"": ""unsampled_video_grid"", ""start"": null, ""end"": null, ""evidence"": ""2 target-grid positions had no source display interval""}]",11,11,1.0,0,0.0,[],0.2092415,3.2995775000000003,0.2092415,0.8670891666666658,0.0909090909090909,no_issue_detected,WHAT ARE YOU DOING IT'S DIFFERENT THEY ALWAYS WANT AN ANSWER,WHAT ARE YOU DOING THAT'S DIFFERENT THEY ALWAYS WANT AN ANSWER,1,103,1,0,True,103,1.0,completed,0,[]
-egA8-b7-3M$_$16,ok,5.533333333333333,0.0,0,1,0.0,-0.0503401360544222,False,237,166,0,0,6.802721109977483e-06,139,[],11,11,1.0,0,0.0,[],0.2096441176470588,4.725055882352941,0.2096441176470588,0.808277450980392,0.0,no_issue_detected,THIRD ANOTHER BIG BENEFIT OF EXHIBITING IS CONNECTING WITH EXISTING CLIENTS,THIRD ANOTHER BIG BENEFIT OF EXHIBITING IS CONNECTING WITH EXISTING CLIENTS,1,139,1,0,True,139,1.0,completed,0,[]
-egA8-b7-3M$_$17,ok,7.266666666666667,0.0,0,1,0.0,-0.1714512471655327,False,306,215,0,0,3.458049891680304e-05,180,"[{""type"": ""unsampled_video_grid"", ""start"": null, ""end"": null, ""evidence"": ""2 target-grid positions had no source display interval""}]",16,16,1.0,0,0.0,[],0.256841628959276,6.180251696832579,0.256841628959276,1.0864149698340873,0.0,no_issue_detected,AS YOU HAVE MORE EXPERIENCE YOU HAVE MORE TIMES EXHIBITING YOU GET TO KNOW MORE PEOPLE,AS YOU HAVE MORE EXPERIENCE YOU HAVE MORE TIMES EXHIBITING YOU GET TO KNOW MORE PEOPLE,1,180,1,0,True,180,1.0,completed,0,[]
-egA8-b7-3M$_$18,ok,8.366666666666667,0.0,0,1,0.0,-0.100975056689343,False,356,250,0,0,-4.109977263411224e-06,209,"[{""type"": ""unsampled_video_grid"", ""start"": null, ""end"": null, ""evidence"": ""1 target-grid positions had no source display interval""}]",22,22,1.0,0,0.0,[],0.2251354571984435,7.606362232490273,0.2251354571984435,0.760304434176394,0.0,no_issue_detected,IT BECOMES EASIER AT EACH ONE OF THESE CONFERENCES TO CONNECT WITH PEOPLE THAT YOU'VE MET OR THAT YOU'RE DOING BUSINESS WITH,IT BECOMES EASIER AT EACH ONE OF THESE CONFERENCES TO CONNECT WITH PEOPLE THAT YOU'VE MET OR THAT YOU'RE DOING BUSINESS WITH,1,209,1,0,True,209,1.0,completed,0,[]
-egA8-b7-3M$_$20,ok,6.633333333333333,0.0,0,1,0.0,-0.1589342403628117,False,279,196,0,0,3.840702951762864e-05,164,"[{""type"": ""unsampled_video_grid"", ""start"": null, ""end"": null, ""evidence"": ""2 target-grid positions had no source display interval""}]",20,20,1.0,0,0.0,[],0.2576890547263681,5.765792599502488,0.2576890547263681,0.867540733830845,0.0,no_issue_detected,NOW YOU'VE GOT A FACE THAT YOU CAN CONNECT WITH A VOICE AND THAT MAKES YOU CLOSER TO THAT CLIENT,NOW YOU'VE GOT A FACE THAT YOU CAN CONNECT WITH A VOICE AND THAT MAKES YOU CLOSER TO THAT CLIENT,1,164,1,0,True,164,1.0,completed,0,[]
-egA8-b7-3M$_$26,ok,6.0,0.0,0,1,0.0,-0.0794557823129258,False,255,179,0,0,1.8282312955086862e-05,149,"[{""type"": ""unsampled_video_grid"", ""start"": null, ""end"": null, ""evidence"": ""1 target-grid positions had no source display interval""}]",15,15,1.0,0,0.0,[],0.2252387907608695,5.10004976222826,0.2252387907608695,0.8999502377717397,0.2,no_issue_detected,WE UPTING IT ALL THE TIME AND LOOKING FORWARD TO YOUR COMMENTS ON OUR VIDIS,WE'RE UPDATING IT ALL THE TIME AND LOOKING FORWARD TO YOUR COMMENTS ON OUR VIDEOS,1,149,1,0,True,143,0.959731543624161,completed,0,[]
-egA8-b7-3M$_$6,ok,6.233333333333333,0.0,0,1,0.0,-0.0502494331065763,False,267,187,0,0,4.10997732780416e-05,156,[],12,12,1.0,0,0.0,[],0.2737320963541667,5.297521158854167,0.2737320963541667,0.9358121744791664,0.0833333333333333,no_issue_detected,FIRST EXHIBITING IS A WONDERFUL OPPORTUNITY TO NETWORK WITH OTHER LEGAL VENNGERS,FIRST EXHIBITING IS A WONDERFUL OPPORTUNITY TO NETWORK WITH OTHER LEGAL VENDORS,1,156,1,0,True,156,1.0,completed,0,[]
-egA8-b7-3M$_$9,ok,5.066666666666666,0.0,0,1,0.0,-0.130566893424036,False,213,150,0,0,2.522675738170221e-05,125,"[{""type"": ""unsampled_video_grid"", ""start"": null, ""end"": null, ""evidence"": ""2 target-grid positions had no source display interval""}]",10,10,1.0,0,0.0,[],0.2580980392156862,4.14569975490196,0.2580980392156862,0.9209669117647064,0.0,no_issue_detected,SECONDLY ANOTHER GOAL OF EXHIBITING IS BUILDING YOUR COMPANY IMAGE,SECONDLY ANOTHER GOAL OF EXHIBITING IS BUILDING YOUR COMPANY IMAGE,1,125,1,0,True,125,1.0,completed,0,[]
-hnBHBN8p5A$_$6,ok,6.381377777777778,0.0,0,1,0.0,-0.0485886621315199,False,273,153,0,0,2.3384353778688197e-05,153,[],13,10,0.7692307692307693,3,0.2307692307692307,"[{""word_id"": 1, ""raw_word"": ""how"", ""reasons"": [""low_ctc_score""]}, {""word_id"": 8, ""raw_word"": ""effectively"", ""reasons"": [""low_ctc_score""]}, {""word_id"": 11, ""raw_word"": ""native"", ""reasons"": [""low_ctc_score""]}]",0.1125118972081218,4.13079394035533,0.1125118972081218,2.250583837422448,0.9230769230769232,unverifiable,TO FOLLOW JUST ONE VISION HAVE YOU NEVER WONDERED HOW A SINGLE,DISCUSSION HOW TO DISCUSS IDEAS AND OPINIONS MORE EFFECTIVELY THAN A NATIVE SPEAKER,0,74,7,1,False,0,0.0,completed,6,"[{""sample_id"": ""-hnBHBN8p5A$_$6"", ""issue_type"": ""identity_unknown"", ""start"": ""0.000000"", ""end"": ""6.381378"", ""review_status"": ""unresolved"", ""reviewer"": ""Codex_evidence_review_20260924"", ""evidence"": ""Viewed identity_contact_03.jpg at 0.959s(frame 24), 3.170s(frame 77), 5.380s(frame 130); episode_count=7, successful_candidates=74. Still-frame evidence was inspected, but it cannot reliably bind every OpenFace face_id/episode to the speaking target across the full clip; no target segment released."", ""action"": ""keep_unresolved""}, {""sample_id"": ""-hnBHBN8p5A$_$6"", ""issue_type"": ""suspected_text_audio_mismatch"", ""start"": ""0.000000"", ""end"": ""6.381378"", ""review_status"": ""unresolved"", ""reviewer"": ""Codex_evidence_review_20260924"", ""evidence"": ""Inspected words.jsonl/CTC timeline for 0.000000-6.381378s: accepted=10/13, diagnostic_wer=0.9230769230769231; unlocated_word_ids=1:low_ctc_score,8:low_ctc_score,11:low_ctc_score; reference_prefix='DISCUSSION HOW TO DISCUSS IDEAS AND OPINIONS MORE EFFECTIVELY THAN A NATIVE SPEAKER'; diagnostic_prefix='TO FOLLOW JUST ONE VISION HAVE YOU NEVER WONDERED HOW A SINGLE'. No reliable audiovisual listening confirmation was available, so the alert remains unresolved."", ""action"": ""keep_unresolved""}, {""sample_id"": ""-hnBHBN8p5A$_$6"", ""issue_type"": ""low_aligned_word_fraction"", ""start"": ""0.000000"", ""end"": ""6.381378"", ""review_status"": ""unresolved"", ""reviewer"": ""Codex_evidence_review_20260924"", ""evidence"": ""Inspected words.jsonl/CTC timeline for 0.000000-6.381378s: accepted=10/13, diagnostic_wer=0.9230769230769231; unlocated_word_ids=1:low_ctc_score,8:low_ctc_score,11:low_ctc_score; reference_prefix='DISCUSSION HOW TO DISCUSS IDEAS AND OPINIONS MORE EFFECTIVELY THAN A NATIVE SPEAKER'; diagnostic_prefix='TO FOLLOW JUST ONE VISION HAVE YOU NEVER WONDERED HOW A SINGLE'. No reliable audiovisual listening confirmation was available, so the alert remains unresolved."", ""action"": ""keep_unresolved""}]"
-hnBHBN8p5A$_$7,ok,7.340666666666666,0.0,0,1,0.0,-0.0320952380952377,False,315,176,0,0,-8.928571374688943e-06,176,[],13,9,0.6923076923076923,4,0.3076923076923077,"[{""word_id"": 3, ""raw_word"": ""we"", ""reasons"": [""low_ctc_score""]}, {""word_id"": 10, ""raw_word"": ""room"", ""reasons"": [""low_ctc_score""]}, {""word_id"": 11, ""raw_word"": ""formal"", ""reasons"": [""low_ctc_score""]}, {""word_id"": 12, ""raw_word"": ""setting"", ""reasons"": [""low_ctc_score""]}]",1.8503306718061672,6.970501238986784,1.8503306718061672,0.3701654276798827,1.2307692307692308,unverifiable,THE MAJORITY OF AN ENTIRE NATION TO BELIEVE AND TRUST HIS OR HER WORDS ISN'T THAT,PICTURE THIS BEFORE WE ACTUALLY START HACKING WE'RE IN A ROOM FORMAL SETTING,0,97,7,1,False,0,0.0,completed,6,"[{""sample_id"": ""-hnBHBN8p5A$_$7"", ""issue_type"": ""identity_unknown"", ""start"": ""0.000000"", ""end"": ""7.340667"", ""review_status"": ""unresolved"", ""reviewer"": ""Codex_evidence_review_20260924"", ""evidence"": ""Viewed identity_contact_03.jpg at 1.084s(frame 27), 3.670s(frame 89), 6.215s(frame 150); episode_count=7, successful_candidates=97. Still-frame evidence was inspected, but it cannot reliably bind every OpenFace face_id/episode to the speaking target across the full clip; no target segment released."", ""action"": ""keep_unresolved""}, {""sample_id"": ""-hnBHBN8p5A$_$7"", ""issue_type"": ""suspected_text_audio_mismatch"", ""start"": ""0.000000"", ""end"": ""7.340667"", ""review_status"": ""unresolved"", ""reviewer"": ""Codex_evidence_review_20260924"", ""evidence"": ""Inspected words.jsonl/CTC timeline for 0.000000-7.340667s: accepted=9/13, diagnostic_wer=1.2307692307692308; unlocated_word_ids=3:low_ctc_score,10:low_ctc_score,11:low_ctc_score,12:low_ctc_score; reference_prefix=\""PICTURE THIS BEFORE WE ACTUALLY START HACKING WE'RE IN A ROOM FORMAL SETTING\""; diagnostic_prefix=\""THE MAJORITY OF AN ENTIRE NATION TO BELIEVE AND TRUST HIS OR HER WORDS ISN'T THAT\"". No reliable audiovisual listening confirmation was available, so the alert remains unresolved."", ""action"": ""keep_unresolved""}, {""sample_id"": ""-hnBHBN8p5A$_$7"", ""issue_type"": ""low_aligned_word_fraction"", ""start"": ""0.000000"", ""end"": ""7.340667"", ""review_status"": ""unresolved"", ""reviewer"": ""Codex_evidence_review_20260924"", ""evidence"": ""Inspected words.jsonl/CTC timeline for 0.000000-7.340667s: accepted=9/13, diagnostic_wer=1.2307692307692308; unlocated_word_ids=3:low_ctc_score,10:low_ctc_score,11:low_ctc_score,12:low_ctc_score; reference_prefix=\""PICTURE THIS BEFORE WE ACTUALLY START HACKING WE'RE IN A ROOM FORMAL SETTING\""; diagnostic_prefix=\""THE MAJORITY OF AN ENTIRE NATION TO BELIEVE AND TRUST HIS OR HER WORDS ISN'T THAT\"". No reliable audiovisual listening confirmation was available, so the alert remains unresolved."", ""action"": ""keep_unresolved""}]"
-iRBcNs9oI8$_$3,ok,5.605600000000001,0.0,0,1,0.0,-0.067368707482994,False,239,167,0,0,1.8707483016022763e-05,140,"[{""type"": ""unsampled_video_grid"", ""start"": null, ""end"": null, ""evidence"": ""1 target-grid positions had no source display interval""}]",8,7,0.875,1,0.125,"[{""word_id"": 3, ""raw_word"": ""the"", ""reasons"": [""low_ctc_score""]}]",2.4623197674418607,4.684973110465116,2.4623197674418607,0.9206268895348853,1.75,unverifiable,IS GOING TO HELP YOU ON YOUR TESTS SUCH AS TOWFUL IZ OR UNIVERSITY,WELL IT IS THE SECRET OF POWER POSE,0,140,1,0,True,136,0.9714285714285714,completed,2,"[{""sample_id"": ""-iRBcNs9oI8$_$3"", ""issue_type"": ""suspected_text_audio_mismatch"", ""start"": ""0.000000"", ""end"": ""5.605600"", ""review_status"": ""unresolved"", ""reviewer"": ""Codex_evidence_review_20260924"", ""evidence"": ""Inspected words.jsonl/CTC timeline for 0.000000-5.605600s: accepted=7/8, diagnostic_wer=1.75; unlocated_word_ids=3:low_ctc_score; reference_prefix='WELL IT IS THE SECRET OF POWER POSE'; diagnostic_prefix='IS GOING TO HELP YOU ON YOUR TESTS SUCH AS TOWFUL IZ OR UNIVERSITY'. No reliable audiovisual listening confirmation was available, so the alert remains unresolved."", ""action"": ""keep_unresolved""}]"
-iRBcNs9oI8$_$6,ok,2.869533333333333,0.0,0,1,0.0,-0.0491251700680273,False,122,85,0,0,2.933673469129872e-05,72,[],5,3,0.6,2,0.4,"[{""word_id"": 2, ""raw_word"": ""a"", ""reasons"": [""low_ctc_score""]}, {""word_id"": 4, ""raw_word"": ""pose"", ""reasons"": [""low_ctc_score""]}]",0.2431411637931034,1.1832869971264368,0.2431411637931034,1.686246336206897,1.8,unverifiable,HELP YOU IF YOU HAVE AN ENGLISH JOB INTERVIEW,WHAT IS A POWER POSE,0,72,1,0,True,72,1.0,completed,4,"[{""sample_id"": ""-iRBcNs9oI8$_$6"", ""issue_type"": ""suspected_text_audio_mismatch"", ""start"": ""0.000000"", ""end"": ""2.869533"", ""review_status"": ""unresolved"", ""reviewer"": ""Codex_evidence_review_20260924"", ""evidence"": ""Inspected words.jsonl/CTC timeline for 0.000000-2.869533s: accepted=3/5, diagnostic_wer=1.8; unlocated_word_ids=2:low_ctc_score,4:low_ctc_score; reference_prefix='WHAT IS A POWER POSE'; diagnostic_prefix='HELP YOU IF YOU HAVE AN ENGLISH JOB INTERVIEW'. No reliable audiovisual listening confirmation was available, so the alert remains unresolved."", ""action"": ""keep_unresolved""}, {""sample_id"": ""-iRBcNs9oI8$_$6"", ""issue_type"": ""low_aligned_word_fraction"", ""start"": ""0.000000"", ""end"": ""2.869533"", ""review_status"": ""unresolved"", ""reviewer"": ""Codex_evidence_review_20260924"", ""evidence"": ""Inspected words.jsonl/CTC timeline for 0.000000-2.869533s: accepted=3/5, diagnostic_wer=1.8; unlocated_word_ids=2:low_ctc_score,4:low_ctc_score; reference_prefix='WHAT IS A POWER POSE'; diagnostic_prefix='HELP YOU IF YOU HAVE AN ENGLISH JOB INTERVIEW'. No reliable audiovisual listening confirmation was available, so the alert remains unresolved."", ""action"": ""keep_unresolved""}]"
-iRBcNs9oI8$_$7,ok,4.070733333333334,0.0,0,1,0.0,-0.0650190476190486,False,173,120,0,0,3.5714285710142235e-05,101,"[{""type"": ""unsampled_video_grid"", ""start"": null, ""end"": null, ""evidence"": ""1 target-grid positions had no source display interval""}]",9,5,0.5555555555555556,4,0.4444444444444444,"[{""word_id"": 1, ""raw_word"": ""for"", ""reasons"": [""low_ctc_score""]}, {""word_id"": 3, ""raw_word"": ""let's"", ""reasons"": [""low_ctc_score""]}, {""word_id"": 4, ""raw_word"": ""look"", ""reasons"": [""low_ctc_score""]}, {""word_id"": 8, ""raw_word"": ""\""power\"""", ""reasons"": [""low_ctc_score""]}]",0.0807610887096774,1.631373991935484,0.0807610887096774,2.43935934139785,1.2222222222222223,unverifiable,HER REVIEW AND THE SECRET WILL ALSO HELP YOU IF YOU,WELL FOR STARTERS LET'S LOOK AT THE WORD POWER,0,101,1,0,True,101,1.0,completed,4,"[{""sample_id"": ""-iRBcNs9oI8$_$7"", ""issue_type"": ""suspected_text_audio_mismatch"", ""start"": ""0.000000"", ""end"": ""4.070733"", ""review_status"": ""unresolved"", ""reviewer"": ""Codex_evidence_review_20260924"", ""evidence"": ""Inspected words.jsonl/CTC timeline for 0.000000-4.070733s: accepted=5/9, diagnostic_wer=1.2222222222222223; unlocated_word_ids=1:low_ctc_score,3:low_ctc_score,4:low_ctc_score,8:low_ctc_score; reference_prefix=\""WELL FOR STARTERS LET'S LOOK AT THE WORD POWER\""; diagnostic_prefix='HER REVIEW AND THE SECRET WILL ALSO HELP YOU IF YOU'. No reliable audiovisual listening confirmation was available, so the alert remains unresolved."", ""action"": ""keep_unresolved""}, {""sample_id"": ""-iRBcNs9oI8$_$7"", ""issue_type"": ""low_aligned_word_fraction"", ""start"": ""0.000000"", ""end"": ""4.070733"", ""review_status"": ""unresolved"", ""reviewer"": ""Codex_evidence_review_20260924"", ""evidence"": ""Inspected words.jsonl/CTC timeline for 0.000000-4.070733s: accepted=5/9, diagnostic_wer=1.2222222222222223; unlocated_word_ids=1:low_ctc_score,3:low_ctc_score,4:low_ctc_score,8:low_ctc_score; reference_prefix=\""WELL FOR STARTERS LET'S LOOK AT THE WORD POWER\""; diagnostic_prefix='HER REVIEW AND THE SECRET WILL ALSO HELP YOU IF YOU'. No reliable audiovisual listening confirmation was available, so the alert remains unresolved."", ""action"": ""keep_unresolved""}]"
-iRBcNs9oI8$_$8,ok,8.074733333333334,0.0,0,1,0.0,-0.0487015873015881,False,346,241,0,0,3.0753968319530145e-05,201,"[{""type"": ""unsampled_video_grid"", ""start"": null, ""end"": null, ""evidence"": ""1 target-grid positions had no source display interval""}]",21,10,0.4761904761904761,11,0.5238095238095238,"[{""word_id"": 1, ""raw_word"": ""drawn"", ""reasons"": [""low_ctc_score""]}, {""word_id"": 5, ""raw_word"": ""and"", ""reasons"": [""low_ctc_score""]}, {""word_id"": 7, ""raw_word"": ""you"", ""reasons"": [""low_ctc_score""]}, {""word_id"": 8, ""raw_word"": ""can"", ""reasons"": [""low_ctc_score""]}, {""word_id"": 11, ""raw_word"": ""has"", ""reasons"": [""low_ctc_score""]}, {""word_id"": 12, ""raw_word"": ""a"", ""reasons"": [""low_ctc_score""]}, {""word_id"": 13, ""raw_word"": ""lot"", ""reasons"": [""low_ctc_score""]}, {""word_id"": 15, ""raw_word"": ""big"", ""reasons"": [""low_ctc_score""]}, {""word_id"": 16, ""raw_word"": ""muscles,"", ""reasons"": [""low_ctc_score""]}, {""word_id"": 17, ""raw_word"": ""he"", ""reasons"": [""low_ctc_score""]}, {""word_id"": 20, ""raw_word"": ""strong"", ""reasons"": [""low_ctc_score""]}]",4.3156375,7.913697625,4.3156375,0.1610357083333342,1.0476190476190477,unverifiable,EVER DECIDE TO ASK OUT THAT SPECIAL SOMEONE SO WHAT IS THE SECRET I'M TELLING YOU ABOUT WELL IT IS THE SECRET,I'VE DRAWN THIS MAN HERE AND IF YOU CAN TELL HE HAS A LOT OF BIG MUSCLES HE LOOKS VERY STRONG,0,201,1,0,True,195,0.9701492537313432,completed,4,"[{""sample_id"": ""-iRBcNs9oI8$_$8"", ""issue_type"": ""suspected_text_audio_mismatch"", ""start"": ""0.000000"", ""end"": ""8.074733"", ""review_status"": ""unresolved"", ""reviewer"": ""Codex_evidence_review_20260924"", ""evidence"": ""Inspected words.jsonl/CTC timeline for 0.000000-8.074733s: accepted=10/21, diagnostic_wer=1.0476190476190477; unlocated_word_ids=1:low_ctc_score,5:low_ctc_score,7:low_ctc_score,8:low_ctc_score,11:low_ctc_score,12:low_ctc_score,13:low_ctc_score,15:low_ctc_score,16:low_ctc_score,17:low_ctc_score,20:low_ctc_score; reference_prefix=\""I'VE DRAWN THIS MAN HERE AND IF YOU CAN TELL HE HAS A LOT OF BIG\""; diagnostic_prefix=\""EVER DECIDE TO ASK OUT THAT SPECIAL SOMEONE SO WHAT IS THE SECRET I'M TELLING YOU\"". No reliable audiovisual listening confirmation was available, so the alert remains unresolved."", ""action"": ""keep_unresolved""}, {""sample_id"": ""-iRBcNs9oI8$_$8"", ""issue_type"": ""low_aligned_word_fraction"", ""start"": ""0.000000"", ""end"": ""8.074733"", ""review_status"": ""unresolved"", ""reviewer"": ""Codex_evidence_review_20260924"", ""evidence"": ""Inspected words.jsonl/CTC timeline for 0.000000-8.074733s: accepted=10/21, diagnostic_wer=1.0476190476190477; unlocated_word_ids=1:low_ctc_score,5:low_ctc_score,7:low_ctc_score,8:low_ctc_score,11:low_ctc_score,12:low_ctc_score,13:low_ctc_score,15:low_ctc_score,16:low_ctc_score,17:low_ctc_score,20:low_ctc_score; reference_prefix=\""I'VE DRAWN THIS MAN HERE AND IF YOU CAN TELL HE HAS A LOT OF BIG\""; diagnostic_prefix=\""EVER DECIDE TO ASK OUT THAT SPECIAL SOMEONE SO WHAT IS THE SECRET I'M TELLING YOU\"". No reliable audiovisual listening confirmation was available, so the alert remains unresolved."", ""action"": ""keep_unresolved""}]"
-iRBcNs9oI8$_$9,ok,3.4034000000000004,0.0,0,1,0.0,-0.0293410430839005,False,146,102,0,0,3.5430838964956024e-06,86,[],5,5,1.0,0,0.0,[],0.7977163461538459,3.260512319711538,0.7977163461538459,0.1428876802884624,1.0,unverifiable,OF POWER POSE,POWER IS SIMILAR TO STRENGTH,0,58,2,0,False,0,0.0,completed,4,"[{""sample_id"": ""-iRBcNs9oI8$_$9"", ""issue_type"": ""identity_unknown"", ""start"": ""0.000000"", ""end"": ""3.403400"", ""review_status"": ""unresolved"", ""reviewer"": ""Codex_evidence_review_20260924"", ""evidence"": ""Viewed identity_contact_03.jpg at 0.500s(frame 14), 1.668s(frame 43), 2.870s(frame 73); episode_count=2, successful_candidates=58. Still-frame evidence was inspected, but it cannot reliably bind every OpenFace face_id/episode to the speaking target across the full clip; no target segment released."", ""action"": ""keep_unresolved""}, {""sample_id"": ""-iRBcNs9oI8$_$9"", ""issue_type"": ""suspected_text_audio_mismatch"", ""start"": ""0.000000"", ""end"": ""3.403400"", ""review_status"": ""unresolved"", ""reviewer"": ""Codex_evidence_review_20260924"", ""evidence"": ""Inspected words.jsonl/CTC timeline for 0.000000-3.403400s: accepted=5/5, diagnostic_wer=1.0; unlocated_word_ids=none; reference_prefix='POWER IS SIMILAR TO STRENGTH'; diagnostic_prefix='OF POWER POSE'. No reliable audiovisual listening confirmation was available, so the alert remains unresolved."", ""action"": ""keep_unresolved""}]"
-lzEya4AM_4$_$5,ok,7.666666666666666,0.0,0,1,0.0,-0.0969614512471652,False,326,229,0,0,-1.7715419442509983e-05,191,"[{""type"": ""unsampled_video_grid"", ""start"": null, ""end"": null, ""evidence"": ""1 target-grid positions had no source display interval""}]",19,19,1.0,0,0.0,[],0.2245246292372881,6.8800761387711855,0.2245246292372881,0.7865905278954806,0.1052631578947368,no_issue_detected,IF IT FALLS INTO ANY OF THOSE THREE CATEGORIES INDUCING NAUSEY AND VOMITING WOULD BE YOUR NEXT STEP,IF IT FALLS INTO OH ANY OF THOSE THREE CATEGORIES INDUCING NAUSEA AND VOMITING WOULD BE YOUR NEXT STEP,1,191,1,0,True,191,1.0,completed,0,[]
-lzEya4AM_4$_$6,ok,14.766666666666666,0.0,0,1,0.0,-0.0263265306122431,False,635,443,0,0,3.4863945506558025e-05,370,[],43,43,1.0,0,0.0,[],0.2403322010869565,14.051422690217391,0.2403322010869565,0.7152439764492744,0.0232558139534883,unverifiable,IF THE PRODUCT OR POISON IS SOME TYPE OF PETROLEUM PRODUCT OR CORROSIVE PRODUCT YOU WOULD NOT ATTEMPT TO INDUCE VOMITING AND NAUSEA AS IF THE PRODUCT BURNED ON THE WAY DOWN IT COULD CAUSE DAMAGE AND BURNING ON THE WAY BACK UP,IF THE PRODUCT OR POISON IS SOME TYPE OF PETROLEUM PRODUCT OR CORROSIVE PRODUCT YOU WOULD NOT ATTEMPT TO INDUCE VOMITING AND NAUSEA AS AS THE PRODUCT BURNED ON THE WAY DOWN IT COULD CAUSE DAMAGE AND BURNING ON THE WAY BACK UP,0,356,2,0,False,0,0.0,completed,2,"[{""sample_id"": ""-lzEya4AM_4$_$6"", ""issue_type"": ""identity_unknown"", ""start"": ""0.000000"", ""end"": ""14.766667"", ""review_status"": ""unresolved"", ""reviewer"": ""Codex_evidence_review_20260924"", ""evidence"": ""Viewed identity_contact_03.jpg at 2.200s(frame 56), 7.333s(frame 185), 12.533s(frame 315); episode_count=2, successful_candidates=356. Still-frame evidence was inspected, but it cannot reliably bind every OpenFace face_id/episode to the speaking target across the full clip; no target segment released."", ""action"": ""keep_unresolved""}]"
-mJ2ud6oKI8$_$1,ok,6.072733333333334,0.0,0,1,0.0,-0.0182208616780048,False,261,182,0,0,-1.247165529694172e-05,152,[],13,3,0.2307692307692307,10,0.7692307692307693,"[{""word_id"": 1, ""raw_word"": ""are"", ""reasons"": [""low_ctc_score""]}, {""word_id"": 2, ""raw_word"": ""a"", ""reasons"": [""low_ctc_score""]}, {""word_id"": 3, ""raw_word"": ""dozen"", ""reasons"": [""low_ctc_score""]}, {""word_id"": 5, ""raw_word"": ""more"", ""reasons"": [""low_ctc_score""]}, {""word_id"": 7, ""raw_word"": ""on"", ""reasons"": [""low_ctc_score""]}, {""word_id"": 8, ""raw_word"": ""techniques"", ""reasons"": [""low_ctc_score""]}, {""word_id"": 9, ""raw_word"": ""that"", ""reasons"": [""low_ctc_score""]}, {""word_id"": 10, ""raw_word"": ""we"", ""reasons"": [""low_ctc_score""]}, {""word_id"": 11, ""raw_word"": ""can"", ""reasons"": [""low_ctc_score""]}, {""word_id"": 12, ""raw_word"": ""do"", ""reasons"": [""low_ctc_score""]}]",0.0161023936170212,5.490916223404256,0.0161023936170212,0.5818171099290783,1.0,unverifiable,,THERE ARE A DOZEN OR MORE HANDS ON TECHNIQUES THAT WE CAN DO,0,0,0,1,False,0,0.0,completed,5,"[{""sample_id"": ""-mJ2ud6oKI8$_$1"", ""issue_type"": ""suspected_text_audio_mismatch"", ""start"": ""0.000000"", ""end"": ""6.072733"", ""review_status"": ""unresolved"", ""reviewer"": ""Codex_evidence_review_20260924"", ""evidence"": ""Inspected words.jsonl/CTC timeline for 0.000000-6.072733s: accepted=3/13, diagnostic_wer=1.0; unlocated_word_ids=1:low_ctc_score,2:low_ctc_score,3:low_ctc_score,5:low_ctc_score,7:low_ctc_score,8:low_ctc_score,9:low_ctc_score,10:low_ctc_score,11:low_ctc_score,12:low_ctc_score; reference_prefix='THERE ARE A DOZEN OR MORE HANDS ON TECHNIQUES THAT WE CAN DO'; diagnostic_prefix=''. No reliable audiovisual listening confirmation was available, so the alert remains unresolved."", ""action"": ""keep_unresolved""}, {""sample_id"": ""-mJ2ud6oKI8$_$1"", ""issue_type"": ""low_aligned_word_fraction"", ""start"": ""0.000000"", ""end"": ""6.072733"", ""review_status"": ""unresolved"", ""reviewer"": ""Codex_evidence_review_20260924"", ""evidence"": ""Inspected words.jsonl/CTC timeline for 0.000000-6.072733s: accepted=3/13, diagnostic_wer=1.0; unlocated_word_ids=1:low_ctc_score,2:low_ctc_score,3:low_ctc_score,5:low_ctc_score,7:low_ctc_score,8:low_ctc_score,9:low_ctc_score,10:low_ctc_score,11:low_ctc_score,12:low_ctc_score; reference_prefix='THERE ARE A DOZEN OR MORE HANDS ON TECHNIQUES THAT WE CAN DO'; diagnostic_prefix=''. No reliable audiovisual listening confirmation was available, so the alert remains unresolved."", ""action"": ""keep_unresolved""}]"
-mJ2ud6oKI8$_$2,ok,5.7057,0.0,0,1,0.0,-0.0040219954648534,False,246,171,0,0,9.49546487838404e-06,143,[],11,3,0.2727272727272727,8,0.7272727272727273,"[{""word_id"": 1, ""raw_word"": ""physical"", ""reasons"": [""low_ctc_score""]}, {""word_id"": 2, ""raw_word"": ""therapists"", ""reasons"": [""low_ctc_score""]}, {""word_id"": 4, ""raw_word"": ""chiropractors"", ""reasons"": [""low_ctc_score""]}, {""word_id"": 6, ""raw_word"": ""do"", ""reasons"": [""low_ctc_score""]}, {""word_id"": 7, ""raw_word"": ""joint"", ""reasons"": [""low_ctc_score""]}, {""word_id"": 8, ""raw_word"": ""manipulations"", ""reasons"": [""low_ctc_score""]}, {""word_id"": 9, ""raw_word"": ""and"", ""reasons"": [""low_ctc_score""]}, {""word_id"": 10, ""raw_word"": ""mobilizations"", ""reasons"": [""low_ctc_score""]}]",0.0161064618644067,5.041322563559323,0.0161064618644067,0.6643774364406774,1.0,unverifiable,,SO PHYSICAL THERAPISTS AND CHIROPRACTORS WILL DO JOINT MANIPULATIONS AND MOBILIZATIONS,0,63,2,1,False,0,0.0,completed,6,"[{""sample_id"": ""-mJ2ud6oKI8$_$2"", ""issue_type"": ""identity_unknown"", ""start"": ""0.000000"", ""end"": ""5.705700"", ""review_status"": ""unresolved"", ""reviewer"": ""Codex_evidence_review_20260924"", ""evidence"": ""Viewed identity_contact_03.jpg at 0.834s(frame 22), 2.836s(frame 72), 4.838s(frame 122); episode_count=2, successful_candidates=63. Still-frame evidence was inspected, but it cannot reliably bind every OpenFace face_id/episode to the speaking target across the full clip; no target segment released."", ""action"": ""keep_unresolved""}, {""sample_id"": ""-mJ2ud6oKI8$_$2"", ""issue_type"": ""suspected_text_audio_mismatch"", ""start"": ""0.000000"", ""end"": ""5.705700"", ""review_status"": ""unresolved"", ""reviewer"": ""Codex_evidence_review_20260924"", ""evidence"": ""Inspected words.jsonl/CTC timeline for 0.000000-5.705700s: accepted=3/11, diagnostic_wer=1.0; unlocated_word_ids=1:low_ctc_score,2:low_ctc_score,4:low_ctc_score,6:low_ctc_score,7:low_ctc_score,8:low_ctc_score,9:low_ctc_score,10:low_ctc_score; reference_prefix='SO PHYSICAL THERAPISTS AND CHIROPRACTORS WILL DO JOINT MANIPULATIONS AND MOBILIZATIONS'; diagnostic_prefix=''. No reliable audiovisual listening confirmation was available, so the alert remains unresolved."", ""action"": ""keep_unresolved""}, {""sample_id"": ""-mJ2ud6oKI8$_$2"", ""issue_type"": ""low_aligned_word_fraction"", ""start"": ""0.000000"", ""end"": ""5.705700"", ""review_status"": ""unresolved"", ""reviewer"": ""Codex_evidence_review_20260924"", ""evidence"": ""Inspected words.jsonl/CTC timeline for 0.000000-5.705700s: accepted=3/11, diagnostic_wer=1.0; unlocated_word_ids=1:low_ctc_score,2:low_ctc_score,4:low_ctc_score,6:low_ctc_score,7:low_ctc_score,8:low_ctc_score,9:low_ctc_score,10:low_ctc_score; reference_prefix='SO PHYSICAL THERAPISTS AND CHIROPRACTORS WILL DO JOINT MANIPULATIONS AND MOBILIZATIONS'; diagnostic_prefix=''. No reliable audiovisual listening confirmation was available, so the alert remains unresolved."", ""action"": ""keep_unresolved""}]"
-mJ2ud6oKI8$_$6,ok,2.2355666666666667,0.0,0,1,0.0,-0.0074487528344668,False,96,67,0,0,7.086167798320275e-06,56,[],5,3,0.6,2,0.4,"[{""word_id"": 2, ""raw_word"": ""all"", ""reasons"": [""low_ctc_score""]}, {""word_id"": 4, ""raw_word"": ""safe"", ""reasons"": [""low_ctc_score""]}]",0.1130208333333333,0.7588541666666666,0.1130208333333333,1.4767125,1.4,unverifiable,WE ALL WANT OUR APPROACHS REALLY ANY,THEY ARE ALL VERY SAFE,0,56,1,0,True,56,1.0,completed,4,"[{""sample_id"": ""-mJ2ud6oKI8$_$6"", ""issue_type"": ""suspected_text_audio_mismatch"", ""start"": ""0.000000"", ""end"": ""2.235567"", ""review_status"": ""unresolved"", ""reviewer"": ""Codex_evidence_review_20260924"", ""evidence"": ""Inspected words.jsonl/CTC timeline for 0.000000-2.235567s: accepted=3/5, diagnostic_wer=1.4; unlocated_word_ids=2:low_ctc_score,4:low_ctc_score; reference_prefix='THEY ARE ALL VERY SAFE'; diagnostic_prefix='WE ALL WANT OUR APPROACHS REALLY ANY'. No reliable audiovisual listening confirmation was available, so the alert remains unresolved."", ""action"": ""keep_unresolved""}, {""sample_id"": ""-mJ2ud6oKI8$_$6"", ""issue_type"": ""low_aligned_word_fraction"", ""start"": ""0.000000"", ""end"": ""2.235567"", ""review_status"": ""unresolved"", ""reviewer"": ""Codex_evidence_review_20260924"", ""evidence"": ""Inspected words.jsonl/CTC timeline for 0.000000-2.235567s: accepted=3/5, diagnostic_wer=1.4; unlocated_word_ids=2:low_ctc_score,4:low_ctc_score; reference_prefix='THEY ARE ALL VERY SAFE'; diagnostic_prefix='WE ALL WANT OUR APPROACHS REALLY ANY'. No reliable audiovisual listening confirmation was available, so the alert remains unresolved."", ""action"": ""keep_unresolved""}]"
-mJ2ud6oKI8$_$8,ok,4.171337868480725,0.0,0,1,0.0,0.0005045351473915,False,180,125,0,0,3.713151927353664e-05,105,[],11,8,0.7272727272727273,3,0.2727272727272727,"[{""word_id"": 3, ""raw_word"": ""to"", ""reasons"": [""low_ctc_score""]}, {""word_id"": 4, ""raw_word"": ""stretch"", ""reasons"": [""low_ctc_score""]}, {""word_id"": 10, ""raw_word"": ""irritated"", ""reasons"": [""low_ctc_score""]}]",0.1778493217054263,2.021015019379845,0.1778493217054263,2.15032284910088,1.2727272727272727,unverifiable,WE WANT EITHER WITH THEN IN A GIVE A FULL THOROUGH VALUATION TO FIND,SOMETIMES WE HAVE TO STRETCH THAT JOINT THAT IS ALREADY IRRITATED,0,105,1,0,True,105,1.0,completed,4,"[{""sample_id"": ""-mJ2ud6oKI8$_$8"", ""issue_type"": ""suspected_text_audio_mismatch"", ""start"": ""0.000000"", ""end"": ""4.171338"", ""review_status"": ""unresolved"", ""reviewer"": ""Codex_evidence_review_20260924"", ""evidence"": ""Inspected words.jsonl/CTC timeline for 0.000000-4.171338s: accepted=8/11, diagnostic_wer=1.2727272727272727; unlocated_word_ids=3:low_ctc_score,4:low_ctc_score,10:low_ctc_score; reference_prefix='SOMETIMES WE HAVE TO STRETCH THAT JOINT THAT IS ALREADY IRRITATED'; diagnostic_prefix='WE WANT EITHER WITH THEN IN A GIVE A FULL THOROUGH VALUATION TO FIND'. No reliable audiovisual listening confirmation was available, so the alert remains unresolved."", ""action"": ""keep_unresolved""}, {""sample_id"": ""-mJ2ud6oKI8$_$8"", ""issue_type"": ""low_aligned_word_fraction"", ""start"": ""0.000000"", ""end"": ""4.171338"", ""review_status"": ""unresolved"", ""reviewer"": ""Codex_evidence_review_20260924"", ""evidence"": ""Inspected words.jsonl/CTC timeline for 0.000000-4.171338s: accepted=8/11, diagnostic_wer=1.2727272727272727; unlocated_word_ids=3:low_ctc_score,4:low_ctc_score,10:low_ctc_score; reference_prefix='SOMETIMES WE HAVE TO STRETCH THAT JOINT THAT IS ALREADY IRRITATED'; diagnostic_prefix='WE WANT EITHER WITH THEN IN A GIVE A FULL THOROUGH VALUATION TO FIND'. No reliable audiovisual listening confirmation was available, so the alert remains unresolved."", ""action"": ""keep_unresolved""}]"
-mJ2ud6oKI8$_$9,ok,7.007000000000001,0.0,0,1,0.0,-0.0982471655328804,False,298,208,0,0,-2.8344670726099253e-06,174,"[{""type"": ""unsampled_video_grid"", ""start"": null, ""end"": null, ""evidence"": ""2 target-grid positions had no source display interval""}]",22,12,0.5454545454545454,10,0.4545454545454545,"[{""word_id"": 1, ""raw_word"": ""safe"", ""reasons"": [""low_ctc_score""]}, {""word_id"": 4, ""raw_word"": ""person"", ""reasons"": [""low_ctc_score""]}, {""word_id"": 5, ""raw_word"": ""will"", ""reasons"": [""low_ctc_score""]}, {""word_id"": 7, ""raw_word"": ""better"", ""reasons"": [""low_ctc_score""]}, {""word_id"": 8, ""raw_word"": ""later"", ""reasons"": [""low_ctc_score""]}, {""word_id"": 10, ""raw_word"": ""but"", ""reasons"": [""low_ctc_score""]}, {""word_id"": 17, ""raw_word"": ""teeth"", ""reasons"": [""low_ctc_score""]}, {""word_id"": 18, ""raw_word"": ""for"", ""reasons"": [""low_ctc_score""]}, {""word_id"": 19, ""raw_word"": ""the"", ""reasons"": [""low_ctc_score""]}, {""word_id"": 20, ""raw_word"": ""first"", ""reasons"": [""low_ctc_score""]}]",1.4922906976744188,6.282142441860466,1.4922906976744188,0.7248575581395347,1.0909090909090908,unverifiable,ATION TO FIND OUT BECAUSE YOU MIGHT HAVE HIPODSTER A THREATS BUT THAT YOU COULD ALSO HAVE OTHER U YOU KNOW DISCC FUNCTIONS ROUND YOUR,IT'S SAFE AND THE PERSON WILL FEEL BETTER LATER ON BUT IT'S SORT OF LIKE FLOSSING YOUR TEETH FOR THE FIRST TIME,0,169,2,1,False,0,0.0,completed,6,"[{""sample_id"": ""-mJ2ud6oKI8$_$9"", ""issue_type"": ""identity_unknown"", ""start"": ""0.000000"", ""end"": ""7.007000"", ""review_status"": ""unresolved"", ""reviewer"": ""Codex_evidence_review_20260924"", ""evidence"": ""Viewed identity_contact_03.jpg at 1.034s(frame 27), 3.437s(frame 87), 5.873s(frame 148); episode_count=2, successful_candidates=169. Still-frame evidence was inspected, but it cannot reliably bind every OpenFace face_id/episode to the speaking target across the full clip; no target segment released."", ""action"": ""keep_unresolved""}, {""sample_id"": ""-mJ2ud6oKI8$_$9"", ""issue_type"": ""suspected_text_audio_mismatch"", ""start"": ""0.000000"", ""end"": ""7.007000"", ""review_status"": ""unresolved"", ""reviewer"": ""Codex_evidence_review_20260924"", ""evidence"": ""Inspected words.jsonl/CTC timeline for 0.000000-7.007000s: accepted=12/22, diagnostic_wer=1.0909090909090908; unlocated_word_ids=1:low_ctc_score,4:low_ctc_score,5:low_ctc_score,7:low_ctc_score,8:low_ctc_score,10:low_ctc_score,17:low_ctc_score,18:low_ctc_score,19:low_ctc_score,20:low_ctc_score; reference_prefix=\""IT'S SAFE AND THE PERSON WILL FEEL BETTER LATER ON BUT IT'S SORT OF LIKE FLOSSING\""; diagnostic_prefix='ATION TO FIND OUT BECAUSE YOU MIGHT HAVE HIPODSTER A THREATS BUT THAT YOU COULD ALSO'. No reliable audiovisual listening confirmation was available, so the alert remains unresolved."", ""action"": ""keep_unresolved""}, {""sample_id"": ""-mJ2ud6oKI8$_$9"", ""issue_type"": ""low_aligned_word_fraction"", ""start"": ""0.000000"", ""end"": ""7.007000"", ""review_status"": ""unresolved"", ""reviewer"": ""Codex_evidence_review_20260924"", ""evidence"": ""Inspected words.jsonl/CTC timeline for 0.000000-7.007000s: accepted=12/22, diagnostic_wer=1.0909090909090908; unlocated_word_ids=1:low_ctc_score,4:low_ctc_score,5:low_ctc_score,7:low_ctc_score,8:low_ctc_score,10:low_ctc_score,17:low_ctc_score,18:low_ctc_score,19:low_ctc_score,20:low_ctc_score; reference_prefix=\""IT'S SAFE AND THE PERSON WILL FEEL BETTER LATER ON BUT IT'S SORT OF LIKE FLOSSING\""; diagnostic_prefix='ATION TO FIND OUT BECAUSE YOU MIGHT HAVE HIPODSTER A THREATS BUT THAT YOU COULD ALSO'. No reliable audiovisual listening confirmation was available, so the alert remains unresolved."", ""action"": ""keep_unresolved""}]"
-mqbVkbCndg$_$0,ok,6.5,0.0,0,1,0.0,-0.1145124716553294,False,275,194,0,0,1.2471655367107816e-05,162,"[{""type"": ""unsampled_video_grid"", ""start"": null, ""end"": null, ""evidence"": ""1 target-grid positions had no source display interval""}]",12,12,1.0,0,0.0,[],0.0641758793969849,5.727697236180904,0.0641758793969849,0.7723027638190958,0.0,no_issue_detected,HOW AT A PARTICULAR MOMENT IN TIME OUR MOMENT IN TIME ARE THEY LIMITED,HOW AT A PARTICULAR MOMENT IN TIME OUR MOMENT IN TIME ARE THEY LIMITED,1,162,1,0,True,162,1.0,completed,0,[]
-qDkUB0GgYY$_$6,ok,4.666666666666666,0.0,0,1,0.0,-0.0520181405895687,False,199,140,0,0,3.897392290852508e-05,117,[],16,16,1.0,0,0.0,[],0.2097585227272727,3.824059222027972,0.2097585227272727,0.842607444638694,0.5625,no_issue_detected,WITH US WE ALWAYS LOVE TO HEAR WHAT YOU HAVE TO SAY AND LIKE IN CHOSE TO YOU AS WELL AND,WE ALWAYS LOVE TO HEAR WHAT YOU SAY AND LIKE AND SHARE THIS VIDEO AS WELL,1,117,1,0,True,117,1.0,completed,0,[]
-ri04Z7vwnc$_$0,ok,2.7944666666666667,0.0,0,1,0.0,-0.0312013605442174,False,120,67,0,0,-1.530612245126406e-05,67,[],8,6,0.75,2,0.25,"[{""word_id"": 5, ""raw_word"": ""are"", ""reasons"": [""low_ctc_score""]}, {""word_id"": 7, ""raw_word"": ""married"", ""reasons"": [""low_ctc_score""]}]",0.0812720588235294,2.1618367647058827,0.0812720588235294,0.632629901960784,1.0,unverifiable,,GOING TO GET MARRIED OR ARE ALREADY MARRIED,0,0,0,0,False,0,0.0,completed,5,"[{""sample_id"": ""-ri04Z7vwnc$_$0"", ""issue_type"": ""suspected_text_audio_mismatch"", ""start"": ""0.000000"", ""end"": ""2.794467"", ""review_status"": ""unresolved"", ""reviewer"": ""Codex_evidence_review_20260924"", ""evidence"": ""Inspected words.jsonl/CTC timeline for 0.000000-2.794467s: accepted=6/8, diagnostic_wer=1.0; unlocated_word_ids=5:low_ctc_score,7:low_ctc_score; reference_prefix='GOING TO GET MARRIED OR ARE ALREADY MARRIED'; diagnostic_prefix=''. No reliable audiovisual listening confirmation was available, so the alert remains unresolved."", ""action"": ""keep_unresolved""}, {""sample_id"": ""-ri04Z7vwnc$_$0"", ""issue_type"": ""low_aligned_word_fraction"", ""start"": ""0.000000"", ""end"": ""2.794467"", ""review_status"": ""unresolved"", ""reviewer"": ""Codex_evidence_review_20260924"", ""evidence"": ""Inspected words.jsonl/CTC timeline for 0.000000-2.794467s: accepted=6/8, diagnostic_wer=1.0; unlocated_word_ids=5:low_ctc_score,7:low_ctc_score; reference_prefix='GOING TO GET MARRIED OR ARE ALREADY MARRIED'; diagnostic_prefix=''. No reliable audiovisual listening confirmation was available, so the alert remains unresolved."", ""action"": ""keep_unresolved""}]"
-ri04Z7vwnc$_$2,ok,6.006,0.0,0,1,0.0,-0.0926213151927441,False,255,143,0,0,-3.684807226456144e-06,143,"[{""type"": ""unsampled_video_grid"", ""start"": null, ""end"": null, ""evidence"": ""1 target-grid positions had no source display interval""}]",16,10,0.625,6,0.375,"[{""word_id"": 1, ""raw_word"": ""people"", ""reasons"": [""low_ctc_score""]}, {""word_id"": 2, ""raw_word"": ""think"", ""reasons"": [""low_ctc_score""]}, {""word_id"": 3, ""raw_word"": ""it'll"", ""reasons"": [""low_ctc_score""]}, {""word_id"": 4, ""raw_word"": ""sort"", ""reasons"": [""low_ctc_score""]}, {""word_id"": 9, ""raw_word"": ""it"", ""reasons"": [""low_ctc_score""]}, {""word_id"": 13, ""raw_word"": ""something"", ""reasons"": [""low_ctc_score""]}]",0.0160689538043478,5.865168138586958,0.0160689538043478,0.1408318614130426,1.0,unverifiable,HI I'M A GENTLEMAN,MOST PEOPLE THINK IT'LL SORT ITSELF OUT WE'LL DISCUSS IT LATER IT'S NOT SOMETHING TOO IMPORTANT,0,47,1,4,True,47,0.3286713286713286,completed,4,"[{""sample_id"": ""-ri04Z7vwnc$_$2"", ""issue_type"": ""suspected_text_audio_mismatch"", ""start"": ""0.000000"", ""end"": ""6.006000"", ""review_status"": ""unresolved"", ""reviewer"": ""Codex_evidence_review_20260924"", ""evidence"": ""Inspected words.jsonl/CTC timeline for 0.000000-6.006000s: accepted=10/16, diagnostic_wer=1.0; unlocated_word_ids=1:low_ctc_score,2:low_ctc_score,3:low_ctc_score,4:low_ctc_score,9:low_ctc_score,13:low_ctc_score; reference_prefix=\""MOST PEOPLE THINK IT'LL SORT ITSELF OUT WE'LL DISCUSS IT LATER IT'S NOT SOMETHING TOO IMPORTANT\""; diagnostic_prefix=\""HI I'M A GENTLEMAN\"". No reliable audiovisual listening confirmation was available, so the alert remains unresolved."", ""action"": ""keep_unresolved""}, {""sample_id"": ""-ri04Z7vwnc$_$2"", ""issue_type"": ""low_aligned_word_fraction"", ""start"": ""0.000000"", ""end"": ""6.006000"", ""review_status"": ""unresolved"", ""reviewer"": ""Codex_evidence_review_20260924"", ""evidence"": ""Inspected words.jsonl/CTC timeline for 0.000000-6.006000s: accepted=10/16, diagnostic_wer=1.0; unlocated_word_ids=1:low_ctc_score,2:low_ctc_score,3:low_ctc_score,4:low_ctc_score,9:low_ctc_score,13:low_ctc_score; reference_prefix=\""MOST PEOPLE THINK IT'LL SORT ITSELF OUT WE'LL DISCUSS IT LATER IT'S NOT SOMETHING TOO IMPORTANT\""; diagnostic_prefix=\""HI I'M A GENTLEMAN\"". No reliable audiovisual listening confirmation was available, so the alert remains unresolved."", ""action"": ""keep_unresolved""}]"
-ri04Z7vwnc$_$5,ok,3.5035111111111115,0.0,0,1,0.0,-0.0637832199546486,False,149,83,0,0,2.210884353370801e-05,83,"[{""type"": ""unsampled_video_grid"", ""start"": null, ""end"": null, ""evidence"": ""1 target-grid positions had no source display interval""}]",8,5,0.625,3,0.375,"[{""word_id"": 3, ""raw_word"": ""think"", ""reasons"": [""low_ctc_score""]}, {""word_id"": 6, ""raw_word"": ""to"", ""reasons"": [""low_ctc_score""]}, {""word_id"": 7, ""raw_word"": ""discuss"", ""reasons"": [""low_ctc_score""]}]",0.6033160377358491,2.4824610849056605,0.6033160377358491,1.021050026205451,1.875,unverifiable,AND A LOT OF PEOPLE WHO ARE WORKING ARE YOUR NO MONEY IS VERY IMPORTANT,SO I THINK IT'S IMPORTANT TO DISCUSS FINANCES,0,83,1,0,True,83,1.0,completed,4,"[{""sample_id"": ""-ri04Z7vwnc$_$5"", ""issue_type"": ""suspected_text_audio_mismatch"", ""start"": ""0.000000"", ""end"": ""3.503511"", ""review_status"": ""unresolved"", ""reviewer"": ""Codex_evidence_review_20260924"", ""evidence"": ""Inspected words.jsonl/CTC timeline for 0.000000-3.503511s: accepted=5/8, diagnostic_wer=1.875; unlocated_word_ids=3:low_ctc_score,6:low_ctc_score,7:low_ctc_score; reference_prefix=\""SO I THINK IT'S IMPORTANT TO DISCUSS FINANCES\""; diagnostic_prefix='AND A LOT OF PEOPLE WHO ARE WORKING ARE YOUR NO MONEY IS VERY IMPORTANT'. No reliable audiovisual listening confirmation was available, so the alert remains unresolved."", ""action"": ""keep_unresolved""}, {""sample_id"": ""-ri04Z7vwnc$_$5"", ""issue_type"": ""low_aligned_word_fraction"", ""start"": ""0.000000"", ""end"": ""3.503511"", ""review_status"": ""unresolved"", ""reviewer"": ""Codex_evidence_review_20260924"", ""evidence"": ""Inspected words.jsonl/CTC timeline for 0.000000-3.503511s: accepted=5/8, diagnostic_wer=1.875; unlocated_word_ids=3:low_ctc_score,6:low_ctc_score,7:low_ctc_score; reference_prefix=\""SO I THINK IT'S IMPORTANT TO DISCUSS FINANCES\""; diagnostic_prefix='AND A LOT OF PEOPLE WHO ARE WORKING ARE YOUR NO MONEY IS VERY IMPORTANT'. No reliable audiovisual listening confirmation was available, so the alert remains unresolved."", ""action"": ""keep_unresolved""}]"
-s9qJ7ATP7w$_$0,ok,6.866666666666666,0.0,0,1,0.0,-0.1560997732426301,False,289,204,0,0,-4.393423992610224e-06,170,"[{""type"": ""unsampled_video_grid"", ""start"": null, ""end"": null, ""evidence"": ""2 target-grid positions had no source display interval""}]",24,23,0.9583333333333334,1,0.0416666666666666,"[{""word_id"": 1, ""raw_word"": ""have"", ""reasons"": [""low_ctc_score""]}]",0.0160539772727272,5.956025568181818,0.0160539772727272,0.910641098484848,0.2083333333333333,unverifiable,HAVE DOUBT TO HAVE FEAR TO LOSE IN A FRIRIEY RACE OR TO LOSE IN A RACE AND THEN THEY JUST GIVE UP,THEY HAVE DOUBT THEY HAVE FEAR THEY LOSE IN A FERRARI RACE OR THEY LOSE IN A RACE AND THEN THEY JUST GIVE UP,0,266,3,0,False,0,0.0,completed,2,"[{""sample_id"": ""-s9qJ7ATP7w$_$0"", ""issue_type"": ""identity_unknown"", ""start"": ""0.000000"", ""end"": ""6.866667"", ""review_status"": ""unresolved"", ""reviewer"": ""Codex_evidence_review_20260924"", ""evidence"": ""Viewed identity_contact_04.jpg at 1.000s(frame 26), 3.333s(frame 85), 5.733s(frame 145); episode_count=3, successful_candidates=266. Still-frame evidence was inspected, but it cannot reliably bind every OpenFace face_id/episode to the speaking target across the full clip; no target segment released."", ""action"": ""keep_unresolved""}]"
-s9qJ7ATP7w$_$1,ok,4.766666666666667,0.0,0,1,0.0,-0.1228344671201817,False,200,140,0,0,-1.969954647851324e-05,117,"[{""type"": ""unsampled_video_grid"", ""start"": null, ""end"": null, ""evidence"": ""3 target-grid positions had no source display interval""}]",11,11,1.0,0,0.0,[],0.241865234375,3.531232421875,0.241865234375,1.2354342447916666,0.4545454545454545,unverifiable,THAT THE THE HARDEST THING IN LIFE TO LEARN IS TO LOSE WINNING Z EASY,BUT THE HARDEST THING IN LIFE TO LEARN IS TO LOSE,0,214,2,0,False,0,0.0,completed,2,"[{""sample_id"": ""-s9qJ7ATP7w$_$1"", ""issue_type"": ""identity_unknown"", ""start"": ""0.000000"", ""end"": ""4.766667"", ""review_status"": ""unresolved"", ""reviewer"": ""Codex_evidence_review_20260924"", ""evidence"": ""Viewed identity_contact_04.jpg at 0.667s(frame 18), 2.300s(frame 59), 3.933s(frame 100); episode_count=2, successful_candidates=214. Still-frame evidence was inspected, but it cannot reliably bind every OpenFace face_id/episode to the speaking target across the full clip; no target segment released."", ""action"": ""keep_unresolved""}]"
-s9qJ7ATP7w$_$4,ok,4.4,0.0,0,1,0.0,-0.1531065759637186,False,183,129,0,0,-1.8424036281494693e-05,107,"[{""type"": ""unsampled_video_grid"", ""start"": null, ""end"": null, ""evidence"": ""3 target-grid positions had no source display interval""}]",9,9,1.0,0,0.0,[],0.2412997159090909,3.297762784090909,0.2412997159090909,1.1022372159090903,0.4444444444444444,unverifiable,KEEP GOING I HAVE LOST AT EVERYTHING YOU CAN IMAGINE SERIOUSLY WE HAVE,I HAVE LOST AT EVERYTHING YOU CAN IMAGINE SERIOUSLY,0,57,3,0,False,0,0.0,completed,2,"[{""sample_id"": ""-s9qJ7ATP7w$_$4"", ""issue_type"": ""identity_unknown"", ""start"": ""0.000000"", ""end"": ""4.400000"", ""review_status"": ""unresolved"", ""reviewer"": ""Codex_evidence_review_20260924"", ""evidence"": ""Viewed identity_contact_04.jpg at 0.633s(frame 17), 2.100s(frame 54), 3.600s(frame 91); episode_count=3, successful_candidates=57. Still-frame evidence was inspected, but it cannot reliably bind every OpenFace face_id/episode to the speaking target across the full clip; no target segment released."", ""action"": ""keep_unresolved""}]"
-s9qJ7ATP7w$_$5,ok,8.533333333333333,0.0,0,1,0.0,-0.1354875283446706,False,362,253,0,0,2.919501139686531e-05,211,"[{""type"": ""unsampled_video_grid"", ""start"": null, ""end"": null, ""evidence"": ""3 target-grid positions had no source display interval""}]",19,19,1.0,0,0.0,[],0.6261518199233718,7.706096024904215,0.6261518199233718,0.827237308429118,0.1578947368421052,no_issue_detected,WE HAVE I HAVE BEEN BEAT UP AND PUT DOWN AND EVERYTHING THAT CAN GO WRONG HAS GONE WRONG FOR ME BUT,I HAVE BEEN BEAT UP AND PUT DOWN AND EVERYTHING THAT CAN GO WRONG HAS GONE WRONG FOR ME,1,210,1,0,True,210,0.995260663507109,completed,0,[]
-s9qJ7ATP7w$_$6,ok,2.4666666666666663,0.0,0,1,0.0,-0.1518594104308386,False,100,71,0,0,5.24376416999317e-06,60,"[{""type"": ""unsampled_video_grid"", ""start"": null, ""end"": null, ""evidence"": ""2 target-grid positions had no source display interval""}]",5,5,1.0,0,0.0,[],0.2608239436619718,1.6790541373239436,0.2608239436619718,0.7876125293427227,0.4,no_issue_detected,FOR ME BUT I JUST KEPT GOING,BUT I JUST KEPT GOING,1,36,1,0,True,36,0.6,completed,0,[]
-s9qJ7ATP7w$_$7,ok,6.933333333333333,0.0,0,1,0.0,-0.0947845804988656,False,295,207,0,0,1.3747165579225396e-05,173,"[{""type"": ""unsampled_video_grid"", ""start"": null, ""end"": null, ""evidence"": ""1 target-grid positions had no source display interval""}]",28,28,1.0,0,0.0,[],0.2086885269953051,6.019861355633802,0.2086885269953051,0.9134719776995306,0.5714285714285714,unverifiable,I USED TO WORK FOR WAR AS THE GUIDE STAR DAS RENNAAR HE SETS ME ONE DAY ROBERT WHAT'S THE PURPOSE OF BUSINESS AND I SET OUT,I USED TO WORK FOR WARREN AVIS THE GUY WHO STARTED AVIS RENT A CAR AND HE SAID TO ME ONE DAY ROBERT WHAT'S THE PURPOSE OF BUSINESS,0,175,4,0,False,0,0.0,completed,2,"[{""sample_id"": ""-s9qJ7ATP7w$_$7"", ""issue_type"": ""identity_unknown"", ""start"": ""0.000000"", ""end"": ""6.933333"", ""review_status"": ""unresolved"", ""reviewer"": ""Codex_evidence_review_20260924"", ""evidence"": ""Viewed identity_contact_04.jpg at 1.033s(frame 27), 3.433s(frame 87), 5.833s(frame 147); episode_count=4, successful_candidates=175. Still-frame evidence was inspected, but it cannot reliably bind every OpenFace face_id/episode to the speaking target across the full clip; no target segment released."", ""action"": ""keep_unresolved""}]"
-s9qJ7ATP7w$_$8,ok,3.2666666666666666,0.0,0,1,0.0,-0.0824489795918363,False,138,97,0,0,3.231292516669981e-05,81,"[{""type"": ""unsampled_video_grid"", ""start"": null, ""end"": null, ""evidence"": ""1 target-grid positions had no source display interval""}]",12,12,1.0,0,0.0,[],0.2090669191919192,2.4605568181818183,0.2090669191919192,0.8061098484848483,0.4166666666666667,unverifiable,BUSINESS AND I SAID OH MAKE A PROPHET AND ALL THESE OTHER THINGS THEY SAID NO,AND I SAID OH MAKE A PROFIT AND ALL THESE OTHER THINGS,0,143,2,0,False,0,0.0,completed,2,"[{""sample_id"": ""-s9qJ7ATP7w$_$8"", ""issue_type"": ""identity_unknown"", ""start"": ""0.000000"", ""end"": ""3.266667"", ""review_status"": ""unresolved"", ""reviewer"": ""Codex_evidence_review_20260924"", ""evidence"": ""Viewed identity_contact_04.jpg at 0.467s(frame 13), 1.600s(frame 41), 2.700s(frame 69); episode_count=2, successful_candidates=143. Still-frame evidence was inspected, but it cannot reliably bind every OpenFace face_id/episode to the speaking target across the full clip; no target segment released."", ""action"": ""keep_unresolved""}]"
-t217m2on-s$_$2,ok,5.666666666666666,0.0,0,1,0.0,-0.0364852607709744,False,243,170,0,0,6.094104333165262e-06,142,[],12,12,1.0,0,0.0,[],0.24129375,4.84196125,0.24129375,0.8247054166666663,0.3333333333333333,no_issue_detected,WHAT A A GOOD THING IT DO IS YAWNING OUR CHEWING GUM IS EFFECTIVE,BUT A GOOD THING TO DO IS YAWNING CHEWING GUM IS EFFECTIVE,1,142,1,0,True,142,1.0,completed,0,[]
-t217m2on-s$_$7,ok,17.166666666666664,0.0,0,1,0.0,-0.1403174603174584,False,734,512,0,0,2.579365075661144e-05,427,"[{""type"": ""unsampled_video_grid"", ""start"": null, ""end"": null, ""evidence"": ""3 target-grid positions had no source display interval""}]",45,45,1.0,0,0.0,[],0.2244531544256121,16.369047904896426,0.2244531544256121,0.7976187617702379,0.1555555555555555,no_issue_detected,IF YOU FIND THAT YOUR EARSCONSISTENTLY DO THIS AND YOU CAN'T POP THEM OFTEN YOU'LL DEFINITE YOU WOULDN'T NEED TO SEE A PHYSICIAN REGARDING THOSE THINGS IT COULD BE SOMETHING MORE OF A NASAL INFECTION OR A SCEOUS INFECTION THAN HE WOULD NEED TO DEAL WITH,IF YOU FIND THAT YOUR EARS CONSISTENTLY DO THIS AND YOU CAN'T POP THEM OFTEN YOU'LL DEFINITELY NEED TO SEE A PHYSICIAN REGARDING THOSE THINGS IT COULD BE SOMETHING MORE OF A NASAL INFECTION OR A SINUS INFECTION THAT HE WOULD NEED TO DEAL WITH,1,427,1,0,True,427,1.0,completed,0,[]
-tANM6ETl_M$_$3,ok,6.733333333333333,0.0,0,1,0.0,-0.1297278911564632,False,285,200,0,0,1.955782317164534e-05,167,"[{""type"": ""unsampled_video_grid"", ""start"": null, ""end"": null, ""evidence"": ""2 target-grid positions had no source display interval""}]",22,22,1.0,0,0.0,[],0.2415960365853658,6.039900914634147,0.2415960365853658,0.693432418699186,0.1363636363636363,unverifiable,THE FIRST PLACE IS EITHER YOU HAVE A PROSPECTOR A CUSTOMER WHO'S NEVER DONE IT BEFORE THEY'VE NEVER TRIED IT,THE FIRST PLACE IS EITHER YOU HAVE A PROSPECT OR A CUSTOMER WHO'S NEVER DONE IT BEFORE OR THEY'VE NEVER TRIED IT,0,153,3,0,False,0,0.0,completed,2,"[{""sample_id"": ""-tANM6ETl_M$_$3"", ""issue_type"": ""identity_unknown"", ""start"": ""0.000000"", ""end"": ""6.733333"", ""review_status"": ""unresolved"", ""reviewer"": ""Codex_evidence_review_20260924"", ""evidence"": ""Viewed identity_contact_04.jpg at 1.000s(frame 26), 3.300s(frame 84), 5.633s(frame 142); episode_count=3, successful_candidates=153. Still-frame evidence was inspected, but it cannot reliably bind every OpenFace face_id/episode to the speaking target across the full clip; no target segment released."", ""action"": ""keep_unresolved""}]"
-tPCytz4rww$_$10,ok,4.766666666666667,0.0,0,1,0.0,-0.087868480725624,False,202,142,0,0,1.4314058964792764e-05,119,"[{""type"": ""unsampled_video_grid"", ""start"": null, ""end"": null, ""evidence"": ""1 target-grid positions had no source display interval""}]",12,12,1.0,0,0.0,[],0.2581413793103448,3.952789870689656,0.2581413793103448,0.813876795977011,0.3333333333333333,no_issue_detected,FOOTAGE SAY TWENTY PER CENT SO IF YOU'VE GOT A THOUSAND SQUARE FOOT CONDO MAY,SAY TWENTY PERCENT SO IF YOU'VE GOT A THOUSAND SQUARE FOOT CONDO,1,119,1,0,True,119,1.0,completed,0,[]
-tPCytz4rww$_$11,ok,5.466666666666667,0.0,0,1,0.0,-0.0880952380952386,False,232,164,0,0,-8.928571408439723e-06,137,[],17,17,1.0,0,0.0,[],0.209345247005988,4.686112836826348,0.209345247005988,0.7805538298403185,0.2941176470588235,no_issue_detected,THOUGH MAY SURE THAT YOUR USING COMPS THAT ARE NO LARGER NO LARGER THAN TWELVE HUNDRED SQUARE FEET NO LESS,MAKE SURE THAT YOUR USING COMPS THAT ARE NOT LARGER NO LARGER THAN TWELVE HUNDRED SQUARE FEET,1,137,1,0,True,137,1.0,completed,0,[]
-tPCytz4rww$_$12,ok,11.833333333333334,0.0,0,1,0.0,-0.0971428571428578,False,506,353,0,0,-2.97619048517106e-06,295,"[{""type"": ""unsampled_video_grid"", ""start"": null, ""end"": null, ""evidence"": ""1 target-grid positions had no source display interval""}]",26,26,1.0,0,0.0,[],0.2404956454918032,11.078832735655736,0.2404956454918032,0.7545005976775965,0.2692307692307692,no_issue_detected,WEAR FEET NO LESS THAN EIGHT HUNDRED SQUARE FEET AND CAN TO BE SIMILAR IN U SIMILAR WITH BEDROOMS AND BATHROOMS AS WELL AND HOPEFULLY THE COMPLEXES HAVE SIMILAR AMENITIES MANNING,NO LESS THAN EIGHT HUNDRED SQUIRE FEET AND GOING TO SIMILAR IN SIMILAR WITH BEDROOMS AND BATHROOMS AS WELL AND HOPEFULLY THE COMPLEXES HAVE SIMILAR AMENITIES,1,295,1,0,True,295,1.0,completed,0,[]
-tPCytz4rww$_$16,ok,7.2,0.0,0,1,0.0,-0.0608390022675742,False,308,216,0,0,2.6502267625794215e-05,180,[],16,16,1.0,0,0.0,[],0.257268018018018,6.190511683558558,0.257268018018018,1.009488316441442,0.375,no_issue_detected,SO MAKE SURE TO GET A THOROUGH UM TO DO A THOROUGH CLEANING OF THE PROPTI E ANY,SO MAKE SURE TO GET A THROUGH OR TO DO A THROUGH CLEANING OF THE PROPERTY,1,180,1,0,True,180,1.0,completed,0,[]
-tPCytz4rww$_$18,ok,6.633333333333333,0.0,0,1,0.0,-0.0645351473922897,False,283,199,0,0,1.4314058997655366e-05,166,[],16,16,1.0,0,0.0,[],0.2254004289215686,5.94091130514706,0.2254004289215686,0.6924220281862734,0.1875,no_issue_detected,DO SO AND AS WELL YOU'LL ALSO WANT TO REMOVE ANY CLUTTER FROM THE HOME THAT YOU'VE ACCUMULATED OVER,DO SO AND AS WELL YOU'LL ALSO WANT TO REMOVE ANY CLUTTER FROM THAT YOU'VE ACCUMULATED,1,166,1,0,True,166,1.0,completed,0,[]
-uywlfIYOS8$_$4,ok,6.033333333333333,0.0,0,1,0.0,-0.1522448979591839,False,254,179,0,0,3.656462587997567e-05,150,"[{""type"": ""unsampled_video_grid"", ""start"": null, ""end"": null, ""evidence"": ""1 target-grid positions had no source display interval""}]",18,18,1.0,0,0.0,[],0.560530737704918,5.109829918032787,0.560530737704918,0.923503415300546,0.6111111111111112,no_issue_detected,GO IS NOT OVER DEVELOPED AND THEN FROM A BRA POINT OF VIEW WE NEED TO MAKE SURE THAT WE'RE DRIVING THE RELI OF AN INSIGHT BUT,AND THEN FROM A BRAND POINT OF VIEW WE NEED TO MAKE SURE WE'RE DRIVING THE RELEVANT INSIGHT,1,150,1,0,True,150,1.0,completed,0,[]
-vxjVxOeScU$_$4,ok,9.1,0.0,0,1,0.0,-0.0629478458049881,False,390,272,0,0,1.0345805034006617e-05,227,"[{""type"": ""unsampled_video_grid"", ""start"": null, ""end"": null, ""evidence"": ""1 target-grid positions had no source display interval""}]",21,20,0.9523809523809524,1,0.0476190476190476,"[{""word_id"": 1, ""raw_word"": ""going"", ""reasons"": [""low_ctc_score""]}]",0.2251225533807829,8.249133563167259,0.2251225533807829,0.8508664368327405,0.2857142857142857,no_issue_detected,YOU TO TALK ABOUT THEIR WIFE THEIR MARRIAGE I'M UNUSUAL HOW AMAZING IT IS THAT THEY'VE STAYED TOGETHER THIS LONG WEDDING,YOU'RE GOING TO TALK ABOUT THEIR LIFE THEIR MARRIAGE AND USUALLY HOW AMAZING IT IS THAT THEY'VE STAYED TOGETHER THIS LONG,1,227,1,0,True,200,0.8810572687224669,completed,0,[]
-wMB_hJL-3o$_$7,ok,6.033333333333333,0.0,0,1,0.0,-0.0577551020408169,False,258,181,0,0,-1.5731292486442783e-05,151,[],22,22,1.0,0,0.0,[],0.2730767809139784,5.220585517473118,0.2730767809139784,0.8127478158602148,0.0,unverifiable,SO IF YOU HAVE A LOVED ONE WHO IS DEPRESSED THOSE ARE SOME OF THE THINGS THAT YOU SHOULD THINK ABOUT DOING,SO IF YOU HAVE A LOVED ONE WHO IS DEPRESSED THOSE ARE SOME OF THE THINGS THAT YOU SHOULD THINK ABOUT DOING,0,150,7,6,False,0,0.0,completed,2,"[{""sample_id"": ""-wMB_hJL-3o$_$7"", ""issue_type"": ""identity_unknown"", ""start"": ""0.000000"", ""end"": ""6.033333"", ""review_status"": ""unresolved"", ""reviewer"": ""Codex_evidence_review_20260924"", ""evidence"": ""Viewed identity_contact_04.jpg at 0.867s(frame 23), 3.000s(frame 76), 5.100s(frame 129); episode_count=7, successful_candidates=150. Still-frame evidence was inspected, but it cannot reliably bind every OpenFace face_id/episode to the speaking target across the full clip; no target segment released."", ""action"": ""keep_unresolved""}]"
-wny0OAz3g8$_$0,ok,3.333333333333333,0.0,0,1,0.0,-0.0593197278911561,False,141,100,0,0,-1.3605442180431028e-05,84,[],9,9,1.0,0,0.0,[],0.1296633663366336,2.5122277227722773,0.1296633663366336,0.8211056105610557,0.2222222222222222,unverifiable,TRADE LABOR UNIONS DIDN'T ALLOW BLACK WORKERS TO JOIN AND BECAUSE,TRADE LABOR UNIONS DIDN'T ALLOW BLACK WORKERS TO JOIN,0,154,4,0,False,0,0.0,completed,2,"[{""sample_id"": ""-wny0OAz3g8$_$0"", ""issue_type"": ""identity_unknown"", ""start"": ""0.000000"", ""end"": ""3.333333"", ""review_status"": ""unresolved"", ""reviewer"": ""Codex_evidence_review_20260924"", ""evidence"": ""Viewed identity_contact_05.jpg at 0.467s(frame 13), 1.667s(frame 43), 2.833s(frame 72); episode_count=4, successful_candidates=154. Still-frame evidence was inspected, but it cannot reliably bind every OpenFace face_id/episode to the speaking target across the full clip; no target segment released."", ""action"": ""keep_unresolved""}]"
-wny0OAz3g8$_$1,ok,6.833333333333333,0.0,0,1,0.0,-0.0567800453514735,False,292,205,0,0,9.212018185600355e-06,171,[],22,22,1.0,0,0.0,[],0.2248148696682464,6.118176095971563,0.2248148696682464,0.7151572373617698,0.1818181818181818,unverifiable,TO JOIN AND BECAUSE THEY COULDN'T JOIN UNIONS MANY BLACK WORKERS COULDN'T GET MANUFACTURING OR TRADE WORK WHICH PAID MUCH BETTER THAN SERVICE WORK AND BECAUSE,AND BECAUSE THEY COULDN'T JOIN UNIONS MANY BLACK WORKERS COULDN'T GET MANUFACTURING OR TRADE WORK WHICH PAID MUCH BETTER THAN SERVICE WORK,0,183,7,0,False,0,0.0,completed,2,"[{""sample_id"": ""-wny0OAz3g8$_$1"", ""issue_type"": ""identity_unknown"", ""start"": ""0.000000"", ""end"": ""6.833333"", ""review_status"": ""unresolved"", ""reviewer"": ""Codex_evidence_review_20260924"", ""evidence"": ""Viewed identity_contact_05.jpg at 1.033s(frame 27), 3.400s(frame 86), 5.733s(frame 145); episode_count=7, successful_candidates=183. Still-frame evidence was inspected, but it cannot reliably bind every OpenFace face_id/episode to the speaking target across the full clip; no target segment released."", ""action"": ""keep_unresolved""}]"
-wny0OAz3g8$_$2,ok,6.666666666666666,0.0,0,1,0.0,-0.1439682539682536,False,281,197,0,0,-1.0912698372500527e-05,165,"[{""type"": ""unsampled_video_grid"", ""start"": null, ""end"": null, ""evidence"": ""2 target-grid positions had no source display interval""}]",23,23,1.0,0,0.0,[],0.2249202586206896,5.896123922413793,0.2249202586206896,0.7705427442528734,0.2608695652173913,unverifiable,SERVICE WERE AND BECAUSE THEY COULDN'T GET THESE JOBS BLACK COMMUNITIES HAD MORE MEN OUT OF WORK HIGHER ROOTS OF POVERTY AND MORE CRIMINAL BEHAVIOUR WHICH THEN,AND BECAUSE THEY COULDN'T GET THESE JOBS BLACK COMMUNITIES HAD MORE MEN OUT OF WORK HIGHER RATES OF POVERTY AND MORE CRIMINAL BEHAVIOR,0,167,5,0,False,0,0.0,completed,2,"[{""sample_id"": ""-wny0OAz3g8$_$2"", ""issue_type"": ""identity_unknown"", ""start"": ""0.000000"", ""end"": ""6.666667"", ""review_status"": ""unresolved"", ""reviewer"": ""Codex_evidence_review_20260924"", ""evidence"": ""Viewed identity_contact_05.jpg at 1.000s(frame 26), 3.267s(frame 83), 5.533s(frame 140); episode_count=5, successful_candidates=167. Still-frame evidence was inspected, but it cannot reliably bind every OpenFace face_id/episode to the speaking target across the full clip; no target segment released."", ""action"": ""keep_unresolved""}]"
-wny0OAz3g8$_$3,ok,6.133333333333333,0.0,0,1,0.0,-0.033469387755102,False,263,184,0,0,1.1054421801937052e-05,154,[],20,20,1.0,0,0.0,[],0.2407845394736842,5.249102960526315,0.2407845394736842,0.8842303728070178,0.15,unverifiable,BEHAVIOUR WHICH THEN ALLOWED THE WHITE WORKERS AND UNIONS TO JUSTIFY THEIR DECISION TO NOT ALLOW BLACK WORKERS INTO THEIR UNION THE PREVAILOR,WHICH THEN ALLOWED THE WHITE WORKERS AND UNIONS TO JUSTIFY THEIR DECISION TO NOT ALLOW BLACK WORKERS INTO THEIR UNION,0,147,3,0,False,0,0.0,completed,2,"[{""sample_id"": ""-wny0OAz3g8$_$3"", ""issue_type"": ""identity_unknown"", ""start"": ""0.000000"", ""end"": ""6.133333"", ""review_status"": ""unresolved"", ""reviewer"": ""Codex_evidence_review_20260924"", ""evidence"": ""Viewed identity_contact_05.jpg at 0.900s(frame 24), 3.033s(frame 77), 5.200s(frame 131); episode_count=3, successful_candidates=147. Still-frame evidence was inspected, but it cannot reliably bind every OpenFace face_id/episode to the speaking target across the full clip; no target segment released."", ""action"": ""keep_unresolved""}]"
-wny0OAz3g8$_$5,ok,6.9,0.0,0,1,0.0,-0.1585941043083893,False,291,204,0,0,3.160430843429651e-05,171,"[{""type"": ""unsampled_video_grid"", ""start"": null, ""end"": null, ""evidence"": ""2 target-grid positions had no source display interval""}]",20,20,1.0,0,0.0,[],0.2568166666666667,6.0512427083333336,0.2568166666666667,0.8487572916666659,0.35,unverifiable,THEMSELVESEL THIS IS WHAT'S NOW KNOWN AS RACIAL FORMATION THEORY A THEORY FORMALIZED BY MODERN SOCIOLOGIST MICHAEL OMI AND HOWARD WHEN AN THEY SHALL FORM,THIS IS WHAT'S NOW KNOWN AS RACIAL FORMATION THEORY A THEORY FORMALIZED BY MODERN SOCIOLOGISTS MICHAEL OMI AND HOWARD WINANT,0,177,7,0,False,0,0.0,completed,2,"[{""sample_id"": ""-wny0OAz3g8$_$5"", ""issue_type"": ""identity_unknown"", ""start"": ""0.000000"", ""end"": ""6.900000"", ""review_status"": ""unresolved"", ""reviewer"": ""Codex_evidence_review_20260924"", ""evidence"": ""Viewed identity_contact_05.jpg at 1.033s(frame 27), 3.400s(frame 86), 5.733s(frame 145); episode_count=7, successful_candidates=177. Still-frame evidence was inspected, but it cannot reliably bind every OpenFace face_id/episode to the speaking target across the full clip; no target segment released."", ""action"": ""keep_unresolved""}]"
-wny0OAz3g8$_$7,ok,8.066666666666666,0.0,0,1,0.0,-0.1561678004535149,False,341,240,0,0,1.1337869132432845e-06,200,"[{""type"": ""unsampled_video_grid"", ""start"": null, ""end"": null, ""evidence"": ""2 target-grid positions had no source display interval""}]",29,29,1.0,0,0.0,[],0.2250955284552845,7.251291666666666,0.2250955284552845,0.8153750000000004,0.2413793103448276,unverifiable,FORCE IS ONLY AND WHEN IT ARGUED THAT THE CONCEPT OF RACE CAME ABOUT AS A TOOL TO JUSTIFY AND MAINTAIN THE ECONOMIC AND POLITICAL POWER HELD BY THOSE OF EUROPEAN DESCENT ANOTHER,OMI AND WINANT ARGUE THAT THE CONCEPT OF RACE CAME ABOUT AS A TOOL TO JUSTIFY AND MAINTAIN THE ECONOMIC AND POLITICAL POWER HELD BY THOSE OF EUROPEAN DESCENT,0,194,3,0,False,0,0.0,completed,2,"[{""sample_id"": ""-wny0OAz3g8$_$7"", ""issue_type"": ""identity_unknown"", ""start"": ""0.000000"", ""end"": ""8.066667"", ""review_status"": ""unresolved"", ""reviewer"": ""Codex_evidence_review_20260924"", ""evidence"": ""Viewed identity_contact_05.jpg at 1.200s(frame 31), 4.000s(frame 101), 6.733s(frame 170); episode_count=3, successful_candidates=194. Still-frame evidence was inspected, but it cannot reliably bind every OpenFace face_id/episode to the speaking target across the full clip; no target segment released."", ""action"": ""keep_unresolved""}]"
-wny0OAz3g8$_$9,ok,6.2,0.0,0,1,0.0,-0.1565079365079373,False,261,183,0,0,7.936507968153705e-06,152,"[{""type"": ""unsampled_video_grid"", ""start"": null, ""end"": null, ""evidence"": ""3 target-grid positions had no source display interval""}]",20,20,1.0,0,0.0,[],0.2250239361702127,5.352355053191489,0.2250239361702127,0.8476449468085114,0.15,unverifiable,WILSON HE EXPLORES WHY BLACK AND WHITE AMERICANS TEND TO HAVE SUCH DIFFERENT OUTCOMES IN TERMS OF INCOME EDUCATION AND MORE HE ART,HE EXPLORES WHY BLACK AND WHITE AMERICANS TEND TO HAVE SUCH DIFFERENT OUTCOMES IN TERMS OF INCOME EDUCATION AND MORE,0,139,3,0,False,0,0.0,completed,2,"[{""sample_id"": ""-wny0OAz3g8$_$9"", ""issue_type"": ""identity_unknown"", ""start"": ""0.000000"", ""end"": ""6.200000"", ""review_status"": ""unresolved"", ""reviewer"": ""Codex_evidence_review_20260924"", ""evidence"": ""Viewed identity_contact_05.jpg at 0.900s(frame 24), 3.033s(frame 77), 5.100s(frame 129); episode_count=3, successful_candidates=139. Still-frame evidence was inspected, but it cannot reliably bind every OpenFace face_id/episode to the speaking target across the full clip; no target segment released."", ""action"": ""keep_unresolved""}]"
-yRb-Jum7EQ$_$1,ok,29.266666666666666,0.0,0,1,0.0,-0.156916099773241,False,1254,875,0,0,-5.668927904878274e-07,730,"[{""type"": ""unsampled_video_grid"", ""start"": null, ""end"": null, ""evidence"": ""2 target-grid positions had no source display interval""}]",49,39,0.7959183673469388,10,0.2040816326530612,"[{""word_id"": 7, ""raw_word"": ""of"", ""reasons"": [""low_ctc_score""]}, {""word_id"": 9, ""raw_word"": ""and"", ""reasons"": [""low_ctc_score""]}, {""word_id"": 13, ""raw_word"": ""announced"", ""reasons"": [""low_ctc_score""]}, {""word_id"": 18, ""raw_word"": ""the"", ""reasons"": [""low_ctc_score""]}, {""word_id"": 22, ""raw_word"": ""terrorists"", ""reasons"": [""low_ctc_score""]}, {""word_id"": 29, ""raw_word"": ""even"", ""reasons"": [""low_ctc_score""]}, {""word_id"": 38, ""raw_word"": ""terrorism,"", ""reasons"": [""low_ctc_score""]}, {""word_id"": 39, ""raw_word"": ""including"", ""reasons"": [""low_ctc_score""]}, {""word_id"": 40, ""raw_word"": ""Palestinian"", ""reasons"": [""low_ctc_score""]}, {""word_id"": 41, ""raw_word"": ""terrorism,"", ""reasons"": [""low_ctc_score""]}]",14.583269801980196,28.613379125412543,14.583269801980196,0.653287541254123,1.2040816326530612,unverifiable,THERALA REK BOMMY SI WA THE ATSSS SIR SHALL LAYZ ME DINOTUMCHERIN IT MOLIRAN ME I OH DEAR SHE WILL LEFT AT LA MAMEN EH THE HAMISH POHOTE SHALL AT ALL WISDOM HIM A MERITATZCRIN AS THE MAASCHI RAN HAR GAMERGARINE NA'M CHE RA BE SIWE AT A GAM CHAM GAMAR THE OR AESTTINNIGAM ATER RUSSIAN ISBALA TO MANGAM ME BE SIE LA RAMAS,IT COMES WITH THE ASSISTANCE AND AGITATION OF STATES AND REGIMES YESTERDAY IRAN ANNOUNCED THAT IT WILL FINANCE THE FAMILIES OF THE TERRORISTS AND MURDERERS THIS SHOWS THAT IRAN EVEN AFTER THE NUCLEAR AGREEMENT IS CONTINUING TO AID TERRORISM INCLUDING PALESTINIAN TERRORISM HEZBOLLAH TERRORISM AND ITS ASSISTANCE TO HAMAS,0,889,3,0,False,0,0.0,completed,6,"[{""sample_id"": ""-yRb-Jum7EQ$_$1"", ""issue_type"": ""identity_unknown"", ""start"": ""0.000000"", ""end"": ""29.266667"", ""review_status"": ""unresolved"", ""reviewer"": ""Codex_evidence_review_20260924"", ""evidence"": ""Viewed identity_contact_06.jpg at 4.333s(frame 110), 14.533s(frame 365), 24.800s(frame 621); episode_count=3, successful_candidates=889. Still-frame evidence was inspected, but it cannot reliably bind every OpenFace face_id/episode to the speaking target across the full clip; no target segment released."", ""action"": ""keep_unresolved""}, {""sample_id"": ""-yRb-Jum7EQ$_$1"", ""issue_type"": ""suspected_text_audio_mismatch"", ""start"": ""0.000000"", ""end"": ""29.266667"", ""review_status"": ""unresolved"", ""reviewer"": ""Codex_evidence_review_20260924"", ""evidence"": ""Inspected words.jsonl/CTC timeline for 0.000000-29.266667s: accepted=39/49, diagnostic_wer=1.2040816326530612; unlocated_word_ids=7:low_ctc_score,9:low_ctc_score,13:low_ctc_score,18:low_ctc_score,22:low_ctc_score,29:low_ctc_score,38:low_ctc_score,39:low_ctc_score,40:low_ctc_score,41:low_ctc_score; reference_prefix='IT COMES WITH THE ASSISTANCE AND AGITATION OF STATES AND REGIMES YESTERDAY IRAN ANNOUNCED THAT IT'; diagnostic_prefix='THERALA REK BOMMY SI WA THE ATSSS SIR SHALL LAYZ ME DINOTUMCHERIN IT MOLIRAN ME I'. No reliable audiovisual listening confirmation was available, so the alert remains unresolved."", ""action"": ""keep_unresolved""}, {""sample_id"": ""-yRb-Jum7EQ$_$1"", ""issue_type"": ""low_aligned_word_fraction"", ""start"": ""0.000000"", ""end"": ""29.266667"", ""review_status"": ""unresolved"", ""reviewer"": ""Codex_evidence_review_20260924"", ""evidence"": ""Inspected words.jsonl/CTC timeline for 0.000000-29.266667s: accepted=39/49, diagnostic_wer=1.2040816326530612; unlocated_word_ids=7:low_ctc_score,9:low_ctc_score,13:low_ctc_score,18:low_ctc_score,22:low_ctc_score,29:low_ctc_score,38:low_ctc_score,39:low_ctc_score,40:low_ctc_score,41:low_ctc_score; reference_prefix='IT COMES WITH THE ASSISTANCE AND AGITATION OF STATES AND REGIMES YESTERDAY IRAN ANNOUNCED THAT IT'; diagnostic_prefix='THERALA REK BOMMY SI WA THE ATSSS SIR SHALL LAYZ ME DINOTUMCHERIN IT MOLIRAN ME I'. No reliable audiovisual listening confirmation was available, so the alert remains unresolved."", ""action"": ""keep_unresolved""}]"
-yRb-Jum7EQ$_$5,ok,13.166666666666666,0.0,0,1,0.0,-0.1221315192743759,False,562,394,0,0,2.7352607672170848e-05,329,"[{""type"": ""unsampled_video_grid"", ""start"": null, ""end"": null, ""evidence"": ""1 target-grid positions had no source display interval""}]",25,9,0.36,16,0.64,"[{""word_id"": 1, ""raw_word"": ""Eliav"", ""reasons"": [""low_ctc_score""]}, {""word_id"": 2, ""raw_word"": ""Gelman"", ""reasons"": [""low_ctc_score""]}, {""word_id"": 3, ""raw_word"": ""lost"", ""reasons"": [""low_ctc_score""]}, {""word_id"": 4, ""raw_word"": ""his"", ""reasons"": [""low_ctc_score""]}, {""word_id"": 5, ""raw_word"": ""life"", ""reasons"": [""low_ctc_score""]}, {""word_id"": 6, ""raw_word"": ""in"", ""reasons"": [""low_ctc_score""]}, {""word_id"": 11, ""raw_word"": ""by"", ""reasons"": [""low_ctc_score""]}, {""word_id"": 12, ""raw_word"": ""the"", ""reasons"": [""low_ctc_score""]}, {""word_id"": 15, ""raw_word"": ""terrorism,"", ""reasons"": [""low_ctc_score""]}, {""word_id"": 16, ""raw_word"": ""but"", ""reasons"": [""low_ctc_score""]}, {""word_id"": 17, ""raw_word"": ""by"", ""reasons"": [""low_ctc_score""]}, {""word_id"": 19, ""raw_word"": ""who"", ""reasons"": [""low_ctc_score""]}, {""word_id"": 20, ""raw_word"": ""teach"", ""reasons"": [""low_ctc_score""]}, {""word_id"": 21, ""raw_word"": ""terrorism,"", ""reasons"": [""low_ctc_score""]}, {""word_id"": 22, ""raw_word"": ""a"", ""reasons"": [""low_ctc_score""]}, {""word_id"": 24, ""raw_word"": ""teacher."", ""reasons"": [""low_ctc_score""]}]",8.858752457002456,12.836234106265357,8.858752457002456,0.3304325604013112,1.2,unverifiable,ONLY AND YOU HAVE GOOD MIND THERE GI RONALO VORA IED DEREYEV DE MA LAIAL AT COANCET LA PALOCHEL TELL ME DEAR TO I RAELEL'HAN HERTO SHALL MIFULESINE VER REAL,YESTERDAY ELIAV GELMAN LOST HIS LIFE IN ANOTHER TERRORIST ATTACK NOT BY THE STUDENTS OF TERRORISM BUT BY THOSE WHO TEACH TERRORISM A PALESTINIAN TEACHER,0,337,2,0,False,0,0.0,completed,6,"[{""sample_id"": ""-yRb-Jum7EQ$_$5"", ""issue_type"": ""identity_unknown"", ""start"": ""0.000000"", ""end"": ""13.166667"", ""review_status"": ""unresolved"", ""reviewer"": ""Codex_evidence_review_20260924"", ""evidence"": ""Viewed identity_contact_06.jpg at 1.933s(frame 50), 6.533s(frame 165), 11.133s(frame 280); episode_count=2, successful_candidates=337. Still-frame evidence was inspected, but it cannot reliably bind every OpenFace face_id/episode to the speaking target across the full clip; no target segment released."", ""action"": ""keep_unresolved""}, {""sample_id"": ""-yRb-Jum7EQ$_$5"", ""issue_type"": ""suspected_text_audio_mismatch"", ""start"": ""0.000000"", ""end"": ""13.166667"", ""review_status"": ""unresolved"", ""reviewer"": ""Codex_evidence_review_20260924"", ""evidence"": ""Inspected words.jsonl/CTC timeline for 0.000000-13.166667s: accepted=9/25, diagnostic_wer=1.2; unlocated_word_ids=1:low_ctc_score,2:low_ctc_score,3:low_ctc_score,4:low_ctc_score,5:low_ctc_score,6:low_ctc_score,11:low_ctc_score,12:low_ctc_score,15:low_ctc_score,16:low_ctc_score,17:low_ctc_score,19:low_ctc_score,20:low_ctc_score,21:low_ctc_score,22:low_ctc_score,24:low_ctc_score; reference_prefix='YESTERDAY ELIAV GELMAN LOST HIS LIFE IN ANOTHER TERRORIST ATTACK NOT BY THE STUDENTS OF TERRORISM'; diagnostic_prefix='ONLY AND YOU HAVE GOOD MIND THERE GI RONALO VORA IED DEREYEV DE MA LAIAL AT'. No reliable audiovisual listening confirmation was available, so the alert remains unresolved."", ""action"": ""keep_unresolved""}, {""sample_id"": ""-yRb-Jum7EQ$_$5"", ""issue_type"": ""low_aligned_word_fraction"", ""start"": ""0.000000"", ""end"": ""13.166667"", ""review_status"": ""unresolved"", ""reviewer"": ""Codex_evidence_review_20260924"", ""evidence"": ""Inspected words.jsonl/CTC timeline for 0.000000-13.166667s: accepted=9/25, diagnostic_wer=1.2; unlocated_word_ids=1:low_ctc_score,2:low_ctc_score,3:low_ctc_score,4:low_ctc_score,5:low_ctc_score,6:low_ctc_score,11:low_ctc_score,12:low_ctc_score,15:low_ctc_score,16:low_ctc_score,17:low_ctc_score,19:low_ctc_score,20:low_ctc_score,21:low_ctc_score,22:low_ctc_score,24:low_ctc_score; reference_prefix='YESTERDAY ELIAV GELMAN LOST HIS LIFE IN ANOTHER TERRORIST ATTACK NOT BY THE STUDENTS OF TERRORISM'; diagnostic_prefix='ONLY AND YOU HAVE GOOD MIND THERE GI RONALO VORA IED DEREYEV DE MA LAIAL AT'. No reliable audiovisual listening confirmation was available, so the alert remains unresolved."", ""action"": ""keep_unresolved""}]"
-yRb-Jum7EQ$_$6,ok,11.242539682539682,0.0,0,1,0.0,0.0425396825396831,False,485,336,0,0,2.281746031762566e-05,280,"[{""type"": ""unsampled_video_grid"", ""start"": null, ""end"": null, ""evidence"": ""2 target-grid positions had no source display interval""}]",19,14,0.7368421052631579,5,0.2631578947368421,"[{""word_id"": 5, ""raw_word"": ""stand"", ""reasons"": [""low_ctc_score""]}, {""word_id"": 6, ""raw_word"": ""with"", ""reasons"": [""low_ctc_score""]}, {""word_id"": 13, ""raw_word"": ""the"", ""reasons"": [""low_ctc_score""]}, {""word_id"": 14, ""raw_word"": ""number"", ""reasons"": [""low_ctc_score""]}, {""word_id"": 15, ""raw_word"": ""one"", ""reasons"": [""low_ctc_score""]}]",0.1766688392857143,4.609450625000001,0.1766688392857143,6.6330890575396815,1.263157894736842,unverifiable,WELL LOOK CAN KNOWLY YET SAVE IMY SU NEGGARD AS SIR SHE HE'D GO IN MISS PAREARD LOTABLE AND MORE DELICATE THE DA UP,THEREFORE THE WORLD NEEDS TO STAND WITH ISRAEL AGAINST THIS INCITEMENT WHICH IS THE NUMBER ONE CAUSE OF TERRORISM,0,279,1,0,True,278,0.9928571428571428,completed,4,"[{""sample_id"": ""-yRb-Jum7EQ$_$6"", ""issue_type"": ""suspected_text_audio_mismatch"", ""start"": ""0.000000"", ""end"": ""11.242540"", ""review_status"": ""unresolved"", ""reviewer"": ""Codex_evidence_review_20260924"", ""evidence"": ""Inspected words.jsonl/CTC timeline for 0.000000-11.242540s: accepted=14/19, diagnostic_wer=1.263157894736842; unlocated_word_ids=5:low_ctc_score,6:low_ctc_score,13:low_ctc_score,14:low_ctc_score,15:low_ctc_score; reference_prefix='THEREFORE THE WORLD NEEDS TO STAND WITH ISRAEL AGAINST THIS INCITEMENT WHICH IS THE NUMBER ONE'; diagnostic_prefix=\""WELL LOOK CAN KNOWLY YET SAVE IMY SU NEGGARD AS SIR SHE HE'D GO IN MISS\"". No reliable audiovisual listening confirmation was available, so the alert remains unresolved."", ""action"": ""keep_unresolved""}, {""sample_id"": ""-yRb-Jum7EQ$_$6"", ""issue_type"": ""low_aligned_word_fraction"", ""start"": ""0.000000"", ""end"": ""11.242540"", ""review_status"": ""unresolved"", ""reviewer"": ""Codex_evidence_review_20260924"", ""evidence"": ""Inspected words.jsonl/CTC timeline for 0.000000-11.242540s: accepted=14/19, diagnostic_wer=1.263157894736842; unlocated_word_ids=5:low_ctc_score,6:low_ctc_score,13:low_ctc_score,14:low_ctc_score,15:low_ctc_score; reference_prefix='THEREFORE THE WORLD NEEDS TO STAND WITH ISRAEL AGAINST THIS INCITEMENT WHICH IS THE NUMBER ONE'; diagnostic_prefix=\""WELL LOOK CAN KNOWLY YET SAVE IMY SU NEGGARD AS SIR SHE HE'D GO IN MISS\"". No reliable audiovisual listening confirmation was available, so the alert remains unresolved."", ""action"": ""keep_unresolved""}]"
