sample_id,word_id,score,accepted,duration
-3g5yACwYnA$_$13,0,-0.1409664114707464,True,0.6124817708333334
-3g5yACwYnA$_$13,1,-0.0012509358493844,True,0.0642752976190474
-3g5yACwYnA$_$13,2,-0.0002730576214844,True,0.1285505952380954
-3g5yACwYnA$_$13,3,-0.0004615965446816,True,0.2571011904761904
-3g5yACwYnA$_$13,4,-0.0024269500036098,True,0.1928258928571429
-3g5yACwYnA$_$13,5,-0.0445336763546219,True,0.7070282738095237
-3g5yACwYnA$_$13,6,-7.813581532900571e-05,True,0.0964129464285714
-3g5yACwYnA$_$13,7,-0.0326773537188576,True,0.1606882440476189
-3g5yACwYnA$_$13,8,-0.0019915943994419,True,0.0964129464285714
-3g5yACwYnA$_$13,9,-0.6130743034658129,True,0.1928258928571429
-3g5yACwYnA$_$13,10,-0.1891400842610332,True,0.3856517857142858
-3g5yACwYnA$_$13,11,-0.0251807141485642,True,0.4820647321428568
-3g5yACwYnA$_$13,12,-0.0036281021263372,True,0.0964129464285719
-3g5yACwYnA$_$13,13,-0.0024858167587353,True,0.096412946428571
-3g5yACwYnA$_$13,14,-2.205329553817137e-05,True,0.1285505952380949
-3g5yACwYnA$_$2,0,-0.4564067668564763,True,0.5160824259581882
-3g5yACwYnA$_$2,1,-3.2714229800185253,True,0.3216485191637632
-3g5yACwYnA$_$2,2,-0.0322788474768458,True,0.2734012412891982
-3g5yACwYnA$_$2,3,-0.1267435990703234,True,0.1125769817073174
-3g5yACwYnA$_$2,4,-0.0288322905251404,True,0.418143074912892
-3g5yACwYnA$_$2,5,-0.0036082383269434,True,0.3538133710801396
-3g5yACwYnA$_$2,6,-0.0082115412816619,True,0.3216485191637623
-3g5yACwYnA$_$2,7,-0.2163819177737878,True,0.5160824259581878
-3g5yACwYnA$_$2,8,-0.0004457334806602,True,0.4824727787456444
-3g5yACwYnA$_$2,9,-0.0045837508068871,True,0.2573188153310104
-3g5yACwYnA$_$2,10,-0.0009368996426928,True,0.160824259581882
-3g5yACwYnA$_$2,11,-0.0579147477603001,True,0.2734012412891982
-3g5yACwYnA$_$2,12,-0.0016305181100809,True,0.112576981707317
-3g5yACwYnA$_$2,13,-0.0001896095005733,True,0.5146376306620208
-3g5yACwYnA$_$3,0,-0.0027509940895318,True,0.4647744686800895
-3g5yACwYnA$_$3,1,-0.0007485495929463,True,0.4166943512304251
-3g5yACwYnA$_$3,2,-0.000143252788779,True,0.1923204697986578
-3g5yACwYnA$_$3,3,-0.2510032829431183,True,0.6121869407158838
-3g5yACwYnA$_$3,4,-0.1907964674726827,True,0.1442403523489934
-3g5yACwYnA$_$3,5,-0.1816091695282546,True,0.5609347035794183
-3g5yACwYnA$_$3,6,-3.808363318276687e-05,True,0.5160267058165546
-3g5yACwYnA$_$3,7,-5.636468628011926e-05,True,0.2884807046979869
-3g5yACwYnA$_$3,8,-7.614391339672011e-06,True,0.5128545861297535
-3g5yACwYnA$_$3,9,-0.0253577136609237,True,0.5160267058165546
-3g5yACwYnA$_$3,10,-0.603665214407686,True,0.4487477628635341
-3g5yACwYnA$_$3,11,-0.3966398969421855,True,0.3846409395973156
-3g5yACwYnA$_$3,12,-8.426104245229382e-05,True,0.5128545861297544
-3g5yACwYnA$_$3,13,-0.0637549382784722,True,0.2243738814317666
-3g5yACwYnA$_$3,14,-0.092327051970642,True,0.0641068232662203
-3g5yACwYnA$_$3,15,-0.0001236651191902,True,0.0961602348993277
-3g5yACwYnA$_$3,16,-0.0064692867150029,True,0.4166943512304257
-3g5yACwYnA$_$3,17,-0.0287141064479783,True,0.5160267058165537
-3g5yACwYnA$_$3,18,-0.0164828142583653,True,0.9647744686800888
-3g5yACwYnA$_$3,19,-0.0002263566866522,True,0.2564272930648776
-3g5yACwYnA$_$3,20,-0.001057260384717,True,0.2243738814317666
-3g5yACwYnA$_$3,21,-0.0738743681956748,True,0.3846409395973147
-3g5yACwYnA$_$3,22,-1.2507320393305008,True,0.4808011744966443
-3g5yACwYnA$_$3,23,-0.0018737509817583,True,0.1282136465324406
-3g5yACwYnA$_$3,24,-0.0001100208774005,True,0.0961602348993277
-3g5yACwYnA$_$3,25,-0.0030323308371104,True,0.1923204697986573
-3g5yACwYnA$_$3,26,-0.0409594647974699,True,0.2884807046979869
-3g5yACwYnA$_$3,27,-0.5747409109026194,True,0.0641068232662203
-3g5yACwYnA$_$3,28,-0.039156805067796,True,0.1602670581655481
-3g5yACwYnA$_$9,0,-5.411563302952042e-05,True,0.4171572878228782
-3g5yACwYnA$_$9,1,-0.0004788255282619,True,0.1283560885608856
-3g5yACwYnA$_$9,2,-0.003539507768437,True,0.1925341328413282
-3g5yACwYnA$_$9,3,-0.4247845371156127,True,0.5160445110701108
-3g5yACwYnA$_$9,4,-0.080637807125754,True,0.6899139760147599
-3g5yACwYnA$_$9,5,-0.0685695391925378,True,0.1444005996309965
-3g5yACwYnA$_$9,6,-9.230116427010455e-05,True,0.5160445110701106
-3g5yACwYnA$_$9,7,-0.0012906441803295,True,0.1604451107011071
-3g5yACwYnA$_$9,8,-0.0001243985778529,True,0.22462315498155
-3g5yACwYnA$_$9,9,-0.0001679249144205,True,0.1925341328413283
-3g5yACwYnA$_$9,10,-0.2628121560989029,True,0.1283560885608858
-3g5yACwYnA$_$9,11,-0.0321925450069556,True,0.3208902214022133
-3g5yACwYnA$_$9,12,-0.005557166350627,True,0.1283560885608858
-3g5yACwYnA$_$9,13,-0.0010147004340979,True,0.288801199261993
-3g5yACwYnA$_$9,14,-0.6375392680839607,True,0.5160445110701106
-3g5yACwYnA$_$9,15,-0.0001274237735202,True,0.2567121771217708
-3g5yACwYnA$_$9,16,-0.0010238512913929,True,0.1604451107011071
-3g5yACwYnA$_$9,17,-0.0711444752557326,True,0.3369347324723248
-3g5yACwYnA$_$9,18,-0.1280594768331866,True,0.4332017988929886
-3g5yACwYnA$_$9,19,-0.0004771479064906,True,0.5455133763837638
-3g5yACwYnA$_$9,20,-0.571180029489301,True,0.6417804428044285
-3nNcZdcdvU$_$5,0,-1.4788655918516986,True,1.2069053460743802
-3nNcZdcdvU$_$5,1,-8.112913123644223e-05,True,0.2252889979338843
-3nNcZdcdvU$_$5,2,-0.3212074945786067,True,0.5149462809917353
-3nNcZdcdvU$_$5,3,-1.8610577941447968,True,0.4183938533057851
-3nNcZdcdvU$_$5,4,-0.0202359800229737,True,0.3862097107438016
-3nNcZdcdvU$_$5,5,-0.0005263179769724,True,0.4505779958677687
-3nNcZdcdvU$_$5,6,-1.770164610670477e-05,True,0.5149462809917358
-3nNcZdcdvU$_$5,7,-0.000332920073758,True,0.2896572830578519
-3nNcZdcdvU$_$5,8,-1.6820342343534965e-05,True,0.5160920712809922
-3nNcZdcdvU$_$5,9,-0.0001099080592439,True,0.289657283057851
-3nNcZdcdvU$_$5,10,-3.4570595914829028e-06,True,0.1609207128099168
-3nNcZdcdvU$_$5,11,-0.0136983400770969,True,0.1287365702479341
-3nNcZdcdvU$_$5,12,-7.192923329367974e-05,True,0.3862097107438025
-3nNcZdcdvU$_$5,13,-0.0068219065969807,True,0.2252889979338839
-3nNcZdcdvU$_$5,14,-0.0001555018972112,True,0.1609207128099168
-3nNcZdcdvU$_$5,15,-0.00026238366613,True,0.1609207128099168
-3nNcZdcdvU$_$5,16,-0.0010480540961831,True,0.1609207128099186
-3nNcZdcdvU$_$5,17,-6.396342130048854e-05,True,0.3218414256198336
-571d8cVauQ$_$0,0,-0.8444194652936002,True,0.5161042338709676
-571d8cVauQ$_$0,1,-2.970696232048794,True,0.064416935483871
-571d8cVauQ$_$0,2,-1.7406434112390343,True,0.257667741935484
-571d8cVauQ$_$0,3,-2.3126536698541718,True,0.289876209677419
-571d8cVauQ$_$0,4,-0.1356390558185201,True,0.1932508064516129
-571d8cVauQ$_$0,5,-0.0383573905631315,True,0.5153354838709681
-571d8cVauQ$_$0,6,-0.1265460490211682,True,0.5153354838709676
-571d8cVauQ$_$0,7,-0.0029115100830381,True,0.1288338709677416
-571d8cVauQ$_$0,8,-0.0002644167559303,True,0.2898762096774194
-571d8cVauQ$_$0,9,-0.0002437984546569,True,0.1932508064516129
-571d8cVauQ$_$0,10,-0.0007027262948682,True,0.3865016129032255
-571d8cVauQ$_$0,11,-0.0557736966706746,True,0.1610423387096782
-571d8cVauQ$_$5,0,-3.3378234389758177e-06,True,0.2888264331210191
-571d8cVauQ$_$5,1,-0.0108236823429592,True,0.2246427813163481
-571d8cVauQ$_$5,2,-2.789362592920952e-05,True,0.3530100849256899
-571d8cVauQ$_$5,3,-7.298158294588575e-05,True,0.2888264331210191
-571d8cVauQ$_$5,4,-0.0001631839298397,True,0.1925509554140125
-571d8cVauQ$_$5,5,-0.0002243301493517,True,0.2246427813163483
-571d8cVauQ$_$5,6,-8.187864399822331e-06,True,0.5160459129511676
-571d8cVauQ$_$5,7,-0.0007323158943866,True,0.1925509554140125
-571d8cVauQ$_$5,8,-0.0125970456507719,True,0.6739283439490449
-571d8cVauQ$_$5,9,-6.14061458595724e-05,True,0.4813773885350314
-571d8cVauQ$_$5,10,-5.125862098306503e-05,True,0.4492855626326961
-571d8cVauQ$_$5,11,-0.0008595709558743,True,0.4813773885350318
-571d8cVauQ$_$5,12,-4.806747317243065e-05,True,0.256734607218684
-571d8cVauQ$_$5,13,-0.0003301028251954,True,0.1283673036093411
-571d8cVauQ$_$5,14,-0.0499282325498067,True,0.385101910828026
-571d8cVauQ$_$5,15,-0.0083270640350221,True,0.128367303609342
-571d8cVauQ$_$5,16,-1.2755178848541012e-05,True,0.0962754777070067
-571d8cVauQ$_$5,17,-0.0004396406280193,True,0.1925509554140116
-571d8cVauQ$_$5,18,-2.310901752045069e-05,True,0.5160459129511672
-571d8cVauQ$_$5,19,-0.0001704804790279,True,0.2246427813163496
-571d8cVauQ$_$5,20,-5.962387562590266e-05,True,0.1604591295116773
-571d8cVauQ$_$5,21,-0.0150798293387706,True,0.240688694267515
-571d8cVauQ$_$5,22,-0.0098625852257706,True,0.0802295647558395
-571d8cVauQ$_$5,23,-0.006251895132652,True,0.5160459129511681
-571d8cVauQ$_$5,24,-0.0028873628209112,True,0.1925509554140116
-571d8cVauQ$_$5,25,-0.0022978377020081,True,0.1444132165605101
-571d8cVauQ$_$5,26,-0.0467214581297467,True,0.3690559978768579
-571d8cVauQ$_$5,27,-1.3511831525647722e-05,True,0.516045912951169
-571d8cVauQ$_$5,28,-0.0089444477949693,True,0.1123213906581739
-571d8cVauQ$_$5,29,-0.0013519427351032,True,0.1123213906581739
-571d8cVauQ$_$5,30,-0.1555899621077198,True,0.4492855626326957
-571d8cVauQ$_$5,31,-2.4734962445127167,True,0.1283673036093411
-571d8cVauQ$_$5,32,-6.717591322415371e-05,True,0.2246427813163478
-571d8cVauQ$_$5,33,-0.0001272964207944,True,0.5160459129511672
-571d8cVauQ$_$5,34,-0.0027389062724182,True,0.3209182590233546
-571d8cVauQ$_$5,35,-0.0001089793509076,True,0.1925509554140116
-571d8cVauQ$_$5,36,-0.0001078450513715,True,0.4171937367303613
-571d8cVauQ$_$5,37,-9.126742390730412e-06,True,0.5160459129511672
-571d8cVauQ$_$5,38,-4.847579645665216e-05,True,0.1925509554140134
-571d8cVauQ$_$5,39,-0.0074374910790311,True,0.1604591295116755
-571d8cVauQ$_$5,40,-0.0002778369045992,True,0.1925509554140134
-571d8cVauQ$_$5,41,-0.0139529268851958,True,0.3851019108280269
-571d8cVauQ$_$5,42,-3.570877781111648e-05,True,0.516045912951169
-6rXp3zJ3kc$_$8,0,-1.4453908565319329,True,0.272727959697733
-6rXp3zJ3kc$_$8,1,-9.9912605953989e-05,True,0.2566851385390427
-6rXp3zJ3kc$_$8,2,-0.0723587244385726,True,0.2566851385390427
-6rXp3zJ3kc$_$8,3,-0.0005306269036477,True,0.2245994962216624
-6rXp3zJ3kc$_$8,4,-0.0002384700087085,True,0.4491989924433248
-6rXp3zJ3kc$_$8,5,-0.0001020707748674,True,0.1604282115869018
-6rXp3zJ3kc$_$8,6,-2.1004355949116872e-05,True,0.1925138539042818
-6rXp3zJ3kc$_$8,7,-0.0370521483823072,True,0.2245994962216624
-6rXp3zJ3kc$_$8,8,-0.0003364894873811,True,0.1283425692695217
-6rXp3zJ3kc$_$8,9,-0.0002532741148826,True,0.1604282115869018
-6rXp3zJ3kc$_$8,10,-0.0001504966072153,True,0.772727959697733
-6rXp3zJ3kc$_$8,11,-0.0032344270699127,True,0.1604282115869018
-6rXp3zJ3kc$_$8,12,-0.0020612706627124,True,0.3529420654911841
-6rXp3zJ3kc$_$8,13,-0.0004839609215991,True,0.1604282115869013
-6rXp3zJ3kc$_$8,14,-0.0048081858507202,True,0.5133702770780859
-6rXp3zJ3kc$_$8,15,-0.0086562456417595,True,0.1925138539042823
-6rXp3zJ3kc$_$8,16,-0.0325000685539293,True,0.4812846347607049
-6rXp3zJ3kc$_$8,17,-0.9504061953822808,True,0.4171133501259447
-6rXp3zJ3kc$_$8,18,-1.1991167824289717,True,0.513370277078085
-6rXp3zJ3kc$_$8,19,-0.001665213510023,True,0.0962569269521411
-6rXp3zJ3kc$_$8,20,-0.1403725493873935,True,0.0962569269521411
-6rXp3zJ3kc$_$8,21,-0.0004975876269289,True,0.1604282115869022
-6rXp3zJ3kc$_$8,22,-2.7804840868839165e-05,True,0.1604282115869013
-6rXp3zJ3kc$_$8,23,-0.0005343516678664,True,0.3529420654911837
-6rXp3zJ3kc$_$8,24,-1.7264900476969085e-05,True,0.2245994962216624
-6rXp3zJ3kc$_$8,25,-0.0129500683667023,True,0.7085566750629724
-6rXp3zJ3kc$_$8,26,-0.0096544474176005,True,0.596256926952142
-6rXp3zJ3kc$_$8,27,-0.0076791596000382,True,0.3689848866498746
-6rXp3zJ3kc$_$8,28,-0.0016058086216617,True,0.0962569269521402
-6rXp3zJ3kc$_$8,29,-9.226392312555733e-05,True,0.1925138539042823
-6rXp3zJ3kc$_$8,30,-0.003618128084652,True,0.497327455919395
-6rXp3zJ3kc$_$8,31,-0.0089555922733449,True,0.593584382871537
-6rXp3zJ3kc$_$8,32,-4.524728456090088e-05,True,0.3529420654911828
-6rXp3zJ3kc$_$8,33,-7.793151148405286e-06,True,0.2245994962216624
-9y-fZ3swSY$_$0,0,-0.0001475026001571,True,0.0965285714285714
-9y-fZ3swSY$_$0,1,-5.405437607318163,False,
-9y-fZ3swSY$_$0,2,-4.649687057448318,True,0.0643523809523809
-9y-fZ3swSY$_$0,3,-0.6032170348256235,True,0.1930571428571428
-9y-fZ3swSY$_$0,4,-0.0359388793157012,True,0.7239642857142856
-9y-fZ3swSY$_$0,5,-1.229887031814087,True,0.5160880952380953
-9y-fZ3swSY$_$0,6,-0.0003531341702303,True,0.1608809523809524
-9y-fZ3swSY$_$0,7,-0.0002015292018654,True,0.353938095238095
-9y-fZ3swSY$_$0,8,-0.0002322021104649,True,0.5160880952380951
-9y-fZ3swSY$_$0,9,-1.3499292191602283,True,0.4826428571428569
-9y-fZ3swSY$_$0,10,-1.655743203851762,True,0.2895857142857148
-9y-fZ3swSY$_$0,11,-4.531378560932353,True,0.0643523809523807
-9y-fZ3swSY$_$0,12,-0.0001105786650441,True,0.0965285714285717
-9y-fZ3swSY$_$0,13,-9.85441099447352e-06,True,0.4182904761904753
-9y-fZ3swSY$_$0,14,-4.63464567385007e-05,True,0.3539380952380959
-9y-fZ3swSY$_$0,15,-0.1070338386598166,True,0.2413214285714282
-9y-fZ3swSY$_$0,16,-0.0154522722768746,True,0.1447928571428569
-9y-fZ3swSY$_$0,17,-3.9138557351887153e-05,True,0.2574095238095246
-9y-fZ3swSY$_$0,18,-0.0004863905862423,True,0.2574095238095228
-9y-fZ3swSY$_$0,19,-0.0035320164051881,True,0.1930571428571434
-9y-fZ3swSY$_$0,20,-0.0015099260801889,True,0.1287047619047614
-9y-fZ3swSY$_$0,21,-0.0126930972005652,True,0.2895857142857148
-9y-fZ3swSY$_$4,0,-0.1964528425806975,True,0.2924794207317073
-9y-fZ3swSY$_$4,1,-0.1374838120464119,True,0.1299908536585366
-9y-fZ3swSY$_$4,2,-0.0570365383769967,True,0.2924794207317072
-9y-fZ3swSY$_$4,3,-0.0024817981029627,True,0.1624885670731707
-9y-fZ3swSY$_$4,4,-0.4595786835498074,True,0.3899725609756096
-9y-fZ3swSY$_$4,5,-0.5034001982668505,True,0.3899725609756097
-9y-fZ3swSY$_$4,6,-0.0151168597258977,True,0.1624885670731708
-9y-fZ3swSY$_$4,7,-0.027051752290049,True,0.1299908536585365
-9y-fZ3swSY$_$4,8,-0.2629529464375082,True,0.2924794207317074
-9y-fZ3swSY$_$8,0,-0.0832754026737347,True,0.289235294117647
-9y-fZ3swSY$_$8,1,-0.0190364092976551,True,0.1285490196078431
-9y-fZ3swSY$_$8,2,-0.0002610213574273,True,0.4177843137254902
-9y-fZ3swSY$_$8,3,-0.002465046139841,True,0.6106078431372548
-9y-fZ3swSY$_$8,4,-0.0074952036934288,True,0.4820588235294119
-9y-fZ3swSY$_$8,5,-0.0009934279150911,True,0.1606862745098034
-9y-fZ3swSY$_$8,6,-5.454247011584812e-05,True,0.3213725490196082
-9y-fZ3swSY$_$8,7,-0.0001587726705262,True,0.3856470588235292
-9y-fZ3swSY$_$8,8,-0.0038034752964165,True,0.2892352941176472
-9y-fZ3swSY$_$8,9,-7.31558612869776e-05,True,0.1606862745098034
-9y-fZ3swSY$_$8,10,-4.2287070983082486e-05,True,0.5160686274509807
-9y-fZ3swSY$_$8,11,-8.586341324227457e-05,True,0.1606862745098043
-AUZQgSxyPQ$_$2,0,-4.947169911950766e-06,True,0.2564184549356223
-AUZQgSxyPQ$_$2,1,-0.0004906550498731,True,0.1602615343347639
-AUZQgSxyPQ$_$2,2,-0.001420611189473,True,0.4166799892703861
-AUZQgSxyPQ$_$2,3,-0.1924536673526745,True,0.2884707618025752
-AUZQgSxyPQ$_$2,4,-0.0003867379409712,True,0.2564184549356223
-AUZQgSxyPQ$_$2,5,-1.5836886055229795,True,0.1282092274678112
-AUZQgSxyPQ$_$2,6,-0.4127836665255927,True,0.6730984442060084
-AUZQgSxyPQ$_$2,7,-2.4660384572762403e-05,True,0.5160261534334767
-AUZQgSxyPQ$_$2,8,-0.4476355435197784,True,0.7372030579399138
-AUZQgSxyPQ$_$2,9,-0.0049392162155444,True,0.3846276824034329
-AUZQgSxyPQ$_$2,10,-2.461109634603364e-05,True,0.5160261534334767
-AUZQgSxyPQ$_$2,11,-0.0001642218559823,True,0.1923138412017166
-AUZQgSxyPQ$_$2,12,-8.09450175722759e-05,True,0.5160261534334758
-AUZQgSxyPQ$_$2,13,-0.3228109826734358,True,0.7372030579399151
-AUZQgSxyPQ$_$2,14,-0.0143994185444285,True,0.1602615343347633
-AUZQgSxyPQ$_$2,15,-0.0197184404246916,True,0.6730984442060084
-AUZQgSxyPQ$_$2,16,-0.8207282436611038,True,0.8654122854077251
-AUZQgSxyPQ$_$2,17,-3.106077602249064e-05,True,0.7083399946351925
-AUZQgSxyPQ$_$2,18,-2.0844973395585584,True,0.641046137339055
-AUZQgSxyPQ$_$2,19,-0.3171684860109204,True,0.4807846030042917
-AUZQgSxyPQ$_$2,20,-0.4681980323277912,True,0.4968107564377693
-AUZQgSxyPQ$_$2,21,-0.3089455676692104,True,0.4006538358369109
-AUZQgSxyPQ$_$2,22,-0.1506724349283104,True,0.5128369098712433
-AUZQgSxyPQ$_$2,23,-1.5890330602896796e-05,True,0.5160261534334776
-AUZQgSxyPQ$_$2,24,-0.6637688829112752,True,0.6570722907725326
-AUZQgSxyPQ$_$2,25,-0.0027937626938978,True,0.4647584495708159
-AUZQgSxyPQ$_$2,26,-0.0009092304616073,True,0.4487322961373365
-AUZQgSxyPQ$_$2,27,-0.0011588255001697,True,0.1923138412017166
-AUZQgSxyPQ$_$2,28,-0.0046005773972562,True,1.189124597639486
-AUZQgSxyPQ$_$2,29,-0.5647342289300522,True,0.5160261534334794
-AUZQgSxyPQ$_$2,30,-0.060233577624345,True,0.5160261534334758
-AUZQgSxyPQ$_$2,31,-0.0298984589984188,True,0.57694152360515
-AUZQgSxyPQ$_$2,32,-0.0002177088373707,True,0.5160261534334758
-AUZQgSxyPQ$_$2,33,-4.127544506218328e-05,True,0.288470761802575
-AUZQgSxyPQ$_$2,34,-0.2718384791787865,True,0.7372030579399151
-AUZQgSxyPQ$_$2,35,-0.1544963698527169,True,0.3205230686695266
-AUZQgSxyPQ$_$2,36,-0.0028788526636844,True,0.2564184549356234
-AUZQgSxyPQ$_$2,37,-1.579516366145839e-06,True,0.5160261534334758
-AUZQgSxyPQ$_$2,38,-1.5452222847045505e-05,True,0.5160261534334758
-AUZQgSxyPQ$_$2,39,-0.0023220711117184,True,0.4487322961373401
-AUZQgSxyPQ$_$2,40,-0.2143753082257515,True,0.57694152360515
-HeZS2-Prhc$_$2,0,-0.2233626462422297,True,0.5160450295275592
-HeZS2-Prhc$_$2,1,-5.616620559578678e-05,True,0.3850807086614174
-HeZS2-Prhc$_$2,2,-0.4054502509968394,True,0.4492608267716531
-HeZS2-Prhc$_$2,3,-0.0792478396047755,True,0.2567204724409451
-HeZS2-Prhc$_$2,4,-0.0575886513081504,True,0.2567204724409446
-HeZS2-Prhc$_$2,5,-1.9222131484752936e-05,True,0.1283602362204723
-HeZS2-Prhc$_$2,6,-0.0001288097929861,True,0.5134409448818902
-HeZS2-Prhc$_$2,7,-7.875801537693405e-05,True,0.4492608267716536
-HeZS2-Prhc$_$2,8,-0.0002781799047397,True,0.1604502952755897
-HeZS2-Prhc$_$2,9,-0.0007109956324408,True,0.1925403543307089
-HeZS2-Prhc$_$2,10,-0.1641125583569812,True,0.9332157972440944
-HeZS2-Prhc$_$2,11,-0.4253075285307044,True,0.5160450295275592
-HeZS2-Prhc$_$2,12,-5.262567579933375e-05,True,0.2567204724409446
-HeZS2-Prhc$_$2,13,-6.603138343545349e-05,True,0.4171707677165361
-HeZS2-Prhc$_$2,14,-0.0006296698822856,True,0.2246304133858263
-HeZS2-Prhc$_$2,15,-0.0002426521250527,True,0.2888105314960629
-HwX2H8Z4hY$_$2,0,,False,
-HwX2H8Z4hY$_$2,1,-0.8544949182803521,True,0.5161810433884297
-HwX2H8Z4hY$_$2,2,-6.04280287513393,False,
-HwX2H8Z4hY$_$2,3,-7.00433749338481,False,
-HwX2H8Z4hY$_$2,4,-0.0001462853484937,True,0.5161810433884297
-HwX2H8Z4hY$_$2,5,-5.000572309654672e-05,True,0.1294483471074383
-HwX2H8Z4hY$_$2,6,-0.0001805184951848,True,0.1294483471074379
-HwX2H8Z4hY$_$2,7,-0.0031437120751434,True,0.0970862603305784
-HwX2H8Z4hY$_$5,0,,False,
-HwX2H8Z4hY$_$5,1,-0.0002621314730731,True,0.4673773619186046
-HwX2H8Z4hY$_$5,2,-0.0107949664130725,True,0.660774890988372
-HwX2H8Z4hY$_$5,3,-1.2121566438316194,True,0.4029115188953487
-HwX2H8Z4hY$_$5,4,-0.0514734723447247,True,0.5157267441860462
-HwX2H8Z4hY$_$5,5,-0.2894275037153673,True,0.1933975290697676
-HwX2H8Z4hY$_$5,6,-0.0023533496682221,True,0.6446584302325586
-HwX2H8Z4hY$_$5,7,-0.0562411016515646,True,0.6446584302325578
-HwX2H8Z4hY$_$5,8,-0.000153512983482,True,0.3223292151162793
-HwX2H8Z4hY$_$5,9,-0.0001163727873265,True,0.5161164607558142
-HwX2H8Z4hY$_$6,0,-0.000557341384092,True,0.2901386138613861
-HwX2H8Z4hY$_$6,1,-0.0019791518847398,True,0.1611881188118812
-HwX2H8Z4hY$_$6,2,-0.0001806971860592,True,0.1934257425742575
-HwX2H8Z4hY$_$6,3,-0.0018140052178389,True,0.5161188118811881
-HwX2H8Z4hY$_$6,4,-1.534510370297383,True,0.5158019801980198
-HwX2H8Z4hY$_$6,5,-7.714709671802211e-05,True,0.2901386138613864
-HwX2H8Z4hY$_$6,6,-0.0001537775677888,True,0.2579009900990097
-HwX2H8Z4hY$_$9,0,-0.0077756058086985,True,0.2727254464285714
-HwX2H8Z4hY$_$9,1,-0.0013849718388883,True,0.1283413865546219
-HwX2H8Z4hY$_$9,2,-0.2994995702874803,True,0.1283413865546218
-HwX2H8Z4hY$_$9,3,-8.674350715409673e-05,True,0.1604267331932772
-HwX2H8Z4hY$_$9,4,-0.5805643558689587,True,0.8368961397058825
-HwX2H8Z4hY$_$9,5,-0.2551399070333339,True,0.516042673319328
-HwX2H8Z4hY$_$9,6,-0.4726275280545986,True,0.5614935661764702
-HwX2H8Z4hY$_$9,7,-0.5948053837521001,True,0.4652375262605042
-HwX2H8Z4hY$_$9,8,-1.5451556708430871,True,0.1283413865546219
-HwX2H8Z4hY$_$9,9,-0.0121400821954011,True,0.0962560399159659
-HwX2H8Z4hY$_$9,10,-0.5133578463945014,True,0.3048107930672277
-HwX2H8Z4hY$_$9,11,-0.2263600366942834,True,0.2085547531512599
-HwX2H8Z4hY$_$9,12,-0.370702424902577,True,0.1925120798319337
-HwX2H8Z4hY$_$9,13,-0.0001288054493732,True,0.3850241596638648
-HwX2H8Z4hY$_$9,14,-0.0004077720800523,True,0.1283413865546219
-HwX2H8Z4hY$_$9,15,-0.0344398874318358,True,0.2887681197478988
-HwX2H8Z4hY$_$9,16,-0.2899703345028683,True,0.0962560399159668
-HwX2H8Z4hY$_$9,17,-0.3738109492090871,True,0.2245974264705879
-HwX2H8Z4hY$_$9,18,-0.0409240613225847,True,0.0962560399159668
-HwX2H8Z4hY$_$9,19,-1.9618766552412128,True,0.0962560399159659
-HwX2H8Z4hY$_$9,20,-0.2230996276295627,True,0.3208534663865547
-HwX2H8Z4hY$_$9,21,-0.3247583218180807,True,0.1283413865546219
-I_e4mIh0yE$_$1,0,-0.0006706186157036,True,0.4010944234913793
-I_e4mIh0yE$_$1,1,-0.0099743648461156,True,0.1283502155172413
-I_e4mIh0yE$_$1,2,-0.0032512559115692,True,0.192525323275862
-I_e4mIh0yE$_$1,3,-1.9534538181709135e-05,True,0.272744207974138
-I_e4mIh0yE$_$1,4,-0.0082624807837397,True,0.3048317618534482
-I_e4mIh0yE$_$1,5,-0.0109115518061987,True,0.3529630926724141
-I_e4mIh0yE$_$1,6,-0.0027954402271261,True,0.3850506465517238
-I_e4mIh0yE$_$1,7,-0.0026140096786662,True,0.2887879849137933
-I_e4mIh0yE$_$1,8,-2.973689982443308e-05,True,0.5160437769396551
-I_e4mIh0yE$_$1,9,-5.08997963066804e-05,True,0.1604377693965517
-I_e4mIh0yE$_$1,10,-0.0005148804107193,True,0.2567004310344827
-I_e4mIh0yE$_$1,11,-0.0735849493397092,True,0.3208755387931039
-I_e4mIh0yE$_$1,12,-0.0032633554361382,True,0.192525323275861
-I_e4mIh0yE$_$1,13,-4.752445539205989e-06,True,0.4492257543103459
-I_e4mIh0yE$_$1,14,-0.0063579094096943,True,0.4171382004310331
-I_e4mIh0yE$_$1,15,-0.0049140668134612,True,0.4652695312500006
-I_e4mIh0yE$_$1,16,-0.0005187938002721,True,0.4010944234913802
-I_e4mIh0yE$_$1,17,-0.0001111875641816,True,0.3529630926724127
-I_e4mIh0yE$_$3,0,-0.4638014303511429,True,0.5803069196428572
-I_e4mIh0yE$_$3,1,-0.2166833941172825,True,0.2569821428571428
-I_e4mIh0yE$_$3,2,-0.0248083803482472,True,0.2248593750000003
-I_e4mIh0yE$_$3,3,-0.0148831772748962,True,0.1284910714285709
-I_e4mIh0yE$_$3,4,-2.8079421122868857,True,0.0963683035714284
-I_e4mIh0yE$_$3,5,-1.2118793932040717,True,0.2248593750000003
-I_e4mIh0yE$_$3,6,-0.0026689523308505,True,0.2891049107142853
-I_e4mIh0yE$_$3,7,-0.0021341911670802,True,0.4818415178571431
-I_e4mIh0yE$_$3,8,-0.0094539065789125,True,0.5160613839285721
-I_e4mIh0yE$_$3,9,-0.0001121822076015,True,0.1927366071428569
-I_e4mIh0yE$_$3,10,-0.5192175910475498,True,0.2569821428571428
-I_e4mIh0yE$_$3,11,-0.7739592986181378,True,0.0642455357142859
-I_e4mIh0yE$_$3,12,-0.120810498483479,True,0.1284910714285709
-I_e4mIh0yE$_$3,13,-2.852161376949425,True,0.2569821428571428
-I_e4mIh0yE$_$3,14,-0.0067546442151069,True,0.0963683035714284
-I_e4mIh0yE$_$3,15,-0.0078468335341312,True,0.1284910714285709
-I_e4mIh0yE$_$3,16,-0.0016776193037912,True,0.1284910714285718
-I_e4mIh0yE$_$3,17,-0.106155356016734,True,0.3051662946428575
-I_e4mIh0yE$_$3,18,-0.0278118515268488,True,0.3372890625
-I_e4mIh0yE$_$3,19,-0.000114939452942,True,0.1927366071428569
-I_e4mIh0yE$_$3,20,-0.0007223646805089,True,0.2248593749999994
-I_e4mIh0yE$_$3,21,-0.0005148754604149,True,0.5139642857142857
-MeTTeMJBNc$_$0,0,-0.2499557460620933,True,0.7387497822299651
-MeTTeMJBNc$_$0,1,-1.8662577788037709,True,0.1927173344947734
-MeTTeMJBNc$_$0,2,-0.0001484302999799,True,0.6423911149825785
-MeTTeMJBNc$_$0,3,-0.0016690386109928,True,0.1445380008710799
-MeTTeMJBNc$_$0,4,-0.046266611125624,True,0.240896668118467
-MeTTeMJBNc$_$0,5,-1.2531487971756404e-05,True,0.2248368902439024
-MeTTeMJBNc$_$0,6,-0.0002851017027215,True,0.4496737804878052
-MeTTeMJBNc$_$0,7,-0.0081488121519788,True,0.5139128919860623
-MeTTeMJBNc$_$0,8,-1.0990984986847251e-05,True,0.1605977787456449
-MeTTeMJBNc$_$0,9,-1.621130325624165e-05,True,0.3854346689895473
-MeTTeMJBNc$_$0,10,-8.463853134799138e-07,True,0.3372553353658531
-MeTTeMJBNc$_$0,11,-0.0054908234582827,True,0.4336140026132398
-MeTTeMJBNc$_$0,12,-0.0001457080255852,True,0.3854346689895482
-MeTTeMJBNc$_$0,13,-3.784118712246709e-05,True,0.2890760017421598
-MeTTeMJBNc$_$0,14,-1.381768390255426e-05,True,0.4175542247386756
-MeTTeMJBNc$_$0,15,-1.3618985963415042e-05,True,0.516059777874565
-MeTTeMJBNc$_$0,16,-0.0002023797954583,True,0.1605977787456449
-MeTTeMJBNc$_$0,17,-0.0037943718822055,True,0.7387497822299647
-MeTTeMJBNc$_$0,18,-7.926567392739041e-05,True,0.1927173344947732
-MeTTeMJBNc$_$0,19,-0.0011829231499784,True,0.1605977787456449
-MeTTeMJBNc$_$0,20,-3.383298795256451e-05,True,0.1927173344947732
-MeTTeMJBNc$_$13,0,-6.705516000238276e-07,True,0.5161211656441718
-MeTTeMJBNc$_$13,1,-1.286940390751147,True,0.2901809815950921
-MeTTeMJBNc$_$13,2,-0.0195214432939627,True,0.3707868098159508
-MeTTeMJBNc$_$13,3,-0.0434794543216867,True,0.1450904907975461
-MeTTeMJBNc$_$13,4,-0.0054095729302616,True,0.1289693251533741
-MeTTeMJBNc$_$13,5,-0.0018050835860758,True,0.1289693251533743
-MeTTeMJBNc$_$13,6,-1.311276415686772e-05,True,0.2256963190184047
-MeTTeMJBNc$_$13,7,-4.791405330298712e-05,True,0.4513926380368098
-MeTTeMJBNc$_$13,8,-1.7812774042891277e-05,True,0.5161211656441718
-MeTTeMJBNc$_$13,9,-3.865200835662108e-05,True,0.1289693251533741
-MeTTeMJBNc$_$13,10,-4.347912711466506e-05,True,0.1289693251533741
-MeTTeMJBNc$_$13,11,-7.333164162446338e-05,True,0.3224233128834362
-MeTTeMJBNc$_$13,12,-0.0006308677449295,True,0.2901809815950908
-MeTTeMJBNc$_$13,13,-3.161861285860823e-05,True,0.1289693251533741
-MeTTeMJBNc$_$7,0,-0.0038468555185318,True,0.2731362847222222
-MeTTeMJBNc$_$7,1,-0.0055497781097528,True,0.2892031249999999
-MeTTeMJBNc$_$7,2,-9.288665899020998e-05,True,0.1928020833333332
-MeTTeMJBNc$_$7,3,-7.329266990963035e-05,True,0.5160668402777777
-MeTTeMJBNc$_$7,4,-0.0001113032599498,True,0.3213368055555554
-MeTTeMJBNc$_$7,5,-0.0012308892602504,True,0.1606684027777776
-MeTTeMJBNc$_$7,6,-0.1136751453891257,True,0.3856041666666669
-MeTTeMJBNc$_$7,7,-1.6887625633899006e-05,True,0.1285347222222217
-MeTTeMJBNc$_$7,8,-0.0008814423270109,True,0.160668402777778
-MeTTeMJBNc$_$7,9,-0.0001392453691195,True,0.4820052083333332
-MeTTeMJBNc$_$7,10,-2.7883864647000845e-05,True,0.5160668402777779
-MeTTeMJBNc$_$7,11,-0.0005661058755289,True,0.2249357638888884
-MeTTeMJBNc$_$7,12,-6.568761004643875e-05,True,0.5141388888888896
-MeTTeMJBNc$_$7,13,-0.000113641848517,True,0.6748072916666654
-MeTTeMJBNc$_$7,14,-0.0349743572456494,True,0.1928020833333334
-MeTTeMJBNc$_$7,15,-0.000302233979994,True,0.1606684027777785
-MeTTeMJBNc$_$7,16,-2.9603485434866648e-06,True,0.2249357638888884
-MeTTeMJBNc$_$7,17,-0.033071022614609,True,0.3856041666666669
-MeTTeMJBNc$_$7,18,-0.0038229700405167,True,0.1285347222222217
-MeTTeMJBNc$_$7,19,-0.0011819058698847,True,0.3213368055555552
-MeTTeMJBNc$_$7,20,-0.0001045090450979,True,0.2249357638888893
-MeTTeMJBNc$_$7,21,-1.0430621529167183e-05,True,0.1606684027777776
-MeTTeMJBNc$_$7,22,-0.0011582817046291,True,0.4177378472222219
-MeTTeMJBNc$_$7,23,-8.016371326036165e-05,True,0.5160668402777784
-MeTTeMJBNc$_$7,24,-0.0002139340960525,True,0.1285347222222217
-MeTTeMJBNc$_$7,25,-0.0027224889211829,True,0.1606684027777785
-MeTTeMJBNc$_$7,26,-0.0002072043698646,True,0.1285347222222217
-MeTTeMJBNc$_$7,27,-0.0007264973579879,True,0.1606684027777767
-MeTTeMJBNc$_$7,28,-5.153588851195915e-05,True,0.0964010416666667
-MeTTeMJBNc$_$7,29,-0.0004984740831787,True,0.1285347222222235
-MeTTeMJBNc$_$7,30,-1.1018133812561765e-05,True,0.4498715277777769
-NFrJFQijFE$_$1,0,-2.647322767766363,True,0.837603338068182
-NFrJFQijFE$_$1,1,-1.7958351004247863,True,0.3215269886363634
-NFrJFQijFE$_$1,2,-11.26785901747644,False,
-NFrJFQijFE$_$1,3,-0.0169180277734994,True,0.0643053977272725
-NFrJFQijFE$_$1,4,-9.057370244835814,False,
-NFrJFQijFE$_$1,5,-7.015709762461484,False,
-NFrJFQijFE$_$1,6,-11.26421733899042,False,
-NFrJFQijFE$_$1,7,-9.226074273698032,False,
-NFrJFQijFE$_$1,8,-5.6310037658549845,False,
-NFrJFQijFE$_$1,9,-7.546952166128904,False,
-NFrJFQijFE$_$1,10,-0.0011294916257611,True,0.5160763494318177
-NFrJFQijFE$_$1,11,-5.917815383640118,False,
-NFrJFQijFE$_$1,12,-11.854943911506174,False,
-NFrJFQijFE$_$1,13,-3.2916372955660336,True,0.128610795454545
-NFrJFQijFE$_$1,14,-6.46592919487739,False,
-NFrJFQijFE$_$1,15,-9.978890740661882,False,
-NFrJFQijFE$_$2,0,-3.96370074895458e-06,True,0.1610171274038461
-NFrJFQijFE$_$2,1,-12.3224662939665,False,
-NFrJFQijFE$_$2,2,-2.9803003550224925,True,0.7093222656250004
-NFrJFQijFE$_$2,3,-11.41928219795227,False,
-NFrJFQijFE$_$2,4,-4.296425342559815,True,0.064406850961538
-NFrJFQijFE$_$2,5,-8.4152684674581,False,
-NFrJFQijFE$_$2,6,-3.778672331951801e-05,True,0.2254239783653844
-NFrJFQijFE$_$2,7,-7.345249368338064,False,
-NFrJFQijFE$_$2,8,-6.025750008120667e-05,True,0.0966102764423073
-NFrJFQijFE$_$2,9,-15.188085734844208,False,
-NFrJFQijFE$_$2,10,-10.109000338474289,False,
-NFrJFQijFE$_$2,11,-4.485731184440907,True,0.2898308293269229
-NFrJFQijFE$_$2,12,-4.459845853732602e-05,True,0.516101712740384
-NFrJFQijFE$_$2,13,-3.2748099695523294,True,0.128813701923077
-NFrJFQijFE$_$2,14,-5.039404322475093,False,
-NFrJFQijFE$_$2,15,-0.0785815972558339,True,0.1610171274038458
-NFrJFQijFE$_$2,16,-5.846774292178452,False,
-NFrJFQijFE$_$2,17,-9.65419787762221,False,
-RfYyzHpjk4$_$11,0,-1.2092641125305543,True,0.5160597310126582
-RfYyzHpjk4$_$11,1,-3.0741493562277533,True,0.1927167721518987
-RfYyzHpjk4$_$11,2,-4.297292259991536e-05,True,0.1927167721518987
-RfYyzHpjk4$_$11,3,-0.2034161278304509,True,0.160597310126582
-RfYyzHpjk4$_$11,4,-0.1900850649618254,True,0.4175530063291139
-RfYyzHpjk4$_$11,5,-0.1426106213220919,True,0.0963583860759493
-RfYyzHpjk4$_$11,6,-0.0001411204162119,True,0.2248362341772152
-RfYyzHpjk4$_$11,7,-0.0008039430085773,True,0.1605973101265823
-RfYyzHpjk4$_$11,8,-0.0001669175114026,True,0.1927167721518987
-RfYyzHpjk4$_$11,9,-1.3670354200352146,True,0.4978516613924046
-RfYyzHpjk4$_$11,10,-0.2528744729398227,True,0.2569556962025316
-RfYyzHpjk4$_$11,11,-0.1151212841408172,True,0.0802986550632911
-RfYyzHpjk4$_$11,12,-0.0080677061753391,True,0.1927167721518987
-RfYyzHpjk4$_$11,13,-7.926724738638313e-05,True,0.1284778481012658
-RfYyzHpjk4$_$11,14,-0.0002411785752514,True,0.1284778481012662
-RfYyzHpjk4$_$11,15,-0.0007545865566882,True,0.1284778481012658
-RfYyzHpjk4$_$11,16,-9.089563235420428e-06,True,0.1605973101265814
-RfYyzHpjk4$_$2,0,-3.4657387686820584e-05,True,0.2582904191616766
-RfYyzHpjk4$_$2,1,-1.2362055663755502,True,0.1614315119760478
-RfYyzHpjk4$_$2,2,-0.0001417877774656,True,0.1291452095808383
-RfYyzHpjk4$_$2,3,-0.0002194321782553,True,0.1291452095808384
-RfYyzHpjk4$_$2,4,-2.1170080798480435,True,0.4197219311377246
-RfYyzHpjk4$_$2,5,-2.8816373544201874,True,0.0968589071856285
-RfYyzHpjk4$_$2,6,-0.4816952287718387,True,0.1937178143712579
-RfYyzHpjk4$_$2,7,-3.1677971109747887,True,0.0645726047904191
-RfYyzHpjk4$_$2,8,-0.7628715005121194,True,0.2905767215568859
-RfYyzHpjk4$_$2,9,-1.4334960604574007,True,0.0968589071856289
-RfYyzHpjk4$_$2,10,-0.0027893006905893,True,0.1937178143712574
-RfYyzHpjk4$_$2,11,-0.0002975273055199,True,0.0968589071856285
-RfYyzHpjk4$_$2,12,-0.000519192012689,True,0.1291452095808383
-RfYyzHpjk4$_$2,13,-0.0011442126565498,True,0.3228630239520962
-RfYyzHpjk4$_$2,14,-1.3499858016293729,True,0.0968589071856285
-RfYyzHpjk4$_$2,15,-0.0029408854752546,True,0.0968589071856285
-RfYyzHpjk4$_$2,16,-0.0010264184002153,True,0.0968589071856289
-RfYyzHpjk4$_$2,17,-0.010704945589623,True,0.1291452095808383
-RfYyzHpjk4$_$2,18,-0.0001084080254258,True,0.1291452095808383
-RfYyzHpjk4$_$2,19,-0.0056328592400859,True,0.3551493263473055
-RfYyzHpjk4$_$2,20,-0.3603888741102612,True,0.1937178143712574
-RfYyzHpjk4$_$2,21,-0.0044794477629087,True,0.0968589071856285
-RfYyzHpjk4$_$2,22,-0.0129744395750373,True,0.3551493263473055
-RfYyzHpjk4$_$2,23,-0.0011632622490272,True,0.1937178143712579
-RfYyzHpjk4$_$2,24,-0.0001849495895385,True,0.1614315119760476
-RfYyzHpjk4$_$8,0,-0.040750833302809,True,0.3375172872340425
-RfYyzHpjk4$_$8,1,-0.0129234563670252,True,0.176794769503546
-RfYyzHpjk4$_$8,2,-0.0018869935062598,True,0.3535895390070922
-RfYyzHpjk4$_$8,3,-4.9889804309799504e-05,True,0.321445035460993
-RfYyzHpjk4$_$8,4,-0.0024156951264728,True,0.2250115248226949
-RfYyzHpjk4$_$8,5,-5.942248492374347e-05,True,0.0964335106382978
-RfYyzHpjk4$_$8,6,-0.0001159679317694,True,0.2250115248226951
-RfYyzHpjk4$_$8,7,-2.9206219096522545e-06,True,0.0964335106382976
-RfYyzHpjk4$_$8,8,-2.028310365334619,True,0.1928670212765961
-RfYyzHpjk4$_$8,9,-2.2291587432240096e-05,True,0.1285780141843968
-RfYyzHpjk4$_$8,10,-0.8072834203439925,True,0.1285780141843968
-RfYyzHpjk4$_$8,11,-0.0005941930861202,True,0.1928670212765961
-RfYyzHpjk4$_$8,12,-0.000472231201213,True,0.2571560283687941
-RfYyzHpjk4$_$8,13,-0.0011098106000222,True,0.3535895390070922
-RfYyzHpjk4$_$8,14,-0.0001198830623252,True,0.1607225177304965
-RfYyzHpjk4$_$8,15,-0.0054280142146581,True,0.1607225177304965
-RfYyzHpjk4$_$8,16,-1.8089731611325988e-05,True,0.1607225177304965
-THoVjtIkeU$_$12,0,-3.406233365099709e-05,True,0.516023336038961
-THoVjtIkeU$_$12,1,-3.6626531673689633,True,0.1602333603896104
-THoVjtIkeU$_$12,2,-0.0003409707298942,True,0.2243267045454544
-THoVjtIkeU$_$12,3,-0.0001011299408825,True,0.1602333603896109
-THoVjtIkeU$_$12,4,-3.143970188546064e-05,True,0.16023336038961
-THoVjtIkeU$_$12,5,-0.0001260043291013,True,0.2243267045454549
-THoVjtIkeU$_$12,6,-0.000250433264919,True,0.3845600649350649
-THoVjtIkeU$_$12,7,-2.7744892744152597e-05,True,0.2884200487012984
-THoVjtIkeU$_$12,8,-0.000135241861237,True,0.128186688311688
-THoVjtIkeU$_$12,9,-0.0121985850874845,True,0.3845600649350649
-THoVjtIkeU$_$12,10,-5.587924309935488e-07,True,0.5160233360389608
-THoVjtIkeU$_$12,11,-5.685488726570043e-05,True,0.192280032467532
-THoVjtIkeU$_$12,12,-4.525653438610296e-05,True,0.1922800324675329
-THoVjtIkeU$_$12,13,-0.003159754732394,True,0.1602333603896095
-THoVjtIkeU$_$12,14,-1.4471786241188055e-05,True,0.3204667207792209
-THoVjtIkeU$_$12,15,-0.0001464538103657,True,0.4807000811688322
-THoVjtIkeU$_$12,16,-0.0098689087844832,True,0.1602333603896095
-THoVjtIkeU$_$12,17,-0.0125937495424977,True,0.3525133928571424
-THoVjtIkeU$_$12,18,-3.120385752453103e-05,True,0.2563733766233778
-THoVjtIkeU$_$12,19,-3.635869269658088e-06,True,0.2884200487012975
-THoVjtIkeU$_$12,20,-0.0049997447984651,True,0.1602333603896113
-THoVjtIkeU$_$12,21,-4.194637861498762e-06,True,0.5160233360389608
-THoVjtIkeU$_$12,22,-0.0004186245280392,True,0.5160233360389626
-THoVjtIkeU$_$12,23,-0.1998786561636176,True,0.5160233360389608
-THoVjtIkeU$_$12,24,-0.0001694875369177,True,0.4486534090909106
-THoVjtIkeU$_$12,25,-1.1867623975882048e-05,True,0.3204667207792191
-THoVjtIkeU$_$12,26,-0.0001569278914897,True,0.1922800324675329
-THoVjtIkeU$_$12,27,-0.0033253080183125,True,0.4326300730519481
-THoVjtIkeU$_$12,28,-0.0063098644632173,True,0.1442100243506487
-THoVjtIkeU$_$12,29,-0.0002470809504302,True,0.0961400162337664
-THoVjtIkeU$_$12,30,-1.8119635114999252e-05,True,0.0961400162337664
-THoVjtIkeU$_$12,31,-0.009317484005237,True,0.2884200487012993
-THoVjtIkeU$_$12,32,-0.0014112609742166,True,0.4486534090909089
-THoVjtIkeU$_$12,33,-1.3887477695817552e-05,True,0.1922800324675329
-THoVjtIkeU$_$12,34,-0.3532546924269594,True,0.5160233360389608
-THoVjtIkeU$_$12,35,-0.0006191623901372,True,0.128186688311688
-THoVjtIkeU$_$12,36,-2.662196204520721e-05,True,0.1922800324675329
-THoVjtIkeU$_$12,37,-0.0006817603405806,True,0.1602333603896113
-THoVjtIkeU$_$12,38,-1.202293384799142e-05,True,0.256373376623376
-THoVjtIkeU$_$2,0,-0.0001476189063396,True,0.0645935114503816
-THoVjtIkeU$_$2,1,-3.27746382121404,True,0.0968902671755725
-THoVjtIkeU$_$2,2,-5.212939282728257e-05,True,0.5161483778625955
-THoVjtIkeU$_$2,3,-0.0006109203958301,True,0.3875610687022899
-THoVjtIkeU$_$2,4,-0.0001246616103698,True,0.2583740458015269
-THoVjtIkeU$_$2,5,-3.9129637424853824e-05,True,0.2260772900763359
-THoVjtIkeU$_$2,6,-0.0004096287299069,True,0.4844513358778624
-THoVjtIkeU$_$2,7,-2.6185164537414117e-05,True,0.3552643129770994
-THoVjtIkeU$_$2,8,-0.0001579319296638,True,0.1937805343511449
-THoVjtIkeU$_$2,9,-0.0011057977804069,True,0.2583740458015269
-THoVjtIkeU$_$6,0,-4.700763804432739e-05,True,0.2414175907258064
-THoVjtIkeU$_$6,1,-0.0008504592643632,True,0.1609450604838709
-THoVjtIkeU$_$6,2,-6.558764416440162,False,
-THoVjtIkeU$_$6,3,-0.0054001891385269,True,0.0643780241935484
-THoVjtIkeU$_$6,4,-0.0002625200624606,True,0.160945060483871
-THoVjtIkeU$_$6,5,-0.7816421618044722,True,0.516094506048387
-THoVjtIkeU$_$6,6,-3.214388086429191e-05,True,0.3540791330645161
-THoVjtIkeU$_$6,7,-0.0312948619798518,True,0.1609450604838709
-THoVjtIkeU$_$6,8,-0.0023357956472187,True,0.2253230846774196
-THoVjtIkeU$_$6,9,-0.0002857874914425,True,0.4184571572580644
-THoVjtIkeU$_$6,10,-1.738012249319354e-05,True,0.3218901209677418
-THoVjtIkeU$_$6,11,-0.0039639500312951,True,0.1931340725806452
-THoVjtIkeU$_$6,12,-0.0039793206266599,True,0.1931340725806452
-THoVjtIkeU$_$6,13,-8.65449343336877e-06,True,0.1609450604838707
-THoVjtIkeU$_$6,14,-3.2105783237312835e-05,True,0.1931340725806452
-THoVjtIkeU$_$6,15,-0.0008962968147841,True,0.1609450604838711
-THoVjtIkeU$_$6,16,-6.258369406264563e-06,True,0.4828351814516134
-THoVjtIkeU$_$6,17,-3.958520674325021e-05,True,0.4506461693548385
-THoVjtIkeU$_$6,18,-0.1522340625400886,True,0.1609450604838711
-THoVjtIkeU$_$6,19,-6.9608284498172,False,
-THoVjtIkeU$_$6,20,-0.132008751824797,True,0.1287560483870971
-THoVjtIkeU$_$6,21,-0.0002790257234988,True,0.2897011088709673
-THoVjtIkeU$_$6,22,-0.0016679805953508,True,0.2897011088709682
-THoVjtIkeU$_$6,23,-0.1597012876862251,True,0.1448505544354832
-THoVjtIkeU$_$6,24,-7.491447888696712e-05,True,0.11266154233871
-THoVjtIkeU$_$6,25,-0.0001272620566841,True,0.3862681451612904
-THoVjtIkeU$_$6,26,-0.0002898816329661,True,0.1609450604838711
-THoVjtIkeU$_$6,27,-0.0001272915196324,True,0.1287560483870971
-THoVjtIkeU$_$6,28,-8.940546453573006e-05,True,0.3218901209677414
-THoVjtIkeU$_$6,29,-0.0004844020057817,True,0.1609450604838711
-UUCSKoHeMA$_$0,0,-0.5362088310241755,True,0.5160420124481329
-UUCSKoHeMA$_$0,1,-0.1696516361512294,True,0.3529242738589211
-UUCSKoHeMA$_$0,2,-0.0002742244207183,True,0.1925041493775929
-UUCSKoHeMA$_$0,3,-1.0310199560724411,True,0.1283360995850624
-UUCSKoHeMA$_$0,4,-0.0001858343745766,True,0.4812603734439835
-UUCSKoHeMA$_$0,5,-2.673201333891484e-05,True,0.1604201244813277
-UUCSKoHeMA$_$0,6,-0.0031500144393334,True,0.304798236514523
-UUCSKoHeMA$_$0,7,-0.0339165075268397,True,0.3689662863070539
-UUCSKoHeMA$_$0,8,-0.0042233847220018,True,0.3208402489626554
-UUCSKoHeMA$_$0,9,-0.0014787897079878,True,0.8662686721991699
-UUCSKoHeMA$_$0,10,-0.0002795219724376,True,0.5160420124481329
-UUCSKoHeMA$_$0,11,-0.0038547199753793,True,0.1283360995850619
-UUCSKoHeMA$_$0,12,-0.0006835897438577,True,0.1283360995850619
-UUCSKoHeMA$_$0,13,-5.289556253273986e-05,True,0.1283360995850619
-UUCSKoHeMA$_$0,14,-0.0073680983450685,True,0.1283360995850628
-UUCSKoHeMA$_$0,15,-0.0001016204605856,True,0.3529242738589211
-UUCSKoHeMA$_$0,16,-0.0003314061039816,True,0.2566721991701239
-UUCSKoHeMA$_$0,17,-0.0399945628844662,True,0.5454284232365145
-UacrmKiTn4$_$10,0,-0.7027892819388933,True,0.3862433333333333
-UacrmKiTn4$_$10,1,-0.0092647662380613,True,0.1287477777777778
-UacrmKiTn4$_$10,2,-3.614800891682535e-05,True,0.1287477777777778
-UacrmKiTn4$_$10,3,-0.0020695318989775,True,0.1609347222222222
-UacrmKiTn4$_$10,4,-0.0002364128436056,True,0.2253086111111111
-UacrmKiTn4$_$10,5,-8.448422555762392e-06,True,0.5160934722222223
-UacrmKiTn4$_$10,6,-0.0043951671680133,True,0.2253086111111111
-UacrmKiTn4$_$10,7,-0.0003615961884833,True,0.2896824999999996
-UacrmKiTn4$_$10,8,-0.0006317889741304,True,0.2253086111111111
-UacrmKiTn4$_$10,9,-0.0005202068645576,True,0.8046736111111112
-UacrmKiTn4$_$10,10,-2.815578863533119e-05,True,0.2896825000000005
-UacrmKiTn4$_$10,11,-2.8317382148183395e-05,True,0.2896825000000005
-UacrmKiTn4$_$10,12,-0.0003050770522592,True,0.354056388888889
-UacrmKiTn4$_$10,13,-4.107912615225473e-05,True,0.2574955555555549
-UacrmKiTn4$_$10,14,-4.410665068837047e-06,True,0.5160934722222228
-UacrmKiTn4$_$10,15,-0.0642326500946296,True,0.3379629166666662
-UacrmKiTn4$_$10,16,-0.0005638920247292,True,0.1448412499999998
-UacrmKiTn4$_$10,17,-0.024069913316957,True,0.1287477777777779
-UacrmKiTn4$_$4,0,-2.634519912447786e-06,True,0.3228922413793103
-UacrmKiTn4$_$4,1,-2.225149429098868e-05,True,0.1614461206896552
-UacrmKiTn4$_$4,2,-4.502831200170476e-05,True,0.2583137931034482
-UacrmKiTn4$_$4,3,-5.6591735756228445e-05,True,0.129156896551724
-UacrmKiTn4$_$4,4,-0.0001542697651302,True,0.1614461206896553
-UacrmKiTn4$_$4,5,-0.0001381132964649,True,0.7103629310344823
-UacrmKiTn4$_$4,6,-0.1944258009127679,True,0.1614461206896553
-UacrmKiTn4$_$4,7,-0.0001991533545719,True,0.129156896551724
-UacrmKiTn4$_$4,8,-4.9249656322321776e-05,True,0.2260245689655176
-UacrmKiTn4$_$4,9,-6.168983723853216e-06,True,0.2260245689655171
-UacrmKiTn4$_$4,10,-0.0005922716626166,True,0.3228922413793103
-UacrmKiTn4$_$4,11,-0.0004162446637536,True,0.1614461206896549
-UacrmKiTn4$_$4,12,-0.0005930271270894,True,0.2260245689655171
-UacrmKiTn4$_$4,13,-0.1675553409480249,True,0.4843383620689656
-UuX1xuaiiE$_$0,0,-11.662270439989925,False,
-UuX1xuaiiE$_$0,1,-3.615979322783384e-06,True,0.2255056306306305
-UuX1xuaiiE$_$0,2,-0.0008705593569621,True,0.3865810810810811
-UuX1xuaiiE$_$0,3,-2.5033032613919204e-05,True,0.1610754504504503
-UuX1xuaiiE$_$0,4,-0.0001643944762956,True,0.2899358108108107
-UuX1xuaiiE$_$0,5,-0.0008211888284509,True,0.516107545045045
-UuX1xuaiiE$_$0,6,-0.4121019044591776,True,0.2577207207207208
-UuX1xuaiiE$_$0,7,-0.0001278582684847,True,0.1288603603603602
-UuX1xuaiiE$_$0,8,-8.226427478348341e-05,True,0.3543659909909911
-UuX1xuaiiE$_$1,0,-3.9175594695559206,False,
-UuX1xuaiiE$_$1,1,-1.87745856049046,True,0.2246015624999999
-UuX1xuaiiE$_$1,2,-0.000492296414448,True,0.1604296875
-UuX1xuaiiE$_$1,3,-0.0132047985959218,True,0.1283437499999999
-UuX1xuaiiE$_$1,4,-0.0006759752204256,True,0.2246015624999998
-UuX1xuaiiE$_$1,5,-3.770136141513701e-05,True,0.2246015625000001
-UuX1xuaiiE$_$1,6,-1.128874776838984e-05,True,0.3208593749999999
-UuX1xuaiiE$_$1,7,-2.8227879056430535e-05,True,0.5160429687500003
-UuX1xuaiiE$_$1,8,-0.0001883374216017,True,0.3208593749999995
-UuX1xuaiiE$_$1,9,-0.0006353032571098,True,0.3208593750000004
-UuX1xuaiiE$_$1,10,-2.692228649203183,False,
-UuX1xuaiiE$_$1,11,-1.773685407633263,True,0.3208593749999995
-UuX1xuaiiE$_$1,12,-0.0012497183587878,True,0.6096328125000001
-UuX1xuaiiE$_$1,13,-0.026939868069387,True,0.5133750000000008
-UuX1xuaiiE$_$1,14,-0.0001456222457486,True,0.4171171874999988
-UuX1xuaiiE$_$1,15,-4.05962028208728,False,
-UuX1xuaiiE$_$1,16,-4.34197404466363,True,0.1283437499999999
-UuX1xuaiiE$_$1,17,-0.0658976116820895,True,0.1283437499999999
-UuX1xuaiiE$_$1,18,-0.0002083364663292,True,0.2887734374999997
-UuX1xuaiiE$_$1,19,-5.313552125901172e-05,True,0.2566875000000008
-UuX1xuaiiE$_$1,20,-0.0302119447899705,True,0.4492031249999995
-UuX1xuaiiE$_$1,21,-0.0154757818710485,True,0.4492031250000003
-UuX1xuaiiE$_$1,22,-8.280671289009502,False,
-UuX1xuaiiE$_$1,23,-7.450029798405922e-05,True,0.0962578124999993
-UuX1xuaiiE$_$1,24,-2.9562849242381617e-05,True,0.1283437500000008
-UuX1xuaiiE$_$1,25,-0.0567042824805647,True,0.4171171874999988
-UuX1xuaiiE$_$1,26,-6.109419103950131e-06,True,0.1604296875000006
-UuX1xuaiiE$_$3,0,-0.0006380537270445,True,0.2907629999999999
-UuX1xuaiiE$_$3,1,-0.0099484554711743,True,0.3069165
-UuX1xuaiiE$_$3,2,-6.653810978534125e-05,True,0.3392235000000001
-UuX1xuaiiE$_$3,3,-0.2231737827231882,True,0.2907630000000001
-UuX1xuaiiE$_$3,4,-0.1228004210630994,True,0.3876839999999999
-UuX1xuaiiE$_$3,5,-0.0007927122222048,True,0.5161534999999997
-UuX1xuaiiE$_$3,6,-0.0023144079893882,True,0.1292280000000003
-UuX1xuaiiE$_$3,7,-0.0890834763289755,True,0.4199909999999995
-UuX1xuaiiE$_$3,8,-0.2653886402476928,True,0.1292280000000003
-UuX1xuaiiE$_$6,0,-7.346239925709597e-06,True,0.2572894736842104
-UuX1xuaiiE$_$6,1,-0.4798733087172877,True,0.2572894736842105
-UuX1xuaiiE$_$6,2,-1.2823016324546188,True,0.096483552631579
-UuX1xuaiiE$_$6,3,-0.0003160468240821,True,0.1286447368421052
-UuX1xuaiiE$_$6,4,-0.0002547185968069,True,0.1929671052631579
-UuX1xuaiiE$_$6,5,-0.0029227115771419,True,0.1286447368421053
-UuX1xuaiiE$_$6,6,-0.0002085471271243,True,0.3216118421052629
-UuX1xuaiiE$_$6,7,-0.0002341498410771,True,0.2572894736842106
-UuX1xuaiiE$_$6,8,-3.3559604122960414,True,0.2572894736842104
-UuX1xuaiiE$_$6,9,-3.597030183755123e-05,True,0.1608059210526318
-UuX1xuaiiE$_$6,10,-0.0006002139612881,True,0.5160805921052631
-UuX1xuaiiE$_$6,11,-0.2352316933611291,True,0.0964835526315792
-UuX1xuaiiE$_$6,12,-0.0005818664756892,True,0.2251282894736839
-UuX1xuaiiE$_$6,13,-0.6001297829268217,True,0.6753848684210526
-UuX1xuaiiE$_$6,14,-0.0056252659282108,True,0.8055312499999996
-UuX1xuaiiE$_$6,15,-0.0182737420072953,True,0.2251282894736839
-UuX1xuaiiE$_$6,16,-0.0111715630434143,True,0.2251282894736848
-UuX1xuaiiE$_$6,17,-0.0004899339571343,True,0.4020148026315784
-UuX1xuaiiE$_$6,18,-0.5669533304850726,True,0.0804029605263156
-UuX1xuaiiE$_$6,19,-0.0005244880308055,True,0.0964835526315797
-UuX1xuaiiE$_$6,20,-0.0285204649632646,True,0.353773026315789
-UuX1xuaiiE$_$6,21,-0.1307403775550483,True,0.353773026315789
-a55Q6RWvTA$_$3,0,-0.0001012229733049,True,0.3044868922351234
-a55Q6RWvTA$_$3,1,-0.0014634486496352,True,0.4166662735849057
-a55Q6RWvTA$_$3,2,-2.4131612163917566,True,0.1602562590711177
-a55Q6RWvTA$_$3,3,-0.0049720852474971,True,0.4006406476777937
-a55Q6RWvTA$_$3,4,-0.0368698582845074,True,0.8173069212626998
-a55Q6RWvTA$_$3,5,-0.0002280911286681,True,0.2884612663280119
-a55Q6RWvTA$_$3,6,-0.0010398706340978,True,0.1602562590711174
-a55Q6RWvTA$_$3,7,-0.0327550091585189,True,0.3846150217706818
-a55Q6RWvTA$_$3,8,-0.0024997796331192,True,0.1282050072568941
-a55Q6RWvTA$_$3,9,-0.0001016454062607,True,0.1602562590711178
-a55Q6RWvTA$_$3,10,-4.899123561870056e-05,True,0.2884612663280119
-a55Q6RWvTA$_$3,11,-0.0001136706313502,True,0.1602562590711174
-a55Q6RWvTA$_$3,12,-0.0002296205642091,True,0.4807687772133522
-a55Q6RWvTA$_$3,13,-0.0152366545977713,True,0.6410250362844714
-a55Q6RWvTA$_$3,14,-3.510591315603051e-05,True,0.1282050072568932
-a55Q6RWvTA$_$3,15,-1.559612384009294e-05,True,0.2083331367924525
-a55Q6RWvTA$_$3,16,-0.2551047395801523,True,0.1762818849782297
-a55Q6RWvTA$_$3,17,-0.0244162263861653,True,0.0961537554426703
-a55Q6RWvTA$_$3,18,-0.0002363795008193,True,0.2243587626995653
-a55Q6RWvTA$_$3,19,-5.684614559076096e-06,True,0.5160256259071119
-a55Q6RWvTA$_$3,20,-1.317220599474922e-05,True,0.288461266328011
-a55Q6RWvTA$_$3,21,-2.5172140405279223e-05,True,0.1923075108853416
-a55Q6RWvTA$_$3,22,-6.129773910856784e-05,True,0.1282050072568941
-a55Q6RWvTA$_$3,23,-0.0009075286704091,True,0.1923075108853407
-a55Q6RWvTA$_$3,24,-0.0004031875296107,True,0.3205125181422357
-a55Q6RWvTA$_$3,25,-9.867751474404133e-06,True,0.3205125181422339
-a55Q6RWvTA$_$3,26,-0.0003305063451729,True,0.1923075108853424
-a55Q6RWvTA$_$3,27,-5.7228981591350704e-05,True,0.3525637699564576
-a55Q6RWvTA$_$3,28,-0.0002176459927341,True,0.2564100145137882
-a55Q6RWvTA$_$3,29,-0.0025354124221858,True,0.3525637699564594
-a55Q6RWvTA$_$3,30,-2.944461252241126e-06,True,0.3205125181422357
-a55Q6RWvTA$_$3,31,-6.067315574398435e-05,True,0.1602562590711169
-a55Q6RWvTA$_$3,32,-1.1428877260577508e-05,True,0.2564100145137882
-a55Q6RWvTA$_$3,33,-0.0015845582882754,True,0.2403843886066763
-a55Q6RWvTA$_$3,34,-0.0019992906331633,True,0.144230633164005
-a55Q6RWvTA$_$3,35,-0.0005623465552835,True,0.2243587626995644
-a55Q6RWvTA$_$3,36,-1.2546514469136127e-05,True,0.1602562590711187
-a55Q6RWvTA$_$3,37,-1.0639245576982148e-05,True,0.2564100145137882
-a55Q6RWvTA$_$3,38,-0.0002339040694702,True,0.1923075108853407
-a55Q6RWvTA$_$3,39,-0.0008577077600306,True,0.5160256259071119
-a55Q6RWvTA$_$3,40,-6.072273295671948e-05,True,0.3205125181422357
-a55Q6RWvTA$_$3,41,-0.0006376115780758,True,0.1923075108853407
-a55Q6RWvTA$_$3,42,-0.0035396726309713,True,0.5160256259071119
-a55Q6RWvTA$_$3,43,-8.03345001827438e-05,True,0.2884612663280119
-a55Q6RWvTA$_$3,44,-0.4857842190067458,True,0.1282050072568932
-a55Q6RWvTA$_$3,45,-2.5609476191827223e-05,True,0.2243587626995662
-a55Q6RWvTA$_$3,46,-0.0005097234751284,True,0.1923075108853407
-a55Q6RWvTA$_$3,47,-0.0021999085754259,True,0.3205125181422357
-a55Q6RWvTA$_$3,48,-0.284579084987854,True,0.0961537554426694
-a55Q6RWvTA$_$3,49,-5.99366132216043e-05,True,0.2243587626995644
-a55Q6RWvTA$_$3,50,-0.0386881762666588,True,0.5448712808418001
-a55Q6RWvTA$_$3,51,-0.000121375828026,True,0.5128200290275764
-a55Q6RWvTA$_$3,52,-0.3632165760041715,True,0.3205125181422339
-a55Q6RWvTA$_$3,53,-0.0420362237709923,True,0.1602562590711187
-a55Q6RWvTA$_$3,54,-0.0002173410258194,True,0.3205125181422339
-a55Q6RWvTA$_$3,55,-0.6724437241353627,True,0.2243587626995662
-a55Q6RWvTA$_$3,56,-4.461609780780464,True,0.0641025036284475
-a55Q6RWvTA$_$3,57,-0.0019593088544146,True,0.1923075108853389
-a55Q6RWvTA$_$3,58,-0.0005579281195108,True,0.5160256259071119
-a55Q6RWvTA$_$3,59,-0.1286555417927957,True,0.2243587626995626
-a55Q6RWvTA$_$3,60,-0.0114313080331385,True,0.0961537554426712
-a55Q6RWvTA$_$3,61,-0.0005164584651808,True,0.6410250362844714
-a55Q6RWvTA$_$3,62,-6.63915436227569e-05,True,0.3525637699564576
-a55Q6RWvTA$_$3,63,-3.259439681535525e-05,True,0.5160256259071119
-a55Q6RWvTA$_$3,64,-0.3688742299034565,True,0.4166662735849051
-aNfi7CP8vM$_$7,0,-1.9773235512980136,True,0.5160482847744361
-aNfi7CP8vM$_$7,1,-0.0012605721744876,True,0.1283862781954885
-aNfi7CP8vM$_$7,2,-6.013754273226368e-05,True,0.1604828477443609
-aNfi7CP8vM$_$7,3,-0.000178610917267,True,0.2246759868421053
-aNfi7CP8vM$_$7,4,-4.114297146410687e-05,True,0.1925794172932331
-aNfi7CP8vM$_$7,5,-0.0001248868835372,True,0.5160482847744361
-aNfi7CP8vM$_$7,6,-0.1450601480057784,True,0.8987039473684209
-aNfi7CP8vM$_$7,7,-0.0488701448069704,True,0.6444345629699244
-aNfi7CP8vM$_$7,8,-0.0677657333403658,True,0.0962897086466174
-aNfi7CP8vM$_$7,9,-0.0010396598459695,True,0.4814485432330819
-aNfi7CP8vM$_$7,10,-0.0032326985922068,True,0.2567725563909775
-aNfi7CP8vM$_$7,11,-0.0226252848581225,True,0.1604828477443618
-aNfi7CP8vM$_$7,12,-5.433842295838745e-05,True,0.5160482847744365
-aNfi7CP8vM$_$7,13,-3.790676259995962e-05,True,0.16048284774436
-aNfi7CP8vM$_$7,14,-0.000117404285811,True,0.16048284774436
-aNfi7CP8vM$_$7,15,-3.0863610985439514e-05,True,0.3851588345864662
-aNfi7CP8vM$_$7,16,-7.3368017567077e-05,True,0.2567725563909775
-aNfi7CP8vM$_$7,17,-8.674378149667714e-05,True,0.2246759868421062
-aqamKhZ1Ec$_$0,0,-0.0001240051629536,True,0.5160622234513275
-aqamKhZ1Ec$_$0,1,-7.458146446814551,False,
-aqamKhZ1Ec$_$0,2,-0.0229793308288208,True,0.1606222345132741
-aqamKhZ1Ec$_$0,3,-0.0113185839591096,True,0.1284977876106192
-aqamKhZ1Ec$_$0,4,-0.0026604204828117,True,0.2569955752212389
-aqamKhZ1Ec$_$0,5,-0.0001584953326645,True,0.3854933628318586
-aqamKhZ1Ec$_$0,6,-0.0375501728570633,True,0.7870489491150439
-aqamKhZ1Ec$_$0,7,-0.0806005575423101,True,0.7067378318584074
-aqamKhZ1Ec$_$0,8,-0.0062493635081182,True,0.2409333517699119
-aqamKhZ1Ec$_$0,9,-0.4657337179673012,True,0.7569955752212394
-aqamKhZ1Ec$_$0,10,-0.3323023220575428,True,0.5160622234513284
-aqamKhZ1Ec$_$0,11,-9.42973639007268e-05,True,0.4176178097345122
-aqamKhZ1Ec$_$0,12,-0.0060397189801652,True,0.4818667035398221
-aqamKhZ1Ec$_$0,13,-0.0026906292433007,True,0.4015555862831874
-dxfTGcXJoc$_$0,0,-2.026553509892892e-06,True,0.3364347527472527
-dxfTGcXJoc$_$0,1,-8.017160404278911e-05,True,0.1602070251177393
-dxfTGcXJoc$_$0,2,-0.0001567323586627,True,0.1281656200941916
-dxfTGcXJoc$_$0,3,-0.0002797088053044,True,0.5607245879120879
-dxfTGcXJoc$_$0,4,-0.9005788772344834,True,0.4325589678178962
-dxfTGcXJoc$_$0,5,,False,
-dxfTGcXJoc$_$0,6,-1.3027700226205872e-05,True,0.5160207025117738
-dxfTGcXJoc$_$0,7,-0.0360327485180384,True,0.6087866954474102
-dxfTGcXJoc$_$0,8,-4.303480447731545e-05,True,0.5160207025117733
-dxfTGcXJoc$_$0,9,-1.5571261634761413e-05,True,0.2242898351648357
-dxfTGcXJoc$_$0,10,-0.0002459979135316,True,0.352455455259026
-dxfTGcXJoc$_$0,11,-0.0001336089752044,True,0.1922484301412872
-dxfTGcXJoc$_$0,12,-0.000137016351814,True,0.3844968602825744
-dxfTGcXJoc$_$0,13,-6.522111678937866e-05,True,0.1922484301412881
-dxfTGcXJoc$_$0,14,-0.0001400950644869,True,0.2242898351648348
-dxfTGcXJoc$_$0,15,-2.4053200266504384,True,0.8651179356357925
-dxfTGcXJoc$_$0,16,-0.4667725424485222,True,1.1855319858712718
-dxfTGcXJoc$_$0,17,-6.655802347192245e-06,True,0.2242898351648357
-dxfTGcXJoc$_$0,18,-1.2397011255026136,True,0.7369523155416005
-dxfTGcXJoc$_$0,19,-0.0216383373436481,True,0.4806210753532198
-dxfTGcXJoc$_$0,20,-5.988444620186328e-06,True,0.5160207025117742
-dxfTGcXJoc$_$0,21,-3.7055461202076655e-05,True,0.2242898351648339
-dxfTGcXJoc$_$0,22,-0.0004158152135621,True,0.1922484301412872
-dxfTGcXJoc$_$0,23,-0.1769645637783422,True,0.7049109105180538
-dxfTGcXJoc$_$0,24,-0.0017714918511606,True,0.4485796703296714
-dxfTGcXJoc$_$0,25,-3.19026063613543e-05,True,0.4806210753532163
-dxfTGcXJoc$_$0,26,-6.055116043057751e-05,True,0.1922484301412872
-dxfTGcXJoc$_$0,27,-0.0002406666741299,True,0.2242898351648357
-dxfTGcXJoc$_$0,28,-2.193384705151402e-05,True,0.1922484301412872
-dxfTGcXJoc$_$0,29,-7.297682603026243e-05,True,0.4485796703296714
-dxfTGcXJoc$_$0,30,-1.6631327127925033e-05,True,0.5160207025117742
-dxfTGcXJoc$_$0,31,-0.0067025533403562,True,0.5607245879120875
-dxfTGcXJoc$_$0,32,-0.0012856142320661,True,0.2082691326530614
-dxfTGcXJoc$_$0,33,-0.3622347637107024,True,1.377780416012559
-dxfTGcXJoc$_$0,34,-6.506178404682335e-05,True,0.1922484301412872
-dxfTGcXJoc$_$0,35,-0.1738170496098516,True,0.9292007456828876
-dxfTGcXJoc$_$0,36,-2.269867887656168e-05,True,0.4806210753532198
-dxfTGcXJoc$_$0,37,-0.7612355859498107,True,1.0413456632653038
-dxfTGcXJoc$_$0,38,-0.0035198405366827,True,0.1441863226059681
-dxfTGcXJoc$_$0,39,-6.258451882956706e-06,True,0.1281656200941903
-dxfTGcXJoc$_$0,40,-0.000412775991339,True,0.7082691326530615
-dxfTGcXJoc$_$1,0,-4.276562642644421e-05,True,0.304344375
-dxfTGcXJoc$_$1,1,-0.0007561061633207,True,0.1601812499999999
-dxfTGcXJoc$_$1,2,-0.0034294245554823,True,0.2723081250000001
-dxfTGcXJoc$_$1,3,-0.0007428269588132,True,0.2082356249999999
-dxfTGcXJoc$_$1,4,-0.018579274746412,True,0.3203625000000001
-dxfTGcXJoc$_$1,5,-1.5264415159421674e-05,True,0.516018125
-dxfTGcXJoc$_$1,6,-0.0037550003320774,True,0.3523987500000003
-dxfTGcXJoc$_$1,7,-0.0511227762877225,True,0.6086887499999998
-dxfTGcXJoc$_$1,8,-0.0041581069185951,True,0.3523987499999998
-dxfTGcXJoc$_$1,9,-0.000348857603309,True,0.2883262500000003
-dxfTGcXJoc$_$1,10,-3.2981097177753327e-06,True,0.2883262499999994
-dxfTGcXJoc$_$1,11,-0.0186162619004658,True,0.6407249999999998
-dxfTGcXJoc$_$1,12,-1.271592521796408,True,0.6086887500000007
-dxfTGcXJoc$_$1,13,-0.2887196811365129,True,0.5125799999999998
-dxfTGcXJoc$_$1,14,-0.0539850367531453,True,0.1281449999999999
-dxfTGcXJoc$_$1,15,-0.029367719998319,True,0.8009062500000006
-dxfTGcXJoc$_$1,16,-0.0019914719383199,True,0.4805437500000007
-dxfTGcXJoc$_$1,17,-0.000335549888892,True,0.224253749999999
-dxfTGcXJoc$_$1,18,-2.4526564874787044e-05,True,0.4164712500000007
-dxfTGcXJoc$_$1,19,-1.147335884921219e-05,True,0.5160181250000004
-dxfTGcXJoc$_$1,20,-0.0019466551682339,True,0.1922174999999999
-dxfTGcXJoc$_$1,21,-0.0065751126966233,True,0.4965618750000011
-dxfTGcXJoc$_$1,22,-0.0234547378495011,True,0.5926706249999985
-dxfTGcXJoc$_$1,23,-0.0582962530124083,True,0.816924375000001
-dxfTGcXJoc$_$1,24,-0.0083379224281732,True,0.4645256250000003
-dxfTGcXJoc$_$1,25,-2.412473356581385e-05,True,0.5160181250000004
-dxfTGcXJoc$_$1,26,-0.0069587732123954,True,0.2883262500000008
-dxfTGcXJoc$_$1,27,-0.0003638291440382,True,0.352398749999999
-dxfTGcXJoc$_$1,28,-0.0003825311438987,True,0.1922175000000017
-dxfTGcXJoc$_$1,29,-0.0002517587887949,True,0.2562899999999999
-dxfTGcXJoc$_$1,30,-0.0007631909837905,True,0.6086887499999989
-dxfTGcXJoc$_$1,31,-0.0039924844834874,True,0.4485074999999998
-dxfTGcXJoc$_$1,32,-0.0003518402840967,True,0.1922174999999999
-dxfTGcXJoc$_$1,33,-1.4713176319958166e-05,True,0.1922175000000017
-dxfTGcXJoc$_$1,34,-7.287222726167404e-05,True,0.3844349999999998
-dxfTGcXJoc$_$1,35,-3.5995271658606495e-05,True,0.3363806250000003
-dxfTGcXJoc$_$2,0,-0.0001460862425264,True,0.2724125120423892
-dxfTGcXJoc$_$2,1,-0.0085318774862102,True,0.6730191473988438
-dxfTGcXJoc$_$2,2,-0.003468048799763,True,0.5928978203275528
-dxfTGcXJoc$_$2,3,-0.4037351905811287,True,0.9647036970134876
-dxfTGcXJoc$_$2,4,-0.3439439009124558,True,0.5768735549132948
-dxfTGcXJoc$_$2,5,-0.0074042091777942,True,0.964703697013488
-dxfTGcXJoc$_$2,6,-0.0039471794520361,True,0.2243397157996138
-dxfTGcXJoc$_$2,7,-0.0027475308008921,True,0.5160242654142584
-dxfTGcXJoc$_$2,8,-0.030667149171302,True,0.7210919436416185
-dxfTGcXJoc$_$2,9,-0.021696903868894,True,0.464703697013487
-dxfTGcXJoc$_$2,10,-0.0003414988021849,True,0.1922911849710988
-dxfTGcXJoc$_$2,11,-0.0002729017905949,True,0.1922911849710971
-dxfTGcXJoc$_$2,12,-9.993599178415025e-06,True,0.1922911849710988
-dxfTGcXJoc$_$2,13,-0.0002165091840605,True,0.6730191473988434
-dxfTGcXJoc$_$2,14,-0.0013790691511079,True,0.3845823699421977
-dxfTGcXJoc$_$2,15,-0.0016247598692302,True,0.2243397157996138
-dxfTGcXJoc$_$2,16,-0.0012461930547323,True,0.2563882466281324
-dxfTGcXJoc$_$2,17,-2.3529043044184417,True,0.2884367774566456
-dxfTGcXJoc$_$2,18,-0.0054481414171259,True,0.6249463511560691
-dxfTGcXJoc$_$2,19,-0.0572157068404995,True,0.1762669195568413
-dxfTGcXJoc$_$2,20,-0.00021737284668,True,0.1922911849710971
-dxfTGcXJoc$_$2,21,-7.309613431313469e-05,True,0.4486794315992295
-dxfTGcXJoc$_$2,22,-0.0003211537156554,True,0.1922911849710988
-dxfTGcXJoc$_$2,23,-0.0141915174541373,True,0.3525338391136792
-dxfTGcXJoc$_$2,24,-6.346163590933429e-05,True,0.1922911849710971
-dxfTGcXJoc$_$2,25,-0.0005567956789057,True,0.8685581045279367
-dxfTGcXJoc$_$2,26,-1.469929174868767e-05,True,0.5127764932562631
-dxfTGcXJoc$_$2,27,-0.0002536015441923,True,0.1602426541425821
-dxfTGcXJoc$_$2,28,-1.2382547437184144e-05,True,0.2563882466281306
-dxfTGcXJoc$_$2,29,-7.673906855298895e-06,True,0.5160242654142575
-dxfTGcXJoc$_$2,30,-8.281934316574262e-05,True,0.3845823699421977
-dxfTGcXJoc$_$2,31,-8.602851412575774e-06,True,0.2243397157996121
-dxfTGcXJoc$_$2,32,-7.67402661594474e-06,True,0.5160242654142593
-dxfTGcXJoc$_$2,33,-0.0018276443768679,True,0.964703697013487
-dxfTGcXJoc$_$6,0,-0.0103835700479108,True,0.7051411802030458
-dxfTGcXJoc$_$6,1,-0.0113924127452495,True,0.7211671161167512
-dxfTGcXJoc$_$6,2,-9.732258475736444e-05,True,0.2564149746192894
-dxfTGcXJoc$_$6,3,-0.0009177113348055,True,0.1602593591370558
-dxfTGcXJoc$_$6,4,-0.0051438699765836,True,0.5288558851522844
-dxfTGcXJoc$_$6,5,-0.0470981588013002,True,0.4006483978426396
-dxfTGcXJoc$_$6,6,-0.0457373153171558,True,0.7051411802030456
-dxfTGcXJoc$_$6,7,-0.0035382965184191,True,0.4807780774111676
-dxfTGcXJoc$_$6,8,-3.121760976387833e-06,True,0.5160259359137056
-dxfTGcXJoc$_$6,9,-0.0002195491507199,True,0.2243631027918784
-dxfTGcXJoc$_$6,10,-0.0095085113792125,True,0.448726205583756
-dxfTGcXJoc$_$6,11,-0.0029983622487499,True,0.320518718274112
-dxfTGcXJoc$_$6,12,-1.3605821333076814e-05,True,0.448726205583756
-dxfTGcXJoc$_$6,13,-0.0423130690570436,True,0.2564149746192896
-dxfTGcXJoc$_$6,14,-0.0008303070403428,True,0.3525705901015232
-dxfTGcXJoc$_$6,15,-0.0976179505060676,True,0.68911524428934
-dxfTGcXJoc$_$6,16,-0.0216336686380916,True,0.5609077569796961
-dxfTGcXJoc$_$6,17,-0.0001482595257566,True,0.1282074873096448
-dxfTGcXJoc$_$6,18,-0.0029092546042884,True,0.7083371668781702
-dxfTGcXJoc$_$6,19,-5.086209850130925e-06,True,0.2884668464467026
-dxfTGcXJoc$_$6,20,-0.0002137530199624,True,0.2564149746192896
-dxfTGcXJoc$_$6,21,-0.0016223165927428,True,0.288466846446699
-dxfTGcXJoc$_$6,22,-2.4305832617053305e-05,True,0.352570590101525
-dxfTGcXJoc$_$6,23,-0.0001318037247983,True,0.1282074873096448
-dxfTGcXJoc$_$6,24,-0.3237361773635007,True,0.4166743337563439
-dxfTGcXJoc$_$6,25,-9.548404214262024e-05,True,0.2243631027918766
-dxfTGcXJoc$_$6,26,-9.84487151941614e-06,True,0.5160259359137065
-egA8-b7-3M$_$1,0,-0.0031897685275907,True,0.2892602848101265
-egA8-b7-3M$_$1,1,-0.0379052994813235,True,0.5160700158227849
-egA8-b7-3M$_$1,2,-0.0001114659182708,True,0.4178204113924049
-egA8-b7-3M$_$1,3,-0.0077679366790327,True,0.321400316455696
-egA8-b7-3M$_$1,4,-0.009123981434487,True,0.6267306170886076
-egA8-b7-3M$_$1,5,-0.0181563304502816,True,0.2410502373417724
-egA8-b7-3M$_$1,6,-0.0004860850240788,True,0.5463805379746836
-egA8-b7-3M$_$1,7,-2.2335763755876314e-05,True,0.2571202531645569
-egA8-b7-3M$_$1,8,-0.0004512398703164,True,0.5160700158227849
-egA8-b7-3M$_$1,9,-3.3245434155747926,True,1.0284810126582276
-egA8-b7-3M$_$1,10,-3.639309573699734e-05,True,0.5160700158227849
-egA8-b7-3M$_$1,11,-0.7966817402832963,True,0.4499604430379742
-egA8-b7-3M$_$1,12,-0.3629094614725647,True,0.482100474683544
-egA8-b7-3M$_$1,13,-0.0002168587416164,True,0.1285601265822791
-egA8-b7-3M$_$1,14,-0.000480761004951,True,0.2249802215189866
-egA8-b7-3M$_$1,15,-0.0002015715153715,True,0.2571202531645573
-egA8-b7-3M$_$1,16,-3.2988435709313535e-05,True,0.2571202531645573
-egA8-b7-3M$_$1,17,-0.0112228283970144,True,0.3696103639240498
-egA8-b7-3M$_$1,18,-0.1583506264377661,True,0.2410502373417742
-egA8-b7-3M$_$1,19,-0.1616346080679079,True,0.67494066455696
-egA8-b7-3M$_$13,0,-1.6463494877901514e-05,True,0.289719
-egA8-b7-3M$_$13,1,-0.0461747641388683,True,0.128764
-egA8-b7-3M$_$13,2,-0.0062739625489484,True,0.1287640000000001
-egA8-b7-3M$_$13,3,-0.000831938445529,True,0.1609549999999999
-egA8-b7-3M$_$13,4,-0.1267601272022217,True,0.3862920000000001
-egA8-b7-3M$_$13,5,-0.0104038580994938,True,0.1287640000000001
-egA8-b7-3M$_$13,6,-0.0003401597181857,True,0.5160954999999996
-egA8-b7-3M$_$13,7,-4.315716920425909e-05,True,0.3541010000000004
-egA8-b7-3M$_$13,8,-0.0029998037124414,True,0.1287639999999998
-egA8-b7-3M$_$13,9,-0.0021492914519664,True,0.193146
-egA8-b7-3M$_$13,10,-2.369271282276486e-06,True,0.2897189999999998
-egA8-b7-3M$_$16,0,-3.190191294777378e-05,True,0.2580235294117647
-egA8-b7-3M$_$16,1,-4.6723444902418976e-05,True,0.5161264705882351
-egA8-b7-3M$_$16,2,-1.6855647481861523e-05,True,0.2902764705882354
-egA8-b7-3M$_$16,3,-0.0012618973833014,True,0.225770588235294
-egA8-b7-3M$_$16,4,-8.106096467486168e-05,True,0.4192882352941178
-egA8-b7-3M$_$16,5,-8.725313216473296e-05,True,0.5805529411764705
-egA8-b7-3M$_$16,6,-6.27943049712106e-05,True,0.225770588235294
-egA8-b7-3M$_$16,7,-0.0649758247259721,True,0.5805529411764705
-egA8-b7-3M$_$16,8,-8.290114214896487e-05,True,0.1935176470588238
-egA8-b7-3M$_$16,9,-0.0042084714693869,True,0.6450588235294124
-egA8-b7-3M$_$16,10,-0.0132967686900272,True,0.5160470588235286
-egA8-b7-3M$_$17,0,-7.617339525012312e-06,True,0.3371046380090497
-egA8-b7-3M$_$17,1,-0.0001791248712379,True,0.1605260180995475
-egA8-b7-3M$_$17,2,-0.0001539513202715,True,0.1605260180995475
-egA8-b7-3M$_$17,3,-0.0001005816779198,True,0.2568416289592761
-egA8-b7-3M$_$17,4,-3.4240477309192365e-05,True,0.3531572398190044
-egA8-b7-3M$_$17,5,-5.799010758230051e-06,True,0.5160526018099549
-egA8-b7-3M$_$17,6,-0.0006687042126941,True,0.1605260180995475
-egA8-b7-3M$_$17,7,-1.0353973573882873e-05,True,0.2247364253393664
-egA8-b7-3M$_$17,8,-6.18844343298619e-05,True,0.2889468325791853
-egA8-b7-3M$_$17,9,-4.7078458223655145e-05,True,0.8049994343891411
-egA8-b7-3M$_$17,10,-0.0270365930908917,True,0.516052601809954
-egA8-b7-3M$_$17,11,-2.4347985572603648e-05,True,0.1605260180995475
-egA8-b7-3M$_$17,12,-0.0011045683769073,True,0.1605260180995475
-egA8-b7-3M$_$17,13,-0.0002497913361594,True,0.1605260180995475
-egA8-b7-3M$_$17,14,-0.000434824597729,True,0.2247364253393664
-egA8-b7-3M$_$17,15,-5.333857994097949e-05,True,0.2247364253393664
-egA8-b7-3M$_$18,0,-0.0001207791064095,True,0.2733787694552529
-egA8-b7-3M$_$18,1,-4.582883506663941e-05,True,0.5467575389105058
-egA8-b7-3M$_$18,2,-0.0117220267559143,True,0.3859464980544747
-egA8-b7-3M$_$18,3,-7.491081533268178e-05,True,0.4502709143968872
-egA8-b7-3M$_$18,4,-0.000482258375956,True,0.2572976653696499
-egA8-b7-3M$_$18,5,-1.8059513546830885e-05,True,0.289459873540856
-egA8-b7-3M$_$18,6,-0.0010664063732903,True,0.1608110408560312
-egA8-b7-3M$_$18,7,-7.505544514666933e-05,True,0.1608110408560312
-egA8-b7-3M$_$18,8,-0.0128318158866624,True,0.7236496838521398
-egA8-b7-3M$_$18,9,-5.6938484760013016e-06,True,0.516081104085603
-egA8-b7-3M$_$18,10,-0.0438203414788762,True,0.4341898103112838
-egA8-b7-3M$_$18,11,-0.0205004733259556,True,0.1447299367704282
-egA8-b7-3M$_$18,12,-8.085128316300445e-05,True,0.1929732490272373
-egA8-b7-3M$_$18,13,-0.0002054774432966,True,0.3859464980544747
-egA8-b7-3M$_$18,14,-0.0340399448189137,True,0.2572976653696495
-egA8-b7-3M$_$18,15,-5.443217431159534e-05,True,0.1929732490272382
-egA8-b7-3M$_$18,16,-8.306982224315362e-06,True,0.516081104085603
-egA8-b7-3M$_$18,17,-5.39782173139732e-05,True,0.1929732490272373
-egA8-b7-3M$_$18,18,-0.0099098727913542,True,0.2251354571984434
-egA8-b7-3M$_$18,19,-0.0004535455955192,True,0.0964866245136191
-egA8-b7-3M$_$18,20,-0.000239822415132,True,0.3859464980544747
-egA8-b7-3M$_$18,21,-0.0002746790156379,True,0.3216220817120625
-egA8-b7-3M$_$20,0,-4.3137819614003095e-05,True,0.3060057524875622
-egA8-b7-3M$_$20,1,-0.0101131936307581,True,0.2899001865671641
-egA8-b7-3M$_$20,2,-0.000162629438817,True,0.128844527363184
-egA8-b7-3M$_$20,3,-0.0002216575074006,True,0.1610556592039801
-egA8-b7-3M$_$20,4,-6.992745703282566e-05,True,0.2899001865671642
-egA8-b7-3M$_$20,5,-0.000149124910223,True,0.2254779228855721
-egA8-b7-3M$_$20,6,-0.005647669630207,True,0.1288445273631842
-egA8-b7-3M$_$20,7,-5.120993596392509e-05,True,0.1932667910447758
-egA8-b7-3M$_$20,8,-0.0093634262989285,True,0.4348502798507465
-egA8-b7-3M$_$20,9,-0.0098921477930844,True,0.1771612251243777
-egA8-b7-3M$_$20,10,-1.2934069332004585e-05,True,0.1288445273631842
-egA8-b7-3M$_$20,11,-0.0001675924014345,True,0.3543224502487563
-egA8-b7-3M$_$20,12,-1.6196959060554198e-05,True,0.5161055659203981
-egA8-b7-3M$_$20,13,-0.0001169945908069,True,0.1932667910447758
-egA8-b7-3M$_$20,14,-3.433141121907587e-05,True,0.1932667910447758
-egA8-b7-3M$_$20,15,-0.0001433703985718,True,0.2576890547263684
-egA8-b7-3M$_$20,16,-0.00045892037845,True,0.4670614116915423
-egA8-b7-3M$_$20,17,-0.0352775164171058,True,0.2093723569651739
-egA8-b7-3M$_$20,18,-0.0015366441902339,True,0.1610556592039804
-egA8-b7-3M$_$20,19,-0.0239563339146116,True,0.3704280161691544
-egA8-b7-3M$_$26,0,-0.1750298155563376,True,0.3700351562499999
-egA8-b7-3M$_$26,1,-0.4294039127831378,True,0.450477581521739
-egA8-b7-3M$_$26,2,-0.9143127721904988,True,0.1287078804347827
-egA8-b7-3M$_$26,3,-0.0007824962366764,True,0.1930618206521739
-egA8-b7-3M$_$26,4,-0.0003004087543239,True,0.2252387907608695
-egA8-b7-3M$_$26,5,-0.0001078612476206,True,0.1608848505434783
-egA8-b7-3M$_$26,6,-5.083844971874014e-06,True,0.5160884850543481
-egA8-b7-3M$_$26,7,-4.058830622000187e-05,True,0.1930618206521739
-egA8-b7-3M$_$26,8,-3.341549707632415e-05,True,0.3861236413043478
-egA8-b7-3M$_$26,9,-3.684395066443358e-05,True,0.3539466711956516
-egA8-b7-3M$_$26,10,-0.0003224443253676,True,0.1930618206521739
-egA8-b7-3M$_$26,11,-0.0003995609296467,True,0.611362432065218
-egA8-b7-3M$_$26,12,-0.0005382897248532,True,0.2252387907608692
-egA8-b7-3M$_$26,13,-0.0002790781832011,True,0.1608848505434785
-egA8-b7-3M$_$26,14,-0.8170705684272619,True,0.5470084918478255
-egA8-b7-3M$_$6,0,-3.0298900549989107e-06,True,0.3542415364583333
-egA8-b7-3M$_$6,1,-0.000122469643849,True,0.8050944010416666
-egA8-b7-3M$_$6,2,-0.0001469433054808,True,0.1932226562500001
-egA8-b7-3M$_$6,3,-0.044138953127549,True,0.1288151041666667
-egA8-b7-3M$_$6,4,-8.181584416888654e-05,True,0.1932226562499996
-egA8-b7-3M$_$6,5,-2.7571147409588548e-05,True,0.5161018880208332
-egA8-b7-3M$_$6,6,-3.762521321171164e-06,True,0.4830566406250001
-egA8-b7-3M$_$6,7,-0.0033931671474505,True,0.4508528645833336
-egA8-b7-3M$_$6,8,-0.0001599624868475,True,0.257630208333333
-egA8-b7-3M$_$6,9,-0.0004423719913736,True,0.2254264322916666
-egA8-b7-3M$_$6,10,-0.0007472929390676,True,0.5796679687499999
-egA8-b7-3M$_$6,11,-1.136740237340077,True,0.515260416666667
-egA8-b7-3M$_$9,0,-0.0015158881973775,True,0.661376225490196
-egA8-b7-3M$_$9,1,-0.000121500417333,True,0.451671568627451
-egA8-b7-3M$_$9,2,-0.0001958332546487,True,0.4355404411764705
-egA8-b7-3M$_$9,3,-0.0559406355023384,True,0.0806556372549018
-egA8-b7-3M$_$9,4,-0.0001362742816451,True,0.5807205882352937
-egA8-b7-3M$_$9,5,-5.285190774628745e-05,True,0.2258357843137259
-egA8-b7-3M$_$9,6,-1.3887343412714396e-05,True,0.225835784313725
-egA8-b7-3M$_$9,7,-3.136720883795923e-05,True,0.4194093137254904
-egA8-b7-3M$_$9,8,-1.528210327421675e-05,True,0.1935735294117644
-egA8-b7-3M$_$9,9,-0.000181895149897,True,0.5161311274509801
-hnBHBN8p5A$_$6,0,-1.0013528935814977e-05,True,0.1607312817258883
-hnBHBN8p5A$_$6,1,-10.827870666794295,False,
-hnBHBN8p5A$_$6,2,-2.484355997485428,True,0.1607312817258883
-hnBHBN8p5A$_$6,3,-3.728742061637481,True,0.192877538071066
-hnBHBN8p5A$_$6,4,-1.7764833227199384,True,0.4500475888324873
-hnBHBN8p5A$_$6,5,-1.3766221842989552,True,0.3214625634517767
-hnBHBN8p5A$_$6,6,-1.0683070098341676,True,0.482193845177665
-hnBHBN8p5A$_$6,7,-1.5105734299868343,True,0.0642925126903553
-hnBHBN8p5A$_$6,8,-10.364577383971968,False,
-hnBHBN8p5A$_$6,9,-1.0873750448221566,True,0.516073128172589
-hnBHBN8p5A$_$6,10,-3.038161203547816,True,0.1285850253807101
-hnBHBN8p5A$_$6,11,-5.98278331104666,False,
-hnBHBN8p5A$_$6,12,-3.274895935426381,True,0.2250237944162432
-hnBHBN8p5A$_$7,0,-2.601038102715989,True,0.5160981552863437
-hnBHBN8p5A$_$7,1,-1.0199413033027938,True,0.5160981552863437
-hnBHBN8p5A$_$7,2,-0.0007262008616112,True,0.3863557268722464
-hnBHBN8p5A$_$7,3,-5.857595324122258,False,
-hnBHBN8p5A$_$7,4,-5.92114795949783e-05,True,0.1609815528634364
-hnBHBN8p5A$_$7,5,-1.9713411306748867,True,0.3863557268722459
-hnBHBN8p5A$_$7,6,-3.30436459744193,True,0.7405151431718071
-hnBHBN8p5A$_$7,7,-1.0381014440468803,True,1.030281938325991
-hnBHBN8p5A$_$7,8,-5.706080673917313e-06,True,0.5151409691629949
-hnBHBN8p5A$_$7,9,-4.09447019658425,True,0.0965889317180623
-hnBHBN8p5A$_$7,10,-8.815090894699097,False,
-hnBHBN8p5A$_$7,11,-10.444333861884692,False,
-hnBHBN8p5A$_$7,12,-10.432329818911969,False,
-iRBcNs9oI8$_$3,0,-0.1748939821084736,True,0.5160995639534884
-iRBcNs9oI8$_$3,1,-3.48808775341482,True,0.3541904069767438
-iRBcNs9oI8$_$3,2,-1.5193437994628454,True,0.2575930232558141
-iRBcNs9oI8$_$3,3,-7.179326117038723,False,
-iRBcNs9oI8$_$3,4,-0.0021653060621247,True,0.0965973837209301
-iRBcNs9oI8$_$3,5,-4.1793342289756765,True,0.2575930232558141
-iRBcNs9oI8$_$3,6,-3.214719232137059,True,0.3541904069767438
-iRBcNs9oI8$_$3,7,-1.267811142909674,True,0.321991279069767
-iRBcNs9oI8$_$6,0,-1.5093383335932868,True,0.291769396551724
-iRBcNs9oI8$_$6,1,-4.854808784282795,True,0.1296752873563218
-iRBcNs9oI8$_$6,2,-5.002461001120537,False,
-iRBcNs9oI8$_$6,3,-0.7024784852510683,True,0.3890258620689656
-iRBcNs9oI8$_$6,4,-14.70002626436326,False,
-iRBcNs9oI8$_$7,0,-1.5497172967116055e-06,True,0.1292177419354839
-iRBcNs9oI8$_$7,1,-5.625026792270148,False,
-iRBcNs9oI8$_$7,2,-2.84268646374785,True,0.5484566532258064
-iRBcNs9oI8$_$7,3,-13.602848052978516,False,
-iRBcNs9oI8$_$7,4,-11.931389033794376,False,
-iRBcNs9oI8$_$7,5,-2.71582833924298,True,0.193826612903226
-iRBcNs9oI8$_$7,6,-4.482240818504124e-06,True,0.1938266129032255
-iRBcNs9oI8$_$7,7,-0.0048811178592586,True,0.1615221774193549
-iRBcNs9oI8$_$7,8,-5.177920175192384,False,
-iRBcNs9oI8$_$8,0,-2.0298943063903487,True,0.6444691249999996
-iRBcNs9oI8$_$8,1,-10.985290288925084,False,
-iRBcNs9oI8$_$8,2,-2.2827466064481974,True,0.3210424999999999
-iRBcNs9oI8$_$8,3,-3.020568109532703,True,0.3210425000000008
-iRBcNs9oI8$_$8,4,-6.59442139578914e-05,True,0.1605212499999995
-iRBcNs9oI8$_$8,5,-11.256928145882853,False,
-iRBcNs9oI8$_$8,6,-2.208471029996817,True,0.2568339999999995
-iRBcNs9oI8$_$8,7,-10.494726419448796,False,
-iRBcNs9oI8$_$8,8,-13.920258363087934,False,
-iRBcNs9oI8$_$8,9,-3.151714239801661,True,0.2247297499999998
-iRBcNs9oI8$_$8,10,-2.6149838864765647,True,0.2568339999999995
-iRBcNs9oI8$_$8,11,-12.775994539260807,False,
-iRBcNs9oI8$_$8,12,-10.084500372409815,False,
-iRBcNs9oI8$_$8,13,-11.827093124389648,False,
-iRBcNs9oI8$_$8,14,-0.0007938066844275,True,0.1605212500000004
-iRBcNs9oI8$_$8,15,-5.723490420103839,False,
-iRBcNs9oI8$_$8,16,-9.68161785601857,False,
-iRBcNs9oI8$_$8,17,-8.884303867803737,False,
-iRBcNs9oI8$_$8,18,-2.841648737217572,True,0.1926255000000001
-iRBcNs9oI8$_$8,19,-4.69415134238298,True,0.1926255000000001
-iRBcNs9oI8$_$8,20,-9.813540994773575,False,
-iRBcNs9oI8$_$9,0,-1.2325622626008224e-05,True,0.516221454326923
-iRBcNs9oI8$_$9,1,-1.5928723851101836,True,0.516221454326923
-iRBcNs9oI8$_$9,2,-2.6998949074348517,True,0.2919861778846155
-iRBcNs9oI8$_$9,3,-2.251726692116386e-06,True,0.3244290865384611
-iRBcNs9oI8$_$9,4,-7.247860996055048e-06,True,0.516221454326923
-lzEya4AM_4$_$5,0,-0.0641492053333839,True,0.2726370497881355
-lzEya4AM_4$_$5,1,-0.0001040000988723,True,0.0962248411016949
-lzEya4AM_4$_$5,2,-0.0002224214434868,True,0.3207494703389829
-lzEya4AM_4$_$5,3,-0.0012329640147399,True,0.2565995762711863
-lzEya4AM_4$_$5,4,-0.0022138175863801,True,0.1282997881355934
-lzEya4AM_4$_$5,5,-1.0678281481614815,True,0.2565995762711863
-lzEya4AM_4$_$5,6,-0.0003172970508984,True,0.2245246292372882
-lzEya4AM_4$_$5,7,-0.0004621855831317,True,0.1924496822033896
-lzEya4AM_4$_$5,8,-2.1039643854692255e-05,True,0.1603747351694915
-lzEya4AM_4$_$5,9,-0.0455926264840652,True,0.6735738877118642
-lzEya4AM_4$_$5,10,-0.0012085927054644,True,0.9490492584745756
-lzEya4AM_4$_$5,11,-0.1000641919099516,True,0.772637049788135
-lzEya4AM_4$_$5,12,-0.0034962061686201,True,0.1282997881355934
-lzEya4AM_4$_$5,13,-0.0186582034726982,True,0.4811242055084745
-lzEya4AM_4$_$5,14,-0.0011267667487615,True,0.320749470338983
-lzEya4AM_4$_$5,15,-0.0003013424918663,True,0.1282997881355934
-lzEya4AM_4$_$5,16,-0.0019550417388245,True,0.1282997881355934
-lzEya4AM_4$_$5,17,-0.0002012657302429,True,0.1603747351694906
-lzEya4AM_4$_$5,18,-4.153216439460396e-05,True,0.2245246292372886
-lzEya4AM_4$_$6,0,-0.0008308786432849,True,0.2883986413043479
-lzEya4AM_4$_$6,1,-0.0082770436095718,True,0.1922657608695652
-lzEya4AM_4$_$6,2,-0.0010758570911875,True,0.1602214673913042
-lzEya4AM_4$_$6,3,-2.4959100985988414e-06,True,0.5160221467391304
-lzEya4AM_4$_$6,4,-1.4056268768788035e-05,True,0.3845315217391303
-lzEya4AM_4$_$6,5,-0.000591721240567,True,0.2883986413043478
-lzEya4AM_4$_$6,6,-1.5437374484505995e-05,True,0.1281771739130439
-lzEya4AM_4$_$6,7,-4.798796421567886e-05,True,0.1922657608695646
-lzEya4AM_4$_$6,8,-0.0001055945042805,True,0.1922657608695654
-lzEya4AM_4$_$6,9,-0.0161287926306101,True,0.6088415760869568
-lzEya4AM_4$_$6,10,-0.0651025022365641,True,0.1602214673913042
-lzEya4AM_4$_$6,11,-6.20619210556228e-06,True,0.5160221467391306
-lzEya4AM_4$_$6,12,-0.0402436092917414,True,0.5767972826086956
-lzEya4AM_4$_$6,13,-6.253696837177358e-05,True,0.1922657608695654
-lzEya4AM_4$_$6,14,-2.041441605094008e-06,True,0.5160221467391306
-lzEya4AM_4$_$6,15,-0.000406337175472,True,0.1602214673913042
-lzEya4AM_4$_$6,16,-6.047972392480006e-05,True,0.1922657608695646
-lzEya4AM_4$_$6,17,-2.225317820749349e-05,True,0.4165758152173922
-lzEya4AM_4$_$6,18,-1.5958603072326295e-05,True,0.5160221467391297
-lzEya4AM_4$_$6,19,-0.0001888963850613,True,0.5160221467391297
-lzEya4AM_4$_$6,20,-0.0093959821468381,True,0.4806644021739128
-lzEya4AM_4$_$6,21,-1.1285038150769347e-05,True,0.2243100543478267
-lzEya4AM_4$_$6,22,-0.0581419439104422,True,0.4486201086956516
-lzEya4AM_4$_$6,23,-1.4521806798735029e-05,True,0.5160221467391306
-lzEya4AM_4$_$6,24,-0.0011029559609572,True,0.128177173913043
-lzEya4AM_4$_$6,25,-1.7866170510369557,True,0.0961328804347818
-lzEya4AM_4$_$6,26,-0.0097604204772778,True,0.1602214673913042
-lzEya4AM_4$_$6,27,-0.0162971255769093,True,0.6088415760869577
-lzEya4AM_4$_$6,28,-7.74860041019565e-07,True,0.0961328804347818
-lzEya4AM_4$_$6,29,-0.0003070351876601,True,0.128177173913043
-lzEya4AM_4$_$6,30,-0.0004402284455849,True,0.1281771739130448
-lzEya4AM_4$_$6,31,-6.846368088417876e-05,True,0.1922657608695637
-lzEya4AM_4$_$6,32,-2.3675605978823452e-05,True,0.5160221467391306
-lzEya4AM_4$_$6,33,-0.0001565397796288,True,0.1602214673913042
-lzEya4AM_4$_$6,34,-2.8759123074095783e-06,True,0.2883986413043473
-lzEya4AM_4$_$6,35,-4.827922393720503e-06,True,0.1602214673913042
-lzEya4AM_4$_$6,36,-0.015773612500497,True,0.3845315217391309
-lzEya4AM_4$_$6,37,-3.576265463323125e-06,True,0.1602214673913042
-lzEya4AM_4$_$6,38,-2.2641515117882705e-05,True,0.512708695652174
-lzEya4AM_4$_$6,39,-0.0002285507133574,True,0.128177173913043
-lzEya4AM_4$_$6,40,-0.0006955576900438,True,0.128177173913043
-lzEya4AM_4$_$6,41,-0.0001773809034564,True,0.1602214673913042
-lzEya4AM_4$_$6,42,-0.0006027894725377,True,0.2243100543478267
-mJ2ud6oKI8$_$1,0,-1.1920927533992653e-07,True,0.0644095744680851
-mJ2ud6oKI8$_$1,1,-10.924170553684233,False,
-mJ2ud6oKI8$_$1,2,-10.140812039375293,False,
-mJ2ud6oKI8$_$1,3,-14.468554258346549,False,
-mJ2ud6oKI8$_$1,4,-2.384185506798531e-07,True,0.064409574468085
-mJ2ud6oKI8$_$1,5,-9.80454921722412,False,
-mJ2ud6oKI8$_$1,6,0.0,True,0.5161023936170208
-mJ2ud6oKI8$_$1,7,-12.291508138179609,False,
-mJ2ud6oKI8$_$1,8,-18.132326364516302,False,
-mJ2ud6oKI8$_$1,9,-6.7707970738310905,False,
-mJ2ud6oKI8$_$1,10,-8.840055823320881,False,
-mJ2ud6oKI8$_$1,11,-8.568581938645366,False,
-mJ2ud6oKI8$_$1,12,-9.593501210004431,False,
-mJ2ud6oKI8$_$2,0,-1.1920927533992653e-07,True,0.0644258474576271
-mJ2ud6oKI8$_$2,1,-11.357023298740383,False,
-mJ2ud6oKI8$_$2,2,-17.52322582403818,False,
-mJ2ud6oKI8$_$2,3,-1.1920928244535389e-07,True,0.064425847457627
-mJ2ud6oKI8$_$2,4,-20.895128522600448,False,
-mJ2ud6oKI8$_$2,5,0.0,True,0.5161064618644069
-mJ2ud6oKI8$_$2,6,-11.812209129333496,False,
-mJ2ud6oKI8$_$2,7,-17.383263140916824,False,
-mJ2ud6oKI8$_$2,8,-18.59623804688306,False,
-mJ2ud6oKI8$_$2,9,-6.833905398821116,False,
-mJ2ud6oKI8$_$2,10,-16.130675211547327,False,
-mJ2ud6oKI8$_$6,0,-0.0037553766717266,True,0.1614583333333333
-mJ2ud6oKI8$_$6,1,-3.23467427401215,True,0.1291666666666666
-mJ2ud6oKI8$_$6,2,-9.71528024302097,False,
-mJ2ud6oKI8$_$6,3,-2.142633257923966,True,0.290625
-mJ2ud6oKI8$_$6,4,-5.781185366940008,False,
-mJ2ud6oKI8$_$8,0,-4.688886330465418e-06,True,0.2263536821705426
-mJ2ud6oKI8$_$8,1,-1.758864282691917,True,0.3556986434108527
-mJ2ud6oKI8$_$8,2,-0.0001321005843237,True,0.1616812015503875
-mJ2ud6oKI8$_$8,3,-6.611838089302182,False,
-mJ2ud6oKI8$_$8,4,-10.56015412695706,False,
-mJ2ud6oKI8$_$8,5,-0.0023520239556091,True,0.1616812015503876
-mJ2ud6oKI8$_$8,6,-2.4334703799759154,True,0.3233624031007751
-mJ2ud6oKI8$_$8,7,-2.421812403074,True,0.0970087209302326
-mJ2ud6oKI8$_$8,8,-0.0002717578381634,True,0.2910261627906976
-mJ2ud6oKI8$_$8,9,-4.397804959531641,True,0.064672480620155
-mJ2ud6oKI8$_$8,10,-9.48618093544792,False,
-mJ2ud6oKI8$_$9,0,-2.2407756573435,True,0.612468023255814
-mJ2ud6oKI8$_$9,1,-7.695807703770697,False,
-mJ2ud6oKI8$_$9,2,-1.138276666519232,True,0.1285348837209303
-mJ2ud6oKI8$_$9,3,-0.0128129087388515,True,0.0642674418604647
-mJ2ud6oKI8$_$9,4,-10.26320226987203,False,
-mJ2ud6oKI8$_$9,5,-7.840363438881468,False,
-mJ2ud6oKI8$_$9,6,-0.0064650257700122,True,0.0964011627906975
-mJ2ud6oKI8$_$9,7,-10.780080228112638,False,
-mJ2ud6oKI8$_$9,8,-9.70181202434469,False,
-mJ2ud6oKI8$_$9,9,-0.0016843193443492,True,0.0642674418604647
-mJ2ud6oKI8$_$9,10,-6.946237246173344,False,
-mJ2ud6oKI8$_$9,11,-2.911941772986836,True,0.2570697674418603
-mJ2ud6oKI8$_$9,12,-3.291539182118081,True,0.3534709302325582
-mJ2ud6oKI8$_$9,13,-2.26832667197408,True,0.1928023255813955
-mJ2ud6oKI8$_$9,14,-3.48068962381376e-05,True,0.2892034883720931
-mJ2ud6oKI8$_$9,15,-2.5899830605502028,True,0.805270348837209
-mJ2ud6oKI8$_$9,16,-0.4442665645857209,True,0.5160668604651164
-mJ2ud6oKI8$_$9,17,-5.466227495212479,False,
-mJ2ud6oKI8$_$9,18,-8.480891617829911,False,
-mJ2ud6oKI8$_$9,19,-5.719274654053152,False,
-mJ2ud6oKI8$_$9,20,-6.884221611348039,False,
-mJ2ud6oKI8$_$9,21,-4.677102083143836,True,0.1285348837209303
-mqbVkbCndg$_$0,0,-0.0022806667206207,True,0.1123077889447236
-mqbVkbCndg$_$0,1,-4.651727020510421e-05,True,0.5160439698492463
-mqbVkbCndg$_$0,2,-0.0129340021467214,True,0.1283517587939697
-mqbVkbCndg$_$0,3,-0.000744477957744,True,0.2887914572864323
-mqbVkbCndg$_$0,4,-2.0673839724086717e-05,True,0.4492311557788944
-mqbVkbCndg$_$0,5,-0.0004715530757214,True,0.3850552763819093
-mqbVkbCndg$_$0,6,-0.0001564094514485,True,0.6738467336683422
-mqbVkbCndg$_$0,7,-0.0001810366385267,True,0.3529673366834167
-mqbVkbCndg$_$0,8,-0.0013343683023402,True,0.3850552763819097
-mqbVkbCndg$_$0,9,-1.3890067294397569e-05,True,1.026814070351759
-mqbVkbCndg$_$0,10,-8.680196016423262e-05,True,0.2246155778894465
-mqbVkbCndg$_$0,11,-7.666282930593674e-05,True,0.8369233668341707
-qDkUB0GgYY$_$6,0,-1.4107817453145373,True,0.2581643356643357
-qDkUB0GgYY$_$6,1,-0.000737629470268,True,0.3227054195804195
-qDkUB0GgYY$_$6,2,-0.0011034426570972,True,0.1936232517482516
-qDkUB0GgYY$_$6,3,-0.0060322300050756,True,0.1936232517482519
-qDkUB0GgYY$_$6,4,-0.001432606322794,True,0.1290821678321678
-qDkUB0GgYY$_$6,5,-0.0004103684567032,True,0.1613527097902096
-qDkUB0GgYY$_$6,6,-5.262858348942245e-05,True,0.0968116258741258
-qDkUB0GgYY$_$6,7,-0.8850768263629524,True,0.3549759615384615
-qDkUB0GgYY$_$6,8,-0.003258397132221,True,0.5161352709790208
-qDkUB0GgYY$_$6,9,-0.0472645804106832,True,0.1613527097902096
-qDkUB0GgYY$_$6,10,-0.0016757321877018,True,0.1936232517482521
-qDkUB0GgYY$_$6,11,-2.9564479697146453,True,0.129082167832168
-qDkUB0GgYY$_$6,12,-1.9304768636007796,True,0.1613527097902096
-qDkUB0GgYY$_$6,13,-4.088296059513596,True,0.2581643356643353
-qDkUB0GgYY$_$6,14,-0.0015599601756548,True,0.1613527097902096
-qDkUB0GgYY$_$6,15,-0.0007807977610809,True,0.1936232517482521
-ri04Z7vwnc$_$0,0,-2.4084816105860227,True,0.1300352941176471
-ri04Z7vwnc$_$0,1,-0.0002769614627595,True,0.5162544117647059
-ri04Z7vwnc$_$0,2,-4.686095425859094,True,0.0650176470588235
-ri04Z7vwnc$_$0,3,-0.9410176115021126,True,0.4551235294117648
-ri04Z7vwnc$_$0,4,-1.135460743214935,True,0.3250882352941178
-ri04Z7vwnc$_$0,5,-5.056901814416051,False,
-ri04Z7vwnc$_$0,6,-4.922427136451006,True,0.0650176470588235
-ri04Z7vwnc$_$0,7,-8.107294862158597,False,
-ri04Z7vwnc$_$2,0,-7.98695873527322e-06,True,0.0642758152173913
-ri04Z7vwnc$_$2,1,-9.46562236479076,False,
-ri04Z7vwnc$_$2,2,-10.525234587315936,False,
-ri04Z7vwnc$_$2,3,-11.600583085091785,False,
-ri04Z7vwnc$_$2,4,-12.060667826017983,False,
-ri04Z7vwnc$_$2,5,-1.2936327266926289,True,0.5160689538043479
-ri04Z7vwnc$_$2,6,-0.0298032277662839,True,0.4820686141304344
-ri04Z7vwnc$_$2,7,-1.4095244059106335,True,1.0605509510869569
-ri04Z7vwnc$_$2,8,-2.5158657377399866e-05,True,0.5160689538043473
-ri04Z7vwnc$_$2,9,-8.714108983674976,False,
-ri04Z7vwnc$_$2,10,-2.930108307688715,True,0.1606895380434778
-ri04Z7vwnc$_$2,11,-0.764322938909309,True,0.6124826766304343
-ri04Z7vwnc$_$2,12,-4.050546419661259,True,0.096413722826087
-ri04Z7vwnc$_$2,13,-5.4985271206858215,False,
-ri04Z7vwnc$_$2,14,-2.250081970674468,True,0.2249653532608686
-ri04Z7vwnc$_$2,15,-0.0001925545444529,True,0.4820686141304353
-ri04Z7vwnc$_$5,0,,False,
-ri04Z7vwnc$_$5,1,-2.8780610779004445,True,0.5162252358490567
-ri04Z7vwnc$_$5,2,-3.7081400175229646,True,0.1298018867924528
-ri04Z7vwnc$_$5,3,-7.721367333779288,False,
-ri04Z7vwnc$_$5,4,-2.421604424483431,True,0.3894056603773583
-ri04Z7vwnc$_$5,5,-3.0915494858821546,True,0.1298018867924528
-ri04Z7vwnc$_$5,6,-5.023151750168381,False,
-ri04Z7vwnc$_$5,7,-9.730896187922554,False,
-ri04Z7vwnc$_$5,8,-3.209577047549911,True,0.3569551886792452
-s9qJ7ATP7w$_$0,0,-0.0026311071123927,True,0.064215909090909
-s9qJ7ATP7w$_$0,1,-8.04332259343937,False,
-s9qJ7ATP7w$_$0,2,-0.0065727337932154,True,0.1926477272727272
-s9qJ7ATP7w$_$0,3,-0.0083655621863385,True,0.3210795454545454
-s9qJ7ATP7w$_$0,4,-0.3468903950609577,True,0.1605397727272727
-s9qJ7ATP7w$_$0,5,-0.0050704219078241,True,0.2568636363636364
-s9qJ7ATP7w$_$0,6,-0.5179584211418006,True,0.5160539772727273
-s9qJ7ATP7w$_$0,7,-0.0055192635023075,True,0.2568636363636363
-s9qJ7ATP7w$_$0,8,-0.1621982386700438,True,0.128431818181818
-s9qJ7ATP7w$_$0,9,-0.0059128412394784,True,0.1284318181818182
-s9qJ7ATP7w$_$0,10,-0.5349325759780186,True,0.4174034090909089
-s9qJ7ATP7w$_$0,11,-0.880050313782067,True,0.3210795454545456
-s9qJ7ATP7w$_$0,12,-0.1131192567656398,True,0.1444857954545453
-s9qJ7ATP7w$_$0,13,-0.0001934048744942,True,0.1444857954545453
-s9qJ7ATP7w$_$0,14,-0.9566919430787088,True,0.2889715909090915
-s9qJ7ATP7w$_$0,15,-0.0010651796576439,True,0.1926477272727274
-s9qJ7ATP7w$_$0,16,-0.0005009098637986,True,0.256863636363636
-s9qJ7ATP7w$_$0,17,-3.3937680731977545e-05,True,0.5160539772727271
-s9qJ7ATP7w$_$0,18,-0.0001181201419849,True,0.4816193181818189
-s9qJ7ATP7w$_$0,19,-0.00304280258988,True,0.1284318181818182
-s9qJ7ATP7w$_$0,20,-7.655313271470732e-05,True,0.1284318181818182
-s9qJ7ATP7w$_$0,21,-0.0030460633085264,True,0.2247556818181806
-s9qJ7ATP7w$_$0,22,-0.0097008552257648,True,0.1605397727272732
-s9qJ7ATP7w$_$0,23,-0.0089048688557037,True,0.1605397727272732
-s9qJ7ATP7w$_$1,0,-1.0371140589882089e-05,True,0.29023828125
-s9qJ7ATP7w$_$1,1,-0.0615115779660552,True,0.5482278645833334
-s9qJ7ATP7w$_$1,2,-0.0002093892363398,True,0.5804765624999999
-s9qJ7ATP7w$_$1,3,-0.0025162907956352,True,0.1289947916666665
-s9qJ7ATP7w$_$1,4,-0.003310738782693,True,0.1289947916666669
-s9qJ7ATP7w$_$1,5,-0.0002983506010423,True,0.1289947916666665
-s9qJ7ATP7w$_$1,6,-0.000419484123995,True,0.1612434895833332
-s9qJ7ATP7w$_$1,7,-9.895953994032423e-05,True,0.1289947916666669
-s9qJ7ATP7w$_$1,8,-5.565438270682677e-06,True,0.5161243489583334
-s9qJ7ATP7w$_$1,9,-0.0002450944896471,True,0.1612434895833332
-s9qJ7ATP7w$_$1,10,-1.8312927905661525e-05,True,0.2579895833333334
-s9qJ7ATP7w$_$4,0,-0.000164001221151,True,0.2895596590909091
-s9qJ7ATP7w$_$4,1,-0.0617689868959132,True,0.1608664772727271
-s9qJ7ATP7w$_$4,2,-0.000300174613309,True,0.3860795454545456
-s9qJ7ATP7w$_$4,3,-0.0002935366551213,True,0.1608664772727273
-s9qJ7ATP7w$_$4,4,-0.0003192630614578,True,0.4182528409090909
-s9qJ7ATP7w$_$4,5,-0.0016702899813481,True,0.4825994318181819
-s9qJ7ATP7w$_$4,6,-0.0001610133930019,True,0.160866477272727
-s9qJ7ATP7w$_$4,7,-3.032226386689985e-05,True,0.2573863636363636
-s9qJ7ATP7w$_$4,8,-0.0038088709808489,True,0.7399857954545457
-s9qJ7ATP7w$_$5,0,-0.0001264240709919,True,0.5160878831417623
-s9qJ7ATP7w$_$5,1,-0.0019551765471987,True,0.1608788314176246
-s9qJ7ATP7w$_$5,2,-0.0009465196775029,True,0.1608788314176246
-s9qJ7ATP7w$_$5,3,-0.0003639887800375,True,0.289581896551724
-s9qJ7ATP7w$_$5,4,-0.0006353801504474,True,0.2895818965517245
-s9qJ7ATP7w$_$5,5,-0.0006667222951445,True,0.4504607279693484
-s9qJ7ATP7w$_$5,6,-0.0002708666954731,True,0.3539334291187739
-s9qJ7ATP7w$_$5,7,-0.0002456473874076,True,0.289581896551724
-s9qJ7ATP7w$_$5,8,-0.0002365156677086,True,0.5160878831417621
-s9qJ7ATP7w$_$5,9,-4.015838239723735e-06,True,0.5160878831417621
-s9qJ7ATP7w$_$5,10,-0.000599442649289,True,0.386109195402299
-s9qJ7ATP7w$_$5,11,-5.1077857032548e-05,True,0.1608788314176248
-s9qJ7ATP7w$_$5,12,-4.5177257378270495e-05,True,0.1608788314176248
-s9qJ7ATP7w$_$5,13,-0.0284891078742014,True,0.2895818965517236
-s9qJ7ATP7w$_$5,14,-6.958758791419939e-06,True,0.5160878831417621
-s9qJ7ATP7w$_$5,15,-3.4688376786107256e-05,True,0.1608788314176248
-s9qJ7ATP7w$_$5,16,-0.0001456909197479,True,0.2574061302681993
-s9qJ7ATP7w$_$5,17,-0.0028343427176977,True,0.3861091954022999
-s9qJ7ATP7w$_$5,18,-9.059749527295934e-06,True,0.1608788314176239
-s9qJ7ATP7w$_$6,0,-0.0001753297891781,True,0.3097284330985915
-s9qJ7ATP7w$_$6,1,-0.0219901761546983,True,0.5163014964788732
-s9qJ7ATP7w$_$6,2,-0.0184716568134414,True,0.1956179577464787
-s9qJ7ATP7w$_$6,3,-0.0002831267811416,True,0.1304119718309859
-s9qJ7ATP7w$_$6,4,-0.0033029854512278,True,0.1630149647887324
-s9qJ7ATP7w$_$7,0,-0.014557782259601,True,0.2568474178403755
-s9qJ7ATP7w$_$7,1,-0.0405216308536182,True,0.2247414906103285
-s9qJ7ATP7w$_$7,2,-0.0069605113397604,True,0.0963177816901408
-s9qJ7ATP7w$_$7,3,-0.0004065199538369,True,0.0963177816901408
-s9qJ7ATP7w$_$7,4,-2.9800889888065284e-05,True,0.1605296361502348
-s9qJ7ATP7w$_$7,5,-1.1044388847599664,True,0.2568474178403757
-s9qJ7ATP7w$_$7,6,-0.0279334636158839,True,0.3210592723004692
-s9qJ7ATP7w$_$7,7,-0.1766929460208075,True,0.2568474178403757
-s9qJ7ATP7w$_$7,8,-0.7682561359178331,True,0.1926355633802816
-s9qJ7ATP7w$_$7,9,-3.197192067978904,True,0.064211854460094
-s9qJ7ATP7w$_$7,10,-2.715596473775804,True,0.1284237089201876
-s9qJ7ATP7w$_$7,11,-0.7834311699479356,True,0.4173770539906103
-s9qJ7ATP7w$_$7,12,-2.8710153571228147,True,0.1284237089201876
-s9qJ7ATP7w$_$7,13,-2.572846675291657,True,0.128423708920188
-s9qJ7ATP7w$_$7,14,-0.6803566950547975,True,0.1284237089201876
-s9qJ7ATP7w$_$7,15,-0.9943519573425874,True,0.1284237089201876
-s9qJ7ATP7w$_$7,16,-0.007705729319241,True,0.096317781690141
-s9qJ7ATP7w$_$7,17,-1.5989551074662811,True,0.1605296361502346
-s9qJ7ATP7w$_$7,18,-0.0128761447940632,True,0.1284237089201876
-s9qJ7ATP7w$_$7,19,-2.6529269400951305,True,0.128423708920188
-s9qJ7ATP7w$_$7,20,-1.466245083747708e-05,True,0.1284237089201876
-s9qJ7ATP7w$_$7,21,-0.00156654585849,True,0.1926355633802816
-s9qJ7ATP7w$_$7,22,-5.083820859815259e-06,True,0.5160529636150235
-s9qJ7ATP7w$_$7,23,-0.0262911762972061,True,0.4815889084507043
-s9qJ7ATP7w$_$7,24,-0.0029446178477883,True,0.096317781690141
-s9qJ7ATP7w$_$7,25,-0.0011091767780158,True,0.128423708920188
-s9qJ7ATP7w$_$7,26,-0.0045253925388124,True,0.3210592723004692
-s9qJ7ATP7w$_$7,27,-0.0003411950384967,True,0.1926355633802812
-s9qJ7ATP7w$_$8,0,,False,
-s9qJ7ATP7w$_$8,1,-0.003324308017909,True,0.2573131313131312
-s9qJ7ATP7w$_$8,2,-0.0686765348691551,True,0.1286565656565657
-s9qJ7ATP7w$_$8,3,-0.0107055196591924,True,0.1929848484848485
-s9qJ7ATP7w$_$8,4,-0.3042144215898588,True,0.1286565656565657
-s9qJ7ATP7w$_$8,5,-0.0036486518724164,True,0.2251489898989898
-s9qJ7ATP7w$_$8,6,-0.0002489125490683,True,0.160820707070707
-s9qJ7ATP7w$_$8,7,-0.0005778887283061,True,0.1929848484848486
-s9qJ7ATP7w$_$8,8,-0.3424208625025737,True,0.369887626262626
-s9qJ7ATP7w$_$8,9,-0.0700235106050968,True,0.0804103535353535
-s9qJ7ATP7w$_$8,10,-0.0787813942798531,True,0.1608207070707075
-s9qJ7ATP7w$_$8,11,-0.003562117648471,True,0.0964924242424238
-s9qJ7ATP7w$_$8,12,-0.0001748013722391,True,0.2573131313131314
-t217m2on-s$_$2,0,-5.93062716713888e-06,True,0.2895525
-t217m2on-s$_$2,1,-0.1756681081913598,True,0.49867375
-t217m2on-s$_$2,2,-0.0001588477913567,True,0.40215625
-t217m2on-s$_$2,3,-0.0006707566485602,True,0.1930349999999998
-t217m2on-s$_$2,4,-0.0001921352818499,True,0.1286900000000002
-t217m2on-s$_$2,5,-1.572494015443226,True,0.0965175
-t217m2on-s$_$2,6,-0.018966559873661,True,0.1286899999999997
-t217m2on-s$_$2,7,-0.0743447698586199,True,0.450415
-t217m2on-s$_$2,8,-0.3597942903924054,True,0.7412937500000005
-t217m2on-s$_$2,9,-0.0099811485663337,True,0.3378112499999997
-t217m2on-s$_$2,10,-0.0006741841401283,True,0.1769487500000002
-t217m2on-s$_$2,11,-5.6469561984684447e-05,True,0.5469324999999996
-t217m2on-s$_$7,0,-5.20705024475987e-05,True,0.2725502589453861
-t217m2on-s$_$7,1,-0.0004135778163345,True,0.128258945386064
-t217m2on-s$_$7,2,-0.001162510291787,True,0.2244531544256121
-t217m2on-s$_$7,3,-6.635900790443985e-06,True,0.288582627118644
-t217m2on-s$_$7,4,-0.0041666539693715,True,0.2565178907721281
-t217m2on-s$_$7,5,-0.0001632830935326,True,0.4008092043314502
-t217m2on-s$_$7,6,-0.5982121513084507,True,0.7725502589453863
-t217m2on-s$_$7,7,-0.000601797913085,True,0.4489063088512237
-t217m2on-s$_$7,8,-0.0002125867902034,True,0.288582627118644
-t217m2on-s$_$7,9,-0.0030139190714256,True,0.192388418079096
-t217m2on-s$_$7,10,-0.000156467571486,True,0.0961942090395489
-t217m2on-s$_$7,11,-0.0378966466917442,True,0.4008092043314502
-t217m2on-s$_$7,12,-0.0396899664433364,True,0.4489063088512237
-t217m2on-s$_$7,13,-0.006750623798761,True,0.1763560499058378
-t217m2on-s$_$7,14,-9.78278961175268e-05,True,0.2244531544256123
-t217m2on-s$_$7,15,-0.0064183795239966,True,0.6122265772128062
-t217m2on-s$_$7,16,-0.0388104199466397,True,0.3527120998116766
-t217m2on-s$_$7,17,-1.5759948947093758,True,0.4489063088512237
-t217m2on-s$_$7,18,-0.0032491675514734,True,0.1603236817325806
-t217m2on-s$_$7,19,-0.0084782984329194,True,0.1282589453860643
-t217m2on-s$_$7,20,-0.0038817787416292,True,0.1603236817325797
-t217m2on-s$_$7,21,-1.4636525655983436e-05,True,0.4168415725047083
-t217m2on-s$_$7,22,-0.0001250933448818,True,0.7084207862523542
-t217m2on-s$_$7,23,-0.0055446294602106,True,0.2244531544256123
-t217m2on-s$_$7,24,-4.805473128518164e-05,True,0.192388418079096
-t217m2on-s$_$7,25,-1.3335548063153624e-05,True,0.5160323681732581
-t217m2on-s$_$7,26,-0.0001349294055899,True,0.192388418079096
-t217m2on-s$_$7,27,-0.0005805328815805,True,0.192388418079096
-t217m2on-s$_$7,28,-2.5231974291273215e-05,True,0.192388418079096
-t217m2on-s$_$7,29,-9.79614169877389e-05,True,0.384776836158192
-t217m2on-s$_$7,30,-0.0009223540379051,True,0.1603236817325797
-t217m2on-s$_$7,31,-0.0005548780663957,True,0.0961942090395489
-t217m2on-s$_$7,32,-0.0543191127420777,True,0.3527120998116757
-t217m2on-s$_$7,33,-0.0737406442303534,True,0.5290681497175136
-t217m2on-s$_$7,34,-0.0677331146523689,True,0.2404855225988704
-t217m2on-s$_$7,35,-0.0382233342702207,True,0.2565178907721286
-t217m2on-s$_$7,36,-1.0602756832397493,True,0.4168415725047083
-t217m2on-s$_$7,37,-0.2288783807488315,True,0.5130357815442554
-t217m2on-s$_$7,38,-0.0426836278799121,True,0.5160323681732581
-t217m2on-s$_$7,39,-0.0002285217152196,True,0.192388418079096
-t217m2on-s$_$7,40,-0.0001555882555616,True,0.2244531544256123
-t217m2on-s$_$7,41,-0.0006422493643185,True,0.2244531544256123
-t217m2on-s$_$7,42,-0.0038949079175409,True,0.1603236817325797
-t217m2on-s$_$7,43,-0.0038253354999824,True,0.1282589453860634
-t217m2on-s$_$7,44,-0.0015599467359126,True,0.2565178907721304
-tANM6ETl_M$_$3,0,-5.377639755326729e-06,True,0.3060216463414634
-tANM6ETl_M$_$3,1,-8.786029380480898e-05,True,0.2577024390243903
-tANM6ETl_M$_$3,2,-5.116035869908349e-06,True,0.3865536585365855
-tANM6ETl_M$_$3,3,-0.0001227046061179,True,0.1932768292682927
-tANM6ETl_M$_$3,4,-0.0002439682911283,True,0.1288512195121951
-tANM6ETl_M$_$3,5,-0.000226238507461,True,0.3543408536585364
-tANM6ETl_M$_$3,6,-0.0002280791389542,True,0.1932768292682927
-tANM6ETl_M$_$3,7,-3.4390508176329604e-05,True,0.1610640243902441
-tANM6ETl_M$_$3,8,-0.0001816356299369,True,0.3865536585365854
-tANM6ETl_M$_$3,9,-0.0006434132094,True,0.3221280487804878
-tANM6ETl_M$_$3,10,-0.8920755643620719,True,0.0966384146341461
-tANM6ETl_M$_$3,11,-0.0379227217394973,True,0.4670856707317075
-tANM6ETl_M$_$3,12,-0.2050058860659191,True,0.1449576219512196
-tANM6ETl_M$_$3,13,-0.0171237797413602,True,0.2738088414634148
-tANM6ETl_M$_$3,14,-0.0233571091341667,True,0.4026600609756094
-tANM6ETl_M$_$3,15,-0.0002392629270957,True,0.1932768292682931
-tANM6ETl_M$_$3,16,-1.5877521479268354e-05,True,0.3543408536585364
-tANM6ETl_M$_$3,17,-2.3204602195208253,True,0.1610640243902441
-tANM6ETl_M$_$3,18,-0.0049098575792498,True,0.2577024390243903
-tANM6ETl_M$_$3,19,-0.0002820297497223,True,0.1610640243902441
-tANM6ETl_M$_$3,20,-0.0002617426461021,True,0.3221280487804874
-tANM6ETl_M$_$3,21,-0.0001880975859648,True,0.2899152439024393
-tPCytz4rww$_$10,0,-4.985152030485551e-05,True,0.3065428879310345
-tPCytz4rww$_$10,1,-0.0003292015732938,True,0.2258737068965517
-tPCytz4rww$_$10,2,-0.0365322270617858,True,0.4517474137931034
-tPCytz4rww$_$10,3,-0.4277912839372106,True,0.3549443965517243
-tPCytz4rww$_$10,4,-0.0007514158230163,True,0.3065428879310343
-tPCytz4rww$_$10,5,-0.0538717707989105,True,0.2420075431034485
-tPCytz4rww$_$10,6,-0.0826684602543537,True,0.0968030172413794
-tPCytz4rww$_$10,7,-0.0069890282247797,True,0.1290706896551721
-tPCytz4rww$_$10,8,-0.0045109949986095,True,0.1290706896551725
-tPCytz4rww$_$10,9,-0.0047677127185124,True,0.354944396551724
-tPCytz4rww$_$10,10,-0.0008896915210101,True,0.2581413793103451
-tPCytz4rww$_$10,11,-0.0015397063780388,True,0.7420075431034481
-tPCytz4rww$_$11,0,-6.854529832622802e-07,True,0.2576556886227545
-tPCytz4rww$_$11,1,-0.8055732296966482,True,0.2254487275449102
-tPCytz4rww$_$11,2,-0.0002577089911331,True,0.2254487275449102
-tPCytz4rww$_$11,3,-0.0003619333790538,True,0.1288278443113772
-tPCytz4rww$_$11,4,-0.0648205300176414,True,0.3542765718562874
-tPCytz4rww$_$11,5,-0.0935914073142261,True,0.418690494011976
-tPCytz4rww$_$11,6,-0.0069044597728975,True,0.1288278443113772
-tPCytz4rww$_$11,7,-0.0004318765998032,True,0.1288278443113772
-tPCytz4rww$_$11,8,-8.984131179090582e-05,True,0.128827844311377
-tPCytz4rww$_$11,9,-1.5797202113230773,True,0.2254487275449102
-tPCytz4rww$_$11,10,-3.091642831387631e-05,True,0.5161034805389222
-tPCytz4rww$_$11,11,-0.0014359784706243,True,0.1932417664670658
-tPCytz4rww$_$11,12,-5.825434512433484e-05,True,0.3542765718562872
-tPCytz4rww$_$11,13,-5.614137601384073e-05,True,0.1610348053892218
-tPCytz4rww$_$11,14,-0.0652414037938326,True,0.257655688622755
-tPCytz4rww$_$11,15,-0.0109282520180613,True,0.2737591691616758
-tPCytz4rww$_$11,16,-3.136784572786512e-05,True,0.2093452470059889
-tPCytz4rww$_$12,0,-1.632263357482164,True,0.288594774590164
-tPCytz4rww$_$12,1,-1.6041390981261623e-05,True,0.2565286885245901
-tPCytz4rww$_$12,2,-7.339763254776699e-05,True,0.1603304303278687
-tPCytz4rww$_$12,3,-9.859496277838294e-05,True,0.3527269467213116
-tPCytz4rww$_$12,4,-0.0003642648765825,True,0.2244626024590164
-tPCytz4rww$_$12,5,-0.0109372441907993,True,0.2885947745901638
-tPCytz4rww$_$12,6,-1.815387384441351,True,0.2244626024590164
-tPCytz4rww$_$12,7,-0.0136106616674691,True,0.5130573770491802
-tPCytz4rww$_$12,8,-1.651837025523491,True,0.1282643442622952
-tPCytz4rww$_$12,9,-0.2228144854307174,True,0.0641321721311474
-tPCytz4rww$_$12,10,-1.7207124796733904,True,0.2244626024590164
-tPCytz4rww$_$12,11,-9.648637762893486e-05,True,0.5160330430327869
-tPCytz4rww$_$12,12,-5.883240723141412e-06,True,0.5160330430327864
-tPCytz4rww$_$12,13,-0.0004359002778215,True,0.5160330430327864
-tPCytz4rww$_$12,14,-0.0507142059290398,True,0.6092556352459031
-tPCytz4rww$_$12,15,-0.0043008096981793,True,0.0961982581967202
-tPCytz4rww$_$12,16,-0.026701217792225,True,0.5130573770491811
-tPCytz4rww$_$12,17,-0.0505195178842162,True,0.1282643442622948
-tPCytz4rww$_$12,18,-0.0003064235147339,True,0.1603304303278694
-tPCytz4rww$_$12,19,-1.3911558301144317e-05,True,0.5160330430327864
-tPCytz4rww$_$12,20,-0.0223053726827894,True,0.7725617315573778
-tPCytz4rww$_$12,21,-0.0158080704911602,True,0.4489252049180336
-tPCytz4rww$_$12,22,-0.0375703914370763,True,0.7375199795081961
-tPCytz4rww$_$12,23,-0.0036237878084648,True,0.0961982581967202
-tPCytz4rww$_$12,24,-0.0001997593871863,True,0.2244626024590168
-tPCytz4rww$_$12,25,-0.0139989233296957,True,0.8978504098360656
-tPCytz4rww$_$16,0,-6.775745540608114e-05,True,0.3055057713963964
-tPCytz4rww$_$16,1,-0.0014344825184101,True,0.385902027027027
-tPCytz4rww$_$16,2,-0.0066851947531176,True,0.2251095157657656
-tPCytz4rww$_$16,3,-0.0004337485641548,True,0.2894265202702701
-tPCytz4rww$_$16,4,-0.0002540941937392,True,0.4502190315315317
-tPCytz4rww$_$16,5,-0.0010181649449805,True,0.128634009009009
-tPCytz4rww$_$16,6,-0.0013618961060046,True,0.1607925112612611
-tPCytz4rww$_$16,7,-0.6241552345201334,True,0.5160792511261261
-tPCytz4rww$_$16,8,-0.0023668861122132,True,0.5160792511261265
-tPCytz4rww$_$16,9,-0.0005746725844801,True,0.1607925112612607
-tPCytz4rww$_$16,10,-0.0012880679506841,True,0.1929510135135146
-tPCytz4rww$_$16,11,-3.9213948681861175,True,0.1929510135135128
-tPCytz4rww$_$16,12,-0.0005004481675024,True,0.6431700450450446
-tPCytz4rww$_$16,13,-0.0012873288142972,True,0.3537435247747753
-tPCytz4rww$_$16,14,-0.0011921629877633,True,0.2251095157657658
-tPCytz4rww$_$16,15,-0.0008113136791507,True,0.1607925112612607
-tPCytz4rww$_$18,0,-1.6582596477595264e-05,True,0.2737005208333333
-tPCytz4rww$_$18,1,-0.0005550114754555,True,0.2737005208333333
-tPCytz4rww$_$18,2,-6.840013397946265e-05,True,0.516100030637255
-tPCytz4rww$_$18,3,-0.0080877269754182,True,0.2576004901960784
-tPCytz4rww$_$18,4,-4.247612081087482e-05,True,0.1610003063725489
-tPCytz4rww$_$18,5,-0.0094171753996422,True,0.6449002757352944
-tPCytz4rww$_$18,6,-0.0314654829810194,True,0.2254004289215685
-tPCytz4rww$_$18,7,-2.820727934249589e-05,True,0.2254004289215685
-tPCytz4rww$_$18,8,-0.0022649149384079,True,0.2898005514705883
-tPCytz4rww$_$18,9,-0.0043786325913591,True,0.3864007352941176
-tPCytz4rww$_$18,10,-0.0004304538204943,True,0.1932003676470586
-tPCytz4rww$_$18,11,-0.0401010045956939,True,0.4186007965686276
-tPCytz4rww$_$18,12,-0.0425844730647545,True,0.1932003676470595
-tPCytz4rww$_$18,13,-1.429679403064578,True,0.4186007965686267
-tPCytz4rww$_$18,14,-0.036455872339502,True,0.2415004595588241
-tPCytz4rww$_$18,15,-0.0052182442204678,True,0.6601012561274509
-uywlfIYOS8$_$4,0,-1.0851464413573293,True,0.5160686475409837
-uywlfIYOS8$_$4,1,-2.0463703511571413e-05,True,0.1285491803278686
-uywlfIYOS8$_$4,2,-0.0001206580985979,True,0.160686475409836
-uywlfIYOS8$_$4,3,-1.9430736756476108e-05,True,0.1285491803278691
-uywlfIYOS8$_$4,4,-0.0002118471890959,True,0.1928237704918032
-uywlfIYOS8$_$4,5,-0.3103461905806658,True,0.417784836065574
-uywlfIYOS8$_$4,6,-0.0002460999455694,True,0.2249610655737699
-uywlfIYOS8$_$4,7,-0.0003863557703027,True,0.1285491803278691
-uywlfIYOS8$_$4,8,-0.0019784623225405,True,0.1928237704918034
-uywlfIYOS8$_$4,9,-0.0003457976234434,True,0.192823770491803
-uywlfIYOS8$_$4,10,-7.17074877893964e-05,True,0.2249610655737708
-uywlfIYOS8$_$4,11,-8.793621871916457e-05,True,0.1285491803278686
-uywlfIYOS8$_$4,12,-1.186108381882415e-05,True,0.1928237704918034
-uywlfIYOS8$_$4,13,-0.433463499362744,True,0.4017161885245901
-uywlfIYOS8$_$4,14,-0.0136948468530135,True,0.1124805327868854
-uywlfIYOS8$_$4,15,-7.688038194828551e-05,True,0.3213729508196721
-uywlfIYOS8$_$4,16,-2.770539392031727,True,0.4177848360655734
-uywlfIYOS8$_$4,17,-1.3265670564234142,True,0.4659907786885249
-vxjVxOeScU$_$4,0,-0.1571030599745825,True,0.3376838300711743
-vxjVxOeScU$_$4,1,-5.582407375176747,False,
-vxjVxOeScU$_$4,2,-0.0270787738234048,True,0.0643207295373664
-vxjVxOeScU$_$4,3,-0.0001826588465974,True,0.1608018238434163
-vxjVxOeScU$_$4,4,-3.671316720262515e-05,True,0.3859243772241993
-vxjVxOeScU$_$4,5,-5.047339546388899e-05,True,0.5160801823843417
-vxjVxOeScU$_$4,6,-1.2026747722555026e-05,True,0.3216036476868322
-vxjVxOeScU$_$4,7,-1.733729900976755e-05,True,0.5160801823843415
-vxjVxOeScU$_$4,8,-0.0003138991191222,True,0.2894432829181497
-vxjVxOeScU$_$4,9,-3.680533407823816e-06,True,0.5160801823843411
-vxjVxOeScU$_$4,10,-0.474912294267134,True,0.5160801823843411
-vxjVxOeScU$_$4,11,-0.0066933726039191,True,0.516080182384342
-vxjVxOeScU$_$4,12,-1.9376579480034906e-05,True,0.5145658362989316
-vxjVxOeScU$_$4,13,-0.0027709953081512,True,0.3216036476868336
-vxjVxOeScU$_$4,14,-2.213742655093093e-05,True,0.1929621886120998
-vxjVxOeScU$_$4,15,-0.0002999421513993,True,0.2251225533807819
-vxjVxOeScU$_$4,16,-0.0099668856707596,True,0.2251225533807836
-vxjVxOeScU$_$4,17,-0.0032840273756931,True,0.3055234653024907
-vxjVxOeScU$_$4,18,-0.0003071455787818,True,0.3055234653024907
-vxjVxOeScU$_$4,19,-0.0002900548891943,True,0.3537640124555157
-vxjVxOeScU$_$4,20,-2.433805169251476e-05,True,0.1929621886120998
-wMB_hJL-3o$_$7,0,-0.0002285552829697,True,0.3212668010752688
-wMB_hJL-3o$_$7,1,-0.0069741027656076,True,0.4497735215053762
-wMB_hJL-3o$_$7,2,-0.0005809174321484,True,0.1285067204301078
-wMB_hJL-3o$_$7,3,-0.0015046234430428,True,0.1606334005376344
-wMB_hJL-3o$_$7,4,-0.000899002287781,True,0.1285067204301073
-wMB_hJL-3o$_$7,5,-0.0040271509593973,True,0.1285067204301073
-wMB_hJL-3o$_$7,6,-8.033984475256754e-05,True,0.2570134408602151
-wMB_hJL-3o$_$7,7,-0.0082690745536638,True,0.192760080645161
-wMB_hJL-3o$_$7,8,-0.0006197427905135,True,0.1285067204301078
-wMB_hJL-3o$_$7,9,-0.0097844572417421,True,0.578280241935484
-wMB_hJL-3o$_$7,10,-9.685751534149745e-08,True,0.5160633400537633
-wMB_hJL-3o$_$7,11,-0.008770035905341,True,0.0963800403225807
-wMB_hJL-3o$_$7,12,-0.0001041673602539,True,0.1606334005376344
-wMB_hJL-3o$_$7,13,-3.912776185188704e-05,True,0.1285067204301073
-wMB_hJL-3o$_$7,14,-0.0004463344484957,True,0.1285067204301073
-wMB_hJL-3o$_$7,15,-0.0050918285751275,True,0.1606334005376348
-wMB_hJL-3o$_$7,16,-2.908619861230477e-05,True,0.2248867607526872
-wMB_hJL-3o$_$7,17,-0.0008815732356595,True,0.1285067204301082
-wMB_hJL-3o$_$7,18,-3.6337615938464296e-05,True,0.1606334005376339
-wMB_hJL-3o$_$7,19,-0.0001496603069786,True,0.1927600806451614
-wMB_hJL-3o$_$7,20,-7.180853776844742e-05,True,0.2570134408602147
-wMB_hJL-3o$_$7,21,-5.5342346286124666e-05,True,0.2248867607526889
-wny0OAz3g8$_$0,0,-0.000541153856119,True,0.1782871287128713
-wny0OAz3g8$_$0,1,-0.0058439089223535,True,0.1944950495049504
-wny0OAz3g8$_$0,2,-0.0102512376100101,True,0.5186534653465348
-wny0OAz3g8$_$0,3,-0.0155833421352621,True,0.3079504950495049
-wny0OAz3g8$_$0,4,-0.0016490141979984,True,0.2107029702970297
-wny0OAz3g8$_$0,5,-0.0001097937888516,True,0.2593267326732671
-wny0OAz3g8$_$0,6,-3.150973229821829e-05,True,0.4538217821782182
-wny0OAz3g8$_$0,7,-0.000191170555098,True,0.1296633663366333
-wny0OAz3g8$_$0,8,-3.012919886202781e-05,True,0.1296633663366337
-wny0OAz3g8$_$1,0,-0.4258270116150571,True,0.2729894845971564
-wny0OAz3g8$_$1,1,-0.0002047866045188,True,0.3532805094786729
-wny0OAz3g8$_$1,2,-0.0004106388923332,True,0.1284656398104264
-wny0OAz3g8$_$1,3,-0.0011097200297598,True,0.2890476895734597
-wny0OAz3g8$_$1,4,-0.310298711058067,True,0.0963492298578199
-wny0OAz3g8$_$1,5,-9.072130431737952e-05,True,0.5780953791469194
-wny0OAz3g8$_$1,6,-3.2663104931884845e-06,True,0.1926984597156393
-wny0OAz3g8$_$1,7,-2.972603566231413e-05,True,0.224814869668247
-wny0OAz3g8$_$1,8,-0.018864443419261,True,0.4496297393364923
-wny0OAz3g8$_$1,9,-0.0078866019025774,True,0.3372223045023697
-wny0OAz3g8$_$1,10,-0.0049314259558741,True,0.1124074348341235
-wny0OAz3g8$_$1,11,-0.0415984866623253,True,0.6744446090047393
-wny0OAz3g8$_$1,12,-0.0415219477193507,True,0.0963492298578199
-wny0OAz3g8$_$1,13,-3.8085873228510536e-05,True,0.1284656398104262
-wny0OAz3g8$_$1,14,-0.0003985726752162,True,0.2569312796208534
-wny0OAz3g8$_$1,15,,False,
-wny0OAz3g8$_$1,16,-0.0002832812053412,True,0.2569312796208525
-wny0OAz3g8$_$1,17,-0.0009753788801359,True,0.224814869668247
-wny0OAz3g8$_$1,18,-0.0004958879983973,True,0.2569312796208525
-wny0OAz3g8$_$1,19,-0.0821201137209861,True,0.2569312796208525
-wny0OAz3g8$_$1,20,-0.0004877194435771,True,0.2569312796208542
-wny0OAz3g8$_$1,21,-2.578799897416199e-05,True,0.1284656398104253
-wny0OAz3g8$_$1,22,-2.6094002598142653e-05,True,0.3211640995260669
-wny0OAz3g8$_$2,0,-1.4751550713764725,True,0.2731174568965517
-wny0OAz3g8$_$2,1,-0.0009645017153161,True,0.3534461206896552
-wny0OAz3g8$_$2,2,-0.0221573379654728,True,0.1285258620689655
-wny0OAz3g8$_$2,3,-0.0515561311941073,True,0.3213146551724137
-wny0OAz3g8$_$2,4,-0.0024690457139513,True,0.0642629310344826
-wny0OAz3g8$_$2,5,-5.715653749878887e-05,True,0.1606573275862068
-wny0OAz3g8$_$2,6,-0.0272912672636981,True,0.4498405172413795
-wny0OAz3g8$_$2,7,-1.2119584044493574e-06,True,0.2249202586206893
-wny0OAz3g8$_$2,8,-0.0062158173809115,True,0.5462349137931035
-wny0OAz3g8$_$2,9,-0.0011726390366675,True,0.0642629310344831
-wny0OAz3g8$_$2,10,-0.0024768413215952,True,0.1606573275862066
-wny0OAz3g8$_$2,11,-0.0017705941123722,True,0.1927887931034484
-wny0OAz3g8$_$2,12,-6.088039199703133e-05,True,0.1285258620689653
-wny0OAz3g8$_$2,13,-0.0214806410109531,True,0.1124601293103451
-wny0OAz3g8$_$2,14,-0.0001170374359826,True,0.1124601293103446
-wny0OAz3g8$_$2,15,-0.001884873664627,True,0.4498405172413791
-wny0OAz3g8$_$2,16,-0.2184142794607272,True,0.3695118534482757
-wny0OAz3g8$_$2,17,-0.0661396299571303,True,0.0803286637931037
-wny0OAz3g8$_$2,18,-0.023522440344081,True,0.1285258620689653
-wny0OAz3g8$_$2,19,-1.6309056552446773e-05,True,0.385577586206896
-wny0OAz3g8$_$2,20,-9.144523312443198e-05,True,0.1606573275862075
-wny0OAz3g8$_$2,21,-0.0001581513779456,True,0.192788793103448
-wny0OAz3g8$_$2,22,-0.3764281282922064,True,0.6104978448275862
-wny0OAz3g8$_$3,0,-0.0019650827468922,True,0.2889414473684211
-wny0OAz3g8$_$3,1,-0.0068904122455926,True,0.2247322368421052
-wny0OAz3g8$_$3,2,-7.801116231373076e-05,True,0.256836842105263
-wny0OAz3g8$_$3,3,-0.0006224997296314,True,0.1605230263157895
-wny0OAz3g8$_$3,4,-5.185281850117463e-05,True,0.1123661184210527
-wny0OAz3g8$_$3,5,-0.0137984045410443,True,0.4013075657894736
-wny0OAz3g8$_$3,6,-0.0004263952402349,True,0.0963138157894736
-wny0OAz3g8$_$3,7,-0.004303727539062,True,0.3531506578947372
-wny0OAz3g8$_$3,8,-0.0220287504293613,True,0.1284184210526313
-wny0OAz3g8$_$3,9,-0.0007101896904566,True,0.2247322368421049
-wny0OAz3g8$_$3,10,-1.5753102970323267e-05,True,0.3852552631578949
-wny0OAz3g8$_$3,11,-0.0023884401612122,True,0.2728891447368418
-wny0OAz3g8$_$3,12,-0.0004688659901432,True,0.2407845394736845
-wny0OAz3g8$_$3,13,-0.0008233502437633,True,0.1605230263157895
-wny0OAz3g8$_$3,14,-3.045548814313293e-05,True,0.2889414473684208
-wny0OAz3g8$_$3,15,-1.402642083192518e-05,True,0.2247322368421054
-wny0OAz3g8$_$3,16,-0.0021951083628017,True,0.5136736842105263
-wny0OAz3g8$_$3,17,-0.0001583781582681,True,0.3531506578947372
-wny0OAz3g8$_$3,18,-0.0001186882363981,True,0.1284184210526309
-wny0OAz3g8$_$3,19,-0.0035974504473017,True,0.1926276315789472
-wny0OAz3g8$_$5,0,-0.0110661283673827,True,0.337071875
-wny0OAz3g8$_$5,1,-0.0002242591519158,True,0.1605104166666667
-wny0OAz3g8$_$5,2,-0.08538571491616,True,0.2407656249999999
-wny0OAz3g8$_$5,3,-0.0546698749093366,True,0.1123572916666667
-wny0OAz3g8$_$5,4,-2.394550860884692e-05,True,0.2247145833333332
-wny0OAz3g8$_$5,5,-0.0002080707134316,True,0.2247145833333332
-wny0OAz3g8$_$5,6,-0.005092532519427,True,0.3049697916666667
-wny0OAz3g8$_$5,7,-0.0016718895776795,True,0.4654802083333331
-wny0OAz3g8$_$5,8,-0.0412469992383819,True,0.3852250000000001
-wny0OAz3g8$_$5,9,-2.167159596666579e-05,True,0.3210208333333337
-wny0OAz3g8$_$5,10,-0.0285655176844683,True,0.272867708333333
-wny0OAz3g8$_$5,11,-0.0016846920763915,True,0.4975822916666668
-wny0OAz3g8$_$5,12,-0.0059672865741049,True,0.1284083333333332
-wny0OAz3g8$_$5,13,-0.0001729184178114,True,0.1605104166666668
-wny0OAz3g8$_$5,14,-0.024085892531632,True,0.8025520833333335
-wny0OAz3g8$_$5,15,-2.507902390439994,True,0.0642041666666664
-wny0OAz3g8$_$5,16,-0.0394152871355929,True,0.4173270833333333
-wny0OAz3g8$_$5,17,-0.0070971545064821,True,0.1605104166666668
-wny0OAz3g8$_$5,18,-0.0233550547029892,True,0.2568166666666664
-wny0OAz3g8$_$5,19,-0.7448295267172398,True,0.2568166666666664
-wny0OAz3g8$_$7,0,-2.919153084572756,True,0.401956300813008
-wny0OAz3g8$_$7,1,-0.0005999553395668,True,0.096469512195122
-wny0OAz3g8$_$7,2,-3.215959820178796,True,0.2250955284552845
-wny0OAz3g8$_$7,3,-0.00156928171765,True,0.1286260162601626
-wny0OAz3g8$_$7,4,-0.5115385315433016,True,0.2894085365853658
-wny0OAz3g8$_$7,5,-0.0010100249564857,True,0.0964695121951217
-wny0OAz3g8$_$7,6,-0.005644205733659,True,0.4180345528455285
-wny0OAz3g8$_$7,7,-3.944784161318239,True,0.0643130081300813
-wny0OAz3g8$_$7,8,-0.1211919784154792,True,0.192939024390244
-wny0OAz3g8$_$7,9,-0.0001473404468394,True,0.1929390243902435
-wny0OAz3g8$_$7,10,-6.437255024138722e-06,True,0.2250955284552844
-wny0OAz3g8$_$7,11,-0.0002004862682042,True,0.1607825203252035
-wny0OAz3g8$_$7,12,-0.0005210454160078,True,0.0964695121951217
-wny0OAz3g8$_$7,13,-0.0100821365556006,True,0.2250955284552844
-wny0OAz3g8$_$7,14,-0.0012712773050225,True,0.1607825203252035
-wny0OAz3g8$_$7,15,-5.046895211080482e-05,True,0.2411737804878049
-wny0OAz3g8$_$7,16,-1.6807876808873818e-05,True,0.4019563008130076
-wny0OAz3g8$_$7,17,-0.0008067493150644,True,0.3537215447154471
-wny0OAz3g8$_$7,18,-0.0019689251473001,True,0.3537215447154471
-wny0OAz3g8$_$7,19,-0.001295710885391,True,0.3376432926829267
-wny0OAz3g8$_$7,20,-0.0009843826784745,True,0.2411737804878058
-wny0OAz3g8$_$7,21,-0.0007263673880952,True,0.1286260162601618
-wny0OAz3g8$_$7,22,-0.0005925423492385,True,0.4180345528455289
-wny0OAz3g8$_$7,23,-0.0004239200891454,True,0.385878048780488
-wny0OAz3g8$_$7,24,-6.851896331738772e-05,True,0.2250955284552844
-wny0OAz3g8$_$7,25,-1.231827179519011e-06,True,0.1929390243902435
-wny0OAz3g8$_$7,26,-0.0093762611631973,True,0.1286260162601626
-wny0OAz3g8$_$7,27,-0.0693864671931749,True,0.3537215447154471
-wny0OAz3g8$_$7,28,-0.0369093379258401,True,0.2894085365853653
-wny0OAz3g8$_$9,0,-3.019379947996021,True,0.2732433510638298
-wny0OAz3g8$_$9,1,-0.0008663758195847,True,0.4500478723404255
-wny0OAz3g8$_$9,2,-0.004513927690823,True,0.0964388297872339
-wny0OAz3g8$_$9,3,-0.00059804438024,True,0.1285851063829786
-wny0OAz3g8$_$9,4,-0.0117108938884484,True,0.1928776595744681
-wny0OAz3g8$_$9,5,-0.0004073764283418,True,0.096438829787234
-wny0OAz3g8$_$9,6,-0.0005662814701615,True,0.5464867021276598
-wny0OAz3g8$_$9,7,-0.0045339858915838,True,0.1928776595744681
-wny0OAz3g8$_$9,8,-0.0127617326919183,True,0.0964388297872336
-wny0OAz3g8$_$9,9,-0.0014708037065247,True,0.096438829787234
-wny0OAz3g8$_$9,10,-0.0011715763542952,True,0.1928776595744681
-wny0OAz3g8$_$9,11,-0.0294724012204881,True,0.2571702127659576
-wny0OAz3g8$_$9,12,-0.0291120872812437,True,0.7393643617021275
-wny0OAz3g8$_$9,13,-2.086160066028242e-06,True,0.096438829787234
-wny0OAz3g8$_$9,14,-0.0519356763406264,True,0.1285851063829786
-wny0OAz3g8$_$9,15,-4.132873411728204e-05,True,0.1928776595744685
-wny0OAz3g8$_$9,16,-1.909879033945572e-05,True,0.2893164893617017
-wny0OAz3g8$_$9,17,-0.0008317403258129,True,0.5160731382978723
-wny0OAz3g8$_$9,18,-0.0007420659000487,True,0.2250239361702126
-wny0OAz3g8$_$9,19,-0.0005505835733856,True,0.1607313829787235
-yRb-Jum7EQ$_$1,0,-1.4211589946207288,True,0.5160119636963696
-yRb-Jum7EQ$_$1,1,-0.0037939767353236,True,0.1601196369636959
-yRb-Jum7EQ$_$1,2,-2.9704020415471555,True,0.1921435643564368
-yRb-Jum7EQ$_$1,3,-2.463154330624093,True,0.1280957095709567
-yRb-Jum7EQ$_$1,4,-1.112697600284264,True,0.2561914191419134
-yRb-Jum7EQ$_$1,5,-3.929724965943024,True,0.1280957095709567
-yRb-Jum7EQ$_$1,6,-4.712990948930383,True,0.0640478547854783
-yRb-Jum7EQ$_$1,7,-8.851238569477573,False,
-yRb-Jum7EQ$_$1,8,-1.90610854960687,True,0.1280957095709567
-yRb-Jum7EQ$_$1,9,-5.730683211237192,False,
-yRb-Jum7EQ$_$1,10,-4.02374173514545,True,0.3842871287128702
-yRb-Jum7EQ$_$1,11,-0.9334783727118564,True,0.5160119636963678
-yRb-Jum7EQ$_$1,12,-1.3734975636325544,True,0.1601196369636994
-yRb-Jum7EQ$_$1,13,-8.577549180830829,False,
-yRb-Jum7EQ$_$1,14,-2.9246098532748874,True,0.1280957095709567
-yRb-Jum7EQ$_$1,15,-2.623531774058938,True,0.1601196369636923
-yRb-Jum7EQ$_$1,16,-4.383585345000029,True,0.0960717821782211
-yRb-Jum7EQ$_$1,17,-3.9433883528508886,True,0.2561914191419134
-yRb-Jum7EQ$_$1,18,-6.544426302425563,False,
-yRb-Jum7EQ$_$1,19,-3.73849965678528,True,0.1601196369636994
-yRb-Jum7EQ$_$1,20,-2.44353963402682,True,0.1280957095709567
-yRb-Jum7EQ$_$1,21,-3.943204641342163,True,0.0640478547854783
-yRb-Jum7EQ$_$1,22,-9.160696411505342,False,
-yRb-Jum7EQ$_$1,23,-2.9626574678113684,True,0.2241674917491778
-yRb-Jum7EQ$_$1,24,-1.8419527488448169,True,0.608454620462048
-yRb-Jum7EQ$_$1,25,-0.0001126797153781,True,0.3842871287128702
-yRb-Jum7EQ$_$1,26,-2.2284354647155853,True,0.4803589108910842
-yRb-Jum7EQ$_$1,27,-0.5854604512002481,True,0.5160119636963714
-yRb-Jum7EQ$_$1,28,-1.491666326862287,True,0.2882153465346491
-yRb-Jum7EQ$_$1,29,-8.472547181881964,False,
-yRb-Jum7EQ$_$1,30,-2.9524186784983613,True,0.1280957095709567
-yRb-Jum7EQ$_$1,31,-2.3372121792286635,True,0.1280957095709638
-yRb-Jum7EQ$_$1,32,-2.2731165418886423,True,1.3806580033003328
-yRb-Jum7EQ$_$1,33,-1.23644267520649,True,0.5444067656765625
-yRb-Jum7EQ$_$1,34,-2.931433230114635,True,0.1921435643564351
-yRb-Jum7EQ$_$1,35,-4.529074856003717,True,0.2561914191419134
-yRb-Jum7EQ$_$1,36,-3.040083788218908,True,0.1601196369636994
-yRb-Jum7EQ$_$1,37,-3.0413797804154457,True,0.1601196369636994
-yRb-Jum7EQ$_$1,38,-5.921444447583053,False,
-yRb-Jum7EQ$_$1,39,-5.53557334318369,False,
-yRb-Jum7EQ$_$1,40,-8.592278790660203,False,
-yRb-Jum7EQ$_$1,41,-9.280688571433226,False,
-yRb-Jum7EQ$_$1,42,-3.3377757431017625,True,0.4483349834983556
-yRb-Jum7EQ$_$1,43,-1.0090277461942811,True,0.9643469471947236
-yRb-Jum7EQ$_$1,44,-1.8081588330730611,True,0.2241674917491707
-yRb-Jum7EQ$_$1,45,-0.1760191748303028,True,0.3842871287128702
-yRb-Jum7EQ$_$1,46,-3.7802825132530415,True,0.1280957095709567
-yRb-Jum7EQ$_$1,47,-3.7084112199178585,True,0.1921435643564351
-yRb-Jum7EQ$_$1,48,-1.32477174532799,True,0.3842871287128773
-yRb-Jum7EQ$_$5,0,-1.2809572249733558,True,0.5160252610565124
-yRb-Jum7EQ$_$5,1,-5.157865194045007,False,
-yRb-Jum7EQ$_$5,2,-6.314745223149657,False,
-yRb-Jum7EQ$_$5,3,-6.777242369949818,False,
-yRb-Jum7EQ$_$5,4,-8.816635766997933,False,
-yRb-Jum7EQ$_$5,5,-5.89083868265152,False,
-yRb-Jum7EQ$_$5,6,-8.453692028298974,False,
-yRb-Jum7EQ$_$5,7,-3.857475167431403,True,0.1282020884520882
-yRb-Jum7EQ$_$5,8,-2.6000016973897195,True,0.2243536547911535
-yRb-Jum7EQ$_$5,9,-3.751589132589288,True,0.1282020884520882
-yRb-Jum7EQ$_$5,10,-3.5907227688100343,True,0.0961515663390653
-yRb-Jum7EQ$_$5,11,-9.965712628016869,False,
-yRb-Jum7EQ$_$5,12,-6.268233382375911,False,
-yRb-Jum7EQ$_$5,13,-4.221567248532665,True,0.1602526105651112
-yRb-Jum7EQ$_$5,14,-2.222331583732739,True,0.1282020884520882
-yRb-Jum7EQ$_$5,15,-6.57627246924676,False,
-yRb-Jum7EQ$_$5,16,-9.53629407286644,False,
-yRb-Jum7EQ$_$5,17,-7.578350551426411,False,
-yRb-Jum7EQ$_$5,18,-2.6380178972225017,True,0.1923031326781323
-yRb-Jum7EQ$_$5,19,-5.872456218639854,False,
-yRb-Jum7EQ$_$5,20,-10.242036774754524,False,
-yRb-Jum7EQ$_$5,21,-10.59986424492672,False,
-yRb-Jum7EQ$_$5,22,-10.309748726729596,False,
-yRb-Jum7EQ$_$5,23,-0.954901068546578,True,0.9006315264127753
-yRb-Jum7EQ$_$5,24,-5.048563277038435,False,
-yRb-Jum7EQ$_$6,0,-1.5114647588856571,True,0.22485125
-yRb-Jum7EQ$_$6,1,-1.6166266887448728,True,0.0963648214285713
-yRb-Jum7EQ$_$6,2,-4.371263061650097,True,0.1284864285714285
-yRb-Jum7EQ$_$6,3,-2.570205380674452,True,0.2569728571428572
-yRb-Jum7EQ$_$6,4,-0.4086529906839132,True,0.3212160714285714
-yRb-Jum7EQ$_$6,5,-9.869648321997374,False,
-yRb-Jum7EQ$_$6,6,-5.1458910293877125,False,
-yRb-Jum7EQ$_$6,7,-2.1275425495114177,True,0.2890944642857143
-yRb-Jum7EQ$_$6,8,-3.96239203606577,True,0.1606080357142856
-yRb-Jum7EQ$_$6,9,-3.610271247685887,True,0.1284864285714286
-yRb-Jum7EQ$_$6,10,-1.5403595246119108,True,0.8351617857142859
-yRb-Jum7EQ$_$6,11,-0.8475833710481988,True,0.5160608035714289
-yRb-Jum7EQ$_$6,12,-0.0527102015912532,True,0.0642432142857138
-yRb-Jum7EQ$_$6,13,-5.522973960288709,False,
-yRb-Jum7EQ$_$6,14,-5.540352836217664,False,
-yRb-Jum7EQ$_$6,15,-9.31210035199183,False,
-yRb-Jum7EQ$_$6,16,-2.7528747085481884,True,0.160608035714286
-yRb-Jum7EQ$_$6,17,-1.5743375938734971,True,0.1606080357142856
-yRb-Jum7EQ$_$6,18,-1.8045776569658,True,0.385459285714286
