sample_id,start,end,analysis_window_end,visible_identity_clusters,talknet_active_clusters,anchor_identity,propagated_identity,propagation_source_time,arcface_continuity,av_sync_flag,segment_status,selected_identity,quality_flag,sample_index
-9y-fZ3swSY$_$8,0.0,0.25,0.5,[0],[],,,,0,neutral,UNRESOLVED,,,10
-9y-fZ3swSY$_$8,0.25,0.5,0.75,[0],[],,,,0,neutral,UNRESOLVED,,,10
-9y-fZ3swSY$_$8,0.5,0.75,1.0,[0],[],,,,0,neutral,UNRESOLVED,,,10
-9y-fZ3swSY$_$8,0.75,1.0,1.25,[0],[],,,,0,neutral,UNRESOLVED,,,10
-9y-fZ3swSY$_$8,1.0,1.25,1.5,[0],[],,,,0,neutral,UNRESOLVED,,,10
-9y-fZ3swSY$_$8,1.25,1.5,1.75,[0],[],,,,0,neutral,UNRESOLVED,,,10
-9y-fZ3swSY$_$8,1.5,1.75,2.0,[0],[],,,,0,neutral,UNRESOLVED,,,10
-9y-fZ3swSY$_$8,1.75,2.0,2.25,[0],[],,,,0,neutral,UNRESOLVED,,,10
-9y-fZ3swSY$_$8,2.0,2.25,2.5,[0],[],,,,0,neutral,UNRESOLVED,,,10
-9y-fZ3swSY$_$8,2.25,2.5,2.75,[0],[],,,,0,neutral,UNRESOLVED,,,10
-9y-fZ3swSY$_$8,2.5,2.75,3.0,[0],[],,,,0,neutral,UNRESOLVED,,,10
-9y-fZ3swSY$_$8,2.75,3.0,3.25,[0],[],,,,0,neutral,UNRESOLVED,,,10
-9y-fZ3swSY$_$8,3.0,3.25,3.5,[0],[],,,,0,neutral,UNRESOLVED,,,10
-9y-fZ3swSY$_$8,3.25,3.5,3.75,[0],[],,,,0,neutral,UNRESOLVED,,,10
-9y-fZ3swSY$_$8,3.5,3.75,4.0,[0],[],,,,0,neutral,UNRESOLVED,,,10
-9y-fZ3swSY$_$8,3.75,4.0,4.25,[0],[],,,,0,neutral,UNRESOLVED,,,10
-9y-fZ3swSY$_$8,4.0,4.25,4.5,[0],[],,,,0,neutral,UNRESOLVED,,,10
-9y-fZ3swSY$_$8,4.25,4.5,4.75,[0],[],,,,0,neutral,UNRESOLVED,,,10
-9y-fZ3swSY$_$8,4.5,4.75,4.966666666666667,[0],[],,,,0,neutral,UNRESOLVED,,,10
-9y-fZ3swSY$_$8,4.75,4.966666666666667,4.966666666666667,[0],[],,,,0,neutral,UNRESOLVED,,,10
-HwX2H8Z4hY$_$2,0.0,0.25,0.5,[],[],,,,0,neutral,MISSING,,,13
-HwX2H8Z4hY$_$2,0.25,0.5,0.75,[],[],,,,0,neutral,MISSING,,,13
-HwX2H8Z4hY$_$2,0.5,0.75,1.0,[],[],,,,0,neutral,MISSING,,,13
-HwX2H8Z4hY$_$2,0.75,1.0,1.25,[],[],,,,0,neutral,MISSING,,,13
-HwX2H8Z4hY$_$2,1.0,1.25,1.5,[],[],,,,0,neutral,MISSING,,,13
-HwX2H8Z4hY$_$2,1.25,1.5,1.75,[],[],,,,0,neutral,MISSING,,,13
-HwX2H8Z4hY$_$2,1.5,1.75,2.0,[],[],,,,0,neutral,MISSING,,,13
-HwX2H8Z4hY$_$2,1.75,2.0,2.25,[],[],,,,0,neutral,MISSING,,,13
-HwX2H8Z4hY$_$2,2.0,2.25,2.5,[],[],,,,0,neutral,MISSING,,,13
-HwX2H8Z4hY$_$2,2.25,2.5,2.75,[],[],,,,0,neutral,MISSING,,,13
-HwX2H8Z4hY$_$2,2.5,2.75,3.0,[0],[],,,,0,neutral,UNRESOLVED,,,13
-HwX2H8Z4hY$_$2,2.75,3.0,3.25,[0],[],,,,0,neutral,UNRESOLVED,,,13
-HwX2H8Z4hY$_$2,3.0,3.25,3.5,[1],[],,,,0,neutral,UNRESOLVED,,,13
-HwX2H8Z4hY$_$2,3.25,3.5,3.75,[1],[],,,,0,neutral,UNRESOLVED,,,13
-HwX2H8Z4hY$_$2,3.5,3.75,3.9666666666666655,[1],[],,,,0,neutral,UNRESOLVED,,,13
-HwX2H8Z4hY$_$2,3.75,3.9666666666666655,3.9666666666666655,[1],[],,,,0,neutral,UNRESOLVED,,,13
-HwX2H8Z4hY$_$5,0.0,0.25,0.5,[0],[],,,,0,neutral,UNRESOLVED,,,14
-HwX2H8Z4hY$_$5,0.25,0.5,0.75,[0],[],,,,0,neutral,UNRESOLVED,,,14
-HwX2H8Z4hY$_$5,0.5,0.75,1.0,[0],[],,,,0,neutral,UNRESOLVED,,,14
-HwX2H8Z4hY$_$5,0.75,1.0,1.25,[0],[],,,,0,neutral,UNRESOLVED,,,14
-HwX2H8Z4hY$_$5,1.0,1.25,1.5,[0],[],,,,0,neutral,UNRESOLVED,,,14
-HwX2H8Z4hY$_$5,1.25,1.5,1.75,[0],[],,,,0,neutral,UNRESOLVED,,,14
-HwX2H8Z4hY$_$5,1.5,1.75,2.0,[0],[],,,,0,neutral,UNRESOLVED,,,14
-HwX2H8Z4hY$_$5,1.75,2.0,2.25,[],[],,,,0,neutral,MISSING,,,14
-HwX2H8Z4hY$_$5,2.0,2.25,2.5,[],[],,,,0,neutral,MISSING,,,14
-HwX2H8Z4hY$_$5,2.25,2.5,2.75,[],[],,,,0,neutral,MISSING,,,14
-HwX2H8Z4hY$_$5,2.5,2.75,3.0,[],[],,,,0,neutral,MISSING,,,14
-HwX2H8Z4hY$_$5,2.75,3.0,3.25,[],[],,,,0,neutral,MISSING,,,14
-HwX2H8Z4hY$_$5,3.0,3.25,3.5,[],[],,,,0,neutral,MISSING,,,14
-HwX2H8Z4hY$_$5,3.25,3.5,3.75,[],[],,,,0,neutral,MISSING,,,14
-HwX2H8Z4hY$_$5,3.5,3.75,4.0,[],[],,,,0,neutral,MISSING,,,14
-HwX2H8Z4hY$_$5,3.75,4.0,4.25,[],[],,,,0,neutral,MISSING,,,14
-HwX2H8Z4hY$_$5,4.0,4.25,4.5,[],[],,,,0,neutral,MISSING,,,14
-HwX2H8Z4hY$_$5,4.25,4.5,4.75,[],[],,,,0,neutral,MISSING,,,14
-HwX2H8Z4hY$_$5,4.5,4.75,5.0,[],[],,,,0,neutral,MISSING,,,14
-HwX2H8Z4hY$_$5,4.75,5.0,5.25,[],[],,,,0,neutral,MISSING,,,14
-HwX2H8Z4hY$_$5,5.0,5.25,5.5,[0],[],,,,0,neutral,UNRESOLVED,,,14
-HwX2H8Z4hY$_$5,5.25,5.5,5.633333333333333,[0],[],,,,0,neutral,UNRESOLVED,,,14
-HwX2H8Z4hY$_$5,5.5,5.633333333333333,5.633333333333333,[0],[],,,,0,neutral,UNRESOLVED,,,14
-HwX2H8Z4hY$_$6,0.0,0.25,0.5,[0],[],,,,0,neutral,UNRESOLVED,,,15
-HwX2H8Z4hY$_$6,0.25,0.5,0.75,[0],[],,,,0,neutral,UNRESOLVED,,,15
-HwX2H8Z4hY$_$6,0.5,0.75,1.0,[0],[],,,,0,neutral,UNRESOLVED,,,15
-HwX2H8Z4hY$_$6,0.75,1.0,1.25,[0],[],,,,0,neutral,UNRESOLVED,,,15
-HwX2H8Z4hY$_$6,1.0,1.25,1.5,[0],[],,,,0,neutral,UNRESOLVED,,,15
-HwX2H8Z4hY$_$6,1.25,1.5,1.75,[0],[],,,,0,neutral,UNRESOLVED,,,15
-HwX2H8Z4hY$_$6,1.5,1.75,2.0,[],[],,,,0,neutral,MISSING,,,15
-HwX2H8Z4hY$_$6,1.75,2.0,2.25,[],[],,,,0,neutral,MISSING,,,15
-HwX2H8Z4hY$_$6,2.0,2.25,2.5,[],[],,,,0,neutral,MISSING,,,15
-HwX2H8Z4hY$_$6,2.25,2.5,2.75,[],[],,,,0,neutral,MISSING,,,15
-HwX2H8Z4hY$_$6,2.5,2.75,3.0,[],[],,,,0,neutral,MISSING,,,15
-HwX2H8Z4hY$_$6,2.75,3.0,3.25,[1],[],,,,0,neutral,UNRESOLVED,,,15
-HwX2H8Z4hY$_$6,3.0,3.25,3.333333333333333,[1],[],,,,0,neutral,UNRESOLVED,,,15
-HwX2H8Z4hY$_$6,3.25,3.333333333333333,3.333333333333333,[1],[],,,,0,neutral,UNRESOLVED,,,15
-HwX2H8Z4hY$_$9,0.0,0.25,0.5,[0],[],,,,0,neutral,UNRESOLVED,,,16
-HwX2H8Z4hY$_$9,0.25,0.5,0.75,[0],[],,,,0,neutral,UNRESOLVED,,,16
-HwX2H8Z4hY$_$9,0.5,0.75,1.0,[0],[],,,,0,neutral,UNRESOLVED,,,16
-HwX2H8Z4hY$_$9,0.75,1.0,1.25,[0],[],,,,0,neutral,UNRESOLVED,,,16
-HwX2H8Z4hY$_$9,1.0,1.25,1.5,[0],[0],,,,0,neutral,VERIFIED_ACTIVE,0.0,,16
-HwX2H8Z4hY$_$9,1.25,1.5,1.75,[],[],,,,0,neutral,MISSING,,,16
-HwX2H8Z4hY$_$9,1.5,1.75,2.0,[],[],,,,0,neutral,MISSING,,,16
-HwX2H8Z4hY$_$9,1.75,2.0,2.25,[],[],,,,0,neutral,MISSING,,,16
-HwX2H8Z4hY$_$9,2.0,2.25,2.5,[],[],,,,0,neutral,MISSING,,,16
-HwX2H8Z4hY$_$9,2.25,2.5,2.75,[],[],,,,0,neutral,MISSING,,,16
-HwX2H8Z4hY$_$9,2.5,2.75,3.0,[],[],,,,0,neutral,MISSING,,,16
-HwX2H8Z4hY$_$9,2.75,3.0,3.25,[0],[],0.0,0.0,6.0,1,neutral,VERIFIED_CONTINUITY,0.0,,16
-HwX2H8Z4hY$_$9,3.0,3.25,3.5,[0],[],0.0,0.0,6.0,1,neutral,VERIFIED_CONTINUITY,0.0,,16
-HwX2H8Z4hY$_$9,3.25,3.5,3.75,[0],[],0.0,0.0,6.0,1,neutral,VERIFIED_CONTINUITY,0.0,,16
-HwX2H8Z4hY$_$9,3.5,3.75,4.0,[0],[],0.0,0.0,6.0,1,neutral,VERIFIED_CONTINUITY,0.0,,16
-HwX2H8Z4hY$_$9,3.75,4.0,4.25,[0],[],0.0,0.0,6.0,1,neutral,VERIFIED_CONTINUITY,0.0,,16
-HwX2H8Z4hY$_$9,4.0,4.25,4.5,[0],[],0.0,0.0,6.0,1,neutral,VERIFIED_CONTINUITY,0.0,,16
-HwX2H8Z4hY$_$9,4.25,4.5,4.75,[0],[],0.0,0.0,6.0,1,neutral,VERIFIED_CONTINUITY,0.0,,16
-HwX2H8Z4hY$_$9,4.5,4.75,5.0,[0],[],0.0,0.0,6.0,1,neutral,VERIFIED_CONTINUITY,0.0,,16
-HwX2H8Z4hY$_$9,4.75,5.0,5.25,[0],[],0.0,0.0,6.0,1,neutral,VERIFIED_CONTINUITY,0.0,,16
-HwX2H8Z4hY$_$9,5.0,5.25,5.5,[0],[],0.0,0.0,6.0,1,neutral,VERIFIED_CONTINUITY,0.0,,16
-HwX2H8Z4hY$_$9,5.25,5.5,5.75,[0],[],0.0,0.0,6.0,1,neutral,VERIFIED_CONTINUITY,0.0,,16
-HwX2H8Z4hY$_$9,5.5,5.75,6.0,[0],[],0.0,0.0,6.0,1,neutral,VERIFIED_CONTINUITY,0.0,,16
-HwX2H8Z4hY$_$9,5.75,6.0,6.25,[0],[],0.0,0.0,6.0,1,neutral,VERIFIED_CONTINUITY,0.0,,16
-HwX2H8Z4hY$_$9,6.0,6.25,6.5,[0],[0],0.0,,,0,neutral,VERIFIED_ACTIVE,0.0,,16
-HwX2H8Z4hY$_$9,6.25,6.5,6.75,[0],[0],0.0,,,0,neutral,VERIFIED_ACTIVE,0.0,,16
-HwX2H8Z4hY$_$9,6.5,6.75,7.0,[0],[0],0.0,,,0,neutral,VERIFIED_ACTIVE,0.0,,16
-HwX2H8Z4hY$_$9,6.75,7.0,7.25,[0],[0],0.0,,,0,neutral,VERIFIED_ACTIVE,0.0,,16
-HwX2H8Z4hY$_$9,7.0,7.25,7.5,[0],[0],0.0,,,0,neutral,VERIFIED_ACTIVE,0.0,,16
-HwX2H8Z4hY$_$9,7.25,7.5,7.733333333333333,[0],[0],0.0,,,0,neutral,VERIFIED_ACTIVE,0.0,,16
-HwX2H8Z4hY$_$9,7.5,7.733333333333333,7.733333333333333,[0],[0],0.0,,,0,neutral,VERIFIED_ACTIVE,0.0,,16
-MeTTeMJBNc$_$0,0.0,0.25,0.5,[0],[],0.0,0.0,5.5,1,conflict,VERIFIED_CONTINUITY,0.0,talknet_or_continuity_av_sync_conflict,19
-MeTTeMJBNc$_$0,0.25,0.5,0.75,[0],[],0.0,0.0,5.5,1,conflict,VERIFIED_CONTINUITY,0.0,talknet_or_continuity_av_sync_conflict,19
-MeTTeMJBNc$_$0,0.5,0.75,1.0,[0],[],0.0,0.0,5.5,1,conflict,VERIFIED_CONTINUITY,0.0,talknet_or_continuity_av_sync_conflict,19
-MeTTeMJBNc$_$0,0.75,1.0,1.25,[0],[],0.0,0.0,5.5,1,conflict,VERIFIED_CONTINUITY,0.0,talknet_or_continuity_av_sync_conflict,19
-MeTTeMJBNc$_$0,1.0,1.25,1.5,[0],[],0.0,0.0,5.5,1,conflict,VERIFIED_CONTINUITY,0.0,talknet_or_continuity_av_sync_conflict,19
-MeTTeMJBNc$_$0,1.25,1.5,1.75,[0],[],0.0,0.0,5.5,1,conflict,VERIFIED_CONTINUITY,0.0,talknet_or_continuity_av_sync_conflict,19
-MeTTeMJBNc$_$0,1.5,1.75,2.0,[0],[],0.0,0.0,5.5,1,conflict,VERIFIED_CONTINUITY,0.0,talknet_or_continuity_av_sync_conflict,19
-MeTTeMJBNc$_$0,1.75,2.0,2.25,[0],[],0.0,0.0,5.5,1,conflict,VERIFIED_CONTINUITY,0.0,talknet_or_continuity_av_sync_conflict,19
-MeTTeMJBNc$_$0,2.0,2.25,2.5,[0],[],0.0,0.0,5.5,1,conflict,VERIFIED_CONTINUITY,0.0,talknet_or_continuity_av_sync_conflict,19
-MeTTeMJBNc$_$0,2.25,2.5,2.75,[0],[],0.0,0.0,5.5,1,conflict,VERIFIED_CONTINUITY,0.0,talknet_or_continuity_av_sync_conflict,19
-MeTTeMJBNc$_$0,2.5,2.75,3.0,[0],[],0.0,0.0,5.5,1,conflict,VERIFIED_CONTINUITY,0.0,talknet_or_continuity_av_sync_conflict,19
-MeTTeMJBNc$_$0,2.75,3.0,3.25,[0],[],0.0,0.0,5.5,1,conflict,VERIFIED_CONTINUITY,0.0,talknet_or_continuity_av_sync_conflict,19
-MeTTeMJBNc$_$0,3.0,3.25,3.5,[0],[],0.0,0.0,5.5,1,conflict,VERIFIED_CONTINUITY,0.0,talknet_or_continuity_av_sync_conflict,19
-MeTTeMJBNc$_$0,3.25,3.5,3.75,[0],[],0.0,0.0,5.5,1,conflict,VERIFIED_CONTINUITY,0.0,talknet_or_continuity_av_sync_conflict,19
-MeTTeMJBNc$_$0,3.5,3.75,4.0,[0],[],0.0,0.0,5.5,1,conflict,VERIFIED_CONTINUITY,0.0,talknet_or_continuity_av_sync_conflict,19
-MeTTeMJBNc$_$0,3.75,4.0,4.25,[0],[],0.0,0.0,5.5,1,conflict,VERIFIED_CONTINUITY,0.0,talknet_or_continuity_av_sync_conflict,19
-MeTTeMJBNc$_$0,4.0,4.25,4.5,[0],[],0.0,0.0,5.5,1,conflict,VERIFIED_CONTINUITY,0.0,talknet_or_continuity_av_sync_conflict,19
-MeTTeMJBNc$_$0,4.25,4.5,4.75,[0],[],0.0,0.0,5.5,1,conflict,VERIFIED_CONTINUITY,0.0,talknet_or_continuity_av_sync_conflict,19
-MeTTeMJBNc$_$0,4.5,4.75,5.0,[0],[],0.0,0.0,5.5,1,conflict,VERIFIED_CONTINUITY,0.0,talknet_or_continuity_av_sync_conflict,19
-MeTTeMJBNc$_$0,4.75,5.0,5.25,[0],[],0.0,0.0,5.5,1,conflict,VERIFIED_CONTINUITY,0.0,talknet_or_continuity_av_sync_conflict,19
-MeTTeMJBNc$_$0,5.0,5.25,5.5,[0],[],0.0,0.0,5.5,1,conflict,VERIFIED_CONTINUITY,0.0,talknet_or_continuity_av_sync_conflict,19
-MeTTeMJBNc$_$0,5.25,5.5,5.75,[0],[],0.0,0.0,5.5,1,conflict,VERIFIED_CONTINUITY,0.0,talknet_or_continuity_av_sync_conflict,19
-MeTTeMJBNc$_$0,5.5,5.75,6.0,[0],[0],0.0,,,0,conflict,VERIFIED_ACTIVE,0.0,talknet_or_continuity_av_sync_conflict,19
-MeTTeMJBNc$_$0,5.75,6.0,6.25,[0],[0],0.0,,,0,conflict,VERIFIED_ACTIVE,0.0,talknet_or_continuity_av_sync_conflict,19
-MeTTeMJBNc$_$0,6.0,6.25,6.5,[0],[],0.0,0.0,5.75,1,conflict,VERIFIED_CONTINUITY,0.0,talknet_or_continuity_av_sync_conflict,19
-MeTTeMJBNc$_$0,6.25,6.5,6.75,[0],[],0.0,0.0,5.75,1,conflict,VERIFIED_CONTINUITY,0.0,talknet_or_continuity_av_sync_conflict,19
-MeTTeMJBNc$_$0,6.5,6.75,7.0,[0],[],0.0,0.0,6.75,1,conflict,VERIFIED_CONTINUITY,0.0,talknet_or_continuity_av_sync_conflict,19
-MeTTeMJBNc$_$0,6.75,7.0,7.25,[0],[0],0.0,,,0,conflict,VERIFIED_ACTIVE,0.0,talknet_or_continuity_av_sync_conflict,19
-MeTTeMJBNc$_$0,7.0,7.25,7.5,[0],[0],0.0,,,0,conflict,VERIFIED_ACTIVE,0.0,talknet_or_continuity_av_sync_conflict,19
-MeTTeMJBNc$_$0,7.25,7.5,7.75,[0],[0],0.0,,,0,conflict,VERIFIED_ACTIVE,0.0,talknet_or_continuity_av_sync_conflict,19
-MeTTeMJBNc$_$0,7.5,7.75,8.0,[0],[],0.0,0.0,7.25,1,conflict,VERIFIED_CONTINUITY,0.0,talknet_or_continuity_av_sync_conflict,19
-MeTTeMJBNc$_$0,7.75,8.0,8.25,[0],[],0.0,0.0,7.25,1,conflict,VERIFIED_CONTINUITY,0.0,talknet_or_continuity_av_sync_conflict,19
-MeTTeMJBNc$_$0,8.0,8.25,8.5,[0],[],0.0,0.0,7.25,1,conflict,VERIFIED_CONTINUITY,0.0,talknet_or_continuity_av_sync_conflict,19
-MeTTeMJBNc$_$0,8.25,8.5,8.75,[0],[],0.0,0.0,7.25,1,conflict,VERIFIED_CONTINUITY,0.0,talknet_or_continuity_av_sync_conflict,19
-MeTTeMJBNc$_$0,8.5,8.75,9.0,[0],[],0.0,0.0,7.25,1,conflict,VERIFIED_CONTINUITY,0.0,talknet_or_continuity_av_sync_conflict,19
-MeTTeMJBNc$_$0,8.75,9.0,9.25,[0],[],0.0,0.0,7.25,1,conflict,VERIFIED_CONTINUITY,0.0,talknet_or_continuity_av_sync_conflict,19
-MeTTeMJBNc$_$0,9.0,9.25,9.333333333333334,[0],[],0.0,0.0,7.25,1,conflict,VERIFIED_CONTINUITY,0.0,talknet_or_continuity_av_sync_conflict,19
-MeTTeMJBNc$_$0,9.25,9.333333333333334,9.333333333333334,[0],[],0.0,0.0,7.25,1,conflict,VERIFIED_CONTINUITY,0.0,talknet_or_continuity_av_sync_conflict,19
-MeTTeMJBNc$_$7,0.0,0.25,0.5,[0],[],,,,0,neutral,UNRESOLVED,,,21
-MeTTeMJBNc$_$7,0.25,0.5,0.75,[0],[],,,,0,neutral,UNRESOLVED,,,21
-MeTTeMJBNc$_$7,0.5,0.75,1.0,[0],[],,,,0,neutral,UNRESOLVED,,,21
-MeTTeMJBNc$_$7,0.75,1.0,1.25,[0],[],,,,0,neutral,UNRESOLVED,,,21
-MeTTeMJBNc$_$7,1.0,1.25,1.5,[0],[],,,,0,neutral,UNRESOLVED,,,21
-MeTTeMJBNc$_$7,1.25,1.5,1.75,[0],[],,,,0,neutral,UNRESOLVED,,,21
-MeTTeMJBNc$_$7,1.5,1.75,2.0,[0],[],,,,0,neutral,UNRESOLVED,,,21
-MeTTeMJBNc$_$7,1.75,2.0,2.25,[0],[],,,,0,neutral,UNRESOLVED,,,21
-MeTTeMJBNc$_$7,2.0,2.25,2.5,[0],[],,,,0,neutral,UNRESOLVED,,,21
-MeTTeMJBNc$_$7,2.25,2.5,2.75,[0],[],,,,0,neutral,UNRESOLVED,,,21
-MeTTeMJBNc$_$7,2.5,2.75,3.0,[0],[],,,,0,neutral,UNRESOLVED,,,21
-MeTTeMJBNc$_$7,2.75,3.0,3.25,"[0,1]",[],,,,0,neutral,AMBIGUOUS,,,21
-MeTTeMJBNc$_$7,3.0,3.25,3.5,"[0,1]",[],,,,0,neutral,AMBIGUOUS,,,21
-MeTTeMJBNc$_$7,3.25,3.5,3.75,[0],[],,,,0,neutral,UNRESOLVED,,,21
-MeTTeMJBNc$_$7,3.5,3.75,4.0,[0],[],,,,0,neutral,UNRESOLVED,,,21
-MeTTeMJBNc$_$7,3.75,4.0,4.25,[0],[],,,,0,neutral,UNRESOLVED,,,21
-MeTTeMJBNc$_$7,4.0,4.25,4.5,[0],[],,,,0,neutral,UNRESOLVED,,,21
-MeTTeMJBNc$_$7,4.25,4.5,4.75,[0],[],,,,0,neutral,UNRESOLVED,,,21
-MeTTeMJBNc$_$7,4.5,4.75,5.0,[0],[],,,,0,neutral,UNRESOLVED,,,21
-MeTTeMJBNc$_$7,4.75,5.0,5.25,[0],[],,,,0,neutral,UNRESOLVED,,,21
-MeTTeMJBNc$_$7,5.0,5.25,5.5,[0],[],,,,0,neutral,UNRESOLVED,,,21
-MeTTeMJBNc$_$7,5.25,5.5,5.75,[0],[],,,,0,neutral,UNRESOLVED,,,21
-MeTTeMJBNc$_$7,5.5,5.75,6.0,[0],[],,,,0,neutral,UNRESOLVED,,,21
-MeTTeMJBNc$_$7,5.75,6.0,6.25,[0],[],,,,0,neutral,UNRESOLVED,,,21
-MeTTeMJBNc$_$7,6.0,6.25,6.5,[0],[],,,,0,neutral,UNRESOLVED,,,21
-MeTTeMJBNc$_$7,6.25,6.5,6.75,[0],[],,,,0,neutral,UNRESOLVED,,,21
-MeTTeMJBNc$_$7,6.5,6.75,7.0,[0],[],,,,0,neutral,UNRESOLVED,,,21
-MeTTeMJBNc$_$7,6.75,7.0,7.25,[0],[],,,,0,neutral,UNRESOLVED,,,21
-MeTTeMJBNc$_$7,7.0,7.25,7.5,[0],[],,,,0,neutral,UNRESOLVED,,,21
-MeTTeMJBNc$_$7,7.25,7.5,7.75,[0],[],,,,0,neutral,UNRESOLVED,,,21
-MeTTeMJBNc$_$7,7.5,7.75,8.0,[0],[],,,,0,neutral,UNRESOLVED,,,21
-MeTTeMJBNc$_$7,7.75,8.0,8.25,[0],[],,,,0,neutral,UNRESOLVED,,,21
-MeTTeMJBNc$_$7,8.0,8.25,8.5,[0],[],,,,0,neutral,UNRESOLVED,,,21
-MeTTeMJBNc$_$7,8.25,8.5,8.75,[0],[],,,,0,neutral,UNRESOLVED,,,21
-MeTTeMJBNc$_$7,8.5,8.75,9.0,[0],[],,,,0,neutral,UNRESOLVED,,,21
-MeTTeMJBNc$_$7,8.75,9.0,9.25,[0],[],,,,0,neutral,UNRESOLVED,,,21
-MeTTeMJBNc$_$7,9.0,9.25,9.5,[0],[],,,,0,neutral,UNRESOLVED,,,21
-MeTTeMJBNc$_$7,9.25,9.5,9.75,[0],[],,,,0,neutral,UNRESOLVED,,,21
-MeTTeMJBNc$_$7,9.5,9.75,10.0,[0],[],,,,0,neutral,UNRESOLVED,,,21
-MeTTeMJBNc$_$7,9.75,10.0,10.25,[0],[],,,,0,neutral,UNRESOLVED,,,21
-MeTTeMJBNc$_$7,10.0,10.25,10.5,[0],[],,,,0,neutral,UNRESOLVED,,,21
-MeTTeMJBNc$_$7,10.25,10.5,10.5,[0],[],,,,0,neutral,UNRESOLVED,,,21
-NFrJFQijFE$_$1,0.0,0.25,0.5,[],[],,,,0,neutral,MISSING,,,22
-NFrJFQijFE$_$1,0.25,0.5,0.75,[],[],,,,0,neutral,MISSING,,,22
-NFrJFQijFE$_$1,0.5,0.75,1.0,[],[],,,,0,neutral,MISSING,,,22
-NFrJFQijFE$_$1,0.75,1.0,1.25,[],[],,,,0,neutral,MISSING,,,22
-NFrJFQijFE$_$1,1.0,1.25,1.5,[],[],,,,0,neutral,MISSING,,,22
-NFrJFQijFE$_$1,1.25,1.5,1.75,[],[],,,,0,neutral,MISSING,,,22
-NFrJFQijFE$_$1,1.5,1.75,2.0,[],[],,,,0,neutral,MISSING,,,22
-NFrJFQijFE$_$1,1.75,2.0,2.25,[],[],,,,0,neutral,MISSING,,,22
-NFrJFQijFE$_$1,2.0,2.25,2.5,[],[],,,,0,neutral,MISSING,,,22
-NFrJFQijFE$_$1,2.25,2.5,2.75,[],[],,,,0,neutral,MISSING,,,22
-NFrJFQijFE$_$1,2.5,2.75,3.0,[],[],,,,0,neutral,MISSING,,,22
-NFrJFQijFE$_$1,2.75,3.0,3.25,[],[],,,,0,neutral,MISSING,,,22
-NFrJFQijFE$_$1,3.0,3.25,3.5,[],[],,,,0,neutral,MISSING,,,22
-NFrJFQijFE$_$1,3.25,3.5,3.75,[],[],,,,0,neutral,MISSING,,,22
-NFrJFQijFE$_$1,3.5,3.75,4.0,[],[],,,,0,neutral,MISSING,,,22
-NFrJFQijFE$_$1,3.75,4.0,4.25,[],[],,,,0,neutral,MISSING,,,22
-NFrJFQijFE$_$1,4.0,4.25,4.5,[],[],,,,0,neutral,MISSING,,,22
-NFrJFQijFE$_$1,4.25,4.5,4.75,[],[],,,,0,neutral,MISSING,,,22
-NFrJFQijFE$_$1,4.5,4.75,5.0,[],[],,,,0,neutral,MISSING,,,22
-NFrJFQijFE$_$1,4.75,5.0,5.25,[],[],,,,0,neutral,MISSING,,,22
-NFrJFQijFE$_$1,5.0,5.25,5.5,[],[],,,,0,neutral,MISSING,,,22
-NFrJFQijFE$_$1,5.25,5.5,5.720000000000001,[],[],,,,0,neutral,MISSING,,,22
-NFrJFQijFE$_$1,5.5,5.720000000000001,5.720000000000001,[],[],,,,0,neutral,MISSING,,,22
-NFrJFQijFE$_$2,0.0,0.25,0.5,[],[],,,,0,neutral,MISSING,,,23
-NFrJFQijFE$_$2,0.25,0.5,0.75,[],[],,,,0,neutral,MISSING,,,23
-NFrJFQijFE$_$2,0.5,0.75,1.0,[],[],,,,0,neutral,MISSING,,,23
-NFrJFQijFE$_$2,0.75,1.0,1.25,[],[],,,,0,neutral,MISSING,,,23
-NFrJFQijFE$_$2,1.0,1.25,1.5,[],[],,,,0,neutral,MISSING,,,23
-NFrJFQijFE$_$2,1.25,1.5,1.75,[],[],,,,0,neutral,MISSING,,,23
-NFrJFQijFE$_$2,1.5,1.75,2.0,[],[],,,,0,neutral,MISSING,,,23
-NFrJFQijFE$_$2,1.75,2.0,2.25,[],[],,,,0,neutral,MISSING,,,23
-NFrJFQijFE$_$2,2.0,2.25,2.5,[],[],,,,0,neutral,MISSING,,,23
-NFrJFQijFE$_$2,2.25,2.5,2.75,[],[],,,,0,neutral,MISSING,,,23
-NFrJFQijFE$_$2,2.5,2.75,3.0,[],[],,,,0,neutral,MISSING,,,23
-NFrJFQijFE$_$2,2.75,3.0,3.25,[],[],,,,0,neutral,MISSING,,,23
-NFrJFQijFE$_$2,3.0,3.25,3.5,[],[],,,,0,neutral,MISSING,,,23
-NFrJFQijFE$_$2,3.25,3.5,3.75,[],[],,,,0,neutral,MISSING,,,23
-NFrJFQijFE$_$2,3.5,3.75,4.0,[],[],,,,0,neutral,MISSING,,,23
-NFrJFQijFE$_$2,3.75,4.0,4.25,[],[],,,,0,neutral,MISSING,,,23
-NFrJFQijFE$_$2,4.0,4.25,4.5,[],[],,,,0,neutral,MISSING,,,23
-NFrJFQijFE$_$2,4.25,4.5,4.75,[],[],,,,0,neutral,MISSING,,,23
-NFrJFQijFE$_$2,4.5,4.75,5.0,[],[],,,,0,neutral,MISSING,,,23
-NFrJFQijFE$_$2,4.75,5.0,5.25,[],[],,,,0,neutral,MISSING,,,23
-NFrJFQijFE$_$2,5.0,5.25,5.5,[],[],,,,0,neutral,MISSING,,,23
-NFrJFQijFE$_$2,5.25,5.5,5.75,[],[],,,,0,neutral,MISSING,,,23
-NFrJFQijFE$_$2,5.5,5.75,6.0,[],[],,,,0,neutral,MISSING,,,23
-NFrJFQijFE$_$2,5.75,6.0,6.25,[],[],,,,0,neutral,MISSING,,,23
-NFrJFQijFE$_$2,6.0,6.25,6.5,[],[],,,,0,neutral,MISSING,,,23
-NFrJFQijFE$_$2,6.25,6.5,6.75,[],[],,,,0,neutral,MISSING,,,23
-NFrJFQijFE$_$2,6.5,6.75,6.840000000000001,[],[],,,,0,neutral,MISSING,,,23
-NFrJFQijFE$_$2,6.75,6.840000000000001,6.840000000000001,[],[],,,,0,neutral,MISSING,,,23
-RfYyzHpjk4$_$2,0.0,0.25,0.5,[0],[],0.0,0.0,0.5,1,support,VERIFIED_CONTINUITY,0.0,,25
-RfYyzHpjk4$_$2,0.25,0.5,0.75,[0],[],0.0,0.0,0.5,1,support,VERIFIED_CONTINUITY,0.0,,25
-RfYyzHpjk4$_$2,0.5,0.75,1.0,"[0,1]",[0],0.0,,,0,support,VERIFIED_ACTIVE,0.0,,25
-RfYyzHpjk4$_$2,0.75,1.0,1.25,"[0,1]",[0],0.0,,,0,support,VERIFIED_ACTIVE,0.0,,25
-RfYyzHpjk4$_$2,1.0,1.25,1.5,[0],[0],0.0,,,0,support,VERIFIED_ACTIVE,0.0,,25
-RfYyzHpjk4$_$2,1.25,1.5,1.75,[0],[0],0.0,,,0,support,VERIFIED_ACTIVE,0.0,,25
-RfYyzHpjk4$_$2,1.5,1.75,2.0,[0],[0],0.0,,,0,support,VERIFIED_ACTIVE,0.0,,25
-RfYyzHpjk4$_$2,1.75,2.0,2.25,[0],[0],0.0,,,0,support,VERIFIED_ACTIVE,0.0,,25
-RfYyzHpjk4$_$2,2.0,2.25,2.5,[0],[],0.0,0.0,1.75,1,support,VERIFIED_CONTINUITY,0.0,,25
-RfYyzHpjk4$_$2,2.25,2.5,2.75,[0],[],0.0,0.0,1.75,1,support,VERIFIED_CONTINUITY,0.0,,25
-RfYyzHpjk4$_$2,2.5,2.75,3.0,[0],[],0.0,0.0,1.75,1,support,VERIFIED_CONTINUITY,0.0,,25
-RfYyzHpjk4$_$2,2.75,3.0,3.25,[0],[],0.0,0.0,1.75,1,support,VERIFIED_CONTINUITY,0.0,,25
-RfYyzHpjk4$_$2,3.0,3.25,3.5,[0],[],0.0,0.0,1.75,1,support,VERIFIED_CONTINUITY,0.0,,25
-RfYyzHpjk4$_$2,3.25,3.5,3.75,[0],[],0.0,0.0,1.75,1,support,VERIFIED_CONTINUITY,0.0,,25
-RfYyzHpjk4$_$2,3.5,3.75,4.0,[0],[],0.0,0.0,1.75,1,support,VERIFIED_CONTINUITY,0.0,,25
-RfYyzHpjk4$_$2,3.75,4.0,4.25,[0],[],0.0,0.0,1.75,1,support,VERIFIED_CONTINUITY,0.0,,25
-RfYyzHpjk4$_$2,4.0,4.25,4.5,[0],[],0.0,0.0,1.75,1,support,VERIFIED_CONTINUITY,0.0,,25
-RfYyzHpjk4$_$2,4.25,4.5,4.75,[0],[],0.0,0.0,1.75,1,support,VERIFIED_CONTINUITY,0.0,,25
-RfYyzHpjk4$_$2,4.5,4.75,5.0,[0],[],0.0,0.0,1.75,1,support,VERIFIED_CONTINUITY,0.0,,25
-RfYyzHpjk4$_$2,4.75,5.0,5.25,[0],[],0.0,0.0,1.75,1,support,VERIFIED_CONTINUITY,0.0,,25
-RfYyzHpjk4$_$2,5.0,5.25,5.5,[0],[],0.0,0.0,1.75,1,support,VERIFIED_CONTINUITY,0.0,,25
-RfYyzHpjk4$_$2,5.25,5.5,5.5,[0],[],0.0,0.0,1.75,1,support,VERIFIED_CONTINUITY,0.0,,25
-THoVjtIkeU$_$6,0.0,0.25,0.5,[0],[],,,,0,neutral,UNRESOLVED,,arcface_partition_unstable,29
-THoVjtIkeU$_$6,0.25,0.5,0.75,[0],[],,,,0,neutral,UNRESOLVED,,arcface_partition_unstable,29
-THoVjtIkeU$_$6,0.5,0.75,1.0,[0],[0],0.0,,,0,conflict,VERIFIED_ACTIVE,0.0,talknet_or_continuity_av_sync_conflict,29
-THoVjtIkeU$_$6,0.75,1.0,1.25,[0],[],,,,0,neutral,UNRESOLVED,,arcface_partition_unstable,29
-THoVjtIkeU$_$6,1.0,1.25,1.5,[0],[],,,,0,neutral,UNRESOLVED,,arcface_partition_unstable,29
-THoVjtIkeU$_$6,1.25,1.5,1.75,[0],[],,,,0,neutral,UNRESOLVED,,arcface_partition_unstable,29
-THoVjtIkeU$_$6,1.5,1.75,2.0,[0],[],,,,0,neutral,UNRESOLVED,,arcface_partition_unstable,29
-THoVjtIkeU$_$6,1.75,2.0,2.25,[0],[0],0.0,,,0,conflict,VERIFIED_ACTIVE,0.0,talknet_or_continuity_av_sync_conflict,29
-THoVjtIkeU$_$6,2.0,2.25,2.5,[0],[0],0.0,,,0,conflict,VERIFIED_ACTIVE,0.0,talknet_or_continuity_av_sync_conflict,29
-THoVjtIkeU$_$6,2.25,2.5,2.75,[0],[0],0.0,,,0,conflict,VERIFIED_ACTIVE,0.0,talknet_or_continuity_av_sync_conflict,29
-THoVjtIkeU$_$6,2.5,2.75,3.0,[0],[0],0.0,,,0,conflict,VERIFIED_ACTIVE,0.0,talknet_or_continuity_av_sync_conflict,29
-THoVjtIkeU$_$6,2.75,3.0,3.25,[0],[0],0.0,,,0,conflict,VERIFIED_ACTIVE,0.0,talknet_or_continuity_av_sync_conflict,29
-THoVjtIkeU$_$6,3.0,3.25,3.5,[0],[0],0.0,,,0,conflict,VERIFIED_ACTIVE,0.0,talknet_or_continuity_av_sync_conflict,29
-THoVjtIkeU$_$6,3.25,3.5,3.75,[0],[0],0.0,,,0,conflict,VERIFIED_ACTIVE,0.0,talknet_or_continuity_av_sync_conflict,29
-THoVjtIkeU$_$6,3.5,3.75,4.0,[0],[0],0.0,,,0,conflict,VERIFIED_ACTIVE,0.0,talknet_or_continuity_av_sync_conflict,29
-THoVjtIkeU$_$6,3.75,4.0,4.25,[0],[0],0.0,,,0,conflict,VERIFIED_ACTIVE,0.0,talknet_or_continuity_av_sync_conflict,29
-THoVjtIkeU$_$6,4.0,4.25,4.5,[0],[0],0.0,,,0,conflict,VERIFIED_ACTIVE,0.0,talknet_or_continuity_av_sync_conflict,29
-THoVjtIkeU$_$6,4.25,4.5,4.75,[0],[0],0.0,,,0,conflict,VERIFIED_ACTIVE,0.0,talknet_or_continuity_av_sync_conflict,29
-THoVjtIkeU$_$6,4.5,4.75,5.0,[0],[0],0.0,,,0,conflict,VERIFIED_ACTIVE,0.0,talknet_or_continuity_av_sync_conflict,29
-THoVjtIkeU$_$6,4.75,5.0,5.25,[0],[0],0.0,,,0,conflict,VERIFIED_ACTIVE,0.0,talknet_or_continuity_av_sync_conflict,29
-THoVjtIkeU$_$6,5.0,5.25,5.5,[0],[0],0.0,,,0,conflict,VERIFIED_ACTIVE,0.0,talknet_or_continuity_av_sync_conflict,29
-THoVjtIkeU$_$6,5.25,5.5,5.75,[0],[0],0.0,,,0,conflict,VERIFIED_ACTIVE,0.0,talknet_or_continuity_av_sync_conflict,29
-THoVjtIkeU$_$6,5.5,5.75,6.0,[0],[0],0.0,,,0,conflict,VERIFIED_ACTIVE,0.0,talknet_or_continuity_av_sync_conflict,29
-THoVjtIkeU$_$6,5.75,6.0,6.25,[0],[0],0.0,,,0,conflict,VERIFIED_ACTIVE,0.0,talknet_or_continuity_av_sync_conflict,29
-THoVjtIkeU$_$6,6.0,6.25,6.5,[0],[0],0.0,,,0,conflict,VERIFIED_ACTIVE,0.0,talknet_or_continuity_av_sync_conflict,29
-THoVjtIkeU$_$6,6.25,6.5,6.75,[0],[0],0.0,,,0,conflict,VERIFIED_ACTIVE,0.0,talknet_or_continuity_av_sync_conflict,29
-THoVjtIkeU$_$6,6.5,6.75,7.0,[0],[0],0.0,,,0,conflict,VERIFIED_ACTIVE,0.0,talknet_or_continuity_av_sync_conflict,29
-THoVjtIkeU$_$6,6.75,7.0,7.25,[0],[0],0.0,,,0,conflict,VERIFIED_ACTIVE,0.0,talknet_or_continuity_av_sync_conflict,29
-THoVjtIkeU$_$6,7.0,7.25,7.5,[0],[0],0.0,,,0,conflict,VERIFIED_ACTIVE,0.0,talknet_or_continuity_av_sync_conflict,29
-THoVjtIkeU$_$6,7.25,7.5,7.75,[0],[0],0.0,,,0,conflict,VERIFIED_ACTIVE,0.0,talknet_or_continuity_av_sync_conflict,29
-THoVjtIkeU$_$6,7.5,7.75,8.0,[0],[0],0.0,,,0,conflict,VERIFIED_ACTIVE,0.0,talknet_or_continuity_av_sync_conflict,29
-THoVjtIkeU$_$6,7.75,8.0,8.066666666666666,[0],[],,,,0,neutral,UNRESOLVED,,arcface_partition_unstable,29
-THoVjtIkeU$_$6,8.0,8.066666666666666,8.066666666666666,[0],[],,,,0,neutral,UNRESOLVED,,arcface_partition_unstable,29
-UuX1xuaiiE$_$0,0.0,0.25,0.5,[0],[],,,,0,neutral,UNRESOLVED,,,33
-UuX1xuaiiE$_$0,0.25,0.5,0.75,[0],[],,,,0,neutral,UNRESOLVED,,,33
-UuX1xuaiiE$_$0,0.5,0.75,1.0,[0],[],,,,0,neutral,UNRESOLVED,,,33
-UuX1xuaiiE$_$0,0.75,1.0,1.25,[0],[],,,,0,neutral,UNRESOLVED,,,33
-UuX1xuaiiE$_$0,1.0,1.25,1.5,[0],[],,,,0,neutral,UNRESOLVED,,,33
-UuX1xuaiiE$_$0,1.25,1.5,1.75,[0],[],,,,0,neutral,UNRESOLVED,,,33
-UuX1xuaiiE$_$0,1.5,1.75,2.0,"[0,2,3,4]",[],,,,0,neutral,AMBIGUOUS,,,33
-UuX1xuaiiE$_$0,1.75,2.0,2.25,"[0,1,2,3,4]",[],,,,0,neutral,AMBIGUOUS,,,33
-UuX1xuaiiE$_$0,2.0,2.25,2.5,"[1,2,3,4]",[],,,,0,neutral,AMBIGUOUS,,,33
-UuX1xuaiiE$_$0,2.25,2.5,2.75,"[1,2,3,4]",[],,,,0,neutral,AMBIGUOUS,,,33
-UuX1xuaiiE$_$0,2.5,2.75,3.0,"[1,2,3,4]",[],,,,0,neutral,AMBIGUOUS,,,33
-UuX1xuaiiE$_$0,2.75,3.0,3.25,"[1,2,3,4]",[],,,,0,neutral,AMBIGUOUS,,,33
-UuX1xuaiiE$_$0,3.0,3.25,3.5,"[1,2,3,4]",[],,,,0,neutral,AMBIGUOUS,,,33
-UuX1xuaiiE$_$0,3.25,3.5,3.7,"[1,2,3,4]",[],,,,0,neutral,AMBIGUOUS,,,33
-UuX1xuaiiE$_$0,3.5,3.7,3.7,"[1,2,3,4]",[],,,,0,neutral,AMBIGUOUS,,,33
-UuX1xuaiiE$_$1,0.0,0.25,0.5,"[0,3,5,7]",[],,,,0,neutral,AMBIGUOUS,,,34
-UuX1xuaiiE$_$1,0.25,0.5,0.75,"[0,3,5,7]",[],,,,0,neutral,AMBIGUOUS,,,34
-UuX1xuaiiE$_$1,0.5,0.75,1.0,"[0,3,5,7]",[],,,,0,neutral,AMBIGUOUS,,,34
-UuX1xuaiiE$_$1,0.75,1.0,1.25,"[0,3,5,7]",[],,,,0,neutral,AMBIGUOUS,,,34
-UuX1xuaiiE$_$1,1.0,1.25,1.5,"[0,3,5,7]",[],,,,0,neutral,AMBIGUOUS,,,34
-UuX1xuaiiE$_$1,1.25,1.5,1.75,"[0,3,5,7]",[],,,,0,neutral,AMBIGUOUS,,,34
-UuX1xuaiiE$_$1,1.5,1.75,2.0,"[0,3,5,7]",[],,,,0,neutral,AMBIGUOUS,,,34
-UuX1xuaiiE$_$1,1.75,2.0,2.25,"[0,3,5,7]",[],,,,0,neutral,AMBIGUOUS,,,34
-UuX1xuaiiE$_$1,2.0,2.25,2.5,"[0,3,5,7]",[],,,,0,neutral,AMBIGUOUS,,,34
-UuX1xuaiiE$_$1,2.25,2.5,2.75,"[0,3,5,7]",[],,,,0,neutral,AMBIGUOUS,,,34
-UuX1xuaiiE$_$1,2.5,2.75,3.0,"[0,3,5,7]",[],,,,0,neutral,AMBIGUOUS,,,34
-UuX1xuaiiE$_$1,2.75,3.0,3.25,"[0,3,5,7]",[],,,,0,neutral,AMBIGUOUS,,,34
-UuX1xuaiiE$_$1,3.0,3.25,3.5,"[0,3,5,7]",[],,,,0,neutral,AMBIGUOUS,,,34
-UuX1xuaiiE$_$1,3.25,3.5,3.75,"[0,3,5,7]",[],,,,0,neutral,AMBIGUOUS,,,34
-UuX1xuaiiE$_$1,3.5,3.75,4.0,"[0,3,5,7]",[],,,,0,neutral,AMBIGUOUS,,,34
-UuX1xuaiiE$_$1,3.75,4.0,4.25,"[0,3,5,7]",[],,,,0,neutral,AMBIGUOUS,,,34
-UuX1xuaiiE$_$1,4.0,4.25,4.5,"[0,1,3,5,6,7,8]",[],,,,0,neutral,AMBIGUOUS,,,34
-UuX1xuaiiE$_$1,4.25,4.5,4.75,"[1,3,6,8]",[],,,,0,neutral,AMBIGUOUS,,,34
-UuX1xuaiiE$_$1,4.5,4.75,5.0,"[1,4,6,8]",[],,,,0,neutral,AMBIGUOUS,,,34
-UuX1xuaiiE$_$1,4.75,5.0,5.25,"[1,4,6,8]",[],,,,0,neutral,AMBIGUOUS,,,34
-UuX1xuaiiE$_$1,5.0,5.25,5.5,"[1,4,6,8]",[],,,,0,neutral,AMBIGUOUS,,,34
-UuX1xuaiiE$_$1,5.25,5.5,5.75,"[1,4,6,8]",[],,,,0,neutral,AMBIGUOUS,,,34
-UuX1xuaiiE$_$1,5.5,5.75,6.0,"[1,4,6,8]",[],,,,0,neutral,AMBIGUOUS,,,34
-UuX1xuaiiE$_$1,5.75,6.0,6.25,"[1,4,6,8]",[],,,,0,neutral,AMBIGUOUS,,,34
-UuX1xuaiiE$_$1,6.0,6.25,6.5,"[1,4,6,8]",[],,,,0,neutral,AMBIGUOUS,,,34
-UuX1xuaiiE$_$1,6.25,6.5,6.75,"[1,4,6,8]",[],,,,0,neutral,AMBIGUOUS,,,34
-UuX1xuaiiE$_$1,6.5,6.75,7.0,"[1,4,6,8]",[],,,,0,neutral,AMBIGUOUS,,,34
-UuX1xuaiiE$_$1,6.75,7.0,7.25,"[1,4,6,8]",[],,,,0,neutral,AMBIGUOUS,,,34
-UuX1xuaiiE$_$1,7.0,7.25,7.5,"[1,4,6,8]",[],,,,0,neutral,AMBIGUOUS,,,34
-UuX1xuaiiE$_$1,7.25,7.5,7.75,"[1,4,6,8]",[],,,,0,neutral,AMBIGUOUS,,,34
-UuX1xuaiiE$_$1,7.5,7.75,8.0,"[1,4,6,8]",[],,,,0,neutral,AMBIGUOUS,,,34
-UuX1xuaiiE$_$1,7.75,8.0,8.25,"[1,4,6,8]",[],,,,0,neutral,AMBIGUOUS,,,34
-UuX1xuaiiE$_$1,8.0,8.25,8.5,"[1,4,6,8]",[],,,,0,neutral,AMBIGUOUS,,,34
-UuX1xuaiiE$_$1,8.25,8.5,8.75,"[1,4,6,8]",[],,,,0,neutral,AMBIGUOUS,,,34
-UuX1xuaiiE$_$1,8.5,8.75,9.0,"[1,4,6,8]",[],,,,0,neutral,AMBIGUOUS,,,34
-UuX1xuaiiE$_$1,8.75,9.0,9.25,"[1,4,6,8]",[],,,,0,neutral,AMBIGUOUS,,,34
-UuX1xuaiiE$_$1,9.0,9.25,9.5,"[1,4,6,8]",[],,,,0,neutral,AMBIGUOUS,,,34
-UuX1xuaiiE$_$1,9.25,9.5,9.75,"[1,4,6,8]",[],,,,0,neutral,AMBIGUOUS,,,34
-UuX1xuaiiE$_$1,9.5,9.75,10.0,"[1,4,6,8]",[],,,,0,neutral,AMBIGUOUS,,,34
-UuX1xuaiiE$_$1,9.75,10.0,10.25,"[1,2,4,6,8]",[],,,,0,neutral,AMBIGUOUS,,,34
-UuX1xuaiiE$_$1,10.0,10.25,10.333333333333334,[2],[],,,,0,neutral,UNRESOLVED,,,34
-UuX1xuaiiE$_$1,10.25,10.333333333333334,10.333333333333334,[2],[],,,,0,neutral,UNRESOLVED,,,34
-UuX1xuaiiE$_$3,0.0,0.25,0.5,[0],[],0.0,0.0,2.5,1,neutral,VERIFIED_CONTINUITY,0.0,,35
-UuX1xuaiiE$_$3,0.25,0.5,0.75,[0],[],0.0,0.0,2.5,1,neutral,VERIFIED_CONTINUITY,0.0,,35
-UuX1xuaiiE$_$3,0.5,0.75,1.0,[0],[],0.0,0.0,2.5,1,neutral,VERIFIED_CONTINUITY,0.0,,35
-UuX1xuaiiE$_$3,0.75,1.0,1.25,[0],[],0.0,0.0,2.5,1,neutral,VERIFIED_CONTINUITY,0.0,,35
-UuX1xuaiiE$_$3,1.0,1.25,1.5,[0],[],0.0,0.0,2.5,1,neutral,VERIFIED_CONTINUITY,0.0,,35
-UuX1xuaiiE$_$3,1.25,1.5,1.75,[0],[],0.0,0.0,2.5,1,neutral,VERIFIED_CONTINUITY,0.0,,35
-UuX1xuaiiE$_$3,1.5,1.75,2.0,[0],[],0.0,0.0,2.5,1,neutral,VERIFIED_CONTINUITY,0.0,,35
-UuX1xuaiiE$_$3,1.75,2.0,2.25,[0],[],0.0,0.0,2.5,1,neutral,VERIFIED_CONTINUITY,0.0,,35
-UuX1xuaiiE$_$3,2.0,2.25,2.5,[0],[],0.0,0.0,2.5,1,neutral,VERIFIED_CONTINUITY,0.0,,35
-UuX1xuaiiE$_$3,2.25,2.5,2.75,[0],[],0.0,0.0,2.5,1,neutral,VERIFIED_CONTINUITY,0.0,,35
-UuX1xuaiiE$_$3,2.5,2.75,3.0,[0],[0],0.0,,,0,neutral,VERIFIED_ACTIVE,0.0,,35
-UuX1xuaiiE$_$3,2.75,3.0,3.25,[0],[0],0.0,,,0,neutral,VERIFIED_ACTIVE,0.0,,35
-UuX1xuaiiE$_$3,3.0,3.25,3.5,[0],[],0.0,0.0,2.75,1,neutral,VERIFIED_CONTINUITY,0.0,,35
-UuX1xuaiiE$_$3,3.25,3.5,3.75,[0],[],0.0,0.0,2.75,1,neutral,VERIFIED_CONTINUITY,0.0,,35
-UuX1xuaiiE$_$3,3.5,3.75,4.0,"[0,1]",[],0.0,0.0,2.75,1,neutral,VERIFIED_CONTINUITY,0.0,,35
-UuX1xuaiiE$_$3,3.75,4.0,4.1,[1],[],,,,0,neutral,UNRESOLVED,,,35
-UuX1xuaiiE$_$3,4.0,4.1,4.1,[1],[],,,,0,neutral,UNRESOLVED,,,35
-UuX1xuaiiE$_$6,0.0,0.25,0.5,[0],[],0.0,0.0,2.75,1,neutral,VERIFIED_CONTINUITY,0.0,,36
-UuX1xuaiiE$_$6,0.25,0.5,0.75,[0],[],0.0,0.0,2.75,1,neutral,VERIFIED_CONTINUITY,0.0,,36
-UuX1xuaiiE$_$6,0.5,0.75,1.0,[0],[],0.0,0.0,2.75,1,neutral,VERIFIED_CONTINUITY,0.0,,36
-UuX1xuaiiE$_$6,0.75,1.0,1.25,[0],[0],0.0,,,0,neutral,VERIFIED_ACTIVE,0.0,,36
-UuX1xuaiiE$_$6,1.0,1.25,1.5,[0],[],0.0,0.0,2.75,1,neutral,VERIFIED_CONTINUITY,0.0,,36
-UuX1xuaiiE$_$6,1.25,1.5,1.75,[0],[],0.0,0.0,2.75,1,neutral,VERIFIED_CONTINUITY,0.0,,36
-UuX1xuaiiE$_$6,1.5,1.75,2.0,[0],[],0.0,0.0,2.75,1,neutral,VERIFIED_CONTINUITY,0.0,,36
-UuX1xuaiiE$_$6,1.75,2.0,2.25,[0],[],0.0,0.0,2.75,1,neutral,VERIFIED_CONTINUITY,0.0,,36
-UuX1xuaiiE$_$6,2.0,2.25,2.5,[0],[],0.0,0.0,2.75,1,neutral,VERIFIED_CONTINUITY,0.0,,36
-UuX1xuaiiE$_$6,2.25,2.5,2.75,[0],[],0.0,0.0,2.75,1,neutral,VERIFIED_CONTINUITY,0.0,,36
-UuX1xuaiiE$_$6,2.5,2.75,3.0,[0],[],0.0,0.0,2.75,1,neutral,VERIFIED_CONTINUITY,0.0,,36
-UuX1xuaiiE$_$6,2.75,3.0,3.25,[0],[0],0.0,,,0,neutral,VERIFIED_ACTIVE,0.0,,36
-UuX1xuaiiE$_$6,3.0,3.25,3.5,[0],[0],0.0,,,0,neutral,VERIFIED_ACTIVE,0.0,,36
-UuX1xuaiiE$_$6,3.25,3.5,3.75,[0],[0],0.0,,,0,neutral,VERIFIED_ACTIVE,0.0,,36
-UuX1xuaiiE$_$6,3.5,3.75,4.0,[0],[],0.0,0.0,3.25,1,neutral,VERIFIED_CONTINUITY,0.0,,36
-UuX1xuaiiE$_$6,3.75,4.0,4.25,[0],[],0.0,0.0,3.25,1,neutral,VERIFIED_CONTINUITY,0.0,,36
-UuX1xuaiiE$_$6,4.0,4.25,4.5,[0],[],0.0,0.0,4.5,1,neutral,VERIFIED_CONTINUITY,0.0,,36
-UuX1xuaiiE$_$6,4.25,4.5,4.75,[0],[],0.0,0.0,4.5,1,neutral,VERIFIED_CONTINUITY,0.0,,36
-UuX1xuaiiE$_$6,4.5,4.75,5.0,[0],[0],0.0,,,0,neutral,VERIFIED_ACTIVE,0.0,,36
-UuX1xuaiiE$_$6,4.75,5.0,5.25,[0],[0],0.0,,,0,neutral,VERIFIED_ACTIVE,0.0,,36
-UuX1xuaiiE$_$6,5.0,5.25,5.5,[0],[0],0.0,,,0,neutral,VERIFIED_ACTIVE,0.0,,36
-UuX1xuaiiE$_$6,5.25,5.5,5.75,[0],[0],0.0,,,0,neutral,VERIFIED_ACTIVE,0.0,,36
-UuX1xuaiiE$_$6,5.5,5.75,6.0,[0],[0],0.0,,,0,neutral,VERIFIED_ACTIVE,0.0,,36
-UuX1xuaiiE$_$6,5.75,6.0,6.25,[0],[],0.0,0.0,5.5,1,neutral,VERIFIED_CONTINUITY,0.0,,36
-UuX1xuaiiE$_$6,6.0,6.25,6.5,[0],[],0.0,0.0,5.5,1,neutral,VERIFIED_CONTINUITY,0.0,,36
-UuX1xuaiiE$_$6,6.25,6.5,6.75,[0],[],0.0,0.0,5.5,1,neutral,VERIFIED_CONTINUITY,0.0,,36
-UuX1xuaiiE$_$6,6.5,6.75,7.0,[0],[],0.0,0.0,5.5,1,neutral,VERIFIED_CONTINUITY,0.0,,36
-UuX1xuaiiE$_$6,6.75,7.0,7.25,[0],[],0.0,0.0,5.5,1,neutral,VERIFIED_CONTINUITY,0.0,,36
-UuX1xuaiiE$_$6,7.0,7.25,7.5,[0],[],0.0,0.0,5.5,1,neutral,VERIFIED_CONTINUITY,0.0,,36
-UuX1xuaiiE$_$6,7.25,7.5,7.75,[0],[],0.0,0.0,5.5,1,neutral,VERIFIED_CONTINUITY,0.0,,36
-UuX1xuaiiE$_$6,7.5,7.75,8.0,[0],[],0.0,0.0,5.5,1,neutral,VERIFIED_CONTINUITY,0.0,,36
-UuX1xuaiiE$_$6,7.75,8.0,8.1,[0],[],0.0,0.0,5.5,1,neutral,VERIFIED_CONTINUITY,0.0,,36
-UuX1xuaiiE$_$6,8.0,8.1,8.1,[0],[],0.0,0.0,5.5,1,neutral,VERIFIED_CONTINUITY,0.0,,36
-dxfTGcXJoc$_$1,0.0,0.25,0.5,[0],[0],0.0,,,0,support,VERIFIED_ACTIVE,0.0,,41
-dxfTGcXJoc$_$1,0.25,0.5,0.75,[0],[0],0.0,,,0,support,VERIFIED_ACTIVE,0.0,,41
-dxfTGcXJoc$_$1,0.5,0.75,1.0,[0],[0],0.0,,,0,support,VERIFIED_ACTIVE,0.0,,41
-dxfTGcXJoc$_$1,0.75,1.0,1.25,[0],[0],0.0,,,0,support,VERIFIED_ACTIVE,0.0,,41
-dxfTGcXJoc$_$1,1.0,1.25,1.5,[0],[0],0.0,,,0,support,VERIFIED_ACTIVE,0.0,,41
-dxfTGcXJoc$_$1,1.25,1.5,1.75,[0],[0],0.0,,,0,support,VERIFIED_ACTIVE,0.0,,41
-dxfTGcXJoc$_$1,1.5,1.75,2.0,[0],[],0.0,0.0,1.25,1,support,VERIFIED_CONTINUITY,0.0,,41
-dxfTGcXJoc$_$1,1.75,2.0,2.25,[0],[],0.0,0.0,2.0,1,support,VERIFIED_CONTINUITY,0.0,,41
-dxfTGcXJoc$_$1,2.0,2.25,2.5,[0],[0],0.0,,,0,support,VERIFIED_ACTIVE,0.0,,41
-dxfTGcXJoc$_$1,2.25,2.5,2.75,[0],[0],0.0,,,0,support,VERIFIED_ACTIVE,0.0,,41
-dxfTGcXJoc$_$1,2.5,2.75,3.0,[0],[0],0.0,,,0,support,VERIFIED_ACTIVE,0.0,,41
-dxfTGcXJoc$_$1,2.75,3.0,3.25,[0],[0],0.0,,,0,support,VERIFIED_ACTIVE,0.0,,41
-dxfTGcXJoc$_$1,3.0,3.25,3.5,[0],[0],0.0,,,0,support,VERIFIED_ACTIVE,0.0,,41
-dxfTGcXJoc$_$1,3.25,3.5,3.75,[0],[0],0.0,,,0,support,VERIFIED_ACTIVE,0.0,,41
-dxfTGcXJoc$_$1,3.5,3.75,4.0,[0],[0],0.0,,,0,support,VERIFIED_ACTIVE,0.0,,41
-dxfTGcXJoc$_$1,3.75,4.0,4.25,[0],[0],0.0,,,0,support,VERIFIED_ACTIVE,0.0,,41
-dxfTGcXJoc$_$1,4.0,4.25,4.5,[0],[0],0.0,,,0,support,VERIFIED_ACTIVE,0.0,,41
-dxfTGcXJoc$_$1,4.25,4.5,4.75,[0],[0],0.0,,,0,support,VERIFIED_ACTIVE,0.0,,41
-dxfTGcXJoc$_$1,4.5,4.75,5.0,[0],[0],0.0,,,0,support,VERIFIED_ACTIVE,0.0,,41
-dxfTGcXJoc$_$1,4.75,5.0,5.25,[0],[0],0.0,,,0,support,VERIFIED_ACTIVE,0.0,,41
-dxfTGcXJoc$_$1,5.0,5.25,5.5,[0],[0],0.0,,,0,support,VERIFIED_ACTIVE,0.0,,41
-dxfTGcXJoc$_$1,5.25,5.5,5.75,[0],[0],0.0,,,0,support,VERIFIED_ACTIVE,0.0,,41
-dxfTGcXJoc$_$1,5.5,5.75,6.0,[0],[0],0.0,,,0,support,VERIFIED_ACTIVE,0.0,,41
-dxfTGcXJoc$_$1,5.75,6.0,6.25,[0],[0],0.0,,,0,support,VERIFIED_ACTIVE,0.0,,41
-dxfTGcXJoc$_$1,6.0,6.25,6.5,[0],[0],0.0,,,0,support,VERIFIED_ACTIVE,0.0,,41
-dxfTGcXJoc$_$1,6.25,6.5,6.75,[0],[0],0.0,,,0,support,VERIFIED_ACTIVE,0.0,,41
-dxfTGcXJoc$_$1,6.5,6.75,7.0,[0],[0],0.0,,,0,support,VERIFIED_ACTIVE,0.0,,41
-dxfTGcXJoc$_$1,6.75,7.0,7.25,[0],[0],0.0,,,0,support,VERIFIED_ACTIVE,0.0,,41
-dxfTGcXJoc$_$1,7.0,7.25,7.5,[0],[0],0.0,,,0,support,VERIFIED_ACTIVE,0.0,,41
-dxfTGcXJoc$_$1,7.25,7.5,7.75,[0],[0],0.0,,,0,support,VERIFIED_ACTIVE,0.0,,41
-dxfTGcXJoc$_$1,7.5,7.75,8.0,[0],[0],0.0,,,0,support,VERIFIED_ACTIVE,0.0,,41
-dxfTGcXJoc$_$1,7.75,8.0,8.25,[0],[0],0.0,,,0,support,VERIFIED_ACTIVE,0.0,,41
-dxfTGcXJoc$_$1,8.0,8.25,8.5,[0],[0],0.0,,,0,support,VERIFIED_ACTIVE,0.0,,41
-dxfTGcXJoc$_$1,8.25,8.5,8.75,[0],[0],0.0,,,0,support,VERIFIED_ACTIVE,0.0,,41
-dxfTGcXJoc$_$1,8.5,8.75,9.0,[0],[0],0.0,,,0,support,VERIFIED_ACTIVE,0.0,,41
-dxfTGcXJoc$_$1,8.75,9.0,9.25,[0],[],0.0,0.0,8.5,1,support,VERIFIED_CONTINUITY,0.0,,41
-dxfTGcXJoc$_$1,9.0,9.25,9.5,[0],[],0.0,0.0,9.25,1,support,VERIFIED_CONTINUITY,0.0,,41
-dxfTGcXJoc$_$1,9.25,9.5,9.75,[0],[0],0.0,,,0,support,VERIFIED_ACTIVE,0.0,,41
-dxfTGcXJoc$_$1,9.5,9.75,10.0,[0],[],0.0,0.0,9.25,1,support,VERIFIED_CONTINUITY,0.0,,41
-dxfTGcXJoc$_$1,9.75,10.0,10.25,[0],[0],0.0,,,0,support,VERIFIED_ACTIVE,0.0,,41
-dxfTGcXJoc$_$1,10.0,10.25,10.5,[0],[0],0.0,,,0,support,VERIFIED_ACTIVE,0.0,,41
-dxfTGcXJoc$_$1,10.25,10.5,10.75,[0],[0],0.0,,,0,support,VERIFIED_ACTIVE,0.0,,41
-dxfTGcXJoc$_$1,10.5,10.75,11.0,[0],[0],0.0,,,0,support,VERIFIED_ACTIVE,0.0,,41
-dxfTGcXJoc$_$1,10.75,11.0,11.25,[0],[0],0.0,,,0,support,VERIFIED_ACTIVE,0.0,,41
-dxfTGcXJoc$_$1,11.0,11.25,11.5,[0],[0],0.0,,,0,support,VERIFIED_ACTIVE,0.0,,41
-dxfTGcXJoc$_$1,11.25,11.5,11.75,[0],[0],0.0,,,0,support,VERIFIED_ACTIVE,0.0,,41
-dxfTGcXJoc$_$1,11.5,11.75,12.0,[0],[0],0.0,,,0,support,VERIFIED_ACTIVE,0.0,,41
-dxfTGcXJoc$_$1,11.75,12.0,12.25,[0],[0],0.0,,,0,support,VERIFIED_ACTIVE,0.0,,41
-dxfTGcXJoc$_$1,12.0,12.25,12.5,[0],[0],0.0,,,0,support,VERIFIED_ACTIVE,0.0,,41
-dxfTGcXJoc$_$1,12.25,12.5,12.75,[0],[0],0.0,,,0,support,VERIFIED_ACTIVE,0.0,,41
-dxfTGcXJoc$_$1,12.5,12.75,13.0,[0],[0],0.0,,,0,support,VERIFIED_ACTIVE,0.0,,41
-dxfTGcXJoc$_$1,12.75,13.0,13.25,[0],[0],0.0,,,0,support,VERIFIED_ACTIVE,0.0,,41
-dxfTGcXJoc$_$1,13.0,13.25,13.5,[0],[0],0.0,,,0,support,VERIFIED_ACTIVE,0.0,,41
-dxfTGcXJoc$_$1,13.25,13.5,13.75,[0],[0],0.0,,,0,support,VERIFIED_ACTIVE,0.0,,41
-dxfTGcXJoc$_$1,13.5,13.75,14.0,[0],[0],0.0,,,0,support,VERIFIED_ACTIVE,0.0,,41
-dxfTGcXJoc$_$1,13.75,14.0,14.25,[0],[0],0.0,,,0,support,VERIFIED_ACTIVE,0.0,,41
-dxfTGcXJoc$_$1,14.0,14.25,14.5,[0],[0],0.0,,,0,support,VERIFIED_ACTIVE,0.0,,41
-dxfTGcXJoc$_$1,14.25,14.5,14.75,[0],[0],0.0,,,0,support,VERIFIED_ACTIVE,0.0,,41
-dxfTGcXJoc$_$1,14.5,14.75,15.0,[0],[0],0.0,,,0,support,VERIFIED_ACTIVE,0.0,,41
-dxfTGcXJoc$_$1,14.75,15.0,15.25,[0],[0],0.0,,,0,support,VERIFIED_ACTIVE,0.0,,41
-dxfTGcXJoc$_$1,15.0,15.25,15.5,[0],[0],0.0,,,0,support,VERIFIED_ACTIVE,0.0,,41
-dxfTGcXJoc$_$1,15.25,15.5,15.75,[0],[0],0.0,,,0,support,VERIFIED_ACTIVE,0.0,,41
-dxfTGcXJoc$_$1,15.5,15.75,16.0,[0],[0],0.0,,,0,support,VERIFIED_ACTIVE,0.0,,41
-dxfTGcXJoc$_$1,15.75,16.0,16.133333333333333,[0],[0],0.0,,,0,support,VERIFIED_ACTIVE,0.0,,41
-dxfTGcXJoc$_$1,16.0,16.133333333333333,16.133333333333333,[0],[],0.0,0.0,15.75,1,support,VERIFIED_CONTINUITY,0.0,,41
-dxfTGcXJoc$_$6,0.0,0.25,0.5,[0],[0],0.0,,,0,neutral,VERIFIED_ACTIVE,0.0,,43
-dxfTGcXJoc$_$6,0.25,0.5,0.75,[0],[0],0.0,,,0,neutral,VERIFIED_ACTIVE,0.0,,43
-dxfTGcXJoc$_$6,0.5,0.75,1.0,[0],[0],0.0,,,0,neutral,VERIFIED_ACTIVE,0.0,,43
-dxfTGcXJoc$_$6,0.75,1.0,1.25,[0],[0],0.0,,,0,neutral,VERIFIED_ACTIVE,0.0,,43
-dxfTGcXJoc$_$6,1.0,1.25,1.5,[0],[0],0.0,,,0,neutral,VERIFIED_ACTIVE,0.0,,43
-dxfTGcXJoc$_$6,1.25,1.5,1.75,[0],[0],0.0,,,0,neutral,VERIFIED_ACTIVE,0.0,,43
-dxfTGcXJoc$_$6,1.5,1.75,2.0,[0],[0],0.0,,,0,neutral,VERIFIED_ACTIVE,0.0,,43
-dxfTGcXJoc$_$6,1.75,2.0,2.25,[0],[0],0.0,,,0,neutral,VERIFIED_ACTIVE,0.0,,43
-dxfTGcXJoc$_$6,2.0,2.25,2.5,[0],[0],0.0,,,0,neutral,VERIFIED_ACTIVE,0.0,,43
-dxfTGcXJoc$_$6,2.25,2.5,2.75,[0],[0],0.0,,,0,neutral,VERIFIED_ACTIVE,0.0,,43
-dxfTGcXJoc$_$6,2.5,2.75,3.0,[0],[0],0.0,,,0,neutral,VERIFIED_ACTIVE,0.0,,43
-dxfTGcXJoc$_$6,2.75,3.0,3.25,[0],[0],0.0,,,0,neutral,VERIFIED_ACTIVE,0.0,,43
-dxfTGcXJoc$_$6,3.0,3.25,3.5,[0],[0],0.0,,,0,neutral,VERIFIED_ACTIVE,0.0,,43
-dxfTGcXJoc$_$6,3.25,3.5,3.75,[0],[0],0.0,,,0,neutral,VERIFIED_ACTIVE,0.0,,43
-dxfTGcXJoc$_$6,3.5,3.75,4.0,[0],[0],0.0,,,0,neutral,VERIFIED_ACTIVE,0.0,,43
-dxfTGcXJoc$_$6,3.75,4.0,4.25,[0],[0],0.0,,,0,neutral,VERIFIED_ACTIVE,0.0,,43
-dxfTGcXJoc$_$6,4.0,4.25,4.5,[0],[0],0.0,,,0,neutral,VERIFIED_ACTIVE,0.0,,43
-dxfTGcXJoc$_$6,4.25,4.5,4.75,[0],[0],0.0,,,0,neutral,VERIFIED_ACTIVE,0.0,,43
-dxfTGcXJoc$_$6,4.5,4.75,5.0,[0],[0],0.0,,,0,neutral,VERIFIED_ACTIVE,0.0,,43
-dxfTGcXJoc$_$6,4.75,5.0,5.25,[0],[0],0.0,,,0,neutral,VERIFIED_ACTIVE,0.0,,43
-dxfTGcXJoc$_$6,5.0,5.25,5.5,[0],[0],0.0,,,0,neutral,VERIFIED_ACTIVE,0.0,,43
-dxfTGcXJoc$_$6,5.25,5.5,5.75,[0],[0],0.0,,,0,neutral,VERIFIED_ACTIVE,0.0,,43
-dxfTGcXJoc$_$6,5.5,5.75,6.0,[0],[0],0.0,,,0,neutral,VERIFIED_ACTIVE,0.0,,43
-dxfTGcXJoc$_$6,5.75,6.0,6.25,[0],[0],0.0,,,0,neutral,VERIFIED_ACTIVE,0.0,,43
-dxfTGcXJoc$_$6,6.0,6.25,6.5,[0],[0],0.0,,,0,neutral,VERIFIED_ACTIVE,0.0,,43
-dxfTGcXJoc$_$6,6.25,6.5,6.75,[0],[0],0.0,,,0,neutral,VERIFIED_ACTIVE,0.0,,43
-dxfTGcXJoc$_$6,6.5,6.75,7.0,[0],[0],0.0,,,0,neutral,VERIFIED_ACTIVE,0.0,,43
-dxfTGcXJoc$_$6,6.75,7.0,7.25,[0],[0],0.0,,,0,neutral,VERIFIED_ACTIVE,0.0,,43
-dxfTGcXJoc$_$6,7.0,7.25,7.5,[0],[0],0.0,,,0,neutral,VERIFIED_ACTIVE,0.0,,43
-dxfTGcXJoc$_$6,7.25,7.5,7.75,[0],[0],0.0,,,0,neutral,VERIFIED_ACTIVE,0.0,,43
-dxfTGcXJoc$_$6,7.5,7.75,8.0,[0],[0],0.0,,,0,neutral,VERIFIED_ACTIVE,0.0,,43
-dxfTGcXJoc$_$6,7.75,8.0,8.25,[0],[0],0.0,,,0,neutral,VERIFIED_ACTIVE,0.0,,43
-dxfTGcXJoc$_$6,8.0,8.25,8.5,[0],[0],0.0,,,0,neutral,VERIFIED_ACTIVE,0.0,,43
-dxfTGcXJoc$_$6,8.25,8.5,8.75,[0],[0],0.0,,,0,neutral,VERIFIED_ACTIVE,0.0,,43
-dxfTGcXJoc$_$6,8.5,8.75,9.0,[0],[0],0.0,,,0,neutral,VERIFIED_ACTIVE,0.0,,43
-dxfTGcXJoc$_$6,8.75,9.0,9.25,[0],[0],0.0,,,0,neutral,VERIFIED_ACTIVE,0.0,,43
-dxfTGcXJoc$_$6,9.0,9.25,9.5,[0],[0],0.0,,,0,neutral,VERIFIED_ACTIVE,0.0,,43
-dxfTGcXJoc$_$6,9.25,9.5,9.75,[0],[0],0.0,,,0,neutral,VERIFIED_ACTIVE,0.0,,43
-dxfTGcXJoc$_$6,9.5,9.75,10.0,[0],[0],0.0,,,0,neutral,VERIFIED_ACTIVE,0.0,,43
-dxfTGcXJoc$_$6,9.75,10.0,10.25,[0],[0],0.0,,,0,neutral,VERIFIED_ACTIVE,0.0,,43
-dxfTGcXJoc$_$6,10.0,10.25,10.5,[0],[0],0.0,,,0,neutral,VERIFIED_ACTIVE,0.0,,43
-dxfTGcXJoc$_$6,10.25,10.5,10.75,[0],[0],0.0,,,0,neutral,VERIFIED_ACTIVE,0.0,,43
-dxfTGcXJoc$_$6,10.5,10.75,11.0,[0],[0],0.0,,,0,neutral,VERIFIED_ACTIVE,0.0,,43
-dxfTGcXJoc$_$6,10.75,11.0,11.25,[0],[0],0.0,,,0,neutral,VERIFIED_ACTIVE,0.0,,43
-dxfTGcXJoc$_$6,11.0,11.25,11.5,[0],[0],0.0,,,0,neutral,VERIFIED_ACTIVE,0.0,,43
-dxfTGcXJoc$_$6,11.25,11.5,11.75,[0],[0],0.0,,,0,neutral,VERIFIED_ACTIVE,0.0,,43
-dxfTGcXJoc$_$6,11.5,11.75,12.0,[0],[0],0.0,,,0,neutral,VERIFIED_ACTIVE,0.0,,43
-dxfTGcXJoc$_$6,11.75,12.0,12.25,[0],[],0.0,0.0,11.5,1,neutral,VERIFIED_CONTINUITY,0.0,,43
-dxfTGcXJoc$_$6,12.0,12.25,12.5,[0],[],0.0,0.0,11.5,1,neutral,VERIFIED_CONTINUITY,0.0,,43
-dxfTGcXJoc$_$6,12.25,12.5,12.733333333333333,[0],[],0.0,0.0,11.5,1,neutral,VERIFIED_CONTINUITY,0.0,,43
-dxfTGcXJoc$_$6,12.5,12.733333333333333,12.733333333333333,[0],[],0.0,0.0,11.5,1,neutral,VERIFIED_CONTINUITY,0.0,,43
-hnBHBN8p5A$_$6,0.0,0.25,0.5,[0],[],,,,0,neutral,UNRESOLVED,,arcface_partition_unstable,53
-hnBHBN8p5A$_$6,0.25,0.5,0.75,[0],[],,,,0,neutral,UNRESOLVED,,arcface_partition_unstable,53
-hnBHBN8p5A$_$6,0.5,0.75,1.0,[0],[],,,,0,neutral,UNRESOLVED,,arcface_partition_unstable,53
-hnBHBN8p5A$_$6,0.75,1.0,1.25,[0],[],,,,0,neutral,UNRESOLVED,,arcface_partition_unstable,53
-hnBHBN8p5A$_$6,1.0,1.25,1.5,[0],[],,,,0,neutral,UNRESOLVED,,arcface_partition_unstable,53
-hnBHBN8p5A$_$6,1.25,1.5,1.75,[0],[],,,,0,neutral,UNRESOLVED,,arcface_partition_unstable,53
-hnBHBN8p5A$_$6,1.5,1.75,2.0,[0],[],,,,0,neutral,UNRESOLVED,,arcface_partition_unstable,53
-hnBHBN8p5A$_$6,1.75,2.0,2.25,[0],[],,,,0,neutral,UNRESOLVED,,arcface_partition_unstable,53
-hnBHBN8p5A$_$6,2.0,2.25,2.5,[0],[],,,,0,neutral,UNRESOLVED,,arcface_partition_unstable,53
-hnBHBN8p5A$_$6,2.25,2.5,2.75,[0],[],,,,0,neutral,UNRESOLVED,,arcface_partition_unstable,53
-hnBHBN8p5A$_$6,2.5,2.75,3.0,[0],[],,,,0,neutral,UNRESOLVED,,arcface_partition_unstable,53
-hnBHBN8p5A$_$6,2.75,3.0,3.25,[0],[],,,,0,neutral,UNRESOLVED,,arcface_partition_unstable,53
-hnBHBN8p5A$_$6,3.0,3.25,3.5,[0],[],,,,0,neutral,UNRESOLVED,,arcface_partition_unstable,53
-hnBHBN8p5A$_$6,3.25,3.5,3.75,"[0,1]",[],,,,0,neutral,UNRESOLVED,,arcface_partition_unstable,53
-hnBHBN8p5A$_$6,3.5,3.75,4.0,[1],[],,,,0,neutral,UNRESOLVED,,arcface_partition_unstable,53
-hnBHBN8p5A$_$6,3.75,4.0,4.25,[1],[],,,,0,neutral,UNRESOLVED,,arcface_partition_unstable,53
-hnBHBN8p5A$_$6,4.0,4.25,4.5,[1],[],,,,0,neutral,UNRESOLVED,,arcface_partition_unstable,53
-hnBHBN8p5A$_$6,4.25,4.5,4.75,[],[],,,,0,neutral,MISSING,,,53
-hnBHBN8p5A$_$6,4.5,4.75,5.0,[],[],,,,0,neutral,MISSING,,,53
-hnBHBN8p5A$_$6,4.75,5.0,5.25,[],[],,,,0,neutral,MISSING,,,53
-hnBHBN8p5A$_$6,5.0,5.25,5.5,[],[],,,,0,neutral,MISSING,,,53
-hnBHBN8p5A$_$6,5.25,5.5,5.75,[],[],,,,0,neutral,MISSING,,,53
-hnBHBN8p5A$_$6,5.5,5.75,6.0,[],[],,,,0,neutral,MISSING,,,53
-hnBHBN8p5A$_$6,5.75,6.0,6.25,[],[],,,,0,neutral,MISSING,,,53
-hnBHBN8p5A$_$6,6.0,6.25,6.381377777777778,[],[],,,,0,neutral,MISSING,,,53
-hnBHBN8p5A$_$6,6.25,6.381377777777778,6.381377777777778,[],[],,,,0,neutral,MISSING,,,53
-hnBHBN8p5A$_$7,0.0,0.25,0.5,[0],[],,,,0,neutral,UNRESOLVED,,arcface_partition_unstable,54
-hnBHBN8p5A$_$7,0.25,0.5,0.75,"[0,1]",[],,,,0,neutral,UNRESOLVED,,arcface_partition_unstable,54
-hnBHBN8p5A$_$7,0.5,0.75,1.0,[1],[],,,,0,neutral,UNRESOLVED,,arcface_partition_unstable,54
-hnBHBN8p5A$_$7,0.75,1.0,1.25,"[1,3]",[],,,,0,neutral,UNRESOLVED,,arcface_partition_unstable,54
-hnBHBN8p5A$_$7,1.0,1.25,1.5,[3],[],,,,0,neutral,UNRESOLVED,,arcface_partition_unstable,54
-hnBHBN8p5A$_$7,1.25,1.5,1.75,[3],[],,,,0,neutral,UNRESOLVED,,arcface_partition_unstable,54
-hnBHBN8p5A$_$7,1.5,1.75,2.0,[3],[],,,,0,neutral,UNRESOLVED,,arcface_partition_unstable,54
-hnBHBN8p5A$_$7,1.75,2.0,2.25,[3],[],,,,0,neutral,UNRESOLVED,,arcface_partition_unstable,54
-hnBHBN8p5A$_$7,2.0,2.25,2.5,[],[],,,,0,neutral,MISSING,,,54
-hnBHBN8p5A$_$7,2.25,2.5,2.75,[],[],,,,0,neutral,MISSING,,,54
-hnBHBN8p5A$_$7,2.5,2.75,3.0,[],[],,,,0,neutral,MISSING,,,54
-hnBHBN8p5A$_$7,2.75,3.0,3.25,[],[],,,,0,neutral,MISSING,,,54
-hnBHBN8p5A$_$7,3.0,3.25,3.5,[1],[],,,,0,neutral,UNRESOLVED,,arcface_partition_unstable,54
-hnBHBN8p5A$_$7,3.25,3.5,3.75,[1],[],,,,0,neutral,UNRESOLVED,,arcface_partition_unstable,54
-hnBHBN8p5A$_$7,3.5,3.75,4.0,[1],[],,,,0,neutral,UNRESOLVED,,arcface_partition_unstable,54
-hnBHBN8p5A$_$7,3.75,4.0,4.25,[1],[],,,,0,neutral,UNRESOLVED,,arcface_partition_unstable,54
-hnBHBN8p5A$_$7,4.0,4.25,4.5,[1],[],,,,0,neutral,UNRESOLVED,,arcface_partition_unstable,54
-hnBHBN8p5A$_$7,4.25,4.5,4.75,[1],[],,,,0,neutral,UNRESOLVED,,arcface_partition_unstable,54
-hnBHBN8p5A$_$7,4.5,4.75,5.0,[1],[],,,,0,neutral,UNRESOLVED,,arcface_partition_unstable,54
-hnBHBN8p5A$_$7,4.75,5.0,5.25,[1],[],,,,0,neutral,UNRESOLVED,,arcface_partition_unstable,54
-hnBHBN8p5A$_$7,5.0,5.25,5.5,[1],[],,,,0,neutral,UNRESOLVED,,arcface_partition_unstable,54
-hnBHBN8p5A$_$7,5.25,5.5,5.75,[1],[],,,,0,neutral,UNRESOLVED,,arcface_partition_unstable,54
-hnBHBN8p5A$_$7,5.5,5.75,6.0,[1],[],,,,0,neutral,UNRESOLVED,,arcface_partition_unstable,54
-hnBHBN8p5A$_$7,5.75,6.0,6.25,[1],[],,,,0,neutral,UNRESOLVED,,arcface_partition_unstable,54
-hnBHBN8p5A$_$7,6.0,6.25,6.5,[1],[],,,,0,neutral,UNRESOLVED,,arcface_partition_unstable,54
-hnBHBN8p5A$_$7,6.25,6.5,6.75,[1],[],,,,0,neutral,UNRESOLVED,,arcface_partition_unstable,54
-hnBHBN8p5A$_$7,6.5,6.75,7.0,[1],[],,,,0,neutral,UNRESOLVED,,arcface_partition_unstable,54
-hnBHBN8p5A$_$7,6.75,7.0,7.25,[1],[],,,,0,neutral,UNRESOLVED,,arcface_partition_unstable,54
-hnBHBN8p5A$_$7,7.0,7.25,7.340666666666666,[1],[],,,,0,neutral,UNRESOLVED,,arcface_partition_unstable,54
-hnBHBN8p5A$_$7,7.25,7.340666666666666,7.340666666666666,[1],[],,,,0,neutral,UNRESOLVED,,arcface_partition_unstable,54
-iRBcNs9oI8$_$9,0.0,0.25,0.5,[0],[],,,,0,neutral,UNRESOLVED,,,59
-iRBcNs9oI8$_$9,0.25,0.5,0.75,[0],[],,,,0,neutral,UNRESOLVED,,,59
-iRBcNs9oI8$_$9,0.5,0.75,1.0,[0],[],,,,0,neutral,UNRESOLVED,,,59
-iRBcNs9oI8$_$9,0.75,1.0,1.25,[],[],,,,0,neutral,MISSING,,,59
-iRBcNs9oI8$_$9,1.0,1.25,1.5,[],[],,,,0,neutral,MISSING,,,59
-iRBcNs9oI8$_$9,1.25,1.5,1.75,[0],[],,,,0,neutral,UNRESOLVED,,,59
-iRBcNs9oI8$_$9,1.5,1.75,2.0,[0],[],,,,0,neutral,UNRESOLVED,,,59
-iRBcNs9oI8$_$9,1.75,2.0,2.25,[0],[],,,,0,neutral,UNRESOLVED,,,59
-iRBcNs9oI8$_$9,2.0,2.25,2.5,[0],[],,,,0,neutral,UNRESOLVED,,,59
-iRBcNs9oI8$_$9,2.25,2.5,2.75,[0],[],,,,0,neutral,UNRESOLVED,,,59
-iRBcNs9oI8$_$9,2.5,2.75,3.0,[0],[],,,,0,neutral,UNRESOLVED,,,59
-iRBcNs9oI8$_$9,2.75,3.0,3.25,[0],[],,,,0,neutral,UNRESOLVED,,,59
-iRBcNs9oI8$_$9,3.0,3.25,3.4034000000000004,[0],[],,,,0,neutral,UNRESOLVED,,,59
-iRBcNs9oI8$_$9,3.25,3.4034000000000004,3.4034000000000004,[0],[],,,,0,neutral,UNRESOLVED,,,59
-lzEya4AM_4$_$6,0.0,0.25,0.5,[0],[],0.0,0.0,1.5,1,support,VERIFIED_CONTINUITY,0.0,,61
-lzEya4AM_4$_$6,0.25,0.5,0.75,[0],[],0.0,0.0,1.5,1,support,VERIFIED_CONTINUITY,0.0,,61
-lzEya4AM_4$_$6,0.5,0.75,1.0,[0],[],0.0,0.0,1.5,1,support,VERIFIED_CONTINUITY,0.0,,61
-lzEya4AM_4$_$6,0.75,1.0,1.25,[0],[],0.0,0.0,1.5,1,support,VERIFIED_CONTINUITY,0.0,,61
-lzEya4AM_4$_$6,1.0,1.25,1.5,[0],[],0.0,0.0,1.5,1,support,VERIFIED_CONTINUITY,0.0,,61
-lzEya4AM_4$_$6,1.25,1.5,1.75,[0],[],0.0,0.0,1.5,1,support,VERIFIED_CONTINUITY,0.0,,61
-lzEya4AM_4$_$6,1.5,1.75,2.0,[0],[0],0.0,,,0,support,VERIFIED_ACTIVE,0.0,,61
-lzEya4AM_4$_$6,1.75,2.0,2.25,[0],[0],0.0,,,0,support,VERIFIED_ACTIVE,0.0,,61
-lzEya4AM_4$_$6,2.0,2.25,2.5,[0],[0],0.0,,,0,support,VERIFIED_ACTIVE,0.0,,61
-lzEya4AM_4$_$6,2.25,2.5,2.75,[0],[],0.0,0.0,2.0,1,support,VERIFIED_CONTINUITY,0.0,,61
-lzEya4AM_4$_$6,2.5,2.75,3.0,[0],[],0.0,0.0,2.0,1,support,VERIFIED_CONTINUITY,0.0,,61
-lzEya4AM_4$_$6,2.75,3.0,3.25,[0],[],0.0,0.0,2.0,1,support,VERIFIED_CONTINUITY,0.0,,61
-lzEya4AM_4$_$6,3.0,3.25,3.5,[0],[0],0.0,,,0,support,VERIFIED_ACTIVE,0.0,,61
-lzEya4AM_4$_$6,3.25,3.5,3.75,[0],[],0.0,0.0,4.25,1,support,VERIFIED_CONTINUITY,0.0,,61
-lzEya4AM_4$_$6,3.5,3.75,4.0,[0],[],0.0,0.0,4.25,1,support,VERIFIED_CONTINUITY,0.0,,61
-lzEya4AM_4$_$6,3.75,4.0,4.25,[0],[],0.0,0.0,4.25,1,support,VERIFIED_CONTINUITY,0.0,,61
-lzEya4AM_4$_$6,4.0,4.25,4.5,[0],[],0.0,0.0,4.25,1,support,VERIFIED_CONTINUITY,0.0,,61
-lzEya4AM_4$_$6,4.25,4.5,4.75,[0],[0],0.0,,,0,support,VERIFIED_ACTIVE,0.0,,61
-lzEya4AM_4$_$6,4.5,4.75,5.0,[0],[0],0.0,,,0,support,VERIFIED_ACTIVE,0.0,,61
-lzEya4AM_4$_$6,4.75,5.0,5.25,[0],[0],0.0,,,0,support,VERIFIED_ACTIVE,0.0,,61
-lzEya4AM_4$_$6,5.0,5.25,5.5,[0],[],0.0,0.0,4.75,1,support,VERIFIED_CONTINUITY,0.0,,61
-lzEya4AM_4$_$6,5.25,5.5,5.75,[0],[],0.0,0.0,4.75,1,support,VERIFIED_CONTINUITY,0.0,,61
-lzEya4AM_4$_$6,5.5,5.75,6.0,[0],[],0.0,0.0,5.75,1,support,VERIFIED_CONTINUITY,0.0,,61
-lzEya4AM_4$_$6,5.75,6.0,6.25,[0],[0],0.0,,,0,support,VERIFIED_ACTIVE,0.0,,61
-lzEya4AM_4$_$6,6.0,6.25,6.5,[0],[0],0.0,,,0,support,VERIFIED_ACTIVE,0.0,,61
-lzEya4AM_4$_$6,6.25,6.5,6.75,[0],[],0.0,0.0,6.0,1,support,VERIFIED_CONTINUITY,0.0,,61
-lzEya4AM_4$_$6,6.5,6.75,7.0,[0],[],0.0,0.0,6.0,1,support,VERIFIED_CONTINUITY,0.0,,61
-lzEya4AM_4$_$6,6.75,7.0,7.25,[0],[],0.0,0.0,6.0,1,support,VERIFIED_CONTINUITY,0.0,,61
-lzEya4AM_4$_$6,7.0,7.25,7.5,[0],[],0.0,0.0,7.5,1,support,VERIFIED_CONTINUITY,0.0,,61
-lzEya4AM_4$_$6,7.25,7.5,7.75,[0],[],0.0,0.0,7.5,1,support,VERIFIED_CONTINUITY,0.0,,61
-lzEya4AM_4$_$6,7.5,7.75,8.0,[0],[0],0.0,,,0,support,VERIFIED_ACTIVE,0.0,,61
-lzEya4AM_4$_$6,7.75,8.0,8.25,[0],[0],0.0,,,0,support,VERIFIED_ACTIVE,0.0,,61
-lzEya4AM_4$_$6,8.0,8.25,8.5,[0],[0],0.0,,,0,support,VERIFIED_ACTIVE,0.0,,61
-lzEya4AM_4$_$6,8.25,8.5,8.75,[0],[0],0.0,,,0,support,VERIFIED_ACTIVE,0.0,,61
-lzEya4AM_4$_$6,8.5,8.75,9.0,[0],[0],0.0,,,0,support,VERIFIED_ACTIVE,0.0,,61
-lzEya4AM_4$_$6,8.75,9.0,9.25,[0],[0],0.0,,,0,support,VERIFIED_ACTIVE,0.0,,61
-lzEya4AM_4$_$6,9.0,9.25,9.5,[0],[],0.0,0.0,8.75,1,support,VERIFIED_CONTINUITY,0.0,,61
-lzEya4AM_4$_$6,9.25,9.5,9.75,[0],[0],0.0,,,0,support,VERIFIED_ACTIVE,0.0,,61
-lzEya4AM_4$_$6,9.5,9.75,10.0,[0],[0],0.0,,,0,support,VERIFIED_ACTIVE,0.0,,61
-lzEya4AM_4$_$6,9.75,10.0,10.25,[0],[0],0.0,,,0,support,VERIFIED_ACTIVE,0.0,,61
-lzEya4AM_4$_$6,10.0,10.25,10.5,[0],[0],0.0,,,0,support,VERIFIED_ACTIVE,0.0,,61
-lzEya4AM_4$_$6,10.25,10.5,10.75,[0],[0],0.0,,,0,support,VERIFIED_ACTIVE,0.0,,61
-lzEya4AM_4$_$6,10.5,10.75,11.0,[0],[0],0.0,,,0,support,VERIFIED_ACTIVE,0.0,,61
-lzEya4AM_4$_$6,10.75,11.0,11.25,[0],[0],0.0,,,0,support,VERIFIED_ACTIVE,0.0,,61
-lzEya4AM_4$_$6,11.0,11.25,11.5,[0],[0],0.0,,,0,support,VERIFIED_ACTIVE,0.0,,61
-lzEya4AM_4$_$6,11.25,11.5,11.75,[0],[0],0.0,,,0,support,VERIFIED_ACTIVE,0.0,,61
-lzEya4AM_4$_$6,11.5,11.75,12.0,[0],[0],0.0,,,0,support,VERIFIED_ACTIVE,0.0,,61
-lzEya4AM_4$_$6,11.75,12.0,12.25,[0],[0],0.0,,,0,support,VERIFIED_ACTIVE,0.0,,61
-lzEya4AM_4$_$6,12.0,12.25,12.5,[0],[0],0.0,,,0,support,VERIFIED_ACTIVE,0.0,,61
-lzEya4AM_4$_$6,12.25,12.5,12.75,[0],[0],0.0,,,0,support,VERIFIED_ACTIVE,0.0,,61
-lzEya4AM_4$_$6,12.5,12.75,13.0,[0],[0],0.0,,,0,support,VERIFIED_ACTIVE,0.0,,61
-lzEya4AM_4$_$6,12.75,13.0,13.25,[0],[0],0.0,,,0,support,VERIFIED_ACTIVE,0.0,,61
-lzEya4AM_4$_$6,13.0,13.25,13.5,[0],[0],0.0,,,0,support,VERIFIED_ACTIVE,0.0,,61
-lzEya4AM_4$_$6,13.25,13.5,13.75,[0],[0],0.0,,,0,support,VERIFIED_ACTIVE,0.0,,61
-lzEya4AM_4$_$6,13.5,13.75,14.0,[0],[0],0.0,,,0,support,VERIFIED_ACTIVE,0.0,,61
-lzEya4AM_4$_$6,13.75,14.0,14.25,[0],[0],0.0,,,0,support,VERIFIED_ACTIVE,0.0,,61
-lzEya4AM_4$_$6,14.0,14.25,14.5,[0],[0],0.0,,,0,support,VERIFIED_ACTIVE,0.0,,61
-lzEya4AM_4$_$6,14.25,14.5,14.75,[0],[],0.0,0.0,14.0,1,support,VERIFIED_CONTINUITY,0.0,,61
-lzEya4AM_4$_$6,14.5,14.75,14.766666666666666,[0],[],0.0,0.0,14.0,1,support,VERIFIED_CONTINUITY,0.0,,61
-lzEya4AM_4$_$6,14.75,14.766666666666666,14.766666666666666,[0],[],0.0,0.0,14.0,1,support,VERIFIED_CONTINUITY,0.0,,61
-mJ2ud6oKI8$_$1,0.0,0.25,0.5,[],[],,,,0,neutral,MISSING,,,62
-mJ2ud6oKI8$_$1,0.25,0.5,0.75,[],[],,,,0,neutral,MISSING,,,62
-mJ2ud6oKI8$_$1,0.5,0.75,1.0,[],[],,,,0,neutral,MISSING,,,62
-mJ2ud6oKI8$_$1,0.75,1.0,1.25,[],[],,,,0,neutral,MISSING,,,62
-mJ2ud6oKI8$_$1,1.0,1.25,1.5,[],[],,,,0,neutral,MISSING,,,62
-mJ2ud6oKI8$_$1,1.25,1.5,1.75,[],[],,,,0,neutral,MISSING,,,62
-mJ2ud6oKI8$_$1,1.5,1.75,2.0,[],[],,,,0,neutral,MISSING,,,62
-mJ2ud6oKI8$_$1,1.75,2.0,2.25,[],[],,,,0,neutral,MISSING,,,62
-mJ2ud6oKI8$_$1,2.0,2.25,2.5,[],[],,,,0,neutral,MISSING,,,62
-mJ2ud6oKI8$_$1,2.25,2.5,2.75,[],[],,,,0,neutral,MISSING,,,62
-mJ2ud6oKI8$_$1,2.5,2.75,3.0,[],[],,,,0,neutral,MISSING,,,62
-mJ2ud6oKI8$_$1,2.75,3.0,3.25,[],[],,,,0,neutral,MISSING,,,62
-mJ2ud6oKI8$_$1,3.0,3.25,3.5,[],[],,,,0,neutral,MISSING,,,62
-mJ2ud6oKI8$_$1,3.25,3.5,3.75,[],[],,,,0,neutral,MISSING,,,62
-mJ2ud6oKI8$_$1,3.5,3.75,4.0,[],[],,,,0,neutral,MISSING,,,62
-mJ2ud6oKI8$_$1,3.75,4.0,4.25,[],[],,,,0,neutral,MISSING,,,62
-mJ2ud6oKI8$_$1,4.0,4.25,4.5,[],[],,,,0,neutral,MISSING,,,62
-mJ2ud6oKI8$_$1,4.25,4.5,4.75,[],[],,,,0,neutral,MISSING,,,62
-mJ2ud6oKI8$_$1,4.5,4.75,5.0,[],[],,,,0,neutral,MISSING,,,62
-mJ2ud6oKI8$_$1,4.75,5.0,5.25,[],[],,,,0,neutral,MISSING,,,62
-mJ2ud6oKI8$_$1,5.0,5.25,5.5,[],[],,,,0,neutral,MISSING,,,62
-mJ2ud6oKI8$_$1,5.25,5.5,5.75,[],[],,,,0,neutral,MISSING,,,62
-mJ2ud6oKI8$_$1,5.5,5.75,6.0,[],[],,,,0,neutral,MISSING,,,62
-mJ2ud6oKI8$_$1,5.75,6.0,6.072733333333334,[],[],,,,0,neutral,MISSING,,,62
-mJ2ud6oKI8$_$1,6.0,6.072733333333334,6.072733333333334,[],[],,,,0,neutral,MISSING,,,62
-mJ2ud6oKI8$_$2,0.0,0.25,0.5,[],[],,,,0,neutral,MISSING,,,63
-mJ2ud6oKI8$_$2,0.25,0.5,0.75,[],[],,,,0,neutral,MISSING,,,63
-mJ2ud6oKI8$_$2,0.5,0.75,1.0,[],[],,,,0,neutral,MISSING,,,63
-mJ2ud6oKI8$_$2,0.75,1.0,1.25,[],[],,,,0,neutral,MISSING,,,63
-mJ2ud6oKI8$_$2,1.0,1.25,1.5,[],[],,,,0,neutral,MISSING,,,63
-mJ2ud6oKI8$_$2,1.25,1.5,1.75,[],[],,,,0,neutral,MISSING,,,63
-mJ2ud6oKI8$_$2,1.5,1.75,2.0,[],[],,,,0,neutral,MISSING,,,63
-mJ2ud6oKI8$_$2,1.75,2.0,2.25,[],[],,,,0,neutral,MISSING,,,63
-mJ2ud6oKI8$_$2,2.0,2.25,2.5,[],[],,,,0,neutral,MISSING,,,63
-mJ2ud6oKI8$_$2,2.25,2.5,2.75,[],[],,,,0,neutral,MISSING,,,63
-mJ2ud6oKI8$_$2,2.5,2.75,3.0,[0],[],,,,0,neutral,UNRESOLVED,,,63
-mJ2ud6oKI8$_$2,2.75,3.0,3.25,[0],[],,,,0,neutral,UNRESOLVED,,,63
-mJ2ud6oKI8$_$2,3.0,3.25,3.5,[0],[],,,,0,neutral,UNRESOLVED,,,63
-mJ2ud6oKI8$_$2,3.25,3.5,3.75,"[0,1]",[],,,,0,neutral,AMBIGUOUS,,,63
-mJ2ud6oKI8$_$2,3.5,3.75,4.0,[1],[],,,,0,neutral,UNRESOLVED,,,63
-mJ2ud6oKI8$_$2,3.75,4.0,4.25,[],[],,,,0,neutral,MISSING,,,63
-mJ2ud6oKI8$_$2,4.0,4.25,4.5,[],[],,,,0,neutral,MISSING,,,63
-mJ2ud6oKI8$_$2,4.25,4.5,4.75,[],[],,,,0,neutral,MISSING,,,63
-mJ2ud6oKI8$_$2,4.5,4.75,5.0,[],[],,,,0,neutral,MISSING,,,63
-mJ2ud6oKI8$_$2,4.75,5.0,5.25,[],[],,,,0,neutral,MISSING,,,63
-mJ2ud6oKI8$_$2,5.0,5.25,5.5,[],[],,,,0,neutral,MISSING,,,63
-mJ2ud6oKI8$_$2,5.25,5.5,5.7057,[1],[],,,,0,neutral,UNRESOLVED,,,63
-mJ2ud6oKI8$_$2,5.5,5.7057,5.7057,[1],[],,,,0,neutral,UNRESOLVED,,,63
-mJ2ud6oKI8$_$9,0.0,0.25,0.5,[0],[],,,,0,neutral,UNRESOLVED,,,66
-mJ2ud6oKI8$_$9,0.25,0.5,0.75,[0],[],,,,0,neutral,UNRESOLVED,,,66
-mJ2ud6oKI8$_$9,0.5,0.75,1.0,[0],[],,,,0,neutral,UNRESOLVED,,,66
-mJ2ud6oKI8$_$9,0.75,1.0,1.25,[0],[],,,,0,neutral,UNRESOLVED,,,66
-mJ2ud6oKI8$_$9,1.0,1.25,1.5,[0],[],,,,0,neutral,UNRESOLVED,,,66
-mJ2ud6oKI8$_$9,1.25,1.5,1.75,[0],[],,,,0,neutral,UNRESOLVED,,,66
-mJ2ud6oKI8$_$9,1.5,1.75,2.0,[0],[],,,,0,neutral,UNRESOLVED,,,66
-mJ2ud6oKI8$_$9,1.75,2.0,2.25,[0],[],,,,0,neutral,UNRESOLVED,,,66
-mJ2ud6oKI8$_$9,2.0,2.25,2.5,[0],[],,,,0,neutral,UNRESOLVED,,,66
-mJ2ud6oKI8$_$9,2.25,2.5,2.75,[0],[],,,,0,neutral,UNRESOLVED,,,66
-mJ2ud6oKI8$_$9,2.5,2.75,3.0,[0],[],,,,0,neutral,UNRESOLVED,,,66
-mJ2ud6oKI8$_$9,2.75,3.0,3.25,[0],[],,,,0,neutral,UNRESOLVED,,,66
-mJ2ud6oKI8$_$9,3.0,3.25,3.5,[0],[],,,,0,neutral,UNRESOLVED,,,66
-mJ2ud6oKI8$_$9,3.25,3.5,3.75,[0],[],,,,0,neutral,UNRESOLVED,,,66
-mJ2ud6oKI8$_$9,3.5,3.75,4.0,[0],[],,,,0,neutral,UNRESOLVED,,,66
-mJ2ud6oKI8$_$9,3.75,4.0,4.25,[0],[],,,,0,neutral,UNRESOLVED,,,66
-mJ2ud6oKI8$_$9,4.0,4.25,4.5,[0],[],,,,0,neutral,UNRESOLVED,,,66
-mJ2ud6oKI8$_$9,4.25,4.5,4.75,[0],[],,,,0,neutral,UNRESOLVED,,,66
-mJ2ud6oKI8$_$9,4.5,4.75,5.0,[0],[],,,,0,neutral,UNRESOLVED,,,66
-mJ2ud6oKI8$_$9,4.75,5.0,5.25,[0],[],,,,0,neutral,UNRESOLVED,,,66
-mJ2ud6oKI8$_$9,5.0,5.25,5.5,[0],[],,,,0,neutral,UNRESOLVED,,,66
-mJ2ud6oKI8$_$9,5.25,5.5,5.75,[0],[],,,,0,neutral,UNRESOLVED,,,66
-mJ2ud6oKI8$_$9,5.5,5.75,6.0,[0],[],,,,0,neutral,UNRESOLVED,,,66
-mJ2ud6oKI8$_$9,5.75,6.0,6.25,[0],[],,,,0,neutral,UNRESOLVED,,,66
-mJ2ud6oKI8$_$9,6.0,6.25,6.5,[0],[],,,,0,neutral,UNRESOLVED,,,66
-mJ2ud6oKI8$_$9,6.25,6.5,6.75,[0],[],,,,0,neutral,UNRESOLVED,,,66
-mJ2ud6oKI8$_$9,6.5,6.75,7.0,[0],[],,,,0,neutral,UNRESOLVED,,,66
-mJ2ud6oKI8$_$9,6.75,7.0,7.007000000000001,[0],[],,,,0,neutral,UNRESOLVED,,,66
-mJ2ud6oKI8$_$9,7.0,7.007000000000001,7.007000000000001,[0],[],,,,0,neutral,UNRESOLVED,,,66
-ri04Z7vwnc$_$0,0.0,0.25,0.5,[],[],,,,0,neutral,MISSING,,,69
-ri04Z7vwnc$_$0,0.25,0.5,0.75,[],[],,,,0,neutral,MISSING,,,69
-ri04Z7vwnc$_$0,0.5,0.75,1.0,[],[],,,,0,neutral,MISSING,,,69
-ri04Z7vwnc$_$0,0.75,1.0,1.25,[],[],,,,0,neutral,MISSING,,,69
-ri04Z7vwnc$_$0,1.0,1.25,1.5,[],[],,,,0,neutral,MISSING,,,69
-ri04Z7vwnc$_$0,1.25,1.5,1.75,[],[],,,,0,neutral,MISSING,,,69
-ri04Z7vwnc$_$0,1.5,1.75,2.0,[],[],,,,0,neutral,MISSING,,,69
-ri04Z7vwnc$_$0,1.75,2.0,2.25,[],[],,,,0,neutral,MISSING,,,69
-ri04Z7vwnc$_$0,2.0,2.25,2.5,[],[],,,,0,neutral,MISSING,,,69
-ri04Z7vwnc$_$0,2.25,2.5,2.75,[],[],,,,0,neutral,MISSING,,,69
-ri04Z7vwnc$_$0,2.5,2.75,2.7944666666666667,[],[],,,,0,neutral,MISSING,,,69
-ri04Z7vwnc$_$0,2.75,2.7944666666666667,2.7944666666666667,[],[],,,,0,neutral,MISSING,,,69
-s9qJ7ATP7w$_$0,0.0,0.25,0.5,[1],[],,,,0,neutral,UNRESOLVED,,arcface_partition_unstable,72
-s9qJ7ATP7w$_$0,0.25,0.5,0.75,[1],[],,,,0,neutral,UNRESOLVED,,arcface_partition_unstable,72
-s9qJ7ATP7w$_$0,0.5,0.75,1.0,[1],[],,,,0,neutral,UNRESOLVED,,arcface_partition_unstable,72
-s9qJ7ATP7w$_$0,0.75,1.0,1.25,[1],[],,,,0,neutral,UNRESOLVED,,arcface_partition_unstable,72
-s9qJ7ATP7w$_$0,1.0,1.25,1.5,[1],[],,,,0,neutral,UNRESOLVED,,arcface_partition_unstable,72
-s9qJ7ATP7w$_$0,1.25,1.5,1.75,[1],[],,,,0,neutral,UNRESOLVED,,arcface_partition_unstable,72
-s9qJ7ATP7w$_$0,1.5,1.75,2.0,[1],[],,,,0,neutral,UNRESOLVED,,arcface_partition_unstable,72
-s9qJ7ATP7w$_$0,1.75,2.0,2.25,"[0,1]",[],,,,0,neutral,UNRESOLVED,,arcface_partition_unstable,72
-s9qJ7ATP7w$_$0,2.0,2.25,2.5,"[0,1]",[],,,,0,neutral,UNRESOLVED,,arcface_partition_unstable,72
-s9qJ7ATP7w$_$0,2.25,2.5,2.75,[1],[],,,,0,neutral,UNRESOLVED,,arcface_partition_unstable,72
-s9qJ7ATP7w$_$0,2.5,2.75,3.0,[1],[],,,,0,neutral,UNRESOLVED,,arcface_partition_unstable,72
-s9qJ7ATP7w$_$0,2.75,3.0,3.25,[1],[],,,,0,neutral,UNRESOLVED,,arcface_partition_unstable,72
-s9qJ7ATP7w$_$0,3.0,3.25,3.5,[1],[],,,,0,neutral,UNRESOLVED,,arcface_partition_unstable,72
-s9qJ7ATP7w$_$0,3.25,3.5,3.75,[1],[],,,,0,neutral,UNRESOLVED,,arcface_partition_unstable,72
-s9qJ7ATP7w$_$0,3.5,3.75,4.0,[1],[],,,,0,neutral,UNRESOLVED,,arcface_partition_unstable,72
-s9qJ7ATP7w$_$0,3.75,4.0,4.25,[1],[],,,,0,neutral,UNRESOLVED,,arcface_partition_unstable,72
-s9qJ7ATP7w$_$0,4.0,4.25,4.5,[1],[],,,,0,neutral,UNRESOLVED,,arcface_partition_unstable,72
-s9qJ7ATP7w$_$0,4.25,4.5,4.75,[1],[],,,,0,neutral,UNRESOLVED,,arcface_partition_unstable,72
-s9qJ7ATP7w$_$0,4.5,4.75,5.0,[1],[],,,,0,neutral,UNRESOLVED,,arcface_partition_unstable,72
-s9qJ7ATP7w$_$0,4.75,5.0,5.25,[1],[],,,,0,neutral,UNRESOLVED,,arcface_partition_unstable,72
-s9qJ7ATP7w$_$0,5.0,5.25,5.5,[1],[],,,,0,neutral,UNRESOLVED,,arcface_partition_unstable,72
-s9qJ7ATP7w$_$0,5.25,5.5,5.75,[1],[],,,,0,neutral,UNRESOLVED,,arcface_partition_unstable,72
-s9qJ7ATP7w$_$0,5.5,5.75,6.0,[1],[],,,,0,neutral,UNRESOLVED,,arcface_partition_unstable,72
-s9qJ7ATP7w$_$0,5.75,6.0,6.25,[1],[],,,,0,neutral,UNRESOLVED,,arcface_partition_unstable,72
-s9qJ7ATP7w$_$0,6.0,6.25,6.5,[1],[],,,,0,neutral,UNRESOLVED,,arcface_partition_unstable,72
-s9qJ7ATP7w$_$0,6.25,6.5,6.75,[1],[],,,,0,neutral,UNRESOLVED,,arcface_partition_unstable,72
-s9qJ7ATP7w$_$0,6.5,6.75,6.866666666666666,[1],[],,,,0,neutral,UNRESOLVED,,arcface_partition_unstable,72
-s9qJ7ATP7w$_$0,6.75,6.866666666666666,6.866666666666666,[1],[],,,,0,neutral,UNRESOLVED,,arcface_partition_unstable,72
-s9qJ7ATP7w$_$1,0.0,0.25,0.5,[1],[],,,,0,neutral,UNRESOLVED,,arcface_partition_unstable,73
-s9qJ7ATP7w$_$1,0.25,0.5,0.75,[1],[],,,,0,neutral,UNRESOLVED,,arcface_partition_unstable,73
-s9qJ7ATP7w$_$1,0.5,0.75,1.0,"[0,1]",[],,,,0,neutral,UNRESOLVED,,arcface_partition_unstable,73
-s9qJ7ATP7w$_$1,0.75,1.0,1.25,"[0,1]",[],,,,0,neutral,UNRESOLVED,,arcface_partition_unstable,73
-s9qJ7ATP7w$_$1,1.0,1.25,1.5,"[0,1]",[],,,,0,neutral,UNRESOLVED,,arcface_partition_unstable,73
-s9qJ7ATP7w$_$1,1.25,1.5,1.75,"[0,1]",[],,,,0,neutral,UNRESOLVED,,arcface_partition_unstable,73
-s9qJ7ATP7w$_$1,1.5,1.75,2.0,"[0,1]",[],,,,0,neutral,UNRESOLVED,,arcface_partition_unstable,73
-s9qJ7ATP7w$_$1,1.75,2.0,2.25,"[0,1]",[],,,,0,neutral,UNRESOLVED,,arcface_partition_unstable,73
-s9qJ7ATP7w$_$1,2.0,2.25,2.5,"[0,1]",[],,,,0,neutral,UNRESOLVED,,arcface_partition_unstable,73
-s9qJ7ATP7w$_$1,2.25,2.5,2.75,"[0,1]",[],,,,0,neutral,UNRESOLVED,,arcface_partition_unstable,73
-s9qJ7ATP7w$_$1,2.5,2.75,3.0,"[0,1]",[],,,,0,neutral,UNRESOLVED,,arcface_partition_unstable,73
-s9qJ7ATP7w$_$1,2.75,3.0,3.25,"[0,1]",[],,,,0,neutral,UNRESOLVED,,arcface_partition_unstable,73
-s9qJ7ATP7w$_$1,3.0,3.25,3.5,"[0,1]",[],,,,0,neutral,UNRESOLVED,,arcface_partition_unstable,73
-s9qJ7ATP7w$_$1,3.25,3.5,3.75,"[0,1]",[0],0.0,,,0,support,VERIFIED_ACTIVE,0.0,,73
-s9qJ7ATP7w$_$1,3.5,3.75,4.0,"[0,1]",[0],0.0,,,0,support,VERIFIED_ACTIVE,0.0,,73
-s9qJ7ATP7w$_$1,3.75,4.0,4.25,"[0,1]",[0],0.0,,,0,support,VERIFIED_ACTIVE,0.0,,73
-s9qJ7ATP7w$_$1,4.0,4.25,4.5,"[0,1]",[0],0.0,,,0,support,VERIFIED_ACTIVE,0.0,,73
-s9qJ7ATP7w$_$1,4.25,4.5,4.75,"[0,1]",[],,,,0,neutral,UNRESOLVED,,arcface_partition_unstable,73
-s9qJ7ATP7w$_$1,4.5,4.75,4.766666666666667,"[0,1]",[],,,,0,neutral,UNRESOLVED,,arcface_partition_unstable,73
-s9qJ7ATP7w$_$1,4.75,4.766666666666667,4.766666666666667,"[0,1]",[],,,,0,neutral,UNRESOLVED,,arcface_partition_unstable,73
-s9qJ7ATP7w$_$4,0.0,0.25,0.5,[],[],,,,0,neutral,MISSING,,,74
-s9qJ7ATP7w$_$4,0.25,0.5,0.75,[1],[],,,,0,neutral,UNRESOLVED,,,74
-s9qJ7ATP7w$_$4,0.5,0.75,1.0,[1],[],,,,0,neutral,UNRESOLVED,,,74
-s9qJ7ATP7w$_$4,0.75,1.0,1.25,[1],[],,,,0,neutral,UNRESOLVED,,,74
-s9qJ7ATP7w$_$4,1.0,1.25,1.5,[1],[],,,,0,neutral,UNRESOLVED,,,74
-s9qJ7ATP7w$_$4,1.25,1.5,1.75,[1],[],,,,0,neutral,UNRESOLVED,,,74
-s9qJ7ATP7w$_$4,1.5,1.75,2.0,"[1,2]",[],,,,0,neutral,AMBIGUOUS,,,74
-s9qJ7ATP7w$_$4,1.75,2.0,2.25,[2],[],,,,0,neutral,UNRESOLVED,,,74
-s9qJ7ATP7w$_$4,2.0,2.25,2.5,[],[],,,,0,neutral,MISSING,,,74
-s9qJ7ATP7w$_$4,2.25,2.5,2.75,[],[],,,,0,neutral,MISSING,,,74
-s9qJ7ATP7w$_$4,2.5,2.75,3.0,[0],[0],0.0,,,0,neutral,VERIFIED_ACTIVE,0.0,,74
-s9qJ7ATP7w$_$4,2.75,3.0,3.25,[0],[0],0.0,,,0,neutral,VERIFIED_ACTIVE,0.0,,74
-s9qJ7ATP7w$_$4,3.0,3.25,3.5,[0],[0],0.0,,,0,neutral,VERIFIED_ACTIVE,0.0,,74
-s9qJ7ATP7w$_$4,3.25,3.5,3.75,[0],[],0.0,0.0,3.0,1,neutral,VERIFIED_CONTINUITY,0.0,,74
-s9qJ7ATP7w$_$4,3.5,3.75,4.0,[0],[],0.0,0.0,3.0,1,neutral,VERIFIED_CONTINUITY,0.0,,74
-s9qJ7ATP7w$_$4,3.75,4.0,4.25,[0],[],0.0,0.0,3.0,1,neutral,VERIFIED_CONTINUITY,0.0,,74
-s9qJ7ATP7w$_$4,4.0,4.25,4.4,[0],[],0.0,0.0,3.0,1,neutral,VERIFIED_CONTINUITY,0.0,,74
-s9qJ7ATP7w$_$4,4.25,4.4,4.4,[0],[],0.0,0.0,3.0,1,neutral,VERIFIED_CONTINUITY,0.0,,74
-s9qJ7ATP7w$_$7,0.0,0.25,0.5,[],[],,,,0,neutral,MISSING,,,77
-s9qJ7ATP7w$_$7,0.25,0.5,0.75,[],[],,,,0,neutral,MISSING,,,77
-s9qJ7ATP7w$_$7,0.5,0.75,1.0,[],[],,,,0,neutral,MISSING,,,77
-s9qJ7ATP7w$_$7,0.75,1.0,1.25,[],[],,,,0,neutral,MISSING,,,77
-s9qJ7ATP7w$_$7,1.0,1.25,1.5,[],[],,,,0,neutral,MISSING,,,77
-s9qJ7ATP7w$_$7,1.25,1.5,1.75,[],[],,,,0,neutral,MISSING,,,77
-s9qJ7ATP7w$_$7,1.5,1.75,2.0,[],[],,,,0,neutral,MISSING,,,77
-s9qJ7ATP7w$_$7,1.75,2.0,2.25,[1],[],,,,0,neutral,UNRESOLVED,,arcface_partition_unstable,77
-s9qJ7ATP7w$_$7,2.0,2.25,2.5,[1],[],,,,0,neutral,UNRESOLVED,,arcface_partition_unstable,77
-s9qJ7ATP7w$_$7,2.25,2.5,2.75,[1],[],,,,0,neutral,UNRESOLVED,,arcface_partition_unstable,77
-s9qJ7ATP7w$_$7,2.5,2.75,3.0,[1],[],,,,0,neutral,UNRESOLVED,,arcface_partition_unstable,77
-s9qJ7ATP7w$_$7,2.75,3.0,3.25,[1],[],,,,0,neutral,UNRESOLVED,,arcface_partition_unstable,77
-s9qJ7ATP7w$_$7,3.0,3.25,3.5,[1],[],,,,0,neutral,UNRESOLVED,,arcface_partition_unstable,77
-s9qJ7ATP7w$_$7,3.25,3.5,3.75,[1],[],,,,0,neutral,UNRESOLVED,,arcface_partition_unstable,77
-s9qJ7ATP7w$_$7,3.5,3.75,4.0,[1],[],,,,0,neutral,UNRESOLVED,,arcface_partition_unstable,77
-s9qJ7ATP7w$_$7,3.75,4.0,4.25,[1],[],,,,0,neutral,UNRESOLVED,,arcface_partition_unstable,77
-s9qJ7ATP7w$_$7,4.0,4.25,4.5,[1],[],,,,0,neutral,UNRESOLVED,,arcface_partition_unstable,77
-s9qJ7ATP7w$_$7,4.25,4.5,4.75,[1],[],,,,0,neutral,UNRESOLVED,,arcface_partition_unstable,77
-s9qJ7ATP7w$_$7,4.5,4.75,5.0,[1],[],,,,0,neutral,UNRESOLVED,,arcface_partition_unstable,77
-s9qJ7ATP7w$_$7,4.75,5.0,5.25,[1],[],,,,0,neutral,UNRESOLVED,,arcface_partition_unstable,77
-s9qJ7ATP7w$_$7,5.0,5.25,5.5,[1],[],,,,0,neutral,UNRESOLVED,,arcface_partition_unstable,77
-s9qJ7ATP7w$_$7,5.25,5.5,5.75,[1],[],,,,0,neutral,UNRESOLVED,,arcface_partition_unstable,77
-s9qJ7ATP7w$_$7,5.5,5.75,6.0,[1],[],,,,0,neutral,UNRESOLVED,,arcface_partition_unstable,77
-s9qJ7ATP7w$_$7,5.75,6.0,6.25,[1],[],,,,0,neutral,UNRESOLVED,,arcface_partition_unstable,77
-s9qJ7ATP7w$_$7,6.0,6.25,6.5,[1],[],,,,0,neutral,UNRESOLVED,,arcface_partition_unstable,77
-s9qJ7ATP7w$_$7,6.25,6.5,6.75,[1],[],,,,0,neutral,UNRESOLVED,,arcface_partition_unstable,77
-s9qJ7ATP7w$_$7,6.5,6.75,6.933333333333333,[1],[],,,,0,neutral,UNRESOLVED,,arcface_partition_unstable,77
-s9qJ7ATP7w$_$7,6.75,6.933333333333333,6.933333333333333,[1],[],,,,0,neutral,UNRESOLVED,,arcface_partition_unstable,77
-s9qJ7ATP7w$_$8,0.0,0.25,0.5,[0],[],,,,0,neutral,UNRESOLVED,,arcface_partition_unstable,78
-s9qJ7ATP7w$_$8,0.25,0.5,0.75,[0],[],,,,0,neutral,UNRESOLVED,,arcface_partition_unstable,78
-s9qJ7ATP7w$_$8,0.5,0.75,1.0,[0],[],,,,0,neutral,UNRESOLVED,,arcface_partition_unstable,78
-s9qJ7ATP7w$_$8,0.75,1.0,1.25,[0],[],,,,0,neutral,UNRESOLVED,,arcface_partition_unstable,78
-s9qJ7ATP7w$_$8,1.0,1.25,1.5,[0],[],,,,0,neutral,UNRESOLVED,,arcface_partition_unstable,78
-s9qJ7ATP7w$_$8,1.25,1.5,1.75,[0],[],,,,0,neutral,UNRESOLVED,,arcface_partition_unstable,78
-s9qJ7ATP7w$_$8,1.5,1.75,2.0,[0],[0],,,,0,neutral,VERIFIED_ACTIVE,0.0,,78
-s9qJ7ATP7w$_$8,1.75,2.0,2.25,[0],[],,,,0,neutral,UNRESOLVED,,arcface_partition_unstable,78
-s9qJ7ATP7w$_$8,2.0,2.25,2.5,[0],[],,,,0,neutral,UNRESOLVED,,arcface_partition_unstable,78
-s9qJ7ATP7w$_$8,2.25,2.5,2.75,[0],[],,,,0,neutral,UNRESOLVED,,arcface_partition_unstable,78
-s9qJ7ATP7w$_$8,2.5,2.75,3.0,[0],[0],,,,0,neutral,VERIFIED_ACTIVE,0.0,,78
-s9qJ7ATP7w$_$8,2.75,3.0,3.25,[0],[],,,,0,neutral,UNRESOLVED,,arcface_partition_unstable,78
-s9qJ7ATP7w$_$8,3.0,3.25,3.2666666666666666,[0],[],,,,0,neutral,UNRESOLVED,,arcface_partition_unstable,78
-s9qJ7ATP7w$_$8,3.25,3.2666666666666666,3.2666666666666666,[0],[],,,,0,neutral,UNRESOLVED,,arcface_partition_unstable,78
-tANM6ETl_M$_$3,0.0,0.25,0.5,[0],[0],0.0,,,0,neutral,VERIFIED_ACTIVE,0.0,,81
-tANM6ETl_M$_$3,0.25,0.5,0.75,"[0,1]",[0],0.0,,,0,neutral,VERIFIED_ACTIVE,0.0,,81
-tANM6ETl_M$_$3,0.5,0.75,1.0,"[0,1]",[0],0.0,,,0,neutral,VERIFIED_ACTIVE,0.0,,81
-tANM6ETl_M$_$3,0.75,1.0,1.25,[0],[0],0.0,,,0,neutral,VERIFIED_ACTIVE,0.0,,81
-tANM6ETl_M$_$3,1.0,1.25,1.5,[0],[0],0.0,,,0,neutral,VERIFIED_ACTIVE,0.0,,81
-tANM6ETl_M$_$3,1.25,1.5,1.75,[0],[0],0.0,,,0,neutral,VERIFIED_ACTIVE,0.0,,81
-tANM6ETl_M$_$3,1.5,1.75,2.0,[0],[0],0.0,,,0,neutral,VERIFIED_ACTIVE,0.0,,81
-tANM6ETl_M$_$3,1.75,2.0,2.25,[0],[0],0.0,,,0,neutral,VERIFIED_ACTIVE,0.0,,81
-tANM6ETl_M$_$3,2.0,2.25,2.5,[0],[0],0.0,,,0,neutral,VERIFIED_ACTIVE,0.0,,81
-tANM6ETl_M$_$3,2.25,2.5,2.75,[0],[0],0.0,,,0,neutral,VERIFIED_ACTIVE,0.0,,81
-tANM6ETl_M$_$3,2.5,2.75,3.0,[0],[0],0.0,,,0,neutral,VERIFIED_ACTIVE,0.0,,81
-tANM6ETl_M$_$3,2.75,3.0,3.25,[0],[0],0.0,,,0,neutral,VERIFIED_ACTIVE,0.0,,81
-tANM6ETl_M$_$3,3.0,3.25,3.5,[0],[0],0.0,,,0,neutral,VERIFIED_ACTIVE,0.0,,81
-tANM6ETl_M$_$3,3.25,3.5,3.75,[0],[0],0.0,,,0,neutral,VERIFIED_ACTIVE,0.0,,81
-tANM6ETl_M$_$3,3.5,3.75,4.0,[0],[0],0.0,,,0,neutral,VERIFIED_ACTIVE,0.0,,81
-tANM6ETl_M$_$3,3.75,4.0,4.25,[0],[0],0.0,,,0,neutral,VERIFIED_ACTIVE,0.0,,81
-tANM6ETl_M$_$3,4.0,4.25,4.5,[0],[0],0.0,,,0,neutral,VERIFIED_ACTIVE,0.0,,81
-tANM6ETl_M$_$3,4.25,4.5,4.75,[0],[0],0.0,,,0,neutral,VERIFIED_ACTIVE,0.0,,81
-tANM6ETl_M$_$3,4.5,4.75,5.0,[0],[0],0.0,,,0,neutral,VERIFIED_ACTIVE,0.0,,81
-tANM6ETl_M$_$3,4.75,5.0,5.25,[0],[],0.0,0.0,4.5,1,neutral,VERIFIED_CONTINUITY,0.0,,81
-tANM6ETl_M$_$3,5.0,5.25,5.5,[0],[],0.0,0.0,4.5,1,neutral,VERIFIED_CONTINUITY,0.0,,81
-tANM6ETl_M$_$3,5.25,5.5,5.75,[0],[],0.0,0.0,5.5,1,neutral,VERIFIED_CONTINUITY,0.0,,81
-tANM6ETl_M$_$3,5.5,5.75,6.0,[0],[0],0.0,,,0,neutral,VERIFIED_ACTIVE,0.0,,81
-tANM6ETl_M$_$3,5.75,6.0,6.25,[0],[0],0.0,,,0,neutral,VERIFIED_ACTIVE,0.0,,81
-tANM6ETl_M$_$3,6.0,6.25,6.5,[0],[],0.0,0.0,5.75,1,neutral,VERIFIED_CONTINUITY,0.0,,81
-tANM6ETl_M$_$3,6.25,6.5,6.733333333333333,[0],[],0.0,0.0,5.75,1,neutral,VERIFIED_CONTINUITY,0.0,,81
-tANM6ETl_M$_$3,6.5,6.733333333333333,6.733333333333333,[0],[],0.0,0.0,5.75,1,neutral,VERIFIED_CONTINUITY,0.0,,81
-wMB_hJL-3o$_$7,0.0,0.25,0.5,[0],[0],0.0,,,0,neutral,VERIFIED_ACTIVE,0.0,,89
-wMB_hJL-3o$_$7,0.25,0.5,0.75,[0],[0],0.0,,,0,neutral,VERIFIED_ACTIVE,0.0,,89
-wMB_hJL-3o$_$7,0.5,0.75,1.0,[0],[0],0.0,,,0,neutral,VERIFIED_ACTIVE,0.0,,89
-wMB_hJL-3o$_$7,0.75,1.0,1.25,[0],[0],0.0,,,0,neutral,VERIFIED_ACTIVE,0.0,,89
-wMB_hJL-3o$_$7,1.0,1.25,1.5,[0],[0],0.0,,,0,neutral,VERIFIED_ACTIVE,0.0,,89
-wMB_hJL-3o$_$7,1.25,1.5,1.75,[0],[0],0.0,,,0,neutral,VERIFIED_ACTIVE,0.0,,89
-wMB_hJL-3o$_$7,1.5,1.75,2.0,[0],[0],0.0,,,0,neutral,VERIFIED_ACTIVE,0.0,,89
-wMB_hJL-3o$_$7,1.75,2.0,2.25,[0],[0],0.0,,,0,neutral,VERIFIED_ACTIVE,0.0,,89
-wMB_hJL-3o$_$7,2.0,2.25,2.5,[0],[0],0.0,,,0,neutral,VERIFIED_ACTIVE,0.0,,89
-wMB_hJL-3o$_$7,2.25,2.5,2.75,[0],[0],0.0,,,0,neutral,VERIFIED_ACTIVE,0.0,,89
-wMB_hJL-3o$_$7,2.5,2.75,3.0,[0],[0],0.0,,,0,neutral,VERIFIED_ACTIVE,0.0,,89
-wMB_hJL-3o$_$7,2.75,3.0,3.25,[0],[0],0.0,,,0,neutral,VERIFIED_ACTIVE,0.0,,89
-wMB_hJL-3o$_$7,3.0,3.25,3.5,[0],[0],0.0,,,0,neutral,VERIFIED_ACTIVE,0.0,,89
-wMB_hJL-3o$_$7,3.25,3.5,3.75,[0],[0],0.0,,,0,neutral,VERIFIED_ACTIVE,0.0,,89
-wMB_hJL-3o$_$7,3.5,3.75,4.0,[0],[0],0.0,,,0,neutral,VERIFIED_ACTIVE,0.0,,89
-wMB_hJL-3o$_$7,3.75,4.0,4.25,[0],[0],0.0,,,0,neutral,VERIFIED_ACTIVE,0.0,,89
-wMB_hJL-3o$_$7,4.0,4.25,4.5,[0],[0],0.0,,,0,neutral,VERIFIED_ACTIVE,0.0,,89
-wMB_hJL-3o$_$7,4.25,4.5,4.75,[0],[0],0.0,,,0,neutral,VERIFIED_ACTIVE,0.0,,89
-wMB_hJL-3o$_$7,4.5,4.75,5.0,[0],[0],0.0,,,0,neutral,VERIFIED_ACTIVE,0.0,,89
-wMB_hJL-3o$_$7,4.75,5.0,5.25,[0],[0],0.0,,,0,neutral,VERIFIED_ACTIVE,0.0,,89
-wMB_hJL-3o$_$7,5.0,5.25,5.5,[0],[0],0.0,,,0,neutral,VERIFIED_ACTIVE,0.0,,89
-wMB_hJL-3o$_$7,5.25,5.5,5.75,"[0,1,2,3]",[],,,,0,neutral,UNRESOLVED,,arcface_partition_unstable,89
-wMB_hJL-3o$_$7,5.5,5.75,6.0,"[0,1,2,3]",[],,,,0,neutral,UNRESOLVED,,arcface_partition_unstable,89
-wMB_hJL-3o$_$7,5.75,6.0,6.033333333333333,"[0,3]",[],,,,0,neutral,UNRESOLVED,,arcface_partition_unstable,89
-wMB_hJL-3o$_$7,6.0,6.033333333333333,6.033333333333333,[0],[],,,,0,neutral,UNRESOLVED,,arcface_partition_unstable,89
-wny0OAz3g8$_$0,0.0,0.25,0.5,"[0,2]",[0],0.0,,,0,neutral,VERIFIED_ACTIVE,0.0,,90
-wny0OAz3g8$_$0,0.25,0.5,0.75,"[0,2]",[0],0.0,,,0,neutral,VERIFIED_ACTIVE,0.0,,90
-wny0OAz3g8$_$0,0.5,0.75,1.0,"[0,2]",[0],0.0,,,0,neutral,VERIFIED_ACTIVE,0.0,,90
-wny0OAz3g8$_$0,0.75,1.0,1.25,"[0,2]",[0],0.0,,,0,neutral,VERIFIED_ACTIVE,0.0,,90
-wny0OAz3g8$_$0,1.0,1.25,1.5,"[0,2]",[0],0.0,,,0,neutral,VERIFIED_ACTIVE,0.0,,90
-wny0OAz3g8$_$0,1.25,1.5,1.75,"[0,2]",[0],0.0,,,0,neutral,VERIFIED_ACTIVE,0.0,,90
-wny0OAz3g8$_$0,1.5,1.75,2.0,"[0,2]",[0],0.0,,,0,neutral,VERIFIED_ACTIVE,0.0,,90
-wny0OAz3g8$_$0,1.75,2.0,2.25,"[0,2]",[0],0.0,,,0,neutral,VERIFIED_ACTIVE,0.0,,90
-wny0OAz3g8$_$0,2.0,2.25,2.5,"[0,2]",[0],0.0,,,0,neutral,VERIFIED_ACTIVE,0.0,,90
-wny0OAz3g8$_$0,2.25,2.5,2.75,"[0,2]",[0],0.0,,,0,neutral,VERIFIED_ACTIVE,0.0,,90
-wny0OAz3g8$_$0,2.5,2.75,3.0,"[0,2]",[0],0.0,,,0,neutral,VERIFIED_ACTIVE,0.0,,90
-wny0OAz3g8$_$0,2.75,3.0,3.25,"[0,2]",[],0.0,0.0,2.5,1,neutral,VERIFIED_CONTINUITY,0.0,,90
-wny0OAz3g8$_$0,3.0,3.25,3.333333333333333,"[0,1]",[],0.0,0.0,2.5,1,neutral,VERIFIED_CONTINUITY,0.0,,90
-wny0OAz3g8$_$0,3.25,3.333333333333333,3.333333333333333,"[0,1]",[],0.0,0.0,2.5,1,neutral,VERIFIED_CONTINUITY,0.0,,90
-wny0OAz3g8$_$1,0.0,0.25,0.5,[0],[],0.0,0.0,0.25,1,support,VERIFIED_CONTINUITY,0.0,,91
-wny0OAz3g8$_$1,0.25,0.5,0.75,"[0,1]",[0],0.0,,,0,support,VERIFIED_ACTIVE,0.0,,91
-wny0OAz3g8$_$1,0.5,0.75,1.0,"[0,1]",[0],0.0,,,0,support,VERIFIED_ACTIVE,0.0,,91
-wny0OAz3g8$_$1,0.75,1.0,1.25,"[0,1]",[0],0.0,,,0,support,VERIFIED_ACTIVE,0.0,,91
-wny0OAz3g8$_$1,1.0,1.25,1.5,"[0,1]",[0],0.0,,,0,support,VERIFIED_ACTIVE,0.0,,91
-wny0OAz3g8$_$1,1.25,1.5,1.75,"[0,1]",[0],0.0,,,0,support,VERIFIED_ACTIVE,0.0,,91
-wny0OAz3g8$_$1,1.5,1.75,2.0,"[0,1]",[0],0.0,,,0,support,VERIFIED_ACTIVE,0.0,,91
-wny0OAz3g8$_$1,1.75,2.0,2.25,[0],[0],0.0,,,0,support,VERIFIED_ACTIVE,0.0,,91
-wny0OAz3g8$_$1,2.0,2.25,2.5,[0],[0],0.0,,,0,support,VERIFIED_ACTIVE,0.0,,91
-wny0OAz3g8$_$1,2.25,2.5,2.75,[0],[0],0.0,,,0,support,VERIFIED_ACTIVE,0.0,,91
-wny0OAz3g8$_$1,2.5,2.75,3.0,[0],[0],0.0,,,0,support,VERIFIED_ACTIVE,0.0,,91
-wny0OAz3g8$_$1,2.75,3.0,3.25,[0],[0],0.0,,,0,support,VERIFIED_ACTIVE,0.0,,91
-wny0OAz3g8$_$1,3.0,3.25,3.5,[0],[0],0.0,,,0,support,VERIFIED_ACTIVE,0.0,,91
-wny0OAz3g8$_$1,3.25,3.5,3.75,[0],[0],0.0,,,0,support,VERIFIED_ACTIVE,0.0,,91
-wny0OAz3g8$_$1,3.5,3.75,4.0,[0],[0],0.0,,,0,support,VERIFIED_ACTIVE,0.0,,91
-wny0OAz3g8$_$1,3.75,4.0,4.25,[0],[0],0.0,,,0,support,VERIFIED_ACTIVE,0.0,,91
-wny0OAz3g8$_$1,4.0,4.25,4.5,[0],[0],0.0,,,0,support,VERIFIED_ACTIVE,0.0,,91
-wny0OAz3g8$_$1,4.25,4.5,4.75,[0],[0],0.0,,,0,support,VERIFIED_ACTIVE,0.0,,91
-wny0OAz3g8$_$1,4.5,4.75,5.0,[0],[0],0.0,,,0,support,VERIFIED_ACTIVE,0.0,,91
-wny0OAz3g8$_$1,4.75,5.0,5.25,[0],[0],0.0,,,0,support,VERIFIED_ACTIVE,0.0,,91
-wny0OAz3g8$_$1,5.0,5.25,5.5,"[0,1]",[0],0.0,,,0,support,VERIFIED_ACTIVE,0.0,,91
-wny0OAz3g8$_$1,5.25,5.5,5.75,"[0,1]",[0],0.0,,,0,support,VERIFIED_ACTIVE,0.0,,91
-wny0OAz3g8$_$1,5.5,5.75,6.0,"[0,1]",[0],0.0,,,0,support,VERIFIED_ACTIVE,0.0,,91
-wny0OAz3g8$_$1,5.75,6.0,6.25,"[0,1]",[0],0.0,,,0,support,VERIFIED_ACTIVE,0.0,,91
-wny0OAz3g8$_$1,6.0,6.25,6.5,"[0,1]",[0],0.0,,,0,support,VERIFIED_ACTIVE,0.0,,91
-wny0OAz3g8$_$1,6.25,6.5,6.75,"[0,1]",[0],0.0,,,0,support,VERIFIED_ACTIVE,0.0,,91
-wny0OAz3g8$_$1,6.5,6.75,6.833333333333333,[0],[0],0.0,,,0,support,VERIFIED_ACTIVE,0.0,,91
-wny0OAz3g8$_$1,6.75,6.833333333333333,6.833333333333333,[0],[],0.0,0.0,6.5,1,support,VERIFIED_CONTINUITY,0.0,,91
-wny0OAz3g8$_$2,0.0,0.25,0.5,"[0,1]",[],0.0,0.0,0.25,1,conflict,VERIFIED_CONTINUITY,0.0,talknet_or_continuity_av_sync_conflict,92
-wny0OAz3g8$_$2,0.25,0.5,0.75,"[0,1]",[0],0.0,,,0,conflict,VERIFIED_ACTIVE,0.0,talknet_or_continuity_av_sync_conflict,92
-wny0OAz3g8$_$2,0.5,0.75,1.0,[0],[0],0.0,,,0,conflict,VERIFIED_ACTIVE,0.0,talknet_or_continuity_av_sync_conflict,92
-wny0OAz3g8$_$2,0.75,1.0,1.25,[0],[0],0.0,,,0,conflict,VERIFIED_ACTIVE,0.0,talknet_or_continuity_av_sync_conflict,92
-wny0OAz3g8$_$2,1.0,1.25,1.5,[0],[0],0.0,,,0,conflict,VERIFIED_ACTIVE,0.0,talknet_or_continuity_av_sync_conflict,92
-wny0OAz3g8$_$2,1.25,1.5,1.75,[0],[0],0.0,,,0,conflict,VERIFIED_ACTIVE,0.0,talknet_or_continuity_av_sync_conflict,92
-wny0OAz3g8$_$2,1.5,1.75,2.0,[0],[0],0.0,,,0,conflict,VERIFIED_ACTIVE,0.0,talknet_or_continuity_av_sync_conflict,92
-wny0OAz3g8$_$2,1.75,2.0,2.25,[0],[0],0.0,,,0,conflict,VERIFIED_ACTIVE,0.0,talknet_or_continuity_av_sync_conflict,92
-wny0OAz3g8$_$2,2.0,2.25,2.5,[0],[0],0.0,,,0,conflict,VERIFIED_ACTIVE,0.0,talknet_or_continuity_av_sync_conflict,92
-wny0OAz3g8$_$2,2.25,2.5,2.75,[0],[0],0.0,,,0,conflict,VERIFIED_ACTIVE,0.0,talknet_or_continuity_av_sync_conflict,92
-wny0OAz3g8$_$2,2.5,2.75,3.0,[0],[0],0.0,,,0,conflict,VERIFIED_ACTIVE,0.0,talknet_or_continuity_av_sync_conflict,92
-wny0OAz3g8$_$2,2.75,3.0,3.25,[0],[0],0.0,,,0,conflict,VERIFIED_ACTIVE,0.0,talknet_or_continuity_av_sync_conflict,92
-wny0OAz3g8$_$2,3.0,3.25,3.5,[0],[0],0.0,,,0,conflict,VERIFIED_ACTIVE,0.0,talknet_or_continuity_av_sync_conflict,92
-wny0OAz3g8$_$2,3.25,3.5,3.75,[0],[0],0.0,,,0,conflict,VERIFIED_ACTIVE,0.0,talknet_or_continuity_av_sync_conflict,92
-wny0OAz3g8$_$2,3.5,3.75,4.0,[0],[0],0.0,,,0,conflict,VERIFIED_ACTIVE,0.0,talknet_or_continuity_av_sync_conflict,92
-wny0OAz3g8$_$2,3.75,4.0,4.25,[0],[0],0.0,,,0,conflict,VERIFIED_ACTIVE,0.0,talknet_or_continuity_av_sync_conflict,92
-wny0OAz3g8$_$2,4.0,4.25,4.5,[0],[0],0.0,,,0,conflict,VERIFIED_ACTIVE,0.0,talknet_or_continuity_av_sync_conflict,92
-wny0OAz3g8$_$2,4.25,4.5,4.75,[0],[0],0.0,,,0,conflict,VERIFIED_ACTIVE,0.0,talknet_or_continuity_av_sync_conflict,92
-wny0OAz3g8$_$2,4.5,4.75,5.0,[0],[0],0.0,,,0,conflict,VERIFIED_ACTIVE,0.0,talknet_or_continuity_av_sync_conflict,92
-wny0OAz3g8$_$2,4.75,5.0,5.25,[0],[0],0.0,,,0,conflict,VERIFIED_ACTIVE,0.0,talknet_or_continuity_av_sync_conflict,92
-wny0OAz3g8$_$2,5.0,5.25,5.5,[0],[0],0.0,,,0,conflict,VERIFIED_ACTIVE,0.0,talknet_or_continuity_av_sync_conflict,92
-wny0OAz3g8$_$2,5.25,5.5,5.75,[0],[0],0.0,,,0,conflict,VERIFIED_ACTIVE,0.0,talknet_or_continuity_av_sync_conflict,92
-wny0OAz3g8$_$2,5.5,5.75,6.0,[0],[],0.0,0.0,5.25,1,conflict,VERIFIED_CONTINUITY,0.0,talknet_or_continuity_av_sync_conflict,92
-wny0OAz3g8$_$2,5.75,6.0,6.25,"[0,2]",[],0.0,0.0,5.25,1,conflict,VERIFIED_CONTINUITY,0.0,talknet_or_continuity_av_sync_conflict,92
-wny0OAz3g8$_$2,6.0,6.25,6.5,"[0,2]",[],0.0,0.0,5.25,1,conflict,VERIFIED_CONTINUITY,0.0,talknet_or_continuity_av_sync_conflict,92
-wny0OAz3g8$_$2,6.25,6.5,6.666666666666666,[0],[],0.0,0.0,5.25,1,conflict,VERIFIED_CONTINUITY,0.0,talknet_or_continuity_av_sync_conflict,92
-wny0OAz3g8$_$2,6.5,6.666666666666666,6.666666666666666,[0],[],0.0,0.0,5.25,1,conflict,VERIFIED_CONTINUITY,0.0,talknet_or_continuity_av_sync_conflict,92
-wny0OAz3g8$_$3,0.0,0.25,0.5,[0],[],0.0,0.0,0.5,1,neutral,VERIFIED_CONTINUITY,0.0,,93
-wny0OAz3g8$_$3,0.25,0.5,0.75,[0],[],0.0,0.0,0.5,1,neutral,VERIFIED_CONTINUITY,0.0,,93
-wny0OAz3g8$_$3,0.5,0.75,1.0,[0],[0],0.0,,,0,neutral,VERIFIED_ACTIVE,0.0,,93
-wny0OAz3g8$_$3,0.75,1.0,1.25,[0],[0],0.0,,,0,neutral,VERIFIED_ACTIVE,0.0,,93
-wny0OAz3g8$_$3,1.0,1.25,1.5,[0],[0],0.0,,,0,neutral,VERIFIED_ACTIVE,0.0,,93
-wny0OAz3g8$_$3,1.25,1.5,1.75,[0],[0],0.0,,,0,neutral,VERIFIED_ACTIVE,0.0,,93
-wny0OAz3g8$_$3,1.5,1.75,2.0,[0],[0],0.0,,,0,neutral,VERIFIED_ACTIVE,0.0,,93
-wny0OAz3g8$_$3,1.75,2.0,2.25,[0],[0],0.0,,,0,neutral,VERIFIED_ACTIVE,0.0,,93
-wny0OAz3g8$_$3,2.0,2.25,2.5,[0],[0],0.0,,,0,neutral,VERIFIED_ACTIVE,0.0,,93
-wny0OAz3g8$_$3,2.25,2.5,2.75,[0],[0],0.0,,,0,neutral,VERIFIED_ACTIVE,0.0,,93
-wny0OAz3g8$_$3,2.5,2.75,3.0,[0],[0],0.0,,,0,neutral,VERIFIED_ACTIVE,0.0,,93
-wny0OAz3g8$_$3,2.75,3.0,3.25,[0],[0],0.0,,,0,neutral,VERIFIED_ACTIVE,0.0,,93
-wny0OAz3g8$_$3,3.0,3.25,3.5,[0],[0],0.0,,,0,neutral,VERIFIED_ACTIVE,0.0,,93
-wny0OAz3g8$_$3,3.25,3.5,3.75,[0],[0],0.0,,,0,neutral,VERIFIED_ACTIVE,0.0,,93
-wny0OAz3g8$_$3,3.5,3.75,4.0,[0],[0],0.0,,,0,neutral,VERIFIED_ACTIVE,0.0,,93
-wny0OAz3g8$_$3,3.75,4.0,4.25,[0],[0],0.0,,,0,neutral,VERIFIED_ACTIVE,0.0,,93
-wny0OAz3g8$_$3,4.0,4.25,4.5,[0],[0],0.0,,,0,neutral,VERIFIED_ACTIVE,0.0,,93
-wny0OAz3g8$_$3,4.25,4.5,4.75,[0],[0],0.0,,,0,neutral,VERIFIED_ACTIVE,0.0,,93
-wny0OAz3g8$_$3,4.5,4.75,5.0,[0],[],0.0,0.0,4.25,1,neutral,VERIFIED_CONTINUITY,0.0,,93
-wny0OAz3g8$_$3,4.75,5.0,5.25,[0],[],0.0,0.0,4.25,1,neutral,VERIFIED_CONTINUITY,0.0,,93
-wny0OAz3g8$_$3,5.0,5.25,5.5,[0],[],0.0,0.0,4.25,1,neutral,VERIFIED_CONTINUITY,0.0,,93
-wny0OAz3g8$_$3,5.25,5.5,5.75,[0],[],0.0,0.0,4.25,1,neutral,VERIFIED_CONTINUITY,0.0,,93
-wny0OAz3g8$_$3,5.5,5.75,6.0,[0],[],0.0,0.0,4.25,1,neutral,VERIFIED_CONTINUITY,0.0,,93
-wny0OAz3g8$_$3,5.75,6.0,6.133333333333333,[0],[],0.0,0.0,4.25,1,neutral,VERIFIED_CONTINUITY,0.0,,93
-wny0OAz3g8$_$3,6.0,6.133333333333333,6.133333333333333,[0],[],0.0,0.0,4.25,1,neutral,VERIFIED_CONTINUITY,0.0,,93
-wny0OAz3g8$_$5,0.0,0.25,0.5,[0],[0],0.0,,,0,conflict,VERIFIED_ACTIVE,0.0,talknet_or_continuity_av_sync_conflict,94
-wny0OAz3g8$_$5,0.25,0.5,0.75,"[0,1]",[0],0.0,,,0,conflict,VERIFIED_ACTIVE,0.0,talknet_or_continuity_av_sync_conflict,94
-wny0OAz3g8$_$5,0.5,0.75,1.0,"[0,1]",[0],0.0,,,0,conflict,VERIFIED_ACTIVE,0.0,talknet_or_continuity_av_sync_conflict,94
-wny0OAz3g8$_$5,0.75,1.0,1.25,"[0,1]",[0],0.0,,,0,conflict,VERIFIED_ACTIVE,0.0,talknet_or_continuity_av_sync_conflict,94
-wny0OAz3g8$_$5,1.0,1.25,1.5,"[0,1]",[0],0.0,,,0,conflict,VERIFIED_ACTIVE,0.0,talknet_or_continuity_av_sync_conflict,94
-wny0OAz3g8$_$5,1.25,1.5,1.75,"[0,1]",[0],0.0,,,0,conflict,VERIFIED_ACTIVE,0.0,talknet_or_continuity_av_sync_conflict,94
-wny0OAz3g8$_$5,1.5,1.75,2.0,"[0,1]",[0],0.0,,,0,conflict,VERIFIED_ACTIVE,0.0,talknet_or_continuity_av_sync_conflict,94
-wny0OAz3g8$_$5,1.75,2.0,2.25,"[0,1]",[0],0.0,,,0,conflict,VERIFIED_ACTIVE,0.0,talknet_or_continuity_av_sync_conflict,94
-wny0OAz3g8$_$5,2.0,2.25,2.5,"[0,1]",[0],0.0,,,0,conflict,VERIFIED_ACTIVE,0.0,talknet_or_continuity_av_sync_conflict,94
-wny0OAz3g8$_$5,2.25,2.5,2.75,"[0,1]",[0],0.0,,,0,conflict,VERIFIED_ACTIVE,0.0,talknet_or_continuity_av_sync_conflict,94
-wny0OAz3g8$_$5,2.5,2.75,3.0,"[0,1]",[0],0.0,,,0,conflict,VERIFIED_ACTIVE,0.0,talknet_or_continuity_av_sync_conflict,94
-wny0OAz3g8$_$5,2.75,3.0,3.25,"[0,1]",[0],0.0,,,0,conflict,VERIFIED_ACTIVE,0.0,talknet_or_continuity_av_sync_conflict,94
-wny0OAz3g8$_$5,3.0,3.25,3.5,"[0,1]",[0],0.0,,,0,conflict,VERIFIED_ACTIVE,0.0,talknet_or_continuity_av_sync_conflict,94
-wny0OAz3g8$_$5,3.25,3.5,3.75,[0],[0],0.0,,,0,conflict,VERIFIED_ACTIVE,0.0,talknet_or_continuity_av_sync_conflict,94
-wny0OAz3g8$_$5,3.5,3.75,4.0,[0],[0],0.0,,,0,conflict,VERIFIED_ACTIVE,0.0,talknet_or_continuity_av_sync_conflict,94
-wny0OAz3g8$_$5,3.75,4.0,4.25,[0],[0],0.0,,,0,conflict,VERIFIED_ACTIVE,0.0,talknet_or_continuity_av_sync_conflict,94
-wny0OAz3g8$_$5,4.0,4.25,4.5,[0],[0],0.0,,,0,conflict,VERIFIED_ACTIVE,0.0,talknet_or_continuity_av_sync_conflict,94
-wny0OAz3g8$_$5,4.25,4.5,4.75,[0],[0],0.0,,,0,conflict,VERIFIED_ACTIVE,0.0,talknet_or_continuity_av_sync_conflict,94
-wny0OAz3g8$_$5,4.5,4.75,5.0,[0],[0],0.0,,,0,conflict,VERIFIED_ACTIVE,0.0,talknet_or_continuity_av_sync_conflict,94
-wny0OAz3g8$_$5,4.75,5.0,5.25,[0],[0],0.0,,,0,conflict,VERIFIED_ACTIVE,0.0,talknet_or_continuity_av_sync_conflict,94
-wny0OAz3g8$_$5,5.0,5.25,5.5,[0],[0],0.0,,,0,conflict,VERIFIED_ACTIVE,0.0,talknet_or_continuity_av_sync_conflict,94
-wny0OAz3g8$_$5,5.25,5.5,5.75,[0],[0],0.0,,,0,conflict,VERIFIED_ACTIVE,0.0,talknet_or_continuity_av_sync_conflict,94
-wny0OAz3g8$_$5,5.5,5.75,6.0,[0],[0],0.0,,,0,conflict,VERIFIED_ACTIVE,0.0,talknet_or_continuity_av_sync_conflict,94
-wny0OAz3g8$_$5,5.75,6.0,6.25,[0],[0],0.0,,,0,conflict,VERIFIED_ACTIVE,0.0,talknet_or_continuity_av_sync_conflict,94
-wny0OAz3g8$_$5,6.0,6.25,6.5,[0],[0],0.0,,,0,conflict,VERIFIED_ACTIVE,0.0,talknet_or_continuity_av_sync_conflict,94
-wny0OAz3g8$_$5,6.25,6.5,6.75,[0],[],0.0,0.0,6.0,1,conflict,VERIFIED_CONTINUITY,0.0,talknet_or_continuity_av_sync_conflict,94
-wny0OAz3g8$_$5,6.5,6.75,6.9,[0],[],0.0,0.0,6.0,1,conflict,VERIFIED_CONTINUITY,0.0,talknet_or_continuity_av_sync_conflict,94
-wny0OAz3g8$_$5,6.75,6.9,6.9,[0],[],0.0,0.0,6.0,1,conflict,VERIFIED_CONTINUITY,0.0,talknet_or_continuity_av_sync_conflict,94
-wny0OAz3g8$_$7,0.0,0.25,0.5,[0],[0],0.0,,,0,neutral,VERIFIED_ACTIVE,0.0,,95
-wny0OAz3g8$_$7,0.25,0.5,0.75,[0],[0],0.0,,,0,neutral,VERIFIED_ACTIVE,0.0,,95
-wny0OAz3g8$_$7,0.5,0.75,1.0,[0],[0],0.0,,,0,neutral,VERIFIED_ACTIVE,0.0,,95
-wny0OAz3g8$_$7,0.75,1.0,1.25,[0],[0],0.0,,,0,neutral,VERIFIED_ACTIVE,0.0,,95
-wny0OAz3g8$_$7,1.0,1.25,1.5,[0],[0],0.0,,,0,neutral,VERIFIED_ACTIVE,0.0,,95
-wny0OAz3g8$_$7,1.25,1.5,1.75,[0],[0],0.0,,,0,neutral,VERIFIED_ACTIVE,0.0,,95
-wny0OAz3g8$_$7,1.5,1.75,2.0,[0],[0],0.0,,,0,neutral,VERIFIED_ACTIVE,0.0,,95
-wny0OAz3g8$_$7,1.75,2.0,2.25,[0],[0],0.0,,,0,neutral,VERIFIED_ACTIVE,0.0,,95
-wny0OAz3g8$_$7,2.0,2.25,2.5,[0],[0],0.0,,,0,neutral,VERIFIED_ACTIVE,0.0,,95
-wny0OAz3g8$_$7,2.25,2.5,2.75,[0],[0],0.0,,,0,neutral,VERIFIED_ACTIVE,0.0,,95
-wny0OAz3g8$_$7,2.5,2.75,3.0,[0],[0],0.0,,,0,neutral,VERIFIED_ACTIVE,0.0,,95
-wny0OAz3g8$_$7,2.75,3.0,3.25,[0],[0],0.0,,,0,neutral,VERIFIED_ACTIVE,0.0,,95
-wny0OAz3g8$_$7,3.0,3.25,3.5,[0],[0],0.0,,,0,neutral,VERIFIED_ACTIVE,0.0,,95
-wny0OAz3g8$_$7,3.25,3.5,3.75,[0],[0],0.0,,,0,neutral,VERIFIED_ACTIVE,0.0,,95
-wny0OAz3g8$_$7,3.5,3.75,4.0,[0],[0],0.0,,,0,neutral,VERIFIED_ACTIVE,0.0,,95
-wny0OAz3g8$_$7,3.75,4.0,4.25,[0],[0],0.0,,,0,neutral,VERIFIED_ACTIVE,0.0,,95
-wny0OAz3g8$_$7,4.0,4.25,4.5,[0],[0],0.0,,,0,neutral,VERIFIED_ACTIVE,0.0,,95
-wny0OAz3g8$_$7,4.25,4.5,4.75,[0],[0],0.0,,,0,neutral,VERIFIED_ACTIVE,0.0,,95
-wny0OAz3g8$_$7,4.5,4.75,5.0,[0],[0],0.0,,,0,neutral,VERIFIED_ACTIVE,0.0,,95
-wny0OAz3g8$_$7,4.75,5.0,5.25,[0],[0],0.0,,,0,neutral,VERIFIED_ACTIVE,0.0,,95
-wny0OAz3g8$_$7,5.0,5.25,5.5,[0],[0],0.0,,,0,neutral,VERIFIED_ACTIVE,0.0,,95
-wny0OAz3g8$_$7,5.25,5.5,5.75,[0],[0],0.0,,,0,neutral,VERIFIED_ACTIVE,0.0,,95
-wny0OAz3g8$_$7,5.5,5.75,6.0,[0],[0],0.0,,,0,neutral,VERIFIED_ACTIVE,0.0,,95
-wny0OAz3g8$_$7,5.75,6.0,6.25,[0],[0],0.0,,,0,neutral,VERIFIED_ACTIVE,0.0,,95
-wny0OAz3g8$_$7,6.0,6.25,6.5,[0],[0],0.0,,,0,neutral,VERIFIED_ACTIVE,0.0,,95
-wny0OAz3g8$_$7,6.25,6.5,6.75,[0],[0],0.0,,,0,neutral,VERIFIED_ACTIVE,0.0,,95
-wny0OAz3g8$_$7,6.5,6.75,7.0,[0],[0],0.0,,,0,neutral,VERIFIED_ACTIVE,0.0,,95
-wny0OAz3g8$_$7,6.75,7.0,7.25,[0],[0],0.0,,,0,neutral,VERIFIED_ACTIVE,0.0,,95
-wny0OAz3g8$_$7,7.0,7.25,7.5,[0],[0],0.0,,,0,neutral,VERIFIED_ACTIVE,0.0,,95
-wny0OAz3g8$_$7,7.25,7.5,7.75,[0],[],0.0,0.0,7.0,1,neutral,VERIFIED_CONTINUITY,0.0,,95
-wny0OAz3g8$_$7,7.5,7.75,8.0,[0],[],0.0,0.0,7.0,1,neutral,VERIFIED_CONTINUITY,0.0,,95
-wny0OAz3g8$_$7,7.75,8.0,8.066666666666666,[0],[],0.0,0.0,7.0,1,neutral,VERIFIED_CONTINUITY,0.0,,95
-wny0OAz3g8$_$7,8.0,8.066666666666666,8.066666666666666,[0],[],0.0,0.0,7.0,1,neutral,VERIFIED_CONTINUITY,0.0,,95
-wny0OAz3g8$_$9,0.0,0.25,0.5,[0],[],0.0,0.0,0.25,1,neutral,VERIFIED_CONTINUITY,0.0,,96
-wny0OAz3g8$_$9,0.25,0.5,0.75,[0],[0],0.0,,,0,neutral,VERIFIED_ACTIVE,0.0,,96
-wny0OAz3g8$_$9,0.5,0.75,1.0,[0],[0],0.0,,,0,neutral,VERIFIED_ACTIVE,0.0,,96
-wny0OAz3g8$_$9,0.75,1.0,1.25,[0],[0],0.0,,,0,neutral,VERIFIED_ACTIVE,0.0,,96
-wny0OAz3g8$_$9,1.0,1.25,1.5,[0],[0],0.0,,,0,neutral,VERIFIED_ACTIVE,0.0,,96
-wny0OAz3g8$_$9,1.25,1.5,1.75,[0],[0],0.0,,,0,neutral,VERIFIED_ACTIVE,0.0,,96
-wny0OAz3g8$_$9,1.5,1.75,2.0,[0],[0],0.0,,,0,neutral,VERIFIED_ACTIVE,0.0,,96
-wny0OAz3g8$_$9,1.75,2.0,2.25,[0],[0],0.0,,,0,neutral,VERIFIED_ACTIVE,0.0,,96
-wny0OAz3g8$_$9,2.0,2.25,2.5,[0],[0],0.0,,,0,neutral,VERIFIED_ACTIVE,0.0,,96
-wny0OAz3g8$_$9,2.25,2.5,2.75,[0],[0],0.0,,,0,neutral,VERIFIED_ACTIVE,0.0,,96
-wny0OAz3g8$_$9,2.5,2.75,3.0,[0],[0],0.0,,,0,neutral,VERIFIED_ACTIVE,0.0,,96
-wny0OAz3g8$_$9,2.75,3.0,3.25,[0],[0],0.0,,,0,neutral,VERIFIED_ACTIVE,0.0,,96
-wny0OAz3g8$_$9,3.0,3.25,3.5,[0],[0],0.0,,,0,neutral,VERIFIED_ACTIVE,0.0,,96
-wny0OAz3g8$_$9,3.25,3.5,3.75,[0],[0],0.0,,,0,neutral,VERIFIED_ACTIVE,0.0,,96
-wny0OAz3g8$_$9,3.5,3.75,4.0,[0],[0],0.0,,,0,neutral,VERIFIED_ACTIVE,0.0,,96
-wny0OAz3g8$_$9,3.75,4.0,4.25,[0],[0],0.0,,,0,neutral,VERIFIED_ACTIVE,0.0,,96
-wny0OAz3g8$_$9,4.0,4.25,4.5,[0],[0],0.0,,,0,neutral,VERIFIED_ACTIVE,0.0,,96
-wny0OAz3g8$_$9,4.25,4.5,4.75,[0],[0],0.0,,,0,neutral,VERIFIED_ACTIVE,0.0,,96
-wny0OAz3g8$_$9,4.5,4.75,5.0,[0],[0],0.0,,,0,neutral,VERIFIED_ACTIVE,0.0,,96
-wny0OAz3g8$_$9,4.75,5.0,5.25,[0],[0],0.0,,,0,neutral,VERIFIED_ACTIVE,0.0,,96
-wny0OAz3g8$_$9,5.0,5.25,5.5,[0],[0],0.0,,,0,neutral,VERIFIED_ACTIVE,0.0,,96
-wny0OAz3g8$_$9,5.25,5.5,5.75,[0],[0],0.0,,,0,neutral,VERIFIED_ACTIVE,0.0,,96
-wny0OAz3g8$_$9,5.5,5.75,6.0,[0],[],0.0,0.0,5.25,1,neutral,VERIFIED_CONTINUITY,0.0,,96
-wny0OAz3g8$_$9,5.75,6.0,6.2,[0],[],0.0,0.0,5.25,1,neutral,VERIFIED_CONTINUITY,0.0,,96
-wny0OAz3g8$_$9,6.0,6.2,6.2,[0],[],0.0,0.0,5.25,1,neutral,VERIFIED_CONTINUITY,0.0,,96
-yRb-Jum7EQ$_$1,0.0,0.25,0.5,"[0,1]",[],,,,0,neutral,AMBIGUOUS,,,97
-yRb-Jum7EQ$_$1,0.25,0.5,0.75,"[0,1]",[],,,,0,neutral,AMBIGUOUS,,,97
-yRb-Jum7EQ$_$1,0.5,0.75,1.0,"[0,1]",[],,,,0,neutral,AMBIGUOUS,,,97
-yRb-Jum7EQ$_$1,0.75,1.0,1.25,"[0,1]",[],,,,0,neutral,AMBIGUOUS,,,97
-yRb-Jum7EQ$_$1,1.0,1.25,1.5,"[0,1]",[],,,,0,neutral,AMBIGUOUS,,,97
-yRb-Jum7EQ$_$1,1.25,1.5,1.75,"[0,1]",[],,,,0,neutral,AMBIGUOUS,,,97
-yRb-Jum7EQ$_$1,1.5,1.75,2.0,"[0,1]",[],,,,0,neutral,AMBIGUOUS,,,97
-yRb-Jum7EQ$_$1,1.75,2.0,2.25,"[0,1]",[],,,,0,neutral,AMBIGUOUS,,,97
-yRb-Jum7EQ$_$1,2.0,2.25,2.5,"[0,1]",[],,,,0,neutral,AMBIGUOUS,,,97
-yRb-Jum7EQ$_$1,2.25,2.5,2.75,"[0,1]",[],,,,0,neutral,AMBIGUOUS,,,97
-yRb-Jum7EQ$_$1,2.5,2.75,3.0,"[0,1]",[],,,,0,neutral,AMBIGUOUS,,,97
-yRb-Jum7EQ$_$1,2.75,3.0,3.25,"[0,1]",[],,,,0,neutral,AMBIGUOUS,,,97
-yRb-Jum7EQ$_$1,3.0,3.25,3.5,"[0,1]",[],,,,0,neutral,AMBIGUOUS,,,97
-yRb-Jum7EQ$_$1,3.25,3.5,3.75,"[0,1]",[],,,,0,neutral,AMBIGUOUS,,,97
-yRb-Jum7EQ$_$1,3.5,3.75,4.0,"[0,1]",[],,,,0,neutral,AMBIGUOUS,,,97
-yRb-Jum7EQ$_$1,3.75,4.0,4.25,"[0,1]",[],,,,0,neutral,AMBIGUOUS,,,97
-yRb-Jum7EQ$_$1,4.0,4.25,4.5,"[0,1]",[],,,,0,neutral,AMBIGUOUS,,,97
-yRb-Jum7EQ$_$1,4.25,4.5,4.75,"[0,1]",[],,,,0,neutral,AMBIGUOUS,,,97
-yRb-Jum7EQ$_$1,4.5,4.75,5.0,"[0,1]",[],,,,0,neutral,AMBIGUOUS,,,97
-yRb-Jum7EQ$_$1,4.75,5.0,5.25,"[0,1]",[],,,,0,neutral,AMBIGUOUS,,,97
-yRb-Jum7EQ$_$1,5.0,5.25,5.5,"[0,1]",[],,,,0,neutral,AMBIGUOUS,,,97
-yRb-Jum7EQ$_$1,5.25,5.5,5.75,"[0,1]",[],,,,0,neutral,AMBIGUOUS,,,97
-yRb-Jum7EQ$_$1,5.5,5.75,6.0,"[0,1]",[],,,,0,neutral,AMBIGUOUS,,,97
-yRb-Jum7EQ$_$1,5.75,6.0,6.25,"[0,1]",[],,,,0,neutral,AMBIGUOUS,,,97
-yRb-Jum7EQ$_$1,6.0,6.25,6.5,"[0,1]",[],,,,0,neutral,AMBIGUOUS,,,97
-yRb-Jum7EQ$_$1,6.25,6.5,6.75,"[0,1]",[],,,,0,neutral,AMBIGUOUS,,,97
-yRb-Jum7EQ$_$1,6.5,6.75,7.0,"[0,1]",[],,,,0,neutral,AMBIGUOUS,,,97
-yRb-Jum7EQ$_$1,6.75,7.0,7.25,[0],[],,,,0,neutral,UNRESOLVED,,,97
-yRb-Jum7EQ$_$1,7.0,7.25,7.5,[0],[],,,,0,neutral,UNRESOLVED,,,97
-yRb-Jum7EQ$_$1,7.25,7.5,7.75,[0],[],,,,0,neutral,UNRESOLVED,,,97
-yRb-Jum7EQ$_$1,7.5,7.75,8.0,[0],[],,,,0,neutral,UNRESOLVED,,,97
-yRb-Jum7EQ$_$1,7.75,8.0,8.25,[0],[],,,,0,neutral,UNRESOLVED,,,97
-yRb-Jum7EQ$_$1,8.0,8.25,8.5,[0],[],,,,0,neutral,UNRESOLVED,,,97
-yRb-Jum7EQ$_$1,8.25,8.5,8.75,[0],[],,,,0,neutral,UNRESOLVED,,,97
-yRb-Jum7EQ$_$1,8.5,8.75,9.0,[0],[],,,,0,neutral,UNRESOLVED,,,97
-yRb-Jum7EQ$_$1,8.75,9.0,9.25,[0],[],,,,0,neutral,UNRESOLVED,,,97
-yRb-Jum7EQ$_$1,9.0,9.25,9.5,[0],[],,,,0,neutral,UNRESOLVED,,,97
-yRb-Jum7EQ$_$1,9.25,9.5,9.75,[0],[],,,,0,neutral,UNRESOLVED,,,97
-yRb-Jum7EQ$_$1,9.5,9.75,10.0,[0],[],,,,0,neutral,UNRESOLVED,,,97
-yRb-Jum7EQ$_$1,9.75,10.0,10.25,[0],[],,,,0,neutral,UNRESOLVED,,,97
-yRb-Jum7EQ$_$1,10.0,10.25,10.5,[0],[],,,,0,neutral,UNRESOLVED,,,97
-yRb-Jum7EQ$_$1,10.25,10.5,10.75,[0],[],,,,0,neutral,UNRESOLVED,,,97
-yRb-Jum7EQ$_$1,10.5,10.75,11.0,[0],[],,,,0,neutral,UNRESOLVED,,,97
-yRb-Jum7EQ$_$1,10.75,11.0,11.25,[0],[],,,,0,neutral,UNRESOLVED,,,97
-yRb-Jum7EQ$_$1,11.0,11.25,11.5,[0],[],,,,0,neutral,UNRESOLVED,,,97
-yRb-Jum7EQ$_$1,11.25,11.5,11.75,[0],[],,,,0,neutral,UNRESOLVED,,,97
-yRb-Jum7EQ$_$1,11.5,11.75,12.0,[0],[],,,,0,neutral,UNRESOLVED,,,97
-yRb-Jum7EQ$_$1,11.75,12.0,12.25,[0],[],,,,0,neutral,UNRESOLVED,,,97
-yRb-Jum7EQ$_$1,12.0,12.25,12.5,[0],[],,,,0,neutral,UNRESOLVED,,,97
-yRb-Jum7EQ$_$1,12.25,12.5,12.75,[0],[],,,,0,neutral,UNRESOLVED,,,97
-yRb-Jum7EQ$_$1,12.5,12.75,13.0,[0],[],,,,0,neutral,UNRESOLVED,,,97
-yRb-Jum7EQ$_$1,12.75,13.0,13.25,[0],[],,,,0,neutral,UNRESOLVED,,,97
-yRb-Jum7EQ$_$1,13.0,13.25,13.5,[0],[],,,,0,neutral,UNRESOLVED,,,97
-yRb-Jum7EQ$_$1,13.25,13.5,13.75,[0],[],,,,0,neutral,UNRESOLVED,,,97
-yRb-Jum7EQ$_$1,13.5,13.75,14.0,[0],[],,,,0,neutral,UNRESOLVED,,,97
-yRb-Jum7EQ$_$1,13.75,14.0,14.25,[0],[],,,,0,neutral,UNRESOLVED,,,97
-yRb-Jum7EQ$_$1,14.0,14.25,14.5,[0],[],,,,0,neutral,UNRESOLVED,,,97
-yRb-Jum7EQ$_$1,14.25,14.5,14.75,[0],[],,,,0,neutral,UNRESOLVED,,,97
-yRb-Jum7EQ$_$1,14.5,14.75,15.0,[0],[],,,,0,neutral,UNRESOLVED,,,97
-yRb-Jum7EQ$_$1,14.75,15.0,15.25,[0],[],,,,0,neutral,UNRESOLVED,,,97
-yRb-Jum7EQ$_$1,15.0,15.25,15.5,[0],[],,,,0,neutral,UNRESOLVED,,,97
-yRb-Jum7EQ$_$1,15.25,15.5,15.75,[0],[],,,,0,neutral,UNRESOLVED,,,97
-yRb-Jum7EQ$_$1,15.5,15.75,16.0,[0],[],,,,0,neutral,UNRESOLVED,,,97
-yRb-Jum7EQ$_$1,15.75,16.0,16.25,[0],[],,,,0,neutral,UNRESOLVED,,,97
-yRb-Jum7EQ$_$1,16.0,16.25,16.5,[0],[],,,,0,neutral,UNRESOLVED,,,97
-yRb-Jum7EQ$_$1,16.25,16.5,16.75,[0],[],,,,0,neutral,UNRESOLVED,,,97
-yRb-Jum7EQ$_$1,16.5,16.75,17.0,[0],[],,,,0,neutral,UNRESOLVED,,,97
-yRb-Jum7EQ$_$1,16.75,17.0,17.25,[0],[],,,,0,neutral,UNRESOLVED,,,97
-yRb-Jum7EQ$_$1,17.0,17.25,17.5,[0],[],,,,0,neutral,UNRESOLVED,,,97
-yRb-Jum7EQ$_$1,17.25,17.5,17.75,[0],[],,,,0,neutral,UNRESOLVED,,,97
-yRb-Jum7EQ$_$1,17.5,17.75,18.0,[0],[],,,,0,neutral,UNRESOLVED,,,97
-yRb-Jum7EQ$_$1,17.75,18.0,18.25,[0],[],,,,0,neutral,UNRESOLVED,,,97
-yRb-Jum7EQ$_$1,18.0,18.25,18.5,[0],[],,,,0,neutral,UNRESOLVED,,,97
-yRb-Jum7EQ$_$1,18.25,18.5,18.75,[0],[],,,,0,neutral,UNRESOLVED,,,97
-yRb-Jum7EQ$_$1,18.5,18.75,19.0,[0],[],,,,0,neutral,UNRESOLVED,,,97
-yRb-Jum7EQ$_$1,18.75,19.0,19.25,[0],[],,,,0,neutral,UNRESOLVED,,,97
-yRb-Jum7EQ$_$1,19.0,19.25,19.5,[0],[],,,,0,neutral,UNRESOLVED,,,97
-yRb-Jum7EQ$_$1,19.25,19.5,19.75,[0],[],,,,0,neutral,UNRESOLVED,,,97
-yRb-Jum7EQ$_$1,19.5,19.75,20.0,[0],[],,,,0,neutral,UNRESOLVED,,,97
-yRb-Jum7EQ$_$1,19.75,20.0,20.25,[0],[],,,,0,neutral,UNRESOLVED,,,97
-yRb-Jum7EQ$_$1,20.0,20.25,20.5,[0],[],,,,0,neutral,UNRESOLVED,,,97
-yRb-Jum7EQ$_$1,20.25,20.5,20.75,[0],[],,,,0,neutral,UNRESOLVED,,,97
-yRb-Jum7EQ$_$1,20.5,20.75,21.0,[0],[],,,,0,neutral,UNRESOLVED,,,97
-yRb-Jum7EQ$_$1,20.75,21.0,21.25,[0],[],,,,0,neutral,UNRESOLVED,,,97
-yRb-Jum7EQ$_$1,21.0,21.25,21.5,[0],[],,,,0,neutral,UNRESOLVED,,,97
-yRb-Jum7EQ$_$1,21.25,21.5,21.75,[0],[],,,,0,neutral,UNRESOLVED,,,97
-yRb-Jum7EQ$_$1,21.5,21.75,22.0,[0],[],,,,0,neutral,UNRESOLVED,,,97
-yRb-Jum7EQ$_$1,21.75,22.0,22.25,[0],[],,,,0,neutral,UNRESOLVED,,,97
-yRb-Jum7EQ$_$1,22.0,22.25,22.5,[0],[],,,,0,neutral,UNRESOLVED,,,97
-yRb-Jum7EQ$_$1,22.25,22.5,22.75,[0],[],,,,0,neutral,UNRESOLVED,,,97
-yRb-Jum7EQ$_$1,22.5,22.75,23.0,[0],[],,,,0,neutral,UNRESOLVED,,,97
-yRb-Jum7EQ$_$1,22.75,23.0,23.25,[0],[],,,,0,neutral,UNRESOLVED,,,97
-yRb-Jum7EQ$_$1,23.0,23.25,23.5,[0],[],,,,0,neutral,UNRESOLVED,,,97
-yRb-Jum7EQ$_$1,23.25,23.5,23.75,[0],[],,,,0,neutral,UNRESOLVED,,,97
-yRb-Jum7EQ$_$1,23.5,23.75,24.0,[0],[],,,,0,neutral,UNRESOLVED,,,97
-yRb-Jum7EQ$_$1,23.75,24.0,24.25,[0],[],,,,0,neutral,UNRESOLVED,,,97
-yRb-Jum7EQ$_$1,24.0,24.25,24.5,[0],[],,,,0,neutral,UNRESOLVED,,,97
-yRb-Jum7EQ$_$1,24.25,24.5,24.75,[0],[],,,,0,neutral,UNRESOLVED,,,97
-yRb-Jum7EQ$_$1,24.5,24.75,25.0,[0],[],,,,0,neutral,UNRESOLVED,,,97
-yRb-Jum7EQ$_$1,24.75,25.0,25.25,[0],[],,,,0,neutral,UNRESOLVED,,,97
-yRb-Jum7EQ$_$1,25.0,25.25,25.5,[0],[],,,,0,neutral,UNRESOLVED,,,97
-yRb-Jum7EQ$_$1,25.25,25.5,25.75,[0],[],,,,0,neutral,UNRESOLVED,,,97
-yRb-Jum7EQ$_$1,25.5,25.75,26.0,[0],[],,,,0,neutral,UNRESOLVED,,,97
-yRb-Jum7EQ$_$1,25.75,26.0,26.25,[0],[],,,,0,neutral,UNRESOLVED,,,97
-yRb-Jum7EQ$_$1,26.0,26.25,26.5,[0],[],,,,0,neutral,UNRESOLVED,,,97
-yRb-Jum7EQ$_$1,26.25,26.5,26.75,[0],[],,,,0,neutral,UNRESOLVED,,,97
-yRb-Jum7EQ$_$1,26.5,26.75,27.0,[0],[],,,,0,neutral,UNRESOLVED,,,97
-yRb-Jum7EQ$_$1,26.75,27.0,27.25,[0],[],,,,0,neutral,UNRESOLVED,,,97
-yRb-Jum7EQ$_$1,27.0,27.25,27.5,[0],[],,,,0,neutral,UNRESOLVED,,,97
-yRb-Jum7EQ$_$1,27.25,27.5,27.75,[0],[],,,,0,neutral,UNRESOLVED,,,97
-yRb-Jum7EQ$_$1,27.5,27.75,28.0,[0],[],,,,0,neutral,UNRESOLVED,,,97
-yRb-Jum7EQ$_$1,27.75,28.0,28.25,[0],[],,,,0,neutral,UNRESOLVED,,,97
-yRb-Jum7EQ$_$1,28.0,28.25,28.5,[0],[],,,,0,neutral,UNRESOLVED,,,97
-yRb-Jum7EQ$_$1,28.25,28.5,28.75,[0],[],,,,0,neutral,UNRESOLVED,,,97
-yRb-Jum7EQ$_$1,28.5,28.75,29.0,[0],[],,,,0,neutral,UNRESOLVED,,,97
-yRb-Jum7EQ$_$1,28.75,29.0,29.25,[0],[],,,,0,neutral,UNRESOLVED,,,97
-yRb-Jum7EQ$_$1,29.0,29.25,29.266666666666666,[0],[],,,,0,neutral,UNRESOLVED,,,97
-yRb-Jum7EQ$_$1,29.25,29.266666666666666,29.266666666666666,[0],[],,,,0,neutral,UNRESOLVED,,,97
-yRb-Jum7EQ$_$5,0.0,0.25,0.5,[0],[],0.0,0.0,6.0,1,conflict,VERIFIED_CONTINUITY,0.0,talknet_or_continuity_av_sync_conflict,98
-yRb-Jum7EQ$_$5,0.25,0.5,0.75,[0],[],0.0,0.0,6.0,1,conflict,VERIFIED_CONTINUITY,0.0,talknet_or_continuity_av_sync_conflict,98
-yRb-Jum7EQ$_$5,0.5,0.75,1.0,[0],[],0.0,0.0,6.0,1,conflict,VERIFIED_CONTINUITY,0.0,talknet_or_continuity_av_sync_conflict,98
-yRb-Jum7EQ$_$5,0.75,1.0,1.25,[0],[],0.0,0.0,6.0,1,conflict,VERIFIED_CONTINUITY,0.0,talknet_or_continuity_av_sync_conflict,98
-yRb-Jum7EQ$_$5,1.0,1.25,1.5,[0],[],0.0,0.0,6.0,1,conflict,VERIFIED_CONTINUITY,0.0,talknet_or_continuity_av_sync_conflict,98
-yRb-Jum7EQ$_$5,1.25,1.5,1.75,[0],[],0.0,0.0,6.0,1,conflict,VERIFIED_CONTINUITY,0.0,talknet_or_continuity_av_sync_conflict,98
-yRb-Jum7EQ$_$5,1.5,1.75,2.0,[0],[],0.0,0.0,6.0,1,conflict,VERIFIED_CONTINUITY,0.0,talknet_or_continuity_av_sync_conflict,98
-yRb-Jum7EQ$_$5,1.75,2.0,2.25,[0],[],0.0,0.0,6.0,1,conflict,VERIFIED_CONTINUITY,0.0,talknet_or_continuity_av_sync_conflict,98
-yRb-Jum7EQ$_$5,2.0,2.25,2.5,"[0,1]",[],0.0,0.0,6.0,1,conflict,VERIFIED_CONTINUITY,0.0,talknet_or_continuity_av_sync_conflict,98
-yRb-Jum7EQ$_$5,2.25,2.5,2.75,"[0,1]",[],0.0,0.0,6.0,1,conflict,VERIFIED_CONTINUITY,0.0,talknet_or_continuity_av_sync_conflict,98
-yRb-Jum7EQ$_$5,2.5,2.75,3.0,"[0,1]",[],0.0,0.0,6.0,1,conflict,VERIFIED_CONTINUITY,0.0,talknet_or_continuity_av_sync_conflict,98
-yRb-Jum7EQ$_$5,2.75,3.0,3.25,[0],[],0.0,0.0,6.0,1,conflict,VERIFIED_CONTINUITY,0.0,talknet_or_continuity_av_sync_conflict,98
-yRb-Jum7EQ$_$5,3.0,3.25,3.5,[0],[],0.0,0.0,6.0,1,conflict,VERIFIED_CONTINUITY,0.0,talknet_or_continuity_av_sync_conflict,98
-yRb-Jum7EQ$_$5,3.25,3.5,3.75,[0],[],0.0,0.0,6.0,1,conflict,VERIFIED_CONTINUITY,0.0,talknet_or_continuity_av_sync_conflict,98
-yRb-Jum7EQ$_$5,3.5,3.75,4.0,[0],[],0.0,0.0,6.0,1,conflict,VERIFIED_CONTINUITY,0.0,talknet_or_continuity_av_sync_conflict,98
-yRb-Jum7EQ$_$5,3.75,4.0,4.25,[0],[],0.0,0.0,6.0,1,conflict,VERIFIED_CONTINUITY,0.0,talknet_or_continuity_av_sync_conflict,98
-yRb-Jum7EQ$_$5,4.0,4.25,4.5,[0],[],0.0,0.0,6.0,1,conflict,VERIFIED_CONTINUITY,0.0,talknet_or_continuity_av_sync_conflict,98
-yRb-Jum7EQ$_$5,4.25,4.5,4.75,[0],[],0.0,0.0,6.0,1,conflict,VERIFIED_CONTINUITY,0.0,talknet_or_continuity_av_sync_conflict,98
-yRb-Jum7EQ$_$5,4.5,4.75,5.0,[0],[],0.0,0.0,6.0,1,conflict,VERIFIED_CONTINUITY,0.0,talknet_or_continuity_av_sync_conflict,98
-yRb-Jum7EQ$_$5,4.75,5.0,5.25,[0],[],0.0,0.0,6.0,1,conflict,VERIFIED_CONTINUITY,0.0,talknet_or_continuity_av_sync_conflict,98
-yRb-Jum7EQ$_$5,5.0,5.25,5.5,[0],[],0.0,0.0,6.0,1,conflict,VERIFIED_CONTINUITY,0.0,talknet_or_continuity_av_sync_conflict,98
-yRb-Jum7EQ$_$5,5.25,5.5,5.75,[0],[],0.0,0.0,6.0,1,conflict,VERIFIED_CONTINUITY,0.0,talknet_or_continuity_av_sync_conflict,98
-yRb-Jum7EQ$_$5,5.5,5.75,6.0,[0],[],0.0,0.0,6.0,1,conflict,VERIFIED_CONTINUITY,0.0,talknet_or_continuity_av_sync_conflict,98
-yRb-Jum7EQ$_$5,5.75,6.0,6.25,[0],[],0.0,0.0,6.0,1,conflict,VERIFIED_CONTINUITY,0.0,talknet_or_continuity_av_sync_conflict,98
-yRb-Jum7EQ$_$5,6.0,6.25,6.5,[0],[0],0.0,,,0,conflict,VERIFIED_ACTIVE,0.0,talknet_or_continuity_av_sync_conflict,98
-yRb-Jum7EQ$_$5,6.25,6.5,6.75,[0],[0],0.0,,,0,conflict,VERIFIED_ACTIVE,0.0,talknet_or_continuity_av_sync_conflict,98
-yRb-Jum7EQ$_$5,6.5,6.75,7.0,[0],[],0.0,0.0,6.25,1,conflict,VERIFIED_CONTINUITY,0.0,talknet_or_continuity_av_sync_conflict,98
-yRb-Jum7EQ$_$5,6.75,7.0,7.25,[0],[],0.0,0.0,6.25,1,conflict,VERIFIED_CONTINUITY,0.0,talknet_or_continuity_av_sync_conflict,98
-yRb-Jum7EQ$_$5,7.0,7.25,7.5,[0],[],0.0,0.0,7.25,1,conflict,VERIFIED_CONTINUITY,0.0,talknet_or_continuity_av_sync_conflict,98
-yRb-Jum7EQ$_$5,7.25,7.5,7.75,[0],[0],0.0,,,0,conflict,VERIFIED_ACTIVE,0.0,talknet_or_continuity_av_sync_conflict,98
-yRb-Jum7EQ$_$5,7.5,7.75,8.0,[0],[0],0.0,,,0,conflict,VERIFIED_ACTIVE,0.0,talknet_or_continuity_av_sync_conflict,98
-yRb-Jum7EQ$_$5,7.75,8.0,8.25,[0],[0],0.0,,,0,conflict,VERIFIED_ACTIVE,0.0,talknet_or_continuity_av_sync_conflict,98
-yRb-Jum7EQ$_$5,8.0,8.25,8.5,[0],[],0.0,0.0,7.75,1,conflict,VERIFIED_CONTINUITY,0.0,talknet_or_continuity_av_sync_conflict,98
-yRb-Jum7EQ$_$5,8.25,8.5,8.75,[0],[],0.0,0.0,7.75,1,conflict,VERIFIED_CONTINUITY,0.0,talknet_or_continuity_av_sync_conflict,98
-yRb-Jum7EQ$_$5,8.5,8.75,9.0,[0],[],0.0,0.0,7.75,1,conflict,VERIFIED_CONTINUITY,0.0,talknet_or_continuity_av_sync_conflict,98
-yRb-Jum7EQ$_$5,8.75,9.0,9.25,[0],[],0.0,0.0,7.75,1,conflict,VERIFIED_CONTINUITY,0.0,talknet_or_continuity_av_sync_conflict,98
-yRb-Jum7EQ$_$5,9.0,9.25,9.5,[0],[],0.0,0.0,7.75,1,conflict,VERIFIED_CONTINUITY,0.0,talknet_or_continuity_av_sync_conflict,98
-yRb-Jum7EQ$_$5,9.25,9.5,9.75,[0],[],0.0,0.0,7.75,1,conflict,VERIFIED_CONTINUITY,0.0,talknet_or_continuity_av_sync_conflict,98
-yRb-Jum7EQ$_$5,9.5,9.75,10.0,[0],[],0.0,0.0,7.75,1,conflict,VERIFIED_CONTINUITY,0.0,talknet_or_continuity_av_sync_conflict,98
-yRb-Jum7EQ$_$5,9.75,10.0,10.25,[0],[],0.0,0.0,7.75,1,conflict,VERIFIED_CONTINUITY,0.0,talknet_or_continuity_av_sync_conflict,98
-yRb-Jum7EQ$_$5,10.0,10.25,10.5,[0],[],0.0,0.0,7.75,1,conflict,VERIFIED_CONTINUITY,0.0,talknet_or_continuity_av_sync_conflict,98
-yRb-Jum7EQ$_$5,10.25,10.5,10.75,[0],[],0.0,0.0,7.75,1,conflict,VERIFIED_CONTINUITY,0.0,talknet_or_continuity_av_sync_conflict,98
-yRb-Jum7EQ$_$5,10.5,10.75,11.0,[0],[],0.0,0.0,7.75,1,conflict,VERIFIED_CONTINUITY,0.0,talknet_or_continuity_av_sync_conflict,98
-yRb-Jum7EQ$_$5,10.75,11.0,11.25,[0],[],0.0,0.0,7.75,1,conflict,VERIFIED_CONTINUITY,0.0,talknet_or_continuity_av_sync_conflict,98
-yRb-Jum7EQ$_$5,11.0,11.25,11.5,[0],[],0.0,0.0,7.75,1,conflict,VERIFIED_CONTINUITY,0.0,talknet_or_continuity_av_sync_conflict,98
-yRb-Jum7EQ$_$5,11.25,11.5,11.75,[0],[],0.0,0.0,7.75,1,conflict,VERIFIED_CONTINUITY,0.0,talknet_or_continuity_av_sync_conflict,98
-yRb-Jum7EQ$_$5,11.5,11.75,12.0,[0],[],0.0,0.0,7.75,1,conflict,VERIFIED_CONTINUITY,0.0,talknet_or_continuity_av_sync_conflict,98
-yRb-Jum7EQ$_$5,11.75,12.0,12.25,[0],[],0.0,0.0,7.75,1,conflict,VERIFIED_CONTINUITY,0.0,talknet_or_continuity_av_sync_conflict,98
-yRb-Jum7EQ$_$5,12.0,12.25,12.5,[0],[],0.0,0.0,7.75,1,conflict,VERIFIED_CONTINUITY,0.0,talknet_or_continuity_av_sync_conflict,98
-yRb-Jum7EQ$_$5,12.25,12.5,12.75,[0],[],0.0,0.0,7.75,1,conflict,VERIFIED_CONTINUITY,0.0,talknet_or_continuity_av_sync_conflict,98
-yRb-Jum7EQ$_$5,12.5,12.75,13.0,[0],[],0.0,0.0,7.75,1,conflict,VERIFIED_CONTINUITY,0.0,talknet_or_continuity_av_sync_conflict,98
-yRb-Jum7EQ$_$5,12.75,13.0,13.166666666666666,[0],[],0.0,0.0,7.75,1,conflict,VERIFIED_CONTINUITY,0.0,talknet_or_continuity_av_sync_conflict,98
-yRb-Jum7EQ$_$5,13.0,13.166666666666666,13.166666666666666,[0],[],0.0,0.0,7.75,1,conflict,VERIFIED_CONTINUITY,0.0,talknet_or_continuity_av_sync_conflict,98
