sample_id,word_id,modality,observed,coverage,source_count,weight_sum
-3g5yACwYnA$_$13,0,A,1,1.0,155,1.0
-3g5yACwYnA$_$13,1,A,1,1.0,12,1.0
-3g5yACwYnA$_$13,2,A,1,1.0,19,1.0
-3g5yACwYnA$_$13,3,A,1,1.0,10,1.0
-3g5yACwYnA$_$13,4,A,1,1.0,25,1.0
-3g5yACwYnA$_$13,5,A,1,1.0,53,0.9999999999999999
-3g5yACwYnA$_$13,6,A,1,1.0,10,1.0
-3g5yACwYnA$_$13,7,A,1,1.0,6,1.0
-3g5yACwYnA$_$13,8,A,1,1.0,16,1.0
-3g5yACwYnA$_$13,9,A,1,1.0,29,0.9999999999999999
-3g5yACwYnA$_$13,10,A,1,1.0,20,1.0
-3g5yACwYnA$_$13,11,A,1,1.0,28,1.0
-3g5yACwYnA$_$13,12,A,1,1.0,12,1.0000000000000002
-3g5yACwYnA$_$13,13,A,1,1.0,10,1.0
-3g5yACwYnA$_$13,14,A,1,1.0,30,0.9999999999999998
-3g5yACwYnA$_$2,0,A,1,1.0,49,1.0
-3g5yACwYnA$_$2,1,A,1,1.0,37,1.0
-3g5yACwYnA$_$2,2,A,1,1.0,22,0.9999999999999999
-3g5yACwYnA$_$2,3,A,1,1.0,6,1.0
-3g5yACwYnA$_$2,4,A,1,1.0,49,1.0
-3g5yACwYnA$_$2,5,A,1,1.0,32,0.9999999999999999
-3g5yACwYnA$_$2,6,A,1,1.0,24,1.0
-3g5yACwYnA$_$2,7,A,1,1.0,12,0.9999999999999998
-3g5yACwYnA$_$2,8,A,1,1.0,47,1.0000000000000002
-3g5yACwYnA$_$2,9,A,1,1.0,16,1.0
-3g5yACwYnA$_$2,10,A,1,1.0,12,1.0
-3g5yACwYnA$_$2,11,A,1,1.0,23,1.0
-3g5yACwYnA$_$2,12,A,1,1.0,16,1.0
-3g5yACwYnA$_$2,13,A,1,1.0,47,1.0000000000000002
-3g5yACwYnA$_$3,0,A,1,1.0,42,1.0000000000000002
-3g5yACwYnA$_$3,1,A,1,1.0,8,0.9999999999999999
-3g5yACwYnA$_$3,2,A,1,1.0,38,1.0
-3g5yACwYnA$_$3,3,A,1,1.0,28,0.9999999999999999
-3g5yACwYnA$_$3,4,A,1,1.0,7,1.0
-3g5yACwYnA$_$3,5,A,1,1.0,48,1.0
-3g5yACwYnA$_$3,6,A,1,1.0,24,1.0
-3g5yACwYnA$_$3,7,A,1,1.0,10,1.0
-3g5yACwYnA$_$3,8,A,1,1.0,54,0.9999999999999999
-3g5yACwYnA$_$3,9,A,1,1.0,22,0.9999999999999998
-3g5yACwYnA$_$3,10,A,1,1.0,44,1.0
-3g5yACwYnA$_$3,11,A,1,1.0,14,1.0
-3g5yACwYnA$_$3,12,A,1,1.0,10,1.0
-3g5yACwYnA$_$3,13,A,1,1.0,12,1.0
-3g5yACwYnA$_$3,14,A,1,1.0,10,1.0
-3g5yACwYnA$_$3,15,A,1,1.0,10,1.0
-3g5yACwYnA$_$3,16,A,1,1.0,46,1.0
-3g5yACwYnA$_$3,17,A,1,1.0,30,1.0000000000000002
-3g5yACwYnA$_$3,18,A,1,1.0,60,0.9999999999999999
-3g5yACwYnA$_$3,19,A,1,1.0,10,1.0
-3g5yACwYnA$_$3,20,A,1,1.0,10,1.0
-3g5yACwYnA$_$3,21,A,1,1.0,38,1.0000000000000002
-3g5yACwYnA$_$3,22,A,1,1.0,46,0.9999999999999999
-3g5yACwYnA$_$3,23,A,1,1.0,12,1.0
-3g5yACwYnA$_$3,24,A,1,1.0,12,1.0
-3g5yACwYnA$_$3,25,A,1,1.0,18,0.9999999999999999
-3g5yACwYnA$_$3,26,A,1,1.0,22,1.0
-3g5yACwYnA$_$3,27,A,1,1.0,8,1.0
-3g5yACwYnA$_$3,28,A,1,1.0,30,1.0000000000000002
-3g5yACwYnA$_$9,0,A,1,1.0,14,0.9999999999999999
-3g5yACwYnA$_$9,1,A,1,1.0,12,1.0
-3g5yACwYnA$_$9,2,A,1,1.0,26,1.0
-3g5yACwYnA$_$9,3,A,1,1.0,18,1.0
-3g5yACwYnA$_$9,4,A,1,1.0,57,1.0
-3g5yACwYnA$_$9,5,A,1,1.0,32,1.0
-3g5yACwYnA$_$9,6,A,1,1.0,10,1.0
-3g5yACwYnA$_$9,7,A,1,1.0,16,1.0
-3g5yACwYnA$_$9,8,A,1,1.0,20,0.9999999999999999
-3g5yACwYnA$_$9,9,A,1,1.0,12,1.0
-3g5yACwYnA$_$9,10,A,1,1.0,26,1.0
-3g5yACwYnA$_$9,11,A,1,1.0,21,0.9999999999999998
-3g5yACwYnA$_$9,12,A,1,1.0,10,1.0
-3g5yACwYnA$_$9,13,A,1,1.0,107,0.9999999999999999
-3g5yACwYnA$_$9,14,A,1,1.0,23,0.9999999999999999
-3g5yACwYnA$_$9,15,A,1,1.0,12,1.0
-3g5yACwYnA$_$9,16,A,1,1.0,12,1.0
-3g5yACwYnA$_$9,17,A,1,1.0,28,1.0
-3g5yACwYnA$_$9,18,A,1,1.0,44,1.0
-3g5yACwYnA$_$9,19,A,1,1.0,57,0.9999999999999999
-3g5yACwYnA$_$9,20,A,1,1.0,47,0.9999999999999998
-3nNcZdcdvU$_$5,0,A,1,1.0,101,0.9999999999999998
-3nNcZdcdvU$_$5,1,A,1,1.0,29,0.9999999999999998
-3nNcZdcdvU$_$5,2,A,1,1.0,56,1.0
-3nNcZdcdvU$_$5,3,A,1,1.0,10,1.0
-3nNcZdcdvU$_$5,4,A,1,1.0,30,1.0
-3nNcZdcdvU$_$5,5,A,1,1.0,73,1.0
-3nNcZdcdvU$_$5,6,A,1,1.0,22,1.0
-3nNcZdcdvU$_$5,7,A,1,1.0,29,1.0
-3nNcZdcdvU$_$5,8,A,1,1.0,12,1.0
-3nNcZdcdvU$_$5,9,A,1,1.0,14,0.9999999999999999
-3nNcZdcdvU$_$5,10,A,1,1.0,10,1.0
-3nNcZdcdvU$_$5,11,A,1,1.0,28,1.0
-3nNcZdcdvU$_$5,12,A,1,1.0,36,1.0000000000000002
-3nNcZdcdvU$_$5,13,A,1,1.0,8,1.0
-3nNcZdcdvU$_$5,14,A,1,1.0,18,1.0
-3nNcZdcdvU$_$5,15,A,1,1.0,14,1.0
-3nNcZdcdvU$_$5,16,A,1,1.0,12,1.0
-3nNcZdcdvU$_$5,17,A,1,1.0,49,1.0
-571d8cVauQ$_$0,0,A,1,1.0,14,1.0
-571d8cVauQ$_$0,1,A,1,1.0,8,1.0
-571d8cVauQ$_$0,2,A,1,1.0,21,0.9999999999999999
-571d8cVauQ$_$0,3,A,1,1.0,40,0.9999999999999999
-571d8cVauQ$_$0,4,A,1,1.0,22,1.0
-571d8cVauQ$_$0,5,A,1,1.0,47,1.0000000000000002
-571d8cVauQ$_$0,6,A,1,1.0,50,1.0000000000000002
-571d8cVauQ$_$0,7,A,1,1.0,9,1.0
-571d8cVauQ$_$0,8,A,1,1.0,33,0.9999999999999999
-571d8cVauQ$_$0,9,A,1,1.0,8,0.9999999999999999
-571d8cVauQ$_$0,10,A,1,1.0,35,1.0
-571d8cVauQ$_$0,11,A,1,1.0,39,1.0000000000000002
-571d8cVauQ$_$5,0,A,1,1.0,16,1.0
-571d8cVauQ$_$5,1,A,1,1.0,23,1.0
-571d8cVauQ$_$5,2,A,1,1.0,36,1.0000000000000002
-571d8cVauQ$_$5,3,A,1,1.0,10,1.0
-571d8cVauQ$_$5,4,A,1,1.0,20,0.9999999999999999
-571d8cVauQ$_$5,5,A,1,1.0,16,1.0
-571d8cVauQ$_$5,6,A,1,1.0,18,0.9999999999999999
-571d8cVauQ$_$5,7,A,1,1.0,8,1.0
-571d8cVauQ$_$5,8,A,1,1.0,60,1.0
-571d8cVauQ$_$5,9,A,1,1.0,28,1.0
-571d8cVauQ$_$5,10,A,1,1.0,38,1.0
-571d8cVauQ$_$5,11,A,1,1.0,26,0.9999999999999999
-571d8cVauQ$_$5,12,A,1,1.0,12,1.0
-571d8cVauQ$_$5,13,A,1,1.0,12,0.9999999999999999
-571d8cVauQ$_$5,14,A,1,1.0,27,1.0
-571d8cVauQ$_$5,15,A,1,1.0,8,0.9999999999999999
-571d8cVauQ$_$5,16,A,1,1.0,12,1.0
-571d8cVauQ$_$5,17,A,1,1.0,28,1.0
-571d8cVauQ$_$5,18,A,1,1.0,22,0.9999999999999999
-571d8cVauQ$_$5,19,A,1,1.0,14,1.0
-571d8cVauQ$_$5,20,A,1,1.0,14,0.9999999999999999
-571d8cVauQ$_$5,21,A,1,1.0,20,1.0
-571d8cVauQ$_$5,22,A,1,1.0,25,0.9999999999999999
-571d8cVauQ$_$5,23,A,1,1.0,26,1.0
-571d8cVauQ$_$5,24,A,1,1.0,6,1.0
-571d8cVauQ$_$5,25,A,1,1.0,25,1.0
-571d8cVauQ$_$5,26,A,1,1.0,56,1.0
-571d8cVauQ$_$5,27,A,1,1.0,14,1.0
-571d8cVauQ$_$5,28,A,1,1.0,4,1.0
-571d8cVauQ$_$5,29,A,1,1.0,20,1.0
-571d8cVauQ$_$5,30,A,1,1.0,35,0.9999999999999999
-571d8cVauQ$_$5,31,A,1,1.0,10,1.0
-571d8cVauQ$_$5,32,A,1,1.0,22,1.0
-571d8cVauQ$_$5,33,A,1,1.0,12,0.9999999999999999
-571d8cVauQ$_$5,34,A,1,1.0,16,1.0
-571d8cVauQ$_$5,35,A,1,1.0,37,0.9999999999999999
-571d8cVauQ$_$5,36,A,1,1.0,20,1.0
-571d8cVauQ$_$5,37,A,1,1.0,20,1.0
-571d8cVauQ$_$5,38,A,1,1.0,10,1.0
-571d8cVauQ$_$5,39,A,1,1.0,6,1.0
-571d8cVauQ$_$5,40,A,1,1.0,26,1.0
-571d8cVauQ$_$5,41,A,1,1.0,52,0.9999999999999999
-571d8cVauQ$_$5,42,A,1,1.0,32,1.0
-6rXp3zJ3kc$_$8,0,A,1,1.0,22,1.0000000000000002
-6rXp3zJ3kc$_$8,1,A,1,1.0,28,0.9999999999999999
-6rXp3zJ3kc$_$8,2,A,1,1.0,10,1.0000000000000002
-6rXp3zJ3kc$_$8,3,A,1,1.0,30,1.0000000000000002
-6rXp3zJ3kc$_$8,4,A,1,1.0,28,1.0000000000000002
-6rXp3zJ3kc$_$8,5,A,1,1.0,14,0.9999999999999999
-6rXp3zJ3kc$_$8,6,A,1,1.0,20,1.0000000000000002
-6rXp3zJ3kc$_$8,7,A,1,1.0,12,1.0
-6rXp3zJ3kc$_$8,8,A,1,1.0,20,1.0
-6rXp3zJ3kc$_$8,9,A,1,1.0,8,1.0
-6rXp3zJ3kc$_$8,10,A,1,1.0,26,1.0
-6rXp3zJ3kc$_$8,11,A,1,1.0,18,0.9999999999999999
-6rXp3zJ3kc$_$8,12,A,1,1.0,10,1.0
-6rXp3zJ3kc$_$8,13,A,1,1.0,16,1.0
-6rXp3zJ3kc$_$8,14,A,1,1.0,48,1.0
-6rXp3zJ3kc$_$8,15,A,1,1.0,18,1.0
-6rXp3zJ3kc$_$8,16,A,1,1.0,32,1.0
-6rXp3zJ3kc$_$8,17,A,1,1.0,22,0.9999999999999999
-6rXp3zJ3kc$_$8,18,A,1,1.0,34,1.0
-6rXp3zJ3kc$_$8,19,A,1,1.0,5,1.0
-6rXp3zJ3kc$_$8,20,A,1,1.0,18,0.9999999999999999
-6rXp3zJ3kc$_$8,21,A,1,1.0,8,1.0
-6rXp3zJ3kc$_$8,22,A,1,1.0,38,1.0
-6rXp3zJ3kc$_$8,23,A,1,1.0,12,0.9999999999999999
-6rXp3zJ3kc$_$8,24,A,1,1.0,28,1.0
-6rXp3zJ3kc$_$8,25,A,1,1.0,12,1.0
-6rXp3zJ3kc$_$8,26,A,1,1.0,37,1.0
-6rXp3zJ3kc$_$8,27,A,1,1.0,28,1.0
-6rXp3zJ3kc$_$8,28,A,1,1.0,10,1.0
-6rXp3zJ3kc$_$8,29,A,1,1.0,32,1.0
-6rXp3zJ3kc$_$8,30,A,1,1.0,24,1.0000000000000002
-6rXp3zJ3kc$_$8,31,A,1,1.0,51,0.9999999999999999
-6rXp3zJ3kc$_$8,32,A,1,1.0,30,1.0
-6rXp3zJ3kc$_$8,33,A,1,1.0,40,1.0
-9y-fZ3swSY$_$0,0,A,1,1.0,14,1.0000000000000002
-9y-fZ3swSY$_$0,1,A,1,1.0,8,1.0
-9y-fZ3swSY$_$0,2,A,1,1.0,14,1.0000000000000002
-9y-fZ3swSY$_$0,3,A,1,1.0,26,1.0
-9y-fZ3swSY$_$0,4,A,1,1.0,86,1.0000000000000002
-9y-fZ3swSY$_$0,5,A,1,1.0,8,1.0
-9y-fZ3swSY$_$0,6,A,1,1.0,29,1.0000000000000002
-9y-fZ3swSY$_$0,7,A,1,1.0,33,1.0
-9y-fZ3swSY$_$0,8,A,1,1.0,32,1.0
-9y-fZ3swSY$_$0,9,A,1,1.0,37,1.0
-9y-fZ3swSY$_$0,10,A,1,1.0,12,0.9999999999999999
-9y-fZ3swSY$_$0,11,A,1,1.0,10,1.0
-9y-fZ3swSY$_$0,12,A,1,1.0,18,1.0
-9y-fZ3swSY$_$0,13,A,1,1.0,38,1.0
-9y-fZ3swSY$_$0,14,A,1,1.0,12,1.0
-9y-fZ3swSY$_$0,15,A,1,1.0,18,1.0
-9y-fZ3swSY$_$0,16,A,1,1.0,25,1.0
-9y-fZ3swSY$_$0,17,A,1,1.0,16,1.0
-9y-fZ3swSY$_$0,18,A,1,1.0,22,1.0
-9y-fZ3swSY$_$0,19,A,1,1.0,8,0.9999999999999999
-9y-fZ3swSY$_$0,20,A,1,1.0,17,0.9999999999999999
-9y-fZ3swSY$_$0,21,A,1,1.0,22,1.0
-9y-fZ3swSY$_$4,0,A,1,1.0,24,0.9999999999999999
-9y-fZ3swSY$_$4,1,A,1,1.0,21,1.0000000000000002
-9y-fZ3swSY$_$4,2,A,1,1.0,21,0.9999999999999999
-9y-fZ3swSY$_$4,3,A,1,1.0,10,1.0
-9y-fZ3swSY$_$4,4,A,1,1.0,36,0.9999999999999999
-9y-fZ3swSY$_$4,5,A,1,1.0,11,1.0000000000000002
-9y-fZ3swSY$_$4,6,A,1,1.0,9,1.0
-9y-fZ3swSY$_$4,7,A,1,1.0,12,1.0
-9y-fZ3swSY$_$4,8,A,1,1.0,24,1.0
-9y-fZ3swSY$_$8,0,A,1,1.0,22,1.0
-9y-fZ3swSY$_$8,1,A,1,1.0,6,1.0
-9y-fZ3swSY$_$8,2,A,1,1.0,22,0.9999999999999999
-9y-fZ3swSY$_$8,3,A,1,1.0,49,1.0
-9y-fZ3swSY$_$8,4,A,1,1.0,8,1.0
-9y-fZ3swSY$_$8,5,A,1,1.0,14,0.9999999999999997
-9y-fZ3swSY$_$8,6,A,1,1.0,52,1.0
-9y-fZ3swSY$_$8,7,A,1,1.0,18,1.0
-9y-fZ3swSY$_$8,8,A,1,1.0,12,1.0
-9y-fZ3swSY$_$8,9,A,1,1.0,32,1.0
-9y-fZ3swSY$_$8,10,A,1,1.0,3,1.0
-9y-fZ3swSY$_$8,11,A,1,1.0,28,1.0
-AUZQgSxyPQ$_$2,0,A,1,1.0,12,1.0
-AUZQgSxyPQ$_$2,1,A,1,1.0,36,1.0000000000000002
-AUZQgSxyPQ$_$2,2,A,1,1.0,28,1.0
-AUZQgSxyPQ$_$2,3,A,1,1.0,26,1.0
-AUZQgSxyPQ$_$2,4,A,1,1.0,12,1.0
-AUZQgSxyPQ$_$2,5,A,1,1.0,8,1.0
-AUZQgSxyPQ$_$2,6,A,1,1.0,74,1.0
-AUZQgSxyPQ$_$2,7,A,1,1.0,38,0.9999999999999999
-AUZQgSxyPQ$_$2,8,A,1,1.0,47,0.9999999999999999
-AUZQgSxyPQ$_$2,9,A,1,1.0,36,1.0
-AUZQgSxyPQ$_$2,10,A,1,1.0,18,1.0
-AUZQgSxyPQ$_$2,11,A,1,1.0,46,0.9999999999999998
-AUZQgSxyPQ$_$2,12,A,1,1.0,40,1.0
-AUZQgSxyPQ$_$2,13,A,1,1.0,46,0.9999999999999998
-AUZQgSxyPQ$_$2,14,A,1,1.0,10,1.0
-AUZQgSxyPQ$_$2,15,A,1,1.0,58,1.0
-AUZQgSxyPQ$_$2,16,A,1,1.0,70,0.9999999999999999
-AUZQgSxyPQ$_$2,17,A,1,1.0,46,0.9999999999999999
-AUZQgSxyPQ$_$2,18,A,1,1.0,58,1.0000000000000002
-AUZQgSxyPQ$_$2,19,A,1,1.0,8,1.0
-AUZQgSxyPQ$_$2,20,A,1,1.0,50,0.9999999999999999
-AUZQgSxyPQ$_$2,21,A,1,1.0,26,1.0
-AUZQgSxyPQ$_$2,22,A,1,1.0,22,0.9999999999999999
-AUZQgSxyPQ$_$2,23,A,1,1.0,14,1.0
-AUZQgSxyPQ$_$2,24,A,1,1.0,53,0.9999999999999999
-AUZQgSxyPQ$_$2,25,A,1,1.0,10,1.0
-AUZQgSxyPQ$_$2,26,A,1,1.0,40,1.0
-AUZQgSxyPQ$_$2,27,A,1,1.0,34,1.0
-AUZQgSxyPQ$_$2,28,A,1,1.0,127,1.0000000000000004
-AUZQgSxyPQ$_$2,29,A,1,1.0,42,1.0
-AUZQgSxyPQ$_$2,30,A,1,1.0,38,0.9999999999999999
-AUZQgSxyPQ$_$2,31,A,1,1.0,40,1.0
-AUZQgSxyPQ$_$2,32,A,1,1.0,22,0.9999999999999999
-AUZQgSxyPQ$_$2,33,A,1,1.0,32,1.0
-AUZQgSxyPQ$_$2,34,A,1,1.0,51,0.9999999999999999
-AUZQgSxyPQ$_$2,35,A,1,1.0,30,1.0
-AUZQgSxyPQ$_$2,36,A,1,1.0,34,0.9999999999999999
-AUZQgSxyPQ$_$2,37,A,1,1.0,26,0.9999999999999999
-AUZQgSxyPQ$_$2,38,A,1,1.0,42,1.0
-AUZQgSxyPQ$_$2,39,A,1,1.0,30,1.0000000000000002
-AUZQgSxyPQ$_$2,40,A,1,1.0,40,1.0
-HeZS2-Prhc$_$2,0,A,1,1.0,14,0.9999999999999999
-HeZS2-Prhc$_$2,1,A,1,1.0,30,1.0
-HeZS2-Prhc$_$2,2,A,1,1.0,34,1.0
-HeZS2-Prhc$_$2,3,A,1,1.0,36,1.0000000000000002
-HeZS2-Prhc$_$2,4,A,1,1.0,12,1.0
-HeZS2-Prhc$_$2,5,A,1,1.0,16,1.0
-HeZS2-Prhc$_$2,6,A,1,1.0,16,1.0
-HeZS2-Prhc$_$2,7,A,1,1.0,8,1.0
-HeZS2-Prhc$_$2,8,A,1,1.0,15,1.0
-HeZS2-Prhc$_$2,9,A,1,1.0,34,0.9999999999999999
-HeZS2-Prhc$_$2,10,A,1,1.0,50,1.0
-HeZS2-Prhc$_$2,11,A,1,1.0,12,1.0
-HeZS2-Prhc$_$2,12,A,1,1.0,38,1.0000000000000002
-HeZS2-Prhc$_$2,13,A,1,1.0,16,1.0
-HeZS2-Prhc$_$2,14,A,1,1.0,22,0.9999999999999998
-HeZS2-Prhc$_$2,15,A,1,1.0,38,1.0000000000000002
-HwX2H8Z4hY$_$2,0,A,0,0.0,0,0.0
-HwX2H8Z4hY$_$2,1,A,0,0.0,0,0.0
-HwX2H8Z4hY$_$2,2,A,0,0.0,0,0.0
-HwX2H8Z4hY$_$2,3,A,0,0.0,0,0.0
-HwX2H8Z4hY$_$2,4,A,0,0.0,0,0.0
-HwX2H8Z4hY$_$2,5,A,0,0.0,0,0.0
-HwX2H8Z4hY$_$2,6,A,0,0.0,0,0.0
-HwX2H8Z4hY$_$2,7,A,0,0.0,0,0.0
-HwX2H8Z4hY$_$5,0,A,1,1.0,10,1.0
-HwX2H8Z4hY$_$5,1,A,1,1.0,51,1.0
-HwX2H8Z4hY$_$5,2,A,1,1.0,33,1.0
-HwX2H8Z4hY$_$5,3,A,1,1.0,45,0.9999999999999998
-HwX2H8Z4hY$_$5,4,A,1,1.0,41,0.9999999999999999
-HwX2H8Z4hY$_$5,5,A,1,1.0,12,0.9999999999999999
-HwX2H8Z4hY$_$5,6,A,1,1.0,66,0.9999999999999998
-HwX2H8Z4hY$_$5,7,A,1,1.0,75,1.0
-HwX2H8Z4hY$_$5,8,A,1,1.0,8,1.0
-HwX2H8Z4hY$_$5,9,A,1,1.0,57,0.9999999999999999
-HwX2H8Z4hY$_$6,0,A,1,1.0,10,1.0
-HwX2H8Z4hY$_$6,1,A,1,1.0,8,1.0
-HwX2H8Z4hY$_$6,2,A,1,1.0,39,1.0000000000000002
-HwX2H8Z4hY$_$6,3,A,1,1.0,14,1.0
-HwX2H8Z4hY$_$6,4,A,1,1.0,50,0.9999999999999999
-HwX2H8Z4hY$_$6,5,A,1,1.0,18,1.0
-HwX2H8Z4hY$_$6,6,A,1,1.0,22,1.0
-HwX2H8Z4hY$_$9,0,A,1,1.0,8,1.0
-HwX2H8Z4hY$_$9,1,A,1,1.0,8,1.0
-HwX2H8Z4hY$_$9,2,A,1,1.0,6,1.0
-HwX2H8Z4hY$_$9,3,A,1,1.0,32,1.0
-HwX2H8Z4hY$_$9,4,A,1,1.0,32,1.0
-HwX2H8Z4hY$_$9,5,A,1,1.0,10,0.9999999999999999
-HwX2H8Z4hY$_$9,6,A,1,1.0,62,0.9999999999999999
-HwX2H8Z4hY$_$9,7,A,1,1.0,24,1.0
-HwX2H8Z4hY$_$9,8,A,1,1.0,14,1.0
-HwX2H8Z4hY$_$9,9,A,1,1.0,10,0.9999999999999999
-HwX2H8Z4hY$_$9,10,A,1,1.0,31,1.0
-HwX2H8Z4hY$_$9,11,A,1,1.0,30,1.0
-HwX2H8Z4hY$_$9,12,A,1,1.0,33,1.0000000000000002
-HwX2H8Z4hY$_$9,13,A,1,1.0,14,1.0
-HwX2H8Z4hY$_$9,14,A,1,1.0,10,0.9999999999999999
-HwX2H8Z4hY$_$9,15,A,1,1.0,26,1.0
-HwX2H8Z4hY$_$9,16,A,1,1.0,20,1.0
-HwX2H8Z4hY$_$9,17,A,1,1.0,12,1.0
-HwX2H8Z4hY$_$9,18,A,1,1.0,8,0.9999999999999999
-HwX2H8Z4hY$_$9,19,A,1,1.0,32,1.0
-HwX2H8Z4hY$_$9,20,A,1,1.0,10,1.0
-HwX2H8Z4hY$_$9,21,A,1,1.0,26,1.0
-I_e4mIh0yE$_$1,0,A,1,1.0,8,1.0
-I_e4mIh0yE$_$1,1,A,1,1.0,8,1.0
-I_e4mIh0yE$_$1,2,A,1,1.0,31,1.0000000000000002
-I_e4mIh0yE$_$1,3,A,1,1.0,26,1.0
-I_e4mIh0yE$_$1,4,A,1,1.0,12,0.9999999999999999
-I_e4mIh0yE$_$1,5,A,1,1.0,27,1.0
-I_e4mIh0yE$_$1,6,A,1,1.0,37,1.0
-I_e4mIh0yE$_$1,7,A,1,1.0,47,1.0
-I_e4mIh0yE$_$1,8,A,1,1.0,14,0.9999999999999999
-I_e4mIh0yE$_$1,9,A,1,1.0,11,1.0
-I_e4mIh0yE$_$1,10,A,1,1.0,39,0.9999999999999998
-I_e4mIh0yE$_$1,11,A,1,1.0,12,1.0
-I_e4mIh0yE$_$1,12,A,1,1.0,25,1.0
-I_e4mIh0yE$_$1,13,A,1,1.0,43,0.9999999999999999
-I_e4mIh0yE$_$1,14,A,1,1.0,8,1.0
-I_e4mIh0yE$_$1,15,A,1,1.0,43,1.0
-I_e4mIh0yE$_$1,16,A,1,1.0,10,1.0
-I_e4mIh0yE$_$1,17,A,1,1.0,28,1.0
-I_e4mIh0yE$_$3,0,A,1,1.0,14,1.0
-I_e4mIh0yE$_$3,1,A,1,1.0,59,1.0
-I_e4mIh0yE$_$3,2,A,1,1.0,14,0.9999999999999998
-I_e4mIh0yE$_$3,3,A,1,1.0,19,0.9999999999999999
-I_e4mIh0yE$_$3,4,A,1,1.0,142,1.0
-I_e4mIh0yE$_$3,5,A,1,1.0,31,1.0000000000000002
-I_e4mIh0yE$_$3,6,A,1,1.0,32,1.0
-I_e4mIh0yE$_$3,7,A,1,1.0,51,1.0
-I_e4mIh0yE$_$3,8,A,1,1.0,16,1.0
-I_e4mIh0yE$_$3,9,A,1,1.0,8,1.0
-I_e4mIh0yE$_$3,10,A,1,1.0,23,0.9999999999999998
-I_e4mIh0yE$_$3,11,A,1,1.0,6,1.0
-I_e4mIh0yE$_$3,12,A,1,1.0,14,1.0
-I_e4mIh0yE$_$3,13,A,1,1.0,26,1.0
-I_e4mIh0yE$_$3,14,A,1,1.0,10,1.0
-I_e4mIh0yE$_$3,15,A,1,1.0,12,1.0
-I_e4mIh0yE$_$3,16,A,1,1.0,12,1.0000000000000002
-I_e4mIh0yE$_$3,17,A,1,1.0,22,0.9999999999999998
-I_e4mIh0yE$_$3,18,A,1,1.0,18,0.9999999999999999
-I_e4mIh0yE$_$3,19,A,1,1.0,10,1.0
-I_e4mIh0yE$_$3,20,A,1,1.0,36,0.9999999999999999
-I_e4mIh0yE$_$3,21,A,1,1.0,37,0.9999999999999999
-MeTTeMJBNc$_$0,0,A,1,1.0,30,1.0000000000000002
-MeTTeMJBNc$_$0,1,A,1,1.0,18,1.0
-MeTTeMJBNc$_$0,2,A,1,1.0,48,1.0
-MeTTeMJBNc$_$0,3,A,1,1.0,10,1.0
-MeTTeMJBNc$_$0,4,A,1,1.0,20,1.0
-MeTTeMJBNc$_$0,5,A,1,1.0,37,1.0
-MeTTeMJBNc$_$0,6,A,1,1.0,24,0.9999999999999999
-MeTTeMJBNc$_$0,7,A,1,1.0,24,1.0
-MeTTeMJBNc$_$0,8,A,1,1.0,32,1.0
-MeTTeMJBNc$_$0,9,A,1,1.0,19,0.9999999999999999
-MeTTeMJBNc$_$0,10,A,1,1.0,30,1.0
-MeTTeMJBNc$_$0,11,A,1,1.0,34,1.0
-MeTTeMJBNc$_$0,12,A,1,1.0,24,0.9999999999999999
-MeTTeMJBNc$_$0,13,A,1,1.0,36,0.9999999999999999
-MeTTeMJBNc$_$0,14,A,1,1.0,39,1.0000000000000002
-MeTTeMJBNc$_$0,15,A,1,1.0,10,1.0
-MeTTeMJBNc$_$0,16,A,1,1.0,10,1.0
-MeTTeMJBNc$_$0,17,A,1,1.0,81,1.0
-MeTTeMJBNc$_$0,18,A,1,1.0,10,1.0
-MeTTeMJBNc$_$0,19,A,1,1.0,12,1.0
-MeTTeMJBNc$_$0,20,A,1,1.0,47,0.9999999999999999
-MeTTeMJBNc$_$13,0,A,1,1.0,14,0.9999999999999999
-MeTTeMJBNc$_$13,1,A,1,1.0,35,1.0
-MeTTeMJBNc$_$13,2,A,1,1.0,25,1.0000000000000002
-MeTTeMJBNc$_$13,3,A,1,1.0,12,0.9999999999999999
-MeTTeMJBNc$_$13,4,A,1,1.0,16,1.0
-MeTTeMJBNc$_$13,5,A,1,1.0,4,1.0
-MeTTeMJBNc$_$13,6,A,1,1.0,41,1.0
-MeTTeMJBNc$_$13,7,A,1,1.0,61,0.9999999999999999
-MeTTeMJBNc$_$13,8,A,1,1.0,11,1.0000000000000002
-MeTTeMJBNc$_$13,9,A,1,1.0,14,1.0
-MeTTeMJBNc$_$13,10,A,1,1.0,14,1.0
-MeTTeMJBNc$_$13,11,A,1,1.0,41,1.0
-MeTTeMJBNc$_$13,12,A,1,1.0,12,1.0
-MeTTeMJBNc$_$13,13,A,1,1.0,39,0.9999999999999999
-MeTTeMJBNc$_$7,0,A,1,1.0,24,1.0
-MeTTeMJBNc$_$7,1,A,1,1.0,14,0.9999999999999998
-MeTTeMJBNc$_$7,2,A,1,1.0,21,1.0
-MeTTeMJBNc$_$7,3,A,1,1.0,34,1.0
-MeTTeMJBNc$_$7,4,A,1,1.0,6,1.0
-MeTTeMJBNc$_$7,5,A,1,1.0,41,0.9999999999999999
-MeTTeMJBNc$_$7,6,A,1,1.0,10,1.0
-MeTTeMJBNc$_$7,7,A,1,1.0,12,1.0
-MeTTeMJBNc$_$7,8,A,1,1.0,38,1.0000000000000002
-MeTTeMJBNc$_$7,9,A,1,1.0,32,1.0
-MeTTeMJBNc$_$7,10,A,1,1.0,18,0.9999999999999999
-MeTTeMJBNc$_$7,11,A,1,1.0,49,1.0
-MeTTeMJBNc$_$7,12,A,1,1.0,12,1.0
-MeTTeMJBNc$_$7,13,A,1,1.0,47,1.0000000000000002
-MeTTeMJBNc$_$7,14,A,1,1.0,8,1.0
-MeTTeMJBNc$_$7,15,A,1,1.0,16,1.0
-MeTTeMJBNc$_$7,16,A,1,1.0,40,1.0
-MeTTeMJBNc$_$7,17,A,1,1.0,8,1.0
-MeTTeMJBNc$_$7,18,A,1,1.0,26,1.0
-MeTTeMJBNc$_$7,19,A,1,1.0,20,1.0
-MeTTeMJBNc$_$7,20,A,1,1.0,4,1.0
-MeTTeMJBNc$_$7,21,A,1,1.0,44,1.0
-MeTTeMJBNc$_$7,22,A,1,1.0,44,1.0000000000000002
-MeTTeMJBNc$_$7,23,A,1,1.0,12,0.9999999999999999
-MeTTeMJBNc$_$7,24,A,1,1.0,12,1.0
-MeTTeMJBNc$_$7,25,A,1,1.0,6,1.0
-MeTTeMJBNc$_$7,26,A,1,1.0,16,1.0
-MeTTeMJBNc$_$7,27,A,1,1.0,8,1.0
-MeTTeMJBNc$_$7,28,A,1,1.0,6,1.0
-MeTTeMJBNc$_$7,29,A,1,1.0,40,1.0
-MeTTeMJBNc$_$7,30,A,1,1.0,44,1.0
-NFrJFQijFE$_$1,0,A,0,0.0,0,0.0
-NFrJFQijFE$_$1,1,A,0,0.0,0,0.0
-NFrJFQijFE$_$1,2,A,0,0.0,0,0.0
-NFrJFQijFE$_$1,3,A,0,0.0,0,0.0
-NFrJFQijFE$_$1,4,A,0,0.0,0,0.0
-NFrJFQijFE$_$1,5,A,0,0.0,0,0.0
-NFrJFQijFE$_$1,6,A,0,0.0,0,0.0
-NFrJFQijFE$_$1,7,A,0,0.0,0,0.0
-NFrJFQijFE$_$1,8,A,0,0.0,0,0.0
-NFrJFQijFE$_$1,9,A,0,0.0,0,0.0
-NFrJFQijFE$_$1,10,A,0,0.0,0,0.0
-NFrJFQijFE$_$1,11,A,0,0.0,0,0.0
-NFrJFQijFE$_$1,12,A,0,0.0,0,0.0
-NFrJFQijFE$_$1,13,A,0,0.0,0,0.0
-NFrJFQijFE$_$1,14,A,0,0.0,0,0.0
-NFrJFQijFE$_$1,15,A,0,0.0,0,0.0
-NFrJFQijFE$_$2,0,A,0,0.0,0,0.0
-NFrJFQijFE$_$2,1,A,0,0.0,0,0.0
-NFrJFQijFE$_$2,2,A,0,0.0,0,0.0
-NFrJFQijFE$_$2,3,A,0,0.0,0,0.0
-NFrJFQijFE$_$2,4,A,0,0.0,0,0.0
-NFrJFQijFE$_$2,5,A,0,0.0,0,0.0
-NFrJFQijFE$_$2,6,A,0,0.0,0,0.0
-NFrJFQijFE$_$2,7,A,0,0.0,0,0.0
-NFrJFQijFE$_$2,8,A,0,0.0,0,0.0
-NFrJFQijFE$_$2,9,A,0,0.0,0,0.0
-NFrJFQijFE$_$2,10,A,0,0.0,0,0.0
-NFrJFQijFE$_$2,11,A,0,0.0,0,0.0
-NFrJFQijFE$_$2,12,A,0,0.0,0,0.0
-NFrJFQijFE$_$2,13,A,0,0.0,0,0.0
-NFrJFQijFE$_$2,14,A,0,0.0,0,0.0
-NFrJFQijFE$_$2,15,A,0,0.0,0,0.0
-NFrJFQijFE$_$2,16,A,0,0.0,0,0.0
-NFrJFQijFE$_$2,17,A,0,0.0,0,0.0
-RfYyzHpjk4$_$11,0,A,1,1.0,27,1.0
-RfYyzHpjk4$_$11,1,A,1,1.0,19,1.0
-RfYyzHpjk4$_$11,2,A,1,1.0,14,1.0
-RfYyzHpjk4$_$11,3,A,1,1.0,25,1.0
-RfYyzHpjk4$_$11,4,A,1,1.0,27,1.0
-RfYyzHpjk4$_$11,5,A,1,1.0,12,1.0
-RfYyzHpjk4$_$11,6,A,1,1.0,18,1.0
-RfYyzHpjk4$_$11,7,A,1,1.0,15,0.9999999999999999
-RfYyzHpjk4$_$11,8,A,1,1.0,29,1.0
-RfYyzHpjk4$_$11,9,A,1,1.0,35,1.0
-RfYyzHpjk4$_$11,10,A,1,1.0,27,1.0
-RfYyzHpjk4$_$11,11,A,1,1.0,12,0.9999999999999999
-RfYyzHpjk4$_$11,12,A,1,1.0,13,0.9999999999999999
-RfYyzHpjk4$_$11,13,A,1,1.0,14,0.9999999999999999
-RfYyzHpjk4$_$11,14,A,1,1.0,4,0.9999999999999999
-RfYyzHpjk4$_$11,15,A,1,1.0,16,0.9999999999999999
-RfYyzHpjk4$_$11,16,A,1,1.0,25,1.0
-RfYyzHpjk4$_$2,0,A,1,1.0,12,1.0
-RfYyzHpjk4$_$2,1,A,1,1.0,14,1.0000000000000002
-RfYyzHpjk4$_$2,2,A,1,1.0,16,1.0
-RfYyzHpjk4$_$2,3,A,1,1.0,6,1.0
-RfYyzHpjk4$_$2,4,A,1,1.0,36,1.0
-RfYyzHpjk4$_$2,5,A,1,1.0,21,1.0
-RfYyzHpjk4$_$2,6,A,1,1.0,12,1.0
-RfYyzHpjk4$_$2,7,A,1,1.0,8,1.0
-RfYyzHpjk4$_$2,8,A,1,1.0,25,1.0
-RfYyzHpjk4$_$2,9,A,1,1.0,24,1.0
-RfYyzHpjk4$_$2,10,A,1,1.0,6,1.0
-RfYyzHpjk4$_$2,11,A,1,1.0,14,1.0000000000000002
-RfYyzHpjk4$_$2,12,A,1,1.0,8,1.0
-RfYyzHpjk4$_$2,13,A,1,1.0,31,1.0000000000000002
-RfYyzHpjk4$_$2,14,A,1,1.0,12,0.9999999999999999
-RfYyzHpjk4$_$2,15,A,1,1.0,12,1.0
-RfYyzHpjk4$_$2,16,A,1,1.0,3,1.0
-RfYyzHpjk4$_$2,17,A,1,1.0,16,1.0
-RfYyzHpjk4$_$2,18,A,1,1.0,6,1.0
-RfYyzHpjk4$_$2,19,A,1,1.0,37,1.0000000000000002
-RfYyzHpjk4$_$2,20,A,1,1.0,14,0.9999999999999999
-RfYyzHpjk4$_$2,21,A,1,1.0,27,1.0
-RfYyzHpjk4$_$2,22,A,1,1.0,22,1.0
-RfYyzHpjk4$_$2,23,A,1,1.0,10,1.0
-RfYyzHpjk4$_$2,24,A,1,1.0,18,1.0
-RfYyzHpjk4$_$8,0,A,1,1.0,14,0.9999999999999999
-RfYyzHpjk4$_$8,1,A,1,1.0,30,1.0
-RfYyzHpjk4$_$8,2,A,1,1.0,28,1.0
-RfYyzHpjk4$_$8,3,A,1,1.0,22,1.0
-RfYyzHpjk4$_$8,4,A,1,1.0,10,1.0
-RfYyzHpjk4$_$8,5,A,1,1.0,16,1.0
-RfYyzHpjk4$_$8,6,A,1,1.0,10,1.0
-RfYyzHpjk4$_$8,7,A,1,1.0,18,1.0
-RfYyzHpjk4$_$8,8,A,1,1.0,12,1.0
-RfYyzHpjk4$_$8,9,A,1,1.0,10,1.0
-RfYyzHpjk4$_$8,10,A,1,1.0,22,1.0
-RfYyzHpjk4$_$8,11,A,1,1.0,14,1.0
-RfYyzHpjk4$_$8,12,A,1,1.0,19,1.0
-RfYyzHpjk4$_$8,13,A,1,1.0,28,1.0
-RfYyzHpjk4$_$8,14,A,1,1.0,22,1.0
-RfYyzHpjk4$_$8,15,A,1,1.0,8,1.0
-RfYyzHpjk4$_$8,16,A,1,1.0,31,0.9999999999999999
-THoVjtIkeU$_$12,0,A,1,1.0,16,1.0
-THoVjtIkeU$_$12,1,A,1,1.0,18,0.9999999999999999
-THoVjtIkeU$_$12,2,A,1,1.0,12,1.0
-THoVjtIkeU$_$12,3,A,1,1.0,19,1.0
-THoVjtIkeU$_$12,4,A,1,1.0,10,1.0
-THoVjtIkeU$_$12,5,A,1,1.0,42,1.0
-THoVjtIkeU$_$12,6,A,1,1.0,22,0.9999999999999999
-THoVjtIkeU$_$12,7,A,1,1.0,8,0.9999999999999999
-THoVjtIkeU$_$12,8,A,1,1.0,14,1.0
-THoVjtIkeU$_$12,9,A,1,1.0,36,1.0
-THoVjtIkeU$_$12,10,A,1,1.0,9,1.0
-THoVjtIkeU$_$12,11,A,1,1.0,18,1.0
-THoVjtIkeU$_$12,12,A,1,1.0,8,1.0
-THoVjtIkeU$_$12,13,A,1,1.0,16,1.0
-THoVjtIkeU$_$12,14,A,1,1.0,52,1.0
-THoVjtIkeU$_$12,15,A,1,1.0,14,0.9999999999999999
-THoVjtIkeU$_$12,16,A,1,1.0,32,1.0
-THoVjtIkeU$_$12,17,A,1,1.0,8,1.0
-THoVjtIkeU$_$12,18,A,1,1.0,46,0.9999999999999999
-THoVjtIkeU$_$12,19,A,1,1.0,8,1.0
-THoVjtIkeU$_$12,20,A,1,1.0,22,0.9999999999999998
-THoVjtIkeU$_$12,21,A,1,1.0,56,0.9999999999999999
-THoVjtIkeU$_$12,22,A,1,1.0,73,1.0
-THoVjtIkeU$_$12,23,A,1,1.0,30,1.0000000000000002
-THoVjtIkeU$_$12,24,A,1,1.0,38,0.9999999999999998
-THoVjtIkeU$_$12,25,A,1,1.0,20,1.0
-THoVjtIkeU$_$12,26,A,1,1.0,10,1.0
-THoVjtIkeU$_$12,27,A,1,1.0,42,1.0
-THoVjtIkeU$_$12,28,A,1,1.0,8,1.0
-THoVjtIkeU$_$12,29,A,1,1.0,7,0.9999999999999999
-THoVjtIkeU$_$12,30,A,1,1.0,12,1.0
-THoVjtIkeU$_$12,31,A,1,1.0,50,1.0
-THoVjtIkeU$_$12,32,A,1,1.0,10,1.0
-THoVjtIkeU$_$12,33,A,1,1.0,28,1.0
-THoVjtIkeU$_$12,34,A,1,1.0,12,1.0
-THoVjtIkeU$_$12,35,A,1,1.0,15,1.0
-THoVjtIkeU$_$12,36,A,1,1.0,22,0.9999999999999999
-THoVjtIkeU$_$12,37,A,1,1.0,6,0.9999999999999999
-THoVjtIkeU$_$12,38,A,1,1.0,48,1.0
-THoVjtIkeU$_$2,0,A,1,1.0,8,1.0
-THoVjtIkeU$_$2,1,A,1,1.0,26,1.0
-THoVjtIkeU$_$2,2,A,1,1.0,26,1.0
-THoVjtIkeU$_$2,3,A,1,1.0,35,1.0
-THoVjtIkeU$_$2,4,A,1,1.0,10,1.0
-THoVjtIkeU$_$2,5,A,1,1.0,42,1.0
-THoVjtIkeU$_$2,6,A,1,1.0,43,1.0
-THoVjtIkeU$_$2,7,A,1,1.0,18,1.0
-THoVjtIkeU$_$2,8,A,1,1.0,22,1.0
-THoVjtIkeU$_$2,9,A,1,1.0,36,1.0
-THoVjtIkeU$_$6,0,A,1,1.0,10,1.0
-THoVjtIkeU$_$6,1,A,1,1.0,14,1.0
-THoVjtIkeU$_$6,2,A,1,1.0,18,1.0
-THoVjtIkeU$_$6,3,A,1,1.0,4,1.0
-THoVjtIkeU$_$6,4,A,1,1.0,18,0.9999999999999999
-THoVjtIkeU$_$6,5,A,1,1.0,42,1.0
-THoVjtIkeU$_$6,6,A,1,1.0,8,1.0
-THoVjtIkeU$_$6,7,A,1,1.0,20,1.0
-THoVjtIkeU$_$6,8,A,1,1.0,34,1.0000000000000002
-THoVjtIkeU$_$6,9,A,1,1.0,36,1.0
-THoVjtIkeU$_$6,10,A,1,1.0,10,1.0
-THoVjtIkeU$_$6,11,A,1,1.0,16,1.0
-THoVjtIkeU$_$6,12,A,1,1.0,16,1.0
-THoVjtIkeU$_$6,13,A,1,1.0,16,1.0
-THoVjtIkeU$_$6,14,A,1,1.0,10,1.0
-THoVjtIkeU$_$6,15,A,1,1.0,24,1.0
-THoVjtIkeU$_$6,16,A,1,1.0,28,1.0
-THoVjtIkeU$_$6,17,A,1,1.0,14,0.9999999999999999
-THoVjtIkeU$_$6,18,A,1,1.0,8,0.9999999999999999
-THoVjtIkeU$_$6,19,A,1,1.0,12,1.0000000000000002
-THoVjtIkeU$_$6,20,A,1,1.0,22,0.9999999999999998
-THoVjtIkeU$_$6,21,A,1,1.0,14,1.0
-THoVjtIkeU$_$6,22,A,1,1.0,24,0.9999999999999999
-THoVjtIkeU$_$6,23,A,1,1.0,10,1.0
-THoVjtIkeU$_$6,24,A,1,1.0,32,1.0
-THoVjtIkeU$_$6,25,A,1,1.0,10,1.0
-THoVjtIkeU$_$6,26,A,1,1.0,10,1.0
-THoVjtIkeU$_$6,27,A,1,1.0,39,1.0000000000000002
-THoVjtIkeU$_$6,28,A,1,1.0,6,1.0
-THoVjtIkeU$_$6,29,A,1,1.0,26,1.0
-UUCSKoHeMA$_$0,0,A,1,1.0,8,1.0
-UUCSKoHeMA$_$0,1,A,1,1.0,40,1.0
-UUCSKoHeMA$_$0,2,A,1,1.0,4,1.0
-UUCSKoHeMA$_$0,3,A,1,1.0,36,1.0
-UUCSKoHeMA$_$0,4,A,1,1.0,10,1.0
-UUCSKoHeMA$_$0,5,A,1,1.0,10,1.0
-UUCSKoHeMA$_$0,6,A,1,1.0,35,0.9999999999999999
-UUCSKoHeMA$_$0,7,A,1,1.0,36,1.0
-UUCSKoHeMA$_$0,8,A,1,1.0,30,0.9999999999999999
-UUCSKoHeMA$_$0,9,A,1,1.0,102,1.0000000000000002
-UUCSKoHeMA$_$0,10,A,1,1.0,10,1.0
-UUCSKoHeMA$_$0,11,A,1,1.0,4,1.0
-UUCSKoHeMA$_$0,12,A,1,1.0,12,1.0
-UUCSKoHeMA$_$0,13,A,1,1.0,8,1.0
-UUCSKoHeMA$_$0,14,A,1,1.0,26,0.9999999999999999
-UUCSKoHeMA$_$0,15,A,1,1.0,29,0.9999999999999999
-UUCSKoHeMA$_$0,16,A,1,1.0,18,0.9999999999999999
-UUCSKoHeMA$_$0,17,A,1,1.0,51,1.0
-UacrmKiTn4$_$10,0,A,1,1.0,33,1.0
-UacrmKiTn4$_$10,1,A,1,1.0,10,1.0
-UacrmKiTn4$_$10,2,A,1,1.0,18,0.9999999999999999
-UacrmKiTn4$_$10,3,A,1,1.0,10,1.0000000000000002
-UacrmKiTn4$_$10,4,A,1,1.0,30,1.0000000000000002
-UacrmKiTn4$_$10,5,A,1,1.0,8,1.0
-UacrmKiTn4$_$10,6,A,1,1.0,18,0.9999999999999999
-UacrmKiTn4$_$10,7,A,1,1.0,18,1.0
-UacrmKiTn4$_$10,8,A,1,1.0,22,0.9999999999999998
-UacrmKiTn4$_$10,9,A,1,1.0,71,0.9999999999999999
-UacrmKiTn4$_$10,10,A,1,1.0,24,1.0
-UacrmKiTn4$_$10,11,A,1,1.0,33,0.9999999999999999
-UacrmKiTn4$_$10,12,A,1,1.0,8,0.9999999999999999
-UacrmKiTn4$_$10,13,A,1,1.0,63,1.0
-UacrmKiTn4$_$10,14,A,1,1.0,16,1.0
-UacrmKiTn4$_$10,15,A,1,1.0,22,0.9999999999999999
-UacrmKiTn4$_$10,16,A,1,1.0,16,0.9999999999999998
-UacrmKiTn4$_$10,17,A,1,1.0,10,1.0
-UacrmKiTn4$_$4,0,A,1,1.0,23,1.0
-UacrmKiTn4$_$4,1,A,1,1.0,24,1.0
-UacrmKiTn4$_$4,2,A,1,1.0,10,1.0
-UacrmKiTn4$_$4,3,A,1,1.0,16,1.0
-UacrmKiTn4$_$4,4,A,1,1.0,14,0.9999999999999998
-UacrmKiTn4$_$4,5,A,1,1.0,59,0.9999999999999998
-UacrmKiTn4$_$4,6,A,1,1.0,14,0.9999999999999999
-UacrmKiTn4$_$4,7,A,1,1.0,10,1.0
-UacrmKiTn4$_$4,8,A,1,1.0,18,1.0
-UacrmKiTn4$_$4,9,A,1,1.0,28,0.9999999999999998
-UacrmKiTn4$_$4,10,A,1,1.0,10,1.0
-UacrmKiTn4$_$4,11,A,1,1.0,22,1.0000000000000002
-UacrmKiTn4$_$4,12,A,1,1.0,10,1.0
-UacrmKiTn4$_$4,13,A,1,1.0,61,0.9999999999999998
-UuX1xuaiiE$_$0,0,A,1,1.0,12,1.0
-UuX1xuaiiE$_$0,1,A,1,1.0,51,1.0
-UuX1xuaiiE$_$0,2,A,1,1.0,14,1.0000000000000002
-UuX1xuaiiE$_$0,3,A,1,1.0,22,1.0
-UuX1xuaiiE$_$0,4,A,1,1.0,18,1.0
-UuX1xuaiiE$_$0,5,A,1,1.0,78,1.0000000000000002
-UuX1xuaiiE$_$0,6,A,1,1.0,10,1.0
-UuX1xuaiiE$_$0,7,A,1,1.0,14,1.0
-UuX1xuaiiE$_$0,8,A,1,1.0,45,0.9999999999999998
-UuX1xuaiiE$_$1,0,A,1,1.0,34,1.0
-UuX1xuaiiE$_$1,1,A,1,1.0,16,1.0
-UuX1xuaiiE$_$1,2,A,1,1.0,8,0.9999999999999999
-UuX1xuaiiE$_$1,3,A,1,1.0,16,1.0
-UuX1xuaiiE$_$1,4,A,1,1.0,10,1.0
-UuX1xuaiiE$_$1,5,A,1,1.0,29,1.0000000000000002
-UuX1xuaiiE$_$1,6,A,1,1.0,24,1.0
-UuX1xuaiiE$_$1,7,A,1,1.0,20,1.0
-UuX1xuaiiE$_$1,8,A,1,1.0,12,1.0
-UuX1xuaiiE$_$1,9,A,1,1.0,64,1.0
-UuX1xuaiiE$_$1,10,A,1,1.0,66,1.0
-UuX1xuaiiE$_$1,11,A,1,1.0,30,1.0
-UuX1xuaiiE$_$1,12,A,1,1.0,30,1.0
-UuX1xuaiiE$_$1,13,A,1,1.0,44,1.0
-UuX1xuaiiE$_$1,14,A,1,1.0,32,1.0
-UuX1xuaiiE$_$1,15,A,1,1.0,26,1.0
-UuX1xuaiiE$_$1,16,A,1,1.0,4,1.0
-UuX1xuaiiE$_$1,17,A,1,1.0,22,1.0
-UuX1xuaiiE$_$1,18,A,1,1.0,16,0.9999999999999998
-UuX1xuaiiE$_$1,19,A,1,1.0,24,1.0
-UuX1xuaiiE$_$1,20,A,1,1.0,26,1.0
-UuX1xuaiiE$_$1,21,A,1,1.0,46,1.0
-UuX1xuaiiE$_$1,22,A,1,1.0,41,0.9999999999999999
-UuX1xuaiiE$_$1,23,A,1,1.0,10,1.0
-UuX1xuaiiE$_$1,24,A,1,1.0,36,1.0
-UuX1xuaiiE$_$1,25,A,1,1.0,16,1.0
-UuX1xuaiiE$_$1,26,A,1,1.0,24,1.0
-UuX1xuaiiE$_$3,0,A,1,1.0,12,1.0
-UuX1xuaiiE$_$3,1,A,1,1.0,32,1.0
-UuX1xuaiiE$_$3,2,A,1,1.0,14,1.0
-UuX1xuaiiE$_$3,3,A,1,1.0,25,1.0
-UuX1xuaiiE$_$3,4,A,1,1.0,37,1.0
-UuX1xuaiiE$_$3,5,A,1,1.0,6,1.0
-UuX1xuaiiE$_$3,6,A,1,1.0,24,1.0
-UuX1xuaiiE$_$3,7,A,1,1.0,27,0.9999999999999999
-UuX1xuaiiE$_$3,8,A,1,1.0,28,1.0000000000000002
-UuX1xuaiiE$_$6,0,A,1,1.0,6,1.0
-UuX1xuaiiE$_$6,1,A,1,1.0,18,0.9999999999999998
-UuX1xuaiiE$_$6,2,A,1,1.0,8,1.0
-UuX1xuaiiE$_$6,3,A,1,1.0,20,1.0
-UuX1xuaiiE$_$6,4,A,1,1.0,8,1.0
-UuX1xuaiiE$_$6,5,A,1,1.0,23,1.0000000000000002
-UuX1xuaiiE$_$6,6,A,1,1.0,29,1.0
-UuX1xuaiiE$_$6,7,A,1,1.0,8,1.0
-UuX1xuaiiE$_$6,8,A,1,1.0,22,1.0000000000000002
-UuX1xuaiiE$_$6,9,A,1,1.0,45,1.0
-UuX1xuaiiE$_$6,10,A,1,1.0,12,1.0
-UuX1xuaiiE$_$6,11,A,1,1.0,6,1.0
-UuX1xuaiiE$_$6,12,A,1,1.0,44,0.9999999999999998
-UuX1xuaiiE$_$6,13,A,1,1.0,134,1.0
-UuX1xuaiiE$_$6,14,A,1,1.0,65,1.0
-UuX1xuaiiE$_$6,15,A,1,1.0,25,1.0
-UuX1xuaiiE$_$6,16,A,1,1.0,18,0.9999999999999999
-UuX1xuaiiE$_$6,17,A,1,1.0,29,1.0
-UuX1xuaiiE$_$6,18,A,1,1.0,8,1.0
-UuX1xuaiiE$_$6,19,A,1,1.0,21,1.0
-UuX1xuaiiE$_$6,20,A,1,1.0,20,1.0
-UuX1xuaiiE$_$6,21,A,1,1.0,37,1.0
-a55Q6RWvTA$_$3,0,A,1,1.0,16,1.0
-a55Q6RWvTA$_$3,1,A,1,1.0,18,1.0
-a55Q6RWvTA$_$3,2,A,1,1.0,24,1.0
-a55Q6RWvTA$_$3,3,A,1,1.0,30,0.9999999999999999
-a55Q6RWvTA$_$3,4,A,1,1.0,86,1.0
-a55Q6RWvTA$_$3,5,A,1,1.0,10,1.0
-a55Q6RWvTA$_$3,6,A,1,1.0,16,1.0
-a55Q6RWvTA$_$3,7,A,1,1.0,26,1.0
-a55Q6RWvTA$_$3,8,A,1,1.0,14,1.0
-a55Q6RWvTA$_$3,9,A,1,1.0,14,1.0000000000000002
-a55Q6RWvTA$_$3,10,A,1,1.0,16,1.0
-a55Q6RWvTA$_$3,11,A,1,1.0,44,1.0000000000000002
-a55Q6RWvTA$_$3,12,A,1,1.0,12,1.0
-a55Q6RWvTA$_$3,13,A,1,1.0,52,0.9999999999999998
-a55Q6RWvTA$_$3,14,A,1,1.0,12,1.0
-a55Q6RWvTA$_$3,15,A,1,1.0,22,1.0000000000000002
-a55Q6RWvTA$_$3,16,A,1,1.0,6,1.0
-a55Q6RWvTA$_$3,17,A,1,1.0,16,1.0
-a55Q6RWvTA$_$3,18,A,1,1.0,46,0.9999999999999999
-a55Q6RWvTA$_$3,19,A,1,1.0,12,1.0
-a55Q6RWvTA$_$3,20,A,1,1.0,20,1.0
-a55Q6RWvTA$_$3,21,A,1,1.0,10,1.0
-a55Q6RWvTA$_$3,22,A,1,1.0,22,0.9999999999999999
-a55Q6RWvTA$_$3,23,A,1,1.0,12,0.9999999999999999
-a55Q6RWvTA$_$3,24,A,1,1.0,36,1.0
-a55Q6RWvTA$_$3,25,A,1,1.0,10,1.0
-a55Q6RWvTA$_$3,26,A,1,1.0,28,0.9999999999999999
-a55Q6RWvTA$_$3,27,A,1,1.0,20,0.9999999999999999
-a55Q6RWvTA$_$3,28,A,1,1.0,30,1.0
-a55Q6RWvTA$_$3,29,A,1,1.0,18,0.9999999999999999
-a55Q6RWvTA$_$3,30,A,1,1.0,26,0.9999999999999999
-a55Q6RWvTA$_$3,31,A,1,1.0,24,1.0
-a55Q6RWvTA$_$3,32,A,1,1.0,14,1.0
-a55Q6RWvTA$_$3,33,A,1,1.0,22,0.9999999999999999
-a55Q6RWvTA$_$3,34,A,1,1.0,22,0.9999999999999999
-a55Q6RWvTA$_$3,35,A,1,1.0,8,1.0
-a55Q6RWvTA$_$3,36,A,1,1.0,24,1.0000000000000002
-a55Q6RWvTA$_$3,37,A,1,1.0,12,1.0
-a55Q6RWvTA$_$3,38,A,1,1.0,103,0.9999999999999998
-a55Q6RWvTA$_$3,39,A,1,1.0,32,0.9999999999999999
-a55Q6RWvTA$_$3,40,A,1,1.0,6,1.0
-a55Q6RWvTA$_$3,41,A,1,1.0,130,0.9999999999999999
-a55Q6RWvTA$_$3,42,A,1,1.0,26,0.9999999999999999
-a55Q6RWvTA$_$3,43,A,1,1.0,14,1.0000000000000002
-a55Q6RWvTA$_$3,44,A,1,1.0,4,1.0
-a55Q6RWvTA$_$3,45,A,1,1.0,24,1.0
-a55Q6RWvTA$_$3,46,A,1,1.0,34,1.0
-a55Q6RWvTA$_$3,47,A,1,1.0,10,1.0
-a55Q6RWvTA$_$3,48,A,1,1.0,6,1.0
-a55Q6RWvTA$_$3,49,A,1,1.0,24,1.0
-a55Q6RWvTA$_$3,50,A,1,1.0,58,1.0
-a55Q6RWvTA$_$3,51,A,1,1.0,60,0.9999999999999999
-a55Q6RWvTA$_$3,52,A,1,1.0,8,1.0
-a55Q6RWvTA$_$3,53,A,1,1.0,32,1.0
-a55Q6RWvTA$_$3,54,A,1,1.0,20,1.0
-a55Q6RWvTA$_$3,55,A,1,1.0,8,1.0
-a55Q6RWvTA$_$3,56,A,1,1.0,15,1.0
-a55Q6RWvTA$_$3,57,A,1,1.0,42,1.0
-a55Q6RWvTA$_$3,58,A,1,1.0,16,1.0
-a55Q6RWvTA$_$3,59,A,1,1.0,20,1.0000000000000002
-a55Q6RWvTA$_$3,60,A,1,1.0,16,1.0
-a55Q6RWvTA$_$3,61,A,1,1.0,52,1.0000000000000002
-a55Q6RWvTA$_$3,62,A,1,1.0,38,1.0000000000000002
-a55Q6RWvTA$_$3,63,A,1,1.0,30,1.0000000000000002
-a55Q6RWvTA$_$3,64,A,1,1.0,36,1.0
-aNfi7CP8vM$_$7,0,A,1,1.0,106,0.9999999999999999
-aNfi7CP8vM$_$7,1,A,1,1.0,18,1.0
-aNfi7CP8vM$_$7,2,A,1,1.0,14,0.9999999999999999
-aNfi7CP8vM$_$7,3,A,1,1.0,16,1.0
-aNfi7CP8vM$_$7,4,A,1,1.0,47,0.9999999999999999
-aNfi7CP8vM$_$7,5,A,1,1.0,35,0.9999999999999999
-aNfi7CP8vM$_$7,6,A,1,1.0,87,1.0000000000000002
-aNfi7CP8vM$_$7,7,A,1,1.0,22,1.0
-aNfi7CP8vM$_$7,8,A,1,1.0,16,0.9999999999999998
-aNfi7CP8vM$_$7,9,A,1,1.0,42,1.0
-aNfi7CP8vM$_$7,10,A,1,1.0,6,1.0
-aNfi7CP8vM$_$7,11,A,1,1.0,63,0.9999999999999999
-aNfi7CP8vM$_$7,12,A,1,1.0,14,1.0
-aNfi7CP8vM$_$7,13,A,1,1.0,18,0.9999999999999999
-aNfi7CP8vM$_$7,14,A,1,1.0,21,0.9999999999999999
-aNfi7CP8vM$_$7,15,A,1,1.0,24,0.9999999999999999
-aNfi7CP8vM$_$7,16,A,1,1.0,27,1.0
-aNfi7CP8vM$_$7,17,A,1,1.0,69,0.9999999999999999
-aqamKhZ1Ec$_$0,0,A,1,1.0,69,1.0
-aqamKhZ1Ec$_$0,1,A,1,1.0,146,1.0
-aqamKhZ1Ec$_$0,2,A,1,1.0,16,1.0
-aqamKhZ1Ec$_$0,3,A,1,1.0,16,1.0
-aqamKhZ1Ec$_$0,4,A,1,1.0,32,1.0
-aqamKhZ1Ec$_$0,5,A,1,1.0,48,1.0
-aqamKhZ1Ec$_$0,6,A,1,1.0,45,0.9999999999999999
-aqamKhZ1Ec$_$0,7,A,1,1.0,52,0.9999999999999999
-aqamKhZ1Ec$_$0,8,A,1,1.0,12,0.9999999999999999
-aqamKhZ1Ec$_$0,9,A,1,1.0,218,1.0
-aqamKhZ1Ec$_$0,10,A,1,1.0,43,1.0
-aqamKhZ1Ec$_$0,11,A,1,1.0,6,1.0
-aqamKhZ1Ec$_$0,12,A,1,1.0,48,0.9999999999999999
-aqamKhZ1Ec$_$0,13,A,1,1.0,48,1.0
-dxfTGcXJoc$_$0,0,A,1,1.0,18,0.9999999999999999
-dxfTGcXJoc$_$0,1,A,1,1.0,10,0.9999999999999999
-dxfTGcXJoc$_$0,2,A,1,1.0,36,1.0000000000000002
-dxfTGcXJoc$_$0,3,A,1,1.0,33,0.9999999999999999
-dxfTGcXJoc$_$0,4,A,1,1.0,36,0.9999999999999999
-dxfTGcXJoc$_$0,5,A,1,1.0,10,1.0
-dxfTGcXJoc$_$0,6,A,1,1.0,28,1.0
-dxfTGcXJoc$_$0,7,A,1,1.0,51,1.0
-dxfTGcXJoc$_$0,8,A,1,1.0,12,1.0
-dxfTGcXJoc$_$0,9,A,1,1.0,32,1.0
-dxfTGcXJoc$_$0,10,A,1,1.0,10,1.0
-dxfTGcXJoc$_$0,11,A,1,1.0,34,1.0
-dxfTGcXJoc$_$0,12,A,1,1.0,10,1.0
-dxfTGcXJoc$_$0,13,A,1,1.0,20,1.0
-dxfTGcXJoc$_$0,14,A,1,1.0,20,1.0
-dxfTGcXJoc$_$0,15,A,1,1.0,98,0.9999999999999998
-dxfTGcXJoc$_$0,16,A,1,1.0,85,1.0
-dxfTGcXJoc$_$0,17,A,1,1.0,12,0.9999999999999999
-dxfTGcXJoc$_$0,18,A,1,1.0,62,0.9999999999999998
-dxfTGcXJoc$_$0,19,A,1,1.0,45,0.9999999999999999
-dxfTGcXJoc$_$0,20,A,1,1.0,10,1.0
-dxfTGcXJoc$_$0,21,A,1,1.0,18,0.9999999999999999
-dxfTGcXJoc$_$0,22,A,1,1.0,14,1.0000000000000002
-dxfTGcXJoc$_$0,23,A,1,1.0,47,0.9999999999999999
-dxfTGcXJoc$_$0,24,A,1,1.0,34,1.0
-dxfTGcXJoc$_$0,25,A,1,1.0,12,0.9999999999999999
-dxfTGcXJoc$_$0,26,A,1,1.0,22,0.9999999999999999
-dxfTGcXJoc$_$0,27,A,1,1.0,14,1.0
-dxfTGcXJoc$_$0,28,A,1,1.0,20,0.9999999999999999
-dxfTGcXJoc$_$0,29,A,1,1.0,40,1.0
-dxfTGcXJoc$_$0,30,A,1,1.0,10,0.9999999999999999
-dxfTGcXJoc$_$0,31,A,1,1.0,38,0.9999999999999998
-dxfTGcXJoc$_$0,32,A,1,1.0,28,1.0
-dxfTGcXJoc$_$0,33,A,1,1.0,95,1.0
-dxfTGcXJoc$_$0,34,A,1,1.0,12,1.0
-dxfTGcXJoc$_$0,35,A,1,1.0,87,1.0
-dxfTGcXJoc$_$0,36,A,1,1.0,10,1.0
-dxfTGcXJoc$_$0,37,A,1,1.0,103,0.9999999999999998
-dxfTGcXJoc$_$0,38,A,1,1.0,10,1.0
-dxfTGcXJoc$_$0,39,A,1,1.0,34,1.0
-dxfTGcXJoc$_$0,40,A,1,1.0,52,1.0
-dxfTGcXJoc$_$1,0,A,1,1.0,14,0.9999999999999999
-dxfTGcXJoc$_$1,1,A,1,1.0,10,1.0
-dxfTGcXJoc$_$1,2,A,1,1.0,26,1.0
-dxfTGcXJoc$_$1,3,A,1,1.0,35,1.0
-dxfTGcXJoc$_$1,4,A,1,1.0,28,1.0
-dxfTGcXJoc$_$1,5,A,1,1.0,35,1.0
-dxfTGcXJoc$_$1,6,A,1,1.0,8,1.0
-dxfTGcXJoc$_$1,7,A,1,1.0,52,1.0
-dxfTGcXJoc$_$1,8,A,1,1.0,35,1.0
-dxfTGcXJoc$_$1,9,A,1,1.0,12,1.0
-dxfTGcXJoc$_$1,10,A,1,1.0,24,1.0
-dxfTGcXJoc$_$1,11,A,1,1.0,51,1.0
-dxfTGcXJoc$_$1,12,A,1,1.0,60,1.0
-dxfTGcXJoc$_$1,13,A,1,1.0,44,1.0000000000000002
-dxfTGcXJoc$_$1,14,A,1,1.0,12,1.0
-dxfTGcXJoc$_$1,15,A,1,1.0,74,1.0
-dxfTGcXJoc$_$1,16,A,1,1.0,18,1.0
-dxfTGcXJoc$_$1,17,A,1,1.0,10,0.9999999999999999
-dxfTGcXJoc$_$1,18,A,1,1.0,64,1.0
-dxfTGcXJoc$_$1,19,A,1,1.0,10,1.0
-dxfTGcXJoc$_$1,20,A,1,1.0,14,1.0
-dxfTGcXJoc$_$1,21,A,1,1.0,36,1.0
-dxfTGcXJoc$_$1,22,A,1,1.0,50,1.0
-dxfTGcXJoc$_$1,23,A,1,1.0,56,1.0
-dxfTGcXJoc$_$1,24,A,1,1.0,52,1.0
-dxfTGcXJoc$_$1,25,A,1,1.0,18,1.0
-dxfTGcXJoc$_$1,26,A,1,1.0,12,1.0
-dxfTGcXJoc$_$1,27,A,1,1.0,10,1.0
-dxfTGcXJoc$_$1,28,A,1,1.0,18,1.0
-dxfTGcXJoc$_$1,29,A,1,1.0,22,0.9999999999999999
-dxfTGcXJoc$_$1,30,A,1,1.0,46,1.0
-dxfTGcXJoc$_$1,31,A,1,1.0,40,1.0
-dxfTGcXJoc$_$1,32,A,1,1.0,18,0.9999999999999999
-dxfTGcXJoc$_$1,33,A,1,1.0,22,1.0
-dxfTGcXJoc$_$1,34,A,1,1.0,8,1.0
-dxfTGcXJoc$_$1,35,A,1,1.0,54,1.0000000000000002
-dxfTGcXJoc$_$2,0,A,1,1.0,8,1.0
-dxfTGcXJoc$_$2,1,A,1,1.0,94,1.0
-dxfTGcXJoc$_$2,2,A,1,1.0,54,0.9999999999999998
-dxfTGcXJoc$_$2,3,A,1,1.0,68,1.0
-dxfTGcXJoc$_$2,4,A,1,1.0,60,0.9999999999999999
-dxfTGcXJoc$_$2,5,A,1,1.0,68,1.0
-dxfTGcXJoc$_$2,6,A,1,1.0,10,1.0
-dxfTGcXJoc$_$2,7,A,1,1.0,42,1.0
-dxfTGcXJoc$_$2,8,A,1,1.0,48,1.0
-dxfTGcXJoc$_$2,9,A,1,1.0,16,1.0
-dxfTGcXJoc$_$2,10,A,1,1.0,20,1.0
-dxfTGcXJoc$_$2,11,A,1,1.0,14,1.0
-dxfTGcXJoc$_$2,12,A,1,1.0,31,0.9999999999999999
-dxfTGcXJoc$_$2,13,A,1,1.0,44,1.0
-dxfTGcXJoc$_$2,14,A,1,1.0,16,1.0
-dxfTGcXJoc$_$2,15,A,1,1.0,10,1.0
-dxfTGcXJoc$_$2,16,A,1,1.0,10,1.0
-dxfTGcXJoc$_$2,17,A,1,1.0,38,1.0000000000000002
-dxfTGcXJoc$_$2,18,A,1,1.0,50,1.0
-dxfTGcXJoc$_$2,19,A,1,1.0,12,1.0
-dxfTGcXJoc$_$2,20,A,1,1.0,34,1.0
-dxfTGcXJoc$_$2,21,A,1,1.0,24,1.0
-dxfTGcXJoc$_$2,22,A,1,1.0,10,1.0
-dxfTGcXJoc$_$2,23,A,1,1.0,36,1.0000000000000002
-dxfTGcXJoc$_$2,24,A,1,1.0,56,0.9999999999999999
-dxfTGcXJoc$_$2,25,A,1,1.0,56,1.0
-dxfTGcXJoc$_$2,26,A,1,1.0,10,1.0
-dxfTGcXJoc$_$2,27,A,1,1.0,10,1.0
-dxfTGcXJoc$_$2,28,A,1,1.0,54,0.9999999999999999
-dxfTGcXJoc$_$2,29,A,1,1.0,44,0.9999999999999999
-dxfTGcXJoc$_$2,30,A,1,1.0,9,1.0
-dxfTGcXJoc$_$2,31,A,1,1.0,48,1.0
-dxfTGcXJoc$_$2,32,A,1,1.0,38,1.0000000000000002
-dxfTGcXJoc$_$2,33,A,1,1.0,76,1.0
-dxfTGcXJoc$_$6,0,A,1,1.0,52,1.0000000000000002
-dxfTGcXJoc$_$6,1,A,1,1.0,89,1.0
-dxfTGcXJoc$_$6,2,A,1,1.0,8,1.0
-dxfTGcXJoc$_$6,3,A,1,1.0,14,0.9999999999999999
-dxfTGcXJoc$_$6,4,A,1,1.0,34,0.9999999999999999
-dxfTGcXJoc$_$6,5,A,1,1.0,40,1.0
-dxfTGcXJoc$_$6,6,A,1,1.0,61,1.0
-dxfTGcXJoc$_$6,7,A,1,1.0,54,1.0
-dxfTGcXJoc$_$6,8,A,1,1.0,12,1.0
-dxfTGcXJoc$_$6,9,A,1,1.0,12,1.0
-dxfTGcXJoc$_$6,10,A,1,1.0,55,1.0
-dxfTGcXJoc$_$6,11,A,1,1.0,38,1.0
-dxfTGcXJoc$_$6,12,A,1,1.0,16,1.0
-dxfTGcXJoc$_$6,13,A,1,1.0,22,1.0
-dxfTGcXJoc$_$6,14,A,1,1.0,16,1.0
-dxfTGcXJoc$_$6,15,A,1,1.0,52,0.9999999999999999
-dxfTGcXJoc$_$6,16,A,1,1.0,48,1.0
-dxfTGcXJoc$_$6,17,A,1,1.0,10,1.0
-dxfTGcXJoc$_$6,18,A,1,1.0,75,0.9999999999999999
-dxfTGcXJoc$_$6,19,A,1,1.0,18,1.0
-dxfTGcXJoc$_$6,20,A,1,1.0,24,1.0
-dxfTGcXJoc$_$6,21,A,1,1.0,16,1.0
-dxfTGcXJoc$_$6,22,A,1,1.0,14,1.0
-dxfTGcXJoc$_$6,23,A,1,1.0,10,1.0
-dxfTGcXJoc$_$6,24,A,1,1.0,42,0.9999999999999999
-dxfTGcXJoc$_$6,25,A,1,1.0,59,1.0000000000000002
-dxfTGcXJoc$_$6,26,A,1,1.0,50,1.0
-egA8-b7-3M$_$1,0,A,1,1.0,34,1.0
-egA8-b7-3M$_$1,1,A,1,1.0,42,1.0
-egA8-b7-3M$_$1,2,A,1,1.0,6,1.0
-egA8-b7-3M$_$1,3,A,1,1.0,63,1.0
-egA8-b7-3M$_$1,4,A,1,1.0,24,1.0
-egA8-b7-3M$_$1,5,A,1,1.0,22,0.9999999999999999
-egA8-b7-3M$_$1,6,A,1,1.0,55,1.0
-egA8-b7-3M$_$1,7,A,1,1.0,42,1.0
-egA8-b7-3M$_$1,8,A,1,1.0,36,1.0000000000000002
-egA8-b7-3M$_$1,9,A,1,1.0,24,1.0
-egA8-b7-3M$_$1,10,A,1,1.0,10,1.0
-egA8-b7-3M$_$1,11,A,1,1.0,40,0.9999999999999999
-egA8-b7-3M$_$1,12,A,1,1.0,38,1.0
-egA8-b7-3M$_$1,13,A,1,1.0,14,0.9999999999999999
-egA8-b7-3M$_$1,14,A,1,1.0,26,1.0
-egA8-b7-3M$_$1,15,A,1,1.0,10,1.0
-egA8-b7-3M$_$1,16,A,1,1.0,32,0.9999999999999999
-egA8-b7-3M$_$1,17,A,1,1.0,24,1.0
-egA8-b7-3M$_$1,18,A,1,1.0,23,0.9999999999999999
-egA8-b7-3M$_$1,19,A,1,1.0,66,1.0000000000000002
-egA8-b7-3M$_$13,0,A,1,1.0,12,1.0
-egA8-b7-3M$_$13,1,A,1,1.0,11,1.0
-egA8-b7-3M$_$13,2,A,1,1.0,12,1.0
-egA8-b7-3M$_$13,3,A,1,1.0,25,1.0
-egA8-b7-3M$_$13,4,A,1,1.0,23,0.9999999999999999
-egA8-b7-3M$_$13,5,A,1,1.0,96,0.9999999999999998
-egA8-b7-3M$_$13,6,A,1,1.0,17,1.0
-egA8-b7-3M$_$13,7,A,1,1.0,25,1.0
-egA8-b7-3M$_$13,8,A,1,1.0,23,1.0000000000000002
-egA8-b7-3M$_$13,9,A,1,1.0,8,0.9999999999999999
-egA8-b7-3M$_$13,10,A,1,1.0,33,0.9999999999999999
-egA8-b7-3M$_$16,0,A,1,1.0,35,1.0
-egA8-b7-3M$_$16,1,A,1,1.0,36,1.0
-egA8-b7-3M$_$16,2,A,1,1.0,20,0.9999999999999999
-egA8-b7-3M$_$16,3,A,1,1.0,46,1.0000000000000002
-egA8-b7-3M$_$16,4,A,1,1.0,10,1.0
-egA8-b7-3M$_$16,5,A,1,1.0,57,0.9999999999999999
-egA8-b7-3M$_$16,6,A,1,1.0,12,1.0
-egA8-b7-3M$_$16,7,A,1,1.0,54,0.9999999999999999
-egA8-b7-3M$_$16,8,A,1,1.0,18,1.0
-egA8-b7-3M$_$16,9,A,1,1.0,52,0.9999999999999998
-egA8-b7-3M$_$16,10,A,1,1.0,47,1.0000000000000002
-egA8-b7-3M$_$17,0,A,1,1.0,10,1.0
-egA8-b7-3M$_$17,1,A,1,1.0,14,1.0000000000000002
-egA8-b7-3M$_$17,2,A,1,1.0,16,1.0
-egA8-b7-3M$_$17,3,A,1,1.0,20,1.0000000000000002
-egA8-b7-3M$_$17,4,A,1,1.0,70,0.9999999999999997
-egA8-b7-3M$_$17,5,A,1,1.0,16,0.9999999999999999
-egA8-b7-3M$_$17,6,A,1,1.0,14,1.0
-egA8-b7-3M$_$17,7,A,1,1.0,20,1.0
-egA8-b7-3M$_$17,8,A,1,1.0,41,0.9999999999999999
-egA8-b7-3M$_$17,9,A,1,1.0,63,1.0
-egA8-b7-3M$_$17,10,A,1,1.0,15,1.0
-egA8-b7-3M$_$17,11,A,1,1.0,16,1.0
-egA8-b7-3M$_$17,12,A,1,1.0,8,1.0
-egA8-b7-3M$_$17,13,A,1,1.0,18,1.0
-egA8-b7-3M$_$17,14,A,1,1.0,21,1.0
-egA8-b7-3M$_$17,15,A,1,1.0,39,0.9999999999999999
-egA8-b7-3M$_$18,0,A,1,1.0,10,1.0
-egA8-b7-3M$_$18,1,A,1,1.0,45,1.0
-egA8-b7-3M$_$18,2,A,1,1.0,47,1.0000000000000002
-egA8-b7-3M$_$18,3,A,1,1.0,10,1.0
-egA8-b7-3M$_$18,4,A,1,1.0,18,0.9999999999999999
-egA8-b7-3M$_$18,5,A,1,1.0,12,1.0
-egA8-b7-3M$_$18,6,A,1,1.0,6,1.0
-egA8-b7-3M$_$18,7,A,1,1.0,18,0.9999999999999999
-egA8-b7-3M$_$18,8,A,1,1.0,67,1.0000000000000002
-egA8-b7-3M$_$18,9,A,1,1.0,12,0.9999999999999999
-egA8-b7-3M$_$18,10,A,1,1.0,36,1.0
-egA8-b7-3M$_$18,11,A,1,1.0,16,1.0
-egA8-b7-3M$_$18,12,A,1,1.0,36,1.0000000000000002
-egA8-b7-3M$_$18,13,A,1,1.0,12,1.0
-egA8-b7-3M$_$18,14,A,1,1.0,25,0.9999999999999999
-egA8-b7-3M$_$18,15,A,1,1.0,24,0.9999999999999999
-egA8-b7-3M$_$18,16,A,1,1.0,10,1.0
-egA8-b7-3M$_$18,17,A,1,1.0,12,1.0
-egA8-b7-3M$_$18,18,A,1,1.0,22,0.9999999999999998
-egA8-b7-3M$_$18,19,A,1,1.0,25,0.9999999999999999
-egA8-b7-3M$_$18,20,A,1,1.0,42,1.0
-egA8-b7-3M$_$18,21,A,1,1.0,25,1.0
-egA8-b7-3M$_$20,0,A,1,1.0,18,1.0
-egA8-b7-3M$_$20,1,A,1,1.0,22,1.0000000000000002
-egA8-b7-3M$_$20,2,A,1,1.0,19,1.0
-egA8-b7-3M$_$20,3,A,1,1.0,4,1.0
-egA8-b7-3M$_$20,4,A,1,1.0,31,1.0
-egA8-b7-3M$_$20,5,A,1,1.0,14,1.0000000000000002
-egA8-b7-3M$_$20,6,A,1,1.0,15,1.0
-egA8-b7-3M$_$20,7,A,1,1.0,14,0.9999999999999998
-egA8-b7-3M$_$20,8,A,1,1.0,41,1.0
-egA8-b7-3M$_$20,9,A,1,1.0,17,1.0
-egA8-b7-3M$_$20,10,A,1,1.0,6,1.0
-egA8-b7-3M$_$20,11,A,1,1.0,39,1.0
-egA8-b7-3M$_$20,12,A,1,1.0,12,1.0
-egA8-b7-3M$_$20,13,A,1,1.0,19,1.0
-egA8-b7-3M$_$20,14,A,1,1.0,23,0.9999999999999999
-egA8-b7-3M$_$20,15,A,1,1.0,14,1.0
-egA8-b7-3M$_$20,16,A,1,1.0,47,0.9999999999999997
-egA8-b7-3M$_$20,17,A,1,1.0,12,1.0
-egA8-b7-3M$_$20,18,A,1,1.0,20,1.0
-egA8-b7-3M$_$20,19,A,1,1.0,45,1.0
-egA8-b7-3M$_$26,0,A,1,1.0,21,1.0
-egA8-b7-3M$_$26,1,A,1,1.0,44,1.0
-egA8-b7-3M$_$26,2,A,1,1.0,8,1.0
-egA8-b7-3M$_$26,3,A,1,1.0,16,1.0
-egA8-b7-3M$_$26,4,A,1,1.0,10,1.0
-egA8-b7-3M$_$26,5,A,1,1.0,31,0.9999999999999998
-egA8-b7-3M$_$26,6,A,1,1.0,12,1.0
-egA8-b7-3M$_$26,7,A,1,1.0,32,1.0
-egA8-b7-3M$_$26,8,A,1,1.0,36,0.9999999999999999
-egA8-b7-3M$_$26,9,A,1,1.0,12,1.0
-egA8-b7-3M$_$26,10,A,1,1.0,18,1.0
-egA8-b7-3M$_$26,11,A,1,1.0,51,0.9999999999999999
-egA8-b7-3M$_$26,12,A,1,1.0,8,0.9999999999999999
-egA8-b7-3M$_$26,13,A,1,1.0,10,0.9999999999999999
-egA8-b7-3M$_$26,14,A,1,1.0,52,0.9999999999999999
-egA8-b7-3M$_$6,0,A,1,1.0,34,1.0
-egA8-b7-3M$_$6,1,A,1,1.0,56,1.0
-egA8-b7-3M$_$6,2,A,1,1.0,13,1.0
-egA8-b7-3M$_$6,3,A,1,1.0,4,1.0
-egA8-b7-3M$_$6,4,A,1,1.0,52,0.9999999999999999
-egA8-b7-3M$_$6,5,A,1,1.0,66,1.0
-egA8-b7-3M$_$6,6,A,1,1.0,12,1.0
-egA8-b7-3M$_$6,7,A,1,1.0,46,1.0
-egA8-b7-3M$_$6,8,A,1,1.0,16,1.0
-egA8-b7-3M$_$6,9,A,1,1.0,22,1.0
-egA8-b7-3M$_$6,10,A,1,1.0,32,1.0
-egA8-b7-3M$_$6,11,A,1,1.0,47,1.0
-egA8-b7-3M$_$9,0,A,1,1.0,58,0.9999999999999999
-egA8-b7-3M$_$9,1,A,1,1.0,41,0.9999999999999999
-egA8-b7-3M$_$9,2,A,1,1.0,29,1.0
-egA8-b7-3M$_$9,3,A,1,1.0,8,1.0
-egA8-b7-3M$_$9,4,A,1,1.0,53,0.9999999999999998
-egA8-b7-3M$_$9,5,A,1,1.0,10,0.9999999999999999
-egA8-b7-3M$_$9,6,A,1,1.0,39,1.0
-egA8-b7-3M$_$9,7,A,1,1.0,17,1.0
-egA8-b7-3M$_$9,8,A,1,1.0,45,1.0000000000000002
-egA8-b7-3M$_$9,9,A,1,1.0,34,0.9999999999999999
-hnBHBN8p5A$_$6,0,A,0,0.0,0,0.0
-hnBHBN8p5A$_$6,1,A,0,0.0,0,0.0
-hnBHBN8p5A$_$6,2,A,0,0.0,0,0.0
-hnBHBN8p5A$_$6,3,A,0,0.0,0,0.0
-hnBHBN8p5A$_$6,4,A,0,0.0,0,0.0
-hnBHBN8p5A$_$6,5,A,0,0.0,0,0.0
-hnBHBN8p5A$_$6,6,A,0,0.0,0,0.0
-hnBHBN8p5A$_$6,7,A,0,0.0,0,0.0
-hnBHBN8p5A$_$6,8,A,0,0.0,0,0.0
-hnBHBN8p5A$_$6,9,A,0,0.0,0,0.0
-hnBHBN8p5A$_$6,10,A,0,0.0,0,0.0
-hnBHBN8p5A$_$6,11,A,0,0.0,0,0.0
-hnBHBN8p5A$_$6,12,A,0,0.0,0,0.0
-hnBHBN8p5A$_$7,0,A,0,0.0,0,0.0
-hnBHBN8p5A$_$7,1,A,0,0.0,0,0.0
-hnBHBN8p5A$_$7,2,A,0,0.0,0,0.0
-hnBHBN8p5A$_$7,3,A,0,0.0,0,0.0
-hnBHBN8p5A$_$7,4,A,0,0.0,0,0.0
-hnBHBN8p5A$_$7,5,A,0,0.0,0,0.0
-hnBHBN8p5A$_$7,6,A,0,0.0,0,0.0
-hnBHBN8p5A$_$7,7,A,0,0.0,0,0.0
-hnBHBN8p5A$_$7,8,A,0,0.0,0,0.0
-hnBHBN8p5A$_$7,9,A,0,0.0,0,0.0
-hnBHBN8p5A$_$7,10,A,0,0.0,0,0.0
-hnBHBN8p5A$_$7,11,A,0,0.0,0,0.0
-hnBHBN8p5A$_$7,12,A,0,0.0,0,0.0
-iRBcNs9oI8$_$3,0,A,0,0.0,0,0.0
-iRBcNs9oI8$_$3,1,A,0,0.0,0,0.0
-iRBcNs9oI8$_$3,2,A,0,0.0,0,0.0
-iRBcNs9oI8$_$3,3,A,0,0.0,0,0.0
-iRBcNs9oI8$_$3,4,A,0,0.0,0,0.0
-iRBcNs9oI8$_$3,5,A,0,0.0,0,0.0
-iRBcNs9oI8$_$3,6,A,0,0.0,0,0.0
-iRBcNs9oI8$_$3,7,A,0,0.0,0,0.0
-iRBcNs9oI8$_$6,0,A,0,0.0,0,0.0
-iRBcNs9oI8$_$6,1,A,0,0.0,0,0.0
-iRBcNs9oI8$_$6,2,A,0,0.0,0,0.0
-iRBcNs9oI8$_$6,3,A,0,0.0,0,0.0
-iRBcNs9oI8$_$6,4,A,0,0.0,0,0.0
-iRBcNs9oI8$_$7,0,A,0,0.0,0,0.0
-iRBcNs9oI8$_$7,1,A,0,0.0,0,0.0
-iRBcNs9oI8$_$7,2,A,0,0.0,0,0.0
-iRBcNs9oI8$_$7,3,A,0,0.0,0,0.0
-iRBcNs9oI8$_$7,4,A,0,0.0,0,0.0
-iRBcNs9oI8$_$7,5,A,0,0.0,0,0.0
-iRBcNs9oI8$_$7,6,A,0,0.0,0,0.0
-iRBcNs9oI8$_$7,7,A,0,0.0,0,0.0
-iRBcNs9oI8$_$7,8,A,0,0.0,0,0.0
-iRBcNs9oI8$_$8,0,A,0,0.0,0,0.0
-iRBcNs9oI8$_$8,1,A,0,0.0,0,0.0
-iRBcNs9oI8$_$8,2,A,0,0.0,0,0.0
-iRBcNs9oI8$_$8,3,A,0,0.0,0,0.0
-iRBcNs9oI8$_$8,4,A,0,0.0,0,0.0
-iRBcNs9oI8$_$8,5,A,0,0.0,0,0.0
-iRBcNs9oI8$_$8,6,A,0,0.0,0,0.0
-iRBcNs9oI8$_$8,7,A,0,0.0,0,0.0
-iRBcNs9oI8$_$8,8,A,0,0.0,0,0.0
-iRBcNs9oI8$_$8,9,A,0,0.0,0,0.0
-iRBcNs9oI8$_$8,10,A,0,0.0,0,0.0
-iRBcNs9oI8$_$8,11,A,0,0.0,0,0.0
-iRBcNs9oI8$_$8,12,A,0,0.0,0,0.0
-iRBcNs9oI8$_$8,13,A,0,0.0,0,0.0
-iRBcNs9oI8$_$8,14,A,0,0.0,0,0.0
-iRBcNs9oI8$_$8,15,A,0,0.0,0,0.0
-iRBcNs9oI8$_$8,16,A,0,0.0,0,0.0
-iRBcNs9oI8$_$8,17,A,0,0.0,0,0.0
-iRBcNs9oI8$_$8,18,A,0,0.0,0,0.0
-iRBcNs9oI8$_$8,19,A,0,0.0,0,0.0
-iRBcNs9oI8$_$8,20,A,0,0.0,0,0.0
-iRBcNs9oI8$_$9,0,A,0,0.0,0,0.0
-iRBcNs9oI8$_$9,1,A,0,0.0,0,0.0
-iRBcNs9oI8$_$9,2,A,0,0.0,0,0.0
-iRBcNs9oI8$_$9,3,A,0,0.0,0,0.0
-iRBcNs9oI8$_$9,4,A,0,0.0,0,0.0
-lzEya4AM_4$_$5,0,A,1,1.0,10,1.0
-lzEya4AM_4$_$5,1,A,1,1.0,6,1.0
-lzEya4AM_4$_$5,2,A,1,1.0,26,0.9999999999999999
-lzEya4AM_4$_$5,3,A,1,1.0,22,1.0000000000000002
-lzEya4AM_4$_$5,4,A,1,1.0,16,1.0
-lzEya4AM_4$_$5,5,A,1,1.0,16,1.0
-lzEya4AM_4$_$5,6,A,1,1.0,8,1.0
-lzEya4AM_4$_$5,7,A,1,1.0,20,0.9999999999999999
-lzEya4AM_4$_$5,8,A,1,1.0,20,0.9999999999999999
-lzEya4AM_4$_$5,9,A,1,1.0,59,1.0
-lzEya4AM_4$_$5,10,A,1,1.0,60,1.0
-lzEya4AM_4$_$5,11,A,1,1.0,42,1.0
-lzEya4AM_4$_$5,12,A,1,1.0,10,1.0
-lzEya4AM_4$_$5,13,A,1,1.0,43,1.0
-lzEya4AM_4$_$5,14,A,1,1.0,18,0.9999999999999999
-lzEya4AM_4$_$5,15,A,1,1.0,8,1.0
-lzEya4AM_4$_$5,16,A,1,1.0,12,1.0
-lzEya4AM_4$_$5,17,A,1,1.0,18,1.0
-lzEya4AM_4$_$5,18,A,1,1.0,26,1.0
-lzEya4AM_4$_$6,0,A,1,1.0,10,0.9999999999999999
-lzEya4AM_4$_$6,1,A,1,1.0,12,1.0
-lzEya4AM_4$_$6,2,A,1,1.0,42,1.0
-lzEya4AM_4$_$6,3,A,1,1.0,8,1.0
-lzEya4AM_4$_$6,4,A,1,1.0,44,0.9999999999999999
-lzEya4AM_4$_$6,5,A,1,1.0,8,1.0
-lzEya4AM_4$_$6,6,A,1,1.0,18,1.0
-lzEya4AM_4$_$6,7,A,1,1.0,24,1.0
-lzEya4AM_4$_$6,8,A,1,1.0,8,1.0
-lzEya4AM_4$_$6,9,A,1,1.0,55,1.0
-lzEya4AM_4$_$6,10,A,1,1.0,40,1.0
-lzEya4AM_4$_$6,11,A,1,1.0,8,1.0
-lzEya4AM_4$_$6,12,A,1,1.0,48,1.0
-lzEya4AM_4$_$6,13,A,1,1.0,40,1.0
-lzEya4AM_4$_$6,14,A,1,1.0,12,1.0000000000000002
-lzEya4AM_4$_$6,15,A,1,1.0,16,1.0
-lzEya4AM_4$_$6,16,A,1,1.0,18,0.9999999999999999
-lzEya4AM_4$_$6,17,A,1,1.0,38,0.9999999999999999
-lzEya4AM_4$_$6,18,A,1,1.0,18,1.0
-lzEya4AM_4$_$6,19,A,1,1.0,32,1.0
-lzEya4AM_4$_$6,20,A,1,1.0,42,1.0
-lzEya4AM_4$_$6,21,A,1,1.0,8,1.0
-lzEya4AM_4$_$6,22,A,1,1.0,40,0.9999999999999999
-lzEya4AM_4$_$6,23,A,1,1.0,14,0.9999999999999998
-lzEya4AM_4$_$6,24,A,1,1.0,6,0.9999999999999999
-lzEya4AM_4$_$6,25,A,1,1.0,12,0.9999999999999998
-lzEya4AM_4$_$6,26,A,1,1.0,38,1.0
-lzEya4AM_4$_$6,27,A,1,1.0,30,1.0000000000000002
-lzEya4AM_4$_$6,28,A,1,1.0,8,1.0
-lzEya4AM_4$_$6,29,A,1,1.0,10,1.0
-lzEya4AM_4$_$6,30,A,1,1.0,16,1.0
-lzEya4AM_4$_$6,31,A,1,1.0,30,1.0000000000000002
-lzEya4AM_4$_$6,32,A,1,1.0,6,1.0
-lzEya4AM_4$_$6,33,A,1,1.0,16,1.0
-lzEya4AM_4$_$6,34,A,1,1.0,28,0.9999999999999998
-lzEya4AM_4$_$6,35,A,1,1.0,38,1.0000000000000002
-lzEya4AM_4$_$6,36,A,1,1.0,10,1.0
-lzEya4AM_4$_$6,37,A,1,1.0,34,1.0
-lzEya4AM_4$_$6,38,A,1,1.0,8,1.0
-lzEya4AM_4$_$6,39,A,1,1.0,10,1.0
-lzEya4AM_4$_$6,40,A,1,1.0,14,1.0
-lzEya4AM_4$_$6,41,A,1,1.0,22,1.0000000000000002
-lzEya4AM_4$_$6,42,A,1,1.0,12,1.0
-mJ2ud6oKI8$_$1,0,A,0,0.0,0,0.0
-mJ2ud6oKI8$_$1,1,A,0,0.0,0,0.0
-mJ2ud6oKI8$_$1,2,A,0,0.0,0,0.0
-mJ2ud6oKI8$_$1,3,A,0,0.0,0,0.0
-mJ2ud6oKI8$_$1,4,A,0,0.0,0,0.0
-mJ2ud6oKI8$_$1,5,A,0,0.0,0,0.0
-mJ2ud6oKI8$_$1,6,A,0,0.0,0,0.0
-mJ2ud6oKI8$_$1,7,A,0,0.0,0,0.0
-mJ2ud6oKI8$_$1,8,A,0,0.0,0,0.0
-mJ2ud6oKI8$_$1,9,A,0,0.0,0,0.0
-mJ2ud6oKI8$_$1,10,A,0,0.0,0,0.0
-mJ2ud6oKI8$_$1,11,A,0,0.0,0,0.0
-mJ2ud6oKI8$_$1,12,A,0,0.0,0,0.0
-mJ2ud6oKI8$_$2,0,A,0,0.0,0,0.0
-mJ2ud6oKI8$_$2,1,A,0,0.0,0,0.0
-mJ2ud6oKI8$_$2,2,A,0,0.0,0,0.0
-mJ2ud6oKI8$_$2,3,A,0,0.0,0,0.0
-mJ2ud6oKI8$_$2,4,A,0,0.0,0,0.0
-mJ2ud6oKI8$_$2,5,A,0,0.0,0,0.0
-mJ2ud6oKI8$_$2,6,A,0,0.0,0,0.0
-mJ2ud6oKI8$_$2,7,A,0,0.0,0,0.0
-mJ2ud6oKI8$_$2,8,A,0,0.0,0,0.0
-mJ2ud6oKI8$_$2,9,A,0,0.0,0,0.0
-mJ2ud6oKI8$_$2,10,A,0,0.0,0,0.0
-mJ2ud6oKI8$_$6,0,A,0,0.0,0,0.0
-mJ2ud6oKI8$_$6,1,A,0,0.0,0,0.0
-mJ2ud6oKI8$_$6,2,A,0,0.0,0,0.0
-mJ2ud6oKI8$_$6,3,A,0,0.0,0,0.0
-mJ2ud6oKI8$_$6,4,A,0,0.0,0,0.0
-mJ2ud6oKI8$_$8,0,A,0,0.0,0,0.0
-mJ2ud6oKI8$_$8,1,A,0,0.0,0,0.0
-mJ2ud6oKI8$_$8,2,A,0,0.0,0,0.0
-mJ2ud6oKI8$_$8,3,A,0,0.0,0,0.0
-mJ2ud6oKI8$_$8,4,A,0,0.0,0,0.0
-mJ2ud6oKI8$_$8,5,A,0,0.0,0,0.0
-mJ2ud6oKI8$_$8,6,A,0,0.0,0,0.0
-mJ2ud6oKI8$_$8,7,A,0,0.0,0,0.0
-mJ2ud6oKI8$_$8,8,A,0,0.0,0,0.0
-mJ2ud6oKI8$_$8,9,A,0,0.0,0,0.0
-mJ2ud6oKI8$_$8,10,A,0,0.0,0,0.0
-mJ2ud6oKI8$_$9,0,A,0,0.0,0,0.0
-mJ2ud6oKI8$_$9,1,A,0,0.0,0,0.0
-mJ2ud6oKI8$_$9,2,A,0,0.0,0,0.0
-mJ2ud6oKI8$_$9,3,A,0,0.0,0,0.0
-mJ2ud6oKI8$_$9,4,A,0,0.0,0,0.0
-mJ2ud6oKI8$_$9,5,A,0,0.0,0,0.0
-mJ2ud6oKI8$_$9,6,A,0,0.0,0,0.0
-mJ2ud6oKI8$_$9,7,A,0,0.0,0,0.0
-mJ2ud6oKI8$_$9,8,A,0,0.0,0,0.0
-mJ2ud6oKI8$_$9,9,A,0,0.0,0,0.0
-mJ2ud6oKI8$_$9,10,A,0,0.0,0,0.0
-mJ2ud6oKI8$_$9,11,A,0,0.0,0,0.0
-mJ2ud6oKI8$_$9,12,A,0,0.0,0,0.0
-mJ2ud6oKI8$_$9,13,A,0,0.0,0,0.0
-mJ2ud6oKI8$_$9,14,A,0,0.0,0,0.0
-mJ2ud6oKI8$_$9,15,A,0,0.0,0,0.0
-mJ2ud6oKI8$_$9,16,A,0,0.0,0,0.0
-mJ2ud6oKI8$_$9,17,A,0,0.0,0,0.0
-mJ2ud6oKI8$_$9,18,A,0,0.0,0,0.0
-mJ2ud6oKI8$_$9,19,A,0,0.0,0,0.0
-mJ2ud6oKI8$_$9,20,A,0,0.0,0,0.0
-mJ2ud6oKI8$_$9,21,A,0,0.0,0,0.0
-mqbVkbCndg$_$0,0,A,1,1.0,30,0.9999999999999997
-mqbVkbCndg$_$0,1,A,1,1.0,10,1.0
-mqbVkbCndg$_$0,2,A,1,1.0,6,1.0
-mqbVkbCndg$_$0,3,A,1,1.0,54,1.0000000000000002
-mqbVkbCndg$_$0,4,A,1,1.0,38,1.0
-mqbVkbCndg$_$0,5,A,1,1.0,11,1.0
-mqbVkbCndg$_$0,6,A,1,1.0,77,1.0
-mqbVkbCndg$_$0,7,A,1,1.0,43,0.9999999999999999
-mqbVkbCndg$_$0,8,A,1,1.0,12,1.0
-mqbVkbCndg$_$0,9,A,1,1.0,102,1.0000000000000002
-mqbVkbCndg$_$0,10,A,1,1.0,25,1.0
-mqbVkbCndg$_$0,11,A,1,1.0,44,0.9999999999999999
-qDkUB0GgYY$_$6,0,A,1,1.0,12,1.0
-qDkUB0GgYY$_$6,1,A,1,1.0,27,1.0
-qDkUB0GgYY$_$6,2,A,1,1.0,20,1.0
-qDkUB0GgYY$_$6,3,A,1,1.0,8,1.0
-qDkUB0GgYY$_$6,4,A,1,1.0,17,1.0
-qDkUB0GgYY$_$6,5,A,1,1.0,12,1.0
-qDkUB0GgYY$_$6,6,A,1,1.0,24,1.0
-qDkUB0GgYY$_$6,7,A,1,1.0,55,1.0000000000000002
-qDkUB0GgYY$_$6,8,A,1,1.0,12,0.9999999999999999
-qDkUB0GgYY$_$6,9,A,1,1.0,21,0.9999999999999999
-qDkUB0GgYY$_$6,10,A,1,1.0,8,1.0
-qDkUB0GgYY$_$6,11,A,1,1.0,16,1.0
-qDkUB0GgYY$_$6,12,A,1,1.0,14,0.9999999999999997
-qDkUB0GgYY$_$6,13,A,1,1.0,27,1.0
-qDkUB0GgYY$_$6,14,A,1,1.0,10,0.9999999999999999
-qDkUB0GgYY$_$6,15,A,1,1.0,28,1.0000000000000002
-ri04Z7vwnc$_$0,0,A,0,0.0,0,0.0
-ri04Z7vwnc$_$0,1,A,0,0.0,0,0.0
-ri04Z7vwnc$_$0,2,A,0,0.0,0,0.0
-ri04Z7vwnc$_$0,3,A,0,0.0,0,0.0
-ri04Z7vwnc$_$0,4,A,0,0.0,0,0.0
-ri04Z7vwnc$_$0,5,A,0,0.0,0,0.0
-ri04Z7vwnc$_$0,6,A,0,0.0,0,0.0
-ri04Z7vwnc$_$0,7,A,0,0.0,0,0.0
-ri04Z7vwnc$_$2,0,A,0,0.0,0,0.0
-ri04Z7vwnc$_$2,1,A,0,0.0,0,0.0
-ri04Z7vwnc$_$2,2,A,0,0.0,0,0.0
-ri04Z7vwnc$_$2,3,A,0,0.0,0,0.0
-ri04Z7vwnc$_$2,4,A,0,0.0,0,0.0
-ri04Z7vwnc$_$2,5,A,0,0.0,0,0.0
-ri04Z7vwnc$_$2,6,A,0,0.0,0,0.0
-ri04Z7vwnc$_$2,7,A,0,0.0,0,0.0
-ri04Z7vwnc$_$2,8,A,0,0.0,0,0.0
-ri04Z7vwnc$_$2,9,A,0,0.0,0,0.0
-ri04Z7vwnc$_$2,10,A,0,0.0,0,0.0
-ri04Z7vwnc$_$2,11,A,0,0.0,0,0.0
-ri04Z7vwnc$_$2,12,A,0,0.0,0,0.0
-ri04Z7vwnc$_$2,13,A,0,0.0,0,0.0
-ri04Z7vwnc$_$2,14,A,0,0.0,0,0.0
-ri04Z7vwnc$_$2,15,A,0,0.0,0,0.0
-ri04Z7vwnc$_$5,0,A,0,0.0,0,0.0
-ri04Z7vwnc$_$5,1,A,0,0.0,0,0.0
-ri04Z7vwnc$_$5,2,A,0,0.0,0,0.0
-ri04Z7vwnc$_$5,3,A,0,0.0,0,0.0
-ri04Z7vwnc$_$5,4,A,0,0.0,0,0.0
-ri04Z7vwnc$_$5,5,A,0,0.0,0,0.0
-ri04Z7vwnc$_$5,6,A,0,0.0,0,0.0
-ri04Z7vwnc$_$5,7,A,0,0.0,0,0.0
-ri04Z7vwnc$_$5,8,A,0,0.0,0,0.0
-s9qJ7ATP7w$_$0,0,A,1,1.0,14,0.9999999999999999
-s9qJ7ATP7w$_$0,1,A,1,1.0,16,1.0
-s9qJ7ATP7w$_$0,2,A,1,1.0,31,1.0
-s9qJ7ATP7w$_$0,3,A,1,1.0,18,1.0
-s9qJ7ATP7w$_$0,4,A,1,1.0,14,1.0000000000000002
-s9qJ7ATP7w$_$0,5,A,1,1.0,35,1.0
-s9qJ7ATP7w$_$0,6,A,1,1.0,20,1.0
-s9qJ7ATP7w$_$0,7,A,1,1.0,23,1.0
-s9qJ7ATP7w$_$0,8,A,1,1.0,10,0.9999999999999999
-s9qJ7ATP7w$_$0,9,A,1,1.0,4,0.9999999999999999
-s9qJ7ATP7w$_$0,10,A,1,1.0,49,1.0000000000000002
-s9qJ7ATP7w$_$0,11,A,1,1.0,28,1.0000000000000002
-s9qJ7ATP7w$_$0,12,A,1,1.0,10,1.0
-s9qJ7ATP7w$_$0,13,A,1,1.0,18,1.0
-s9qJ7ATP7w$_$0,14,A,1,1.0,31,0.9999999999999997
-s9qJ7ATP7w$_$0,15,A,1,1.0,14,1.0
-s9qJ7ATP7w$_$0,16,A,1,1.0,10,1.0
-s9qJ7ATP7w$_$0,17,A,1,1.0,28,1.0
-s9qJ7ATP7w$_$0,18,A,1,1.0,8,1.0
-s9qJ7ATP7w$_$0,19,A,1,1.0,12,1.0
-s9qJ7ATP7w$_$0,20,A,1,1.0,16,1.0
-s9qJ7ATP7w$_$0,21,A,1,1.0,17,0.9999999999999999
-s9qJ7ATP7w$_$0,22,A,1,1.0,20,1.0
-s9qJ7ATP7w$_$0,23,A,1,1.0,10,0.9999999999999999
-s9qJ7ATP7w$_$1,0,A,1,1.0,52,1.0
-s9qJ7ATP7w$_$1,1,A,1,1.0,12,0.9999999999999999
-s9qJ7ATP7w$_$1,2,A,1,1.0,29,0.9999999999999999
-s9qJ7ATP7w$_$1,3,A,1,1.0,16,1.0
-s9qJ7ATP7w$_$1,4,A,1,1.0,8,1.0
-s9qJ7ATP7w$_$1,5,A,1,1.0,16,1.0
-s9qJ7ATP7w$_$1,6,A,1,1.0,8,1.0
-s9qJ7ATP7w$_$1,7,A,1,1.0,29,1.0000000000000002
-s9qJ7ATP7w$_$1,8,A,1,1.0,13,1.0000000000000002
-s9qJ7ATP7w$_$1,9,A,1,1.0,10,1.0
-s9qJ7ATP7w$_$1,10,A,1,1.0,25,1.0
-s9qJ7ATP7w$_$4,0,A,1,1.0,6,1.0
-s9qJ7ATP7w$_$4,1,A,1,1.0,15,1.0
-s9qJ7ATP7w$_$4,2,A,1,1.0,33,1.0
-s9qJ7ATP7w$_$4,3,A,1,1.0,11,1.0
-s9qJ7ATP7w$_$4,4,A,1,1.0,45,1.0000000000000002
-s9qJ7ATP7w$_$4,5,A,1,1.0,12,1.0
-s9qJ7ATP7w$_$4,6,A,1,1.0,15,1.0
-s9qJ7ATP7w$_$4,7,A,1,1.0,43,1.0
-s9qJ7ATP7w$_$4,8,A,1,1.0,41,1.0
-s9qJ7ATP7w$_$5,0,A,1,1.0,8,0.9999999999999999
-s9qJ7ATP7w$_$5,1,A,1,1.0,91,1.0000000000000002
-s9qJ7ATP7w$_$5,2,A,1,1.0,18,1.0
-s9qJ7ATP7w$_$5,3,A,1,1.0,30,0.9999999999999998
-s9qJ7ATP7w$_$5,4,A,1,1.0,14,0.9999999999999997
-s9qJ7ATP7w$_$5,5,A,1,1.0,12,0.9999999999999999
-s9qJ7ATP7w$_$5,6,A,1,1.0,22,0.9999999999999999
-s9qJ7ATP7w$_$5,7,A,1,1.0,53,1.0
-s9qJ7ATP7w$_$5,8,A,1,1.0,14,1.0000000000000002
-s9qJ7ATP7w$_$5,9,A,1,1.0,37,1.0
-s9qJ7ATP7w$_$5,10,A,1,1.0,14,0.9999999999999999
-s9qJ7ATP7w$_$5,11,A,1,1.0,15,1.0
-s9qJ7ATP7w$_$5,12,A,1,1.0,18,1.0
-s9qJ7ATP7w$_$5,13,A,1,1.0,43,1.0
-s9qJ7ATP7w$_$5,14,A,1,1.0,16,1.0
-s9qJ7ATP7w$_$5,15,A,1,1.0,24,1.0
-s9qJ7ATP7w$_$5,16,A,1,1.0,28,1.0
-s9qJ7ATP7w$_$5,17,A,1,1.0,18,1.0
-s9qJ7ATP7w$_$5,18,A,1,1.0,14,1.0
-s9qJ7ATP7w$_$6,0,A,1,1.0,23,0.9999999999999998
-s9qJ7ATP7w$_$6,1,A,1,1.0,11,1.0
-s9qJ7ATP7w$_$6,2,A,1,1.0,15,1.0
-s9qJ7ATP7w$_$6,3,A,1,1.0,17,0.9999999999999999
-s9qJ7ATP7w$_$6,4,A,1,1.0,24,1.0
-s9qJ7ATP7w$_$7,0,A,1,1.0,5,1.0
-s9qJ7ATP7w$_$7,1,A,1,1.0,14,0.9999999999999999
-s9qJ7ATP7w$_$7,2,A,1,1.0,6,1.0
-s9qJ7ATP7w$_$7,3,A,1,1.0,14,0.9999999999999999
-s9qJ7ATP7w$_$7,4,A,1,1.0,10,1.0
-s9qJ7ATP7w$_$7,5,A,1,1.0,27,1.0
-s9qJ7ATP7w$_$7,6,A,1,1.0,26,1.0
-s9qJ7ATP7w$_$7,7,A,1,1.0,10,1.0
-s9qJ7ATP7w$_$7,8,A,1,1.0,16,1.0
-s9qJ7ATP7w$_$7,9,A,1,1.0,10,1.0
-s9qJ7ATP7w$_$7,10,A,1,1.0,29,1.0000000000000002
-s9qJ7ATP7w$_$7,11,A,1,1.0,22,0.9999999999999998
-s9qJ7ATP7w$_$7,12,A,1,1.0,16,1.0
-s9qJ7ATP7w$_$7,13,A,1,1.0,6,1.0
-s9qJ7ATP7w$_$7,14,A,1,1.0,18,1.0
-s9qJ7ATP7w$_$7,15,A,1,1.0,8,0.9999999999999999
-s9qJ7ATP7w$_$7,16,A,1,1.0,8,1.0
-s9qJ7ATP7w$_$7,17,A,1,1.0,18,1.0
-s9qJ7ATP7w$_$7,18,A,1,1.0,8,1.0
-s9qJ7ATP7w$_$7,19,A,1,1.0,10,0.9999999999999999
-s9qJ7ATP7w$_$7,20,A,1,1.0,10,1.0
-s9qJ7ATP7w$_$7,21,A,1,1.0,24,0.9999999999999999
-s9qJ7ATP7w$_$7,22,A,1,1.0,89,1.0
-s9qJ7ATP7w$_$7,23,A,1,1.0,22,1.0
-s9qJ7ATP7w$_$7,24,A,1,1.0,10,0.9999999999999999
-s9qJ7ATP7w$_$7,25,A,1,1.0,32,1.0
-s9qJ7ATP7w$_$7,26,A,1,1.0,8,0.9999999999999999
-s9qJ7ATP7w$_$7,27,A,1,1.0,37,0.9999999999999999
-s9qJ7ATP7w$_$8,0,A,1,1.0,29,1.0
-s9qJ7ATP7w$_$8,1,A,1,1.0,10,1.0
-s9qJ7ATP7w$_$8,2,A,1,1.0,6,1.0
-s9qJ7ATP7w$_$8,3,A,1,1.0,18,1.0
-s9qJ7ATP7w$_$8,4,A,1,1.0,16,1.0
-s9qJ7ATP7w$_$8,5,A,1,1.0,17,1.0
-s9qJ7ATP7w$_$8,6,A,1,1.0,4,0.9999999999999999
-s9qJ7ATP7w$_$8,7,A,1,1.0,50,0.9999999999999998
-s9qJ7ATP7w$_$8,8,A,1,1.0,8,1.0
-s9qJ7ATP7w$_$8,9,A,1,1.0,10,1.0
-s9qJ7ATP7w$_$8,10,A,1,1.0,14,1.0
-s9qJ7ATP7w$_$8,11,A,1,1.0,19,1.0
-s9qJ7ATP7w$_$8,12,A,1,1.0,20,1.0
-t217m2on-s$_$2,0,A,1,1.0,24,1.0
-t217m2on-s$_$2,1,A,1,1.0,49,1.0
-t217m2on-s$_$2,2,A,1,1.0,16,1.0
-t217m2on-s$_$2,3,A,1,1.0,14,0.9999999999999999
-t217m2on-s$_$2,4,A,1,1.0,10,1.0
-t217m2on-s$_$2,5,A,1,1.0,10,1.0
-t217m2on-s$_$2,6,A,1,1.0,10,1.0
-t217m2on-s$_$2,7,A,1,1.0,133,1.0000000000000002
-t217m2on-s$_$2,8,A,1,1.0,41,1.0
-t217m2on-s$_$2,9,A,1,1.0,26,1.0
-t217m2on-s$_$2,10,A,1,1.0,10,1.0
-t217m2on-s$_$2,11,A,1,1.0,59,1.0
-t217m2on-s$_$7,0,A,1,1.0,8,1.0
-t217m2on-s$_$7,1,A,1,1.0,16,1.0
-t217m2on-s$_$7,2,A,1,1.0,30,1.0000000000000002
-t217m2on-s$_$7,3,A,1,1.0,20,1.0000000000000002
-t217m2on-s$_$7,4,A,1,1.0,18,1.0
-t217m2on-s$_$7,5,A,1,1.0,30,1.0000000000000002
-t217m2on-s$_$7,6,A,1,1.0,83,1.0000000000000002
-t217m2on-s$_$7,7,A,1,1.0,18,1.0
-t217m2on-s$_$7,8,A,1,1.0,22,0.9999999999999999
-t217m2on-s$_$7,9,A,1,1.0,10,1.0
-t217m2on-s$_$7,10,A,1,1.0,12,0.9999999999999999
-t217m2on-s$_$7,11,A,1,1.0,36,1.0
-t217m2on-s$_$7,12,A,1,1.0,36,0.9999999999999999
-t217m2on-s$_$7,13,A,1,1.0,14,1.0
-t217m2on-s$_$7,14,A,1,1.0,32,0.9999999999999999
-t217m2on-s$_$7,15,A,1,1.0,21,0.9999999999999999
-t217m2on-s$_$7,16,A,1,1.0,66,1.0000000000000002
-t217m2on-s$_$7,17,A,1,1.0,16,1.0
-t217m2on-s$_$7,18,A,1,1.0,8,1.0
-t217m2on-s$_$7,19,A,1,1.0,19,1.0
-t217m2on-s$_$7,20,A,1,1.0,6,0.9999999999999999
-t217m2on-s$_$7,21,A,1,1.0,56,0.9999999999999999
-t217m2on-s$_$7,22,A,1,1.0,48,1.0
-t217m2on-s$_$7,23,A,1,1.0,20,0.9999999999999999
-t217m2on-s$_$7,24,A,1,1.0,67,1.0
-t217m2on-s$_$7,25,A,1,1.0,8,1.0
-t217m2on-s$_$7,26,A,1,1.0,20,0.9999999999999999
-t217m2on-s$_$7,27,A,1,1.0,12,1.0
-t217m2on-s$_$7,28,A,1,1.0,35,0.9999999999999999
-t217m2on-s$_$7,29,A,1,1.0,22,1.0
-t217m2on-s$_$7,30,A,1,1.0,8,1.0
-t217m2on-s$_$7,31,A,1,1.0,4,1.0
-t217m2on-s$_$7,32,A,1,1.0,34,0.9999999999999999
-t217m2on-s$_$7,33,A,1,1.0,61,1.0
-t217m2on-s$_$7,34,A,1,1.0,12,0.9999999999999999
-t217m2on-s$_$7,35,A,1,1.0,4,1.0
-t217m2on-s$_$7,36,A,1,1.0,44,0.9999999999999999
-t217m2on-s$_$7,37,A,1,1.0,58,1.0
-t217m2on-s$_$7,38,A,1,1.0,18,1.0
-t217m2on-s$_$7,39,A,1,1.0,14,1.0000000000000002
-t217m2on-s$_$7,40,A,1,1.0,22,0.9999999999999999
-t217m2on-s$_$7,41,A,1,1.0,18,1.0
-t217m2on-s$_$7,42,A,1,1.0,8,1.0
-t217m2on-s$_$7,43,A,1,1.0,22,0.9999999999999999
-t217m2on-s$_$7,44,A,1,1.0,18,1.0
-tANM6ETl_M$_$3,0,A,1,1.0,12,1.0
-tANM6ETl_M$_$3,1,A,1,1.0,31,1.0
-tANM6ETl_M$_$3,2,A,1,1.0,32,1.0
-tANM6ETl_M$_$3,3,A,1,1.0,10,1.0
-tANM6ETl_M$_$3,4,A,1,1.0,25,1.0
-tANM6ETl_M$_$3,5,A,1,1.0,20,1.0
-tANM6ETl_M$_$3,6,A,1,1.0,17,1.0
-tANM6ETl_M$_$3,7,A,1,1.0,4,0.9999999999999999
-tANM6ETl_M$_$3,8,A,1,1.0,59,1.0
-tANM6ETl_M$_$3,9,A,1,1.0,10,1.0
-tANM6ETl_M$_$3,10,A,1,1.0,6,1.0
-tANM6ETl_M$_$3,11,A,1,1.0,43,1.0
-tANM6ETl_M$_$3,12,A,1,1.0,18,1.0
-tANM6ETl_M$_$3,13,A,1,1.0,32,1.0
-tANM6ETl_M$_$3,14,A,1,1.0,20,1.0
-tANM6ETl_M$_$3,15,A,1,1.0,8,0.9999999999999999
-tANM6ETl_M$_$3,16,A,1,1.0,43,1.0
-tANM6ETl_M$_$3,17,A,1,1.0,6,1.0
-tANM6ETl_M$_$3,18,A,1,1.0,23,1.0000000000000002
-tANM6ETl_M$_$3,19,A,1,1.0,25,1.0
-tANM6ETl_M$_$3,20,A,1,1.0,30,0.9999999999999998
-tANM6ETl_M$_$3,21,A,1,1.0,8,1.0
-tPCytz4rww$_$10,0,A,1,1.0,18,1.0
-tPCytz4rww$_$10,1,A,1,1.0,29,1.0
-tPCytz4rww$_$10,2,A,1,1.0,41,1.0
-tPCytz4rww$_$10,3,A,1,1.0,27,1.0
-tPCytz4rww$_$10,4,A,1,1.0,8,1.0
-tPCytz4rww$_$10,5,A,1,1.0,18,1.0
-tPCytz4rww$_$10,6,A,1,1.0,14,0.9999999999999999
-tPCytz4rww$_$10,7,A,1,1.0,6,1.0
-tPCytz4rww$_$10,8,A,1,1.0,37,1.0
-tPCytz4rww$_$10,9,A,1,1.0,26,1.0
-tPCytz4rww$_$10,10,A,1,1.0,22,1.0000000000000002
-tPCytz4rww$_$10,11,A,1,1.0,47,0.9999999999999999
-tPCytz4rww$_$11,0,A,1,1.0,18,1.0
-tPCytz4rww$_$11,1,A,1,1.0,18,1.0
-tPCytz4rww$_$11,2,A,1,1.0,12,1.0
-tPCytz4rww$_$11,3,A,1,1.0,22,0.9999999999999999
-tPCytz4rww$_$11,4,A,1,1.0,22,1.0
-tPCytz4rww$_$11,5,A,1,1.0,36,1.0
-tPCytz4rww$_$11,6,A,1,1.0,15,1.0000000000000002
-tPCytz4rww$_$11,7,A,1,1.0,12,0.9999999999999999
-tPCytz4rww$_$11,8,A,1,1.0,14,0.9999999999999999
-tPCytz4rww$_$11,9,A,1,1.0,43,1.0
-tPCytz4rww$_$11,10,A,1,1.0,12,0.9999999999999999
-tPCytz4rww$_$11,11,A,1,1.0,35,1.0
-tPCytz4rww$_$11,12,A,1,1.0,16,1.0
-tPCytz4rww$_$11,13,A,1,1.0,27,1.0
-tPCytz4rww$_$11,14,A,1,1.0,20,1.0
-tPCytz4rww$_$11,15,A,1,1.0,25,1.0
-tPCytz4rww$_$11,16,A,1,1.0,18,1.0
-tPCytz4rww$_$12,0,A,1,1.0,14,0.9999999999999999
-tPCytz4rww$_$12,1,A,1,1.0,20,1.0
-tPCytz4rww$_$12,2,A,1,1.0,16,1.0
-tPCytz4rww$_$12,3,A,1,1.0,16,1.0
-tPCytz4rww$_$12,4,A,1,1.0,22,1.0
-tPCytz4rww$_$12,5,A,1,1.0,26,1.0
-tPCytz4rww$_$12,6,A,1,1.0,18,0.9999999999999999
-tPCytz4rww$_$12,7,A,1,1.0,10,1.0
-tPCytz4rww$_$12,8,A,1,1.0,12,1.0
-tPCytz4rww$_$12,9,A,1,1.0,14,0.9999999999999999
-tPCytz4rww$_$12,10,A,1,1.0,53,1.0
-tPCytz4rww$_$12,11,A,1,1.0,14,1.0
-tPCytz4rww$_$12,12,A,1,1.0,53,0.9999999999999999
-tPCytz4rww$_$12,13,A,1,1.0,20,1.0000000000000002
-tPCytz4rww$_$12,14,A,1,1.0,39,1.0000000000000002
-tPCytz4rww$_$12,15,A,1,1.0,10,1.0
-tPCytz4rww$_$12,16,A,1,1.0,50,1.0
-tPCytz4rww$_$12,17,A,1,1.0,10,0.9999999999999999
-tPCytz4rww$_$12,18,A,1,1.0,25,1.0
-tPCytz4rww$_$12,19,A,1,1.0,16,1.0
-tPCytz4rww$_$12,20,A,1,1.0,36,1.0
-tPCytz4rww$_$12,21,A,1,1.0,18,1.0
-tPCytz4rww$_$12,22,A,1,1.0,52,1.0
-tPCytz4rww$_$12,23,A,1,1.0,16,1.0
-tPCytz4rww$_$12,24,A,1,1.0,39,0.9999999999999999
-tPCytz4rww$_$12,25,A,1,1.0,54,1.0000000000000002
-tPCytz4rww$_$16,0,A,1,1.0,26,1.0
-tPCytz4rww$_$16,1,A,1,1.0,18,1.0
-tPCytz4rww$_$16,2,A,1,1.0,24,1.0
-tPCytz4rww$_$16,3,A,1,1.0,32,1.0
-tPCytz4rww$_$16,4,A,1,1.0,14,1.0000000000000002
-tPCytz4rww$_$16,5,A,1,1.0,4,1.0
-tPCytz4rww$_$16,6,A,1,1.0,40,0.9999999999999999
-tPCytz4rww$_$16,7,A,1,1.0,10,0.9999999999999999
-tPCytz4rww$_$16,8,A,1,1.0,12,1.0
-tPCytz4rww$_$16,9,A,1,1.0,18,0.9999999999999999
-tPCytz4rww$_$16,10,A,1,1.0,6,1.0
-tPCytz4rww$_$16,11,A,1,1.0,36,1.0
-tPCytz4rww$_$16,12,A,1,1.0,43,1.0
-tPCytz4rww$_$16,13,A,1,1.0,12,0.9999999999999999
-tPCytz4rww$_$16,14,A,1,1.0,10,1.0
-tPCytz4rww$_$16,15,A,1,1.0,45,1.0
-tPCytz4rww$_$18,0,A,1,1.0,20,1.0
-tPCytz4rww$_$18,1,A,1,1.0,25,1.0
-tPCytz4rww$_$18,2,A,1,1.0,14,0.9999999999999999
-tPCytz4rww$_$18,3,A,1,1.0,10,1.0000000000000002
-tPCytz4rww$_$18,4,A,1,1.0,28,0.9999999999999998
-tPCytz4rww$_$18,5,A,1,1.0,25,1.0
-tPCytz4rww$_$18,6,A,1,1.0,26,1.0
-tPCytz4rww$_$18,7,A,1,1.0,22,1.0
-tPCytz4rww$_$18,8,A,1,1.0,20,0.9999999999999999
-tPCytz4rww$_$18,9,A,1,1.0,32,1.0
-tPCytz4rww$_$18,10,A,1,1.0,14,1.0
-tPCytz4rww$_$18,11,A,1,1.0,37,1.0
-tPCytz4rww$_$18,12,A,1,1.0,14,1.0
-tPCytz4rww$_$18,13,A,1,1.0,42,1.0
-tPCytz4rww$_$18,14,A,1,1.0,20,0.9999999999999999
-tPCytz4rww$_$18,15,A,1,1.0,64,0.9999999999999999
-uywlfIYOS8$_$4,0,A,1,1.0,97,1.0
-uywlfIYOS8$_$4,1,A,1,1.0,14,1.0
-uywlfIYOS8$_$4,2,A,1,1.0,14,1.0
-uywlfIYOS8$_$4,3,A,1,1.0,6,1.0
-uywlfIYOS8$_$4,4,A,1,1.0,46,0.9999999999999999
-uywlfIYOS8$_$4,5,A,1,1.0,24,1.0
-uywlfIYOS8$_$4,6,A,1,1.0,8,1.0
-uywlfIYOS8$_$4,7,A,1,1.0,18,1.0
-uywlfIYOS8$_$4,8,A,1,1.0,13,1.0000000000000002
-uywlfIYOS8$_$4,9,A,1,1.0,20,1.0
-uywlfIYOS8$_$4,10,A,1,1.0,8,1.0
-uywlfIYOS8$_$4,11,A,1,1.0,18,1.0
-uywlfIYOS8$_$4,12,A,1,1.0,16,1.0
-uywlfIYOS8$_$4,13,A,1,1.0,21,0.9999999999999999
-uywlfIYOS8$_$4,14,A,1,1.0,33,1.0000000000000002
-uywlfIYOS8$_$4,15,A,1,1.0,10,0.9999999999999999
-uywlfIYOS8$_$4,16,A,1,1.0,39,0.9999999999999999
-uywlfIYOS8$_$4,17,A,1,1.0,45,0.9999999999999999
-vxjVxOeScU$_$4,0,A,0,0.0,0,0.0
-vxjVxOeScU$_$4,1,A,0,0.0,0,0.0
-vxjVxOeScU$_$4,2,A,0,0.0,0,0.0
-vxjVxOeScU$_$4,3,A,0,0.0,0,0.0
-vxjVxOeScU$_$4,4,A,0,0.0,0,0.0
-vxjVxOeScU$_$4,5,A,0,0.0,0,0.0
-vxjVxOeScU$_$4,6,A,0,0.0,0,0.0
-vxjVxOeScU$_$4,7,A,0,0.0,0,0.0
-vxjVxOeScU$_$4,8,A,0,0.0,0,0.0
-vxjVxOeScU$_$4,9,A,0,0.0,0,0.0
-vxjVxOeScU$_$4,10,A,0,0.0,0,0.0
-vxjVxOeScU$_$4,11,A,0,0.0,0,0.0
-vxjVxOeScU$_$4,12,A,0,0.0,0,0.0
-vxjVxOeScU$_$4,13,A,0,0.0,0,0.0
-vxjVxOeScU$_$4,14,A,0,0.0,0,0.0
-vxjVxOeScU$_$4,15,A,0,0.0,0,0.0
-vxjVxOeScU$_$4,16,A,0,0.0,0,0.0
-vxjVxOeScU$_$4,17,A,0,0.0,0,0.0
-vxjVxOeScU$_$4,18,A,0,0.0,0,0.0
-vxjVxOeScU$_$4,19,A,0,0.0,0,0.0
-vxjVxOeScU$_$4,20,A,0,0.0,0,0.0
-wMB_hJL-3o$_$7,0,A,1,1.0,35,1.0
-wMB_hJL-3o$_$7,1,A,1,1.0,8,1.0
-wMB_hJL-3o$_$7,2,A,1,1.0,14,0.9999999999999999
-wMB_hJL-3o$_$7,3,A,1,1.0,12,1.0
-wMB_hJL-3o$_$7,4,A,1,1.0,4,0.9999999999999999
-wMB_hJL-3o$_$7,5,A,1,1.0,25,1.0
-wMB_hJL-3o$_$7,6,A,1,1.0,10,1.0000000000000002
-wMB_hJL-3o$_$7,7,A,1,1.0,12,1.0
-wMB_hJL-3o$_$7,8,A,1,1.0,8,1.0
-wMB_hJL-3o$_$7,9,A,1,1.0,65,0.9999999999999999
-wMB_hJL-3o$_$7,10,A,1,1.0,22,0.9999999999999998
-wMB_hJL-3o$_$7,11,A,1,1.0,10,1.0
-wMB_hJL-3o$_$7,12,A,1,1.0,16,1.0
-wMB_hJL-3o$_$7,13,A,1,1.0,8,1.0
-wMB_hJL-3o$_$7,14,A,1,1.0,8,1.0
-wMB_hJL-3o$_$7,15,A,1,1.0,25,0.9999999999999999
-wMB_hJL-3o$_$7,16,A,1,1.0,12,0.9999999999999999
-wMB_hJL-3o$_$7,17,A,1,1.0,12,1.0
-wMB_hJL-3o$_$7,18,A,1,1.0,18,1.0
-wMB_hJL-3o$_$7,19,A,1,1.0,19,1.0
-wMB_hJL-3o$_$7,20,A,1,1.0,24,1.0
-wMB_hJL-3o$_$7,21,A,1,1.0,34,0.9999999999999999
-wny0OAz3g8$_$0,0,A,1,1.0,23,1.0000000000000002
-wny0OAz3g8$_$0,1,A,1,1.0,24,1.0
-wny0OAz3g8$_$0,2,A,1,1.0,27,1.0
-wny0OAz3g8$_$0,3,A,1,1.0,25,1.0
-wny0OAz3g8$_$0,4,A,1,1.0,30,1.0
-wny0OAz3g8$_$0,5,A,1,1.0,24,0.9999999999999999
-wny0OAz3g8$_$0,6,A,1,1.0,33,1.0
-wny0OAz3g8$_$0,7,A,1,1.0,10,1.0
-wny0OAz3g8$_$0,8,A,1,1.0,27,0.9999999999999999
-wny0OAz3g8$_$1,0,A,1,1.0,10,1.0
-wny0OAz3g8$_$1,1,A,1,1.0,28,0.9999999999999999
-wny0OAz3g8$_$1,2,A,1,1.0,12,1.0
-wny0OAz3g8$_$1,3,A,1,1.0,24,1.0
-wny0OAz3g8$_$1,4,A,1,1.0,22,1.0
-wny0OAz3g8$_$1,5,A,1,1.0,37,1.0000000000000002
-wny0OAz3g8$_$1,6,A,1,1.0,18,1.0
-wny0OAz3g8$_$1,7,A,1,1.0,22,1.0
-wny0OAz3g8$_$1,8,A,1,1.0,33,1.0000000000000002
-wny0OAz3g8$_$1,9,A,1,1.0,28,1.0
-wny0OAz3g8$_$1,10,A,1,1.0,12,1.0
-wny0OAz3g8$_$1,11,A,1,1.0,63,1.0
-wny0OAz3g8$_$1,12,A,1,1.0,8,1.0
-wny0OAz3g8$_$1,13,A,1,1.0,26,1.0
-wny0OAz3g8$_$1,14,A,1,1.0,18,0.9999999999999999
-wny0OAz3g8$_$1,15,A,1,1.0,3,1.0
-wny0OAz3g8$_$1,16,A,1,1.0,16,0.9999999999999999
-wny0OAz3g8$_$1,17,A,1,1.0,22,1.0
-wny0OAz3g8$_$1,18,A,1,1.0,20,1.0
-wny0OAz3g8$_$1,19,A,1,1.0,23,0.9999999999999998
-wny0OAz3g8$_$1,20,A,1,1.0,14,0.9999999999999998
-wny0OAz3g8$_$1,21,A,1,1.0,32,1.0
-wny0OAz3g8$_$1,22,A,1,1.0,16,0.9999999999999998
-wny0OAz3g8$_$2,0,A,1,1.0,10,1.0
-wny0OAz3g8$_$2,1,A,1,1.0,33,1.0000000000000002
-wny0OAz3g8$_$2,2,A,1,1.0,12,0.9999999999999999
-wny0OAz3g8$_$2,3,A,1,1.0,25,1.0
-wny0OAz3g8$_$2,4,A,1,1.0,12,1.0
-wny0OAz3g8$_$2,5,A,1,1.0,19,1.0
-wny0OAz3g8$_$2,6,A,1,1.0,39,1.0
-wny0OAz3g8$_$2,7,A,1,1.0,23,1.0000000000000002
-wny0OAz3g8$_$2,8,A,1,1.0,39,0.9999999999999999
-wny0OAz3g8$_$2,9,A,1,1.0,12,1.0
-wny0OAz3g8$_$2,10,A,1,1.0,18,1.0
-wny0OAz3g8$_$2,11,A,1,1.0,12,0.9999999999999999
-wny0OAz3g8$_$2,12,A,1,1.0,10,0.9999999999999999
-wny0OAz3g8$_$2,13,A,1,1.0,8,1.0
-wny0OAz3g8$_$2,14,A,1,1.0,24,1.0
-wny0OAz3g8$_$2,15,A,1,1.0,24,1.0
-wny0OAz3g8$_$2,16,A,1,1.0,19,0.9999999999999999
-wny0OAz3g8$_$2,17,A,1,1.0,8,1.0
-wny0OAz3g8$_$2,18,A,1,1.0,39,1.0
-wny0OAz3g8$_$2,19,A,1,1.0,10,0.9999999999999999
-wny0OAz3g8$_$2,20,A,1,1.0,16,1.0
-wny0OAz3g8$_$2,21,A,1,1.0,35,1.0
-wny0OAz3g8$_$2,22,A,1,1.0,41,0.9999999999999999
-wny0OAz3g8$_$3,0,A,1,1.0,16,1.0
-wny0OAz3g8$_$3,1,A,1,1.0,16,1.0
-wny0OAz3g8$_$3,2,A,1,1.0,26,1.0
-wny0OAz3g8$_$3,3,A,1,1.0,8,1.0
-wny0OAz3g8$_$3,4,A,1,1.0,18,1.0
-wny0OAz3g8$_$3,5,A,1,1.0,30,1.0
-wny0OAz3g8$_$3,6,A,1,1.0,8,1.0
-wny0OAz3g8$_$3,7,A,1,1.0,28,0.9999999999999999
-wny0OAz3g8$_$3,8,A,1,1.0,9,1.0
-wny0OAz3g8$_$3,9,A,1,1.0,46,0.9999999999999998
-wny0OAz3g8$_$3,10,A,1,1.0,14,1.0
-wny0OAz3g8$_$3,11,A,1,1.0,34,1.0
-wny0OAz3g8$_$3,12,A,1,1.0,11,1.0
-wny0OAz3g8$_$3,13,A,1,1.0,20,1.0
-wny0OAz3g8$_$3,14,A,1,1.0,26,1.0
-wny0OAz3g8$_$3,15,A,1,1.0,26,1.0
-wny0OAz3g8$_$3,16,A,1,1.0,37,1.0
-wny0OAz3g8$_$3,17,A,1,1.0,20,0.9999999999999999
-wny0OAz3g8$_$3,18,A,1,1.0,16,1.0
-wny0OAz3g8$_$3,19,A,1,1.0,24,1.0
-wny0OAz3g8$_$5,0,A,1,1.0,16,1.0
-wny0OAz3g8$_$5,1,A,1,1.0,8,1.0
-wny0OAz3g8$_$5,2,A,1,1.0,20,0.9999999999999999
-wny0OAz3g8$_$5,3,A,1,1.0,19,1.0
-wny0OAz3g8$_$5,4,A,1,1.0,25,0.9999999999999999
-wny0OAz3g8$_$5,5,A,1,1.0,10,0.9999999999999999
-wny0OAz3g8$_$5,6,A,1,1.0,31,1.0000000000000002
-wny0OAz3g8$_$5,7,A,1,1.0,47,1.0
-wny0OAz3g8$_$5,8,A,1,1.0,29,1.0000000000000002
-wny0OAz3g8$_$5,9,A,1,1.0,6,1.0
-wny0OAz3g8$_$5,10,A,1,1.0,25,0.9999999999999999
-wny0OAz3g8$_$5,11,A,1,1.0,51,1.0000000000000002
-wny0OAz3g8$_$5,12,A,1,1.0,10,1.0
-wny0OAz3g8$_$5,13,A,1,1.0,29,0.9999999999999998
-wny0OAz3g8$_$5,14,A,1,1.0,60,1.0
-wny0OAz3g8$_$5,15,A,1,1.0,24,1.0
-wny0OAz3g8$_$5,16,A,1,1.0,22,0.9999999999999999
-wny0OAz3g8$_$5,17,A,1,1.0,11,1.0
-wny0OAz3g8$_$5,18,A,1,1.0,24,1.0
-wny0OAz3g8$_$5,19,A,1,1.0,31,1.0
-wny0OAz3g8$_$7,0,A,1,1.0,57,1.0
-wny0OAz3g8$_$7,1,A,1,1.0,8,1.0
-wny0OAz3g8$_$7,2,A,1,1.0,29,1.0
-wny0OAz3g8$_$7,3,A,1,1.0,22,1.0000000000000002
-wny0OAz3g8$_$7,4,A,1,1.0,10,1.0000000000000002
-wny0OAz3g8$_$7,5,A,1,1.0,10,1.0
-wny0OAz3g8$_$7,6,A,1,1.0,37,1.0
-wny0OAz3g8$_$7,7,A,1,1.0,8,1.0
-wny0OAz3g8$_$7,8,A,1,1.0,22,1.0000000000000002
-wny0OAz3g8$_$7,9,A,1,1.0,17,0.9999999999999999
-wny0OAz3g8$_$7,10,A,1,1.0,20,0.9999999999999999
-wny0OAz3g8$_$7,11,A,1,1.0,8,1.0
-wny0OAz3g8$_$7,12,A,1,1.0,3,1.0
-wny0OAz3g8$_$7,13,A,1,1.0,28,1.0000000000000002
-wny0OAz3g8$_$7,14,A,1,1.0,8,1.0
-wny0OAz3g8$_$7,15,A,1,1.0,50,0.9999999999999999
-wny0OAz3g8$_$7,16,A,1,1.0,8,1.0
-wny0OAz3g8$_$7,17,A,1,1.0,49,1.0
-wny0OAz3g8$_$7,18,A,1,1.0,12,0.9999999999999999
-wny0OAz3g8$_$7,19,A,1,1.0,45,1.0
-wny0OAz3g8$_$7,20,A,1,1.0,8,1.0
-wny0OAz3g8$_$7,21,A,1,1.0,38,1.0
-wny0OAz3g8$_$7,22,A,1,1.0,35,1.0
-wny0OAz3g8$_$7,23,A,1,1.0,21,1.0
-wny0OAz3g8$_$7,24,A,1,1.0,12,0.9999999999999999
-wny0OAz3g8$_$7,25,A,1,1.0,20,1.0000000000000002
-wny0OAz3g8$_$7,26,A,1,1.0,6,1.0
-wny0OAz3g8$_$7,27,A,1,1.0,40,1.0
-wny0OAz3g8$_$7,28,A,1,1.0,36,1.0
-wny0OAz3g8$_$9,0,A,1,1.0,10,1.0
-wny0OAz3g8$_$9,1,A,1,1.0,39,1.0
-wny0OAz3g8$_$9,2,A,1,1.0,14,1.0
-wny0OAz3g8$_$9,3,A,1,1.0,21,1.0
-wny0OAz3g8$_$9,4,A,1,1.0,10,1.0
-wny0OAz3g8$_$9,5,A,1,1.0,14,1.0
-wny0OAz3g8$_$9,6,A,1,1.0,46,1.0
-wny0OAz3g8$_$9,7,A,1,1.0,18,1.0
-wny0OAz3g8$_$9,8,A,1,1.0,9,1.0
-wny0OAz3g8$_$9,9,A,1,1.0,16,1.0
-wny0OAz3g8$_$9,10,A,1,1.0,19,1.0
-wny0OAz3g8$_$9,11,A,1,1.0,31,1.0
-wny0OAz3g8$_$9,12,A,1,1.0,45,1.0
-wny0OAz3g8$_$9,13,A,1,1.0,8,1.0
-wny0OAz3g8$_$9,14,A,1,1.0,22,0.9999999999999999
-wny0OAz3g8$_$9,15,A,1,1.0,8,1.0
-wny0OAz3g8$_$9,16,A,1,1.0,39,0.9999999999999999
-wny0OAz3g8$_$9,17,A,1,1.0,56,0.9999999999999999
-wny0OAz3g8$_$9,18,A,1,1.0,10,0.9999999999999999
-wny0OAz3g8$_$9,19,A,1,1.0,23,1.0
-yRb-Jum7EQ$_$1,0,A,1,1.0,16,1.0
-yRb-Jum7EQ$_$1,1,A,1,1.0,118,1.0000000000000002
-yRb-Jum7EQ$_$1,2,A,1,1.0,20,1.0
-yRb-Jum7EQ$_$1,3,A,1,1.0,32,1.0
-yRb-Jum7EQ$_$1,4,A,1,1.0,58,1.0
-yRb-Jum7EQ$_$1,5,A,1,1.0,18,1.0
-yRb-Jum7EQ$_$1,6,A,1,1.0,110,0.9999999999999998
-yRb-Jum7EQ$_$1,7,A,1,1.0,8,1.0
-yRb-Jum7EQ$_$1,8,A,1,1.0,32,1.0
-yRb-Jum7EQ$_$1,9,A,1,1.0,16,1.0
-yRb-Jum7EQ$_$1,10,A,1,1.0,27,1.0000000000000002
-yRb-Jum7EQ$_$1,11,A,1,1.0,46,1.0000000000000002
-yRb-Jum7EQ$_$1,12,A,1,1.0,56,1.0000000000000002
-yRb-Jum7EQ$_$1,13,A,1,1.0,94,1.0000000000000002
-yRb-Jum7EQ$_$1,14,A,1,1.0,14,1.0
-yRb-Jum7EQ$_$1,15,A,1,1.0,11,1.0
-yRb-Jum7EQ$_$1,16,A,1,1.0,14,1.0
-yRb-Jum7EQ$_$1,17,A,1,1.0,44,0.9999999999999999
-yRb-Jum7EQ$_$1,18,A,1,1.0,35,1.0
-yRb-Jum7EQ$_$1,19,A,1,1.0,36,1.0000000000000002
-yRb-Jum7EQ$_$1,20,A,1,1.0,24,1.0000000000000002
-yRb-Jum7EQ$_$1,21,A,1,1.0,18,1.0
-yRb-Jum7EQ$_$1,22,A,1,1.0,55,1.0
-yRb-Jum7EQ$_$1,23,A,1,1.0,8,1.0
-yRb-Jum7EQ$_$1,24,A,1,1.0,32,1.0
-yRb-Jum7EQ$_$1,25,A,1,1.0,28,1.0
-yRb-Jum7EQ$_$1,26,A,1,1.0,14,0.9999999999999999
-yRb-Jum7EQ$_$1,27,A,1,1.0,12,1.0
-yRb-Jum7EQ$_$1,28,A,1,1.0,26,1.0
-yRb-Jum7EQ$_$1,29,A,1,1.0,40,1.0
-yRb-Jum7EQ$_$1,30,A,1,1.0,34,1.0
-yRb-Jum7EQ$_$1,31,A,1,1.0,14,1.0
-yRb-Jum7EQ$_$1,32,A,1,1.0,27,0.9999999999999999
-yRb-Jum7EQ$_$1,33,A,1,1.0,98,1.0
-yRb-Jum7EQ$_$1,34,A,1,1.0,12,1.0
-yRb-Jum7EQ$_$1,35,A,1,1.0,131,0.9999999999999998
-yRb-Jum7EQ$_$1,36,A,1,1.0,14,1.0
-yRb-Jum7EQ$_$1,37,A,1,1.0,8,0.9999999999999999
-yRb-Jum7EQ$_$1,38,A,1,1.0,89,1.0
-yRb-Jum7EQ$_$1,39,A,1,1.0,104,0.9999999999999998
-yRb-Jum7EQ$_$1,40,A,1,1.0,89,1.0000000000000002
-yRb-Jum7EQ$_$1,41,A,1,1.0,54,1.0000000000000002
-yRb-Jum7EQ$_$1,42,A,1,1.0,60,1.0000000000000002
-yRb-Jum7EQ$_$1,43,A,1,1.0,46,1.0
-yRb-Jum7EQ$_$1,44,A,1,1.0,18,1.0
-yRb-Jum7EQ$_$1,45,A,1,1.0,14,1.0
-yRb-Jum7EQ$_$1,46,A,1,1.0,37,1.0
-yRb-Jum7EQ$_$1,47,A,1,1.0,12,1.0
-yRb-Jum7EQ$_$1,48,A,1,1.0,38,0.9999999999999999
-yRb-Jum7EQ$_$5,0,A,1,1.0,46,1.0000000000000002
-yRb-Jum7EQ$_$5,1,A,1,1.0,37,1.0
-yRb-Jum7EQ$_$5,2,A,1,1.0,46,1.0
-yRb-Jum7EQ$_$5,3,A,1,1.0,144,1.0
-yRb-Jum7EQ$_$5,4,A,1,1.0,26,1.0
-yRb-Jum7EQ$_$5,5,A,1,1.0,28,1.0
-yRb-Jum7EQ$_$5,6,A,1,1.0,14,1.0
-yRb-Jum7EQ$_$5,7,A,1,1.0,36,1.0
-yRb-Jum7EQ$_$5,8,A,1,1.0,101,1.0000000000000002
-yRb-Jum7EQ$_$5,9,A,1,1.0,37,0.9999999999999999
-yRb-Jum7EQ$_$5,10,A,1,1.0,8,1.0
-yRb-Jum7EQ$_$5,11,A,1,1.0,16,1.0
-yRb-Jum7EQ$_$5,12,A,1,1.0,12,1.0
-yRb-Jum7EQ$_$5,13,A,1,1.0,61,1.0000000000000004
-yRb-Jum7EQ$_$5,14,A,1,1.0,32,0.9999999999999999
-yRb-Jum7EQ$_$5,15,A,1,1.0,52,1.0
-yRb-Jum7EQ$_$5,16,A,1,1.0,20,1.0
-yRb-Jum7EQ$_$5,17,A,1,1.0,18,1.0
-yRb-Jum7EQ$_$5,18,A,1,1.0,20,0.9999999999999999
-yRb-Jum7EQ$_$5,19,A,1,1.0,14,1.0
-yRb-Jum7EQ$_$5,20,A,1,1.0,27,1.0
-yRb-Jum7EQ$_$5,21,A,1,1.0,50,1.0000000000000002
-yRb-Jum7EQ$_$5,22,A,1,1.0,6,1.0
-yRb-Jum7EQ$_$5,23,A,1,1.0,55,1.0
-yRb-Jum7EQ$_$5,24,A,1,1.0,54,1.0
-yRb-Jum7EQ$_$6,0,A,1,1.0,38,1.0
-yRb-Jum7EQ$_$6,1,A,1,1.0,10,1.0
-yRb-Jum7EQ$_$6,2,A,1,1.0,18,1.0
-yRb-Jum7EQ$_$6,3,A,1,1.0,12,1.0
-yRb-Jum7EQ$_$6,4,A,1,1.0,8,1.0
-yRb-Jum7EQ$_$6,5,A,1,1.0,26,1.0
-yRb-Jum7EQ$_$6,6,A,1,1.0,18,1.0
-yRb-Jum7EQ$_$6,7,A,1,1.0,32,1.0
-yRb-Jum7EQ$_$6,8,A,1,1.0,30,1.0
-yRb-Jum7EQ$_$6,9,A,1,1.0,16,1.0
-yRb-Jum7EQ$_$6,10,A,1,1.0,38,1.0
-yRb-Jum7EQ$_$6,11,A,1,1.0,36,1.0
-yRb-Jum7EQ$_$6,12,A,1,1.0,6,0.9999999999999999
-yRb-Jum7EQ$_$6,13,A,1,1.0,22,1.0000000000000002
-yRb-Jum7EQ$_$6,14,A,1,1.0,32,1.0
-yRb-Jum7EQ$_$6,15,A,1,1.0,12,1.0
-yRb-Jum7EQ$_$6,16,A,1,1.0,26,1.0
-yRb-Jum7EQ$_$6,17,A,1,1.0,20,0.9999999999999999
-yRb-Jum7EQ$_$6,18,A,1,1.0,70,0.9999999999999998
-3g5yACwYnA$_$13,0,V,1,0.8261625,39,1.0000000000000002
-3g5yACwYnA$_$13,1,V,1,1.0,4,1.0
-3g5yACwYnA$_$13,2,V,1,0.99390244,5,1.0
-3g5yACwYnA$_$13,3,V,1,1.0,3,0.9999999999999999
-3g5yACwYnA$_$13,4,V,1,0.8518519,7,1.0000000000000002
-3g5yACwYnA$_$13,5,V,1,0.8046875,14,0.9999999999999998
-3g5yACwYnA$_$13,6,V,1,0.5934959,3,1.0
-3g5yACwYnA$_$13,7,V,1,1.0,2,1.0
-3g5yACwYnA$_$13,8,V,1,0.76689976,5,1.0
-3g5yACwYnA$_$13,9,V,1,0.7484277,7,1.0
-3g5yACwYnA$_$13,10,V,1,0.81884056,6,1.0
-3g5yACwYnA$_$13,11,V,1,0.76566416,7,0.9999999999999999
-3g5yACwYnA$_$13,12,V,1,1.0,4,1.0
-3g5yACwYnA$_$13,13,V,1,0.75609756,2,1.0
-3g5yACwYnA$_$13,14,V,1,0.8787879,8,1.0
-3g5yACwYnA$_$2,0,V,1,0.85754985,13,1.0
-3g5yACwYnA$_$2,1,V,1,0.8073218,10,1.0
-3g5yACwYnA$_$2,2,V,1,0.8357964,6,1.0
-3g5yACwYnA$_$2,3,V,1,1.0,2,1.0
-3g5yACwYnA$_$2,4,V,1,0.8554131,13,1.0000000000000002
-3g5yACwYnA$_$2,5,V,1,0.8903509,9,1.0
-3g5yACwYnA$_$2,6,V,1,0.82886904,6,1.0
-3g5yACwYnA$_$2,7,V,1,0.67320263,3,1.0
-3g5yACwYnA$_$2,8,V,1,0.85085756,12,1.0
-3g5yACwYnA$_$2,9,V,1,1.0,5,1.0
-3g5yACwYnA$_$2,10,V,1,0.8627451,3,1.0
-3g5yACwYnA$_$2,11,V,1,0.8366013,6,1.0
-3g5yACwYnA$_$2,12,V,1,0.8041958,4,1.0000000000000002
-3g5yACwYnA$_$2,13,V,1,0.79492915,11,0.9999999999999999
-3g5yACwYnA$_$3,0,V,1,0.8312552,10,1.0
-3g5yACwYnA$_$3,1,V,1,1.0,3,1.0
-3g5yACwYnA$_$3,2,V,1,0.8158379,10,1.0
-3g5yACwYnA$_$3,3,V,1,0.8722861,7,1.0
-3g5yACwYnA$_$3,4,V,1,0.5,1,1.0
-3g5yACwYnA$_$3,5,V,1,0.85569984,13,0.9999999999999999
-3g5yACwYnA$_$3,6,V,1,0.8484849,7,1.0
-3g5yACwYnA$_$3,7,V,1,0.9375,3,1.0
-3g5yACwYnA$_$3,8,V,1,0.8084291,14,1.0000000000000004
-3g5yACwYnA$_$3,9,V,1,0.83416253,6,1.0
-3g5yACwYnA$_$3,10,V,1,0.84164685,11,0.9999999999999999
-3g5yACwYnA$_$3,11,V,1,0.87222224,4,1.0
-3g5yACwYnA$_$3,12,V,1,1.0,3,1.0
-3g5yACwYnA$_$3,13,V,1,0.669967,3,1.0
-3g5yACwYnA$_$3,14,V,1,0.78333336,2,1.0
-3g5yACwYnA$_$3,15,V,1,1.0,3,1.0
-3g5yACwYnA$_$3,16,V,1,0.84917045,12,1.0
-3g5yACwYnA$_$3,17,V,1,0.881376,8,1.0
-3g5yACwYnA$_$3,18,V,1,0.8281787,16,1.0
-3g5yACwYnA$_$3,19,V,1,1.0,4,1.0
-3g5yACwYnA$_$3,20,V,1,0.5833333,3,1.0
-3g5yACwYnA$_$3,21,V,1,0.81532776,10,1.0
-3g5yACwYnA$_$3,22,V,1,0.84917045,12,1.0
-3g5yACwYnA$_$3,23,V,1,0.6666667,3,1.0
-3g5yACwYnA$_$3,24,V,1,1.0,4,1.0
-3g5yACwYnA$_$3,25,V,1,0.9875,5,1.0
-3g5yACwYnA$_$3,26,V,1,0.8291874,5,1.0
-3g5yACwYnA$_$3,27,V,1,1.0,2,1.0
-3g5yACwYnA$_$3,28,V,1,0.76275206,7,0.9999999999999999
-3g5yACwYnA$_$9,0,V,1,1.0,4,1.0
-3g5yACwYnA$_$9,1,V,1,0.7352941,3,1.0
-3g5yACwYnA$_$9,2,V,1,0.81284153,6,1.0
-3g5yACwYnA$_$9,3,V,1,0.7942387,5,1.0
-3g5yACwYnA$_$9,4,V,1,0.8171846,14,1.0
-3g5yACwYnA$_$9,5,V,1,0.78070176,8,1.0
-3g5yACwYnA$_$9,6,V,1,1.0,3,1.0
-3g5yACwYnA$_$9,7,V,1,0.7652582,5,1.0
-3g5yACwYnA$_$9,8,V,1,0.8168498,6,0.9999999999999999
-3g5yACwYnA$_$9,9,V,1,0.669967,3,1.0
-3g5yACwYnA$_$9,10,V,1,0.8628258,7,1.0
-3g5yACwYnA$_$9,11,V,1,0.81785065,5,1.0
-3g5yACwYnA$_$9,12,V,1,0.5884774,2,1.0
-3g5yACwYnA$_$9,13,V,1,0.8418722,28,1.0000000000000002
-3g5yACwYnA$_$9,14,V,1,0.8357964,6,1.0
-3g5yACwYnA$_$9,15,V,1,0.8217822,3,1.0
-3g5yACwYnA$_$9,16,V,1,0.84313726,3,1.0
-3g5yACwYnA$_$9,17,V,1,0.74651456,7,1.0
-3g5yACwYnA$_$9,18,V,1,0.8435055,12,1.0
-3g5yACwYnA$_$9,19,V,1,0.83790374,14,0.9999999999999998
-3g5yACwYnA$_$9,20,V,1,0.793722,11,1.0
-3nNcZdcdvU$_$5,0,V,1,0.84090143,25,1.0
-3nNcZdcdvU$_$5,1,V,1,0.8732573,8,1.0
-3nNcZdcdvU$_$5,2,V,1,0.8754579,15,0.9999999999999999
-3nNcZdcdvU$_$5,3,V,1,0.94650203,3,1.0
-3nNcZdcdvU$_$5,4,V,1,0.8826291,9,0.9999999999999999
-3nNcZdcdvU$_$5,5,V,1,0.85169494,19,1.0
-3nNcZdcdvU$_$5,6,V,1,0.8349835,6,1.0
-3nNcZdcdvU$_$5,7,V,1,0.78073514,7,0.9999999999999999
-3nNcZdcdvU$_$5,8,V,1,0.669967,3,1.0
-3nNcZdcdvU$_$5,9,V,1,0.72677594,4,1.0
-3nNcZdcdvU$_$5,10,V,1,1.0,4,1.0
-3nNcZdcdvU$_$5,11,V,1,0.80101395,7,1.0
-3nNcZdcdvU$_$5,12,V,1,0.8062016,9,1.0000000000000002
-3nNcZdcdvU$_$5,13,V,1,1.0,2,1.0
-3nNcZdcdvU$_$5,14,V,1,0.7942387,5,1.0000000000000002
-3nNcZdcdvU$_$5,15,V,1,0.72677594,4,1.0
-3nNcZdcdvU$_$5,16,V,1,0.669967,3,1.0
-3nNcZdcdvU$_$5,17,V,1,0.8566308,13,0.9999999999999998
-571d8cVauQ$_$0,0,V,1,0.7311828,3,1.0
-571d8cVauQ$_$0,1,V,1,1.0,3,1.0
-571d8cVauQ$_$0,2,V,1,0.8912656,5,1.0
-571d8cVauQ$_$0,3,V,1,0.84313726,10,1.0000000000000002
-571d8cVauQ$_$0,4,V,1,0.8389694,6,0.9999999999999999
-571d8cVauQ$_$0,5,V,1,0.8538012,12,0.9999999999999998
-571d8cVauQ$_$0,6,V,1,0.8008386,12,1.0
-571d8cVauQ$_$0,7,V,1,1.0,3,1.0
-571d8cVauQ$_$0,8,V,1,0.834941,8,1.0
-571d8cVauQ$_$0,9,V,1,0.5107527,1,1.0
-571d8cVauQ$_$0,10,V,1,0.7991968,9,1.0
-571d8cVauQ$_$0,11,V,1,0.821269,11,0.9999999999999999
-571d8cVauQ$_$5,0,V,1,0.7652582,5,1.0
-571d8cVauQ$_$5,1,V,1,0.82101804,5,1.0
-571d8cVauQ$_$5,2,V,1,0.878876,10,1.0
-571d8cVauQ$_$5,3,V,1,1.0,3,1.0
-571d8cVauQ$_$5,4,V,1,0.8168498,5,0.9999999999999999
-571d8cVauQ$_$5,5,V,1,0.7652582,4,1.0
-571d8cVauQ$_$5,6,V,1,0.7942387,5,0.9999999999999999
-571d8cVauQ$_$5,7,V,1,1.0,3,1.0
-571d8cVauQ$_$5,8,V,1,0.82935154,16,1.0
-571d8cVauQ$_$5,9,V,1,0.8732573,8,1.0
-571d8cVauQ$_$5,10,V,1,0.8168498,10,0.9999999999999999
-571d8cVauQ$_$5,11,V,1,0.7475994,6,0.9999999999999999
-571d8cVauQ$_$5,12,V,1,1.0,4,1.0
-571d8cVauQ$_$5,13,V,1,0.77227724,3,1.0
-571d8cVauQ$_$5,14,V,1,0.7754821,6,0.9999999999999999
-571d8cVauQ$_$5,15,V,1,1.0,2,1.0
-571d8cVauQ$_$5,16,V,1,1.0,4,1.0
-571d8cVauQ$_$5,17,V,1,0.74651456,7,1.0
-571d8cVauQ$_$5,18,V,1,0.8357964,7,0.9999999999999999
-571d8cVauQ$_$5,19,V,1,0.7245179,4,0.9999999999999999
-571d8cVauQ$_$5,20,V,1,0.72677594,4,1.0
-571d8cVauQ$_$5,21,V,1,0.8168498,6,0.9999999999999999
-571d8cVauQ$_$5,22,V,1,0.8505232,7,0.9999999999999999
-571d8cVauQ$_$5,23,V,1,0.7245179,7,1.0
-571d8cVauQ$_$5,24,V,1,1.0,2,1.0
-571d8cVauQ$_$5,25,V,1,0.8498498,7,1.0
-571d8cVauQ$_$5,26,V,1,0.8632479,15,1.0000000000000004
-571d8cVauQ$_$5,27,V,1,0.7245179,4,1.0
-571d8cVauQ$_$5,28,V,1,1.0,2,1.0
-571d8cVauQ$_$5,29,V,1,0.8168498,6,0.9999999999999999
-571d8cVauQ$_$5,30,V,1,0.79360163,9,1.0
-571d8cVauQ$_$5,31,V,1,0.91358024,3,1.0
-571d8cVauQ$_$5,32,V,1,0.8349835,6,1.0
-571d8cVauQ$_$5,33,V,1,0.669967,3,1.0
-571d8cVauQ$_$5,34,V,1,0.7652582,4,1.0
-571d8cVauQ$_$5,35,V,1,0.82655036,9,1.0
-571d8cVauQ$_$5,36,V,1,0.8168498,5,0.9999999999999999
-571d8cVauQ$_$5,37,V,1,0.8168498,6,1.0
-571d8cVauQ$_$5,38,V,1,0.5884774,3,1.0
-571d8cVauQ$_$5,39,V,1,1.0,2,1.0
-571d8cVauQ$_$5,40,V,1,0.8628258,7,1.0
-571d8cVauQ$_$5,41,V,1,0.8682477,15,0.9999999999999999
-571d8cVauQ$_$5,42,V,1,0.88008803,8,1.0
-6rXp3zJ3kc$_$8,0,V,1,0.8349835,6,1.0
-6rXp3zJ3kc$_$8,1,V,1,0.74457216,7,1.0
-6rXp3zJ3kc$_$8,2,V,1,1.0,3,1.0
-6rXp3zJ3kc$_$8,3,V,1,0.8817967,8,1.0
-6rXp3zJ3kc$_$8,4,V,1,0.8346056,7,0.9999999999999999
-6rXp3zJ3kc$_$8,5,V,1,0.7888889,3,1.0
-6rXp3zJ3kc$_$8,6,V,1,0.8158379,6,1.0
-6rXp3zJ3kc$_$8,7,V,1,1.0,4,1.0
-6rXp3zJ3kc$_$8,8,V,1,0.92081034,5,1.0
-6rXp3zJ3kc$_$8,9,V,1,1.0,3,1.0
-6rXp3zJ3kc$_$8,10,V,1,0.79806364,6,1.0
-6rXp3zJ3kc$_$8,11,V,1,1.0,5,0.9999999999999999
-6rXp3zJ3kc$_$8,12,V,1,1.0,4,1.0
-6rXp3zJ3kc$_$8,13,V,1,0.7635934,4,1.0
-6rXp3zJ3kc$_$8,14,V,1,0.78401726,12,1.0
-6rXp3zJ3kc$_$8,15,V,1,0.8488613,5,1.0
-6rXp3zJ3kc$_$8,16,V,1,0.79911697,8,1.0
-6rXp3zJ3kc$_$8,17,V,1,0.8291874,5,1.0
-6rXp3zJ3kc$_$8,18,V,1,0.8964803,9,1.0
-6rXp3zJ3kc$_$8,19,V,1,0.5,1,1.0
-6rXp3zJ3kc$_$8,20,V,1,0.79296064,5,1.0
-6rXp3zJ3kc$_$8,21,V,1,1.0,3,1.0
-6rXp3zJ3kc$_$8,22,V,1,0.8163453,10,1.0
-6rXp3zJ3kc$_$8,23,V,1,0.85148513,3,1.0
-6rXp3zJ3kc$_$8,24,V,1,0.74554706,7,1.0
-6rXp3zJ3kc$_$8,25,V,1,1.0,4,1.0
-6rXp3zJ3kc$_$8,26,V,1,0.8056365,9,1.0
-6rXp3zJ3kc$_$8,27,V,1,0.74554706,7,0.9999999999999999
-6rXp3zJ3kc$_$8,28,V,1,1.0,3,1.0
-6rXp3zJ3kc$_$8,29,V,1,0.8896247,9,1.0
-6rXp3zJ3kc$_$8,30,V,1,0.7571644,6,1.0
-6rXp3zJ3kc$_$8,31,V,1,0.79296064,12,1.0
-6rXp3zJ3kc$_$8,32,V,1,0.78486997,7,0.9999999999999999
-6rXp3zJ3kc$_$8,33,V,1,0.8259356,11,1.0
-9y-fZ3swSY$_$0,0,V,1,0.8590786,4,1.0
-9y-fZ3swSY$_$0,1,V,1,1.0,2,1.0
-9y-fZ3swSY$_$0,2,V,1,0.7289973,3,1.0
-9y-fZ3swSY$_$0,3,V,1,0.8644986,7,0.9999999999999999
-9y-fZ3swSY$_$0,4,V,1,0.83988875,22,0.9999999999999999
-9y-fZ3swSY$_$0,5,V,1,0.45355192,2,1.0
-9y-fZ3swSY$_$0,6,V,1,0.87515604,8,1.0
-9y-fZ3swSY$_$0,7,V,1,0.8914224,9,0.9999999999999999
-9y-fZ3swSY$_$0,8,V,1,0.8914224,10,1.0
-9y-fZ3swSY$_$0,9,V,1,0.84099615,9,1.0
-9y-fZ3swSY$_$0,10,V,1,0.67320263,3,1.0
-9y-fZ3swSY$_$0,11,V,1,1.0,3,1.0
-9y-fZ3swSY$_$0,12,V,1,0.9570552,5,1.0
-9y-fZ3swSY$_$0,13,V,1,0.8193315,10,1.0
-9y-fZ3swSY$_$0,14,V,1,0.6763754,3,1.0
-9y-fZ3swSY$_$0,15,V,1,0.796748,5,0.9999999999999999
-9y-fZ3swSY$_$0,16,V,1,0.8518519,6,1.0000000000000002
-9y-fZ3swSY$_$0,17,V,1,0.837963,4,1.0
-9y-fZ3swSY$_$0,18,V,1,0.83739835,6,1.0
-9y-fZ3swSY$_$0,19,V,1,1.0,3,1.0
-9y-fZ3swSY$_$0,20,V,1,0.85314685,4,1.0
-9y-fZ3swSY$_$0,21,V,1,0.8308943,6,1.0
-9y-fZ3swSY$_$4,0,V,1,0.8435055,6,1.0
-9y-fZ3swSY$_$4,1,V,1,0.8726004,5,1.0
-9y-fZ3swSY$_$4,2,V,1,0.84118676,5,1.0
-9y-fZ3swSY$_$4,3,V,1,0.99607843,3,1.0
-9y-fZ3swSY$_$4,4,V,1,0.8033432,9,1.0
-9y-fZ3swSY$_$4,5,V,1,0.60784316,3,1.0
-9y-fZ3swSY$_$4,6,V,1,1.0,3,1.0
-9y-fZ3swSY$_$4,7,V,1,0.6855346,4,1.0
-9y-fZ3swSY$_$4,8,V,1,0.8440629,6,1.0
-9y-fZ3swSY$_$8,0,V,0,0.0,0,0.0
-9y-fZ3swSY$_$8,1,V,0,0.0,0,0.0
-9y-fZ3swSY$_$8,2,V,0,0.0,0,0.0
-9y-fZ3swSY$_$8,3,V,0,0.0,0,0.0
-9y-fZ3swSY$_$8,4,V,0,0.0,0,0.0
-9y-fZ3swSY$_$8,5,V,0,0.0,0,0.0
-9y-fZ3swSY$_$8,6,V,0,0.0,0,0.0
-9y-fZ3swSY$_$8,7,V,0,0.0,0,0.0
-9y-fZ3swSY$_$8,8,V,0,0.0,0,0.0
-9y-fZ3swSY$_$8,9,V,0,0.0,0,0.0
-9y-fZ3swSY$_$8,10,V,0,0.0,0,0.0
-9y-fZ3swSY$_$8,11,V,0,0.0,0,0.0
-AUZQgSxyPQ$_$2,0,V,1,0.83666664,3,1.0
-AUZQgSxyPQ$_$2,1,V,1,0.84892786,9,1.0
-AUZQgSxyPQ$_$2,2,V,1,0.8727735,8,1.0000000000000002
-AUZQgSxyPQ$_$2,3,V,1,0.8561549,7,0.9999999999999998
-AUZQgSxyPQ$_$2,4,V,1,1.0,4,1.0
-AUZQgSxyPQ$_$2,5,V,1,0.61748636,2,1.0
-AUZQgSxyPQ$_$2,6,V,1,0.85174954,19,0.9999999999999999
-AUZQgSxyPQ$_$2,7,V,1,0.81532776,10,1.0
-AUZQgSxyPQ$_$2,8,V,1,0.77375567,12,0.9999999999999999
-AUZQgSxyPQ$_$2,9,V,1,0.85435,9,1.0
-AUZQgSxyPQ$_$2,10,V,1,0.79296064,5,1.0000000000000002
-AUZQgSxyPQ$_$2,11,V,1,0.8220211,11,1.0
-AUZQgSxyPQ$_$2,12,V,1,0.83682376,10,1.0
-AUZQgSxyPQ$_$2,13,V,1,0.8333333,12,0.9999999999999999
-AUZQgSxyPQ$_$2,14,V,1,0.7037037,2,1.0
-AUZQgSxyPQ$_$2,15,V,1,0.8223801,15,1.0000000000000002
-AUZQgSxyPQ$_$2,16,V,1,0.8538012,19,0.9999999999999999
-AUZQgSxyPQ$_$2,17,V,1,0.84917045,12,0.9999999999999999
-AUZQgSxyPQ$_$2,18,V,1,0.8638247,15,0.9999999999999998
-AUZQgSxyPQ$_$2,19,V,1,0.45355192,2,1.0
-AUZQgSxyPQ$_$2,20,V,1,0.8364389,13,1.0
-AUZQgSxyPQ$_$2,21,V,1,0.7786999,6,1.0
-AUZQgSxyPQ$_$2,22,V,1,0.83416253,6,1.0
-AUZQgSxyPQ$_$2,23,V,1,0.7222222,4,1.0
-AUZQgSxyPQ$_$2,24,V,1,0.8011928,13,1.0
-AUZQgSxyPQ$_$2,25,V,1,1.0,4,1.0
-AUZQgSxyPQ$_$2,26,V,1,0.8420593,10,1.0
-AUZQgSxyPQ$_$2,27,V,1,0.8836968,9,1.0
-AUZQgSxyPQ$_$2,28,V,1,0.83961505,33,1.0
-AUZQgSxyPQ$_$2,29,V,1,0.83457404,11,1.0
-AUZQgSxyPQ$_$2,30,V,1,0.8747698,10,1.0
-AUZQgSxyPQ$_$2,31,V,1,0.8254799,10,1.0
-AUZQgSxyPQ$_$2,32,V,1,0.83416253,6,1.0
-AUZQgSxyPQ$_$2,33,V,1,0.87969095,8,1.0
-AUZQgSxyPQ$_$2,34,V,1,0.79253113,12,0.9999999999999999
-AUZQgSxyPQ$_$2,35,V,1,0.7635934,7,1.0
-AUZQgSxyPQ$_$2,36,V,1,0.89615786,9,1.0
-AUZQgSxyPQ$_$2,37,V,1,0.8616874,8,1.0
-AUZQgSxyPQ$_$2,38,V,1,0.8291874,10,1.0
-AUZQgSxyPQ$_$2,39,V,1,0.85172004,8,0.9999999999999998
-AUZQgSxyPQ$_$2,40,V,1,0.8726004,10,1.0
-HeZS2-Prhc$_$2,0,V,1,0.7245179,3,1.0
-HeZS2-Prhc$_$2,1,V,1,0.76442873,8,0.9999999999999999
-HeZS2-Prhc$_$2,2,V,1,0.79360163,9,1.0000000000000002
-HeZS2-Prhc$_$2,3,V,1,0.8062016,9,1.0
-HeZS2-Prhc$_$2,4,V,1,0.70957094,3,1.0
-HeZS2-Prhc$_$2,5,V,1,0.7652582,4,1.0
-HeZS2-Prhc$_$2,6,V,1,0.7652582,4,1.0
-HeZS2-Prhc$_$2,7,V,1,1.0,3,1.0
-HeZS2-Prhc$_$2,8,V,1,0.72677594,4,1.0
-HeZS2-Prhc$_$2,9,V,1,0.7942387,9,0.9999999999999999
-HeZS2-Prhc$_$2,10,V,1,0.82304525,12,1.0
-HeZS2-Prhc$_$2,11,V,1,1.0,4,1.0
-HeZS2-Prhc$_$2,12,V,1,0.8168498,10,1.0
-HeZS2-Prhc$_$2,13,V,1,0.7652582,4,1.0
-HeZS2-Prhc$_$2,14,V,1,0.8357964,6,0.9999999999999999
-HeZS2-Prhc$_$2,15,V,1,0.8644689,10,1.0
-HwX2H8Z4hY$_$2,0,V,0,0.0,0,0.0
-HwX2H8Z4hY$_$2,1,V,0,0.0,0,0.0
-HwX2H8Z4hY$_$2,2,V,0,0.0,0,0.0
-HwX2H8Z4hY$_$2,3,V,0,0.0,0,0.0
-HwX2H8Z4hY$_$2,4,V,0,0.0,0,0.0
-HwX2H8Z4hY$_$2,5,V,0,0.0,0,0.0
-HwX2H8Z4hY$_$2,6,V,0,0.0,0,0.0
-HwX2H8Z4hY$_$2,7,V,0,0.0,0,0.0
-HwX2H8Z4hY$_$5,0,V,0,0.0,0,0.0
-HwX2H8Z4hY$_$5,1,V,0,0.0,0,0.0
-HwX2H8Z4hY$_$5,2,V,0,0.0,0,0.0
-HwX2H8Z4hY$_$5,3,V,0,0.0,0,0.0
-HwX2H8Z4hY$_$5,4,V,0,0.0,0,0.0
-HwX2H8Z4hY$_$5,5,V,0,0.0,0,0.0
-HwX2H8Z4hY$_$5,6,V,0,0.0,0,0.0
-HwX2H8Z4hY$_$5,7,V,0,0.0,0,0.0
-HwX2H8Z4hY$_$5,8,V,0,0.0,0,0.0
-HwX2H8Z4hY$_$5,9,V,0,0.0,0,0.0
-HwX2H8Z4hY$_$6,0,V,0,0.0,0,0.0
-HwX2H8Z4hY$_$6,1,V,0,0.0,0,0.0
-HwX2H8Z4hY$_$6,2,V,0,0.0,0,0.0
-HwX2H8Z4hY$_$6,3,V,0,0.0,0,0.0
-HwX2H8Z4hY$_$6,4,V,0,0.0,0,0.0
-HwX2H8Z4hY$_$6,5,V,0,0.0,0,0.0
-HwX2H8Z4hY$_$6,6,V,0,0.0,0,0.0
-HwX2H8Z4hY$_$9,0,V,0,0.0,0,0.0
-HwX2H8Z4hY$_$9,1,V,0,0.0,0,0.0
-HwX2H8Z4hY$_$9,2,V,0,0.0,0,0.0
-HwX2H8Z4hY$_$9,3,V,1,0.43715847,4,1.0
-HwX2H8Z4hY$_$9,4,V,0,0.0,0,0.0
-HwX2H8Z4hY$_$9,5,V,1,1.0,3,1.0
-HwX2H8Z4hY$_$9,6,V,1,0.82101804,15,0.9999999999999999
-HwX2H8Z4hY$_$9,7,V,1,0.8505232,6,1.0
-HwX2H8Z4hY$_$9,8,V,1,0.72677594,4,1.0
-HwX2H8Z4hY$_$9,9,V,1,0.74897116,2,1.0
-HwX2H8Z4hY$_$9,10,V,1,0.8826291,8,1.0
-HwX2H8Z4hY$_$9,11,V,1,0.7793427,7,1.0
-HwX2H8Z4hY$_$9,12,V,1,0.35956284,4,1.0
-HwX2H8Z4hY$_$9,13,V,1,0.5300546,2,1.0
-HwX2H8Z4hY$_$9,14,V,0,0.0,0,0.0
-HwX2H8Z4hY$_$9,15,V,0,0.0,0,0.0
-HwX2H8Z4hY$_$9,16,V,0,0.0,0,0.0
-HwX2H8Z4hY$_$9,17,V,1,0.33663365,2,1.0
-HwX2H8Z4hY$_$9,18,V,1,1.0,3,1.0
-HwX2H8Z4hY$_$9,19,V,1,0.78070176,8,1.0
-HwX2H8Z4hY$_$9,20,V,1,1.0,3,1.0
-HwX2H8Z4hY$_$9,21,V,1,0.7896175,6,1.0
-I_e4mIh0yE$_$1,0,V,1,1.0,3,1.0
-I_e4mIh0yE$_$1,1,V,1,0.73224044,2,1.0
-I_e4mIh0yE$_$1,2,V,1,0.883856,8,1.0
-I_e4mIh0yE$_$1,3,V,1,0.7537415,6,1.0
-I_e4mIh0yE$_$1,4,V,1,0.6763754,3,1.0
-I_e4mIh0yE$_$1,5,V,1,0.8644986,7,0.9999999999999999
-I_e4mIh0yE$_$1,6,V,1,0.8630268,10,1.0000000000000002
-I_e4mIh0yE$_$1,7,V,1,0.85218036,12,1.0
-I_e4mIh0yE$_$1,8,V,1,1.0,4,1.0
-I_e4mIh0yE$_$1,9,V,1,0.6219512,2,1.0
-I_e4mIh0yE$_$1,10,V,1,0.8193315,10,1.0
-I_e4mIh0yE$_$1,11,V,1,0.67320263,3,1.0
-I_e4mIh0yE$_$1,12,V,1,0.85250735,7,1.0
-I_e4mIh0yE$_$1,13,V,1,0.8325203,11,1.0
-I_e4mIh0yE$_$1,14,V,1,1.0,2,1.0
-I_e4mIh0yE$_$1,15,V,1,0.83739835,11,1.0
-I_e4mIh0yE$_$1,16,V,1,0.88617885,3,1.0
-I_e4mIh0yE$_$1,17,V,1,0.74937344,7,1.0
-I_e4mIh0yE$_$3,0,V,1,1.0,4,1.0
-I_e4mIh0yE$_$3,1,V,1,0.8245614,15,1.0
-I_e4mIh0yE$_$3,2,V,1,0.72677594,4,1.0
-I_e4mIh0yE$_$3,3,V,1,0.795501,5,1.0
-I_e4mIh0yE$_$3,4,V,1,0.8336897,36,1.0
-I_e4mIh0yE$_$3,5,V,1,0.88304096,8,1.0
-I_e4mIh0yE$_$3,6,V,1,0.8797814,9,1.0
-I_e4mIh0yE$_$3,7,V,1,0.795501,13,0.9999999999999999
-I_e4mIh0yE$_$3,8,V,1,0.8169014,4,1.0
-I_e4mIh0yE$_$3,9,V,1,0.5027322,1,1.0
-I_e4mIh0yE$_$3,10,V,1,0.8357964,6,0.9999999999999999
-I_e4mIh0yE$_$3,11,V,1,1.0,3,1.0
-I_e4mIh0yE$_$3,12,V,1,0.72677594,3,1.0
-I_e4mIh0yE$_$3,13,V,1,0.863388,7,0.9999999999999999
-I_e4mIh0yE$_$3,14,V,1,0.63414633,2,1.0
-I_e4mIh0yE$_$3,15,V,1,0.9281046,3,0.9999999999999999
-I_e4mIh0yE$_$3,16,V,1,1.0,4,1.0
-I_e4mIh0yE$_$3,17,V,1,0.8357964,6,1.0
-I_e4mIh0yE$_$3,18,V,1,0.795501,5,1.0
-I_e4mIh0yE$_$3,19,V,1,1.0,3,1.0
-I_e4mIh0yE$_$3,20,V,1,0.8169557,9,1.0
-I_e4mIh0yE$_$3,21,V,1,0.89758456,10,1.0
-MeTTeMJBNc$_$0,0,V,1,0.86150235,8,1.0
-MeTTeMJBNc$_$0,1,V,1,1.0,5,1.0
-MeTTeMJBNc$_$0,2,V,1,0.8569385,13,0.9999999999999999
-MeTTeMJBNc$_$0,3,V,1,1.0,3,1.0
-MeTTeMJBNc$_$0,4,V,1,0.8168498,6,0.9999999999999999
-MeTTeMJBNc$_$0,5,V,1,0.8067633,10,1.0
-MeTTeMJBNc$_$0,6,V,1,0.8505232,7,1.0000000000000002
-MeTTeMJBNc$_$0,7,V,1,0.8505232,6,1.0
-MeTTeMJBNc$_$0,8,V,1,0.8048246,8,1.0
-MeTTeMJBNc$_$0,9,V,1,0.7942387,5,1.0
-MeTTeMJBNc$_$0,10,V,1,0.7652582,8,1.0
-MeTTeMJBNc$_$0,11,V,1,0.7948718,9,1.0
-MeTTeMJBNc$_$0,12,V,1,0.8505232,6,0.9999999999999999
-MeTTeMJBNc$_$0,13,V,1,0.84734297,9,1.0
-MeTTeMJBNc$_$0,14,V,1,0.8173516,9,1.0
-MeTTeMJBNc$_$0,15,V,1,0.5884774,2,1.0
-MeTTeMJBNc$_$0,16,V,1,1.0,3,1.0
-MeTTeMJBNc$_$0,17,V,1,0.83902234,20,1.0
-MeTTeMJBNc$_$0,18,V,1,1.0,4,1.0
-MeTTeMJBNc$_$0,19,V,1,0.77227724,3,1.0
-MeTTeMJBNc$_$0,20,V,1,0.8076063,11,1.0000000000000002
-MeTTeMJBNc$_$13,0,V,1,0.7311828,4,1.0
-MeTTeMJBNc$_$13,1,V,1,0.7979798,9,1.0
-MeTTeMJBNc$_$13,2,V,1,0.8531571,7,1.0
-MeTTeMJBNc$_$13,3,V,1,0.6763754,3,1.0
-MeTTeMJBNc$_$13,4,V,1,0.7685185,5,1.0
-MeTTeMJBNc$_$13,5,V,1,1.0,2,1.0
-MeTTeMJBNc$_$13,6,V,1,0.82949704,11,0.9999999999999999
-MeTTeMJBNc$_$13,7,V,1,0.8324958,16,1.0
-MeTTeMJBNc$_$13,8,V,1,0.935743,3,1.0
-MeTTeMJBNc$_$13,9,V,1,0.9354839,4,1.0
-MeTTeMJBNc$_$13,10,V,1,0.7289973,3,1.0
-MeTTeMJBNc$_$13,11,V,1,0.82949704,10,1.0
-MeTTeMJBNc$_$13,12,V,1,0.6763754,3,1.0
-MeTTeMJBNc$_$13,13,V,1,0.82030547,10,1.0
-MeTTeMJBNc$_$7,0,V,0,0.0,0,0.0
-MeTTeMJBNc$_$7,1,V,0,0.0,0,0.0
-MeTTeMJBNc$_$7,2,V,0,0.0,0,0.0
-MeTTeMJBNc$_$7,3,V,0,0.0,0,0.0
-MeTTeMJBNc$_$7,4,V,0,0.0,0,0.0
-MeTTeMJBNc$_$7,5,V,0,0.0,0,0.0
-MeTTeMJBNc$_$7,6,V,0,0.0,0,0.0
-MeTTeMJBNc$_$7,7,V,0,0.0,0,0.0
-MeTTeMJBNc$_$7,8,V,0,0.0,0,0.0
-MeTTeMJBNc$_$7,9,V,0,0.0,0,0.0
-MeTTeMJBNc$_$7,10,V,0,0.0,0,0.0
-MeTTeMJBNc$_$7,11,V,0,0.0,0,0.0
-MeTTeMJBNc$_$7,12,V,0,0.0,0,0.0
-MeTTeMJBNc$_$7,13,V,0,0.0,0,0.0
-MeTTeMJBNc$_$7,14,V,0,0.0,0,0.0
-MeTTeMJBNc$_$7,15,V,0,0.0,0,0.0
-MeTTeMJBNc$_$7,16,V,0,0.0,0,0.0
-MeTTeMJBNc$_$7,17,V,0,0.0,0,0.0
-MeTTeMJBNc$_$7,18,V,0,0.0,0,0.0
-MeTTeMJBNc$_$7,19,V,0,0.0,0,0.0
-MeTTeMJBNc$_$7,20,V,0,0.0,0,0.0
-MeTTeMJBNc$_$7,21,V,0,0.0,0,0.0
-MeTTeMJBNc$_$7,22,V,0,0.0,0,0.0
-MeTTeMJBNc$_$7,23,V,0,0.0,0,0.0
-MeTTeMJBNc$_$7,24,V,0,0.0,0,0.0
-MeTTeMJBNc$_$7,25,V,0,0.0,0,0.0
-MeTTeMJBNc$_$7,26,V,0,0.0,0,0.0
-MeTTeMJBNc$_$7,27,V,0,0.0,0,0.0
-MeTTeMJBNc$_$7,28,V,0,0.0,0,0.0
-MeTTeMJBNc$_$7,29,V,0,0.0,0,0.0
-MeTTeMJBNc$_$7,30,V,0,0.0,0,0.0
-NFrJFQijFE$_$1,0,V,0,0.0,0,0.0
-NFrJFQijFE$_$1,1,V,0,0.0,0,0.0
-NFrJFQijFE$_$1,2,V,0,0.0,0,0.0
-NFrJFQijFE$_$1,3,V,0,0.0,0,0.0
-NFrJFQijFE$_$1,4,V,0,0.0,0,0.0
-NFrJFQijFE$_$1,5,V,0,0.0,0,0.0
-NFrJFQijFE$_$1,6,V,0,0.0,0,0.0
-NFrJFQijFE$_$1,7,V,0,0.0,0,0.0
-NFrJFQijFE$_$1,8,V,0,0.0,0,0.0
-NFrJFQijFE$_$1,9,V,0,0.0,0,0.0
-NFrJFQijFE$_$1,10,V,0,0.0,0,0.0
-NFrJFQijFE$_$1,11,V,0,0.0,0,0.0
-NFrJFQijFE$_$1,12,V,0,0.0,0,0.0
-NFrJFQijFE$_$1,13,V,0,0.0,0,0.0
-NFrJFQijFE$_$1,14,V,0,0.0,0,0.0
-NFrJFQijFE$_$1,15,V,0,0.0,0,0.0
-NFrJFQijFE$_$2,0,V,0,0.0,0,0.0
-NFrJFQijFE$_$2,1,V,0,0.0,0,0.0
-NFrJFQijFE$_$2,2,V,0,0.0,0,0.0
-NFrJFQijFE$_$2,3,V,0,0.0,0,0.0
-NFrJFQijFE$_$2,4,V,0,0.0,0,0.0
-NFrJFQijFE$_$2,5,V,0,0.0,0,0.0
-NFrJFQijFE$_$2,6,V,0,0.0,0,0.0
-NFrJFQijFE$_$2,7,V,0,0.0,0,0.0
-NFrJFQijFE$_$2,8,V,0,0.0,0,0.0
-NFrJFQijFE$_$2,9,V,0,0.0,0,0.0
-NFrJFQijFE$_$2,10,V,0,0.0,0,0.0
-NFrJFQijFE$_$2,11,V,0,0.0,0,0.0
-NFrJFQijFE$_$2,12,V,0,0.0,0,0.0
-NFrJFQijFE$_$2,13,V,0,0.0,0,0.0
-NFrJFQijFE$_$2,14,V,0,0.0,0,0.0
-NFrJFQijFE$_$2,15,V,0,0.0,0,0.0
-NFrJFQijFE$_$2,16,V,0,0.0,0,0.0
-NFrJFQijFE$_$2,17,V,0,0.0,0,0.0
-RfYyzHpjk4$_$11,0,V,1,0.78091395,6,1.0
-RfYyzHpjk4$_$11,1,V,1,0.7991968,5,1.0
-RfYyzHpjk4$_$11,2,V,1,0.7311828,4,1.0
-RfYyzHpjk4$_$11,3,V,1,0.8538012,7,1.0
-RfYyzHpjk4$_$11,4,V,1,0.8091398,7,1.0
-RfYyzHpjk4$_$11,5,V,1,0.68608415,3,1.0
-RfYyzHpjk4$_$11,6,V,1,0.7979798,5,1.0
-RfYyzHpjk4$_$11,7,V,1,0.9569892,4,1.0
-RfYyzHpjk4$_$11,8,V,1,0.8463445,7,1.0
-RfYyzHpjk4$_$11,9,V,1,0.7985901,9,1.0
-RfYyzHpjk4$_$11,10,V,1,0.8661312,8,1.0
-RfYyzHpjk4$_$11,11,V,1,0.6763754,4,1.0
-RfYyzHpjk4$_$11,12,V,1,0.67948717,3,1.0
-RfYyzHpjk4$_$11,13,V,1,1.0,4,0.9999999999999998
-RfYyzHpjk4$_$11,14,V,1,0.95238096,1,1.0
-RfYyzHpjk4$_$11,15,V,1,0.77011496,5,1.0
-RfYyzHpjk4$_$11,16,V,1,0.08625731,1,1.0
-RfYyzHpjk4$_$2,0,V,1,0.67320263,3,1.0
-RfYyzHpjk4$_$2,1,V,1,1.0,4,0.9999999999999998
-RfYyzHpjk4$_$2,2,V,1,0.83916086,4,1.0
-RfYyzHpjk4$_$2,3,V,1,0.64166665,1,1.0
-RfYyzHpjk4$_$2,4,V,1,0.89463603,10,1.0
-RfYyzHpjk4$_$2,5,V,1,0.9057971,5,1.0
-RfYyzHpjk4$_$2,6,V,1,0.95098037,3,1.0
-RfYyzHpjk4$_$2,7,V,1,0.8010753,2,1.0
-RfYyzHpjk4$_$2,8,V,1,0.8474074,6,1.0
-RfYyzHpjk4$_$2,9,V,1,0.8518519,7,1.0
-RfYyzHpjk4$_$2,10,V,1,1.0,2,1.0
-RfYyzHpjk4$_$2,11,V,1,0.7704918,3,1.0
-RfYyzHpjk4$_$2,12,V,1,0.8469945,2,1.0
-RfYyzHpjk4$_$2,13,V,1,0.6503497,7,1.0000000000000002
-RfYyzHpjk4$_$2,14,V,1,0.67320263,3,1.0
-RfYyzHpjk4$_$2,15,V,1,1.0,4,1.0
-RfYyzHpjk4$_$2,16,V,1,0.5,1,1.0
-RfYyzHpjk4$_$2,17,V,1,0.8088578,4,1.0
-RfYyzHpjk4$_$2,18,V,1,1.0,2,1.0
-RfYyzHpjk4$_$2,19,V,1,0.80787706,9,1.0
-RfYyzHpjk4$_$2,20,V,1,0.72677594,4,1.0
-RfYyzHpjk4$_$2,21,V,1,0.8639456,7,1.0
-RfYyzHpjk4$_$2,22,V,1,0.8366013,6,1.0
-RfYyzHpjk4$_$2,23,V,1,1.0,3,1.0
-RfYyzHpjk4$_$2,24,V,1,0.796748,5,1.0
-RfYyzHpjk4$_$8,0,V,1,0.7245179,4,1.0
-RfYyzHpjk4$_$8,1,V,1,0.79976445,7,1.0
-RfYyzHpjk4$_$8,2,V,1,0.77226466,7,1.0
-RfYyzHpjk4$_$8,3,V,1,0.27722773,2,1.0
-RfYyzHpjk4$_$8,4,V,1,0.9506173,3,1.0
-RfYyzHpjk4$_$8,5,V,1,0.7635934,4,1.0
-RfYyzHpjk4$_$8,6,V,1,0.5884774,2,1.0
-RfYyzHpjk4$_$8,7,V,1,0.7942387,5,1.0
-RfYyzHpjk4$_$8,8,V,1,1.0,4,1.0
-RfYyzHpjk4$_$8,9,V,1,0.5884774,2,1.0
-RfYyzHpjk4$_$8,10,V,1,0.8349835,7,0.9999999999999998
-RfYyzHpjk4$_$8,11,V,1,0.7245179,3,1.0
-RfYyzHpjk4$_$8,12,V,1,0.7942387,5,0.9999999999999998
-RfYyzHpjk4$_$8,13,V,1,0.8732573,8,1.0
-RfYyzHpjk4$_$8,14,V,1,0.660066,4,1.0
-RfYyzHpjk4$_$8,15,V,1,1.0,2,1.0
-RfYyzHpjk4$_$8,16,V,1,0.76442873,7,1.0
-THoVjtIkeU$_$12,0,V,1,0.84869975,4,1.0
-THoVjtIkeU$_$12,1,V,1,0.98550725,5,1.0
-THoVjtIkeU$_$12,2,V,1,1.0,4,0.9999999999999999
-THoVjtIkeU$_$12,3,V,1,0.8148148,5,1.0
-THoVjtIkeU$_$12,4,V,1,0.6375,2,1.0
-THoVjtIkeU$_$12,5,V,1,0.83416253,11,1.0
-THoVjtIkeU$_$12,6,V,1,0.83416253,7,0.9999999999999999
-THoVjtIkeU$_$12,7,V,1,1.0,3,1.0
-THoVjtIkeU$_$12,8,V,1,0.7933884,3,1.0
-THoVjtIkeU$_$12,9,V,1,0.8044966,9,0.9999999999999999
-THoVjtIkeU$_$12,10,V,1,1.0,3,1.0
-THoVjtIkeU$_$12,11,V,1,0.79296064,5,1.0
-THoVjtIkeU$_$12,12,V,1,0.45355192,2,1.0
-THoVjtIkeU$_$12,13,V,1,0.7635934,4,1.0
-THoVjtIkeU$_$12,14,V,1,0.8671979,14,1.0000000000000002
-THoVjtIkeU$_$12,15,V,1,0.8402204,4,1.0
-THoVjtIkeU$_$12,16,V,1,0.88520974,9,1.0
-THoVjtIkeU$_$12,17,V,1,1.0,3,1.0
-THoVjtIkeU$_$12,18,V,1,0.84917045,12,1.0
-THoVjtIkeU$_$12,19,V,1,0.8360656,2,1.0
-THoVjtIkeU$_$12,20,V,1,0.83416253,6,1.0
-THoVjtIkeU$_$12,21,V,1,0.86592865,15,0.9999999999999999
-THoVjtIkeU$_$12,22,V,1,0.82670456,18,1.0
-THoVjtIkeU$_$12,23,V,1,0.8196916,7,1.0
-THoVjtIkeU$_$12,24,V,1,0.907919,10,0.9999999999999999
-THoVjtIkeU$_$12,25,V,1,0.8158379,6,1.0000000000000002
-THoVjtIkeU$_$12,26,V,1,1.0,3,1.0
-THoVjtIkeU$_$12,27,V,1,0.8291874,10,1.0
-THoVjtIkeU$_$12,28,V,1,1.0,3,1.0
-THoVjtIkeU$_$12,29,V,1,0.6111111,2,1.0
-THoVjtIkeU$_$12,30,V,1,1.0,4,1.0
-THoVjtIkeU$_$12,31,V,1,0.8015214,12,1.0
-THoVjtIkeU$_$12,32,V,1,1.0,3,1.0
-THoVjtIkeU$_$12,33,V,1,0.77650064,7,1.0
-THoVjtIkeU$_$12,34,V,1,0.6666667,3,1.0
-THoVjtIkeU$_$12,35,V,1,0.7619048,4,1.0
-THoVjtIkeU$_$12,36,V,1,0.83416253,6,1.0
-THoVjtIkeU$_$12,37,V,1,1.0,3,1.0
-THoVjtIkeU$_$12,38,V,1,0.7835498,12,1.0
-THoVjtIkeU$_$2,0,V,1,1.0,3,1.0
-THoVjtIkeU$_$2,1,V,1,0.7887517,6,0.9999999999999999
-THoVjtIkeU$_$2,2,V,1,0.8628258,7,1.0
-THoVjtIkeU$_$2,3,V,1,0.7942387,9,1.0
-THoVjtIkeU$_$2,4,V,1,1.0,4,1.0
-THoVjtIkeU$_$2,5,V,1,0.8250825,10,1.0
-THoVjtIkeU$_$2,6,V,1,0.8349835,11,1.0
-THoVjtIkeU$_$2,7,V,1,0.79296064,5,1.0
-THoVjtIkeU$_$2,8,V,1,0.8349835,6,1.0
-THoVjtIkeU$_$2,9,V,1,0.8056365,10,1.0
-THoVjtIkeU$_$6,0,V,1,0.8130081,2,1.0
-THoVjtIkeU$_$6,1,V,1,1.0,4,1.0
-THoVjtIkeU$_$6,2,V,0,0.0,0,0.0
-THoVjtIkeU$_$6,3,V,0,0.0,0,0.0
-THoVjtIkeU$_$6,4,V,0,0.0,0,0.0
-THoVjtIkeU$_$6,5,V,1,0.3415638,5,1.0
-THoVjtIkeU$_$6,6,V,1,0.45355192,2,1.0
-THoVjtIkeU$_$6,7,V,1,0.8168498,6,0.9999999999999999
-THoVjtIkeU$_$6,8,V,1,0.7942387,9,1.0
-THoVjtIkeU$_$6,9,V,1,0.8062016,9,1.0000000000000002
-THoVjtIkeU$_$6,10,V,1,0.5884774,3,1.0
-THoVjtIkeU$_$6,11,V,1,0.7652582,5,1.0
-THoVjtIkeU$_$6,12,V,1,0.855792,4,0.9999999999999999
-THoVjtIkeU$_$6,13,V,1,0.8356807,4,1.0
-THoVjtIkeU$_$6,14,V,1,1.0,4,1.0
-THoVjtIkeU$_$6,15,V,1,0.7507508,5,1.0
-THoVjtIkeU$_$6,16,V,1,0.8737374,8,1.0
-THoVjtIkeU$_$6,17,V,1,0.72677594,4,1.0
-THoVjtIkeU$_$6,18,V,1,1.0,2,1.0
-THoVjtIkeU$_$6,19,V,1,0.669967,3,1.0
-THoVjtIkeU$_$6,20,V,1,0.8357964,6,0.9999999999999999
-THoVjtIkeU$_$6,21,V,1,1.0,4,1.0
-THoVjtIkeU$_$6,22,V,1,0.8370702,6,1.0
-THoVjtIkeU$_$6,23,V,1,1.0,3,1.0
-THoVjtIkeU$_$6,24,V,1,0.78070176,8,1.0
-THoVjtIkeU$_$6,25,V,1,0.5925926,2,1.0
-THoVjtIkeU$_$6,26,V,1,0.9593496,3,1.0
-THoVjtIkeU$_$6,27,V,1,0.88584477,10,1.0
-THoVjtIkeU$_$6,28,V,1,1.0,2,1.0
-THoVjtIkeU$_$6,29,V,1,0.8079561,6,1.0
-UUCSKoHeMA$_$0,0,V,1,0.4918033,1,1.0
-UUCSKoHeMA$_$0,1,V,1,0.8277347,10,1.0
-UUCSKoHeMA$_$0,2,V,1,1.0,2,1.0
-UUCSKoHeMA$_$0,3,V,1,0.8487476,9,1.0
-UUCSKoHeMA$_$0,4,V,1,0.5884774,3,1.0
-UUCSKoHeMA$_$0,5,V,1,1.0,4,1.0
-UUCSKoHeMA$_$0,6,V,1,0.8216106,9,1.0
-UUCSKoHeMA$_$0,7,V,1,0.85494715,9,1.0
-UUCSKoHeMA$_$0,8,V,1,0.88304096,8,1.0
-UUCSKoHeMA$_$0,9,V,1,0.83299935,26,1.0
-UUCSKoHeMA$_$0,10,V,1,0.5884774,3,1.0
-UUCSKoHeMA$_$0,11,V,1,1.0,2,1.0
-UUCSKoHeMA$_$0,12,V,1,0.6831683,3,1.0
-UUCSKoHeMA$_$0,13,V,1,0.92896175,2,1.0
-UUCSKoHeMA$_$0,14,V,1,0.8639456,7,1.0
-UUCSKoHeMA$_$0,15,V,1,0.8742138,8,1.0
-UUCSKoHeMA$_$0,16,V,1,1.0,5,1.0
-UUCSKoHeMA$_$0,17,V,1,0.86366737,14,1.0000000000000002
-UacrmKiTn4$_$10,0,V,1,0.78142077,8,1.0
-UacrmKiTn4$_$10,1,V,1,1.0,3,1.0
-UacrmKiTn4$_$10,2,V,1,0.93004113,5,1.0
-UacrmKiTn4$_$10,3,V,1,1.0,3,0.9999999999999999
-UacrmKiTn4$_$10,4,V,1,0.8826291,8,1.0
-UacrmKiTn4$_$10,5,V,1,1.0,3,1.0
-UacrmKiTn4$_$10,6,V,1,0.7942387,5,1.0
-UacrmKiTn4$_$10,7,V,1,0.795501,5,1.0
-UacrmKiTn4$_$10,8,V,1,0.8357964,6,1.0
-UacrmKiTn4$_$10,9,V,1,0.8393632,18,1.0
-UacrmKiTn4$_$10,10,V,1,0.85119045,7,1.0000000000000002
-UacrmKiTn4$_$10,11,V,1,0.78142077,8,1.0000000000000002
-UacrmKiTn4$_$10,12,V,1,1.0,2,1.0
-UacrmKiTn4$_$10,13,V,1,0.8262295,16,1.0
-UacrmKiTn4$_$10,14,V,1,0.7934272,4,1.0
-UacrmKiTn4$_$10,15,V,1,0.8366013,6,0.9999999999999999
-UacrmKiTn4$_$10,16,V,1,0.76689976,4,1.0
-UacrmKiTn4$_$10,17,V,1,0.5884774,3,1.0
-UacrmKiTn4$_$4,0,V,1,0.8357964,6,1.0000000000000002
-UacrmKiTn4$_$4,1,V,1,0.74738413,5,1.0
-UacrmKiTn4$_$4,2,V,1,1.0,3,1.0
-UacrmKiTn4$_$4,3,V,1,0.7652582,4,1.0
-UacrmKiTn4$_$4,4,V,1,1.0,4,1.0
-UacrmKiTn4$_$4,5,V,1,0.8242531,15,1.0000000000000002
-UacrmKiTn4$_$4,6,V,1,1.0,5,1.0
-UacrmKiTn4$_$4,7,V,1,0.962963,3,1.0
-UacrmKiTn4$_$4,8,V,1,0.7942387,5,1.0
-UacrmKiTn4$_$4,9,V,1,0.8742138,8,1.0
-UacrmKiTn4$_$4,10,V,1,0.7242798,2,1.0
-UacrmKiTn4$_$4,11,V,1,0.8366013,6,0.9999999999999999
-UacrmKiTn4$_$4,12,V,1,0.89711934,3,1.0
-UacrmKiTn4$_$4,13,V,1,0.8302207,16,1.0
-UuX1xuaiiE$_$0,0,V,0,0.0,0,0.0
-UuX1xuaiiE$_$0,1,V,0,0.0,0,0.0
-UuX1xuaiiE$_$0,2,V,0,0.0,0,0.0
-UuX1xuaiiE$_$0,3,V,0,0.0,0,0.0
-UuX1xuaiiE$_$0,4,V,0,0.0,0,0.0
-UuX1xuaiiE$_$0,5,V,0,0.0,0,0.0
-UuX1xuaiiE$_$0,6,V,0,0.0,0,0.0
-UuX1xuaiiE$_$0,7,V,0,0.0,0,0.0
-UuX1xuaiiE$_$0,8,V,0,0.0,0,0.0
-UuX1xuaiiE$_$1,0,V,0,0.0,0,0.0
-UuX1xuaiiE$_$1,1,V,0,0.0,0,0.0
-UuX1xuaiiE$_$1,2,V,0,0.0,0,0.0
-UuX1xuaiiE$_$1,3,V,0,0.0,0,0.0
-UuX1xuaiiE$_$1,4,V,0,0.0,0,0.0
-UuX1xuaiiE$_$1,5,V,0,0.0,0,0.0
-UuX1xuaiiE$_$1,6,V,0,0.0,0,0.0
-UuX1xuaiiE$_$1,7,V,0,0.0,0,0.0
-UuX1xuaiiE$_$1,8,V,0,0.0,0,0.0
-UuX1xuaiiE$_$1,9,V,0,0.0,0,0.0
-UuX1xuaiiE$_$1,10,V,0,0.0,0,0.0
-UuX1xuaiiE$_$1,11,V,0,0.0,0,0.0
-UuX1xuaiiE$_$1,12,V,0,0.0,0,0.0
-UuX1xuaiiE$_$1,13,V,0,0.0,0,0.0
-UuX1xuaiiE$_$1,14,V,0,0.0,0,0.0
-UuX1xuaiiE$_$1,15,V,0,0.0,0,0.0
-UuX1xuaiiE$_$1,16,V,0,0.0,0,0.0
-UuX1xuaiiE$_$1,17,V,0,0.0,0,0.0
-UuX1xuaiiE$_$1,18,V,0,0.0,0,0.0
-UuX1xuaiiE$_$1,19,V,0,0.0,0,0.0
-UuX1xuaiiE$_$1,20,V,0,0.0,0,0.0
-UuX1xuaiiE$_$1,21,V,0,0.0,0,0.0
-UuX1xuaiiE$_$1,22,V,0,0.0,0,0.0
-UuX1xuaiiE$_$1,23,V,0,0.0,0,0.0
-UuX1xuaiiE$_$1,24,V,0,0.0,0,0.0
-UuX1xuaiiE$_$1,25,V,0,0.0,0,0.0
-UuX1xuaiiE$_$1,26,V,0,0.0,0,0.0
-UuX1xuaiiE$_$3,0,V,1,0.71568626,5,1.0
-UuX1xuaiiE$_$3,1,V,1,0.78213507,16,1.0
-UuX1xuaiiE$_$3,2,V,1,0.99728996,4,1.0
-UuX1xuaiiE$_$3,3,V,1,0.85119045,6,1.0
-UuX1xuaiiE$_$3,4,V,1,0.80787706,10,1.0
-UuX1xuaiiE$_$3,5,V,1,1.0,2,1.0
-UuX1xuaiiE$_$3,6,V,1,0.8005952,6,1.0
-UuX1xuaiiE$_$3,7,V,1,0.85928965,7,1.0
-UuX1xuaiiE$_$3,8,V,1,0.7861635,7,1.0
-UuX1xuaiiE$_$6,0,V,1,0.34146342,1,1.0
-UuX1xuaiiE$_$6,1,V,1,0.795501,5,1.0
-UuX1xuaiiE$_$6,2,V,1,1.0,3,1.0
-UuX1xuaiiE$_$6,3,V,1,0.81884056,6,0.9999999999999998
-UuX1xuaiiE$_$6,4,V,1,0.7741935,2,1.0
-UuX1xuaiiE$_$6,5,V,1,0.8366013,6,1.0
-UuX1xuaiiE$_$6,6,V,1,0.85588974,7,1.0
-UuX1xuaiiE$_$6,7,V,1,1.0,2,1.0
-UuX1xuaiiE$_$6,8,V,1,0.83739835,6,1.0
-UuX1xuaiiE$_$6,9,V,1,0.8449612,12,0.9999999999999999
-UuX1xuaiiE$_$6,10,V,1,0.67320263,3,1.0
-UuX1xuaiiE$_$6,11,V,1,1.0,2,1.0
-UuX1xuaiiE$_$6,12,V,1,0.84459984,12,1.0000000000000002
-UuX1xuaiiE$_$6,13,V,1,0.84700274,34,1.0
-UuX1xuaiiE$_$6,14,V,1,0.84227127,17,0.9999999999999999
-UuX1xuaiiE$_$6,15,V,1,0.8518519,7,1.0000000000000002
-UuX1xuaiiE$_$6,16,V,1,0.795501,5,1.0
-UuX1xuaiiE$_$6,17,V,1,0.8746867,8,1.0
-UuX1xuaiiE$_$6,18,V,1,0.45355192,2,1.0
-UuX1xuaiiE$_$6,19,V,1,0.81884056,5,1.0
-UuX1xuaiiE$_$6,20,V,1,0.81884056,5,1.0
-UuX1xuaiiE$_$6,21,V,1,0.8084291,9,1.0
-a55Q6RWvTA$_$3,0,V,1,0.7619048,5,1.0
-a55Q6RWvTA$_$3,1,V,1,0.79296064,5,1.0
-a55Q6RWvTA$_$3,2,V,1,0.84917045,6,0.9999999999999999
-a55Q6RWvTA$_$3,3,V,1,0.881376,9,1.0
-a55Q6RWvTA$_$3,4,V,1,0.815342,21,0.9999999999999999
-a55Q6RWvTA$_$3,5,V,1,0.97083336,3,1.0
-a55Q6RWvTA$_$3,6,V,1,1.0,5,1.0
-a55Q6RWvTA$_$3,7,V,1,0.8616874,7,1.0
-a55Q6RWvTA$_$3,8,V,1,0.7245179,4,1.0
-a55Q6RWvTA$_$3,9,V,1,0.76666665,3,1.0
-a55Q6RWvTA$_$3,10,V,1,0.7635934,5,1.0
-a55Q6RWvTA$_$3,11,V,1,0.84164685,12,0.9999999999999999
-a55Q6RWvTA$_$3,12,V,1,1.0,4,0.9999999999999999
-a55Q6RWvTA$_$3,13,V,1,0.8466135,13,1.0
-a55Q6RWvTA$_$3,14,V,1,1.0,4,1.0
-a55Q6RWvTA$_$3,15,V,1,0.8333333,5,1.0
-a55Q6RWvTA$_$3,16,V,1,1.0,2,1.0
-a55Q6RWvTA$_$3,17,V,1,0.7619048,5,1.0
-a55Q6RWvTA$_$3,18,V,1,0.84882843,12,0.9999999999999998
-a55Q6RWvTA$_$3,19,V,1,0.6666667,3,1.0
-a55Q6RWvTA$_$3,20,V,1,0.9111111,5,1.0
-a55Q6RWvTA$_$3,21,V,1,0.80246913,2,1.0
-a55Q6RWvTA$_$3,22,V,1,0.83416253,6,1.0
-a55Q6RWvTA$_$3,23,V,1,0.6666667,3,1.0
-a55Q6RWvTA$_$3,24,V,1,0.80506825,10,0.9999999999999999
-a55Q6RWvTA$_$3,25,V,1,0.85,3,1.0
-a55Q6RWvTA$_$3,26,V,1,0.74457216,7,1.0
-a55Q6RWvTA$_$3,27,V,1,0.8158379,5,1.0
-a55Q6RWvTA$_$3,28,V,1,0.79478055,7,1.0
-a55Q6RWvTA$_$3,29,V,1,0.79296064,5,1.0
-a55Q6RWvTA$_$3,30,V,1,0.8616874,7,1.0
-a55Q6RWvTA$_$3,31,V,1,0.7541478,5,1.0
-a55Q6RWvTA$_$3,32,V,1,1.0,5,1.0000000000000002
-a55Q6RWvTA$_$3,33,V,1,0.8291874,5,1.0
-a55Q6RWvTA$_$3,34,V,1,0.83416253,6,1.0
-a55Q6RWvTA$_$3,35,V,1,1.0,3,1.0
-a55Q6RWvTA$_$3,36,V,1,0.8310709,6,1.0
-a55Q6RWvTA$_$3,37,V,1,0.8877888,3,1.0
-a55Q6RWvTA$_$3,38,V,1,0.83383185,26,0.9999999999999999
-a55Q6RWvTA$_$3,39,V,1,0.889258,9,1.0
-a55Q6RWvTA$_$3,40,V,1,1.0,2,1.0
-a55Q6RWvTA$_$3,41,V,1,0.8182762,33,1.0
-a55Q6RWvTA$_$3,42,V,1,0.8616874,8,1.0
-a55Q6RWvTA$_$3,43,V,1,0.7222222,4,1.0
-a55Q6RWvTA$_$3,44,V,1,1.0,2,1.0
-a55Q6RWvTA$_$3,45,V,1,0.84917045,6,1.0
-a55Q6RWvTA$_$3,46,V,1,0.8964803,10,1.0
-a55Q6RWvTA$_$3,47,V,1,0.9,3,1.0
-a55Q6RWvTA$_$3,48,V,1,1.0,2,1.0
-a55Q6RWvTA$_$3,49,V,1,0.82051283,6,1.0
-a55Q6RWvTA$_$3,50,V,1,0.86654806,15,1.0
-a55Q6RWvTA$_$3,51,V,1,0.8281787,15,1.0000000000000004
-a55Q6RWvTA$_$3,52,V,1,1.0,3,1.0
-a55Q6RWvTA$_$3,53,V,1,0.88261354,8,0.9999999999999999
-a55Q6RWvTA$_$3,54,V,1,0.8148148,5,1.0
-a55Q6RWvTA$_$3,55,V,1,0.45355192,1,1.0
-a55Q6RWvTA$_$3,56,V,1,1.0,5,1.0
-a55Q6RWvTA$_$3,57,V,1,0.83416253,11,1.0
-a55Q6RWvTA$_$3,58,V,1,0.7619048,5,0.9999999999999999
-a55Q6RWvTA$_$3,59,V,1,0.8158379,6,0.9999999999999999
-a55Q6RWvTA$_$3,60,V,1,0.7635934,4,1.0
-a55Q6RWvTA$_$3,61,V,1,0.8671979,14,0.9999999999999999
-a55Q6RWvTA$_$3,62,V,1,0.81532776,10,1.0
-a55Q6RWvTA$_$3,63,V,1,0.86951363,8,1.0
-a55Q6RWvTA$_$3,64,V,1,0.82846004,9,1.0000000000000002
-aNfi7CP8vM$_$7,0,V,1,0.81984586,26,1.0
-aNfi7CP8vM$_$7,1,V,1,0.9795501,5,1.0
-aNfi7CP8vM$_$7,2,V,1,1.0,4,1.0
-aNfi7CP8vM$_$7,3,V,1,1.0,5,1.0
-aNfi7CP8vM$_$7,4,V,1,0.85085756,12,0.9999999999999999
-aNfi7CP8vM$_$7,5,V,1,0.795501,9,1.0
-aNfi7CP8vM$_$7,6,V,1,0.8440546,23,1.0000000000000002
-aNfi7CP8vM$_$7,7,V,1,0.8366013,7,0.9999999999999999
-aNfi7CP8vM$_$7,8,V,1,0.83916086,4,1.0
-aNfi7CP8vM$_$7,9,V,1,0.8361998,12,1.0
-aNfi7CP8vM$_$7,10,V,1,0.8943089,2,1.0
-aNfi7CP8vM$_$7,11,V,1,0.8360656,17,1.0
-aNfi7CP8vM$_$7,12,V,1,0.72677594,3,1.0
-aNfi7CP8vM$_$7,13,V,1,0.7942387,5,1.0000000000000002
-aNfi7CP8vM$_$7,14,V,1,0.81785065,5,1.0
-aNfi7CP8vM$_$7,15,V,1,0.8505232,7,0.9999999999999999
-aNfi7CP8vM$_$7,16,V,1,0.85578233,7,1.0
-aNfi7CP8vM$_$7,17,V,1,0.83854944,17,1.0
-aqamKhZ1Ec$_$0,0,V,1,0.8502994,18,0.9999999999999999
-aqamKhZ1Ec$_$0,1,V,1,0.83402973,36,0.9999999999999999
-aqamKhZ1Ec$_$0,2,V,1,0.7635934,4,1.0
-aqamKhZ1Ec$_$0,3,V,1,0.80046946,4,0.9999999999999999
-aqamKhZ1Ec$_$0,4,V,1,0.84928495,8,0.9999999999999999
-aqamKhZ1Ec$_$0,5,V,1,0.8566308,13,1.0000000000000002
-aqamKhZ1Ec$_$0,6,V,1,0.84313726,11,1.0000000000000002
-aqamKhZ1Ec$_$0,7,V,1,0.85243744,13,0.9999999999999998
-aqamKhZ1Ec$_$0,8,V,1,0.669967,3,1.0
-aqamKhZ1Ec$_$0,9,V,1,0.8448143,55,1.0
-aqamKhZ1Ec$_$0,10,V,1,0.8349835,11,0.9999999999999999
-aqamKhZ1Ec$_$0,11,V,1,1.0,2,1.0
-aqamKhZ1Ec$_$0,12,V,1,0.82437277,12,1.0000000000000002
-aqamKhZ1Ec$_$0,13,V,1,0.83870965,12,0.9999999999999998
-dxfTGcXJoc$_$0,0,V,0,0.0,0,0.0
-dxfTGcXJoc$_$0,1,V,0,0.0,0,0.0
-dxfTGcXJoc$_$0,2,V,0,0.0,0,0.0
-dxfTGcXJoc$_$0,3,V,0,0.0,0,0.0
-dxfTGcXJoc$_$0,4,V,0,0.0,0,0.0
-dxfTGcXJoc$_$0,5,V,0,0.0,0,0.0
-dxfTGcXJoc$_$0,6,V,0,0.0,0,0.0
-dxfTGcXJoc$_$0,7,V,0,0.0,0,0.0
-dxfTGcXJoc$_$0,8,V,1,0.660066,2,1.0
-dxfTGcXJoc$_$0,9,V,1,0.8896247,9,1.0
-dxfTGcXJoc$_$0,10,V,1,0.90123457,3,1.0
-dxfTGcXJoc$_$0,11,V,1,0.815735,8,1.0
-dxfTGcXJoc$_$0,12,V,1,0.7037037,2,1.0
-dxfTGcXJoc$_$0,13,V,1,0.8158379,5,1.0
-dxfTGcXJoc$_$0,14,V,1,0.8158379,6,1.0
-dxfTGcXJoc$_$0,15,V,1,0.8274672,25,1.0
-dxfTGcXJoc$_$0,16,V,1,0.8385795,21,0.9999999999999998
-dxfTGcXJoc$_$0,17,V,1,0.669967,3,1.0
-dxfTGcXJoc$_$0,18,V,1,0.8344371,16,0.9999999999999998
-dxfTGcXJoc$_$0,19,V,1,0.8423956,11,1.0000000000000002
-dxfTGcXJoc$_$0,20,V,1,0.5833333,2,1.0
-dxfTGcXJoc$_$0,21,V,1,0.79296064,5,1.0
-dxfTGcXJoc$_$0,22,V,1,0.7245179,4,1.0
-dxfTGcXJoc$_$0,23,V,1,0.8495109,12,1.0
-dxfTGcXJoc$_$0,24,V,1,0.8964803,9,1.0
-dxfTGcXJoc$_$0,25,V,1,0.669967,3,1.0
-dxfTGcXJoc$_$0,26,V,1,0.83416253,6,1.0
-dxfTGcXJoc$_$0,27,V,1,0.7245179,3,1.0
-dxfTGcXJoc$_$0,28,V,1,0.8168498,5,0.9999999999999999
-dxfTGcXJoc$_$0,29,V,1,0.8254799,11,1.0
-dxfTGcXJoc$_$0,30,V,1,1.0,4,1.0
-dxfTGcXJoc$_$0,31,V,1,0.8158379,10,1.0
-dxfTGcXJoc$_$0,32,V,1,0.7560664,6,1.0
-dxfTGcXJoc$_$0,33,V,1,0.8200144,24,1.0
-dxfTGcXJoc$_$0,34,V,1,0.669967,4,0.9999999999999999
-dxfTGcXJoc$_$0,35,V,1,0.8423956,22,1.0
-dxfTGcXJoc$_$0,36,V,1,0.5884774,3,1.0
-dxfTGcXJoc$_$0,37,V,1,0.8344919,27,0.9999999999999999
-dxfTGcXJoc$_$0,38,V,1,0.5884774,2,1.0
-dxfTGcXJoc$_$0,39,V,1,0.8964803,9,1.0
-dxfTGcXJoc$_$0,40,V,1,0.8674619,14,1.0
-dxfTGcXJoc$_$1,0,V,1,0.7245179,3,1.0
-dxfTGcXJoc$_$1,1,V,1,1.0,4,1.0
-dxfTGcXJoc$_$1,2,V,1,0.862259,7,1.0000000000000002
-dxfTGcXJoc$_$1,3,V,1,0.79360163,9,1.0
-dxfTGcXJoc$_$1,4,V,1,0.8727735,8,1.0
-dxfTGcXJoc$_$1,5,V,1,0.85196686,9,1.0
-dxfTGcXJoc$_$1,6,V,1,1.0,3,1.0
-dxfTGcXJoc$_$1,7,V,1,0.8339947,13,0.9999999999999999
-dxfTGcXJoc$_$1,8,V,1,0.8830228,9,0.9999999999999999
-dxfTGcXJoc$_$1,9,V,1,0.6666667,3,1.0
-dxfTGcXJoc$_$1,10,V,1,0.8498498,7,1.0
-dxfTGcXJoc$_$1,11,V,1,0.862259,13,1.0
-dxfTGcXJoc$_$1,12,V,1,0.85299146,15,0.9999999999999998
-dxfTGcXJoc$_$1,13,V,1,0.8423956,12,1.0000000000000002
-dxfTGcXJoc$_$1,14,V,1,0.6666667,3,0.9999999999999999
-dxfTGcXJoc$_$1,15,V,1,0.8191001,18,1.0
-dxfTGcXJoc$_$1,16,V,1,0.8819876,5,1.0
-dxfTGcXJoc$_$1,17,V,1,0.5884774,2,1.0
-dxfTGcXJoc$_$1,18,V,1,0.84,17,1.0
-dxfTGcXJoc$_$1,19,V,1,0.5884774,3,1.0
-dxfTGcXJoc$_$1,20,V,1,0.93939394,4,1.0
-dxfTGcXJoc$_$1,21,V,1,0.80506825,9,1.0
-dxfTGcXJoc$_$1,22,V,1,0.7933884,13,1.0
-dxfTGcXJoc$_$1,23,V,1,0.8165138,15,0.9999999999999999
-dxfTGcXJoc$_$1,24,V,1,0.8015873,13,1.0
-dxfTGcXJoc$_$1,25,V,1,0.8695652,5,1.0
-dxfTGcXJoc$_$1,26,V,1,1.0,4,1.0
-dxfTGcXJoc$_$1,27,V,1,0.7613169,2,1.0
-dxfTGcXJoc$_$1,28,V,1,0.79296064,5,1.0000000000000002
-dxfTGcXJoc$_$1,29,V,1,0.8349835,6,0.9999999999999999
-dxfTGcXJoc$_$1,30,V,1,0.7882883,11,1.0
-dxfTGcXJoc$_$1,31,V,1,0.8259356,10,1.0
-dxfTGcXJoc$_$1,32,V,1,0.7942387,5,1.0
-dxfTGcXJoc$_$1,33,V,1,0.8349835,6,0.9999999999999999
-dxfTGcXJoc$_$1,34,V,1,0.73333335,2,1.0
-dxfTGcXJoc$_$1,35,V,1,0.8091603,14,0.9999999999999999
-dxfTGcXJoc$_$2,0,V,1,0.44444445,2,1.0
-dxfTGcXJoc$_$2,1,V,1,0.8194294,23,1.0000000000000004
-dxfTGcXJoc$_$2,2,V,1,0.8080614,14,1.0000000000000002
-dxfTGcXJoc$_$2,3,V,1,0.7982854,17,1.0
-dxfTGcXJoc$_$2,4,V,1,0.82788295,15,1.0000000000000002
-dxfTGcXJoc$_$2,5,V,1,0.8393756,17,0.9999999999999999
-dxfTGcXJoc$_$2,6,V,1,0.6666667,2,1.0
-dxfTGcXJoc$_$2,7,V,1,0.83374894,11,1.0
-dxfTGcXJoc$_$2,8,V,1,0.80332613,12,1.0
-dxfTGcXJoc$_$2,9,V,1,0.9190476,4,1.0
-dxfTGcXJoc$_$2,10,V,1,0.8203704,5,1.0
-dxfTGcXJoc$_$2,11,V,1,1.0,5,1.0
-dxfTGcXJoc$_$2,12,V,1,0.8888889,9,1.0
-dxfTGcXJoc$_$2,13,V,1,0.8052257,11,0.9999999999999999
-dxfTGcXJoc$_$2,14,V,1,0.7619048,4,1.0
-dxfTGcXJoc$_$2,15,V,1,1.0,3,1.0
-dxfTGcXJoc$_$2,16,V,1,0.5833333,2,1.0
-dxfTGcXJoc$_$2,17,V,1,0.81532776,10,1.0
-dxfTGcXJoc$_$2,18,V,1,0.8616874,14,1.0000000000000002
-dxfTGcXJoc$_$2,19,V,1,1.0,4,1.0
-dxfTGcXJoc$_$2,20,V,1,0.8958333,10,1.0
-dxfTGcXJoc$_$2,21,V,1,0.8484849,6,1.0
-dxfTGcXJoc$_$2,22,V,1,1.0,3,1.0
-dxfTGcXJoc$_$2,23,V,1,0.90224826,10,1.0
-dxfTGcXJoc$_$2,24,V,1,0.86013556,14,1.0
-dxfTGcXJoc$_$2,25,V,1,0.82533824,14,0.9999999999999999
-dxfTGcXJoc$_$2,26,V,1,0.9375,3,1.0
-dxfTGcXJoc$_$2,27,V,1,0.6333333,2,1.0
-dxfTGcXJoc$_$2,28,V,1,0.8522073,14,0.9999999999999998
-dxfTGcXJoc$_$2,29,V,1,0.84164685,12,0.9999999999999999
-dxfTGcXJoc$_$2,30,V,1,1.0,3,1.0
-dxfTGcXJoc$_$2,31,V,1,0.7835498,12,1.0
-dxfTGcXJoc$_$2,32,V,1,0.81532776,9,0.9999999999999999
-dxfTGcXJoc$_$2,33,V,1,0.82030547,19,1.0000000000000002
-dxfTGcXJoc$_$6,0,V,1,0.8677249,14,0.9999999999999999
-dxfTGcXJoc$_$6,1,V,1,0.8104575,22,0.9999999999999997
-dxfTGcXJoc$_$6,2,V,1,0.8142077,2,1.0
-dxfTGcXJoc$_$6,3,V,1,1.0,5,1.0
-dxfTGcXJoc$_$6,4,V,1,0.79360163,9,1.0
-dxfTGcXJoc$_$6,5,V,1,0.8259356,11,1.0000000000000002
-dxfTGcXJoc$_$6,6,V,1,0.85324234,15,0.9999999999999999
-dxfTGcXJoc$_$6,7,V,1,0.8730159,15,0.9999999999999998
-dxfTGcXJoc$_$6,8,V,1,0.82838285,3,1.0
-dxfTGcXJoc$_$6,9,V,1,1.0,4,1.0
-dxfTGcXJoc$_$6,10,V,1,0.8727735,15,1.0000000000000002
-dxfTGcXJoc$_$6,11,V,1,0.8163453,10,1.0
-dxfTGcXJoc$_$6,12,V,1,0.7635934,4,1.0
-dxfTGcXJoc$_$6,13,V,1,0.8349835,6,1.0
-dxfTGcXJoc$_$6,14,V,1,0.7635934,5,1.0
-dxfTGcXJoc$_$6,15,V,1,0.8234127,13,1.0000000000000002
-dxfTGcXJoc$_$6,16,V,1,0.8563218,13,1.0
-dxfTGcXJoc$_$6,17,V,1,0.5884774,3,1.0
-dxfTGcXJoc$_$6,18,V,1,0.8163453,19,0.9999999999999999
-dxfTGcXJoc$_$6,19,V,1,0.7942387,5,1.0
-dxfTGcXJoc$_$6,20,V,1,0.8498498,6,1.0
-dxfTGcXJoc$_$6,21,V,1,0.7635934,4,1.0
-dxfTGcXJoc$_$6,22,V,1,0.7245179,4,0.9999999999999998
-dxfTGcXJoc$_$6,23,V,1,0.909465,3,1.0
-dxfTGcXJoc$_$6,24,V,1,0.83457404,11,1.0
-dxfTGcXJoc$_$6,25,V,1,0.82300884,15,0.9999999999999998
-dxfTGcXJoc$_$6,26,V,1,0.8181818,12,1.0
-egA8-b7-3M$_$1,0,V,1,0.8968008,10,1.0000000000000002
-egA8-b7-3M$_$1,1,V,1,0.83457404,11,1.0
-egA8-b7-3M$_$1,2,V,1,0.26666668,1,1.0
-egA8-b7-3M$_$1,3,V,1,0.8347107,16,1.0
-egA8-b7-3M$_$1,4,V,1,0.8498498,7,1.0
-egA8-b7-3M$_$1,5,V,1,0.83416253,6,0.9999999999999999
-egA8-b7-3M$_$1,6,V,1,0.8609524,14,1.0
-egA8-b7-3M$_$1,7,V,1,0.8349835,11,1.0
-egA8-b7-3M$_$1,8,V,1,0.90281826,10,1.0
-egA8-b7-3M$_$1,9,V,1,0.8498498,7,1.0
-egA8-b7-3M$_$1,10,V,1,0.67489713,2,1.0
-egA8-b7-3M$_$1,11,V,1,0.8611111,10,1.0
-egA8-b7-3M$_$1,12,V,1,0.85215795,10,1.0
-egA8-b7-3M$_$1,13,V,1,0.9807162,4,1.0
-egA8-b7-3M$_$1,14,V,1,0.862259,8,0.9999999999999999
-egA8-b7-3M$_$1,15,V,1,0.67489713,2,1.0
-egA8-b7-3M$_$1,16,V,1,0.889989,10,1.0
-egA8-b7-3M$_$1,17,V,1,0.8363363,6,1.0
-egA8-b7-3M$_$1,18,V,1,0.8349835,6,1.0
-egA8-b7-3M$_$1,19,V,1,0.84468526,17,1.0
-egA8-b7-3M$_$13,0,V,1,0.6825397,4,0.9999999999999999
-egA8-b7-3M$_$13,1,V,1,0.9484127,3,1.0
-egA8-b7-3M$_$13,2,V,1,0.9230769,3,1.0
-egA8-b7-3M$_$13,3,V,1,0.8536232,6,1.0
-egA8-b7-3M$_$13,4,V,1,0.84051037,6,1.0
-egA8-b7-3M$_$13,5,V,1,0.82658136,24,1.0
-egA8-b7-3M$_$13,6,V,1,1.0,5,1.0
-egA8-b7-3M$_$13,7,V,1,0.8544396,7,1.0
-egA8-b7-3M$_$13,8,V,1,0.8397436,6,1.0
-egA8-b7-3M$_$13,9,V,1,0.46774194,1,1.0
-egA8-b7-3M$_$13,10,V,1,0.78700745,9,1.0
-egA8-b7-3M$_$16,0,V,1,0.7948718,9,1.0
-egA8-b7-3M$_$16,1,V,1,0.8062016,9,1.0
-egA8-b7-3M$_$16,2,V,1,0.8168498,5,1.0
-egA8-b7-3M$_$16,3,V,1,0.77578473,12,0.9999999999999999
-egA8-b7-3M$_$16,4,V,1,1.0,3,1.0
-egA8-b7-3M$_$16,5,V,1,0.8580134,15,1.0000000000000002
-egA8-b7-3M$_$16,6,V,1,1.0,4,1.0
-egA8-b7-3M$_$16,7,V,1,0.8734978,15,0.9999999999999998
-egA8-b7-3M$_$16,8,V,1,0.9259259,5,1.0
-egA8-b7-3M$_$16,9,V,1,0.86850756,14,0.9999999999999998
-egA8-b7-3M$_$16,10,V,1,0.8460389,12,1.0
-egA8-b7-3M$_$17,0,V,1,1.0,4,1.0
-egA8-b7-3M$_$17,1,V,1,1.0,4,0.9999999999999999
-egA8-b7-3M$_$17,2,V,1,0.8958333,4,1.0
-egA8-b7-3M$_$17,3,V,1,0.84144145,5,1.0000000000000002
-egA8-b7-3M$_$17,4,V,1,0.85250735,19,1.0
-egA8-b7-3M$_$17,5,V,1,0.7685185,4,1.0
-egA8-b7-3M$_$17,6,V,1,0.7289973,4,1.0
-egA8-b7-3M$_$17,7,V,1,0.8198198,5,0.9999999999999999
-egA8-b7-3M$_$17,8,V,1,0.82905984,11,1.0
-egA8-b7-3M$_$17,9,V,1,0.8262987,16,1.0
-egA8-b7-3M$_$17,10,V,1,0.8211382,4,1.0
-egA8-b7-3M$_$17,11,V,1,0.7685185,4,1.0
-egA8-b7-3M$_$17,12,V,1,0.63978493,2,1.0
-egA8-b7-3M$_$17,13,V,1,0.796748,5,1.0
-egA8-b7-3M$_$17,14,V,1,0.8198198,5,1.0
-egA8-b7-3M$_$17,15,V,1,0.8198198,10,1.0
-egA8-b7-3M$_$18,0,V,1,0.8414634,3,1.0
-egA8-b7-3M$_$18,1,V,1,0.84313726,12,1.0
-egA8-b7-3M$_$18,2,V,1,0.8460389,12,1.0
-egA8-b7-3M$_$18,3,V,1,0.8148148,2,1.0
-egA8-b7-3M$_$18,4,V,1,0.9259259,5,1.0
-egA8-b7-3M$_$18,5,V,1,0.669967,3,1.0
-egA8-b7-3M$_$18,6,V,1,1.0,2,1.0
-egA8-b7-3M$_$18,7,V,1,0.7942387,4,0.9999999999999999
-egA8-b7-3M$_$18,8,V,1,0.7942387,17,1.0
-egA8-b7-3M$_$18,9,V,1,0.669967,3,1.0
-egA8-b7-3M$_$18,10,V,1,0.8062016,9,1.0000000000000002
-egA8-b7-3M$_$18,11,V,1,0.7652582,4,1.0
-egA8-b7-3M$_$18,12,V,1,0.8062016,10,1.0
-egA8-b7-3M$_$18,13,V,1,0.669967,3,1.0
-egA8-b7-3M$_$18,14,V,1,0.8505232,7,0.9999999999999999
-egA8-b7-3M$_$18,15,V,1,0.8086696,6,1.0
-egA8-b7-3M$_$18,16,V,1,0.5884774,3,1.0
-egA8-b7-3M$_$18,17,V,1,1.0,4,1.0
-egA8-b7-3M$_$18,18,V,1,0.82430214,6,0.9999999999999999
-egA8-b7-3M$_$18,19,V,1,0.8011958,6,1.0
-egA8-b7-3M$_$18,20,V,1,0.8357964,11,1.0
-egA8-b7-3M$_$18,21,V,1,0.8505232,7,0.9999999999999998
-egA8-b7-3M$_$20,0,V,1,0.9756098,5,1.0
-egA8-b7-3M$_$20,1,V,1,0.80906147,5,1.0
-egA8-b7-3M$_$20,2,V,1,0.97373736,5,1.0
-egA8-b7-3M$_$20,3,V,1,1.0,1,1.0
-egA8-b7-3M$_$20,4,V,1,0.76771194,7,0.9999999999999999
-egA8-b7-3M$_$20,5,V,1,0.7289973,4,1.0
-egA8-b7-3M$_$20,6,V,1,0.9569892,4,1.0
-egA8-b7-3M$_$20,7,V,1,1.0,5,1.0
-egA8-b7-3M$_$20,8,V,1,0.85470086,10,1.0
-egA8-b7-3M$_$20,9,V,1,0.8171296,4,1.0000000000000002
-egA8-b7-3M$_$20,10,V,1,1.0,2,1.0
-egA8-b7-3M$_$20,11,V,1,0.8193315,10,1.0
-egA8-b7-3M$_$20,12,V,1,1.0,4,1.0
-egA8-b7-3M$_$20,13,V,1,0.93333334,5,1.0
-egA8-b7-3M$_$20,14,V,1,0.8381877,6,0.9999999999999999
-egA8-b7-3M$_$20,15,V,1,0.8509485,4,1.0
-egA8-b7-3M$_$20,16,V,1,0.85250735,13,0.9999999999999998
-egA8-b7-3M$_$20,17,V,1,0.67320263,3,0.9999999999999999
-egA8-b7-3M$_$20,18,V,1,0.8198198,6,1.0
-egA8-b7-3M$_$20,19,V,1,0.84532094,12,0.9999999999999998
-egA8-b7-3M$_$26,0,V,1,0.81785065,6,1.0000000000000002
-egA8-b7-3M$_$26,1,V,1,0.31225604,4,1.0
-egA8-b7-3M$_$26,2,V,1,1.0,3,1.0
-egA8-b7-3M$_$26,3,V,1,0.86384976,4,1.0
-egA8-b7-3M$_$26,4,V,1,1.0,4,1.0
-egA8-b7-3M$_$26,5,V,1,0.774269,7,1.0
-egA8-b7-3M$_$26,6,V,1,0.67320263,3,1.0
-egA8-b7-3M$_$26,7,V,1,0.8830601,9,1.0
-egA8-b7-3M$_$26,8,V,1,0.8763285,10,1.0
-egA8-b7-3M$_$26,9,V,1,1.0,4,1.0
-egA8-b7-3M$_$26,10,V,1,1.0,5,1.0
-egA8-b7-3M$_$26,11,V,1,0.863388,14,1.0000000000000002
-egA8-b7-3M$_$26,12,V,1,0.5027322,1,1.0
-egA8-b7-3M$_$26,13,V,1,1.0,3,1.0
-egA8-b7-3M$_$26,14,V,1,0.8687664,14,1.0000000000000002
-egA8-b7-3M$_$6,0,V,1,0.7942387,9,1.0000000000000002
-egA8-b7-3M$_$6,1,V,1,0.8190128,14,1.0000000000000002
-egA8-b7-3M$_$6,2,V,1,1.0,4,1.0
-egA8-b7-3M$_$6,3,V,1,1.0,1,1.0
-egA8-b7-3M$_$6,4,V,1,0.80237156,14,1.0000000000000002
-egA8-b7-3M$_$6,5,V,1,0.7993827,16,1.0
-egA8-b7-3M$_$6,6,V,1,0.669967,3,1.0
-egA8-b7-3M$_$6,7,V,1,0.85018724,12,1.0
-egA8-b7-3M$_$6,8,V,1,1.0,5,1.0
-egA8-b7-3M$_$6,9,V,1,0.8349835,6,0.9999999999999998
-egA8-b7-3M$_$6,10,V,1,0.889989,9,1.0
-egA8-b7-3M$_$6,11,V,1,0.85018724,12,1.0000000000000002
-egA8-b7-3M$_$9,0,V,1,0.8201439,15,0.9999999999999997
-egA8-b7-3M$_$9,1,V,1,0.82949704,11,1.0
-egA8-b7-3M$_$9,2,V,1,0.8370647,7,1.0000000000000002
-egA8-b7-3M$_$9,3,V,1,1.0,3,1.0
-egA8-b7-3M$_$9,4,V,1,0.80582523,13,1.0000000000000002
-egA8-b7-3M$_$9,5,V,1,1.0,3,1.0
-egA8-b7-3M$_$9,6,V,1,0.8796047,10,1.0
-egA8-b7-3M$_$9,7,V,1,1.0,5,1.0
-egA8-b7-3M$_$9,8,V,1,0.8460354,12,1.0
-egA8-b7-3M$_$9,9,V,1,0.7979798,9,1.0
-hnBHBN8p5A$_$6,0,V,0,0.0,0,0.0
-hnBHBN8p5A$_$6,1,V,0,0.0,0,0.0
-hnBHBN8p5A$_$6,2,V,0,0.0,0,0.0
-hnBHBN8p5A$_$6,3,V,0,0.0,0,0.0
-hnBHBN8p5A$_$6,4,V,0,0.0,0,0.0
-hnBHBN8p5A$_$6,5,V,0,0.0,0,0.0
-hnBHBN8p5A$_$6,6,V,0,0.0,0,0.0
-hnBHBN8p5A$_$6,7,V,0,0.0,0,0.0
-hnBHBN8p5A$_$6,8,V,0,0.0,0,0.0
-hnBHBN8p5A$_$6,9,V,0,0.0,0,0.0
-hnBHBN8p5A$_$6,10,V,0,0.0,0,0.0
-hnBHBN8p5A$_$6,11,V,0,0.0,0,0.0
-hnBHBN8p5A$_$6,12,V,0,0.0,0,0.0
-hnBHBN8p5A$_$7,0,V,0,0.0,0,0.0
-hnBHBN8p5A$_$7,1,V,0,0.0,0,0.0
-hnBHBN8p5A$_$7,2,V,0,0.0,0,0.0
-hnBHBN8p5A$_$7,3,V,0,0.0,0,0.0
-hnBHBN8p5A$_$7,4,V,0,0.0,0,0.0
-hnBHBN8p5A$_$7,5,V,0,0.0,0,0.0
-hnBHBN8p5A$_$7,6,V,0,0.0,0,0.0
-hnBHBN8p5A$_$7,7,V,0,0.0,0,0.0
-hnBHBN8p5A$_$7,8,V,0,0.0,0,0.0
-hnBHBN8p5A$_$7,9,V,0,0.0,0,0.0
-hnBHBN8p5A$_$7,10,V,0,0.0,0,0.0
-hnBHBN8p5A$_$7,11,V,0,0.0,0,0.0
-hnBHBN8p5A$_$7,12,V,0,0.0,0,0.0
-iRBcNs9oI8$_$3,0,V,0,0.0,0,0.0
-iRBcNs9oI8$_$3,1,V,0,0.0,0,0.0
-iRBcNs9oI8$_$3,2,V,0,0.0,0,0.0
-iRBcNs9oI8$_$3,3,V,0,0.0,0,0.0
-iRBcNs9oI8$_$3,4,V,0,0.0,0,0.0
-iRBcNs9oI8$_$3,5,V,0,0.0,0,0.0
-iRBcNs9oI8$_$3,6,V,0,0.0,0,0.0
-iRBcNs9oI8$_$3,7,V,0,0.0,0,0.0
-iRBcNs9oI8$_$6,0,V,0,0.0,0,0.0
-iRBcNs9oI8$_$6,1,V,0,0.0,0,0.0
-iRBcNs9oI8$_$6,2,V,0,0.0,0,0.0
-iRBcNs9oI8$_$6,3,V,0,0.0,0,0.0
-iRBcNs9oI8$_$6,4,V,0,0.0,0,0.0
-iRBcNs9oI8$_$7,0,V,0,0.0,0,0.0
-iRBcNs9oI8$_$7,1,V,0,0.0,0,0.0
-iRBcNs9oI8$_$7,2,V,0,0.0,0,0.0
-iRBcNs9oI8$_$7,3,V,0,0.0,0,0.0
-iRBcNs9oI8$_$7,4,V,0,0.0,0,0.0
-iRBcNs9oI8$_$7,5,V,0,0.0,0,0.0
-iRBcNs9oI8$_$7,6,V,0,0.0,0,0.0
-iRBcNs9oI8$_$7,7,V,0,0.0,0,0.0
-iRBcNs9oI8$_$7,8,V,0,0.0,0,0.0
-iRBcNs9oI8$_$8,0,V,0,0.0,0,0.0
-iRBcNs9oI8$_$8,1,V,0,0.0,0,0.0
-iRBcNs9oI8$_$8,2,V,0,0.0,0,0.0
-iRBcNs9oI8$_$8,3,V,0,0.0,0,0.0
-iRBcNs9oI8$_$8,4,V,0,0.0,0,0.0
-iRBcNs9oI8$_$8,5,V,0,0.0,0,0.0
-iRBcNs9oI8$_$8,6,V,0,0.0,0,0.0
-iRBcNs9oI8$_$8,7,V,0,0.0,0,0.0
-iRBcNs9oI8$_$8,8,V,0,0.0,0,0.0
-iRBcNs9oI8$_$8,9,V,0,0.0,0,0.0
-iRBcNs9oI8$_$8,10,V,0,0.0,0,0.0
-iRBcNs9oI8$_$8,11,V,0,0.0,0,0.0
-iRBcNs9oI8$_$8,12,V,0,0.0,0,0.0
-iRBcNs9oI8$_$8,13,V,0,0.0,0,0.0
-iRBcNs9oI8$_$8,14,V,0,0.0,0,0.0
-iRBcNs9oI8$_$8,15,V,0,0.0,0,0.0
-iRBcNs9oI8$_$8,16,V,0,0.0,0,0.0
-iRBcNs9oI8$_$8,17,V,0,0.0,0,0.0
-iRBcNs9oI8$_$8,18,V,0,0.0,0,0.0
-iRBcNs9oI8$_$8,19,V,0,0.0,0,0.0
-iRBcNs9oI8$_$8,20,V,0,0.0,0,0.0
-iRBcNs9oI8$_$9,0,V,0,0.0,0,0.0
-iRBcNs9oI8$_$9,1,V,0,0.0,0,0.0
-iRBcNs9oI8$_$9,2,V,0,0.0,0,0.0
-iRBcNs9oI8$_$9,3,V,0,0.0,0,0.0
-iRBcNs9oI8$_$9,4,V,0,0.0,0,0.0
-lzEya4AM_4$_$5,0,V,1,0.5884774,3,1.0
-lzEya4AM_4$_$5,1,V,1,1.0,2,1.0
-lzEya4AM_4$_$5,2,V,1,0.7434842,6,1.0
-lzEya4AM_4$_$5,3,V,1,0.8357964,6,1.0
-lzEya4AM_4$_$5,4,V,1,0.7652582,4,1.0
-lzEya4AM_4$_$5,5,V,1,0.87089205,4,1.0000000000000002
-lzEya4AM_4$_$5,6,V,1,1.0,3,1.0
-lzEya4AM_4$_$5,7,V,1,0.8168498,6,0.9999999999999999
-lzEya4AM_4$_$5,8,V,1,0.8168498,6,0.9999999999999999
-lzEya4AM_4$_$5,9,V,1,0.8239437,15,1.0000000000000002
-lzEya4AM_4$_$5,10,V,1,0.829932,15,1.0
-lzEya4AM_4$_$5,11,V,1,0.8357964,12,1.0
-lzEya4AM_4$_$5,12,V,1,0.5884774,3,0.9999999999999999
-lzEya4AM_4$_$5,13,V,1,0.8357964,11,1.0
-lzEya4AM_4$_$5,14,V,1,0.7942387,5,1.0
-lzEya4AM_4$_$5,15,V,1,1.0,3,1.0
-lzEya4AM_4$_$5,16,V,1,0.9207921,3,1.0
-lzEya4AM_4$_$5,17,V,1,0.7942387,4,0.9999999999999998
-lzEya4AM_4$_$5,18,V,1,0.863388,7,1.0
-lzEya4AM_4$_$6,0,V,1,0.60833335,2,1.0
-lzEya4AM_4$_$6,1,V,1,0.669967,3,1.0
-lzEya4AM_4$_$6,2,V,1,0.83374894,11,0.9999999999999999
-lzEya4AM_4$_$6,3,V,1,0.75,2,1.0
-lzEya4AM_4$_$6,4,V,1,0.14612955,2,1.0
-lzEya4AM_4$_$6,5,V,0,0.0,0,0.0
-lzEya4AM_4$_$6,6,V,0,0.0,0,0.0
-lzEya4AM_4$_$6,7,V,1,0.55151516,4,1.0
-lzEya4AM_4$_$6,8,V,1,0.62777776,2,1.0
-lzEya4AM_4$_$6,9,V,1,0.8256705,13,0.9999999999999998
-lzEya4AM_4$_$6,10,V,1,0.82502186,11,1.0
-lzEya4AM_4$_$6,11,V,1,1.0,3,1.0
-lzEya4AM_4$_$6,12,V,1,0.7830803,12,1.0
-lzEya4AM_4$_$6,13,V,1,0.8254799,10,1.0
-lzEya4AM_4$_$6,14,V,1,1.0,4,1.0
-lzEya4AM_4$_$6,15,V,1,0.7619048,4,1.0
-lzEya4AM_4$_$6,16,V,1,0.79296064,4,1.0
-lzEya4AM_4$_$6,17,V,1,0.8158379,10,1.0
-lzEya4AM_4$_$6,18,V,1,1.0,5,1.0
-lzEya4AM_4$_$6,19,V,1,0.889258,9,1.0
-lzEya4AM_4$_$6,20,V,1,0.83416253,11,1.0
-lzEya4AM_4$_$6,21,V,1,1.0,3,1.0
-lzEya4AM_4$_$6,22,V,1,0.82502186,10,1.0
-lzEya4AM_4$_$6,23,V,1,0.7972222,3,0.9999999999999999
-lzEya4AM_4$_$6,24,V,1,1.0,2,1.0
-lzEya4AM_4$_$6,25,V,1,0.7491749,3,1.0
-lzEya4AM_4$_$6,26,V,1,0.89012,10,1.0
-lzEya4AM_4$_$6,27,V,1,0.881376,9,1.0
-lzEya4AM_4$_$6,28,V,1,0.9,2,1.0
-lzEya4AM_4$_$6,29,V,1,1.0,3,1.0
-lzEya4AM_4$_$6,30,V,1,0.96428573,5,1.0
-lzEya4AM_4$_$6,31,V,1,0.79240805,7,1.0
-lzEya4AM_4$_$6,32,V,1,1.0,2,1.0
-lzEya4AM_4$_$6,33,V,1,0.7619048,4,1.0
-lzEya4AM_4$_$6,34,V,1,0.8722861,8,1.0
-lzEya4AM_4$_$6,35,V,1,0.9048938,10,1.0
-lzEya4AM_4$_$6,36,V,1,0.75308645,2,1.0
-lzEya4AM_4$_$6,37,V,1,0.79231566,9,1.0
-lzEya4AM_4$_$6,38,V,1,1.0,2,1.0
-lzEya4AM_4$_$6,39,V,1,0.7875,2,1.0
-lzEya4AM_4$_$6,40,V,1,0.7245179,3,1.0
-lzEya4AM_4$_$6,41,V,1,0.8333333,6,1.0
-lzEya4AM_4$_$6,42,V,1,0.6666667,3,1.0
-mJ2ud6oKI8$_$1,0,V,0,0.0,0,0.0
-mJ2ud6oKI8$_$1,1,V,0,0.0,0,0.0
-mJ2ud6oKI8$_$1,2,V,0,0.0,0,0.0
-mJ2ud6oKI8$_$1,3,V,0,0.0,0,0.0
-mJ2ud6oKI8$_$1,4,V,0,0.0,0,0.0
-mJ2ud6oKI8$_$1,5,V,0,0.0,0,0.0
-mJ2ud6oKI8$_$1,6,V,0,0.0,0,0.0
-mJ2ud6oKI8$_$1,7,V,0,0.0,0,0.0
-mJ2ud6oKI8$_$1,8,V,0,0.0,0,0.0
-mJ2ud6oKI8$_$1,9,V,0,0.0,0,0.0
-mJ2ud6oKI8$_$1,10,V,0,0.0,0,0.0
-mJ2ud6oKI8$_$1,11,V,0,0.0,0,0.0
-mJ2ud6oKI8$_$1,12,V,0,0.0,0,0.0
-mJ2ud6oKI8$_$2,0,V,0,0.0,0,0.0
-mJ2ud6oKI8$_$2,1,V,0,0.0,0,0.0
-mJ2ud6oKI8$_$2,2,V,0,0.0,0,0.0
-mJ2ud6oKI8$_$2,3,V,0,0.0,0,0.0
-mJ2ud6oKI8$_$2,4,V,0,0.0,0,0.0
-mJ2ud6oKI8$_$2,5,V,0,0.0,0,0.0
-mJ2ud6oKI8$_$2,6,V,0,0.0,0,0.0
-mJ2ud6oKI8$_$2,7,V,0,0.0,0,0.0
-mJ2ud6oKI8$_$2,8,V,0,0.0,0,0.0
-mJ2ud6oKI8$_$2,9,V,0,0.0,0,0.0
-mJ2ud6oKI8$_$2,10,V,0,0.0,0,0.0
-mJ2ud6oKI8$_$6,0,V,0,0.0,0,0.0
-mJ2ud6oKI8$_$6,1,V,0,0.0,0,0.0
-mJ2ud6oKI8$_$6,2,V,0,0.0,0,0.0
-mJ2ud6oKI8$_$6,3,V,0,0.0,0,0.0
-mJ2ud6oKI8$_$6,4,V,0,0.0,0,0.0
-mJ2ud6oKI8$_$8,0,V,0,0.0,0,0.0
-mJ2ud6oKI8$_$8,1,V,0,0.0,0,0.0
-mJ2ud6oKI8$_$8,2,V,0,0.0,0,0.0
-mJ2ud6oKI8$_$8,3,V,0,0.0,0,0.0
-mJ2ud6oKI8$_$8,4,V,0,0.0,0,0.0
-mJ2ud6oKI8$_$8,5,V,0,0.0,0,0.0
-mJ2ud6oKI8$_$8,6,V,0,0.0,0,0.0
-mJ2ud6oKI8$_$8,7,V,0,0.0,0,0.0
-mJ2ud6oKI8$_$8,8,V,0,0.0,0,0.0
-mJ2ud6oKI8$_$8,9,V,0,0.0,0,0.0
-mJ2ud6oKI8$_$8,10,V,0,0.0,0,0.0
-mJ2ud6oKI8$_$9,0,V,0,0.0,0,0.0
-mJ2ud6oKI8$_$9,1,V,0,0.0,0,0.0
-mJ2ud6oKI8$_$9,2,V,0,0.0,0,0.0
-mJ2ud6oKI8$_$9,3,V,0,0.0,0,0.0
-mJ2ud6oKI8$_$9,4,V,0,0.0,0,0.0
-mJ2ud6oKI8$_$9,5,V,0,0.0,0,0.0
-mJ2ud6oKI8$_$9,6,V,0,0.0,0,0.0
-mJ2ud6oKI8$_$9,7,V,0,0.0,0,0.0
-mJ2ud6oKI8$_$9,8,V,0,0.0,0,0.0
-mJ2ud6oKI8$_$9,9,V,0,0.0,0,0.0
-mJ2ud6oKI8$_$9,10,V,0,0.0,0,0.0
-mJ2ud6oKI8$_$9,11,V,0,0.0,0,0.0
-mJ2ud6oKI8$_$9,12,V,0,0.0,0,0.0
-mJ2ud6oKI8$_$9,13,V,0,0.0,0,0.0
-mJ2ud6oKI8$_$9,14,V,0,0.0,0,0.0
-mJ2ud6oKI8$_$9,15,V,0,0.0,0,0.0
-mJ2ud6oKI8$_$9,16,V,0,0.0,0,0.0
-mJ2ud6oKI8$_$9,17,V,0,0.0,0,0.0
-mJ2ud6oKI8$_$9,18,V,0,0.0,0,0.0
-mJ2ud6oKI8$_$9,19,V,0,0.0,0,0.0
-mJ2ud6oKI8$_$9,20,V,0,0.0,0,0.0
-mJ2ud6oKI8$_$9,21,V,0,0.0,0,0.0
-mqbVkbCndg$_$0,0,V,1,0.76608187,7,1.0
-mqbVkbCndg$_$0,1,V,1,1.0,3,0.9999999999999999
-mqbVkbCndg$_$0,2,V,1,0.46341464,1,1.0
-mqbVkbCndg$_$0,3,V,1,0.831758,14,1.0
-mqbVkbCndg$_$0,4,V,1,0.818347,10,1.0
-mqbVkbCndg$_$0,5,V,1,0.5934959,3,1.0
-mqbVkbCndg$_$0,6,V,1,0.82316536,20,1.0
-mqbVkbCndg$_$0,7,V,1,0.8366013,12,0.9999999999999999
-mqbVkbCndg$_$0,8,V,1,0.67320263,4,0.9999999999999999
-mqbVkbCndg$_$0,9,V,1,0.83299935,26,1.0
-mqbVkbCndg$_$0,10,V,1,0.74404764,5,1.0
-mqbVkbCndg$_$0,11,V,1,0.84423673,12,1.0
-qDkUB0GgYY$_$6,0,V,1,0.67320263,3,1.0
-qDkUB0GgYY$_$6,1,V,1,0.863388,7,1.0
-qDkUB0GgYY$_$6,2,V,1,0.9107468,5,1.0
-qDkUB0GgYY$_$6,3,V,1,1.0,3,1.0
-qDkUB0GgYY$_$6,4,V,1,0.7652582,5,1.0
-qDkUB0GgYY$_$6,5,V,1,1.0,4,1.0
-qDkUB0GgYY$_$6,6,V,1,0.77428997,6,1.0
-qDkUB0GgYY$_$6,7,V,1,0.8102467,14,0.9999999999999999
-qDkUB0GgYY$_$6,8,V,1,1.0,4,1.0
-qDkUB0GgYY$_$6,9,V,1,0.81785065,6,0.9999999999999999
-qDkUB0GgYY$_$6,10,V,1,0.71666664,2,1.0
-qDkUB0GgYY$_$6,11,V,1,0.7652582,5,0.9999999999999999
-qDkUB0GgYY$_$6,12,V,1,1.0,5,1.0
-qDkUB0GgYY$_$6,13,V,1,0.73224044,6,1.0
-qDkUB0GgYY$_$6,14,V,1,1.0,3,1.0
-qDkUB0GgYY$_$6,15,V,1,0.8737374,7,1.0
-ri04Z7vwnc$_$0,0,V,0,0.0,0,0.0
-ri04Z7vwnc$_$0,1,V,0,0.0,0,0.0
-ri04Z7vwnc$_$0,2,V,0,0.0,0,0.0
-ri04Z7vwnc$_$0,3,V,0,0.0,0,0.0
-ri04Z7vwnc$_$0,4,V,0,0.0,0,0.0
-ri04Z7vwnc$_$0,5,V,0,0.0,0,0.0
-ri04Z7vwnc$_$0,6,V,0,0.0,0,0.0
-ri04Z7vwnc$_$0,7,V,0,0.0,0,0.0
-ri04Z7vwnc$_$2,0,V,0,0.0,0,0.0
-ri04Z7vwnc$_$2,1,V,0,0.0,0,0.0
-ri04Z7vwnc$_$2,2,V,0,0.0,0,0.0
-ri04Z7vwnc$_$2,3,V,0,0.0,0,0.0
-ri04Z7vwnc$_$2,4,V,0,0.0,0,0.0
-ri04Z7vwnc$_$2,5,V,0,0.0,0,0.0
-ri04Z7vwnc$_$2,6,V,0,0.0,0,0.0
-ri04Z7vwnc$_$2,7,V,0,0.0,0,0.0
-ri04Z7vwnc$_$2,8,V,0,0.0,0,0.0
-ri04Z7vwnc$_$2,9,V,0,0.0,0,0.0
-ri04Z7vwnc$_$2,10,V,0,0.0,0,0.0
-ri04Z7vwnc$_$2,11,V,0,0.0,0,0.0
-ri04Z7vwnc$_$2,12,V,0,0.0,0,0.0
-ri04Z7vwnc$_$2,13,V,0,0.0,0,0.0
-ri04Z7vwnc$_$2,14,V,0,0.0,0,0.0
-ri04Z7vwnc$_$2,15,V,0,0.0,0,0.0
-ri04Z7vwnc$_$5,0,V,0,0.0,0,0.0
-ri04Z7vwnc$_$5,1,V,0,0.0,0,0.0
-ri04Z7vwnc$_$5,2,V,0,0.0,0,0.0
-ri04Z7vwnc$_$5,3,V,0,0.0,0,0.0
-ri04Z7vwnc$_$5,4,V,0,0.0,0,0.0
-ri04Z7vwnc$_$5,5,V,0,0.0,0,0.0
-ri04Z7vwnc$_$5,6,V,0,0.0,0,0.0
-ri04Z7vwnc$_$5,7,V,0,0.0,0,0.0
-ri04Z7vwnc$_$5,8,V,0,0.0,0,0.0
-s9qJ7ATP7w$_$0,0,V,0,0.0,0,0.0
-s9qJ7ATP7w$_$0,1,V,0,0.0,0,0.0
-s9qJ7ATP7w$_$0,2,V,0,0.0,0,0.0
-s9qJ7ATP7w$_$0,3,V,0,0.0,0,0.0
-s9qJ7ATP7w$_$0,4,V,0,0.0,0,0.0
-s9qJ7ATP7w$_$0,5,V,0,0.0,0,0.0
-s9qJ7ATP7w$_$0,6,V,0,0.0,0,0.0
-s9qJ7ATP7w$_$0,7,V,0,0.0,0,0.0
-s9qJ7ATP7w$_$0,8,V,0,0.0,0,0.0
-s9qJ7ATP7w$_$0,9,V,0,0.0,0,0.0
-s9qJ7ATP7w$_$0,10,V,0,0.0,0,0.0
-s9qJ7ATP7w$_$0,11,V,0,0.0,0,0.0
-s9qJ7ATP7w$_$0,12,V,0,0.0,0,0.0
-s9qJ7ATP7w$_$0,13,V,0,0.0,0,0.0
-s9qJ7ATP7w$_$0,14,V,0,0.0,0,0.0
-s9qJ7ATP7w$_$0,15,V,0,0.0,0,0.0
-s9qJ7ATP7w$_$0,16,V,0,0.0,0,0.0
-s9qJ7ATP7w$_$0,17,V,0,0.0,0,0.0
-s9qJ7ATP7w$_$0,18,V,0,0.0,0,0.0
-s9qJ7ATP7w$_$0,19,V,0,0.0,0,0.0
-s9qJ7ATP7w$_$0,20,V,0,0.0,0,0.0
-s9qJ7ATP7w$_$0,21,V,0,0.0,0,0.0
-s9qJ7ATP7w$_$0,22,V,0,0.0,0,0.0
-s9qJ7ATP7w$_$0,23,V,0,0.0,0,0.0
-s9qJ7ATP7w$_$1,0,V,0,0.0,0,0.0
-s9qJ7ATP7w$_$1,1,V,0,0.0,0,0.0
-s9qJ7ATP7w$_$1,2,V,0,0.0,0,0.0
-s9qJ7ATP7w$_$1,3,V,0,0.0,0,0.0
-s9qJ7ATP7w$_$1,4,V,0,0.0,0,0.0
-s9qJ7ATP7w$_$1,5,V,0,0.0,0,0.0
-s9qJ7ATP7w$_$1,6,V,0,0.0,0,0.0
-s9qJ7ATP7w$_$1,7,V,0,0.0,0,0.0
-s9qJ7ATP7w$_$1,8,V,1,0.86084145,3,1.0
-s9qJ7ATP7w$_$1,9,V,1,0.59839356,3,1.0
-s9qJ7ATP7w$_$1,10,V,1,0.8531571,7,0.9999999999999999
-s9qJ7ATP7w$_$4,0,V,0,0.0,0,0.0
-s9qJ7ATP7w$_$4,1,V,0,0.0,0,0.0
-s9qJ7ATP7w$_$4,2,V,0,0.0,0,0.0
-s9qJ7ATP7w$_$4,3,V,0,0.0,0,0.0
-s9qJ7ATP7w$_$4,4,V,0,0.0,0,0.0
-s9qJ7ATP7w$_$4,5,V,0,0.0,0,0.0
-s9qJ7ATP7w$_$4,6,V,0,0.0,0,0.0
-s9qJ7ATP7w$_$4,7,V,1,0.08032128,1,1.0
-s9qJ7ATP7w$_$4,8,V,1,0.8307953,10,0.9999999999999999
-s9qJ7ATP7w$_$5,0,V,1,1.0,3,1.0
-s9qJ7ATP7w$_$5,1,V,1,0.8139881,23,1.0
-s9qJ7ATP7w$_$5,2,V,1,0.795501,5,1.0
-s9qJ7ATP7w$_$5,3,V,1,0.78479534,7,1.0
-s9qJ7ATP7w$_$5,4,V,1,0.72677594,3,1.0
-s9qJ7ATP7w$_$5,5,V,1,1.0,4,1.0
-s9qJ7ATP7w$_$5,6,V,1,0.8357964,6,1.0
-s9qJ7ATP7w$_$5,7,V,1,0.8039216,13,0.9999999999999999
-s9qJ7ATP7w$_$5,8,V,1,0.7642276,3,1.0
-s9qJ7ATP7w$_$5,9,V,1,0.81460136,9,1.0
-s9qJ7ATP7w$_$5,10,V,1,0.72677594,4,1.0
-s9qJ7ATP7w$_$5,11,V,1,0.72677594,4,1.0
-s9qJ7ATP7w$_$5,12,V,1,0.795501,4,0.9999999999999999
-s9qJ7ATP7w$_$5,13,V,1,0.8169935,10,1.0
-s9qJ7ATP7w$_$5,14,V,1,1.0,5,1.0
-s9qJ7ATP7w$_$5,15,V,1,0.78869045,6,1.0
-s9qJ7ATP7w$_$5,16,V,1,0.8737374,8,1.0
-s9qJ7ATP7w$_$5,17,V,1,0.91820043,5,1.0
-s9qJ7ATP7w$_$5,18,V,1,1.0,4,0.9999999999999999
-s9qJ7ATP7w$_$6,0,V,1,0.22585669,2,1.0
-s9qJ7ATP7w$_$6,1,V,1,0.68217057,2,1.0
-s9qJ7ATP7w$_$6,2,V,1,1.0,5,0.9999999999999999
-s9qJ7ATP7w$_$6,3,V,1,0.91333336,5,1.0
-s9qJ7ATP7w$_$6,4,V,1,0.8146418,6,1.0
-s9qJ7ATP7w$_$7,0,V,0,0.0,0,0.0
-s9qJ7ATP7w$_$7,1,V,0,0.0,0,0.0
-s9qJ7ATP7w$_$7,2,V,0,0.0,0,0.0
-s9qJ7ATP7w$_$7,3,V,0,0.0,0,0.0
-s9qJ7ATP7w$_$7,4,V,0,0.0,0,0.0
-s9qJ7ATP7w$_$7,5,V,0,0.0,0,0.0
-s9qJ7ATP7w$_$7,6,V,0,0.0,0,0.0
-s9qJ7ATP7w$_$7,7,V,0,0.0,0,0.0
-s9qJ7ATP7w$_$7,8,V,0,0.0,0,0.0
-s9qJ7ATP7w$_$7,9,V,0,0.0,0,0.0
-s9qJ7ATP7w$_$7,10,V,0,0.0,0,0.0
-s9qJ7ATP7w$_$7,11,V,0,0.0,0,0.0
-s9qJ7ATP7w$_$7,12,V,0,0.0,0,0.0
-s9qJ7ATP7w$_$7,13,V,0,0.0,0,0.0
-s9qJ7ATP7w$_$7,14,V,0,0.0,0,0.0
-s9qJ7ATP7w$_$7,15,V,0,0.0,0,0.0
-s9qJ7ATP7w$_$7,16,V,0,0.0,0,0.0
-s9qJ7ATP7w$_$7,17,V,0,0.0,0,0.0
-s9qJ7ATP7w$_$7,18,V,0,0.0,0,0.0
-s9qJ7ATP7w$_$7,19,V,0,0.0,0,0.0
-s9qJ7ATP7w$_$7,20,V,0,0.0,0,0.0
-s9qJ7ATP7w$_$7,21,V,0,0.0,0,0.0
-s9qJ7ATP7w$_$7,22,V,0,0.0,0,0.0
-s9qJ7ATP7w$_$7,23,V,0,0.0,0,0.0
-s9qJ7ATP7w$_$7,24,V,0,0.0,0,0.0
-s9qJ7ATP7w$_$7,25,V,0,0.0,0,0.0
-s9qJ7ATP7w$_$7,26,V,0,0.0,0,0.0
-s9qJ7ATP7w$_$7,27,V,0,0.0,0,0.0
-s9qJ7ATP7w$_$8,0,V,0,0.0,0,0.0
-s9qJ7ATP7w$_$8,1,V,0,0.0,0,0.0
-s9qJ7ATP7w$_$8,2,V,0,0.0,0,0.0
-s9qJ7ATP7w$_$8,3,V,0,0.0,0,0.0
-s9qJ7ATP7w$_$8,4,V,0,0.0,0,0.0
-s9qJ7ATP7w$_$8,5,V,0,0.0,0,0.0
-s9qJ7ATP7w$_$8,6,V,0,0.0,0,0.0
-s9qJ7ATP7w$_$8,7,V,1,0.42105263,12,1.0
-s9qJ7ATP7w$_$8,8,V,0,0.0,0,0.0
-s9qJ7ATP7w$_$8,9,V,0,0.0,0,0.0
-s9qJ7ATP7w$_$8,10,V,0,0.0,0,0.0
-s9qJ7ATP7w$_$8,11,V,0,0.0,0,0.0
-s9qJ7ATP7w$_$8,12,V,1,0.8207885,12,1.0
-t217m2on-s$_$2,0,V,1,0.8498498,6,1.0
-t217m2on-s$_$2,1,V,1,0.7844828,12,1.0
-t217m2on-s$_$2,2,V,1,0.8132388,4,1.0
-t217m2on-s$_$2,3,V,1,1.0,5,1.0
-t217m2on-s$_$2,4,V,1,0.6875,2,1.0
-t217m2on-s$_$2,5,V,1,1.0,3,1.0
-t217m2on-s$_$2,6,V,1,0.9506173,3,1.0
-t217m2on-s$_$2,7,V,1,0.8220188,34,1.0
-t217m2on-s$_$2,8,V,1,0.8259356,10,1.0000000000000002
-t217m2on-s$_$2,9,V,1,0.862259,8,1.0
-t217m2on-s$_$2,10,V,1,0.5884774,3,0.9999999999999999
-t217m2on-s$_$2,11,V,1,0.82300884,15,0.9999999999999999
-t217m2on-s$_$7,0,V,1,0.44444445,2,1.0
-t217m2on-s$_$7,1,V,1,0.855792,4,1.0
-t217m2on-s$_$7,2,V,1,0.8817967,9,0.9999999999999999
-t217m2on-s$_$7,3,V,1,0.8158379,5,1.0
-t217m2on-s$_$7,4,V,1,0.96066254,5,0.9999999999999999
-t217m2on-s$_$7,5,V,1,0.7742317,7,1.0
-t217m2on-s$_$7,6,V,1,0.834779,21,1.0
-t217m2on-s$_$7,7,V,1,0.79296064,5,1.0
-t217m2on-s$_$7,8,V,1,0.83416253,6,1.0
-t217m2on-s$_$7,9,V,1,1.0,4,1.0
-t217m2on-s$_$7,10,V,1,0.669967,3,1.0
-t217m2on-s$_$7,11,V,1,0.8056365,10,0.9999999999999999
-t217m2on-s$_$7,12,V,1,0.8089669,9,1.0
-t217m2on-s$_$7,13,V,1,0.7245179,4,0.9999999999999999
-t217m2on-s$_$7,14,V,1,0.889989,10,1.0
-t217m2on-s$_$7,15,V,1,0.8168498,6,1.0
-t217m2on-s$_$7,16,V,1,0.79360163,17,1.0
-t217m2on-s$_$7,17,V,1,0.84869975,4,1.0
-t217m2on-s$_$7,18,V,1,1.0,3,1.0
-t217m2on-s$_$7,19,V,1,0.7942387,5,1.0
-t217m2on-s$_$7,20,V,1,1.0,2,1.0
-t217m2on-s$_$7,21,V,1,0.8627451,15,0.9999999999999999
-t217m2on-s$_$7,22,V,1,0.7844828,12,0.9999999999999999
-t217m2on-s$_$7,23,V,1,0.8158379,5,0.9999999999999999
-t217m2on-s$_$7,24,V,1,0.8449612,17,0.9999999999999999
-t217m2on-s$_$7,25,V,1,0.9,2,1.0
-t217m2on-s$_$7,26,V,1,0.8168498,5,1.0
-t217m2on-s$_$7,27,V,1,0.669967,3,1.0
-t217m2on-s$_$7,28,V,1,0.79360163,9,1.0
-t217m2on-s$_$7,29,V,1,0.8349835,6,1.0
-t217m2on-s$_$7,30,V,1,1.0,2,1.0
-t217m2on-s$_$7,31,V,1,1.0,1,1.0
-t217m2on-s$_$7,32,V,1,0.79360163,8,0.9999999999999999
-t217m2on-s$_$7,33,V,1,0.82905984,16,1.0
-t217m2on-s$_$7,34,V,1,1.0,4,0.9999999999999999
-t217m2on-s$_$7,35,V,0,0.0,0,0.0
-t217m2on-s$_$7,36,V,1,0.8423956,12,1.0000000000000002
-t217m2on-s$_$7,37,V,1,0.82300884,15,0.9999999999999999
-t217m2on-s$_$7,38,V,1,0.7942387,4,1.0
-t217m2on-s$_$7,39,V,1,0.7245179,4,0.9999999999999999
-t217m2on-s$_$7,40,V,1,0.8349835,6,1.0
-t217m2on-s$_$7,41,V,1,0.7942387,4,1.0
-t217m2on-s$_$7,42,V,1,0.8111111,2,1.0
-t217m2on-s$_$7,43,V,1,0.83416253,6,0.9999999999999999
-t217m2on-s$_$7,44,V,1,0.79296064,5,1.0
-tANM6ETl_M$_$3,0,V,1,0.67320263,4,0.9999999999999999
-tANM6ETl_M$_$3,1,V,1,0.82983685,8,1.0
-tANM6ETl_M$_$3,2,V,1,0.8914224,9,0.9999999999999999
-tANM6ETl_M$_$3,3,V,1,1.0,3,1.0
-tANM6ETl_M$_$3,4,V,1,0.7451852,6,1.0
-tANM6ETl_M$_$3,5,V,1,0.81884056,6,1.0
-tANM6ETl_M$_$3,6,V,1,0.76689976,4,0.9999999999999999
-tANM6ETl_M$_$3,7,V,1,1.0,1,1.0
-tANM6ETl_M$_$3,8,V,1,0.8464223,15,0.9999999999999997
-tANM6ETl_M$_$3,9,V,1,1.0,3,1.0
-tANM6ETl_M$_$3,10,V,1,1.0,2,1.0
-tANM6ETl_M$_$3,11,V,1,0.8198859,11,1.0
-tANM6ETl_M$_$3,12,V,1,0.8821138,5,1.0
-tANM6ETl_M$_$3,13,V,1,0.7937025,8,0.9999999999999999
-tANM6ETl_M$_$3,14,V,1,0.8913044,5,1.0
-tANM6ETl_M$_$3,15,V,1,1.0,3,1.0
-tANM6ETl_M$_$3,16,V,1,0.67400163,9,1.0
-tANM6ETl_M$_$3,17,V,1,0.46341464,1,1.0
-tANM6ETl_M$_$3,18,V,1,0.6227642,4,1.0
-tANM6ETl_M$_$3,19,V,1,0.14814815,1,1.0
-tANM6ETl_M$_$3,20,V,1,0.8834499,9,1.0
-tANM6ETl_M$_$3,21,V,1,0.6885246,2,1.0
-tPCytz4rww$_$10,0,V,1,0.95731705,5,1.0
-tPCytz4rww$_$10,1,V,1,0.8671679,7,0.9999999999999999
-tPCytz4rww$_$10,2,V,1,0.8281787,10,1.0
-tPCytz4rww$_$10,3,V,1,0.84761906,7,0.9999999999999999
-tPCytz4rww$_$10,4,V,1,0.7419355,2,1.0
-tPCytz4rww$_$10,5,V,1,0.795501,5,1.0
-tPCytz4rww$_$10,6,V,1,0.7777778,3,0.9999999999999999
-tPCytz4rww$_$10,7,V,1,1.0,2,1.0
-tPCytz4rww$_$10,8,V,1,0.8084291,10,1.0
-tPCytz4rww$_$10,9,V,1,0.8644986,8,1.0
-tPCytz4rww$_$10,10,V,1,0.8130081,5,1.0
-tPCytz4rww$_$10,11,V,1,0.7911111,11,0.9999999999999998
-tPCytz4rww$_$11,0,V,1,0.795501,5,1.0
-tPCytz4rww$_$11,1,V,1,0.795501,5,1.0
-tPCytz4rww$_$11,2,V,1,0.67320263,3,1.0
-tPCytz4rww$_$11,3,V,1,0.8366013,6,0.9999999999999999
-tPCytz4rww$_$11,4,V,1,0.8366013,6,1.0
-tPCytz4rww$_$11,5,V,1,0.81984586,9,1.0
-tPCytz4rww$_$11,6,V,1,0.7289973,4,1.0
-tPCytz4rww$_$11,7,V,1,0.67320263,3,1.0
-tPCytz4rww$_$11,8,V,1,0.83468837,4,1.0
-tPCytz4rww$_$11,9,V,1,0.8366013,11,0.9999999999999999
-tPCytz4rww$_$11,10,V,1,0.67320263,3,1.0
-tPCytz4rww$_$11,11,V,1,0.8756371,9,1.0
-tPCytz4rww$_$11,12,V,1,1.0,5,1.0
-tPCytz4rww$_$11,13,V,1,0.85578233,7,1.0
-tPCytz4rww$_$11,14,V,1,0.81785065,6,1.0
-tPCytz4rww$_$11,15,V,1,0.85119045,6,1.0
-tPCytz4rww$_$11,16,V,1,0.83435583,5,1.0
-tPCytz4rww$_$12,0,V,1,0.7245179,3,1.0
-tPCytz4rww$_$12,1,V,1,0.8168498,5,1.0
-tPCytz4rww$_$12,2,V,1,0.7635934,4,1.0
-tPCytz4rww$_$12,3,V,1,0.80985916,4,1.0
-tPCytz4rww$_$12,4,V,1,0.8349835,6,1.0
-tPCytz4rww$_$12,5,V,1,0.85048014,7,1.0
-tPCytz4rww$_$12,6,V,1,0.79296064,5,1.0
-tPCytz4rww$_$12,7,V,1,0.8148148,2,1.0
-tPCytz4rww$_$12,8,V,1,0.7986799,3,1.0
-tPCytz4rww$_$12,9,V,1,1.0,4,1.0
-tPCytz4rww$_$12,10,V,1,0.84589946,13,0.9999999999999998
-tPCytz4rww$_$12,11,V,1,0.92286503,4,1.0
-tPCytz4rww$_$12,12,V,1,0.8442244,13,1.0
-tPCytz4rww$_$12,13,V,1,0.8168498,5,0.9999999999999999
-tPCytz4rww$_$12,14,V,1,0.8168498,10,1.0
-tPCytz4rww$_$12,15,V,1,0.5884774,2,1.0
-tPCytz4rww$_$12,16,V,1,0.8625429,14,0.9999999999999998
-tPCytz4rww$_$12,17,V,1,1.0,3,1.0
-tPCytz4rww$_$12,18,V,1,0.83109117,6,1.0
-tPCytz4rww$_$12,19,V,1,0.9787234,5,1.0
-tPCytz4rww$_$12,20,V,1,0.8062016,9,1.0
-tPCytz4rww$_$12,21,V,1,0.9794239,5,1.0
-tPCytz4rww$_$12,22,V,1,0.84950495,13,1.0
-tPCytz4rww$_$12,23,V,1,0.92671394,4,1.0
-tPCytz4rww$_$12,24,V,1,0.8168498,10,1.0
-tPCytz4rww$_$12,25,V,1,0.8095238,13,1.0000000000000002
-tPCytz4rww$_$16,0,V,1,0.8085399,6,1.0
-tPCytz4rww$_$16,1,V,1,0.82098764,4,1.0
-tPCytz4rww$_$16,2,V,1,0.74738413,5,1.0
-tPCytz4rww$_$16,3,V,1,0.8464912,8,1.0
-tPCytz4rww$_$16,4,V,1,0.7245179,3,1.0
-tPCytz4rww$_$16,5,V,1,1.0,1,1.0
-tPCytz4rww$_$16,6,V,1,0.86580086,10,1.0
-tPCytz4rww$_$16,7,V,1,0.5884774,3,1.0
-tPCytz4rww$_$16,8,V,1,0.669967,3,1.0
-tPCytz4rww$_$16,9,V,1,0.79296064,4,1.0
-tPCytz4rww$_$16,10,V,1,1.0,2,1.0
-tPCytz4rww$_$16,11,V,1,0.87015504,9,1.0
-tPCytz4rww$_$16,12,V,1,0.8349835,11,0.9999999999999999
-tPCytz4rww$_$16,13,V,1,0.669967,3,1.0
-tPCytz4rww$_$16,14,V,1,1.0,3,1.0
-tPCytz4rww$_$16,15,V,1,0.8168239,11,1.0
-tPCytz4rww$_$18,0,V,1,0.8168498,6,0.9999999999999999
-tPCytz4rww$_$18,1,V,1,0.74738413,5,1.0
-tPCytz4rww$_$18,2,V,1,0.7245179,3,1.0
-tPCytz4rww$_$18,3,V,1,0.5884774,2,1.0
-tPCytz4rww$_$18,4,V,1,0.8732573,8,1.0
-tPCytz4rww$_$18,5,V,1,0.8003003,6,1.0
-tPCytz4rww$_$18,6,V,1,0.862259,7,1.0
-tPCytz4rww$_$18,7,V,1,0.8250825,5,1.0
-tPCytz4rww$_$18,8,V,1,0.8168498,5,0.9999999999999999
-tPCytz4rww$_$18,9,V,1,0.779978,8,1.0
-tPCytz4rww$_$18,10,V,1,1.0,4,1.0
-tPCytz4rww$_$18,11,V,1,0.8905039,10,1.0
-tPCytz4rww$_$18,12,V,1,1.0,5,0.9999999999999999
-tPCytz4rww$_$18,13,V,1,0.8250825,10,1.0
-tPCytz4rww$_$18,14,V,1,0.8168498,5,0.9999999999999999
-tPCytz4rww$_$18,15,V,1,0.84051037,17,1.0
-uywlfIYOS8$_$4,0,V,1,0.8240056,24,0.9999999999999998
-uywlfIYOS8$_$4,1,V,1,1.0,5,1.0
-uywlfIYOS8$_$4,2,V,1,1.0,4,1.0
-uywlfIYOS8$_$4,3,V,1,0.18699187,2,1.0
-uywlfIYOS8$_$4,4,V,1,0.845679,12,1.0
-uywlfIYOS8$_$4,5,V,1,0.75477237,6,1.0
-uywlfIYOS8$_$4,6,V,1,1.0,3,1.0
-uywlfIYOS8$_$4,7,V,1,0.7979798,5,1.0
-uywlfIYOS8$_$4,8,V,1,0.6763754,3,1.0
-uywlfIYOS8$_$4,9,V,1,0.8198198,6,0.9999999999999999
-uywlfIYOS8$_$4,10,V,1,0.45355192,2,1.0
-uywlfIYOS8$_$4,11,V,1,0.7979798,5,1.0
-uywlfIYOS8$_$4,12,V,1,0.7685185,4,1.0
-uywlfIYOS8$_$4,13,V,1,0.9009009,5,1.0
-uywlfIYOS8$_$4,14,V,1,0.8921251,9,1.0
-uywlfIYOS8$_$4,15,V,1,0.5934959,2,1.0
-uywlfIYOS8$_$4,16,V,1,0.82030547,10,1.0
-uywlfIYOS8$_$4,17,V,1,0.845679,12,0.9999999999999999
-vxjVxOeScU$_$4,0,V,0,0.0,0,0.0
-vxjVxOeScU$_$4,1,V,0,0.0,0,0.0
-vxjVxOeScU$_$4,2,V,0,0.0,0,0.0
-vxjVxOeScU$_$4,3,V,0,0.0,0,0.0
-vxjVxOeScU$_$4,4,V,0,0.0,0,0.0
-vxjVxOeScU$_$4,5,V,0,0.0,0,0.0
-vxjVxOeScU$_$4,6,V,0,0.0,0,0.0
-vxjVxOeScU$_$4,7,V,0,0.0,0,0.0
-vxjVxOeScU$_$4,8,V,0,0.0,0,0.0
-vxjVxOeScU$_$4,9,V,0,0.0,0,0.0
-vxjVxOeScU$_$4,10,V,0,0.0,0,0.0
-vxjVxOeScU$_$4,11,V,0,0.0,0,0.0
-vxjVxOeScU$_$4,12,V,0,0.0,0,0.0
-vxjVxOeScU$_$4,13,V,0,0.0,0,0.0
-vxjVxOeScU$_$4,14,V,0,0.0,0,0.0
-vxjVxOeScU$_$4,15,V,0,0.0,0,0.0
-vxjVxOeScU$_$4,16,V,0,0.0,0,0.0
-vxjVxOeScU$_$4,17,V,0,0.0,0,0.0
-vxjVxOeScU$_$4,18,V,0,0.0,0,0.0
-vxjVxOeScU$_$4,19,V,0,0.0,0,0.0
-vxjVxOeScU$_$4,20,V,0,0.0,0,0.0
-wMB_hJL-3o$_$7,0,V,1,0.89711934,9,1.0
-wMB_hJL-3o$_$7,1,V,1,0.87777776,2,1.0
-wMB_hJL-3o$_$7,2,V,1,1.0,5,1.0000000000000002
-wMB_hJL-3o$_$7,3,V,1,0.77227724,3,1.0
-wMB_hJL-3o$_$7,4,V,1,1.0,2,1.0
-wMB_hJL-3o$_$7,5,V,1,0.8460389,6,1.0
-wMB_hJL-3o$_$7,6,V,1,0.5884774,3,1.0
-wMB_hJL-3o$_$7,7,V,1,1.0,4,1.0
-wMB_hJL-3o$_$7,8,V,1,1.0,3,1.0
-wMB_hJL-3o$_$7,9,V,1,0.84076434,17,1.0000000000000002
-wMB_hJL-3o$_$7,10,V,1,0.8357964,6,0.9999999999999999
-wMB_hJL-3o$_$7,11,V,1,0.5884774,3,1.0
-wMB_hJL-3o$_$7,12,V,1,0.86384976,4,1.0
-wMB_hJL-3o$_$7,13,V,1,1.0,3,1.0
-wMB_hJL-3o$_$7,14,V,1,0.9781421,2,1.0
-wMB_hJL-3o$_$7,15,V,1,0.8505232,7,0.9999999999999999
-wMB_hJL-3o$_$7,16,V,1,0.7392739,3,1.0
-wMB_hJL-3o$_$7,17,V,1,1.0,4,1.0
-wMB_hJL-3o$_$7,18,V,1,0.8518519,5,1.0
-wMB_hJL-3o$_$7,19,V,1,0.86419755,5,1.0
-wMB_hJL-3o$_$7,20,V,1,0.7642643,6,0.9999999999999999
-wMB_hJL-3o$_$7,21,V,0,0.0,0,0.0
-wny0OAz3g8$_$0,0,V,1,0.8366013,6,1.0
-wny0OAz3g8$_$0,1,V,1,0.8518519,7,1.0
-wny0OAz3g8$_$0,2,V,1,0.8644986,7,0.9999999999999999
-wny0OAz3g8$_$0,3,V,1,0.7437037,6,1.0
-wny0OAz3g8$_$0,4,V,1,0.8834499,9,1.0
-wny0OAz3g8$_$0,5,V,1,0.8518519,6,1.0
-wny0OAz3g8$_$0,6,V,1,0.8914224,9,1.0
-wny0OAz3g8$_$0,7,V,1,0.91358024,3,1.0
-wny0OAz3g8$_$0,8,V,1,0.8644986,7,1.0
-wny0OAz3g8$_$1,0,V,0,0.0,0,0.0
-wny0OAz3g8$_$1,1,V,1,0.8732573,7,1.0
-wny0OAz3g8$_$1,2,V,1,0.7029703,3,1.0
-wny0OAz3g8$_$1,3,V,1,0.8498498,7,1.0
-wny0OAz3g8$_$1,4,V,1,0.8250825,5,1.0
-wny0OAz3g8$_$1,5,V,1,0.8062016,10,1.0
-wny0OAz3g8$_$1,6,V,1,0.89506173,5,1.0
-wny0OAz3g8$_$1,7,V,1,0.8250825,5,1.0
-wny0OAz3g8$_$1,8,V,1,0.889989,9,1.0
-wny0OAz3g8$_$1,9,V,1,0.84283906,7,0.9999999999999998
-wny0OAz3g8$_$1,10,V,1,0.90759075,3,1.0
-wny0OAz3g8$_$1,11,V,1,0.8349835,16,1.0
-wny0OAz3g8$_$1,12,V,1,1.0,3,1.0
-wny0OAz3g8$_$1,13,V,1,0.8010974,6,0.9999999999999999
-wny0OAz3g8$_$1,14,V,1,0.79296064,5,1.0000000000000002
-wny0OAz3g8$_$1,15,V,1,1.0,2,1.0
-wny0OAz3g8$_$1,16,V,1,0.7635934,4,0.9999999999999999
-wny0OAz3g8$_$1,17,V,1,0.8349835,6,1.0
-wny0OAz3g8$_$1,18,V,1,0.9157509,5,1.0
-wny0OAz3g8$_$1,19,V,1,0.8357964,6,1.0
-wny0OAz3g8$_$1,20,V,1,0.7245179,4,1.0
-wny0OAz3g8$_$1,21,V,1,0.8903509,9,1.0
-wny0OAz3g8$_$1,22,V,1,0.4741784,3,1.0
-wny0OAz3g8$_$2,0,V,1,0.032520324,1,1.0
-wny0OAz3g8$_$2,1,V,1,0.8322511,8,1.0
-wny0OAz3g8$_$2,2,V,1,1.0,4,1.0
-wny0OAz3g8$_$2,3,V,1,0.8192593,6,1.0
-wny0OAz3g8$_$2,4,V,1,0.95098037,3,1.0
-wny0OAz3g8$_$2,5,V,1,0.796748,5,1.0
-wny0OAz3g8$_$2,6,V,1,0.8193315,10,1.0
-wny0OAz3g8$_$2,7,V,1,0.8381877,6,0.9999999999999999
-wny0OAz3g8$_$2,8,V,1,0.8193315,10,0.9999999999999999
-wny0OAz3g8$_$2,9,V,1,0.7249191,3,1.0
-wny0OAz3g8$_$2,10,V,1,0.796748,4,1.0000000000000002
-wny0OAz3g8$_$2,11,V,1,1.0,4,1.0
-wny0OAz3g8$_$2,12,V,1,0.81707317,3,1.0
-wny0OAz3g8$_$2,13,V,1,1.0,3,1.0
-wny0OAz3g8$_$2,14,V,1,0.8074074,6,1.0
-wny0OAz3g8$_$2,15,V,1,0.85250735,7,1.0
-wny0OAz3g8$_$2,16,V,1,0.796748,5,1.0
-wny0OAz3g8$_$2,17,V,1,0.8797814,2,1.0
-wny0OAz3g8$_$2,18,V,1,0.8603604,10,1.0
-wny0OAz3g8$_$2,19,V,1,0.97154474,3,1.0
-wny0OAz3g8$_$2,20,V,1,1.0,5,1.0
-wny0OAz3g8$_$2,21,V,1,0.8831301,9,1.0
-wny0OAz3g8$_$2,22,V,1,0.6572408,8,0.9999999999999998
-wny0OAz3g8$_$3,0,V,1,0.37352246,2,1.0
-wny0OAz3g8$_$3,1,V,1,0.7652582,4,1.0
-wny0OAz3g8$_$3,2,V,1,0.8484849,7,1.0
-wny0OAz3g8$_$3,3,V,1,0.8360656,2,1.0
-wny0OAz3g8$_$3,4,V,1,0.7942387,5,0.9999999999999999
-wny0OAz3g8$_$3,5,V,1,0.85224587,8,0.9999999999999999
-wny0OAz3g8$_$3,6,V,1,1.0,3,1.0000000000000002
-wny0OAz3g8$_$3,7,V,1,0.74554706,7,0.9999999999999999
-wny0OAz3g8$_$3,8,V,1,1.0,4,1.0
-wny0OAz3g8$_$3,9,V,1,0.8498498,12,1.0
-wny0OAz3g8$_$3,10,V,1,0.7245179,4,1.0
-wny0OAz3g8$_$3,11,V,1,0.8895769,9,1.0
-wny0OAz3g8$_$3,12,V,1,0.86419755,3,1.0
-wny0OAz3g8$_$3,13,V,1,0.8158379,5,1.0
-wny0OAz3g8$_$3,14,V,1,0.75068873,6,0.9999999999999999
-wny0OAz3g8$_$3,15,V,1,0.862259,7,1.0000000000000002
-wny0OAz3g8$_$3,16,V,1,0.8056365,9,1.0
-wny0OAz3g8$_$3,17,V,1,0.8168498,5,1.0
-wny0OAz3g8$_$3,18,V,1,0.7635934,4,1.0
-wny0OAz3g8$_$3,19,V,1,0.6006006,4,1.0
-wny0OAz3g8$_$5,0,V,1,0.7389277,4,1.0
-wny0OAz3g8$_$5,1,V,1,1.0,2,1.0
-wny0OAz3g8$_$5,2,V,1,0.81884056,5,1.0
-wny0OAz3g8$_$5,3,V,1,0.7979798,5,1.0
-wny0OAz3g8$_$5,4,V,1,0.85250735,6,1.0
-wny0OAz3g8$_$5,5,V,1,1.0,3,1.0
-wny0OAz3g8$_$5,6,V,1,0.7685185,8,1.0
-wny0OAz3g8$_$5,7,V,1,0.85218036,13,1.0
-wny0OAz3g8$_$5,8,V,1,0.87515604,8,1.0
-wny0OAz3g8$_$5,9,V,1,0.18699187,2,1.0
-wny0OAz3g8$_$5,10,V,1,0.85250735,7,1.0
-wny0OAz3g8$_$5,11,V,1,0.796748,13,0.9999999999999999
-wny0OAz3g8$_$5,12,V,1,1.0,3,1.0
-wny0OAz3g8$_$5,13,V,1,0.83395755,7,1.0
-wny0OAz3g8$_$5,14,V,1,0.76811594,15,1.0000000000000004
-wny0OAz3g8$_$5,15,V,1,0.85250735,7,1.0
-wny0OAz3g8$_$5,16,V,1,0.8381877,6,1.0
-wny0OAz3g8$_$5,17,V,1,0.94779116,3,1.0
-wny0OAz3g8$_$5,18,V,1,0.8518519,7,1.0000000000000002
-wny0OAz3g8$_$5,19,V,1,0.3773148,4,1.0
-wny0OAz3g8$_$7,0,V,1,0.6684815,12,1.0
-wny0OAz3g8$_$7,1,V,1,0.45355192,2,1.0
-wny0OAz3g8$_$7,2,V,1,0.8746867,8,1.0
-wny0OAz3g8$_$7,3,V,1,0.83006537,6,1.0
-wny0OAz3g8$_$7,4,V,1,0.86419755,3,1.0
-wny0OAz3g8$_$7,5,V,1,0.93415636,3,1.0
-wny0OAz3g8$_$7,6,V,1,0.90421456,10,1.0
-wny0OAz3g8$_$7,7,V,1,0.6885246,2,1.0
-wny0OAz3g8$_$7,8,V,1,0.83739835,6,1.0000000000000002
-wny0OAz3g8$_$7,9,V,1,0.7832168,4,0.9999999999999999
-wny0OAz3g8$_$7,10,V,1,0.81884056,6,1.0
-wny0OAz3g8$_$7,11,V,1,0.9672131,2,1.0
-wny0OAz3g8$_$7,12,V,1,1.0,1,1.0
-wny0OAz3g8$_$7,13,V,1,0.74937344,7,1.0
-wny0OAz3g8$_$7,14,V,1,1.0,2,1.0
-wny0OAz3g8$_$7,15,V,1,0.8435374,13,1.0
-wny0OAz3g8$_$7,16,V,1,0.45355192,2,1.0
-wny0OAz3g8$_$7,17,V,1,0.858156,14,1.0
-wny0OAz3g8$_$7,18,V,1,1.0,4,0.9999999999999999
-wny0OAz3g8$_$7,19,V,1,0.7956488,11,1.0
-wny0OAz3g8$_$7,20,V,1,1.0,3,1.0
-wny0OAz3g8$_$7,21,V,1,0.818347,10,0.9999999999999999
-wny0OAz3g8$_$7,22,V,1,0.7961264,9,1.0
-wny0OAz3g8$_$7,23,V,1,0.8206522,5,1.0
-wny0OAz3g8$_$7,24,V,1,0.92156863,3,1.0
-wny0OAz3g8$_$7,25,V,1,0.81785065,5,1.0
-wny0OAz3g8$_$7,26,V,1,0.67479676,1,1.0
-wny0OAz3g8$_$7,27,V,1,0.8281787,10,1.0
-wny0OAz3g8$_$7,28,V,1,0.7204611,8,1.0
-wny0OAz3g8$_$9,0,V,0,0.0,0,0.0
-wny0OAz3g8$_$9,1,V,1,0.7996406,9,1.0
-wny0OAz3g8$_$9,2,V,1,0.9408602,4,1.0
-wny0OAz3g8$_$9,3,V,1,0.8207885,6,0.9999999999999999
-wny0OAz3g8$_$9,4,V,1,1.0,4,1.0
-wny0OAz3g8$_$9,5,V,1,0.7311828,4,1.0
-wny0OAz3g8$_$9,6,V,1,0.8460354,12,1.0
-wny0OAz3g8$_$9,7,V,1,0.7979798,5,1.0
-wny0OAz3g8$_$9,8,V,1,0.5,1,1.0
-wny0OAz3g8$_$9,9,V,1,0.7685185,4,1.0000000000000002
-wny0OAz3g8$_$9,10,V,1,0.7979798,5,1.0
-wny0OAz3g8$_$9,11,V,1,0.7685185,8,1.0
-wny0OAz3g8$_$9,12,V,1,0.8460354,12,1.0
-wny0OAz3g8$_$9,13,V,1,1.0,3,0.9999999999999999
-wny0OAz3g8$_$9,14,V,1,0.8381877,6,1.0
-wny0OAz3g8$_$9,15,V,1,0.76502734,2,1.0
-wny0OAz3g8$_$9,16,V,1,0.82030547,10,1.0
-wny0OAz3g8$_$9,17,V,1,0.8134328,14,0.9999999999999999
-wny0OAz3g8$_$9,18,V,1,0.5934959,2,1.0
-wny0OAz3g8$_$9,19,V,1,0.2038835,2,1.0
-yRb-Jum7EQ$_$1,0,V,0,0.0,0,0.0
-yRb-Jum7EQ$_$1,1,V,0,0.0,0,0.0
-yRb-Jum7EQ$_$1,2,V,0,0.0,0,0.0
-yRb-Jum7EQ$_$1,3,V,0,0.0,0,0.0
-yRb-Jum7EQ$_$1,4,V,0,0.0,0,0.0
-yRb-Jum7EQ$_$1,5,V,0,0.0,0,0.0
-yRb-Jum7EQ$_$1,6,V,0,0.0,0,0.0
-yRb-Jum7EQ$_$1,7,V,0,0.0,0,0.0
-yRb-Jum7EQ$_$1,8,V,0,0.0,0,0.0
-yRb-Jum7EQ$_$1,9,V,0,0.0,0,0.0
-yRb-Jum7EQ$_$1,10,V,0,0.0,0,0.0
-yRb-Jum7EQ$_$1,11,V,0,0.0,0,0.0
-yRb-Jum7EQ$_$1,12,V,0,0.0,0,0.0
-yRb-Jum7EQ$_$1,13,V,0,0.0,0,0.0
-yRb-Jum7EQ$_$1,14,V,0,0.0,0,0.0
-yRb-Jum7EQ$_$1,15,V,0,0.0,0,0.0
-yRb-Jum7EQ$_$1,16,V,0,0.0,0,0.0
-yRb-Jum7EQ$_$1,17,V,0,0.0,0,0.0
-yRb-Jum7EQ$_$1,18,V,0,0.0,0,0.0
-yRb-Jum7EQ$_$1,19,V,0,0.0,0,0.0
-yRb-Jum7EQ$_$1,20,V,0,0.0,0,0.0
-yRb-Jum7EQ$_$1,21,V,0,0.0,0,0.0
-yRb-Jum7EQ$_$1,22,V,0,0.0,0,0.0
-yRb-Jum7EQ$_$1,23,V,0,0.0,0,0.0
-yRb-Jum7EQ$_$1,24,V,0,0.0,0,0.0
-yRb-Jum7EQ$_$1,25,V,0,0.0,0,0.0
-yRb-Jum7EQ$_$1,26,V,0,0.0,0,0.0
-yRb-Jum7EQ$_$1,27,V,0,0.0,0,0.0
-yRb-Jum7EQ$_$1,28,V,0,0.0,0,0.0
-yRb-Jum7EQ$_$1,29,V,0,0.0,0,0.0
-yRb-Jum7EQ$_$1,30,V,0,0.0,0,0.0
-yRb-Jum7EQ$_$1,31,V,0,0.0,0,0.0
-yRb-Jum7EQ$_$1,32,V,0,0.0,0,0.0
-yRb-Jum7EQ$_$1,33,V,0,0.0,0,0.0
-yRb-Jum7EQ$_$1,34,V,0,0.0,0,0.0
-yRb-Jum7EQ$_$1,35,V,0,0.0,0,0.0
-yRb-Jum7EQ$_$1,36,V,0,0.0,0,0.0
-yRb-Jum7EQ$_$1,37,V,0,0.0,0,0.0
-yRb-Jum7EQ$_$1,38,V,0,0.0,0,0.0
-yRb-Jum7EQ$_$1,39,V,0,0.0,0,0.0
-yRb-Jum7EQ$_$1,40,V,0,0.0,0,0.0
-yRb-Jum7EQ$_$1,41,V,0,0.0,0,0.0
-yRb-Jum7EQ$_$1,42,V,0,0.0,0,0.0
-yRb-Jum7EQ$_$1,43,V,0,0.0,0,0.0
-yRb-Jum7EQ$_$1,44,V,0,0.0,0,0.0
-yRb-Jum7EQ$_$1,45,V,0,0.0,0,0.0
-yRb-Jum7EQ$_$1,46,V,0,0.0,0,0.0
-yRb-Jum7EQ$_$1,47,V,0,0.0,0,0.0
-yRb-Jum7EQ$_$1,48,V,0,0.0,0,0.0
-yRb-Jum7EQ$_$5,0,V,1,0.85018724,12,1.0000000000000002
-yRb-Jum7EQ$_$5,1,V,1,0.8323643,9,1.0
-yRb-Jum7EQ$_$5,2,V,1,0.85018724,12,1.0
-yRb-Jum7EQ$_$5,3,V,1,0.8352166,36,1.0
-yRb-Jum7EQ$_$5,4,V,1,0.8278237,7,1.0
-yRb-Jum7EQ$_$5,5,V,1,0.85804814,7,1.0
-yRb-Jum7EQ$_$5,6,V,1,0.7245179,4,1.0
-yRb-Jum7EQ$_$5,7,V,1,0.8062016,9,0.9999999999999999
-yRb-Jum7EQ$_$5,8,V,1,0.8318197,25,1.0
-yRb-Jum7EQ$_$5,9,V,1,0.8585271,9,1.0
-yRb-Jum7EQ$_$5,10,V,1,1.0,2,1.0
-yRb-Jum7EQ$_$5,11,V,1,0.7652582,4,1.0
-yRb-Jum7EQ$_$5,12,V,1,1.0,4,0.9999999999999999
-yRb-Jum7EQ$_$5,13,V,1,0.82964224,16,1.0
-yRb-Jum7EQ$_$5,14,V,1,0.889989,9,1.0
-yRb-Jum7EQ$_$5,15,V,1,0.8019802,13,1.0
-yRb-Jum7EQ$_$5,16,V,1,0.8168498,5,1.0
-yRb-Jum7EQ$_$5,17,V,1,0.7942387,5,1.0
-yRb-Jum7EQ$_$5,18,V,1,0.8168498,6,1.0
-yRb-Jum7EQ$_$5,19,V,1,0.7245179,4,1.0
-yRb-Jum7EQ$_$5,20,V,1,0.8628258,7,1.0
-yRb-Jum7EQ$_$5,21,V,1,0.7938144,12,1.0000000000000002
-yRb-Jum7EQ$_$5,22,V,1,1.0,2,1.0
-yRb-Jum7EQ$_$5,23,V,1,0.8098859,14,1.0
-yRb-Jum7EQ$_$5,24,V,1,0.8098859,13,1.0
-yRb-Jum7EQ$_$6,0,V,1,0.85462964,10,1.0
-yRb-Jum7EQ$_$6,1,V,1,0.5833333,3,0.9999999999999999
-yRb-Jum7EQ$_$6,2,V,1,0.7916667,5,1.0
-yRb-Jum7EQ$_$6,3,V,1,0.6666667,3,1.0
-yRb-Jum7EQ$_$6,4,V,1,1.0,3,1.0
-yRb-Jum7EQ$_$6,5,V,1,0.8611111,7,1.0
-yRb-Jum7EQ$_$6,6,V,1,0.7916667,5,1.0
-yRb-Jum7EQ$_$6,7,V,1,0.77851605,8,1.0
-yRb-Jum7EQ$_$6,8,V,1,0.881376,9,1.0
-yRb-Jum7EQ$_$6,9,V,1,0.7619048,5,1.0
-yRb-Jum7EQ$_$6,10,V,1,0.81532776,10,1.0
-yRb-Jum7EQ$_$6,11,V,1,0.86412513,9,1.0
-yRb-Jum7EQ$_$6,12,V,1,0.46666667,1,1.0
-yRb-Jum7EQ$_$6,13,V,1,0.8333333,6,1.0
-yRb-Jum7EQ$_$6,14,V,1,0.8888889,9,1.0
-yRb-Jum7EQ$_$6,15,V,1,0.69,3,1.0
-yRb-Jum7EQ$_$6,16,V,1,0.8616874,7,0.9999999999999999
-yRb-Jum7EQ$_$6,17,V,1,0.9259259,5,1.0
-yRb-Jum7EQ$_$6,18,V,1,0.8401759,18,0.9999999999999999
