sample_id,resolution_status,modality,coverage
-3g5yACwYnA$_$13,RESOLVED_VALID,audio,1.0
-3g5yACwYnA$_$13,RESOLVED_VALID,audio,1.0
-3g5yACwYnA$_$13,RESOLVED_VALID,audio,1.0
-3g5yACwYnA$_$13,RESOLVED_VALID,audio,1.0
-3g5yACwYnA$_$13,RESOLVED_VALID,audio,1.0
-3g5yACwYnA$_$13,RESOLVED_VALID,audio,1.0
-3g5yACwYnA$_$13,RESOLVED_VALID,audio,1.0
-3g5yACwYnA$_$13,RESOLVED_VALID,audio,1.0
-3g5yACwYnA$_$13,RESOLVED_VALID,audio,1.0
-3g5yACwYnA$_$13,RESOLVED_VALID,audio,1.0
-3g5yACwYnA$_$13,RESOLVED_VALID,audio,1.0
-3g5yACwYnA$_$13,RESOLVED_VALID,audio,1.0
-3g5yACwYnA$_$13,RESOLVED_VALID,audio,1.0
-3g5yACwYnA$_$13,RESOLVED_VALID,audio,1.0
-3g5yACwYnA$_$13,RESOLVED_VALID,audio,1.0
-3g5yACwYnA$_$2,RESOLVED_VALID,audio,1.0
-3g5yACwYnA$_$2,RESOLVED_VALID,audio,1.0
-3g5yACwYnA$_$2,RESOLVED_VALID,audio,1.0
-3g5yACwYnA$_$2,RESOLVED_VALID,audio,1.0
-3g5yACwYnA$_$2,RESOLVED_VALID,audio,1.0
-3g5yACwYnA$_$2,RESOLVED_VALID,audio,1.0
-3g5yACwYnA$_$2,RESOLVED_VALID,audio,1.0
-3g5yACwYnA$_$2,RESOLVED_VALID,audio,1.0
-3g5yACwYnA$_$2,RESOLVED_VALID,audio,1.0
-3g5yACwYnA$_$2,RESOLVED_VALID,audio,1.0
-3g5yACwYnA$_$2,RESOLVED_VALID,audio,1.0
-3g5yACwYnA$_$2,RESOLVED_VALID,audio,1.0
-3g5yACwYnA$_$2,RESOLVED_VALID,audio,1.0
-3g5yACwYnA$_$2,RESOLVED_VALID,audio,1.0
-3g5yACwYnA$_$3,RESOLVED_VALID,audio,1.0
-3g5yACwYnA$_$3,RESOLVED_VALID,audio,1.0
-3g5yACwYnA$_$3,RESOLVED_VALID,audio,1.0
-3g5yACwYnA$_$3,RESOLVED_VALID,audio,1.0
-3g5yACwYnA$_$3,RESOLVED_VALID,audio,1.0
-3g5yACwYnA$_$3,RESOLVED_VALID,audio,1.0
-3g5yACwYnA$_$3,RESOLVED_VALID,audio,1.0
-3g5yACwYnA$_$3,RESOLVED_VALID,audio,1.0
-3g5yACwYnA$_$3,RESOLVED_VALID,audio,1.0
-3g5yACwYnA$_$3,RESOLVED_VALID,audio,1.0
-3g5yACwYnA$_$3,RESOLVED_VALID,audio,1.0
-3g5yACwYnA$_$3,RESOLVED_VALID,audio,1.0
-3g5yACwYnA$_$3,RESOLVED_VALID,audio,1.0
-3g5yACwYnA$_$3,RESOLVED_VALID,audio,1.0
-3g5yACwYnA$_$3,RESOLVED_VALID,audio,1.0
-3g5yACwYnA$_$3,RESOLVED_VALID,audio,1.0
-3g5yACwYnA$_$3,RESOLVED_VALID,audio,1.0
-3g5yACwYnA$_$3,RESOLVED_VALID,audio,1.0
-3g5yACwYnA$_$3,RESOLVED_VALID,audio,1.0
-3g5yACwYnA$_$3,RESOLVED_VALID,audio,1.0
-3g5yACwYnA$_$3,RESOLVED_VALID,audio,1.0
-3g5yACwYnA$_$3,RESOLVED_VALID,audio,1.0
-3g5yACwYnA$_$3,RESOLVED_VALID,audio,1.0
-3g5yACwYnA$_$3,RESOLVED_VALID,audio,1.0
-3g5yACwYnA$_$3,RESOLVED_VALID,audio,1.0
-3g5yACwYnA$_$3,RESOLVED_VALID,audio,1.0
-3g5yACwYnA$_$3,RESOLVED_VALID,audio,1.0
-3g5yACwYnA$_$3,RESOLVED_VALID,audio,1.0
-3g5yACwYnA$_$3,RESOLVED_VALID,audio,1.0
-3g5yACwYnA$_$9,RESOLVED_VALID,audio,1.0
-3g5yACwYnA$_$9,RESOLVED_VALID,audio,1.0
-3g5yACwYnA$_$9,RESOLVED_VALID,audio,1.0
-3g5yACwYnA$_$9,RESOLVED_VALID,audio,1.0
-3g5yACwYnA$_$9,RESOLVED_VALID,audio,1.0
-3g5yACwYnA$_$9,RESOLVED_VALID,audio,1.0
-3g5yACwYnA$_$9,RESOLVED_VALID,audio,1.0
-3g5yACwYnA$_$9,RESOLVED_VALID,audio,1.0
-3g5yACwYnA$_$9,RESOLVED_VALID,audio,1.0
-3g5yACwYnA$_$9,RESOLVED_VALID,audio,1.0
-3g5yACwYnA$_$9,RESOLVED_VALID,audio,1.0
-3g5yACwYnA$_$9,RESOLVED_VALID,audio,1.0
-3g5yACwYnA$_$9,RESOLVED_VALID,audio,1.0
-3g5yACwYnA$_$9,RESOLVED_VALID,audio,1.0
-3g5yACwYnA$_$9,RESOLVED_VALID,audio,1.0
-3g5yACwYnA$_$9,RESOLVED_VALID,audio,1.0
-3g5yACwYnA$_$9,RESOLVED_VALID,audio,1.0
-3g5yACwYnA$_$9,RESOLVED_VALID,audio,1.0
-3g5yACwYnA$_$9,RESOLVED_VALID,audio,1.0
-3g5yACwYnA$_$9,RESOLVED_VALID,audio,1.0
-3g5yACwYnA$_$9,RESOLVED_VALID,audio,1.0
-3nNcZdcdvU$_$5,RESOLVED_VALID,audio,1.0
-3nNcZdcdvU$_$5,RESOLVED_VALID,audio,1.0
-3nNcZdcdvU$_$5,RESOLVED_VALID,audio,1.0
-3nNcZdcdvU$_$5,RESOLVED_VALID,audio,1.0
-3nNcZdcdvU$_$5,RESOLVED_VALID,audio,1.0
-3nNcZdcdvU$_$5,RESOLVED_VALID,audio,1.0
-3nNcZdcdvU$_$5,RESOLVED_VALID,audio,1.0
-3nNcZdcdvU$_$5,RESOLVED_VALID,audio,1.0
-3nNcZdcdvU$_$5,RESOLVED_VALID,audio,1.0
-3nNcZdcdvU$_$5,RESOLVED_VALID,audio,1.0
-3nNcZdcdvU$_$5,RESOLVED_VALID,audio,1.0
-3nNcZdcdvU$_$5,RESOLVED_VALID,audio,1.0
-3nNcZdcdvU$_$5,RESOLVED_VALID,audio,1.0
-3nNcZdcdvU$_$5,RESOLVED_VALID,audio,1.0
-3nNcZdcdvU$_$5,RESOLVED_VALID,audio,1.0
-3nNcZdcdvU$_$5,RESOLVED_VALID,audio,1.0
-3nNcZdcdvU$_$5,RESOLVED_VALID,audio,1.0
-3nNcZdcdvU$_$5,RESOLVED_VALID,audio,1.0
-571d8cVauQ$_$0,RESOLVED_VALID,audio,1.0
-571d8cVauQ$_$0,RESOLVED_VALID,audio,1.0
-571d8cVauQ$_$0,RESOLVED_VALID,audio,1.0
-571d8cVauQ$_$0,RESOLVED_VALID,audio,1.0
-571d8cVauQ$_$0,RESOLVED_VALID,audio,1.0
-571d8cVauQ$_$0,RESOLVED_VALID,audio,1.0
-571d8cVauQ$_$0,RESOLVED_VALID,audio,1.0
-571d8cVauQ$_$0,RESOLVED_VALID,audio,1.0
-571d8cVauQ$_$0,RESOLVED_VALID,audio,1.0
-571d8cVauQ$_$0,RESOLVED_VALID,audio,1.0
-571d8cVauQ$_$0,RESOLVED_VALID,audio,1.0
-571d8cVauQ$_$0,RESOLVED_VALID,audio,1.0
-571d8cVauQ$_$5,RESOLVED_VALID,audio,1.0
-571d8cVauQ$_$5,RESOLVED_VALID,audio,1.0
-571d8cVauQ$_$5,RESOLVED_VALID,audio,1.0
-571d8cVauQ$_$5,RESOLVED_VALID,audio,1.0
-571d8cVauQ$_$5,RESOLVED_VALID,audio,1.0
-571d8cVauQ$_$5,RESOLVED_VALID,audio,1.0
-571d8cVauQ$_$5,RESOLVED_VALID,audio,1.0
-571d8cVauQ$_$5,RESOLVED_VALID,audio,1.0
-571d8cVauQ$_$5,RESOLVED_VALID,audio,1.0
-571d8cVauQ$_$5,RESOLVED_VALID,audio,1.0
-571d8cVauQ$_$5,RESOLVED_VALID,audio,1.0
-571d8cVauQ$_$5,RESOLVED_VALID,audio,1.0
-571d8cVauQ$_$5,RESOLVED_VALID,audio,1.0
-571d8cVauQ$_$5,RESOLVED_VALID,audio,1.0
-571d8cVauQ$_$5,RESOLVED_VALID,audio,1.0
-571d8cVauQ$_$5,RESOLVED_VALID,audio,1.0
-571d8cVauQ$_$5,RESOLVED_VALID,audio,1.0
-571d8cVauQ$_$5,RESOLVED_VALID,audio,1.0
-571d8cVauQ$_$5,RESOLVED_VALID,audio,1.0
-571d8cVauQ$_$5,RESOLVED_VALID,audio,1.0
-571d8cVauQ$_$5,RESOLVED_VALID,audio,1.0
-571d8cVauQ$_$5,RESOLVED_VALID,audio,1.0
-571d8cVauQ$_$5,RESOLVED_VALID,audio,1.0
-571d8cVauQ$_$5,RESOLVED_VALID,audio,1.0
-571d8cVauQ$_$5,RESOLVED_VALID,audio,1.0
-571d8cVauQ$_$5,RESOLVED_VALID,audio,1.0
-571d8cVauQ$_$5,RESOLVED_VALID,audio,1.0
-571d8cVauQ$_$5,RESOLVED_VALID,audio,1.0
-571d8cVauQ$_$5,RESOLVED_VALID,audio,1.0
-571d8cVauQ$_$5,RESOLVED_VALID,audio,1.0
-571d8cVauQ$_$5,RESOLVED_VALID,audio,1.0
-571d8cVauQ$_$5,RESOLVED_VALID,audio,1.0
-571d8cVauQ$_$5,RESOLVED_VALID,audio,1.0
-571d8cVauQ$_$5,RESOLVED_VALID,audio,1.0
-571d8cVauQ$_$5,RESOLVED_VALID,audio,1.0
-571d8cVauQ$_$5,RESOLVED_VALID,audio,1.0
-571d8cVauQ$_$5,RESOLVED_VALID,audio,1.0
-571d8cVauQ$_$5,RESOLVED_VALID,audio,1.0
-571d8cVauQ$_$5,RESOLVED_VALID,audio,1.0
-571d8cVauQ$_$5,RESOLVED_VALID,audio,1.0
-571d8cVauQ$_$5,RESOLVED_VALID,audio,1.0
-571d8cVauQ$_$5,RESOLVED_VALID,audio,1.0
-571d8cVauQ$_$5,RESOLVED_VALID,audio,1.0
-6rXp3zJ3kc$_$8,RESOLVED_VALID,audio,1.0
-6rXp3zJ3kc$_$8,RESOLVED_VALID,audio,1.0
-6rXp3zJ3kc$_$8,RESOLVED_VALID,audio,1.0
-6rXp3zJ3kc$_$8,RESOLVED_VALID,audio,1.0
-6rXp3zJ3kc$_$8,RESOLVED_VALID,audio,1.0
-6rXp3zJ3kc$_$8,RESOLVED_VALID,audio,1.0
-6rXp3zJ3kc$_$8,RESOLVED_VALID,audio,1.0
-6rXp3zJ3kc$_$8,RESOLVED_VALID,audio,1.0
-6rXp3zJ3kc$_$8,RESOLVED_VALID,audio,1.0
-6rXp3zJ3kc$_$8,RESOLVED_VALID,audio,1.0
-6rXp3zJ3kc$_$8,RESOLVED_VALID,audio,1.0
-6rXp3zJ3kc$_$8,RESOLVED_VALID,audio,1.0
-6rXp3zJ3kc$_$8,RESOLVED_VALID,audio,1.0
-6rXp3zJ3kc$_$8,RESOLVED_VALID,audio,1.0
-6rXp3zJ3kc$_$8,RESOLVED_VALID,audio,1.0
-6rXp3zJ3kc$_$8,RESOLVED_VALID,audio,1.0
-6rXp3zJ3kc$_$8,RESOLVED_VALID,audio,1.0
-6rXp3zJ3kc$_$8,RESOLVED_VALID,audio,1.0
-6rXp3zJ3kc$_$8,RESOLVED_VALID,audio,1.0
-6rXp3zJ3kc$_$8,RESOLVED_VALID,audio,1.0
-6rXp3zJ3kc$_$8,RESOLVED_VALID,audio,1.0
-6rXp3zJ3kc$_$8,RESOLVED_VALID,audio,1.0
-6rXp3zJ3kc$_$8,RESOLVED_VALID,audio,1.0
-6rXp3zJ3kc$_$8,RESOLVED_VALID,audio,1.0
-6rXp3zJ3kc$_$8,RESOLVED_VALID,audio,1.0
-6rXp3zJ3kc$_$8,RESOLVED_VALID,audio,1.0
-6rXp3zJ3kc$_$8,RESOLVED_VALID,audio,1.0
-6rXp3zJ3kc$_$8,RESOLVED_VALID,audio,1.0
-6rXp3zJ3kc$_$8,RESOLVED_VALID,audio,1.0
-6rXp3zJ3kc$_$8,RESOLVED_VALID,audio,1.0
-6rXp3zJ3kc$_$8,RESOLVED_VALID,audio,1.0
-6rXp3zJ3kc$_$8,RESOLVED_VALID,audio,1.0
-6rXp3zJ3kc$_$8,RESOLVED_VALID,audio,1.0
-6rXp3zJ3kc$_$8,RESOLVED_VALID,audio,1.0
-9y-fZ3swSY$_$0,RESOLVED_VALID,audio,1.0
-9y-fZ3swSY$_$0,RESOLVED_VALID,audio,1.0
-9y-fZ3swSY$_$0,RESOLVED_VALID,audio,1.0
-9y-fZ3swSY$_$0,RESOLVED_VALID,audio,1.0
-9y-fZ3swSY$_$0,RESOLVED_VALID,audio,1.0
-9y-fZ3swSY$_$0,RESOLVED_VALID,audio,1.0
-9y-fZ3swSY$_$0,RESOLVED_VALID,audio,1.0
-9y-fZ3swSY$_$0,RESOLVED_VALID,audio,1.0
-9y-fZ3swSY$_$0,RESOLVED_VALID,audio,1.0
-9y-fZ3swSY$_$0,RESOLVED_VALID,audio,1.0
-9y-fZ3swSY$_$0,RESOLVED_VALID,audio,1.0
-9y-fZ3swSY$_$0,RESOLVED_VALID,audio,1.0
-9y-fZ3swSY$_$0,RESOLVED_VALID,audio,1.0
-9y-fZ3swSY$_$0,RESOLVED_VALID,audio,1.0
-9y-fZ3swSY$_$0,RESOLVED_VALID,audio,1.0
-9y-fZ3swSY$_$0,RESOLVED_VALID,audio,1.0
-9y-fZ3swSY$_$0,RESOLVED_VALID,audio,1.0
-9y-fZ3swSY$_$0,RESOLVED_VALID,audio,1.0
-9y-fZ3swSY$_$0,RESOLVED_VALID,audio,1.0
-9y-fZ3swSY$_$0,RESOLVED_VALID,audio,1.0
-9y-fZ3swSY$_$0,RESOLVED_VALID,audio,1.0
-9y-fZ3swSY$_$0,RESOLVED_VALID,audio,1.0
-9y-fZ3swSY$_$4,RESOLVED_VALID,audio,1.0
-9y-fZ3swSY$_$4,RESOLVED_VALID,audio,1.0
-9y-fZ3swSY$_$4,RESOLVED_VALID,audio,1.0
-9y-fZ3swSY$_$4,RESOLVED_VALID,audio,1.0
-9y-fZ3swSY$_$4,RESOLVED_VALID,audio,1.0
-9y-fZ3swSY$_$4,RESOLVED_VALID,audio,1.0
-9y-fZ3swSY$_$4,RESOLVED_VALID,audio,1.0
-9y-fZ3swSY$_$4,RESOLVED_VALID,audio,1.0
-9y-fZ3swSY$_$4,RESOLVED_VALID,audio,1.0
-9y-fZ3swSY$_$8,UNRESOLVED,audio,1.0
-9y-fZ3swSY$_$8,UNRESOLVED,audio,1.0
-9y-fZ3swSY$_$8,UNRESOLVED,audio,1.0
-9y-fZ3swSY$_$8,UNRESOLVED,audio,1.0
-9y-fZ3swSY$_$8,UNRESOLVED,audio,1.0
-9y-fZ3swSY$_$8,UNRESOLVED,audio,1.0
-9y-fZ3swSY$_$8,UNRESOLVED,audio,1.0
-9y-fZ3swSY$_$8,UNRESOLVED,audio,1.0
-9y-fZ3swSY$_$8,UNRESOLVED,audio,1.0
-9y-fZ3swSY$_$8,UNRESOLVED,audio,1.0
-9y-fZ3swSY$_$8,UNRESOLVED,audio,1.0
-9y-fZ3swSY$_$8,UNRESOLVED,audio,1.0
-AUZQgSxyPQ$_$2,RESOLVED_PARTIAL,audio,1.0
-AUZQgSxyPQ$_$2,RESOLVED_PARTIAL,audio,1.0
-AUZQgSxyPQ$_$2,RESOLVED_PARTIAL,audio,1.0
-AUZQgSxyPQ$_$2,RESOLVED_PARTIAL,audio,1.0
-AUZQgSxyPQ$_$2,RESOLVED_PARTIAL,audio,1.0
-AUZQgSxyPQ$_$2,RESOLVED_PARTIAL,audio,1.0
-AUZQgSxyPQ$_$2,RESOLVED_PARTIAL,audio,1.0
-AUZQgSxyPQ$_$2,RESOLVED_PARTIAL,audio,1.0
-AUZQgSxyPQ$_$2,RESOLVED_PARTIAL,audio,1.0
-AUZQgSxyPQ$_$2,RESOLVED_PARTIAL,audio,1.0
-AUZQgSxyPQ$_$2,RESOLVED_PARTIAL,audio,1.0
-AUZQgSxyPQ$_$2,RESOLVED_PARTIAL,audio,1.0
-AUZQgSxyPQ$_$2,RESOLVED_PARTIAL,audio,1.0
-AUZQgSxyPQ$_$2,RESOLVED_PARTIAL,audio,1.0
-AUZQgSxyPQ$_$2,RESOLVED_PARTIAL,audio,1.0
-AUZQgSxyPQ$_$2,RESOLVED_PARTIAL,audio,1.0
-AUZQgSxyPQ$_$2,RESOLVED_PARTIAL,audio,1.0
-AUZQgSxyPQ$_$2,RESOLVED_PARTIAL,audio,1.0
-AUZQgSxyPQ$_$2,RESOLVED_PARTIAL,audio,1.0
-AUZQgSxyPQ$_$2,RESOLVED_PARTIAL,audio,1.0
-AUZQgSxyPQ$_$2,RESOLVED_PARTIAL,audio,1.0
-AUZQgSxyPQ$_$2,RESOLVED_PARTIAL,audio,1.0
-AUZQgSxyPQ$_$2,RESOLVED_PARTIAL,audio,1.0
-AUZQgSxyPQ$_$2,RESOLVED_PARTIAL,audio,1.0
-AUZQgSxyPQ$_$2,RESOLVED_PARTIAL,audio,1.0
-AUZQgSxyPQ$_$2,RESOLVED_PARTIAL,audio,1.0
-AUZQgSxyPQ$_$2,RESOLVED_PARTIAL,audio,1.0
-AUZQgSxyPQ$_$2,RESOLVED_PARTIAL,audio,1.0
-AUZQgSxyPQ$_$2,RESOLVED_PARTIAL,audio,1.0
-AUZQgSxyPQ$_$2,RESOLVED_PARTIAL,audio,1.0
-AUZQgSxyPQ$_$2,RESOLVED_PARTIAL,audio,1.0
-AUZQgSxyPQ$_$2,RESOLVED_PARTIAL,audio,1.0
-AUZQgSxyPQ$_$2,RESOLVED_PARTIAL,audio,1.0
-AUZQgSxyPQ$_$2,RESOLVED_PARTIAL,audio,1.0
-AUZQgSxyPQ$_$2,RESOLVED_PARTIAL,audio,1.0
-AUZQgSxyPQ$_$2,RESOLVED_PARTIAL,audio,1.0
-AUZQgSxyPQ$_$2,RESOLVED_PARTIAL,audio,1.0
-AUZQgSxyPQ$_$2,RESOLVED_PARTIAL,audio,1.0
-AUZQgSxyPQ$_$2,RESOLVED_PARTIAL,audio,1.0
-AUZQgSxyPQ$_$2,RESOLVED_PARTIAL,audio,1.0
-AUZQgSxyPQ$_$2,RESOLVED_PARTIAL,audio,1.0
-HeZS2-Prhc$_$2,RESOLVED_PARTIAL,audio,1.0
-HeZS2-Prhc$_$2,RESOLVED_PARTIAL,audio,1.0
-HeZS2-Prhc$_$2,RESOLVED_PARTIAL,audio,1.0
-HeZS2-Prhc$_$2,RESOLVED_PARTIAL,audio,1.0
-HeZS2-Prhc$_$2,RESOLVED_PARTIAL,audio,1.0
-HeZS2-Prhc$_$2,RESOLVED_PARTIAL,audio,1.0
-HeZS2-Prhc$_$2,RESOLVED_PARTIAL,audio,1.0
-HeZS2-Prhc$_$2,RESOLVED_PARTIAL,audio,1.0
-HeZS2-Prhc$_$2,RESOLVED_PARTIAL,audio,1.0
-HeZS2-Prhc$_$2,RESOLVED_PARTIAL,audio,1.0
-HeZS2-Prhc$_$2,RESOLVED_PARTIAL,audio,1.0
-HeZS2-Prhc$_$2,RESOLVED_PARTIAL,audio,1.0
-HeZS2-Prhc$_$2,RESOLVED_PARTIAL,audio,1.0
-HeZS2-Prhc$_$2,RESOLVED_PARTIAL,audio,1.0
-HeZS2-Prhc$_$2,RESOLVED_PARTIAL,audio,1.0
-HeZS2-Prhc$_$2,RESOLVED_PARTIAL,audio,1.0
-HwX2H8Z4hY$_$2,UNRESOLVED,audio,0.0
-HwX2H8Z4hY$_$2,UNRESOLVED,audio,0.0
-HwX2H8Z4hY$_$2,UNRESOLVED,audio,0.0
-HwX2H8Z4hY$_$2,UNRESOLVED,audio,0.0
-HwX2H8Z4hY$_$2,UNRESOLVED,audio,0.0
-HwX2H8Z4hY$_$2,UNRESOLVED,audio,0.0
-HwX2H8Z4hY$_$2,UNRESOLVED,audio,0.0
-HwX2H8Z4hY$_$2,UNRESOLVED,audio,0.0
-HwX2H8Z4hY$_$5,UNRESOLVED,audio,1.0
-HwX2H8Z4hY$_$5,UNRESOLVED,audio,1.0
-HwX2H8Z4hY$_$5,UNRESOLVED,audio,1.0
-HwX2H8Z4hY$_$5,UNRESOLVED,audio,1.0
-HwX2H8Z4hY$_$5,UNRESOLVED,audio,1.0
-HwX2H8Z4hY$_$5,UNRESOLVED,audio,1.0
-HwX2H8Z4hY$_$5,UNRESOLVED,audio,1.0
-HwX2H8Z4hY$_$5,UNRESOLVED,audio,1.0
-HwX2H8Z4hY$_$5,UNRESOLVED,audio,1.0
-HwX2H8Z4hY$_$5,UNRESOLVED,audio,1.0
-HwX2H8Z4hY$_$6,UNRESOLVED,audio,1.0
-HwX2H8Z4hY$_$6,UNRESOLVED,audio,1.0
-HwX2H8Z4hY$_$6,UNRESOLVED,audio,1.0
-HwX2H8Z4hY$_$6,UNRESOLVED,audio,1.0
-HwX2H8Z4hY$_$6,UNRESOLVED,audio,1.0
-HwX2H8Z4hY$_$6,UNRESOLVED,audio,1.0
-HwX2H8Z4hY$_$6,UNRESOLVED,audio,1.0
-HwX2H8Z4hY$_$9,RESOLVED_PARTIAL,audio,1.0
-HwX2H8Z4hY$_$9,RESOLVED_PARTIAL,audio,1.0
-HwX2H8Z4hY$_$9,RESOLVED_PARTIAL,audio,1.0
-HwX2H8Z4hY$_$9,RESOLVED_PARTIAL,audio,1.0
-HwX2H8Z4hY$_$9,RESOLVED_PARTIAL,audio,1.0
-HwX2H8Z4hY$_$9,RESOLVED_PARTIAL,audio,1.0
-HwX2H8Z4hY$_$9,RESOLVED_PARTIAL,audio,1.0
-HwX2H8Z4hY$_$9,RESOLVED_PARTIAL,audio,1.0
-HwX2H8Z4hY$_$9,RESOLVED_PARTIAL,audio,1.0
-HwX2H8Z4hY$_$9,RESOLVED_PARTIAL,audio,1.0
-HwX2H8Z4hY$_$9,RESOLVED_PARTIAL,audio,1.0
-HwX2H8Z4hY$_$9,RESOLVED_PARTIAL,audio,1.0
-HwX2H8Z4hY$_$9,RESOLVED_PARTIAL,audio,1.0
-HwX2H8Z4hY$_$9,RESOLVED_PARTIAL,audio,1.0
-HwX2H8Z4hY$_$9,RESOLVED_PARTIAL,audio,1.0
-HwX2H8Z4hY$_$9,RESOLVED_PARTIAL,audio,1.0
-HwX2H8Z4hY$_$9,RESOLVED_PARTIAL,audio,1.0
-HwX2H8Z4hY$_$9,RESOLVED_PARTIAL,audio,1.0
-HwX2H8Z4hY$_$9,RESOLVED_PARTIAL,audio,1.0
-HwX2H8Z4hY$_$9,RESOLVED_PARTIAL,audio,1.0
-HwX2H8Z4hY$_$9,RESOLVED_PARTIAL,audio,1.0
-HwX2H8Z4hY$_$9,RESOLVED_PARTIAL,audio,1.0
-I_e4mIh0yE$_$1,RESOLVED_VALID,audio,1.0
-I_e4mIh0yE$_$1,RESOLVED_VALID,audio,1.0
-I_e4mIh0yE$_$1,RESOLVED_VALID,audio,1.0
-I_e4mIh0yE$_$1,RESOLVED_VALID,audio,1.0
-I_e4mIh0yE$_$1,RESOLVED_VALID,audio,1.0
-I_e4mIh0yE$_$1,RESOLVED_VALID,audio,1.0
-I_e4mIh0yE$_$1,RESOLVED_VALID,audio,1.0
-I_e4mIh0yE$_$1,RESOLVED_VALID,audio,1.0
-I_e4mIh0yE$_$1,RESOLVED_VALID,audio,1.0
-I_e4mIh0yE$_$1,RESOLVED_VALID,audio,1.0
-I_e4mIh0yE$_$1,RESOLVED_VALID,audio,1.0
-I_e4mIh0yE$_$1,RESOLVED_VALID,audio,1.0
-I_e4mIh0yE$_$1,RESOLVED_VALID,audio,1.0
-I_e4mIh0yE$_$1,RESOLVED_VALID,audio,1.0
-I_e4mIh0yE$_$1,RESOLVED_VALID,audio,1.0
-I_e4mIh0yE$_$1,RESOLVED_VALID,audio,1.0
-I_e4mIh0yE$_$1,RESOLVED_VALID,audio,1.0
-I_e4mIh0yE$_$1,RESOLVED_VALID,audio,1.0
-I_e4mIh0yE$_$3,RESOLVED_PARTIAL,audio,1.0
-I_e4mIh0yE$_$3,RESOLVED_PARTIAL,audio,1.0
-I_e4mIh0yE$_$3,RESOLVED_PARTIAL,audio,1.0
-I_e4mIh0yE$_$3,RESOLVED_PARTIAL,audio,1.0
-I_e4mIh0yE$_$3,RESOLVED_PARTIAL,audio,1.0
-I_e4mIh0yE$_$3,RESOLVED_PARTIAL,audio,1.0
-I_e4mIh0yE$_$3,RESOLVED_PARTIAL,audio,1.0
-I_e4mIh0yE$_$3,RESOLVED_PARTIAL,audio,1.0
-I_e4mIh0yE$_$3,RESOLVED_PARTIAL,audio,1.0
-I_e4mIh0yE$_$3,RESOLVED_PARTIAL,audio,1.0
-I_e4mIh0yE$_$3,RESOLVED_PARTIAL,audio,1.0
-I_e4mIh0yE$_$3,RESOLVED_PARTIAL,audio,1.0
-I_e4mIh0yE$_$3,RESOLVED_PARTIAL,audio,1.0
-I_e4mIh0yE$_$3,RESOLVED_PARTIAL,audio,1.0
-I_e4mIh0yE$_$3,RESOLVED_PARTIAL,audio,1.0
-I_e4mIh0yE$_$3,RESOLVED_PARTIAL,audio,1.0
-I_e4mIh0yE$_$3,RESOLVED_PARTIAL,audio,1.0
-I_e4mIh0yE$_$3,RESOLVED_PARTIAL,audio,1.0
-I_e4mIh0yE$_$3,RESOLVED_PARTIAL,audio,1.0
-I_e4mIh0yE$_$3,RESOLVED_PARTIAL,audio,1.0
-I_e4mIh0yE$_$3,RESOLVED_PARTIAL,audio,1.0
-I_e4mIh0yE$_$3,RESOLVED_PARTIAL,audio,1.0
-MeTTeMJBNc$_$0,RESOLVED_VALID,audio,1.0
-MeTTeMJBNc$_$0,RESOLVED_VALID,audio,1.0
-MeTTeMJBNc$_$0,RESOLVED_VALID,audio,1.0
-MeTTeMJBNc$_$0,RESOLVED_VALID,audio,1.0
-MeTTeMJBNc$_$0,RESOLVED_VALID,audio,1.0
-MeTTeMJBNc$_$0,RESOLVED_VALID,audio,1.0
-MeTTeMJBNc$_$0,RESOLVED_VALID,audio,1.0
-MeTTeMJBNc$_$0,RESOLVED_VALID,audio,1.0
-MeTTeMJBNc$_$0,RESOLVED_VALID,audio,1.0
-MeTTeMJBNc$_$0,RESOLVED_VALID,audio,1.0
-MeTTeMJBNc$_$0,RESOLVED_VALID,audio,1.0
-MeTTeMJBNc$_$0,RESOLVED_VALID,audio,1.0
-MeTTeMJBNc$_$0,RESOLVED_VALID,audio,1.0
-MeTTeMJBNc$_$0,RESOLVED_VALID,audio,1.0
-MeTTeMJBNc$_$0,RESOLVED_VALID,audio,1.0
-MeTTeMJBNc$_$0,RESOLVED_VALID,audio,1.0
-MeTTeMJBNc$_$0,RESOLVED_VALID,audio,1.0
-MeTTeMJBNc$_$0,RESOLVED_VALID,audio,1.0
-MeTTeMJBNc$_$0,RESOLVED_VALID,audio,1.0
-MeTTeMJBNc$_$0,RESOLVED_VALID,audio,1.0
-MeTTeMJBNc$_$0,RESOLVED_VALID,audio,1.0
-MeTTeMJBNc$_$13,RESOLVED_VALID,audio,1.0
-MeTTeMJBNc$_$13,RESOLVED_VALID,audio,1.0
-MeTTeMJBNc$_$13,RESOLVED_VALID,audio,1.0
-MeTTeMJBNc$_$13,RESOLVED_VALID,audio,1.0
-MeTTeMJBNc$_$13,RESOLVED_VALID,audio,1.0
-MeTTeMJBNc$_$13,RESOLVED_VALID,audio,1.0
-MeTTeMJBNc$_$13,RESOLVED_VALID,audio,1.0
-MeTTeMJBNc$_$13,RESOLVED_VALID,audio,1.0
-MeTTeMJBNc$_$13,RESOLVED_VALID,audio,1.0
-MeTTeMJBNc$_$13,RESOLVED_VALID,audio,1.0
-MeTTeMJBNc$_$13,RESOLVED_VALID,audio,1.0
-MeTTeMJBNc$_$13,RESOLVED_VALID,audio,1.0
-MeTTeMJBNc$_$13,RESOLVED_VALID,audio,1.0
-MeTTeMJBNc$_$13,RESOLVED_VALID,audio,1.0
-MeTTeMJBNc$_$7,RESOLVED_PARTIAL,audio,1.0
-MeTTeMJBNc$_$7,RESOLVED_PARTIAL,audio,1.0
-MeTTeMJBNc$_$7,RESOLVED_PARTIAL,audio,1.0
-MeTTeMJBNc$_$7,RESOLVED_PARTIAL,audio,1.0
-MeTTeMJBNc$_$7,RESOLVED_PARTIAL,audio,1.0
-MeTTeMJBNc$_$7,RESOLVED_PARTIAL,audio,1.0
-MeTTeMJBNc$_$7,RESOLVED_PARTIAL,audio,1.0
-MeTTeMJBNc$_$7,RESOLVED_PARTIAL,audio,1.0
-MeTTeMJBNc$_$7,RESOLVED_PARTIAL,audio,1.0
-MeTTeMJBNc$_$7,RESOLVED_PARTIAL,audio,1.0
-MeTTeMJBNc$_$7,RESOLVED_PARTIAL,audio,1.0
-MeTTeMJBNc$_$7,RESOLVED_PARTIAL,audio,1.0
-MeTTeMJBNc$_$7,RESOLVED_PARTIAL,audio,1.0
-MeTTeMJBNc$_$7,RESOLVED_PARTIAL,audio,1.0
-MeTTeMJBNc$_$7,RESOLVED_PARTIAL,audio,1.0
-MeTTeMJBNc$_$7,RESOLVED_PARTIAL,audio,1.0
-MeTTeMJBNc$_$7,RESOLVED_PARTIAL,audio,1.0
-MeTTeMJBNc$_$7,RESOLVED_PARTIAL,audio,1.0
-MeTTeMJBNc$_$7,RESOLVED_PARTIAL,audio,1.0
-MeTTeMJBNc$_$7,RESOLVED_PARTIAL,audio,1.0
-MeTTeMJBNc$_$7,RESOLVED_PARTIAL,audio,1.0
-MeTTeMJBNc$_$7,RESOLVED_PARTIAL,audio,1.0
-MeTTeMJBNc$_$7,RESOLVED_PARTIAL,audio,1.0
-MeTTeMJBNc$_$7,RESOLVED_PARTIAL,audio,1.0
-MeTTeMJBNc$_$7,RESOLVED_PARTIAL,audio,1.0
-MeTTeMJBNc$_$7,RESOLVED_PARTIAL,audio,1.0
-MeTTeMJBNc$_$7,RESOLVED_PARTIAL,audio,1.0
-MeTTeMJBNc$_$7,RESOLVED_PARTIAL,audio,1.0
-MeTTeMJBNc$_$7,RESOLVED_PARTIAL,audio,1.0
-MeTTeMJBNc$_$7,RESOLVED_PARTIAL,audio,1.0
-MeTTeMJBNc$_$7,RESOLVED_PARTIAL,audio,1.0
-NFrJFQijFE$_$1,RESOLVED_MISSING,audio,0.0
-NFrJFQijFE$_$1,RESOLVED_MISSING,audio,0.0
-NFrJFQijFE$_$1,RESOLVED_MISSING,audio,0.0
-NFrJFQijFE$_$1,RESOLVED_MISSING,audio,0.0
-NFrJFQijFE$_$1,RESOLVED_MISSING,audio,0.0
-NFrJFQijFE$_$1,RESOLVED_MISSING,audio,0.0
-NFrJFQijFE$_$1,RESOLVED_MISSING,audio,0.0
-NFrJFQijFE$_$1,RESOLVED_MISSING,audio,0.0
-NFrJFQijFE$_$1,RESOLVED_MISSING,audio,0.0
-NFrJFQijFE$_$1,RESOLVED_MISSING,audio,0.0
-NFrJFQijFE$_$1,RESOLVED_MISSING,audio,0.0
-NFrJFQijFE$_$1,RESOLVED_MISSING,audio,0.0
-NFrJFQijFE$_$1,RESOLVED_MISSING,audio,0.0
-NFrJFQijFE$_$1,RESOLVED_MISSING,audio,0.0
-NFrJFQijFE$_$1,RESOLVED_MISSING,audio,0.0
-NFrJFQijFE$_$1,RESOLVED_MISSING,audio,0.0
-NFrJFQijFE$_$2,RESOLVED_MISSING,audio,0.0
-NFrJFQijFE$_$2,RESOLVED_MISSING,audio,0.0
-NFrJFQijFE$_$2,RESOLVED_MISSING,audio,0.0
-NFrJFQijFE$_$2,RESOLVED_MISSING,audio,0.0
-NFrJFQijFE$_$2,RESOLVED_MISSING,audio,0.0
-NFrJFQijFE$_$2,RESOLVED_MISSING,audio,0.0
-NFrJFQijFE$_$2,RESOLVED_MISSING,audio,0.0
-NFrJFQijFE$_$2,RESOLVED_MISSING,audio,0.0
-NFrJFQijFE$_$2,RESOLVED_MISSING,audio,0.0
-NFrJFQijFE$_$2,RESOLVED_MISSING,audio,0.0
-NFrJFQijFE$_$2,RESOLVED_MISSING,audio,0.0
-NFrJFQijFE$_$2,RESOLVED_MISSING,audio,0.0
-NFrJFQijFE$_$2,RESOLVED_MISSING,audio,0.0
-NFrJFQijFE$_$2,RESOLVED_MISSING,audio,0.0
-NFrJFQijFE$_$2,RESOLVED_MISSING,audio,0.0
-NFrJFQijFE$_$2,RESOLVED_MISSING,audio,0.0
-NFrJFQijFE$_$2,RESOLVED_MISSING,audio,0.0
-NFrJFQijFE$_$2,RESOLVED_MISSING,audio,0.0
-RfYyzHpjk4$_$11,RESOLVED_VALID,audio,1.0
-RfYyzHpjk4$_$11,RESOLVED_VALID,audio,1.0
-RfYyzHpjk4$_$11,RESOLVED_VALID,audio,1.0
-RfYyzHpjk4$_$11,RESOLVED_VALID,audio,1.0
-RfYyzHpjk4$_$11,RESOLVED_VALID,audio,1.0
-RfYyzHpjk4$_$11,RESOLVED_VALID,audio,1.0
-RfYyzHpjk4$_$11,RESOLVED_VALID,audio,1.0
-RfYyzHpjk4$_$11,RESOLVED_VALID,audio,1.0
-RfYyzHpjk4$_$11,RESOLVED_VALID,audio,1.0
-RfYyzHpjk4$_$11,RESOLVED_VALID,audio,1.0
-RfYyzHpjk4$_$11,RESOLVED_VALID,audio,1.0
-RfYyzHpjk4$_$11,RESOLVED_VALID,audio,1.0
-RfYyzHpjk4$_$11,RESOLVED_VALID,audio,1.0
-RfYyzHpjk4$_$11,RESOLVED_VALID,audio,1.0
-RfYyzHpjk4$_$11,RESOLVED_VALID,audio,1.0
-RfYyzHpjk4$_$11,RESOLVED_VALID,audio,1.0
-RfYyzHpjk4$_$11,RESOLVED_VALID,audio,1.0
-RfYyzHpjk4$_$2,RESOLVED_VALID,audio,1.0
-RfYyzHpjk4$_$2,RESOLVED_VALID,audio,1.0
-RfYyzHpjk4$_$2,RESOLVED_VALID,audio,1.0
-RfYyzHpjk4$_$2,RESOLVED_VALID,audio,1.0
-RfYyzHpjk4$_$2,RESOLVED_VALID,audio,1.0
-RfYyzHpjk4$_$2,RESOLVED_VALID,audio,1.0
-RfYyzHpjk4$_$2,RESOLVED_VALID,audio,1.0
-RfYyzHpjk4$_$2,RESOLVED_VALID,audio,1.0
-RfYyzHpjk4$_$2,RESOLVED_VALID,audio,1.0
-RfYyzHpjk4$_$2,RESOLVED_VALID,audio,1.0
-RfYyzHpjk4$_$2,RESOLVED_VALID,audio,1.0
-RfYyzHpjk4$_$2,RESOLVED_VALID,audio,1.0
-RfYyzHpjk4$_$2,RESOLVED_VALID,audio,1.0
-RfYyzHpjk4$_$2,RESOLVED_VALID,audio,1.0
-RfYyzHpjk4$_$2,RESOLVED_VALID,audio,1.0
-RfYyzHpjk4$_$2,RESOLVED_VALID,audio,1.0
-RfYyzHpjk4$_$2,RESOLVED_VALID,audio,1.0
-RfYyzHpjk4$_$2,RESOLVED_VALID,audio,1.0
-RfYyzHpjk4$_$2,RESOLVED_VALID,audio,1.0
-RfYyzHpjk4$_$2,RESOLVED_VALID,audio,1.0
-RfYyzHpjk4$_$2,RESOLVED_VALID,audio,1.0
-RfYyzHpjk4$_$2,RESOLVED_VALID,audio,1.0
-RfYyzHpjk4$_$2,RESOLVED_VALID,audio,1.0
-RfYyzHpjk4$_$2,RESOLVED_VALID,audio,1.0
-RfYyzHpjk4$_$2,RESOLVED_VALID,audio,1.0
-RfYyzHpjk4$_$8,RESOLVED_VALID,audio,1.0
-RfYyzHpjk4$_$8,RESOLVED_VALID,audio,1.0
-RfYyzHpjk4$_$8,RESOLVED_VALID,audio,1.0
-RfYyzHpjk4$_$8,RESOLVED_VALID,audio,1.0
-RfYyzHpjk4$_$8,RESOLVED_VALID,audio,1.0
-RfYyzHpjk4$_$8,RESOLVED_VALID,audio,1.0
-RfYyzHpjk4$_$8,RESOLVED_VALID,audio,1.0
-RfYyzHpjk4$_$8,RESOLVED_VALID,audio,1.0
-RfYyzHpjk4$_$8,RESOLVED_VALID,audio,1.0
-RfYyzHpjk4$_$8,RESOLVED_VALID,audio,1.0
-RfYyzHpjk4$_$8,RESOLVED_VALID,audio,1.0
-RfYyzHpjk4$_$8,RESOLVED_VALID,audio,1.0
-RfYyzHpjk4$_$8,RESOLVED_VALID,audio,1.0
-RfYyzHpjk4$_$8,RESOLVED_VALID,audio,1.0
-RfYyzHpjk4$_$8,RESOLVED_VALID,audio,1.0
-RfYyzHpjk4$_$8,RESOLVED_VALID,audio,1.0
-RfYyzHpjk4$_$8,RESOLVED_VALID,audio,1.0
-THoVjtIkeU$_$12,RESOLVED_VALID,audio,1.0
-THoVjtIkeU$_$12,RESOLVED_VALID,audio,1.0
-THoVjtIkeU$_$12,RESOLVED_VALID,audio,1.0
-THoVjtIkeU$_$12,RESOLVED_VALID,audio,1.0
-THoVjtIkeU$_$12,RESOLVED_VALID,audio,1.0
-THoVjtIkeU$_$12,RESOLVED_VALID,audio,1.0
-THoVjtIkeU$_$12,RESOLVED_VALID,audio,1.0
-THoVjtIkeU$_$12,RESOLVED_VALID,audio,1.0
-THoVjtIkeU$_$12,RESOLVED_VALID,audio,1.0
-THoVjtIkeU$_$12,RESOLVED_VALID,audio,1.0
-THoVjtIkeU$_$12,RESOLVED_VALID,audio,1.0
-THoVjtIkeU$_$12,RESOLVED_VALID,audio,1.0
-THoVjtIkeU$_$12,RESOLVED_VALID,audio,1.0
-THoVjtIkeU$_$12,RESOLVED_VALID,audio,1.0
-THoVjtIkeU$_$12,RESOLVED_VALID,audio,1.0
-THoVjtIkeU$_$12,RESOLVED_VALID,audio,1.0
-THoVjtIkeU$_$12,RESOLVED_VALID,audio,1.0
-THoVjtIkeU$_$12,RESOLVED_VALID,audio,1.0
-THoVjtIkeU$_$12,RESOLVED_VALID,audio,1.0
-THoVjtIkeU$_$12,RESOLVED_VALID,audio,1.0
-THoVjtIkeU$_$12,RESOLVED_VALID,audio,1.0
-THoVjtIkeU$_$12,RESOLVED_VALID,audio,1.0
-THoVjtIkeU$_$12,RESOLVED_VALID,audio,1.0
-THoVjtIkeU$_$12,RESOLVED_VALID,audio,1.0
-THoVjtIkeU$_$12,RESOLVED_VALID,audio,1.0
-THoVjtIkeU$_$12,RESOLVED_VALID,audio,1.0
-THoVjtIkeU$_$12,RESOLVED_VALID,audio,1.0
-THoVjtIkeU$_$12,RESOLVED_VALID,audio,1.0
-THoVjtIkeU$_$12,RESOLVED_VALID,audio,1.0
-THoVjtIkeU$_$12,RESOLVED_VALID,audio,1.0
-THoVjtIkeU$_$12,RESOLVED_VALID,audio,1.0
-THoVjtIkeU$_$12,RESOLVED_VALID,audio,1.0
-THoVjtIkeU$_$12,RESOLVED_VALID,audio,1.0
-THoVjtIkeU$_$12,RESOLVED_VALID,audio,1.0
-THoVjtIkeU$_$12,RESOLVED_VALID,audio,1.0
-THoVjtIkeU$_$12,RESOLVED_VALID,audio,1.0
-THoVjtIkeU$_$12,RESOLVED_VALID,audio,1.0
-THoVjtIkeU$_$12,RESOLVED_VALID,audio,1.0
-THoVjtIkeU$_$12,RESOLVED_VALID,audio,1.0
-THoVjtIkeU$_$2,RESOLVED_VALID,audio,1.0
-THoVjtIkeU$_$2,RESOLVED_VALID,audio,1.0
-THoVjtIkeU$_$2,RESOLVED_VALID,audio,1.0
-THoVjtIkeU$_$2,RESOLVED_VALID,audio,1.0
-THoVjtIkeU$_$2,RESOLVED_VALID,audio,1.0
-THoVjtIkeU$_$2,RESOLVED_VALID,audio,1.0
-THoVjtIkeU$_$2,RESOLVED_VALID,audio,1.0
-THoVjtIkeU$_$2,RESOLVED_VALID,audio,1.0
-THoVjtIkeU$_$2,RESOLVED_VALID,audio,1.0
-THoVjtIkeU$_$2,RESOLVED_VALID,audio,1.0
-THoVjtIkeU$_$6,RESOLVED_PARTIAL,audio,1.0
-THoVjtIkeU$_$6,RESOLVED_PARTIAL,audio,1.0
-THoVjtIkeU$_$6,RESOLVED_PARTIAL,audio,1.0
-THoVjtIkeU$_$6,RESOLVED_PARTIAL,audio,1.0
-THoVjtIkeU$_$6,RESOLVED_PARTIAL,audio,1.0
-THoVjtIkeU$_$6,RESOLVED_PARTIAL,audio,1.0
-THoVjtIkeU$_$6,RESOLVED_PARTIAL,audio,1.0
-THoVjtIkeU$_$6,RESOLVED_PARTIAL,audio,1.0
-THoVjtIkeU$_$6,RESOLVED_PARTIAL,audio,1.0
-THoVjtIkeU$_$6,RESOLVED_PARTIAL,audio,1.0
-THoVjtIkeU$_$6,RESOLVED_PARTIAL,audio,1.0
-THoVjtIkeU$_$6,RESOLVED_PARTIAL,audio,1.0
-THoVjtIkeU$_$6,RESOLVED_PARTIAL,audio,1.0
-THoVjtIkeU$_$6,RESOLVED_PARTIAL,audio,1.0
-THoVjtIkeU$_$6,RESOLVED_PARTIAL,audio,1.0
-THoVjtIkeU$_$6,RESOLVED_PARTIAL,audio,1.0
-THoVjtIkeU$_$6,RESOLVED_PARTIAL,audio,1.0
-THoVjtIkeU$_$6,RESOLVED_PARTIAL,audio,1.0
-THoVjtIkeU$_$6,RESOLVED_PARTIAL,audio,1.0
-THoVjtIkeU$_$6,RESOLVED_PARTIAL,audio,1.0
-THoVjtIkeU$_$6,RESOLVED_PARTIAL,audio,1.0
-THoVjtIkeU$_$6,RESOLVED_PARTIAL,audio,1.0
-THoVjtIkeU$_$6,RESOLVED_PARTIAL,audio,1.0
-THoVjtIkeU$_$6,RESOLVED_PARTIAL,audio,1.0
-THoVjtIkeU$_$6,RESOLVED_PARTIAL,audio,1.0
-THoVjtIkeU$_$6,RESOLVED_PARTIAL,audio,1.0
-THoVjtIkeU$_$6,RESOLVED_PARTIAL,audio,1.0
-THoVjtIkeU$_$6,RESOLVED_PARTIAL,audio,1.0
-THoVjtIkeU$_$6,RESOLVED_PARTIAL,audio,1.0
-THoVjtIkeU$_$6,RESOLVED_PARTIAL,audio,1.0
-UUCSKoHeMA$_$0,RESOLVED_VALID,audio,1.0
-UUCSKoHeMA$_$0,RESOLVED_VALID,audio,1.0
-UUCSKoHeMA$_$0,RESOLVED_VALID,audio,1.0
-UUCSKoHeMA$_$0,RESOLVED_VALID,audio,1.0
-UUCSKoHeMA$_$0,RESOLVED_VALID,audio,1.0
-UUCSKoHeMA$_$0,RESOLVED_VALID,audio,1.0
-UUCSKoHeMA$_$0,RESOLVED_VALID,audio,1.0
-UUCSKoHeMA$_$0,RESOLVED_VALID,audio,1.0
-UUCSKoHeMA$_$0,RESOLVED_VALID,audio,1.0
-UUCSKoHeMA$_$0,RESOLVED_VALID,audio,1.0
-UUCSKoHeMA$_$0,RESOLVED_VALID,audio,1.0
-UUCSKoHeMA$_$0,RESOLVED_VALID,audio,1.0
-UUCSKoHeMA$_$0,RESOLVED_VALID,audio,1.0
-UUCSKoHeMA$_$0,RESOLVED_VALID,audio,1.0
-UUCSKoHeMA$_$0,RESOLVED_VALID,audio,1.0
-UUCSKoHeMA$_$0,RESOLVED_VALID,audio,1.0
-UUCSKoHeMA$_$0,RESOLVED_VALID,audio,1.0
-UUCSKoHeMA$_$0,RESOLVED_VALID,audio,1.0
-UacrmKiTn4$_$10,RESOLVED_VALID,audio,1.0
-UacrmKiTn4$_$10,RESOLVED_VALID,audio,1.0
-UacrmKiTn4$_$10,RESOLVED_VALID,audio,1.0
-UacrmKiTn4$_$10,RESOLVED_VALID,audio,1.0
-UacrmKiTn4$_$10,RESOLVED_VALID,audio,1.0
-UacrmKiTn4$_$10,RESOLVED_VALID,audio,1.0
-UacrmKiTn4$_$10,RESOLVED_VALID,audio,1.0
-UacrmKiTn4$_$10,RESOLVED_VALID,audio,1.0
-UacrmKiTn4$_$10,RESOLVED_VALID,audio,1.0
-UacrmKiTn4$_$10,RESOLVED_VALID,audio,1.0
-UacrmKiTn4$_$10,RESOLVED_VALID,audio,1.0
-UacrmKiTn4$_$10,RESOLVED_VALID,audio,1.0
-UacrmKiTn4$_$10,RESOLVED_VALID,audio,1.0
-UacrmKiTn4$_$10,RESOLVED_VALID,audio,1.0
-UacrmKiTn4$_$10,RESOLVED_VALID,audio,1.0
-UacrmKiTn4$_$10,RESOLVED_VALID,audio,1.0
-UacrmKiTn4$_$10,RESOLVED_VALID,audio,1.0
-UacrmKiTn4$_$10,RESOLVED_VALID,audio,1.0
-UacrmKiTn4$_$4,RESOLVED_VALID,audio,1.0
-UacrmKiTn4$_$4,RESOLVED_VALID,audio,1.0
-UacrmKiTn4$_$4,RESOLVED_VALID,audio,1.0
-UacrmKiTn4$_$4,RESOLVED_VALID,audio,1.0
-UacrmKiTn4$_$4,RESOLVED_VALID,audio,1.0
-UacrmKiTn4$_$4,RESOLVED_VALID,audio,1.0
-UacrmKiTn4$_$4,RESOLVED_VALID,audio,1.0
-UacrmKiTn4$_$4,RESOLVED_VALID,audio,1.0
-UacrmKiTn4$_$4,RESOLVED_VALID,audio,1.0
-UacrmKiTn4$_$4,RESOLVED_VALID,audio,1.0
-UacrmKiTn4$_$4,RESOLVED_VALID,audio,1.0
-UacrmKiTn4$_$4,RESOLVED_VALID,audio,1.0
-UacrmKiTn4$_$4,RESOLVED_VALID,audio,1.0
-UacrmKiTn4$_$4,RESOLVED_VALID,audio,1.0
-UuX1xuaiiE$_$0,RESOLVED_PARTIAL,audio,1.0
-UuX1xuaiiE$_$0,RESOLVED_PARTIAL,audio,1.0
-UuX1xuaiiE$_$0,RESOLVED_PARTIAL,audio,1.0
-UuX1xuaiiE$_$0,RESOLVED_PARTIAL,audio,1.0
-UuX1xuaiiE$_$0,RESOLVED_PARTIAL,audio,1.0
-UuX1xuaiiE$_$0,RESOLVED_PARTIAL,audio,1.0
-UuX1xuaiiE$_$0,RESOLVED_PARTIAL,audio,1.0
-UuX1xuaiiE$_$0,RESOLVED_PARTIAL,audio,1.0
-UuX1xuaiiE$_$0,RESOLVED_PARTIAL,audio,1.0
-UuX1xuaiiE$_$1,RESOLVED_PARTIAL,audio,1.0
-UuX1xuaiiE$_$1,RESOLVED_PARTIAL,audio,1.0
-UuX1xuaiiE$_$1,RESOLVED_PARTIAL,audio,1.0
-UuX1xuaiiE$_$1,RESOLVED_PARTIAL,audio,1.0
-UuX1xuaiiE$_$1,RESOLVED_PARTIAL,audio,1.0
-UuX1xuaiiE$_$1,RESOLVED_PARTIAL,audio,1.0
-UuX1xuaiiE$_$1,RESOLVED_PARTIAL,audio,1.0
-UuX1xuaiiE$_$1,RESOLVED_PARTIAL,audio,1.0
-UuX1xuaiiE$_$1,RESOLVED_PARTIAL,audio,1.0
-UuX1xuaiiE$_$1,RESOLVED_PARTIAL,audio,1.0
-UuX1xuaiiE$_$1,RESOLVED_PARTIAL,audio,1.0
-UuX1xuaiiE$_$1,RESOLVED_PARTIAL,audio,1.0
-UuX1xuaiiE$_$1,RESOLVED_PARTIAL,audio,1.0
-UuX1xuaiiE$_$1,RESOLVED_PARTIAL,audio,1.0
-UuX1xuaiiE$_$1,RESOLVED_PARTIAL,audio,1.0
-UuX1xuaiiE$_$1,RESOLVED_PARTIAL,audio,1.0
-UuX1xuaiiE$_$1,RESOLVED_PARTIAL,audio,1.0
-UuX1xuaiiE$_$1,RESOLVED_PARTIAL,audio,1.0
-UuX1xuaiiE$_$1,RESOLVED_PARTIAL,audio,1.0
-UuX1xuaiiE$_$1,RESOLVED_PARTIAL,audio,1.0
-UuX1xuaiiE$_$1,RESOLVED_PARTIAL,audio,1.0
-UuX1xuaiiE$_$1,RESOLVED_PARTIAL,audio,1.0
-UuX1xuaiiE$_$1,RESOLVED_PARTIAL,audio,1.0
-UuX1xuaiiE$_$1,RESOLVED_PARTIAL,audio,1.0
-UuX1xuaiiE$_$1,RESOLVED_PARTIAL,audio,1.0
-UuX1xuaiiE$_$1,RESOLVED_PARTIAL,audio,1.0
-UuX1xuaiiE$_$1,RESOLVED_PARTIAL,audio,1.0
-UuX1xuaiiE$_$3,RESOLVED_VALID,audio,1.0
-UuX1xuaiiE$_$3,RESOLVED_VALID,audio,1.0
-UuX1xuaiiE$_$3,RESOLVED_VALID,audio,1.0
-UuX1xuaiiE$_$3,RESOLVED_VALID,audio,1.0
-UuX1xuaiiE$_$3,RESOLVED_VALID,audio,1.0
-UuX1xuaiiE$_$3,RESOLVED_VALID,audio,1.0
-UuX1xuaiiE$_$3,RESOLVED_VALID,audio,1.0
-UuX1xuaiiE$_$3,RESOLVED_VALID,audio,1.0
-UuX1xuaiiE$_$3,RESOLVED_VALID,audio,1.0
-UuX1xuaiiE$_$6,RESOLVED_VALID,audio,1.0
-UuX1xuaiiE$_$6,RESOLVED_VALID,audio,1.0
-UuX1xuaiiE$_$6,RESOLVED_VALID,audio,1.0
-UuX1xuaiiE$_$6,RESOLVED_VALID,audio,1.0
-UuX1xuaiiE$_$6,RESOLVED_VALID,audio,1.0
-UuX1xuaiiE$_$6,RESOLVED_VALID,audio,1.0
-UuX1xuaiiE$_$6,RESOLVED_VALID,audio,1.0
-UuX1xuaiiE$_$6,RESOLVED_VALID,audio,1.0
-UuX1xuaiiE$_$6,RESOLVED_VALID,audio,1.0
-UuX1xuaiiE$_$6,RESOLVED_VALID,audio,1.0
-UuX1xuaiiE$_$6,RESOLVED_VALID,audio,1.0
-UuX1xuaiiE$_$6,RESOLVED_VALID,audio,1.0
-UuX1xuaiiE$_$6,RESOLVED_VALID,audio,1.0
-UuX1xuaiiE$_$6,RESOLVED_VALID,audio,1.0
-UuX1xuaiiE$_$6,RESOLVED_VALID,audio,1.0
-UuX1xuaiiE$_$6,RESOLVED_VALID,audio,1.0
-UuX1xuaiiE$_$6,RESOLVED_VALID,audio,1.0
-UuX1xuaiiE$_$6,RESOLVED_VALID,audio,1.0
-UuX1xuaiiE$_$6,RESOLVED_VALID,audio,1.0
-UuX1xuaiiE$_$6,RESOLVED_VALID,audio,1.0
-UuX1xuaiiE$_$6,RESOLVED_VALID,audio,1.0
-UuX1xuaiiE$_$6,RESOLVED_VALID,audio,1.0
-a55Q6RWvTA$_$3,RESOLVED_VALID,audio,1.0
-a55Q6RWvTA$_$3,RESOLVED_VALID,audio,1.0
-a55Q6RWvTA$_$3,RESOLVED_VALID,audio,1.0
-a55Q6RWvTA$_$3,RESOLVED_VALID,audio,1.0
-a55Q6RWvTA$_$3,RESOLVED_VALID,audio,1.0
-a55Q6RWvTA$_$3,RESOLVED_VALID,audio,1.0
-a55Q6RWvTA$_$3,RESOLVED_VALID,audio,1.0
-a55Q6RWvTA$_$3,RESOLVED_VALID,audio,1.0
-a55Q6RWvTA$_$3,RESOLVED_VALID,audio,1.0
-a55Q6RWvTA$_$3,RESOLVED_VALID,audio,1.0
-a55Q6RWvTA$_$3,RESOLVED_VALID,audio,1.0
-a55Q6RWvTA$_$3,RESOLVED_VALID,audio,1.0
-a55Q6RWvTA$_$3,RESOLVED_VALID,audio,1.0
-a55Q6RWvTA$_$3,RESOLVED_VALID,audio,1.0
-a55Q6RWvTA$_$3,RESOLVED_VALID,audio,1.0
-a55Q6RWvTA$_$3,RESOLVED_VALID,audio,1.0
-a55Q6RWvTA$_$3,RESOLVED_VALID,audio,1.0
-a55Q6RWvTA$_$3,RESOLVED_VALID,audio,1.0
-a55Q6RWvTA$_$3,RESOLVED_VALID,audio,1.0
-a55Q6RWvTA$_$3,RESOLVED_VALID,audio,1.0
-a55Q6RWvTA$_$3,RESOLVED_VALID,audio,1.0
-a55Q6RWvTA$_$3,RESOLVED_VALID,audio,1.0
-a55Q6RWvTA$_$3,RESOLVED_VALID,audio,1.0
-a55Q6RWvTA$_$3,RESOLVED_VALID,audio,1.0
-a55Q6RWvTA$_$3,RESOLVED_VALID,audio,1.0
-a55Q6RWvTA$_$3,RESOLVED_VALID,audio,1.0
-a55Q6RWvTA$_$3,RESOLVED_VALID,audio,1.0
-a55Q6RWvTA$_$3,RESOLVED_VALID,audio,1.0
-a55Q6RWvTA$_$3,RESOLVED_VALID,audio,1.0
-a55Q6RWvTA$_$3,RESOLVED_VALID,audio,1.0
-a55Q6RWvTA$_$3,RESOLVED_VALID,audio,1.0
-a55Q6RWvTA$_$3,RESOLVED_VALID,audio,1.0
-a55Q6RWvTA$_$3,RESOLVED_VALID,audio,1.0
-a55Q6RWvTA$_$3,RESOLVED_VALID,audio,1.0
-a55Q6RWvTA$_$3,RESOLVED_VALID,audio,1.0
-a55Q6RWvTA$_$3,RESOLVED_VALID,audio,1.0
-a55Q6RWvTA$_$3,RESOLVED_VALID,audio,1.0
-a55Q6RWvTA$_$3,RESOLVED_VALID,audio,1.0
-a55Q6RWvTA$_$3,RESOLVED_VALID,audio,1.0
-a55Q6RWvTA$_$3,RESOLVED_VALID,audio,1.0
-a55Q6RWvTA$_$3,RESOLVED_VALID,audio,1.0
-a55Q6RWvTA$_$3,RESOLVED_VALID,audio,1.0
-a55Q6RWvTA$_$3,RESOLVED_VALID,audio,1.0
-a55Q6RWvTA$_$3,RESOLVED_VALID,audio,1.0
-a55Q6RWvTA$_$3,RESOLVED_VALID,audio,1.0
-a55Q6RWvTA$_$3,RESOLVED_VALID,audio,1.0
-a55Q6RWvTA$_$3,RESOLVED_VALID,audio,1.0
-a55Q6RWvTA$_$3,RESOLVED_VALID,audio,1.0
-a55Q6RWvTA$_$3,RESOLVED_VALID,audio,1.0
-a55Q6RWvTA$_$3,RESOLVED_VALID,audio,1.0
-a55Q6RWvTA$_$3,RESOLVED_VALID,audio,1.0
-a55Q6RWvTA$_$3,RESOLVED_VALID,audio,1.0
-a55Q6RWvTA$_$3,RESOLVED_VALID,audio,1.0
-a55Q6RWvTA$_$3,RESOLVED_VALID,audio,1.0
-a55Q6RWvTA$_$3,RESOLVED_VALID,audio,1.0
-a55Q6RWvTA$_$3,RESOLVED_VALID,audio,1.0
-a55Q6RWvTA$_$3,RESOLVED_VALID,audio,1.0
-a55Q6RWvTA$_$3,RESOLVED_VALID,audio,1.0
-a55Q6RWvTA$_$3,RESOLVED_VALID,audio,1.0
-a55Q6RWvTA$_$3,RESOLVED_VALID,audio,1.0
-a55Q6RWvTA$_$3,RESOLVED_VALID,audio,1.0
-a55Q6RWvTA$_$3,RESOLVED_VALID,audio,1.0
-a55Q6RWvTA$_$3,RESOLVED_VALID,audio,1.0
-a55Q6RWvTA$_$3,RESOLVED_VALID,audio,1.0
-a55Q6RWvTA$_$3,RESOLVED_VALID,audio,1.0
-aNfi7CP8vM$_$7,RESOLVED_VALID,audio,1.0
-aNfi7CP8vM$_$7,RESOLVED_VALID,audio,1.0
-aNfi7CP8vM$_$7,RESOLVED_VALID,audio,1.0
-aNfi7CP8vM$_$7,RESOLVED_VALID,audio,1.0
-aNfi7CP8vM$_$7,RESOLVED_VALID,audio,1.0
-aNfi7CP8vM$_$7,RESOLVED_VALID,audio,1.0
-aNfi7CP8vM$_$7,RESOLVED_VALID,audio,1.0
-aNfi7CP8vM$_$7,RESOLVED_VALID,audio,1.0
-aNfi7CP8vM$_$7,RESOLVED_VALID,audio,1.0
-aNfi7CP8vM$_$7,RESOLVED_VALID,audio,1.0
-aNfi7CP8vM$_$7,RESOLVED_VALID,audio,1.0
-aNfi7CP8vM$_$7,RESOLVED_VALID,audio,1.0
-aNfi7CP8vM$_$7,RESOLVED_VALID,audio,1.0
-aNfi7CP8vM$_$7,RESOLVED_VALID,audio,1.0
-aNfi7CP8vM$_$7,RESOLVED_VALID,audio,1.0
-aNfi7CP8vM$_$7,RESOLVED_VALID,audio,1.0
-aNfi7CP8vM$_$7,RESOLVED_VALID,audio,1.0
-aNfi7CP8vM$_$7,RESOLVED_VALID,audio,1.0
-aqamKhZ1Ec$_$0,RESOLVED_PARTIAL,audio,1.0
-aqamKhZ1Ec$_$0,RESOLVED_PARTIAL,audio,1.0
-aqamKhZ1Ec$_$0,RESOLVED_PARTIAL,audio,1.0
-aqamKhZ1Ec$_$0,RESOLVED_PARTIAL,audio,1.0
-aqamKhZ1Ec$_$0,RESOLVED_PARTIAL,audio,1.0
-aqamKhZ1Ec$_$0,RESOLVED_PARTIAL,audio,1.0
-aqamKhZ1Ec$_$0,RESOLVED_PARTIAL,audio,1.0
-aqamKhZ1Ec$_$0,RESOLVED_PARTIAL,audio,1.0
-aqamKhZ1Ec$_$0,RESOLVED_PARTIAL,audio,1.0
-aqamKhZ1Ec$_$0,RESOLVED_PARTIAL,audio,1.0
-aqamKhZ1Ec$_$0,RESOLVED_PARTIAL,audio,1.0
-aqamKhZ1Ec$_$0,RESOLVED_PARTIAL,audio,1.0
-aqamKhZ1Ec$_$0,RESOLVED_PARTIAL,audio,1.0
-aqamKhZ1Ec$_$0,RESOLVED_PARTIAL,audio,1.0
-dxfTGcXJoc$_$0,RESOLVED_VALID,audio,1.0
-dxfTGcXJoc$_$0,RESOLVED_VALID,audio,1.0
-dxfTGcXJoc$_$0,RESOLVED_VALID,audio,1.0
-dxfTGcXJoc$_$0,RESOLVED_VALID,audio,1.0
-dxfTGcXJoc$_$0,RESOLVED_VALID,audio,1.0
-dxfTGcXJoc$_$0,RESOLVED_VALID,audio,1.0
-dxfTGcXJoc$_$0,RESOLVED_VALID,audio,1.0
-dxfTGcXJoc$_$0,RESOLVED_VALID,audio,1.0
-dxfTGcXJoc$_$0,RESOLVED_VALID,audio,1.0
-dxfTGcXJoc$_$0,RESOLVED_VALID,audio,1.0
-dxfTGcXJoc$_$0,RESOLVED_VALID,audio,1.0
-dxfTGcXJoc$_$0,RESOLVED_VALID,audio,1.0
-dxfTGcXJoc$_$0,RESOLVED_VALID,audio,1.0
-dxfTGcXJoc$_$0,RESOLVED_VALID,audio,1.0
-dxfTGcXJoc$_$0,RESOLVED_VALID,audio,1.0
-dxfTGcXJoc$_$0,RESOLVED_VALID,audio,1.0
-dxfTGcXJoc$_$0,RESOLVED_VALID,audio,1.0
-dxfTGcXJoc$_$0,RESOLVED_VALID,audio,1.0
-dxfTGcXJoc$_$0,RESOLVED_VALID,audio,1.0
-dxfTGcXJoc$_$0,RESOLVED_VALID,audio,1.0
-dxfTGcXJoc$_$0,RESOLVED_VALID,audio,1.0
-dxfTGcXJoc$_$0,RESOLVED_VALID,audio,1.0
-dxfTGcXJoc$_$0,RESOLVED_VALID,audio,1.0
-dxfTGcXJoc$_$0,RESOLVED_VALID,audio,1.0
-dxfTGcXJoc$_$0,RESOLVED_VALID,audio,1.0
-dxfTGcXJoc$_$0,RESOLVED_VALID,audio,1.0
-dxfTGcXJoc$_$0,RESOLVED_VALID,audio,1.0
-dxfTGcXJoc$_$0,RESOLVED_VALID,audio,1.0
-dxfTGcXJoc$_$0,RESOLVED_VALID,audio,1.0
-dxfTGcXJoc$_$0,RESOLVED_VALID,audio,1.0
-dxfTGcXJoc$_$0,RESOLVED_VALID,audio,1.0
-dxfTGcXJoc$_$0,RESOLVED_VALID,audio,1.0
-dxfTGcXJoc$_$0,RESOLVED_VALID,audio,1.0
-dxfTGcXJoc$_$0,RESOLVED_VALID,audio,1.0
-dxfTGcXJoc$_$0,RESOLVED_VALID,audio,1.0
-dxfTGcXJoc$_$0,RESOLVED_VALID,audio,1.0
-dxfTGcXJoc$_$0,RESOLVED_VALID,audio,1.0
-dxfTGcXJoc$_$0,RESOLVED_VALID,audio,1.0
-dxfTGcXJoc$_$0,RESOLVED_VALID,audio,1.0
-dxfTGcXJoc$_$0,RESOLVED_VALID,audio,1.0
-dxfTGcXJoc$_$0,RESOLVED_VALID,audio,1.0
-dxfTGcXJoc$_$1,RESOLVED_VALID,audio,1.0
-dxfTGcXJoc$_$1,RESOLVED_VALID,audio,1.0
-dxfTGcXJoc$_$1,RESOLVED_VALID,audio,1.0
-dxfTGcXJoc$_$1,RESOLVED_VALID,audio,1.0
-dxfTGcXJoc$_$1,RESOLVED_VALID,audio,1.0
-dxfTGcXJoc$_$1,RESOLVED_VALID,audio,1.0
-dxfTGcXJoc$_$1,RESOLVED_VALID,audio,1.0
-dxfTGcXJoc$_$1,RESOLVED_VALID,audio,1.0
-dxfTGcXJoc$_$1,RESOLVED_VALID,audio,1.0
-dxfTGcXJoc$_$1,RESOLVED_VALID,audio,1.0
-dxfTGcXJoc$_$1,RESOLVED_VALID,audio,1.0
-dxfTGcXJoc$_$1,RESOLVED_VALID,audio,1.0
-dxfTGcXJoc$_$1,RESOLVED_VALID,audio,1.0
-dxfTGcXJoc$_$1,RESOLVED_VALID,audio,1.0
-dxfTGcXJoc$_$1,RESOLVED_VALID,audio,1.0
-dxfTGcXJoc$_$1,RESOLVED_VALID,audio,1.0
-dxfTGcXJoc$_$1,RESOLVED_VALID,audio,1.0
-dxfTGcXJoc$_$1,RESOLVED_VALID,audio,1.0
-dxfTGcXJoc$_$1,RESOLVED_VALID,audio,1.0
-dxfTGcXJoc$_$1,RESOLVED_VALID,audio,1.0
-dxfTGcXJoc$_$1,RESOLVED_VALID,audio,1.0
-dxfTGcXJoc$_$1,RESOLVED_VALID,audio,1.0
-dxfTGcXJoc$_$1,RESOLVED_VALID,audio,1.0
-dxfTGcXJoc$_$1,RESOLVED_VALID,audio,1.0
-dxfTGcXJoc$_$1,RESOLVED_VALID,audio,1.0
-dxfTGcXJoc$_$1,RESOLVED_VALID,audio,1.0
-dxfTGcXJoc$_$1,RESOLVED_VALID,audio,1.0
-dxfTGcXJoc$_$1,RESOLVED_VALID,audio,1.0
-dxfTGcXJoc$_$1,RESOLVED_VALID,audio,1.0
-dxfTGcXJoc$_$1,RESOLVED_VALID,audio,1.0
-dxfTGcXJoc$_$1,RESOLVED_VALID,audio,1.0
-dxfTGcXJoc$_$1,RESOLVED_VALID,audio,1.0
-dxfTGcXJoc$_$1,RESOLVED_VALID,audio,1.0
-dxfTGcXJoc$_$1,RESOLVED_VALID,audio,1.0
-dxfTGcXJoc$_$1,RESOLVED_VALID,audio,1.0
-dxfTGcXJoc$_$1,RESOLVED_VALID,audio,1.0
-dxfTGcXJoc$_$2,RESOLVED_VALID,audio,1.0
-dxfTGcXJoc$_$2,RESOLVED_VALID,audio,1.0
-dxfTGcXJoc$_$2,RESOLVED_VALID,audio,1.0
-dxfTGcXJoc$_$2,RESOLVED_VALID,audio,1.0
-dxfTGcXJoc$_$2,RESOLVED_VALID,audio,1.0
-dxfTGcXJoc$_$2,RESOLVED_VALID,audio,1.0
-dxfTGcXJoc$_$2,RESOLVED_VALID,audio,1.0
-dxfTGcXJoc$_$2,RESOLVED_VALID,audio,1.0
-dxfTGcXJoc$_$2,RESOLVED_VALID,audio,1.0
-dxfTGcXJoc$_$2,RESOLVED_VALID,audio,1.0
-dxfTGcXJoc$_$2,RESOLVED_VALID,audio,1.0
-dxfTGcXJoc$_$2,RESOLVED_VALID,audio,1.0
-dxfTGcXJoc$_$2,RESOLVED_VALID,audio,1.0
-dxfTGcXJoc$_$2,RESOLVED_VALID,audio,1.0
-dxfTGcXJoc$_$2,RESOLVED_VALID,audio,1.0
-dxfTGcXJoc$_$2,RESOLVED_VALID,audio,1.0
-dxfTGcXJoc$_$2,RESOLVED_VALID,audio,1.0
-dxfTGcXJoc$_$2,RESOLVED_VALID,audio,1.0
-dxfTGcXJoc$_$2,RESOLVED_VALID,audio,1.0
-dxfTGcXJoc$_$2,RESOLVED_VALID,audio,1.0
-dxfTGcXJoc$_$2,RESOLVED_VALID,audio,1.0
-dxfTGcXJoc$_$2,RESOLVED_VALID,audio,1.0
-dxfTGcXJoc$_$2,RESOLVED_VALID,audio,1.0
-dxfTGcXJoc$_$2,RESOLVED_VALID,audio,1.0
-dxfTGcXJoc$_$2,RESOLVED_VALID,audio,1.0
-dxfTGcXJoc$_$2,RESOLVED_VALID,audio,1.0
-dxfTGcXJoc$_$2,RESOLVED_VALID,audio,1.0
-dxfTGcXJoc$_$2,RESOLVED_VALID,audio,1.0
-dxfTGcXJoc$_$2,RESOLVED_VALID,audio,1.0
-dxfTGcXJoc$_$2,RESOLVED_VALID,audio,1.0
-dxfTGcXJoc$_$2,RESOLVED_VALID,audio,1.0
-dxfTGcXJoc$_$2,RESOLVED_VALID,audio,1.0
-dxfTGcXJoc$_$2,RESOLVED_VALID,audio,1.0
-dxfTGcXJoc$_$2,RESOLVED_VALID,audio,1.0
-dxfTGcXJoc$_$6,RESOLVED_VALID,audio,1.0
-dxfTGcXJoc$_$6,RESOLVED_VALID,audio,1.0
-dxfTGcXJoc$_$6,RESOLVED_VALID,audio,1.0
-dxfTGcXJoc$_$6,RESOLVED_VALID,audio,1.0
-dxfTGcXJoc$_$6,RESOLVED_VALID,audio,1.0
-dxfTGcXJoc$_$6,RESOLVED_VALID,audio,1.0
-dxfTGcXJoc$_$6,RESOLVED_VALID,audio,1.0
-dxfTGcXJoc$_$6,RESOLVED_VALID,audio,1.0
-dxfTGcXJoc$_$6,RESOLVED_VALID,audio,1.0
-dxfTGcXJoc$_$6,RESOLVED_VALID,audio,1.0
-dxfTGcXJoc$_$6,RESOLVED_VALID,audio,1.0
-dxfTGcXJoc$_$6,RESOLVED_VALID,audio,1.0
-dxfTGcXJoc$_$6,RESOLVED_VALID,audio,1.0
-dxfTGcXJoc$_$6,RESOLVED_VALID,audio,1.0
-dxfTGcXJoc$_$6,RESOLVED_VALID,audio,1.0
-dxfTGcXJoc$_$6,RESOLVED_VALID,audio,1.0
-dxfTGcXJoc$_$6,RESOLVED_VALID,audio,1.0
-dxfTGcXJoc$_$6,RESOLVED_VALID,audio,1.0
-dxfTGcXJoc$_$6,RESOLVED_VALID,audio,1.0
-dxfTGcXJoc$_$6,RESOLVED_VALID,audio,1.0
-dxfTGcXJoc$_$6,RESOLVED_VALID,audio,1.0
-dxfTGcXJoc$_$6,RESOLVED_VALID,audio,1.0
-dxfTGcXJoc$_$6,RESOLVED_VALID,audio,1.0
-dxfTGcXJoc$_$6,RESOLVED_VALID,audio,1.0
-dxfTGcXJoc$_$6,RESOLVED_VALID,audio,1.0
-dxfTGcXJoc$_$6,RESOLVED_VALID,audio,1.0
-dxfTGcXJoc$_$6,RESOLVED_VALID,audio,1.0
-egA8-b7-3M$_$1,RESOLVED_VALID,audio,1.0
-egA8-b7-3M$_$1,RESOLVED_VALID,audio,1.0
-egA8-b7-3M$_$1,RESOLVED_VALID,audio,1.0
-egA8-b7-3M$_$1,RESOLVED_VALID,audio,1.0
-egA8-b7-3M$_$1,RESOLVED_VALID,audio,1.0
-egA8-b7-3M$_$1,RESOLVED_VALID,audio,1.0
-egA8-b7-3M$_$1,RESOLVED_VALID,audio,1.0
-egA8-b7-3M$_$1,RESOLVED_VALID,audio,1.0
-egA8-b7-3M$_$1,RESOLVED_VALID,audio,1.0
-egA8-b7-3M$_$1,RESOLVED_VALID,audio,1.0
-egA8-b7-3M$_$1,RESOLVED_VALID,audio,1.0
-egA8-b7-3M$_$1,RESOLVED_VALID,audio,1.0
-egA8-b7-3M$_$1,RESOLVED_VALID,audio,1.0
-egA8-b7-3M$_$1,RESOLVED_VALID,audio,1.0
-egA8-b7-3M$_$1,RESOLVED_VALID,audio,1.0
-egA8-b7-3M$_$1,RESOLVED_VALID,audio,1.0
-egA8-b7-3M$_$1,RESOLVED_VALID,audio,1.0
-egA8-b7-3M$_$1,RESOLVED_VALID,audio,1.0
-egA8-b7-3M$_$1,RESOLVED_VALID,audio,1.0
-egA8-b7-3M$_$1,RESOLVED_VALID,audio,1.0
-egA8-b7-3M$_$13,RESOLVED_VALID,audio,1.0
-egA8-b7-3M$_$13,RESOLVED_VALID,audio,1.0
-egA8-b7-3M$_$13,RESOLVED_VALID,audio,1.0
-egA8-b7-3M$_$13,RESOLVED_VALID,audio,1.0
-egA8-b7-3M$_$13,RESOLVED_VALID,audio,1.0
-egA8-b7-3M$_$13,RESOLVED_VALID,audio,1.0
-egA8-b7-3M$_$13,RESOLVED_VALID,audio,1.0
-egA8-b7-3M$_$13,RESOLVED_VALID,audio,1.0
-egA8-b7-3M$_$13,RESOLVED_VALID,audio,1.0
-egA8-b7-3M$_$13,RESOLVED_VALID,audio,1.0
-egA8-b7-3M$_$13,RESOLVED_VALID,audio,1.0
-egA8-b7-3M$_$16,RESOLVED_VALID,audio,1.0
-egA8-b7-3M$_$16,RESOLVED_VALID,audio,1.0
-egA8-b7-3M$_$16,RESOLVED_VALID,audio,1.0
-egA8-b7-3M$_$16,RESOLVED_VALID,audio,1.0
-egA8-b7-3M$_$16,RESOLVED_VALID,audio,1.0
-egA8-b7-3M$_$16,RESOLVED_VALID,audio,1.0
-egA8-b7-3M$_$16,RESOLVED_VALID,audio,1.0
-egA8-b7-3M$_$16,RESOLVED_VALID,audio,1.0
-egA8-b7-3M$_$16,RESOLVED_VALID,audio,1.0
-egA8-b7-3M$_$16,RESOLVED_VALID,audio,1.0
-egA8-b7-3M$_$16,RESOLVED_VALID,audio,1.0
-egA8-b7-3M$_$17,RESOLVED_PARTIAL,audio,1.0
-egA8-b7-3M$_$17,RESOLVED_PARTIAL,audio,1.0
-egA8-b7-3M$_$17,RESOLVED_PARTIAL,audio,1.0
-egA8-b7-3M$_$17,RESOLVED_PARTIAL,audio,1.0
-egA8-b7-3M$_$17,RESOLVED_PARTIAL,audio,1.0
-egA8-b7-3M$_$17,RESOLVED_PARTIAL,audio,1.0
-egA8-b7-3M$_$17,RESOLVED_PARTIAL,audio,1.0
-egA8-b7-3M$_$17,RESOLVED_PARTIAL,audio,1.0
-egA8-b7-3M$_$17,RESOLVED_PARTIAL,audio,1.0
-egA8-b7-3M$_$17,RESOLVED_PARTIAL,audio,1.0
-egA8-b7-3M$_$17,RESOLVED_PARTIAL,audio,1.0
-egA8-b7-3M$_$17,RESOLVED_PARTIAL,audio,1.0
-egA8-b7-3M$_$17,RESOLVED_PARTIAL,audio,1.0
-egA8-b7-3M$_$17,RESOLVED_PARTIAL,audio,1.0
-egA8-b7-3M$_$17,RESOLVED_PARTIAL,audio,1.0
-egA8-b7-3M$_$17,RESOLVED_PARTIAL,audio,1.0
-egA8-b7-3M$_$18,RESOLVED_VALID,audio,1.0
-egA8-b7-3M$_$18,RESOLVED_VALID,audio,1.0
-egA8-b7-3M$_$18,RESOLVED_VALID,audio,1.0
-egA8-b7-3M$_$18,RESOLVED_VALID,audio,1.0
-egA8-b7-3M$_$18,RESOLVED_VALID,audio,1.0
-egA8-b7-3M$_$18,RESOLVED_VALID,audio,1.0
-egA8-b7-3M$_$18,RESOLVED_VALID,audio,1.0
-egA8-b7-3M$_$18,RESOLVED_VALID,audio,1.0
-egA8-b7-3M$_$18,RESOLVED_VALID,audio,1.0
-egA8-b7-3M$_$18,RESOLVED_VALID,audio,1.0
-egA8-b7-3M$_$18,RESOLVED_VALID,audio,1.0
-egA8-b7-3M$_$18,RESOLVED_VALID,audio,1.0
-egA8-b7-3M$_$18,RESOLVED_VALID,audio,1.0
-egA8-b7-3M$_$18,RESOLVED_VALID,audio,1.0
-egA8-b7-3M$_$18,RESOLVED_VALID,audio,1.0
-egA8-b7-3M$_$18,RESOLVED_VALID,audio,1.0
-egA8-b7-3M$_$18,RESOLVED_VALID,audio,1.0
-egA8-b7-3M$_$18,RESOLVED_VALID,audio,1.0
-egA8-b7-3M$_$18,RESOLVED_VALID,audio,1.0
-egA8-b7-3M$_$18,RESOLVED_VALID,audio,1.0
-egA8-b7-3M$_$18,RESOLVED_VALID,audio,1.0
-egA8-b7-3M$_$18,RESOLVED_VALID,audio,1.0
-egA8-b7-3M$_$20,RESOLVED_VALID,audio,1.0
-egA8-b7-3M$_$20,RESOLVED_VALID,audio,1.0
-egA8-b7-3M$_$20,RESOLVED_VALID,audio,1.0
-egA8-b7-3M$_$20,RESOLVED_VALID,audio,1.0
-egA8-b7-3M$_$20,RESOLVED_VALID,audio,1.0
-egA8-b7-3M$_$20,RESOLVED_VALID,audio,1.0
-egA8-b7-3M$_$20,RESOLVED_VALID,audio,1.0
-egA8-b7-3M$_$20,RESOLVED_VALID,audio,1.0
-egA8-b7-3M$_$20,RESOLVED_VALID,audio,1.0
-egA8-b7-3M$_$20,RESOLVED_VALID,audio,1.0
-egA8-b7-3M$_$20,RESOLVED_VALID,audio,1.0
-egA8-b7-3M$_$20,RESOLVED_VALID,audio,1.0
-egA8-b7-3M$_$20,RESOLVED_VALID,audio,1.0
-egA8-b7-3M$_$20,RESOLVED_VALID,audio,1.0
-egA8-b7-3M$_$20,RESOLVED_VALID,audio,1.0
-egA8-b7-3M$_$20,RESOLVED_VALID,audio,1.0
-egA8-b7-3M$_$20,RESOLVED_VALID,audio,1.0
-egA8-b7-3M$_$20,RESOLVED_VALID,audio,1.0
-egA8-b7-3M$_$20,RESOLVED_VALID,audio,1.0
-egA8-b7-3M$_$20,RESOLVED_VALID,audio,1.0
-egA8-b7-3M$_$26,RESOLVED_VALID,audio,1.0
-egA8-b7-3M$_$26,RESOLVED_VALID,audio,1.0
-egA8-b7-3M$_$26,RESOLVED_VALID,audio,1.0
-egA8-b7-3M$_$26,RESOLVED_VALID,audio,1.0
-egA8-b7-3M$_$26,RESOLVED_VALID,audio,1.0
-egA8-b7-3M$_$26,RESOLVED_VALID,audio,1.0
-egA8-b7-3M$_$26,RESOLVED_VALID,audio,1.0
-egA8-b7-3M$_$26,RESOLVED_VALID,audio,1.0
-egA8-b7-3M$_$26,RESOLVED_VALID,audio,1.0
-egA8-b7-3M$_$26,RESOLVED_VALID,audio,1.0
-egA8-b7-3M$_$26,RESOLVED_VALID,audio,1.0
-egA8-b7-3M$_$26,RESOLVED_VALID,audio,1.0
-egA8-b7-3M$_$26,RESOLVED_VALID,audio,1.0
-egA8-b7-3M$_$26,RESOLVED_VALID,audio,1.0
-egA8-b7-3M$_$26,RESOLVED_VALID,audio,1.0
-egA8-b7-3M$_$6,RESOLVED_VALID,audio,1.0
-egA8-b7-3M$_$6,RESOLVED_VALID,audio,1.0
-egA8-b7-3M$_$6,RESOLVED_VALID,audio,1.0
-egA8-b7-3M$_$6,RESOLVED_VALID,audio,1.0
-egA8-b7-3M$_$6,RESOLVED_VALID,audio,1.0
-egA8-b7-3M$_$6,RESOLVED_VALID,audio,1.0
-egA8-b7-3M$_$6,RESOLVED_VALID,audio,1.0
-egA8-b7-3M$_$6,RESOLVED_VALID,audio,1.0
-egA8-b7-3M$_$6,RESOLVED_VALID,audio,1.0
-egA8-b7-3M$_$6,RESOLVED_VALID,audio,1.0
-egA8-b7-3M$_$6,RESOLVED_VALID,audio,1.0
-egA8-b7-3M$_$6,RESOLVED_VALID,audio,1.0
-egA8-b7-3M$_$9,RESOLVED_VALID,audio,1.0
-egA8-b7-3M$_$9,RESOLVED_VALID,audio,1.0
-egA8-b7-3M$_$9,RESOLVED_VALID,audio,1.0
-egA8-b7-3M$_$9,RESOLVED_VALID,audio,1.0
-egA8-b7-3M$_$9,RESOLVED_VALID,audio,1.0
-egA8-b7-3M$_$9,RESOLVED_VALID,audio,1.0
-egA8-b7-3M$_$9,RESOLVED_VALID,audio,1.0
-egA8-b7-3M$_$9,RESOLVED_VALID,audio,1.0
-egA8-b7-3M$_$9,RESOLVED_VALID,audio,1.0
-egA8-b7-3M$_$9,RESOLVED_VALID,audio,1.0
-hnBHBN8p5A$_$6,UNRESOLVED,audio,0.0
-hnBHBN8p5A$_$6,UNRESOLVED,audio,0.0
-hnBHBN8p5A$_$6,UNRESOLVED,audio,0.0
-hnBHBN8p5A$_$6,UNRESOLVED,audio,0.0
-hnBHBN8p5A$_$6,UNRESOLVED,audio,0.0
-hnBHBN8p5A$_$6,UNRESOLVED,audio,0.0
-hnBHBN8p5A$_$6,UNRESOLVED,audio,0.0
-hnBHBN8p5A$_$6,UNRESOLVED,audio,0.0
-hnBHBN8p5A$_$6,UNRESOLVED,audio,0.0
-hnBHBN8p5A$_$6,UNRESOLVED,audio,0.0
-hnBHBN8p5A$_$6,UNRESOLVED,audio,0.0
-hnBHBN8p5A$_$6,UNRESOLVED,audio,0.0
-hnBHBN8p5A$_$6,UNRESOLVED,audio,0.0
-hnBHBN8p5A$_$7,UNRESOLVED,audio,0.0
-hnBHBN8p5A$_$7,UNRESOLVED,audio,0.0
-hnBHBN8p5A$_$7,UNRESOLVED,audio,0.0
-hnBHBN8p5A$_$7,UNRESOLVED,audio,0.0
-hnBHBN8p5A$_$7,UNRESOLVED,audio,0.0
-hnBHBN8p5A$_$7,UNRESOLVED,audio,0.0
-hnBHBN8p5A$_$7,UNRESOLVED,audio,0.0
-hnBHBN8p5A$_$7,UNRESOLVED,audio,0.0
-hnBHBN8p5A$_$7,UNRESOLVED,audio,0.0
-hnBHBN8p5A$_$7,UNRESOLVED,audio,0.0
-hnBHBN8p5A$_$7,UNRESOLVED,audio,0.0
-hnBHBN8p5A$_$7,UNRESOLVED,audio,0.0
-hnBHBN8p5A$_$7,UNRESOLVED,audio,0.0
-iRBcNs9oI8$_$3,UNRESOLVED,audio,0.0
-iRBcNs9oI8$_$3,UNRESOLVED,audio,0.0
-iRBcNs9oI8$_$3,UNRESOLVED,audio,0.0
-iRBcNs9oI8$_$3,UNRESOLVED,audio,0.0
-iRBcNs9oI8$_$3,UNRESOLVED,audio,0.0
-iRBcNs9oI8$_$3,UNRESOLVED,audio,0.0
-iRBcNs9oI8$_$3,UNRESOLVED,audio,0.0
-iRBcNs9oI8$_$3,UNRESOLVED,audio,0.0
-iRBcNs9oI8$_$6,RESOLVED_CONFLICT,audio,0.0
-iRBcNs9oI8$_$6,RESOLVED_CONFLICT,audio,0.0
-iRBcNs9oI8$_$6,RESOLVED_CONFLICT,audio,0.0
-iRBcNs9oI8$_$6,RESOLVED_CONFLICT,audio,0.0
-iRBcNs9oI8$_$6,RESOLVED_CONFLICT,audio,0.0
-iRBcNs9oI8$_$7,RESOLVED_CONFLICT,audio,0.0
-iRBcNs9oI8$_$7,RESOLVED_CONFLICT,audio,0.0
-iRBcNs9oI8$_$7,RESOLVED_CONFLICT,audio,0.0
-iRBcNs9oI8$_$7,RESOLVED_CONFLICT,audio,0.0
-iRBcNs9oI8$_$7,RESOLVED_CONFLICT,audio,0.0
-iRBcNs9oI8$_$7,RESOLVED_CONFLICT,audio,0.0
-iRBcNs9oI8$_$7,RESOLVED_CONFLICT,audio,0.0
-iRBcNs9oI8$_$7,RESOLVED_CONFLICT,audio,0.0
-iRBcNs9oI8$_$7,RESOLVED_CONFLICT,audio,0.0
-iRBcNs9oI8$_$8,RESOLVED_CONFLICT,audio,0.0
-iRBcNs9oI8$_$8,RESOLVED_CONFLICT,audio,0.0
-iRBcNs9oI8$_$8,RESOLVED_CONFLICT,audio,0.0
-iRBcNs9oI8$_$8,RESOLVED_CONFLICT,audio,0.0
-iRBcNs9oI8$_$8,RESOLVED_CONFLICT,audio,0.0
-iRBcNs9oI8$_$8,RESOLVED_CONFLICT,audio,0.0
-iRBcNs9oI8$_$8,RESOLVED_CONFLICT,audio,0.0
-iRBcNs9oI8$_$8,RESOLVED_CONFLICT,audio,0.0
-iRBcNs9oI8$_$8,RESOLVED_CONFLICT,audio,0.0
-iRBcNs9oI8$_$8,RESOLVED_CONFLICT,audio,0.0
-iRBcNs9oI8$_$8,RESOLVED_CONFLICT,audio,0.0
-iRBcNs9oI8$_$8,RESOLVED_CONFLICT,audio,0.0
-iRBcNs9oI8$_$8,RESOLVED_CONFLICT,audio,0.0
-iRBcNs9oI8$_$8,RESOLVED_CONFLICT,audio,0.0
-iRBcNs9oI8$_$8,RESOLVED_CONFLICT,audio,0.0
-iRBcNs9oI8$_$8,RESOLVED_CONFLICT,audio,0.0
-iRBcNs9oI8$_$8,RESOLVED_CONFLICT,audio,0.0
-iRBcNs9oI8$_$8,RESOLVED_CONFLICT,audio,0.0
-iRBcNs9oI8$_$8,RESOLVED_CONFLICT,audio,0.0
-iRBcNs9oI8$_$8,RESOLVED_CONFLICT,audio,0.0
-iRBcNs9oI8$_$8,RESOLVED_CONFLICT,audio,0.0
-iRBcNs9oI8$_$9,UNRESOLVED,audio,0.0
-iRBcNs9oI8$_$9,UNRESOLVED,audio,0.0
-iRBcNs9oI8$_$9,UNRESOLVED,audio,0.0
-iRBcNs9oI8$_$9,UNRESOLVED,audio,0.0
-iRBcNs9oI8$_$9,UNRESOLVED,audio,0.0
-lzEya4AM_4$_$5,RESOLVED_VALID,audio,1.0
-lzEya4AM_4$_$5,RESOLVED_VALID,audio,1.0
-lzEya4AM_4$_$5,RESOLVED_VALID,audio,1.0
-lzEya4AM_4$_$5,RESOLVED_VALID,audio,1.0
-lzEya4AM_4$_$5,RESOLVED_VALID,audio,1.0
-lzEya4AM_4$_$5,RESOLVED_VALID,audio,1.0
-lzEya4AM_4$_$5,RESOLVED_VALID,audio,1.0
-lzEya4AM_4$_$5,RESOLVED_VALID,audio,1.0
-lzEya4AM_4$_$5,RESOLVED_VALID,audio,1.0
-lzEya4AM_4$_$5,RESOLVED_VALID,audio,1.0
-lzEya4AM_4$_$5,RESOLVED_VALID,audio,1.0
-lzEya4AM_4$_$5,RESOLVED_VALID,audio,1.0
-lzEya4AM_4$_$5,RESOLVED_VALID,audio,1.0
-lzEya4AM_4$_$5,RESOLVED_VALID,audio,1.0
-lzEya4AM_4$_$5,RESOLVED_VALID,audio,1.0
-lzEya4AM_4$_$5,RESOLVED_VALID,audio,1.0
-lzEya4AM_4$_$5,RESOLVED_VALID,audio,1.0
-lzEya4AM_4$_$5,RESOLVED_VALID,audio,1.0
-lzEya4AM_4$_$5,RESOLVED_VALID,audio,1.0
-lzEya4AM_4$_$6,RESOLVED_VALID,audio,1.0
-lzEya4AM_4$_$6,RESOLVED_VALID,audio,1.0
-lzEya4AM_4$_$6,RESOLVED_VALID,audio,1.0
-lzEya4AM_4$_$6,RESOLVED_VALID,audio,1.0
-lzEya4AM_4$_$6,RESOLVED_VALID,audio,1.0
-lzEya4AM_4$_$6,RESOLVED_VALID,audio,1.0
-lzEya4AM_4$_$6,RESOLVED_VALID,audio,1.0
-lzEya4AM_4$_$6,RESOLVED_VALID,audio,1.0
-lzEya4AM_4$_$6,RESOLVED_VALID,audio,1.0
-lzEya4AM_4$_$6,RESOLVED_VALID,audio,1.0
-lzEya4AM_4$_$6,RESOLVED_VALID,audio,1.0
-lzEya4AM_4$_$6,RESOLVED_VALID,audio,1.0
-lzEya4AM_4$_$6,RESOLVED_VALID,audio,1.0
-lzEya4AM_4$_$6,RESOLVED_VALID,audio,1.0
-lzEya4AM_4$_$6,RESOLVED_VALID,audio,1.0
-lzEya4AM_4$_$6,RESOLVED_VALID,audio,1.0
-lzEya4AM_4$_$6,RESOLVED_VALID,audio,1.0
-lzEya4AM_4$_$6,RESOLVED_VALID,audio,1.0
-lzEya4AM_4$_$6,RESOLVED_VALID,audio,1.0
-lzEya4AM_4$_$6,RESOLVED_VALID,audio,1.0
-lzEya4AM_4$_$6,RESOLVED_VALID,audio,1.0
-lzEya4AM_4$_$6,RESOLVED_VALID,audio,1.0
-lzEya4AM_4$_$6,RESOLVED_VALID,audio,1.0
-lzEya4AM_4$_$6,RESOLVED_VALID,audio,1.0
-lzEya4AM_4$_$6,RESOLVED_VALID,audio,1.0
-lzEya4AM_4$_$6,RESOLVED_VALID,audio,1.0
-lzEya4AM_4$_$6,RESOLVED_VALID,audio,1.0
-lzEya4AM_4$_$6,RESOLVED_VALID,audio,1.0
-lzEya4AM_4$_$6,RESOLVED_VALID,audio,1.0
-lzEya4AM_4$_$6,RESOLVED_VALID,audio,1.0
-lzEya4AM_4$_$6,RESOLVED_VALID,audio,1.0
-lzEya4AM_4$_$6,RESOLVED_VALID,audio,1.0
-lzEya4AM_4$_$6,RESOLVED_VALID,audio,1.0
-lzEya4AM_4$_$6,RESOLVED_VALID,audio,1.0
-lzEya4AM_4$_$6,RESOLVED_VALID,audio,1.0
-lzEya4AM_4$_$6,RESOLVED_VALID,audio,1.0
-lzEya4AM_4$_$6,RESOLVED_VALID,audio,1.0
-lzEya4AM_4$_$6,RESOLVED_VALID,audio,1.0
-lzEya4AM_4$_$6,RESOLVED_VALID,audio,1.0
-lzEya4AM_4$_$6,RESOLVED_VALID,audio,1.0
-lzEya4AM_4$_$6,RESOLVED_VALID,audio,1.0
-lzEya4AM_4$_$6,RESOLVED_VALID,audio,1.0
-lzEya4AM_4$_$6,RESOLVED_VALID,audio,1.0
-mJ2ud6oKI8$_$1,RESOLVED_MISSING,audio,0.0
-mJ2ud6oKI8$_$1,RESOLVED_MISSING,audio,0.0
-mJ2ud6oKI8$_$1,RESOLVED_MISSING,audio,0.0
-mJ2ud6oKI8$_$1,RESOLVED_MISSING,audio,0.0
-mJ2ud6oKI8$_$1,RESOLVED_MISSING,audio,0.0
-mJ2ud6oKI8$_$1,RESOLVED_MISSING,audio,0.0
-mJ2ud6oKI8$_$1,RESOLVED_MISSING,audio,0.0
-mJ2ud6oKI8$_$1,RESOLVED_MISSING,audio,0.0
-mJ2ud6oKI8$_$1,RESOLVED_MISSING,audio,0.0
-mJ2ud6oKI8$_$1,RESOLVED_MISSING,audio,0.0
-mJ2ud6oKI8$_$1,RESOLVED_MISSING,audio,0.0
-mJ2ud6oKI8$_$1,RESOLVED_MISSING,audio,0.0
-mJ2ud6oKI8$_$1,RESOLVED_MISSING,audio,0.0
-mJ2ud6oKI8$_$2,RESOLVED_CONFLICT,audio,0.0
-mJ2ud6oKI8$_$2,RESOLVED_CONFLICT,audio,0.0
-mJ2ud6oKI8$_$2,RESOLVED_CONFLICT,audio,0.0
-mJ2ud6oKI8$_$2,RESOLVED_CONFLICT,audio,0.0
-mJ2ud6oKI8$_$2,RESOLVED_CONFLICT,audio,0.0
-mJ2ud6oKI8$_$2,RESOLVED_CONFLICT,audio,0.0
-mJ2ud6oKI8$_$2,RESOLVED_CONFLICT,audio,0.0
-mJ2ud6oKI8$_$2,RESOLVED_CONFLICT,audio,0.0
-mJ2ud6oKI8$_$2,RESOLVED_CONFLICT,audio,0.0
-mJ2ud6oKI8$_$2,RESOLVED_CONFLICT,audio,0.0
-mJ2ud6oKI8$_$2,RESOLVED_CONFLICT,audio,0.0
-mJ2ud6oKI8$_$6,UNRESOLVED,audio,0.0
-mJ2ud6oKI8$_$6,UNRESOLVED,audio,0.0
-mJ2ud6oKI8$_$6,UNRESOLVED,audio,0.0
-mJ2ud6oKI8$_$6,UNRESOLVED,audio,0.0
-mJ2ud6oKI8$_$6,UNRESOLVED,audio,0.0
-mJ2ud6oKI8$_$8,UNRESOLVED,audio,0.0
-mJ2ud6oKI8$_$8,UNRESOLVED,audio,0.0
-mJ2ud6oKI8$_$8,UNRESOLVED,audio,0.0
-mJ2ud6oKI8$_$8,UNRESOLVED,audio,0.0
-mJ2ud6oKI8$_$8,UNRESOLVED,audio,0.0
-mJ2ud6oKI8$_$8,UNRESOLVED,audio,0.0
-mJ2ud6oKI8$_$8,UNRESOLVED,audio,0.0
-mJ2ud6oKI8$_$8,UNRESOLVED,audio,0.0
-mJ2ud6oKI8$_$8,UNRESOLVED,audio,0.0
-mJ2ud6oKI8$_$8,UNRESOLVED,audio,0.0
-mJ2ud6oKI8$_$8,UNRESOLVED,audio,0.0
-mJ2ud6oKI8$_$9,UNRESOLVED,audio,0.0
-mJ2ud6oKI8$_$9,UNRESOLVED,audio,0.0
-mJ2ud6oKI8$_$9,UNRESOLVED,audio,0.0
-mJ2ud6oKI8$_$9,UNRESOLVED,audio,0.0
-mJ2ud6oKI8$_$9,UNRESOLVED,audio,0.0
-mJ2ud6oKI8$_$9,UNRESOLVED,audio,0.0
-mJ2ud6oKI8$_$9,UNRESOLVED,audio,0.0
-mJ2ud6oKI8$_$9,UNRESOLVED,audio,0.0
-mJ2ud6oKI8$_$9,UNRESOLVED,audio,0.0
-mJ2ud6oKI8$_$9,UNRESOLVED,audio,0.0
-mJ2ud6oKI8$_$9,UNRESOLVED,audio,0.0
-mJ2ud6oKI8$_$9,UNRESOLVED,audio,0.0
-mJ2ud6oKI8$_$9,UNRESOLVED,audio,0.0
-mJ2ud6oKI8$_$9,UNRESOLVED,audio,0.0
-mJ2ud6oKI8$_$9,UNRESOLVED,audio,0.0
-mJ2ud6oKI8$_$9,UNRESOLVED,audio,0.0
-mJ2ud6oKI8$_$9,UNRESOLVED,audio,0.0
-mJ2ud6oKI8$_$9,UNRESOLVED,audio,0.0
-mJ2ud6oKI8$_$9,UNRESOLVED,audio,0.0
-mJ2ud6oKI8$_$9,UNRESOLVED,audio,0.0
-mJ2ud6oKI8$_$9,UNRESOLVED,audio,0.0
-mJ2ud6oKI8$_$9,UNRESOLVED,audio,0.0
-mqbVkbCndg$_$0,RESOLVED_PARTIAL,audio,1.0
-mqbVkbCndg$_$0,RESOLVED_PARTIAL,audio,1.0
-mqbVkbCndg$_$0,RESOLVED_PARTIAL,audio,1.0
-mqbVkbCndg$_$0,RESOLVED_PARTIAL,audio,1.0
-mqbVkbCndg$_$0,RESOLVED_PARTIAL,audio,1.0
-mqbVkbCndg$_$0,RESOLVED_PARTIAL,audio,1.0
-mqbVkbCndg$_$0,RESOLVED_PARTIAL,audio,1.0
-mqbVkbCndg$_$0,RESOLVED_PARTIAL,audio,1.0
-mqbVkbCndg$_$0,RESOLVED_PARTIAL,audio,1.0
-mqbVkbCndg$_$0,RESOLVED_PARTIAL,audio,1.0
-mqbVkbCndg$_$0,RESOLVED_PARTIAL,audio,1.0
-mqbVkbCndg$_$0,RESOLVED_PARTIAL,audio,1.0
-qDkUB0GgYY$_$6,RESOLVED_VALID,audio,1.0
-qDkUB0GgYY$_$6,RESOLVED_VALID,audio,1.0
-qDkUB0GgYY$_$6,RESOLVED_VALID,audio,1.0
-qDkUB0GgYY$_$6,RESOLVED_VALID,audio,1.0
-qDkUB0GgYY$_$6,RESOLVED_VALID,audio,1.0
-qDkUB0GgYY$_$6,RESOLVED_VALID,audio,1.0
-qDkUB0GgYY$_$6,RESOLVED_VALID,audio,1.0
-qDkUB0GgYY$_$6,RESOLVED_VALID,audio,1.0
-qDkUB0GgYY$_$6,RESOLVED_VALID,audio,1.0
-qDkUB0GgYY$_$6,RESOLVED_VALID,audio,1.0
-qDkUB0GgYY$_$6,RESOLVED_VALID,audio,1.0
-qDkUB0GgYY$_$6,RESOLVED_VALID,audio,1.0
-qDkUB0GgYY$_$6,RESOLVED_VALID,audio,1.0
-qDkUB0GgYY$_$6,RESOLVED_VALID,audio,1.0
-qDkUB0GgYY$_$6,RESOLVED_VALID,audio,1.0
-qDkUB0GgYY$_$6,RESOLVED_VALID,audio,1.0
-ri04Z7vwnc$_$0,RESOLVED_MISSING,audio,0.0
-ri04Z7vwnc$_$0,RESOLVED_MISSING,audio,0.0
-ri04Z7vwnc$_$0,RESOLVED_MISSING,audio,0.0
-ri04Z7vwnc$_$0,RESOLVED_MISSING,audio,0.0
-ri04Z7vwnc$_$0,RESOLVED_MISSING,audio,0.0
-ri04Z7vwnc$_$0,RESOLVED_MISSING,audio,0.0
-ri04Z7vwnc$_$0,RESOLVED_MISSING,audio,0.0
-ri04Z7vwnc$_$0,RESOLVED_MISSING,audio,0.0
-ri04Z7vwnc$_$2,UNRESOLVED,audio,0.0
-ri04Z7vwnc$_$2,UNRESOLVED,audio,0.0
-ri04Z7vwnc$_$2,UNRESOLVED,audio,0.0
-ri04Z7vwnc$_$2,UNRESOLVED,audio,0.0
-ri04Z7vwnc$_$2,UNRESOLVED,audio,0.0
-ri04Z7vwnc$_$2,UNRESOLVED,audio,0.0
-ri04Z7vwnc$_$2,UNRESOLVED,audio,0.0
-ri04Z7vwnc$_$2,UNRESOLVED,audio,0.0
-ri04Z7vwnc$_$2,UNRESOLVED,audio,0.0
-ri04Z7vwnc$_$2,UNRESOLVED,audio,0.0
-ri04Z7vwnc$_$2,UNRESOLVED,audio,0.0
-ri04Z7vwnc$_$2,UNRESOLVED,audio,0.0
-ri04Z7vwnc$_$2,UNRESOLVED,audio,0.0
-ri04Z7vwnc$_$2,UNRESOLVED,audio,0.0
-ri04Z7vwnc$_$2,UNRESOLVED,audio,0.0
-ri04Z7vwnc$_$2,UNRESOLVED,audio,0.0
-ri04Z7vwnc$_$5,RESOLVED_CONFLICT,audio,0.0
-ri04Z7vwnc$_$5,RESOLVED_CONFLICT,audio,0.0
-ri04Z7vwnc$_$5,RESOLVED_CONFLICT,audio,0.0
-ri04Z7vwnc$_$5,RESOLVED_CONFLICT,audio,0.0
-ri04Z7vwnc$_$5,RESOLVED_CONFLICT,audio,0.0
-ri04Z7vwnc$_$5,RESOLVED_CONFLICT,audio,0.0
-ri04Z7vwnc$_$5,RESOLVED_CONFLICT,audio,0.0
-ri04Z7vwnc$_$5,RESOLVED_CONFLICT,audio,0.0
-ri04Z7vwnc$_$5,RESOLVED_CONFLICT,audio,0.0
-s9qJ7ATP7w$_$0,UNRESOLVED,audio,1.0
-s9qJ7ATP7w$_$0,UNRESOLVED,audio,1.0
-s9qJ7ATP7w$_$0,UNRESOLVED,audio,1.0
-s9qJ7ATP7w$_$0,UNRESOLVED,audio,1.0
-s9qJ7ATP7w$_$0,UNRESOLVED,audio,1.0
-s9qJ7ATP7w$_$0,UNRESOLVED,audio,1.0
-s9qJ7ATP7w$_$0,UNRESOLVED,audio,1.0
-s9qJ7ATP7w$_$0,UNRESOLVED,audio,1.0
-s9qJ7ATP7w$_$0,UNRESOLVED,audio,1.0
-s9qJ7ATP7w$_$0,UNRESOLVED,audio,1.0
-s9qJ7ATP7w$_$0,UNRESOLVED,audio,1.0
-s9qJ7ATP7w$_$0,UNRESOLVED,audio,1.0
-s9qJ7ATP7w$_$0,UNRESOLVED,audio,1.0
-s9qJ7ATP7w$_$0,UNRESOLVED,audio,1.0
-s9qJ7ATP7w$_$0,UNRESOLVED,audio,1.0
-s9qJ7ATP7w$_$0,UNRESOLVED,audio,1.0
-s9qJ7ATP7w$_$0,UNRESOLVED,audio,1.0
-s9qJ7ATP7w$_$0,UNRESOLVED,audio,1.0
-s9qJ7ATP7w$_$0,UNRESOLVED,audio,1.0
-s9qJ7ATP7w$_$0,UNRESOLVED,audio,1.0
-s9qJ7ATP7w$_$0,UNRESOLVED,audio,1.0
-s9qJ7ATP7w$_$0,UNRESOLVED,audio,1.0
-s9qJ7ATP7w$_$0,UNRESOLVED,audio,1.0
-s9qJ7ATP7w$_$0,UNRESOLVED,audio,1.0
-s9qJ7ATP7w$_$1,RESOLVED_PARTIAL,audio,1.0
-s9qJ7ATP7w$_$1,RESOLVED_PARTIAL,audio,1.0
-s9qJ7ATP7w$_$1,RESOLVED_PARTIAL,audio,1.0
-s9qJ7ATP7w$_$1,RESOLVED_PARTIAL,audio,1.0
-s9qJ7ATP7w$_$1,RESOLVED_PARTIAL,audio,1.0
-s9qJ7ATP7w$_$1,RESOLVED_PARTIAL,audio,1.0
-s9qJ7ATP7w$_$1,RESOLVED_PARTIAL,audio,1.0
-s9qJ7ATP7w$_$1,RESOLVED_PARTIAL,audio,1.0
-s9qJ7ATP7w$_$1,RESOLVED_PARTIAL,audio,1.0
-s9qJ7ATP7w$_$1,RESOLVED_PARTIAL,audio,1.0
-s9qJ7ATP7w$_$1,RESOLVED_PARTIAL,audio,1.0
-s9qJ7ATP7w$_$4,RESOLVED_PARTIAL,audio,1.0
-s9qJ7ATP7w$_$4,RESOLVED_PARTIAL,audio,1.0
-s9qJ7ATP7w$_$4,RESOLVED_PARTIAL,audio,1.0
-s9qJ7ATP7w$_$4,RESOLVED_PARTIAL,audio,1.0
-s9qJ7ATP7w$_$4,RESOLVED_PARTIAL,audio,1.0
-s9qJ7ATP7w$_$4,RESOLVED_PARTIAL,audio,1.0
-s9qJ7ATP7w$_$4,RESOLVED_PARTIAL,audio,1.0
-s9qJ7ATP7w$_$4,RESOLVED_PARTIAL,audio,1.0
-s9qJ7ATP7w$_$4,RESOLVED_PARTIAL,audio,1.0
-s9qJ7ATP7w$_$5,RESOLVED_PARTIAL,audio,1.0
-s9qJ7ATP7w$_$5,RESOLVED_PARTIAL,audio,1.0
-s9qJ7ATP7w$_$5,RESOLVED_PARTIAL,audio,1.0
-s9qJ7ATP7w$_$5,RESOLVED_PARTIAL,audio,1.0
-s9qJ7ATP7w$_$5,RESOLVED_PARTIAL,audio,1.0
-s9qJ7ATP7w$_$5,RESOLVED_PARTIAL,audio,1.0
-s9qJ7ATP7w$_$5,RESOLVED_PARTIAL,audio,1.0
-s9qJ7ATP7w$_$5,RESOLVED_PARTIAL,audio,1.0
-s9qJ7ATP7w$_$5,RESOLVED_PARTIAL,audio,1.0
-s9qJ7ATP7w$_$5,RESOLVED_PARTIAL,audio,1.0
-s9qJ7ATP7w$_$5,RESOLVED_PARTIAL,audio,1.0
-s9qJ7ATP7w$_$5,RESOLVED_PARTIAL,audio,1.0
-s9qJ7ATP7w$_$5,RESOLVED_PARTIAL,audio,1.0
-s9qJ7ATP7w$_$5,RESOLVED_PARTIAL,audio,1.0
-s9qJ7ATP7w$_$5,RESOLVED_PARTIAL,audio,1.0
-s9qJ7ATP7w$_$5,RESOLVED_PARTIAL,audio,1.0
-s9qJ7ATP7w$_$5,RESOLVED_PARTIAL,audio,1.0
-s9qJ7ATP7w$_$5,RESOLVED_PARTIAL,audio,1.0
-s9qJ7ATP7w$_$5,RESOLVED_PARTIAL,audio,1.0
-s9qJ7ATP7w$_$6,RESOLVED_VALID,audio,1.0
-s9qJ7ATP7w$_$6,RESOLVED_VALID,audio,1.0
-s9qJ7ATP7w$_$6,RESOLVED_VALID,audio,1.0
-s9qJ7ATP7w$_$6,RESOLVED_VALID,audio,1.0
-s9qJ7ATP7w$_$6,RESOLVED_VALID,audio,1.0
-s9qJ7ATP7w$_$7,UNRESOLVED,audio,1.0
-s9qJ7ATP7w$_$7,UNRESOLVED,audio,1.0
-s9qJ7ATP7w$_$7,UNRESOLVED,audio,1.0
-s9qJ7ATP7w$_$7,UNRESOLVED,audio,1.0
-s9qJ7ATP7w$_$7,UNRESOLVED,audio,1.0
-s9qJ7ATP7w$_$7,UNRESOLVED,audio,1.0
-s9qJ7ATP7w$_$7,UNRESOLVED,audio,1.0
-s9qJ7ATP7w$_$7,UNRESOLVED,audio,1.0
-s9qJ7ATP7w$_$7,UNRESOLVED,audio,1.0
-s9qJ7ATP7w$_$7,UNRESOLVED,audio,1.0
-s9qJ7ATP7w$_$7,UNRESOLVED,audio,1.0
-s9qJ7ATP7w$_$7,UNRESOLVED,audio,1.0
-s9qJ7ATP7w$_$7,UNRESOLVED,audio,1.0
-s9qJ7ATP7w$_$7,UNRESOLVED,audio,1.0
-s9qJ7ATP7w$_$7,UNRESOLVED,audio,1.0
-s9qJ7ATP7w$_$7,UNRESOLVED,audio,1.0
-s9qJ7ATP7w$_$7,UNRESOLVED,audio,1.0
-s9qJ7ATP7w$_$7,UNRESOLVED,audio,1.0
-s9qJ7ATP7w$_$7,UNRESOLVED,audio,1.0
-s9qJ7ATP7w$_$7,UNRESOLVED,audio,1.0
-s9qJ7ATP7w$_$7,UNRESOLVED,audio,1.0
-s9qJ7ATP7w$_$7,UNRESOLVED,audio,1.0
-s9qJ7ATP7w$_$7,UNRESOLVED,audio,1.0
-s9qJ7ATP7w$_$7,UNRESOLVED,audio,1.0
-s9qJ7ATP7w$_$7,UNRESOLVED,audio,1.0
-s9qJ7ATP7w$_$7,UNRESOLVED,audio,1.0
-s9qJ7ATP7w$_$7,UNRESOLVED,audio,1.0
-s9qJ7ATP7w$_$7,UNRESOLVED,audio,1.0
-s9qJ7ATP7w$_$8,RESOLVED_PARTIAL,audio,1.0
-s9qJ7ATP7w$_$8,RESOLVED_PARTIAL,audio,1.0
-s9qJ7ATP7w$_$8,RESOLVED_PARTIAL,audio,1.0
-s9qJ7ATP7w$_$8,RESOLVED_PARTIAL,audio,1.0
-s9qJ7ATP7w$_$8,RESOLVED_PARTIAL,audio,1.0
-s9qJ7ATP7w$_$8,RESOLVED_PARTIAL,audio,1.0
-s9qJ7ATP7w$_$8,RESOLVED_PARTIAL,audio,1.0
-s9qJ7ATP7w$_$8,RESOLVED_PARTIAL,audio,1.0
-s9qJ7ATP7w$_$8,RESOLVED_PARTIAL,audio,1.0
-s9qJ7ATP7w$_$8,RESOLVED_PARTIAL,audio,1.0
-s9qJ7ATP7w$_$8,RESOLVED_PARTIAL,audio,1.0
-s9qJ7ATP7w$_$8,RESOLVED_PARTIAL,audio,1.0
-s9qJ7ATP7w$_$8,RESOLVED_PARTIAL,audio,1.0
-t217m2on-s$_$2,RESOLVED_VALID,audio,1.0
-t217m2on-s$_$2,RESOLVED_VALID,audio,1.0
-t217m2on-s$_$2,RESOLVED_VALID,audio,1.0
-t217m2on-s$_$2,RESOLVED_VALID,audio,1.0
-t217m2on-s$_$2,RESOLVED_VALID,audio,1.0
-t217m2on-s$_$2,RESOLVED_VALID,audio,1.0
-t217m2on-s$_$2,RESOLVED_VALID,audio,1.0
-t217m2on-s$_$2,RESOLVED_VALID,audio,1.0
-t217m2on-s$_$2,RESOLVED_VALID,audio,1.0
-t217m2on-s$_$2,RESOLVED_VALID,audio,1.0
-t217m2on-s$_$2,RESOLVED_VALID,audio,1.0
-t217m2on-s$_$2,RESOLVED_VALID,audio,1.0
-t217m2on-s$_$7,RESOLVED_VALID,audio,1.0
-t217m2on-s$_$7,RESOLVED_VALID,audio,1.0
-t217m2on-s$_$7,RESOLVED_VALID,audio,1.0
-t217m2on-s$_$7,RESOLVED_VALID,audio,1.0
-t217m2on-s$_$7,RESOLVED_VALID,audio,1.0
-t217m2on-s$_$7,RESOLVED_VALID,audio,1.0
-t217m2on-s$_$7,RESOLVED_VALID,audio,1.0
-t217m2on-s$_$7,RESOLVED_VALID,audio,1.0
-t217m2on-s$_$7,RESOLVED_VALID,audio,1.0
-t217m2on-s$_$7,RESOLVED_VALID,audio,1.0
-t217m2on-s$_$7,RESOLVED_VALID,audio,1.0
-t217m2on-s$_$7,RESOLVED_VALID,audio,1.0
-t217m2on-s$_$7,RESOLVED_VALID,audio,1.0
-t217m2on-s$_$7,RESOLVED_VALID,audio,1.0
-t217m2on-s$_$7,RESOLVED_VALID,audio,1.0
-t217m2on-s$_$7,RESOLVED_VALID,audio,1.0
-t217m2on-s$_$7,RESOLVED_VALID,audio,1.0
-t217m2on-s$_$7,RESOLVED_VALID,audio,1.0
-t217m2on-s$_$7,RESOLVED_VALID,audio,1.0
-t217m2on-s$_$7,RESOLVED_VALID,audio,1.0
-t217m2on-s$_$7,RESOLVED_VALID,audio,1.0
-t217m2on-s$_$7,RESOLVED_VALID,audio,1.0
-t217m2on-s$_$7,RESOLVED_VALID,audio,1.0
-t217m2on-s$_$7,RESOLVED_VALID,audio,1.0
-t217m2on-s$_$7,RESOLVED_VALID,audio,1.0
-t217m2on-s$_$7,RESOLVED_VALID,audio,1.0
-t217m2on-s$_$7,RESOLVED_VALID,audio,1.0
-t217m2on-s$_$7,RESOLVED_VALID,audio,1.0
-t217m2on-s$_$7,RESOLVED_VALID,audio,1.0
-t217m2on-s$_$7,RESOLVED_VALID,audio,1.0
-t217m2on-s$_$7,RESOLVED_VALID,audio,1.0
-t217m2on-s$_$7,RESOLVED_VALID,audio,1.0
-t217m2on-s$_$7,RESOLVED_VALID,audio,1.0
-t217m2on-s$_$7,RESOLVED_VALID,audio,1.0
-t217m2on-s$_$7,RESOLVED_VALID,audio,1.0
-t217m2on-s$_$7,RESOLVED_VALID,audio,1.0
-t217m2on-s$_$7,RESOLVED_VALID,audio,1.0
-t217m2on-s$_$7,RESOLVED_VALID,audio,1.0
-t217m2on-s$_$7,RESOLVED_VALID,audio,1.0
-t217m2on-s$_$7,RESOLVED_VALID,audio,1.0
-t217m2on-s$_$7,RESOLVED_VALID,audio,1.0
-t217m2on-s$_$7,RESOLVED_VALID,audio,1.0
-t217m2on-s$_$7,RESOLVED_VALID,audio,1.0
-t217m2on-s$_$7,RESOLVED_VALID,audio,1.0
-t217m2on-s$_$7,RESOLVED_VALID,audio,1.0
-tANM6ETl_M$_$3,RESOLVED_VALID,audio,1.0
-tANM6ETl_M$_$3,RESOLVED_VALID,audio,1.0
-tANM6ETl_M$_$3,RESOLVED_VALID,audio,1.0
-tANM6ETl_M$_$3,RESOLVED_VALID,audio,1.0
-tANM6ETl_M$_$3,RESOLVED_VALID,audio,1.0
-tANM6ETl_M$_$3,RESOLVED_VALID,audio,1.0
-tANM6ETl_M$_$3,RESOLVED_VALID,audio,1.0
-tANM6ETl_M$_$3,RESOLVED_VALID,audio,1.0
-tANM6ETl_M$_$3,RESOLVED_VALID,audio,1.0
-tANM6ETl_M$_$3,RESOLVED_VALID,audio,1.0
-tANM6ETl_M$_$3,RESOLVED_VALID,audio,1.0
-tANM6ETl_M$_$3,RESOLVED_VALID,audio,1.0
-tANM6ETl_M$_$3,RESOLVED_VALID,audio,1.0
-tANM6ETl_M$_$3,RESOLVED_VALID,audio,1.0
-tANM6ETl_M$_$3,RESOLVED_VALID,audio,1.0
-tANM6ETl_M$_$3,RESOLVED_VALID,audio,1.0
-tANM6ETl_M$_$3,RESOLVED_VALID,audio,1.0
-tANM6ETl_M$_$3,RESOLVED_VALID,audio,1.0
-tANM6ETl_M$_$3,RESOLVED_VALID,audio,1.0
-tANM6ETl_M$_$3,RESOLVED_VALID,audio,1.0
-tANM6ETl_M$_$3,RESOLVED_VALID,audio,1.0
-tANM6ETl_M$_$3,RESOLVED_VALID,audio,1.0
-tPCytz4rww$_$10,RESOLVED_VALID,audio,1.0
-tPCytz4rww$_$10,RESOLVED_VALID,audio,1.0
-tPCytz4rww$_$10,RESOLVED_VALID,audio,1.0
-tPCytz4rww$_$10,RESOLVED_VALID,audio,1.0
-tPCytz4rww$_$10,RESOLVED_VALID,audio,1.0
-tPCytz4rww$_$10,RESOLVED_VALID,audio,1.0
-tPCytz4rww$_$10,RESOLVED_VALID,audio,1.0
-tPCytz4rww$_$10,RESOLVED_VALID,audio,1.0
-tPCytz4rww$_$10,RESOLVED_VALID,audio,1.0
-tPCytz4rww$_$10,RESOLVED_VALID,audio,1.0
-tPCytz4rww$_$10,RESOLVED_VALID,audio,1.0
-tPCytz4rww$_$10,RESOLVED_VALID,audio,1.0
-tPCytz4rww$_$11,RESOLVED_VALID,audio,1.0
-tPCytz4rww$_$11,RESOLVED_VALID,audio,1.0
-tPCytz4rww$_$11,RESOLVED_VALID,audio,1.0
-tPCytz4rww$_$11,RESOLVED_VALID,audio,1.0
-tPCytz4rww$_$11,RESOLVED_VALID,audio,1.0
-tPCytz4rww$_$11,RESOLVED_VALID,audio,1.0
-tPCytz4rww$_$11,RESOLVED_VALID,audio,1.0
-tPCytz4rww$_$11,RESOLVED_VALID,audio,1.0
-tPCytz4rww$_$11,RESOLVED_VALID,audio,1.0
-tPCytz4rww$_$11,RESOLVED_VALID,audio,1.0
-tPCytz4rww$_$11,RESOLVED_VALID,audio,1.0
-tPCytz4rww$_$11,RESOLVED_VALID,audio,1.0
-tPCytz4rww$_$11,RESOLVED_VALID,audio,1.0
-tPCytz4rww$_$11,RESOLVED_VALID,audio,1.0
-tPCytz4rww$_$11,RESOLVED_VALID,audio,1.0
-tPCytz4rww$_$11,RESOLVED_VALID,audio,1.0
-tPCytz4rww$_$11,RESOLVED_VALID,audio,1.0
-tPCytz4rww$_$12,RESOLVED_VALID,audio,1.0
-tPCytz4rww$_$12,RESOLVED_VALID,audio,1.0
-tPCytz4rww$_$12,RESOLVED_VALID,audio,1.0
-tPCytz4rww$_$12,RESOLVED_VALID,audio,1.0
-tPCytz4rww$_$12,RESOLVED_VALID,audio,1.0
-tPCytz4rww$_$12,RESOLVED_VALID,audio,1.0
-tPCytz4rww$_$12,RESOLVED_VALID,audio,1.0
-tPCytz4rww$_$12,RESOLVED_VALID,audio,1.0
-tPCytz4rww$_$12,RESOLVED_VALID,audio,1.0
-tPCytz4rww$_$12,RESOLVED_VALID,audio,1.0
-tPCytz4rww$_$12,RESOLVED_VALID,audio,1.0
-tPCytz4rww$_$12,RESOLVED_VALID,audio,1.0
-tPCytz4rww$_$12,RESOLVED_VALID,audio,1.0
-tPCytz4rww$_$12,RESOLVED_VALID,audio,1.0
-tPCytz4rww$_$12,RESOLVED_VALID,audio,1.0
-tPCytz4rww$_$12,RESOLVED_VALID,audio,1.0
-tPCytz4rww$_$12,RESOLVED_VALID,audio,1.0
-tPCytz4rww$_$12,RESOLVED_VALID,audio,1.0
-tPCytz4rww$_$12,RESOLVED_VALID,audio,1.0
-tPCytz4rww$_$12,RESOLVED_VALID,audio,1.0
-tPCytz4rww$_$12,RESOLVED_VALID,audio,1.0
-tPCytz4rww$_$12,RESOLVED_VALID,audio,1.0
-tPCytz4rww$_$12,RESOLVED_VALID,audio,1.0
-tPCytz4rww$_$12,RESOLVED_VALID,audio,1.0
-tPCytz4rww$_$12,RESOLVED_VALID,audio,1.0
-tPCytz4rww$_$12,RESOLVED_VALID,audio,1.0
-tPCytz4rww$_$16,RESOLVED_VALID,audio,1.0
-tPCytz4rww$_$16,RESOLVED_VALID,audio,1.0
-tPCytz4rww$_$16,RESOLVED_VALID,audio,1.0
-tPCytz4rww$_$16,RESOLVED_VALID,audio,1.0
-tPCytz4rww$_$16,RESOLVED_VALID,audio,1.0
-tPCytz4rww$_$16,RESOLVED_VALID,audio,1.0
-tPCytz4rww$_$16,RESOLVED_VALID,audio,1.0
-tPCytz4rww$_$16,RESOLVED_VALID,audio,1.0
-tPCytz4rww$_$16,RESOLVED_VALID,audio,1.0
-tPCytz4rww$_$16,RESOLVED_VALID,audio,1.0
-tPCytz4rww$_$16,RESOLVED_VALID,audio,1.0
-tPCytz4rww$_$16,RESOLVED_VALID,audio,1.0
-tPCytz4rww$_$16,RESOLVED_VALID,audio,1.0
-tPCytz4rww$_$16,RESOLVED_VALID,audio,1.0
-tPCytz4rww$_$16,RESOLVED_VALID,audio,1.0
-tPCytz4rww$_$16,RESOLVED_VALID,audio,1.0
-tPCytz4rww$_$18,RESOLVED_VALID,audio,1.0
-tPCytz4rww$_$18,RESOLVED_VALID,audio,1.0
-tPCytz4rww$_$18,RESOLVED_VALID,audio,1.0
-tPCytz4rww$_$18,RESOLVED_VALID,audio,1.0
-tPCytz4rww$_$18,RESOLVED_VALID,audio,1.0
-tPCytz4rww$_$18,RESOLVED_VALID,audio,1.0
-tPCytz4rww$_$18,RESOLVED_VALID,audio,1.0
-tPCytz4rww$_$18,RESOLVED_VALID,audio,1.0
-tPCytz4rww$_$18,RESOLVED_VALID,audio,1.0
-tPCytz4rww$_$18,RESOLVED_VALID,audio,1.0
-tPCytz4rww$_$18,RESOLVED_VALID,audio,1.0
-tPCytz4rww$_$18,RESOLVED_VALID,audio,1.0
-tPCytz4rww$_$18,RESOLVED_VALID,audio,1.0
-tPCytz4rww$_$18,RESOLVED_VALID,audio,1.0
-tPCytz4rww$_$18,RESOLVED_VALID,audio,1.0
-tPCytz4rww$_$18,RESOLVED_VALID,audio,1.0
-uywlfIYOS8$_$4,RESOLVED_VALID,audio,1.0
-uywlfIYOS8$_$4,RESOLVED_VALID,audio,1.0
-uywlfIYOS8$_$4,RESOLVED_VALID,audio,1.0
-uywlfIYOS8$_$4,RESOLVED_VALID,audio,1.0
-uywlfIYOS8$_$4,RESOLVED_VALID,audio,1.0
-uywlfIYOS8$_$4,RESOLVED_VALID,audio,1.0
-uywlfIYOS8$_$4,RESOLVED_VALID,audio,1.0
-uywlfIYOS8$_$4,RESOLVED_VALID,audio,1.0
-uywlfIYOS8$_$4,RESOLVED_VALID,audio,1.0
-uywlfIYOS8$_$4,RESOLVED_VALID,audio,1.0
-uywlfIYOS8$_$4,RESOLVED_VALID,audio,1.0
-uywlfIYOS8$_$4,RESOLVED_VALID,audio,1.0
-uywlfIYOS8$_$4,RESOLVED_VALID,audio,1.0
-uywlfIYOS8$_$4,RESOLVED_VALID,audio,1.0
-uywlfIYOS8$_$4,RESOLVED_VALID,audio,1.0
-uywlfIYOS8$_$4,RESOLVED_VALID,audio,1.0
-uywlfIYOS8$_$4,RESOLVED_VALID,audio,1.0
-uywlfIYOS8$_$4,RESOLVED_VALID,audio,1.0
-vxjVxOeScU$_$4,UNRESOLVED,audio,0.0
-vxjVxOeScU$_$4,UNRESOLVED,audio,0.0
-vxjVxOeScU$_$4,UNRESOLVED,audio,0.0
-vxjVxOeScU$_$4,UNRESOLVED,audio,0.0
-vxjVxOeScU$_$4,UNRESOLVED,audio,0.0
-vxjVxOeScU$_$4,UNRESOLVED,audio,0.0
-vxjVxOeScU$_$4,UNRESOLVED,audio,0.0
-vxjVxOeScU$_$4,UNRESOLVED,audio,0.0
-vxjVxOeScU$_$4,UNRESOLVED,audio,0.0
-vxjVxOeScU$_$4,UNRESOLVED,audio,0.0
-vxjVxOeScU$_$4,UNRESOLVED,audio,0.0
-vxjVxOeScU$_$4,UNRESOLVED,audio,0.0
-vxjVxOeScU$_$4,UNRESOLVED,audio,0.0
-vxjVxOeScU$_$4,UNRESOLVED,audio,0.0
-vxjVxOeScU$_$4,UNRESOLVED,audio,0.0
-vxjVxOeScU$_$4,UNRESOLVED,audio,0.0
-vxjVxOeScU$_$4,UNRESOLVED,audio,0.0
-vxjVxOeScU$_$4,UNRESOLVED,audio,0.0
-vxjVxOeScU$_$4,UNRESOLVED,audio,0.0
-vxjVxOeScU$_$4,UNRESOLVED,audio,0.0
-vxjVxOeScU$_$4,UNRESOLVED,audio,0.0
-wMB_hJL-3o$_$7,RESOLVED_PARTIAL,audio,1.0
-wMB_hJL-3o$_$7,RESOLVED_PARTIAL,audio,1.0
-wMB_hJL-3o$_$7,RESOLVED_PARTIAL,audio,1.0
-wMB_hJL-3o$_$7,RESOLVED_PARTIAL,audio,1.0
-wMB_hJL-3o$_$7,RESOLVED_PARTIAL,audio,1.0
-wMB_hJL-3o$_$7,RESOLVED_PARTIAL,audio,1.0
-wMB_hJL-3o$_$7,RESOLVED_PARTIAL,audio,1.0
-wMB_hJL-3o$_$7,RESOLVED_PARTIAL,audio,1.0
-wMB_hJL-3o$_$7,RESOLVED_PARTIAL,audio,1.0
-wMB_hJL-3o$_$7,RESOLVED_PARTIAL,audio,1.0
-wMB_hJL-3o$_$7,RESOLVED_PARTIAL,audio,1.0
-wMB_hJL-3o$_$7,RESOLVED_PARTIAL,audio,1.0
-wMB_hJL-3o$_$7,RESOLVED_PARTIAL,audio,1.0
-wMB_hJL-3o$_$7,RESOLVED_PARTIAL,audio,1.0
-wMB_hJL-3o$_$7,RESOLVED_PARTIAL,audio,1.0
-wMB_hJL-3o$_$7,RESOLVED_PARTIAL,audio,1.0
-wMB_hJL-3o$_$7,RESOLVED_PARTIAL,audio,1.0
-wMB_hJL-3o$_$7,RESOLVED_PARTIAL,audio,1.0
-wMB_hJL-3o$_$7,RESOLVED_PARTIAL,audio,1.0
-wMB_hJL-3o$_$7,RESOLVED_PARTIAL,audio,1.0
-wMB_hJL-3o$_$7,RESOLVED_PARTIAL,audio,1.0
-wMB_hJL-3o$_$7,RESOLVED_PARTIAL,audio,1.0
-wny0OAz3g8$_$0,RESOLVED_VALID,audio,1.0
-wny0OAz3g8$_$0,RESOLVED_VALID,audio,1.0
-wny0OAz3g8$_$0,RESOLVED_VALID,audio,1.0
-wny0OAz3g8$_$0,RESOLVED_VALID,audio,1.0
-wny0OAz3g8$_$0,RESOLVED_VALID,audio,1.0
-wny0OAz3g8$_$0,RESOLVED_VALID,audio,1.0
-wny0OAz3g8$_$0,RESOLVED_VALID,audio,1.0
-wny0OAz3g8$_$0,RESOLVED_VALID,audio,1.0
-wny0OAz3g8$_$0,RESOLVED_VALID,audio,1.0
-wny0OAz3g8$_$1,RESOLVED_VALID,audio,1.0
-wny0OAz3g8$_$1,RESOLVED_VALID,audio,1.0
-wny0OAz3g8$_$1,RESOLVED_VALID,audio,1.0
-wny0OAz3g8$_$1,RESOLVED_VALID,audio,1.0
-wny0OAz3g8$_$1,RESOLVED_VALID,audio,1.0
-wny0OAz3g8$_$1,RESOLVED_VALID,audio,1.0
-wny0OAz3g8$_$1,RESOLVED_VALID,audio,1.0
-wny0OAz3g8$_$1,RESOLVED_VALID,audio,1.0
-wny0OAz3g8$_$1,RESOLVED_VALID,audio,1.0
-wny0OAz3g8$_$1,RESOLVED_VALID,audio,1.0
-wny0OAz3g8$_$1,RESOLVED_VALID,audio,1.0
-wny0OAz3g8$_$1,RESOLVED_VALID,audio,1.0
-wny0OAz3g8$_$1,RESOLVED_VALID,audio,1.0
-wny0OAz3g8$_$1,RESOLVED_VALID,audio,1.0
-wny0OAz3g8$_$1,RESOLVED_VALID,audio,1.0
-wny0OAz3g8$_$1,RESOLVED_VALID,audio,1.0
-wny0OAz3g8$_$1,RESOLVED_VALID,audio,1.0
-wny0OAz3g8$_$1,RESOLVED_VALID,audio,1.0
-wny0OAz3g8$_$1,RESOLVED_VALID,audio,1.0
-wny0OAz3g8$_$1,RESOLVED_VALID,audio,1.0
-wny0OAz3g8$_$1,RESOLVED_VALID,audio,1.0
-wny0OAz3g8$_$1,RESOLVED_VALID,audio,1.0
-wny0OAz3g8$_$1,RESOLVED_VALID,audio,1.0
-wny0OAz3g8$_$2,RESOLVED_VALID,audio,1.0
-wny0OAz3g8$_$2,RESOLVED_VALID,audio,1.0
-wny0OAz3g8$_$2,RESOLVED_VALID,audio,1.0
-wny0OAz3g8$_$2,RESOLVED_VALID,audio,1.0
-wny0OAz3g8$_$2,RESOLVED_VALID,audio,1.0
-wny0OAz3g8$_$2,RESOLVED_VALID,audio,1.0
-wny0OAz3g8$_$2,RESOLVED_VALID,audio,1.0
-wny0OAz3g8$_$2,RESOLVED_VALID,audio,1.0
-wny0OAz3g8$_$2,RESOLVED_VALID,audio,1.0
-wny0OAz3g8$_$2,RESOLVED_VALID,audio,1.0
-wny0OAz3g8$_$2,RESOLVED_VALID,audio,1.0
-wny0OAz3g8$_$2,RESOLVED_VALID,audio,1.0
-wny0OAz3g8$_$2,RESOLVED_VALID,audio,1.0
-wny0OAz3g8$_$2,RESOLVED_VALID,audio,1.0
-wny0OAz3g8$_$2,RESOLVED_VALID,audio,1.0
-wny0OAz3g8$_$2,RESOLVED_VALID,audio,1.0
-wny0OAz3g8$_$2,RESOLVED_VALID,audio,1.0
-wny0OAz3g8$_$2,RESOLVED_VALID,audio,1.0
-wny0OAz3g8$_$2,RESOLVED_VALID,audio,1.0
-wny0OAz3g8$_$2,RESOLVED_VALID,audio,1.0
-wny0OAz3g8$_$2,RESOLVED_VALID,audio,1.0
-wny0OAz3g8$_$2,RESOLVED_VALID,audio,1.0
-wny0OAz3g8$_$2,RESOLVED_VALID,audio,1.0
-wny0OAz3g8$_$3,RESOLVED_VALID,audio,1.0
-wny0OAz3g8$_$3,RESOLVED_VALID,audio,1.0
-wny0OAz3g8$_$3,RESOLVED_VALID,audio,1.0
-wny0OAz3g8$_$3,RESOLVED_VALID,audio,1.0
-wny0OAz3g8$_$3,RESOLVED_VALID,audio,1.0
-wny0OAz3g8$_$3,RESOLVED_VALID,audio,1.0
-wny0OAz3g8$_$3,RESOLVED_VALID,audio,1.0
-wny0OAz3g8$_$3,RESOLVED_VALID,audio,1.0
-wny0OAz3g8$_$3,RESOLVED_VALID,audio,1.0
-wny0OAz3g8$_$3,RESOLVED_VALID,audio,1.0
-wny0OAz3g8$_$3,RESOLVED_VALID,audio,1.0
-wny0OAz3g8$_$3,RESOLVED_VALID,audio,1.0
-wny0OAz3g8$_$3,RESOLVED_VALID,audio,1.0
-wny0OAz3g8$_$3,RESOLVED_VALID,audio,1.0
-wny0OAz3g8$_$3,RESOLVED_VALID,audio,1.0
-wny0OAz3g8$_$3,RESOLVED_VALID,audio,1.0
-wny0OAz3g8$_$3,RESOLVED_VALID,audio,1.0
-wny0OAz3g8$_$3,RESOLVED_VALID,audio,1.0
-wny0OAz3g8$_$3,RESOLVED_VALID,audio,1.0
-wny0OAz3g8$_$3,RESOLVED_VALID,audio,1.0
-wny0OAz3g8$_$5,RESOLVED_VALID,audio,1.0
-wny0OAz3g8$_$5,RESOLVED_VALID,audio,1.0
-wny0OAz3g8$_$5,RESOLVED_VALID,audio,1.0
-wny0OAz3g8$_$5,RESOLVED_VALID,audio,1.0
-wny0OAz3g8$_$5,RESOLVED_VALID,audio,1.0
-wny0OAz3g8$_$5,RESOLVED_VALID,audio,1.0
-wny0OAz3g8$_$5,RESOLVED_VALID,audio,1.0
-wny0OAz3g8$_$5,RESOLVED_VALID,audio,1.0
-wny0OAz3g8$_$5,RESOLVED_VALID,audio,1.0
-wny0OAz3g8$_$5,RESOLVED_VALID,audio,1.0
-wny0OAz3g8$_$5,RESOLVED_VALID,audio,1.0
-wny0OAz3g8$_$5,RESOLVED_VALID,audio,1.0
-wny0OAz3g8$_$5,RESOLVED_VALID,audio,1.0
-wny0OAz3g8$_$5,RESOLVED_VALID,audio,1.0
-wny0OAz3g8$_$5,RESOLVED_VALID,audio,1.0
-wny0OAz3g8$_$5,RESOLVED_VALID,audio,1.0
-wny0OAz3g8$_$5,RESOLVED_VALID,audio,1.0
-wny0OAz3g8$_$5,RESOLVED_VALID,audio,1.0
-wny0OAz3g8$_$5,RESOLVED_VALID,audio,1.0
-wny0OAz3g8$_$5,RESOLVED_VALID,audio,1.0
-wny0OAz3g8$_$7,RESOLVED_VALID,audio,1.0
-wny0OAz3g8$_$7,RESOLVED_VALID,audio,1.0
-wny0OAz3g8$_$7,RESOLVED_VALID,audio,1.0
-wny0OAz3g8$_$7,RESOLVED_VALID,audio,1.0
-wny0OAz3g8$_$7,RESOLVED_VALID,audio,1.0
-wny0OAz3g8$_$7,RESOLVED_VALID,audio,1.0
-wny0OAz3g8$_$7,RESOLVED_VALID,audio,1.0
-wny0OAz3g8$_$7,RESOLVED_VALID,audio,1.0
-wny0OAz3g8$_$7,RESOLVED_VALID,audio,1.0
-wny0OAz3g8$_$7,RESOLVED_VALID,audio,1.0
-wny0OAz3g8$_$7,RESOLVED_VALID,audio,1.0
-wny0OAz3g8$_$7,RESOLVED_VALID,audio,1.0
-wny0OAz3g8$_$7,RESOLVED_VALID,audio,1.0
-wny0OAz3g8$_$7,RESOLVED_VALID,audio,1.0
-wny0OAz3g8$_$7,RESOLVED_VALID,audio,1.0
-wny0OAz3g8$_$7,RESOLVED_VALID,audio,1.0
-wny0OAz3g8$_$7,RESOLVED_VALID,audio,1.0
-wny0OAz3g8$_$7,RESOLVED_VALID,audio,1.0
-wny0OAz3g8$_$7,RESOLVED_VALID,audio,1.0
-wny0OAz3g8$_$7,RESOLVED_VALID,audio,1.0
-wny0OAz3g8$_$7,RESOLVED_VALID,audio,1.0
-wny0OAz3g8$_$7,RESOLVED_VALID,audio,1.0
-wny0OAz3g8$_$7,RESOLVED_VALID,audio,1.0
-wny0OAz3g8$_$7,RESOLVED_VALID,audio,1.0
-wny0OAz3g8$_$7,RESOLVED_VALID,audio,1.0
-wny0OAz3g8$_$7,RESOLVED_VALID,audio,1.0
-wny0OAz3g8$_$7,RESOLVED_VALID,audio,1.0
-wny0OAz3g8$_$7,RESOLVED_VALID,audio,1.0
-wny0OAz3g8$_$7,RESOLVED_VALID,audio,1.0
-wny0OAz3g8$_$9,RESOLVED_VALID,audio,1.0
-wny0OAz3g8$_$9,RESOLVED_VALID,audio,1.0
-wny0OAz3g8$_$9,RESOLVED_VALID,audio,1.0
-wny0OAz3g8$_$9,RESOLVED_VALID,audio,1.0
-wny0OAz3g8$_$9,RESOLVED_VALID,audio,1.0
-wny0OAz3g8$_$9,RESOLVED_VALID,audio,1.0
-wny0OAz3g8$_$9,RESOLVED_VALID,audio,1.0
-wny0OAz3g8$_$9,RESOLVED_VALID,audio,1.0
-wny0OAz3g8$_$9,RESOLVED_VALID,audio,1.0
-wny0OAz3g8$_$9,RESOLVED_VALID,audio,1.0
-wny0OAz3g8$_$9,RESOLVED_VALID,audio,1.0
-wny0OAz3g8$_$9,RESOLVED_VALID,audio,1.0
-wny0OAz3g8$_$9,RESOLVED_VALID,audio,1.0
-wny0OAz3g8$_$9,RESOLVED_VALID,audio,1.0
-wny0OAz3g8$_$9,RESOLVED_VALID,audio,1.0
-wny0OAz3g8$_$9,RESOLVED_VALID,audio,1.0
-wny0OAz3g8$_$9,RESOLVED_VALID,audio,1.0
-wny0OAz3g8$_$9,RESOLVED_VALID,audio,1.0
-wny0OAz3g8$_$9,RESOLVED_VALID,audio,1.0
-wny0OAz3g8$_$9,RESOLVED_VALID,audio,1.0
-yRb-Jum7EQ$_$1,RESOLVED_PARTIAL,audio,1.0
-yRb-Jum7EQ$_$1,RESOLVED_PARTIAL,audio,1.0
-yRb-Jum7EQ$_$1,RESOLVED_PARTIAL,audio,1.0
-yRb-Jum7EQ$_$1,RESOLVED_PARTIAL,audio,1.0
-yRb-Jum7EQ$_$1,RESOLVED_PARTIAL,audio,1.0
-yRb-Jum7EQ$_$1,RESOLVED_PARTIAL,audio,1.0
-yRb-Jum7EQ$_$1,RESOLVED_PARTIAL,audio,1.0
-yRb-Jum7EQ$_$1,RESOLVED_PARTIAL,audio,1.0
-yRb-Jum7EQ$_$1,RESOLVED_PARTIAL,audio,1.0
-yRb-Jum7EQ$_$1,RESOLVED_PARTIAL,audio,1.0
-yRb-Jum7EQ$_$1,RESOLVED_PARTIAL,audio,1.0
-yRb-Jum7EQ$_$1,RESOLVED_PARTIAL,audio,1.0
-yRb-Jum7EQ$_$1,RESOLVED_PARTIAL,audio,1.0
-yRb-Jum7EQ$_$1,RESOLVED_PARTIAL,audio,1.0
-yRb-Jum7EQ$_$1,RESOLVED_PARTIAL,audio,1.0
-yRb-Jum7EQ$_$1,RESOLVED_PARTIAL,audio,1.0
-yRb-Jum7EQ$_$1,RESOLVED_PARTIAL,audio,1.0
-yRb-Jum7EQ$_$1,RESOLVED_PARTIAL,audio,1.0
-yRb-Jum7EQ$_$1,RESOLVED_PARTIAL,audio,1.0
-yRb-Jum7EQ$_$1,RESOLVED_PARTIAL,audio,1.0
-yRb-Jum7EQ$_$1,RESOLVED_PARTIAL,audio,1.0
-yRb-Jum7EQ$_$1,RESOLVED_PARTIAL,audio,1.0
-yRb-Jum7EQ$_$1,RESOLVED_PARTIAL,audio,1.0
-yRb-Jum7EQ$_$1,RESOLVED_PARTIAL,audio,1.0
-yRb-Jum7EQ$_$1,RESOLVED_PARTIAL,audio,1.0
-yRb-Jum7EQ$_$1,RESOLVED_PARTIAL,audio,1.0
-yRb-Jum7EQ$_$1,RESOLVED_PARTIAL,audio,1.0
-yRb-Jum7EQ$_$1,RESOLVED_PARTIAL,audio,1.0
-yRb-Jum7EQ$_$1,RESOLVED_PARTIAL,audio,1.0
-yRb-Jum7EQ$_$1,RESOLVED_PARTIAL,audio,1.0
-yRb-Jum7EQ$_$1,RESOLVED_PARTIAL,audio,1.0
-yRb-Jum7EQ$_$1,RESOLVED_PARTIAL,audio,1.0
-yRb-Jum7EQ$_$1,RESOLVED_PARTIAL,audio,1.0
-yRb-Jum7EQ$_$1,RESOLVED_PARTIAL,audio,1.0
-yRb-Jum7EQ$_$1,RESOLVED_PARTIAL,audio,1.0
-yRb-Jum7EQ$_$1,RESOLVED_PARTIAL,audio,1.0
-yRb-Jum7EQ$_$1,RESOLVED_PARTIAL,audio,1.0
-yRb-Jum7EQ$_$1,RESOLVED_PARTIAL,audio,1.0
-yRb-Jum7EQ$_$1,RESOLVED_PARTIAL,audio,1.0
-yRb-Jum7EQ$_$1,RESOLVED_PARTIAL,audio,1.0
-yRb-Jum7EQ$_$1,RESOLVED_PARTIAL,audio,1.0
-yRb-Jum7EQ$_$1,RESOLVED_PARTIAL,audio,1.0
-yRb-Jum7EQ$_$1,RESOLVED_PARTIAL,audio,1.0
-yRb-Jum7EQ$_$1,RESOLVED_PARTIAL,audio,1.0
-yRb-Jum7EQ$_$1,RESOLVED_PARTIAL,audio,1.0
-yRb-Jum7EQ$_$1,RESOLVED_PARTIAL,audio,1.0
-yRb-Jum7EQ$_$1,RESOLVED_PARTIAL,audio,1.0
-yRb-Jum7EQ$_$1,RESOLVED_PARTIAL,audio,1.0
-yRb-Jum7EQ$_$1,RESOLVED_PARTIAL,audio,1.0
-yRb-Jum7EQ$_$5,RESOLVED_PARTIAL,audio,1.0
-yRb-Jum7EQ$_$5,RESOLVED_PARTIAL,audio,1.0
-yRb-Jum7EQ$_$5,RESOLVED_PARTIAL,audio,1.0
-yRb-Jum7EQ$_$5,RESOLVED_PARTIAL,audio,1.0
-yRb-Jum7EQ$_$5,RESOLVED_PARTIAL,audio,1.0
-yRb-Jum7EQ$_$5,RESOLVED_PARTIAL,audio,1.0
-yRb-Jum7EQ$_$5,RESOLVED_PARTIAL,audio,1.0
-yRb-Jum7EQ$_$5,RESOLVED_PARTIAL,audio,1.0
-yRb-Jum7EQ$_$5,RESOLVED_PARTIAL,audio,1.0
-yRb-Jum7EQ$_$5,RESOLVED_PARTIAL,audio,1.0
-yRb-Jum7EQ$_$5,RESOLVED_PARTIAL,audio,1.0
-yRb-Jum7EQ$_$5,RESOLVED_PARTIAL,audio,1.0
-yRb-Jum7EQ$_$5,RESOLVED_PARTIAL,audio,1.0
-yRb-Jum7EQ$_$5,RESOLVED_PARTIAL,audio,1.0
-yRb-Jum7EQ$_$5,RESOLVED_PARTIAL,audio,1.0
-yRb-Jum7EQ$_$5,RESOLVED_PARTIAL,audio,1.0
-yRb-Jum7EQ$_$5,RESOLVED_PARTIAL,audio,1.0
-yRb-Jum7EQ$_$5,RESOLVED_PARTIAL,audio,1.0
-yRb-Jum7EQ$_$5,RESOLVED_PARTIAL,audio,1.0
-yRb-Jum7EQ$_$5,RESOLVED_PARTIAL,audio,1.0
-yRb-Jum7EQ$_$5,RESOLVED_PARTIAL,audio,1.0
-yRb-Jum7EQ$_$5,RESOLVED_PARTIAL,audio,1.0
-yRb-Jum7EQ$_$5,RESOLVED_PARTIAL,audio,1.0
-yRb-Jum7EQ$_$5,RESOLVED_PARTIAL,audio,1.0
-yRb-Jum7EQ$_$5,RESOLVED_PARTIAL,audio,1.0
-yRb-Jum7EQ$_$6,RESOLVED_PARTIAL,audio,1.0
-yRb-Jum7EQ$_$6,RESOLVED_PARTIAL,audio,1.0
-yRb-Jum7EQ$_$6,RESOLVED_PARTIAL,audio,1.0
-yRb-Jum7EQ$_$6,RESOLVED_PARTIAL,audio,1.0
-yRb-Jum7EQ$_$6,RESOLVED_PARTIAL,audio,1.0
-yRb-Jum7EQ$_$6,RESOLVED_PARTIAL,audio,1.0
-yRb-Jum7EQ$_$6,RESOLVED_PARTIAL,audio,1.0
-yRb-Jum7EQ$_$6,RESOLVED_PARTIAL,audio,1.0
-yRb-Jum7EQ$_$6,RESOLVED_PARTIAL,audio,1.0
-yRb-Jum7EQ$_$6,RESOLVED_PARTIAL,audio,1.0
-yRb-Jum7EQ$_$6,RESOLVED_PARTIAL,audio,1.0
-yRb-Jum7EQ$_$6,RESOLVED_PARTIAL,audio,1.0
-yRb-Jum7EQ$_$6,RESOLVED_PARTIAL,audio,1.0
-yRb-Jum7EQ$_$6,RESOLVED_PARTIAL,audio,1.0
-yRb-Jum7EQ$_$6,RESOLVED_PARTIAL,audio,1.0
-yRb-Jum7EQ$_$6,RESOLVED_PARTIAL,audio,1.0
-yRb-Jum7EQ$_$6,RESOLVED_PARTIAL,audio,1.0
-yRb-Jum7EQ$_$6,RESOLVED_PARTIAL,audio,1.0
-yRb-Jum7EQ$_$6,RESOLVED_PARTIAL,audio,1.0
-3g5yACwYnA$_$13,RESOLVED_VALID,vision,0.8261625
-3g5yACwYnA$_$13,RESOLVED_VALID,vision,1.0
-3g5yACwYnA$_$13,RESOLVED_VALID,vision,0.99390244
-3g5yACwYnA$_$13,RESOLVED_VALID,vision,1.0
-3g5yACwYnA$_$13,RESOLVED_VALID,vision,0.8518519
-3g5yACwYnA$_$13,RESOLVED_VALID,vision,0.8046875
-3g5yACwYnA$_$13,RESOLVED_VALID,vision,0.5934959
-3g5yACwYnA$_$13,RESOLVED_VALID,vision,1.0
-3g5yACwYnA$_$13,RESOLVED_VALID,vision,0.76689976
-3g5yACwYnA$_$13,RESOLVED_VALID,vision,0.7484277
-3g5yACwYnA$_$13,RESOLVED_VALID,vision,0.81884056
-3g5yACwYnA$_$13,RESOLVED_VALID,vision,0.76566416
-3g5yACwYnA$_$13,RESOLVED_VALID,vision,1.0
-3g5yACwYnA$_$13,RESOLVED_VALID,vision,0.75609756
-3g5yACwYnA$_$13,RESOLVED_VALID,vision,0.8787879
-3g5yACwYnA$_$2,RESOLVED_VALID,vision,0.85754985
-3g5yACwYnA$_$2,RESOLVED_VALID,vision,0.8073218
-3g5yACwYnA$_$2,RESOLVED_VALID,vision,0.8357964
-3g5yACwYnA$_$2,RESOLVED_VALID,vision,1.0
-3g5yACwYnA$_$2,RESOLVED_VALID,vision,0.8554131
-3g5yACwYnA$_$2,RESOLVED_VALID,vision,0.8903509
-3g5yACwYnA$_$2,RESOLVED_VALID,vision,0.82886904
-3g5yACwYnA$_$2,RESOLVED_VALID,vision,0.67320263
-3g5yACwYnA$_$2,RESOLVED_VALID,vision,0.85085756
-3g5yACwYnA$_$2,RESOLVED_VALID,vision,1.0
-3g5yACwYnA$_$2,RESOLVED_VALID,vision,0.8627451
-3g5yACwYnA$_$2,RESOLVED_VALID,vision,0.8366013
-3g5yACwYnA$_$2,RESOLVED_VALID,vision,0.8041958
-3g5yACwYnA$_$2,RESOLVED_VALID,vision,0.79492915
-3g5yACwYnA$_$3,RESOLVED_VALID,vision,0.8312552
-3g5yACwYnA$_$3,RESOLVED_VALID,vision,1.0
-3g5yACwYnA$_$3,RESOLVED_VALID,vision,0.8158379
-3g5yACwYnA$_$3,RESOLVED_VALID,vision,0.8722861
-3g5yACwYnA$_$3,RESOLVED_VALID,vision,0.5
-3g5yACwYnA$_$3,RESOLVED_VALID,vision,0.85569984
-3g5yACwYnA$_$3,RESOLVED_VALID,vision,0.8484849
-3g5yACwYnA$_$3,RESOLVED_VALID,vision,0.9375
-3g5yACwYnA$_$3,RESOLVED_VALID,vision,0.8084291
-3g5yACwYnA$_$3,RESOLVED_VALID,vision,0.83416253
-3g5yACwYnA$_$3,RESOLVED_VALID,vision,0.84164685
-3g5yACwYnA$_$3,RESOLVED_VALID,vision,0.87222224
-3g5yACwYnA$_$3,RESOLVED_VALID,vision,1.0
-3g5yACwYnA$_$3,RESOLVED_VALID,vision,0.669967
-3g5yACwYnA$_$3,RESOLVED_VALID,vision,0.78333336
-3g5yACwYnA$_$3,RESOLVED_VALID,vision,1.0
-3g5yACwYnA$_$3,RESOLVED_VALID,vision,0.84917045
-3g5yACwYnA$_$3,RESOLVED_VALID,vision,0.881376
-3g5yACwYnA$_$3,RESOLVED_VALID,vision,0.8281787
-3g5yACwYnA$_$3,RESOLVED_VALID,vision,1.0
-3g5yACwYnA$_$3,RESOLVED_VALID,vision,0.5833333
-3g5yACwYnA$_$3,RESOLVED_VALID,vision,0.81532776
-3g5yACwYnA$_$3,RESOLVED_VALID,vision,0.84917045
-3g5yACwYnA$_$3,RESOLVED_VALID,vision,0.6666667
-3g5yACwYnA$_$3,RESOLVED_VALID,vision,1.0
-3g5yACwYnA$_$3,RESOLVED_VALID,vision,0.9875
-3g5yACwYnA$_$3,RESOLVED_VALID,vision,0.8291874
-3g5yACwYnA$_$3,RESOLVED_VALID,vision,1.0
-3g5yACwYnA$_$3,RESOLVED_VALID,vision,0.76275206
-3g5yACwYnA$_$9,RESOLVED_VALID,vision,1.0
-3g5yACwYnA$_$9,RESOLVED_VALID,vision,0.7352941
-3g5yACwYnA$_$9,RESOLVED_VALID,vision,0.81284153
-3g5yACwYnA$_$9,RESOLVED_VALID,vision,0.7942387
-3g5yACwYnA$_$9,RESOLVED_VALID,vision,0.8171846
-3g5yACwYnA$_$9,RESOLVED_VALID,vision,0.78070176
-3g5yACwYnA$_$9,RESOLVED_VALID,vision,1.0
-3g5yACwYnA$_$9,RESOLVED_VALID,vision,0.7652582
-3g5yACwYnA$_$9,RESOLVED_VALID,vision,0.8168498
-3g5yACwYnA$_$9,RESOLVED_VALID,vision,0.669967
-3g5yACwYnA$_$9,RESOLVED_VALID,vision,0.8628258
-3g5yACwYnA$_$9,RESOLVED_VALID,vision,0.81785065
-3g5yACwYnA$_$9,RESOLVED_VALID,vision,0.5884774
-3g5yACwYnA$_$9,RESOLVED_VALID,vision,0.8418722
-3g5yACwYnA$_$9,RESOLVED_VALID,vision,0.8357964
-3g5yACwYnA$_$9,RESOLVED_VALID,vision,0.8217822
-3g5yACwYnA$_$9,RESOLVED_VALID,vision,0.84313726
-3g5yACwYnA$_$9,RESOLVED_VALID,vision,0.74651456
-3g5yACwYnA$_$9,RESOLVED_VALID,vision,0.8435055
-3g5yACwYnA$_$9,RESOLVED_VALID,vision,0.83790374
-3g5yACwYnA$_$9,RESOLVED_VALID,vision,0.793722
-3nNcZdcdvU$_$5,RESOLVED_VALID,vision,0.84090143
-3nNcZdcdvU$_$5,RESOLVED_VALID,vision,0.8732573
-3nNcZdcdvU$_$5,RESOLVED_VALID,vision,0.8754579
-3nNcZdcdvU$_$5,RESOLVED_VALID,vision,0.94650203
-3nNcZdcdvU$_$5,RESOLVED_VALID,vision,0.8826291
-3nNcZdcdvU$_$5,RESOLVED_VALID,vision,0.85169494
-3nNcZdcdvU$_$5,RESOLVED_VALID,vision,0.8349835
-3nNcZdcdvU$_$5,RESOLVED_VALID,vision,0.78073514
-3nNcZdcdvU$_$5,RESOLVED_VALID,vision,0.669967
-3nNcZdcdvU$_$5,RESOLVED_VALID,vision,0.72677594
-3nNcZdcdvU$_$5,RESOLVED_VALID,vision,1.0
-3nNcZdcdvU$_$5,RESOLVED_VALID,vision,0.80101395
-3nNcZdcdvU$_$5,RESOLVED_VALID,vision,0.8062016
-3nNcZdcdvU$_$5,RESOLVED_VALID,vision,1.0
-3nNcZdcdvU$_$5,RESOLVED_VALID,vision,0.7942387
-3nNcZdcdvU$_$5,RESOLVED_VALID,vision,0.72677594
-3nNcZdcdvU$_$5,RESOLVED_VALID,vision,0.669967
-3nNcZdcdvU$_$5,RESOLVED_VALID,vision,0.8566308
-571d8cVauQ$_$0,RESOLVED_VALID,vision,0.7311828
-571d8cVauQ$_$0,RESOLVED_VALID,vision,1.0
-571d8cVauQ$_$0,RESOLVED_VALID,vision,0.8912656
-571d8cVauQ$_$0,RESOLVED_VALID,vision,0.84313726
-571d8cVauQ$_$0,RESOLVED_VALID,vision,0.8389694
-571d8cVauQ$_$0,RESOLVED_VALID,vision,0.8538012
-571d8cVauQ$_$0,RESOLVED_VALID,vision,0.8008386
-571d8cVauQ$_$0,RESOLVED_VALID,vision,1.0
-571d8cVauQ$_$0,RESOLVED_VALID,vision,0.834941
-571d8cVauQ$_$0,RESOLVED_VALID,vision,0.5107527
-571d8cVauQ$_$0,RESOLVED_VALID,vision,0.7991968
-571d8cVauQ$_$0,RESOLVED_VALID,vision,0.821269
-571d8cVauQ$_$5,RESOLVED_VALID,vision,0.7652582
-571d8cVauQ$_$5,RESOLVED_VALID,vision,0.82101804
-571d8cVauQ$_$5,RESOLVED_VALID,vision,0.878876
-571d8cVauQ$_$5,RESOLVED_VALID,vision,1.0
-571d8cVauQ$_$5,RESOLVED_VALID,vision,0.8168498
-571d8cVauQ$_$5,RESOLVED_VALID,vision,0.7652582
-571d8cVauQ$_$5,RESOLVED_VALID,vision,0.7942387
-571d8cVauQ$_$5,RESOLVED_VALID,vision,1.0
-571d8cVauQ$_$5,RESOLVED_VALID,vision,0.82935154
-571d8cVauQ$_$5,RESOLVED_VALID,vision,0.8732573
-571d8cVauQ$_$5,RESOLVED_VALID,vision,0.8168498
-571d8cVauQ$_$5,RESOLVED_VALID,vision,0.7475994
-571d8cVauQ$_$5,RESOLVED_VALID,vision,1.0
-571d8cVauQ$_$5,RESOLVED_VALID,vision,0.77227724
-571d8cVauQ$_$5,RESOLVED_VALID,vision,0.7754821
-571d8cVauQ$_$5,RESOLVED_VALID,vision,1.0
-571d8cVauQ$_$5,RESOLVED_VALID,vision,1.0
-571d8cVauQ$_$5,RESOLVED_VALID,vision,0.74651456
-571d8cVauQ$_$5,RESOLVED_VALID,vision,0.8357964
-571d8cVauQ$_$5,RESOLVED_VALID,vision,0.7245179
-571d8cVauQ$_$5,RESOLVED_VALID,vision,0.72677594
-571d8cVauQ$_$5,RESOLVED_VALID,vision,0.8168498
-571d8cVauQ$_$5,RESOLVED_VALID,vision,0.8505232
-571d8cVauQ$_$5,RESOLVED_VALID,vision,0.7245179
-571d8cVauQ$_$5,RESOLVED_VALID,vision,1.0
-571d8cVauQ$_$5,RESOLVED_VALID,vision,0.8498498
-571d8cVauQ$_$5,RESOLVED_VALID,vision,0.8632479
-571d8cVauQ$_$5,RESOLVED_VALID,vision,0.7245179
-571d8cVauQ$_$5,RESOLVED_VALID,vision,1.0
-571d8cVauQ$_$5,RESOLVED_VALID,vision,0.8168498
-571d8cVauQ$_$5,RESOLVED_VALID,vision,0.79360163
-571d8cVauQ$_$5,RESOLVED_VALID,vision,0.91358024
-571d8cVauQ$_$5,RESOLVED_VALID,vision,0.8349835
-571d8cVauQ$_$5,RESOLVED_VALID,vision,0.669967
-571d8cVauQ$_$5,RESOLVED_VALID,vision,0.7652582
-571d8cVauQ$_$5,RESOLVED_VALID,vision,0.82655036
-571d8cVauQ$_$5,RESOLVED_VALID,vision,0.8168498
-571d8cVauQ$_$5,RESOLVED_VALID,vision,0.8168498
-571d8cVauQ$_$5,RESOLVED_VALID,vision,0.5884774
-571d8cVauQ$_$5,RESOLVED_VALID,vision,1.0
-571d8cVauQ$_$5,RESOLVED_VALID,vision,0.8628258
-571d8cVauQ$_$5,RESOLVED_VALID,vision,0.8682477
-571d8cVauQ$_$5,RESOLVED_VALID,vision,0.88008803
-6rXp3zJ3kc$_$8,RESOLVED_VALID,vision,0.8349835
-6rXp3zJ3kc$_$8,RESOLVED_VALID,vision,0.74457216
-6rXp3zJ3kc$_$8,RESOLVED_VALID,vision,1.0
-6rXp3zJ3kc$_$8,RESOLVED_VALID,vision,0.8817967
-6rXp3zJ3kc$_$8,RESOLVED_VALID,vision,0.8346056
-6rXp3zJ3kc$_$8,RESOLVED_VALID,vision,0.7888889
-6rXp3zJ3kc$_$8,RESOLVED_VALID,vision,0.8158379
-6rXp3zJ3kc$_$8,RESOLVED_VALID,vision,1.0
-6rXp3zJ3kc$_$8,RESOLVED_VALID,vision,0.92081034
-6rXp3zJ3kc$_$8,RESOLVED_VALID,vision,1.0
-6rXp3zJ3kc$_$8,RESOLVED_VALID,vision,0.79806364
-6rXp3zJ3kc$_$8,RESOLVED_VALID,vision,1.0
-6rXp3zJ3kc$_$8,RESOLVED_VALID,vision,1.0
-6rXp3zJ3kc$_$8,RESOLVED_VALID,vision,0.7635934
-6rXp3zJ3kc$_$8,RESOLVED_VALID,vision,0.78401726
-6rXp3zJ3kc$_$8,RESOLVED_VALID,vision,0.8488613
-6rXp3zJ3kc$_$8,RESOLVED_VALID,vision,0.79911697
-6rXp3zJ3kc$_$8,RESOLVED_VALID,vision,0.8291874
-6rXp3zJ3kc$_$8,RESOLVED_VALID,vision,0.8964803
-6rXp3zJ3kc$_$8,RESOLVED_VALID,vision,0.5
-6rXp3zJ3kc$_$8,RESOLVED_VALID,vision,0.79296064
-6rXp3zJ3kc$_$8,RESOLVED_VALID,vision,1.0
-6rXp3zJ3kc$_$8,RESOLVED_VALID,vision,0.8163453
-6rXp3zJ3kc$_$8,RESOLVED_VALID,vision,0.85148513
-6rXp3zJ3kc$_$8,RESOLVED_VALID,vision,0.74554706
-6rXp3zJ3kc$_$8,RESOLVED_VALID,vision,1.0
-6rXp3zJ3kc$_$8,RESOLVED_VALID,vision,0.8056365
-6rXp3zJ3kc$_$8,RESOLVED_VALID,vision,0.74554706
-6rXp3zJ3kc$_$8,RESOLVED_VALID,vision,1.0
-6rXp3zJ3kc$_$8,RESOLVED_VALID,vision,0.8896247
-6rXp3zJ3kc$_$8,RESOLVED_VALID,vision,0.7571644
-6rXp3zJ3kc$_$8,RESOLVED_VALID,vision,0.79296064
-6rXp3zJ3kc$_$8,RESOLVED_VALID,vision,0.78486997
-6rXp3zJ3kc$_$8,RESOLVED_VALID,vision,0.8259356
-9y-fZ3swSY$_$0,RESOLVED_VALID,vision,0.8590786
-9y-fZ3swSY$_$0,RESOLVED_VALID,vision,1.0
-9y-fZ3swSY$_$0,RESOLVED_VALID,vision,0.7289973
-9y-fZ3swSY$_$0,RESOLVED_VALID,vision,0.8644986
-9y-fZ3swSY$_$0,RESOLVED_VALID,vision,0.83988875
-9y-fZ3swSY$_$0,RESOLVED_VALID,vision,0.45355192
-9y-fZ3swSY$_$0,RESOLVED_VALID,vision,0.87515604
-9y-fZ3swSY$_$0,RESOLVED_VALID,vision,0.8914224
-9y-fZ3swSY$_$0,RESOLVED_VALID,vision,0.8914224
-9y-fZ3swSY$_$0,RESOLVED_VALID,vision,0.84099615
-9y-fZ3swSY$_$0,RESOLVED_VALID,vision,0.67320263
-9y-fZ3swSY$_$0,RESOLVED_VALID,vision,1.0
-9y-fZ3swSY$_$0,RESOLVED_VALID,vision,0.9570552
-9y-fZ3swSY$_$0,RESOLVED_VALID,vision,0.8193315
-9y-fZ3swSY$_$0,RESOLVED_VALID,vision,0.6763754
-9y-fZ3swSY$_$0,RESOLVED_VALID,vision,0.796748
-9y-fZ3swSY$_$0,RESOLVED_VALID,vision,0.8518519
-9y-fZ3swSY$_$0,RESOLVED_VALID,vision,0.837963
-9y-fZ3swSY$_$0,RESOLVED_VALID,vision,0.83739835
-9y-fZ3swSY$_$0,RESOLVED_VALID,vision,1.0
-9y-fZ3swSY$_$0,RESOLVED_VALID,vision,0.85314685
-9y-fZ3swSY$_$0,RESOLVED_VALID,vision,0.8308943
-9y-fZ3swSY$_$4,RESOLVED_VALID,vision,0.8435055
-9y-fZ3swSY$_$4,RESOLVED_VALID,vision,0.8726004
-9y-fZ3swSY$_$4,RESOLVED_VALID,vision,0.84118676
-9y-fZ3swSY$_$4,RESOLVED_VALID,vision,0.99607843
-9y-fZ3swSY$_$4,RESOLVED_VALID,vision,0.8033432
-9y-fZ3swSY$_$4,RESOLVED_VALID,vision,0.60784316
-9y-fZ3swSY$_$4,RESOLVED_VALID,vision,1.0
-9y-fZ3swSY$_$4,RESOLVED_VALID,vision,0.6855346
-9y-fZ3swSY$_$4,RESOLVED_VALID,vision,0.8440629
-9y-fZ3swSY$_$8,UNRESOLVED,vision,0.0
-9y-fZ3swSY$_$8,UNRESOLVED,vision,0.0
-9y-fZ3swSY$_$8,UNRESOLVED,vision,0.0
-9y-fZ3swSY$_$8,UNRESOLVED,vision,0.0
-9y-fZ3swSY$_$8,UNRESOLVED,vision,0.0
-9y-fZ3swSY$_$8,UNRESOLVED,vision,0.0
-9y-fZ3swSY$_$8,UNRESOLVED,vision,0.0
-9y-fZ3swSY$_$8,UNRESOLVED,vision,0.0
-9y-fZ3swSY$_$8,UNRESOLVED,vision,0.0
-9y-fZ3swSY$_$8,UNRESOLVED,vision,0.0
-9y-fZ3swSY$_$8,UNRESOLVED,vision,0.0
-9y-fZ3swSY$_$8,UNRESOLVED,vision,0.0
-AUZQgSxyPQ$_$2,RESOLVED_PARTIAL,vision,0.83666664
-AUZQgSxyPQ$_$2,RESOLVED_PARTIAL,vision,0.84892786
-AUZQgSxyPQ$_$2,RESOLVED_PARTIAL,vision,0.8727735
-AUZQgSxyPQ$_$2,RESOLVED_PARTIAL,vision,0.8561549
-AUZQgSxyPQ$_$2,RESOLVED_PARTIAL,vision,1.0
-AUZQgSxyPQ$_$2,RESOLVED_PARTIAL,vision,0.61748636
-AUZQgSxyPQ$_$2,RESOLVED_PARTIAL,vision,0.85174954
-AUZQgSxyPQ$_$2,RESOLVED_PARTIAL,vision,0.81532776
-AUZQgSxyPQ$_$2,RESOLVED_PARTIAL,vision,0.77375567
-AUZQgSxyPQ$_$2,RESOLVED_PARTIAL,vision,0.85435
-AUZQgSxyPQ$_$2,RESOLVED_PARTIAL,vision,0.79296064
-AUZQgSxyPQ$_$2,RESOLVED_PARTIAL,vision,0.8220211
-AUZQgSxyPQ$_$2,RESOLVED_PARTIAL,vision,0.83682376
-AUZQgSxyPQ$_$2,RESOLVED_PARTIAL,vision,0.8333333
-AUZQgSxyPQ$_$2,RESOLVED_PARTIAL,vision,0.7037037
-AUZQgSxyPQ$_$2,RESOLVED_PARTIAL,vision,0.8223801
-AUZQgSxyPQ$_$2,RESOLVED_PARTIAL,vision,0.8538012
-AUZQgSxyPQ$_$2,RESOLVED_PARTIAL,vision,0.84917045
-AUZQgSxyPQ$_$2,RESOLVED_PARTIAL,vision,0.8638247
-AUZQgSxyPQ$_$2,RESOLVED_PARTIAL,vision,0.45355192
-AUZQgSxyPQ$_$2,RESOLVED_PARTIAL,vision,0.8364389
-AUZQgSxyPQ$_$2,RESOLVED_PARTIAL,vision,0.7786999
-AUZQgSxyPQ$_$2,RESOLVED_PARTIAL,vision,0.83416253
-AUZQgSxyPQ$_$2,RESOLVED_PARTIAL,vision,0.7222222
-AUZQgSxyPQ$_$2,RESOLVED_PARTIAL,vision,0.8011928
-AUZQgSxyPQ$_$2,RESOLVED_PARTIAL,vision,1.0
-AUZQgSxyPQ$_$2,RESOLVED_PARTIAL,vision,0.8420593
-AUZQgSxyPQ$_$2,RESOLVED_PARTIAL,vision,0.8836968
-AUZQgSxyPQ$_$2,RESOLVED_PARTIAL,vision,0.83961505
-AUZQgSxyPQ$_$2,RESOLVED_PARTIAL,vision,0.83457404
-AUZQgSxyPQ$_$2,RESOLVED_PARTIAL,vision,0.8747698
-AUZQgSxyPQ$_$2,RESOLVED_PARTIAL,vision,0.8254799
-AUZQgSxyPQ$_$2,RESOLVED_PARTIAL,vision,0.83416253
-AUZQgSxyPQ$_$2,RESOLVED_PARTIAL,vision,0.87969095
-AUZQgSxyPQ$_$2,RESOLVED_PARTIAL,vision,0.79253113
-AUZQgSxyPQ$_$2,RESOLVED_PARTIAL,vision,0.7635934
-AUZQgSxyPQ$_$2,RESOLVED_PARTIAL,vision,0.89615786
-AUZQgSxyPQ$_$2,RESOLVED_PARTIAL,vision,0.8616874
-AUZQgSxyPQ$_$2,RESOLVED_PARTIAL,vision,0.8291874
-AUZQgSxyPQ$_$2,RESOLVED_PARTIAL,vision,0.85172004
-AUZQgSxyPQ$_$2,RESOLVED_PARTIAL,vision,0.8726004
-HeZS2-Prhc$_$2,RESOLVED_PARTIAL,vision,0.7245179
-HeZS2-Prhc$_$2,RESOLVED_PARTIAL,vision,0.76442873
-HeZS2-Prhc$_$2,RESOLVED_PARTIAL,vision,0.79360163
-HeZS2-Prhc$_$2,RESOLVED_PARTIAL,vision,0.8062016
-HeZS2-Prhc$_$2,RESOLVED_PARTIAL,vision,0.70957094
-HeZS2-Prhc$_$2,RESOLVED_PARTIAL,vision,0.7652582
-HeZS2-Prhc$_$2,RESOLVED_PARTIAL,vision,0.7652582
-HeZS2-Prhc$_$2,RESOLVED_PARTIAL,vision,1.0
-HeZS2-Prhc$_$2,RESOLVED_PARTIAL,vision,0.72677594
-HeZS2-Prhc$_$2,RESOLVED_PARTIAL,vision,0.7942387
-HeZS2-Prhc$_$2,RESOLVED_PARTIAL,vision,0.82304525
-HeZS2-Prhc$_$2,RESOLVED_PARTIAL,vision,1.0
-HeZS2-Prhc$_$2,RESOLVED_PARTIAL,vision,0.8168498
-HeZS2-Prhc$_$2,RESOLVED_PARTIAL,vision,0.7652582
-HeZS2-Prhc$_$2,RESOLVED_PARTIAL,vision,0.8357964
-HeZS2-Prhc$_$2,RESOLVED_PARTIAL,vision,0.8644689
-HwX2H8Z4hY$_$2,UNRESOLVED,vision,0.0
-HwX2H8Z4hY$_$2,UNRESOLVED,vision,0.0
-HwX2H8Z4hY$_$2,UNRESOLVED,vision,0.0
-HwX2H8Z4hY$_$2,UNRESOLVED,vision,0.0
-HwX2H8Z4hY$_$2,UNRESOLVED,vision,0.0
-HwX2H8Z4hY$_$2,UNRESOLVED,vision,0.0
-HwX2H8Z4hY$_$2,UNRESOLVED,vision,0.0
-HwX2H8Z4hY$_$2,UNRESOLVED,vision,0.0
-HwX2H8Z4hY$_$5,UNRESOLVED,vision,0.0
-HwX2H8Z4hY$_$5,UNRESOLVED,vision,0.0
-HwX2H8Z4hY$_$5,UNRESOLVED,vision,0.0
-HwX2H8Z4hY$_$5,UNRESOLVED,vision,0.0
-HwX2H8Z4hY$_$5,UNRESOLVED,vision,0.0
-HwX2H8Z4hY$_$5,UNRESOLVED,vision,0.0
-HwX2H8Z4hY$_$5,UNRESOLVED,vision,0.0
-HwX2H8Z4hY$_$5,UNRESOLVED,vision,0.0
-HwX2H8Z4hY$_$5,UNRESOLVED,vision,0.0
-HwX2H8Z4hY$_$5,UNRESOLVED,vision,0.0
-HwX2H8Z4hY$_$6,UNRESOLVED,vision,0.0
-HwX2H8Z4hY$_$6,UNRESOLVED,vision,0.0
-HwX2H8Z4hY$_$6,UNRESOLVED,vision,0.0
-HwX2H8Z4hY$_$6,UNRESOLVED,vision,0.0
-HwX2H8Z4hY$_$6,UNRESOLVED,vision,0.0
-HwX2H8Z4hY$_$6,UNRESOLVED,vision,0.0
-HwX2H8Z4hY$_$6,UNRESOLVED,vision,0.0
-HwX2H8Z4hY$_$9,RESOLVED_PARTIAL,vision,0.0
-HwX2H8Z4hY$_$9,RESOLVED_PARTIAL,vision,0.0
-HwX2H8Z4hY$_$9,RESOLVED_PARTIAL,vision,0.0
-HwX2H8Z4hY$_$9,RESOLVED_PARTIAL,vision,0.43715847
-HwX2H8Z4hY$_$9,RESOLVED_PARTIAL,vision,0.0
-HwX2H8Z4hY$_$9,RESOLVED_PARTIAL,vision,1.0
-HwX2H8Z4hY$_$9,RESOLVED_PARTIAL,vision,0.82101804
-HwX2H8Z4hY$_$9,RESOLVED_PARTIAL,vision,0.8505232
-HwX2H8Z4hY$_$9,RESOLVED_PARTIAL,vision,0.72677594
-HwX2H8Z4hY$_$9,RESOLVED_PARTIAL,vision,0.74897116
-HwX2H8Z4hY$_$9,RESOLVED_PARTIAL,vision,0.8826291
-HwX2H8Z4hY$_$9,RESOLVED_PARTIAL,vision,0.7793427
-HwX2H8Z4hY$_$9,RESOLVED_PARTIAL,vision,0.35956284
-HwX2H8Z4hY$_$9,RESOLVED_PARTIAL,vision,0.5300546
-HwX2H8Z4hY$_$9,RESOLVED_PARTIAL,vision,0.0
-HwX2H8Z4hY$_$9,RESOLVED_PARTIAL,vision,0.0
-HwX2H8Z4hY$_$9,RESOLVED_PARTIAL,vision,0.0
-HwX2H8Z4hY$_$9,RESOLVED_PARTIAL,vision,0.33663365
-HwX2H8Z4hY$_$9,RESOLVED_PARTIAL,vision,1.0
-HwX2H8Z4hY$_$9,RESOLVED_PARTIAL,vision,0.78070176
-HwX2H8Z4hY$_$9,RESOLVED_PARTIAL,vision,1.0
-HwX2H8Z4hY$_$9,RESOLVED_PARTIAL,vision,0.7896175
-I_e4mIh0yE$_$1,RESOLVED_VALID,vision,1.0
-I_e4mIh0yE$_$1,RESOLVED_VALID,vision,0.73224044
-I_e4mIh0yE$_$1,RESOLVED_VALID,vision,0.883856
-I_e4mIh0yE$_$1,RESOLVED_VALID,vision,0.7537415
-I_e4mIh0yE$_$1,RESOLVED_VALID,vision,0.6763754
-I_e4mIh0yE$_$1,RESOLVED_VALID,vision,0.8644986
-I_e4mIh0yE$_$1,RESOLVED_VALID,vision,0.8630268
-I_e4mIh0yE$_$1,RESOLVED_VALID,vision,0.85218036
-I_e4mIh0yE$_$1,RESOLVED_VALID,vision,1.0
-I_e4mIh0yE$_$1,RESOLVED_VALID,vision,0.6219512
-I_e4mIh0yE$_$1,RESOLVED_VALID,vision,0.8193315
-I_e4mIh0yE$_$1,RESOLVED_VALID,vision,0.67320263
-I_e4mIh0yE$_$1,RESOLVED_VALID,vision,0.85250735
-I_e4mIh0yE$_$1,RESOLVED_VALID,vision,0.8325203
-I_e4mIh0yE$_$1,RESOLVED_VALID,vision,1.0
-I_e4mIh0yE$_$1,RESOLVED_VALID,vision,0.83739835
-I_e4mIh0yE$_$1,RESOLVED_VALID,vision,0.88617885
-I_e4mIh0yE$_$1,RESOLVED_VALID,vision,0.74937344
-I_e4mIh0yE$_$3,RESOLVED_PARTIAL,vision,1.0
-I_e4mIh0yE$_$3,RESOLVED_PARTIAL,vision,0.8245614
-I_e4mIh0yE$_$3,RESOLVED_PARTIAL,vision,0.72677594
-I_e4mIh0yE$_$3,RESOLVED_PARTIAL,vision,0.795501
-I_e4mIh0yE$_$3,RESOLVED_PARTIAL,vision,0.8336897
-I_e4mIh0yE$_$3,RESOLVED_PARTIAL,vision,0.88304096
-I_e4mIh0yE$_$3,RESOLVED_PARTIAL,vision,0.8797814
-I_e4mIh0yE$_$3,RESOLVED_PARTIAL,vision,0.795501
-I_e4mIh0yE$_$3,RESOLVED_PARTIAL,vision,0.8169014
-I_e4mIh0yE$_$3,RESOLVED_PARTIAL,vision,0.5027322
-I_e4mIh0yE$_$3,RESOLVED_PARTIAL,vision,0.8357964
-I_e4mIh0yE$_$3,RESOLVED_PARTIAL,vision,1.0
-I_e4mIh0yE$_$3,RESOLVED_PARTIAL,vision,0.72677594
-I_e4mIh0yE$_$3,RESOLVED_PARTIAL,vision,0.863388
-I_e4mIh0yE$_$3,RESOLVED_PARTIAL,vision,0.63414633
-I_e4mIh0yE$_$3,RESOLVED_PARTIAL,vision,0.9281046
-I_e4mIh0yE$_$3,RESOLVED_PARTIAL,vision,1.0
-I_e4mIh0yE$_$3,RESOLVED_PARTIAL,vision,0.8357964
-I_e4mIh0yE$_$3,RESOLVED_PARTIAL,vision,0.795501
-I_e4mIh0yE$_$3,RESOLVED_PARTIAL,vision,1.0
-I_e4mIh0yE$_$3,RESOLVED_PARTIAL,vision,0.8169557
-I_e4mIh0yE$_$3,RESOLVED_PARTIAL,vision,0.89758456
-MeTTeMJBNc$_$0,RESOLVED_VALID,vision,0.86150235
-MeTTeMJBNc$_$0,RESOLVED_VALID,vision,1.0
-MeTTeMJBNc$_$0,RESOLVED_VALID,vision,0.8569385
-MeTTeMJBNc$_$0,RESOLVED_VALID,vision,1.0
-MeTTeMJBNc$_$0,RESOLVED_VALID,vision,0.8168498
-MeTTeMJBNc$_$0,RESOLVED_VALID,vision,0.8067633
-MeTTeMJBNc$_$0,RESOLVED_VALID,vision,0.8505232
-MeTTeMJBNc$_$0,RESOLVED_VALID,vision,0.8505232
-MeTTeMJBNc$_$0,RESOLVED_VALID,vision,0.8048246
-MeTTeMJBNc$_$0,RESOLVED_VALID,vision,0.7942387
-MeTTeMJBNc$_$0,RESOLVED_VALID,vision,0.7652582
-MeTTeMJBNc$_$0,RESOLVED_VALID,vision,0.7948718
-MeTTeMJBNc$_$0,RESOLVED_VALID,vision,0.8505232
-MeTTeMJBNc$_$0,RESOLVED_VALID,vision,0.84734297
-MeTTeMJBNc$_$0,RESOLVED_VALID,vision,0.8173516
-MeTTeMJBNc$_$0,RESOLVED_VALID,vision,0.5884774
-MeTTeMJBNc$_$0,RESOLVED_VALID,vision,1.0
-MeTTeMJBNc$_$0,RESOLVED_VALID,vision,0.83902234
-MeTTeMJBNc$_$0,RESOLVED_VALID,vision,1.0
-MeTTeMJBNc$_$0,RESOLVED_VALID,vision,0.77227724
-MeTTeMJBNc$_$0,RESOLVED_VALID,vision,0.8076063
-MeTTeMJBNc$_$13,RESOLVED_VALID,vision,0.7311828
-MeTTeMJBNc$_$13,RESOLVED_VALID,vision,0.7979798
-MeTTeMJBNc$_$13,RESOLVED_VALID,vision,0.8531571
-MeTTeMJBNc$_$13,RESOLVED_VALID,vision,0.6763754
-MeTTeMJBNc$_$13,RESOLVED_VALID,vision,0.7685185
-MeTTeMJBNc$_$13,RESOLVED_VALID,vision,1.0
-MeTTeMJBNc$_$13,RESOLVED_VALID,vision,0.82949704
-MeTTeMJBNc$_$13,RESOLVED_VALID,vision,0.8324958
-MeTTeMJBNc$_$13,RESOLVED_VALID,vision,0.935743
-MeTTeMJBNc$_$13,RESOLVED_VALID,vision,0.9354839
-MeTTeMJBNc$_$13,RESOLVED_VALID,vision,0.7289973
-MeTTeMJBNc$_$13,RESOLVED_VALID,vision,0.82949704
-MeTTeMJBNc$_$13,RESOLVED_VALID,vision,0.6763754
-MeTTeMJBNc$_$13,RESOLVED_VALID,vision,0.82030547
-MeTTeMJBNc$_$7,RESOLVED_PARTIAL,vision,0.0
-MeTTeMJBNc$_$7,RESOLVED_PARTIAL,vision,0.0
-MeTTeMJBNc$_$7,RESOLVED_PARTIAL,vision,0.0
-MeTTeMJBNc$_$7,RESOLVED_PARTIAL,vision,0.0
-MeTTeMJBNc$_$7,RESOLVED_PARTIAL,vision,0.0
-MeTTeMJBNc$_$7,RESOLVED_PARTIAL,vision,0.0
-MeTTeMJBNc$_$7,RESOLVED_PARTIAL,vision,0.0
-MeTTeMJBNc$_$7,RESOLVED_PARTIAL,vision,0.0
-MeTTeMJBNc$_$7,RESOLVED_PARTIAL,vision,0.0
-MeTTeMJBNc$_$7,RESOLVED_PARTIAL,vision,0.0
-MeTTeMJBNc$_$7,RESOLVED_PARTIAL,vision,0.0
-MeTTeMJBNc$_$7,RESOLVED_PARTIAL,vision,0.0
-MeTTeMJBNc$_$7,RESOLVED_PARTIAL,vision,0.0
-MeTTeMJBNc$_$7,RESOLVED_PARTIAL,vision,0.0
-MeTTeMJBNc$_$7,RESOLVED_PARTIAL,vision,0.0
-MeTTeMJBNc$_$7,RESOLVED_PARTIAL,vision,0.0
-MeTTeMJBNc$_$7,RESOLVED_PARTIAL,vision,0.0
-MeTTeMJBNc$_$7,RESOLVED_PARTIAL,vision,0.0
-MeTTeMJBNc$_$7,RESOLVED_PARTIAL,vision,0.0
-MeTTeMJBNc$_$7,RESOLVED_PARTIAL,vision,0.0
-MeTTeMJBNc$_$7,RESOLVED_PARTIAL,vision,0.0
-MeTTeMJBNc$_$7,RESOLVED_PARTIAL,vision,0.0
-MeTTeMJBNc$_$7,RESOLVED_PARTIAL,vision,0.0
-MeTTeMJBNc$_$7,RESOLVED_PARTIAL,vision,0.0
-MeTTeMJBNc$_$7,RESOLVED_PARTIAL,vision,0.0
-MeTTeMJBNc$_$7,RESOLVED_PARTIAL,vision,0.0
-MeTTeMJBNc$_$7,RESOLVED_PARTIAL,vision,0.0
-MeTTeMJBNc$_$7,RESOLVED_PARTIAL,vision,0.0
-MeTTeMJBNc$_$7,RESOLVED_PARTIAL,vision,0.0
-MeTTeMJBNc$_$7,RESOLVED_PARTIAL,vision,0.0
-MeTTeMJBNc$_$7,RESOLVED_PARTIAL,vision,0.0
-NFrJFQijFE$_$1,RESOLVED_MISSING,vision,0.0
-NFrJFQijFE$_$1,RESOLVED_MISSING,vision,0.0
-NFrJFQijFE$_$1,RESOLVED_MISSING,vision,0.0
-NFrJFQijFE$_$1,RESOLVED_MISSING,vision,0.0
-NFrJFQijFE$_$1,RESOLVED_MISSING,vision,0.0
-NFrJFQijFE$_$1,RESOLVED_MISSING,vision,0.0
-NFrJFQijFE$_$1,RESOLVED_MISSING,vision,0.0
-NFrJFQijFE$_$1,RESOLVED_MISSING,vision,0.0
-NFrJFQijFE$_$1,RESOLVED_MISSING,vision,0.0
-NFrJFQijFE$_$1,RESOLVED_MISSING,vision,0.0
-NFrJFQijFE$_$1,RESOLVED_MISSING,vision,0.0
-NFrJFQijFE$_$1,RESOLVED_MISSING,vision,0.0
-NFrJFQijFE$_$1,RESOLVED_MISSING,vision,0.0
-NFrJFQijFE$_$1,RESOLVED_MISSING,vision,0.0
-NFrJFQijFE$_$1,RESOLVED_MISSING,vision,0.0
-NFrJFQijFE$_$1,RESOLVED_MISSING,vision,0.0
-NFrJFQijFE$_$2,RESOLVED_MISSING,vision,0.0
-NFrJFQijFE$_$2,RESOLVED_MISSING,vision,0.0
-NFrJFQijFE$_$2,RESOLVED_MISSING,vision,0.0
-NFrJFQijFE$_$2,RESOLVED_MISSING,vision,0.0
-NFrJFQijFE$_$2,RESOLVED_MISSING,vision,0.0
-NFrJFQijFE$_$2,RESOLVED_MISSING,vision,0.0
-NFrJFQijFE$_$2,RESOLVED_MISSING,vision,0.0
-NFrJFQijFE$_$2,RESOLVED_MISSING,vision,0.0
-NFrJFQijFE$_$2,RESOLVED_MISSING,vision,0.0
-NFrJFQijFE$_$2,RESOLVED_MISSING,vision,0.0
-NFrJFQijFE$_$2,RESOLVED_MISSING,vision,0.0
-NFrJFQijFE$_$2,RESOLVED_MISSING,vision,0.0
-NFrJFQijFE$_$2,RESOLVED_MISSING,vision,0.0
-NFrJFQijFE$_$2,RESOLVED_MISSING,vision,0.0
-NFrJFQijFE$_$2,RESOLVED_MISSING,vision,0.0
-NFrJFQijFE$_$2,RESOLVED_MISSING,vision,0.0
-NFrJFQijFE$_$2,RESOLVED_MISSING,vision,0.0
-NFrJFQijFE$_$2,RESOLVED_MISSING,vision,0.0
-RfYyzHpjk4$_$11,RESOLVED_VALID,vision,0.78091395
-RfYyzHpjk4$_$11,RESOLVED_VALID,vision,0.7991968
-RfYyzHpjk4$_$11,RESOLVED_VALID,vision,0.7311828
-RfYyzHpjk4$_$11,RESOLVED_VALID,vision,0.8538012
-RfYyzHpjk4$_$11,RESOLVED_VALID,vision,0.8091398
-RfYyzHpjk4$_$11,RESOLVED_VALID,vision,0.68608415
-RfYyzHpjk4$_$11,RESOLVED_VALID,vision,0.7979798
-RfYyzHpjk4$_$11,RESOLVED_VALID,vision,0.9569892
-RfYyzHpjk4$_$11,RESOLVED_VALID,vision,0.8463445
-RfYyzHpjk4$_$11,RESOLVED_VALID,vision,0.7985901
-RfYyzHpjk4$_$11,RESOLVED_VALID,vision,0.8661312
-RfYyzHpjk4$_$11,RESOLVED_VALID,vision,0.6763754
-RfYyzHpjk4$_$11,RESOLVED_VALID,vision,0.67948717
-RfYyzHpjk4$_$11,RESOLVED_VALID,vision,1.0
-RfYyzHpjk4$_$11,RESOLVED_VALID,vision,0.95238096
-RfYyzHpjk4$_$11,RESOLVED_VALID,vision,0.77011496
-RfYyzHpjk4$_$11,RESOLVED_VALID,vision,0.08625731
-RfYyzHpjk4$_$2,RESOLVED_VALID,vision,0.67320263
-RfYyzHpjk4$_$2,RESOLVED_VALID,vision,1.0
-RfYyzHpjk4$_$2,RESOLVED_VALID,vision,0.83916086
-RfYyzHpjk4$_$2,RESOLVED_VALID,vision,0.64166665
-RfYyzHpjk4$_$2,RESOLVED_VALID,vision,0.89463603
-RfYyzHpjk4$_$2,RESOLVED_VALID,vision,0.9057971
-RfYyzHpjk4$_$2,RESOLVED_VALID,vision,0.95098037
-RfYyzHpjk4$_$2,RESOLVED_VALID,vision,0.8010753
-RfYyzHpjk4$_$2,RESOLVED_VALID,vision,0.8474074
-RfYyzHpjk4$_$2,RESOLVED_VALID,vision,0.8518519
-RfYyzHpjk4$_$2,RESOLVED_VALID,vision,1.0
-RfYyzHpjk4$_$2,RESOLVED_VALID,vision,0.7704918
-RfYyzHpjk4$_$2,RESOLVED_VALID,vision,0.8469945
-RfYyzHpjk4$_$2,RESOLVED_VALID,vision,0.6503497
-RfYyzHpjk4$_$2,RESOLVED_VALID,vision,0.67320263
-RfYyzHpjk4$_$2,RESOLVED_VALID,vision,1.0
-RfYyzHpjk4$_$2,RESOLVED_VALID,vision,0.5
-RfYyzHpjk4$_$2,RESOLVED_VALID,vision,0.8088578
-RfYyzHpjk4$_$2,RESOLVED_VALID,vision,1.0
-RfYyzHpjk4$_$2,RESOLVED_VALID,vision,0.80787706
-RfYyzHpjk4$_$2,RESOLVED_VALID,vision,0.72677594
-RfYyzHpjk4$_$2,RESOLVED_VALID,vision,0.8639456
-RfYyzHpjk4$_$2,RESOLVED_VALID,vision,0.8366013
-RfYyzHpjk4$_$2,RESOLVED_VALID,vision,1.0
-RfYyzHpjk4$_$2,RESOLVED_VALID,vision,0.796748
-RfYyzHpjk4$_$8,RESOLVED_VALID,vision,0.7245179
-RfYyzHpjk4$_$8,RESOLVED_VALID,vision,0.79976445
-RfYyzHpjk4$_$8,RESOLVED_VALID,vision,0.77226466
-RfYyzHpjk4$_$8,RESOLVED_VALID,vision,0.27722773
-RfYyzHpjk4$_$8,RESOLVED_VALID,vision,0.9506173
-RfYyzHpjk4$_$8,RESOLVED_VALID,vision,0.7635934
-RfYyzHpjk4$_$8,RESOLVED_VALID,vision,0.5884774
-RfYyzHpjk4$_$8,RESOLVED_VALID,vision,0.7942387
-RfYyzHpjk4$_$8,RESOLVED_VALID,vision,1.0
-RfYyzHpjk4$_$8,RESOLVED_VALID,vision,0.5884774
-RfYyzHpjk4$_$8,RESOLVED_VALID,vision,0.8349835
-RfYyzHpjk4$_$8,RESOLVED_VALID,vision,0.7245179
-RfYyzHpjk4$_$8,RESOLVED_VALID,vision,0.7942387
-RfYyzHpjk4$_$8,RESOLVED_VALID,vision,0.8732573
-RfYyzHpjk4$_$8,RESOLVED_VALID,vision,0.660066
-RfYyzHpjk4$_$8,RESOLVED_VALID,vision,1.0
-RfYyzHpjk4$_$8,RESOLVED_VALID,vision,0.76442873
-THoVjtIkeU$_$12,RESOLVED_VALID,vision,0.84869975
-THoVjtIkeU$_$12,RESOLVED_VALID,vision,0.98550725
-THoVjtIkeU$_$12,RESOLVED_VALID,vision,1.0
-THoVjtIkeU$_$12,RESOLVED_VALID,vision,0.8148148
-THoVjtIkeU$_$12,RESOLVED_VALID,vision,0.6375
-THoVjtIkeU$_$12,RESOLVED_VALID,vision,0.83416253
-THoVjtIkeU$_$12,RESOLVED_VALID,vision,0.83416253
-THoVjtIkeU$_$12,RESOLVED_VALID,vision,1.0
-THoVjtIkeU$_$12,RESOLVED_VALID,vision,0.7933884
-THoVjtIkeU$_$12,RESOLVED_VALID,vision,0.8044966
-THoVjtIkeU$_$12,RESOLVED_VALID,vision,1.0
-THoVjtIkeU$_$12,RESOLVED_VALID,vision,0.79296064
-THoVjtIkeU$_$12,RESOLVED_VALID,vision,0.45355192
-THoVjtIkeU$_$12,RESOLVED_VALID,vision,0.7635934
-THoVjtIkeU$_$12,RESOLVED_VALID,vision,0.8671979
-THoVjtIkeU$_$12,RESOLVED_VALID,vision,0.8402204
-THoVjtIkeU$_$12,RESOLVED_VALID,vision,0.88520974
-THoVjtIkeU$_$12,RESOLVED_VALID,vision,1.0
-THoVjtIkeU$_$12,RESOLVED_VALID,vision,0.84917045
-THoVjtIkeU$_$12,RESOLVED_VALID,vision,0.8360656
-THoVjtIkeU$_$12,RESOLVED_VALID,vision,0.83416253
-THoVjtIkeU$_$12,RESOLVED_VALID,vision,0.86592865
-THoVjtIkeU$_$12,RESOLVED_VALID,vision,0.82670456
-THoVjtIkeU$_$12,RESOLVED_VALID,vision,0.8196916
-THoVjtIkeU$_$12,RESOLVED_VALID,vision,0.907919
-THoVjtIkeU$_$12,RESOLVED_VALID,vision,0.8158379
-THoVjtIkeU$_$12,RESOLVED_VALID,vision,1.0
-THoVjtIkeU$_$12,RESOLVED_VALID,vision,0.8291874
-THoVjtIkeU$_$12,RESOLVED_VALID,vision,1.0
-THoVjtIkeU$_$12,RESOLVED_VALID,vision,0.6111111
-THoVjtIkeU$_$12,RESOLVED_VALID,vision,1.0
-THoVjtIkeU$_$12,RESOLVED_VALID,vision,0.8015214
-THoVjtIkeU$_$12,RESOLVED_VALID,vision,1.0
-THoVjtIkeU$_$12,RESOLVED_VALID,vision,0.77650064
-THoVjtIkeU$_$12,RESOLVED_VALID,vision,0.6666667
-THoVjtIkeU$_$12,RESOLVED_VALID,vision,0.7619048
-THoVjtIkeU$_$12,RESOLVED_VALID,vision,0.83416253
-THoVjtIkeU$_$12,RESOLVED_VALID,vision,1.0
-THoVjtIkeU$_$12,RESOLVED_VALID,vision,0.7835498
-THoVjtIkeU$_$2,RESOLVED_VALID,vision,1.0
-THoVjtIkeU$_$2,RESOLVED_VALID,vision,0.7887517
-THoVjtIkeU$_$2,RESOLVED_VALID,vision,0.8628258
-THoVjtIkeU$_$2,RESOLVED_VALID,vision,0.7942387
-THoVjtIkeU$_$2,RESOLVED_VALID,vision,1.0
-THoVjtIkeU$_$2,RESOLVED_VALID,vision,0.8250825
-THoVjtIkeU$_$2,RESOLVED_VALID,vision,0.8349835
-THoVjtIkeU$_$2,RESOLVED_VALID,vision,0.79296064
-THoVjtIkeU$_$2,RESOLVED_VALID,vision,0.8349835
-THoVjtIkeU$_$2,RESOLVED_VALID,vision,0.8056365
-THoVjtIkeU$_$6,RESOLVED_PARTIAL,vision,0.8130081
-THoVjtIkeU$_$6,RESOLVED_PARTIAL,vision,1.0
-THoVjtIkeU$_$6,RESOLVED_PARTIAL,vision,0.0
-THoVjtIkeU$_$6,RESOLVED_PARTIAL,vision,0.0
-THoVjtIkeU$_$6,RESOLVED_PARTIAL,vision,0.0
-THoVjtIkeU$_$6,RESOLVED_PARTIAL,vision,0.3415638
-THoVjtIkeU$_$6,RESOLVED_PARTIAL,vision,0.45355192
-THoVjtIkeU$_$6,RESOLVED_PARTIAL,vision,0.8168498
-THoVjtIkeU$_$6,RESOLVED_PARTIAL,vision,0.7942387
-THoVjtIkeU$_$6,RESOLVED_PARTIAL,vision,0.8062016
-THoVjtIkeU$_$6,RESOLVED_PARTIAL,vision,0.5884774
-THoVjtIkeU$_$6,RESOLVED_PARTIAL,vision,0.7652582
-THoVjtIkeU$_$6,RESOLVED_PARTIAL,vision,0.855792
-THoVjtIkeU$_$6,RESOLVED_PARTIAL,vision,0.8356807
-THoVjtIkeU$_$6,RESOLVED_PARTIAL,vision,1.0
-THoVjtIkeU$_$6,RESOLVED_PARTIAL,vision,0.7507508
-THoVjtIkeU$_$6,RESOLVED_PARTIAL,vision,0.8737374
-THoVjtIkeU$_$6,RESOLVED_PARTIAL,vision,0.72677594
-THoVjtIkeU$_$6,RESOLVED_PARTIAL,vision,1.0
-THoVjtIkeU$_$6,RESOLVED_PARTIAL,vision,0.669967
-THoVjtIkeU$_$6,RESOLVED_PARTIAL,vision,0.8357964
-THoVjtIkeU$_$6,RESOLVED_PARTIAL,vision,1.0
-THoVjtIkeU$_$6,RESOLVED_PARTIAL,vision,0.8370702
-THoVjtIkeU$_$6,RESOLVED_PARTIAL,vision,1.0
-THoVjtIkeU$_$6,RESOLVED_PARTIAL,vision,0.78070176
-THoVjtIkeU$_$6,RESOLVED_PARTIAL,vision,0.5925926
-THoVjtIkeU$_$6,RESOLVED_PARTIAL,vision,0.9593496
-THoVjtIkeU$_$6,RESOLVED_PARTIAL,vision,0.88584477
-THoVjtIkeU$_$6,RESOLVED_PARTIAL,vision,1.0
-THoVjtIkeU$_$6,RESOLVED_PARTIAL,vision,0.8079561
-UUCSKoHeMA$_$0,RESOLVED_VALID,vision,0.4918033
-UUCSKoHeMA$_$0,RESOLVED_VALID,vision,0.8277347
-UUCSKoHeMA$_$0,RESOLVED_VALID,vision,1.0
-UUCSKoHeMA$_$0,RESOLVED_VALID,vision,0.8487476
-UUCSKoHeMA$_$0,RESOLVED_VALID,vision,0.5884774
-UUCSKoHeMA$_$0,RESOLVED_VALID,vision,1.0
-UUCSKoHeMA$_$0,RESOLVED_VALID,vision,0.8216106
-UUCSKoHeMA$_$0,RESOLVED_VALID,vision,0.85494715
-UUCSKoHeMA$_$0,RESOLVED_VALID,vision,0.88304096
-UUCSKoHeMA$_$0,RESOLVED_VALID,vision,0.83299935
-UUCSKoHeMA$_$0,RESOLVED_VALID,vision,0.5884774
-UUCSKoHeMA$_$0,RESOLVED_VALID,vision,1.0
-UUCSKoHeMA$_$0,RESOLVED_VALID,vision,0.6831683
-UUCSKoHeMA$_$0,RESOLVED_VALID,vision,0.92896175
-UUCSKoHeMA$_$0,RESOLVED_VALID,vision,0.8639456
-UUCSKoHeMA$_$0,RESOLVED_VALID,vision,0.8742138
-UUCSKoHeMA$_$0,RESOLVED_VALID,vision,1.0
-UUCSKoHeMA$_$0,RESOLVED_VALID,vision,0.86366737
-UacrmKiTn4$_$10,RESOLVED_VALID,vision,0.78142077
-UacrmKiTn4$_$10,RESOLVED_VALID,vision,1.0
-UacrmKiTn4$_$10,RESOLVED_VALID,vision,0.93004113
-UacrmKiTn4$_$10,RESOLVED_VALID,vision,1.0
-UacrmKiTn4$_$10,RESOLVED_VALID,vision,0.8826291
-UacrmKiTn4$_$10,RESOLVED_VALID,vision,1.0
-UacrmKiTn4$_$10,RESOLVED_VALID,vision,0.7942387
-UacrmKiTn4$_$10,RESOLVED_VALID,vision,0.795501
-UacrmKiTn4$_$10,RESOLVED_VALID,vision,0.8357964
-UacrmKiTn4$_$10,RESOLVED_VALID,vision,0.8393632
-UacrmKiTn4$_$10,RESOLVED_VALID,vision,0.85119045
-UacrmKiTn4$_$10,RESOLVED_VALID,vision,0.78142077
-UacrmKiTn4$_$10,RESOLVED_VALID,vision,1.0
-UacrmKiTn4$_$10,RESOLVED_VALID,vision,0.8262295
-UacrmKiTn4$_$10,RESOLVED_VALID,vision,0.7934272
-UacrmKiTn4$_$10,RESOLVED_VALID,vision,0.8366013
-UacrmKiTn4$_$10,RESOLVED_VALID,vision,0.76689976
-UacrmKiTn4$_$10,RESOLVED_VALID,vision,0.5884774
-UacrmKiTn4$_$4,RESOLVED_VALID,vision,0.8357964
-UacrmKiTn4$_$4,RESOLVED_VALID,vision,0.74738413
-UacrmKiTn4$_$4,RESOLVED_VALID,vision,1.0
-UacrmKiTn4$_$4,RESOLVED_VALID,vision,0.7652582
-UacrmKiTn4$_$4,RESOLVED_VALID,vision,1.0
-UacrmKiTn4$_$4,RESOLVED_VALID,vision,0.8242531
-UacrmKiTn4$_$4,RESOLVED_VALID,vision,1.0
-UacrmKiTn4$_$4,RESOLVED_VALID,vision,0.962963
-UacrmKiTn4$_$4,RESOLVED_VALID,vision,0.7942387
-UacrmKiTn4$_$4,RESOLVED_VALID,vision,0.8742138
-UacrmKiTn4$_$4,RESOLVED_VALID,vision,0.7242798
-UacrmKiTn4$_$4,RESOLVED_VALID,vision,0.8366013
-UacrmKiTn4$_$4,RESOLVED_VALID,vision,0.89711934
-UacrmKiTn4$_$4,RESOLVED_VALID,vision,0.8302207
-UuX1xuaiiE$_$0,RESOLVED_PARTIAL,vision,0.0
-UuX1xuaiiE$_$0,RESOLVED_PARTIAL,vision,0.0
-UuX1xuaiiE$_$0,RESOLVED_PARTIAL,vision,0.0
-UuX1xuaiiE$_$0,RESOLVED_PARTIAL,vision,0.0
-UuX1xuaiiE$_$0,RESOLVED_PARTIAL,vision,0.0
-UuX1xuaiiE$_$0,RESOLVED_PARTIAL,vision,0.0
-UuX1xuaiiE$_$0,RESOLVED_PARTIAL,vision,0.0
-UuX1xuaiiE$_$0,RESOLVED_PARTIAL,vision,0.0
-UuX1xuaiiE$_$0,RESOLVED_PARTIAL,vision,0.0
-UuX1xuaiiE$_$1,RESOLVED_PARTIAL,vision,0.0
-UuX1xuaiiE$_$1,RESOLVED_PARTIAL,vision,0.0
-UuX1xuaiiE$_$1,RESOLVED_PARTIAL,vision,0.0
-UuX1xuaiiE$_$1,RESOLVED_PARTIAL,vision,0.0
-UuX1xuaiiE$_$1,RESOLVED_PARTIAL,vision,0.0
-UuX1xuaiiE$_$1,RESOLVED_PARTIAL,vision,0.0
-UuX1xuaiiE$_$1,RESOLVED_PARTIAL,vision,0.0
-UuX1xuaiiE$_$1,RESOLVED_PARTIAL,vision,0.0
-UuX1xuaiiE$_$1,RESOLVED_PARTIAL,vision,0.0
-UuX1xuaiiE$_$1,RESOLVED_PARTIAL,vision,0.0
-UuX1xuaiiE$_$1,RESOLVED_PARTIAL,vision,0.0
-UuX1xuaiiE$_$1,RESOLVED_PARTIAL,vision,0.0
-UuX1xuaiiE$_$1,RESOLVED_PARTIAL,vision,0.0
-UuX1xuaiiE$_$1,RESOLVED_PARTIAL,vision,0.0
-UuX1xuaiiE$_$1,RESOLVED_PARTIAL,vision,0.0
-UuX1xuaiiE$_$1,RESOLVED_PARTIAL,vision,0.0
-UuX1xuaiiE$_$1,RESOLVED_PARTIAL,vision,0.0
-UuX1xuaiiE$_$1,RESOLVED_PARTIAL,vision,0.0
-UuX1xuaiiE$_$1,RESOLVED_PARTIAL,vision,0.0
-UuX1xuaiiE$_$1,RESOLVED_PARTIAL,vision,0.0
-UuX1xuaiiE$_$1,RESOLVED_PARTIAL,vision,0.0
-UuX1xuaiiE$_$1,RESOLVED_PARTIAL,vision,0.0
-UuX1xuaiiE$_$1,RESOLVED_PARTIAL,vision,0.0
-UuX1xuaiiE$_$1,RESOLVED_PARTIAL,vision,0.0
-UuX1xuaiiE$_$1,RESOLVED_PARTIAL,vision,0.0
-UuX1xuaiiE$_$1,RESOLVED_PARTIAL,vision,0.0
-UuX1xuaiiE$_$1,RESOLVED_PARTIAL,vision,0.0
-UuX1xuaiiE$_$3,RESOLVED_VALID,vision,0.71568626
-UuX1xuaiiE$_$3,RESOLVED_VALID,vision,0.78213507
-UuX1xuaiiE$_$3,RESOLVED_VALID,vision,0.99728996
-UuX1xuaiiE$_$3,RESOLVED_VALID,vision,0.85119045
-UuX1xuaiiE$_$3,RESOLVED_VALID,vision,0.80787706
-UuX1xuaiiE$_$3,RESOLVED_VALID,vision,1.0
-UuX1xuaiiE$_$3,RESOLVED_VALID,vision,0.8005952
-UuX1xuaiiE$_$3,RESOLVED_VALID,vision,0.85928965
-UuX1xuaiiE$_$3,RESOLVED_VALID,vision,0.7861635
-UuX1xuaiiE$_$6,RESOLVED_VALID,vision,0.34146342
-UuX1xuaiiE$_$6,RESOLVED_VALID,vision,0.795501
-UuX1xuaiiE$_$6,RESOLVED_VALID,vision,1.0
-UuX1xuaiiE$_$6,RESOLVED_VALID,vision,0.81884056
-UuX1xuaiiE$_$6,RESOLVED_VALID,vision,0.7741935
-UuX1xuaiiE$_$6,RESOLVED_VALID,vision,0.8366013
-UuX1xuaiiE$_$6,RESOLVED_VALID,vision,0.85588974
-UuX1xuaiiE$_$6,RESOLVED_VALID,vision,1.0
-UuX1xuaiiE$_$6,RESOLVED_VALID,vision,0.83739835
-UuX1xuaiiE$_$6,RESOLVED_VALID,vision,0.8449612
-UuX1xuaiiE$_$6,RESOLVED_VALID,vision,0.67320263
-UuX1xuaiiE$_$6,RESOLVED_VALID,vision,1.0
-UuX1xuaiiE$_$6,RESOLVED_VALID,vision,0.84459984
-UuX1xuaiiE$_$6,RESOLVED_VALID,vision,0.84700274
-UuX1xuaiiE$_$6,RESOLVED_VALID,vision,0.84227127
-UuX1xuaiiE$_$6,RESOLVED_VALID,vision,0.8518519
-UuX1xuaiiE$_$6,RESOLVED_VALID,vision,0.795501
-UuX1xuaiiE$_$6,RESOLVED_VALID,vision,0.8746867
-UuX1xuaiiE$_$6,RESOLVED_VALID,vision,0.45355192
-UuX1xuaiiE$_$6,RESOLVED_VALID,vision,0.81884056
-UuX1xuaiiE$_$6,RESOLVED_VALID,vision,0.81884056
-UuX1xuaiiE$_$6,RESOLVED_VALID,vision,0.8084291
-a55Q6RWvTA$_$3,RESOLVED_VALID,vision,0.7619048
-a55Q6RWvTA$_$3,RESOLVED_VALID,vision,0.79296064
-a55Q6RWvTA$_$3,RESOLVED_VALID,vision,0.84917045
-a55Q6RWvTA$_$3,RESOLVED_VALID,vision,0.881376
-a55Q6RWvTA$_$3,RESOLVED_VALID,vision,0.815342
-a55Q6RWvTA$_$3,RESOLVED_VALID,vision,0.97083336
-a55Q6RWvTA$_$3,RESOLVED_VALID,vision,1.0
-a55Q6RWvTA$_$3,RESOLVED_VALID,vision,0.8616874
-a55Q6RWvTA$_$3,RESOLVED_VALID,vision,0.7245179
-a55Q6RWvTA$_$3,RESOLVED_VALID,vision,0.76666665
-a55Q6RWvTA$_$3,RESOLVED_VALID,vision,0.7635934
-a55Q6RWvTA$_$3,RESOLVED_VALID,vision,0.84164685
-a55Q6RWvTA$_$3,RESOLVED_VALID,vision,1.0
-a55Q6RWvTA$_$3,RESOLVED_VALID,vision,0.8466135
-a55Q6RWvTA$_$3,RESOLVED_VALID,vision,1.0
-a55Q6RWvTA$_$3,RESOLVED_VALID,vision,0.8333333
-a55Q6RWvTA$_$3,RESOLVED_VALID,vision,1.0
-a55Q6RWvTA$_$3,RESOLVED_VALID,vision,0.7619048
-a55Q6RWvTA$_$3,RESOLVED_VALID,vision,0.84882843
-a55Q6RWvTA$_$3,RESOLVED_VALID,vision,0.6666667
-a55Q6RWvTA$_$3,RESOLVED_VALID,vision,0.9111111
-a55Q6RWvTA$_$3,RESOLVED_VALID,vision,0.80246913
-a55Q6RWvTA$_$3,RESOLVED_VALID,vision,0.83416253
-a55Q6RWvTA$_$3,RESOLVED_VALID,vision,0.6666667
-a55Q6RWvTA$_$3,RESOLVED_VALID,vision,0.80506825
-a55Q6RWvTA$_$3,RESOLVED_VALID,vision,0.85
-a55Q6RWvTA$_$3,RESOLVED_VALID,vision,0.74457216
-a55Q6RWvTA$_$3,RESOLVED_VALID,vision,0.8158379
-a55Q6RWvTA$_$3,RESOLVED_VALID,vision,0.79478055
-a55Q6RWvTA$_$3,RESOLVED_VALID,vision,0.79296064
-a55Q6RWvTA$_$3,RESOLVED_VALID,vision,0.8616874
-a55Q6RWvTA$_$3,RESOLVED_VALID,vision,0.7541478
-a55Q6RWvTA$_$3,RESOLVED_VALID,vision,1.0
-a55Q6RWvTA$_$3,RESOLVED_VALID,vision,0.8291874
-a55Q6RWvTA$_$3,RESOLVED_VALID,vision,0.83416253
-a55Q6RWvTA$_$3,RESOLVED_VALID,vision,1.0
-a55Q6RWvTA$_$3,RESOLVED_VALID,vision,0.8310709
-a55Q6RWvTA$_$3,RESOLVED_VALID,vision,0.8877888
-a55Q6RWvTA$_$3,RESOLVED_VALID,vision,0.83383185
-a55Q6RWvTA$_$3,RESOLVED_VALID,vision,0.889258
-a55Q6RWvTA$_$3,RESOLVED_VALID,vision,1.0
-a55Q6RWvTA$_$3,RESOLVED_VALID,vision,0.8182762
-a55Q6RWvTA$_$3,RESOLVED_VALID,vision,0.8616874
-a55Q6RWvTA$_$3,RESOLVED_VALID,vision,0.7222222
-a55Q6RWvTA$_$3,RESOLVED_VALID,vision,1.0
-a55Q6RWvTA$_$3,RESOLVED_VALID,vision,0.84917045
-a55Q6RWvTA$_$3,RESOLVED_VALID,vision,0.8964803
-a55Q6RWvTA$_$3,RESOLVED_VALID,vision,0.9
-a55Q6RWvTA$_$3,RESOLVED_VALID,vision,1.0
-a55Q6RWvTA$_$3,RESOLVED_VALID,vision,0.82051283
-a55Q6RWvTA$_$3,RESOLVED_VALID,vision,0.86654806
-a55Q6RWvTA$_$3,RESOLVED_VALID,vision,0.8281787
-a55Q6RWvTA$_$3,RESOLVED_VALID,vision,1.0
-a55Q6RWvTA$_$3,RESOLVED_VALID,vision,0.88261354
-a55Q6RWvTA$_$3,RESOLVED_VALID,vision,0.8148148
-a55Q6RWvTA$_$3,RESOLVED_VALID,vision,0.45355192
-a55Q6RWvTA$_$3,RESOLVED_VALID,vision,1.0
-a55Q6RWvTA$_$3,RESOLVED_VALID,vision,0.83416253
-a55Q6RWvTA$_$3,RESOLVED_VALID,vision,0.7619048
-a55Q6RWvTA$_$3,RESOLVED_VALID,vision,0.8158379
-a55Q6RWvTA$_$3,RESOLVED_VALID,vision,0.7635934
-a55Q6RWvTA$_$3,RESOLVED_VALID,vision,0.8671979
-a55Q6RWvTA$_$3,RESOLVED_VALID,vision,0.81532776
-a55Q6RWvTA$_$3,RESOLVED_VALID,vision,0.86951363
-a55Q6RWvTA$_$3,RESOLVED_VALID,vision,0.82846004
-aNfi7CP8vM$_$7,RESOLVED_VALID,vision,0.81984586
-aNfi7CP8vM$_$7,RESOLVED_VALID,vision,0.9795501
-aNfi7CP8vM$_$7,RESOLVED_VALID,vision,1.0
-aNfi7CP8vM$_$7,RESOLVED_VALID,vision,1.0
-aNfi7CP8vM$_$7,RESOLVED_VALID,vision,0.85085756
-aNfi7CP8vM$_$7,RESOLVED_VALID,vision,0.795501
-aNfi7CP8vM$_$7,RESOLVED_VALID,vision,0.8440546
-aNfi7CP8vM$_$7,RESOLVED_VALID,vision,0.8366013
-aNfi7CP8vM$_$7,RESOLVED_VALID,vision,0.83916086
-aNfi7CP8vM$_$7,RESOLVED_VALID,vision,0.8361998
-aNfi7CP8vM$_$7,RESOLVED_VALID,vision,0.8943089
-aNfi7CP8vM$_$7,RESOLVED_VALID,vision,0.8360656
-aNfi7CP8vM$_$7,RESOLVED_VALID,vision,0.72677594
-aNfi7CP8vM$_$7,RESOLVED_VALID,vision,0.7942387
-aNfi7CP8vM$_$7,RESOLVED_VALID,vision,0.81785065
-aNfi7CP8vM$_$7,RESOLVED_VALID,vision,0.8505232
-aNfi7CP8vM$_$7,RESOLVED_VALID,vision,0.85578233
-aNfi7CP8vM$_$7,RESOLVED_VALID,vision,0.83854944
-aqamKhZ1Ec$_$0,RESOLVED_PARTIAL,vision,0.8502994
-aqamKhZ1Ec$_$0,RESOLVED_PARTIAL,vision,0.83402973
-aqamKhZ1Ec$_$0,RESOLVED_PARTIAL,vision,0.7635934
-aqamKhZ1Ec$_$0,RESOLVED_PARTIAL,vision,0.80046946
-aqamKhZ1Ec$_$0,RESOLVED_PARTIAL,vision,0.84928495
-aqamKhZ1Ec$_$0,RESOLVED_PARTIAL,vision,0.8566308
-aqamKhZ1Ec$_$0,RESOLVED_PARTIAL,vision,0.84313726
-aqamKhZ1Ec$_$0,RESOLVED_PARTIAL,vision,0.85243744
-aqamKhZ1Ec$_$0,RESOLVED_PARTIAL,vision,0.669967
-aqamKhZ1Ec$_$0,RESOLVED_PARTIAL,vision,0.8448143
-aqamKhZ1Ec$_$0,RESOLVED_PARTIAL,vision,0.8349835
-aqamKhZ1Ec$_$0,RESOLVED_PARTIAL,vision,1.0
-aqamKhZ1Ec$_$0,RESOLVED_PARTIAL,vision,0.82437277
-aqamKhZ1Ec$_$0,RESOLVED_PARTIAL,vision,0.83870965
-dxfTGcXJoc$_$0,RESOLVED_VALID,vision,0.0
-dxfTGcXJoc$_$0,RESOLVED_VALID,vision,0.0
-dxfTGcXJoc$_$0,RESOLVED_VALID,vision,0.0
-dxfTGcXJoc$_$0,RESOLVED_VALID,vision,0.0
-dxfTGcXJoc$_$0,RESOLVED_VALID,vision,0.0
-dxfTGcXJoc$_$0,RESOLVED_VALID,vision,0.0
-dxfTGcXJoc$_$0,RESOLVED_VALID,vision,0.0
-dxfTGcXJoc$_$0,RESOLVED_VALID,vision,0.0
-dxfTGcXJoc$_$0,RESOLVED_VALID,vision,0.660066
-dxfTGcXJoc$_$0,RESOLVED_VALID,vision,0.8896247
-dxfTGcXJoc$_$0,RESOLVED_VALID,vision,0.90123457
-dxfTGcXJoc$_$0,RESOLVED_VALID,vision,0.815735
-dxfTGcXJoc$_$0,RESOLVED_VALID,vision,0.7037037
-dxfTGcXJoc$_$0,RESOLVED_VALID,vision,0.8158379
-dxfTGcXJoc$_$0,RESOLVED_VALID,vision,0.8158379
-dxfTGcXJoc$_$0,RESOLVED_VALID,vision,0.8274672
-dxfTGcXJoc$_$0,RESOLVED_VALID,vision,0.8385795
-dxfTGcXJoc$_$0,RESOLVED_VALID,vision,0.669967
-dxfTGcXJoc$_$0,RESOLVED_VALID,vision,0.8344371
-dxfTGcXJoc$_$0,RESOLVED_VALID,vision,0.8423956
-dxfTGcXJoc$_$0,RESOLVED_VALID,vision,0.5833333
-dxfTGcXJoc$_$0,RESOLVED_VALID,vision,0.79296064
-dxfTGcXJoc$_$0,RESOLVED_VALID,vision,0.7245179
-dxfTGcXJoc$_$0,RESOLVED_VALID,vision,0.8495109
-dxfTGcXJoc$_$0,RESOLVED_VALID,vision,0.8964803
-dxfTGcXJoc$_$0,RESOLVED_VALID,vision,0.669967
-dxfTGcXJoc$_$0,RESOLVED_VALID,vision,0.83416253
-dxfTGcXJoc$_$0,RESOLVED_VALID,vision,0.7245179
-dxfTGcXJoc$_$0,RESOLVED_VALID,vision,0.8168498
-dxfTGcXJoc$_$0,RESOLVED_VALID,vision,0.8254799
-dxfTGcXJoc$_$0,RESOLVED_VALID,vision,1.0
-dxfTGcXJoc$_$0,RESOLVED_VALID,vision,0.8158379
-dxfTGcXJoc$_$0,RESOLVED_VALID,vision,0.7560664
-dxfTGcXJoc$_$0,RESOLVED_VALID,vision,0.8200144
-dxfTGcXJoc$_$0,RESOLVED_VALID,vision,0.669967
-dxfTGcXJoc$_$0,RESOLVED_VALID,vision,0.8423956
-dxfTGcXJoc$_$0,RESOLVED_VALID,vision,0.5884774
-dxfTGcXJoc$_$0,RESOLVED_VALID,vision,0.8344919
-dxfTGcXJoc$_$0,RESOLVED_VALID,vision,0.5884774
-dxfTGcXJoc$_$0,RESOLVED_VALID,vision,0.8964803
-dxfTGcXJoc$_$0,RESOLVED_VALID,vision,0.8674619
-dxfTGcXJoc$_$1,RESOLVED_VALID,vision,0.7245179
-dxfTGcXJoc$_$1,RESOLVED_VALID,vision,1.0
-dxfTGcXJoc$_$1,RESOLVED_VALID,vision,0.862259
-dxfTGcXJoc$_$1,RESOLVED_VALID,vision,0.79360163
-dxfTGcXJoc$_$1,RESOLVED_VALID,vision,0.8727735
-dxfTGcXJoc$_$1,RESOLVED_VALID,vision,0.85196686
-dxfTGcXJoc$_$1,RESOLVED_VALID,vision,1.0
-dxfTGcXJoc$_$1,RESOLVED_VALID,vision,0.8339947
-dxfTGcXJoc$_$1,RESOLVED_VALID,vision,0.8830228
-dxfTGcXJoc$_$1,RESOLVED_VALID,vision,0.6666667
-dxfTGcXJoc$_$1,RESOLVED_VALID,vision,0.8498498
-dxfTGcXJoc$_$1,RESOLVED_VALID,vision,0.862259
-dxfTGcXJoc$_$1,RESOLVED_VALID,vision,0.85299146
-dxfTGcXJoc$_$1,RESOLVED_VALID,vision,0.8423956
-dxfTGcXJoc$_$1,RESOLVED_VALID,vision,0.6666667
-dxfTGcXJoc$_$1,RESOLVED_VALID,vision,0.8191001
-dxfTGcXJoc$_$1,RESOLVED_VALID,vision,0.8819876
-dxfTGcXJoc$_$1,RESOLVED_VALID,vision,0.5884774
-dxfTGcXJoc$_$1,RESOLVED_VALID,vision,0.84
-dxfTGcXJoc$_$1,RESOLVED_VALID,vision,0.5884774
-dxfTGcXJoc$_$1,RESOLVED_VALID,vision,0.93939394
-dxfTGcXJoc$_$1,RESOLVED_VALID,vision,0.80506825
-dxfTGcXJoc$_$1,RESOLVED_VALID,vision,0.7933884
-dxfTGcXJoc$_$1,RESOLVED_VALID,vision,0.8165138
-dxfTGcXJoc$_$1,RESOLVED_VALID,vision,0.8015873
-dxfTGcXJoc$_$1,RESOLVED_VALID,vision,0.8695652
-dxfTGcXJoc$_$1,RESOLVED_VALID,vision,1.0
-dxfTGcXJoc$_$1,RESOLVED_VALID,vision,0.7613169
-dxfTGcXJoc$_$1,RESOLVED_VALID,vision,0.79296064
-dxfTGcXJoc$_$1,RESOLVED_VALID,vision,0.8349835
-dxfTGcXJoc$_$1,RESOLVED_VALID,vision,0.7882883
-dxfTGcXJoc$_$1,RESOLVED_VALID,vision,0.8259356
-dxfTGcXJoc$_$1,RESOLVED_VALID,vision,0.7942387
-dxfTGcXJoc$_$1,RESOLVED_VALID,vision,0.8349835
-dxfTGcXJoc$_$1,RESOLVED_VALID,vision,0.73333335
-dxfTGcXJoc$_$1,RESOLVED_VALID,vision,0.8091603
-dxfTGcXJoc$_$2,RESOLVED_VALID,vision,0.44444445
-dxfTGcXJoc$_$2,RESOLVED_VALID,vision,0.8194294
-dxfTGcXJoc$_$2,RESOLVED_VALID,vision,0.8080614
-dxfTGcXJoc$_$2,RESOLVED_VALID,vision,0.7982854
-dxfTGcXJoc$_$2,RESOLVED_VALID,vision,0.82788295
-dxfTGcXJoc$_$2,RESOLVED_VALID,vision,0.8393756
-dxfTGcXJoc$_$2,RESOLVED_VALID,vision,0.6666667
-dxfTGcXJoc$_$2,RESOLVED_VALID,vision,0.83374894
-dxfTGcXJoc$_$2,RESOLVED_VALID,vision,0.80332613
-dxfTGcXJoc$_$2,RESOLVED_VALID,vision,0.9190476
-dxfTGcXJoc$_$2,RESOLVED_VALID,vision,0.8203704
-dxfTGcXJoc$_$2,RESOLVED_VALID,vision,1.0
-dxfTGcXJoc$_$2,RESOLVED_VALID,vision,0.8888889
-dxfTGcXJoc$_$2,RESOLVED_VALID,vision,0.8052257
-dxfTGcXJoc$_$2,RESOLVED_VALID,vision,0.7619048
-dxfTGcXJoc$_$2,RESOLVED_VALID,vision,1.0
-dxfTGcXJoc$_$2,RESOLVED_VALID,vision,0.5833333
-dxfTGcXJoc$_$2,RESOLVED_VALID,vision,0.81532776
-dxfTGcXJoc$_$2,RESOLVED_VALID,vision,0.8616874
-dxfTGcXJoc$_$2,RESOLVED_VALID,vision,1.0
-dxfTGcXJoc$_$2,RESOLVED_VALID,vision,0.8958333
-dxfTGcXJoc$_$2,RESOLVED_VALID,vision,0.8484849
-dxfTGcXJoc$_$2,RESOLVED_VALID,vision,1.0
-dxfTGcXJoc$_$2,RESOLVED_VALID,vision,0.90224826
-dxfTGcXJoc$_$2,RESOLVED_VALID,vision,0.86013556
-dxfTGcXJoc$_$2,RESOLVED_VALID,vision,0.82533824
-dxfTGcXJoc$_$2,RESOLVED_VALID,vision,0.9375
-dxfTGcXJoc$_$2,RESOLVED_VALID,vision,0.6333333
-dxfTGcXJoc$_$2,RESOLVED_VALID,vision,0.8522073
-dxfTGcXJoc$_$2,RESOLVED_VALID,vision,0.84164685
-dxfTGcXJoc$_$2,RESOLVED_VALID,vision,1.0
-dxfTGcXJoc$_$2,RESOLVED_VALID,vision,0.7835498
-dxfTGcXJoc$_$2,RESOLVED_VALID,vision,0.81532776
-dxfTGcXJoc$_$2,RESOLVED_VALID,vision,0.82030547
-dxfTGcXJoc$_$6,RESOLVED_VALID,vision,0.8677249
-dxfTGcXJoc$_$6,RESOLVED_VALID,vision,0.8104575
-dxfTGcXJoc$_$6,RESOLVED_VALID,vision,0.8142077
-dxfTGcXJoc$_$6,RESOLVED_VALID,vision,1.0
-dxfTGcXJoc$_$6,RESOLVED_VALID,vision,0.79360163
-dxfTGcXJoc$_$6,RESOLVED_VALID,vision,0.8259356
-dxfTGcXJoc$_$6,RESOLVED_VALID,vision,0.85324234
-dxfTGcXJoc$_$6,RESOLVED_VALID,vision,0.8730159
-dxfTGcXJoc$_$6,RESOLVED_VALID,vision,0.82838285
-dxfTGcXJoc$_$6,RESOLVED_VALID,vision,1.0
-dxfTGcXJoc$_$6,RESOLVED_VALID,vision,0.8727735
-dxfTGcXJoc$_$6,RESOLVED_VALID,vision,0.8163453
-dxfTGcXJoc$_$6,RESOLVED_VALID,vision,0.7635934
-dxfTGcXJoc$_$6,RESOLVED_VALID,vision,0.8349835
-dxfTGcXJoc$_$6,RESOLVED_VALID,vision,0.7635934
-dxfTGcXJoc$_$6,RESOLVED_VALID,vision,0.8234127
-dxfTGcXJoc$_$6,RESOLVED_VALID,vision,0.8563218
-dxfTGcXJoc$_$6,RESOLVED_VALID,vision,0.5884774
-dxfTGcXJoc$_$6,RESOLVED_VALID,vision,0.8163453
-dxfTGcXJoc$_$6,RESOLVED_VALID,vision,0.7942387
-dxfTGcXJoc$_$6,RESOLVED_VALID,vision,0.8498498
-dxfTGcXJoc$_$6,RESOLVED_VALID,vision,0.7635934
-dxfTGcXJoc$_$6,RESOLVED_VALID,vision,0.7245179
-dxfTGcXJoc$_$6,RESOLVED_VALID,vision,0.909465
-dxfTGcXJoc$_$6,RESOLVED_VALID,vision,0.83457404
-dxfTGcXJoc$_$6,RESOLVED_VALID,vision,0.82300884
-dxfTGcXJoc$_$6,RESOLVED_VALID,vision,0.8181818
-egA8-b7-3M$_$1,RESOLVED_VALID,vision,0.8968008
-egA8-b7-3M$_$1,RESOLVED_VALID,vision,0.83457404
-egA8-b7-3M$_$1,RESOLVED_VALID,vision,0.26666668
-egA8-b7-3M$_$1,RESOLVED_VALID,vision,0.8347107
-egA8-b7-3M$_$1,RESOLVED_VALID,vision,0.8498498
-egA8-b7-3M$_$1,RESOLVED_VALID,vision,0.83416253
-egA8-b7-3M$_$1,RESOLVED_VALID,vision,0.8609524
-egA8-b7-3M$_$1,RESOLVED_VALID,vision,0.8349835
-egA8-b7-3M$_$1,RESOLVED_VALID,vision,0.90281826
-egA8-b7-3M$_$1,RESOLVED_VALID,vision,0.8498498
-egA8-b7-3M$_$1,RESOLVED_VALID,vision,0.67489713
-egA8-b7-3M$_$1,RESOLVED_VALID,vision,0.8611111
-egA8-b7-3M$_$1,RESOLVED_VALID,vision,0.85215795
-egA8-b7-3M$_$1,RESOLVED_VALID,vision,0.9807162
-egA8-b7-3M$_$1,RESOLVED_VALID,vision,0.862259
-egA8-b7-3M$_$1,RESOLVED_VALID,vision,0.67489713
-egA8-b7-3M$_$1,RESOLVED_VALID,vision,0.889989
-egA8-b7-3M$_$1,RESOLVED_VALID,vision,0.8363363
-egA8-b7-3M$_$1,RESOLVED_VALID,vision,0.8349835
-egA8-b7-3M$_$1,RESOLVED_VALID,vision,0.84468526
-egA8-b7-3M$_$13,RESOLVED_VALID,vision,0.6825397
-egA8-b7-3M$_$13,RESOLVED_VALID,vision,0.9484127
-egA8-b7-3M$_$13,RESOLVED_VALID,vision,0.9230769
-egA8-b7-3M$_$13,RESOLVED_VALID,vision,0.8536232
-egA8-b7-3M$_$13,RESOLVED_VALID,vision,0.84051037
-egA8-b7-3M$_$13,RESOLVED_VALID,vision,0.82658136
-egA8-b7-3M$_$13,RESOLVED_VALID,vision,1.0
-egA8-b7-3M$_$13,RESOLVED_VALID,vision,0.8544396
-egA8-b7-3M$_$13,RESOLVED_VALID,vision,0.8397436
-egA8-b7-3M$_$13,RESOLVED_VALID,vision,0.46774194
-egA8-b7-3M$_$13,RESOLVED_VALID,vision,0.78700745
-egA8-b7-3M$_$16,RESOLVED_VALID,vision,0.7948718
-egA8-b7-3M$_$16,RESOLVED_VALID,vision,0.8062016
-egA8-b7-3M$_$16,RESOLVED_VALID,vision,0.8168498
-egA8-b7-3M$_$16,RESOLVED_VALID,vision,0.77578473
-egA8-b7-3M$_$16,RESOLVED_VALID,vision,1.0
-egA8-b7-3M$_$16,RESOLVED_VALID,vision,0.8580134
-egA8-b7-3M$_$16,RESOLVED_VALID,vision,1.0
-egA8-b7-3M$_$16,RESOLVED_VALID,vision,0.8734978
-egA8-b7-3M$_$16,RESOLVED_VALID,vision,0.9259259
-egA8-b7-3M$_$16,RESOLVED_VALID,vision,0.86850756
-egA8-b7-3M$_$16,RESOLVED_VALID,vision,0.8460389
-egA8-b7-3M$_$17,RESOLVED_PARTIAL,vision,1.0
-egA8-b7-3M$_$17,RESOLVED_PARTIAL,vision,1.0
-egA8-b7-3M$_$17,RESOLVED_PARTIAL,vision,0.8958333
-egA8-b7-3M$_$17,RESOLVED_PARTIAL,vision,0.84144145
-egA8-b7-3M$_$17,RESOLVED_PARTIAL,vision,0.85250735
-egA8-b7-3M$_$17,RESOLVED_PARTIAL,vision,0.7685185
-egA8-b7-3M$_$17,RESOLVED_PARTIAL,vision,0.7289973
-egA8-b7-3M$_$17,RESOLVED_PARTIAL,vision,0.8198198
-egA8-b7-3M$_$17,RESOLVED_PARTIAL,vision,0.82905984
-egA8-b7-3M$_$17,RESOLVED_PARTIAL,vision,0.8262987
-egA8-b7-3M$_$17,RESOLVED_PARTIAL,vision,0.8211382
-egA8-b7-3M$_$17,RESOLVED_PARTIAL,vision,0.7685185
-egA8-b7-3M$_$17,RESOLVED_PARTIAL,vision,0.63978493
-egA8-b7-3M$_$17,RESOLVED_PARTIAL,vision,0.796748
-egA8-b7-3M$_$17,RESOLVED_PARTIAL,vision,0.8198198
-egA8-b7-3M$_$17,RESOLVED_PARTIAL,vision,0.8198198
-egA8-b7-3M$_$18,RESOLVED_VALID,vision,0.8414634
-egA8-b7-3M$_$18,RESOLVED_VALID,vision,0.84313726
-egA8-b7-3M$_$18,RESOLVED_VALID,vision,0.8460389
-egA8-b7-3M$_$18,RESOLVED_VALID,vision,0.8148148
-egA8-b7-3M$_$18,RESOLVED_VALID,vision,0.9259259
-egA8-b7-3M$_$18,RESOLVED_VALID,vision,0.669967
-egA8-b7-3M$_$18,RESOLVED_VALID,vision,1.0
-egA8-b7-3M$_$18,RESOLVED_VALID,vision,0.7942387
-egA8-b7-3M$_$18,RESOLVED_VALID,vision,0.7942387
-egA8-b7-3M$_$18,RESOLVED_VALID,vision,0.669967
-egA8-b7-3M$_$18,RESOLVED_VALID,vision,0.8062016
-egA8-b7-3M$_$18,RESOLVED_VALID,vision,0.7652582
-egA8-b7-3M$_$18,RESOLVED_VALID,vision,0.8062016
-egA8-b7-3M$_$18,RESOLVED_VALID,vision,0.669967
-egA8-b7-3M$_$18,RESOLVED_VALID,vision,0.8505232
-egA8-b7-3M$_$18,RESOLVED_VALID,vision,0.8086696
-egA8-b7-3M$_$18,RESOLVED_VALID,vision,0.5884774
-egA8-b7-3M$_$18,RESOLVED_VALID,vision,1.0
-egA8-b7-3M$_$18,RESOLVED_VALID,vision,0.82430214
-egA8-b7-3M$_$18,RESOLVED_VALID,vision,0.8011958
-egA8-b7-3M$_$18,RESOLVED_VALID,vision,0.8357964
-egA8-b7-3M$_$18,RESOLVED_VALID,vision,0.8505232
-egA8-b7-3M$_$20,RESOLVED_VALID,vision,0.9756098
-egA8-b7-3M$_$20,RESOLVED_VALID,vision,0.80906147
-egA8-b7-3M$_$20,RESOLVED_VALID,vision,0.97373736
-egA8-b7-3M$_$20,RESOLVED_VALID,vision,1.0
-egA8-b7-3M$_$20,RESOLVED_VALID,vision,0.76771194
-egA8-b7-3M$_$20,RESOLVED_VALID,vision,0.7289973
-egA8-b7-3M$_$20,RESOLVED_VALID,vision,0.9569892
-egA8-b7-3M$_$20,RESOLVED_VALID,vision,1.0
-egA8-b7-3M$_$20,RESOLVED_VALID,vision,0.85470086
-egA8-b7-3M$_$20,RESOLVED_VALID,vision,0.8171296
-egA8-b7-3M$_$20,RESOLVED_VALID,vision,1.0
-egA8-b7-3M$_$20,RESOLVED_VALID,vision,0.8193315
-egA8-b7-3M$_$20,RESOLVED_VALID,vision,1.0
-egA8-b7-3M$_$20,RESOLVED_VALID,vision,0.93333334
-egA8-b7-3M$_$20,RESOLVED_VALID,vision,0.8381877
-egA8-b7-3M$_$20,RESOLVED_VALID,vision,0.8509485
-egA8-b7-3M$_$20,RESOLVED_VALID,vision,0.85250735
-egA8-b7-3M$_$20,RESOLVED_VALID,vision,0.67320263
-egA8-b7-3M$_$20,RESOLVED_VALID,vision,0.8198198
-egA8-b7-3M$_$20,RESOLVED_VALID,vision,0.84532094
-egA8-b7-3M$_$26,RESOLVED_VALID,vision,0.81785065
-egA8-b7-3M$_$26,RESOLVED_VALID,vision,0.31225604
-egA8-b7-3M$_$26,RESOLVED_VALID,vision,1.0
-egA8-b7-3M$_$26,RESOLVED_VALID,vision,0.86384976
-egA8-b7-3M$_$26,RESOLVED_VALID,vision,1.0
-egA8-b7-3M$_$26,RESOLVED_VALID,vision,0.774269
-egA8-b7-3M$_$26,RESOLVED_VALID,vision,0.67320263
-egA8-b7-3M$_$26,RESOLVED_VALID,vision,0.8830601
-egA8-b7-3M$_$26,RESOLVED_VALID,vision,0.8763285
-egA8-b7-3M$_$26,RESOLVED_VALID,vision,1.0
-egA8-b7-3M$_$26,RESOLVED_VALID,vision,1.0
-egA8-b7-3M$_$26,RESOLVED_VALID,vision,0.863388
-egA8-b7-3M$_$26,RESOLVED_VALID,vision,0.5027322
-egA8-b7-3M$_$26,RESOLVED_VALID,vision,1.0
-egA8-b7-3M$_$26,RESOLVED_VALID,vision,0.8687664
-egA8-b7-3M$_$6,RESOLVED_VALID,vision,0.7942387
-egA8-b7-3M$_$6,RESOLVED_VALID,vision,0.8190128
-egA8-b7-3M$_$6,RESOLVED_VALID,vision,1.0
-egA8-b7-3M$_$6,RESOLVED_VALID,vision,1.0
-egA8-b7-3M$_$6,RESOLVED_VALID,vision,0.80237156
-egA8-b7-3M$_$6,RESOLVED_VALID,vision,0.7993827
-egA8-b7-3M$_$6,RESOLVED_VALID,vision,0.669967
-egA8-b7-3M$_$6,RESOLVED_VALID,vision,0.85018724
-egA8-b7-3M$_$6,RESOLVED_VALID,vision,1.0
-egA8-b7-3M$_$6,RESOLVED_VALID,vision,0.8349835
-egA8-b7-3M$_$6,RESOLVED_VALID,vision,0.889989
-egA8-b7-3M$_$6,RESOLVED_VALID,vision,0.85018724
-egA8-b7-3M$_$9,RESOLVED_VALID,vision,0.8201439
-egA8-b7-3M$_$9,RESOLVED_VALID,vision,0.82949704
-egA8-b7-3M$_$9,RESOLVED_VALID,vision,0.8370647
-egA8-b7-3M$_$9,RESOLVED_VALID,vision,1.0
-egA8-b7-3M$_$9,RESOLVED_VALID,vision,0.80582523
-egA8-b7-3M$_$9,RESOLVED_VALID,vision,1.0
-egA8-b7-3M$_$9,RESOLVED_VALID,vision,0.8796047
-egA8-b7-3M$_$9,RESOLVED_VALID,vision,1.0
-egA8-b7-3M$_$9,RESOLVED_VALID,vision,0.8460354
-egA8-b7-3M$_$9,RESOLVED_VALID,vision,0.7979798
-hnBHBN8p5A$_$6,UNRESOLVED,vision,0.0
-hnBHBN8p5A$_$6,UNRESOLVED,vision,0.0
-hnBHBN8p5A$_$6,UNRESOLVED,vision,0.0
-hnBHBN8p5A$_$6,UNRESOLVED,vision,0.0
-hnBHBN8p5A$_$6,UNRESOLVED,vision,0.0
-hnBHBN8p5A$_$6,UNRESOLVED,vision,0.0
-hnBHBN8p5A$_$6,UNRESOLVED,vision,0.0
-hnBHBN8p5A$_$6,UNRESOLVED,vision,0.0
-hnBHBN8p5A$_$6,UNRESOLVED,vision,0.0
-hnBHBN8p5A$_$6,UNRESOLVED,vision,0.0
-hnBHBN8p5A$_$6,UNRESOLVED,vision,0.0
-hnBHBN8p5A$_$6,UNRESOLVED,vision,0.0
-hnBHBN8p5A$_$6,UNRESOLVED,vision,0.0
-hnBHBN8p5A$_$7,UNRESOLVED,vision,0.0
-hnBHBN8p5A$_$7,UNRESOLVED,vision,0.0
-hnBHBN8p5A$_$7,UNRESOLVED,vision,0.0
-hnBHBN8p5A$_$7,UNRESOLVED,vision,0.0
-hnBHBN8p5A$_$7,UNRESOLVED,vision,0.0
-hnBHBN8p5A$_$7,UNRESOLVED,vision,0.0
-hnBHBN8p5A$_$7,UNRESOLVED,vision,0.0
-hnBHBN8p5A$_$7,UNRESOLVED,vision,0.0
-hnBHBN8p5A$_$7,UNRESOLVED,vision,0.0
-hnBHBN8p5A$_$7,UNRESOLVED,vision,0.0
-hnBHBN8p5A$_$7,UNRESOLVED,vision,0.0
-hnBHBN8p5A$_$7,UNRESOLVED,vision,0.0
-hnBHBN8p5A$_$7,UNRESOLVED,vision,0.0
-iRBcNs9oI8$_$3,UNRESOLVED,vision,0.0
-iRBcNs9oI8$_$3,UNRESOLVED,vision,0.0
-iRBcNs9oI8$_$3,UNRESOLVED,vision,0.0
-iRBcNs9oI8$_$3,UNRESOLVED,vision,0.0
-iRBcNs9oI8$_$3,UNRESOLVED,vision,0.0
-iRBcNs9oI8$_$3,UNRESOLVED,vision,0.0
-iRBcNs9oI8$_$3,UNRESOLVED,vision,0.0
-iRBcNs9oI8$_$3,UNRESOLVED,vision,0.0
-iRBcNs9oI8$_$6,RESOLVED_CONFLICT,vision,0.0
-iRBcNs9oI8$_$6,RESOLVED_CONFLICT,vision,0.0
-iRBcNs9oI8$_$6,RESOLVED_CONFLICT,vision,0.0
-iRBcNs9oI8$_$6,RESOLVED_CONFLICT,vision,0.0
-iRBcNs9oI8$_$6,RESOLVED_CONFLICT,vision,0.0
-iRBcNs9oI8$_$7,RESOLVED_CONFLICT,vision,0.0
-iRBcNs9oI8$_$7,RESOLVED_CONFLICT,vision,0.0
-iRBcNs9oI8$_$7,RESOLVED_CONFLICT,vision,0.0
-iRBcNs9oI8$_$7,RESOLVED_CONFLICT,vision,0.0
-iRBcNs9oI8$_$7,RESOLVED_CONFLICT,vision,0.0
-iRBcNs9oI8$_$7,RESOLVED_CONFLICT,vision,0.0
-iRBcNs9oI8$_$7,RESOLVED_CONFLICT,vision,0.0
-iRBcNs9oI8$_$7,RESOLVED_CONFLICT,vision,0.0
-iRBcNs9oI8$_$7,RESOLVED_CONFLICT,vision,0.0
-iRBcNs9oI8$_$8,RESOLVED_CONFLICT,vision,0.0
-iRBcNs9oI8$_$8,RESOLVED_CONFLICT,vision,0.0
-iRBcNs9oI8$_$8,RESOLVED_CONFLICT,vision,0.0
-iRBcNs9oI8$_$8,RESOLVED_CONFLICT,vision,0.0
-iRBcNs9oI8$_$8,RESOLVED_CONFLICT,vision,0.0
-iRBcNs9oI8$_$8,RESOLVED_CONFLICT,vision,0.0
-iRBcNs9oI8$_$8,RESOLVED_CONFLICT,vision,0.0
-iRBcNs9oI8$_$8,RESOLVED_CONFLICT,vision,0.0
-iRBcNs9oI8$_$8,RESOLVED_CONFLICT,vision,0.0
-iRBcNs9oI8$_$8,RESOLVED_CONFLICT,vision,0.0
-iRBcNs9oI8$_$8,RESOLVED_CONFLICT,vision,0.0
-iRBcNs9oI8$_$8,RESOLVED_CONFLICT,vision,0.0
-iRBcNs9oI8$_$8,RESOLVED_CONFLICT,vision,0.0
-iRBcNs9oI8$_$8,RESOLVED_CONFLICT,vision,0.0
-iRBcNs9oI8$_$8,RESOLVED_CONFLICT,vision,0.0
-iRBcNs9oI8$_$8,RESOLVED_CONFLICT,vision,0.0
-iRBcNs9oI8$_$8,RESOLVED_CONFLICT,vision,0.0
-iRBcNs9oI8$_$8,RESOLVED_CONFLICT,vision,0.0
-iRBcNs9oI8$_$8,RESOLVED_CONFLICT,vision,0.0
-iRBcNs9oI8$_$8,RESOLVED_CONFLICT,vision,0.0
-iRBcNs9oI8$_$8,RESOLVED_CONFLICT,vision,0.0
-iRBcNs9oI8$_$9,UNRESOLVED,vision,0.0
-iRBcNs9oI8$_$9,UNRESOLVED,vision,0.0
-iRBcNs9oI8$_$9,UNRESOLVED,vision,0.0
-iRBcNs9oI8$_$9,UNRESOLVED,vision,0.0
-iRBcNs9oI8$_$9,UNRESOLVED,vision,0.0
-lzEya4AM_4$_$5,RESOLVED_VALID,vision,0.5884774
-lzEya4AM_4$_$5,RESOLVED_VALID,vision,1.0
-lzEya4AM_4$_$5,RESOLVED_VALID,vision,0.7434842
-lzEya4AM_4$_$5,RESOLVED_VALID,vision,0.8357964
-lzEya4AM_4$_$5,RESOLVED_VALID,vision,0.7652582
-lzEya4AM_4$_$5,RESOLVED_VALID,vision,0.87089205
-lzEya4AM_4$_$5,RESOLVED_VALID,vision,1.0
-lzEya4AM_4$_$5,RESOLVED_VALID,vision,0.8168498
-lzEya4AM_4$_$5,RESOLVED_VALID,vision,0.8168498
-lzEya4AM_4$_$5,RESOLVED_VALID,vision,0.8239437
-lzEya4AM_4$_$5,RESOLVED_VALID,vision,0.829932
-lzEya4AM_4$_$5,RESOLVED_VALID,vision,0.8357964
-lzEya4AM_4$_$5,RESOLVED_VALID,vision,0.5884774
-lzEya4AM_4$_$5,RESOLVED_VALID,vision,0.8357964
-lzEya4AM_4$_$5,RESOLVED_VALID,vision,0.7942387
-lzEya4AM_4$_$5,RESOLVED_VALID,vision,1.0
-lzEya4AM_4$_$5,RESOLVED_VALID,vision,0.9207921
-lzEya4AM_4$_$5,RESOLVED_VALID,vision,0.7942387
-lzEya4AM_4$_$5,RESOLVED_VALID,vision,0.863388
-lzEya4AM_4$_$6,RESOLVED_VALID,vision,0.60833335
-lzEya4AM_4$_$6,RESOLVED_VALID,vision,0.669967
-lzEya4AM_4$_$6,RESOLVED_VALID,vision,0.83374894
-lzEya4AM_4$_$6,RESOLVED_VALID,vision,0.75
-lzEya4AM_4$_$6,RESOLVED_VALID,vision,0.14612955
-lzEya4AM_4$_$6,RESOLVED_VALID,vision,0.0
-lzEya4AM_4$_$6,RESOLVED_VALID,vision,0.0
-lzEya4AM_4$_$6,RESOLVED_VALID,vision,0.55151516
-lzEya4AM_4$_$6,RESOLVED_VALID,vision,0.62777776
-lzEya4AM_4$_$6,RESOLVED_VALID,vision,0.8256705
-lzEya4AM_4$_$6,RESOLVED_VALID,vision,0.82502186
-lzEya4AM_4$_$6,RESOLVED_VALID,vision,1.0
-lzEya4AM_4$_$6,RESOLVED_VALID,vision,0.7830803
-lzEya4AM_4$_$6,RESOLVED_VALID,vision,0.8254799
-lzEya4AM_4$_$6,RESOLVED_VALID,vision,1.0
-lzEya4AM_4$_$6,RESOLVED_VALID,vision,0.7619048
-lzEya4AM_4$_$6,RESOLVED_VALID,vision,0.79296064
-lzEya4AM_4$_$6,RESOLVED_VALID,vision,0.8158379
-lzEya4AM_4$_$6,RESOLVED_VALID,vision,1.0
-lzEya4AM_4$_$6,RESOLVED_VALID,vision,0.889258
-lzEya4AM_4$_$6,RESOLVED_VALID,vision,0.83416253
-lzEya4AM_4$_$6,RESOLVED_VALID,vision,1.0
-lzEya4AM_4$_$6,RESOLVED_VALID,vision,0.82502186
-lzEya4AM_4$_$6,RESOLVED_VALID,vision,0.7972222
-lzEya4AM_4$_$6,RESOLVED_VALID,vision,1.0
-lzEya4AM_4$_$6,RESOLVED_VALID,vision,0.7491749
-lzEya4AM_4$_$6,RESOLVED_VALID,vision,0.89012
-lzEya4AM_4$_$6,RESOLVED_VALID,vision,0.881376
-lzEya4AM_4$_$6,RESOLVED_VALID,vision,0.9
-lzEya4AM_4$_$6,RESOLVED_VALID,vision,1.0
-lzEya4AM_4$_$6,RESOLVED_VALID,vision,0.96428573
-lzEya4AM_4$_$6,RESOLVED_VALID,vision,0.79240805
-lzEya4AM_4$_$6,RESOLVED_VALID,vision,1.0
-lzEya4AM_4$_$6,RESOLVED_VALID,vision,0.7619048
-lzEya4AM_4$_$6,RESOLVED_VALID,vision,0.8722861
-lzEya4AM_4$_$6,RESOLVED_VALID,vision,0.9048938
-lzEya4AM_4$_$6,RESOLVED_VALID,vision,0.75308645
-lzEya4AM_4$_$6,RESOLVED_VALID,vision,0.79231566
-lzEya4AM_4$_$6,RESOLVED_VALID,vision,1.0
-lzEya4AM_4$_$6,RESOLVED_VALID,vision,0.7875
-lzEya4AM_4$_$6,RESOLVED_VALID,vision,0.7245179
-lzEya4AM_4$_$6,RESOLVED_VALID,vision,0.8333333
-lzEya4AM_4$_$6,RESOLVED_VALID,vision,0.6666667
-mJ2ud6oKI8$_$1,RESOLVED_MISSING,vision,0.0
-mJ2ud6oKI8$_$1,RESOLVED_MISSING,vision,0.0
-mJ2ud6oKI8$_$1,RESOLVED_MISSING,vision,0.0
-mJ2ud6oKI8$_$1,RESOLVED_MISSING,vision,0.0
-mJ2ud6oKI8$_$1,RESOLVED_MISSING,vision,0.0
-mJ2ud6oKI8$_$1,RESOLVED_MISSING,vision,0.0
-mJ2ud6oKI8$_$1,RESOLVED_MISSING,vision,0.0
-mJ2ud6oKI8$_$1,RESOLVED_MISSING,vision,0.0
-mJ2ud6oKI8$_$1,RESOLVED_MISSING,vision,0.0
-mJ2ud6oKI8$_$1,RESOLVED_MISSING,vision,0.0
-mJ2ud6oKI8$_$1,RESOLVED_MISSING,vision,0.0
-mJ2ud6oKI8$_$1,RESOLVED_MISSING,vision,0.0
-mJ2ud6oKI8$_$1,RESOLVED_MISSING,vision,0.0
-mJ2ud6oKI8$_$2,RESOLVED_CONFLICT,vision,0.0
-mJ2ud6oKI8$_$2,RESOLVED_CONFLICT,vision,0.0
-mJ2ud6oKI8$_$2,RESOLVED_CONFLICT,vision,0.0
-mJ2ud6oKI8$_$2,RESOLVED_CONFLICT,vision,0.0
-mJ2ud6oKI8$_$2,RESOLVED_CONFLICT,vision,0.0
-mJ2ud6oKI8$_$2,RESOLVED_CONFLICT,vision,0.0
-mJ2ud6oKI8$_$2,RESOLVED_CONFLICT,vision,0.0
-mJ2ud6oKI8$_$2,RESOLVED_CONFLICT,vision,0.0
-mJ2ud6oKI8$_$2,RESOLVED_CONFLICT,vision,0.0
-mJ2ud6oKI8$_$2,RESOLVED_CONFLICT,vision,0.0
-mJ2ud6oKI8$_$2,RESOLVED_CONFLICT,vision,0.0
-mJ2ud6oKI8$_$6,UNRESOLVED,vision,0.0
-mJ2ud6oKI8$_$6,UNRESOLVED,vision,0.0
-mJ2ud6oKI8$_$6,UNRESOLVED,vision,0.0
-mJ2ud6oKI8$_$6,UNRESOLVED,vision,0.0
-mJ2ud6oKI8$_$6,UNRESOLVED,vision,0.0
-mJ2ud6oKI8$_$8,UNRESOLVED,vision,0.0
-mJ2ud6oKI8$_$8,UNRESOLVED,vision,0.0
-mJ2ud6oKI8$_$8,UNRESOLVED,vision,0.0
-mJ2ud6oKI8$_$8,UNRESOLVED,vision,0.0
-mJ2ud6oKI8$_$8,UNRESOLVED,vision,0.0
-mJ2ud6oKI8$_$8,UNRESOLVED,vision,0.0
-mJ2ud6oKI8$_$8,UNRESOLVED,vision,0.0
-mJ2ud6oKI8$_$8,UNRESOLVED,vision,0.0
-mJ2ud6oKI8$_$8,UNRESOLVED,vision,0.0
-mJ2ud6oKI8$_$8,UNRESOLVED,vision,0.0
-mJ2ud6oKI8$_$8,UNRESOLVED,vision,0.0
-mJ2ud6oKI8$_$9,UNRESOLVED,vision,0.0
-mJ2ud6oKI8$_$9,UNRESOLVED,vision,0.0
-mJ2ud6oKI8$_$9,UNRESOLVED,vision,0.0
-mJ2ud6oKI8$_$9,UNRESOLVED,vision,0.0
-mJ2ud6oKI8$_$9,UNRESOLVED,vision,0.0
-mJ2ud6oKI8$_$9,UNRESOLVED,vision,0.0
-mJ2ud6oKI8$_$9,UNRESOLVED,vision,0.0
-mJ2ud6oKI8$_$9,UNRESOLVED,vision,0.0
-mJ2ud6oKI8$_$9,UNRESOLVED,vision,0.0
-mJ2ud6oKI8$_$9,UNRESOLVED,vision,0.0
-mJ2ud6oKI8$_$9,UNRESOLVED,vision,0.0
-mJ2ud6oKI8$_$9,UNRESOLVED,vision,0.0
-mJ2ud6oKI8$_$9,UNRESOLVED,vision,0.0
-mJ2ud6oKI8$_$9,UNRESOLVED,vision,0.0
-mJ2ud6oKI8$_$9,UNRESOLVED,vision,0.0
-mJ2ud6oKI8$_$9,UNRESOLVED,vision,0.0
-mJ2ud6oKI8$_$9,UNRESOLVED,vision,0.0
-mJ2ud6oKI8$_$9,UNRESOLVED,vision,0.0
-mJ2ud6oKI8$_$9,UNRESOLVED,vision,0.0
-mJ2ud6oKI8$_$9,UNRESOLVED,vision,0.0
-mJ2ud6oKI8$_$9,UNRESOLVED,vision,0.0
-mJ2ud6oKI8$_$9,UNRESOLVED,vision,0.0
-mqbVkbCndg$_$0,RESOLVED_PARTIAL,vision,0.76608187
-mqbVkbCndg$_$0,RESOLVED_PARTIAL,vision,1.0
-mqbVkbCndg$_$0,RESOLVED_PARTIAL,vision,0.46341464
-mqbVkbCndg$_$0,RESOLVED_PARTIAL,vision,0.831758
-mqbVkbCndg$_$0,RESOLVED_PARTIAL,vision,0.818347
-mqbVkbCndg$_$0,RESOLVED_PARTIAL,vision,0.5934959
-mqbVkbCndg$_$0,RESOLVED_PARTIAL,vision,0.82316536
-mqbVkbCndg$_$0,RESOLVED_PARTIAL,vision,0.8366013
-mqbVkbCndg$_$0,RESOLVED_PARTIAL,vision,0.67320263
-mqbVkbCndg$_$0,RESOLVED_PARTIAL,vision,0.83299935
-mqbVkbCndg$_$0,RESOLVED_PARTIAL,vision,0.74404764
-mqbVkbCndg$_$0,RESOLVED_PARTIAL,vision,0.84423673
-qDkUB0GgYY$_$6,RESOLVED_VALID,vision,0.67320263
-qDkUB0GgYY$_$6,RESOLVED_VALID,vision,0.863388
-qDkUB0GgYY$_$6,RESOLVED_VALID,vision,0.9107468
-qDkUB0GgYY$_$6,RESOLVED_VALID,vision,1.0
-qDkUB0GgYY$_$6,RESOLVED_VALID,vision,0.7652582
-qDkUB0GgYY$_$6,RESOLVED_VALID,vision,1.0
-qDkUB0GgYY$_$6,RESOLVED_VALID,vision,0.77428997
-qDkUB0GgYY$_$6,RESOLVED_VALID,vision,0.8102467
-qDkUB0GgYY$_$6,RESOLVED_VALID,vision,1.0
-qDkUB0GgYY$_$6,RESOLVED_VALID,vision,0.81785065
-qDkUB0GgYY$_$6,RESOLVED_VALID,vision,0.71666664
-qDkUB0GgYY$_$6,RESOLVED_VALID,vision,0.7652582
-qDkUB0GgYY$_$6,RESOLVED_VALID,vision,1.0
-qDkUB0GgYY$_$6,RESOLVED_VALID,vision,0.73224044
-qDkUB0GgYY$_$6,RESOLVED_VALID,vision,1.0
-qDkUB0GgYY$_$6,RESOLVED_VALID,vision,0.8737374
-ri04Z7vwnc$_$0,RESOLVED_MISSING,vision,0.0
-ri04Z7vwnc$_$0,RESOLVED_MISSING,vision,0.0
-ri04Z7vwnc$_$0,RESOLVED_MISSING,vision,0.0
-ri04Z7vwnc$_$0,RESOLVED_MISSING,vision,0.0
-ri04Z7vwnc$_$0,RESOLVED_MISSING,vision,0.0
-ri04Z7vwnc$_$0,RESOLVED_MISSING,vision,0.0
-ri04Z7vwnc$_$0,RESOLVED_MISSING,vision,0.0
-ri04Z7vwnc$_$0,RESOLVED_MISSING,vision,0.0
-ri04Z7vwnc$_$2,UNRESOLVED,vision,0.0
-ri04Z7vwnc$_$2,UNRESOLVED,vision,0.0
-ri04Z7vwnc$_$2,UNRESOLVED,vision,0.0
-ri04Z7vwnc$_$2,UNRESOLVED,vision,0.0
-ri04Z7vwnc$_$2,UNRESOLVED,vision,0.0
-ri04Z7vwnc$_$2,UNRESOLVED,vision,0.0
-ri04Z7vwnc$_$2,UNRESOLVED,vision,0.0
-ri04Z7vwnc$_$2,UNRESOLVED,vision,0.0
-ri04Z7vwnc$_$2,UNRESOLVED,vision,0.0
-ri04Z7vwnc$_$2,UNRESOLVED,vision,0.0
-ri04Z7vwnc$_$2,UNRESOLVED,vision,0.0
-ri04Z7vwnc$_$2,UNRESOLVED,vision,0.0
-ri04Z7vwnc$_$2,UNRESOLVED,vision,0.0
-ri04Z7vwnc$_$2,UNRESOLVED,vision,0.0
-ri04Z7vwnc$_$2,UNRESOLVED,vision,0.0
-ri04Z7vwnc$_$2,UNRESOLVED,vision,0.0
-ri04Z7vwnc$_$5,RESOLVED_CONFLICT,vision,0.0
-ri04Z7vwnc$_$5,RESOLVED_CONFLICT,vision,0.0
-ri04Z7vwnc$_$5,RESOLVED_CONFLICT,vision,0.0
-ri04Z7vwnc$_$5,RESOLVED_CONFLICT,vision,0.0
-ri04Z7vwnc$_$5,RESOLVED_CONFLICT,vision,0.0
-ri04Z7vwnc$_$5,RESOLVED_CONFLICT,vision,0.0
-ri04Z7vwnc$_$5,RESOLVED_CONFLICT,vision,0.0
-ri04Z7vwnc$_$5,RESOLVED_CONFLICT,vision,0.0
-ri04Z7vwnc$_$5,RESOLVED_CONFLICT,vision,0.0
-s9qJ7ATP7w$_$0,UNRESOLVED,vision,0.0
-s9qJ7ATP7w$_$0,UNRESOLVED,vision,0.0
-s9qJ7ATP7w$_$0,UNRESOLVED,vision,0.0
-s9qJ7ATP7w$_$0,UNRESOLVED,vision,0.0
-s9qJ7ATP7w$_$0,UNRESOLVED,vision,0.0
-s9qJ7ATP7w$_$0,UNRESOLVED,vision,0.0
-s9qJ7ATP7w$_$0,UNRESOLVED,vision,0.0
-s9qJ7ATP7w$_$0,UNRESOLVED,vision,0.0
-s9qJ7ATP7w$_$0,UNRESOLVED,vision,0.0
-s9qJ7ATP7w$_$0,UNRESOLVED,vision,0.0
-s9qJ7ATP7w$_$0,UNRESOLVED,vision,0.0
-s9qJ7ATP7w$_$0,UNRESOLVED,vision,0.0
-s9qJ7ATP7w$_$0,UNRESOLVED,vision,0.0
-s9qJ7ATP7w$_$0,UNRESOLVED,vision,0.0
-s9qJ7ATP7w$_$0,UNRESOLVED,vision,0.0
-s9qJ7ATP7w$_$0,UNRESOLVED,vision,0.0
-s9qJ7ATP7w$_$0,UNRESOLVED,vision,0.0
-s9qJ7ATP7w$_$0,UNRESOLVED,vision,0.0
-s9qJ7ATP7w$_$0,UNRESOLVED,vision,0.0
-s9qJ7ATP7w$_$0,UNRESOLVED,vision,0.0
-s9qJ7ATP7w$_$0,UNRESOLVED,vision,0.0
-s9qJ7ATP7w$_$0,UNRESOLVED,vision,0.0
-s9qJ7ATP7w$_$0,UNRESOLVED,vision,0.0
-s9qJ7ATP7w$_$0,UNRESOLVED,vision,0.0
-s9qJ7ATP7w$_$1,RESOLVED_PARTIAL,vision,0.0
-s9qJ7ATP7w$_$1,RESOLVED_PARTIAL,vision,0.0
-s9qJ7ATP7w$_$1,RESOLVED_PARTIAL,vision,0.0
-s9qJ7ATP7w$_$1,RESOLVED_PARTIAL,vision,0.0
-s9qJ7ATP7w$_$1,RESOLVED_PARTIAL,vision,0.0
-s9qJ7ATP7w$_$1,RESOLVED_PARTIAL,vision,0.0
-s9qJ7ATP7w$_$1,RESOLVED_PARTIAL,vision,0.0
-s9qJ7ATP7w$_$1,RESOLVED_PARTIAL,vision,0.0
-s9qJ7ATP7w$_$1,RESOLVED_PARTIAL,vision,0.86084145
-s9qJ7ATP7w$_$1,RESOLVED_PARTIAL,vision,0.59839356
-s9qJ7ATP7w$_$1,RESOLVED_PARTIAL,vision,0.8531571
-s9qJ7ATP7w$_$4,RESOLVED_PARTIAL,vision,0.0
-s9qJ7ATP7w$_$4,RESOLVED_PARTIAL,vision,0.0
-s9qJ7ATP7w$_$4,RESOLVED_PARTIAL,vision,0.0
-s9qJ7ATP7w$_$4,RESOLVED_PARTIAL,vision,0.0
-s9qJ7ATP7w$_$4,RESOLVED_PARTIAL,vision,0.0
-s9qJ7ATP7w$_$4,RESOLVED_PARTIAL,vision,0.0
-s9qJ7ATP7w$_$4,RESOLVED_PARTIAL,vision,0.0
-s9qJ7ATP7w$_$4,RESOLVED_PARTIAL,vision,0.08032128
-s9qJ7ATP7w$_$4,RESOLVED_PARTIAL,vision,0.8307953
-s9qJ7ATP7w$_$5,RESOLVED_PARTIAL,vision,1.0
-s9qJ7ATP7w$_$5,RESOLVED_PARTIAL,vision,0.8139881
-s9qJ7ATP7w$_$5,RESOLVED_PARTIAL,vision,0.795501
-s9qJ7ATP7w$_$5,RESOLVED_PARTIAL,vision,0.78479534
-s9qJ7ATP7w$_$5,RESOLVED_PARTIAL,vision,0.72677594
-s9qJ7ATP7w$_$5,RESOLVED_PARTIAL,vision,1.0
-s9qJ7ATP7w$_$5,RESOLVED_PARTIAL,vision,0.8357964
-s9qJ7ATP7w$_$5,RESOLVED_PARTIAL,vision,0.8039216
-s9qJ7ATP7w$_$5,RESOLVED_PARTIAL,vision,0.7642276
-s9qJ7ATP7w$_$5,RESOLVED_PARTIAL,vision,0.81460136
-s9qJ7ATP7w$_$5,RESOLVED_PARTIAL,vision,0.72677594
-s9qJ7ATP7w$_$5,RESOLVED_PARTIAL,vision,0.72677594
-s9qJ7ATP7w$_$5,RESOLVED_PARTIAL,vision,0.795501
-s9qJ7ATP7w$_$5,RESOLVED_PARTIAL,vision,0.8169935
-s9qJ7ATP7w$_$5,RESOLVED_PARTIAL,vision,1.0
-s9qJ7ATP7w$_$5,RESOLVED_PARTIAL,vision,0.78869045
-s9qJ7ATP7w$_$5,RESOLVED_PARTIAL,vision,0.8737374
-s9qJ7ATP7w$_$5,RESOLVED_PARTIAL,vision,0.91820043
-s9qJ7ATP7w$_$5,RESOLVED_PARTIAL,vision,1.0
-s9qJ7ATP7w$_$6,RESOLVED_VALID,vision,0.22585669
-s9qJ7ATP7w$_$6,RESOLVED_VALID,vision,0.68217057
-s9qJ7ATP7w$_$6,RESOLVED_VALID,vision,1.0
-s9qJ7ATP7w$_$6,RESOLVED_VALID,vision,0.91333336
-s9qJ7ATP7w$_$6,RESOLVED_VALID,vision,0.8146418
-s9qJ7ATP7w$_$7,UNRESOLVED,vision,0.0
-s9qJ7ATP7w$_$7,UNRESOLVED,vision,0.0
-s9qJ7ATP7w$_$7,UNRESOLVED,vision,0.0
-s9qJ7ATP7w$_$7,UNRESOLVED,vision,0.0
-s9qJ7ATP7w$_$7,UNRESOLVED,vision,0.0
-s9qJ7ATP7w$_$7,UNRESOLVED,vision,0.0
-s9qJ7ATP7w$_$7,UNRESOLVED,vision,0.0
-s9qJ7ATP7w$_$7,UNRESOLVED,vision,0.0
-s9qJ7ATP7w$_$7,UNRESOLVED,vision,0.0
-s9qJ7ATP7w$_$7,UNRESOLVED,vision,0.0
-s9qJ7ATP7w$_$7,UNRESOLVED,vision,0.0
-s9qJ7ATP7w$_$7,UNRESOLVED,vision,0.0
-s9qJ7ATP7w$_$7,UNRESOLVED,vision,0.0
-s9qJ7ATP7w$_$7,UNRESOLVED,vision,0.0
-s9qJ7ATP7w$_$7,UNRESOLVED,vision,0.0
-s9qJ7ATP7w$_$7,UNRESOLVED,vision,0.0
-s9qJ7ATP7w$_$7,UNRESOLVED,vision,0.0
-s9qJ7ATP7w$_$7,UNRESOLVED,vision,0.0
-s9qJ7ATP7w$_$7,UNRESOLVED,vision,0.0
-s9qJ7ATP7w$_$7,UNRESOLVED,vision,0.0
-s9qJ7ATP7w$_$7,UNRESOLVED,vision,0.0
-s9qJ7ATP7w$_$7,UNRESOLVED,vision,0.0
-s9qJ7ATP7w$_$7,UNRESOLVED,vision,0.0
-s9qJ7ATP7w$_$7,UNRESOLVED,vision,0.0
-s9qJ7ATP7w$_$7,UNRESOLVED,vision,0.0
-s9qJ7ATP7w$_$7,UNRESOLVED,vision,0.0
-s9qJ7ATP7w$_$7,UNRESOLVED,vision,0.0
-s9qJ7ATP7w$_$7,UNRESOLVED,vision,0.0
-s9qJ7ATP7w$_$8,RESOLVED_PARTIAL,vision,0.0
-s9qJ7ATP7w$_$8,RESOLVED_PARTIAL,vision,0.0
-s9qJ7ATP7w$_$8,RESOLVED_PARTIAL,vision,0.0
-s9qJ7ATP7w$_$8,RESOLVED_PARTIAL,vision,0.0
-s9qJ7ATP7w$_$8,RESOLVED_PARTIAL,vision,0.0
-s9qJ7ATP7w$_$8,RESOLVED_PARTIAL,vision,0.0
-s9qJ7ATP7w$_$8,RESOLVED_PARTIAL,vision,0.0
-s9qJ7ATP7w$_$8,RESOLVED_PARTIAL,vision,0.42105263
-s9qJ7ATP7w$_$8,RESOLVED_PARTIAL,vision,0.0
-s9qJ7ATP7w$_$8,RESOLVED_PARTIAL,vision,0.0
-s9qJ7ATP7w$_$8,RESOLVED_PARTIAL,vision,0.0
-s9qJ7ATP7w$_$8,RESOLVED_PARTIAL,vision,0.0
-s9qJ7ATP7w$_$8,RESOLVED_PARTIAL,vision,0.8207885
-t217m2on-s$_$2,RESOLVED_VALID,vision,0.8498498
-t217m2on-s$_$2,RESOLVED_VALID,vision,0.7844828
-t217m2on-s$_$2,RESOLVED_VALID,vision,0.8132388
-t217m2on-s$_$2,RESOLVED_VALID,vision,1.0
-t217m2on-s$_$2,RESOLVED_VALID,vision,0.6875
-t217m2on-s$_$2,RESOLVED_VALID,vision,1.0
-t217m2on-s$_$2,RESOLVED_VALID,vision,0.9506173
-t217m2on-s$_$2,RESOLVED_VALID,vision,0.8220188
-t217m2on-s$_$2,RESOLVED_VALID,vision,0.8259356
-t217m2on-s$_$2,RESOLVED_VALID,vision,0.862259
-t217m2on-s$_$2,RESOLVED_VALID,vision,0.5884774
-t217m2on-s$_$2,RESOLVED_VALID,vision,0.82300884
-t217m2on-s$_$7,RESOLVED_VALID,vision,0.44444445
-t217m2on-s$_$7,RESOLVED_VALID,vision,0.855792
-t217m2on-s$_$7,RESOLVED_VALID,vision,0.8817967
-t217m2on-s$_$7,RESOLVED_VALID,vision,0.8158379
-t217m2on-s$_$7,RESOLVED_VALID,vision,0.96066254
-t217m2on-s$_$7,RESOLVED_VALID,vision,0.7742317
-t217m2on-s$_$7,RESOLVED_VALID,vision,0.834779
-t217m2on-s$_$7,RESOLVED_VALID,vision,0.79296064
-t217m2on-s$_$7,RESOLVED_VALID,vision,0.83416253
-t217m2on-s$_$7,RESOLVED_VALID,vision,1.0
-t217m2on-s$_$7,RESOLVED_VALID,vision,0.669967
-t217m2on-s$_$7,RESOLVED_VALID,vision,0.8056365
-t217m2on-s$_$7,RESOLVED_VALID,vision,0.8089669
-t217m2on-s$_$7,RESOLVED_VALID,vision,0.7245179
-t217m2on-s$_$7,RESOLVED_VALID,vision,0.889989
-t217m2on-s$_$7,RESOLVED_VALID,vision,0.8168498
-t217m2on-s$_$7,RESOLVED_VALID,vision,0.79360163
-t217m2on-s$_$7,RESOLVED_VALID,vision,0.84869975
-t217m2on-s$_$7,RESOLVED_VALID,vision,1.0
-t217m2on-s$_$7,RESOLVED_VALID,vision,0.7942387
-t217m2on-s$_$7,RESOLVED_VALID,vision,1.0
-t217m2on-s$_$7,RESOLVED_VALID,vision,0.8627451
-t217m2on-s$_$7,RESOLVED_VALID,vision,0.7844828
-t217m2on-s$_$7,RESOLVED_VALID,vision,0.8158379
-t217m2on-s$_$7,RESOLVED_VALID,vision,0.8449612
-t217m2on-s$_$7,RESOLVED_VALID,vision,0.9
-t217m2on-s$_$7,RESOLVED_VALID,vision,0.8168498
-t217m2on-s$_$7,RESOLVED_VALID,vision,0.669967
-t217m2on-s$_$7,RESOLVED_VALID,vision,0.79360163
-t217m2on-s$_$7,RESOLVED_VALID,vision,0.8349835
-t217m2on-s$_$7,RESOLVED_VALID,vision,1.0
-t217m2on-s$_$7,RESOLVED_VALID,vision,1.0
-t217m2on-s$_$7,RESOLVED_VALID,vision,0.79360163
-t217m2on-s$_$7,RESOLVED_VALID,vision,0.82905984
-t217m2on-s$_$7,RESOLVED_VALID,vision,1.0
-t217m2on-s$_$7,RESOLVED_VALID,vision,0.0
-t217m2on-s$_$7,RESOLVED_VALID,vision,0.8423956
-t217m2on-s$_$7,RESOLVED_VALID,vision,0.82300884
-t217m2on-s$_$7,RESOLVED_VALID,vision,0.7942387
-t217m2on-s$_$7,RESOLVED_VALID,vision,0.7245179
-t217m2on-s$_$7,RESOLVED_VALID,vision,0.8349835
-t217m2on-s$_$7,RESOLVED_VALID,vision,0.7942387
-t217m2on-s$_$7,RESOLVED_VALID,vision,0.8111111
-t217m2on-s$_$7,RESOLVED_VALID,vision,0.83416253
-t217m2on-s$_$7,RESOLVED_VALID,vision,0.79296064
-tANM6ETl_M$_$3,RESOLVED_VALID,vision,0.67320263
-tANM6ETl_M$_$3,RESOLVED_VALID,vision,0.82983685
-tANM6ETl_M$_$3,RESOLVED_VALID,vision,0.8914224
-tANM6ETl_M$_$3,RESOLVED_VALID,vision,1.0
-tANM6ETl_M$_$3,RESOLVED_VALID,vision,0.7451852
-tANM6ETl_M$_$3,RESOLVED_VALID,vision,0.81884056
-tANM6ETl_M$_$3,RESOLVED_VALID,vision,0.76689976
-tANM6ETl_M$_$3,RESOLVED_VALID,vision,1.0
-tANM6ETl_M$_$3,RESOLVED_VALID,vision,0.8464223
-tANM6ETl_M$_$3,RESOLVED_VALID,vision,1.0
-tANM6ETl_M$_$3,RESOLVED_VALID,vision,1.0
-tANM6ETl_M$_$3,RESOLVED_VALID,vision,0.8198859
-tANM6ETl_M$_$3,RESOLVED_VALID,vision,0.8821138
-tANM6ETl_M$_$3,RESOLVED_VALID,vision,0.7937025
-tANM6ETl_M$_$3,RESOLVED_VALID,vision,0.8913044
-tANM6ETl_M$_$3,RESOLVED_VALID,vision,1.0
-tANM6ETl_M$_$3,RESOLVED_VALID,vision,0.67400163
-tANM6ETl_M$_$3,RESOLVED_VALID,vision,0.46341464
-tANM6ETl_M$_$3,RESOLVED_VALID,vision,0.6227642
-tANM6ETl_M$_$3,RESOLVED_VALID,vision,0.14814815
-tANM6ETl_M$_$3,RESOLVED_VALID,vision,0.8834499
-tANM6ETl_M$_$3,RESOLVED_VALID,vision,0.6885246
-tPCytz4rww$_$10,RESOLVED_VALID,vision,0.95731705
-tPCytz4rww$_$10,RESOLVED_VALID,vision,0.8671679
-tPCytz4rww$_$10,RESOLVED_VALID,vision,0.8281787
-tPCytz4rww$_$10,RESOLVED_VALID,vision,0.84761906
-tPCytz4rww$_$10,RESOLVED_VALID,vision,0.7419355
-tPCytz4rww$_$10,RESOLVED_VALID,vision,0.795501
-tPCytz4rww$_$10,RESOLVED_VALID,vision,0.7777778
-tPCytz4rww$_$10,RESOLVED_VALID,vision,1.0
-tPCytz4rww$_$10,RESOLVED_VALID,vision,0.8084291
-tPCytz4rww$_$10,RESOLVED_VALID,vision,0.8644986
-tPCytz4rww$_$10,RESOLVED_VALID,vision,0.8130081
-tPCytz4rww$_$10,RESOLVED_VALID,vision,0.7911111
-tPCytz4rww$_$11,RESOLVED_VALID,vision,0.795501
-tPCytz4rww$_$11,RESOLVED_VALID,vision,0.795501
-tPCytz4rww$_$11,RESOLVED_VALID,vision,0.67320263
-tPCytz4rww$_$11,RESOLVED_VALID,vision,0.8366013
-tPCytz4rww$_$11,RESOLVED_VALID,vision,0.8366013
-tPCytz4rww$_$11,RESOLVED_VALID,vision,0.81984586
-tPCytz4rww$_$11,RESOLVED_VALID,vision,0.7289973
-tPCytz4rww$_$11,RESOLVED_VALID,vision,0.67320263
-tPCytz4rww$_$11,RESOLVED_VALID,vision,0.83468837
-tPCytz4rww$_$11,RESOLVED_VALID,vision,0.8366013
-tPCytz4rww$_$11,RESOLVED_VALID,vision,0.67320263
-tPCytz4rww$_$11,RESOLVED_VALID,vision,0.8756371
-tPCytz4rww$_$11,RESOLVED_VALID,vision,1.0
-tPCytz4rww$_$11,RESOLVED_VALID,vision,0.85578233
-tPCytz4rww$_$11,RESOLVED_VALID,vision,0.81785065
-tPCytz4rww$_$11,RESOLVED_VALID,vision,0.85119045
-tPCytz4rww$_$11,RESOLVED_VALID,vision,0.83435583
-tPCytz4rww$_$12,RESOLVED_VALID,vision,0.7245179
-tPCytz4rww$_$12,RESOLVED_VALID,vision,0.8168498
-tPCytz4rww$_$12,RESOLVED_VALID,vision,0.7635934
-tPCytz4rww$_$12,RESOLVED_VALID,vision,0.80985916
-tPCytz4rww$_$12,RESOLVED_VALID,vision,0.8349835
-tPCytz4rww$_$12,RESOLVED_VALID,vision,0.85048014
-tPCytz4rww$_$12,RESOLVED_VALID,vision,0.79296064
-tPCytz4rww$_$12,RESOLVED_VALID,vision,0.8148148
-tPCytz4rww$_$12,RESOLVED_VALID,vision,0.7986799
-tPCytz4rww$_$12,RESOLVED_VALID,vision,1.0
-tPCytz4rww$_$12,RESOLVED_VALID,vision,0.84589946
-tPCytz4rww$_$12,RESOLVED_VALID,vision,0.92286503
-tPCytz4rww$_$12,RESOLVED_VALID,vision,0.8442244
-tPCytz4rww$_$12,RESOLVED_VALID,vision,0.8168498
-tPCytz4rww$_$12,RESOLVED_VALID,vision,0.8168498
-tPCytz4rww$_$12,RESOLVED_VALID,vision,0.5884774
-tPCytz4rww$_$12,RESOLVED_VALID,vision,0.8625429
-tPCytz4rww$_$12,RESOLVED_VALID,vision,1.0
-tPCytz4rww$_$12,RESOLVED_VALID,vision,0.83109117
-tPCytz4rww$_$12,RESOLVED_VALID,vision,0.9787234
-tPCytz4rww$_$12,RESOLVED_VALID,vision,0.8062016
-tPCytz4rww$_$12,RESOLVED_VALID,vision,0.9794239
-tPCytz4rww$_$12,RESOLVED_VALID,vision,0.84950495
-tPCytz4rww$_$12,RESOLVED_VALID,vision,0.92671394
-tPCytz4rww$_$12,RESOLVED_VALID,vision,0.8168498
-tPCytz4rww$_$12,RESOLVED_VALID,vision,0.8095238
-tPCytz4rww$_$16,RESOLVED_VALID,vision,0.8085399
-tPCytz4rww$_$16,RESOLVED_VALID,vision,0.82098764
-tPCytz4rww$_$16,RESOLVED_VALID,vision,0.74738413
-tPCytz4rww$_$16,RESOLVED_VALID,vision,0.8464912
-tPCytz4rww$_$16,RESOLVED_VALID,vision,0.7245179
-tPCytz4rww$_$16,RESOLVED_VALID,vision,1.0
-tPCytz4rww$_$16,RESOLVED_VALID,vision,0.86580086
-tPCytz4rww$_$16,RESOLVED_VALID,vision,0.5884774
-tPCytz4rww$_$16,RESOLVED_VALID,vision,0.669967
-tPCytz4rww$_$16,RESOLVED_VALID,vision,0.79296064
-tPCytz4rww$_$16,RESOLVED_VALID,vision,1.0
-tPCytz4rww$_$16,RESOLVED_VALID,vision,0.87015504
-tPCytz4rww$_$16,RESOLVED_VALID,vision,0.8349835
-tPCytz4rww$_$16,RESOLVED_VALID,vision,0.669967
-tPCytz4rww$_$16,RESOLVED_VALID,vision,1.0
-tPCytz4rww$_$16,RESOLVED_VALID,vision,0.8168239
-tPCytz4rww$_$18,RESOLVED_VALID,vision,0.8168498
-tPCytz4rww$_$18,RESOLVED_VALID,vision,0.74738413
-tPCytz4rww$_$18,RESOLVED_VALID,vision,0.7245179
-tPCytz4rww$_$18,RESOLVED_VALID,vision,0.5884774
-tPCytz4rww$_$18,RESOLVED_VALID,vision,0.8732573
-tPCytz4rww$_$18,RESOLVED_VALID,vision,0.8003003
-tPCytz4rww$_$18,RESOLVED_VALID,vision,0.862259
-tPCytz4rww$_$18,RESOLVED_VALID,vision,0.8250825
-tPCytz4rww$_$18,RESOLVED_VALID,vision,0.8168498
-tPCytz4rww$_$18,RESOLVED_VALID,vision,0.779978
-tPCytz4rww$_$18,RESOLVED_VALID,vision,1.0
-tPCytz4rww$_$18,RESOLVED_VALID,vision,0.8905039
-tPCytz4rww$_$18,RESOLVED_VALID,vision,1.0
-tPCytz4rww$_$18,RESOLVED_VALID,vision,0.8250825
-tPCytz4rww$_$18,RESOLVED_VALID,vision,0.8168498
-tPCytz4rww$_$18,RESOLVED_VALID,vision,0.84051037
-uywlfIYOS8$_$4,RESOLVED_VALID,vision,0.8240056
-uywlfIYOS8$_$4,RESOLVED_VALID,vision,1.0
-uywlfIYOS8$_$4,RESOLVED_VALID,vision,1.0
-uywlfIYOS8$_$4,RESOLVED_VALID,vision,0.18699187
-uywlfIYOS8$_$4,RESOLVED_VALID,vision,0.845679
-uywlfIYOS8$_$4,RESOLVED_VALID,vision,0.75477237
-uywlfIYOS8$_$4,RESOLVED_VALID,vision,1.0
-uywlfIYOS8$_$4,RESOLVED_VALID,vision,0.7979798
-uywlfIYOS8$_$4,RESOLVED_VALID,vision,0.6763754
-uywlfIYOS8$_$4,RESOLVED_VALID,vision,0.8198198
-uywlfIYOS8$_$4,RESOLVED_VALID,vision,0.45355192
-uywlfIYOS8$_$4,RESOLVED_VALID,vision,0.7979798
-uywlfIYOS8$_$4,RESOLVED_VALID,vision,0.7685185
-uywlfIYOS8$_$4,RESOLVED_VALID,vision,0.9009009
-uywlfIYOS8$_$4,RESOLVED_VALID,vision,0.8921251
-uywlfIYOS8$_$4,RESOLVED_VALID,vision,0.5934959
-uywlfIYOS8$_$4,RESOLVED_VALID,vision,0.82030547
-uywlfIYOS8$_$4,RESOLVED_VALID,vision,0.845679
-vxjVxOeScU$_$4,UNRESOLVED,vision,0.0
-vxjVxOeScU$_$4,UNRESOLVED,vision,0.0
-vxjVxOeScU$_$4,UNRESOLVED,vision,0.0
-vxjVxOeScU$_$4,UNRESOLVED,vision,0.0
-vxjVxOeScU$_$4,UNRESOLVED,vision,0.0
-vxjVxOeScU$_$4,UNRESOLVED,vision,0.0
-vxjVxOeScU$_$4,UNRESOLVED,vision,0.0
-vxjVxOeScU$_$4,UNRESOLVED,vision,0.0
-vxjVxOeScU$_$4,UNRESOLVED,vision,0.0
-vxjVxOeScU$_$4,UNRESOLVED,vision,0.0
-vxjVxOeScU$_$4,UNRESOLVED,vision,0.0
-vxjVxOeScU$_$4,UNRESOLVED,vision,0.0
-vxjVxOeScU$_$4,UNRESOLVED,vision,0.0
-vxjVxOeScU$_$4,UNRESOLVED,vision,0.0
-vxjVxOeScU$_$4,UNRESOLVED,vision,0.0
-vxjVxOeScU$_$4,UNRESOLVED,vision,0.0
-vxjVxOeScU$_$4,UNRESOLVED,vision,0.0
-vxjVxOeScU$_$4,UNRESOLVED,vision,0.0
-vxjVxOeScU$_$4,UNRESOLVED,vision,0.0
-vxjVxOeScU$_$4,UNRESOLVED,vision,0.0
-vxjVxOeScU$_$4,UNRESOLVED,vision,0.0
-wMB_hJL-3o$_$7,RESOLVED_PARTIAL,vision,0.89711934
-wMB_hJL-3o$_$7,RESOLVED_PARTIAL,vision,0.87777776
-wMB_hJL-3o$_$7,RESOLVED_PARTIAL,vision,1.0
-wMB_hJL-3o$_$7,RESOLVED_PARTIAL,vision,0.77227724
-wMB_hJL-3o$_$7,RESOLVED_PARTIAL,vision,1.0
-wMB_hJL-3o$_$7,RESOLVED_PARTIAL,vision,0.8460389
-wMB_hJL-3o$_$7,RESOLVED_PARTIAL,vision,0.5884774
-wMB_hJL-3o$_$7,RESOLVED_PARTIAL,vision,1.0
-wMB_hJL-3o$_$7,RESOLVED_PARTIAL,vision,1.0
-wMB_hJL-3o$_$7,RESOLVED_PARTIAL,vision,0.84076434
-wMB_hJL-3o$_$7,RESOLVED_PARTIAL,vision,0.8357964
-wMB_hJL-3o$_$7,RESOLVED_PARTIAL,vision,0.5884774
-wMB_hJL-3o$_$7,RESOLVED_PARTIAL,vision,0.86384976
-wMB_hJL-3o$_$7,RESOLVED_PARTIAL,vision,1.0
-wMB_hJL-3o$_$7,RESOLVED_PARTIAL,vision,0.9781421
-wMB_hJL-3o$_$7,RESOLVED_PARTIAL,vision,0.8505232
-wMB_hJL-3o$_$7,RESOLVED_PARTIAL,vision,0.7392739
-wMB_hJL-3o$_$7,RESOLVED_PARTIAL,vision,1.0
-wMB_hJL-3o$_$7,RESOLVED_PARTIAL,vision,0.8518519
-wMB_hJL-3o$_$7,RESOLVED_PARTIAL,vision,0.86419755
-wMB_hJL-3o$_$7,RESOLVED_PARTIAL,vision,0.7642643
-wMB_hJL-3o$_$7,RESOLVED_PARTIAL,vision,0.0
-wny0OAz3g8$_$0,RESOLVED_VALID,vision,0.8366013
-wny0OAz3g8$_$0,RESOLVED_VALID,vision,0.8518519
-wny0OAz3g8$_$0,RESOLVED_VALID,vision,0.8644986
-wny0OAz3g8$_$0,RESOLVED_VALID,vision,0.7437037
-wny0OAz3g8$_$0,RESOLVED_VALID,vision,0.8834499
-wny0OAz3g8$_$0,RESOLVED_VALID,vision,0.8518519
-wny0OAz3g8$_$0,RESOLVED_VALID,vision,0.8914224
-wny0OAz3g8$_$0,RESOLVED_VALID,vision,0.91358024
-wny0OAz3g8$_$0,RESOLVED_VALID,vision,0.8644986
-wny0OAz3g8$_$1,RESOLVED_VALID,vision,0.0
-wny0OAz3g8$_$1,RESOLVED_VALID,vision,0.8732573
-wny0OAz3g8$_$1,RESOLVED_VALID,vision,0.7029703
-wny0OAz3g8$_$1,RESOLVED_VALID,vision,0.8498498
-wny0OAz3g8$_$1,RESOLVED_VALID,vision,0.8250825
-wny0OAz3g8$_$1,RESOLVED_VALID,vision,0.8062016
-wny0OAz3g8$_$1,RESOLVED_VALID,vision,0.89506173
-wny0OAz3g8$_$1,RESOLVED_VALID,vision,0.8250825
-wny0OAz3g8$_$1,RESOLVED_VALID,vision,0.889989
-wny0OAz3g8$_$1,RESOLVED_VALID,vision,0.84283906
-wny0OAz3g8$_$1,RESOLVED_VALID,vision,0.90759075
-wny0OAz3g8$_$1,RESOLVED_VALID,vision,0.8349835
-wny0OAz3g8$_$1,RESOLVED_VALID,vision,1.0
-wny0OAz3g8$_$1,RESOLVED_VALID,vision,0.8010974
-wny0OAz3g8$_$1,RESOLVED_VALID,vision,0.79296064
-wny0OAz3g8$_$1,RESOLVED_VALID,vision,1.0
-wny0OAz3g8$_$1,RESOLVED_VALID,vision,0.7635934
-wny0OAz3g8$_$1,RESOLVED_VALID,vision,0.8349835
-wny0OAz3g8$_$1,RESOLVED_VALID,vision,0.9157509
-wny0OAz3g8$_$1,RESOLVED_VALID,vision,0.8357964
-wny0OAz3g8$_$1,RESOLVED_VALID,vision,0.7245179
-wny0OAz3g8$_$1,RESOLVED_VALID,vision,0.8903509
-wny0OAz3g8$_$1,RESOLVED_VALID,vision,0.4741784
-wny0OAz3g8$_$2,RESOLVED_VALID,vision,0.032520324
-wny0OAz3g8$_$2,RESOLVED_VALID,vision,0.8322511
-wny0OAz3g8$_$2,RESOLVED_VALID,vision,1.0
-wny0OAz3g8$_$2,RESOLVED_VALID,vision,0.8192593
-wny0OAz3g8$_$2,RESOLVED_VALID,vision,0.95098037
-wny0OAz3g8$_$2,RESOLVED_VALID,vision,0.796748
-wny0OAz3g8$_$2,RESOLVED_VALID,vision,0.8193315
-wny0OAz3g8$_$2,RESOLVED_VALID,vision,0.8381877
-wny0OAz3g8$_$2,RESOLVED_VALID,vision,0.8193315
-wny0OAz3g8$_$2,RESOLVED_VALID,vision,0.7249191
-wny0OAz3g8$_$2,RESOLVED_VALID,vision,0.796748
-wny0OAz3g8$_$2,RESOLVED_VALID,vision,1.0
-wny0OAz3g8$_$2,RESOLVED_VALID,vision,0.81707317
-wny0OAz3g8$_$2,RESOLVED_VALID,vision,1.0
-wny0OAz3g8$_$2,RESOLVED_VALID,vision,0.8074074
-wny0OAz3g8$_$2,RESOLVED_VALID,vision,0.85250735
-wny0OAz3g8$_$2,RESOLVED_VALID,vision,0.796748
-wny0OAz3g8$_$2,RESOLVED_VALID,vision,0.8797814
-wny0OAz3g8$_$2,RESOLVED_VALID,vision,0.8603604
-wny0OAz3g8$_$2,RESOLVED_VALID,vision,0.97154474
-wny0OAz3g8$_$2,RESOLVED_VALID,vision,1.0
-wny0OAz3g8$_$2,RESOLVED_VALID,vision,0.8831301
-wny0OAz3g8$_$2,RESOLVED_VALID,vision,0.6572408
-wny0OAz3g8$_$3,RESOLVED_VALID,vision,0.37352246
-wny0OAz3g8$_$3,RESOLVED_VALID,vision,0.7652582
-wny0OAz3g8$_$3,RESOLVED_VALID,vision,0.8484849
-wny0OAz3g8$_$3,RESOLVED_VALID,vision,0.8360656
-wny0OAz3g8$_$3,RESOLVED_VALID,vision,0.7942387
-wny0OAz3g8$_$3,RESOLVED_VALID,vision,0.85224587
-wny0OAz3g8$_$3,RESOLVED_VALID,vision,1.0
-wny0OAz3g8$_$3,RESOLVED_VALID,vision,0.74554706
-wny0OAz3g8$_$3,RESOLVED_VALID,vision,1.0
-wny0OAz3g8$_$3,RESOLVED_VALID,vision,0.8498498
-wny0OAz3g8$_$3,RESOLVED_VALID,vision,0.7245179
-wny0OAz3g8$_$3,RESOLVED_VALID,vision,0.8895769
-wny0OAz3g8$_$3,RESOLVED_VALID,vision,0.86419755
-wny0OAz3g8$_$3,RESOLVED_VALID,vision,0.8158379
-wny0OAz3g8$_$3,RESOLVED_VALID,vision,0.75068873
-wny0OAz3g8$_$3,RESOLVED_VALID,vision,0.862259
-wny0OAz3g8$_$3,RESOLVED_VALID,vision,0.8056365
-wny0OAz3g8$_$3,RESOLVED_VALID,vision,0.8168498
-wny0OAz3g8$_$3,RESOLVED_VALID,vision,0.7635934
-wny0OAz3g8$_$3,RESOLVED_VALID,vision,0.6006006
-wny0OAz3g8$_$5,RESOLVED_VALID,vision,0.7389277
-wny0OAz3g8$_$5,RESOLVED_VALID,vision,1.0
-wny0OAz3g8$_$5,RESOLVED_VALID,vision,0.81884056
-wny0OAz3g8$_$5,RESOLVED_VALID,vision,0.7979798
-wny0OAz3g8$_$5,RESOLVED_VALID,vision,0.85250735
-wny0OAz3g8$_$5,RESOLVED_VALID,vision,1.0
-wny0OAz3g8$_$5,RESOLVED_VALID,vision,0.7685185
-wny0OAz3g8$_$5,RESOLVED_VALID,vision,0.85218036
-wny0OAz3g8$_$5,RESOLVED_VALID,vision,0.87515604
-wny0OAz3g8$_$5,RESOLVED_VALID,vision,0.18699187
-wny0OAz3g8$_$5,RESOLVED_VALID,vision,0.85250735
-wny0OAz3g8$_$5,RESOLVED_VALID,vision,0.796748
-wny0OAz3g8$_$5,RESOLVED_VALID,vision,1.0
-wny0OAz3g8$_$5,RESOLVED_VALID,vision,0.83395755
-wny0OAz3g8$_$5,RESOLVED_VALID,vision,0.76811594
-wny0OAz3g8$_$5,RESOLVED_VALID,vision,0.85250735
-wny0OAz3g8$_$5,RESOLVED_VALID,vision,0.8381877
-wny0OAz3g8$_$5,RESOLVED_VALID,vision,0.94779116
-wny0OAz3g8$_$5,RESOLVED_VALID,vision,0.8518519
-wny0OAz3g8$_$5,RESOLVED_VALID,vision,0.3773148
-wny0OAz3g8$_$7,RESOLVED_VALID,vision,0.6684815
-wny0OAz3g8$_$7,RESOLVED_VALID,vision,0.45355192
-wny0OAz3g8$_$7,RESOLVED_VALID,vision,0.8746867
-wny0OAz3g8$_$7,RESOLVED_VALID,vision,0.83006537
-wny0OAz3g8$_$7,RESOLVED_VALID,vision,0.86419755
-wny0OAz3g8$_$7,RESOLVED_VALID,vision,0.93415636
-wny0OAz3g8$_$7,RESOLVED_VALID,vision,0.90421456
-wny0OAz3g8$_$7,RESOLVED_VALID,vision,0.6885246
-wny0OAz3g8$_$7,RESOLVED_VALID,vision,0.83739835
-wny0OAz3g8$_$7,RESOLVED_VALID,vision,0.7832168
-wny0OAz3g8$_$7,RESOLVED_VALID,vision,0.81884056
-wny0OAz3g8$_$7,RESOLVED_VALID,vision,0.9672131
-wny0OAz3g8$_$7,RESOLVED_VALID,vision,1.0
-wny0OAz3g8$_$7,RESOLVED_VALID,vision,0.74937344
-wny0OAz3g8$_$7,RESOLVED_VALID,vision,1.0
-wny0OAz3g8$_$7,RESOLVED_VALID,vision,0.8435374
-wny0OAz3g8$_$7,RESOLVED_VALID,vision,0.45355192
-wny0OAz3g8$_$7,RESOLVED_VALID,vision,0.858156
-wny0OAz3g8$_$7,RESOLVED_VALID,vision,1.0
-wny0OAz3g8$_$7,RESOLVED_VALID,vision,0.7956488
-wny0OAz3g8$_$7,RESOLVED_VALID,vision,1.0
-wny0OAz3g8$_$7,RESOLVED_VALID,vision,0.818347
-wny0OAz3g8$_$7,RESOLVED_VALID,vision,0.7961264
-wny0OAz3g8$_$7,RESOLVED_VALID,vision,0.8206522
-wny0OAz3g8$_$7,RESOLVED_VALID,vision,0.92156863
-wny0OAz3g8$_$7,RESOLVED_VALID,vision,0.81785065
-wny0OAz3g8$_$7,RESOLVED_VALID,vision,0.67479676
-wny0OAz3g8$_$7,RESOLVED_VALID,vision,0.8281787
-wny0OAz3g8$_$7,RESOLVED_VALID,vision,0.7204611
-wny0OAz3g8$_$9,RESOLVED_VALID,vision,0.0
-wny0OAz3g8$_$9,RESOLVED_VALID,vision,0.7996406
-wny0OAz3g8$_$9,RESOLVED_VALID,vision,0.9408602
-wny0OAz3g8$_$9,RESOLVED_VALID,vision,0.8207885
-wny0OAz3g8$_$9,RESOLVED_VALID,vision,1.0
-wny0OAz3g8$_$9,RESOLVED_VALID,vision,0.7311828
-wny0OAz3g8$_$9,RESOLVED_VALID,vision,0.8460354
-wny0OAz3g8$_$9,RESOLVED_VALID,vision,0.7979798
-wny0OAz3g8$_$9,RESOLVED_VALID,vision,0.5
-wny0OAz3g8$_$9,RESOLVED_VALID,vision,0.7685185
-wny0OAz3g8$_$9,RESOLVED_VALID,vision,0.7979798
-wny0OAz3g8$_$9,RESOLVED_VALID,vision,0.7685185
-wny0OAz3g8$_$9,RESOLVED_VALID,vision,0.8460354
-wny0OAz3g8$_$9,RESOLVED_VALID,vision,1.0
-wny0OAz3g8$_$9,RESOLVED_VALID,vision,0.8381877
-wny0OAz3g8$_$9,RESOLVED_VALID,vision,0.76502734
-wny0OAz3g8$_$9,RESOLVED_VALID,vision,0.82030547
-wny0OAz3g8$_$9,RESOLVED_VALID,vision,0.8134328
-wny0OAz3g8$_$9,RESOLVED_VALID,vision,0.5934959
-wny0OAz3g8$_$9,RESOLVED_VALID,vision,0.2038835
-yRb-Jum7EQ$_$1,RESOLVED_PARTIAL,vision,0.0
-yRb-Jum7EQ$_$1,RESOLVED_PARTIAL,vision,0.0
-yRb-Jum7EQ$_$1,RESOLVED_PARTIAL,vision,0.0
-yRb-Jum7EQ$_$1,RESOLVED_PARTIAL,vision,0.0
-yRb-Jum7EQ$_$1,RESOLVED_PARTIAL,vision,0.0
-yRb-Jum7EQ$_$1,RESOLVED_PARTIAL,vision,0.0
-yRb-Jum7EQ$_$1,RESOLVED_PARTIAL,vision,0.0
-yRb-Jum7EQ$_$1,RESOLVED_PARTIAL,vision,0.0
-yRb-Jum7EQ$_$1,RESOLVED_PARTIAL,vision,0.0
-yRb-Jum7EQ$_$1,RESOLVED_PARTIAL,vision,0.0
-yRb-Jum7EQ$_$1,RESOLVED_PARTIAL,vision,0.0
-yRb-Jum7EQ$_$1,RESOLVED_PARTIAL,vision,0.0
-yRb-Jum7EQ$_$1,RESOLVED_PARTIAL,vision,0.0
-yRb-Jum7EQ$_$1,RESOLVED_PARTIAL,vision,0.0
-yRb-Jum7EQ$_$1,RESOLVED_PARTIAL,vision,0.0
-yRb-Jum7EQ$_$1,RESOLVED_PARTIAL,vision,0.0
-yRb-Jum7EQ$_$1,RESOLVED_PARTIAL,vision,0.0
-yRb-Jum7EQ$_$1,RESOLVED_PARTIAL,vision,0.0
-yRb-Jum7EQ$_$1,RESOLVED_PARTIAL,vision,0.0
-yRb-Jum7EQ$_$1,RESOLVED_PARTIAL,vision,0.0
-yRb-Jum7EQ$_$1,RESOLVED_PARTIAL,vision,0.0
-yRb-Jum7EQ$_$1,RESOLVED_PARTIAL,vision,0.0
-yRb-Jum7EQ$_$1,RESOLVED_PARTIAL,vision,0.0
-yRb-Jum7EQ$_$1,RESOLVED_PARTIAL,vision,0.0
-yRb-Jum7EQ$_$1,RESOLVED_PARTIAL,vision,0.0
-yRb-Jum7EQ$_$1,RESOLVED_PARTIAL,vision,0.0
-yRb-Jum7EQ$_$1,RESOLVED_PARTIAL,vision,0.0
-yRb-Jum7EQ$_$1,RESOLVED_PARTIAL,vision,0.0
-yRb-Jum7EQ$_$1,RESOLVED_PARTIAL,vision,0.0
-yRb-Jum7EQ$_$1,RESOLVED_PARTIAL,vision,0.0
-yRb-Jum7EQ$_$1,RESOLVED_PARTIAL,vision,0.0
-yRb-Jum7EQ$_$1,RESOLVED_PARTIAL,vision,0.0
-yRb-Jum7EQ$_$1,RESOLVED_PARTIAL,vision,0.0
-yRb-Jum7EQ$_$1,RESOLVED_PARTIAL,vision,0.0
-yRb-Jum7EQ$_$1,RESOLVED_PARTIAL,vision,0.0
-yRb-Jum7EQ$_$1,RESOLVED_PARTIAL,vision,0.0
-yRb-Jum7EQ$_$1,RESOLVED_PARTIAL,vision,0.0
-yRb-Jum7EQ$_$1,RESOLVED_PARTIAL,vision,0.0
-yRb-Jum7EQ$_$1,RESOLVED_PARTIAL,vision,0.0
-yRb-Jum7EQ$_$1,RESOLVED_PARTIAL,vision,0.0
-yRb-Jum7EQ$_$1,RESOLVED_PARTIAL,vision,0.0
-yRb-Jum7EQ$_$1,RESOLVED_PARTIAL,vision,0.0
-yRb-Jum7EQ$_$1,RESOLVED_PARTIAL,vision,0.0
-yRb-Jum7EQ$_$1,RESOLVED_PARTIAL,vision,0.0
-yRb-Jum7EQ$_$1,RESOLVED_PARTIAL,vision,0.0
-yRb-Jum7EQ$_$1,RESOLVED_PARTIAL,vision,0.0
-yRb-Jum7EQ$_$1,RESOLVED_PARTIAL,vision,0.0
-yRb-Jum7EQ$_$1,RESOLVED_PARTIAL,vision,0.0
-yRb-Jum7EQ$_$1,RESOLVED_PARTIAL,vision,0.0
-yRb-Jum7EQ$_$5,RESOLVED_PARTIAL,vision,0.85018724
-yRb-Jum7EQ$_$5,RESOLVED_PARTIAL,vision,0.8323643
-yRb-Jum7EQ$_$5,RESOLVED_PARTIAL,vision,0.85018724
-yRb-Jum7EQ$_$5,RESOLVED_PARTIAL,vision,0.8352166
-yRb-Jum7EQ$_$5,RESOLVED_PARTIAL,vision,0.8278237
-yRb-Jum7EQ$_$5,RESOLVED_PARTIAL,vision,0.85804814
-yRb-Jum7EQ$_$5,RESOLVED_PARTIAL,vision,0.7245179
-yRb-Jum7EQ$_$5,RESOLVED_PARTIAL,vision,0.8062016
-yRb-Jum7EQ$_$5,RESOLVED_PARTIAL,vision,0.8318197
-yRb-Jum7EQ$_$5,RESOLVED_PARTIAL,vision,0.8585271
-yRb-Jum7EQ$_$5,RESOLVED_PARTIAL,vision,1.0
-yRb-Jum7EQ$_$5,RESOLVED_PARTIAL,vision,0.7652582
-yRb-Jum7EQ$_$5,RESOLVED_PARTIAL,vision,1.0
-yRb-Jum7EQ$_$5,RESOLVED_PARTIAL,vision,0.82964224
-yRb-Jum7EQ$_$5,RESOLVED_PARTIAL,vision,0.889989
-yRb-Jum7EQ$_$5,RESOLVED_PARTIAL,vision,0.8019802
-yRb-Jum7EQ$_$5,RESOLVED_PARTIAL,vision,0.8168498
-yRb-Jum7EQ$_$5,RESOLVED_PARTIAL,vision,0.7942387
-yRb-Jum7EQ$_$5,RESOLVED_PARTIAL,vision,0.8168498
-yRb-Jum7EQ$_$5,RESOLVED_PARTIAL,vision,0.7245179
-yRb-Jum7EQ$_$5,RESOLVED_PARTIAL,vision,0.8628258
-yRb-Jum7EQ$_$5,RESOLVED_PARTIAL,vision,0.7938144
-yRb-Jum7EQ$_$5,RESOLVED_PARTIAL,vision,1.0
-yRb-Jum7EQ$_$5,RESOLVED_PARTIAL,vision,0.8098859
-yRb-Jum7EQ$_$5,RESOLVED_PARTIAL,vision,0.8098859
-yRb-Jum7EQ$_$6,RESOLVED_PARTIAL,vision,0.85462964
-yRb-Jum7EQ$_$6,RESOLVED_PARTIAL,vision,0.5833333
-yRb-Jum7EQ$_$6,RESOLVED_PARTIAL,vision,0.7916667
-yRb-Jum7EQ$_$6,RESOLVED_PARTIAL,vision,0.6666667
-yRb-Jum7EQ$_$6,RESOLVED_PARTIAL,vision,1.0
-yRb-Jum7EQ$_$6,RESOLVED_PARTIAL,vision,0.8611111
-yRb-Jum7EQ$_$6,RESOLVED_PARTIAL,vision,0.7916667
-yRb-Jum7EQ$_$6,RESOLVED_PARTIAL,vision,0.77851605
-yRb-Jum7EQ$_$6,RESOLVED_PARTIAL,vision,0.881376
-yRb-Jum7EQ$_$6,RESOLVED_PARTIAL,vision,0.7619048
-yRb-Jum7EQ$_$6,RESOLVED_PARTIAL,vision,0.81532776
-yRb-Jum7EQ$_$6,RESOLVED_PARTIAL,vision,0.86412513
-yRb-Jum7EQ$_$6,RESOLVED_PARTIAL,vision,0.46666667
-yRb-Jum7EQ$_$6,RESOLVED_PARTIAL,vision,0.8333333
-yRb-Jum7EQ$_$6,RESOLVED_PARTIAL,vision,0.8888889
-yRb-Jum7EQ$_$6,RESOLVED_PARTIAL,vision,0.69
-yRb-Jum7EQ$_$6,RESOLVED_PARTIAL,vision,0.8616874
-yRb-Jum7EQ$_$6,RESOLVED_PARTIAL,vision,0.9259259
-yRb-Jum7EQ$_$6,RESOLVED_PARTIAL,vision,0.8401759
