sample_id,resolution_status,modality,source_count
-3g5yACwYnA$_$13,RESOLVED_VALID,audio,155
-3g5yACwYnA$_$13,RESOLVED_VALID,audio,12
-3g5yACwYnA$_$13,RESOLVED_VALID,audio,19
-3g5yACwYnA$_$13,RESOLVED_VALID,audio,10
-3g5yACwYnA$_$13,RESOLVED_VALID,audio,25
-3g5yACwYnA$_$13,RESOLVED_VALID,audio,53
-3g5yACwYnA$_$13,RESOLVED_VALID,audio,10
-3g5yACwYnA$_$13,RESOLVED_VALID,audio,6
-3g5yACwYnA$_$13,RESOLVED_VALID,audio,16
-3g5yACwYnA$_$13,RESOLVED_VALID,audio,29
-3g5yACwYnA$_$13,RESOLVED_VALID,audio,20
-3g5yACwYnA$_$13,RESOLVED_VALID,audio,28
-3g5yACwYnA$_$13,RESOLVED_VALID,audio,12
-3g5yACwYnA$_$13,RESOLVED_VALID,audio,10
-3g5yACwYnA$_$13,RESOLVED_VALID,audio,30
-3g5yACwYnA$_$2,RESOLVED_VALID,audio,49
-3g5yACwYnA$_$2,RESOLVED_VALID,audio,37
-3g5yACwYnA$_$2,RESOLVED_VALID,audio,22
-3g5yACwYnA$_$2,RESOLVED_VALID,audio,6
-3g5yACwYnA$_$2,RESOLVED_VALID,audio,49
-3g5yACwYnA$_$2,RESOLVED_VALID,audio,32
-3g5yACwYnA$_$2,RESOLVED_VALID,audio,24
-3g5yACwYnA$_$2,RESOLVED_VALID,audio,12
-3g5yACwYnA$_$2,RESOLVED_VALID,audio,47
-3g5yACwYnA$_$2,RESOLVED_VALID,audio,16
-3g5yACwYnA$_$2,RESOLVED_VALID,audio,12
-3g5yACwYnA$_$2,RESOLVED_VALID,audio,23
-3g5yACwYnA$_$2,RESOLVED_VALID,audio,16
-3g5yACwYnA$_$2,RESOLVED_VALID,audio,47
-3g5yACwYnA$_$3,RESOLVED_VALID,audio,42
-3g5yACwYnA$_$3,RESOLVED_VALID,audio,8
-3g5yACwYnA$_$3,RESOLVED_VALID,audio,38
-3g5yACwYnA$_$3,RESOLVED_VALID,audio,28
-3g5yACwYnA$_$3,RESOLVED_VALID,audio,7
-3g5yACwYnA$_$3,RESOLVED_VALID,audio,48
-3g5yACwYnA$_$3,RESOLVED_VALID,audio,24
-3g5yACwYnA$_$3,RESOLVED_VALID,audio,10
-3g5yACwYnA$_$3,RESOLVED_VALID,audio,54
-3g5yACwYnA$_$3,RESOLVED_VALID,audio,22
-3g5yACwYnA$_$3,RESOLVED_VALID,audio,44
-3g5yACwYnA$_$3,RESOLVED_VALID,audio,14
-3g5yACwYnA$_$3,RESOLVED_VALID,audio,10
-3g5yACwYnA$_$3,RESOLVED_VALID,audio,12
-3g5yACwYnA$_$3,RESOLVED_VALID,audio,10
-3g5yACwYnA$_$3,RESOLVED_VALID,audio,10
-3g5yACwYnA$_$3,RESOLVED_VALID,audio,46
-3g5yACwYnA$_$3,RESOLVED_VALID,audio,30
-3g5yACwYnA$_$3,RESOLVED_VALID,audio,60
-3g5yACwYnA$_$3,RESOLVED_VALID,audio,10
-3g5yACwYnA$_$3,RESOLVED_VALID,audio,10
-3g5yACwYnA$_$3,RESOLVED_VALID,audio,38
-3g5yACwYnA$_$3,RESOLVED_VALID,audio,46
-3g5yACwYnA$_$3,RESOLVED_VALID,audio,12
-3g5yACwYnA$_$3,RESOLVED_VALID,audio,12
-3g5yACwYnA$_$3,RESOLVED_VALID,audio,18
-3g5yACwYnA$_$3,RESOLVED_VALID,audio,22
-3g5yACwYnA$_$3,RESOLVED_VALID,audio,8
-3g5yACwYnA$_$3,RESOLVED_VALID,audio,30
-3g5yACwYnA$_$9,RESOLVED_VALID,audio,14
-3g5yACwYnA$_$9,RESOLVED_VALID,audio,12
-3g5yACwYnA$_$9,RESOLVED_VALID,audio,26
-3g5yACwYnA$_$9,RESOLVED_VALID,audio,18
-3g5yACwYnA$_$9,RESOLVED_VALID,audio,57
-3g5yACwYnA$_$9,RESOLVED_VALID,audio,32
-3g5yACwYnA$_$9,RESOLVED_VALID,audio,10
-3g5yACwYnA$_$9,RESOLVED_VALID,audio,16
-3g5yACwYnA$_$9,RESOLVED_VALID,audio,20
-3g5yACwYnA$_$9,RESOLVED_VALID,audio,12
-3g5yACwYnA$_$9,RESOLVED_VALID,audio,26
-3g5yACwYnA$_$9,RESOLVED_VALID,audio,21
-3g5yACwYnA$_$9,RESOLVED_VALID,audio,10
-3g5yACwYnA$_$9,RESOLVED_VALID,audio,107
-3g5yACwYnA$_$9,RESOLVED_VALID,audio,23
-3g5yACwYnA$_$9,RESOLVED_VALID,audio,12
-3g5yACwYnA$_$9,RESOLVED_VALID,audio,12
-3g5yACwYnA$_$9,RESOLVED_VALID,audio,28
-3g5yACwYnA$_$9,RESOLVED_VALID,audio,44
-3g5yACwYnA$_$9,RESOLVED_VALID,audio,57
-3g5yACwYnA$_$9,RESOLVED_VALID,audio,47
-3nNcZdcdvU$_$5,RESOLVED_VALID,audio,101
-3nNcZdcdvU$_$5,RESOLVED_VALID,audio,29
-3nNcZdcdvU$_$5,RESOLVED_VALID,audio,56
-3nNcZdcdvU$_$5,RESOLVED_VALID,audio,10
-3nNcZdcdvU$_$5,RESOLVED_VALID,audio,30
-3nNcZdcdvU$_$5,RESOLVED_VALID,audio,73
-3nNcZdcdvU$_$5,RESOLVED_VALID,audio,22
-3nNcZdcdvU$_$5,RESOLVED_VALID,audio,29
-3nNcZdcdvU$_$5,RESOLVED_VALID,audio,12
-3nNcZdcdvU$_$5,RESOLVED_VALID,audio,14
-3nNcZdcdvU$_$5,RESOLVED_VALID,audio,10
-3nNcZdcdvU$_$5,RESOLVED_VALID,audio,28
-3nNcZdcdvU$_$5,RESOLVED_VALID,audio,36
-3nNcZdcdvU$_$5,RESOLVED_VALID,audio,8
-3nNcZdcdvU$_$5,RESOLVED_VALID,audio,18
-3nNcZdcdvU$_$5,RESOLVED_VALID,audio,14
-3nNcZdcdvU$_$5,RESOLVED_VALID,audio,12
-3nNcZdcdvU$_$5,RESOLVED_VALID,audio,49
-571d8cVauQ$_$0,RESOLVED_VALID,audio,14
-571d8cVauQ$_$0,RESOLVED_VALID,audio,8
-571d8cVauQ$_$0,RESOLVED_VALID,audio,21
-571d8cVauQ$_$0,RESOLVED_VALID,audio,40
-571d8cVauQ$_$0,RESOLVED_VALID,audio,22
-571d8cVauQ$_$0,RESOLVED_VALID,audio,47
-571d8cVauQ$_$0,RESOLVED_VALID,audio,50
-571d8cVauQ$_$0,RESOLVED_VALID,audio,9
-571d8cVauQ$_$0,RESOLVED_VALID,audio,33
-571d8cVauQ$_$0,RESOLVED_VALID,audio,8
-571d8cVauQ$_$0,RESOLVED_VALID,audio,35
-571d8cVauQ$_$0,RESOLVED_VALID,audio,39
-571d8cVauQ$_$5,RESOLVED_VALID,audio,16
-571d8cVauQ$_$5,RESOLVED_VALID,audio,23
-571d8cVauQ$_$5,RESOLVED_VALID,audio,36
-571d8cVauQ$_$5,RESOLVED_VALID,audio,10
-571d8cVauQ$_$5,RESOLVED_VALID,audio,20
-571d8cVauQ$_$5,RESOLVED_VALID,audio,16
-571d8cVauQ$_$5,RESOLVED_VALID,audio,18
-571d8cVauQ$_$5,RESOLVED_VALID,audio,8
-571d8cVauQ$_$5,RESOLVED_VALID,audio,60
-571d8cVauQ$_$5,RESOLVED_VALID,audio,28
-571d8cVauQ$_$5,RESOLVED_VALID,audio,38
-571d8cVauQ$_$5,RESOLVED_VALID,audio,26
-571d8cVauQ$_$5,RESOLVED_VALID,audio,12
-571d8cVauQ$_$5,RESOLVED_VALID,audio,12
-571d8cVauQ$_$5,RESOLVED_VALID,audio,27
-571d8cVauQ$_$5,RESOLVED_VALID,audio,8
-571d8cVauQ$_$5,RESOLVED_VALID,audio,12
-571d8cVauQ$_$5,RESOLVED_VALID,audio,28
-571d8cVauQ$_$5,RESOLVED_VALID,audio,22
-571d8cVauQ$_$5,RESOLVED_VALID,audio,14
-571d8cVauQ$_$5,RESOLVED_VALID,audio,14
-571d8cVauQ$_$5,RESOLVED_VALID,audio,20
-571d8cVauQ$_$5,RESOLVED_VALID,audio,25
-571d8cVauQ$_$5,RESOLVED_VALID,audio,26
-571d8cVauQ$_$5,RESOLVED_VALID,audio,6
-571d8cVauQ$_$5,RESOLVED_VALID,audio,25
-571d8cVauQ$_$5,RESOLVED_VALID,audio,56
-571d8cVauQ$_$5,RESOLVED_VALID,audio,14
-571d8cVauQ$_$5,RESOLVED_VALID,audio,4
-571d8cVauQ$_$5,RESOLVED_VALID,audio,20
-571d8cVauQ$_$5,RESOLVED_VALID,audio,35
-571d8cVauQ$_$5,RESOLVED_VALID,audio,10
-571d8cVauQ$_$5,RESOLVED_VALID,audio,22
-571d8cVauQ$_$5,RESOLVED_VALID,audio,12
-571d8cVauQ$_$5,RESOLVED_VALID,audio,16
-571d8cVauQ$_$5,RESOLVED_VALID,audio,37
-571d8cVauQ$_$5,RESOLVED_VALID,audio,20
-571d8cVauQ$_$5,RESOLVED_VALID,audio,20
-571d8cVauQ$_$5,RESOLVED_VALID,audio,10
-571d8cVauQ$_$5,RESOLVED_VALID,audio,6
-571d8cVauQ$_$5,RESOLVED_VALID,audio,26
-571d8cVauQ$_$5,RESOLVED_VALID,audio,52
-571d8cVauQ$_$5,RESOLVED_VALID,audio,32
-6rXp3zJ3kc$_$8,RESOLVED_VALID,audio,22
-6rXp3zJ3kc$_$8,RESOLVED_VALID,audio,28
-6rXp3zJ3kc$_$8,RESOLVED_VALID,audio,10
-6rXp3zJ3kc$_$8,RESOLVED_VALID,audio,30
-6rXp3zJ3kc$_$8,RESOLVED_VALID,audio,28
-6rXp3zJ3kc$_$8,RESOLVED_VALID,audio,14
-6rXp3zJ3kc$_$8,RESOLVED_VALID,audio,20
-6rXp3zJ3kc$_$8,RESOLVED_VALID,audio,12
-6rXp3zJ3kc$_$8,RESOLVED_VALID,audio,20
-6rXp3zJ3kc$_$8,RESOLVED_VALID,audio,8
-6rXp3zJ3kc$_$8,RESOLVED_VALID,audio,26
-6rXp3zJ3kc$_$8,RESOLVED_VALID,audio,18
-6rXp3zJ3kc$_$8,RESOLVED_VALID,audio,10
-6rXp3zJ3kc$_$8,RESOLVED_VALID,audio,16
-6rXp3zJ3kc$_$8,RESOLVED_VALID,audio,48
-6rXp3zJ3kc$_$8,RESOLVED_VALID,audio,18
-6rXp3zJ3kc$_$8,RESOLVED_VALID,audio,32
-6rXp3zJ3kc$_$8,RESOLVED_VALID,audio,22
-6rXp3zJ3kc$_$8,RESOLVED_VALID,audio,34
-6rXp3zJ3kc$_$8,RESOLVED_VALID,audio,5
-6rXp3zJ3kc$_$8,RESOLVED_VALID,audio,18
-6rXp3zJ3kc$_$8,RESOLVED_VALID,audio,8
-6rXp3zJ3kc$_$8,RESOLVED_VALID,audio,38
-6rXp3zJ3kc$_$8,RESOLVED_VALID,audio,12
-6rXp3zJ3kc$_$8,RESOLVED_VALID,audio,28
-6rXp3zJ3kc$_$8,RESOLVED_VALID,audio,12
-6rXp3zJ3kc$_$8,RESOLVED_VALID,audio,37
-6rXp3zJ3kc$_$8,RESOLVED_VALID,audio,28
-6rXp3zJ3kc$_$8,RESOLVED_VALID,audio,10
-6rXp3zJ3kc$_$8,RESOLVED_VALID,audio,32
-6rXp3zJ3kc$_$8,RESOLVED_VALID,audio,24
-6rXp3zJ3kc$_$8,RESOLVED_VALID,audio,51
-6rXp3zJ3kc$_$8,RESOLVED_VALID,audio,30
-6rXp3zJ3kc$_$8,RESOLVED_VALID,audio,40
-9y-fZ3swSY$_$0,RESOLVED_VALID,audio,14
-9y-fZ3swSY$_$0,RESOLVED_VALID,audio,8
-9y-fZ3swSY$_$0,RESOLVED_VALID,audio,14
-9y-fZ3swSY$_$0,RESOLVED_VALID,audio,26
-9y-fZ3swSY$_$0,RESOLVED_VALID,audio,86
-9y-fZ3swSY$_$0,RESOLVED_VALID,audio,8
-9y-fZ3swSY$_$0,RESOLVED_VALID,audio,29
-9y-fZ3swSY$_$0,RESOLVED_VALID,audio,33
-9y-fZ3swSY$_$0,RESOLVED_VALID,audio,32
-9y-fZ3swSY$_$0,RESOLVED_VALID,audio,37
-9y-fZ3swSY$_$0,RESOLVED_VALID,audio,12
-9y-fZ3swSY$_$0,RESOLVED_VALID,audio,10
-9y-fZ3swSY$_$0,RESOLVED_VALID,audio,18
-9y-fZ3swSY$_$0,RESOLVED_VALID,audio,38
-9y-fZ3swSY$_$0,RESOLVED_VALID,audio,12
-9y-fZ3swSY$_$0,RESOLVED_VALID,audio,18
-9y-fZ3swSY$_$0,RESOLVED_VALID,audio,25
-9y-fZ3swSY$_$0,RESOLVED_VALID,audio,16
-9y-fZ3swSY$_$0,RESOLVED_VALID,audio,22
-9y-fZ3swSY$_$0,RESOLVED_VALID,audio,8
-9y-fZ3swSY$_$0,RESOLVED_VALID,audio,17
-9y-fZ3swSY$_$0,RESOLVED_VALID,audio,22
-9y-fZ3swSY$_$4,RESOLVED_VALID,audio,24
-9y-fZ3swSY$_$4,RESOLVED_VALID,audio,21
-9y-fZ3swSY$_$4,RESOLVED_VALID,audio,21
-9y-fZ3swSY$_$4,RESOLVED_VALID,audio,10
-9y-fZ3swSY$_$4,RESOLVED_VALID,audio,36
-9y-fZ3swSY$_$4,RESOLVED_VALID,audio,11
-9y-fZ3swSY$_$4,RESOLVED_VALID,audio,9
-9y-fZ3swSY$_$4,RESOLVED_VALID,audio,12
-9y-fZ3swSY$_$4,RESOLVED_VALID,audio,24
-9y-fZ3swSY$_$8,UNRESOLVED,audio,22
-9y-fZ3swSY$_$8,UNRESOLVED,audio,6
-9y-fZ3swSY$_$8,UNRESOLVED,audio,22
-9y-fZ3swSY$_$8,UNRESOLVED,audio,49
-9y-fZ3swSY$_$8,UNRESOLVED,audio,8
-9y-fZ3swSY$_$8,UNRESOLVED,audio,14
-9y-fZ3swSY$_$8,UNRESOLVED,audio,52
-9y-fZ3swSY$_$8,UNRESOLVED,audio,18
-9y-fZ3swSY$_$8,UNRESOLVED,audio,12
-9y-fZ3swSY$_$8,UNRESOLVED,audio,32
-9y-fZ3swSY$_$8,UNRESOLVED,audio,3
-9y-fZ3swSY$_$8,UNRESOLVED,audio,28
-AUZQgSxyPQ$_$2,RESOLVED_PARTIAL,audio,12
-AUZQgSxyPQ$_$2,RESOLVED_PARTIAL,audio,36
-AUZQgSxyPQ$_$2,RESOLVED_PARTIAL,audio,28
-AUZQgSxyPQ$_$2,RESOLVED_PARTIAL,audio,26
-AUZQgSxyPQ$_$2,RESOLVED_PARTIAL,audio,12
-AUZQgSxyPQ$_$2,RESOLVED_PARTIAL,audio,8
-AUZQgSxyPQ$_$2,RESOLVED_PARTIAL,audio,74
-AUZQgSxyPQ$_$2,RESOLVED_PARTIAL,audio,38
-AUZQgSxyPQ$_$2,RESOLVED_PARTIAL,audio,47
-AUZQgSxyPQ$_$2,RESOLVED_PARTIAL,audio,36
-AUZQgSxyPQ$_$2,RESOLVED_PARTIAL,audio,18
-AUZQgSxyPQ$_$2,RESOLVED_PARTIAL,audio,46
-AUZQgSxyPQ$_$2,RESOLVED_PARTIAL,audio,40
-AUZQgSxyPQ$_$2,RESOLVED_PARTIAL,audio,46
-AUZQgSxyPQ$_$2,RESOLVED_PARTIAL,audio,10
-AUZQgSxyPQ$_$2,RESOLVED_PARTIAL,audio,58
-AUZQgSxyPQ$_$2,RESOLVED_PARTIAL,audio,70
-AUZQgSxyPQ$_$2,RESOLVED_PARTIAL,audio,46
-AUZQgSxyPQ$_$2,RESOLVED_PARTIAL,audio,58
-AUZQgSxyPQ$_$2,RESOLVED_PARTIAL,audio,8
-AUZQgSxyPQ$_$2,RESOLVED_PARTIAL,audio,50
-AUZQgSxyPQ$_$2,RESOLVED_PARTIAL,audio,26
-AUZQgSxyPQ$_$2,RESOLVED_PARTIAL,audio,22
-AUZQgSxyPQ$_$2,RESOLVED_PARTIAL,audio,14
-AUZQgSxyPQ$_$2,RESOLVED_PARTIAL,audio,53
-AUZQgSxyPQ$_$2,RESOLVED_PARTIAL,audio,10
-AUZQgSxyPQ$_$2,RESOLVED_PARTIAL,audio,40
-AUZQgSxyPQ$_$2,RESOLVED_PARTIAL,audio,34
-AUZQgSxyPQ$_$2,RESOLVED_PARTIAL,audio,127
-AUZQgSxyPQ$_$2,RESOLVED_PARTIAL,audio,42
-AUZQgSxyPQ$_$2,RESOLVED_PARTIAL,audio,38
-AUZQgSxyPQ$_$2,RESOLVED_PARTIAL,audio,40
-AUZQgSxyPQ$_$2,RESOLVED_PARTIAL,audio,22
-AUZQgSxyPQ$_$2,RESOLVED_PARTIAL,audio,32
-AUZQgSxyPQ$_$2,RESOLVED_PARTIAL,audio,51
-AUZQgSxyPQ$_$2,RESOLVED_PARTIAL,audio,30
-AUZQgSxyPQ$_$2,RESOLVED_PARTIAL,audio,34
-AUZQgSxyPQ$_$2,RESOLVED_PARTIAL,audio,26
-AUZQgSxyPQ$_$2,RESOLVED_PARTIAL,audio,42
-AUZQgSxyPQ$_$2,RESOLVED_PARTIAL,audio,30
-AUZQgSxyPQ$_$2,RESOLVED_PARTIAL,audio,40
-HeZS2-Prhc$_$2,RESOLVED_PARTIAL,audio,14
-HeZS2-Prhc$_$2,RESOLVED_PARTIAL,audio,30
-HeZS2-Prhc$_$2,RESOLVED_PARTIAL,audio,34
-HeZS2-Prhc$_$2,RESOLVED_PARTIAL,audio,36
-HeZS2-Prhc$_$2,RESOLVED_PARTIAL,audio,12
-HeZS2-Prhc$_$2,RESOLVED_PARTIAL,audio,16
-HeZS2-Prhc$_$2,RESOLVED_PARTIAL,audio,16
-HeZS2-Prhc$_$2,RESOLVED_PARTIAL,audio,8
-HeZS2-Prhc$_$2,RESOLVED_PARTIAL,audio,15
-HeZS2-Prhc$_$2,RESOLVED_PARTIAL,audio,34
-HeZS2-Prhc$_$2,RESOLVED_PARTIAL,audio,50
-HeZS2-Prhc$_$2,RESOLVED_PARTIAL,audio,12
-HeZS2-Prhc$_$2,RESOLVED_PARTIAL,audio,38
-HeZS2-Prhc$_$2,RESOLVED_PARTIAL,audio,16
-HeZS2-Prhc$_$2,RESOLVED_PARTIAL,audio,22
-HeZS2-Prhc$_$2,RESOLVED_PARTIAL,audio,38
-HwX2H8Z4hY$_$2,UNRESOLVED,audio,0
-HwX2H8Z4hY$_$2,UNRESOLVED,audio,0
-HwX2H8Z4hY$_$2,UNRESOLVED,audio,0
-HwX2H8Z4hY$_$2,UNRESOLVED,audio,0
-HwX2H8Z4hY$_$2,UNRESOLVED,audio,0
-HwX2H8Z4hY$_$2,UNRESOLVED,audio,0
-HwX2H8Z4hY$_$2,UNRESOLVED,audio,0
-HwX2H8Z4hY$_$2,UNRESOLVED,audio,0
-HwX2H8Z4hY$_$5,UNRESOLVED,audio,10
-HwX2H8Z4hY$_$5,UNRESOLVED,audio,51
-HwX2H8Z4hY$_$5,UNRESOLVED,audio,33
-HwX2H8Z4hY$_$5,UNRESOLVED,audio,45
-HwX2H8Z4hY$_$5,UNRESOLVED,audio,41
-HwX2H8Z4hY$_$5,UNRESOLVED,audio,12
-HwX2H8Z4hY$_$5,UNRESOLVED,audio,66
-HwX2H8Z4hY$_$5,UNRESOLVED,audio,75
-HwX2H8Z4hY$_$5,UNRESOLVED,audio,8
-HwX2H8Z4hY$_$5,UNRESOLVED,audio,57
-HwX2H8Z4hY$_$6,UNRESOLVED,audio,10
-HwX2H8Z4hY$_$6,UNRESOLVED,audio,8
-HwX2H8Z4hY$_$6,UNRESOLVED,audio,39
-HwX2H8Z4hY$_$6,UNRESOLVED,audio,14
-HwX2H8Z4hY$_$6,UNRESOLVED,audio,50
-HwX2H8Z4hY$_$6,UNRESOLVED,audio,18
-HwX2H8Z4hY$_$6,UNRESOLVED,audio,22
-HwX2H8Z4hY$_$9,RESOLVED_PARTIAL,audio,8
-HwX2H8Z4hY$_$9,RESOLVED_PARTIAL,audio,8
-HwX2H8Z4hY$_$9,RESOLVED_PARTIAL,audio,6
-HwX2H8Z4hY$_$9,RESOLVED_PARTIAL,audio,32
-HwX2H8Z4hY$_$9,RESOLVED_PARTIAL,audio,32
-HwX2H8Z4hY$_$9,RESOLVED_PARTIAL,audio,10
-HwX2H8Z4hY$_$9,RESOLVED_PARTIAL,audio,62
-HwX2H8Z4hY$_$9,RESOLVED_PARTIAL,audio,24
-HwX2H8Z4hY$_$9,RESOLVED_PARTIAL,audio,14
-HwX2H8Z4hY$_$9,RESOLVED_PARTIAL,audio,10
-HwX2H8Z4hY$_$9,RESOLVED_PARTIAL,audio,31
-HwX2H8Z4hY$_$9,RESOLVED_PARTIAL,audio,30
-HwX2H8Z4hY$_$9,RESOLVED_PARTIAL,audio,33
-HwX2H8Z4hY$_$9,RESOLVED_PARTIAL,audio,14
-HwX2H8Z4hY$_$9,RESOLVED_PARTIAL,audio,10
-HwX2H8Z4hY$_$9,RESOLVED_PARTIAL,audio,26
-HwX2H8Z4hY$_$9,RESOLVED_PARTIAL,audio,20
-HwX2H8Z4hY$_$9,RESOLVED_PARTIAL,audio,12
-HwX2H8Z4hY$_$9,RESOLVED_PARTIAL,audio,8
-HwX2H8Z4hY$_$9,RESOLVED_PARTIAL,audio,32
-HwX2H8Z4hY$_$9,RESOLVED_PARTIAL,audio,10
-HwX2H8Z4hY$_$9,RESOLVED_PARTIAL,audio,26
-I_e4mIh0yE$_$1,RESOLVED_VALID,audio,8
-I_e4mIh0yE$_$1,RESOLVED_VALID,audio,8
-I_e4mIh0yE$_$1,RESOLVED_VALID,audio,31
-I_e4mIh0yE$_$1,RESOLVED_VALID,audio,26
-I_e4mIh0yE$_$1,RESOLVED_VALID,audio,12
-I_e4mIh0yE$_$1,RESOLVED_VALID,audio,27
-I_e4mIh0yE$_$1,RESOLVED_VALID,audio,37
-I_e4mIh0yE$_$1,RESOLVED_VALID,audio,47
-I_e4mIh0yE$_$1,RESOLVED_VALID,audio,14
-I_e4mIh0yE$_$1,RESOLVED_VALID,audio,11
-I_e4mIh0yE$_$1,RESOLVED_VALID,audio,39
-I_e4mIh0yE$_$1,RESOLVED_VALID,audio,12
-I_e4mIh0yE$_$1,RESOLVED_VALID,audio,25
-I_e4mIh0yE$_$1,RESOLVED_VALID,audio,43
-I_e4mIh0yE$_$1,RESOLVED_VALID,audio,8
-I_e4mIh0yE$_$1,RESOLVED_VALID,audio,43
-I_e4mIh0yE$_$1,RESOLVED_VALID,audio,10
-I_e4mIh0yE$_$1,RESOLVED_VALID,audio,28
-I_e4mIh0yE$_$3,RESOLVED_PARTIAL,audio,14
-I_e4mIh0yE$_$3,RESOLVED_PARTIAL,audio,59
-I_e4mIh0yE$_$3,RESOLVED_PARTIAL,audio,14
-I_e4mIh0yE$_$3,RESOLVED_PARTIAL,audio,19
-I_e4mIh0yE$_$3,RESOLVED_PARTIAL,audio,142
-I_e4mIh0yE$_$3,RESOLVED_PARTIAL,audio,31
-I_e4mIh0yE$_$3,RESOLVED_PARTIAL,audio,32
-I_e4mIh0yE$_$3,RESOLVED_PARTIAL,audio,51
-I_e4mIh0yE$_$3,RESOLVED_PARTIAL,audio,16
-I_e4mIh0yE$_$3,RESOLVED_PARTIAL,audio,8
-I_e4mIh0yE$_$3,RESOLVED_PARTIAL,audio,23
-I_e4mIh0yE$_$3,RESOLVED_PARTIAL,audio,6
-I_e4mIh0yE$_$3,RESOLVED_PARTIAL,audio,14
-I_e4mIh0yE$_$3,RESOLVED_PARTIAL,audio,26
-I_e4mIh0yE$_$3,RESOLVED_PARTIAL,audio,10
-I_e4mIh0yE$_$3,RESOLVED_PARTIAL,audio,12
-I_e4mIh0yE$_$3,RESOLVED_PARTIAL,audio,12
-I_e4mIh0yE$_$3,RESOLVED_PARTIAL,audio,22
-I_e4mIh0yE$_$3,RESOLVED_PARTIAL,audio,18
-I_e4mIh0yE$_$3,RESOLVED_PARTIAL,audio,10
-I_e4mIh0yE$_$3,RESOLVED_PARTIAL,audio,36
-I_e4mIh0yE$_$3,RESOLVED_PARTIAL,audio,37
-MeTTeMJBNc$_$0,RESOLVED_VALID,audio,30
-MeTTeMJBNc$_$0,RESOLVED_VALID,audio,18
-MeTTeMJBNc$_$0,RESOLVED_VALID,audio,48
-MeTTeMJBNc$_$0,RESOLVED_VALID,audio,10
-MeTTeMJBNc$_$0,RESOLVED_VALID,audio,20
-MeTTeMJBNc$_$0,RESOLVED_VALID,audio,37
-MeTTeMJBNc$_$0,RESOLVED_VALID,audio,24
-MeTTeMJBNc$_$0,RESOLVED_VALID,audio,24
-MeTTeMJBNc$_$0,RESOLVED_VALID,audio,32
-MeTTeMJBNc$_$0,RESOLVED_VALID,audio,19
-MeTTeMJBNc$_$0,RESOLVED_VALID,audio,30
-MeTTeMJBNc$_$0,RESOLVED_VALID,audio,34
-MeTTeMJBNc$_$0,RESOLVED_VALID,audio,24
-MeTTeMJBNc$_$0,RESOLVED_VALID,audio,36
-MeTTeMJBNc$_$0,RESOLVED_VALID,audio,39
-MeTTeMJBNc$_$0,RESOLVED_VALID,audio,10
-MeTTeMJBNc$_$0,RESOLVED_VALID,audio,10
-MeTTeMJBNc$_$0,RESOLVED_VALID,audio,81
-MeTTeMJBNc$_$0,RESOLVED_VALID,audio,10
-MeTTeMJBNc$_$0,RESOLVED_VALID,audio,12
-MeTTeMJBNc$_$0,RESOLVED_VALID,audio,47
-MeTTeMJBNc$_$13,RESOLVED_VALID,audio,14
-MeTTeMJBNc$_$13,RESOLVED_VALID,audio,35
-MeTTeMJBNc$_$13,RESOLVED_VALID,audio,25
-MeTTeMJBNc$_$13,RESOLVED_VALID,audio,12
-MeTTeMJBNc$_$13,RESOLVED_VALID,audio,16
-MeTTeMJBNc$_$13,RESOLVED_VALID,audio,4
-MeTTeMJBNc$_$13,RESOLVED_VALID,audio,41
-MeTTeMJBNc$_$13,RESOLVED_VALID,audio,61
-MeTTeMJBNc$_$13,RESOLVED_VALID,audio,11
-MeTTeMJBNc$_$13,RESOLVED_VALID,audio,14
-MeTTeMJBNc$_$13,RESOLVED_VALID,audio,14
-MeTTeMJBNc$_$13,RESOLVED_VALID,audio,41
-MeTTeMJBNc$_$13,RESOLVED_VALID,audio,12
-MeTTeMJBNc$_$13,RESOLVED_VALID,audio,39
-MeTTeMJBNc$_$7,RESOLVED_PARTIAL,audio,24
-MeTTeMJBNc$_$7,RESOLVED_PARTIAL,audio,14
-MeTTeMJBNc$_$7,RESOLVED_PARTIAL,audio,21
-MeTTeMJBNc$_$7,RESOLVED_PARTIAL,audio,34
-MeTTeMJBNc$_$7,RESOLVED_PARTIAL,audio,6
-MeTTeMJBNc$_$7,RESOLVED_PARTIAL,audio,41
-MeTTeMJBNc$_$7,RESOLVED_PARTIAL,audio,10
-MeTTeMJBNc$_$7,RESOLVED_PARTIAL,audio,12
-MeTTeMJBNc$_$7,RESOLVED_PARTIAL,audio,38
-MeTTeMJBNc$_$7,RESOLVED_PARTIAL,audio,32
-MeTTeMJBNc$_$7,RESOLVED_PARTIAL,audio,18
-MeTTeMJBNc$_$7,RESOLVED_PARTIAL,audio,49
-MeTTeMJBNc$_$7,RESOLVED_PARTIAL,audio,12
-MeTTeMJBNc$_$7,RESOLVED_PARTIAL,audio,47
-MeTTeMJBNc$_$7,RESOLVED_PARTIAL,audio,8
-MeTTeMJBNc$_$7,RESOLVED_PARTIAL,audio,16
-MeTTeMJBNc$_$7,RESOLVED_PARTIAL,audio,40
-MeTTeMJBNc$_$7,RESOLVED_PARTIAL,audio,8
-MeTTeMJBNc$_$7,RESOLVED_PARTIAL,audio,26
-MeTTeMJBNc$_$7,RESOLVED_PARTIAL,audio,20
-MeTTeMJBNc$_$7,RESOLVED_PARTIAL,audio,4
-MeTTeMJBNc$_$7,RESOLVED_PARTIAL,audio,44
-MeTTeMJBNc$_$7,RESOLVED_PARTIAL,audio,44
-MeTTeMJBNc$_$7,RESOLVED_PARTIAL,audio,12
-MeTTeMJBNc$_$7,RESOLVED_PARTIAL,audio,12
-MeTTeMJBNc$_$7,RESOLVED_PARTIAL,audio,6
-MeTTeMJBNc$_$7,RESOLVED_PARTIAL,audio,16
-MeTTeMJBNc$_$7,RESOLVED_PARTIAL,audio,8
-MeTTeMJBNc$_$7,RESOLVED_PARTIAL,audio,6
-MeTTeMJBNc$_$7,RESOLVED_PARTIAL,audio,40
-MeTTeMJBNc$_$7,RESOLVED_PARTIAL,audio,44
-NFrJFQijFE$_$1,RESOLVED_MISSING,audio,0
-NFrJFQijFE$_$1,RESOLVED_MISSING,audio,0
-NFrJFQijFE$_$1,RESOLVED_MISSING,audio,0
-NFrJFQijFE$_$1,RESOLVED_MISSING,audio,0
-NFrJFQijFE$_$1,RESOLVED_MISSING,audio,0
-NFrJFQijFE$_$1,RESOLVED_MISSING,audio,0
-NFrJFQijFE$_$1,RESOLVED_MISSING,audio,0
-NFrJFQijFE$_$1,RESOLVED_MISSING,audio,0
-NFrJFQijFE$_$1,RESOLVED_MISSING,audio,0
-NFrJFQijFE$_$1,RESOLVED_MISSING,audio,0
-NFrJFQijFE$_$1,RESOLVED_MISSING,audio,0
-NFrJFQijFE$_$1,RESOLVED_MISSING,audio,0
-NFrJFQijFE$_$1,RESOLVED_MISSING,audio,0
-NFrJFQijFE$_$1,RESOLVED_MISSING,audio,0
-NFrJFQijFE$_$1,RESOLVED_MISSING,audio,0
-NFrJFQijFE$_$1,RESOLVED_MISSING,audio,0
-NFrJFQijFE$_$2,RESOLVED_MISSING,audio,0
-NFrJFQijFE$_$2,RESOLVED_MISSING,audio,0
-NFrJFQijFE$_$2,RESOLVED_MISSING,audio,0
-NFrJFQijFE$_$2,RESOLVED_MISSING,audio,0
-NFrJFQijFE$_$2,RESOLVED_MISSING,audio,0
-NFrJFQijFE$_$2,RESOLVED_MISSING,audio,0
-NFrJFQijFE$_$2,RESOLVED_MISSING,audio,0
-NFrJFQijFE$_$2,RESOLVED_MISSING,audio,0
-NFrJFQijFE$_$2,RESOLVED_MISSING,audio,0
-NFrJFQijFE$_$2,RESOLVED_MISSING,audio,0
-NFrJFQijFE$_$2,RESOLVED_MISSING,audio,0
-NFrJFQijFE$_$2,RESOLVED_MISSING,audio,0
-NFrJFQijFE$_$2,RESOLVED_MISSING,audio,0
-NFrJFQijFE$_$2,RESOLVED_MISSING,audio,0
-NFrJFQijFE$_$2,RESOLVED_MISSING,audio,0
-NFrJFQijFE$_$2,RESOLVED_MISSING,audio,0
-NFrJFQijFE$_$2,RESOLVED_MISSING,audio,0
-NFrJFQijFE$_$2,RESOLVED_MISSING,audio,0
-RfYyzHpjk4$_$11,RESOLVED_VALID,audio,27
-RfYyzHpjk4$_$11,RESOLVED_VALID,audio,19
-RfYyzHpjk4$_$11,RESOLVED_VALID,audio,14
-RfYyzHpjk4$_$11,RESOLVED_VALID,audio,25
-RfYyzHpjk4$_$11,RESOLVED_VALID,audio,27
-RfYyzHpjk4$_$11,RESOLVED_VALID,audio,12
-RfYyzHpjk4$_$11,RESOLVED_VALID,audio,18
-RfYyzHpjk4$_$11,RESOLVED_VALID,audio,15
-RfYyzHpjk4$_$11,RESOLVED_VALID,audio,29
-RfYyzHpjk4$_$11,RESOLVED_VALID,audio,35
-RfYyzHpjk4$_$11,RESOLVED_VALID,audio,27
-RfYyzHpjk4$_$11,RESOLVED_VALID,audio,12
-RfYyzHpjk4$_$11,RESOLVED_VALID,audio,13
-RfYyzHpjk4$_$11,RESOLVED_VALID,audio,14
-RfYyzHpjk4$_$11,RESOLVED_VALID,audio,4
-RfYyzHpjk4$_$11,RESOLVED_VALID,audio,16
-RfYyzHpjk4$_$11,RESOLVED_VALID,audio,25
-RfYyzHpjk4$_$2,RESOLVED_VALID,audio,12
-RfYyzHpjk4$_$2,RESOLVED_VALID,audio,14
-RfYyzHpjk4$_$2,RESOLVED_VALID,audio,16
-RfYyzHpjk4$_$2,RESOLVED_VALID,audio,6
-RfYyzHpjk4$_$2,RESOLVED_VALID,audio,36
-RfYyzHpjk4$_$2,RESOLVED_VALID,audio,21
-RfYyzHpjk4$_$2,RESOLVED_VALID,audio,12
-RfYyzHpjk4$_$2,RESOLVED_VALID,audio,8
-RfYyzHpjk4$_$2,RESOLVED_VALID,audio,25
-RfYyzHpjk4$_$2,RESOLVED_VALID,audio,24
-RfYyzHpjk4$_$2,RESOLVED_VALID,audio,6
-RfYyzHpjk4$_$2,RESOLVED_VALID,audio,14
-RfYyzHpjk4$_$2,RESOLVED_VALID,audio,8
-RfYyzHpjk4$_$2,RESOLVED_VALID,audio,31
-RfYyzHpjk4$_$2,RESOLVED_VALID,audio,12
-RfYyzHpjk4$_$2,RESOLVED_VALID,audio,12
-RfYyzHpjk4$_$2,RESOLVED_VALID,audio,3
-RfYyzHpjk4$_$2,RESOLVED_VALID,audio,16
-RfYyzHpjk4$_$2,RESOLVED_VALID,audio,6
-RfYyzHpjk4$_$2,RESOLVED_VALID,audio,37
-RfYyzHpjk4$_$2,RESOLVED_VALID,audio,14
-RfYyzHpjk4$_$2,RESOLVED_VALID,audio,27
-RfYyzHpjk4$_$2,RESOLVED_VALID,audio,22
-RfYyzHpjk4$_$2,RESOLVED_VALID,audio,10
-RfYyzHpjk4$_$2,RESOLVED_VALID,audio,18
-RfYyzHpjk4$_$8,RESOLVED_VALID,audio,14
-RfYyzHpjk4$_$8,RESOLVED_VALID,audio,30
-RfYyzHpjk4$_$8,RESOLVED_VALID,audio,28
-RfYyzHpjk4$_$8,RESOLVED_VALID,audio,22
-RfYyzHpjk4$_$8,RESOLVED_VALID,audio,10
-RfYyzHpjk4$_$8,RESOLVED_VALID,audio,16
-RfYyzHpjk4$_$8,RESOLVED_VALID,audio,10
-RfYyzHpjk4$_$8,RESOLVED_VALID,audio,18
-RfYyzHpjk4$_$8,RESOLVED_VALID,audio,12
-RfYyzHpjk4$_$8,RESOLVED_VALID,audio,10
-RfYyzHpjk4$_$8,RESOLVED_VALID,audio,22
-RfYyzHpjk4$_$8,RESOLVED_VALID,audio,14
-RfYyzHpjk4$_$8,RESOLVED_VALID,audio,19
-RfYyzHpjk4$_$8,RESOLVED_VALID,audio,28
-RfYyzHpjk4$_$8,RESOLVED_VALID,audio,22
-RfYyzHpjk4$_$8,RESOLVED_VALID,audio,8
-RfYyzHpjk4$_$8,RESOLVED_VALID,audio,31
-THoVjtIkeU$_$12,RESOLVED_VALID,audio,16
-THoVjtIkeU$_$12,RESOLVED_VALID,audio,18
-THoVjtIkeU$_$12,RESOLVED_VALID,audio,12
-THoVjtIkeU$_$12,RESOLVED_VALID,audio,19
-THoVjtIkeU$_$12,RESOLVED_VALID,audio,10
-THoVjtIkeU$_$12,RESOLVED_VALID,audio,42
-THoVjtIkeU$_$12,RESOLVED_VALID,audio,22
-THoVjtIkeU$_$12,RESOLVED_VALID,audio,8
-THoVjtIkeU$_$12,RESOLVED_VALID,audio,14
-THoVjtIkeU$_$12,RESOLVED_VALID,audio,36
-THoVjtIkeU$_$12,RESOLVED_VALID,audio,9
-THoVjtIkeU$_$12,RESOLVED_VALID,audio,18
-THoVjtIkeU$_$12,RESOLVED_VALID,audio,8
-THoVjtIkeU$_$12,RESOLVED_VALID,audio,16
-THoVjtIkeU$_$12,RESOLVED_VALID,audio,52
-THoVjtIkeU$_$12,RESOLVED_VALID,audio,14
-THoVjtIkeU$_$12,RESOLVED_VALID,audio,32
-THoVjtIkeU$_$12,RESOLVED_VALID,audio,8
-THoVjtIkeU$_$12,RESOLVED_VALID,audio,46
-THoVjtIkeU$_$12,RESOLVED_VALID,audio,8
-THoVjtIkeU$_$12,RESOLVED_VALID,audio,22
-THoVjtIkeU$_$12,RESOLVED_VALID,audio,56
-THoVjtIkeU$_$12,RESOLVED_VALID,audio,73
-THoVjtIkeU$_$12,RESOLVED_VALID,audio,30
-THoVjtIkeU$_$12,RESOLVED_VALID,audio,38
-THoVjtIkeU$_$12,RESOLVED_VALID,audio,20
-THoVjtIkeU$_$12,RESOLVED_VALID,audio,10
-THoVjtIkeU$_$12,RESOLVED_VALID,audio,42
-THoVjtIkeU$_$12,RESOLVED_VALID,audio,8
-THoVjtIkeU$_$12,RESOLVED_VALID,audio,7
-THoVjtIkeU$_$12,RESOLVED_VALID,audio,12
-THoVjtIkeU$_$12,RESOLVED_VALID,audio,50
-THoVjtIkeU$_$12,RESOLVED_VALID,audio,10
-THoVjtIkeU$_$12,RESOLVED_VALID,audio,28
-THoVjtIkeU$_$12,RESOLVED_VALID,audio,12
-THoVjtIkeU$_$12,RESOLVED_VALID,audio,15
-THoVjtIkeU$_$12,RESOLVED_VALID,audio,22
-THoVjtIkeU$_$12,RESOLVED_VALID,audio,6
-THoVjtIkeU$_$12,RESOLVED_VALID,audio,48
-THoVjtIkeU$_$2,RESOLVED_VALID,audio,8
-THoVjtIkeU$_$2,RESOLVED_VALID,audio,26
-THoVjtIkeU$_$2,RESOLVED_VALID,audio,26
-THoVjtIkeU$_$2,RESOLVED_VALID,audio,35
-THoVjtIkeU$_$2,RESOLVED_VALID,audio,10
-THoVjtIkeU$_$2,RESOLVED_VALID,audio,42
-THoVjtIkeU$_$2,RESOLVED_VALID,audio,43
-THoVjtIkeU$_$2,RESOLVED_VALID,audio,18
-THoVjtIkeU$_$2,RESOLVED_VALID,audio,22
-THoVjtIkeU$_$2,RESOLVED_VALID,audio,36
-THoVjtIkeU$_$6,RESOLVED_PARTIAL,audio,10
-THoVjtIkeU$_$6,RESOLVED_PARTIAL,audio,14
-THoVjtIkeU$_$6,RESOLVED_PARTIAL,audio,18
-THoVjtIkeU$_$6,RESOLVED_PARTIAL,audio,4
-THoVjtIkeU$_$6,RESOLVED_PARTIAL,audio,18
-THoVjtIkeU$_$6,RESOLVED_PARTIAL,audio,42
-THoVjtIkeU$_$6,RESOLVED_PARTIAL,audio,8
-THoVjtIkeU$_$6,RESOLVED_PARTIAL,audio,20
-THoVjtIkeU$_$6,RESOLVED_PARTIAL,audio,34
-THoVjtIkeU$_$6,RESOLVED_PARTIAL,audio,36
-THoVjtIkeU$_$6,RESOLVED_PARTIAL,audio,10
-THoVjtIkeU$_$6,RESOLVED_PARTIAL,audio,16
-THoVjtIkeU$_$6,RESOLVED_PARTIAL,audio,16
-THoVjtIkeU$_$6,RESOLVED_PARTIAL,audio,16
-THoVjtIkeU$_$6,RESOLVED_PARTIAL,audio,10
-THoVjtIkeU$_$6,RESOLVED_PARTIAL,audio,24
-THoVjtIkeU$_$6,RESOLVED_PARTIAL,audio,28
-THoVjtIkeU$_$6,RESOLVED_PARTIAL,audio,14
-THoVjtIkeU$_$6,RESOLVED_PARTIAL,audio,8
-THoVjtIkeU$_$6,RESOLVED_PARTIAL,audio,12
-THoVjtIkeU$_$6,RESOLVED_PARTIAL,audio,22
-THoVjtIkeU$_$6,RESOLVED_PARTIAL,audio,14
-THoVjtIkeU$_$6,RESOLVED_PARTIAL,audio,24
-THoVjtIkeU$_$6,RESOLVED_PARTIAL,audio,10
-THoVjtIkeU$_$6,RESOLVED_PARTIAL,audio,32
-THoVjtIkeU$_$6,RESOLVED_PARTIAL,audio,10
-THoVjtIkeU$_$6,RESOLVED_PARTIAL,audio,10
-THoVjtIkeU$_$6,RESOLVED_PARTIAL,audio,39
-THoVjtIkeU$_$6,RESOLVED_PARTIAL,audio,6
-THoVjtIkeU$_$6,RESOLVED_PARTIAL,audio,26
-UUCSKoHeMA$_$0,RESOLVED_VALID,audio,8
-UUCSKoHeMA$_$0,RESOLVED_VALID,audio,40
-UUCSKoHeMA$_$0,RESOLVED_VALID,audio,4
-UUCSKoHeMA$_$0,RESOLVED_VALID,audio,36
-UUCSKoHeMA$_$0,RESOLVED_VALID,audio,10
-UUCSKoHeMA$_$0,RESOLVED_VALID,audio,10
-UUCSKoHeMA$_$0,RESOLVED_VALID,audio,35
-UUCSKoHeMA$_$0,RESOLVED_VALID,audio,36
-UUCSKoHeMA$_$0,RESOLVED_VALID,audio,30
-UUCSKoHeMA$_$0,RESOLVED_VALID,audio,102
-UUCSKoHeMA$_$0,RESOLVED_VALID,audio,10
-UUCSKoHeMA$_$0,RESOLVED_VALID,audio,4
-UUCSKoHeMA$_$0,RESOLVED_VALID,audio,12
-UUCSKoHeMA$_$0,RESOLVED_VALID,audio,8
-UUCSKoHeMA$_$0,RESOLVED_VALID,audio,26
-UUCSKoHeMA$_$0,RESOLVED_VALID,audio,29
-UUCSKoHeMA$_$0,RESOLVED_VALID,audio,18
-UUCSKoHeMA$_$0,RESOLVED_VALID,audio,51
-UacrmKiTn4$_$10,RESOLVED_VALID,audio,33
-UacrmKiTn4$_$10,RESOLVED_VALID,audio,10
-UacrmKiTn4$_$10,RESOLVED_VALID,audio,18
-UacrmKiTn4$_$10,RESOLVED_VALID,audio,10
-UacrmKiTn4$_$10,RESOLVED_VALID,audio,30
-UacrmKiTn4$_$10,RESOLVED_VALID,audio,8
-UacrmKiTn4$_$10,RESOLVED_VALID,audio,18
-UacrmKiTn4$_$10,RESOLVED_VALID,audio,18
-UacrmKiTn4$_$10,RESOLVED_VALID,audio,22
-UacrmKiTn4$_$10,RESOLVED_VALID,audio,71
-UacrmKiTn4$_$10,RESOLVED_VALID,audio,24
-UacrmKiTn4$_$10,RESOLVED_VALID,audio,33
-UacrmKiTn4$_$10,RESOLVED_VALID,audio,8
-UacrmKiTn4$_$10,RESOLVED_VALID,audio,63
-UacrmKiTn4$_$10,RESOLVED_VALID,audio,16
-UacrmKiTn4$_$10,RESOLVED_VALID,audio,22
-UacrmKiTn4$_$10,RESOLVED_VALID,audio,16
-UacrmKiTn4$_$10,RESOLVED_VALID,audio,10
-UacrmKiTn4$_$4,RESOLVED_VALID,audio,23
-UacrmKiTn4$_$4,RESOLVED_VALID,audio,24
-UacrmKiTn4$_$4,RESOLVED_VALID,audio,10
-UacrmKiTn4$_$4,RESOLVED_VALID,audio,16
-UacrmKiTn4$_$4,RESOLVED_VALID,audio,14
-UacrmKiTn4$_$4,RESOLVED_VALID,audio,59
-UacrmKiTn4$_$4,RESOLVED_VALID,audio,14
-UacrmKiTn4$_$4,RESOLVED_VALID,audio,10
-UacrmKiTn4$_$4,RESOLVED_VALID,audio,18
-UacrmKiTn4$_$4,RESOLVED_VALID,audio,28
-UacrmKiTn4$_$4,RESOLVED_VALID,audio,10
-UacrmKiTn4$_$4,RESOLVED_VALID,audio,22
-UacrmKiTn4$_$4,RESOLVED_VALID,audio,10
-UacrmKiTn4$_$4,RESOLVED_VALID,audio,61
-UuX1xuaiiE$_$0,RESOLVED_PARTIAL,audio,12
-UuX1xuaiiE$_$0,RESOLVED_PARTIAL,audio,51
-UuX1xuaiiE$_$0,RESOLVED_PARTIAL,audio,14
-UuX1xuaiiE$_$0,RESOLVED_PARTIAL,audio,22
-UuX1xuaiiE$_$0,RESOLVED_PARTIAL,audio,18
-UuX1xuaiiE$_$0,RESOLVED_PARTIAL,audio,78
-UuX1xuaiiE$_$0,RESOLVED_PARTIAL,audio,10
-UuX1xuaiiE$_$0,RESOLVED_PARTIAL,audio,14
-UuX1xuaiiE$_$0,RESOLVED_PARTIAL,audio,45
-UuX1xuaiiE$_$1,RESOLVED_PARTIAL,audio,34
-UuX1xuaiiE$_$1,RESOLVED_PARTIAL,audio,16
-UuX1xuaiiE$_$1,RESOLVED_PARTIAL,audio,8
-UuX1xuaiiE$_$1,RESOLVED_PARTIAL,audio,16
-UuX1xuaiiE$_$1,RESOLVED_PARTIAL,audio,10
-UuX1xuaiiE$_$1,RESOLVED_PARTIAL,audio,29
-UuX1xuaiiE$_$1,RESOLVED_PARTIAL,audio,24
-UuX1xuaiiE$_$1,RESOLVED_PARTIAL,audio,20
-UuX1xuaiiE$_$1,RESOLVED_PARTIAL,audio,12
-UuX1xuaiiE$_$1,RESOLVED_PARTIAL,audio,64
-UuX1xuaiiE$_$1,RESOLVED_PARTIAL,audio,66
-UuX1xuaiiE$_$1,RESOLVED_PARTIAL,audio,30
-UuX1xuaiiE$_$1,RESOLVED_PARTIAL,audio,30
-UuX1xuaiiE$_$1,RESOLVED_PARTIAL,audio,44
-UuX1xuaiiE$_$1,RESOLVED_PARTIAL,audio,32
-UuX1xuaiiE$_$1,RESOLVED_PARTIAL,audio,26
-UuX1xuaiiE$_$1,RESOLVED_PARTIAL,audio,4
-UuX1xuaiiE$_$1,RESOLVED_PARTIAL,audio,22
-UuX1xuaiiE$_$1,RESOLVED_PARTIAL,audio,16
-UuX1xuaiiE$_$1,RESOLVED_PARTIAL,audio,24
-UuX1xuaiiE$_$1,RESOLVED_PARTIAL,audio,26
-UuX1xuaiiE$_$1,RESOLVED_PARTIAL,audio,46
-UuX1xuaiiE$_$1,RESOLVED_PARTIAL,audio,41
-UuX1xuaiiE$_$1,RESOLVED_PARTIAL,audio,10
-UuX1xuaiiE$_$1,RESOLVED_PARTIAL,audio,36
-UuX1xuaiiE$_$1,RESOLVED_PARTIAL,audio,16
-UuX1xuaiiE$_$1,RESOLVED_PARTIAL,audio,24
-UuX1xuaiiE$_$3,RESOLVED_VALID,audio,12
-UuX1xuaiiE$_$3,RESOLVED_VALID,audio,32
-UuX1xuaiiE$_$3,RESOLVED_VALID,audio,14
-UuX1xuaiiE$_$3,RESOLVED_VALID,audio,25
-UuX1xuaiiE$_$3,RESOLVED_VALID,audio,37
-UuX1xuaiiE$_$3,RESOLVED_VALID,audio,6
-UuX1xuaiiE$_$3,RESOLVED_VALID,audio,24
-UuX1xuaiiE$_$3,RESOLVED_VALID,audio,27
-UuX1xuaiiE$_$3,RESOLVED_VALID,audio,28
-UuX1xuaiiE$_$6,RESOLVED_VALID,audio,6
-UuX1xuaiiE$_$6,RESOLVED_VALID,audio,18
-UuX1xuaiiE$_$6,RESOLVED_VALID,audio,8
-UuX1xuaiiE$_$6,RESOLVED_VALID,audio,20
-UuX1xuaiiE$_$6,RESOLVED_VALID,audio,8
-UuX1xuaiiE$_$6,RESOLVED_VALID,audio,23
-UuX1xuaiiE$_$6,RESOLVED_VALID,audio,29
-UuX1xuaiiE$_$6,RESOLVED_VALID,audio,8
-UuX1xuaiiE$_$6,RESOLVED_VALID,audio,22
-UuX1xuaiiE$_$6,RESOLVED_VALID,audio,45
-UuX1xuaiiE$_$6,RESOLVED_VALID,audio,12
-UuX1xuaiiE$_$6,RESOLVED_VALID,audio,6
-UuX1xuaiiE$_$6,RESOLVED_VALID,audio,44
-UuX1xuaiiE$_$6,RESOLVED_VALID,audio,134
-UuX1xuaiiE$_$6,RESOLVED_VALID,audio,65
-UuX1xuaiiE$_$6,RESOLVED_VALID,audio,25
-UuX1xuaiiE$_$6,RESOLVED_VALID,audio,18
-UuX1xuaiiE$_$6,RESOLVED_VALID,audio,29
-UuX1xuaiiE$_$6,RESOLVED_VALID,audio,8
-UuX1xuaiiE$_$6,RESOLVED_VALID,audio,21
-UuX1xuaiiE$_$6,RESOLVED_VALID,audio,20
-UuX1xuaiiE$_$6,RESOLVED_VALID,audio,37
-a55Q6RWvTA$_$3,RESOLVED_VALID,audio,16
-a55Q6RWvTA$_$3,RESOLVED_VALID,audio,18
-a55Q6RWvTA$_$3,RESOLVED_VALID,audio,24
-a55Q6RWvTA$_$3,RESOLVED_VALID,audio,30
-a55Q6RWvTA$_$3,RESOLVED_VALID,audio,86
-a55Q6RWvTA$_$3,RESOLVED_VALID,audio,10
-a55Q6RWvTA$_$3,RESOLVED_VALID,audio,16
-a55Q6RWvTA$_$3,RESOLVED_VALID,audio,26
-a55Q6RWvTA$_$3,RESOLVED_VALID,audio,14
-a55Q6RWvTA$_$3,RESOLVED_VALID,audio,14
-a55Q6RWvTA$_$3,RESOLVED_VALID,audio,16
-a55Q6RWvTA$_$3,RESOLVED_VALID,audio,44
-a55Q6RWvTA$_$3,RESOLVED_VALID,audio,12
-a55Q6RWvTA$_$3,RESOLVED_VALID,audio,52
-a55Q6RWvTA$_$3,RESOLVED_VALID,audio,12
-a55Q6RWvTA$_$3,RESOLVED_VALID,audio,22
-a55Q6RWvTA$_$3,RESOLVED_VALID,audio,6
-a55Q6RWvTA$_$3,RESOLVED_VALID,audio,16
-a55Q6RWvTA$_$3,RESOLVED_VALID,audio,46
-a55Q6RWvTA$_$3,RESOLVED_VALID,audio,12
-a55Q6RWvTA$_$3,RESOLVED_VALID,audio,20
-a55Q6RWvTA$_$3,RESOLVED_VALID,audio,10
-a55Q6RWvTA$_$3,RESOLVED_VALID,audio,22
-a55Q6RWvTA$_$3,RESOLVED_VALID,audio,12
-a55Q6RWvTA$_$3,RESOLVED_VALID,audio,36
-a55Q6RWvTA$_$3,RESOLVED_VALID,audio,10
-a55Q6RWvTA$_$3,RESOLVED_VALID,audio,28
-a55Q6RWvTA$_$3,RESOLVED_VALID,audio,20
-a55Q6RWvTA$_$3,RESOLVED_VALID,audio,30
-a55Q6RWvTA$_$3,RESOLVED_VALID,audio,18
-a55Q6RWvTA$_$3,RESOLVED_VALID,audio,26
-a55Q6RWvTA$_$3,RESOLVED_VALID,audio,24
-a55Q6RWvTA$_$3,RESOLVED_VALID,audio,14
-a55Q6RWvTA$_$3,RESOLVED_VALID,audio,22
-a55Q6RWvTA$_$3,RESOLVED_VALID,audio,22
-a55Q6RWvTA$_$3,RESOLVED_VALID,audio,8
-a55Q6RWvTA$_$3,RESOLVED_VALID,audio,24
-a55Q6RWvTA$_$3,RESOLVED_VALID,audio,12
-a55Q6RWvTA$_$3,RESOLVED_VALID,audio,103
-a55Q6RWvTA$_$3,RESOLVED_VALID,audio,32
-a55Q6RWvTA$_$3,RESOLVED_VALID,audio,6
-a55Q6RWvTA$_$3,RESOLVED_VALID,audio,130
-a55Q6RWvTA$_$3,RESOLVED_VALID,audio,26
-a55Q6RWvTA$_$3,RESOLVED_VALID,audio,14
-a55Q6RWvTA$_$3,RESOLVED_VALID,audio,4
-a55Q6RWvTA$_$3,RESOLVED_VALID,audio,24
-a55Q6RWvTA$_$3,RESOLVED_VALID,audio,34
-a55Q6RWvTA$_$3,RESOLVED_VALID,audio,10
-a55Q6RWvTA$_$3,RESOLVED_VALID,audio,6
-a55Q6RWvTA$_$3,RESOLVED_VALID,audio,24
-a55Q6RWvTA$_$3,RESOLVED_VALID,audio,58
-a55Q6RWvTA$_$3,RESOLVED_VALID,audio,60
-a55Q6RWvTA$_$3,RESOLVED_VALID,audio,8
-a55Q6RWvTA$_$3,RESOLVED_VALID,audio,32
-a55Q6RWvTA$_$3,RESOLVED_VALID,audio,20
-a55Q6RWvTA$_$3,RESOLVED_VALID,audio,8
-a55Q6RWvTA$_$3,RESOLVED_VALID,audio,15
-a55Q6RWvTA$_$3,RESOLVED_VALID,audio,42
-a55Q6RWvTA$_$3,RESOLVED_VALID,audio,16
-a55Q6RWvTA$_$3,RESOLVED_VALID,audio,20
-a55Q6RWvTA$_$3,RESOLVED_VALID,audio,16
-a55Q6RWvTA$_$3,RESOLVED_VALID,audio,52
-a55Q6RWvTA$_$3,RESOLVED_VALID,audio,38
-a55Q6RWvTA$_$3,RESOLVED_VALID,audio,30
-a55Q6RWvTA$_$3,RESOLVED_VALID,audio,36
-aNfi7CP8vM$_$7,RESOLVED_VALID,audio,106
-aNfi7CP8vM$_$7,RESOLVED_VALID,audio,18
-aNfi7CP8vM$_$7,RESOLVED_VALID,audio,14
-aNfi7CP8vM$_$7,RESOLVED_VALID,audio,16
-aNfi7CP8vM$_$7,RESOLVED_VALID,audio,47
-aNfi7CP8vM$_$7,RESOLVED_VALID,audio,35
-aNfi7CP8vM$_$7,RESOLVED_VALID,audio,87
-aNfi7CP8vM$_$7,RESOLVED_VALID,audio,22
-aNfi7CP8vM$_$7,RESOLVED_VALID,audio,16
-aNfi7CP8vM$_$7,RESOLVED_VALID,audio,42
-aNfi7CP8vM$_$7,RESOLVED_VALID,audio,6
-aNfi7CP8vM$_$7,RESOLVED_VALID,audio,63
-aNfi7CP8vM$_$7,RESOLVED_VALID,audio,14
-aNfi7CP8vM$_$7,RESOLVED_VALID,audio,18
-aNfi7CP8vM$_$7,RESOLVED_VALID,audio,21
-aNfi7CP8vM$_$7,RESOLVED_VALID,audio,24
-aNfi7CP8vM$_$7,RESOLVED_VALID,audio,27
-aNfi7CP8vM$_$7,RESOLVED_VALID,audio,69
-aqamKhZ1Ec$_$0,RESOLVED_PARTIAL,audio,69
-aqamKhZ1Ec$_$0,RESOLVED_PARTIAL,audio,146
-aqamKhZ1Ec$_$0,RESOLVED_PARTIAL,audio,16
-aqamKhZ1Ec$_$0,RESOLVED_PARTIAL,audio,16
-aqamKhZ1Ec$_$0,RESOLVED_PARTIAL,audio,32
-aqamKhZ1Ec$_$0,RESOLVED_PARTIAL,audio,48
-aqamKhZ1Ec$_$0,RESOLVED_PARTIAL,audio,45
-aqamKhZ1Ec$_$0,RESOLVED_PARTIAL,audio,52
-aqamKhZ1Ec$_$0,RESOLVED_PARTIAL,audio,12
-aqamKhZ1Ec$_$0,RESOLVED_PARTIAL,audio,218
-aqamKhZ1Ec$_$0,RESOLVED_PARTIAL,audio,43
-aqamKhZ1Ec$_$0,RESOLVED_PARTIAL,audio,6
-aqamKhZ1Ec$_$0,RESOLVED_PARTIAL,audio,48
-aqamKhZ1Ec$_$0,RESOLVED_PARTIAL,audio,48
-dxfTGcXJoc$_$0,RESOLVED_VALID,audio,18
-dxfTGcXJoc$_$0,RESOLVED_VALID,audio,10
-dxfTGcXJoc$_$0,RESOLVED_VALID,audio,36
-dxfTGcXJoc$_$0,RESOLVED_VALID,audio,33
-dxfTGcXJoc$_$0,RESOLVED_VALID,audio,36
-dxfTGcXJoc$_$0,RESOLVED_VALID,audio,10
-dxfTGcXJoc$_$0,RESOLVED_VALID,audio,28
-dxfTGcXJoc$_$0,RESOLVED_VALID,audio,51
-dxfTGcXJoc$_$0,RESOLVED_VALID,audio,12
-dxfTGcXJoc$_$0,RESOLVED_VALID,audio,32
-dxfTGcXJoc$_$0,RESOLVED_VALID,audio,10
-dxfTGcXJoc$_$0,RESOLVED_VALID,audio,34
-dxfTGcXJoc$_$0,RESOLVED_VALID,audio,10
-dxfTGcXJoc$_$0,RESOLVED_VALID,audio,20
-dxfTGcXJoc$_$0,RESOLVED_VALID,audio,20
-dxfTGcXJoc$_$0,RESOLVED_VALID,audio,98
-dxfTGcXJoc$_$0,RESOLVED_VALID,audio,85
-dxfTGcXJoc$_$0,RESOLVED_VALID,audio,12
-dxfTGcXJoc$_$0,RESOLVED_VALID,audio,62
-dxfTGcXJoc$_$0,RESOLVED_VALID,audio,45
-dxfTGcXJoc$_$0,RESOLVED_VALID,audio,10
-dxfTGcXJoc$_$0,RESOLVED_VALID,audio,18
-dxfTGcXJoc$_$0,RESOLVED_VALID,audio,14
-dxfTGcXJoc$_$0,RESOLVED_VALID,audio,47
-dxfTGcXJoc$_$0,RESOLVED_VALID,audio,34
-dxfTGcXJoc$_$0,RESOLVED_VALID,audio,12
-dxfTGcXJoc$_$0,RESOLVED_VALID,audio,22
-dxfTGcXJoc$_$0,RESOLVED_VALID,audio,14
-dxfTGcXJoc$_$0,RESOLVED_VALID,audio,20
-dxfTGcXJoc$_$0,RESOLVED_VALID,audio,40
-dxfTGcXJoc$_$0,RESOLVED_VALID,audio,10
-dxfTGcXJoc$_$0,RESOLVED_VALID,audio,38
-dxfTGcXJoc$_$0,RESOLVED_VALID,audio,28
-dxfTGcXJoc$_$0,RESOLVED_VALID,audio,95
-dxfTGcXJoc$_$0,RESOLVED_VALID,audio,12
-dxfTGcXJoc$_$0,RESOLVED_VALID,audio,87
-dxfTGcXJoc$_$0,RESOLVED_VALID,audio,10
-dxfTGcXJoc$_$0,RESOLVED_VALID,audio,103
-dxfTGcXJoc$_$0,RESOLVED_VALID,audio,10
-dxfTGcXJoc$_$0,RESOLVED_VALID,audio,34
-dxfTGcXJoc$_$0,RESOLVED_VALID,audio,52
-dxfTGcXJoc$_$1,RESOLVED_VALID,audio,14
-dxfTGcXJoc$_$1,RESOLVED_VALID,audio,10
-dxfTGcXJoc$_$1,RESOLVED_VALID,audio,26
-dxfTGcXJoc$_$1,RESOLVED_VALID,audio,35
-dxfTGcXJoc$_$1,RESOLVED_VALID,audio,28
-dxfTGcXJoc$_$1,RESOLVED_VALID,audio,35
-dxfTGcXJoc$_$1,RESOLVED_VALID,audio,8
-dxfTGcXJoc$_$1,RESOLVED_VALID,audio,52
-dxfTGcXJoc$_$1,RESOLVED_VALID,audio,35
-dxfTGcXJoc$_$1,RESOLVED_VALID,audio,12
-dxfTGcXJoc$_$1,RESOLVED_VALID,audio,24
-dxfTGcXJoc$_$1,RESOLVED_VALID,audio,51
-dxfTGcXJoc$_$1,RESOLVED_VALID,audio,60
-dxfTGcXJoc$_$1,RESOLVED_VALID,audio,44
-dxfTGcXJoc$_$1,RESOLVED_VALID,audio,12
-dxfTGcXJoc$_$1,RESOLVED_VALID,audio,74
-dxfTGcXJoc$_$1,RESOLVED_VALID,audio,18
-dxfTGcXJoc$_$1,RESOLVED_VALID,audio,10
-dxfTGcXJoc$_$1,RESOLVED_VALID,audio,64
-dxfTGcXJoc$_$1,RESOLVED_VALID,audio,10
-dxfTGcXJoc$_$1,RESOLVED_VALID,audio,14
-dxfTGcXJoc$_$1,RESOLVED_VALID,audio,36
-dxfTGcXJoc$_$1,RESOLVED_VALID,audio,50
-dxfTGcXJoc$_$1,RESOLVED_VALID,audio,56
-dxfTGcXJoc$_$1,RESOLVED_VALID,audio,52
-dxfTGcXJoc$_$1,RESOLVED_VALID,audio,18
-dxfTGcXJoc$_$1,RESOLVED_VALID,audio,12
-dxfTGcXJoc$_$1,RESOLVED_VALID,audio,10
-dxfTGcXJoc$_$1,RESOLVED_VALID,audio,18
-dxfTGcXJoc$_$1,RESOLVED_VALID,audio,22
-dxfTGcXJoc$_$1,RESOLVED_VALID,audio,46
-dxfTGcXJoc$_$1,RESOLVED_VALID,audio,40
-dxfTGcXJoc$_$1,RESOLVED_VALID,audio,18
-dxfTGcXJoc$_$1,RESOLVED_VALID,audio,22
-dxfTGcXJoc$_$1,RESOLVED_VALID,audio,8
-dxfTGcXJoc$_$1,RESOLVED_VALID,audio,54
-dxfTGcXJoc$_$2,RESOLVED_VALID,audio,8
-dxfTGcXJoc$_$2,RESOLVED_VALID,audio,94
-dxfTGcXJoc$_$2,RESOLVED_VALID,audio,54
-dxfTGcXJoc$_$2,RESOLVED_VALID,audio,68
-dxfTGcXJoc$_$2,RESOLVED_VALID,audio,60
-dxfTGcXJoc$_$2,RESOLVED_VALID,audio,68
-dxfTGcXJoc$_$2,RESOLVED_VALID,audio,10
-dxfTGcXJoc$_$2,RESOLVED_VALID,audio,42
-dxfTGcXJoc$_$2,RESOLVED_VALID,audio,48
-dxfTGcXJoc$_$2,RESOLVED_VALID,audio,16
-dxfTGcXJoc$_$2,RESOLVED_VALID,audio,20
-dxfTGcXJoc$_$2,RESOLVED_VALID,audio,14
-dxfTGcXJoc$_$2,RESOLVED_VALID,audio,31
-dxfTGcXJoc$_$2,RESOLVED_VALID,audio,44
-dxfTGcXJoc$_$2,RESOLVED_VALID,audio,16
-dxfTGcXJoc$_$2,RESOLVED_VALID,audio,10
-dxfTGcXJoc$_$2,RESOLVED_VALID,audio,10
-dxfTGcXJoc$_$2,RESOLVED_VALID,audio,38
-dxfTGcXJoc$_$2,RESOLVED_VALID,audio,50
-dxfTGcXJoc$_$2,RESOLVED_VALID,audio,12
-dxfTGcXJoc$_$2,RESOLVED_VALID,audio,34
-dxfTGcXJoc$_$2,RESOLVED_VALID,audio,24
-dxfTGcXJoc$_$2,RESOLVED_VALID,audio,10
-dxfTGcXJoc$_$2,RESOLVED_VALID,audio,36
-dxfTGcXJoc$_$2,RESOLVED_VALID,audio,56
-dxfTGcXJoc$_$2,RESOLVED_VALID,audio,56
-dxfTGcXJoc$_$2,RESOLVED_VALID,audio,10
-dxfTGcXJoc$_$2,RESOLVED_VALID,audio,10
-dxfTGcXJoc$_$2,RESOLVED_VALID,audio,54
-dxfTGcXJoc$_$2,RESOLVED_VALID,audio,44
-dxfTGcXJoc$_$2,RESOLVED_VALID,audio,9
-dxfTGcXJoc$_$2,RESOLVED_VALID,audio,48
-dxfTGcXJoc$_$2,RESOLVED_VALID,audio,38
-dxfTGcXJoc$_$2,RESOLVED_VALID,audio,76
-dxfTGcXJoc$_$6,RESOLVED_VALID,audio,52
-dxfTGcXJoc$_$6,RESOLVED_VALID,audio,89
-dxfTGcXJoc$_$6,RESOLVED_VALID,audio,8
-dxfTGcXJoc$_$6,RESOLVED_VALID,audio,14
-dxfTGcXJoc$_$6,RESOLVED_VALID,audio,34
-dxfTGcXJoc$_$6,RESOLVED_VALID,audio,40
-dxfTGcXJoc$_$6,RESOLVED_VALID,audio,61
-dxfTGcXJoc$_$6,RESOLVED_VALID,audio,54
-dxfTGcXJoc$_$6,RESOLVED_VALID,audio,12
-dxfTGcXJoc$_$6,RESOLVED_VALID,audio,12
-dxfTGcXJoc$_$6,RESOLVED_VALID,audio,55
-dxfTGcXJoc$_$6,RESOLVED_VALID,audio,38
-dxfTGcXJoc$_$6,RESOLVED_VALID,audio,16
-dxfTGcXJoc$_$6,RESOLVED_VALID,audio,22
-dxfTGcXJoc$_$6,RESOLVED_VALID,audio,16
-dxfTGcXJoc$_$6,RESOLVED_VALID,audio,52
-dxfTGcXJoc$_$6,RESOLVED_VALID,audio,48
-dxfTGcXJoc$_$6,RESOLVED_VALID,audio,10
-dxfTGcXJoc$_$6,RESOLVED_VALID,audio,75
-dxfTGcXJoc$_$6,RESOLVED_VALID,audio,18
-dxfTGcXJoc$_$6,RESOLVED_VALID,audio,24
-dxfTGcXJoc$_$6,RESOLVED_VALID,audio,16
-dxfTGcXJoc$_$6,RESOLVED_VALID,audio,14
-dxfTGcXJoc$_$6,RESOLVED_VALID,audio,10
-dxfTGcXJoc$_$6,RESOLVED_VALID,audio,42
-dxfTGcXJoc$_$6,RESOLVED_VALID,audio,59
-dxfTGcXJoc$_$6,RESOLVED_VALID,audio,50
-egA8-b7-3M$_$1,RESOLVED_VALID,audio,34
-egA8-b7-3M$_$1,RESOLVED_VALID,audio,42
-egA8-b7-3M$_$1,RESOLVED_VALID,audio,6
-egA8-b7-3M$_$1,RESOLVED_VALID,audio,63
-egA8-b7-3M$_$1,RESOLVED_VALID,audio,24
-egA8-b7-3M$_$1,RESOLVED_VALID,audio,22
-egA8-b7-3M$_$1,RESOLVED_VALID,audio,55
-egA8-b7-3M$_$1,RESOLVED_VALID,audio,42
-egA8-b7-3M$_$1,RESOLVED_VALID,audio,36
-egA8-b7-3M$_$1,RESOLVED_VALID,audio,24
-egA8-b7-3M$_$1,RESOLVED_VALID,audio,10
-egA8-b7-3M$_$1,RESOLVED_VALID,audio,40
-egA8-b7-3M$_$1,RESOLVED_VALID,audio,38
-egA8-b7-3M$_$1,RESOLVED_VALID,audio,14
-egA8-b7-3M$_$1,RESOLVED_VALID,audio,26
-egA8-b7-3M$_$1,RESOLVED_VALID,audio,10
-egA8-b7-3M$_$1,RESOLVED_VALID,audio,32
-egA8-b7-3M$_$1,RESOLVED_VALID,audio,24
-egA8-b7-3M$_$1,RESOLVED_VALID,audio,23
-egA8-b7-3M$_$1,RESOLVED_VALID,audio,66
-egA8-b7-3M$_$13,RESOLVED_VALID,audio,12
-egA8-b7-3M$_$13,RESOLVED_VALID,audio,11
-egA8-b7-3M$_$13,RESOLVED_VALID,audio,12
-egA8-b7-3M$_$13,RESOLVED_VALID,audio,25
-egA8-b7-3M$_$13,RESOLVED_VALID,audio,23
-egA8-b7-3M$_$13,RESOLVED_VALID,audio,96
-egA8-b7-3M$_$13,RESOLVED_VALID,audio,17
-egA8-b7-3M$_$13,RESOLVED_VALID,audio,25
-egA8-b7-3M$_$13,RESOLVED_VALID,audio,23
-egA8-b7-3M$_$13,RESOLVED_VALID,audio,8
-egA8-b7-3M$_$13,RESOLVED_VALID,audio,33
-egA8-b7-3M$_$16,RESOLVED_VALID,audio,35
-egA8-b7-3M$_$16,RESOLVED_VALID,audio,36
-egA8-b7-3M$_$16,RESOLVED_VALID,audio,20
-egA8-b7-3M$_$16,RESOLVED_VALID,audio,46
-egA8-b7-3M$_$16,RESOLVED_VALID,audio,10
-egA8-b7-3M$_$16,RESOLVED_VALID,audio,57
-egA8-b7-3M$_$16,RESOLVED_VALID,audio,12
-egA8-b7-3M$_$16,RESOLVED_VALID,audio,54
-egA8-b7-3M$_$16,RESOLVED_VALID,audio,18
-egA8-b7-3M$_$16,RESOLVED_VALID,audio,52
-egA8-b7-3M$_$16,RESOLVED_VALID,audio,47
-egA8-b7-3M$_$17,RESOLVED_PARTIAL,audio,10
-egA8-b7-3M$_$17,RESOLVED_PARTIAL,audio,14
-egA8-b7-3M$_$17,RESOLVED_PARTIAL,audio,16
-egA8-b7-3M$_$17,RESOLVED_PARTIAL,audio,20
-egA8-b7-3M$_$17,RESOLVED_PARTIAL,audio,70
-egA8-b7-3M$_$17,RESOLVED_PARTIAL,audio,16
-egA8-b7-3M$_$17,RESOLVED_PARTIAL,audio,14
-egA8-b7-3M$_$17,RESOLVED_PARTIAL,audio,20
-egA8-b7-3M$_$17,RESOLVED_PARTIAL,audio,41
-egA8-b7-3M$_$17,RESOLVED_PARTIAL,audio,63
-egA8-b7-3M$_$17,RESOLVED_PARTIAL,audio,15
-egA8-b7-3M$_$17,RESOLVED_PARTIAL,audio,16
-egA8-b7-3M$_$17,RESOLVED_PARTIAL,audio,8
-egA8-b7-3M$_$17,RESOLVED_PARTIAL,audio,18
-egA8-b7-3M$_$17,RESOLVED_PARTIAL,audio,21
-egA8-b7-3M$_$17,RESOLVED_PARTIAL,audio,39
-egA8-b7-3M$_$18,RESOLVED_VALID,audio,10
-egA8-b7-3M$_$18,RESOLVED_VALID,audio,45
-egA8-b7-3M$_$18,RESOLVED_VALID,audio,47
-egA8-b7-3M$_$18,RESOLVED_VALID,audio,10
-egA8-b7-3M$_$18,RESOLVED_VALID,audio,18
-egA8-b7-3M$_$18,RESOLVED_VALID,audio,12
-egA8-b7-3M$_$18,RESOLVED_VALID,audio,6
-egA8-b7-3M$_$18,RESOLVED_VALID,audio,18
-egA8-b7-3M$_$18,RESOLVED_VALID,audio,67
-egA8-b7-3M$_$18,RESOLVED_VALID,audio,12
-egA8-b7-3M$_$18,RESOLVED_VALID,audio,36
-egA8-b7-3M$_$18,RESOLVED_VALID,audio,16
-egA8-b7-3M$_$18,RESOLVED_VALID,audio,36
-egA8-b7-3M$_$18,RESOLVED_VALID,audio,12
-egA8-b7-3M$_$18,RESOLVED_VALID,audio,25
-egA8-b7-3M$_$18,RESOLVED_VALID,audio,24
-egA8-b7-3M$_$18,RESOLVED_VALID,audio,10
-egA8-b7-3M$_$18,RESOLVED_VALID,audio,12
-egA8-b7-3M$_$18,RESOLVED_VALID,audio,22
-egA8-b7-3M$_$18,RESOLVED_VALID,audio,25
-egA8-b7-3M$_$18,RESOLVED_VALID,audio,42
-egA8-b7-3M$_$18,RESOLVED_VALID,audio,25
-egA8-b7-3M$_$20,RESOLVED_VALID,audio,18
-egA8-b7-3M$_$20,RESOLVED_VALID,audio,22
-egA8-b7-3M$_$20,RESOLVED_VALID,audio,19
-egA8-b7-3M$_$20,RESOLVED_VALID,audio,4
-egA8-b7-3M$_$20,RESOLVED_VALID,audio,31
-egA8-b7-3M$_$20,RESOLVED_VALID,audio,14
-egA8-b7-3M$_$20,RESOLVED_VALID,audio,15
-egA8-b7-3M$_$20,RESOLVED_VALID,audio,14
-egA8-b7-3M$_$20,RESOLVED_VALID,audio,41
-egA8-b7-3M$_$20,RESOLVED_VALID,audio,17
-egA8-b7-3M$_$20,RESOLVED_VALID,audio,6
-egA8-b7-3M$_$20,RESOLVED_VALID,audio,39
-egA8-b7-3M$_$20,RESOLVED_VALID,audio,12
-egA8-b7-3M$_$20,RESOLVED_VALID,audio,19
-egA8-b7-3M$_$20,RESOLVED_VALID,audio,23
-egA8-b7-3M$_$20,RESOLVED_VALID,audio,14
-egA8-b7-3M$_$20,RESOLVED_VALID,audio,47
-egA8-b7-3M$_$20,RESOLVED_VALID,audio,12
-egA8-b7-3M$_$20,RESOLVED_VALID,audio,20
-egA8-b7-3M$_$20,RESOLVED_VALID,audio,45
-egA8-b7-3M$_$26,RESOLVED_VALID,audio,21
-egA8-b7-3M$_$26,RESOLVED_VALID,audio,44
-egA8-b7-3M$_$26,RESOLVED_VALID,audio,8
-egA8-b7-3M$_$26,RESOLVED_VALID,audio,16
-egA8-b7-3M$_$26,RESOLVED_VALID,audio,10
-egA8-b7-3M$_$26,RESOLVED_VALID,audio,31
-egA8-b7-3M$_$26,RESOLVED_VALID,audio,12
-egA8-b7-3M$_$26,RESOLVED_VALID,audio,32
-egA8-b7-3M$_$26,RESOLVED_VALID,audio,36
-egA8-b7-3M$_$26,RESOLVED_VALID,audio,12
-egA8-b7-3M$_$26,RESOLVED_VALID,audio,18
-egA8-b7-3M$_$26,RESOLVED_VALID,audio,51
-egA8-b7-3M$_$26,RESOLVED_VALID,audio,8
-egA8-b7-3M$_$26,RESOLVED_VALID,audio,10
-egA8-b7-3M$_$26,RESOLVED_VALID,audio,52
-egA8-b7-3M$_$6,RESOLVED_VALID,audio,34
-egA8-b7-3M$_$6,RESOLVED_VALID,audio,56
-egA8-b7-3M$_$6,RESOLVED_VALID,audio,13
-egA8-b7-3M$_$6,RESOLVED_VALID,audio,4
-egA8-b7-3M$_$6,RESOLVED_VALID,audio,52
-egA8-b7-3M$_$6,RESOLVED_VALID,audio,66
-egA8-b7-3M$_$6,RESOLVED_VALID,audio,12
-egA8-b7-3M$_$6,RESOLVED_VALID,audio,46
-egA8-b7-3M$_$6,RESOLVED_VALID,audio,16
-egA8-b7-3M$_$6,RESOLVED_VALID,audio,22
-egA8-b7-3M$_$6,RESOLVED_VALID,audio,32
-egA8-b7-3M$_$6,RESOLVED_VALID,audio,47
-egA8-b7-3M$_$9,RESOLVED_VALID,audio,58
-egA8-b7-3M$_$9,RESOLVED_VALID,audio,41
-egA8-b7-3M$_$9,RESOLVED_VALID,audio,29
-egA8-b7-3M$_$9,RESOLVED_VALID,audio,8
-egA8-b7-3M$_$9,RESOLVED_VALID,audio,53
-egA8-b7-3M$_$9,RESOLVED_VALID,audio,10
-egA8-b7-3M$_$9,RESOLVED_VALID,audio,39
-egA8-b7-3M$_$9,RESOLVED_VALID,audio,17
-egA8-b7-3M$_$9,RESOLVED_VALID,audio,45
-egA8-b7-3M$_$9,RESOLVED_VALID,audio,34
-hnBHBN8p5A$_$6,UNRESOLVED,audio,0
-hnBHBN8p5A$_$6,UNRESOLVED,audio,0
-hnBHBN8p5A$_$6,UNRESOLVED,audio,0
-hnBHBN8p5A$_$6,UNRESOLVED,audio,0
-hnBHBN8p5A$_$6,UNRESOLVED,audio,0
-hnBHBN8p5A$_$6,UNRESOLVED,audio,0
-hnBHBN8p5A$_$6,UNRESOLVED,audio,0
-hnBHBN8p5A$_$6,UNRESOLVED,audio,0
-hnBHBN8p5A$_$6,UNRESOLVED,audio,0
-hnBHBN8p5A$_$6,UNRESOLVED,audio,0
-hnBHBN8p5A$_$6,UNRESOLVED,audio,0
-hnBHBN8p5A$_$6,UNRESOLVED,audio,0
-hnBHBN8p5A$_$6,UNRESOLVED,audio,0
-hnBHBN8p5A$_$7,UNRESOLVED,audio,0
-hnBHBN8p5A$_$7,UNRESOLVED,audio,0
-hnBHBN8p5A$_$7,UNRESOLVED,audio,0
-hnBHBN8p5A$_$7,UNRESOLVED,audio,0
-hnBHBN8p5A$_$7,UNRESOLVED,audio,0
-hnBHBN8p5A$_$7,UNRESOLVED,audio,0
-hnBHBN8p5A$_$7,UNRESOLVED,audio,0
-hnBHBN8p5A$_$7,UNRESOLVED,audio,0
-hnBHBN8p5A$_$7,UNRESOLVED,audio,0
-hnBHBN8p5A$_$7,UNRESOLVED,audio,0
-hnBHBN8p5A$_$7,UNRESOLVED,audio,0
-hnBHBN8p5A$_$7,UNRESOLVED,audio,0
-hnBHBN8p5A$_$7,UNRESOLVED,audio,0
-iRBcNs9oI8$_$3,UNRESOLVED,audio,0
-iRBcNs9oI8$_$3,UNRESOLVED,audio,0
-iRBcNs9oI8$_$3,UNRESOLVED,audio,0
-iRBcNs9oI8$_$3,UNRESOLVED,audio,0
-iRBcNs9oI8$_$3,UNRESOLVED,audio,0
-iRBcNs9oI8$_$3,UNRESOLVED,audio,0
-iRBcNs9oI8$_$3,UNRESOLVED,audio,0
-iRBcNs9oI8$_$3,UNRESOLVED,audio,0
-iRBcNs9oI8$_$6,RESOLVED_CONFLICT,audio,0
-iRBcNs9oI8$_$6,RESOLVED_CONFLICT,audio,0
-iRBcNs9oI8$_$6,RESOLVED_CONFLICT,audio,0
-iRBcNs9oI8$_$6,RESOLVED_CONFLICT,audio,0
-iRBcNs9oI8$_$6,RESOLVED_CONFLICT,audio,0
-iRBcNs9oI8$_$7,RESOLVED_CONFLICT,audio,0
-iRBcNs9oI8$_$7,RESOLVED_CONFLICT,audio,0
-iRBcNs9oI8$_$7,RESOLVED_CONFLICT,audio,0
-iRBcNs9oI8$_$7,RESOLVED_CONFLICT,audio,0
-iRBcNs9oI8$_$7,RESOLVED_CONFLICT,audio,0
-iRBcNs9oI8$_$7,RESOLVED_CONFLICT,audio,0
-iRBcNs9oI8$_$7,RESOLVED_CONFLICT,audio,0
-iRBcNs9oI8$_$7,RESOLVED_CONFLICT,audio,0
-iRBcNs9oI8$_$7,RESOLVED_CONFLICT,audio,0
-iRBcNs9oI8$_$8,RESOLVED_CONFLICT,audio,0
-iRBcNs9oI8$_$8,RESOLVED_CONFLICT,audio,0
-iRBcNs9oI8$_$8,RESOLVED_CONFLICT,audio,0
-iRBcNs9oI8$_$8,RESOLVED_CONFLICT,audio,0
-iRBcNs9oI8$_$8,RESOLVED_CONFLICT,audio,0
-iRBcNs9oI8$_$8,RESOLVED_CONFLICT,audio,0
-iRBcNs9oI8$_$8,RESOLVED_CONFLICT,audio,0
-iRBcNs9oI8$_$8,RESOLVED_CONFLICT,audio,0
-iRBcNs9oI8$_$8,RESOLVED_CONFLICT,audio,0
-iRBcNs9oI8$_$8,RESOLVED_CONFLICT,audio,0
-iRBcNs9oI8$_$8,RESOLVED_CONFLICT,audio,0
-iRBcNs9oI8$_$8,RESOLVED_CONFLICT,audio,0
-iRBcNs9oI8$_$8,RESOLVED_CONFLICT,audio,0
-iRBcNs9oI8$_$8,RESOLVED_CONFLICT,audio,0
-iRBcNs9oI8$_$8,RESOLVED_CONFLICT,audio,0
-iRBcNs9oI8$_$8,RESOLVED_CONFLICT,audio,0
-iRBcNs9oI8$_$8,RESOLVED_CONFLICT,audio,0
-iRBcNs9oI8$_$8,RESOLVED_CONFLICT,audio,0
-iRBcNs9oI8$_$8,RESOLVED_CONFLICT,audio,0
-iRBcNs9oI8$_$8,RESOLVED_CONFLICT,audio,0
-iRBcNs9oI8$_$8,RESOLVED_CONFLICT,audio,0
-iRBcNs9oI8$_$9,UNRESOLVED,audio,0
-iRBcNs9oI8$_$9,UNRESOLVED,audio,0
-iRBcNs9oI8$_$9,UNRESOLVED,audio,0
-iRBcNs9oI8$_$9,UNRESOLVED,audio,0
-iRBcNs9oI8$_$9,UNRESOLVED,audio,0
-lzEya4AM_4$_$5,RESOLVED_VALID,audio,10
-lzEya4AM_4$_$5,RESOLVED_VALID,audio,6
-lzEya4AM_4$_$5,RESOLVED_VALID,audio,26
-lzEya4AM_4$_$5,RESOLVED_VALID,audio,22
-lzEya4AM_4$_$5,RESOLVED_VALID,audio,16
-lzEya4AM_4$_$5,RESOLVED_VALID,audio,16
-lzEya4AM_4$_$5,RESOLVED_VALID,audio,8
-lzEya4AM_4$_$5,RESOLVED_VALID,audio,20
-lzEya4AM_4$_$5,RESOLVED_VALID,audio,20
-lzEya4AM_4$_$5,RESOLVED_VALID,audio,59
-lzEya4AM_4$_$5,RESOLVED_VALID,audio,60
-lzEya4AM_4$_$5,RESOLVED_VALID,audio,42
-lzEya4AM_4$_$5,RESOLVED_VALID,audio,10
-lzEya4AM_4$_$5,RESOLVED_VALID,audio,43
-lzEya4AM_4$_$5,RESOLVED_VALID,audio,18
-lzEya4AM_4$_$5,RESOLVED_VALID,audio,8
-lzEya4AM_4$_$5,RESOLVED_VALID,audio,12
-lzEya4AM_4$_$5,RESOLVED_VALID,audio,18
-lzEya4AM_4$_$5,RESOLVED_VALID,audio,26
-lzEya4AM_4$_$6,RESOLVED_VALID,audio,10
-lzEya4AM_4$_$6,RESOLVED_VALID,audio,12
-lzEya4AM_4$_$6,RESOLVED_VALID,audio,42
-lzEya4AM_4$_$6,RESOLVED_VALID,audio,8
-lzEya4AM_4$_$6,RESOLVED_VALID,audio,44
-lzEya4AM_4$_$6,RESOLVED_VALID,audio,8
-lzEya4AM_4$_$6,RESOLVED_VALID,audio,18
-lzEya4AM_4$_$6,RESOLVED_VALID,audio,24
-lzEya4AM_4$_$6,RESOLVED_VALID,audio,8
-lzEya4AM_4$_$6,RESOLVED_VALID,audio,55
-lzEya4AM_4$_$6,RESOLVED_VALID,audio,40
-lzEya4AM_4$_$6,RESOLVED_VALID,audio,8
-lzEya4AM_4$_$6,RESOLVED_VALID,audio,48
-lzEya4AM_4$_$6,RESOLVED_VALID,audio,40
-lzEya4AM_4$_$6,RESOLVED_VALID,audio,12
-lzEya4AM_4$_$6,RESOLVED_VALID,audio,16
-lzEya4AM_4$_$6,RESOLVED_VALID,audio,18
-lzEya4AM_4$_$6,RESOLVED_VALID,audio,38
-lzEya4AM_4$_$6,RESOLVED_VALID,audio,18
-lzEya4AM_4$_$6,RESOLVED_VALID,audio,32
-lzEya4AM_4$_$6,RESOLVED_VALID,audio,42
-lzEya4AM_4$_$6,RESOLVED_VALID,audio,8
-lzEya4AM_4$_$6,RESOLVED_VALID,audio,40
-lzEya4AM_4$_$6,RESOLVED_VALID,audio,14
-lzEya4AM_4$_$6,RESOLVED_VALID,audio,6
-lzEya4AM_4$_$6,RESOLVED_VALID,audio,12
-lzEya4AM_4$_$6,RESOLVED_VALID,audio,38
-lzEya4AM_4$_$6,RESOLVED_VALID,audio,30
-lzEya4AM_4$_$6,RESOLVED_VALID,audio,8
-lzEya4AM_4$_$6,RESOLVED_VALID,audio,10
-lzEya4AM_4$_$6,RESOLVED_VALID,audio,16
-lzEya4AM_4$_$6,RESOLVED_VALID,audio,30
-lzEya4AM_4$_$6,RESOLVED_VALID,audio,6
-lzEya4AM_4$_$6,RESOLVED_VALID,audio,16
-lzEya4AM_4$_$6,RESOLVED_VALID,audio,28
-lzEya4AM_4$_$6,RESOLVED_VALID,audio,38
-lzEya4AM_4$_$6,RESOLVED_VALID,audio,10
-lzEya4AM_4$_$6,RESOLVED_VALID,audio,34
-lzEya4AM_4$_$6,RESOLVED_VALID,audio,8
-lzEya4AM_4$_$6,RESOLVED_VALID,audio,10
-lzEya4AM_4$_$6,RESOLVED_VALID,audio,14
-lzEya4AM_4$_$6,RESOLVED_VALID,audio,22
-lzEya4AM_4$_$6,RESOLVED_VALID,audio,12
-mJ2ud6oKI8$_$1,RESOLVED_MISSING,audio,0
-mJ2ud6oKI8$_$1,RESOLVED_MISSING,audio,0
-mJ2ud6oKI8$_$1,RESOLVED_MISSING,audio,0
-mJ2ud6oKI8$_$1,RESOLVED_MISSING,audio,0
-mJ2ud6oKI8$_$1,RESOLVED_MISSING,audio,0
-mJ2ud6oKI8$_$1,RESOLVED_MISSING,audio,0
-mJ2ud6oKI8$_$1,RESOLVED_MISSING,audio,0
-mJ2ud6oKI8$_$1,RESOLVED_MISSING,audio,0
-mJ2ud6oKI8$_$1,RESOLVED_MISSING,audio,0
-mJ2ud6oKI8$_$1,RESOLVED_MISSING,audio,0
-mJ2ud6oKI8$_$1,RESOLVED_MISSING,audio,0
-mJ2ud6oKI8$_$1,RESOLVED_MISSING,audio,0
-mJ2ud6oKI8$_$1,RESOLVED_MISSING,audio,0
-mJ2ud6oKI8$_$2,RESOLVED_CONFLICT,audio,0
-mJ2ud6oKI8$_$2,RESOLVED_CONFLICT,audio,0
-mJ2ud6oKI8$_$2,RESOLVED_CONFLICT,audio,0
-mJ2ud6oKI8$_$2,RESOLVED_CONFLICT,audio,0
-mJ2ud6oKI8$_$2,RESOLVED_CONFLICT,audio,0
-mJ2ud6oKI8$_$2,RESOLVED_CONFLICT,audio,0
-mJ2ud6oKI8$_$2,RESOLVED_CONFLICT,audio,0
-mJ2ud6oKI8$_$2,RESOLVED_CONFLICT,audio,0
-mJ2ud6oKI8$_$2,RESOLVED_CONFLICT,audio,0
-mJ2ud6oKI8$_$2,RESOLVED_CONFLICT,audio,0
-mJ2ud6oKI8$_$2,RESOLVED_CONFLICT,audio,0
-mJ2ud6oKI8$_$6,UNRESOLVED,audio,0
-mJ2ud6oKI8$_$6,UNRESOLVED,audio,0
-mJ2ud6oKI8$_$6,UNRESOLVED,audio,0
-mJ2ud6oKI8$_$6,UNRESOLVED,audio,0
-mJ2ud6oKI8$_$6,UNRESOLVED,audio,0
-mJ2ud6oKI8$_$8,UNRESOLVED,audio,0
-mJ2ud6oKI8$_$8,UNRESOLVED,audio,0
-mJ2ud6oKI8$_$8,UNRESOLVED,audio,0
-mJ2ud6oKI8$_$8,UNRESOLVED,audio,0
-mJ2ud6oKI8$_$8,UNRESOLVED,audio,0
-mJ2ud6oKI8$_$8,UNRESOLVED,audio,0
-mJ2ud6oKI8$_$8,UNRESOLVED,audio,0
-mJ2ud6oKI8$_$8,UNRESOLVED,audio,0
-mJ2ud6oKI8$_$8,UNRESOLVED,audio,0
-mJ2ud6oKI8$_$8,UNRESOLVED,audio,0
-mJ2ud6oKI8$_$8,UNRESOLVED,audio,0
-mJ2ud6oKI8$_$9,UNRESOLVED,audio,0
-mJ2ud6oKI8$_$9,UNRESOLVED,audio,0
-mJ2ud6oKI8$_$9,UNRESOLVED,audio,0
-mJ2ud6oKI8$_$9,UNRESOLVED,audio,0
-mJ2ud6oKI8$_$9,UNRESOLVED,audio,0
-mJ2ud6oKI8$_$9,UNRESOLVED,audio,0
-mJ2ud6oKI8$_$9,UNRESOLVED,audio,0
-mJ2ud6oKI8$_$9,UNRESOLVED,audio,0
-mJ2ud6oKI8$_$9,UNRESOLVED,audio,0
-mJ2ud6oKI8$_$9,UNRESOLVED,audio,0
-mJ2ud6oKI8$_$9,UNRESOLVED,audio,0
-mJ2ud6oKI8$_$9,UNRESOLVED,audio,0
-mJ2ud6oKI8$_$9,UNRESOLVED,audio,0
-mJ2ud6oKI8$_$9,UNRESOLVED,audio,0
-mJ2ud6oKI8$_$9,UNRESOLVED,audio,0
-mJ2ud6oKI8$_$9,UNRESOLVED,audio,0
-mJ2ud6oKI8$_$9,UNRESOLVED,audio,0
-mJ2ud6oKI8$_$9,UNRESOLVED,audio,0
-mJ2ud6oKI8$_$9,UNRESOLVED,audio,0
-mJ2ud6oKI8$_$9,UNRESOLVED,audio,0
-mJ2ud6oKI8$_$9,UNRESOLVED,audio,0
-mJ2ud6oKI8$_$9,UNRESOLVED,audio,0
-mqbVkbCndg$_$0,RESOLVED_PARTIAL,audio,30
-mqbVkbCndg$_$0,RESOLVED_PARTIAL,audio,10
-mqbVkbCndg$_$0,RESOLVED_PARTIAL,audio,6
-mqbVkbCndg$_$0,RESOLVED_PARTIAL,audio,54
-mqbVkbCndg$_$0,RESOLVED_PARTIAL,audio,38
-mqbVkbCndg$_$0,RESOLVED_PARTIAL,audio,11
-mqbVkbCndg$_$0,RESOLVED_PARTIAL,audio,77
-mqbVkbCndg$_$0,RESOLVED_PARTIAL,audio,43
-mqbVkbCndg$_$0,RESOLVED_PARTIAL,audio,12
-mqbVkbCndg$_$0,RESOLVED_PARTIAL,audio,102
-mqbVkbCndg$_$0,RESOLVED_PARTIAL,audio,25
-mqbVkbCndg$_$0,RESOLVED_PARTIAL,audio,44
-qDkUB0GgYY$_$6,RESOLVED_VALID,audio,12
-qDkUB0GgYY$_$6,RESOLVED_VALID,audio,27
-qDkUB0GgYY$_$6,RESOLVED_VALID,audio,20
-qDkUB0GgYY$_$6,RESOLVED_VALID,audio,8
-qDkUB0GgYY$_$6,RESOLVED_VALID,audio,17
-qDkUB0GgYY$_$6,RESOLVED_VALID,audio,12
-qDkUB0GgYY$_$6,RESOLVED_VALID,audio,24
-qDkUB0GgYY$_$6,RESOLVED_VALID,audio,55
-qDkUB0GgYY$_$6,RESOLVED_VALID,audio,12
-qDkUB0GgYY$_$6,RESOLVED_VALID,audio,21
-qDkUB0GgYY$_$6,RESOLVED_VALID,audio,8
-qDkUB0GgYY$_$6,RESOLVED_VALID,audio,16
-qDkUB0GgYY$_$6,RESOLVED_VALID,audio,14
-qDkUB0GgYY$_$6,RESOLVED_VALID,audio,27
-qDkUB0GgYY$_$6,RESOLVED_VALID,audio,10
-qDkUB0GgYY$_$6,RESOLVED_VALID,audio,28
-ri04Z7vwnc$_$0,RESOLVED_MISSING,audio,0
-ri04Z7vwnc$_$0,RESOLVED_MISSING,audio,0
-ri04Z7vwnc$_$0,RESOLVED_MISSING,audio,0
-ri04Z7vwnc$_$0,RESOLVED_MISSING,audio,0
-ri04Z7vwnc$_$0,RESOLVED_MISSING,audio,0
-ri04Z7vwnc$_$0,RESOLVED_MISSING,audio,0
-ri04Z7vwnc$_$0,RESOLVED_MISSING,audio,0
-ri04Z7vwnc$_$0,RESOLVED_MISSING,audio,0
-ri04Z7vwnc$_$2,UNRESOLVED,audio,0
-ri04Z7vwnc$_$2,UNRESOLVED,audio,0
-ri04Z7vwnc$_$2,UNRESOLVED,audio,0
-ri04Z7vwnc$_$2,UNRESOLVED,audio,0
-ri04Z7vwnc$_$2,UNRESOLVED,audio,0
-ri04Z7vwnc$_$2,UNRESOLVED,audio,0
-ri04Z7vwnc$_$2,UNRESOLVED,audio,0
-ri04Z7vwnc$_$2,UNRESOLVED,audio,0
-ri04Z7vwnc$_$2,UNRESOLVED,audio,0
-ri04Z7vwnc$_$2,UNRESOLVED,audio,0
-ri04Z7vwnc$_$2,UNRESOLVED,audio,0
-ri04Z7vwnc$_$2,UNRESOLVED,audio,0
-ri04Z7vwnc$_$2,UNRESOLVED,audio,0
-ri04Z7vwnc$_$2,UNRESOLVED,audio,0
-ri04Z7vwnc$_$2,UNRESOLVED,audio,0
-ri04Z7vwnc$_$2,UNRESOLVED,audio,0
-ri04Z7vwnc$_$5,RESOLVED_CONFLICT,audio,0
-ri04Z7vwnc$_$5,RESOLVED_CONFLICT,audio,0
-ri04Z7vwnc$_$5,RESOLVED_CONFLICT,audio,0
-ri04Z7vwnc$_$5,RESOLVED_CONFLICT,audio,0
-ri04Z7vwnc$_$5,RESOLVED_CONFLICT,audio,0
-ri04Z7vwnc$_$5,RESOLVED_CONFLICT,audio,0
-ri04Z7vwnc$_$5,RESOLVED_CONFLICT,audio,0
-ri04Z7vwnc$_$5,RESOLVED_CONFLICT,audio,0
-ri04Z7vwnc$_$5,RESOLVED_CONFLICT,audio,0
-s9qJ7ATP7w$_$0,UNRESOLVED,audio,14
-s9qJ7ATP7w$_$0,UNRESOLVED,audio,16
-s9qJ7ATP7w$_$0,UNRESOLVED,audio,31
-s9qJ7ATP7w$_$0,UNRESOLVED,audio,18
-s9qJ7ATP7w$_$0,UNRESOLVED,audio,14
-s9qJ7ATP7w$_$0,UNRESOLVED,audio,35
-s9qJ7ATP7w$_$0,UNRESOLVED,audio,20
-s9qJ7ATP7w$_$0,UNRESOLVED,audio,23
-s9qJ7ATP7w$_$0,UNRESOLVED,audio,10
-s9qJ7ATP7w$_$0,UNRESOLVED,audio,4
-s9qJ7ATP7w$_$0,UNRESOLVED,audio,49
-s9qJ7ATP7w$_$0,UNRESOLVED,audio,28
-s9qJ7ATP7w$_$0,UNRESOLVED,audio,10
-s9qJ7ATP7w$_$0,UNRESOLVED,audio,18
-s9qJ7ATP7w$_$0,UNRESOLVED,audio,31
-s9qJ7ATP7w$_$0,UNRESOLVED,audio,14
-s9qJ7ATP7w$_$0,UNRESOLVED,audio,10
-s9qJ7ATP7w$_$0,UNRESOLVED,audio,28
-s9qJ7ATP7w$_$0,UNRESOLVED,audio,8
-s9qJ7ATP7w$_$0,UNRESOLVED,audio,12
-s9qJ7ATP7w$_$0,UNRESOLVED,audio,16
-s9qJ7ATP7w$_$0,UNRESOLVED,audio,17
-s9qJ7ATP7w$_$0,UNRESOLVED,audio,20
-s9qJ7ATP7w$_$0,UNRESOLVED,audio,10
-s9qJ7ATP7w$_$1,RESOLVED_PARTIAL,audio,52
-s9qJ7ATP7w$_$1,RESOLVED_PARTIAL,audio,12
-s9qJ7ATP7w$_$1,RESOLVED_PARTIAL,audio,29
-s9qJ7ATP7w$_$1,RESOLVED_PARTIAL,audio,16
-s9qJ7ATP7w$_$1,RESOLVED_PARTIAL,audio,8
-s9qJ7ATP7w$_$1,RESOLVED_PARTIAL,audio,16
-s9qJ7ATP7w$_$1,RESOLVED_PARTIAL,audio,8
-s9qJ7ATP7w$_$1,RESOLVED_PARTIAL,audio,29
-s9qJ7ATP7w$_$1,RESOLVED_PARTIAL,audio,13
-s9qJ7ATP7w$_$1,RESOLVED_PARTIAL,audio,10
-s9qJ7ATP7w$_$1,RESOLVED_PARTIAL,audio,25
-s9qJ7ATP7w$_$4,RESOLVED_PARTIAL,audio,6
-s9qJ7ATP7w$_$4,RESOLVED_PARTIAL,audio,15
-s9qJ7ATP7w$_$4,RESOLVED_PARTIAL,audio,33
-s9qJ7ATP7w$_$4,RESOLVED_PARTIAL,audio,11
-s9qJ7ATP7w$_$4,RESOLVED_PARTIAL,audio,45
-s9qJ7ATP7w$_$4,RESOLVED_PARTIAL,audio,12
-s9qJ7ATP7w$_$4,RESOLVED_PARTIAL,audio,15
-s9qJ7ATP7w$_$4,RESOLVED_PARTIAL,audio,43
-s9qJ7ATP7w$_$4,RESOLVED_PARTIAL,audio,41
-s9qJ7ATP7w$_$5,RESOLVED_PARTIAL,audio,8
-s9qJ7ATP7w$_$5,RESOLVED_PARTIAL,audio,91
-s9qJ7ATP7w$_$5,RESOLVED_PARTIAL,audio,18
-s9qJ7ATP7w$_$5,RESOLVED_PARTIAL,audio,30
-s9qJ7ATP7w$_$5,RESOLVED_PARTIAL,audio,14
-s9qJ7ATP7w$_$5,RESOLVED_PARTIAL,audio,12
-s9qJ7ATP7w$_$5,RESOLVED_PARTIAL,audio,22
-s9qJ7ATP7w$_$5,RESOLVED_PARTIAL,audio,53
-s9qJ7ATP7w$_$5,RESOLVED_PARTIAL,audio,14
-s9qJ7ATP7w$_$5,RESOLVED_PARTIAL,audio,37
-s9qJ7ATP7w$_$5,RESOLVED_PARTIAL,audio,14
-s9qJ7ATP7w$_$5,RESOLVED_PARTIAL,audio,15
-s9qJ7ATP7w$_$5,RESOLVED_PARTIAL,audio,18
-s9qJ7ATP7w$_$5,RESOLVED_PARTIAL,audio,43
-s9qJ7ATP7w$_$5,RESOLVED_PARTIAL,audio,16
-s9qJ7ATP7w$_$5,RESOLVED_PARTIAL,audio,24
-s9qJ7ATP7w$_$5,RESOLVED_PARTIAL,audio,28
-s9qJ7ATP7w$_$5,RESOLVED_PARTIAL,audio,18
-s9qJ7ATP7w$_$5,RESOLVED_PARTIAL,audio,14
-s9qJ7ATP7w$_$6,RESOLVED_VALID,audio,23
-s9qJ7ATP7w$_$6,RESOLVED_VALID,audio,11
-s9qJ7ATP7w$_$6,RESOLVED_VALID,audio,15
-s9qJ7ATP7w$_$6,RESOLVED_VALID,audio,17
-s9qJ7ATP7w$_$6,RESOLVED_VALID,audio,24
-s9qJ7ATP7w$_$7,UNRESOLVED,audio,5
-s9qJ7ATP7w$_$7,UNRESOLVED,audio,14
-s9qJ7ATP7w$_$7,UNRESOLVED,audio,6
-s9qJ7ATP7w$_$7,UNRESOLVED,audio,14
-s9qJ7ATP7w$_$7,UNRESOLVED,audio,10
-s9qJ7ATP7w$_$7,UNRESOLVED,audio,27
-s9qJ7ATP7w$_$7,UNRESOLVED,audio,26
-s9qJ7ATP7w$_$7,UNRESOLVED,audio,10
-s9qJ7ATP7w$_$7,UNRESOLVED,audio,16
-s9qJ7ATP7w$_$7,UNRESOLVED,audio,10
-s9qJ7ATP7w$_$7,UNRESOLVED,audio,29
-s9qJ7ATP7w$_$7,UNRESOLVED,audio,22
-s9qJ7ATP7w$_$7,UNRESOLVED,audio,16
-s9qJ7ATP7w$_$7,UNRESOLVED,audio,6
-s9qJ7ATP7w$_$7,UNRESOLVED,audio,18
-s9qJ7ATP7w$_$7,UNRESOLVED,audio,8
-s9qJ7ATP7w$_$7,UNRESOLVED,audio,8
-s9qJ7ATP7w$_$7,UNRESOLVED,audio,18
-s9qJ7ATP7w$_$7,UNRESOLVED,audio,8
-s9qJ7ATP7w$_$7,UNRESOLVED,audio,10
-s9qJ7ATP7w$_$7,UNRESOLVED,audio,10
-s9qJ7ATP7w$_$7,UNRESOLVED,audio,24
-s9qJ7ATP7w$_$7,UNRESOLVED,audio,89
-s9qJ7ATP7w$_$7,UNRESOLVED,audio,22
-s9qJ7ATP7w$_$7,UNRESOLVED,audio,10
-s9qJ7ATP7w$_$7,UNRESOLVED,audio,32
-s9qJ7ATP7w$_$7,UNRESOLVED,audio,8
-s9qJ7ATP7w$_$7,UNRESOLVED,audio,37
-s9qJ7ATP7w$_$8,RESOLVED_PARTIAL,audio,29
-s9qJ7ATP7w$_$8,RESOLVED_PARTIAL,audio,10
-s9qJ7ATP7w$_$8,RESOLVED_PARTIAL,audio,6
-s9qJ7ATP7w$_$8,RESOLVED_PARTIAL,audio,18
-s9qJ7ATP7w$_$8,RESOLVED_PARTIAL,audio,16
-s9qJ7ATP7w$_$8,RESOLVED_PARTIAL,audio,17
-s9qJ7ATP7w$_$8,RESOLVED_PARTIAL,audio,4
-s9qJ7ATP7w$_$8,RESOLVED_PARTIAL,audio,50
-s9qJ7ATP7w$_$8,RESOLVED_PARTIAL,audio,8
-s9qJ7ATP7w$_$8,RESOLVED_PARTIAL,audio,10
-s9qJ7ATP7w$_$8,RESOLVED_PARTIAL,audio,14
-s9qJ7ATP7w$_$8,RESOLVED_PARTIAL,audio,19
-s9qJ7ATP7w$_$8,RESOLVED_PARTIAL,audio,20
-t217m2on-s$_$2,RESOLVED_VALID,audio,24
-t217m2on-s$_$2,RESOLVED_VALID,audio,49
-t217m2on-s$_$2,RESOLVED_VALID,audio,16
-t217m2on-s$_$2,RESOLVED_VALID,audio,14
-t217m2on-s$_$2,RESOLVED_VALID,audio,10
-t217m2on-s$_$2,RESOLVED_VALID,audio,10
-t217m2on-s$_$2,RESOLVED_VALID,audio,10
-t217m2on-s$_$2,RESOLVED_VALID,audio,133
-t217m2on-s$_$2,RESOLVED_VALID,audio,41
-t217m2on-s$_$2,RESOLVED_VALID,audio,26
-t217m2on-s$_$2,RESOLVED_VALID,audio,10
-t217m2on-s$_$2,RESOLVED_VALID,audio,59
-t217m2on-s$_$7,RESOLVED_VALID,audio,8
-t217m2on-s$_$7,RESOLVED_VALID,audio,16
-t217m2on-s$_$7,RESOLVED_VALID,audio,30
-t217m2on-s$_$7,RESOLVED_VALID,audio,20
-t217m2on-s$_$7,RESOLVED_VALID,audio,18
-t217m2on-s$_$7,RESOLVED_VALID,audio,30
-t217m2on-s$_$7,RESOLVED_VALID,audio,83
-t217m2on-s$_$7,RESOLVED_VALID,audio,18
-t217m2on-s$_$7,RESOLVED_VALID,audio,22
-t217m2on-s$_$7,RESOLVED_VALID,audio,10
-t217m2on-s$_$7,RESOLVED_VALID,audio,12
-t217m2on-s$_$7,RESOLVED_VALID,audio,36
-t217m2on-s$_$7,RESOLVED_VALID,audio,36
-t217m2on-s$_$7,RESOLVED_VALID,audio,14
-t217m2on-s$_$7,RESOLVED_VALID,audio,32
-t217m2on-s$_$7,RESOLVED_VALID,audio,21
-t217m2on-s$_$7,RESOLVED_VALID,audio,66
-t217m2on-s$_$7,RESOLVED_VALID,audio,16
-t217m2on-s$_$7,RESOLVED_VALID,audio,8
-t217m2on-s$_$7,RESOLVED_VALID,audio,19
-t217m2on-s$_$7,RESOLVED_VALID,audio,6
-t217m2on-s$_$7,RESOLVED_VALID,audio,56
-t217m2on-s$_$7,RESOLVED_VALID,audio,48
-t217m2on-s$_$7,RESOLVED_VALID,audio,20
-t217m2on-s$_$7,RESOLVED_VALID,audio,67
-t217m2on-s$_$7,RESOLVED_VALID,audio,8
-t217m2on-s$_$7,RESOLVED_VALID,audio,20
-t217m2on-s$_$7,RESOLVED_VALID,audio,12
-t217m2on-s$_$7,RESOLVED_VALID,audio,35
-t217m2on-s$_$7,RESOLVED_VALID,audio,22
-t217m2on-s$_$7,RESOLVED_VALID,audio,8
-t217m2on-s$_$7,RESOLVED_VALID,audio,4
-t217m2on-s$_$7,RESOLVED_VALID,audio,34
-t217m2on-s$_$7,RESOLVED_VALID,audio,61
-t217m2on-s$_$7,RESOLVED_VALID,audio,12
-t217m2on-s$_$7,RESOLVED_VALID,audio,4
-t217m2on-s$_$7,RESOLVED_VALID,audio,44
-t217m2on-s$_$7,RESOLVED_VALID,audio,58
-t217m2on-s$_$7,RESOLVED_VALID,audio,18
-t217m2on-s$_$7,RESOLVED_VALID,audio,14
-t217m2on-s$_$7,RESOLVED_VALID,audio,22
-t217m2on-s$_$7,RESOLVED_VALID,audio,18
-t217m2on-s$_$7,RESOLVED_VALID,audio,8
-t217m2on-s$_$7,RESOLVED_VALID,audio,22
-t217m2on-s$_$7,RESOLVED_VALID,audio,18
-tANM6ETl_M$_$3,RESOLVED_VALID,audio,12
-tANM6ETl_M$_$3,RESOLVED_VALID,audio,31
-tANM6ETl_M$_$3,RESOLVED_VALID,audio,32
-tANM6ETl_M$_$3,RESOLVED_VALID,audio,10
-tANM6ETl_M$_$3,RESOLVED_VALID,audio,25
-tANM6ETl_M$_$3,RESOLVED_VALID,audio,20
-tANM6ETl_M$_$3,RESOLVED_VALID,audio,17
-tANM6ETl_M$_$3,RESOLVED_VALID,audio,4
-tANM6ETl_M$_$3,RESOLVED_VALID,audio,59
-tANM6ETl_M$_$3,RESOLVED_VALID,audio,10
-tANM6ETl_M$_$3,RESOLVED_VALID,audio,6
-tANM6ETl_M$_$3,RESOLVED_VALID,audio,43
-tANM6ETl_M$_$3,RESOLVED_VALID,audio,18
-tANM6ETl_M$_$3,RESOLVED_VALID,audio,32
-tANM6ETl_M$_$3,RESOLVED_VALID,audio,20
-tANM6ETl_M$_$3,RESOLVED_VALID,audio,8
-tANM6ETl_M$_$3,RESOLVED_VALID,audio,43
-tANM6ETl_M$_$3,RESOLVED_VALID,audio,6
-tANM6ETl_M$_$3,RESOLVED_VALID,audio,23
-tANM6ETl_M$_$3,RESOLVED_VALID,audio,25
-tANM6ETl_M$_$3,RESOLVED_VALID,audio,30
-tANM6ETl_M$_$3,RESOLVED_VALID,audio,8
-tPCytz4rww$_$10,RESOLVED_VALID,audio,18
-tPCytz4rww$_$10,RESOLVED_VALID,audio,29
-tPCytz4rww$_$10,RESOLVED_VALID,audio,41
-tPCytz4rww$_$10,RESOLVED_VALID,audio,27
-tPCytz4rww$_$10,RESOLVED_VALID,audio,8
-tPCytz4rww$_$10,RESOLVED_VALID,audio,18
-tPCytz4rww$_$10,RESOLVED_VALID,audio,14
-tPCytz4rww$_$10,RESOLVED_VALID,audio,6
-tPCytz4rww$_$10,RESOLVED_VALID,audio,37
-tPCytz4rww$_$10,RESOLVED_VALID,audio,26
-tPCytz4rww$_$10,RESOLVED_VALID,audio,22
-tPCytz4rww$_$10,RESOLVED_VALID,audio,47
-tPCytz4rww$_$11,RESOLVED_VALID,audio,18
-tPCytz4rww$_$11,RESOLVED_VALID,audio,18
-tPCytz4rww$_$11,RESOLVED_VALID,audio,12
-tPCytz4rww$_$11,RESOLVED_VALID,audio,22
-tPCytz4rww$_$11,RESOLVED_VALID,audio,22
-tPCytz4rww$_$11,RESOLVED_VALID,audio,36
-tPCytz4rww$_$11,RESOLVED_VALID,audio,15
-tPCytz4rww$_$11,RESOLVED_VALID,audio,12
-tPCytz4rww$_$11,RESOLVED_VALID,audio,14
-tPCytz4rww$_$11,RESOLVED_VALID,audio,43
-tPCytz4rww$_$11,RESOLVED_VALID,audio,12
-tPCytz4rww$_$11,RESOLVED_VALID,audio,35
-tPCytz4rww$_$11,RESOLVED_VALID,audio,16
-tPCytz4rww$_$11,RESOLVED_VALID,audio,27
-tPCytz4rww$_$11,RESOLVED_VALID,audio,20
-tPCytz4rww$_$11,RESOLVED_VALID,audio,25
-tPCytz4rww$_$11,RESOLVED_VALID,audio,18
-tPCytz4rww$_$12,RESOLVED_VALID,audio,14
-tPCytz4rww$_$12,RESOLVED_VALID,audio,20
-tPCytz4rww$_$12,RESOLVED_VALID,audio,16
-tPCytz4rww$_$12,RESOLVED_VALID,audio,16
-tPCytz4rww$_$12,RESOLVED_VALID,audio,22
-tPCytz4rww$_$12,RESOLVED_VALID,audio,26
-tPCytz4rww$_$12,RESOLVED_VALID,audio,18
-tPCytz4rww$_$12,RESOLVED_VALID,audio,10
-tPCytz4rww$_$12,RESOLVED_VALID,audio,12
-tPCytz4rww$_$12,RESOLVED_VALID,audio,14
-tPCytz4rww$_$12,RESOLVED_VALID,audio,53
-tPCytz4rww$_$12,RESOLVED_VALID,audio,14
-tPCytz4rww$_$12,RESOLVED_VALID,audio,53
-tPCytz4rww$_$12,RESOLVED_VALID,audio,20
-tPCytz4rww$_$12,RESOLVED_VALID,audio,39
-tPCytz4rww$_$12,RESOLVED_VALID,audio,10
-tPCytz4rww$_$12,RESOLVED_VALID,audio,50
-tPCytz4rww$_$12,RESOLVED_VALID,audio,10
-tPCytz4rww$_$12,RESOLVED_VALID,audio,25
-tPCytz4rww$_$12,RESOLVED_VALID,audio,16
-tPCytz4rww$_$12,RESOLVED_VALID,audio,36
-tPCytz4rww$_$12,RESOLVED_VALID,audio,18
-tPCytz4rww$_$12,RESOLVED_VALID,audio,52
-tPCytz4rww$_$12,RESOLVED_VALID,audio,16
-tPCytz4rww$_$12,RESOLVED_VALID,audio,39
-tPCytz4rww$_$12,RESOLVED_VALID,audio,54
-tPCytz4rww$_$16,RESOLVED_VALID,audio,26
-tPCytz4rww$_$16,RESOLVED_VALID,audio,18
-tPCytz4rww$_$16,RESOLVED_VALID,audio,24
-tPCytz4rww$_$16,RESOLVED_VALID,audio,32
-tPCytz4rww$_$16,RESOLVED_VALID,audio,14
-tPCytz4rww$_$16,RESOLVED_VALID,audio,4
-tPCytz4rww$_$16,RESOLVED_VALID,audio,40
-tPCytz4rww$_$16,RESOLVED_VALID,audio,10
-tPCytz4rww$_$16,RESOLVED_VALID,audio,12
-tPCytz4rww$_$16,RESOLVED_VALID,audio,18
-tPCytz4rww$_$16,RESOLVED_VALID,audio,6
-tPCytz4rww$_$16,RESOLVED_VALID,audio,36
-tPCytz4rww$_$16,RESOLVED_VALID,audio,43
-tPCytz4rww$_$16,RESOLVED_VALID,audio,12
-tPCytz4rww$_$16,RESOLVED_VALID,audio,10
-tPCytz4rww$_$16,RESOLVED_VALID,audio,45
-tPCytz4rww$_$18,RESOLVED_VALID,audio,20
-tPCytz4rww$_$18,RESOLVED_VALID,audio,25
-tPCytz4rww$_$18,RESOLVED_VALID,audio,14
-tPCytz4rww$_$18,RESOLVED_VALID,audio,10
-tPCytz4rww$_$18,RESOLVED_VALID,audio,28
-tPCytz4rww$_$18,RESOLVED_VALID,audio,25
-tPCytz4rww$_$18,RESOLVED_VALID,audio,26
-tPCytz4rww$_$18,RESOLVED_VALID,audio,22
-tPCytz4rww$_$18,RESOLVED_VALID,audio,20
-tPCytz4rww$_$18,RESOLVED_VALID,audio,32
-tPCytz4rww$_$18,RESOLVED_VALID,audio,14
-tPCytz4rww$_$18,RESOLVED_VALID,audio,37
-tPCytz4rww$_$18,RESOLVED_VALID,audio,14
-tPCytz4rww$_$18,RESOLVED_VALID,audio,42
-tPCytz4rww$_$18,RESOLVED_VALID,audio,20
-tPCytz4rww$_$18,RESOLVED_VALID,audio,64
-uywlfIYOS8$_$4,RESOLVED_VALID,audio,97
-uywlfIYOS8$_$4,RESOLVED_VALID,audio,14
-uywlfIYOS8$_$4,RESOLVED_VALID,audio,14
-uywlfIYOS8$_$4,RESOLVED_VALID,audio,6
-uywlfIYOS8$_$4,RESOLVED_VALID,audio,46
-uywlfIYOS8$_$4,RESOLVED_VALID,audio,24
-uywlfIYOS8$_$4,RESOLVED_VALID,audio,8
-uywlfIYOS8$_$4,RESOLVED_VALID,audio,18
-uywlfIYOS8$_$4,RESOLVED_VALID,audio,13
-uywlfIYOS8$_$4,RESOLVED_VALID,audio,20
-uywlfIYOS8$_$4,RESOLVED_VALID,audio,8
-uywlfIYOS8$_$4,RESOLVED_VALID,audio,18
-uywlfIYOS8$_$4,RESOLVED_VALID,audio,16
-uywlfIYOS8$_$4,RESOLVED_VALID,audio,21
-uywlfIYOS8$_$4,RESOLVED_VALID,audio,33
-uywlfIYOS8$_$4,RESOLVED_VALID,audio,10
-uywlfIYOS8$_$4,RESOLVED_VALID,audio,39
-uywlfIYOS8$_$4,RESOLVED_VALID,audio,45
-vxjVxOeScU$_$4,UNRESOLVED,audio,0
-vxjVxOeScU$_$4,UNRESOLVED,audio,0
-vxjVxOeScU$_$4,UNRESOLVED,audio,0
-vxjVxOeScU$_$4,UNRESOLVED,audio,0
-vxjVxOeScU$_$4,UNRESOLVED,audio,0
-vxjVxOeScU$_$4,UNRESOLVED,audio,0
-vxjVxOeScU$_$4,UNRESOLVED,audio,0
-vxjVxOeScU$_$4,UNRESOLVED,audio,0
-vxjVxOeScU$_$4,UNRESOLVED,audio,0
-vxjVxOeScU$_$4,UNRESOLVED,audio,0
-vxjVxOeScU$_$4,UNRESOLVED,audio,0
-vxjVxOeScU$_$4,UNRESOLVED,audio,0
-vxjVxOeScU$_$4,UNRESOLVED,audio,0
-vxjVxOeScU$_$4,UNRESOLVED,audio,0
-vxjVxOeScU$_$4,UNRESOLVED,audio,0
-vxjVxOeScU$_$4,UNRESOLVED,audio,0
-vxjVxOeScU$_$4,UNRESOLVED,audio,0
-vxjVxOeScU$_$4,UNRESOLVED,audio,0
-vxjVxOeScU$_$4,UNRESOLVED,audio,0
-vxjVxOeScU$_$4,UNRESOLVED,audio,0
-vxjVxOeScU$_$4,UNRESOLVED,audio,0
-wMB_hJL-3o$_$7,RESOLVED_PARTIAL,audio,35
-wMB_hJL-3o$_$7,RESOLVED_PARTIAL,audio,8
-wMB_hJL-3o$_$7,RESOLVED_PARTIAL,audio,14
-wMB_hJL-3o$_$7,RESOLVED_PARTIAL,audio,12
-wMB_hJL-3o$_$7,RESOLVED_PARTIAL,audio,4
-wMB_hJL-3o$_$7,RESOLVED_PARTIAL,audio,25
-wMB_hJL-3o$_$7,RESOLVED_PARTIAL,audio,10
-wMB_hJL-3o$_$7,RESOLVED_PARTIAL,audio,12
-wMB_hJL-3o$_$7,RESOLVED_PARTIAL,audio,8
-wMB_hJL-3o$_$7,RESOLVED_PARTIAL,audio,65
-wMB_hJL-3o$_$7,RESOLVED_PARTIAL,audio,22
-wMB_hJL-3o$_$7,RESOLVED_PARTIAL,audio,10
-wMB_hJL-3o$_$7,RESOLVED_PARTIAL,audio,16
-wMB_hJL-3o$_$7,RESOLVED_PARTIAL,audio,8
-wMB_hJL-3o$_$7,RESOLVED_PARTIAL,audio,8
-wMB_hJL-3o$_$7,RESOLVED_PARTIAL,audio,25
-wMB_hJL-3o$_$7,RESOLVED_PARTIAL,audio,12
-wMB_hJL-3o$_$7,RESOLVED_PARTIAL,audio,12
-wMB_hJL-3o$_$7,RESOLVED_PARTIAL,audio,18
-wMB_hJL-3o$_$7,RESOLVED_PARTIAL,audio,19
-wMB_hJL-3o$_$7,RESOLVED_PARTIAL,audio,24
-wMB_hJL-3o$_$7,RESOLVED_PARTIAL,audio,34
-wny0OAz3g8$_$0,RESOLVED_VALID,audio,23
-wny0OAz3g8$_$0,RESOLVED_VALID,audio,24
-wny0OAz3g8$_$0,RESOLVED_VALID,audio,27
-wny0OAz3g8$_$0,RESOLVED_VALID,audio,25
-wny0OAz3g8$_$0,RESOLVED_VALID,audio,30
-wny0OAz3g8$_$0,RESOLVED_VALID,audio,24
-wny0OAz3g8$_$0,RESOLVED_VALID,audio,33
-wny0OAz3g8$_$0,RESOLVED_VALID,audio,10
-wny0OAz3g8$_$0,RESOLVED_VALID,audio,27
-wny0OAz3g8$_$1,RESOLVED_VALID,audio,10
-wny0OAz3g8$_$1,RESOLVED_VALID,audio,28
-wny0OAz3g8$_$1,RESOLVED_VALID,audio,12
-wny0OAz3g8$_$1,RESOLVED_VALID,audio,24
-wny0OAz3g8$_$1,RESOLVED_VALID,audio,22
-wny0OAz3g8$_$1,RESOLVED_VALID,audio,37
-wny0OAz3g8$_$1,RESOLVED_VALID,audio,18
-wny0OAz3g8$_$1,RESOLVED_VALID,audio,22
-wny0OAz3g8$_$1,RESOLVED_VALID,audio,33
-wny0OAz3g8$_$1,RESOLVED_VALID,audio,28
-wny0OAz3g8$_$1,RESOLVED_VALID,audio,12
-wny0OAz3g8$_$1,RESOLVED_VALID,audio,63
-wny0OAz3g8$_$1,RESOLVED_VALID,audio,8
-wny0OAz3g8$_$1,RESOLVED_VALID,audio,26
-wny0OAz3g8$_$1,RESOLVED_VALID,audio,18
-wny0OAz3g8$_$1,RESOLVED_VALID,audio,3
-wny0OAz3g8$_$1,RESOLVED_VALID,audio,16
-wny0OAz3g8$_$1,RESOLVED_VALID,audio,22
-wny0OAz3g8$_$1,RESOLVED_VALID,audio,20
-wny0OAz3g8$_$1,RESOLVED_VALID,audio,23
-wny0OAz3g8$_$1,RESOLVED_VALID,audio,14
-wny0OAz3g8$_$1,RESOLVED_VALID,audio,32
-wny0OAz3g8$_$1,RESOLVED_VALID,audio,16
-wny0OAz3g8$_$2,RESOLVED_VALID,audio,10
-wny0OAz3g8$_$2,RESOLVED_VALID,audio,33
-wny0OAz3g8$_$2,RESOLVED_VALID,audio,12
-wny0OAz3g8$_$2,RESOLVED_VALID,audio,25
-wny0OAz3g8$_$2,RESOLVED_VALID,audio,12
-wny0OAz3g8$_$2,RESOLVED_VALID,audio,19
-wny0OAz3g8$_$2,RESOLVED_VALID,audio,39
-wny0OAz3g8$_$2,RESOLVED_VALID,audio,23
-wny0OAz3g8$_$2,RESOLVED_VALID,audio,39
-wny0OAz3g8$_$2,RESOLVED_VALID,audio,12
-wny0OAz3g8$_$2,RESOLVED_VALID,audio,18
-wny0OAz3g8$_$2,RESOLVED_VALID,audio,12
-wny0OAz3g8$_$2,RESOLVED_VALID,audio,10
-wny0OAz3g8$_$2,RESOLVED_VALID,audio,8
-wny0OAz3g8$_$2,RESOLVED_VALID,audio,24
-wny0OAz3g8$_$2,RESOLVED_VALID,audio,24
-wny0OAz3g8$_$2,RESOLVED_VALID,audio,19
-wny0OAz3g8$_$2,RESOLVED_VALID,audio,8
-wny0OAz3g8$_$2,RESOLVED_VALID,audio,39
-wny0OAz3g8$_$2,RESOLVED_VALID,audio,10
-wny0OAz3g8$_$2,RESOLVED_VALID,audio,16
-wny0OAz3g8$_$2,RESOLVED_VALID,audio,35
-wny0OAz3g8$_$2,RESOLVED_VALID,audio,41
-wny0OAz3g8$_$3,RESOLVED_VALID,audio,16
-wny0OAz3g8$_$3,RESOLVED_VALID,audio,16
-wny0OAz3g8$_$3,RESOLVED_VALID,audio,26
-wny0OAz3g8$_$3,RESOLVED_VALID,audio,8
-wny0OAz3g8$_$3,RESOLVED_VALID,audio,18
-wny0OAz3g8$_$3,RESOLVED_VALID,audio,30
-wny0OAz3g8$_$3,RESOLVED_VALID,audio,8
-wny0OAz3g8$_$3,RESOLVED_VALID,audio,28
-wny0OAz3g8$_$3,RESOLVED_VALID,audio,9
-wny0OAz3g8$_$3,RESOLVED_VALID,audio,46
-wny0OAz3g8$_$3,RESOLVED_VALID,audio,14
-wny0OAz3g8$_$3,RESOLVED_VALID,audio,34
-wny0OAz3g8$_$3,RESOLVED_VALID,audio,11
-wny0OAz3g8$_$3,RESOLVED_VALID,audio,20
-wny0OAz3g8$_$3,RESOLVED_VALID,audio,26
-wny0OAz3g8$_$3,RESOLVED_VALID,audio,26
-wny0OAz3g8$_$3,RESOLVED_VALID,audio,37
-wny0OAz3g8$_$3,RESOLVED_VALID,audio,20
-wny0OAz3g8$_$3,RESOLVED_VALID,audio,16
-wny0OAz3g8$_$3,RESOLVED_VALID,audio,24
-wny0OAz3g8$_$5,RESOLVED_VALID,audio,16
-wny0OAz3g8$_$5,RESOLVED_VALID,audio,8
-wny0OAz3g8$_$5,RESOLVED_VALID,audio,20
-wny0OAz3g8$_$5,RESOLVED_VALID,audio,19
-wny0OAz3g8$_$5,RESOLVED_VALID,audio,25
-wny0OAz3g8$_$5,RESOLVED_VALID,audio,10
-wny0OAz3g8$_$5,RESOLVED_VALID,audio,31
-wny0OAz3g8$_$5,RESOLVED_VALID,audio,47
-wny0OAz3g8$_$5,RESOLVED_VALID,audio,29
-wny0OAz3g8$_$5,RESOLVED_VALID,audio,6
-wny0OAz3g8$_$5,RESOLVED_VALID,audio,25
-wny0OAz3g8$_$5,RESOLVED_VALID,audio,51
-wny0OAz3g8$_$5,RESOLVED_VALID,audio,10
-wny0OAz3g8$_$5,RESOLVED_VALID,audio,29
-wny0OAz3g8$_$5,RESOLVED_VALID,audio,60
-wny0OAz3g8$_$5,RESOLVED_VALID,audio,24
-wny0OAz3g8$_$5,RESOLVED_VALID,audio,22
-wny0OAz3g8$_$5,RESOLVED_VALID,audio,11
-wny0OAz3g8$_$5,RESOLVED_VALID,audio,24
-wny0OAz3g8$_$5,RESOLVED_VALID,audio,31
-wny0OAz3g8$_$7,RESOLVED_VALID,audio,57
-wny0OAz3g8$_$7,RESOLVED_VALID,audio,8
-wny0OAz3g8$_$7,RESOLVED_VALID,audio,29
-wny0OAz3g8$_$7,RESOLVED_VALID,audio,22
-wny0OAz3g8$_$7,RESOLVED_VALID,audio,10
-wny0OAz3g8$_$7,RESOLVED_VALID,audio,10
-wny0OAz3g8$_$7,RESOLVED_VALID,audio,37
-wny0OAz3g8$_$7,RESOLVED_VALID,audio,8
-wny0OAz3g8$_$7,RESOLVED_VALID,audio,22
-wny0OAz3g8$_$7,RESOLVED_VALID,audio,17
-wny0OAz3g8$_$7,RESOLVED_VALID,audio,20
-wny0OAz3g8$_$7,RESOLVED_VALID,audio,8
-wny0OAz3g8$_$7,RESOLVED_VALID,audio,3
-wny0OAz3g8$_$7,RESOLVED_VALID,audio,28
-wny0OAz3g8$_$7,RESOLVED_VALID,audio,8
-wny0OAz3g8$_$7,RESOLVED_VALID,audio,50
-wny0OAz3g8$_$7,RESOLVED_VALID,audio,8
-wny0OAz3g8$_$7,RESOLVED_VALID,audio,49
-wny0OAz3g8$_$7,RESOLVED_VALID,audio,12
-wny0OAz3g8$_$7,RESOLVED_VALID,audio,45
-wny0OAz3g8$_$7,RESOLVED_VALID,audio,8
-wny0OAz3g8$_$7,RESOLVED_VALID,audio,38
-wny0OAz3g8$_$7,RESOLVED_VALID,audio,35
-wny0OAz3g8$_$7,RESOLVED_VALID,audio,21
-wny0OAz3g8$_$7,RESOLVED_VALID,audio,12
-wny0OAz3g8$_$7,RESOLVED_VALID,audio,20
-wny0OAz3g8$_$7,RESOLVED_VALID,audio,6
-wny0OAz3g8$_$7,RESOLVED_VALID,audio,40
-wny0OAz3g8$_$7,RESOLVED_VALID,audio,36
-wny0OAz3g8$_$9,RESOLVED_VALID,audio,10
-wny0OAz3g8$_$9,RESOLVED_VALID,audio,39
-wny0OAz3g8$_$9,RESOLVED_VALID,audio,14
-wny0OAz3g8$_$9,RESOLVED_VALID,audio,21
-wny0OAz3g8$_$9,RESOLVED_VALID,audio,10
-wny0OAz3g8$_$9,RESOLVED_VALID,audio,14
-wny0OAz3g8$_$9,RESOLVED_VALID,audio,46
-wny0OAz3g8$_$9,RESOLVED_VALID,audio,18
-wny0OAz3g8$_$9,RESOLVED_VALID,audio,9
-wny0OAz3g8$_$9,RESOLVED_VALID,audio,16
-wny0OAz3g8$_$9,RESOLVED_VALID,audio,19
-wny0OAz3g8$_$9,RESOLVED_VALID,audio,31
-wny0OAz3g8$_$9,RESOLVED_VALID,audio,45
-wny0OAz3g8$_$9,RESOLVED_VALID,audio,8
-wny0OAz3g8$_$9,RESOLVED_VALID,audio,22
-wny0OAz3g8$_$9,RESOLVED_VALID,audio,8
-wny0OAz3g8$_$9,RESOLVED_VALID,audio,39
-wny0OAz3g8$_$9,RESOLVED_VALID,audio,56
-wny0OAz3g8$_$9,RESOLVED_VALID,audio,10
-wny0OAz3g8$_$9,RESOLVED_VALID,audio,23
-yRb-Jum7EQ$_$1,RESOLVED_PARTIAL,audio,16
-yRb-Jum7EQ$_$1,RESOLVED_PARTIAL,audio,118
-yRb-Jum7EQ$_$1,RESOLVED_PARTIAL,audio,20
-yRb-Jum7EQ$_$1,RESOLVED_PARTIAL,audio,32
-yRb-Jum7EQ$_$1,RESOLVED_PARTIAL,audio,58
-yRb-Jum7EQ$_$1,RESOLVED_PARTIAL,audio,18
-yRb-Jum7EQ$_$1,RESOLVED_PARTIAL,audio,110
-yRb-Jum7EQ$_$1,RESOLVED_PARTIAL,audio,8
-yRb-Jum7EQ$_$1,RESOLVED_PARTIAL,audio,32
-yRb-Jum7EQ$_$1,RESOLVED_PARTIAL,audio,16
-yRb-Jum7EQ$_$1,RESOLVED_PARTIAL,audio,27
-yRb-Jum7EQ$_$1,RESOLVED_PARTIAL,audio,46
-yRb-Jum7EQ$_$1,RESOLVED_PARTIAL,audio,56
-yRb-Jum7EQ$_$1,RESOLVED_PARTIAL,audio,94
-yRb-Jum7EQ$_$1,RESOLVED_PARTIAL,audio,14
-yRb-Jum7EQ$_$1,RESOLVED_PARTIAL,audio,11
-yRb-Jum7EQ$_$1,RESOLVED_PARTIAL,audio,14
-yRb-Jum7EQ$_$1,RESOLVED_PARTIAL,audio,44
-yRb-Jum7EQ$_$1,RESOLVED_PARTIAL,audio,35
-yRb-Jum7EQ$_$1,RESOLVED_PARTIAL,audio,36
-yRb-Jum7EQ$_$1,RESOLVED_PARTIAL,audio,24
-yRb-Jum7EQ$_$1,RESOLVED_PARTIAL,audio,18
-yRb-Jum7EQ$_$1,RESOLVED_PARTIAL,audio,55
-yRb-Jum7EQ$_$1,RESOLVED_PARTIAL,audio,8
-yRb-Jum7EQ$_$1,RESOLVED_PARTIAL,audio,32
-yRb-Jum7EQ$_$1,RESOLVED_PARTIAL,audio,28
-yRb-Jum7EQ$_$1,RESOLVED_PARTIAL,audio,14
-yRb-Jum7EQ$_$1,RESOLVED_PARTIAL,audio,12
-yRb-Jum7EQ$_$1,RESOLVED_PARTIAL,audio,26
-yRb-Jum7EQ$_$1,RESOLVED_PARTIAL,audio,40
-yRb-Jum7EQ$_$1,RESOLVED_PARTIAL,audio,34
-yRb-Jum7EQ$_$1,RESOLVED_PARTIAL,audio,14
-yRb-Jum7EQ$_$1,RESOLVED_PARTIAL,audio,27
-yRb-Jum7EQ$_$1,RESOLVED_PARTIAL,audio,98
-yRb-Jum7EQ$_$1,RESOLVED_PARTIAL,audio,12
-yRb-Jum7EQ$_$1,RESOLVED_PARTIAL,audio,131
-yRb-Jum7EQ$_$1,RESOLVED_PARTIAL,audio,14
-yRb-Jum7EQ$_$1,RESOLVED_PARTIAL,audio,8
-yRb-Jum7EQ$_$1,RESOLVED_PARTIAL,audio,89
-yRb-Jum7EQ$_$1,RESOLVED_PARTIAL,audio,104
-yRb-Jum7EQ$_$1,RESOLVED_PARTIAL,audio,89
-yRb-Jum7EQ$_$1,RESOLVED_PARTIAL,audio,54
-yRb-Jum7EQ$_$1,RESOLVED_PARTIAL,audio,60
-yRb-Jum7EQ$_$1,RESOLVED_PARTIAL,audio,46
-yRb-Jum7EQ$_$1,RESOLVED_PARTIAL,audio,18
-yRb-Jum7EQ$_$1,RESOLVED_PARTIAL,audio,14
-yRb-Jum7EQ$_$1,RESOLVED_PARTIAL,audio,37
-yRb-Jum7EQ$_$1,RESOLVED_PARTIAL,audio,12
-yRb-Jum7EQ$_$1,RESOLVED_PARTIAL,audio,38
-yRb-Jum7EQ$_$5,RESOLVED_PARTIAL,audio,46
-yRb-Jum7EQ$_$5,RESOLVED_PARTIAL,audio,37
-yRb-Jum7EQ$_$5,RESOLVED_PARTIAL,audio,46
-yRb-Jum7EQ$_$5,RESOLVED_PARTIAL,audio,144
-yRb-Jum7EQ$_$5,RESOLVED_PARTIAL,audio,26
-yRb-Jum7EQ$_$5,RESOLVED_PARTIAL,audio,28
-yRb-Jum7EQ$_$5,RESOLVED_PARTIAL,audio,14
-yRb-Jum7EQ$_$5,RESOLVED_PARTIAL,audio,36
-yRb-Jum7EQ$_$5,RESOLVED_PARTIAL,audio,101
-yRb-Jum7EQ$_$5,RESOLVED_PARTIAL,audio,37
-yRb-Jum7EQ$_$5,RESOLVED_PARTIAL,audio,8
-yRb-Jum7EQ$_$5,RESOLVED_PARTIAL,audio,16
-yRb-Jum7EQ$_$5,RESOLVED_PARTIAL,audio,12
-yRb-Jum7EQ$_$5,RESOLVED_PARTIAL,audio,61
-yRb-Jum7EQ$_$5,RESOLVED_PARTIAL,audio,32
-yRb-Jum7EQ$_$5,RESOLVED_PARTIAL,audio,52
-yRb-Jum7EQ$_$5,RESOLVED_PARTIAL,audio,20
-yRb-Jum7EQ$_$5,RESOLVED_PARTIAL,audio,18
-yRb-Jum7EQ$_$5,RESOLVED_PARTIAL,audio,20
-yRb-Jum7EQ$_$5,RESOLVED_PARTIAL,audio,14
-yRb-Jum7EQ$_$5,RESOLVED_PARTIAL,audio,27
-yRb-Jum7EQ$_$5,RESOLVED_PARTIAL,audio,50
-yRb-Jum7EQ$_$5,RESOLVED_PARTIAL,audio,6
-yRb-Jum7EQ$_$5,RESOLVED_PARTIAL,audio,55
-yRb-Jum7EQ$_$5,RESOLVED_PARTIAL,audio,54
-yRb-Jum7EQ$_$6,RESOLVED_PARTIAL,audio,38
-yRb-Jum7EQ$_$6,RESOLVED_PARTIAL,audio,10
-yRb-Jum7EQ$_$6,RESOLVED_PARTIAL,audio,18
-yRb-Jum7EQ$_$6,RESOLVED_PARTIAL,audio,12
-yRb-Jum7EQ$_$6,RESOLVED_PARTIAL,audio,8
-yRb-Jum7EQ$_$6,RESOLVED_PARTIAL,audio,26
-yRb-Jum7EQ$_$6,RESOLVED_PARTIAL,audio,18
-yRb-Jum7EQ$_$6,RESOLVED_PARTIAL,audio,32
-yRb-Jum7EQ$_$6,RESOLVED_PARTIAL,audio,30
-yRb-Jum7EQ$_$6,RESOLVED_PARTIAL,audio,16
-yRb-Jum7EQ$_$6,RESOLVED_PARTIAL,audio,38
-yRb-Jum7EQ$_$6,RESOLVED_PARTIAL,audio,36
-yRb-Jum7EQ$_$6,RESOLVED_PARTIAL,audio,6
-yRb-Jum7EQ$_$6,RESOLVED_PARTIAL,audio,22
-yRb-Jum7EQ$_$6,RESOLVED_PARTIAL,audio,32
-yRb-Jum7EQ$_$6,RESOLVED_PARTIAL,audio,12
-yRb-Jum7EQ$_$6,RESOLVED_PARTIAL,audio,26
-yRb-Jum7EQ$_$6,RESOLVED_PARTIAL,audio,20
-yRb-Jum7EQ$_$6,RESOLVED_PARTIAL,audio,70
-3g5yACwYnA$_$13,RESOLVED_VALID,vision,39
-3g5yACwYnA$_$13,RESOLVED_VALID,vision,4
-3g5yACwYnA$_$13,RESOLVED_VALID,vision,5
-3g5yACwYnA$_$13,RESOLVED_VALID,vision,3
-3g5yACwYnA$_$13,RESOLVED_VALID,vision,7
-3g5yACwYnA$_$13,RESOLVED_VALID,vision,14
-3g5yACwYnA$_$13,RESOLVED_VALID,vision,3
-3g5yACwYnA$_$13,RESOLVED_VALID,vision,2
-3g5yACwYnA$_$13,RESOLVED_VALID,vision,5
-3g5yACwYnA$_$13,RESOLVED_VALID,vision,7
-3g5yACwYnA$_$13,RESOLVED_VALID,vision,6
-3g5yACwYnA$_$13,RESOLVED_VALID,vision,7
-3g5yACwYnA$_$13,RESOLVED_VALID,vision,4
-3g5yACwYnA$_$13,RESOLVED_VALID,vision,2
-3g5yACwYnA$_$13,RESOLVED_VALID,vision,8
-3g5yACwYnA$_$2,RESOLVED_VALID,vision,13
-3g5yACwYnA$_$2,RESOLVED_VALID,vision,10
-3g5yACwYnA$_$2,RESOLVED_VALID,vision,6
-3g5yACwYnA$_$2,RESOLVED_VALID,vision,2
-3g5yACwYnA$_$2,RESOLVED_VALID,vision,13
-3g5yACwYnA$_$2,RESOLVED_VALID,vision,9
-3g5yACwYnA$_$2,RESOLVED_VALID,vision,6
-3g5yACwYnA$_$2,RESOLVED_VALID,vision,3
-3g5yACwYnA$_$2,RESOLVED_VALID,vision,12
-3g5yACwYnA$_$2,RESOLVED_VALID,vision,5
-3g5yACwYnA$_$2,RESOLVED_VALID,vision,3
-3g5yACwYnA$_$2,RESOLVED_VALID,vision,6
-3g5yACwYnA$_$2,RESOLVED_VALID,vision,4
-3g5yACwYnA$_$2,RESOLVED_VALID,vision,11
-3g5yACwYnA$_$3,RESOLVED_VALID,vision,10
-3g5yACwYnA$_$3,RESOLVED_VALID,vision,3
-3g5yACwYnA$_$3,RESOLVED_VALID,vision,10
-3g5yACwYnA$_$3,RESOLVED_VALID,vision,7
-3g5yACwYnA$_$3,RESOLVED_VALID,vision,1
-3g5yACwYnA$_$3,RESOLVED_VALID,vision,13
-3g5yACwYnA$_$3,RESOLVED_VALID,vision,7
-3g5yACwYnA$_$3,RESOLVED_VALID,vision,3
-3g5yACwYnA$_$3,RESOLVED_VALID,vision,14
-3g5yACwYnA$_$3,RESOLVED_VALID,vision,6
-3g5yACwYnA$_$3,RESOLVED_VALID,vision,11
-3g5yACwYnA$_$3,RESOLVED_VALID,vision,4
-3g5yACwYnA$_$3,RESOLVED_VALID,vision,3
-3g5yACwYnA$_$3,RESOLVED_VALID,vision,3
-3g5yACwYnA$_$3,RESOLVED_VALID,vision,2
-3g5yACwYnA$_$3,RESOLVED_VALID,vision,3
-3g5yACwYnA$_$3,RESOLVED_VALID,vision,12
-3g5yACwYnA$_$3,RESOLVED_VALID,vision,8
-3g5yACwYnA$_$3,RESOLVED_VALID,vision,16
-3g5yACwYnA$_$3,RESOLVED_VALID,vision,4
-3g5yACwYnA$_$3,RESOLVED_VALID,vision,3
-3g5yACwYnA$_$3,RESOLVED_VALID,vision,10
-3g5yACwYnA$_$3,RESOLVED_VALID,vision,12
-3g5yACwYnA$_$3,RESOLVED_VALID,vision,3
-3g5yACwYnA$_$3,RESOLVED_VALID,vision,4
-3g5yACwYnA$_$3,RESOLVED_VALID,vision,5
-3g5yACwYnA$_$3,RESOLVED_VALID,vision,5
-3g5yACwYnA$_$3,RESOLVED_VALID,vision,2
-3g5yACwYnA$_$3,RESOLVED_VALID,vision,7
-3g5yACwYnA$_$9,RESOLVED_VALID,vision,4
-3g5yACwYnA$_$9,RESOLVED_VALID,vision,3
-3g5yACwYnA$_$9,RESOLVED_VALID,vision,6
-3g5yACwYnA$_$9,RESOLVED_VALID,vision,5
-3g5yACwYnA$_$9,RESOLVED_VALID,vision,14
-3g5yACwYnA$_$9,RESOLVED_VALID,vision,8
-3g5yACwYnA$_$9,RESOLVED_VALID,vision,3
-3g5yACwYnA$_$9,RESOLVED_VALID,vision,5
-3g5yACwYnA$_$9,RESOLVED_VALID,vision,6
-3g5yACwYnA$_$9,RESOLVED_VALID,vision,3
-3g5yACwYnA$_$9,RESOLVED_VALID,vision,7
-3g5yACwYnA$_$9,RESOLVED_VALID,vision,5
-3g5yACwYnA$_$9,RESOLVED_VALID,vision,2
-3g5yACwYnA$_$9,RESOLVED_VALID,vision,28
-3g5yACwYnA$_$9,RESOLVED_VALID,vision,6
-3g5yACwYnA$_$9,RESOLVED_VALID,vision,3
-3g5yACwYnA$_$9,RESOLVED_VALID,vision,3
-3g5yACwYnA$_$9,RESOLVED_VALID,vision,7
-3g5yACwYnA$_$9,RESOLVED_VALID,vision,12
-3g5yACwYnA$_$9,RESOLVED_VALID,vision,14
-3g5yACwYnA$_$9,RESOLVED_VALID,vision,11
-3nNcZdcdvU$_$5,RESOLVED_VALID,vision,25
-3nNcZdcdvU$_$5,RESOLVED_VALID,vision,8
-3nNcZdcdvU$_$5,RESOLVED_VALID,vision,15
-3nNcZdcdvU$_$5,RESOLVED_VALID,vision,3
-3nNcZdcdvU$_$5,RESOLVED_VALID,vision,9
-3nNcZdcdvU$_$5,RESOLVED_VALID,vision,19
-3nNcZdcdvU$_$5,RESOLVED_VALID,vision,6
-3nNcZdcdvU$_$5,RESOLVED_VALID,vision,7
-3nNcZdcdvU$_$5,RESOLVED_VALID,vision,3
-3nNcZdcdvU$_$5,RESOLVED_VALID,vision,4
-3nNcZdcdvU$_$5,RESOLVED_VALID,vision,4
-3nNcZdcdvU$_$5,RESOLVED_VALID,vision,7
-3nNcZdcdvU$_$5,RESOLVED_VALID,vision,9
-3nNcZdcdvU$_$5,RESOLVED_VALID,vision,2
-3nNcZdcdvU$_$5,RESOLVED_VALID,vision,5
-3nNcZdcdvU$_$5,RESOLVED_VALID,vision,4
-3nNcZdcdvU$_$5,RESOLVED_VALID,vision,3
-3nNcZdcdvU$_$5,RESOLVED_VALID,vision,13
-571d8cVauQ$_$0,RESOLVED_VALID,vision,3
-571d8cVauQ$_$0,RESOLVED_VALID,vision,3
-571d8cVauQ$_$0,RESOLVED_VALID,vision,5
-571d8cVauQ$_$0,RESOLVED_VALID,vision,10
-571d8cVauQ$_$0,RESOLVED_VALID,vision,6
-571d8cVauQ$_$0,RESOLVED_VALID,vision,12
-571d8cVauQ$_$0,RESOLVED_VALID,vision,12
-571d8cVauQ$_$0,RESOLVED_VALID,vision,3
-571d8cVauQ$_$0,RESOLVED_VALID,vision,8
-571d8cVauQ$_$0,RESOLVED_VALID,vision,1
-571d8cVauQ$_$0,RESOLVED_VALID,vision,9
-571d8cVauQ$_$0,RESOLVED_VALID,vision,11
-571d8cVauQ$_$5,RESOLVED_VALID,vision,5
-571d8cVauQ$_$5,RESOLVED_VALID,vision,5
-571d8cVauQ$_$5,RESOLVED_VALID,vision,10
-571d8cVauQ$_$5,RESOLVED_VALID,vision,3
-571d8cVauQ$_$5,RESOLVED_VALID,vision,5
-571d8cVauQ$_$5,RESOLVED_VALID,vision,4
-571d8cVauQ$_$5,RESOLVED_VALID,vision,5
-571d8cVauQ$_$5,RESOLVED_VALID,vision,3
-571d8cVauQ$_$5,RESOLVED_VALID,vision,16
-571d8cVauQ$_$5,RESOLVED_VALID,vision,8
-571d8cVauQ$_$5,RESOLVED_VALID,vision,10
-571d8cVauQ$_$5,RESOLVED_VALID,vision,6
-571d8cVauQ$_$5,RESOLVED_VALID,vision,4
-571d8cVauQ$_$5,RESOLVED_VALID,vision,3
-571d8cVauQ$_$5,RESOLVED_VALID,vision,6
-571d8cVauQ$_$5,RESOLVED_VALID,vision,2
-571d8cVauQ$_$5,RESOLVED_VALID,vision,4
-571d8cVauQ$_$5,RESOLVED_VALID,vision,7
-571d8cVauQ$_$5,RESOLVED_VALID,vision,7
-571d8cVauQ$_$5,RESOLVED_VALID,vision,4
-571d8cVauQ$_$5,RESOLVED_VALID,vision,4
-571d8cVauQ$_$5,RESOLVED_VALID,vision,6
-571d8cVauQ$_$5,RESOLVED_VALID,vision,7
-571d8cVauQ$_$5,RESOLVED_VALID,vision,7
-571d8cVauQ$_$5,RESOLVED_VALID,vision,2
-571d8cVauQ$_$5,RESOLVED_VALID,vision,7
-571d8cVauQ$_$5,RESOLVED_VALID,vision,15
-571d8cVauQ$_$5,RESOLVED_VALID,vision,4
-571d8cVauQ$_$5,RESOLVED_VALID,vision,2
-571d8cVauQ$_$5,RESOLVED_VALID,vision,6
-571d8cVauQ$_$5,RESOLVED_VALID,vision,9
-571d8cVauQ$_$5,RESOLVED_VALID,vision,3
-571d8cVauQ$_$5,RESOLVED_VALID,vision,6
-571d8cVauQ$_$5,RESOLVED_VALID,vision,3
-571d8cVauQ$_$5,RESOLVED_VALID,vision,4
-571d8cVauQ$_$5,RESOLVED_VALID,vision,9
-571d8cVauQ$_$5,RESOLVED_VALID,vision,5
-571d8cVauQ$_$5,RESOLVED_VALID,vision,6
-571d8cVauQ$_$5,RESOLVED_VALID,vision,3
-571d8cVauQ$_$5,RESOLVED_VALID,vision,2
-571d8cVauQ$_$5,RESOLVED_VALID,vision,7
-571d8cVauQ$_$5,RESOLVED_VALID,vision,15
-571d8cVauQ$_$5,RESOLVED_VALID,vision,8
-6rXp3zJ3kc$_$8,RESOLVED_VALID,vision,6
-6rXp3zJ3kc$_$8,RESOLVED_VALID,vision,7
-6rXp3zJ3kc$_$8,RESOLVED_VALID,vision,3
-6rXp3zJ3kc$_$8,RESOLVED_VALID,vision,8
-6rXp3zJ3kc$_$8,RESOLVED_VALID,vision,7
-6rXp3zJ3kc$_$8,RESOLVED_VALID,vision,3
-6rXp3zJ3kc$_$8,RESOLVED_VALID,vision,6
-6rXp3zJ3kc$_$8,RESOLVED_VALID,vision,4
-6rXp3zJ3kc$_$8,RESOLVED_VALID,vision,5
-6rXp3zJ3kc$_$8,RESOLVED_VALID,vision,3
-6rXp3zJ3kc$_$8,RESOLVED_VALID,vision,6
-6rXp3zJ3kc$_$8,RESOLVED_VALID,vision,5
-6rXp3zJ3kc$_$8,RESOLVED_VALID,vision,4
-6rXp3zJ3kc$_$8,RESOLVED_VALID,vision,4
-6rXp3zJ3kc$_$8,RESOLVED_VALID,vision,12
-6rXp3zJ3kc$_$8,RESOLVED_VALID,vision,5
-6rXp3zJ3kc$_$8,RESOLVED_VALID,vision,8
-6rXp3zJ3kc$_$8,RESOLVED_VALID,vision,5
-6rXp3zJ3kc$_$8,RESOLVED_VALID,vision,9
-6rXp3zJ3kc$_$8,RESOLVED_VALID,vision,1
-6rXp3zJ3kc$_$8,RESOLVED_VALID,vision,5
-6rXp3zJ3kc$_$8,RESOLVED_VALID,vision,3
-6rXp3zJ3kc$_$8,RESOLVED_VALID,vision,10
-6rXp3zJ3kc$_$8,RESOLVED_VALID,vision,3
-6rXp3zJ3kc$_$8,RESOLVED_VALID,vision,7
-6rXp3zJ3kc$_$8,RESOLVED_VALID,vision,4
-6rXp3zJ3kc$_$8,RESOLVED_VALID,vision,9
-6rXp3zJ3kc$_$8,RESOLVED_VALID,vision,7
-6rXp3zJ3kc$_$8,RESOLVED_VALID,vision,3
-6rXp3zJ3kc$_$8,RESOLVED_VALID,vision,9
-6rXp3zJ3kc$_$8,RESOLVED_VALID,vision,6
-6rXp3zJ3kc$_$8,RESOLVED_VALID,vision,12
-6rXp3zJ3kc$_$8,RESOLVED_VALID,vision,7
-6rXp3zJ3kc$_$8,RESOLVED_VALID,vision,11
-9y-fZ3swSY$_$0,RESOLVED_VALID,vision,4
-9y-fZ3swSY$_$0,RESOLVED_VALID,vision,2
-9y-fZ3swSY$_$0,RESOLVED_VALID,vision,3
-9y-fZ3swSY$_$0,RESOLVED_VALID,vision,7
-9y-fZ3swSY$_$0,RESOLVED_VALID,vision,22
-9y-fZ3swSY$_$0,RESOLVED_VALID,vision,2
-9y-fZ3swSY$_$0,RESOLVED_VALID,vision,8
-9y-fZ3swSY$_$0,RESOLVED_VALID,vision,9
-9y-fZ3swSY$_$0,RESOLVED_VALID,vision,10
-9y-fZ3swSY$_$0,RESOLVED_VALID,vision,9
-9y-fZ3swSY$_$0,RESOLVED_VALID,vision,3
-9y-fZ3swSY$_$0,RESOLVED_VALID,vision,3
-9y-fZ3swSY$_$0,RESOLVED_VALID,vision,5
-9y-fZ3swSY$_$0,RESOLVED_VALID,vision,10
-9y-fZ3swSY$_$0,RESOLVED_VALID,vision,3
-9y-fZ3swSY$_$0,RESOLVED_VALID,vision,5
-9y-fZ3swSY$_$0,RESOLVED_VALID,vision,6
-9y-fZ3swSY$_$0,RESOLVED_VALID,vision,4
-9y-fZ3swSY$_$0,RESOLVED_VALID,vision,6
-9y-fZ3swSY$_$0,RESOLVED_VALID,vision,3
-9y-fZ3swSY$_$0,RESOLVED_VALID,vision,4
-9y-fZ3swSY$_$0,RESOLVED_VALID,vision,6
-9y-fZ3swSY$_$4,RESOLVED_VALID,vision,6
-9y-fZ3swSY$_$4,RESOLVED_VALID,vision,5
-9y-fZ3swSY$_$4,RESOLVED_VALID,vision,5
-9y-fZ3swSY$_$4,RESOLVED_VALID,vision,3
-9y-fZ3swSY$_$4,RESOLVED_VALID,vision,9
-9y-fZ3swSY$_$4,RESOLVED_VALID,vision,3
-9y-fZ3swSY$_$4,RESOLVED_VALID,vision,3
-9y-fZ3swSY$_$4,RESOLVED_VALID,vision,4
-9y-fZ3swSY$_$4,RESOLVED_VALID,vision,6
-9y-fZ3swSY$_$8,UNRESOLVED,vision,0
-9y-fZ3swSY$_$8,UNRESOLVED,vision,0
-9y-fZ3swSY$_$8,UNRESOLVED,vision,0
-9y-fZ3swSY$_$8,UNRESOLVED,vision,0
-9y-fZ3swSY$_$8,UNRESOLVED,vision,0
-9y-fZ3swSY$_$8,UNRESOLVED,vision,0
-9y-fZ3swSY$_$8,UNRESOLVED,vision,0
-9y-fZ3swSY$_$8,UNRESOLVED,vision,0
-9y-fZ3swSY$_$8,UNRESOLVED,vision,0
-9y-fZ3swSY$_$8,UNRESOLVED,vision,0
-9y-fZ3swSY$_$8,UNRESOLVED,vision,0
-9y-fZ3swSY$_$8,UNRESOLVED,vision,0
-AUZQgSxyPQ$_$2,RESOLVED_PARTIAL,vision,3
-AUZQgSxyPQ$_$2,RESOLVED_PARTIAL,vision,9
-AUZQgSxyPQ$_$2,RESOLVED_PARTIAL,vision,8
-AUZQgSxyPQ$_$2,RESOLVED_PARTIAL,vision,7
-AUZQgSxyPQ$_$2,RESOLVED_PARTIAL,vision,4
-AUZQgSxyPQ$_$2,RESOLVED_PARTIAL,vision,2
-AUZQgSxyPQ$_$2,RESOLVED_PARTIAL,vision,19
-AUZQgSxyPQ$_$2,RESOLVED_PARTIAL,vision,10
-AUZQgSxyPQ$_$2,RESOLVED_PARTIAL,vision,12
-AUZQgSxyPQ$_$2,RESOLVED_PARTIAL,vision,9
-AUZQgSxyPQ$_$2,RESOLVED_PARTIAL,vision,5
-AUZQgSxyPQ$_$2,RESOLVED_PARTIAL,vision,11
-AUZQgSxyPQ$_$2,RESOLVED_PARTIAL,vision,10
-AUZQgSxyPQ$_$2,RESOLVED_PARTIAL,vision,12
-AUZQgSxyPQ$_$2,RESOLVED_PARTIAL,vision,2
-AUZQgSxyPQ$_$2,RESOLVED_PARTIAL,vision,15
-AUZQgSxyPQ$_$2,RESOLVED_PARTIAL,vision,19
-AUZQgSxyPQ$_$2,RESOLVED_PARTIAL,vision,12
-AUZQgSxyPQ$_$2,RESOLVED_PARTIAL,vision,15
-AUZQgSxyPQ$_$2,RESOLVED_PARTIAL,vision,2
-AUZQgSxyPQ$_$2,RESOLVED_PARTIAL,vision,13
-AUZQgSxyPQ$_$2,RESOLVED_PARTIAL,vision,6
-AUZQgSxyPQ$_$2,RESOLVED_PARTIAL,vision,6
-AUZQgSxyPQ$_$2,RESOLVED_PARTIAL,vision,4
-AUZQgSxyPQ$_$2,RESOLVED_PARTIAL,vision,13
-AUZQgSxyPQ$_$2,RESOLVED_PARTIAL,vision,4
-AUZQgSxyPQ$_$2,RESOLVED_PARTIAL,vision,10
-AUZQgSxyPQ$_$2,RESOLVED_PARTIAL,vision,9
-AUZQgSxyPQ$_$2,RESOLVED_PARTIAL,vision,33
-AUZQgSxyPQ$_$2,RESOLVED_PARTIAL,vision,11
-AUZQgSxyPQ$_$2,RESOLVED_PARTIAL,vision,10
-AUZQgSxyPQ$_$2,RESOLVED_PARTIAL,vision,10
-AUZQgSxyPQ$_$2,RESOLVED_PARTIAL,vision,6
-AUZQgSxyPQ$_$2,RESOLVED_PARTIAL,vision,8
-AUZQgSxyPQ$_$2,RESOLVED_PARTIAL,vision,12
-AUZQgSxyPQ$_$2,RESOLVED_PARTIAL,vision,7
-AUZQgSxyPQ$_$2,RESOLVED_PARTIAL,vision,9
-AUZQgSxyPQ$_$2,RESOLVED_PARTIAL,vision,8
-AUZQgSxyPQ$_$2,RESOLVED_PARTIAL,vision,10
-AUZQgSxyPQ$_$2,RESOLVED_PARTIAL,vision,8
-AUZQgSxyPQ$_$2,RESOLVED_PARTIAL,vision,10
-HeZS2-Prhc$_$2,RESOLVED_PARTIAL,vision,3
-HeZS2-Prhc$_$2,RESOLVED_PARTIAL,vision,8
-HeZS2-Prhc$_$2,RESOLVED_PARTIAL,vision,9
-HeZS2-Prhc$_$2,RESOLVED_PARTIAL,vision,9
-HeZS2-Prhc$_$2,RESOLVED_PARTIAL,vision,3
-HeZS2-Prhc$_$2,RESOLVED_PARTIAL,vision,4
-HeZS2-Prhc$_$2,RESOLVED_PARTIAL,vision,4
-HeZS2-Prhc$_$2,RESOLVED_PARTIAL,vision,3
-HeZS2-Prhc$_$2,RESOLVED_PARTIAL,vision,4
-HeZS2-Prhc$_$2,RESOLVED_PARTIAL,vision,9
-HeZS2-Prhc$_$2,RESOLVED_PARTIAL,vision,12
-HeZS2-Prhc$_$2,RESOLVED_PARTIAL,vision,4
-HeZS2-Prhc$_$2,RESOLVED_PARTIAL,vision,10
-HeZS2-Prhc$_$2,RESOLVED_PARTIAL,vision,4
-HeZS2-Prhc$_$2,RESOLVED_PARTIAL,vision,6
-HeZS2-Prhc$_$2,RESOLVED_PARTIAL,vision,10
-HwX2H8Z4hY$_$2,UNRESOLVED,vision,0
-HwX2H8Z4hY$_$2,UNRESOLVED,vision,0
-HwX2H8Z4hY$_$2,UNRESOLVED,vision,0
-HwX2H8Z4hY$_$2,UNRESOLVED,vision,0
-HwX2H8Z4hY$_$2,UNRESOLVED,vision,0
-HwX2H8Z4hY$_$2,UNRESOLVED,vision,0
-HwX2H8Z4hY$_$2,UNRESOLVED,vision,0
-HwX2H8Z4hY$_$2,UNRESOLVED,vision,0
-HwX2H8Z4hY$_$5,UNRESOLVED,vision,0
-HwX2H8Z4hY$_$5,UNRESOLVED,vision,0
-HwX2H8Z4hY$_$5,UNRESOLVED,vision,0
-HwX2H8Z4hY$_$5,UNRESOLVED,vision,0
-HwX2H8Z4hY$_$5,UNRESOLVED,vision,0
-HwX2H8Z4hY$_$5,UNRESOLVED,vision,0
-HwX2H8Z4hY$_$5,UNRESOLVED,vision,0
-HwX2H8Z4hY$_$5,UNRESOLVED,vision,0
-HwX2H8Z4hY$_$5,UNRESOLVED,vision,0
-HwX2H8Z4hY$_$5,UNRESOLVED,vision,0
-HwX2H8Z4hY$_$6,UNRESOLVED,vision,0
-HwX2H8Z4hY$_$6,UNRESOLVED,vision,0
-HwX2H8Z4hY$_$6,UNRESOLVED,vision,0
-HwX2H8Z4hY$_$6,UNRESOLVED,vision,0
-HwX2H8Z4hY$_$6,UNRESOLVED,vision,0
-HwX2H8Z4hY$_$6,UNRESOLVED,vision,0
-HwX2H8Z4hY$_$6,UNRESOLVED,vision,0
-HwX2H8Z4hY$_$9,RESOLVED_PARTIAL,vision,0
-HwX2H8Z4hY$_$9,RESOLVED_PARTIAL,vision,0
-HwX2H8Z4hY$_$9,RESOLVED_PARTIAL,vision,0
-HwX2H8Z4hY$_$9,RESOLVED_PARTIAL,vision,4
-HwX2H8Z4hY$_$9,RESOLVED_PARTIAL,vision,0
-HwX2H8Z4hY$_$9,RESOLVED_PARTIAL,vision,3
-HwX2H8Z4hY$_$9,RESOLVED_PARTIAL,vision,15
-HwX2H8Z4hY$_$9,RESOLVED_PARTIAL,vision,6
-HwX2H8Z4hY$_$9,RESOLVED_PARTIAL,vision,4
-HwX2H8Z4hY$_$9,RESOLVED_PARTIAL,vision,2
-HwX2H8Z4hY$_$9,RESOLVED_PARTIAL,vision,8
-HwX2H8Z4hY$_$9,RESOLVED_PARTIAL,vision,7
-HwX2H8Z4hY$_$9,RESOLVED_PARTIAL,vision,4
-HwX2H8Z4hY$_$9,RESOLVED_PARTIAL,vision,2
-HwX2H8Z4hY$_$9,RESOLVED_PARTIAL,vision,0
-HwX2H8Z4hY$_$9,RESOLVED_PARTIAL,vision,0
-HwX2H8Z4hY$_$9,RESOLVED_PARTIAL,vision,0
-HwX2H8Z4hY$_$9,RESOLVED_PARTIAL,vision,2
-HwX2H8Z4hY$_$9,RESOLVED_PARTIAL,vision,3
-HwX2H8Z4hY$_$9,RESOLVED_PARTIAL,vision,8
-HwX2H8Z4hY$_$9,RESOLVED_PARTIAL,vision,3
-HwX2H8Z4hY$_$9,RESOLVED_PARTIAL,vision,6
-I_e4mIh0yE$_$1,RESOLVED_VALID,vision,3
-I_e4mIh0yE$_$1,RESOLVED_VALID,vision,2
-I_e4mIh0yE$_$1,RESOLVED_VALID,vision,8
-I_e4mIh0yE$_$1,RESOLVED_VALID,vision,6
-I_e4mIh0yE$_$1,RESOLVED_VALID,vision,3
-I_e4mIh0yE$_$1,RESOLVED_VALID,vision,7
-I_e4mIh0yE$_$1,RESOLVED_VALID,vision,10
-I_e4mIh0yE$_$1,RESOLVED_VALID,vision,12
-I_e4mIh0yE$_$1,RESOLVED_VALID,vision,4
-I_e4mIh0yE$_$1,RESOLVED_VALID,vision,2
-I_e4mIh0yE$_$1,RESOLVED_VALID,vision,10
-I_e4mIh0yE$_$1,RESOLVED_VALID,vision,3
-I_e4mIh0yE$_$1,RESOLVED_VALID,vision,7
-I_e4mIh0yE$_$1,RESOLVED_VALID,vision,11
-I_e4mIh0yE$_$1,RESOLVED_VALID,vision,2
-I_e4mIh0yE$_$1,RESOLVED_VALID,vision,11
-I_e4mIh0yE$_$1,RESOLVED_VALID,vision,3
-I_e4mIh0yE$_$1,RESOLVED_VALID,vision,7
-I_e4mIh0yE$_$3,RESOLVED_PARTIAL,vision,4
-I_e4mIh0yE$_$3,RESOLVED_PARTIAL,vision,15
-I_e4mIh0yE$_$3,RESOLVED_PARTIAL,vision,4
-I_e4mIh0yE$_$3,RESOLVED_PARTIAL,vision,5
-I_e4mIh0yE$_$3,RESOLVED_PARTIAL,vision,36
-I_e4mIh0yE$_$3,RESOLVED_PARTIAL,vision,8
-I_e4mIh0yE$_$3,RESOLVED_PARTIAL,vision,9
-I_e4mIh0yE$_$3,RESOLVED_PARTIAL,vision,13
-I_e4mIh0yE$_$3,RESOLVED_PARTIAL,vision,4
-I_e4mIh0yE$_$3,RESOLVED_PARTIAL,vision,1
-I_e4mIh0yE$_$3,RESOLVED_PARTIAL,vision,6
-I_e4mIh0yE$_$3,RESOLVED_PARTIAL,vision,3
-I_e4mIh0yE$_$3,RESOLVED_PARTIAL,vision,3
-I_e4mIh0yE$_$3,RESOLVED_PARTIAL,vision,7
-I_e4mIh0yE$_$3,RESOLVED_PARTIAL,vision,2
-I_e4mIh0yE$_$3,RESOLVED_PARTIAL,vision,3
-I_e4mIh0yE$_$3,RESOLVED_PARTIAL,vision,4
-I_e4mIh0yE$_$3,RESOLVED_PARTIAL,vision,6
-I_e4mIh0yE$_$3,RESOLVED_PARTIAL,vision,5
-I_e4mIh0yE$_$3,RESOLVED_PARTIAL,vision,3
-I_e4mIh0yE$_$3,RESOLVED_PARTIAL,vision,9
-I_e4mIh0yE$_$3,RESOLVED_PARTIAL,vision,10
-MeTTeMJBNc$_$0,RESOLVED_VALID,vision,8
-MeTTeMJBNc$_$0,RESOLVED_VALID,vision,5
-MeTTeMJBNc$_$0,RESOLVED_VALID,vision,13
-MeTTeMJBNc$_$0,RESOLVED_VALID,vision,3
-MeTTeMJBNc$_$0,RESOLVED_VALID,vision,6
-MeTTeMJBNc$_$0,RESOLVED_VALID,vision,10
-MeTTeMJBNc$_$0,RESOLVED_VALID,vision,7
-MeTTeMJBNc$_$0,RESOLVED_VALID,vision,6
-MeTTeMJBNc$_$0,RESOLVED_VALID,vision,8
-MeTTeMJBNc$_$0,RESOLVED_VALID,vision,5
-MeTTeMJBNc$_$0,RESOLVED_VALID,vision,8
-MeTTeMJBNc$_$0,RESOLVED_VALID,vision,9
-MeTTeMJBNc$_$0,RESOLVED_VALID,vision,6
-MeTTeMJBNc$_$0,RESOLVED_VALID,vision,9
-MeTTeMJBNc$_$0,RESOLVED_VALID,vision,9
-MeTTeMJBNc$_$0,RESOLVED_VALID,vision,2
-MeTTeMJBNc$_$0,RESOLVED_VALID,vision,3
-MeTTeMJBNc$_$0,RESOLVED_VALID,vision,20
-MeTTeMJBNc$_$0,RESOLVED_VALID,vision,4
-MeTTeMJBNc$_$0,RESOLVED_VALID,vision,3
-MeTTeMJBNc$_$0,RESOLVED_VALID,vision,11
-MeTTeMJBNc$_$13,RESOLVED_VALID,vision,4
-MeTTeMJBNc$_$13,RESOLVED_VALID,vision,9
-MeTTeMJBNc$_$13,RESOLVED_VALID,vision,7
-MeTTeMJBNc$_$13,RESOLVED_VALID,vision,3
-MeTTeMJBNc$_$13,RESOLVED_VALID,vision,5
-MeTTeMJBNc$_$13,RESOLVED_VALID,vision,2
-MeTTeMJBNc$_$13,RESOLVED_VALID,vision,11
-MeTTeMJBNc$_$13,RESOLVED_VALID,vision,16
-MeTTeMJBNc$_$13,RESOLVED_VALID,vision,3
-MeTTeMJBNc$_$13,RESOLVED_VALID,vision,4
-MeTTeMJBNc$_$13,RESOLVED_VALID,vision,3
-MeTTeMJBNc$_$13,RESOLVED_VALID,vision,10
-MeTTeMJBNc$_$13,RESOLVED_VALID,vision,3
-MeTTeMJBNc$_$13,RESOLVED_VALID,vision,10
-MeTTeMJBNc$_$7,RESOLVED_PARTIAL,vision,0
-MeTTeMJBNc$_$7,RESOLVED_PARTIAL,vision,0
-MeTTeMJBNc$_$7,RESOLVED_PARTIAL,vision,0
-MeTTeMJBNc$_$7,RESOLVED_PARTIAL,vision,0
-MeTTeMJBNc$_$7,RESOLVED_PARTIAL,vision,0
-MeTTeMJBNc$_$7,RESOLVED_PARTIAL,vision,0
-MeTTeMJBNc$_$7,RESOLVED_PARTIAL,vision,0
-MeTTeMJBNc$_$7,RESOLVED_PARTIAL,vision,0
-MeTTeMJBNc$_$7,RESOLVED_PARTIAL,vision,0
-MeTTeMJBNc$_$7,RESOLVED_PARTIAL,vision,0
-MeTTeMJBNc$_$7,RESOLVED_PARTIAL,vision,0
-MeTTeMJBNc$_$7,RESOLVED_PARTIAL,vision,0
-MeTTeMJBNc$_$7,RESOLVED_PARTIAL,vision,0
-MeTTeMJBNc$_$7,RESOLVED_PARTIAL,vision,0
-MeTTeMJBNc$_$7,RESOLVED_PARTIAL,vision,0
-MeTTeMJBNc$_$7,RESOLVED_PARTIAL,vision,0
-MeTTeMJBNc$_$7,RESOLVED_PARTIAL,vision,0
-MeTTeMJBNc$_$7,RESOLVED_PARTIAL,vision,0
-MeTTeMJBNc$_$7,RESOLVED_PARTIAL,vision,0
-MeTTeMJBNc$_$7,RESOLVED_PARTIAL,vision,0
-MeTTeMJBNc$_$7,RESOLVED_PARTIAL,vision,0
-MeTTeMJBNc$_$7,RESOLVED_PARTIAL,vision,0
-MeTTeMJBNc$_$7,RESOLVED_PARTIAL,vision,0
-MeTTeMJBNc$_$7,RESOLVED_PARTIAL,vision,0
-MeTTeMJBNc$_$7,RESOLVED_PARTIAL,vision,0
-MeTTeMJBNc$_$7,RESOLVED_PARTIAL,vision,0
-MeTTeMJBNc$_$7,RESOLVED_PARTIAL,vision,0
-MeTTeMJBNc$_$7,RESOLVED_PARTIAL,vision,0
-MeTTeMJBNc$_$7,RESOLVED_PARTIAL,vision,0
-MeTTeMJBNc$_$7,RESOLVED_PARTIAL,vision,0
-MeTTeMJBNc$_$7,RESOLVED_PARTIAL,vision,0
-NFrJFQijFE$_$1,RESOLVED_MISSING,vision,0
-NFrJFQijFE$_$1,RESOLVED_MISSING,vision,0
-NFrJFQijFE$_$1,RESOLVED_MISSING,vision,0
-NFrJFQijFE$_$1,RESOLVED_MISSING,vision,0
-NFrJFQijFE$_$1,RESOLVED_MISSING,vision,0
-NFrJFQijFE$_$1,RESOLVED_MISSING,vision,0
-NFrJFQijFE$_$1,RESOLVED_MISSING,vision,0
-NFrJFQijFE$_$1,RESOLVED_MISSING,vision,0
-NFrJFQijFE$_$1,RESOLVED_MISSING,vision,0
-NFrJFQijFE$_$1,RESOLVED_MISSING,vision,0
-NFrJFQijFE$_$1,RESOLVED_MISSING,vision,0
-NFrJFQijFE$_$1,RESOLVED_MISSING,vision,0
-NFrJFQijFE$_$1,RESOLVED_MISSING,vision,0
-NFrJFQijFE$_$1,RESOLVED_MISSING,vision,0
-NFrJFQijFE$_$1,RESOLVED_MISSING,vision,0
-NFrJFQijFE$_$1,RESOLVED_MISSING,vision,0
-NFrJFQijFE$_$2,RESOLVED_MISSING,vision,0
-NFrJFQijFE$_$2,RESOLVED_MISSING,vision,0
-NFrJFQijFE$_$2,RESOLVED_MISSING,vision,0
-NFrJFQijFE$_$2,RESOLVED_MISSING,vision,0
-NFrJFQijFE$_$2,RESOLVED_MISSING,vision,0
-NFrJFQijFE$_$2,RESOLVED_MISSING,vision,0
-NFrJFQijFE$_$2,RESOLVED_MISSING,vision,0
-NFrJFQijFE$_$2,RESOLVED_MISSING,vision,0
-NFrJFQijFE$_$2,RESOLVED_MISSING,vision,0
-NFrJFQijFE$_$2,RESOLVED_MISSING,vision,0
-NFrJFQijFE$_$2,RESOLVED_MISSING,vision,0
-NFrJFQijFE$_$2,RESOLVED_MISSING,vision,0
-NFrJFQijFE$_$2,RESOLVED_MISSING,vision,0
-NFrJFQijFE$_$2,RESOLVED_MISSING,vision,0
-NFrJFQijFE$_$2,RESOLVED_MISSING,vision,0
-NFrJFQijFE$_$2,RESOLVED_MISSING,vision,0
-NFrJFQijFE$_$2,RESOLVED_MISSING,vision,0
-NFrJFQijFE$_$2,RESOLVED_MISSING,vision,0
-RfYyzHpjk4$_$11,RESOLVED_VALID,vision,6
-RfYyzHpjk4$_$11,RESOLVED_VALID,vision,5
-RfYyzHpjk4$_$11,RESOLVED_VALID,vision,4
-RfYyzHpjk4$_$11,RESOLVED_VALID,vision,7
-RfYyzHpjk4$_$11,RESOLVED_VALID,vision,7
-RfYyzHpjk4$_$11,RESOLVED_VALID,vision,3
-RfYyzHpjk4$_$11,RESOLVED_VALID,vision,5
-RfYyzHpjk4$_$11,RESOLVED_VALID,vision,4
-RfYyzHpjk4$_$11,RESOLVED_VALID,vision,7
-RfYyzHpjk4$_$11,RESOLVED_VALID,vision,9
-RfYyzHpjk4$_$11,RESOLVED_VALID,vision,8
-RfYyzHpjk4$_$11,RESOLVED_VALID,vision,4
-RfYyzHpjk4$_$11,RESOLVED_VALID,vision,3
-RfYyzHpjk4$_$11,RESOLVED_VALID,vision,4
-RfYyzHpjk4$_$11,RESOLVED_VALID,vision,1
-RfYyzHpjk4$_$11,RESOLVED_VALID,vision,5
-RfYyzHpjk4$_$11,RESOLVED_VALID,vision,1
-RfYyzHpjk4$_$2,RESOLVED_VALID,vision,3
-RfYyzHpjk4$_$2,RESOLVED_VALID,vision,4
-RfYyzHpjk4$_$2,RESOLVED_VALID,vision,4
-RfYyzHpjk4$_$2,RESOLVED_VALID,vision,1
-RfYyzHpjk4$_$2,RESOLVED_VALID,vision,10
-RfYyzHpjk4$_$2,RESOLVED_VALID,vision,5
-RfYyzHpjk4$_$2,RESOLVED_VALID,vision,3
-RfYyzHpjk4$_$2,RESOLVED_VALID,vision,2
-RfYyzHpjk4$_$2,RESOLVED_VALID,vision,6
-RfYyzHpjk4$_$2,RESOLVED_VALID,vision,7
-RfYyzHpjk4$_$2,RESOLVED_VALID,vision,2
-RfYyzHpjk4$_$2,RESOLVED_VALID,vision,3
-RfYyzHpjk4$_$2,RESOLVED_VALID,vision,2
-RfYyzHpjk4$_$2,RESOLVED_VALID,vision,7
-RfYyzHpjk4$_$2,RESOLVED_VALID,vision,3
-RfYyzHpjk4$_$2,RESOLVED_VALID,vision,4
-RfYyzHpjk4$_$2,RESOLVED_VALID,vision,1
-RfYyzHpjk4$_$2,RESOLVED_VALID,vision,4
-RfYyzHpjk4$_$2,RESOLVED_VALID,vision,2
-RfYyzHpjk4$_$2,RESOLVED_VALID,vision,9
-RfYyzHpjk4$_$2,RESOLVED_VALID,vision,4
-RfYyzHpjk4$_$2,RESOLVED_VALID,vision,7
-RfYyzHpjk4$_$2,RESOLVED_VALID,vision,6
-RfYyzHpjk4$_$2,RESOLVED_VALID,vision,3
-RfYyzHpjk4$_$2,RESOLVED_VALID,vision,5
-RfYyzHpjk4$_$8,RESOLVED_VALID,vision,4
-RfYyzHpjk4$_$8,RESOLVED_VALID,vision,7
-RfYyzHpjk4$_$8,RESOLVED_VALID,vision,7
-RfYyzHpjk4$_$8,RESOLVED_VALID,vision,2
-RfYyzHpjk4$_$8,RESOLVED_VALID,vision,3
-RfYyzHpjk4$_$8,RESOLVED_VALID,vision,4
-RfYyzHpjk4$_$8,RESOLVED_VALID,vision,2
-RfYyzHpjk4$_$8,RESOLVED_VALID,vision,5
-RfYyzHpjk4$_$8,RESOLVED_VALID,vision,4
-RfYyzHpjk4$_$8,RESOLVED_VALID,vision,2
-RfYyzHpjk4$_$8,RESOLVED_VALID,vision,7
-RfYyzHpjk4$_$8,RESOLVED_VALID,vision,3
-RfYyzHpjk4$_$8,RESOLVED_VALID,vision,5
-RfYyzHpjk4$_$8,RESOLVED_VALID,vision,8
-RfYyzHpjk4$_$8,RESOLVED_VALID,vision,4
-RfYyzHpjk4$_$8,RESOLVED_VALID,vision,2
-RfYyzHpjk4$_$8,RESOLVED_VALID,vision,7
-THoVjtIkeU$_$12,RESOLVED_VALID,vision,4
-THoVjtIkeU$_$12,RESOLVED_VALID,vision,5
-THoVjtIkeU$_$12,RESOLVED_VALID,vision,4
-THoVjtIkeU$_$12,RESOLVED_VALID,vision,5
-THoVjtIkeU$_$12,RESOLVED_VALID,vision,2
-THoVjtIkeU$_$12,RESOLVED_VALID,vision,11
-THoVjtIkeU$_$12,RESOLVED_VALID,vision,7
-THoVjtIkeU$_$12,RESOLVED_VALID,vision,3
-THoVjtIkeU$_$12,RESOLVED_VALID,vision,3
-THoVjtIkeU$_$12,RESOLVED_VALID,vision,9
-THoVjtIkeU$_$12,RESOLVED_VALID,vision,3
-THoVjtIkeU$_$12,RESOLVED_VALID,vision,5
-THoVjtIkeU$_$12,RESOLVED_VALID,vision,2
-THoVjtIkeU$_$12,RESOLVED_VALID,vision,4
-THoVjtIkeU$_$12,RESOLVED_VALID,vision,14
-THoVjtIkeU$_$12,RESOLVED_VALID,vision,4
-THoVjtIkeU$_$12,RESOLVED_VALID,vision,9
-THoVjtIkeU$_$12,RESOLVED_VALID,vision,3
-THoVjtIkeU$_$12,RESOLVED_VALID,vision,12
-THoVjtIkeU$_$12,RESOLVED_VALID,vision,2
-THoVjtIkeU$_$12,RESOLVED_VALID,vision,6
-THoVjtIkeU$_$12,RESOLVED_VALID,vision,15
-THoVjtIkeU$_$12,RESOLVED_VALID,vision,18
-THoVjtIkeU$_$12,RESOLVED_VALID,vision,7
-THoVjtIkeU$_$12,RESOLVED_VALID,vision,10
-THoVjtIkeU$_$12,RESOLVED_VALID,vision,6
-THoVjtIkeU$_$12,RESOLVED_VALID,vision,3
-THoVjtIkeU$_$12,RESOLVED_VALID,vision,10
-THoVjtIkeU$_$12,RESOLVED_VALID,vision,3
-THoVjtIkeU$_$12,RESOLVED_VALID,vision,2
-THoVjtIkeU$_$12,RESOLVED_VALID,vision,4
-THoVjtIkeU$_$12,RESOLVED_VALID,vision,12
-THoVjtIkeU$_$12,RESOLVED_VALID,vision,3
-THoVjtIkeU$_$12,RESOLVED_VALID,vision,7
-THoVjtIkeU$_$12,RESOLVED_VALID,vision,3
-THoVjtIkeU$_$12,RESOLVED_VALID,vision,4
-THoVjtIkeU$_$12,RESOLVED_VALID,vision,6
-THoVjtIkeU$_$12,RESOLVED_VALID,vision,3
-THoVjtIkeU$_$12,RESOLVED_VALID,vision,12
-THoVjtIkeU$_$2,RESOLVED_VALID,vision,3
-THoVjtIkeU$_$2,RESOLVED_VALID,vision,6
-THoVjtIkeU$_$2,RESOLVED_VALID,vision,7
-THoVjtIkeU$_$2,RESOLVED_VALID,vision,9
-THoVjtIkeU$_$2,RESOLVED_VALID,vision,4
-THoVjtIkeU$_$2,RESOLVED_VALID,vision,10
-THoVjtIkeU$_$2,RESOLVED_VALID,vision,11
-THoVjtIkeU$_$2,RESOLVED_VALID,vision,5
-THoVjtIkeU$_$2,RESOLVED_VALID,vision,6
-THoVjtIkeU$_$2,RESOLVED_VALID,vision,10
-THoVjtIkeU$_$6,RESOLVED_PARTIAL,vision,2
-THoVjtIkeU$_$6,RESOLVED_PARTIAL,vision,4
-THoVjtIkeU$_$6,RESOLVED_PARTIAL,vision,0
-THoVjtIkeU$_$6,RESOLVED_PARTIAL,vision,0
-THoVjtIkeU$_$6,RESOLVED_PARTIAL,vision,0
-THoVjtIkeU$_$6,RESOLVED_PARTIAL,vision,5
-THoVjtIkeU$_$6,RESOLVED_PARTIAL,vision,2
-THoVjtIkeU$_$6,RESOLVED_PARTIAL,vision,6
-THoVjtIkeU$_$6,RESOLVED_PARTIAL,vision,9
-THoVjtIkeU$_$6,RESOLVED_PARTIAL,vision,9
-THoVjtIkeU$_$6,RESOLVED_PARTIAL,vision,3
-THoVjtIkeU$_$6,RESOLVED_PARTIAL,vision,5
-THoVjtIkeU$_$6,RESOLVED_PARTIAL,vision,4
-THoVjtIkeU$_$6,RESOLVED_PARTIAL,vision,4
-THoVjtIkeU$_$6,RESOLVED_PARTIAL,vision,4
-THoVjtIkeU$_$6,RESOLVED_PARTIAL,vision,5
-THoVjtIkeU$_$6,RESOLVED_PARTIAL,vision,8
-THoVjtIkeU$_$6,RESOLVED_PARTIAL,vision,4
-THoVjtIkeU$_$6,RESOLVED_PARTIAL,vision,2
-THoVjtIkeU$_$6,RESOLVED_PARTIAL,vision,3
-THoVjtIkeU$_$6,RESOLVED_PARTIAL,vision,6
-THoVjtIkeU$_$6,RESOLVED_PARTIAL,vision,4
-THoVjtIkeU$_$6,RESOLVED_PARTIAL,vision,6
-THoVjtIkeU$_$6,RESOLVED_PARTIAL,vision,3
-THoVjtIkeU$_$6,RESOLVED_PARTIAL,vision,8
-THoVjtIkeU$_$6,RESOLVED_PARTIAL,vision,2
-THoVjtIkeU$_$6,RESOLVED_PARTIAL,vision,3
-THoVjtIkeU$_$6,RESOLVED_PARTIAL,vision,10
-THoVjtIkeU$_$6,RESOLVED_PARTIAL,vision,2
-THoVjtIkeU$_$6,RESOLVED_PARTIAL,vision,6
-UUCSKoHeMA$_$0,RESOLVED_VALID,vision,1
-UUCSKoHeMA$_$0,RESOLVED_VALID,vision,10
-UUCSKoHeMA$_$0,RESOLVED_VALID,vision,2
-UUCSKoHeMA$_$0,RESOLVED_VALID,vision,9
-UUCSKoHeMA$_$0,RESOLVED_VALID,vision,3
-UUCSKoHeMA$_$0,RESOLVED_VALID,vision,4
-UUCSKoHeMA$_$0,RESOLVED_VALID,vision,9
-UUCSKoHeMA$_$0,RESOLVED_VALID,vision,9
-UUCSKoHeMA$_$0,RESOLVED_VALID,vision,8
-UUCSKoHeMA$_$0,RESOLVED_VALID,vision,26
-UUCSKoHeMA$_$0,RESOLVED_VALID,vision,3
-UUCSKoHeMA$_$0,RESOLVED_VALID,vision,2
-UUCSKoHeMA$_$0,RESOLVED_VALID,vision,3
-UUCSKoHeMA$_$0,RESOLVED_VALID,vision,2
-UUCSKoHeMA$_$0,RESOLVED_VALID,vision,7
-UUCSKoHeMA$_$0,RESOLVED_VALID,vision,8
-UUCSKoHeMA$_$0,RESOLVED_VALID,vision,5
-UUCSKoHeMA$_$0,RESOLVED_VALID,vision,14
-UacrmKiTn4$_$10,RESOLVED_VALID,vision,8
-UacrmKiTn4$_$10,RESOLVED_VALID,vision,3
-UacrmKiTn4$_$10,RESOLVED_VALID,vision,5
-UacrmKiTn4$_$10,RESOLVED_VALID,vision,3
-UacrmKiTn4$_$10,RESOLVED_VALID,vision,8
-UacrmKiTn4$_$10,RESOLVED_VALID,vision,3
-UacrmKiTn4$_$10,RESOLVED_VALID,vision,5
-UacrmKiTn4$_$10,RESOLVED_VALID,vision,5
-UacrmKiTn4$_$10,RESOLVED_VALID,vision,6
-UacrmKiTn4$_$10,RESOLVED_VALID,vision,18
-UacrmKiTn4$_$10,RESOLVED_VALID,vision,7
-UacrmKiTn4$_$10,RESOLVED_VALID,vision,8
-UacrmKiTn4$_$10,RESOLVED_VALID,vision,2
-UacrmKiTn4$_$10,RESOLVED_VALID,vision,16
-UacrmKiTn4$_$10,RESOLVED_VALID,vision,4
-UacrmKiTn4$_$10,RESOLVED_VALID,vision,6
-UacrmKiTn4$_$10,RESOLVED_VALID,vision,4
-UacrmKiTn4$_$10,RESOLVED_VALID,vision,3
-UacrmKiTn4$_$4,RESOLVED_VALID,vision,6
-UacrmKiTn4$_$4,RESOLVED_VALID,vision,5
-UacrmKiTn4$_$4,RESOLVED_VALID,vision,3
-UacrmKiTn4$_$4,RESOLVED_VALID,vision,4
-UacrmKiTn4$_$4,RESOLVED_VALID,vision,4
-UacrmKiTn4$_$4,RESOLVED_VALID,vision,15
-UacrmKiTn4$_$4,RESOLVED_VALID,vision,5
-UacrmKiTn4$_$4,RESOLVED_VALID,vision,3
-UacrmKiTn4$_$4,RESOLVED_VALID,vision,5
-UacrmKiTn4$_$4,RESOLVED_VALID,vision,8
-UacrmKiTn4$_$4,RESOLVED_VALID,vision,2
-UacrmKiTn4$_$4,RESOLVED_VALID,vision,6
-UacrmKiTn4$_$4,RESOLVED_VALID,vision,3
-UacrmKiTn4$_$4,RESOLVED_VALID,vision,16
-UuX1xuaiiE$_$0,RESOLVED_PARTIAL,vision,0
-UuX1xuaiiE$_$0,RESOLVED_PARTIAL,vision,0
-UuX1xuaiiE$_$0,RESOLVED_PARTIAL,vision,0
-UuX1xuaiiE$_$0,RESOLVED_PARTIAL,vision,0
-UuX1xuaiiE$_$0,RESOLVED_PARTIAL,vision,0
-UuX1xuaiiE$_$0,RESOLVED_PARTIAL,vision,0
-UuX1xuaiiE$_$0,RESOLVED_PARTIAL,vision,0
-UuX1xuaiiE$_$0,RESOLVED_PARTIAL,vision,0
-UuX1xuaiiE$_$0,RESOLVED_PARTIAL,vision,0
-UuX1xuaiiE$_$1,RESOLVED_PARTIAL,vision,0
-UuX1xuaiiE$_$1,RESOLVED_PARTIAL,vision,0
-UuX1xuaiiE$_$1,RESOLVED_PARTIAL,vision,0
-UuX1xuaiiE$_$1,RESOLVED_PARTIAL,vision,0
-UuX1xuaiiE$_$1,RESOLVED_PARTIAL,vision,0
-UuX1xuaiiE$_$1,RESOLVED_PARTIAL,vision,0
-UuX1xuaiiE$_$1,RESOLVED_PARTIAL,vision,0
-UuX1xuaiiE$_$1,RESOLVED_PARTIAL,vision,0
-UuX1xuaiiE$_$1,RESOLVED_PARTIAL,vision,0
-UuX1xuaiiE$_$1,RESOLVED_PARTIAL,vision,0
-UuX1xuaiiE$_$1,RESOLVED_PARTIAL,vision,0
-UuX1xuaiiE$_$1,RESOLVED_PARTIAL,vision,0
-UuX1xuaiiE$_$1,RESOLVED_PARTIAL,vision,0
-UuX1xuaiiE$_$1,RESOLVED_PARTIAL,vision,0
-UuX1xuaiiE$_$1,RESOLVED_PARTIAL,vision,0
-UuX1xuaiiE$_$1,RESOLVED_PARTIAL,vision,0
-UuX1xuaiiE$_$1,RESOLVED_PARTIAL,vision,0
-UuX1xuaiiE$_$1,RESOLVED_PARTIAL,vision,0
-UuX1xuaiiE$_$1,RESOLVED_PARTIAL,vision,0
-UuX1xuaiiE$_$1,RESOLVED_PARTIAL,vision,0
-UuX1xuaiiE$_$1,RESOLVED_PARTIAL,vision,0
-UuX1xuaiiE$_$1,RESOLVED_PARTIAL,vision,0
-UuX1xuaiiE$_$1,RESOLVED_PARTIAL,vision,0
-UuX1xuaiiE$_$1,RESOLVED_PARTIAL,vision,0
-UuX1xuaiiE$_$1,RESOLVED_PARTIAL,vision,0
-UuX1xuaiiE$_$1,RESOLVED_PARTIAL,vision,0
-UuX1xuaiiE$_$1,RESOLVED_PARTIAL,vision,0
-UuX1xuaiiE$_$3,RESOLVED_VALID,vision,5
-UuX1xuaiiE$_$3,RESOLVED_VALID,vision,16
-UuX1xuaiiE$_$3,RESOLVED_VALID,vision,4
-UuX1xuaiiE$_$3,RESOLVED_VALID,vision,6
-UuX1xuaiiE$_$3,RESOLVED_VALID,vision,10
-UuX1xuaiiE$_$3,RESOLVED_VALID,vision,2
-UuX1xuaiiE$_$3,RESOLVED_VALID,vision,6
-UuX1xuaiiE$_$3,RESOLVED_VALID,vision,7
-UuX1xuaiiE$_$3,RESOLVED_VALID,vision,7
-UuX1xuaiiE$_$6,RESOLVED_VALID,vision,1
-UuX1xuaiiE$_$6,RESOLVED_VALID,vision,5
-UuX1xuaiiE$_$6,RESOLVED_VALID,vision,3
-UuX1xuaiiE$_$6,RESOLVED_VALID,vision,6
-UuX1xuaiiE$_$6,RESOLVED_VALID,vision,2
-UuX1xuaiiE$_$6,RESOLVED_VALID,vision,6
-UuX1xuaiiE$_$6,RESOLVED_VALID,vision,7
-UuX1xuaiiE$_$6,RESOLVED_VALID,vision,2
-UuX1xuaiiE$_$6,RESOLVED_VALID,vision,6
-UuX1xuaiiE$_$6,RESOLVED_VALID,vision,12
-UuX1xuaiiE$_$6,RESOLVED_VALID,vision,3
-UuX1xuaiiE$_$6,RESOLVED_VALID,vision,2
-UuX1xuaiiE$_$6,RESOLVED_VALID,vision,12
-UuX1xuaiiE$_$6,RESOLVED_VALID,vision,34
-UuX1xuaiiE$_$6,RESOLVED_VALID,vision,17
-UuX1xuaiiE$_$6,RESOLVED_VALID,vision,7
-UuX1xuaiiE$_$6,RESOLVED_VALID,vision,5
-UuX1xuaiiE$_$6,RESOLVED_VALID,vision,8
-UuX1xuaiiE$_$6,RESOLVED_VALID,vision,2
-UuX1xuaiiE$_$6,RESOLVED_VALID,vision,5
-UuX1xuaiiE$_$6,RESOLVED_VALID,vision,5
-UuX1xuaiiE$_$6,RESOLVED_VALID,vision,9
-a55Q6RWvTA$_$3,RESOLVED_VALID,vision,5
-a55Q6RWvTA$_$3,RESOLVED_VALID,vision,5
-a55Q6RWvTA$_$3,RESOLVED_VALID,vision,6
-a55Q6RWvTA$_$3,RESOLVED_VALID,vision,9
-a55Q6RWvTA$_$3,RESOLVED_VALID,vision,21
-a55Q6RWvTA$_$3,RESOLVED_VALID,vision,3
-a55Q6RWvTA$_$3,RESOLVED_VALID,vision,5
-a55Q6RWvTA$_$3,RESOLVED_VALID,vision,7
-a55Q6RWvTA$_$3,RESOLVED_VALID,vision,4
-a55Q6RWvTA$_$3,RESOLVED_VALID,vision,3
-a55Q6RWvTA$_$3,RESOLVED_VALID,vision,5
-a55Q6RWvTA$_$3,RESOLVED_VALID,vision,12
-a55Q6RWvTA$_$3,RESOLVED_VALID,vision,4
-a55Q6RWvTA$_$3,RESOLVED_VALID,vision,13
-a55Q6RWvTA$_$3,RESOLVED_VALID,vision,4
-a55Q6RWvTA$_$3,RESOLVED_VALID,vision,5
-a55Q6RWvTA$_$3,RESOLVED_VALID,vision,2
-a55Q6RWvTA$_$3,RESOLVED_VALID,vision,5
-a55Q6RWvTA$_$3,RESOLVED_VALID,vision,12
-a55Q6RWvTA$_$3,RESOLVED_VALID,vision,3
-a55Q6RWvTA$_$3,RESOLVED_VALID,vision,5
-a55Q6RWvTA$_$3,RESOLVED_VALID,vision,2
-a55Q6RWvTA$_$3,RESOLVED_VALID,vision,6
-a55Q6RWvTA$_$3,RESOLVED_VALID,vision,3
-a55Q6RWvTA$_$3,RESOLVED_VALID,vision,10
-a55Q6RWvTA$_$3,RESOLVED_VALID,vision,3
-a55Q6RWvTA$_$3,RESOLVED_VALID,vision,7
-a55Q6RWvTA$_$3,RESOLVED_VALID,vision,5
-a55Q6RWvTA$_$3,RESOLVED_VALID,vision,7
-a55Q6RWvTA$_$3,RESOLVED_VALID,vision,5
-a55Q6RWvTA$_$3,RESOLVED_VALID,vision,7
-a55Q6RWvTA$_$3,RESOLVED_VALID,vision,5
-a55Q6RWvTA$_$3,RESOLVED_VALID,vision,5
-a55Q6RWvTA$_$3,RESOLVED_VALID,vision,5
-a55Q6RWvTA$_$3,RESOLVED_VALID,vision,6
-a55Q6RWvTA$_$3,RESOLVED_VALID,vision,3
-a55Q6RWvTA$_$3,RESOLVED_VALID,vision,6
-a55Q6RWvTA$_$3,RESOLVED_VALID,vision,3
-a55Q6RWvTA$_$3,RESOLVED_VALID,vision,26
-a55Q6RWvTA$_$3,RESOLVED_VALID,vision,9
-a55Q6RWvTA$_$3,RESOLVED_VALID,vision,2
-a55Q6RWvTA$_$3,RESOLVED_VALID,vision,33
-a55Q6RWvTA$_$3,RESOLVED_VALID,vision,8
-a55Q6RWvTA$_$3,RESOLVED_VALID,vision,4
-a55Q6RWvTA$_$3,RESOLVED_VALID,vision,2
-a55Q6RWvTA$_$3,RESOLVED_VALID,vision,6
-a55Q6RWvTA$_$3,RESOLVED_VALID,vision,10
-a55Q6RWvTA$_$3,RESOLVED_VALID,vision,3
-a55Q6RWvTA$_$3,RESOLVED_VALID,vision,2
-a55Q6RWvTA$_$3,RESOLVED_VALID,vision,6
-a55Q6RWvTA$_$3,RESOLVED_VALID,vision,15
-a55Q6RWvTA$_$3,RESOLVED_VALID,vision,15
-a55Q6RWvTA$_$3,RESOLVED_VALID,vision,3
-a55Q6RWvTA$_$3,RESOLVED_VALID,vision,8
-a55Q6RWvTA$_$3,RESOLVED_VALID,vision,5
-a55Q6RWvTA$_$3,RESOLVED_VALID,vision,1
-a55Q6RWvTA$_$3,RESOLVED_VALID,vision,5
-a55Q6RWvTA$_$3,RESOLVED_VALID,vision,11
-a55Q6RWvTA$_$3,RESOLVED_VALID,vision,5
-a55Q6RWvTA$_$3,RESOLVED_VALID,vision,6
-a55Q6RWvTA$_$3,RESOLVED_VALID,vision,4
-a55Q6RWvTA$_$3,RESOLVED_VALID,vision,14
-a55Q6RWvTA$_$3,RESOLVED_VALID,vision,10
-a55Q6RWvTA$_$3,RESOLVED_VALID,vision,8
-a55Q6RWvTA$_$3,RESOLVED_VALID,vision,9
-aNfi7CP8vM$_$7,RESOLVED_VALID,vision,26
-aNfi7CP8vM$_$7,RESOLVED_VALID,vision,5
-aNfi7CP8vM$_$7,RESOLVED_VALID,vision,4
-aNfi7CP8vM$_$7,RESOLVED_VALID,vision,5
-aNfi7CP8vM$_$7,RESOLVED_VALID,vision,12
-aNfi7CP8vM$_$7,RESOLVED_VALID,vision,9
-aNfi7CP8vM$_$7,RESOLVED_VALID,vision,23
-aNfi7CP8vM$_$7,RESOLVED_VALID,vision,7
-aNfi7CP8vM$_$7,RESOLVED_VALID,vision,4
-aNfi7CP8vM$_$7,RESOLVED_VALID,vision,12
-aNfi7CP8vM$_$7,RESOLVED_VALID,vision,2
-aNfi7CP8vM$_$7,RESOLVED_VALID,vision,17
-aNfi7CP8vM$_$7,RESOLVED_VALID,vision,3
-aNfi7CP8vM$_$7,RESOLVED_VALID,vision,5
-aNfi7CP8vM$_$7,RESOLVED_VALID,vision,5
-aNfi7CP8vM$_$7,RESOLVED_VALID,vision,7
-aNfi7CP8vM$_$7,RESOLVED_VALID,vision,7
-aNfi7CP8vM$_$7,RESOLVED_VALID,vision,17
-aqamKhZ1Ec$_$0,RESOLVED_PARTIAL,vision,18
-aqamKhZ1Ec$_$0,RESOLVED_PARTIAL,vision,36
-aqamKhZ1Ec$_$0,RESOLVED_PARTIAL,vision,4
-aqamKhZ1Ec$_$0,RESOLVED_PARTIAL,vision,4
-aqamKhZ1Ec$_$0,RESOLVED_PARTIAL,vision,8
-aqamKhZ1Ec$_$0,RESOLVED_PARTIAL,vision,13
-aqamKhZ1Ec$_$0,RESOLVED_PARTIAL,vision,11
-aqamKhZ1Ec$_$0,RESOLVED_PARTIAL,vision,13
-aqamKhZ1Ec$_$0,RESOLVED_PARTIAL,vision,3
-aqamKhZ1Ec$_$0,RESOLVED_PARTIAL,vision,55
-aqamKhZ1Ec$_$0,RESOLVED_PARTIAL,vision,11
-aqamKhZ1Ec$_$0,RESOLVED_PARTIAL,vision,2
-aqamKhZ1Ec$_$0,RESOLVED_PARTIAL,vision,12
-aqamKhZ1Ec$_$0,RESOLVED_PARTIAL,vision,12
-dxfTGcXJoc$_$0,RESOLVED_VALID,vision,0
-dxfTGcXJoc$_$0,RESOLVED_VALID,vision,0
-dxfTGcXJoc$_$0,RESOLVED_VALID,vision,0
-dxfTGcXJoc$_$0,RESOLVED_VALID,vision,0
-dxfTGcXJoc$_$0,RESOLVED_VALID,vision,0
-dxfTGcXJoc$_$0,RESOLVED_VALID,vision,0
-dxfTGcXJoc$_$0,RESOLVED_VALID,vision,0
-dxfTGcXJoc$_$0,RESOLVED_VALID,vision,0
-dxfTGcXJoc$_$0,RESOLVED_VALID,vision,2
-dxfTGcXJoc$_$0,RESOLVED_VALID,vision,9
-dxfTGcXJoc$_$0,RESOLVED_VALID,vision,3
-dxfTGcXJoc$_$0,RESOLVED_VALID,vision,8
-dxfTGcXJoc$_$0,RESOLVED_VALID,vision,2
-dxfTGcXJoc$_$0,RESOLVED_VALID,vision,5
-dxfTGcXJoc$_$0,RESOLVED_VALID,vision,6
-dxfTGcXJoc$_$0,RESOLVED_VALID,vision,25
-dxfTGcXJoc$_$0,RESOLVED_VALID,vision,21
-dxfTGcXJoc$_$0,RESOLVED_VALID,vision,3
-dxfTGcXJoc$_$0,RESOLVED_VALID,vision,16
-dxfTGcXJoc$_$0,RESOLVED_VALID,vision,11
-dxfTGcXJoc$_$0,RESOLVED_VALID,vision,2
-dxfTGcXJoc$_$0,RESOLVED_VALID,vision,5
-dxfTGcXJoc$_$0,RESOLVED_VALID,vision,4
-dxfTGcXJoc$_$0,RESOLVED_VALID,vision,12
-dxfTGcXJoc$_$0,RESOLVED_VALID,vision,9
-dxfTGcXJoc$_$0,RESOLVED_VALID,vision,3
-dxfTGcXJoc$_$0,RESOLVED_VALID,vision,6
-dxfTGcXJoc$_$0,RESOLVED_VALID,vision,3
-dxfTGcXJoc$_$0,RESOLVED_VALID,vision,5
-dxfTGcXJoc$_$0,RESOLVED_VALID,vision,11
-dxfTGcXJoc$_$0,RESOLVED_VALID,vision,4
-dxfTGcXJoc$_$0,RESOLVED_VALID,vision,10
-dxfTGcXJoc$_$0,RESOLVED_VALID,vision,6
-dxfTGcXJoc$_$0,RESOLVED_VALID,vision,24
-dxfTGcXJoc$_$0,RESOLVED_VALID,vision,4
-dxfTGcXJoc$_$0,RESOLVED_VALID,vision,22
-dxfTGcXJoc$_$0,RESOLVED_VALID,vision,3
-dxfTGcXJoc$_$0,RESOLVED_VALID,vision,27
-dxfTGcXJoc$_$0,RESOLVED_VALID,vision,2
-dxfTGcXJoc$_$0,RESOLVED_VALID,vision,9
-dxfTGcXJoc$_$0,RESOLVED_VALID,vision,14
-dxfTGcXJoc$_$1,RESOLVED_VALID,vision,3
-dxfTGcXJoc$_$1,RESOLVED_VALID,vision,4
-dxfTGcXJoc$_$1,RESOLVED_VALID,vision,7
-dxfTGcXJoc$_$1,RESOLVED_VALID,vision,9
-dxfTGcXJoc$_$1,RESOLVED_VALID,vision,8
-dxfTGcXJoc$_$1,RESOLVED_VALID,vision,9
-dxfTGcXJoc$_$1,RESOLVED_VALID,vision,3
-dxfTGcXJoc$_$1,RESOLVED_VALID,vision,13
-dxfTGcXJoc$_$1,RESOLVED_VALID,vision,9
-dxfTGcXJoc$_$1,RESOLVED_VALID,vision,3
-dxfTGcXJoc$_$1,RESOLVED_VALID,vision,7
-dxfTGcXJoc$_$1,RESOLVED_VALID,vision,13
-dxfTGcXJoc$_$1,RESOLVED_VALID,vision,15
-dxfTGcXJoc$_$1,RESOLVED_VALID,vision,12
-dxfTGcXJoc$_$1,RESOLVED_VALID,vision,3
-dxfTGcXJoc$_$1,RESOLVED_VALID,vision,18
-dxfTGcXJoc$_$1,RESOLVED_VALID,vision,5
-dxfTGcXJoc$_$1,RESOLVED_VALID,vision,2
-dxfTGcXJoc$_$1,RESOLVED_VALID,vision,17
-dxfTGcXJoc$_$1,RESOLVED_VALID,vision,3
-dxfTGcXJoc$_$1,RESOLVED_VALID,vision,4
-dxfTGcXJoc$_$1,RESOLVED_VALID,vision,9
-dxfTGcXJoc$_$1,RESOLVED_VALID,vision,13
-dxfTGcXJoc$_$1,RESOLVED_VALID,vision,15
-dxfTGcXJoc$_$1,RESOLVED_VALID,vision,13
-dxfTGcXJoc$_$1,RESOLVED_VALID,vision,5
-dxfTGcXJoc$_$1,RESOLVED_VALID,vision,4
-dxfTGcXJoc$_$1,RESOLVED_VALID,vision,2
-dxfTGcXJoc$_$1,RESOLVED_VALID,vision,5
-dxfTGcXJoc$_$1,RESOLVED_VALID,vision,6
-dxfTGcXJoc$_$1,RESOLVED_VALID,vision,11
-dxfTGcXJoc$_$1,RESOLVED_VALID,vision,10
-dxfTGcXJoc$_$1,RESOLVED_VALID,vision,5
-dxfTGcXJoc$_$1,RESOLVED_VALID,vision,6
-dxfTGcXJoc$_$1,RESOLVED_VALID,vision,2
-dxfTGcXJoc$_$1,RESOLVED_VALID,vision,14
-dxfTGcXJoc$_$2,RESOLVED_VALID,vision,2
-dxfTGcXJoc$_$2,RESOLVED_VALID,vision,23
-dxfTGcXJoc$_$2,RESOLVED_VALID,vision,14
-dxfTGcXJoc$_$2,RESOLVED_VALID,vision,17
-dxfTGcXJoc$_$2,RESOLVED_VALID,vision,15
-dxfTGcXJoc$_$2,RESOLVED_VALID,vision,17
-dxfTGcXJoc$_$2,RESOLVED_VALID,vision,2
-dxfTGcXJoc$_$2,RESOLVED_VALID,vision,11
-dxfTGcXJoc$_$2,RESOLVED_VALID,vision,12
-dxfTGcXJoc$_$2,RESOLVED_VALID,vision,4
-dxfTGcXJoc$_$2,RESOLVED_VALID,vision,5
-dxfTGcXJoc$_$2,RESOLVED_VALID,vision,5
-dxfTGcXJoc$_$2,RESOLVED_VALID,vision,9
-dxfTGcXJoc$_$2,RESOLVED_VALID,vision,11
-dxfTGcXJoc$_$2,RESOLVED_VALID,vision,4
-dxfTGcXJoc$_$2,RESOLVED_VALID,vision,3
-dxfTGcXJoc$_$2,RESOLVED_VALID,vision,2
-dxfTGcXJoc$_$2,RESOLVED_VALID,vision,10
-dxfTGcXJoc$_$2,RESOLVED_VALID,vision,14
-dxfTGcXJoc$_$2,RESOLVED_VALID,vision,4
-dxfTGcXJoc$_$2,RESOLVED_VALID,vision,10
-dxfTGcXJoc$_$2,RESOLVED_VALID,vision,6
-dxfTGcXJoc$_$2,RESOLVED_VALID,vision,3
-dxfTGcXJoc$_$2,RESOLVED_VALID,vision,10
-dxfTGcXJoc$_$2,RESOLVED_VALID,vision,14
-dxfTGcXJoc$_$2,RESOLVED_VALID,vision,14
-dxfTGcXJoc$_$2,RESOLVED_VALID,vision,3
-dxfTGcXJoc$_$2,RESOLVED_VALID,vision,2
-dxfTGcXJoc$_$2,RESOLVED_VALID,vision,14
-dxfTGcXJoc$_$2,RESOLVED_VALID,vision,12
-dxfTGcXJoc$_$2,RESOLVED_VALID,vision,3
-dxfTGcXJoc$_$2,RESOLVED_VALID,vision,12
-dxfTGcXJoc$_$2,RESOLVED_VALID,vision,9
-dxfTGcXJoc$_$2,RESOLVED_VALID,vision,19
-dxfTGcXJoc$_$6,RESOLVED_VALID,vision,14
-dxfTGcXJoc$_$6,RESOLVED_VALID,vision,22
-dxfTGcXJoc$_$6,RESOLVED_VALID,vision,2
-dxfTGcXJoc$_$6,RESOLVED_VALID,vision,5
-dxfTGcXJoc$_$6,RESOLVED_VALID,vision,9
-dxfTGcXJoc$_$6,RESOLVED_VALID,vision,11
-dxfTGcXJoc$_$6,RESOLVED_VALID,vision,15
-dxfTGcXJoc$_$6,RESOLVED_VALID,vision,15
-dxfTGcXJoc$_$6,RESOLVED_VALID,vision,3
-dxfTGcXJoc$_$6,RESOLVED_VALID,vision,4
-dxfTGcXJoc$_$6,RESOLVED_VALID,vision,15
-dxfTGcXJoc$_$6,RESOLVED_VALID,vision,10
-dxfTGcXJoc$_$6,RESOLVED_VALID,vision,4
-dxfTGcXJoc$_$6,RESOLVED_VALID,vision,6
-dxfTGcXJoc$_$6,RESOLVED_VALID,vision,5
-dxfTGcXJoc$_$6,RESOLVED_VALID,vision,13
-dxfTGcXJoc$_$6,RESOLVED_VALID,vision,13
-dxfTGcXJoc$_$6,RESOLVED_VALID,vision,3
-dxfTGcXJoc$_$6,RESOLVED_VALID,vision,19
-dxfTGcXJoc$_$6,RESOLVED_VALID,vision,5
-dxfTGcXJoc$_$6,RESOLVED_VALID,vision,6
-dxfTGcXJoc$_$6,RESOLVED_VALID,vision,4
-dxfTGcXJoc$_$6,RESOLVED_VALID,vision,4
-dxfTGcXJoc$_$6,RESOLVED_VALID,vision,3
-dxfTGcXJoc$_$6,RESOLVED_VALID,vision,11
-dxfTGcXJoc$_$6,RESOLVED_VALID,vision,15
-dxfTGcXJoc$_$6,RESOLVED_VALID,vision,12
-egA8-b7-3M$_$1,RESOLVED_VALID,vision,10
-egA8-b7-3M$_$1,RESOLVED_VALID,vision,11
-egA8-b7-3M$_$1,RESOLVED_VALID,vision,1
-egA8-b7-3M$_$1,RESOLVED_VALID,vision,16
-egA8-b7-3M$_$1,RESOLVED_VALID,vision,7
-egA8-b7-3M$_$1,RESOLVED_VALID,vision,6
-egA8-b7-3M$_$1,RESOLVED_VALID,vision,14
-egA8-b7-3M$_$1,RESOLVED_VALID,vision,11
-egA8-b7-3M$_$1,RESOLVED_VALID,vision,10
-egA8-b7-3M$_$1,RESOLVED_VALID,vision,7
-egA8-b7-3M$_$1,RESOLVED_VALID,vision,2
-egA8-b7-3M$_$1,RESOLVED_VALID,vision,10
-egA8-b7-3M$_$1,RESOLVED_VALID,vision,10
-egA8-b7-3M$_$1,RESOLVED_VALID,vision,4
-egA8-b7-3M$_$1,RESOLVED_VALID,vision,8
-egA8-b7-3M$_$1,RESOLVED_VALID,vision,2
-egA8-b7-3M$_$1,RESOLVED_VALID,vision,10
-egA8-b7-3M$_$1,RESOLVED_VALID,vision,6
-egA8-b7-3M$_$1,RESOLVED_VALID,vision,6
-egA8-b7-3M$_$1,RESOLVED_VALID,vision,17
-egA8-b7-3M$_$13,RESOLVED_VALID,vision,4
-egA8-b7-3M$_$13,RESOLVED_VALID,vision,3
-egA8-b7-3M$_$13,RESOLVED_VALID,vision,3
-egA8-b7-3M$_$13,RESOLVED_VALID,vision,6
-egA8-b7-3M$_$13,RESOLVED_VALID,vision,6
-egA8-b7-3M$_$13,RESOLVED_VALID,vision,24
-egA8-b7-3M$_$13,RESOLVED_VALID,vision,5
-egA8-b7-3M$_$13,RESOLVED_VALID,vision,7
-egA8-b7-3M$_$13,RESOLVED_VALID,vision,6
-egA8-b7-3M$_$13,RESOLVED_VALID,vision,1
-egA8-b7-3M$_$13,RESOLVED_VALID,vision,9
-egA8-b7-3M$_$16,RESOLVED_VALID,vision,9
-egA8-b7-3M$_$16,RESOLVED_VALID,vision,9
-egA8-b7-3M$_$16,RESOLVED_VALID,vision,5
-egA8-b7-3M$_$16,RESOLVED_VALID,vision,12
-egA8-b7-3M$_$16,RESOLVED_VALID,vision,3
-egA8-b7-3M$_$16,RESOLVED_VALID,vision,15
-egA8-b7-3M$_$16,RESOLVED_VALID,vision,4
-egA8-b7-3M$_$16,RESOLVED_VALID,vision,15
-egA8-b7-3M$_$16,RESOLVED_VALID,vision,5
-egA8-b7-3M$_$16,RESOLVED_VALID,vision,14
-egA8-b7-3M$_$16,RESOLVED_VALID,vision,12
-egA8-b7-3M$_$17,RESOLVED_PARTIAL,vision,4
-egA8-b7-3M$_$17,RESOLVED_PARTIAL,vision,4
-egA8-b7-3M$_$17,RESOLVED_PARTIAL,vision,4
-egA8-b7-3M$_$17,RESOLVED_PARTIAL,vision,5
-egA8-b7-3M$_$17,RESOLVED_PARTIAL,vision,19
-egA8-b7-3M$_$17,RESOLVED_PARTIAL,vision,4
-egA8-b7-3M$_$17,RESOLVED_PARTIAL,vision,4
-egA8-b7-3M$_$17,RESOLVED_PARTIAL,vision,5
-egA8-b7-3M$_$17,RESOLVED_PARTIAL,vision,11
-egA8-b7-3M$_$17,RESOLVED_PARTIAL,vision,16
-egA8-b7-3M$_$17,RESOLVED_PARTIAL,vision,4
-egA8-b7-3M$_$17,RESOLVED_PARTIAL,vision,4
-egA8-b7-3M$_$17,RESOLVED_PARTIAL,vision,2
-egA8-b7-3M$_$17,RESOLVED_PARTIAL,vision,5
-egA8-b7-3M$_$17,RESOLVED_PARTIAL,vision,5
-egA8-b7-3M$_$17,RESOLVED_PARTIAL,vision,10
-egA8-b7-3M$_$18,RESOLVED_VALID,vision,3
-egA8-b7-3M$_$18,RESOLVED_VALID,vision,12
-egA8-b7-3M$_$18,RESOLVED_VALID,vision,12
-egA8-b7-3M$_$18,RESOLVED_VALID,vision,2
-egA8-b7-3M$_$18,RESOLVED_VALID,vision,5
-egA8-b7-3M$_$18,RESOLVED_VALID,vision,3
-egA8-b7-3M$_$18,RESOLVED_VALID,vision,2
-egA8-b7-3M$_$18,RESOLVED_VALID,vision,4
-egA8-b7-3M$_$18,RESOLVED_VALID,vision,17
-egA8-b7-3M$_$18,RESOLVED_VALID,vision,3
-egA8-b7-3M$_$18,RESOLVED_VALID,vision,9
-egA8-b7-3M$_$18,RESOLVED_VALID,vision,4
-egA8-b7-3M$_$18,RESOLVED_VALID,vision,10
-egA8-b7-3M$_$18,RESOLVED_VALID,vision,3
-egA8-b7-3M$_$18,RESOLVED_VALID,vision,7
-egA8-b7-3M$_$18,RESOLVED_VALID,vision,6
-egA8-b7-3M$_$18,RESOLVED_VALID,vision,3
-egA8-b7-3M$_$18,RESOLVED_VALID,vision,4
-egA8-b7-3M$_$18,RESOLVED_VALID,vision,6
-egA8-b7-3M$_$18,RESOLVED_VALID,vision,6
-egA8-b7-3M$_$18,RESOLVED_VALID,vision,11
-egA8-b7-3M$_$18,RESOLVED_VALID,vision,7
-egA8-b7-3M$_$20,RESOLVED_VALID,vision,5
-egA8-b7-3M$_$20,RESOLVED_VALID,vision,5
-egA8-b7-3M$_$20,RESOLVED_VALID,vision,5
-egA8-b7-3M$_$20,RESOLVED_VALID,vision,1
-egA8-b7-3M$_$20,RESOLVED_VALID,vision,7
-egA8-b7-3M$_$20,RESOLVED_VALID,vision,4
-egA8-b7-3M$_$20,RESOLVED_VALID,vision,4
-egA8-b7-3M$_$20,RESOLVED_VALID,vision,5
-egA8-b7-3M$_$20,RESOLVED_VALID,vision,10
-egA8-b7-3M$_$20,RESOLVED_VALID,vision,4
-egA8-b7-3M$_$20,RESOLVED_VALID,vision,2
-egA8-b7-3M$_$20,RESOLVED_VALID,vision,10
-egA8-b7-3M$_$20,RESOLVED_VALID,vision,4
-egA8-b7-3M$_$20,RESOLVED_VALID,vision,5
-egA8-b7-3M$_$20,RESOLVED_VALID,vision,6
-egA8-b7-3M$_$20,RESOLVED_VALID,vision,4
-egA8-b7-3M$_$20,RESOLVED_VALID,vision,13
-egA8-b7-3M$_$20,RESOLVED_VALID,vision,3
-egA8-b7-3M$_$20,RESOLVED_VALID,vision,6
-egA8-b7-3M$_$20,RESOLVED_VALID,vision,12
-egA8-b7-3M$_$26,RESOLVED_VALID,vision,6
-egA8-b7-3M$_$26,RESOLVED_VALID,vision,4
-egA8-b7-3M$_$26,RESOLVED_VALID,vision,3
-egA8-b7-3M$_$26,RESOLVED_VALID,vision,4
-egA8-b7-3M$_$26,RESOLVED_VALID,vision,4
-egA8-b7-3M$_$26,RESOLVED_VALID,vision,7
-egA8-b7-3M$_$26,RESOLVED_VALID,vision,3
-egA8-b7-3M$_$26,RESOLVED_VALID,vision,9
-egA8-b7-3M$_$26,RESOLVED_VALID,vision,10
-egA8-b7-3M$_$26,RESOLVED_VALID,vision,4
-egA8-b7-3M$_$26,RESOLVED_VALID,vision,5
-egA8-b7-3M$_$26,RESOLVED_VALID,vision,14
-egA8-b7-3M$_$26,RESOLVED_VALID,vision,1
-egA8-b7-3M$_$26,RESOLVED_VALID,vision,3
-egA8-b7-3M$_$26,RESOLVED_VALID,vision,14
-egA8-b7-3M$_$6,RESOLVED_VALID,vision,9
-egA8-b7-3M$_$6,RESOLVED_VALID,vision,14
-egA8-b7-3M$_$6,RESOLVED_VALID,vision,4
-egA8-b7-3M$_$6,RESOLVED_VALID,vision,1
-egA8-b7-3M$_$6,RESOLVED_VALID,vision,14
-egA8-b7-3M$_$6,RESOLVED_VALID,vision,16
-egA8-b7-3M$_$6,RESOLVED_VALID,vision,3
-egA8-b7-3M$_$6,RESOLVED_VALID,vision,12
-egA8-b7-3M$_$6,RESOLVED_VALID,vision,5
-egA8-b7-3M$_$6,RESOLVED_VALID,vision,6
-egA8-b7-3M$_$6,RESOLVED_VALID,vision,9
-egA8-b7-3M$_$6,RESOLVED_VALID,vision,12
-egA8-b7-3M$_$9,RESOLVED_VALID,vision,15
-egA8-b7-3M$_$9,RESOLVED_VALID,vision,11
-egA8-b7-3M$_$9,RESOLVED_VALID,vision,7
-egA8-b7-3M$_$9,RESOLVED_VALID,vision,3
-egA8-b7-3M$_$9,RESOLVED_VALID,vision,13
-egA8-b7-3M$_$9,RESOLVED_VALID,vision,3
-egA8-b7-3M$_$9,RESOLVED_VALID,vision,10
-egA8-b7-3M$_$9,RESOLVED_VALID,vision,5
-egA8-b7-3M$_$9,RESOLVED_VALID,vision,12
-egA8-b7-3M$_$9,RESOLVED_VALID,vision,9
-hnBHBN8p5A$_$6,UNRESOLVED,vision,0
-hnBHBN8p5A$_$6,UNRESOLVED,vision,0
-hnBHBN8p5A$_$6,UNRESOLVED,vision,0
-hnBHBN8p5A$_$6,UNRESOLVED,vision,0
-hnBHBN8p5A$_$6,UNRESOLVED,vision,0
-hnBHBN8p5A$_$6,UNRESOLVED,vision,0
-hnBHBN8p5A$_$6,UNRESOLVED,vision,0
-hnBHBN8p5A$_$6,UNRESOLVED,vision,0
-hnBHBN8p5A$_$6,UNRESOLVED,vision,0
-hnBHBN8p5A$_$6,UNRESOLVED,vision,0
-hnBHBN8p5A$_$6,UNRESOLVED,vision,0
-hnBHBN8p5A$_$6,UNRESOLVED,vision,0
-hnBHBN8p5A$_$6,UNRESOLVED,vision,0
-hnBHBN8p5A$_$7,UNRESOLVED,vision,0
-hnBHBN8p5A$_$7,UNRESOLVED,vision,0
-hnBHBN8p5A$_$7,UNRESOLVED,vision,0
-hnBHBN8p5A$_$7,UNRESOLVED,vision,0
-hnBHBN8p5A$_$7,UNRESOLVED,vision,0
-hnBHBN8p5A$_$7,UNRESOLVED,vision,0
-hnBHBN8p5A$_$7,UNRESOLVED,vision,0
-hnBHBN8p5A$_$7,UNRESOLVED,vision,0
-hnBHBN8p5A$_$7,UNRESOLVED,vision,0
-hnBHBN8p5A$_$7,UNRESOLVED,vision,0
-hnBHBN8p5A$_$7,UNRESOLVED,vision,0
-hnBHBN8p5A$_$7,UNRESOLVED,vision,0
-hnBHBN8p5A$_$7,UNRESOLVED,vision,0
-iRBcNs9oI8$_$3,UNRESOLVED,vision,0
-iRBcNs9oI8$_$3,UNRESOLVED,vision,0
-iRBcNs9oI8$_$3,UNRESOLVED,vision,0
-iRBcNs9oI8$_$3,UNRESOLVED,vision,0
-iRBcNs9oI8$_$3,UNRESOLVED,vision,0
-iRBcNs9oI8$_$3,UNRESOLVED,vision,0
-iRBcNs9oI8$_$3,UNRESOLVED,vision,0
-iRBcNs9oI8$_$3,UNRESOLVED,vision,0
-iRBcNs9oI8$_$6,RESOLVED_CONFLICT,vision,0
-iRBcNs9oI8$_$6,RESOLVED_CONFLICT,vision,0
-iRBcNs9oI8$_$6,RESOLVED_CONFLICT,vision,0
-iRBcNs9oI8$_$6,RESOLVED_CONFLICT,vision,0
-iRBcNs9oI8$_$6,RESOLVED_CONFLICT,vision,0
-iRBcNs9oI8$_$7,RESOLVED_CONFLICT,vision,0
-iRBcNs9oI8$_$7,RESOLVED_CONFLICT,vision,0
-iRBcNs9oI8$_$7,RESOLVED_CONFLICT,vision,0
-iRBcNs9oI8$_$7,RESOLVED_CONFLICT,vision,0
-iRBcNs9oI8$_$7,RESOLVED_CONFLICT,vision,0
-iRBcNs9oI8$_$7,RESOLVED_CONFLICT,vision,0
-iRBcNs9oI8$_$7,RESOLVED_CONFLICT,vision,0
-iRBcNs9oI8$_$7,RESOLVED_CONFLICT,vision,0
-iRBcNs9oI8$_$7,RESOLVED_CONFLICT,vision,0
-iRBcNs9oI8$_$8,RESOLVED_CONFLICT,vision,0
-iRBcNs9oI8$_$8,RESOLVED_CONFLICT,vision,0
-iRBcNs9oI8$_$8,RESOLVED_CONFLICT,vision,0
-iRBcNs9oI8$_$8,RESOLVED_CONFLICT,vision,0
-iRBcNs9oI8$_$8,RESOLVED_CONFLICT,vision,0
-iRBcNs9oI8$_$8,RESOLVED_CONFLICT,vision,0
-iRBcNs9oI8$_$8,RESOLVED_CONFLICT,vision,0
-iRBcNs9oI8$_$8,RESOLVED_CONFLICT,vision,0
-iRBcNs9oI8$_$8,RESOLVED_CONFLICT,vision,0
-iRBcNs9oI8$_$8,RESOLVED_CONFLICT,vision,0
-iRBcNs9oI8$_$8,RESOLVED_CONFLICT,vision,0
-iRBcNs9oI8$_$8,RESOLVED_CONFLICT,vision,0
-iRBcNs9oI8$_$8,RESOLVED_CONFLICT,vision,0
-iRBcNs9oI8$_$8,RESOLVED_CONFLICT,vision,0
-iRBcNs9oI8$_$8,RESOLVED_CONFLICT,vision,0
-iRBcNs9oI8$_$8,RESOLVED_CONFLICT,vision,0
-iRBcNs9oI8$_$8,RESOLVED_CONFLICT,vision,0
-iRBcNs9oI8$_$8,RESOLVED_CONFLICT,vision,0
-iRBcNs9oI8$_$8,RESOLVED_CONFLICT,vision,0
-iRBcNs9oI8$_$8,RESOLVED_CONFLICT,vision,0
-iRBcNs9oI8$_$8,RESOLVED_CONFLICT,vision,0
-iRBcNs9oI8$_$9,UNRESOLVED,vision,0
-iRBcNs9oI8$_$9,UNRESOLVED,vision,0
-iRBcNs9oI8$_$9,UNRESOLVED,vision,0
-iRBcNs9oI8$_$9,UNRESOLVED,vision,0
-iRBcNs9oI8$_$9,UNRESOLVED,vision,0
-lzEya4AM_4$_$5,RESOLVED_VALID,vision,3
-lzEya4AM_4$_$5,RESOLVED_VALID,vision,2
-lzEya4AM_4$_$5,RESOLVED_VALID,vision,6
-lzEya4AM_4$_$5,RESOLVED_VALID,vision,6
-lzEya4AM_4$_$5,RESOLVED_VALID,vision,4
-lzEya4AM_4$_$5,RESOLVED_VALID,vision,4
-lzEya4AM_4$_$5,RESOLVED_VALID,vision,3
-lzEya4AM_4$_$5,RESOLVED_VALID,vision,6
-lzEya4AM_4$_$5,RESOLVED_VALID,vision,6
-lzEya4AM_4$_$5,RESOLVED_VALID,vision,15
-lzEya4AM_4$_$5,RESOLVED_VALID,vision,15
-lzEya4AM_4$_$5,RESOLVED_VALID,vision,12
-lzEya4AM_4$_$5,RESOLVED_VALID,vision,3
-lzEya4AM_4$_$5,RESOLVED_VALID,vision,11
-lzEya4AM_4$_$5,RESOLVED_VALID,vision,5
-lzEya4AM_4$_$5,RESOLVED_VALID,vision,3
-lzEya4AM_4$_$5,RESOLVED_VALID,vision,3
-lzEya4AM_4$_$5,RESOLVED_VALID,vision,4
-lzEya4AM_4$_$5,RESOLVED_VALID,vision,7
-lzEya4AM_4$_$6,RESOLVED_VALID,vision,2
-lzEya4AM_4$_$6,RESOLVED_VALID,vision,3
-lzEya4AM_4$_$6,RESOLVED_VALID,vision,11
-lzEya4AM_4$_$6,RESOLVED_VALID,vision,2
-lzEya4AM_4$_$6,RESOLVED_VALID,vision,2
-lzEya4AM_4$_$6,RESOLVED_VALID,vision,0
-lzEya4AM_4$_$6,RESOLVED_VALID,vision,0
-lzEya4AM_4$_$6,RESOLVED_VALID,vision,4
-lzEya4AM_4$_$6,RESOLVED_VALID,vision,2
-lzEya4AM_4$_$6,RESOLVED_VALID,vision,13
-lzEya4AM_4$_$6,RESOLVED_VALID,vision,11
-lzEya4AM_4$_$6,RESOLVED_VALID,vision,3
-lzEya4AM_4$_$6,RESOLVED_VALID,vision,12
-lzEya4AM_4$_$6,RESOLVED_VALID,vision,10
-lzEya4AM_4$_$6,RESOLVED_VALID,vision,4
-lzEya4AM_4$_$6,RESOLVED_VALID,vision,4
-lzEya4AM_4$_$6,RESOLVED_VALID,vision,4
-lzEya4AM_4$_$6,RESOLVED_VALID,vision,10
-lzEya4AM_4$_$6,RESOLVED_VALID,vision,5
-lzEya4AM_4$_$6,RESOLVED_VALID,vision,9
-lzEya4AM_4$_$6,RESOLVED_VALID,vision,11
-lzEya4AM_4$_$6,RESOLVED_VALID,vision,3
-lzEya4AM_4$_$6,RESOLVED_VALID,vision,10
-lzEya4AM_4$_$6,RESOLVED_VALID,vision,3
-lzEya4AM_4$_$6,RESOLVED_VALID,vision,2
-lzEya4AM_4$_$6,RESOLVED_VALID,vision,3
-lzEya4AM_4$_$6,RESOLVED_VALID,vision,10
-lzEya4AM_4$_$6,RESOLVED_VALID,vision,9
-lzEya4AM_4$_$6,RESOLVED_VALID,vision,2
-lzEya4AM_4$_$6,RESOLVED_VALID,vision,3
-lzEya4AM_4$_$6,RESOLVED_VALID,vision,5
-lzEya4AM_4$_$6,RESOLVED_VALID,vision,7
-lzEya4AM_4$_$6,RESOLVED_VALID,vision,2
-lzEya4AM_4$_$6,RESOLVED_VALID,vision,4
-lzEya4AM_4$_$6,RESOLVED_VALID,vision,8
-lzEya4AM_4$_$6,RESOLVED_VALID,vision,10
-lzEya4AM_4$_$6,RESOLVED_VALID,vision,2
-lzEya4AM_4$_$6,RESOLVED_VALID,vision,9
-lzEya4AM_4$_$6,RESOLVED_VALID,vision,2
-lzEya4AM_4$_$6,RESOLVED_VALID,vision,2
-lzEya4AM_4$_$6,RESOLVED_VALID,vision,3
-lzEya4AM_4$_$6,RESOLVED_VALID,vision,6
-lzEya4AM_4$_$6,RESOLVED_VALID,vision,3
-mJ2ud6oKI8$_$1,RESOLVED_MISSING,vision,0
-mJ2ud6oKI8$_$1,RESOLVED_MISSING,vision,0
-mJ2ud6oKI8$_$1,RESOLVED_MISSING,vision,0
-mJ2ud6oKI8$_$1,RESOLVED_MISSING,vision,0
-mJ2ud6oKI8$_$1,RESOLVED_MISSING,vision,0
-mJ2ud6oKI8$_$1,RESOLVED_MISSING,vision,0
-mJ2ud6oKI8$_$1,RESOLVED_MISSING,vision,0
-mJ2ud6oKI8$_$1,RESOLVED_MISSING,vision,0
-mJ2ud6oKI8$_$1,RESOLVED_MISSING,vision,0
-mJ2ud6oKI8$_$1,RESOLVED_MISSING,vision,0
-mJ2ud6oKI8$_$1,RESOLVED_MISSING,vision,0
-mJ2ud6oKI8$_$1,RESOLVED_MISSING,vision,0
-mJ2ud6oKI8$_$1,RESOLVED_MISSING,vision,0
-mJ2ud6oKI8$_$2,RESOLVED_CONFLICT,vision,0
-mJ2ud6oKI8$_$2,RESOLVED_CONFLICT,vision,0
-mJ2ud6oKI8$_$2,RESOLVED_CONFLICT,vision,0
-mJ2ud6oKI8$_$2,RESOLVED_CONFLICT,vision,0
-mJ2ud6oKI8$_$2,RESOLVED_CONFLICT,vision,0
-mJ2ud6oKI8$_$2,RESOLVED_CONFLICT,vision,0
-mJ2ud6oKI8$_$2,RESOLVED_CONFLICT,vision,0
-mJ2ud6oKI8$_$2,RESOLVED_CONFLICT,vision,0
-mJ2ud6oKI8$_$2,RESOLVED_CONFLICT,vision,0
-mJ2ud6oKI8$_$2,RESOLVED_CONFLICT,vision,0
-mJ2ud6oKI8$_$2,RESOLVED_CONFLICT,vision,0
-mJ2ud6oKI8$_$6,UNRESOLVED,vision,0
-mJ2ud6oKI8$_$6,UNRESOLVED,vision,0
-mJ2ud6oKI8$_$6,UNRESOLVED,vision,0
-mJ2ud6oKI8$_$6,UNRESOLVED,vision,0
-mJ2ud6oKI8$_$6,UNRESOLVED,vision,0
-mJ2ud6oKI8$_$8,UNRESOLVED,vision,0
-mJ2ud6oKI8$_$8,UNRESOLVED,vision,0
-mJ2ud6oKI8$_$8,UNRESOLVED,vision,0
-mJ2ud6oKI8$_$8,UNRESOLVED,vision,0
-mJ2ud6oKI8$_$8,UNRESOLVED,vision,0
-mJ2ud6oKI8$_$8,UNRESOLVED,vision,0
-mJ2ud6oKI8$_$8,UNRESOLVED,vision,0
-mJ2ud6oKI8$_$8,UNRESOLVED,vision,0
-mJ2ud6oKI8$_$8,UNRESOLVED,vision,0
-mJ2ud6oKI8$_$8,UNRESOLVED,vision,0
-mJ2ud6oKI8$_$8,UNRESOLVED,vision,0
-mJ2ud6oKI8$_$9,UNRESOLVED,vision,0
-mJ2ud6oKI8$_$9,UNRESOLVED,vision,0
-mJ2ud6oKI8$_$9,UNRESOLVED,vision,0
-mJ2ud6oKI8$_$9,UNRESOLVED,vision,0
-mJ2ud6oKI8$_$9,UNRESOLVED,vision,0
-mJ2ud6oKI8$_$9,UNRESOLVED,vision,0
-mJ2ud6oKI8$_$9,UNRESOLVED,vision,0
-mJ2ud6oKI8$_$9,UNRESOLVED,vision,0
-mJ2ud6oKI8$_$9,UNRESOLVED,vision,0
-mJ2ud6oKI8$_$9,UNRESOLVED,vision,0
-mJ2ud6oKI8$_$9,UNRESOLVED,vision,0
-mJ2ud6oKI8$_$9,UNRESOLVED,vision,0
-mJ2ud6oKI8$_$9,UNRESOLVED,vision,0
-mJ2ud6oKI8$_$9,UNRESOLVED,vision,0
-mJ2ud6oKI8$_$9,UNRESOLVED,vision,0
-mJ2ud6oKI8$_$9,UNRESOLVED,vision,0
-mJ2ud6oKI8$_$9,UNRESOLVED,vision,0
-mJ2ud6oKI8$_$9,UNRESOLVED,vision,0
-mJ2ud6oKI8$_$9,UNRESOLVED,vision,0
-mJ2ud6oKI8$_$9,UNRESOLVED,vision,0
-mJ2ud6oKI8$_$9,UNRESOLVED,vision,0
-mJ2ud6oKI8$_$9,UNRESOLVED,vision,0
-mqbVkbCndg$_$0,RESOLVED_PARTIAL,vision,7
-mqbVkbCndg$_$0,RESOLVED_PARTIAL,vision,3
-mqbVkbCndg$_$0,RESOLVED_PARTIAL,vision,1
-mqbVkbCndg$_$0,RESOLVED_PARTIAL,vision,14
-mqbVkbCndg$_$0,RESOLVED_PARTIAL,vision,10
-mqbVkbCndg$_$0,RESOLVED_PARTIAL,vision,3
-mqbVkbCndg$_$0,RESOLVED_PARTIAL,vision,20
-mqbVkbCndg$_$0,RESOLVED_PARTIAL,vision,12
-mqbVkbCndg$_$0,RESOLVED_PARTIAL,vision,4
-mqbVkbCndg$_$0,RESOLVED_PARTIAL,vision,26
-mqbVkbCndg$_$0,RESOLVED_PARTIAL,vision,5
-mqbVkbCndg$_$0,RESOLVED_PARTIAL,vision,12
-qDkUB0GgYY$_$6,RESOLVED_VALID,vision,3
-qDkUB0GgYY$_$6,RESOLVED_VALID,vision,7
-qDkUB0GgYY$_$6,RESOLVED_VALID,vision,5
-qDkUB0GgYY$_$6,RESOLVED_VALID,vision,3
-qDkUB0GgYY$_$6,RESOLVED_VALID,vision,5
-qDkUB0GgYY$_$6,RESOLVED_VALID,vision,4
-qDkUB0GgYY$_$6,RESOLVED_VALID,vision,6
-qDkUB0GgYY$_$6,RESOLVED_VALID,vision,14
-qDkUB0GgYY$_$6,RESOLVED_VALID,vision,4
-qDkUB0GgYY$_$6,RESOLVED_VALID,vision,6
-qDkUB0GgYY$_$6,RESOLVED_VALID,vision,2
-qDkUB0GgYY$_$6,RESOLVED_VALID,vision,5
-qDkUB0GgYY$_$6,RESOLVED_VALID,vision,5
-qDkUB0GgYY$_$6,RESOLVED_VALID,vision,6
-qDkUB0GgYY$_$6,RESOLVED_VALID,vision,3
-qDkUB0GgYY$_$6,RESOLVED_VALID,vision,7
-ri04Z7vwnc$_$0,RESOLVED_MISSING,vision,0
-ri04Z7vwnc$_$0,RESOLVED_MISSING,vision,0
-ri04Z7vwnc$_$0,RESOLVED_MISSING,vision,0
-ri04Z7vwnc$_$0,RESOLVED_MISSING,vision,0
-ri04Z7vwnc$_$0,RESOLVED_MISSING,vision,0
-ri04Z7vwnc$_$0,RESOLVED_MISSING,vision,0
-ri04Z7vwnc$_$0,RESOLVED_MISSING,vision,0
-ri04Z7vwnc$_$0,RESOLVED_MISSING,vision,0
-ri04Z7vwnc$_$2,UNRESOLVED,vision,0
-ri04Z7vwnc$_$2,UNRESOLVED,vision,0
-ri04Z7vwnc$_$2,UNRESOLVED,vision,0
-ri04Z7vwnc$_$2,UNRESOLVED,vision,0
-ri04Z7vwnc$_$2,UNRESOLVED,vision,0
-ri04Z7vwnc$_$2,UNRESOLVED,vision,0
-ri04Z7vwnc$_$2,UNRESOLVED,vision,0
-ri04Z7vwnc$_$2,UNRESOLVED,vision,0
-ri04Z7vwnc$_$2,UNRESOLVED,vision,0
-ri04Z7vwnc$_$2,UNRESOLVED,vision,0
-ri04Z7vwnc$_$2,UNRESOLVED,vision,0
-ri04Z7vwnc$_$2,UNRESOLVED,vision,0
-ri04Z7vwnc$_$2,UNRESOLVED,vision,0
-ri04Z7vwnc$_$2,UNRESOLVED,vision,0
-ri04Z7vwnc$_$2,UNRESOLVED,vision,0
-ri04Z7vwnc$_$2,UNRESOLVED,vision,0
-ri04Z7vwnc$_$5,RESOLVED_CONFLICT,vision,0
-ri04Z7vwnc$_$5,RESOLVED_CONFLICT,vision,0
-ri04Z7vwnc$_$5,RESOLVED_CONFLICT,vision,0
-ri04Z7vwnc$_$5,RESOLVED_CONFLICT,vision,0
-ri04Z7vwnc$_$5,RESOLVED_CONFLICT,vision,0
-ri04Z7vwnc$_$5,RESOLVED_CONFLICT,vision,0
-ri04Z7vwnc$_$5,RESOLVED_CONFLICT,vision,0
-ri04Z7vwnc$_$5,RESOLVED_CONFLICT,vision,0
-ri04Z7vwnc$_$5,RESOLVED_CONFLICT,vision,0
-s9qJ7ATP7w$_$0,UNRESOLVED,vision,0
-s9qJ7ATP7w$_$0,UNRESOLVED,vision,0
-s9qJ7ATP7w$_$0,UNRESOLVED,vision,0
-s9qJ7ATP7w$_$0,UNRESOLVED,vision,0
-s9qJ7ATP7w$_$0,UNRESOLVED,vision,0
-s9qJ7ATP7w$_$0,UNRESOLVED,vision,0
-s9qJ7ATP7w$_$0,UNRESOLVED,vision,0
-s9qJ7ATP7w$_$0,UNRESOLVED,vision,0
-s9qJ7ATP7w$_$0,UNRESOLVED,vision,0
-s9qJ7ATP7w$_$0,UNRESOLVED,vision,0
-s9qJ7ATP7w$_$0,UNRESOLVED,vision,0
-s9qJ7ATP7w$_$0,UNRESOLVED,vision,0
-s9qJ7ATP7w$_$0,UNRESOLVED,vision,0
-s9qJ7ATP7w$_$0,UNRESOLVED,vision,0
-s9qJ7ATP7w$_$0,UNRESOLVED,vision,0
-s9qJ7ATP7w$_$0,UNRESOLVED,vision,0
-s9qJ7ATP7w$_$0,UNRESOLVED,vision,0
-s9qJ7ATP7w$_$0,UNRESOLVED,vision,0
-s9qJ7ATP7w$_$0,UNRESOLVED,vision,0
-s9qJ7ATP7w$_$0,UNRESOLVED,vision,0
-s9qJ7ATP7w$_$0,UNRESOLVED,vision,0
-s9qJ7ATP7w$_$0,UNRESOLVED,vision,0
-s9qJ7ATP7w$_$0,UNRESOLVED,vision,0
-s9qJ7ATP7w$_$0,UNRESOLVED,vision,0
-s9qJ7ATP7w$_$1,RESOLVED_PARTIAL,vision,0
-s9qJ7ATP7w$_$1,RESOLVED_PARTIAL,vision,0
-s9qJ7ATP7w$_$1,RESOLVED_PARTIAL,vision,0
-s9qJ7ATP7w$_$1,RESOLVED_PARTIAL,vision,0
-s9qJ7ATP7w$_$1,RESOLVED_PARTIAL,vision,0
-s9qJ7ATP7w$_$1,RESOLVED_PARTIAL,vision,0
-s9qJ7ATP7w$_$1,RESOLVED_PARTIAL,vision,0
-s9qJ7ATP7w$_$1,RESOLVED_PARTIAL,vision,0
-s9qJ7ATP7w$_$1,RESOLVED_PARTIAL,vision,3
-s9qJ7ATP7w$_$1,RESOLVED_PARTIAL,vision,3
-s9qJ7ATP7w$_$1,RESOLVED_PARTIAL,vision,7
-s9qJ7ATP7w$_$4,RESOLVED_PARTIAL,vision,0
-s9qJ7ATP7w$_$4,RESOLVED_PARTIAL,vision,0
-s9qJ7ATP7w$_$4,RESOLVED_PARTIAL,vision,0
-s9qJ7ATP7w$_$4,RESOLVED_PARTIAL,vision,0
-s9qJ7ATP7w$_$4,RESOLVED_PARTIAL,vision,0
-s9qJ7ATP7w$_$4,RESOLVED_PARTIAL,vision,0
-s9qJ7ATP7w$_$4,RESOLVED_PARTIAL,vision,0
-s9qJ7ATP7w$_$4,RESOLVED_PARTIAL,vision,1
-s9qJ7ATP7w$_$4,RESOLVED_PARTIAL,vision,10
-s9qJ7ATP7w$_$5,RESOLVED_PARTIAL,vision,3
-s9qJ7ATP7w$_$5,RESOLVED_PARTIAL,vision,23
-s9qJ7ATP7w$_$5,RESOLVED_PARTIAL,vision,5
-s9qJ7ATP7w$_$5,RESOLVED_PARTIAL,vision,7
-s9qJ7ATP7w$_$5,RESOLVED_PARTIAL,vision,3
-s9qJ7ATP7w$_$5,RESOLVED_PARTIAL,vision,4
-s9qJ7ATP7w$_$5,RESOLVED_PARTIAL,vision,6
-s9qJ7ATP7w$_$5,RESOLVED_PARTIAL,vision,13
-s9qJ7ATP7w$_$5,RESOLVED_PARTIAL,vision,3
-s9qJ7ATP7w$_$5,RESOLVED_PARTIAL,vision,9
-s9qJ7ATP7w$_$5,RESOLVED_PARTIAL,vision,4
-s9qJ7ATP7w$_$5,RESOLVED_PARTIAL,vision,4
-s9qJ7ATP7w$_$5,RESOLVED_PARTIAL,vision,4
-s9qJ7ATP7w$_$5,RESOLVED_PARTIAL,vision,10
-s9qJ7ATP7w$_$5,RESOLVED_PARTIAL,vision,5
-s9qJ7ATP7w$_$5,RESOLVED_PARTIAL,vision,6
-s9qJ7ATP7w$_$5,RESOLVED_PARTIAL,vision,8
-s9qJ7ATP7w$_$5,RESOLVED_PARTIAL,vision,5
-s9qJ7ATP7w$_$5,RESOLVED_PARTIAL,vision,4
-s9qJ7ATP7w$_$6,RESOLVED_VALID,vision,2
-s9qJ7ATP7w$_$6,RESOLVED_VALID,vision,2
-s9qJ7ATP7w$_$6,RESOLVED_VALID,vision,5
-s9qJ7ATP7w$_$6,RESOLVED_VALID,vision,5
-s9qJ7ATP7w$_$6,RESOLVED_VALID,vision,6
-s9qJ7ATP7w$_$7,UNRESOLVED,vision,0
-s9qJ7ATP7w$_$7,UNRESOLVED,vision,0
-s9qJ7ATP7w$_$7,UNRESOLVED,vision,0
-s9qJ7ATP7w$_$7,UNRESOLVED,vision,0
-s9qJ7ATP7w$_$7,UNRESOLVED,vision,0
-s9qJ7ATP7w$_$7,UNRESOLVED,vision,0
-s9qJ7ATP7w$_$7,UNRESOLVED,vision,0
-s9qJ7ATP7w$_$7,UNRESOLVED,vision,0
-s9qJ7ATP7w$_$7,UNRESOLVED,vision,0
-s9qJ7ATP7w$_$7,UNRESOLVED,vision,0
-s9qJ7ATP7w$_$7,UNRESOLVED,vision,0
-s9qJ7ATP7w$_$7,UNRESOLVED,vision,0
-s9qJ7ATP7w$_$7,UNRESOLVED,vision,0
-s9qJ7ATP7w$_$7,UNRESOLVED,vision,0
-s9qJ7ATP7w$_$7,UNRESOLVED,vision,0
-s9qJ7ATP7w$_$7,UNRESOLVED,vision,0
-s9qJ7ATP7w$_$7,UNRESOLVED,vision,0
-s9qJ7ATP7w$_$7,UNRESOLVED,vision,0
-s9qJ7ATP7w$_$7,UNRESOLVED,vision,0
-s9qJ7ATP7w$_$7,UNRESOLVED,vision,0
-s9qJ7ATP7w$_$7,UNRESOLVED,vision,0
-s9qJ7ATP7w$_$7,UNRESOLVED,vision,0
-s9qJ7ATP7w$_$7,UNRESOLVED,vision,0
-s9qJ7ATP7w$_$7,UNRESOLVED,vision,0
-s9qJ7ATP7w$_$7,UNRESOLVED,vision,0
-s9qJ7ATP7w$_$7,UNRESOLVED,vision,0
-s9qJ7ATP7w$_$7,UNRESOLVED,vision,0
-s9qJ7ATP7w$_$7,UNRESOLVED,vision,0
-s9qJ7ATP7w$_$8,RESOLVED_PARTIAL,vision,0
-s9qJ7ATP7w$_$8,RESOLVED_PARTIAL,vision,0
-s9qJ7ATP7w$_$8,RESOLVED_PARTIAL,vision,0
-s9qJ7ATP7w$_$8,RESOLVED_PARTIAL,vision,0
-s9qJ7ATP7w$_$8,RESOLVED_PARTIAL,vision,0
-s9qJ7ATP7w$_$8,RESOLVED_PARTIAL,vision,0
-s9qJ7ATP7w$_$8,RESOLVED_PARTIAL,vision,0
-s9qJ7ATP7w$_$8,RESOLVED_PARTIAL,vision,12
-s9qJ7ATP7w$_$8,RESOLVED_PARTIAL,vision,0
-s9qJ7ATP7w$_$8,RESOLVED_PARTIAL,vision,0
-s9qJ7ATP7w$_$8,RESOLVED_PARTIAL,vision,0
-s9qJ7ATP7w$_$8,RESOLVED_PARTIAL,vision,0
-s9qJ7ATP7w$_$8,RESOLVED_PARTIAL,vision,12
-t217m2on-s$_$2,RESOLVED_VALID,vision,6
-t217m2on-s$_$2,RESOLVED_VALID,vision,12
-t217m2on-s$_$2,RESOLVED_VALID,vision,4
-t217m2on-s$_$2,RESOLVED_VALID,vision,5
-t217m2on-s$_$2,RESOLVED_VALID,vision,2
-t217m2on-s$_$2,RESOLVED_VALID,vision,3
-t217m2on-s$_$2,RESOLVED_VALID,vision,3
-t217m2on-s$_$2,RESOLVED_VALID,vision,34
-t217m2on-s$_$2,RESOLVED_VALID,vision,10
-t217m2on-s$_$2,RESOLVED_VALID,vision,8
-t217m2on-s$_$2,RESOLVED_VALID,vision,3
-t217m2on-s$_$2,RESOLVED_VALID,vision,15
-t217m2on-s$_$7,RESOLVED_VALID,vision,2
-t217m2on-s$_$7,RESOLVED_VALID,vision,4
-t217m2on-s$_$7,RESOLVED_VALID,vision,9
-t217m2on-s$_$7,RESOLVED_VALID,vision,5
-t217m2on-s$_$7,RESOLVED_VALID,vision,5
-t217m2on-s$_$7,RESOLVED_VALID,vision,7
-t217m2on-s$_$7,RESOLVED_VALID,vision,21
-t217m2on-s$_$7,RESOLVED_VALID,vision,5
-t217m2on-s$_$7,RESOLVED_VALID,vision,6
-t217m2on-s$_$7,RESOLVED_VALID,vision,4
-t217m2on-s$_$7,RESOLVED_VALID,vision,3
-t217m2on-s$_$7,RESOLVED_VALID,vision,10
-t217m2on-s$_$7,RESOLVED_VALID,vision,9
-t217m2on-s$_$7,RESOLVED_VALID,vision,4
-t217m2on-s$_$7,RESOLVED_VALID,vision,10
-t217m2on-s$_$7,RESOLVED_VALID,vision,6
-t217m2on-s$_$7,RESOLVED_VALID,vision,17
-t217m2on-s$_$7,RESOLVED_VALID,vision,4
-t217m2on-s$_$7,RESOLVED_VALID,vision,3
-t217m2on-s$_$7,RESOLVED_VALID,vision,5
-t217m2on-s$_$7,RESOLVED_VALID,vision,2
-t217m2on-s$_$7,RESOLVED_VALID,vision,15
-t217m2on-s$_$7,RESOLVED_VALID,vision,12
-t217m2on-s$_$7,RESOLVED_VALID,vision,5
-t217m2on-s$_$7,RESOLVED_VALID,vision,17
-t217m2on-s$_$7,RESOLVED_VALID,vision,2
-t217m2on-s$_$7,RESOLVED_VALID,vision,5
-t217m2on-s$_$7,RESOLVED_VALID,vision,3
-t217m2on-s$_$7,RESOLVED_VALID,vision,9
-t217m2on-s$_$7,RESOLVED_VALID,vision,6
-t217m2on-s$_$7,RESOLVED_VALID,vision,2
-t217m2on-s$_$7,RESOLVED_VALID,vision,1
-t217m2on-s$_$7,RESOLVED_VALID,vision,8
-t217m2on-s$_$7,RESOLVED_VALID,vision,16
-t217m2on-s$_$7,RESOLVED_VALID,vision,4
-t217m2on-s$_$7,RESOLVED_VALID,vision,0
-t217m2on-s$_$7,RESOLVED_VALID,vision,12
-t217m2on-s$_$7,RESOLVED_VALID,vision,15
-t217m2on-s$_$7,RESOLVED_VALID,vision,4
-t217m2on-s$_$7,RESOLVED_VALID,vision,4
-t217m2on-s$_$7,RESOLVED_VALID,vision,6
-t217m2on-s$_$7,RESOLVED_VALID,vision,4
-t217m2on-s$_$7,RESOLVED_VALID,vision,2
-t217m2on-s$_$7,RESOLVED_VALID,vision,6
-t217m2on-s$_$7,RESOLVED_VALID,vision,5
-tANM6ETl_M$_$3,RESOLVED_VALID,vision,4
-tANM6ETl_M$_$3,RESOLVED_VALID,vision,8
-tANM6ETl_M$_$3,RESOLVED_VALID,vision,9
-tANM6ETl_M$_$3,RESOLVED_VALID,vision,3
-tANM6ETl_M$_$3,RESOLVED_VALID,vision,6
-tANM6ETl_M$_$3,RESOLVED_VALID,vision,6
-tANM6ETl_M$_$3,RESOLVED_VALID,vision,4
-tANM6ETl_M$_$3,RESOLVED_VALID,vision,1
-tANM6ETl_M$_$3,RESOLVED_VALID,vision,15
-tANM6ETl_M$_$3,RESOLVED_VALID,vision,3
-tANM6ETl_M$_$3,RESOLVED_VALID,vision,2
-tANM6ETl_M$_$3,RESOLVED_VALID,vision,11
-tANM6ETl_M$_$3,RESOLVED_VALID,vision,5
-tANM6ETl_M$_$3,RESOLVED_VALID,vision,8
-tANM6ETl_M$_$3,RESOLVED_VALID,vision,5
-tANM6ETl_M$_$3,RESOLVED_VALID,vision,3
-tANM6ETl_M$_$3,RESOLVED_VALID,vision,9
-tANM6ETl_M$_$3,RESOLVED_VALID,vision,1
-tANM6ETl_M$_$3,RESOLVED_VALID,vision,4
-tANM6ETl_M$_$3,RESOLVED_VALID,vision,1
-tANM6ETl_M$_$3,RESOLVED_VALID,vision,9
-tANM6ETl_M$_$3,RESOLVED_VALID,vision,2
-tPCytz4rww$_$10,RESOLVED_VALID,vision,5
-tPCytz4rww$_$10,RESOLVED_VALID,vision,7
-tPCytz4rww$_$10,RESOLVED_VALID,vision,10
-tPCytz4rww$_$10,RESOLVED_VALID,vision,7
-tPCytz4rww$_$10,RESOLVED_VALID,vision,2
-tPCytz4rww$_$10,RESOLVED_VALID,vision,5
-tPCytz4rww$_$10,RESOLVED_VALID,vision,3
-tPCytz4rww$_$10,RESOLVED_VALID,vision,2
-tPCytz4rww$_$10,RESOLVED_VALID,vision,10
-tPCytz4rww$_$10,RESOLVED_VALID,vision,8
-tPCytz4rww$_$10,RESOLVED_VALID,vision,5
-tPCytz4rww$_$10,RESOLVED_VALID,vision,11
-tPCytz4rww$_$11,RESOLVED_VALID,vision,5
-tPCytz4rww$_$11,RESOLVED_VALID,vision,5
-tPCytz4rww$_$11,RESOLVED_VALID,vision,3
-tPCytz4rww$_$11,RESOLVED_VALID,vision,6
-tPCytz4rww$_$11,RESOLVED_VALID,vision,6
-tPCytz4rww$_$11,RESOLVED_VALID,vision,9
-tPCytz4rww$_$11,RESOLVED_VALID,vision,4
-tPCytz4rww$_$11,RESOLVED_VALID,vision,3
-tPCytz4rww$_$11,RESOLVED_VALID,vision,4
-tPCytz4rww$_$11,RESOLVED_VALID,vision,11
-tPCytz4rww$_$11,RESOLVED_VALID,vision,3
-tPCytz4rww$_$11,RESOLVED_VALID,vision,9
-tPCytz4rww$_$11,RESOLVED_VALID,vision,5
-tPCytz4rww$_$11,RESOLVED_VALID,vision,7
-tPCytz4rww$_$11,RESOLVED_VALID,vision,6
-tPCytz4rww$_$11,RESOLVED_VALID,vision,6
-tPCytz4rww$_$11,RESOLVED_VALID,vision,5
-tPCytz4rww$_$12,RESOLVED_VALID,vision,3
-tPCytz4rww$_$12,RESOLVED_VALID,vision,5
-tPCytz4rww$_$12,RESOLVED_VALID,vision,4
-tPCytz4rww$_$12,RESOLVED_VALID,vision,4
-tPCytz4rww$_$12,RESOLVED_VALID,vision,6
-tPCytz4rww$_$12,RESOLVED_VALID,vision,7
-tPCytz4rww$_$12,RESOLVED_VALID,vision,5
-tPCytz4rww$_$12,RESOLVED_VALID,vision,2
-tPCytz4rww$_$12,RESOLVED_VALID,vision,3
-tPCytz4rww$_$12,RESOLVED_VALID,vision,4
-tPCytz4rww$_$12,RESOLVED_VALID,vision,13
-tPCytz4rww$_$12,RESOLVED_VALID,vision,4
-tPCytz4rww$_$12,RESOLVED_VALID,vision,13
-tPCytz4rww$_$12,RESOLVED_VALID,vision,5
-tPCytz4rww$_$12,RESOLVED_VALID,vision,10
-tPCytz4rww$_$12,RESOLVED_VALID,vision,2
-tPCytz4rww$_$12,RESOLVED_VALID,vision,14
-tPCytz4rww$_$12,RESOLVED_VALID,vision,3
-tPCytz4rww$_$12,RESOLVED_VALID,vision,6
-tPCytz4rww$_$12,RESOLVED_VALID,vision,5
-tPCytz4rww$_$12,RESOLVED_VALID,vision,9
-tPCytz4rww$_$12,RESOLVED_VALID,vision,5
-tPCytz4rww$_$12,RESOLVED_VALID,vision,13
-tPCytz4rww$_$12,RESOLVED_VALID,vision,4
-tPCytz4rww$_$12,RESOLVED_VALID,vision,10
-tPCytz4rww$_$12,RESOLVED_VALID,vision,13
-tPCytz4rww$_$16,RESOLVED_VALID,vision,6
-tPCytz4rww$_$16,RESOLVED_VALID,vision,4
-tPCytz4rww$_$16,RESOLVED_VALID,vision,5
-tPCytz4rww$_$16,RESOLVED_VALID,vision,8
-tPCytz4rww$_$16,RESOLVED_VALID,vision,3
-tPCytz4rww$_$16,RESOLVED_VALID,vision,1
-tPCytz4rww$_$16,RESOLVED_VALID,vision,10
-tPCytz4rww$_$16,RESOLVED_VALID,vision,3
-tPCytz4rww$_$16,RESOLVED_VALID,vision,3
-tPCytz4rww$_$16,RESOLVED_VALID,vision,4
-tPCytz4rww$_$16,RESOLVED_VALID,vision,2
-tPCytz4rww$_$16,RESOLVED_VALID,vision,9
-tPCytz4rww$_$16,RESOLVED_VALID,vision,11
-tPCytz4rww$_$16,RESOLVED_VALID,vision,3
-tPCytz4rww$_$16,RESOLVED_VALID,vision,3
-tPCytz4rww$_$16,RESOLVED_VALID,vision,11
-tPCytz4rww$_$18,RESOLVED_VALID,vision,6
-tPCytz4rww$_$18,RESOLVED_VALID,vision,5
-tPCytz4rww$_$18,RESOLVED_VALID,vision,3
-tPCytz4rww$_$18,RESOLVED_VALID,vision,2
-tPCytz4rww$_$18,RESOLVED_VALID,vision,8
-tPCytz4rww$_$18,RESOLVED_VALID,vision,6
-tPCytz4rww$_$18,RESOLVED_VALID,vision,7
-tPCytz4rww$_$18,RESOLVED_VALID,vision,5
-tPCytz4rww$_$18,RESOLVED_VALID,vision,5
-tPCytz4rww$_$18,RESOLVED_VALID,vision,8
-tPCytz4rww$_$18,RESOLVED_VALID,vision,4
-tPCytz4rww$_$18,RESOLVED_VALID,vision,10
-tPCytz4rww$_$18,RESOLVED_VALID,vision,5
-tPCytz4rww$_$18,RESOLVED_VALID,vision,10
-tPCytz4rww$_$18,RESOLVED_VALID,vision,5
-tPCytz4rww$_$18,RESOLVED_VALID,vision,17
-uywlfIYOS8$_$4,RESOLVED_VALID,vision,24
-uywlfIYOS8$_$4,RESOLVED_VALID,vision,5
-uywlfIYOS8$_$4,RESOLVED_VALID,vision,4
-uywlfIYOS8$_$4,RESOLVED_VALID,vision,2
-uywlfIYOS8$_$4,RESOLVED_VALID,vision,12
-uywlfIYOS8$_$4,RESOLVED_VALID,vision,6
-uywlfIYOS8$_$4,RESOLVED_VALID,vision,3
-uywlfIYOS8$_$4,RESOLVED_VALID,vision,5
-uywlfIYOS8$_$4,RESOLVED_VALID,vision,3
-uywlfIYOS8$_$4,RESOLVED_VALID,vision,6
-uywlfIYOS8$_$4,RESOLVED_VALID,vision,2
-uywlfIYOS8$_$4,RESOLVED_VALID,vision,5
-uywlfIYOS8$_$4,RESOLVED_VALID,vision,4
-uywlfIYOS8$_$4,RESOLVED_VALID,vision,5
-uywlfIYOS8$_$4,RESOLVED_VALID,vision,9
-uywlfIYOS8$_$4,RESOLVED_VALID,vision,2
-uywlfIYOS8$_$4,RESOLVED_VALID,vision,10
-uywlfIYOS8$_$4,RESOLVED_VALID,vision,12
-vxjVxOeScU$_$4,UNRESOLVED,vision,0
-vxjVxOeScU$_$4,UNRESOLVED,vision,0
-vxjVxOeScU$_$4,UNRESOLVED,vision,0
-vxjVxOeScU$_$4,UNRESOLVED,vision,0
-vxjVxOeScU$_$4,UNRESOLVED,vision,0
-vxjVxOeScU$_$4,UNRESOLVED,vision,0
-vxjVxOeScU$_$4,UNRESOLVED,vision,0
-vxjVxOeScU$_$4,UNRESOLVED,vision,0
-vxjVxOeScU$_$4,UNRESOLVED,vision,0
-vxjVxOeScU$_$4,UNRESOLVED,vision,0
-vxjVxOeScU$_$4,UNRESOLVED,vision,0
-vxjVxOeScU$_$4,UNRESOLVED,vision,0
-vxjVxOeScU$_$4,UNRESOLVED,vision,0
-vxjVxOeScU$_$4,UNRESOLVED,vision,0
-vxjVxOeScU$_$4,UNRESOLVED,vision,0
-vxjVxOeScU$_$4,UNRESOLVED,vision,0
-vxjVxOeScU$_$4,UNRESOLVED,vision,0
-vxjVxOeScU$_$4,UNRESOLVED,vision,0
-vxjVxOeScU$_$4,UNRESOLVED,vision,0
-vxjVxOeScU$_$4,UNRESOLVED,vision,0
-vxjVxOeScU$_$4,UNRESOLVED,vision,0
-wMB_hJL-3o$_$7,RESOLVED_PARTIAL,vision,9
-wMB_hJL-3o$_$7,RESOLVED_PARTIAL,vision,2
-wMB_hJL-3o$_$7,RESOLVED_PARTIAL,vision,5
-wMB_hJL-3o$_$7,RESOLVED_PARTIAL,vision,3
-wMB_hJL-3o$_$7,RESOLVED_PARTIAL,vision,2
-wMB_hJL-3o$_$7,RESOLVED_PARTIAL,vision,6
-wMB_hJL-3o$_$7,RESOLVED_PARTIAL,vision,3
-wMB_hJL-3o$_$7,RESOLVED_PARTIAL,vision,4
-wMB_hJL-3o$_$7,RESOLVED_PARTIAL,vision,3
-wMB_hJL-3o$_$7,RESOLVED_PARTIAL,vision,17
-wMB_hJL-3o$_$7,RESOLVED_PARTIAL,vision,6
-wMB_hJL-3o$_$7,RESOLVED_PARTIAL,vision,3
-wMB_hJL-3o$_$7,RESOLVED_PARTIAL,vision,4
-wMB_hJL-3o$_$7,RESOLVED_PARTIAL,vision,3
-wMB_hJL-3o$_$7,RESOLVED_PARTIAL,vision,2
-wMB_hJL-3o$_$7,RESOLVED_PARTIAL,vision,7
-wMB_hJL-3o$_$7,RESOLVED_PARTIAL,vision,3
-wMB_hJL-3o$_$7,RESOLVED_PARTIAL,vision,4
-wMB_hJL-3o$_$7,RESOLVED_PARTIAL,vision,5
-wMB_hJL-3o$_$7,RESOLVED_PARTIAL,vision,5
-wMB_hJL-3o$_$7,RESOLVED_PARTIAL,vision,6
-wMB_hJL-3o$_$7,RESOLVED_PARTIAL,vision,0
-wny0OAz3g8$_$0,RESOLVED_VALID,vision,6
-wny0OAz3g8$_$0,RESOLVED_VALID,vision,7
-wny0OAz3g8$_$0,RESOLVED_VALID,vision,7
-wny0OAz3g8$_$0,RESOLVED_VALID,vision,6
-wny0OAz3g8$_$0,RESOLVED_VALID,vision,9
-wny0OAz3g8$_$0,RESOLVED_VALID,vision,6
-wny0OAz3g8$_$0,RESOLVED_VALID,vision,9
-wny0OAz3g8$_$0,RESOLVED_VALID,vision,3
-wny0OAz3g8$_$0,RESOLVED_VALID,vision,7
-wny0OAz3g8$_$1,RESOLVED_VALID,vision,0
-wny0OAz3g8$_$1,RESOLVED_VALID,vision,7
-wny0OAz3g8$_$1,RESOLVED_VALID,vision,3
-wny0OAz3g8$_$1,RESOLVED_VALID,vision,7
-wny0OAz3g8$_$1,RESOLVED_VALID,vision,5
-wny0OAz3g8$_$1,RESOLVED_VALID,vision,10
-wny0OAz3g8$_$1,RESOLVED_VALID,vision,5
-wny0OAz3g8$_$1,RESOLVED_VALID,vision,5
-wny0OAz3g8$_$1,RESOLVED_VALID,vision,9
-wny0OAz3g8$_$1,RESOLVED_VALID,vision,7
-wny0OAz3g8$_$1,RESOLVED_VALID,vision,3
-wny0OAz3g8$_$1,RESOLVED_VALID,vision,16
-wny0OAz3g8$_$1,RESOLVED_VALID,vision,3
-wny0OAz3g8$_$1,RESOLVED_VALID,vision,6
-wny0OAz3g8$_$1,RESOLVED_VALID,vision,5
-wny0OAz3g8$_$1,RESOLVED_VALID,vision,2
-wny0OAz3g8$_$1,RESOLVED_VALID,vision,4
-wny0OAz3g8$_$1,RESOLVED_VALID,vision,6
-wny0OAz3g8$_$1,RESOLVED_VALID,vision,5
-wny0OAz3g8$_$1,RESOLVED_VALID,vision,6
-wny0OAz3g8$_$1,RESOLVED_VALID,vision,4
-wny0OAz3g8$_$1,RESOLVED_VALID,vision,9
-wny0OAz3g8$_$1,RESOLVED_VALID,vision,3
-wny0OAz3g8$_$2,RESOLVED_VALID,vision,1
-wny0OAz3g8$_$2,RESOLVED_VALID,vision,8
-wny0OAz3g8$_$2,RESOLVED_VALID,vision,4
-wny0OAz3g8$_$2,RESOLVED_VALID,vision,6
-wny0OAz3g8$_$2,RESOLVED_VALID,vision,3
-wny0OAz3g8$_$2,RESOLVED_VALID,vision,5
-wny0OAz3g8$_$2,RESOLVED_VALID,vision,10
-wny0OAz3g8$_$2,RESOLVED_VALID,vision,6
-wny0OAz3g8$_$2,RESOLVED_VALID,vision,10
-wny0OAz3g8$_$2,RESOLVED_VALID,vision,3
-wny0OAz3g8$_$2,RESOLVED_VALID,vision,4
-wny0OAz3g8$_$2,RESOLVED_VALID,vision,4
-wny0OAz3g8$_$2,RESOLVED_VALID,vision,3
-wny0OAz3g8$_$2,RESOLVED_VALID,vision,3
-wny0OAz3g8$_$2,RESOLVED_VALID,vision,6
-wny0OAz3g8$_$2,RESOLVED_VALID,vision,7
-wny0OAz3g8$_$2,RESOLVED_VALID,vision,5
-wny0OAz3g8$_$2,RESOLVED_VALID,vision,2
-wny0OAz3g8$_$2,RESOLVED_VALID,vision,10
-wny0OAz3g8$_$2,RESOLVED_VALID,vision,3
-wny0OAz3g8$_$2,RESOLVED_VALID,vision,5
-wny0OAz3g8$_$2,RESOLVED_VALID,vision,9
-wny0OAz3g8$_$2,RESOLVED_VALID,vision,8
-wny0OAz3g8$_$3,RESOLVED_VALID,vision,2
-wny0OAz3g8$_$3,RESOLVED_VALID,vision,4
-wny0OAz3g8$_$3,RESOLVED_VALID,vision,7
-wny0OAz3g8$_$3,RESOLVED_VALID,vision,2
-wny0OAz3g8$_$3,RESOLVED_VALID,vision,5
-wny0OAz3g8$_$3,RESOLVED_VALID,vision,8
-wny0OAz3g8$_$3,RESOLVED_VALID,vision,3
-wny0OAz3g8$_$3,RESOLVED_VALID,vision,7
-wny0OAz3g8$_$3,RESOLVED_VALID,vision,4
-wny0OAz3g8$_$3,RESOLVED_VALID,vision,12
-wny0OAz3g8$_$3,RESOLVED_VALID,vision,4
-wny0OAz3g8$_$3,RESOLVED_VALID,vision,9
-wny0OAz3g8$_$3,RESOLVED_VALID,vision,3
-wny0OAz3g8$_$3,RESOLVED_VALID,vision,5
-wny0OAz3g8$_$3,RESOLVED_VALID,vision,6
-wny0OAz3g8$_$3,RESOLVED_VALID,vision,7
-wny0OAz3g8$_$3,RESOLVED_VALID,vision,9
-wny0OAz3g8$_$3,RESOLVED_VALID,vision,5
-wny0OAz3g8$_$3,RESOLVED_VALID,vision,4
-wny0OAz3g8$_$3,RESOLVED_VALID,vision,4
-wny0OAz3g8$_$5,RESOLVED_VALID,vision,4
-wny0OAz3g8$_$5,RESOLVED_VALID,vision,2
-wny0OAz3g8$_$5,RESOLVED_VALID,vision,5
-wny0OAz3g8$_$5,RESOLVED_VALID,vision,5
-wny0OAz3g8$_$5,RESOLVED_VALID,vision,6
-wny0OAz3g8$_$5,RESOLVED_VALID,vision,3
-wny0OAz3g8$_$5,RESOLVED_VALID,vision,8
-wny0OAz3g8$_$5,RESOLVED_VALID,vision,13
-wny0OAz3g8$_$5,RESOLVED_VALID,vision,8
-wny0OAz3g8$_$5,RESOLVED_VALID,vision,2
-wny0OAz3g8$_$5,RESOLVED_VALID,vision,7
-wny0OAz3g8$_$5,RESOLVED_VALID,vision,13
-wny0OAz3g8$_$5,RESOLVED_VALID,vision,3
-wny0OAz3g8$_$5,RESOLVED_VALID,vision,7
-wny0OAz3g8$_$5,RESOLVED_VALID,vision,15
-wny0OAz3g8$_$5,RESOLVED_VALID,vision,7
-wny0OAz3g8$_$5,RESOLVED_VALID,vision,6
-wny0OAz3g8$_$5,RESOLVED_VALID,vision,3
-wny0OAz3g8$_$5,RESOLVED_VALID,vision,7
-wny0OAz3g8$_$5,RESOLVED_VALID,vision,4
-wny0OAz3g8$_$7,RESOLVED_VALID,vision,12
-wny0OAz3g8$_$7,RESOLVED_VALID,vision,2
-wny0OAz3g8$_$7,RESOLVED_VALID,vision,8
-wny0OAz3g8$_$7,RESOLVED_VALID,vision,6
-wny0OAz3g8$_$7,RESOLVED_VALID,vision,3
-wny0OAz3g8$_$7,RESOLVED_VALID,vision,3
-wny0OAz3g8$_$7,RESOLVED_VALID,vision,10
-wny0OAz3g8$_$7,RESOLVED_VALID,vision,2
-wny0OAz3g8$_$7,RESOLVED_VALID,vision,6
-wny0OAz3g8$_$7,RESOLVED_VALID,vision,4
-wny0OAz3g8$_$7,RESOLVED_VALID,vision,6
-wny0OAz3g8$_$7,RESOLVED_VALID,vision,2
-wny0OAz3g8$_$7,RESOLVED_VALID,vision,1
-wny0OAz3g8$_$7,RESOLVED_VALID,vision,7
-wny0OAz3g8$_$7,RESOLVED_VALID,vision,2
-wny0OAz3g8$_$7,RESOLVED_VALID,vision,13
-wny0OAz3g8$_$7,RESOLVED_VALID,vision,2
-wny0OAz3g8$_$7,RESOLVED_VALID,vision,14
-wny0OAz3g8$_$7,RESOLVED_VALID,vision,4
-wny0OAz3g8$_$7,RESOLVED_VALID,vision,11
-wny0OAz3g8$_$7,RESOLVED_VALID,vision,3
-wny0OAz3g8$_$7,RESOLVED_VALID,vision,10
-wny0OAz3g8$_$7,RESOLVED_VALID,vision,9
-wny0OAz3g8$_$7,RESOLVED_VALID,vision,5
-wny0OAz3g8$_$7,RESOLVED_VALID,vision,3
-wny0OAz3g8$_$7,RESOLVED_VALID,vision,5
-wny0OAz3g8$_$7,RESOLVED_VALID,vision,1
-wny0OAz3g8$_$7,RESOLVED_VALID,vision,10
-wny0OAz3g8$_$7,RESOLVED_VALID,vision,8
-wny0OAz3g8$_$9,RESOLVED_VALID,vision,0
-wny0OAz3g8$_$9,RESOLVED_VALID,vision,9
-wny0OAz3g8$_$9,RESOLVED_VALID,vision,4
-wny0OAz3g8$_$9,RESOLVED_VALID,vision,6
-wny0OAz3g8$_$9,RESOLVED_VALID,vision,4
-wny0OAz3g8$_$9,RESOLVED_VALID,vision,4
-wny0OAz3g8$_$9,RESOLVED_VALID,vision,12
-wny0OAz3g8$_$9,RESOLVED_VALID,vision,5
-wny0OAz3g8$_$9,RESOLVED_VALID,vision,1
-wny0OAz3g8$_$9,RESOLVED_VALID,vision,4
-wny0OAz3g8$_$9,RESOLVED_VALID,vision,5
-wny0OAz3g8$_$9,RESOLVED_VALID,vision,8
-wny0OAz3g8$_$9,RESOLVED_VALID,vision,12
-wny0OAz3g8$_$9,RESOLVED_VALID,vision,3
-wny0OAz3g8$_$9,RESOLVED_VALID,vision,6
-wny0OAz3g8$_$9,RESOLVED_VALID,vision,2
-wny0OAz3g8$_$9,RESOLVED_VALID,vision,10
-wny0OAz3g8$_$9,RESOLVED_VALID,vision,14
-wny0OAz3g8$_$9,RESOLVED_VALID,vision,2
-wny0OAz3g8$_$9,RESOLVED_VALID,vision,2
-yRb-Jum7EQ$_$1,RESOLVED_PARTIAL,vision,0
-yRb-Jum7EQ$_$1,RESOLVED_PARTIAL,vision,0
-yRb-Jum7EQ$_$1,RESOLVED_PARTIAL,vision,0
-yRb-Jum7EQ$_$1,RESOLVED_PARTIAL,vision,0
-yRb-Jum7EQ$_$1,RESOLVED_PARTIAL,vision,0
-yRb-Jum7EQ$_$1,RESOLVED_PARTIAL,vision,0
-yRb-Jum7EQ$_$1,RESOLVED_PARTIAL,vision,0
-yRb-Jum7EQ$_$1,RESOLVED_PARTIAL,vision,0
-yRb-Jum7EQ$_$1,RESOLVED_PARTIAL,vision,0
-yRb-Jum7EQ$_$1,RESOLVED_PARTIAL,vision,0
-yRb-Jum7EQ$_$1,RESOLVED_PARTIAL,vision,0
-yRb-Jum7EQ$_$1,RESOLVED_PARTIAL,vision,0
-yRb-Jum7EQ$_$1,RESOLVED_PARTIAL,vision,0
-yRb-Jum7EQ$_$1,RESOLVED_PARTIAL,vision,0
-yRb-Jum7EQ$_$1,RESOLVED_PARTIAL,vision,0
-yRb-Jum7EQ$_$1,RESOLVED_PARTIAL,vision,0
-yRb-Jum7EQ$_$1,RESOLVED_PARTIAL,vision,0
-yRb-Jum7EQ$_$1,RESOLVED_PARTIAL,vision,0
-yRb-Jum7EQ$_$1,RESOLVED_PARTIAL,vision,0
-yRb-Jum7EQ$_$1,RESOLVED_PARTIAL,vision,0
-yRb-Jum7EQ$_$1,RESOLVED_PARTIAL,vision,0
-yRb-Jum7EQ$_$1,RESOLVED_PARTIAL,vision,0
-yRb-Jum7EQ$_$1,RESOLVED_PARTIAL,vision,0
-yRb-Jum7EQ$_$1,RESOLVED_PARTIAL,vision,0
-yRb-Jum7EQ$_$1,RESOLVED_PARTIAL,vision,0
-yRb-Jum7EQ$_$1,RESOLVED_PARTIAL,vision,0
-yRb-Jum7EQ$_$1,RESOLVED_PARTIAL,vision,0
-yRb-Jum7EQ$_$1,RESOLVED_PARTIAL,vision,0
-yRb-Jum7EQ$_$1,RESOLVED_PARTIAL,vision,0
-yRb-Jum7EQ$_$1,RESOLVED_PARTIAL,vision,0
-yRb-Jum7EQ$_$1,RESOLVED_PARTIAL,vision,0
-yRb-Jum7EQ$_$1,RESOLVED_PARTIAL,vision,0
-yRb-Jum7EQ$_$1,RESOLVED_PARTIAL,vision,0
-yRb-Jum7EQ$_$1,RESOLVED_PARTIAL,vision,0
-yRb-Jum7EQ$_$1,RESOLVED_PARTIAL,vision,0
-yRb-Jum7EQ$_$1,RESOLVED_PARTIAL,vision,0
-yRb-Jum7EQ$_$1,RESOLVED_PARTIAL,vision,0
-yRb-Jum7EQ$_$1,RESOLVED_PARTIAL,vision,0
-yRb-Jum7EQ$_$1,RESOLVED_PARTIAL,vision,0
-yRb-Jum7EQ$_$1,RESOLVED_PARTIAL,vision,0
-yRb-Jum7EQ$_$1,RESOLVED_PARTIAL,vision,0
-yRb-Jum7EQ$_$1,RESOLVED_PARTIAL,vision,0
-yRb-Jum7EQ$_$1,RESOLVED_PARTIAL,vision,0
-yRb-Jum7EQ$_$1,RESOLVED_PARTIAL,vision,0
-yRb-Jum7EQ$_$1,RESOLVED_PARTIAL,vision,0
-yRb-Jum7EQ$_$1,RESOLVED_PARTIAL,vision,0
-yRb-Jum7EQ$_$1,RESOLVED_PARTIAL,vision,0
-yRb-Jum7EQ$_$1,RESOLVED_PARTIAL,vision,0
-yRb-Jum7EQ$_$1,RESOLVED_PARTIAL,vision,0
-yRb-Jum7EQ$_$5,RESOLVED_PARTIAL,vision,12
-yRb-Jum7EQ$_$5,RESOLVED_PARTIAL,vision,9
-yRb-Jum7EQ$_$5,RESOLVED_PARTIAL,vision,12
-yRb-Jum7EQ$_$5,RESOLVED_PARTIAL,vision,36
-yRb-Jum7EQ$_$5,RESOLVED_PARTIAL,vision,7
-yRb-Jum7EQ$_$5,RESOLVED_PARTIAL,vision,7
-yRb-Jum7EQ$_$5,RESOLVED_PARTIAL,vision,4
-yRb-Jum7EQ$_$5,RESOLVED_PARTIAL,vision,9
-yRb-Jum7EQ$_$5,RESOLVED_PARTIAL,vision,25
-yRb-Jum7EQ$_$5,RESOLVED_PARTIAL,vision,9
-yRb-Jum7EQ$_$5,RESOLVED_PARTIAL,vision,2
-yRb-Jum7EQ$_$5,RESOLVED_PARTIAL,vision,4
-yRb-Jum7EQ$_$5,RESOLVED_PARTIAL,vision,4
-yRb-Jum7EQ$_$5,RESOLVED_PARTIAL,vision,16
-yRb-Jum7EQ$_$5,RESOLVED_PARTIAL,vision,9
-yRb-Jum7EQ$_$5,RESOLVED_PARTIAL,vision,13
-yRb-Jum7EQ$_$5,RESOLVED_PARTIAL,vision,5
-yRb-Jum7EQ$_$5,RESOLVED_PARTIAL,vision,5
-yRb-Jum7EQ$_$5,RESOLVED_PARTIAL,vision,6
-yRb-Jum7EQ$_$5,RESOLVED_PARTIAL,vision,4
-yRb-Jum7EQ$_$5,RESOLVED_PARTIAL,vision,7
-yRb-Jum7EQ$_$5,RESOLVED_PARTIAL,vision,12
-yRb-Jum7EQ$_$5,RESOLVED_PARTIAL,vision,2
-yRb-Jum7EQ$_$5,RESOLVED_PARTIAL,vision,14
-yRb-Jum7EQ$_$5,RESOLVED_PARTIAL,vision,13
-yRb-Jum7EQ$_$6,RESOLVED_PARTIAL,vision,10
-yRb-Jum7EQ$_$6,RESOLVED_PARTIAL,vision,3
-yRb-Jum7EQ$_$6,RESOLVED_PARTIAL,vision,5
-yRb-Jum7EQ$_$6,RESOLVED_PARTIAL,vision,3
-yRb-Jum7EQ$_$6,RESOLVED_PARTIAL,vision,3
-yRb-Jum7EQ$_$6,RESOLVED_PARTIAL,vision,7
-yRb-Jum7EQ$_$6,RESOLVED_PARTIAL,vision,5
-yRb-Jum7EQ$_$6,RESOLVED_PARTIAL,vision,8
-yRb-Jum7EQ$_$6,RESOLVED_PARTIAL,vision,9
-yRb-Jum7EQ$_$6,RESOLVED_PARTIAL,vision,5
-yRb-Jum7EQ$_$6,RESOLVED_PARTIAL,vision,10
-yRb-Jum7EQ$_$6,RESOLVED_PARTIAL,vision,9
-yRb-Jum7EQ$_$6,RESOLVED_PARTIAL,vision,1
-yRb-Jum7EQ$_$6,RESOLVED_PARTIAL,vision,6
-yRb-Jum7EQ$_$6,RESOLVED_PARTIAL,vision,9
-yRb-Jum7EQ$_$6,RESOLVED_PARTIAL,vision,3
-yRb-Jum7EQ$_$6,RESOLVED_PARTIAL,vision,7
-yRb-Jum7EQ$_$6,RESOLVED_PARTIAL,vision,5
-yRb-Jum7EQ$_$6,RESOLVED_PARTIAL,vision,18
