trial,seed,checkpoint,epoch,lr,omega_count,total,task_clean,task_corrupt,msd,span,calibration,consistency,missing_macro_f1,missing_mae,clean_macro_f1,clean_mae,unimodal
attn_40_v4,1111,experiments/attn_40_v4/runs/late_attn_tune/seed_1111/best.pt,1,5e-05,0,1.1329507203859703,1.1329507203859703,0.0,0.0,0.0,0.0,0.0,,,,,
attn_40_v4,1111,experiments/attn_40_v4/runs/late_attn_tune/seed_1111/best.pt,2,0.0001,0,1.0418550450111104,1.0418550450111104,0.0,0.0,0.0,0.0,0.0,,,,,
attn_40_v4,1111,experiments/attn_40_v4/runs/late_attn_tune/seed_1111/best.pt,3,9.984630218530014e-05,0,1.906978363188628,0.9522412369184404,0.9547371218137652,0.0,0.0,0.0,0.0,,,,,
attn_40_v4,1111,experiments/attn_40_v4/runs/late_attn_tune/seed_1111/best.pt,4,9.938625865312252e-05,0,1.8043338973945544,0.897884930962714,0.906448967545946,0.0,0.0,0.0,0.0,,,,,
attn_40_v4,1111,experiments/attn_40_v4/runs/late_attn_tune/seed_1111/best.pt,5,9.862301196726987e-05,0,1.739343219828383,0.8656468803637496,0.8736963366793695,0.0,0.0,0.0,0.0,0.5384353487756447,0.672290255516097,0.5638229134679859,0.6482931355648971,
attn_40_v4,1111,experiments/attn_40_v4/runs/late_attn_tune/seed_1111/best.pt,6,9.756177587652856e-05,0,1.6835131745472132,0.8369890150622786,0.8465241589278818,0.0,0.0,0.0,0.0,,,,,
attn_40_v4,1111,experiments/attn_40_v4/runs/late_attn_tune/seed_1111/best.pt,7,9.62097996994776e-05,0,1.6301021364247688,0.8123047858755165,0.817797355562727,0.0,0.0,0.0,0.0,,,,,
attn_40_v4,1111,experiments/attn_40_v4/runs/late_attn_tune/seed_1111/best.pt,8,9.4576318804292e-05,0,1.593244861219531,0.7935179082032676,0.7997269513451051,0.0,0.0,0.0,0.0,,,,,
attn_40_v4,1111,experiments/attn_40_v4/runs/late_attn_tune/seed_1111/best.pt,9,9.26724915218138e-05,0,1.5674314989107792,0.7642811962934298,0.8031503090234561,0.0,0.0,0.0,0.0,,,,,
attn_40_v4,1111,experiments/attn_40_v4/runs/late_attn_tune/seed_1111/best.pt,10,9.051132292283772e-05,0,1.5034631922423285,0.7335456913319703,0.76991748921225,0.0,0.0,0.0,0.0,0.5520438593804436,0.681379340193926,0.5990758509769339,0.6563927529758395,
attn_40_v4,1111,experiments/attn_40_v4/runs/late_attn_tune/seed_1111/best.pt,11,8.810757598029093e-05,0,1.4863080655302956,0.7264183951872532,0.759889667000726,0.0,0.0,0.0,0.0,,,,,
attn_40_v4,1111,experiments/attn_40_v4/runs/late_attn_tune/seed_1111/best.pt,12,8.547767072315836e-05,0,1.439238481432478,0.7064594353470847,0.7327790508203418,0.0,0.0,0.0,0.0,,,,,
attn_40_v4,1111,experiments/attn_40_v4/runs/late_attn_tune/seed_1111/best.pt,13,8.263957207103507e-05,0,1.420131611489804,0.6898734073772609,0.7302582029984376,0.0,0.0,0.0,0.0,,,,,
attn_40_v4,1111,experiments/attn_40_v4/runs/late_attn_tune/seed_1111/best.pt,14,7.961266711550922e-05,0,1.3740464326377226,0.66655057585128,0.70749585929318,0.0,0.0,0.0,0.0,,,,,
attn_40_v4,1111,experiments/attn_40_v4/runs/late_attn_tune/seed_1111/best.pt,15,7.641763268666831e-05,0,1.351230861427628,0.6429883124672364,0.708242547846286,0.0,0.0,0.0,0.0,0.5447417340504076,0.6842123291020642,0.5738580112651972,0.6588646703072539,
attn_40_v4,1111,experiments/attn_40_v4/runs/late_attn_tune/seed_1111/best.pt,16,7.307629410938363e-05,0,1.309674929792636,0.6325472568240121,0.6771276665625171,0.0,0.0,0.0,0.0,,,,,
attn_40_v4,1111,experiments/attn_40_v4/runs/late_attn_tune/seed_1111/best.pt,17,6.961147611421077e-05,0,1.2727764399252206,0.6101678765822793,0.6626085572153608,0.0,0.0,0.0,0.0,,,,,
attn_40_v4,1111,experiments/attn_40_v4/runs/late_attn_tune/seed_1111/best.pt,18,6.604684692133597e-05,0,1.2489408137642335,0.6014708612009744,0.6474699533988382,0.0,0.0,0.0,0.0,,,,,
attn_40_v4,1111,experiments/attn_40_v4/runs/late_attn_tune/seed_1111/best.pt,19,6.240675656263303e-05,0,1.2136921815783064,0.5868772109535253,0.626814975638256,0.0,0.0,0.0,0.0,,,,,
attn_40_v4,1111,experiments/attn_40_v4/runs/late_attn_tune/seed_1111/best.pt,20,5.8716070546254966e-05,0,1.234908021499063,0.5684985958527182,0.6664094259248716,0.0,0.0,0.0,0.0,0.5453704163211509,0.6937247262727692,0.5783064597496178,0.6650950521221742,
attn_40_v4,1111,experiments/attn_40_v4/runs/late_attn_tune/seed_1111/best.pt,21,5.5e-05,0,1.214489822075746,0.5576933973303465,0.6567964255809784,0.0,0.0,0.0,0.0,,,,,
attn_40_v4,1111,experiments/attn_40_v4/runs/late_attn_tune/seed_1111/best.pt,22,5.128392945374505e-05,0,1.193122341254047,0.5455696318194131,0.6475527166763199,0.0,0.0,0.0,0.0,,,,,
attn_40_v4,1111,experiments/attn_40_v4/runs/late_attn_tune/seed_1111/best.pt,23,4.7593243437366975e-05,0,1.1652871543001906,0.5261111875003743,0.6391759670783426,0.0,0.0,0.0,0.0,,,,,
attn_40_v4,1111,experiments/attn_40_v4/runs/late_attn_tune/seed_1111/best.pt,24,4.395315307866405e-05,0,1.1321064217068324,0.5108332249605767,0.6212732009241514,0.0,0.0,0.0,0.0,,,,,
attn_40_v4,1111,experiments/attn_40_v4/runs/late_attn_tune/seed_1111/best.pt,25,4.038852388578926e-05,0,1.1433985589820648,0.5147224734319704,0.6286760824863041,0.0,0.0,0.0,0.0,0.5433015667871065,0.6937112880547471,0.569100556528347,0.6663521913540356,
attn_40_v4,1111,experiments/attn_40_v4/runs/late_attn_tune/seed_1111/best.pt,26,3.692370589061638e-05,0,1.0936055606770738,0.4875472892667645,0.6060582702962037,0.0,0.0,0.0,0.0,,,,,
attn_40_v4,1111,experiments/attn_40_v4/runs/late_attn_tune/seed_1111/best.pt,27,3.358236731333169e-05,0,1.0881286347023795,0.4861694479657111,0.6019591870151948,0.0,0.0,0.0,0.0,,,,,
attn_40_v4,1111,experiments/attn_40_v4/runs/late_attn_tune/seed_1111/best.pt,28,3.0387332884490784e-05,0,1.0824912407687892,0.4802420902475018,0.6022491510783401,0.0,0.0,0.0,0.0,,,,,
attn_40_v4,1111,experiments/attn_40_v4/runs/late_attn_tune/seed_1111/best.pt,29,2.736042792896495e-05,0,1.0810553665473082,0.4815431652225067,0.5995121974254323,0.0,0.0,0.0,0.0,,,,,
attn_40_v4,1111,experiments/attn_40_v4/runs/late_attn_tune/seed_1111/best.pt,30,2.452232927684166e-05,0,1.0506201277826437,0.4668716816144569,0.5837484433829228,0.0,0.0,0.0,0.0,0.5396509752399357,0.6934374995171122,0.5649613848537917,0.6665359193820233,
attn_40_v4,1111,experiments/attn_40_v4/runs/late_attn_tune/seed_1111/best.pt,31,2.189242401970908e-05,0,1.042580846035592,0.4646395578562656,0.5779412912431164,0.0,0.0,0.0,0.0,,,,,
attn_40_v4,1111,experiments/attn_40_v4/runs/late_attn_tune/seed_1111/best.pt,32,1.948867707716229e-05,0,1.0269816047120317,0.4528131030987356,0.5741685046770862,0.0,0.0,0.0,0.0,,,,,
attn_40_v4,1111,experiments/attn_40_v4/runs/late_attn_tune/seed_1111/best.pt,33,1.7327508478186225e-05,0,1.0316008869732651,0.442486467623265,0.5891144197677898,0.0,0.0,0.0,0.0,,,,,
attn_40_v4,1111,experiments/attn_40_v4/runs/late_attn_tune/seed_1111/best.pt,34,1.5423681195707997e-05,0,1.026106556999349,0.4342905026729975,0.5918160507055087,0.0,0.0,0.0,0.0,,,,,
attn_40_v4,1111,experiments/attn_40_v4/runs/late_attn_tune/seed_1111/best.pt,35,1.3790200300522411e-05,0,0.997970149756592,0.4383967344031155,0.5595734174424243,0.0,0.0,0.0,0.0,0.5401466830913358,0.7001446896647194,0.5738976421623709,0.6742785558488942,
attn_40_v4,1111,experiments/attn_40_v4/runs/late_attn_tune/seed_1111/best.pt,36,1.2438224123471438e-05,0,1.0179415116800326,0.4377539187112701,0.5801875883730773,0.0,0.0,0.0,0.0,,,,,
attn_40_v4,1111,experiments/attn_40_v4/runs/late_attn_tune/seed_1111/best.pt,37,1.1376988032730134e-05,0,0.9986805397773456,0.4386519697782035,0.560028575012617,0.0,0.0,0.0,0.0,,,,,
attn_40_v4,1111,experiments/attn_40_v4/runs/late_attn_tune/seed_1111/best.pt,38,1.0613741346877495e-05,0,0.9954135997273098,0.4367259242267252,0.5586876757791109,0.0,0.0,0.0,0.0,,,,,
attn_40_v4,1111,experiments/attn_40_v4/runs/late_attn_tune/seed_1111/best.pt,39,1.0153697814699856e-05,0,0.9870603574770632,0.4275540160798581,0.5595063391689942,0.0,0.0,0.0,0.0,,,,,
attn_40_v4,1111,experiments/attn_40_v4/runs/late_attn_tune/seed_1111/best.pt,40,1e-05,0,1.00302196106064,0.4255112437444313,0.5775107189873668,0.0,0.0,0.0,0.0,0.5409341438286647,0.6978897958737317,0.5718645460391337,0.6725084340234369,
attn_aux0.05_v1,1111,experiments/attn_aux0.05_v1/runs/late_aux_tune/seed_1111/best.pt,1,5e-05,0,1.5360248612466258,1.482902426585973,0.0,0.0,0.0,0.0,0.0,,,,,1.0624486681456875
attn_aux0.05_v1,1111,experiments/attn_aux0.05_v1/runs/late_aux_tune/seed_1111/best.pt,2,0.0001,0,1.4144361264237733,1.3627378439234796,0.0,0.0,0.0,0.0,0.0,,,,,1.0339657135098894
attn_aux0.05_v1,1111,experiments/attn_aux0.05_v1/runs/late_aux_tune/seed_1111/best.pt,3,9.931634888554937e-05,0,2.6344550792301926,1.2541571058959604,1.2791758825845807,0.0,0.0,0.0,0.0,,,,,2.022441729206905
attn_aux0.05_v1,1111,experiments/attn_aux0.05_v1/runs/late_aux_tune/seed_1111/best.pt,4,9.728616793536588e-05,0,2.47152814798266,1.1682204108371912,1.2041635396324586,0.0,0.0,0.0,0.0,,,,,1.9828837642045776
attn_aux0.05_v1,1111,experiments/attn_aux0.05_v1/runs/late_aux_tune/seed_1111/best.pt,5,9.397114317029977e-05,0,2.370944240382898,1.112830936351669,1.1604646154653246,0.0,0.0,0.0,0.0,0.5339946116010742,0.6555299364818905,0.5528640961594945,0.6277796738265481,1.95297350504688
attn_aux0.05_v1,1111,experiments/attn_aux0.05_v1/runs/late_aux_tune/seed_1111/best.pt,6,8.947199994035401e-05,0,2.312136986545313,1.076170124740244,1.1392503124531184,0.0,0.0,0.0,0.0,,,,,1.9343306750894709
attn_aux0.05_v1,1111,experiments/attn_aux0.05_v1/runs/late_aux_tune/seed_1111/best.pt,7,8.392544243589427e-05,0,2.2428507348087345,1.0407773545969312,1.1063379572930736,0.0,0.0,0.0,0.0,,,,,1.914708429407851
attn_aux0.05_v1,1111,experiments/attn_aux0.05_v1/runs/late_aux_tune/seed_1111/best.pt,8,7.75e-05,0,2.1911796699060457,1.0157570928056665,1.0800636934342784,0.0,0.0,0.0,0.0,,,,,1.9071775997910545
attn_aux0.05_v1,1111,experiments/attn_aux0.05_v1/runs/late_aux_tune/seed_1111/best.pt,9,7.03909064496551e-05,0,2.143764369955687,0.9846269209808278,1.064438419921376,0.0,0.0,0.0,0.0,,,,,1.8939807370444324
attn_aux0.05_v1,1111,experiments/attn_aux0.05_v1/runs/late_aux_tune/seed_1111/best.pt,10,6.281416799501188e-05,0,2.076741152834669,0.9475312319314368,1.0356341653338104,0.0,0.0,0.0,0.0,0.5576578077297079,0.6647100555337614,0.5900524869205026,0.6371015644354674,1.87151535259229
attn_aux0.05_v1,1111,experiments/attn_aux0.05_v1/runs/late_aux_tune/seed_1111/best.pt,11,5.5e-05,0,2.073411988320752,0.9457209344222168,1.0338741986551017,0.0,0.0,0.0,0.0,,,,,1.8763368887321967
attn_aux0.05_v1,1111,experiments/attn_aux0.05_v1/runs/late_aux_tune/seed_1111/best.pt,12,4.7185832004988135e-05,0,2.05704353791531,0.9281362523542388,1.0356826230744336,0.0,0.0,0.0,0.0,,,,,1.8644932631020237
attn_aux0.05_v1,1111,experiments/attn_aux0.05_v1/runs/late_aux_tune/seed_1111/best.pt,13,3.960909355034492e-05,0,2.020628378770062,0.9174542894987302,1.0098623822782642,0.0,0.0,0.0,0.0,,,,,1.8662340462764848
attn_aux0.05_v1,1111,experiments/attn_aux0.05_v1/runs/late_aux_tune/seed_1111/best.pt,14,3.250000000000001e-05,0,1.9813039269402763,0.8969680917597262,0.991452214316787,0.0,0.0,0.0,0.0,,,,,1.8576722601863829
attn_aux0.05_v1,1111,experiments/attn_aux0.05_v1/runs/late_aux_tune/seed_1111/best.pt,15,2.6074557564105733e-05,0,1.9986639368199857,0.8810415747009706,1.0246662837322629,0.0,0.0,0.0,0.0,0.5606938448948227,0.6635280110275121,0.595840924988693,0.6345500154830106,1.8591217348508744
attn_aux0.05_v1,1111,experiments/attn_aux0.05_v1/runs/late_aux_tune/seed_1111/best.pt,16,2.0528000059646e-05,0,1.9575857514532928,0.8802611415631303,0.984677655117534,0.0,0.0,0.0,0.0,,,,,1.852939146701421
attn_aux0.05_v1,1111,experiments/attn_aux0.05_v1/runs/late_aux_tune/seed_1111/best.pt,17,1.602885682970027e-05,0,1.94847051785371,0.8715081198193203,0.9844420780645352,0.0,0.0,0.0,0.0,,,,,1.85040635037645
attn_aux0.05_v1,1111,experiments/attn_aux0.05_v1/runs/late_aux_tune/seed_1111/best.pt,18,1.2713832064634127e-05,0,1.9550901105470744,0.8766929791352459,0.986016982626692,0.0,0.0,0.0,0.0,,,,,1.8476029322526168
attn_aux0.05_v1,1111,experiments/attn_aux0.05_v1/runs/late_aux_tune/seed_1111/best.pt,19,1.068365111445064e-05,0,1.9449220845632464,0.8692298177803788,0.9834863816466288,0.0,0.0,0.0,0.0,,,,,1.844117499957575
attn_aux0.05_v1,1111,experiments/attn_aux0.05_v1/runs/late_aux_tune/seed_1111/best.pt,20,1e-05,0,1.945760390468847,0.8754346855332918,0.978386538608052,0.0,0.0,0.0,0.0,0.5590034921127377,0.6679456554620551,0.5947214608703697,0.6391686661673293,1.838783401195134
attn_aux0.2_seed1112_v1,1112,experiments/attn_aux0.2_seed1112_v1/runs/late_aux_tune/seed_1112/best.pt,1,5e-05,0,1.6884760388704103,1.4781359278153037,0.0,0.0,0.0,0.0,0.0,,,,,1.0517005407921622
attn_aux0.2_seed1112_v1,1112,experiments/attn_aux0.2_seed1112_v1/runs/late_aux_tune/seed_1112/best.pt,2,0.0001,0,1.53922008131152,1.3376117844447912,0.0,0.0,0.0,0.0,0.0,,,,,1.0080414915753302
attn_aux0.2_seed1112_v1,1112,experiments/attn_aux0.2_seed1112_v1/runs/late_aux_tune/seed_1112/best.pt,3,9.931634888554937e-05,0,2.8760765011065472,1.229241028010288,1.2539671614905383,0.0,0.0,0.0,0.0,,,,,1.9643415000951177
attn_aux0.2_seed1112_v1,1112,experiments/attn_aux0.2_seed1112_v1/runs/late_aux_tune/seed_1112/best.pt,4,9.728616793536588e-05,0,2.755474658769982,1.1605578092771156,1.206250057599255,0.0,0.0,0.0,0.0,,,,,1.943333878695408
attn_aux0.2_seed1112_v1,1112,experiments/attn_aux0.2_seed1112_v1/runs/late_aux_tune/seed_1112/best.pt,5,9.397114317029977e-05,0,2.6316990696381186,1.0982970300121842,1.151111450707801,0.0,0.0,0.0,0.0,0.5471919240655073,0.6543848207392762,0.5620168561227791,0.6279063814413698,1.9114528771872832
attn_aux0.2_seed1112_v1,1112,experiments/attn_aux0.2_seed1112_v1/runs/late_aux_tune/seed_1112/best.pt,6,8.947199994035401e-05,0,2.551627936764298,1.0618377355771644,1.1096672471438611,0.0,0.0,0.0,0.0,,,,,1.9006146838731852
attn_aux0.2_seed1112_v1,1112,experiments/attn_aux0.2_seed1112_v1/runs/late_aux_tune/seed_1112/best.pt,7,8.392544243589427e-05,0,2.5516436935585234,1.0454537924205032,1.1265754827829164,0.0,0.0,0.0,0.0,,,,,1.8980721168428936
attn_aux0.2_seed1112_v1,1112,experiments/attn_aux0.2_seed1112_v1/runs/late_aux_tune/seed_1112/best.pt,8,7.75e-05,0,2.443840065849161,0.9956929355024178,1.0720839255324035,0.0,0.0,0.0,0.0,,,,,1.880316027971072
attn_aux0.2_seed1112_v1,1112,experiments/attn_aux0.2_seed1112_v1/runs/late_aux_tune/seed_1112/best.pt,9,7.03909064496551e-05,0,2.3956990732210817,0.9737184292802188,1.0489071329063344,0.0,0.0,0.0,0.0,,,,,1.8653674838698917
attn_aux0.2_seed1112_v1,1112,experiments/attn_aux0.2_seed1112_v1/runs/late_aux_tune/seed_1112/best.pt,10,6.281416799501188e-05,0,2.371948429357225,0.9609382060643668,1.039344505450436,0.0,0.0,0.0,0.0,0.5599445736327232,0.6547742040097619,0.5899699348600383,0.6259702390157694,1.8583286321051768
attn_aux0.2_seed1112_v1,1112,experiments/attn_aux0.2_seed1112_v1/runs/late_aux_tune/seed_1112/best.pt,11,5.5e-05,0,2.3538780892006703,0.9402216221684608,1.0425220065027754,0.0,0.0,0.0,0.0,,,,,1.855672283707378
attn_aux0.2_seed1112_v1,1112,experiments/attn_aux0.2_seed1112_v1/runs/late_aux_tune/seed_1112/best.pt,12,4.7185832004988135e-05,0,2.3315338108027093,0.9326693554904972,1.0276685652331772,0.0,0.0,0.0,0.0,,,,,1.855979338984623
attn_aux0.2_seed1112_v1,1112,experiments/attn_aux0.2_seed1112_v1/runs/late_aux_tune/seed_1112/best.pt,13,3.960909355034492e-05,0,2.289540495827933,0.903524594329228,1.0170317648727203,0.0,0.0,0.0,0.0,,,,,1.844920670874765
attn_aux0.2_seed1112_v1,1112,experiments/attn_aux0.2_seed1112_v1/runs/late_aux_tune/seed_1112/best.pt,14,3.250000000000001e-05,0,2.2710561262112914,0.90079410610912,1.0019663377342938,0.0,0.0,0.0,0.0,,,,,1.8414783834296968
attn_aux0.2_seed1112_v1,1112,experiments/attn_aux0.2_seed1112_v1/runs/late_aux_tune/seed_1112/best.pt,15,2.6074557564105733e-05,0,2.263750882906334,0.8919820000078077,1.003400145847107,0.0,0.0,0.0,0.0,0.5639479940983021,0.6572840597701288,0.5944870248148937,0.6265078557928343,1.84184359612866
attn_aux0.2_seed1112_v1,1112,experiments/attn_aux0.2_seed1112_v1/runs/late_aux_tune/seed_1112/best.pt,16,2.0528000059646e-05,0,2.223208318246859,0.8762922777193729,0.979927288594647,0.0,0.0,0.0,0.0,,,,,1.8349437267980844
attn_aux0.2_seed1112_v1,1112,experiments/attn_aux0.2_seed1112_v1/runs/late_aux_tune/seed_1112/best.pt,17,1.602885682970027e-05,0,2.21668853826612,0.8737785782769462,0.9774482612297912,0.0,0.0,0.0,0.0,,,,,1.8273084910116464
attn_aux0.2_seed1112_v1,1112,experiments/attn_aux0.2_seed1112_v1/runs/late_aux_tune/seed_1112/best.pt,18,1.2713832064634127e-05,0,2.212554726645211,0.8717092944082813,0.9742277008350764,0.0,0.0,0.0,0.0,,,,,1.833088654224004
attn_aux0.2_seed1112_v1,1112,experiments/attn_aux0.2_seed1112_v1/runs/late_aux_tune/seed_1112/best.pt,19,1.068365111445064e-05,0,2.2059317704673127,0.8616844994999538,0.9788914239295176,0.0,0.0,0.0,0.0,,,,,1.8267791984237245
attn_aux0.2_seed1112_v1,1112,experiments/attn_aux0.2_seed1112_v1/runs/late_aux_tune/seed_1112/best.pt,20,1e-05,0,2.23549498353049,0.8815179171963273,0.9878145278057204,0.0,0.0,0.0,0.0,0.5628814414143093,0.6573843487513154,0.596093187931995,0.6256800151243295,1.8308126815011567
attn_aux0.2_seed1113_v1,1113,experiments/attn_aux0.2_seed1113_v1/runs/late_aux_tune/seed_1113/best.pt,1,5e-05,0,1.690196092997756,1.473711780298536,0.0,0.0,0.0,0.0,0.0,,,,,1.0824215701807325
attn_aux0.2_seed1113_v1,1113,experiments/attn_aux0.2_seed1113_v1/runs/late_aux_tune/seed_1113/best.pt,2,0.0001,0,1.562069738022635,1.3543464034517234,0.0,0.0,0.0,0.0,0.0,,,,,1.0386166789821376
attn_aux0.2_seed1113_v1,1113,experiments/attn_aux0.2_seed1113_v1/runs/late_aux_tune/seed_1113/best.pt,3,9.931634888554937e-05,0,2.919510968377657,1.2457781885271877,1.271614275246023,0.0,0.0,0.0,0.0,,,,,2.0105925185658107
attn_aux0.2_seed1113_v1,1113,experiments/attn_aux0.2_seed1113_v1/runs/late_aux_tune/seed_1113/best.pt,4,9.728616793536588e-05,0,2.755948416540556,1.1640521650002382,1.1984590236271653,0.0,0.0,0.0,0.0,,,,,1.967186120068916
attn_aux0.2_seed1113_v1,1113,experiments/attn_aux0.2_seed1113_v1/runs/late_aux_tune/seed_1113/best.pt,5,9.397114317029977e-05,0,2.6651393877011595,1.1140029708915782,1.1628999548537708,0.0,0.0,0.0,0.0,0.5366603180310334,0.6606228352054072,0.5458324672803366,0.6335205139346347,1.9411823114502096
attn_aux0.2_seed1113_v1,1113,experiments/attn_aux0.2_seed1113_v1/runs/late_aux_tune/seed_1113/best.pt,6,8.947199994035401e-05,0,2.6046490713814707,1.0879763738017216,1.1310830366945712,0.0,0.0,0.0,0.0,,,,,1.9279483066541008
attn_aux0.2_seed1113_v1,1113,experiments/attn_aux0.2_seed1113_v1/runs/late_aux_tune/seed_1113/best.pt,7,8.392544243589427e-05,0,2.516692376582422,1.0411306368970423,1.0952573195796147,0.0,0.0,0.0,0.0,,,,,1.9015221384084116
attn_aux0.2_seed1113_v1,1113,experiments/attn_aux0.2_seed1113_v1/runs/late_aux_tune/seed_1113/best.pt,8,7.75e-05,0,2.5040117546776743,1.0244243323245896,1.099911075329112,0.0,0.0,0.0,0.0,,,,,1.8983817267640728
attn_aux0.2_seed1113_v1,1113,experiments/attn_aux0.2_seed1113_v1/runs/late_aux_tune/seed_1113/best.pt,9,7.03909064496551e-05,0,2.394853473823761,0.9785974755465427,1.041142922695552,0.0,0.0,0.0,0.0,,,,,1.8755652971356829
attn_aux0.2_seed1113_v1,1113,experiments/attn_aux0.2_seed1113_v1/runs/late_aux_tune/seed_1113/best.pt,10,6.281416799501188e-05,0,2.3951311267424966,0.970002855095908,1.0499224467812298,0.0,0.0,0.0,0.0,0.5595549450189373,0.6591560097100434,0.5915520521908416,0.626990276088191,1.876029083661944
attn_aux0.2_seed1113_v1,1113,experiments/attn_aux0.2_seed1113_v1/runs/late_aux_tune/seed_1113/best.pt,11,5.5e-05,0,2.3497986180760035,0.9425384831205706,1.0337578208647042,0.0,0.0,0.0,0.0,,,,,1.8675115331311087
attn_aux0.2_seed1113_v1,1113,experiments/attn_aux0.2_seed1113_v1/runs/late_aux_tune/seed_1113/best.pt,12,4.7185832004988135e-05,0,2.342504163768804,0.9350582082694936,1.0355797944781937,0.0,0.0,0.0,0.0,,,,,1.8593307143059847
attn_aux0.2_seed1113_v1,1113,experiments/attn_aux0.2_seed1113_v1/runs/late_aux_tune/seed_1113/best.pt,13,3.960909355034492e-05,0,2.2917675944132228,0.9068439107074916,1.0149071160877976,0.0,0.0,0.0,0.0,,,,,1.8500827773709163
attn_aux0.2_seed1113_v1,1113,experiments/attn_aux0.2_seed1113_v1/runs/late_aux_tune/seed_1113/best.pt,14,3.250000000000001e-05,0,2.2712187544207705,0.8979284298197131,1.0047342576713203,0.0,0.0,0.0,0.0,,,,,1.84278032044384
attn_aux0.2_seed1113_v1,1113,experiments/attn_aux0.2_seed1113_v1/runs/late_aux_tune/seed_1113/best.pt,15,2.6074557564105733e-05,0,2.257605993859121,0.8911663633640682,0.9975724927732876,0.0,0.0,0.0,0.0,0.5619115001636654,0.6580289596839619,0.6003181073412461,0.625075841287041,1.8443357086627283
attn_aux0.2_seed1113_v1,1113,experiments/attn_aux0.2_seed1113_v1/runs/late_aux_tune/seed_1113/best.pt,16,2.0528000059646e-05,0,2.216446153471403,0.871686834598256,0.9778012393790984,0.0,0.0,0.0,0.0,,,,,1.8347904002555064
attn_aux0.2_seed1113_v1,1113,experiments/attn_aux0.2_seed1113_v1/runs/late_aux_tune/seed_1113/best.pt,17,1.602885682970027e-05,0,2.228081895926288,0.8669844932645281,0.992528511542026,0.0,0.0,0.0,0.0,,,,,1.8428445085186824
attn_aux0.2_seed1113_v1,1113,experiments/attn_aux0.2_seed1113_v1/runs/late_aux_tune/seed_1113/best.pt,18,1.2713832064634127e-05,0,2.2183082148293467,0.8737263467824348,0.9782153195309862,0.0,0.0,0.0,0.0,,,,,1.8318327364520488
attn_aux0.2_seed1113_v1,1113,experiments/attn_aux0.2_seed1113_v1/runs/late_aux_tune/seed_1113/best.pt,19,1.068365111445064e-05,0,2.1950921867495383,0.8649681193806301,0.9635028866963966,0.0,0.0,0.0,0.0,,,,,1.8331059028055063
attn_aux0.2_seed1113_v1,1113,experiments/attn_aux0.2_seed1113_v1/runs/late_aux_tune/seed_1113/best.pt,20,1e-05,0,2.2213088641656893,0.8601928292033828,0.9929290753658688,0.0,0.0,0.0,0.0,0.5634112848131277,0.6595165409120981,0.6063692654375058,0.6264955946650473,1.8409348024386112
attn_aux0.2_v1,1111,experiments/attn_aux0.2_v1/runs/late_aux_tune/seed_1111/best.pt,1,5e-05,0,1.6946007514668402,1.4834142644828725,0.0,0.0,0.0,0.0,0.0,,,,,1.0559324209935197
attn_aux0.2_v1,1111,experiments/attn_aux0.2_v1/runs/late_aux_tune/seed_1111/best.pt,2,0.0001,0,1.5672968358637016,1.3626978664754708,0.0,0.0,0.0,0.0,0.0,,,,,1.0229948519546297
attn_aux0.2_v1,1111,experiments/attn_aux0.2_v1/runs/late_aux_tune/seed_1111/best.pt,3,9.931634888554937e-05,0,2.933563778333575,1.2540064877438768,1.2794882337623668,0.0,0.0,0.0,0.0,,,,,2.0003452813513927
attn_aux0.2_v1,1111,experiments/attn_aux0.2_v1/runs/late_aux_tune/seed_1111/best.pt,4,9.728616793536588e-05,0,2.766501357622236,1.16893789367141,1.2049264267226245,0.0,0.0,0.0,0.0,,,,,1.9631851109388836
attn_aux0.2_v1,1111,experiments/attn_aux0.2_v1/runs/late_aux_tune/seed_1111/best.pt,5,9.397114317029977e-05,0,2.662965674266637,1.114529179635449,1.1613549228026487,0.0,0.0,0.0,0.0,0.5319415616103171,0.6554725721384457,0.5480701836240929,0.6276946276993041,1.9354078223772135
attn_aux0.2_v1,1111,experiments/attn_aux0.2_v1/runs/late_aux_tune/seed_1111/best.pt,6,8.947199994035401e-05,0,2.6020572062964757,1.0778789013345664,1.1405215469476218,0.0,0.0,0.0,0.0,,,,,1.918283757762374
attn_aux0.2_v1,1111,experiments/attn_aux0.2_v1/runs/late_aux_tune/seed_1111/best.pt,7,8.392544243589427e-05,0,2.529654736830809,1.04214256834761,1.1073845931302722,0.0,0.0,0.0,0.0,,,,,1.9006378650665283
attn_aux0.2_v1,1111,experiments/attn_aux0.2_v1/runs/late_aux_tune/seed_1111/best.pt,8,7.75e-05,0,2.476881097410327,1.0171564171247394,1.080975695191143,0.0,0.0,0.0,0.0,,,,,1.893744910988852
attn_aux0.2_v1,1111,experiments/attn_aux0.2_v1/runs/late_aux_tune/seed_1111/best.pt,9,7.03909064496551e-05,0,2.4274732955148286,0.9858925253431372,1.065302189822509,0.0,0.0,0.0,0.0,,,,,1.8813928945042264
attn_aux0.2_v1,1111,experiments/attn_aux0.2_v1/runs/late_aux_tune/seed_1111/best.pt,10,6.281416799501188e-05,0,2.3580358674593063,0.9491864545880077,1.0368995947815547,0.0,0.0,0.0,0.0,0.5584920724884352,0.6631669264904666,0.590882850736777,0.6351001412781393,1.8597490687236609
attn_aux0.2_v1,1111,experiments/attn_aux0.2_v1/runs/late_aux_tune/seed_1111/best.pt,11,5.5e-05,0,2.35588786757995,0.9475763791075376,1.0351656079292295,0.0,0.0,0.0,0.0,,,,,1.8657293731921187
attn_aux0.2_v1,1111,experiments/attn_aux0.2_v1/runs/late_aux_tune/seed_1111/best.pt,12,4.7185832004988135e-05,0,2.337485431510711,0.9290941396606304,1.0376214390603182,0.0,0.0,0.0,0.0,,,,,1.853849292915558
attn_aux0.2_v1,1111,experiments/attn_aux0.2_v1/runs/late_aux_tune/seed_1111/best.pt,13,3.960909355034492e-05,0,2.301533352548831,0.9192217716546816,1.0110845248275828,0.0,0.0,0.0,0.0,,,,,1.8561352513660891
attn_aux0.2_v1,1111,experiments/attn_aux0.2_v1/runs/late_aux_tune/seed_1111/best.pt,14,3.250000000000001e-05,0,2.2607732220230816,0.8991303340853932,0.9922294003941188,0.0,0.0,0.0,0.0,,,,,1.847067406244367
attn_aux0.2_v1,1111,experiments/attn_aux0.2_v1/runs/late_aux_tune/seed_1111/best.pt,15,2.6074557564105733e-05,0,2.278590043014455,0.8831443586082102,1.0256594848409992,0.0,0.0,0.0,0.0,0.5604845498014775,0.6618114537011398,0.5953960837596647,0.6323572188544798,1.848930970530644
attn_aux0.2_v1,1111,experiments/attn_aux0.2_v1/runs/late_aux_tune/seed_1111/best.pt,16,2.0528000059646e-05,0,2.237019560047399,0.8827847091951103,0.985663034091486,0.0,0.0,0.0,0.0,,,,,1.842859044253269
attn_aux0.2_v1,1111,experiments/attn_aux0.2_v1/runs/late_aux_tune/seed_1111/best.pt,17,1.602885682970027e-05,0,2.227831876166513,0.8732878142428175,0.9864881144505796,0.0,0.0,0.0,0.0,,,,,1.8402797485066351
attn_aux0.2_v1,1111,experiments/attn_aux0.2_v1/runs/late_aux_tune/seed_1111/best.pt,18,1.2713832064634127e-05,0,2.2341485313165967,0.8792887396901568,0.9873566337835008,0.0,0.0,0.0,0.0,,,,,1.83751578197301
attn_aux0.2_v1,1111,experiments/attn_aux0.2_v1/runs/late_aux_tune/seed_1111/best.pt,19,1.068365111445064e-05,0,2.224294643535792,0.8716684448941846,0.985798427991778,0.0,0.0,0.0,0.0,,,,,1.834138881380313
attn_aux0.2_v1,1111,experiments/attn_aux0.2_v1/runs/late_aux_tune/seed_1111/best.pt,20,1e-05,0,2.2233393637933463,0.8775904061638307,0.9798486216045986,0.0,0.0,0.0,0.0,0.5582393430300034,0.6664254798215197,0.5862708429580499,0.6372898055869283,1.8295016244193103
attn_aux0_v1,1111,experiments/attn_aux0_v1/runs/late_aux_tune/seed_1111/best.pt,1,5e-05,0,1.482789403924318,1.482789403924318,0.0,0.0,0.0,0.0,0.0,,,,,1.0803071538978648
attn_aux0_v1,1111,experiments/attn_aux0_v1/runs/late_aux_tune/seed_1111/best.pt,2,0.0001,0,1.3629285787867609,1.3629285787867609,0.0,0.0,0.0,0.0,0.0,,,,,1.0853914412382608
attn_aux0_v1,1111,experiments/attn_aux0_v1/runs/late_aux_tune/seed_1111/best.pt,3,9.931634888554937e-05,0,2.5336092543379167,1.2544062939759726,1.2792029687177355,0.0,0.0,0.0,0.0,,,,,2.165136406354815
attn_aux0_v1,1111,experiments/attn_aux0_v1/runs/late_aux_tune/seed_1111/best.pt,4,9.728616793536588e-05,0,2.372072174170307,1.1681159021698426,1.2039562742286751,0.0,0.0,0.0,0.0,,,,,2.15748916830972
attn_aux0_v1,1111,experiments/attn_aux0_v1/runs/late_aux_tune/seed_1111/best.pt,5,9.397114317029977e-05,0,2.272590079040171,1.1123240127741734,1.1602660690512612,0.0,0.0,0.0,0.0,0.5345536875429455,0.655747118271226,0.5552224009880877,0.6280483337289368,2.1467587613613808
attn_aux0_v1,1111,experiments/attn_aux0_v1/runs/late_aux_tune/seed_1111/best.pt,6,8.947199994035401e-05,0,2.2145008684318754,1.0756856269925554,1.138815239768162,0.0,0.0,0.0,0.0,,,,,2.1515832615789967
attn_aux0_v1,1111,experiments/attn_aux0_v1/runs/late_aux_tune/seed_1111/best.pt,7,8.392544243589427e-05,0,2.146298243620685,1.0403175883204023,1.1059806536291248,0.0,0.0,0.0,0.0,,,,,2.149289975656527
attn_aux0_v1,1111,experiments/attn_aux0_v1/runs/late_aux_tune/seed_1111/best.pt,8,7.75e-05,0,2.095197623021135,1.0154354338333986,1.079762187516578,0.0,0.0,0.0,0.0,,,,,2.156502090881918
attn_aux0_v1,1111,experiments/attn_aux0_v1/runs/late_aux_tune/seed_1111/best.pt,9,7.03909064496551e-05,0,2.0483636800373826,0.9842385972771688,1.0641250710621055,0.0,0.0,0.0,0.0,,,,,2.1528722549153265
attn_aux0_v1,1111,experiments/attn_aux0_v1/runs/late_aux_tune/seed_1111/best.pt,10,6.281416799501188e-05,0,1.9820703585571215,0.946872117363404,1.0351982389655068,0.0,0.0,0.0,0.0,0.55706524122167,0.6654963997672464,0.5900524869205026,0.6380697793287614,2.153176113823864
attn_aux0_v1,1111,experiments/attn_aux0_v1/runs/late_aux_tune/seed_1111/best.pt,11,5.5e-05,0,1.978254697033178,0.9449097720262046,1.0333449316916066,0.0,0.0,0.0,0.0,,,,,2.1561627142897275
attn_aux0_v1,1111,experiments/attn_aux0_v1/runs/late_aux_tune/seed_1111/best.pt,12,4.7185832004988135e-05,0,1.9626142154230133,0.9278485997814998,1.034765619540883,0.0,0.0,0.0,0.0,,,,,2.155973376514756
attn_aux0_v1,1111,experiments/attn_aux0_v1/runs/late_aux_tune/seed_1111/best.pt,13,3.960909355034492e-05,0,1.92601732672932,0.9166576656225686,1.0093596666772788,0.0,0.0,0.0,0.0,,,,,2.158204711486246
attn_aux0_v1,1111,experiments/attn_aux0_v1/runs/late_aux_tune/seed_1111/best.pt,14,3.250000000000001e-05,0,1.8872021782063992,0.8960612034686258,0.991140972231036,0.0,0.0,0.0,0.0,,,,,2.159002377608112
attn_aux0_v1,1111,experiments/attn_aux0_v1/runs/late_aux_tune/seed_1111/best.pt,15,2.6074557564105733e-05,0,1.9043575269039543,0.8801685204015715,1.0241890087305945,0.0,0.0,0.0,0.0,0.5601819167632889,0.6643666894322049,0.5972702941489352,0.6355351408929781,2.1588554148362062
attn_aux0_v1,1111,experiments/attn_aux0_v1/runs/late_aux_tune/seed_1111/best.pt,16,2.0528000059646e-05,0,1.863515231096856,0.8791858787848571,0.984329350083788,0.0,0.0,0.0,0.0,,,,,2.1602665687275824
attn_aux0_v1,1111,experiments/attn_aux0_v1/runs/late_aux_tune/seed_1111/best.pt,17,1.602885682970027e-05,0,1.854366443981634,0.8707451079493371,0.9836213365893498,0.0,0.0,0.0,0.0,,,,,2.159987674695309
attn_aux0_v1,1111,experiments/attn_aux0_v1/runs/late_aux_tune/seed_1111/best.pt,18,1.2713832064634127e-05,0,1.8608337083709572,0.8754857071092196,0.9853479962482632,0.0,0.0,0.0,0.0,,,,,2.159681224377356
attn_aux0_v1,1111,experiments/attn_aux0_v1/runs/late_aux_tune/seed_1111/best.pt,19,1.068365111445064e-05,0,1.8506448502852535,0.8682265810877363,0.9824182655766746,0.0,0.0,0.0,0.0,,,,,2.1623635492592213
attn_aux0_v1,1111,experiments/attn_aux0_v1/runs/late_aux_tune/seed_1111/best.pt,20,1e-05,0,1.852141038279667,0.8744713502509571,0.9776696896998682,0.0,0.0,0.0,0.0,0.5595771056122493,0.6687083513305423,0.5966468939518584,0.6400966295648807,2.1583070119964742
attn_bert8_v1,1111,experiments/attn_bert8_v1/runs/late_attn_tune/seed_1111/best.pt,1,5e-05,0,1.4850216190391612,1.4850216190391612,0.0,0.0,0.0,0.0,0.0,,,,,
attn_bert8_v1,1111,experiments/attn_bert8_v1/runs/late_attn_tune/seed_1111/best.pt,2,0.0001,0,1.3696152194638118,1.3696152194638118,0.0,0.0,0.0,0.0,0.0,,,,,
attn_bert8_v1,1111,experiments/attn_bert8_v1/runs/late_attn_tune/seed_1111/best.pt,3,9.931634888554937e-05,0,2.5478968553453964,1.2592800593821802,1.2886167887215303,0.0,0.0,0.0,0.0,,,,,
attn_bert8_v1,1111,experiments/attn_bert8_v1/runs/late_attn_tune/seed_1111/best.pt,4,9.728616793536588e-05,0,2.3806745939165634,1.1754354366632265,1.2052391550251256,0.0,0.0,0.0,0.0,,,,,
attn_bert8_v1,1111,experiments/attn_bert8_v1/runs/late_attn_tune/seed_1111/best.pt,5,9.397114317029977e-05,0,2.2689755453127565,1.1112680613437549,1.1577074828548966,0.0,0.0,0.0,0.0,0.5320577336572393,0.6636125690360591,0.5462592918218369,0.6417492123880068,
attn_bert8_v1,1111,experiments/attn_bert8_v1/runs/late_attn_tune/seed_1111/best.pt,6,8.947199994035401e-05,0,2.214897259373531,1.085443416488505,1.1294538395427098,0.0,0.0,0.0,0.0,,,,,
attn_bert8_v1,1111,experiments/attn_bert8_v1/runs/late_attn_tune/seed_1111/best.pt,7,8.392544243589427e-05,0,2.130057392833389,1.0288671344240137,1.1011902712215886,0.0,0.0,0.0,0.0,,,,,
attn_bert8_v1,1111,experiments/attn_bert8_v1/runs/late_attn_tune/seed_1111/best.pt,8,7.75e-05,0,2.0762400705123616,1.0016864181678986,1.0745536545726742,0.0,0.0,0.0,0.0,,,,,
attn_bert8_v1,1111,experiments/attn_bert8_v1/runs/late_attn_tune/seed_1111/best.pt,9,7.03909064496551e-05,0,2.04088088062322,0.9831571222465728,1.0577237628330691,0.0,0.0,0.0,0.0,,,,,
attn_bert8_v1,1111,experiments/attn_bert8_v1/runs/late_attn_tune/seed_1111/best.pt,10,6.281416799501188e-05,0,1.9862954293456032,0.9517801986119456,1.0345152343545003,0.0,0.0,0.0,0.0,0.548176513687818,0.6697797816045655,0.5734738865791055,0.6463763402444873,
attn_bert8_v1,1111,experiments/attn_bert8_v1/runs/late_attn_tune/seed_1111/best.pt,11,5.5e-05,0,1.97816942005514,0.9384354032645716,1.0397340187402528,0.0,0.0,0.0,0.0,,,,,
attn_bert8_v1,1111,experiments/attn_bert8_v1/runs/late_attn_tune/seed_1111/best.pt,12,4.7185832004988135e-05,0,1.957033191885904,0.9267394993906825,1.03029368413943,0.0,0.0,0.0,0.0,,,,,
attn_bert8_v1,1111,experiments/attn_bert8_v1/runs/late_attn_tune/seed_1111/best.pt,13,3.960909355034492e-05,0,1.934741776680278,0.917730809372162,1.0170109617375882,0.0,0.0,0.0,0.0,,,,,
attn_bert8_v1,1111,experiments/attn_bert8_v1/runs/late_attn_tune/seed_1111/best.pt,14,3.250000000000001e-05,0,1.8864820304318008,0.889944619664522,0.9965374090961208,0.0,0.0,0.0,0.0,,,,,
attn_bert8_v1,1111,experiments/attn_bert8_v1/runs/late_attn_tune/seed_1111/best.pt,15,2.6074557564105733e-05,0,1.8918596985184144,0.8837052867791363,1.008154418423911,0.0,0.0,0.0,0.0,0.5455242047601196,0.6704368482871151,0.5696657936782461,0.6476350239312384,
attn_bert8_v1,1111,experiments/attn_bert8_v1/runs/late_attn_tune/seed_1111/best.pt,16,2.0528000059646e-05,0,1.8686257734476963,0.8830541756665595,0.985571601680506,0.0,0.0,0.0,0.0,,,,,
attn_bert8_v1,1111,experiments/attn_bert8_v1/runs/late_attn_tune/seed_1111/best.pt,17,1.602885682970027e-05,0,1.8455139638107516,0.8693412559054722,0.9761727112475956,0.0,0.0,0.0,0.0,,,,,
attn_bert8_v1,1111,experiments/attn_bert8_v1/runs/late_attn_tune/seed_1111/best.pt,18,1.2713832064634127e-05,0,1.860770967519172,0.8730966565764953,0.9876743098285712,0.0,0.0,0.0,0.0,,,,,
attn_bert8_v1,1111,experiments/attn_bert8_v1/runs/late_attn_tune/seed_1111/best.pt,19,1.068365111445064e-05,0,1.8321632698317556,0.8525849260459436,0.9795783382152844,0.0,0.0,0.0,0.0,,,,,
attn_bert8_v1,1111,experiments/attn_bert8_v1/runs/late_attn_tune/seed_1111/best.pt,20,1e-05,0,1.8574800881269935,0.8648933005110125,0.9925867848307172,0.0,0.0,0.0,0.0,0.5431707693167933,0.6766328621635052,0.5618805972860789,0.6552669618375968,
attn_cls_seed1112_v1,1112,experiments/attn_cls_seed1112_v1/runs/late_attn_tune/seed_1112/best.pt,1,5e-05,0,1.1258386462648338,1.1258386462648338,0.0,0.0,0.0,0.0,0.0,,,,,
attn_cls_seed1112_v1,1112,experiments/attn_cls_seed1112_v1/runs/late_attn_tune/seed_1112/best.pt,2,0.0001,0,1.0145534332667556,1.0145534332667556,0.0,0.0,0.0,0.0,0.0,,,,,
attn_cls_seed1112_v1,1112,experiments/attn_cls_seed1112_v1/runs/late_attn_tune/seed_1112/best.pt,3,9.931634888554937e-05,0,1.876442112655283,0.9394151858080212,0.9370269260116828,0.0,0.0,0.0,0.0,,,,,
attn_cls_seed1112_v1,1112,experiments/attn_cls_seed1112_v1/runs/late_attn_tune/seed_1112/best.pt,4,9.728616793536588e-05,0,1.801083073437771,0.8956756229712585,0.9054074465671432,0.0,0.0,0.0,0.0,,,,,
attn_cls_seed1112_v1,1112,experiments/attn_cls_seed1112_v1/runs/late_attn_tune/seed_1112/best.pt,5,9.397114317029977e-05,0,1.7121215301139332,0.8514715188017515,0.8606500124262872,0.0,0.0,0.0,0.0,0.5538568366884338,0.6700512436690365,0.585384329398643,0.6477649663143233,
attn_cls_seed1112_v1,1112,experiments/attn_cls_seed1112_v1/runs/late_attn_tune/seed_1112/best.pt,6,8.947199994035401e-05,0,1.6884098052978516,0.8334276319664216,0.8549821699891135,0.0,0.0,0.0,0.0,,,,,
attn_cls_seed1112_v1,1112,experiments/attn_cls_seed1112_v1/runs/late_attn_tune/seed_1112/best.pt,7,8.392544243589427e-05,0,1.6659126927919476,0.8177028610327534,0.8482098267457195,0.0,0.0,0.0,0.0,,,,,
attn_cls_seed1112_v1,1112,experiments/attn_cls_seed1112_v1/runs/late_attn_tune/seed_1112/best.pt,8,7.75e-05,0,1.6081793809605536,0.7861387261720462,0.8220406492179799,0.0,0.0,0.0,0.0,,,,,
attn_cls_seed1112_v1,1112,experiments/attn_cls_seed1112_v1/runs/late_attn_tune/seed_1112/best.pt,9,7.03909064496551e-05,0,1.5693624131033357,0.7687191837858931,0.8006432329382852,0.0,0.0,0.0,0.0,,,,,
attn_cls_seed1112_v1,1112,experiments/attn_cls_seed1112_v1/runs/late_attn_tune/seed_1112/best.pt,10,6.281416799501188e-05,0,1.5456134203438447,0.7565378117784162,0.7890756060586912,0.0,0.0,0.0,0.0,0.556851930891724,0.6629140549032879,0.5899826692839585,0.6356126477642517,
attn_cls_seed1112_v1,1112,experiments/attn_cls_seed1112_v1/runs/late_attn_tune/seed_1112/best.pt,11,5.5e-05,0,1.5573858757999457,0.7436718745766399,0.8137139934245671,0.0,0.0,0.0,0.0,,,,,
attn_cls_seed1112_v1,1112,experiments/attn_cls_seed1112_v1/runs/late_attn_tune/seed_1112/best.pt,12,4.7185832004988135e-05,0,1.5167670767998027,0.7360071032960839,0.780759970718455,0.0,0.0,0.0,0.0,,,,,
attn_cls_seed1112_v1,1112,experiments/attn_cls_seed1112_v1/runs/late_attn_tune/seed_1112/best.pt,13,3.960909355034492e-05,0,1.4937333559321466,0.7112949156315527,0.7824384358441718,0.0,0.0,0.0,0.0,,,,,
attn_cls_seed1112_v1,1112,experiments/attn_cls_seed1112_v1/runs/late_attn_tune/seed_1112/best.pt,14,3.250000000000001e-05,0,1.4725713713146815,0.7072196112614926,0.7653517622814,0.0,0.0,0.0,0.0,,,,,
attn_cls_seed1112_v1,1112,experiments/attn_cls_seed1112_v1/runs/late_attn_tune/seed_1112/best.pt,15,2.6074557564105733e-05,0,1.482539231532088,0.7025285313062579,0.780010701618462,0.0,0.0,0.0,0.0,0.5629518808855517,0.6625776761197041,0.6004000126850948,0.635099072779777,
attn_cls_seed1112_v1,1112,experiments/attn_cls_seed1112_v1/runs/late_attn_tune/seed_1112/best.pt,16,2.0528000059646e-05,0,1.4391250008734586,0.6912466549427709,0.7478783509441626,0.0,0.0,0.0,0.0,,,,,
attn_cls_seed1112_v1,1112,experiments/attn_cls_seed1112_v1/runs/late_attn_tune/seed_1112/best.pt,17,1.602885682970027e-05,0,1.442536720605654,0.6880641537849034,0.7544725665422244,0.0,0.0,0.0,0.0,,,,,
attn_cls_seed1112_v1,1112,experiments/attn_cls_seed1112_v1/runs/late_attn_tune/seed_1112/best.pt,18,1.2713832064634127e-05,0,1.4290732941894888,0.6847886473776024,0.744284644305149,0.0,0.0,0.0,0.0,,,,,
attn_cls_seed1112_v1,1112,experiments/attn_cls_seed1112_v1/runs/late_attn_tune/seed_1112/best.pt,19,1.068365111445064e-05,0,1.426773861189869,0.6787889165298961,0.7479849415961827,0.0,0.0,0.0,0.0,,,,,
attn_cls_seed1112_v1,1112,experiments/attn_cls_seed1112_v1/runs/late_attn_tune/seed_1112/best.pt,20,1e-05,0,1.4402462678534962,0.6910075634439415,0.7492387019028174,0.0,0.0,0.0,0.0,0.5614326884025184,0.6639735670686603,0.5989327190553584,0.6353846525950587,
attn_cls_seed1113_v1,1113,experiments/attn_cls_seed1113_v1/runs/late_attn_tune/seed_1113/best.pt,1,5e-05,0,1.128104956907647,1.128104956907647,0.0,0.0,0.0,0.0,0.0,,,,,
attn_cls_seed1113_v1,1113,experiments/attn_cls_seed1113_v1/runs/late_attn_tune/seed_1113/best.pt,2,0.0001,0,1.0295907983156007,1.0295907983156007,0.0,0.0,0.0,0.0,0.0,,,,,
attn_cls_seed1113_v1,1113,experiments/attn_cls_seed1113_v1/runs/late_attn_tune/seed_1113/best.pt,3,9.931634888554937e-05,0,1.89824549951286,0.9445619711252016,0.9536835228171304,0.0,0.0,0.0,0.0,,,,,
attn_cls_seed1113_v1,1113,experiments/attn_cls_seed1113_v1/runs/late_attn_tune/seed_1113/best.pt,4,9.728616793536588e-05,0,1.796793543289755,0.8947547312094787,0.9020388182078568,0.0,0.0,0.0,0.0,,,,,
attn_cls_seed1113_v1,1113,experiments/attn_cls_seed1113_v1/runs/late_attn_tune/seed_1113/best.pt,5,9.397114317029977e-05,0,1.7334430106332368,0.8632538407762474,0.8701891704140422,0.0,0.0,0.0,0.0,0.5528013930262138,0.6597193857060863,0.5808659796545835,0.6316521837146426,
attn_cls_seed1113_v1,1113,experiments/attn_cls_seed1113_v1/runs/late_attn_tune/seed_1113/best.pt,6,8.947199994035401e-05,0,1.7039776015504495,0.8458635032734024,0.8581140927065198,0.0,0.0,0.0,0.0,,,,,
attn_cls_seed1113_v1,1113,experiments/attn_cls_seed1113_v1/runs/late_attn_tune/seed_1113/best.pt,7,8.392544243589427e-05,0,1.64816272147348,0.8128746285616795,0.8352880934688532,0.0,0.0,0.0,0.0,,,,,
attn_cls_seed1113_v1,1113,experiments/attn_cls_seed1113_v1/runs/late_attn_tune/seed_1113/best.pt,8,7.75e-05,0,1.633148486369124,0.8011988947324664,0.8319495871802357,0.0,0.0,0.0,0.0,,,,,
attn_cls_seed1113_v1,1113,experiments/attn_cls_seed1113_v1/runs/late_attn_tune/seed_1113/best.pt,9,7.03909064496551e-05,0,1.5625213629731507,0.7663797006428799,0.7961416556456379,0.0,0.0,0.0,0.0,,,,,
attn_cls_seed1113_v1,1113,experiments/attn_cls_seed1113_v1/runs/late_attn_tune/seed_1113/best.pt,10,6.281416799501188e-05,0,1.5578041934521398,0.7635588907749853,0.7942453065765238,0.0,0.0,0.0,0.0,0.5601865403799037,0.660563932480163,0.5928374286393185,0.6301523721303566,
attn_cls_seed1113_v1,1113,experiments/attn_cls_seed1113_v1/runs/late_attn_tune/seed_1113/best.pt,11,5.5e-05,0,1.532440930883461,0.7417196623075788,0.7907212666261976,0.0,0.0,0.0,0.0,,,,,
attn_cls_seed1113_v1,1113,experiments/attn_cls_seed1113_v1/runs/late_attn_tune/seed_1113/best.pt,12,4.7185832004988135e-05,0,1.5274573854196851,0.7331216672313547,0.7943357195809623,0.0,0.0,0.0,0.0,,,,,
attn_cls_seed1113_v1,1113,experiments/attn_cls_seed1113_v1/runs/late_attn_tune/seed_1113/best.pt,13,3.960909355034492e-05,0,1.487482716825521,0.711780514115485,0.775702202152983,0.0,0.0,0.0,0.0,,,,,
attn_cls_seed1113_v1,1113,experiments/attn_cls_seed1113_v1/runs/late_attn_tune/seed_1113/best.pt,14,3.250000000000001e-05,0,1.4648773742613392,0.7066242641934725,0.7582531103463931,0.0,0.0,0.0,0.0,,,,,
attn_cls_seed1113_v1,1113,experiments/attn_cls_seed1113_v1/runs/late_attn_tune/seed_1113/best.pt,15,2.6074557564105733e-05,0,1.4805002056549643,0.7005282317366556,0.7799719666766229,0.0,0.0,0.0,0.0,0.562362040549949,0.6601461736307865,0.606543735108313,0.6272593527321658,
attn_cls_seed1113_v1,1113,experiments/attn_cls_seed1113_v1/runs/late_attn_tune/seed_1113/best.pt,16,2.0528000059646e-05,0,1.4389755386058416,0.6840747876145016,0.7549007507128136,0.0,0.0,0.0,0.0,,,,,
attn_cls_seed1113_v1,1113,experiments/attn_cls_seed1113_v1/runs/late_attn_tune/seed_1113/best.pt,17,1.602885682970027e-05,0,1.4298829909797026,0.6797474700713826,0.7501355167304244,0.0,0.0,0.0,0.0,,,,,
attn_cls_seed1113_v1,1113,experiments/attn_cls_seed1113_v1/runs/late_attn_tune/seed_1113/best.pt,18,1.2713832064634127e-05,0,1.4424881400348983,0.684171599762462,0.7583165391583309,0.0,0.0,0.0,0.0,,,,,
attn_cls_seed1113_v1,1113,experiments/attn_cls_seed1113_v1/runs/late_attn_tune/seed_1113/best.pt,19,1.068365111445064e-05,0,1.418857187311226,0.6786561154316519,0.7402010693728367,0.0,0.0,0.0,0.0,,,,,
attn_cls_seed1113_v1,1113,experiments/attn_cls_seed1113_v1/runs/late_attn_tune/seed_1113/best.pt,20,1e-05,0,1.4211109692805282,0.67413156082697,0.7469794053897679,0.0,0.0,0.0,0.0,0.56069339930498,0.659386363792446,0.597978436657682,0.6269794057988802,
attn_embeddings_v1,1111,experiments/attn_embeddings_v1/runs/late_attn_tune/seed_1111/best.pt,1,5e-05,0,1.1325542392017685,1.1325542392017685,0.0,0.0,0.0,0.0,0.0,,,,,
attn_embeddings_v1,1111,experiments/attn_embeddings_v1/runs/late_attn_tune/seed_1111/best.pt,2,0.0001,0,1.0418749680028898,1.0418749680028898,0.0,0.0,0.0,0.0,0.0,,,,,
attn_embeddings_v1,1111,experiments/attn_embeddings_v1/runs/late_attn_tune/seed_1111/best.pt,3,9.931634888554937e-05,0,1.905731784963162,0.951686542167842,0.9540452416812149,0.0,0.0,0.0,0.0,,,,,
attn_embeddings_v1,1111,experiments/attn_embeddings_v1/runs/late_attn_tune/seed_1111/best.pt,4,9.728616793536588e-05,0,1.7891514579826426,0.8904774188995361,0.8986740435395285,0.0,0.0,0.0,0.0,,,,,
attn_embeddings_v1,1111,experiments/attn_embeddings_v1/runs/late_attn_tune/seed_1111/best.pt,5,9.397114317029977e-05,0,1.7086263293417814,0.8502381800491119,0.8583881509638278,0.0,0.0,0.0,0.0,0.5381109518127486,0.6758891131492206,0.5649325126920487,0.6519488671191349,
attn_embeddings_v1,1111,experiments/attn_embeddings_v1/runs/late_attn_tune/seed_1111/best.pt,6,8.947199994035401e-05,0,1.6509443064716374,0.8145488717845667,0.836395436358229,0.0,0.0,0.0,0.0,,,,,
attn_embeddings_v1,1111,experiments/attn_embeddings_v1/runs/late_attn_tune/seed_1111/best.pt,7,8.392544243589427e-05,0,1.5916058972617175,0.7850784865495201,0.8065274109907239,0.0,0.0,0.0,0.0,,,,,
attn_embeddings_v1,1111,experiments/attn_embeddings_v1/runs/late_attn_tune/seed_1111/best.pt,8,7.75e-05,0,1.5498520291854287,0.7631949746163091,0.7866570520623822,0.0,0.0,0.0,0.0,,,,,
attn_embeddings_v1,1111,experiments/attn_embeddings_v1/runs/late_attn_tune/seed_1111/best.pt,9,7.03909064496551e-05,0,1.501253770890637,0.730631587382789,0.7706221846219535,0.0,0.0,0.0,0.0,,,,,
attn_embeddings_v1,1111,experiments/attn_embeddings_v1/runs/late_attn_tune/seed_1111/best.pt,10,6.281416799501188e-05,0,1.4355998033675077,0.6980752552224097,0.7375245450813079,0.0,0.0,0.0,0.0,0.5537269411411806,0.676396122690064,0.5849077540118465,0.6493722894970982,
attn_embeddings_v1,1111,experiments/attn_embeddings_v1/runs/late_attn_tune/seed_1111/best.pt,11,5.5e-05,0,1.4440289674518263,0.6909227624674824,0.7531062019205539,0.0,0.0,0.0,0.0,,,,,
attn_embeddings_v1,1111,experiments/attn_embeddings_v1/runs/late_attn_tune/seed_1111/best.pt,12,4.7185832004988135e-05,0,1.409085429717447,0.6743957882172593,0.7346896453995571,0.0,0.0,0.0,0.0,,,,,
attn_embeddings_v1,1111,experiments/attn_embeddings_v1/runs/late_attn_tune/seed_1111/best.pt,13,3.960909355034492e-05,0,1.394297271688408,0.6618445568552641,0.7324527142760909,0.0,0.0,0.0,0.0,,,,,
attn_embeddings_v1,1111,experiments/attn_embeddings_v1/runs/late_attn_tune/seed_1111/best.pt,14,3.250000000000001e-05,0,1.3658018830780672,0.6462111634628795,0.7195907229575041,0.0,0.0,0.0,0.0,,,,,
attn_embeddings_v1,1111,experiments/attn_embeddings_v1/runs/late_attn_tune/seed_1111/best.pt,15,2.6074557564105733e-05,0,1.3680290239993658,0.6302867417580613,0.7377422800130933,0.0,0.0,0.0,0.0,0.5575167998921008,0.6719295292513956,0.5829613510396905,0.641732582374371,
attn_embeddings_v1,1111,experiments/attn_embeddings_v1/runs/late_attn_tune/seed_1111/best.pt,16,2.0528000059646e-05,0,1.3324689413899573,0.6301559176400443,0.7023130284848614,0.0,0.0,0.0,0.0,,,,,
attn_embeddings_v1,1111,experiments/attn_embeddings_v1/runs/late_attn_tune/seed_1111/best.pt,17,1.602885682970027e-05,0,1.3220328103716128,0.6191290020942688,0.7029038188613463,0.0,0.0,0.0,0.0,,,,,
attn_embeddings_v1,1111,experiments/attn_embeddings_v1/runs/late_attn_tune/seed_1111/best.pt,18,1.2713832064634127e-05,0,1.316028918061301,0.6176897184314015,0.6983391976802149,0.0,0.0,0.0,0.0,,,,,
attn_embeddings_v1,1111,experiments/attn_embeddings_v1/runs/late_attn_tune/seed_1111/best.pt,19,1.068365111445064e-05,0,1.3053911133347271,0.6144863481276504,0.6909047638144449,0.0,0.0,0.0,0.0,,,,,
attn_embeddings_v1,1111,experiments/attn_embeddings_v1/runs/late_attn_tune/seed_1111/best.pt,20,1e-05,0,1.2964533127356912,0.6109939568510679,0.6854593550490442,0.0,0.0,0.0,0.0,0.5543797971884474,0.6793080123788702,0.5755704437127861,0.6490622011933138,
attn_feature_kd0.2_v1,1111,experiments/attn_feature_kd0.2_v1/runs/late_attn_tune/seed_1111/best.pt,1,5e-05,0,1.4827894083807402,1.4827894083807402,0.0,0.0,0.0,0.0,0.0,,,,,
attn_feature_kd0.2_v1,1111,experiments/attn_feature_kd0.2_v1/runs/late_attn_tune/seed_1111/best.pt,2,0.0001,0,1.3629285776726554,1.3629285776726554,0.0,0.0,0.0,0.0,0.0,,,,,
attn_feature_kd0.2_v1,1111,experiments/attn_feature_kd0.2_v1/runs/late_attn_tune/seed_1111/best.pt,3,9.931634888554937e-05,0,2.5374194528454934,1.2543005960009923,1.279113151202692,0.0,0.0,0.0,0.2002854184291073,,,,,
attn_feature_kd0.2_v1,1111,experiments/attn_feature_kd0.2_v1/runs/late_attn_tune/seed_1111/best.pt,4,9.728616793536588e-05,0,2.37804588981878,1.1678693818154735,1.2037490611878512,0.0,0.0,0.0,0.1606859524394864,,,,,
attn_feature_kd0.2_v1,1111,experiments/attn_feature_kd0.2_v1/runs/late_attn_tune/seed_1111/best.pt,5,9.397114317029977e-05,0,2.280315194174508,1.1119414896608513,1.1599542626710695,0.0,0.0,0.0,0.1403239032723636,0.5346265781592293,0.6553986517271421,0.5552224009880877,0.6276094992462786,
attn_feature_kd0.2_v1,1111,experiments/attn_feature_kd0.2_v1/runs/late_attn_tune/seed_1111/best.pt,6,8.947199994035401e-05,0,2.2248875526624303,1.0753967851121848,1.1385718734464914,0.0,0.0,0.0,0.1364861293652347,,,,,
attn_feature_kd0.2_v1,1111,experiments/attn_feature_kd0.2_v1/runs/late_attn_tune/seed_1111/best.pt,7,8.392544243589427e-05,0,2.159405496632941,1.0403310818092846,1.105847723016115,0.0,0.0,0.0,0.1322668925554395,,,,,
attn_feature_kd0.2_v1,1111,experiments/attn_feature_kd0.2_v1/runs/late_attn_tune/seed_1111/best.pt,8,7.75e-05,0,2.110477419657128,1.0155566797078213,1.0795937904687685,0.0,0.0,0.0,0.1277245023052826,,,,,
attn_feature_kd0.2_v1,1111,experiments/attn_feature_kd0.2_v1/runs/late_attn_tune/seed_1111/best.pt,9,7.03909064496551e-05,0,2.06638658158133,0.9845426689798586,1.0640938889200442,0.0,0.0,0.0,0.1267858609974941,,,,,
attn_feature_kd0.2_v1,1111,experiments/attn_feature_kd0.2_v1/runs/late_attn_tune/seed_1111/best.pt,10,6.281416799501188e-05,0,2.002794591622932,0.947260520168554,1.0350765691739376,0.0,0.0,0.0,0.1278593063911545,0.5570986622158173,0.6642025686449013,0.5920368216088547,0.6365470035701407,
attn_feature_kd0.2_v1,1111,experiments/attn_feature_kd0.2_v1/runs/late_attn_tune/seed_1111/best.pt,11,5.5e-05,0,2.002526361251546,0.945686540871023,1.0333968735186854,0.0,0.0,0.0,0.1302385860096628,,,,,
attn_feature_kd0.2_v1,1111,experiments/attn_feature_kd0.2_v1/runs/late_attn_tune/seed_1111/best.pt,12,4.7185832004988135e-05,0,1.9902411097678068,0.9288126971120032,1.0346337879929588,0.0,0.0,0.0,0.1339731463970982,,,,,
attn_feature_kd0.2_v1,1111,experiments/attn_feature_kd0.2_v1/runs/late_attn_tune/seed_1111/best.pt,13,3.960909355034492e-05,0,1.9535762327853765,0.9179125160814444,1.0097705326347708,0.0,0.0,0.0,0.1294658569810546,,,,,
attn_feature_kd0.2_v1,1111,experiments/attn_feature_kd0.2_v1/runs/late_attn_tune/seed_1111/best.pt,14,3.250000000000001e-05,0,1.914917706329132,0.8974077606869635,0.9916547102348828,0.0,0.0,0.0,0.1292761999800383,,,,,
attn_feature_kd0.2_v1,1111,experiments/attn_feature_kd0.2_v1/runs/late_attn_tune/seed_1111/best.pt,15,2.6074557564105733e-05,0,1.932631275364172,0.8819003110734102,1.024206223888932,0.0,0.0,0.0,0.1326237233991029,0.5601842000567626,0.6625652660964562,0.5977537063303859,0.6335861654326916,
attn_feature_kd0.2_v1,1111,experiments/attn_feature_kd0.2_v1/runs/late_attn_tune/seed_1111/best.pt,16,2.0528000059646e-05,0,1.891962368911672,0.8810532700235598,0.9846624236240564,0.0,0.0,0.0,0.131233420327445,,,,,
attn_feature_kd0.2_v1,1111,experiments/attn_feature_kd0.2_v1/runs/late_attn_tune/seed_1111/best.pt,17,1.602885682970027e-05,0,1.883051190420846,0.8725383693926803,0.9839615760562576,0.0,0.0,0.0,0.1327562361398589,,,,,
attn_feature_kd0.2_v1,1111,experiments/attn_feature_kd0.2_v1/runs/late_attn_tune/seed_1111/best.pt,18,1.2713832064634127e-05,0,1.8892006049646397,0.8772295407045667,0.9853701318535848,0.0,0.0,0.0,0.1330046703882306,,,,,
attn_feature_kd0.2_v1,1111,experiments/attn_feature_kd0.2_v1/runs/late_attn_tune/seed_1111/best.pt,19,1.068365111445064e-05,0,1.880114593238474,0.8701396523235,0.9824395834285522,0.0,0.0,0.0,0.1376767212472786,,,,,
attn_feature_kd0.2_v1,1111,experiments/attn_feature_kd0.2_v1/runs/late_attn_tune/seed_1111/best.pt,20,1e-05,0,1.879333198627579,0.8762097899044785,0.9779466067519144,0.0,0.0,0.0,0.1258840413294105,0.5606251884644036,0.6662031375311552,0.5966468939518584,0.6373735755310358,
attn_feature_kd0_v1,1111,experiments/attn_feature_kd0_v1/runs/late_attn_tune/seed_1111/best.pt,1,5e-05,0,1.4827894083807402,1.4827894083807402,0.0,0.0,0.0,0.0,0.0,,,,,
attn_feature_kd0_v1,1111,experiments/attn_feature_kd0_v1/runs/late_attn_tune/seed_1111/best.pt,2,0.0001,0,1.3629285776726554,1.3629285776726554,0.0,0.0,0.0,0.0,0.0,,,,,
attn_feature_kd0_v1,1111,experiments/attn_feature_kd0_v1/runs/late_attn_tune/seed_1111/best.pt,3,9.931634888554937e-05,0,2.533609265478972,1.2544063051170278,1.2792029620331025,0.0,0.0,0.0,0.2003541521936933,,,,,
attn_feature_kd0_v1,1111,experiments/attn_feature_kd0_v1/runs/late_attn_tune/seed_1111/best.pt,4,9.728616793536588e-05,0,2.37207220313705,1.1681159082974228,1.2039562914973108,0.0,0.0,0.0,0.1608624637962501,,,,,
attn_feature_kd0_v1,1111,experiments/attn_feature_kd0_v1/runs/late_attn_tune/seed_1111/best.pt,5,9.397114317029977e-05,0,2.2725901091210194,1.1123240322710195,1.1602660801923164,0.0,0.0,0.0,0.1406081445584787,0.5345536875429455,0.6557471130785909,0.5552224009880877,0.6280483250195354,
attn_feature_kd0_v1,1111,experiments/attn_feature_kd0_v1/runs/late_attn_tune/seed_1111/best.pt,6,8.947199994035401e-05,0,2.2145008829152477,1.0756856359053997,1.1388152364258457,0.0,0.0,0.0,0.1368424710687076,,,,,
attn_feature_kd0_v1,1111,experiments/attn_feature_kd0_v1/runs/late_attn_tune/seed_1111/best.pt,7,8.392544243589427e-05,0,2.146298248077108,1.0403175983473518,1.1059806642131271,0.0,0.0,0.0,0.132710806085406,,,,,
attn_feature_kd0_v1,1111,experiments/attn_feature_kd0_v1/runs/late_attn_tune/seed_1111/best.pt,8,7.75e-05,0,2.0951976553301943,1.0154354483167702,1.0797622064563717,0.0,0.0,0.0,0.1285413501557902,,,,,
attn_feature_kd0_v1,1111,experiments/attn_feature_kd0_v1/runs/late_attn_tune/seed_1111/best.pt,9,7.03909064496551e-05,0,2.048363687836121,0.9842386100893824,1.06412507997495,0.0,0.0,0.0,0.1278145334848733,,,,,
attn_feature_kd0_v1,1111,experiments/attn_feature_kd0_v1/runs/late_attn_tune/seed_1111/best.pt,10,6.281416799501188e-05,0,1.982070358000069,0.9468721151351928,1.0351982328379266,0.0,0.0,0.0,0.1294890065616536,0.55706524122167,0.6654963924221428,0.5900524869205026,0.6380697611423854,
attn_feature_kd0_v1,1111,experiments/attn_feature_kd0_v1/runs/late_attn_tune/seed_1111/best.pt,11,5.5e-05,0,1.9782546959190723,0.9449097820531542,1.0333449222217097,0.0,0.0,0.0,0.1320279316506653,,,,,
attn_feature_kd0_v1,1111,experiments/attn_feature_kd0_v1/runs/late_attn_tune/seed_1111/best.pt,12,4.7185832004988135e-05,0,1.962614237705124,0.9278485875263393,1.03476565129289,0.0,0.0,0.0,0.1363703519384437,,,,,
attn_feature_kd0_v1,1111,experiments/attn_feature_kd0_v1/runs/late_attn_tune/seed_1111/best.pt,13,3.960909355034492e-05,0,1.926017337870375,0.9166576711930962,1.0093596594355931,0.0,0.0,0.0,0.1320956210457833,,,,,
attn_feature_kd0_v1,1111,experiments/attn_feature_kd0_v1/runs/late_attn_tune/seed_1111/best.pt,14,3.250000000000001e-05,0,1.887202181548716,0.8960611931631498,0.9911409783586164,0.0,0.0,0.0,0.1319472472592492,,,,,
attn_feature_kd0_v1,1111,experiments/attn_feature_kd0_v1/runs/late_attn_tune/seed_1111/best.pt,15,2.6074557564105733e-05,0,1.9043575113064772,0.8801685059181997,1.0241890126299635,0.0,0.0,0.0,0.1356115756364904,0.5601819167632889,0.6643666879665125,0.5972702941489352,0.635535148220747,
attn_feature_kd0_v1,1111,experiments/attn_feature_kd0_v1/runs/late_attn_tune/seed_1111/best.pt,16,2.0528000059646e-05,0,1.8635152433520168,0.8791858826842264,0.9843293612248428,0.0,0.0,0.0,0.1345513292422918,,,,,
attn_feature_kd0_v1,1111,experiments/attn_feature_kd0_v1/runs/late_attn_tune/seed_1111/best.pt,17,1.602885682970027e-05,0,1.854366403873836,0.8707450906807017,0.9836213154213452,0.0,0.0,0.0,0.1362693088355465,,,,,
attn_feature_kd0_v1,1111,experiments/attn_feature_kd0_v1/runs/late_attn_tune/seed_1111/best.pt,18,1.2713832064634127e-05,0,1.8608337061427465,0.8754857032098503,0.9853479979194212,0.0,0.0,0.0,0.136686010268804,,,,,
attn_feature_kd0_v1,1111,experiments/attn_feature_kd0_v1/runs/late_attn_tune/seed_1111/best.pt,19,1.068365111445064e-05,0,1.850644840258304,0.8682265668828911,0.9824182669693065,0.0,0.0,0.0,0.1415525455480424,,,,,
attn_feature_kd0_v1,1111,experiments/attn_feature_kd0_v1/runs/late_attn_tune/seed_1111/best.pt,20,1e-05,0,1.8521410483066167,0.8744713441233769,0.9776697136531366,0.0,0.0,0.0,0.1295050559478385,0.5595771056122493,0.6687083477501005,0.5966468939518584,0.640096622339455,
attn_feature_kd1.0_v1,1111,experiments/attn_feature_kd1.0_v1/runs/late_attn_tune/seed_1111/best.pt,1,5e-05,0,1.4827894083807402,1.4827894083807402,0.0,0.0,0.0,0.0,0.0,,,,,
attn_feature_kd1.0_v1,1111,experiments/attn_feature_kd1.0_v1/runs/late_attn_tune/seed_1111/best.pt,2,0.0001,0,1.3629285776726554,1.3629285776726554,0.0,0.0,0.0,0.0,0.0,,,,,
attn_feature_kd1.0_v1,1111,experiments/attn_feature_kd1.0_v1/runs/late_attn_tune/seed_1111/best.pt,3,9.931634888554937e-05,0,2.5526622422387666,1.2538927314437438,1.2787674381354144,0.0,0.0,0.0,0.2000205670004693,,,,,
attn_feature_kd1.0_v1,1111,experiments/attn_feature_kd1.0_v1/runs/late_attn_tune/seed_1111/best.pt,4,9.728616793536588e-05,0,2.401903319581647,1.1669369997265182,1.2029631577919575,0.0,0.0,0.0,0.1600158176968031,,,,,
attn_feature_kd1.0_v1,1111,experiments/attn_feature_kd1.0_v1/runs/late_attn_tune/seed_1111/best.pt,5,9.397114317029977e-05,0,2.31124134932723,1.110602950938394,1.1588506737602091,0.0,0.0,0.0,0.1392923964483437,0.5346712417336293,0.6542028601760648,0.5549989847868427,0.6261931037941915,
attn_feature_kd1.0_v1,1111,experiments/attn_feature_kd1.0_v1/runs/late_attn_tune/seed_1111/best.pt,6,8.947199994035401e-05,0,2.266379825422697,1.074481375863619,1.1378098898958935,0.0,0.0,0.0,0.1352213882606163,,,,,
attn_feature_kd1.0_v1,1111,experiments/attn_feature_kd1.0_v1/runs/late_attn_tune/seed_1111/best.pt,7,8.392544243589427e-05,0,2.2114025510360147,1.0405256558801526,1.1055295272408243,0.0,0.0,0.0,0.1306947336018642,,,,,
attn_feature_kd1.0_v1,1111,experiments/attn_feature_kd1.0_v1/runs/late_attn_tune/seed_1111/best.pt,8,7.75e-05,0,2.170704467274318,1.0163874147094298,1.0793467787938698,0.0,0.0,0.0,0.1249504530123461,,,,,
attn_feature_kd1.0_v1,1111,experiments/attn_feature_kd1.0_v1/runs/late_attn_tune/seed_1111/best.pt,9,7.03909064496551e-05,0,2.1370427797887928,0.9861509504719316,1.0645124065541776,0.0,0.0,0.0,0.1233991932506873,,,,,
attn_feature_kd1.0_v1,1111,experiments/attn_feature_kd1.0_v1/runs/late_attn_tune/seed_1111/best.pt,10,6.281416799501188e-05,0,2.0835454202143944,0.9496816736515438,1.035654131497178,0.0,0.0,0.0,0.1227620112770628,0.5570041534184904,0.6602416861494483,0.5895053085003487,0.6317811634915735,
attn_feature_kd1.0_v1,1111,experiments/attn_feature_kd1.0_v1/runs/late_attn_tune/seed_1111/best.pt,11,5.5e-05,0,2.0959748976698545,0.94932185767967,1.0344965909128991,0.0,0.0,0.0,0.1246182618088254,,,,,
attn_feature_kd1.0_v1,1111,experiments/attn_feature_kd1.0_v1/runs/late_attn_tune/seed_1111/best.pt,12,4.7185832004988135e-05,0,2.096600835568437,0.9338028057713376,1.0359089123868497,0.0,0.0,0.0,0.1268891066173526,,,,,
attn_feature_kd1.0_v1,1111,experiments/attn_feature_kd1.0_v1/runs/late_attn_tune/seed_1111/best.pt,13,3.960909355034492e-05,0,2.05852707524166,0.9239746978349774,1.0128664831134762,0.0,0.0,0.0,0.1216858944324689,,,,,
attn_feature_kd1.0_v1,1111,experiments/attn_feature_kd1.0_v1/runs/late_attn_tune/seed_1111/best.pt,14,3.250000000000001e-05,0,2.02058282188166,0.903947983389703,0.9951984119192462,0.0,0.0,0.0,0.1214364387234237,,,,,
attn_feature_kd1.0_v1,1111,experiments/attn_feature_kd1.0_v1/runs/late_attn_tune/seed_1111/best.pt,15,2.6074557564105733e-05,0,2.040168322135355,0.8898217750486926,1.026420340359768,0.0,0.0,0.0,0.1239262110614609,0.5609385385776215,0.6573767111777238,0.5934586193121311,0.6281539716412106,
attn_feature_kd1.0_v1,1111,experiments/attn_feature_kd1.0_v1/runs/late_attn_tune/seed_1111/best.pt,16,2.0528000059646e-05,0,1.9994454461837483,0.8897640816519193,0.988116499976577,0.0,0.0,0.0,0.1215648542671838,,,,,
attn_feature_kd1.0_v1,1111,experiments/attn_feature_kd1.0_v1/runs/late_attn_tune/seed_1111/best.pt,17,1.602885682970027e-05,0,1.9913818145466744,0.8811633380774025,0.98761939111157,0.0,0.0,0.0,0.1225990866807019,,,,,
attn_feature_kd1.0_v1,1111,experiments/attn_feature_kd1.0_v1/runs/late_attn_tune/seed_1111/best.pt,18,1.2713832064634127e-05,0,1.996244999849908,0.8857425768798757,0.9881430647083532,0.0,0.0,0.0,0.1223593413063856,,,,,
attn_feature_kd1.0_v1,1111,experiments/attn_feature_kd1.0_v1/runs/late_attn_tune/seed_1111/best.pt,19,1.068365111445064e-05,0,1.9909216276953157,0.8791818546357556,0.985240158633651,0.0,0.0,0.0,0.1264996175941463,,,,,
attn_feature_kd1.0_v1,1111,experiments/attn_feature_kd1.0_v1/runs/late_attn_tune/seed_1111/best.pt,20,1e-05,0,1.9819782125615628,0.8847681824291977,0.9816337656751972,0.0,0.0,0.0,0.115576272325538,0.5614906486542728,0.6590918301061586,0.5905245014392334,0.6296139598694875,
attn_gridmix_reg1_30_v1,1111,experiments/attn_gridmix_reg1_30_v1/runs/late_attn_tune/seed_1111/best.pt,1,5e-05,0,1.4827894083807402,1.4827894083807402,0.0,0.0,0.0,0.0,0.0,,,,,
attn_gridmix_reg1_30_v1,1111,experiments/attn_gridmix_reg1_30_v1/runs/late_attn_tune/seed_1111/best.pt,2,0.0001,0,1.3629285776726554,1.3629285776726554,0.0,0.0,0.0,0.0,0.0,,,,,
attn_gridmix_reg1_30_v1,1111,experiments/attn_gridmix_reg1_30_v1/runs/late_attn_tune/seed_1111/best.pt,3,9.971704944519592e-05,0,2.533390421733678,1.2542902726993383,1.2791001456920232,0.0,0.0,0.0,0.0,,,,,
attn_gridmix_reg1_30_v1,1111,experiments/attn_gridmix_reg1_30_v1/runs/late_attn_tune/seed_1111/best.pt,4,9.887175604818206e-05,0,2.3713447334610414,1.1677291978185422,1.2036155306290244,0.0,0.0,0.0,0.0,,,,,
attn_gridmix_reg1_30_v1,1111,experiments/attn_gridmix_reg1_30_v1/runs/late_attn_tune/seed_1111/best.pt,5,9.747474986387654e-05,0,2.2709035851130976,1.1112923739112426,1.159611213430066,0.0,0.0,0.0,0.0,0.5351817278487845,0.6551131848216897,0.5537254226022162,0.6271941286037103,
attn_gridmix_reg1_30_v1,1111,experiments/attn_gridmix_reg1_30_v1/runs/late_attn_tune/seed_1111/best.pt,6,9.554359905560886e-05,0,2.1993884193563016,1.0730572899925377,1.1263311237932363,0.0,0.0,0.0,0.0,,,,,
attn_gridmix_reg1_30_v1,1111,experiments/attn_gridmix_reg1_30_v1/runs/late_attn_tune/seed_1111/best.pt,7,9.31025889652728e-05,0,2.1326182612748905,1.0376134793335032,1.0950047847266509,0.0,0.0,0.0,0.0,,,,,
attn_gridmix_reg1_30_v1,1111,experiments/attn_gridmix_reg1_30_v1/runs/late_attn_tune/seed_1111/best.pt,8,9.018241671106137e-05,0,2.0874433662289773,1.0106164651496388,1.0768268943947052,0.0,0.0,0.0,0.0,,,,,
attn_gridmix_reg1_30_v1,1111,experiments/attn_gridmix_reg1_30_v1/runs/late_attn_tune/seed_1111/best.pt,9,8.681980515339464e-05,0,2.034081537032796,0.9765602294529708,1.0575213031234028,0.0,0.0,0.0,0.0,,,,,
attn_gridmix_reg1_30_v1,1111,experiments/attn_gridmix_reg1_30_v1/runs/late_attn_tune/seed_1111/best.pt,10,8.305704108364301e-05,0,1.962195457699143,0.9354846336852723,1.026710823039028,0.0,0.0,0.0,0.0,0.559989655718869,0.665700298083282,0.5933723183390954,0.6380641496676956,
attn_gridmix_reg1_30_v1,1111,experiments/attn_gridmix_reg1_30_v1/runs/late_attn_tune/seed_1111/best.pt,11,7.894144344319016e-05,0,1.9373807238641183,0.9294968548222124,1.0078838695989591,0.0,0.0,0.0,0.0,,,,,
attn_gridmix_reg1_30_v1,1111,experiments/attn_gridmix_reg1_30_v1/runs/late_attn_tune/seed_1111/best.pt,12,7.452476826029012e-05,0,1.9093208524668328,0.9072367894315274,1.002084059692989,0.0,0.0,0.0,0.0,,,,,
attn_gridmix_reg1_30_v1,1111,experiments/attn_gridmix_reg1_30_v1/runs/late_attn_tune/seed_1111/best.pt,13,6.986255778798253e-05,0,1.866895308004361,0.8894196720880883,0.9774756325739566,0.0,0.0,0.0,0.0,,,,,
attn_gridmix_reg1_30_v1,1111,experiments/attn_gridmix_reg1_30_v1/runs/late_attn_tune/seed_1111/best.pt,14,6.501344202803415e-05,0,1.8164858834765785,0.8628033655826176,0.953682519008066,0.0,0.0,0.0,0.0,,,,,
attn_gridmix_reg1_30_v1,1111,experiments/attn_gridmix_reg1_30_v1/runs/late_attn_tune/seed_1111/best.pt,15,6.003840142464884e-05,0,1.8328643290796007,0.8383013923591542,0.9945629322640248,0.0,0.0,0.0,0.0,0.557248847113548,0.6713397355675387,0.5901099244019307,0.6447614510594816,
attn_gridmix_reg1_30_v1,1111,experiments/attn_gridmix_reg1_30_v1/runs/late_attn_tune/seed_1111/best.pt,16,5.5e-05,0,1.777791995868505,0.8297442905256681,0.9480477047857836,0.0,0.0,0.0,0.0,,,,,
attn_gridmix_reg1_30_v1,1111,experiments/attn_gridmix_reg1_30_v1/runs/late_attn_tune/seed_1111/best.pt,17,4.996159857535116e-05,0,1.7510590018513046,0.8111290352366795,0.9399299721851528,0.0,0.0,0.0,0.0,,,,,
attn_gridmix_reg1_30_v1,1111,experiments/attn_gridmix_reg1_30_v1/runs/late_attn_tune/seed_1111/best.pt,18,4.498655797196586e-05,0,1.7464908250024385,0.8094511862113097,0.9370396415763926,0.0,0.0,0.0,0.0,,,,,
attn_gridmix_reg1_30_v1,1111,experiments/attn_gridmix_reg1_30_v1/runs/late_attn_tune/seed_1111/best.pt,19,4.013744221201748e-05,0,1.7195222723149808,0.7946686956369988,0.9248535775135612,0.0,0.0,0.0,0.0,,,,,
attn_gridmix_reg1_30_v1,1111,experiments/attn_gridmix_reg1_30_v1/runs/late_attn_tune/seed_1111/best.pt,20,3.547523173970989e-05,0,1.7000897420901004,0.787476665505739,0.9126130715708868,0.0,0.0,0.0,0.0,0.5533129220353404,0.6807899050137001,0.5835971349987027,0.651206666478474,
attn_gridmix_reg1_30_v1,1111,experiments/attn_gridmix_reg1_30_v1/runs/late_attn_tune/seed_1111/best.pt,21,3.105855655680986e-05,0,1.6781828849115104,0.7706654202715258,0.9075174638044056,0.0,0.0,0.0,0.0,,,,,
attn_gridmix_reg1_30_v1,1111,experiments/attn_gridmix_reg1_30_v1/runs/late_attn_tune/seed_1111/best.pt,22,2.6942958916357e-05,0,1.6648609537944616,0.7623030340003076,0.9025579167303638,0.0,0.0,0.0,0.0,,,,,
attn_gridmix_reg1_30_v1,1111,experiments/attn_gridmix_reg1_30_v1/runs/late_attn_tune/seed_1111/best.pt,23,2.3180194846605367e-05,0,1.6502605175303522,0.745387628535244,0.9048728870454236,0.0,0.0,0.0,0.0,,,,,
attn_gridmix_reg1_30_v1,1111,experiments/attn_gridmix_reg1_30_v1/runs/late_attn_tune/seed_1111/best.pt,24,1.9817583288938674e-05,0,1.6231091089337786,0.7430800246858151,0.8800290828553315,0.0,0.0,0.0,0.0,,,,,
attn_gridmix_reg1_30_v1,1111,experiments/attn_gridmix_reg1_30_v1/runs/late_attn_tune/seed_1111/best.pt,25,1.6897411034727214e-05,0,1.6140088188313992,0.7418655017826045,0.8721433192770057,0.0,0.0,0.0,0.0,0.5543663323104341,0.6837879624065832,0.5898886222733026,0.6570345089400819,
attn_gridmix_reg1_30_v1,1111,experiments/attn_gridmix_reg1_30_v1/runs/late_attn_tune/seed_1111/best.pt,26,1.4456400944391144e-05,0,1.59476949845519,0.7258556855616168,0.8689138152610476,0.0,0.0,0.0,0.0,,,,,
attn_gridmix_reg1_30_v1,1111,experiments/attn_gridmix_reg1_30_v1/runs/late_attn_tune/seed_1111/best.pt,27,1.252525013612346e-05,0,1.586510019881703,0.7271622143616187,0.859347803013347,0.0,0.0,0.0,0.0,,,,,
attn_gridmix_reg1_30_v1,1111,experiments/attn_gridmix_reg1_30_v1/runs/late_attn_tune/seed_1111/best.pt,28,1.1128243951817932e-05,0,1.6040146038911054,0.723689820164832,0.8803247887397481,0.0,0.0,0.0,0.0,,,,,
attn_gridmix_reg1_30_v1,1111,experiments/attn_gridmix_reg1_30_v1/runs/late_attn_tune/seed_1111/best.pt,29,1.0282950554804085e-05,0,1.595971986512157,0.7338249978618087,0.8621469933852971,0.0,0.0,0.0,0.0,,,,,
attn_gridmix_reg1_30_v1,1111,experiments/attn_gridmix_reg1_30_v1/runs/late_attn_tune/seed_1111/best.pt,30,1e-05,0,1.589572776143796,0.7169196466419184,0.8726531328441941,0.0,0.0,0.0,0.0,0.5533444445548305,0.6825883089515474,0.5880215778331968,0.6555901832504717,
attn_gridmix_reg1_clip3_v1,1111,experiments/attn_gridmix_reg1_clip3_v1/runs/late_attn_tune/seed_1111/best.pt,1,5e-05,0,1.4828417802525458,1.4828417802525458,0.0,0.0,0.0,0.0,0.0,,,,,
attn_gridmix_reg1_clip3_v1,1111,experiments/attn_gridmix_reg1_clip3_v1/runs/late_attn_tune/seed_1111/best.pt,2,0.0001,0,1.362725635555303,1.362725635555303,0.0,0.0,0.0,0.0,0.0,,,,,
attn_gridmix_reg1_clip3_v1,1111,experiments/attn_gridmix_reg1_clip3_v1/runs/late_attn_tune/seed_1111/best.pt,3,9.931634888554937e-05,0,2.533525685283625,1.25437268921148,1.2791529938439343,0.0,0.0,0.0,0.0,,,,,
attn_gridmix_reg1_clip3_v1,1111,experiments/attn_gridmix_reg1_clip3_v1/runs/late_attn_tune/seed_1111/best.pt,4,9.728616793536588e-05,0,2.3720520266862675,1.1680491115445288,1.2040029123564746,0.0,0.0,0.0,0.0,,,,,
attn_gridmix_reg1_clip3_v1,1111,experiments/attn_gridmix_reg1_clip3_v1/runs/late_attn_tune/seed_1111/best.pt,5,9.397114317029977e-05,0,2.2726430959790664,1.1123440583175588,1.1602990410038243,0.0,0.0,0.0,0.0,0.534241621385395,0.6556802816923288,0.5552224009880877,0.6278656657775903,
attn_gridmix_reg1_clip3_v1,1111,experiments/attn_gridmix_reg1_clip3_v1/runs/late_attn_tune/seed_1111/best.pt,6,8.947199994035401e-05,0,2.2146139612821774,1.0758334025044307,1.1387805610059578,0.0,0.0,0.0,0.0,,,,,
attn_gridmix_reg1_clip3_v1,1111,experiments/attn_gridmix_reg1_clip3_v1/runs/late_attn_tune/seed_1111/best.pt,7,8.392544243589427e-05,0,2.146953219565276,1.0405876135157648,1.1063656166335132,0.0,0.0,0.0,0.0,,,,,
attn_gridmix_reg1_clip3_v1,1111,experiments/attn_gridmix_reg1_clip3_v1/runs/late_attn_tune/seed_1111/best.pt,8,7.75e-05,0,2.0950985612156234,1.0154134926394882,1.0796850713613992,0.0,0.0,0.0,0.0,,,,,
attn_gridmix_reg1_clip3_v1,1111,experiments/attn_gridmix_reg1_clip3_v1/runs/late_attn_tune/seed_1111/best.pt,9,7.03909064496551e-05,0,2.0486866157745647,0.9844971299171448,1.0641894814009978,0.0,0.0,0.0,0.0,,,,,
attn_gridmix_reg1_clip3_v1,1111,experiments/attn_gridmix_reg1_clip3_v1/runs/late_attn_tune/seed_1111/best.pt,10,6.281416799501188e-05,0,1.9823527246992163,0.946997060396961,1.035355660959939,0.0,0.0,0.0,0.0,0.5565480433125496,0.6654857820668174,0.5909308281578748,0.6378615144915254,
attn_gridmix_reg1_clip3_v1,1111,experiments/attn_gridmix_reg1_clip3_v1/runs/late_attn_tune/seed_1111/best.pt,11,5.5e-05,0,1.9788385339986496,0.9451629664296302,1.0336755686831252,0.0,0.0,0.0,0.0,,,,,
attn_gridmix_reg1_clip3_v1,1111,experiments/attn_gridmix_reg1_clip3_v1/runs/late_attn_tune/seed_1111/best.pt,12,4.7185832004988135e-05,0,1.9628591615462967,0.928028670983894,1.0348304788642957,0.0,0.0,0.0,0.0,,,,,
attn_gridmix_reg1_clip3_v1,1111,experiments/attn_gridmix_reg1_clip3_v1/runs/late_attn_tune/seed_1111/best.pt,13,3.960909355034492e-05,0,1.926483178807196,0.9168008014420482,1.0096823740228311,0.0,0.0,0.0,0.0,,,,,
attn_gridmix_reg1_clip3_v1,1111,experiments/attn_gridmix_reg1_clip3_v1/runs/late_attn_tune/seed_1111/best.pt,14,3.250000000000001e-05,0,1.8874101226574904,0.8963024919835206,0.9911076303954436,0.0,0.0,0.0,0.0,,,,,
attn_gridmix_reg1_clip3_v1,1111,experiments/attn_gridmix_reg1_clip3_v1/runs/late_attn_tune/seed_1111/best.pt,15,2.6074557564105733e-05,0,1.9046071656396453,0.8801849016519351,1.0244222578601303,0.0,0.0,0.0,0.0,0.5599660424427368,0.6643207946718545,0.5963300026585732,0.635301137811269,
attn_gridmix_reg1_clip3_v1,1111,experiments/attn_gridmix_reg1_clip3_v1/runs/late_attn_tune/seed_1111/best.pt,16,2.0528000059646e-05,0,1.8633810014368215,0.8790425998028194,0.9843384133321104,0.0,0.0,0.0,0.0,,,,,
attn_gridmix_reg1_clip3_v1,1111,experiments/attn_gridmix_reg1_clip3_v1/runs/late_attn_tune/seed_1111/best.pt,17,1.602885682970027e-05,0,1.8544519337538248,0.8706823721110264,0.9837695549581652,0.0,0.0,0.0,0.0,,,,,
attn_gridmix_reg1_clip3_v1,1111,experiments/attn_gridmix_reg1_clip3_v1/runs/late_attn_tune/seed_1111/best.pt,18,1.2713832064634127e-05,0,1.861127386583346,0.875631511768448,0.9854958709155288,0.0,0.0,0.0,0.0,,,,,
attn_gridmix_reg1_clip3_v1,1111,experiments/attn_gridmix_reg1_clip3_v1/runs/late_attn_tune/seed_1111/best.pt,19,1.068365111445064e-05,0,1.8506774233880443,0.8682491634493676,0.9824282538110964,0.0,0.0,0.0,0.0,,,,,
attn_gridmix_reg1_clip3_v1,1111,experiments/attn_gridmix_reg1_clip3_v1/runs/late_attn_tune/seed_1111/best.pt,20,1e-05,0,1.8519795442295963,0.8744672508997338,0.9775122938869156,0.0,0.0,0.0,0.0,0.5593097465722814,0.6687860843642974,0.5956972263355241,0.6400107430581357,
attn_gridmix_reg1_clip5_v1,1111,experiments/attn_gridmix_reg1_clip5_v1/runs/late_attn_tune/seed_1111/best.pt,1,5e-05,0,1.482878493371411,1.482878493371411,0.0,0.0,0.0,0.0,0.0,,,,,
attn_gridmix_reg1_clip5_v1,1111,experiments/attn_gridmix_reg1_clip5_v1/runs/late_attn_tune/seed_1111/best.pt,2,0.0001,0,1.3630108064580186,1.3630108064580186,0.0,0.0,0.0,0.0,0.0,,,,,
attn_gridmix_reg1_clip5_v1,1111,experiments/attn_gridmix_reg1_clip5_v1/runs/late_attn_tune/seed_1111/best.pt,3,9.931634888554937e-05,0,2.533861408723849,1.2545431217300558,1.279318271953369,0.0,0.0,0.0,0.0,,,,,
attn_gridmix_reg1_clip5_v1,1111,experiments/attn_gridmix_reg1_clip5_v1/runs/late_attn_tune/seed_1111/best.pt,4,9.728616793536588e-05,0,2.3722493102617355,1.168200242185147,1.2040490602778495,0.0,0.0,0.0,0.0,,,,,
attn_gridmix_reg1_clip5_v1,1111,experiments/attn_gridmix_reg1_clip5_v1/runs/late_attn_tune/seed_1111/best.pt,5,9.397114317029977e-05,0,2.2728227087270434,1.1124182259925055,1.1604044760499046,0.0,0.0,0.0,0.0,0.5347620655768771,0.6558126231343017,0.5551086857806573,0.6281557618813067,
attn_gridmix_reg1_clip5_v1,1111,experiments/attn_gridmix_reg1_clip5_v1/runs/late_attn_tune/seed_1111/best.pt,6,8.947199994035401e-05,0,2.2148142172911456,1.075842709184807,1.1389715131198137,0.0,0.0,0.0,0.0,,,,,
attn_gridmix_reg1_clip5_v1,1111,experiments/attn_gridmix_reg1_clip5_v1/runs/late_attn_tune/seed_1111/best.pt,7,8.392544243589427e-05,0,2.1467732302496367,1.040567484414466,1.106205749177487,0.0,0.0,0.0,0.0,,,,,
attn_gridmix_reg1_clip5_v1,1111,experiments/attn_gridmix_reg1_clip5_v1/runs/late_attn_tune/seed_1111/best.pt,8,7.75e-05,0,2.095315600109992,1.0154722967994547,1.0798433010823258,0.0,0.0,0.0,0.0,,,,,
attn_gridmix_reg1_clip5_v1,1111,experiments/attn_gridmix_reg1_clip5_v1/runs/late_attn_tune/seed_1111/best.pt,9,7.03909064496551e-05,0,2.0486778956707394,0.9844080872624834,1.0642698078512032,0.0,0.0,0.0,0.0,,,,,
attn_gridmix_reg1_clip5_v1,1111,experiments/attn_gridmix_reg1_clip5_v1/runs/late_attn_tune/seed_1111/best.pt,10,6.281416799501188e-05,0,1.982376295829488,0.9470268421083968,1.0353494517714064,0.0,0.0,0.0,0.0,0.5571483220895526,0.6656222525575124,0.5920368216088547,0.6381508094689727,
attn_gridmix_reg1_clip5_v1,1111,experiments/attn_gridmix_reg1_clip5_v1/runs/late_attn_tune/seed_1111/best.pt,11,5.5e-05,0,1.978612977767659,0.9450816205728834,1.0335313549665648,0.0,0.0,0.0,0.0,,,,,
attn_gridmix_reg1_clip5_v1,1111,experiments/attn_gridmix_reg1_clip5_v1/runs/late_attn_tune/seed_1111/best.pt,12,4.7185832004988135e-05,0,1.962917903873408,0.9280210510592596,1.034896847243621,0.0,0.0,0.0,0.0,,,,,
attn_gridmix_reg1_clip5_v1,1111,experiments/attn_gridmix_reg1_clip5_v1/runs/late_attn_tune/seed_1111/best.pt,13,3.960909355034492e-05,0,1.9263725381031211,0.9168218502374452,1.0095506889797816,0.0,0.0,0.0,0.0,,,,,
attn_gridmix_reg1_clip5_v1,1111,experiments/attn_gridmix_reg1_clip5_v1/runs/late_attn_tune/seed_1111/best.pt,14,3.250000000000001e-05,0,1.887432350176517,0.896216246569268,0.9912161047213546,0.0,0.0,0.0,0.0,,,,,
attn_gridmix_reg1_clip5_v1,1111,experiments/attn_gridmix_reg1_clip5_v1/runs/late_attn_tune/seed_1111/best.pt,15,2.6074557564105733e-05,0,1.9046686553509435,0.8802827050752728,1.0243859497186178,0.0,0.0,0.0,0.0,0.5600430454976197,0.6645015733703432,0.5940658549015706,0.6356635016523836,
attn_gridmix_reg1_clip5_v1,1111,experiments/attn_gridmix_reg1_clip5_v1/runs/late_attn_tune/seed_1111/best.pt,16,2.0528000059646e-05,0,1.8638531415261956,0.8793388231892452,0.9845143244645306,0.0,0.0,0.0,0.0,,,,,
attn_gridmix_reg1_clip5_v1,1111,experiments/attn_gridmix_reg1_clip5_v1/runs/late_attn_tune/seed_1111/best.pt,17,1.602885682970027e-05,0,1.8545268317249333,0.8707998790473581,0.983726944321784,0.0,0.0,0.0,0.0,,,,,
attn_gridmix_reg1_clip5_v1,1111,experiments/attn_gridmix_reg1_clip5_v1/runs/late_attn_tune/seed_1111/best.pt,18,1.2713832064634127e-05,0,1.8610777264443517,0.8755967466630669,0.98548098089539,0.0,0.0,0.0,0.0,,,,,
attn_gridmix_reg1_clip5_v1,1111,experiments/attn_gridmix_reg1_clip5_v1/runs/late_attn_tune/seed_1111/best.pt,19,1.068365111445064e-05,0,1.8508360909524364,0.8683823140982155,0.9824537721192724,0.0,0.0,0.0,0.0,,,,,
attn_gridmix_reg1_clip5_v1,1111,experiments/attn_gridmix_reg1_clip5_v1/runs/late_attn_tune/seed_1111/best.pt,20,1e-05,0,1.8525162355922091,0.8746884788308188,0.9778277612178126,0.0,0.0,0.0,0.0,0.5595796983599259,0.6688209236763503,0.5966468939518584,0.6401188339726874,
attn_gridmix_reg1_pw0_v1,1111,experiments/attn_gridmix_reg1_pw0_v1/runs/late_attn_tune/seed_1111/best.pt,1,5e-05,0,1.5181976244828412,1.5181976244828412,0.0,0.0,0.0,0.0,0.0,,,,,
attn_gridmix_reg1_pw0_v1,1111,experiments/attn_gridmix_reg1_pw0_v1/runs/late_attn_tune/seed_1111/best.pt,2,0.0001,0,1.379023453899633,1.379023453899633,0.0,0.0,0.0,0.0,0.0,,,,,
attn_gridmix_reg1_pw0_v1,1111,experiments/attn_gridmix_reg1_pw0_v1/runs/late_attn_tune/seed_1111/best.pt,3,9.931634888554937e-05,0,2.558764874378097,1.2664036182599647,1.2923612616886602,0.0,0.0,0.0,0.0,,,,,
attn_gridmix_reg1_pw0_v1,1111,experiments/attn_gridmix_reg1_pw0_v1/runs/late_attn_tune/seed_1111/best.pt,4,9.728616793536588e-05,0,2.3905163702563703,1.1768036328743552,1.2137127396102263,0.0,0.0,0.0,0.0,,,,,
attn_gridmix_reg1_pw0_v1,1111,experiments/attn_gridmix_reg1_pw0_v1/runs/late_attn_tune/seed_1111/best.pt,5,9.397114317029977e-05,0,2.2919002136337423,1.122199417274689,1.1697008052718971,0.0,0.0,0.0,0.0,0.4979175965535585,0.6559091490803156,0.5112819999491921,0.6281793428763074,
attn_gridmix_reg1_pw0_v1,1111,experiments/attn_gridmix_reg1_pw0_v1/runs/late_attn_tune/seed_1111/best.pt,6,8.947199994035401e-05,0,2.233916163444519,1.0849520814753024,1.1489640869826914,0.0,0.0,0.0,0.0,,,,,
attn_gridmix_reg1_pw0_v1,1111,experiments/attn_gridmix_reg1_pw0_v1/runs/late_attn_tune/seed_1111/best.pt,7,8.392544243589427e-05,0,2.163429955455745,1.0489549553282906,1.1144749898219777,0.0,0.0,0.0,0.0,,,,,
attn_gridmix_reg1_pw0_v1,1111,experiments/attn_gridmix_reg1_pw0_v1/runs/late_attn_tune/seed_1111/best.pt,8,7.75e-05,0,2.112188046223649,1.0243880592774008,1.087799983603932,0.0,0.0,0.0,0.0,,,,,
attn_gridmix_reg1_pw0_v1,1111,experiments/attn_gridmix_reg1_pw0_v1/runs/late_attn_tune/seed_1111/best.pt,9,7.03909064496551e-05,0,2.065283734107686,0.9923815387431706,1.0729021998209374,0.0,0.0,0.0,0.0,,,,,
attn_gridmix_reg1_pw0_v1,1111,experiments/attn_gridmix_reg1_pw0_v1/runs/late_attn_tune/seed_1111/best.pt,10,6.281416799501188e-05,0,1.997213559730031,0.953634103603452,1.0435794538983674,0.0,0.0,0.0,0.0,0.5236030894923116,0.6657383883154954,0.543128815585609,0.6385043143146993,
attn_gridmix_reg1_pw0_v1,1111,experiments/attn_gridmix_reg1_pw0_v1/runs/late_attn_tune/seed_1111/best.pt,11,5.5e-05,0,1.994848943202295,0.9519991195090464,1.04284981589451,0.0,0.0,0.0,0.0,,,,,
attn_gridmix_reg1_pw0_v1,1111,experiments/attn_gridmix_reg1_pw0_v1/runs/late_attn_tune/seed_1111/best.pt,12,4.7185832004988135e-05,0,1.9779935863530524,0.9340908733483788,1.043902714675832,0.0,0.0,0.0,0.0,,,,,
attn_gridmix_reg1_pw0_v1,1111,experiments/attn_gridmix_reg1_pw0_v1/runs/late_attn_tune/seed_1111/best.pt,13,3.960909355034492e-05,0,1.9409471583143572,0.9226928609553898,1.0182543068288643,0.0,0.0,0.0,0.0,,,,,
attn_gridmix_reg1_pw0_v1,1111,experiments/attn_gridmix_reg1_pw0_v1/runs/late_attn_tune/seed_1111/best.pt,14,3.250000000000001e-05,0,1.9020441792835696,0.903444935228223,0.9985992423841886,0.0,0.0,0.0,0.0,,,,,
attn_gridmix_reg1_pw0_v1,1111,experiments/attn_gridmix_reg1_pw0_v1/runs/late_attn_tune/seed_1111/best.pt,15,2.6074557564105733e-05,0,1.919596133945144,0.8863826171260014,1.0332135223896703,0.0,0.0,0.0,0.0,0.5366742085821412,0.6646229266046007,0.5561080284229246,0.6362814804824366,
attn_gridmix_reg1_pw0_v1,1111,experiments/attn_gridmix_reg1_pw0_v1/runs/late_attn_tune/seed_1111/best.pt,16,2.0528000059646e-05,0,1.8785606021078949,0.8848089219253754,0.993751679068414,0.0,0.0,0.0,0.0,,,,,
attn_gridmix_reg1_pw0_v1,1111,experiments/attn_gridmix_reg1_pw0_v1/runs/late_attn_tune/seed_1111/best.pt,17,1.602885682970027e-05,0,1.8696952088971004,0.8776184571123569,0.992076750670638,0.0,0.0,0.0,0.0,,,,,
attn_gridmix_reg1_pw0_v1,1111,experiments/attn_gridmix_reg1_pw0_v1/runs/late_attn_tune/seed_1111/best.pt,18,1.2713832064634127e-05,0,1.8733997545509693,0.8815105574153294,0.9918891949074292,0.0,0.0,0.0,0.0,,,,,
attn_gridmix_reg1_pw0_v1,1111,experiments/attn_gridmix_reg1_pw0_v1/runs/late_attn_tune/seed_1111/best.pt,19,1.068365111445064e-05,0,1.866240267441652,0.873825105272721,0.992415166903879,0.0,0.0,0.0,0.0,,,,,
attn_gridmix_reg1_pw0_v1,1111,experiments/attn_gridmix_reg1_pw0_v1/runs/late_attn_tune/seed_1111/best.pt,20,1e-05,0,1.8682428208467,0.8815805650203028,0.9866622625110304,0.0,0.0,0.0,0.0,0.5384572585431854,0.6683556583665138,0.5582742613523476,0.6401631603398678,
attn_gridmix_reg1_pw1.0_v1,1111,experiments/attn_gridmix_reg1_pw1.0_v1/runs/late_attn_tune/seed_1111/best.pt,1,5e-05,0,1.4363309468064354,1.4363309468064354,0.0,0.0,0.0,0.0,0.0,,,,,
attn_gridmix_reg1_pw1.0_v1,1111,experiments/attn_gridmix_reg1_pw1.0_v1/runs/late_attn_tune/seed_1111/best.pt,2,0.0001,0,1.3263882732837,1.3263882732837,0.0,0.0,0.0,0.0,0.0,,,,,
attn_gridmix_reg1_pw1.0_v1,1111,experiments/attn_gridmix_reg1_pw1.0_v1/runs/late_attn_tune/seed_1111/best.pt,3,9.931634888554937e-05,0,2.470143137691177,1.223350033024761,1.2467931029952577,0.0,0.0,0.0,0.0,,,,,
attn_gridmix_reg1_pw1.0_v1,1111,experiments/attn_gridmix_reg1_pw1.0_v1/runs/late_attn_tune/seed_1111/best.pt,4,9.728616793536588e-05,0,2.317915419551814,1.141538433939497,1.1763769861693694,0.0,0.0,0.0,0.0,,,,,
attn_gridmix_reg1_pw1.0_v1,1111,experiments/attn_gridmix_reg1_pw1.0_v1/runs/late_attn_tune/seed_1111/best.pt,5,9.397114317029977e-05,0,2.218194101458398,1.0853474229295677,1.132846676857672,0.0,0.0,0.0,0.0,0.5454017902082038,0.6556786040353147,0.5702455073425786,0.6283601309372059,
attn_gridmix_reg1_pw1.0_v1,1111,experiments/attn_gridmix_reg1_pw1.0_v1/runs/late_attn_tune/seed_1111/best.pt,6,8.947199994035401e-05,0,2.16067522374269,1.0497824505110769,1.1108927687751913,0.0,0.0,0.0,0.0,,,,,
attn_gridmix_reg1_pw1.0_v1,1111,experiments/attn_gridmix_reg1_pw1.0_v1/runs/late_attn_tune/seed_1111/best.pt,7,8.392544243589427e-05,0,2.094653747906195,1.0151755882200797,1.0794781524444297,0.0,0.0,0.0,0.0,,,,,
attn_gridmix_reg1_pw1.0_v1,1111,experiments/attn_gridmix_reg1_pw1.0_v1/runs/late_attn_tune/seed_1111/best.pt,8,7.75e-05,0,2.0442229286532534,0.9900303533144086,1.0541925781241088,0.0,0.0,0.0,0.0,,,,,
attn_gridmix_reg1_pw1.0_v1,1111,experiments/attn_gridmix_reg1_pw1.0_v1/runs/late_attn_tune/seed_1111/best.pt,9,7.03909064496551e-05,0,1.9976367281976144,0.959965292538438,1.0376714434579155,0.0,0.0,0.0,0.0,,,,,
attn_gridmix_reg1_pw1.0_v1,1111,experiments/attn_gridmix_reg1_pw1.0_v1/runs/late_attn_tune/seed_1111/best.pt,10,6.281416799501188e-05,0,1.9335731490750176,0.9240530606742218,1.0095200989847986,0.0,0.0,0.0,0.0,0.5546279817498783,0.665219260591039,0.5839607501837767,0.6373319607870883,
attn_gridmix_reg1_pw1.0_v1,1111,experiments/attn_gridmix_reg1_pw1.0_v1/runs/late_attn_tune/seed_1111/best.pt,11,5.5e-05,0,1.9286945278399457,0.9216329600209388,1.0070615644766905,0.0,0.0,0.0,0.0,,,,,
attn_gridmix_reg1_pw1.0_v1,1111,experiments/attn_gridmix_reg1_pw1.0_v1/runs/late_attn_tune/seed_1111/best.pt,12,4.7185832004988135e-05,0,1.913873096492803,0.905539813442765,1.0083332813788797,0.0,0.0,0.0,0.0,,,,,
attn_gridmix_reg1_pw1.0_v1,1111,experiments/attn_gridmix_reg1_pw1.0_v1/runs/late_attn_tune/seed_1111/best.pt,13,3.960909355034492e-05,0,1.8775686192735328,0.8943911072249725,0.9831775053639278,0.0,0.0,0.0,0.0,,,,,
attn_gridmix_reg1_pw1.0_v1,1111,experiments/attn_gridmix_reg1_pw1.0_v1/runs/late_attn_tune/seed_1111/best.pt,14,3.250000000000001e-05,0,1.8392019182722144,0.8726981950697498,0.9665037148466734,0.0,0.0,0.0,0.0,,,,,
attn_gridmix_reg1_pw1.0_v1,1111,experiments/attn_gridmix_reg1_pw1.0_v1/runs/late_attn_tune/seed_1111/best.pt,15,2.6074557564105733e-05,0,1.8557079573658024,0.8580090414697878,0.9976989225806476,0.0,0.0,0.0,0.0,0.5569593992285367,0.6641549414709984,0.5945913196093492,0.6349756993638969,
attn_gridmix_reg1_pw1.0_v1,1111,experiments/attn_gridmix_reg1_pw1.0_v1/runs/late_attn_tune/seed_1111/best.pt,16,2.0528000059646e-05,0,1.8160356907086952,0.8574227122502907,0.9586129734449298,0.0,0.0,0.0,0.0,,,,,
attn_gridmix_reg1_pw1.0_v1,1111,experiments/attn_gridmix_reg1_pw1.0_v1/runs/late_attn_tune/seed_1111/best.pt,17,1.602885682970027e-05,0,1.806010879088785,0.8479380228809107,0.9580728531440842,0.0,0.0,0.0,0.0,,,,,
attn_gridmix_reg1_pw1.0_v1,1111,experiments/attn_gridmix_reg1_pw1.0_v1/runs/late_attn_tune/seed_1111/best.pt,18,1.2713832064634127e-05,0,1.816047055699001,0.8537366356805106,0.9623104194614376,0.0,0.0,0.0,0.0,,,,,
attn_gridmix_reg1_pw1.0_v1,1111,experiments/attn_gridmix_reg1_pw1.0_v1/runs/late_attn_tune/seed_1111/best.pt,19,1.068365111445064e-05,0,1.8021920356795047,0.8467977478682438,0.9553942917106308,0.0,0.0,0.0,0.0,,,,,
attn_gridmix_reg1_pw1.0_v1,1111,experiments/attn_gridmix_reg1_pw1.0_v1/runs/late_attn_tune/seed_1111/best.pt,20,1e-05,0,1.8040897389438664,0.8517846492963417,0.952305082405839,0.0,0.0,0.0,0.0,0.5572913022757405,0.6688428838122787,0.5906670136178332,0.6395103050470046,
attn_gridmix_reg1_seed1112_v1,1112,experiments/attn_gridmix_reg1_seed1112_v1/runs/late_attn_tune/seed_1112/best.pt,1,5e-05,0,1.478139970904199,1.478139970904199,0.0,0.0,0.0,0.0,0.0,,,,,
attn_gridmix_reg1_seed1112_v1,1112,experiments/attn_gridmix_reg1_seed1112_v1/runs/late_attn_tune/seed_1112/best.pt,2,0.0001,0,1.3384169384697888,1.3384169384697888,0.0,0.0,0.0,0.0,0.0,,,,,
attn_gridmix_reg1_seed1112_v1,1112,experiments/attn_gridmix_reg1_seed1112_v1/runs/late_attn_tune/seed_1112/best.pt,3,9.931634888554937e-05,0,2.483870515756518,1.229281882816386,1.2545886451952926,0.0,0.0,0.0,0.0,,,,,
attn_gridmix_reg1_seed1112_v1,1112,experiments/attn_gridmix_reg1_seed1112_v1/runs/late_attn_tune/seed_1112/best.pt,4,9.728616793536588e-05,0,2.3664843690729587,1.1605223751513758,1.205962000606216,0.0,0.0,0.0,0.0,,,,,
attn_gridmix_reg1_seed1112_v1,1112,experiments/attn_gridmix_reg1_seed1112_v1/runs/late_attn_tune/seed_1112/best.pt,5,9.397114317029977e-05,0,2.250054873038675,1.098364913575003,1.1516899583495666,0.0,0.0,0.0,0.0,0.5461763515853125,0.6538293743935591,0.5610784797146932,0.6273414377509463,
attn_gridmix_reg1_seed1112_v1,1112,experiments/attn_gridmix_reg1_seed1112_v1/runs/late_attn_tune/seed_1112/best.pt,6,8.947199994035401e-05,0,2.170823064919944,1.0617932081222534,1.109029869609904,0.0,0.0,0.0,0.0,,,,,
attn_gridmix_reg1_seed1112_v1,1112,experiments/attn_gridmix_reg1_seed1112_v1/runs/late_attn_tune/seed_1112/best.pt,7,8.392544243589427e-05,0,2.171241293443697,1.0449318078076728,1.126309487864236,0.0,0.0,0.0,0.0,,,,,
attn_gridmix_reg1_seed1112_v1,1112,experiments/attn_gridmix_reg1_seed1112_v1/runs/late_attn_tune/seed_1112/best.pt,8,7.75e-05,0,2.0673242361746103,0.9957073965919352,1.0716168334550946,0.0,0.0,0.0,0.0,,,,,
attn_gridmix_reg1_seed1112_v1,1112,experiments/attn_gridmix_reg1_seed1112_v1/runs/late_attn_tune/seed_1112/best.pt,9,7.03909064496551e-05,0,2.019929217400952,0.972537436774958,1.0473917809045203,0.0,0.0,0.0,0.0,,,,,
attn_gridmix_reg1_seed1112_v1,1112,experiments/attn_gridmix_reg1_seed1112_v1/runs/late_attn_tune/seed_1112/best.pt,10,6.281416799501188e-05,0,1.9982429843082603,0.9602759884339628,1.037966994481666,0.0,0.0,0.0,0.0,0.5585674306798326,0.6548912972655236,0.5882511851063007,0.6261809533626637,
attn_gridmix_reg1_seed1112_v1,1112,experiments/attn_gridmix_reg1_seed1112_v1/runs/late_attn_tune/seed_1112/best.pt,11,5.5e-05,0,1.9810168353196616,0.9389049622500054,1.042111882539553,0.0,0.0,0.0,0.0,,,,,
attn_gridmix_reg1_seed1112_v1,1112,experiments/attn_gridmix_reg1_seed1112_v1/runs/late_attn_tune/seed_1112/best.pt,12,4.7185832004988135e-05,0,1.958493940184049,0.9311321845678524,1.0273617656431466,0.0,0.0,0.0,0.0,,,,,
attn_gridmix_reg1_seed1112_v1,1112,experiments/attn_gridmix_reg1_seed1112_v1/runs/late_attn_tune/seed_1112/best.pt,13,3.960909355034492e-05,0,1.9183356483406,0.9023716614068112,1.0159639833129457,0.0,0.0,0.0,0.0,,,,,
attn_gridmix_reg1_seed1112_v1,1112,experiments/attn_gridmix_reg1_seed1112_v1/runs/late_attn_tune/seed_1112/best.pt,14,3.250000000000001e-05,0,1.8991706003652555,0.8992318260335477,0.999938772939076,0.0,0.0,0.0,0.0,,,,,
attn_gridmix_reg1_seed1112_v1,1112,experiments/attn_gridmix_reg1_seed1112_v1/runs/late_attn_tune/seed_1112/best.pt,15,2.6074557564105733e-05,0,1.8930182456970213,0.8903217201478013,1.0026965297271158,0.0,0.0,0.0,0.0,0.5627762460310392,0.657293366665381,0.5928665013989836,0.6265287094296642,
attn_gridmix_reg1_seed1112_v1,1112,experiments/attn_gridmix_reg1_seed1112_v1/runs/late_attn_tune/seed_1112/best.pt,16,2.0528000059646e-05,0,1.85271481375828,0.8744030277305674,0.9783117743296044,0.0,0.0,0.0,0.0,,,,,
attn_gridmix_reg1_seed1112_v1,1112,experiments/attn_gridmix_reg1_seed1112_v1/runs/late_attn_tune/seed_1112/best.pt,17,1.602885682970027e-05,0,1.8472179419526429,0.871369892191664,0.9758480525462429,0.0,0.0,0.0,0.0,,,,,
attn_gridmix_reg1_seed1112_v1,1112,experiments/attn_gridmix_reg1_seed1112_v1/runs/late_attn_tune/seed_1112/best.pt,18,1.2713832064634127e-05,0,1.8427958945247616,0.8703156815511044,0.9724802079601824,0.0,0.0,0.0,0.0,,,,,
attn_gridmix_reg1_seed1112_v1,1112,experiments/attn_gridmix_reg1_seed1112_v1/runs/late_attn_tune/seed_1112/best.pt,19,1.068365111445064e-05,0,1.8371612958818957,0.8598628250237937,0.9772984664016796,0.0,0.0,0.0,0.0,,,,,
attn_gridmix_reg1_seed1112_v1,1112,experiments/attn_gridmix_reg1_seed1112_v1/runs/late_attn_tune/seed_1112/best.pt,20,1e-05,0,1.8657595465116408,0.8795977814175259,0.9861617645370626,0.0,0.0,0.0,0.0,0.5619867575782501,0.6576410441783003,0.5973348554668747,0.6259375438278036,
attn_gridmix_reg1_seed1113_v1,1113,experiments/attn_gridmix_reg1_seed1113_v1/runs/late_attn_tune/seed_1113/best.pt,1,5e-05,0,1.472981274685013,1.472981274685013,0.0,0.0,0.0,0.0,0.0,,,,,
attn_gridmix_reg1_seed1113_v1,1113,experiments/attn_gridmix_reg1_seed1113_v1/runs/late_attn_tune/seed_1113/best.pt,2,0.0001,0,1.3524022837665592,1.3524022837665592,0.0,0.0,0.0,0.0,0.0,,,,,
attn_gridmix_reg1_seed1113_v1,1113,experiments/attn_gridmix_reg1_seed1113_v1/runs/late_attn_tune/seed_1113/best.pt,3,9.931634888554937e-05,0,2.514388023135818,1.244260670425736,1.2701273649652427,0.0,0.0,0.0,0.0,,,,,
attn_gridmix_reg1_seed1113_v1,1113,experiments/attn_gridmix_reg1_seed1113_v1/runs/late_attn_tune/seed_1113/best.pt,4,9.728616793536588e-05,0,2.361608702445699,1.1632566407462146,1.1983520611424312,0.0,0.0,0.0,0.0,,,,,
attn_gridmix_reg1_seed1113_v1,1113,experiments/attn_gridmix_reg1_seed1113_v1/runs/late_attn_tune/seed_1113/best.pt,5,9.397114317029977e-05,0,2.2751786240907474,1.1133029633593337,1.1618756540467805,0.0,0.0,0.0,0.0,0.5356381174505029,0.6613635205995908,0.5453757006716337,0.634106223406219,
attn_gridmix_reg1_seed1113_v1,1113,experiments/attn_gridmix_reg1_seed1113_v1/runs/late_attn_tune/seed_1113/best.pt,6,8.947199994035401e-05,0,2.2167481707635326,1.0868403115005136,1.1299078553636497,0.0,0.0,0.0,0.0,,,,,
attn_gridmix_reg1_seed1113_v1,1113,experiments/attn_gridmix_reg1_seed1113_v1/runs/late_attn_tune/seed_1113/best.pt,7,8.392544243589427e-05,0,2.135492926446077,1.0400439133153898,1.095449019258267,0.0,0.0,0.0,0.0,,,,,
attn_gridmix_reg1_seed1113_v1,1113,experiments/attn_gridmix_reg1_seed1113_v1/runs/late_attn_tune/seed_1113/best.pt,8,7.75e-05,0,2.122486999101728,1.0238005307233222,1.0986864667072471,0.0,0.0,0.0,0.0,,,,,
attn_gridmix_reg1_seed1113_v1,1113,experiments/attn_gridmix_reg1_seed1113_v1/runs/late_attn_tune/seed_1113/best.pt,9,7.03909064496551e-05,0,2.0149342556980168,0.9757701353492024,1.039164126476395,0.0,0.0,0.0,0.0,,,,,
attn_gridmix_reg1_seed1113_v1,1113,experiments/attn_gridmix_reg1_seed1113_v1/runs/late_attn_tune/seed_1113/best.pt,10,6.281416799501188e-05,0,2.0165147658820466,0.9689421915562352,1.0475725681982309,0.0,0.0,0.0,0.0,0.5583998346634088,0.6595518829131619,0.5871018079890294,0.627095638713889,
attn_gridmix_reg1_seed1113_v1,1113,experiments/attn_gridmix_reg1_seed1113_v1/runs/late_attn_tune/seed_1113/best.pt,11,5.5e-05,0,1.973307842406157,0.9407160521667696,1.0325917991522318,0.0,0.0,0.0,0.0,,,,,
attn_gridmix_reg1_seed1113_v1,1113,experiments/attn_gridmix_reg1_seed1113_v1/runs/late_attn_tune/seed_1113/best.pt,12,4.7185832004988135e-05,0,1.9664508639094984,0.9323866790700182,1.0340641892959024,0.0,0.0,0.0,0.0,,,,,
attn_gridmix_reg1_seed1113_v1,1113,experiments/attn_gridmix_reg1_seed1113_v1/runs/late_attn_tune/seed_1113/best.pt,13,3.960909355034492e-05,0,1.917344570716965,0.9051813878745676,1.0121631828423971,0.0,0.0,0.0,0.0,,,,,
attn_gridmix_reg1_seed1113_v1,1113,experiments/attn_gridmix_reg1_seed1113_v1/runs/late_attn_tune/seed_1113/best.pt,14,3.250000000000001e-05,0,1.899012104373112,0.8967042111347769,1.0023078918457031,0.0,0.0,0.0,0.0,,,,,
attn_gridmix_reg1_seed1113_v1,1113,experiments/attn_gridmix_reg1_seed1113_v1/runs/late_attn_tune/seed_1113/best.pt,15,2.6074557564105733e-05,0,1.8836275428255027,0.8892156877250315,0.9944118573286824,0.0,0.0,0.0,0.0,0.5606137487265695,0.6587280616784992,0.5977616191102503,0.6257236364120388,
attn_gridmix_reg1_seed1113_v1,1113,experiments/attn_gridmix_reg1_seed1113_v1/runs/late_attn_tune/seed_1113/best.pt,16,2.0528000059646e-05,0,1.844893852126933,0.8690984299249738,0.9757954210878532,0.0,0.0,0.0,0.0,,,,,
attn_gridmix_reg1_seed1113_v1,1113,experiments/attn_gridmix_reg1_seed1113_v1/runs/late_attn_tune/seed_1113/best.pt,17,1.602885682970027e-05,0,1.855186609464271,0.8647114595520162,0.9904751415564635,0.0,0.0,0.0,0.0,,,,,
attn_gridmix_reg1_seed1113_v1,1113,experiments/attn_gridmix_reg1_seed1113_v1/runs/late_attn_tune/seed_1113/best.pt,18,1.2713832064634127e-05,0,1.8478577961431488,0.8715613584652125,0.9762964371208832,0.0,0.0,0.0,0.0,,,,,
attn_gridmix_reg1_seed1113_v1,1113,experiments/attn_gridmix_reg1_seed1113_v1/runs/late_attn_tune/seed_1113/best.pt,19,1.068365111445064e-05,0,1.8247826912692773,0.8640822155453335,0.9607004746098384,0.0,0.0,0.0,0.0,,,,,
attn_gridmix_reg1_seed1113_v1,1113,experiments/attn_gridmix_reg1_seed1113_v1/runs/late_attn_tune/seed_1113/best.pt,20,1e-05,0,1.8484542102457209,0.8579046029910863,0.9905496122681092,0.0,0.0,0.0,0.0,0.5609784905625729,0.6606532642678032,0.5973961326907822,0.6279999164976039,
attn_gridmix_reg1_v1,1111,experiments/attn_gridmix_reg1_v1/runs/late_attn_tune/seed_1111/best.pt,1,5e-05,0,1.4827894083807402,1.4827894083807402,0.0,0.0,0.0,0.0,0.0,,,,,
attn_gridmix_reg1_v1,1111,experiments/attn_gridmix_reg1_v1/runs/late_attn_tune/seed_1111/best.pt,2,0.0001,0,1.3629285776726554,1.3629285776726554,0.0,0.0,0.0,0.0,0.0,,,,,
attn_gridmix_reg1_v1,1111,experiments/attn_gridmix_reg1_v1/runs/late_attn_tune/seed_1111/best.pt,3,9.931634888554937e-05,0,2.533609265478972,1.2544063051170278,1.2792029620331025,0.0,0.0,0.0,0.0,,,,,
attn_gridmix_reg1_v1,1111,experiments/attn_gridmix_reg1_v1/runs/late_attn_tune/seed_1111/best.pt,4,9.728616793536588e-05,0,2.37207220313705,1.1681159082974228,1.2039562914973108,0.0,0.0,0.0,0.0,,,,,
attn_gridmix_reg1_v1,1111,experiments/attn_gridmix_reg1_v1/runs/late_attn_tune/seed_1111/best.pt,5,9.397114317029977e-05,0,2.2725901091210194,1.1123240322710195,1.1602660801923164,0.0,0.0,0.0,0.0,0.5345536875429455,0.6557471130785909,0.5552224009880877,0.6280483250195354,
attn_gridmix_reg1_v1,1111,experiments/attn_gridmix_reg1_v1/runs/late_attn_tune/seed_1111/best.pt,6,8.947199994035401e-05,0,2.2145008829152477,1.0756856359053997,1.1388152364258457,0.0,0.0,0.0,0.0,,,,,
attn_gridmix_reg1_v1,1111,experiments/attn_gridmix_reg1_v1/runs/late_attn_tune/seed_1111/best.pt,7,8.392544243589427e-05,0,2.146298248077108,1.0403175983473518,1.1059806642131271,0.0,0.0,0.0,0.0,,,,,
attn_gridmix_reg1_v1,1111,experiments/attn_gridmix_reg1_v1/runs/late_attn_tune/seed_1111/best.pt,8,7.75e-05,0,2.0951976553301943,1.0154354483167702,1.0797622064563717,0.0,0.0,0.0,0.0,,,,,
attn_gridmix_reg1_v1,1111,experiments/attn_gridmix_reg1_v1/runs/late_attn_tune/seed_1111/best.pt,9,7.03909064496551e-05,0,2.048363687836121,0.9842386100893824,1.06412507997495,0.0,0.0,0.0,0.0,,,,,
attn_gridmix_reg1_v1,1111,experiments/attn_gridmix_reg1_v1/runs/late_attn_tune/seed_1111/best.pt,10,6.281416799501188e-05,0,1.982070358000069,0.9468721151351928,1.0351982328379266,0.0,0.0,0.0,0.0,0.55706524122167,0.6654963924221428,0.5900524869205026,0.6380697611423854,
attn_gridmix_reg1_v1,1111,experiments/attn_gridmix_reg1_v1/runs/late_attn_tune/seed_1111/best.pt,11,5.5e-05,0,1.9782546959190723,0.9449097820531542,1.0333449222217097,0.0,0.0,0.0,0.0,,,,,
attn_gridmix_reg1_v1,1111,experiments/attn_gridmix_reg1_v1/runs/late_attn_tune/seed_1111/best.pt,12,4.7185832004988135e-05,0,1.962614237705124,0.9278485875263393,1.03476565129289,0.0,0.0,0.0,0.0,,,,,
attn_gridmix_reg1_v1,1111,experiments/attn_gridmix_reg1_v1/runs/late_attn_tune/seed_1111/best.pt,13,3.960909355034492e-05,0,1.926017337870375,0.9166576711930962,1.0093596594355931,0.0,0.0,0.0,0.0,,,,,
attn_gridmix_reg1_v1,1111,experiments/attn_gridmix_reg1_v1/runs/late_attn_tune/seed_1111/best.pt,14,3.250000000000001e-05,0,1.887202181548716,0.8960611931631498,0.9911409783586164,0.0,0.0,0.0,0.0,,,,,
attn_gridmix_reg1_v1,1111,experiments/attn_gridmix_reg1_v1/runs/late_attn_tune/seed_1111/best.pt,15,2.6074557564105733e-05,0,1.9043575113064772,0.8801685059181997,1.0241890126299635,0.0,0.0,0.0,0.0,0.5601819167632889,0.6643666879665125,0.5972702941489352,0.635535148220747,
attn_gridmix_reg1_v1,1111,experiments/attn_gridmix_reg1_v1/runs/late_attn_tune/seed_1111/best.pt,16,2.0528000059646e-05,0,1.8635152433520168,0.8791858826842264,0.9843293612248428,0.0,0.0,0.0,0.0,,,,,
attn_gridmix_reg1_v1,1111,experiments/attn_gridmix_reg1_v1/runs/late_attn_tune/seed_1111/best.pt,17,1.602885682970027e-05,0,1.854366403873836,0.8707450906807017,0.9836213154213452,0.0,0.0,0.0,0.0,,,,,
attn_gridmix_reg1_v1,1111,experiments/attn_gridmix_reg1_v1/runs/late_attn_tune/seed_1111/best.pt,18,1.2713832064634127e-05,0,1.8608337061427465,0.8754857032098503,0.9853479979194212,0.0,0.0,0.0,0.0,,,,,
attn_gridmix_reg1_v1,1111,experiments/attn_gridmix_reg1_v1/runs/late_attn_tune/seed_1111/best.pt,19,1.068365111445064e-05,0,1.850644840258304,0.8682265668828911,0.9824182669693065,0.0,0.0,0.0,0.0,,,,,
attn_gridmix_reg1_v1,1111,experiments/attn_gridmix_reg1_v1/runs/late_attn_tune/seed_1111/best.pt,20,1e-05,0,1.8521410483066167,0.8744713441233769,0.9776697136531366,0.0,0.0,0.0,0.0,0.5595771056122493,0.6687083477501005,0.5966468939518584,0.640096622339455,
attn_gridmix_seed1112_v1,1112,experiments/attn_gridmix_seed1112_v1/runs/late_attn_tune/seed_1112/best.pt,1,5e-05,0,1.1258386462648338,1.1258386462648338,0.0,0.0,0.0,0.0,0.0,,,,,
attn_gridmix_seed1112_v1,1112,experiments/attn_gridmix_seed1112_v1/runs/late_attn_tune/seed_1112/best.pt,2,0.0001,0,1.0145534332667556,1.0145534332667556,0.0,0.0,0.0,0.0,0.0,,,,,
attn_gridmix_seed1112_v1,1112,experiments/attn_gridmix_seed1112_v1/runs/late_attn_tune/seed_1112/best.pt,3,9.931634888554937e-05,0,1.897884117665692,0.9405104172563998,0.957373704865714,0.0,0.0,0.0,0.0,,,,,
attn_gridmix_seed1112_v1,1112,experiments/attn_gridmix_seed1112_v1/runs/late_attn_tune/seed_1112/best.pt,4,9.728616793536588e-05,0,1.831997091525069,0.898865966596336,0.933131115458836,0.0,0.0,0.0,0.0,,,,,
attn_gridmix_seed1112_v1,1112,experiments/attn_gridmix_seed1112_v1/runs/late_attn_tune/seed_1112/best.pt,5,9.397114317029977e-05,0,1.750011457461063,0.8561829484511758,0.8938285053890442,0.0,0.0,0.0,0.0,0.549223955934162,0.6683790914862134,0.5702675208713673,0.6454473650428354,
attn_gridmix_seed1112_v1,1112,experiments/attn_gridmix_seed1112_v1/runs/late_attn_tune/seed_1112/best.pt,6,8.947199994035401e-05,0,1.7083196517463042,0.8366951964725958,0.871624460844236,0.0,0.0,0.0,0.0,,,,,
attn_gridmix_seed1112_v1,1112,experiments/attn_gridmix_seed1112_v1/runs/late_attn_tune/seed_1112/best.pt,7,8.392544243589427e-05,0,1.7028324314366992,0.8226844462278847,0.8801479807523923,0.0,0.0,0.0,0.0,,,,,
attn_gridmix_seed1112_v1,1112,experiments/attn_gridmix_seed1112_v1/runs/late_attn_tune/seed_1112/best.pt,8,7.75e-05,0,1.6387851984701425,0.7916084678373604,0.8471767289616238,0.0,0.0,0.0,0.0,,,,,
attn_gridmix_seed1112_v1,1112,experiments/attn_gridmix_seed1112_v1/runs/late_attn_tune/seed_1112/best.pt,9,7.03909064496551e-05,0,1.602406107376669,0.7741948059786146,0.828211300283949,0.0,0.0,0.0,0.0,,,,,
attn_gridmix_seed1112_v1,1112,experiments/attn_gridmix_seed1112_v1/runs/late_attn_tune/seed_1112/best.pt,10,6.281416799501188e-05,0,1.580785759141512,0.7621232708480871,0.8186624919142679,0.0,0.0,0.0,0.0,0.5566842191845615,0.6616184813943558,0.5844008439339355,0.6348411016881653,
attn_gridmix_seed1112_v1,1112,experiments/attn_gridmix_seed1112_v1/runs/late_attn_tune/seed_1112/best.pt,11,5.5e-05,0,1.5676066507802946,0.7484327638260672,0.8191738886253856,0.0,0.0,0.0,0.0,,,,,
attn_gridmix_seed1112_v1,1112,experiments/attn_gridmix_seed1112_v1/runs/late_attn_tune/seed_1112/best.pt,12,4.7185832004988135e-05,0,1.5458447810645417,0.7405179736213149,0.8053268105070167,0.0,0.0,0.0,0.0,,,,,
attn_gridmix_seed1112_v1,1112,experiments/attn_gridmix_seed1112_v1/runs/late_attn_tune/seed_1112/best.pt,13,3.960909355034492e-05,0,1.5184805660604317,0.7163678744685984,0.8021126879709903,0.0,0.0,0.0,0.0,,,,,
attn_gridmix_seed1112_v1,1112,experiments/attn_gridmix_seed1112_v1/runs/late_attn_tune/seed_1112/best.pt,14,3.250000000000001e-05,0,1.500899837952908,0.7130067883250869,0.7878930454499253,0.0,0.0,0.0,0.0,,,,,
attn_gridmix_seed1112_v1,1112,experiments/attn_gridmix_seed1112_v1/runs/late_attn_tune/seed_1112/best.pt,15,2.6074557564105733e-05,0,1.499004957831909,0.7083392012342115,0.7906657543694862,0.0,0.0,0.0,0.0,0.5640095485965655,0.6619343453499673,0.6022897973401813,0.6331206301416227,
attn_gridmix_seed1112_v1,1112,experiments/attn_gridmix_seed1112_v1/runs/late_attn_tune/seed_1112/best.pt,16,2.0528000059646e-05,0,1.4660971900013005,0.696304678081352,0.7697925149837387,0.0,0.0,0.0,0.0,,,,,
attn_gridmix_seed1112_v1,1112,experiments/attn_gridmix_seed1112_v1/runs/late_attn_tune/seed_1112/best.pt,17,1.602885682970027e-05,0,1.4644133431889186,0.6931377443197732,0.7712756049967258,0.0,0.0,0.0,0.0,,,,,
attn_gridmix_seed1112_v1,1112,experiments/attn_gridmix_seed1112_v1/runs/late_attn_tune/seed_1112/best.pt,18,1.2713832064634127e-05,0,1.457805765009372,0.6908627341840868,0.7669430341676017,0.0,0.0,0.0,0.0,,,,,
attn_gridmix_seed1112_v1,1112,experiments/attn_gridmix_seed1112_v1/runs/late_attn_tune/seed_1112/best.pt,19,1.068365111445064e-05,0,1.453024981177856,0.6834933688150389,0.7695316079063951,0.0,0.0,0.0,0.0,,,,,
attn_gridmix_seed1112_v1,1112,experiments/attn_gridmix_seed1112_v1/runs/late_attn_tune/seed_1112/best.pt,20,1e-05,0,1.4674374594866673,0.6964813323221474,0.770956125771888,0.0,0.0,0.0,0.0,0.5633292931282299,0.6634024955681556,0.5987754671965199,0.6341561396845493,
attn_gridmix_seed1113_v1,1113,experiments/attn_gridmix_seed1113_v1/runs/late_attn_tune/seed_1113/best.pt,1,5e-05,0,1.128104956907647,1.128104956907647,0.0,0.0,0.0,0.0,0.0,,,,,
attn_gridmix_seed1113_v1,1113,experiments/attn_gridmix_seed1113_v1/runs/late_attn_tune/seed_1113/best.pt,2,0.0001,0,1.0295907983156007,1.0295907983156007,0.0,0.0,0.0,0.0,0.0,,,,,
attn_gridmix_seed1113_v1,1113,experiments/attn_gridmix_seed1113_v1/runs/late_attn_tune/seed_1113/best.pt,3,9.931634888554937e-05,0,1.91207507726188,0.9456603928147076,0.9664146716349592,0.0,0.0,0.0,0.0,,,,,
attn_gridmix_seed1113_v1,1113,experiments/attn_gridmix_seed1113_v1/runs/late_attn_tune/seed_1113/best.pt,4,9.728616793536588e-05,0,1.8186313069869424,0.8966619244245725,0.9219693814482643,0.0,0.0,0.0,0.0,,,,,
attn_gridmix_seed1113_v1,1113,experiments/attn_gridmix_seed1113_v1/runs/late_attn_tune/seed_1113/best.pt,5,9.397114317029977e-05,0,1.7664126670249154,0.8659917533954727,0.9004209080589152,0.0,0.0,0.0,0.0,0.5541230462824838,0.6604339418046062,0.5817738097980965,0.6325118879777709,
attn_gridmix_seed1113_v1,1113,experiments/attn_gridmix_seed1113_v1/runs/late_attn_tune/seed_1113/best.pt,6,8.947199994035401e-05,0,1.7306308846607386,0.8494166152499546,0.8812142705248895,0.0,0.0,0.0,0.0,,,,,
attn_gridmix_seed1113_v1,1113,experiments/attn_gridmix_seed1113_v1/runs/late_attn_tune/seed_1113/best.pt,7,8.392544243589427e-05,0,1.671492383858868,0.8173216859870982,0.854170701771139,0.0,0.0,0.0,0.0,,,,,
attn_gridmix_seed1113_v1,1113,experiments/attn_gridmix_seed1113_v1/runs/late_attn_tune/seed_1113/best.pt,8,7.75e-05,0,1.661664480360869,0.8056273220855499,0.8560371649599521,0.0,0.0,0.0,0.0,,,,,
attn_gridmix_seed1113_v1,1113,experiments/attn_gridmix_seed1113_v1/runs/late_attn_tune/seed_1113/best.pt,9,7.03909064496551e-05,0,1.5870819303476922,0.7708618312238533,0.8162201010735235,0.0,0.0,0.0,0.0,,,,,
attn_gridmix_seed1113_v1,1113,experiments/attn_gridmix_seed1113_v1/runs/late_attn_tune/seed_1113/best.pt,10,6.281416799501188e-05,0,1.597822520220391,0.7679557053842277,0.8298668153932162,0.0,0.0,0.0,0.0,0.5594803795289854,0.6586693396528592,0.5907469067536335,0.6267041385705981,
attn_gridmix_seed1113_v1,1113,experiments/attn_gridmix_seed1113_v1/runs/late_attn_tune/seed_1113/best.pt,11,5.5e-05,0,1.5595205465209818,0.7469589640604002,0.8125615805108971,0.0,0.0,0.0,0.0,,,,,
attn_gridmix_seed1113_v1,1113,experiments/attn_gridmix_seed1113_v1/runs/late_attn_tune/seed_1113/best.pt,12,4.7185832004988135e-05,0,1.553351942623887,0.7386203558645515,0.8147315867593355,0.0,0.0,0.0,0.0,,,,,
attn_gridmix_seed1113_v1,1113,experiments/attn_gridmix_seed1113_v1/runs/late_attn_tune/seed_1113/best.pt,13,3.960909355034492e-05,0,1.5166800222664236,0.7176195862137269,0.7990604386986974,0.0,0.0,0.0,0.0,,,,,
attn_gridmix_seed1113_v1,1113,experiments/attn_gridmix_seed1113_v1/runs/late_attn_tune/seed_1113/best.pt,14,3.250000000000001e-05,0,1.4958289984230684,0.7117734533325534,0.7840555455083045,0.0,0.0,0.0,0.0,,,,,
attn_gridmix_seed1113_v1,1113,experiments/attn_gridmix_seed1113_v1/runs/late_attn_tune/seed_1113/best.pt,15,2.6074557564105733e-05,0,1.489543193968657,0.7060305910689808,0.7835126084702038,0.0,0.0,0.0,0.0,0.5607930648677399,0.6581369038888784,0.6021874676458242,0.6263130466464285,
attn_gridmix_seed1113_v1,1113,experiments/attn_gridmix_seed1113_v1/runs/late_attn_tune/seed_1113/best.pt,16,2.0528000059646e-05,0,1.460349567582674,0.6904860861669077,0.7698634801623977,0.0,0.0,0.0,0.0,,,,,
attn_gridmix_seed1113_v1,1113,experiments/attn_gridmix_seed1113_v1/runs/late_attn_tune/seed_1113/best.pt,17,1.602885682970027e-05,0,1.4667352889185754,0.685962414908632,0.7807728709461533,0.0,0.0,0.0,0.0,,,,,
attn_gridmix_seed1113_v1,1113,experiments/attn_gridmix_seed1113_v1/runs/late_attn_tune/seed_1113/best.pt,18,1.2713832064634127e-05,0,1.4609946458139151,0.6903373894290389,0.77065725917014,0.0,0.0,0.0,0.0,,,,,
attn_gridmix_seed1113_v1,1113,experiments/attn_gridmix_seed1113_v1/runs/late_attn_tune/seed_1113/best.pt,19,1.068365111445064e-05,0,1.4438997963878597,0.6858798282168735,0.7580199687280388,0.0,0.0,0.0,0.0,,,,,
attn_gridmix_seed1113_v1,1113,experiments/attn_gridmix_seed1113_v1/runs/late_attn_tune/seed_1113/best.pt,20,1e-05,0,1.4626904943279018,0.6805224407499082,0.7821680530209407,0.0,0.0,0.0,0.0,0.5617927857160026,0.6577507038833414,0.6035965311827381,0.6254272793348019,
attn_gridmix_v1,1111,experiments/attn_gridmix_v1/runs/late_attn_tune/seed_1111/best.pt,1,5e-05,0,1.1329507203859703,1.1329507203859703,0.0,0.0,0.0,0.0,0.0,,,,,
attn_gridmix_v1,1111,experiments/attn_gridmix_v1/runs/late_attn_tune/seed_1111/best.pt,2,0.0001,0,1.0418550450111104,1.0418550450111104,0.0,0.0,0.0,0.0,0.0,,,,,
attn_gridmix_v1,1111,experiments/attn_gridmix_v1/runs/late_attn_tune/seed_1111/best.pt,3,9.931634888554937e-05,0,1.928451311922519,0.9532420936031876,0.9752092116346984,0.0,0.0,0.0,0.0,,,,,
attn_gridmix_v1,1111,experiments/attn_gridmix_v1/runs/late_attn_tune/seed_1111/best.pt,4,9.728616793536588e-05,0,1.8323023129846447,0.9020733136997044,0.9302289914862018,0.0,0.0,0.0,0.0,,,,,
attn_gridmix_v1,1111,experiments/attn_gridmix_v1/runs/late_attn_tune/seed_1111/best.pt,5,9.397114317029977e-05,0,1.774817655019671,0.8696758084208052,0.9051418477129712,0.0,0.0,0.0,0.0,0.5357998515243553,0.671370437653348,0.5531305956344802,0.6473919075435913,
attn_gridmix_v1,1111,experiments/attn_gridmix_v1/runs/late_attn_tune/seed_1111/best.pt,6,8.947199994035401e-05,0,1.7319661356578364,0.8432923739201554,0.8886737589524171,0.0,0.0,0.0,0.0,,,,,
attn_gridmix_v1,1111,experiments/attn_gridmix_v1/runs/late_attn_tune/seed_1111/best.pt,7,8.392544243589427e-05,0,1.68880469442528,0.8192288240539694,0.8695758698142577,0.0,0.0,0.0,0.0,,,,,
attn_gridmix_v1,1111,experiments/attn_gridmix_v1/runs/late_attn_tune/seed_1111/best.pt,8,7.75e-05,0,1.6560609374090889,0.804680754091138,0.8513801810897399,0.0,0.0,0.0,0.0,,,,,
attn_gridmix_v1,1111,experiments/attn_gridmix_v1/runs/late_attn_tune/seed_1111/best.pt,9,7.03909064496551e-05,0,1.6167358962174887,0.7781539904737027,0.8385819068578916,0.0,0.0,0.0,0.0,,,,,
attn_gridmix_v1,1111,experiments/attn_gridmix_v1/runs/late_attn_tune/seed_1111/best.pt,10,6.281416799501188e-05,0,1.567470412388026,0.751819248232886,0.8156511631802977,0.0,0.0,0.0,0.0,0.5575157371331757,0.6737654872703254,0.5986363636363636,0.6466020552881553,
attn_gridmix_v1,1111,experiments/attn_gridmix_v1/runs/late_attn_tune/seed_1111/best.pt,11,5.5e-05,0,1.5642677980048634,0.7499575988154545,0.8143101936188814,0.0,0.0,0.0,0.0,,,,,
attn_gridmix_v1,1111,experiments/attn_gridmix_v1/runs/late_attn_tune/seed_1111/best.pt,12,4.7185832004988135e-05,0,1.5512967020551736,0.7371576264082829,0.8141390742542588,0.0,0.0,0.0,0.0,,,,,
attn_gridmix_v1,1111,experiments/attn_gridmix_v1/runs/late_attn_tune/seed_1111/best.pt,13,3.960909355034492e-05,0,1.5337606902434446,0.729349872776281,0.8044108157960054,0.0,0.0,0.0,0.0,,,,,
attn_gridmix_v1,1111,experiments/attn_gridmix_v1/runs/late_attn_tune/seed_1111/best.pt,14,3.250000000000001e-05,0,1.4970099056992576,0.7137875804834277,0.7832223210379342,0.0,0.0,0.0,0.0,,,,,
attn_gridmix_v1,1111,experiments/attn_gridmix_v1/runs/late_attn_tune/seed_1111/best.pt,15,2.6074557564105733e-05,0,1.507113115809788,0.7015029626471974,0.8056101542766964,0.0,0.0,0.0,0.0,0.5553605924377677,0.6682700253603597,0.5855758446742048,0.6393168137979995,
attn_gridmix_v1,1111,experiments/attn_gridmix_v1/runs/late_attn_tune/seed_1111/best.pt,16,2.0528000059646e-05,0,1.4809121021600526,0.7037604292419469,0.7771516798812652,0.0,0.0,0.0,0.0,,,,,
attn_gridmix_v1,1111,experiments/attn_gridmix_v1/runs/late_attn_tune/seed_1111/best.pt,17,1.602885682970027e-05,0,1.4717847983413768,0.6932774648488125,0.7785073312643532,0.0,0.0,0.0,0.0,,,,,
attn_gridmix_v1,1111,experiments/attn_gridmix_v1/runs/late_attn_tune/seed_1111/best.pt,18,1.2713832064634127e-05,0,1.473403763548236,0.6956918832854689,0.7777118805412934,0.0,0.0,0.0,0.0,,,,,
attn_gridmix_v1,1111,experiments/attn_gridmix_v1/runs/late_attn_tune/seed_1111/best.pt,19,1.068365111445064e-05,0,1.4655005310740423,0.691500331475356,0.7740001912428954,0.0,0.0,0.0,0.0,,,,,
attn_gridmix_v1,1111,experiments/attn_gridmix_v1/runs/late_attn_tune/seed_1111/best.pt,20,1e-05,0,1.4598874087645628,0.6900921040606276,0.769795303032777,0.0,0.0,0.0,0.0,0.5520233931587197,0.6751234733269168,0.5795378224678229,0.6473137114557136,
attn_gridprob.75_v1,1111,experiments/attn_gridprob.75_v1/runs/late_attn_tune/seed_1111/best.pt,1,5e-05,0,1.4827894083807402,1.4827894083807402,0.0,0.0,0.0,0.0,0.0,,,,,
attn_gridprob.75_v1,1111,experiments/attn_gridprob.75_v1/runs/late_attn_tune/seed_1111/best.pt,2,0.0001,0,1.3629285776726554,1.3629285776726554,0.0,0.0,0.0,0.0,0.0,,,,,
attn_gridprob.75_v1,1111,experiments/attn_gridprob.75_v1/runs/late_attn_tune/seed_1111/best.pt,3,9.931634888554937e-05,0,2.5435057878494263,1.254476309379685,1.2890294829261637,0.0,0.0,0.0,0.0,,,,,
attn_gridprob.75_v1,1111,experiments/attn_gridprob.75_v1/runs/late_attn_tune/seed_1111/best.pt,4,9.728616793536588e-05,0,2.39114402833386,1.1700504193796175,1.221093610625401,0.0,0.0,0.0,0.0,,,,,
attn_gridprob.75_v1,1111,experiments/attn_gridprob.75_v1/runs/late_attn_tune/seed_1111/best.pt,5,9.397114317029977e-05,0,2.2941681012929043,1.1147322092100838,1.1794358987674536,0.0,0.0,0.0,0.0,0.532197635600789,0.6559346374758047,0.5521275394157621,0.6289010890820294,
attn_gridprob.75_v1,1111,experiments/attn_gridprob.75_v1/runs/late_attn_tune/seed_1111/best.pt,6,8.947199994035401e-05,0,2.232073844036209,1.0787040624663091,1.1533697826840053,0.0,0.0,0.0,0.0,,,,,
attn_gridprob.75_v1,1111,experiments/attn_gridprob.75_v1/runs/late_attn_tune/seed_1111/best.pt,7,8.392544243589427e-05,0,2.163498537562718,1.0430413802093434,1.1204571634809548,0.0,0.0,0.0,0.0,,,,,
attn_gridprob.75_v1,1111,experiments/attn_gridprob.75_v1/runs/late_attn_tune/seed_1111/best.pt,8,7.75e-05,0,2.114798385406209,1.0185938990004708,1.0962044825063688,0.0,0.0,0.0,0.0,,,,,
attn_gridprob.75_v1,1111,experiments/attn_gridprob.75_v1/runs/late_attn_tune/seed_1111/best.pt,9,7.03909064496551e-05,0,2.075212449670952,0.9882520855030168,1.0869603636108829,0.0,0.0,0.0,0.0,,,,,
attn_gridprob.75_v1,1111,experiments/attn_gridprob.75_v1/runs/late_attn_tune/seed_1111/best.pt,10,6.281416799501188e-05,0,2.012281479122483,0.951495857160782,1.060785627532228,0.0,0.0,0.0,0.0,0.5543661394879106,0.6633035724915336,0.5865231886567138,0.6363176962956888,
attn_gridprob.75_v1,1111,experiments/attn_gridprob.75_v1/runs/late_attn_tune/seed_1111/best.pt,11,5.5e-05,0,2.000796309141355,0.948692803070924,1.0521034954864288,0.0,0.0,0.0,0.0,,,,,
attn_gridprob.75_v1,1111,experiments/attn_gridprob.75_v1/runs/late_attn_tune/seed_1111/best.pt,12,4.7185832004988135e-05,0,1.978478988754415,0.9322099719092112,1.046269014616993,0.0,0.0,0.0,0.0,,,,,
attn_gridprob.75_v1,1111,experiments/attn_gridprob.75_v1/runs/late_attn_tune/seed_1111/best.pt,13,3.960909355034492e-05,0,1.9446753642269383,0.9211169436713246,1.023558426683194,0.0,0.0,0.0,0.0,,,,,
attn_gridprob.75_v1,1111,experiments/attn_gridprob.75_v1/runs/late_attn_tune/seed_1111/best.pt,14,3.250000000000001e-05,0,1.9007596122884305,0.900882399527826,0.9998772088612352,0.0,0.0,0.0,0.0,,,,,
attn_gridprob.75_v1,1111,experiments/attn_gridprob.75_v1/runs/late_attn_tune/seed_1111/best.pt,15,2.6074557564105733e-05,0,1.9162482468881337,0.8850415237596102,1.0312067259137876,0.0,0.0,0.0,0.0,0.5590239714489795,0.6634493957782481,0.5907362381598875,0.6353758336631722,
attn_gridprob.75_v1,1111,experiments/attn_gridprob.75_v1/runs/late_attn_tune/seed_1111/best.pt,16,2.0528000059646e-05,0,1.8949801264522232,0.8836737152571991,1.0113064078527076,0.0,0.0,0.0,0.0,,,,,
attn_gridprob.75_v1,1111,experiments/attn_gridprob.75_v1/runs/late_attn_tune/seed_1111/best.pt,17,1.602885682970027e-05,0,1.8701455793648123,0.8755873424984585,0.9945582368663538,0.0,0.0,0.0,0.0,,,,,
attn_gridprob.75_v1,1111,experiments/attn_gridprob.75_v1/runs/late_attn_tune/seed_1111/best.pt,18,1.2713832064634127e-05,0,1.8857436636898008,0.8805713063088533,1.0051723584950527,0.0,0.0,0.0,0.0,,,,,
attn_gridprob.75_v1,1111,experiments/attn_gridprob.75_v1/runs/late_attn_tune/seed_1111/best.pt,19,1.068365111445064e-05,0,1.8704904947325447,0.8728240188037124,0.9976664787140962,0.0,0.0,0.0,0.0,,,,,
attn_gridprob.75_v1,1111,experiments/attn_gridprob.75_v1/runs/late_attn_tune/seed_1111/best.pt,20,1e-05,0,1.881775461624716,0.8794437479750018,1.0023317125356086,0.0,0.0,0.0,0.0,0.557576192791203,0.6668165406887351,0.5933896073724155,0.6387106317289271,
attn_gridprob1.0_seed1112_v1,1112,experiments/attn_gridprob1.0_seed1112_v1/runs/late_attn_tune/seed_1112/best.pt,1,5e-05,0,1.478139970904199,1.478139970904199,0.0,0.0,0.0,0.0,0.0,,,,,
attn_gridprob1.0_seed1112_v1,1112,experiments/attn_gridprob1.0_seed1112_v1/runs/late_attn_tune/seed_1112/best.pt,2,0.0001,0,1.3384169384697888,1.3384169384697888,0.0,0.0,0.0,0.0,0.0,,,,,
attn_gridprob1.0_seed1112_v1,1112,experiments/attn_gridprob1.0_seed1112_v1/runs/late_attn_tune/seed_1112/best.pt,3,9.931634888554937e-05,0,2.5047363354780963,1.2299058278587376,1.2748305140254654,0.0,0.0,0.0,0.0,,,,,
attn_gridprob1.0_seed1112_v1,1112,experiments/attn_gridprob1.0_seed1112_v1/runs/late_attn_tune/seed_1112/best.pt,4,9.728616793536588e-05,0,2.393867477078304,1.164154518430478,1.2297129603189842,0.0,0.0,0.0,0.0,,,,,
attn_gridprob1.0_seed1112_v1,1112,experiments/attn_gridprob1.0_seed1112_v1/runs/late_attn_tune/seed_1112/best.pt,5,9.397114317029977e-05,0,2.2879894314525284,1.1030765571326853,1.1849128776621596,0.0,0.0,0.0,0.0,0.542518865217817,0.6532720715103928,0.5596462300763173,0.6265098300588491,
attn_gridprob1.0_seed1112_v1,1112,experiments/attn_gridprob1.0_seed1112_v1/runs/late_attn_tune/seed_1112/best.pt,6,8.947199994035401e-05,0,2.20832266985813,1.0659253725381654,1.1423972845077517,0.0,0.0,0.0,0.0,,,,,
attn_gridprob1.0_seed1112_v1,1112,experiments/attn_gridprob1.0_seed1112_v1/runs/late_attn_tune/seed_1112/best.pt,7,8.392544243589427e-05,0,2.200627055123588,1.0510988892795885,1.1495281669581048,0.0,0.0,0.0,0.0,,,,,
attn_gridprob1.0_seed1112_v1,1112,experiments/attn_gridprob1.0_seed1112_v1/runs/late_attn_tune/seed_1112/best.pt,8,7.75e-05,0,2.110488786875645,1.0013960165398144,1.1090927658794083,0.0,0.0,0.0,0.0,,,,,
attn_gridprob1.0_seed1112_v1,1112,experiments/attn_gridprob1.0_seed1112_v1/runs/late_attn_tune/seed_1112/best.pt,9,7.03909064496551e-05,0,2.0596609728358617,0.9784317320195314,1.081229240537804,0.0,0.0,0.0,0.0,,,,,
attn_gridprob1.0_seed1112_v1,1112,experiments/attn_gridprob1.0_seed1112_v1/runs/late_attn_tune/seed_1112/best.pt,10,6.281416799501188e-05,0,2.0393343456437654,0.96737516316298,1.0719591802525743,0.0,0.0,0.0,0.0,0.5544331652487532,0.6543729653744593,0.5838654353855085,0.6257796130313571,
attn_gridprob1.0_seed1112_v1,1112,experiments/attn_gridprob1.0_seed1112_v1/runs/late_attn_tune/seed_1112/best.pt,11,5.5e-05,0,2.016283760561007,0.9456737709936694,1.070609986782074,0.0,0.0,0.0,0.0,,,,,
attn_gridprob1.0_seed1112_v1,1112,experiments/attn_gridprob1.0_seed1112_v1/runs/late_attn_tune/seed_1112/best.pt,12,4.7185832004988135e-05,0,2.020718294883443,0.938884819222388,1.0818334717616858,0.0,0.0,0.0,0.0,,,,,
attn_gridprob1.0_seed1112_v1,1112,experiments/attn_gridprob1.0_seed1112_v1/runs/late_attn_tune/seed_1112/best.pt,13,3.960909355034492e-05,0,1.946457076295514,0.9104817114143728,1.0359753659952466,0.0,0.0,0.0,0.0,,,,,
attn_gridprob1.0_seed1112_v1,1112,experiments/attn_gridprob1.0_seed1112_v1/runs/late_attn_tune/seed_1112/best.pt,14,3.250000000000001e-05,0,1.9279543818714464,0.9075701651729156,1.0203842166985306,0.0,0.0,0.0,0.0,,,,,
attn_gridprob1.0_seed1112_v1,1112,experiments/attn_gridprob1.0_seed1112_v1/runs/late_attn_tune/seed_1112/best.pt,15,2.6074557564105733e-05,0,1.9208734737378412,0.8979770446492132,1.0228964224039951,0.0,0.0,0.0,0.0,0.5626479791856941,0.6539145182795214,0.5956132537275106,0.6223869522691929,
attn_gridprob1.0_seed1112_v1,1112,experiments/attn_gridprob1.0_seed1112_v1/runs/late_attn_tune/seed_1112/best.pt,16,2.0528000059646e-05,0,1.8887110057278211,0.8824826568086571,1.006228338335162,0.0,0.0,0.0,0.0,,,,,
attn_gridprob1.0_seed1112_v1,1112,experiments/attn_gridprob1.0_seed1112_v1/runs/late_attn_tune/seed_1112/best.pt,17,1.602885682970027e-05,0,1.883323864402058,0.8800011806398909,1.0033226960173278,0.0,0.0,0.0,0.0,,,,,
attn_gridprob1.0_seed1112_v1,1112,experiments/attn_gridprob1.0_seed1112_v1/runs/late_attn_tune/seed_1112/best.pt,18,1.2713832064634127e-05,0,1.8754528549229987,0.8770369514126644,0.9984159035103344,0.0,0.0,0.0,0.0,,,,,
attn_gridprob1.0_seed1112_v1,1112,experiments/attn_gridprob1.0_seed1112_v1/runs/late_attn_tune/seed_1112/best.pt,19,1.068365111445064e-05,0,1.861679621946032,0.8677330529578379,0.993946571216405,0.0,0.0,0.0,0.0,,,,,
attn_gridprob1.0_seed1112_v1,1112,experiments/attn_gridprob1.0_seed1112_v1/runs/late_attn_tune/seed_1112/best.pt,20,1e-05,0,1.9108193422032291,0.8869378070964992,1.0238815351067303,0.0,0.0,0.0,0.0,0.5618155863654241,0.6543504909104951,0.5918532715100496,0.6223556775298126,
attn_gridprob1.0_seed1113_v1,1113,experiments/attn_gridprob1.0_seed1113_v1/runs/late_attn_tune/seed_1113/best.pt,1,5e-05,0,1.472981274685013,1.472981274685013,0.0,0.0,0.0,0.0,0.0,,,,,
attn_gridprob1.0_seed1113_v1,1113,experiments/attn_gridprob1.0_seed1113_v1/runs/late_attn_tune/seed_1113/best.pt,2,0.0001,0,1.3524022837665592,1.3524022837665592,0.0,0.0,0.0,0.0,0.0,,,,,
attn_gridprob1.0_seed1113_v1,1113,experiments/attn_gridprob1.0_seed1113_v1/runs/late_attn_tune/seed_1113/best.pt,3,9.931634888554937e-05,0,2.534155061311811,1.2450291046472353,1.289125967248578,0.0,0.0,0.0,0.0,,,,,
attn_gridprob1.0_seed1113_v1,1113,experiments/attn_gridprob1.0_seed1113_v1/runs/late_attn_tune/seed_1113/best.pt,4,9.728616793536588e-05,0,2.3897508895285777,1.1663006694517404,1.2234502167345207,0.0,0.0,0.0,0.0,,,,,
attn_gridprob1.0_seed1113_v1,1113,experiments/attn_gridprob1.0_seed1113_v1/runs/late_attn_tune/seed_1113/best.pt,5,9.397114317029977e-05,0,2.319540792536513,1.118848635771564,1.2006921589931594,0.0,0.0,0.0,0.0,0.5287781788861632,0.6638396780732237,0.5438405845683334,0.635704869924946,
attn_gridprob1.0_seed1113_v1,1113,experiments/attn_gridprob1.0_seed1113_v1/runs/late_attn_tune/seed_1113/best.pt,6,8.947199994035401e-05,0,2.251565210173063,1.0934890636773866,1.158076150395046,0.0,0.0,0.0,0.0,,,,,
attn_gridprob1.0_seed1113_v1,1113,experiments/attn_gridprob1.0_seed1113_v1/runs/late_attn_tune/seed_1113/best.pt,7,8.392544243589427e-05,0,2.180817370102784,1.0448672687895944,1.135950092957399,0.0,0.0,0.0,0.0,,,,,
attn_gridprob1.0_seed1113_v1,1113,experiments/attn_gridprob1.0_seed1113_v1/runs/late_attn_tune/seed_1113/best.pt,8,7.75e-05,0,2.163696907391058,1.0293037334335184,1.1343931784139616,0.0,0.0,0.0,0.0,,,,,
attn_gridprob1.0_seed1113_v1,1113,experiments/attn_gridprob1.0_seed1113_v1/runs/late_attn_tune/seed_1113/best.pt,9,7.03909064496551e-05,0,2.060804099680108,0.980719645446706,1.0800844553475069,0.0,0.0,0.0,0.0,,,,,
attn_gridprob1.0_seed1113_v1,1113,experiments/attn_gridprob1.0_seed1113_v1/runs/late_attn_tune/seed_1113/best.pt,10,6.281416799501188e-05,0,2.0464156877214665,0.9758456327090752,1.0705700583547075,0.0,0.0,0.0,0.0,0.5589099355815053,0.6598647610786513,0.5941070740592246,0.6273770368196503,
attn_gridprob1.0_seed1113_v1,1113,experiments/attn_gridprob1.0_seed1113_v1/runs/late_attn_tune/seed_1113/best.pt,11,5.5e-05,0,2.016300536761774,0.9477612504335208,1.0685392879994116,0.0,0.0,0.0,0.0,,,,,
attn_gridprob1.0_seed1113_v1,1113,experiments/attn_gridprob1.0_seed1113_v1/runs/late_attn_tune/seed_1113/best.pt,12,4.7185832004988135e-05,0,1.9854195307348377,0.9386062321261824,1.0468132980516025,0.0,0.0,0.0,0.0,,,,,
attn_gridprob1.0_seed1113_v1,1113,experiments/attn_gridprob1.0_seed1113_v1/runs/late_attn_tune/seed_1113/best.pt,13,3.960909355034492e-05,0,1.9505960651647265,0.912425659248762,1.038170398952805,0.0,0.0,0.0,0.0,,,,,
attn_gridprob1.0_seed1113_v1,1113,experiments/attn_gridprob1.0_seed1113_v1/runs/late_attn_tune/seed_1113/best.pt,14,3.250000000000001e-05,0,1.9524587961000817,0.9049046198341334,1.0475541810008968,0.0,0.0,0.0,0.0,,,,,
attn_gridprob1.0_seed1113_v1,1113,experiments/attn_gridprob1.0_seed1113_v1/runs/late_attn_tune/seed_1113/best.pt,15,2.6074557564105733e-05,0,1.916534775885466,0.8970783458691891,1.0194564339156462,0.0,0.0,0.0,0.0,0.5592707078086797,0.6579310635207372,0.5935429880197322,0.6247191004431742,
attn_gridprob1.0_seed1113_v1,1113,experiments/attn_gridprob1.0_seed1113_v1/runs/late_attn_tune/seed_1113/best.pt,16,2.0528000059646e-05,0,1.8831319574997805,0.8777252948172739,1.0054066604542955,0.0,0.0,0.0,0.0,,,,,
attn_gridprob1.0_seed1113_v1,1113,experiments/attn_gridprob1.0_seed1113_v1/runs/late_attn_tune/seed_1113/best.pt,17,1.602885682970027e-05,0,1.882949869209361,0.8728387344663389,1.0101111252731252,0.0,0.0,0.0,0.0,,,,,
attn_gridprob1.0_seed1113_v1,1113,experiments/attn_gridprob1.0_seed1113_v1/runs/late_attn_tune/seed_1113/best.pt,18,1.2713832064634127e-05,0,1.882654424025633,0.8803685769856533,1.0022858414694529,0.0,0.0,0.0,0.0,,,,,
attn_gridprob1.0_seed1113_v1,1113,experiments/attn_gridprob1.0_seed1113_v1/runs/late_attn_tune/seed_1113/best.pt,19,1.068365111445064e-05,0,1.8568617439715664,0.8734316681032983,0.983430077539426,0.0,0.0,0.0,0.0,,,,,
attn_gridprob1.0_seed1113_v1,1113,experiments/attn_gridprob1.0_seed1113_v1/runs/late_attn_tune/seed_1113/best.pt,20,1e-05,0,1.8803401461271485,0.8661262404138796,1.0142139034850577,0.0,0.0,0.0,0.0,0.5601785112910107,0.6586735891665492,0.5952096184914849,0.6268344969726308,
attn_gridprob1.0_v1,1111,experiments/attn_gridprob1.0_v1/runs/late_attn_tune/seed_1111/best.pt,1,5e-05,0,1.4827894083807402,1.4827894083807402,0.0,0.0,0.0,0.0,0.0,,,,,
attn_gridprob1.0_v1,1111,experiments/attn_gridprob1.0_v1/runs/late_attn_tune/seed_1111/best.pt,2,0.0001,0,1.3629285776726554,1.3629285776726554,0.0,0.0,0.0,0.0,0.0,,,,,
attn_gridprob1.0_v1,1111,experiments/attn_gridprob1.0_v1/runs/late_attn_tune/seed_1111/best.pt,3,9.931634888554937e-05,0,2.5522734985173305,1.254880066786971,1.2973934345156233,0.0,0.0,0.0,0.0,,,,,
attn_gridprob1.0_v1,1111,experiments/attn_gridprob1.0_v1/runs/late_attn_tune/seed_1111/best.pt,4,9.728616793536588e-05,0,2.4088626141860106,1.1714924250807717,1.237370186319975,0.0,0.0,0.0,0.0,,,,,
attn_gridprob1.0_v1,1111,experiments/attn_gridprob1.0_v1/runs/late_attn_tune/seed_1111/best.pt,5,9.397114317029977e-05,0,2.3146674488192405,1.1170301582211646,1.1976372866987068,0.0,0.0,0.0,0.0,0.5298515292554742,0.6552640903095729,0.5497382049877292,0.6282128531269596,
attn_gridprob1.0_v1,1111,experiments/attn_gridprob1.0_v1/runs/late_attn_tune/seed_1111/best.pt,6,8.947199994035401e-05,0,2.2513374792081176,1.0817217826843262,1.169615705993688,0.0,0.0,0.0,0.0,,,,,
attn_gridprob1.0_v1,1111,experiments/attn_gridprob1.0_v1/runs/late_attn_tune/seed_1111/best.pt,7,8.392544243589427e-05,0,2.1819033845562803,1.045726448576027,1.1361769415507808,0.0,0.0,0.0,0.0,,,,,
attn_gridprob1.0_v1,1111,experiments/attn_gridprob1.0_v1/runs/late_attn_tune/seed_1111/best.pt,8,7.75e-05,0,2.131426553859889,1.0216042243431662,1.1098223167045094,0.0,0.0,0.0,0.0,,,,,
attn_gridprob1.0_v1,1111,experiments/attn_gridprob1.0_v1/runs/late_attn_tune/seed_1111/best.pt,9,7.03909064496551e-05,0,2.0958201929787608,0.9918102014844664,1.1040100004071387,0.0,0.0,0.0,0.0,,,,,
attn_gridprob1.0_v1,1111,experiments/attn_gridprob1.0_v1/runs/late_attn_tune/seed_1111/best.pt,10,6.281416799501188e-05,0,2.043418975633996,0.9560550841215616,1.0873638942976978,0.0,0.0,0.0,0.0,0.5554661665249125,0.6626148895872073,0.5927150303387928,0.6359418406532463,
attn_gridprob1.0_v1,1111,experiments/attn_gridprob1.0_v1/runs/late_attn_tune/seed_1111/best.pt,11,5.5e-05,0,2.0098276595088924,0.9530857829290016,1.056741873794627,0.0,0.0,0.0,0.0,,,,,
attn_gridprob1.0_v1,1111,experiments/attn_gridprob1.0_v1/runs/late_attn_tune/seed_1111/best.pt,12,4.7185832004988135e-05,0,1.999791256735258,0.936021823749364,1.0637694268583138,0.0,0.0,0.0,0.0,,,,,
attn_gridprob1.0_v1,1111,experiments/attn_gridprob1.0_v1/runs/late_attn_tune/seed_1111/best.pt,13,3.960909355034492e-05,0,1.964375998372229,0.9252988473277226,1.0390771454739791,0.0,0.0,0.0,0.0,,,,,
attn_gridprob1.0_v1,1111,experiments/attn_gridprob1.0_v1/runs/late_attn_tune/seed_1111/best.pt,14,3.250000000000001e-05,0,1.928982195453109,0.905320681144144,1.023661511523701,0.0,0.0,0.0,0.0,,,,,
attn_gridprob1.0_v1,1111,experiments/attn_gridprob1.0_v1/runs/late_attn_tune/seed_1111/best.pt,15,2.6074557564105733e-05,0,1.9273108756430797,0.8895949175424664,1.0377159619999825,0.0,0.0,0.0,0.0,0.558340570654829,0.6630506684343325,0.5923745231263339,0.6351891021809674,
attn_gridprob1.0_v1,1111,experiments/attn_gridprob1.0_v1/runs/late_attn_tune/seed_1111/best.pt,16,2.0528000059646e-05,0,1.9144650018103768,0.8885140162762081,1.0259509844200634,0.0,0.0,0.0,0.0,,,,,
attn_gridprob1.0_v1,1111,experiments/attn_gridprob1.0_v1/runs/late_attn_tune/seed_1111/best.pt,17,1.602885682970027e-05,0,1.8921255084955804,0.8797917193341478,1.0123337891614326,0.0,0.0,0.0,0.0,,,,,
attn_gridprob1.0_v1,1111,experiments/attn_gridprob1.0_v1/runs/late_attn_tune/seed_1111/best.pt,18,1.2713832064634127e-05,0,1.914417033997652,0.8850749714352261,1.029342065904742,0.0,0.0,0.0,0.0,,,,,
attn_gridprob1.0_v1,1111,experiments/attn_gridprob1.0_v1/runs/late_attn_tune/seed_1111/best.pt,19,1.068365111445064e-05,0,1.8852904745351489,0.8770999883379892,1.0081904920462137,0.0,0.0,0.0,0.0,,,,,
attn_gridprob1.0_v1,1111,experiments/attn_gridprob1.0_v1/runs/late_attn_tune/seed_1111/best.pt,20,1e-05,0,1.9093937049402252,0.8835291622955108,1.0258645365171344,0.0,0.0,0.0,0.0,0.5576799697561123,0.6661983171633237,0.5866738665480804,0.6386414217547729,
attn_pw1_v1,1111,experiments/attn_pw1_v1/runs/late_attn_tune/seed_1111/best.pt,1,5e-05,0,1.090344036293921,1.090344036293921,0.0,0.0,0.0,0.0,0.0,,,,,
attn_pw1_v1,1111,experiments/attn_pw1_v1/runs/late_attn_tune/seed_1111/best.pt,2,0.0001,0,1.006339126101164,1.006339126101164,0.0,0.0,0.0,0.0,0.0,,,,,
attn_pw1_v1,1111,experiments/attn_pw1_v1/runs/late_attn_tune/seed_1111/best.pt,3,9.931634888554937e-05,0,1.84591589575616,0.9218060847754792,0.9241098137659448,0.0,0.0,0.0,0.0,,,,,
attn_pw1_v1,1111,experiments/attn_pw1_v1/runs/late_attn_tune/seed_1111/best.pt,4,9.728616793536588e-05,0,1.749708977815147,0.8706018952565773,0.8791070870149915,0.0,0.0,0.0,0.0,,,,,
attn_pw1_v1,1111,experiments/attn_pw1_v1/runs/late_attn_tune/seed_1111/best.pt,5,9.397114317029977e-05,0,1.6850378803003614,0.8384097073679773,0.8466281768317535,0.0,0.0,0.0,0.0,0.5488142104433089,0.673440766597138,0.5840996101888049,0.6504791093194489,
attn_pw1_v1,1111,experiments/attn_pw1_v1/runs/late_attn_tune/seed_1111/best.pt,6,8.947199994035401e-05,0,1.644932281191104,0.8121750555305838,0.8327572278887312,0.0,0.0,0.0,0.0,,,,,
attn_pw1_v1,1111,experiments/attn_pw1_v1/runs/late_attn_tune/seed_1111/best.pt,7,8.392544243589427e-05,0,1.5975701095901915,0.7889697763407342,0.8086003315782992,0.0,0.0,0.0,0.0,,,,,
attn_pw1_v1,1111,experiments/attn_pw1_v1/runs/late_attn_tune/seed_1111/best.pt,8,7.75e-05,0,1.5665573305058702,0.7726579929623648,0.793899332808557,0.0,0.0,0.0,0.0,,,,,
attn_pw1_v1,1111,experiments/attn_pw1_v1/runs/late_attn_tune/seed_1111/best.pt,9,7.03909064496551e-05,0,1.5326205575577567,0.7480375243124561,0.7845830340808797,0.0,0.0,0.0,0.0,,,,,
attn_pw1_v1,1111,experiments/attn_pw1_v1/runs/late_attn_tune/seed_1111/best.pt,10,6.281416799501188e-05,0,1.476736938841989,0.7221261265678941,0.7546108195157809,0.0,0.0,0.0,0.0,0.5501021412080794,0.6730947425862062,0.593066532229291,0.6458781066252773,
attn_pw1_v1,1111,experiments/attn_pw1_v1/runs/late_attn_tune/seed_1111/best.pt,11,5.5e-05,0,1.4892026737471606,0.7201081260899517,0.7690945479357354,0.0,0.0,0.0,0.0,,,,,
attn_pw1_v1,1111,experiments/attn_pw1_v1/runs/late_attn_tune/seed_1111/best.pt,12,4.7185832004988135e-05,0,1.4629031241497146,0.7074604078988048,0.7554427195932264,0.0,0.0,0.0,0.0,,,,,
attn_pw1_v1,1111,experiments/attn_pw1_v1/runs/late_attn_tune/seed_1111/best.pt,13,3.960909355034492e-05,0,1.4579145156334494,0.6997525669703973,0.7581619492201047,0.0,0.0,0.0,0.0,,,,,
attn_pw1_v1,1111,experiments/attn_pw1_v1/runs/late_attn_tune/seed_1111/best.pt,14,3.250000000000001e-05,0,1.4311963219508947,0.6837673699744394,0.7474289516979289,0.0,0.0,0.0,0.0,,,,,
attn_pw1_v1,1111,experiments/attn_pw1_v1/runs/late_attn_tune/seed_1111/best.pt,15,2.6074557564105733e-05,0,1.4372660155608274,0.672423068608079,0.7648429486239068,0.0,0.0,0.0,0.0,0.5523973615503454,0.6703645842228673,0.5910183579044651,0.6405869269632264,
attn_pw1_v1,1111,experiments/attn_pw1_v1/runs/late_attn_tune/seed_1111/best.pt,16,2.0528000059646e-05,0,1.4058728853118754,0.6743189945956257,0.7315538935015135,0.0,0.0,0.0,0.0,,,,,
attn_pw1_v1,1111,experiments/attn_pw1_v1/runs/late_attn_tune/seed_1111/best.pt,17,1.602885682970027e-05,0,1.3958834782939091,0.6628333215958604,0.7330501619900498,0.0,0.0,0.0,0.0,,,,,
attn_pw1_v1,1111,experiments/attn_pw1_v1/runs/late_attn_tune/seed_1111/best.pt,18,1.2713832064634127e-05,0,1.3983291766353856,0.6659983878380784,0.7323307896328863,0.0,0.0,0.0,0.0,,,,,
attn_pw1_v1,1111,experiments/attn_pw1_v1/runs/late_attn_tune/seed_1111/best.pt,19,1.068365111445064e-05,0,1.3881209604093965,0.6614591810747842,0.7266617762708218,0.0,0.0,0.0,0.0,,,,,
attn_pw1_v1,1111,experiments/attn_pw1_v1/runs/late_attn_tune/seed_1111/best.pt,20,1e-05,0,1.383538302974166,0.6607368641367583,0.7228014424582508,0.0,0.0,0.0,0.0,0.5548917782373474,0.677047514205348,0.5914456622791996,0.6480926890872869,
attn_reg0.05_v1,1111,experiments/attn_reg0.05_v1/runs/late_attn_tune/seed_1111/best.pt,1,5e-05,0,1.03711615488908,1.03711615488908,0.0,0.0,0.0,0.0,0.0,,,,,
attn_reg0.05_v1,1111,experiments/attn_reg0.05_v1/runs/late_attn_tune/seed_1111/best.pt,2,0.0001,0,0.9541435191564472,0.9541435191564472,0.0,0.0,0.0,0.0,0.0,,,,,
attn_reg0.05_v1,1111,experiments/attn_reg0.05_v1/runs/late_attn_tune/seed_1111/best.pt,3,9.931634888554937e-05,0,1.7428793071586397,0.870009208951041,0.8728700959793875,0.0,0.0,0.0,0.0,,,,,
attn_reg0.05_v1,1111,experiments/attn_reg0.05_v1/runs/late_attn_tune/seed_1111/best.pt,4,9.728616793536588e-05,0,1.6562540074375187,0.8242007817063376,0.832053221831812,0.0,0.0,0.0,0.0,,,,,
attn_reg0.05_v1,1111,experiments/attn_reg0.05_v1/runs/late_attn_tune/seed_1111/best.pt,5,9.397114317029977e-05,0,1.6005676895658547,0.796636507332882,0.8039311883605529,0.0,0.0,0.0,0.0,0.538822768802921,0.6897219835161047,0.5614946553530616,0.6696877601827689,
attn_reg0.05_v1,1111,experiments/attn_reg0.05_v1/runs/late_attn_tune/seed_1111/best.pt,6,8.947199994035401e-05,0,1.562693833190704,0.7719941657280254,0.7906996602209929,0.0,0.0,0.0,0.0,,,,,
attn_reg0.05_v1,1111,experiments/attn_reg0.05_v1/runs/late_attn_tune/seed_1111/best.pt,7,8.392544243589427e-05,0,1.5190882159170704,0.7505612529326822,0.7685269713401794,0.0,0.0,0.0,0.0,,,,,
attn_reg0.05_v1,1111,experiments/attn_reg0.05_v1/runs/late_attn_tune/seed_1111/best.pt,8,7.75e-05,0,1.4916805697378712,0.7362757291749259,0.7554048416770507,0.0,0.0,0.0,0.0,,,,,
attn_reg0.05_v1,1111,experiments/attn_reg0.05_v1/runs/late_attn_tune/seed_1111/best.pt,9,7.03909064496551e-05,0,1.4564281512643689,0.7113303973853031,0.7450977519293812,0.0,0.0,0.0,0.0,,,,,
attn_reg0.05_v1,1111,experiments/attn_reg0.05_v1/runs/late_attn_tune/seed_1111/best.pt,10,6.281416799501188e-05,0,1.4045534885932351,0.686195089995304,0.7183583935844564,0.0,0.0,0.0,0.0,0.5526088272981308,0.6915881811731222,0.5930499093047169,0.6672770166053221,
attn_reg0.05_v1,1111,experiments/attn_reg0.05_v1/runs/late_attn_tune/seed_1111/best.pt,11,5.5e-05,0,1.4136297613660866,0.6822092861772697,0.7314204796452388,0.0,0.0,0.0,0.0,,,,,
attn_reg0.05_v1,1111,experiments/attn_reg0.05_v1/runs/late_attn_tune/seed_1111/best.pt,12,4.7185832004988135e-05,0,1.3866015182477291,0.6704803401621703,0.7161211769714534,0.0,0.0,0.0,0.0,,,,,
attn_reg0.05_v1,1111,experiments/attn_reg0.05_v1/runs/late_attn_tune/seed_1111/best.pt,13,3.960909355034492e-05,0,1.38384084278178,0.6627651082578107,0.7210757297890209,0.0,0.0,0.0,0.0,,,,,
attn_reg0.05_v1,1111,experiments/attn_reg0.05_v1/runs/late_attn_tune/seed_1111/best.pt,14,3.250000000000001e-05,0,1.3587003361398928,0.6495860397258651,0.7091142969710804,0.0,0.0,0.0,0.0,,,,,
attn_reg0.05_v1,1111,experiments/attn_reg0.05_v1/runs/late_attn_tune/seed_1111/best.pt,15,2.6074557564105733e-05,0,1.3616579576073409,0.6368257300318959,0.7248322245116546,0.0,0.0,0.0,0.0,0.5522910735049786,0.6812109801015942,0.5874868917549071,0.6532571054731207,
attn_reg0.05_v1,1111,experiments/attn_reg0.05_v1/runs/late_attn_tune/seed_1111/best.pt,16,2.0528000059646e-05,0,1.333097172117679,0.6403620744419989,0.6927350990683119,0.0,0.0,0.0,0.0,,,,,
attn_reg0.05_v1,1111,experiments/attn_reg0.05_v1/runs/late_attn_tune/seed_1111/best.pt,17,1.602885682970027e-05,0,1.3227557601215685,0.6266591053142726,0.696096656478454,0.0,0.0,0.0,0.0,,,,,
attn_reg0.05_v1,1111,experiments/attn_reg0.05_v1/runs/late_attn_tune/seed_1111/best.pt,18,1.2713832064634127e-05,0,1.3225467299746576,0.6294575013289941,0.6930892286456634,0.0,0.0,0.0,0.0,,,,,
attn_reg0.05_v1,1111,experiments/attn_reg0.05_v1/runs/late_attn_tune/seed_1111/best.pt,19,1.068365111445064e-05,0,1.3158292330314063,0.6264334041103025,0.6893958276677354,0.0,0.0,0.0,0.0,,,,,
attn_reg0.05_v1,1111,experiments/attn_reg0.05_v1/runs/late_attn_tune/seed_1111/best.pt,20,1e-05,0,1.3066981752342153,0.623450705102671,0.6832474676248069,0.0,0.0,0.0,0.0,0.5482641930792496,0.6881530942700143,0.5704049775906063,0.6602540472272916,
attn_reg1.0_v1,1111,experiments/attn_reg1.0_v1/runs/late_attn_tune/seed_1111/best.pt,1,5e-05,0,1.4827894083807402,1.4827894083807402,0.0,0.0,0.0,0.0,0.0,,,,,
attn_reg1.0_v1,1111,experiments/attn_reg1.0_v1/runs/late_attn_tune/seed_1111/best.pt,2,0.0001,0,1.3629285776726554,1.3629285776726554,0.0,0.0,0.0,0.0,0.0,,,,,
attn_reg1.0_v1,1111,experiments/attn_reg1.0_v1/runs/late_attn_tune/seed_1111/best.pt,3,9.931634888554937e-05,0,2.506078720092773,1.2530997540349158,1.252978963829647,0.0,0.0,0.0,0.0,,,,,
attn_reg1.0_v1,1111,experiments/attn_reg1.0_v1/runs/late_attn_tune/seed_1111/best.pt,4,9.728616793536588e-05,0,2.334262873524817,1.1635434610821376,1.170719414113838,0.0,0.0,0.0,0.0,,,,,
attn_reg1.0_v1,1111,experiments/attn_reg1.0_v1/runs/late_attn_tune/seed_1111/best.pt,5,9.397114317029977e-05,0,2.229485641016024,1.1085739091177966,1.1209117274418054,0.0,0.0,0.0,0.0,0.5384424519519238,0.6564196383065,0.5609050574396645,0.6278171806844401,
attn_reg1.0_v1,1111,experiments/attn_reg1.0_v1/runs/late_attn_tune/seed_1111/best.pt,6,8.947199994035401e-05,0,2.169373774082861,1.0705736541302404,1.0988001121538822,0.0,0.0,0.0,0.0,,,,,
attn_reg1.0_v1,1111,experiments/attn_reg1.0_v1/runs/late_attn_tune/seed_1111/best.pt,7,8.392544243589427e-05,0,2.095480301669825,1.0341262973357583,1.0613540087904885,0.0,0.0,0.0,0.0,,,,,
attn_reg1.0_v1,1111,experiments/attn_reg1.0_v1/runs/late_attn_tune/seed_1111/best.pt,8,7.75e-05,0,2.04627040724888,1.008776329945181,1.0374940856594903,0.0,0.0,0.0,0.0,,,,,
attn_reg1.0_v1,1111,experiments/attn_reg1.0_v1/runs/late_attn_tune/seed_1111/best.pt,9,7.03909064496551e-05,0,1.9992752253452195,0.9765087115430386,1.0227665143592335,0.0,0.0,0.0,0.0,,,,,
attn_reg1.0_v1,1111,experiments/attn_reg1.0_v1/runs/late_attn_tune/seed_1111/best.pt,10,6.281416799501188e-05,0,1.925107783246263,0.9388314368568847,0.9862763424900092,0.0,0.0,0.0,0.0,0.5555499195285835,0.6687110757433117,0.5941970601740717,0.641681461686468,
attn_reg1.0_v1,1111,experiments/attn_reg1.0_v1/runs/late_attn_tune/seed_1111/best.pt,11,5.5e-05,0,1.9411527753990387,0.9374299706699692,1.00372281698423,0.0,0.0,0.0,0.0,,,,,
attn_reg1.0_v1,1111,experiments/attn_reg1.0_v1/runs/late_attn_tune/seed_1111/best.pt,12,4.7185832004988135e-05,0,1.906070119866701,0.919158235331562,0.9869118850921916,0.0,0.0,0.0,0.0,,,,,
attn_reg1.0_v1,1111,experiments/attn_reg1.0_v1/runs/late_attn_tune/seed_1111/best.pt,13,3.960909355034492e-05,0,1.8928501706257044,0.9070650394831864,0.9857851239008324,0.0,0.0,0.0,0.0,,,,,
attn_reg1.0_v1,1111,experiments/attn_reg1.0_v1/runs/late_attn_tune/seed_1111/best.pt,14,3.250000000000001e-05,0,1.8635930558231388,0.8884215315925741,0.9751715231164594,0.0,0.0,0.0,0.0,,,,,
attn_reg1.0_v1,1111,experiments/attn_reg1.0_v1/runs/late_attn_tune/seed_1111/best.pt,15,2.6074557564105733e-05,0,1.8703021123030477,0.8718262660169156,0.9984758496284484,0.0,0.0,0.0,0.0,0.560335518619453,0.6683853221181132,0.5966111302647632,0.6392401254940253,
attn_reg1.0_v1,1111,experiments/attn_reg1.0_v1/runs/late_attn_tune/seed_1111/best.pt,16,2.0528000059646e-05,0,1.8315414736204056,0.8706502312811736,0.960891245124496,0.0,0.0,0.0,0.0,,,,,
attn_reg1.0_v1,1111,experiments/attn_reg1.0_v1/runs/late_attn_tune/seed_1111/best.pt,17,1.602885682970027e-05,0,1.8191695135330488,0.8620728482709867,0.9570966608056398,0.0,0.0,0.0,0.0,,,,,
attn_reg1.0_v1,1111,experiments/attn_reg1.0_v1/runs/late_attn_tune/seed_1111/best.pt,18,1.2713832064634127e-05,0,1.821741150918408,0.8661798912788106,0.9555612568543336,0.0,0.0,0.0,0.0,,,,,
attn_reg1.0_v1,1111,experiments/attn_reg1.0_v1/runs/late_attn_tune/seed_1111/best.pt,19,1.068365111445064e-05,0,1.8101486909055264,0.8590937440640458,0.9510549395997948,0.0,0.0,0.0,0.0,,,,,
attn_reg1.0_v1,1111,experiments/attn_reg1.0_v1/runs/late_attn_tune/seed_1111/best.pt,20,1e-05,0,1.8142644278356963,0.8663482966824113,0.9479161278109683,0.0,0.0,0.0,0.0,0.5589276598603787,0.6719964488153077,0.5929797801127462,0.6423393657986218,
attn_runweight_v1,1111,experiments/attn_runweight_v1/runs/late_attn_runweight_tune/seed_1111/best.pt,1,5e-05,0,1.133194526779317,1.133194526779317,0.0,0.0,0.0,0.0,0.0,,,,,
attn_runweight_v1,1111,experiments/attn_runweight_v1/runs/late_attn_runweight_tune/seed_1111/best.pt,2,0.0001,0,1.042109848182892,1.042109848182892,0.0,0.0,0.0,0.0,0.0,,,,,
attn_runweight_v1,1111,experiments/attn_runweight_v1/runs/late_attn_runweight_tune/seed_1111/best.pt,3,9.931634888554937e-05,0,1.9072588949560003,0.9523707466704824,0.9548881488425708,0.0,0.0,0.0,0.0,,,,,
attn_runweight_v1,1111,experiments/attn_runweight_v1/runs/late_attn_runweight_tune/seed_1111/best.pt,4,9.728616793536588e-05,0,1.8049755118717656,0.898137767738271,0.9068377380059144,0.0,0.0,0.0,0.0,,,,,
attn_runweight_v1,1111,experiments/attn_runweight_v1/runs/late_attn_runweight_tune/seed_1111/best.pt,5,9.397114317029977e-05,0,1.7408698563263796,0.86632652316138,0.8745433348361576,0.0,0.0,0.0,0.0,0.5369053246247536,0.675178906249192,0.5613177026039744,0.652197881110184,
attn_runweight_v1,1111,experiments/attn_runweight_v1/runs/late_attn_runweight_tune/seed_1111/best.pt,6,8.947199994035401e-05,0,1.6982890623752205,0.8389414404040185,0.8593476253135182,0.0,0.0,0.0,0.0,,,,,
attn_runweight_v1,1111,experiments/attn_runweight_v1/runs/late_attn_runweight_tune/seed_1111/best.pt,7,8.392544243589427e-05,0,1.6502589600108497,0.8151155298001298,0.8351434313248252,0.0,0.0,0.0,0.0,,,,,
attn_runweight_v1,1111,experiments/attn_runweight_v1/runs/late_attn_runweight_tune/seed_1111/best.pt,8,7.75e-05,0,1.6203108379774005,0.7996553789789431,0.8206554606696156,0.0,0.0,0.0,0.0,,,,,
attn_runweight_v1,1111,experiments/attn_runweight_v1/runs/late_attn_runweight_tune/seed_1111/best.pt,9,7.03909064496551e-05,0,1.583066824440644,0.7729551090258304,0.8101117182000775,0.0,0.0,0.0,0.0,,,,,
attn_runweight_v1,1111,experiments/attn_runweight_v1/runs/late_attn_runweight_tune/seed_1111/best.pt,10,6.281416799501188e-05,0,1.5274245415892556,0.7461917559120143,0.7812327887410315,0.0,0.0,0.0,0.0,0.5521876126613976,0.6777666425066619,0.5893841049725509,0.6516184059448558,
attn_runweight_v1,1111,experiments/attn_runweight_v1/runs/late_attn_runweight_tune/seed_1111/best.pt,11,5.5e-05,0,1.5397960549203036,0.7439884234254606,0.7958076273169473,0.0,0.0,0.0,0.0,,,,,
attn_runweight_v1,1111,experiments/attn_runweight_v1/runs/late_attn_runweight_tune/seed_1111/best.pt,12,4.7185832004988135e-05,0,1.5127631994051354,0.7317038387338691,0.7810593548222123,0.0,0.0,0.0,0.0,,,,,
attn_runweight_v1,1111,experiments/attn_runweight_v1/runs/late_attn_runweight_tune/seed_1111/best.pt,13,3.960909355034492e-05,0,1.5066035161508575,0.7227018701138898,0.783901651886022,0.0,0.0,0.0,0.0,,,,,
attn_runweight_v1,1111,experiments/attn_runweight_v1/runs/late_attn_runweight_tune/seed_1111/best.pt,14,3.250000000000001e-05,0,1.4815570416851578,0.7086939449622253,0.772863094773248,0.0,0.0,0.0,0.0,,,,,
attn_runweight_v1,1111,experiments/attn_runweight_v1/runs/late_attn_runweight_tune/seed_1111/best.pt,15,2.6074557564105733e-05,0,1.486869554653346,0.6954752507610856,0.79139429470089,0.0,0.0,0.0,0.0,0.5522473455335021,0.6732410254285847,0.5840709740969149,0.6446990943948769,
attn_runweight_v1,1111,experiments/attn_runweight_v1/runs/late_attn_runweight_tune/seed_1111/best.pt,16,2.0528000059646e-05,0,1.456133366745209,0.6978317713626078,0.7583015928758639,0.0,0.0,0.0,0.0,,,,,
attn_runweight_v1,1111,experiments/attn_runweight_v1/runs/late_attn_runweight_tune/seed_1111/best.pt,17,1.602885682970027e-05,0,1.4456244384016943,0.6874010340075627,0.7582233977094989,0.0,0.0,0.0,0.0,,,,,
attn_runweight_v1,1111,experiments/attn_runweight_v1/runs/late_attn_runweight_tune/seed_1111/best.pt,18,1.2713832064634127e-05,0,1.446763031393568,0.6895020328392493,0.7572610024536881,0.0,0.0,0.0,0.0,,,,,
attn_runweight_v1,1111,experiments/attn_runweight_v1/runs/late_attn_runweight_tune/seed_1111/best.pt,19,1.068365111445064e-05,0,1.4379112921028494,0.6849305140916432,0.7529807775934166,0.0,0.0,0.0,0.0,,,,,
attn_runweight_v1,1111,experiments/attn_runweight_v1/runs/late_attn_runweight_tune/seed_1111/best.pt,20,1e-05,0,1.4336790347767767,0.6846560640869853,0.7490229651192638,0.0,0.0,0.0,0.0,0.5494678761489923,0.6788520154693529,0.5755958523847561,0.6511256960719558,
attn_textlr3e5_v1,1111,experiments/attn_textlr3e5_v1/runs/late_attn_tune/seed_1111/best.pt,1,5e-05,0,1.120610268873589,1.120610268873589,0.0,0.0,0.0,0.0,0.0,,,,,
attn_textlr3e5_v1,1111,experiments/attn_textlr3e5_v1/runs/late_attn_tune/seed_1111/best.pt,2,0.0001,0,1.0057503753733412,1.0057503753733412,0.0,0.0,0.0,0.0,0.0,,,,,
attn_textlr3e5_v1,1111,experiments/attn_textlr3e5_v1/runs/late_attn_tune/seed_1111/best.pt,3,9.931634888554937e-05,0,1.810708297747318,0.9043575447296428,0.9063507574740972,0.0,0.0,0.0,0.0,,,,,
attn_textlr3e5_v1,1111,experiments/attn_textlr3e5_v1/runs/late_attn_tune/seed_1111/best.pt,4,9.728616793536588e-05,0,1.6995944052099068,0.8440003406221621,0.8555940662589029,0.0,0.0,0.0,0.0,,,,,
attn_textlr3e5_v1,1111,experiments/attn_textlr3e5_v1/runs/late_attn_tune/seed_1111/best.pt,5,9.397114317029977e-05,0,1.6106762785777868,0.7997571569736873,0.8109191305169435,0.0,0.0,0.0,0.0,0.5462789764411343,0.6677185378618301,0.5790219711756752,0.6393614578227753,
attn_textlr3e5_v1,1111,experiments/attn_textlr3e5_v1/runs/late_attn_tune/seed_1111/best.pt,6,8.947199994035401e-05,0,1.5369655528915265,0.753664464036995,0.7833010921968477,0.0,0.0,0.0,0.0,,,,,
attn_textlr3e5_v1,1111,experiments/attn_textlr3e5_v1/runs/late_attn_tune/seed_1111/best.pt,7,8.392544243589427e-05,0,1.4675621150810028,0.7190442419497767,0.7485178736882789,0.0,0.0,0.0,0.0,,,,,
attn_textlr3e5_v1,1111,experiments/attn_textlr3e5_v1/runs/late_attn_tune/seed_1111/best.pt,8,7.75e-05,0,1.3836298713060182,0.6698968296296128,0.7137330425119846,0.0,0.0,0.0,0.0,,,,,
attn_textlr3e5_v1,1111,experiments/attn_textlr3e5_v1/runs/late_attn_tune/seed_1111/best.pt,9,7.03909064496551e-05,0,1.305711600825051,0.627067068748385,0.6786445331907718,0.0,0.0,0.0,0.0,,,,,
attn_textlr3e5_v1,1111,experiments/attn_textlr3e5_v1/runs/late_attn_tune/seed_1111/best.pt,10,6.281416799501188e-05,0,1.2057889142883158,0.5720905915041951,0.6336983183276987,0.0,0.0,0.0,0.0,0.5382915016518424,0.6936796149747728,0.5723546753846167,0.6685509159751646,
attn_textlr3e5_v1,1111,experiments/attn_textlr3e5_v1/runs/late_attn_tune/seed_1111/best.pt,11,5.5e-05,0,1.2067186225240476,0.5466479600589966,0.6600706644147356,0.0,0.0,0.0,0.0,,,,,
attn_textlr3e5_v1,1111,experiments/attn_textlr3e5_v1/runs/late_attn_tune/seed_1111/best.pt,12,4.7185832004988135e-05,0,1.1566420359032177,0.5282375539574667,0.6284044811101718,0.0,0.0,0.0,0.0,,,,,
attn_textlr3e5_v1,1111,experiments/attn_textlr3e5_v1/runs/late_attn_tune/seed_1111/best.pt,13,3.960909355034492e-05,0,1.1227895272112338,0.5071491284348141,0.6156403979408407,0.0,0.0,0.0,0.0,,,,,
attn_textlr3e5_v1,1111,experiments/attn_textlr3e5_v1/runs/late_attn_tune/seed_1111/best.pt,14,3.250000000000001e-05,0,1.0731633773473936,0.4817607284427803,0.5914026459800863,0.0,0.0,0.0,0.0,,,,,
attn_textlr3e5_v1,1111,experiments/attn_textlr3e5_v1/runs/late_attn_tune/seed_1111/best.pt,15,2.6074557564105733e-05,0,1.066097701264319,0.448537284247229,0.617560419245301,0.0,0.0,0.0,0.0,0.5462870157925062,0.6905963752729255,0.582268624980125,0.6607726534281967,
attn_textlr3e5_v1,1111,experiments/attn_textlr3e5_v1/runs/late_attn_tune/seed_1111/best.pt,16,2.0528000059646e-05,0,1.0256535655984254,0.4501017660738152,0.5755517992460839,0.0,0.0,0.0,0.0,,,,,
attn_textlr3e5_v1,1111,experiments/attn_textlr3e5_v1/runs/late_attn_tune/seed_1111/best.pt,17,1.602885682970027e-05,0,0.9954005527162106,0.431803874880354,0.5635966747720665,0.0,0.0,0.0,0.0,,,,,
attn_textlr3e5_v1,1111,experiments/attn_textlr3e5_v1/runs/late_attn_tune/seed_1111/best.pt,18,1.2713832064634127e-05,0,0.9831830157297794,0.4248702968949469,0.5583127178599901,0.0,0.0,0.0,0.0,,,,,
attn_textlr3e5_v1,1111,experiments/attn_textlr3e5_v1/runs/late_attn_tune/seed_1111/best.pt,19,1.068365111445064e-05,0,0.9742753859435288,0.4252990164628653,0.5489763662079784,0.0,0.0,0.0,0.0,,,,,
attn_textlr3e5_v1,1111,experiments/attn_textlr3e5_v1/runs/late_attn_tune/seed_1111/best.pt,20,1e-05,0,0.9735713372720736,0.4147721878557561,0.5587991478844224,0.0,0.0,0.0,0.0,0.5393848147342885,0.7085946685984599,0.5691135871660635,0.680741861833587,
attn_textstress_v1,1111,experiments/attn_textstress_v1/runs/late_attn_tune/seed_1111/best.pt,1,5e-05,0,1.1329507203859703,1.1329507203859703,0.0,0.0,0.0,0.0,0.0,,,,,
attn_textstress_v1,1111,experiments/attn_textstress_v1/runs/late_attn_tune/seed_1111/best.pt,2,0.0001,0,1.0418550450111104,1.0418550450111104,0.0,0.0,0.0,0.0,0.0,,,,,
attn_textstress_v1,1111,experiments/attn_textstress_v1/runs/late_attn_tune/seed_1111/best.pt,3,9.931634888554937e-05,0,1.9527917431893749,0.9548595831772992,0.9979321661396562,0.0,0.0,0.0,0.0,,,,,
attn_textstress_v1,1111,experiments/attn_textstress_v1/runs/late_attn_tune/seed_1111/best.pt,4,9.728616793536588e-05,0,1.8773774153718323,0.9060345915990456,0.9713428248868924,0.0,0.0,0.0,0.0,,,,,
attn_textstress_v1,1111,experiments/attn_textstress_v1/runs/late_attn_tune/seed_1111/best.pt,5,9.397114317029977e-05,0,1.8263049092248225,0.8774912869818857,0.948813632269886,0.0,0.0,0.0,0.0,0.523191994601092,0.6812285870153959,0.5317642330446604,0.6616354851548849,
attn_textstress_v1,1111,experiments/attn_textstress_v1/runs/late_attn_tune/seed_1111/best.pt,6,8.947199994035401e-05,0,1.8014024418091106,0.8551965027211983,0.94620592850391,0.0,0.0,0.0,0.0,,,,,
attn_textstress_v1,1111,experiments/attn_textstress_v1/runs/late_attn_tune/seed_1111/best.pt,7,8.392544243589427e-05,0,1.7418459509020654,0.8276844876948918,0.9141614637642264,0.0,0.0,0.0,0.0,,,,,
attn_textstress_v1,1111,experiments/attn_textstress_v1/runs/late_attn_tune/seed_1111/best.pt,8,7.75e-05,0,1.7127447573938102,0.8172322288851872,0.8955125318509396,0.0,0.0,0.0,0.0,,,,,
attn_textstress_v1,1111,experiments/attn_textstress_v1/runs/late_attn_tune/seed_1111/best.pt,9,7.03909064496551e-05,0,1.6906782344122913,0.7898288583644083,0.9008493735411456,0.0,0.0,0.0,0.0,,,,,
attn_textstress_v1,1111,experiments/attn_textstress_v1/runs/late_attn_tune/seed_1111/best.pt,10,6.281416799501188e-05,0,1.646265205935897,0.7664216703900667,0.8798435386096206,0.0,0.0,0.0,0.0,0.556567524332445,0.6733516311178702,0.5928810215033492,0.6471194538740687,
attn_textstress_v1,1111,experiments/attn_textstress_v1/runs/late_attn_tune/seed_1111/best.pt,11,5.5e-05,0,1.635307524805871,0.7633649779257373,0.8719425479942393,0.0,0.0,0.0,0.0,,,,,
attn_textstress_v1,1111,experiments/attn_textstress_v1/runs/late_attn_tune/seed_1111/best.pt,12,4.7185832004988135e-05,0,1.6103049093317765,0.7526404272730105,0.8576644809446602,0.0,0.0,0.0,0.0,,,,,
attn_textstress_v1,1111,experiments/attn_textstress_v1/runs/late_attn_tune/seed_1111/best.pt,13,3.960909355034492e-05,0,1.608746842803242,0.7445078578507789,0.8642389779893037,0.0,0.0,0.0,0.0,,,,,
attn_textstress_v1,1111,experiments/attn_textstress_v1/runs/late_attn_tune/seed_1111/best.pt,14,3.250000000000001e-05,0,1.593522032844686,0.7298908428611043,0.8636311899835818,0.0,0.0,0.0,0.0,,,,,
attn_textstress_v1,1111,experiments/attn_textstress_v1/runs/late_attn_tune/seed_1111/best.pt,15,2.6074557564105733e-05,0,1.5694997344061592,0.7197736387497911,0.8497260964919473,0.0,0.0,0.0,0.0,0.5523816778183532,0.6659960891106876,0.5826176667032459,0.637114060170511,
attn_textstress_v1,1111,experiments/attn_textstress_v1/runs/late_attn_tune/seed_1111/best.pt,16,2.0528000059646e-05,0,1.564180853210877,0.7220466448881916,0.8421342105508964,0.0,0.0,0.0,0.0,,,,,
attn_textstress_v1,1111,experiments/attn_textstress_v1/runs/late_attn_tune/seed_1111/best.pt,17,1.602885682970027e-05,0,1.5519442290903251,0.7100532751217067,0.8418909522974602,0.0,0.0,0.0,0.0,,,,,
attn_textstress_v1,1111,experiments/attn_textstress_v1/runs/late_attn_tune/seed_1111/best.pt,18,1.2713832064634127e-05,0,1.5498509334626598,0.7129824016695825,0.8368685351353939,0.0,0.0,0.0,0.0,,,,,
attn_textstress_v1,1111,experiments/attn_textstress_v1/runs/late_attn_tune/seed_1111/best.pt,19,1.068365111445064e-05,0,1.5364618797168554,0.7097538641401541,0.8267080165515436,0.0,0.0,0.0,0.0,,,,,
attn_textstress_v1,1111,experiments/attn_textstress_v1/runs/late_attn_tune/seed_1111/best.pt,20,1e-05,0,1.5231719195285691,0.707868362977126,0.8153035615649179,0.0,0.0,0.0,0.0,0.550343315373678,0.6708765293670373,0.5773649312039922,0.6427616911459264,
attn_tune_v3,1111,experiments/attn_tune_v3/runs/late_attn_tune/seed_1111/best.pt,1,5e-05,0,1.1329507203859703,1.1329507203859703,0.0,0.0,0.0,0.0,0.0,,,,,
attn_tune_v3,1111,experiments/attn_tune_v3/runs/late_attn_tune/seed_1111/best.pt,2,0.0001,0,1.0418550450111104,1.0418550450111104,0.0,0.0,0.0,0.0,0.0,,,,,
attn_tune_v3,1111,experiments/attn_tune_v3/runs/late_attn_tune/seed_1111/best.pt,3,9.931634888554937e-05,0,1.9071462911980173,0.9523276252167248,0.9548186626389762,0.0,0.0,0.0,0.0,,,,,
attn_tune_v3,1111,experiments/attn_tune_v3/runs/late_attn_tune/seed_1111/best.pt,4,9.728616793536588e-05,0,1.8048759164097152,0.898181615588821,0.9066942980356304,0.0,0.0,0.0,0.0,,,,,
attn_tune_v3,1111,experiments/attn_tune_v3/runs/late_attn_tune/seed_1111/best.pt,5,9.397114317029977e-05,0,1.740619071176119,0.8663212534423187,0.8742978221902223,0.0,0.0,0.0,0.0,0.5374604265170652,0.6736236649154503,0.5625064636747203,0.6502844916744884,
attn_tune_v3,1111,experiments/attn_tune_v3/runs/late_attn_tune/seed_1111/best.pt,6,8.947199994035401e-05,0,1.69825334303847,0.8390226336283104,0.8592307088531066,0.0,0.0,0.0,0.0,,,,,
attn_tune_v3,1111,experiments/attn_tune_v3/runs/late_attn_tune/seed_1111/best.pt,7,8.392544243589427e-05,0,1.6501586526353782,0.8152118024424971,0.8349468524210921,0.0,0.0,0.0,0.0,,,,,
attn_tune_v3,1111,experiments/attn_tune_v3/runs/late_attn_tune/seed_1111/best.pt,8,7.75e-05,0,1.6198730780699542,0.7994109804385177,0.8204621048731224,0.0,0.0,0.0,0.0,,,,,
attn_tune_v3,1111,experiments/attn_tune_v3/runs/late_attn_tune/seed_1111/best.pt,9,7.03909064496551e-05,0,1.5824114262500657,0.7727866518163236,0.8096247794472169,0.0,0.0,0.0,0.0,,,,,
attn_tune_v3,1111,experiments/attn_tune_v3/runs/late_attn_tune/seed_1111/best.pt,10,6.281416799501188e-05,0,1.5268732482027785,0.7458549689188182,0.7810182794232234,0.0,0.0,0.0,0.0,0.554401416599132,0.6763179326799408,0.5938307834005335,0.6502747448857817,
attn_tune_v3,1111,experiments/attn_tune_v3/runs/late_attn_tune/seed_1111/best.pt,11,5.5e-05,0,1.5394339784283504,0.743719428220642,0.7957145482580238,0.0,0.0,0.0,0.0,,,,,
attn_tune_v3,1111,experiments/attn_tune_v3/runs/late_attn_tune/seed_1111/best.pt,12,4.7185832004988135e-05,0,1.511300002303079,0.7311967441411776,0.7801032595545332,0.0,0.0,0.0,0.0,,,,,
attn_tune_v3,1111,experiments/attn_tune_v3/runs/late_attn_tune/seed_1111/best.pt,13,3.960909355034492e-05,0,1.506352800075139,0.7224880231318073,0.7838647800071217,0.0,0.0,0.0,0.0,,,,,
attn_tune_v3,1111,experiments/attn_tune_v3/runs/late_attn_tune/seed_1111/best.pt,14,3.250000000000001e-05,0,1.48074974022179,0.7084636117253348,0.7722861257111915,0.0,0.0,0.0,0.0,,,,,
attn_tune_v3,1111,experiments/attn_tune_v3/runs/late_attn_tune/seed_1111/best.pt,15,2.6074557564105733e-05,0,1.4864296088708897,0.6952414674179577,0.791188143681143,0.0,0.0,0.0,0.0,0.5533884724745537,0.6715195513475293,0.5853720819395877,0.6425018118272899,
attn_tune_v3,1111,experiments/attn_tune_v3/runs/late_attn_tune/seed_1111/best.pt,16,2.0528000059646e-05,0,1.4555496044248064,0.697667507089187,0.7578820998423568,0.0,0.0,0.0,0.0,,,,,
attn_tune_v3,1111,experiments/attn_tune_v3/runs/late_attn_tune/seed_1111/best.pt,17,1.602885682970027e-05,0,1.4451148337292894,0.686901046850971,0.7582137874353712,0.0,0.0,0.0,0.0,,,,,
attn_tune_v3,1111,experiments/attn_tune_v3/runs/late_attn_tune/seed_1111/best.pt,18,1.2713832064634127e-05,0,1.445388513190724,0.6889811762582476,0.7564073397177402,0.0,0.0,0.0,0.0,,,,,
attn_tune_v3,1111,experiments/attn_tune_v3/runs/late_attn_tune/seed_1111/best.pt,19,1.068365111445064e-05,0,1.4378212445250182,0.6848372500912051,0.752983993737497,0.0,0.0,0.0,0.0,,,,,
attn_tune_v3,1111,experiments/attn_tune_v3/runs/late_attn_tune/seed_1111/best.pt,20,1e-05,0,1.4332934740547822,0.6844729836856094,0.7488204976108587,0.0,0.0,0.0,0.0,0.5503646450756049,0.6773360264828175,0.5776732021982832,0.6491567341666439,
attn_video_balanced_v1,1111,experiments/attn_video_balanced_v1/runs/late_attn_tune/seed_1111/best.pt,1,5e-05,0,1.111597398731196,1.111597398731196,0.0,0.0,0.0,0.0,0.0,,,,,
attn_video_balanced_v1,1111,experiments/attn_video_balanced_v1/runs/late_attn_tune/seed_1111/best.pt,2,0.0001,0,1.025345606781612,1.025345606781612,0.0,0.0,0.0,0.0,0.0,,,,,
attn_video_balanced_v1,1111,experiments/attn_video_balanced_v1/runs/late_attn_tune/seed_1111/best.pt,3,9.931634888554937e-05,0,1.917422324697548,0.9561816144769436,0.9612407082709196,0.0,0.0,0.0,0.0,,,,,
attn_video_balanced_v1,1111,experiments/attn_video_balanced_v1/runs/late_attn_tune/seed_1111/best.pt,4,9.728616793536588e-05,0,1.785853538557748,0.8898004772507142,0.8960530618640864,0.0,0.0,0.0,0.0,,,,,
attn_video_balanced_v1,1111,experiments/attn_video_balanced_v1/runs/late_attn_tune/seed_1111/best.pt,5,9.397114317029977e-05,0,1.693828146034312,0.8446803427188196,0.8491478005302286,0.0,0.0,0.0,0.0,0.5400551657285795,0.68665898090275,0.5696420068982543,0.6695404534140514,
attn_video_balanced_v1,1111,experiments/attn_video_balanced_v1/runs/late_attn_tune/seed_1111/best.pt,6,8.947199994035401e-05,0,1.700063194069907,0.8409615677093791,0.8591016285887388,0.0,0.0,0.0,0.0,,,,,
attn_video_balanced_v1,1111,experiments/attn_video_balanced_v1/runs/late_attn_tune/seed_1111/best.pt,7,8.392544243589427e-05,0,1.6530789003193935,0.8145210442141951,0.8385578561051984,0.0,0.0,0.0,0.0,,,,,
attn_video_balanced_v1,1111,experiments/attn_video_balanced_v1/runs/late_attn_tune/seed_1111/best.pt,8,7.75e-05,0,1.5960159936797953,0.7847896312998834,0.8112263673933867,0.0,0.0,0.0,0.0,,,,,
attn_video_balanced_v1,1111,experiments/attn_video_balanced_v1/runs/late_attn_tune/seed_1111/best.pt,9,7.03909064496551e-05,0,1.5563309961390273,0.7620810682528487,0.7942499306714423,0.0,0.0,0.0,0.0,,,,,
attn_video_balanced_v1,1111,experiments/attn_video_balanced_v1/runs/late_attn_tune/seed_1111/best.pt,10,6.281416799501188e-05,0,1.506841448979957,0.7405001146492557,0.7663413336343854,0.0,0.0,0.0,0.0,0.550764239421291,0.6845947631571726,0.5788608676768314,0.6595075413882784,
attn_video_balanced_v1,1111,experiments/attn_video_balanced_v1/runs/late_attn_tune/seed_1111/best.pt,11,5.5e-05,0,1.5612038713749323,0.7596557482937786,0.8015481244737857,0.0,0.0,0.0,0.0,,,,,
attn_video_balanced_v1,1111,experiments/attn_video_balanced_v1/runs/late_attn_tune/seed_1111/best.pt,12,4.7185832004988135e-05,0,1.5127833708424434,0.7313670204064556,0.7814163571206209,0.0,0.0,0.0,0.0,,,,,
attn_video_balanced_v1,1111,experiments/attn_video_balanced_v1/runs/late_attn_tune/seed_1111/best.pt,13,3.960909355034492e-05,0,1.4775446179871248,0.7126952147929468,0.7648494065364945,0.0,0.0,0.0,0.0,,,,,
attn_video_balanced_v1,1111,experiments/attn_video_balanced_v1/runs/late_attn_tune/seed_1111/best.pt,14,3.250000000000001e-05,0,1.4340208039105495,0.6854199580500059,0.7486008544948614,0.0,0.0,0.0,0.0,,,,,
attn_video_balanced_v1,1111,experiments/attn_video_balanced_v1/runs/late_attn_tune/seed_1111/best.pt,15,2.6074557564105733e-05,0,1.4641754632798312,0.702116423399649,0.7620590379304975,0.0,0.0,0.0,0.0,0.5588269645998954,0.673965453210342,0.5915741367234434,0.6444752215379644,
attn_video_balanced_v1,1111,experiments/attn_video_balanced_v1/runs/late_attn_tune/seed_1111/best.pt,16,2.0528000059646e-05,0,1.4292961598556733,0.6903721910213756,0.7389239685557712,0.0,0.0,0.0,0.0,,,,,
attn_video_balanced_v1,1111,experiments/attn_video_balanced_v1/runs/late_attn_tune/seed_1111/best.pt,17,1.602885682970027e-05,0,1.431611853225209,0.6774835834436328,0.7541282672748387,0.0,0.0,0.0,0.0,,,,,
attn_video_balanced_v1,1111,experiments/attn_video_balanced_v1/runs/late_attn_tune/seed_1111/best.pt,18,1.2713832064634127e-05,0,1.438500095750684,0.6830108636450545,0.7554892262565756,0.0,0.0,0.0,0.0,,,,,
attn_video_balanced_v1,1111,experiments/attn_video_balanced_v1/runs/late_attn_tune/seed_1111/best.pt,19,1.068365111445064e-05,0,1.4140098457024477,0.6680861485895709,0.7459236929349811,0.0,0.0,0.0,0.0,,,,,
attn_video_balanced_v1,1111,experiments/attn_video_balanced_v1/runs/late_attn_tune/seed_1111/best.pt,20,1e-05,0,1.437621381795295,0.6819589455551076,0.7556624331763971,0.0,0.0,0.0,0.0,0.5572735345711988,0.6752520689292945,0.5921408129888432,0.6462311436669071,
av_branch_v1,1111,experiments/av_branch_v1/runs/late_av_tune/seed_1111/best.pt,1,5e-05,0,1.1329507203859703,1.1329507203859703,0.0,0.0,0.0,0.0,0.0,,,,,
av_branch_v1,1111,experiments/av_branch_v1/runs/late_av_tune/seed_1111/best.pt,2,0.0001,0,1.0418550450111104,1.0418550450111104,0.0,0.0,0.0,0.0,0.0,,,,,
av_branch_v1,1111,experiments/av_branch_v1/runs/late_av_tune/seed_1111/best.pt,3,9.931634888554937e-05,0,1.9020319118678013,0.9477624414123108,0.954269464884963,0.0,0.0,0.0,0.0,,,,,
av_branch_v1,1111,experiments/av_branch_v1/runs/late_av_tune/seed_1111/best.pt,4,9.728616793536588e-05,0,1.804173460630613,0.8994742364526909,0.9046992230638166,0.0,0.0,0.0,0.0,,,,,
av_branch_v1,1111,experiments/av_branch_v1/runs/late_av_tune/seed_1111/best.pt,5,9.397114317029977e-05,0,1.7407363497208213,0.8685133061676382,0.872223043553183,0.0,0.0,0.0,0.0,0.5390769655051707,0.6719094061304759,0.5555804438707811,0.6486770735339102,
av_branch_v1,1111,experiments/av_branch_v1/runs/late_av_tune/seed_1111/best.pt,6,8.947199994035401e-05,0,1.6930673189252337,0.8362451034171559,0.8568222233068163,0.0,0.0,0.0,0.0,,,,,
av_branch_v1,1111,experiments/av_branch_v1/runs/late_av_tune/seed_1111/best.pt,7,8.392544243589427e-05,0,1.6406234458228135,0.8121131095930795,0.8285103401291036,0.0,0.0,0.0,0.0,,,,,
av_branch_v1,1111,experiments/av_branch_v1/runs/late_av_tune/seed_1111/best.pt,8,7.75e-05,0,1.6135743767301614,0.7960387050548446,0.8175356772458442,0.0,0.0,0.0,0.0,,,,,
av_branch_v1,1111,experiments/av_branch_v1/runs/late_av_tune/seed_1111/best.pt,9,7.03909064496551e-05,0,1.587793071693349,0.7763962896070747,0.8113967859856436,0.0,0.0,0.0,0.0,,,,,
av_branch_v1,1111,experiments/av_branch_v1/runs/late_av_tune/seed_1111/best.pt,10,6.281416799501188e-05,0,1.534465400972099,0.7518311917224777,0.7826342042361465,0.0,0.0,0.0,0.0,0.5568600878375656,0.6732276815599749,0.5894437538515737,0.6460352471957986,
av_branch_v1,1111,experiments/av_branch_v1/runs/late_av_tune/seed_1111/best.pt,11,5.5e-05,0,1.5440302385348026,0.7470899800830912,0.7969402553879212,0.0,0.0,0.0,0.0,,,,,
av_branch_v1,1111,experiments/av_branch_v1/runs/late_av_tune/seed_1111/best.pt,12,4.7185832004988135e-05,0,1.5207091402784687,0.735898981027514,0.7848101586939018,0.0,0.0,0.0,0.0,,,,,
av_branch_v1,1111,experiments/av_branch_v1/runs/late_av_tune/seed_1111/best.pt,13,3.960909355034492e-05,0,1.5165649073146217,0.7316344213262896,0.7849304843171735,0.0,0.0,0.0,0.0,,,,,
av_branch_v1,1111,experiments/av_branch_v1/runs/late_av_tune/seed_1111/best.pt,14,3.250000000000001e-05,0,1.473787166247858,0.7019698795314148,0.7718172869949698,0.0,0.0,0.0,0.0,,,,,
av_branch_v1,1111,experiments/av_branch_v1/runs/late_av_tune/seed_1111/best.pt,15,2.6074557564105733e-05,0,1.483256468148989,0.702519812316538,0.7807366552753984,0.0,0.0,0.0,0.0,0.5571268284354597,0.6717600322293874,0.5838487297230778,0.6427341515843111,
av_branch_v1,1111,experiments/av_branch_v1/runs/late_av_tune/seed_1111/best.pt,16,2.0528000059646e-05,0,1.4570069307478788,0.700161030080831,0.7568459020596798,0.0,0.0,0.0,0.0,,,,,
av_branch_v1,1111,experiments/av_branch_v1/runs/late_av_tune/seed_1111/best.pt,17,1.602885682970027e-05,0,1.448185911802488,0.6890021754759494,0.7591837360480121,0.0,0.0,0.0,0.0,,,,,
av_branch_v1,1111,experiments/av_branch_v1/runs/late_av_tune/seed_1111/best.pt,18,1.2713832064634127e-05,0,1.4579792707879966,0.6937180746381528,0.7642611967068966,0.0,0.0,0.0,0.0,,,,,
av_branch_v1,1111,experiments/av_branch_v1/runs/late_av_tune/seed_1111/best.pt,19,1.068365111445064e-05,0,1.4455929671492531,0.6844739181416057,0.7611190515143849,0.0,0.0,0.0,0.0,,,,,
av_branch_v1,1111,experiments/av_branch_v1/runs/late_av_tune/seed_1111/best.pt,20,1e-05,0,1.4363068542747854,0.6865950229569017,0.7497118304823046,0.0,0.0,0.0,0.0,0.5534251507609036,0.6786821739511136,0.583611102779694,0.6510253614128138,
full_tune_stress_v3,1111,experiments/full_tune_stress_v3/runs/full_tune_stress/seed_1111/best.pt,1,5e-05,0,1.294376013434936,1.0780339118476223,0.0,4.326842031746267,0.0,0.0,0.0,,,,,
full_tune_stress_v3,1111,experiments/full_tune_stress_v3/runs/full_tune_stress/seed_1111/best.pt,2,0.0001,0,1.180535535389018,0.9695153503774484,0.0,4.220403648982538,0.0,0.0,0.0,,,,,
full_tune_stress_v3,1111,experiments/full_tune_stress_v3/runs/full_tune_stress/seed_1111/best.pt,3,9.931634888554937e-05,62283,2.1531196888362136,0.9200412146398954,0.9947521580713932,4.17218411080191,1.329671277621082,0.1339860307400889,0.0891907024675997,,,,,
full_tune_stress_v3,1111,experiments/full_tune_stress_v3/runs/full_tune_stress/seed_1111/best.pt,4,9.728616793536588e-05,62923,2.065622950268683,0.8743791012006386,0.949866733261358,4.143177459173113,0.7666658942944535,0.0101913572419608,0.0836947369693874,,,,,
full_tune_stress_v3,1111,experiments/full_tune_stress_v3/runs/full_tune_stress/seed_1111/best.pt,5,9.397114317029977e-05,62207,2.027898155640219,0.8471140087207901,0.929914423795504,4.117145549471133,0.6401370635656553,0.0093777616395153,0.1053815832553065,0.5426898570564068,0.6772029348388874,0.5725507272151749,0.6348606988384355,
full_tune_stress_v3,1111,experiments/full_tune_stress_v3/runs/full_tune_stress/seed_1111/best.pt,6,8.947199994035401e-05,62629,1.9832904194002956,0.8083808416518096,0.9116392480992824,4.097890354762567,0.616807504235027,0.0103422564663271,0.1077189122056849,,,,,
full_tune_stress_v3,1111,experiments/full_tune_stress_v3/runs/full_tune_stress/seed_1111/best.pt,7,8.392544243589427e-05,62551,1.9258646898180525,0.7731880556757205,0.8733102907644255,4.0704007549820655,0.637445889900778,0.0123787763937611,0.1148277501288418,,,,,
full_tune_stress_v3,1111,experiments/full_tune_stress_v3/runs/full_tune_stress/seed_1111/best.pt,8,7.75e-05,62473,1.9029795276784447,0.7555877947918722,0.8479018757276446,4.055091211728961,0.6742785489447763,0.0163709254691673,0.123663358599226,,,,,
full_tune_stress_v3,1111,experiments/full_tune_stress_v3/runs/full_tune_stress/seed_1111/best.pt,9,7.03909064496551e-05,63165,1.8818357414174305,0.7238771987852649,0.833246221052152,4.028521838589249,0.7273546212187437,0.0195163801643196,0.1435030622181491,,,,,
full_tune_stress_v3,1111,experiments/full_tune_stress_v3/runs/full_tune_stress/seed_1111/best.pt,10,6.281416799501188e-05,62043,1.8454848979121057,0.6813585230401743,0.8132235040174467,4.010860600204111,0.7762133657375229,0.022511397175073,0.1522799067408125,0.5219816943221833,0.6743799921282988,0.5454326975771117,0.6431745184680759,
full_tune_stress_v3,1111,experiments/full_tune_stress_v3/runs/full_tune_stress/seed_1111/best.pt,11,5.5e-05,62108,1.843043283881428,0.6765989179366103,0.7924284121700537,3.98980736955304,0.8102011268383988,0.0261821108043333,0.1462943414313214,,,,,
full_tune_stress_v3,1111,experiments/full_tune_stress_v3/runs/full_tune_stress/seed_1111/best.pt,12,4.7185832004988135e-05,62568,1.8145737336060712,0.6435884510245279,0.7713607468894709,3.9745237760454697,0.844128045523278,0.0275858210434562,0.1465707129546415,,,,,
full_tune_stress_v3,1111,experiments/full_tune_stress_v3/runs/full_tune_stress/seed_1111/best.pt,13,3.960909355034492e-05,62820,1.8034971061153944,0.6292176661647368,0.7649341164348281,3.969834365577341,0.8828743044461045,0.0342915568709652,0.1542479194979244,,,,,
full_tune_stress_v3,1111,experiments/full_tune_stress_v3/runs/full_tune_stress/seed_1111/best.pt,14,3.250000000000001e-05,61835,1.7607613824238286,0.5987042606433975,0.7463725526756215,3.949251508044305,0.904554221117608,0.0385928378031354,0.1672592974294011,,,,,
full_tune_stress_v3,1111,experiments/full_tune_stress_v3/runs/full_tune_stress/seed_1111/best.pt,15,2.6074557564105733e-05,62450,1.7461592181820735,0.5827358273145195,0.7410465760208736,3.946907353178363,0.9351575680982288,0.0416625465013992,0.1691683412085626,0.5270379850105077,0.6938895634113637,0.5529356310244169,0.6639181370539897,
full_tune_stress_v3,1111,experiments/full_tune_stress_v3/runs/full_tune_stress/seed_1111/best.pt,16,2.0528000059646e-05,61603,1.7081207304357369,0.5682154431521336,0.7156275683474318,3.9361517730160296,0.9493836676963022,0.0423014305497162,0.1668162487934683,,,,,
full_tune_stress_v3,1111,experiments/full_tune_stress_v3/runs/full_tune_stress/seed_1111/best.pt,17,1.602885682970027e-05,63113,1.684089979278707,0.5617948631259883,0.6990337371826172,3.928633751156174,0.9533792188234418,0.042768544073556,0.1593849657573432,,,,,
full_tune_stress_v3,1111,experiments/full_tune_stress_v3/runs/full_tune_stress/seed_1111/best.pt,18,1.2713832064634127e-05,62652,1.6880573179120215,0.5590690232325937,0.702697093520209,3.9272315346191977,0.9675732021019836,0.0470419300145635,0.1585539005627142,,,,,
full_tune_stress_v3,1111,experiments/full_tune_stress_v3/runs/full_tune_stress/seed_1111/best.pt,19,1.068365111445064e-05,62986,1.6564635266767485,0.5440540603388135,0.6801472180914656,3.922230171266003,0.985541986527844,0.047943900052075,0.1712397358545633,,,,,
full_tune_stress_v3,1111,experiments/full_tune_stress_v3/runs/full_tune_stress/seed_1111/best.pt,20,1e-05,63080,1.6466739734756612,0.5298510851147019,0.6831578726523391,3.9157693163256777,0.9896279066522544,0.047710427422529,0.1758995960666754,0.5198591400008823,0.7053973610046176,0.537786893817271,0.6780468698723401,
full_tune_v3,1111,experiments/full_tune_v3/runs/full_tune/seed_1111/best.pt,1,5e-05,0,1.2943758045401528,1.078032586062066,0.0,4.326864405213115,0.0,0.0,0.0,,,,,
full_tune_v3,1111,experiments/full_tune_v3/runs/full_tune/seed_1111/best.pt,2,0.0001,0,1.1805105331902193,0.9694858939848212,0.0,4.220492778537429,0.0,0.0,0.0,,,,,
full_tune_v3,1111,experiments/full_tune_v3/runs/full_tune/seed_1111/best.pt,3,9.931634888554937e-05,7454,2.064388706305317,0.9143793850301584,0.9184854437257642,4.175292955380734,1.0427217489091036,0.1103357668731048,0.0400724250161759,,,,,
full_tune_v3,1111,experiments/full_tune_v3/runs/full_tune/seed_1111/best.pt,4,9.728616793536588e-05,7699,1.9890754623947855,0.8752547301978708,0.8833209103512987,4.148280537017038,0.5346089389836677,0.0070264235195468,0.0390228770116222,,,,,
full_tune_v3,1111,experiments/full_tune_v3/runs/full_tune/seed_1111/best.pt,5,9.397114317029977e-05,7834,1.9152936077563565,0.8370752674396907,0.8387226696326354,4.125050220534066,0.5017297045092717,0.0059965247109915,0.0493245706937023,0.5411131478869461,0.6867127939315298,0.5850040193356238,0.6289529401654184,
full_tune_v3,1111,experiments/full_tune_v3/runs/full_tune/seed_1111/best.pt,6,8.947199994035401e-05,21824,1.8780063702681355,0.8021339306207461,0.824621083580445,4.107855257586898,0.5141313591293085,0.0074818199413402,0.0553602344556668,,,,,
full_tune_v3,1111,experiments/full_tune_v3/runs/full_tune/seed_1111/best.pt,7,8.392544243589427e-05,21219,1.8177628895946751,0.761642480007956,0.7903636582543917,4.0814807816086525,0.5480811247758777,0.0093269351234433,0.064082581184317,,,,,
full_tune_v3,1111,experiments/full_tune_v3/runs/full_tune/seed_1111/best.pt,8,7.75e-05,22026,1.7999508146927736,0.745347093198901,0.7716794665728774,4.069916119085294,0.5882369917686855,0.011266471552619,0.0680334457483525,,,,,
full_tune_v3,1111,experiments/full_tune_v3/runs/full_tune/seed_1111/best.pt,9,7.03909064496551e-05,21446,1.751161083996853,0.713100807967587,0.7371077746431404,4.048606146161801,0.6240066234196457,0.0144022337213228,0.0725222232046528,,,,,
full_tune_v3,1111,experiments/full_tune_v3/runs/full_tune/seed_1111/best.pt,10,6.281416799501188e-05,22611,1.6921841006412683,0.6702643493625605,0.7010302128635835,4.03231701004171,0.6577029595865267,0.0204065984645945,0.0775542586136644,0.5216466083780206,0.6835107967458082,0.5514823643469364,0.6539757990548234,
full_tune_v3,1111,experiments/full_tune_v3/runs/full_tune/seed_1111/best.pt,11,5.5e-05,38384,1.7271959447415075,0.6556826387053338,0.7197646245221111,4.018880759444192,0.7218848823386932,0.0272403924125377,0.1022985179638751,,,,,
full_tune_v3,1111,experiments/full_tune_v3/runs/full_tune/seed_1111/best.pt,12,4.7185832004988135e-05,38273,1.6899708208636703,0.6316093813593142,0.685548802402532,4.000913205547867,0.7476901551273382,0.0287310362262564,0.1017792223143243,,,,,
full_tune_v3,1111,experiments/full_tune_v3/runs/full_tune/seed_1111/best.pt,13,3.960909355034492e-05,38548,1.6570084863734025,0.6061661432836657,0.6734437073502585,3.99537402447139,0.7654840879351179,0.0320595468385754,0.1066357540227821,,,,,
full_tune_v3,1111,experiments/full_tune_v3/runs/full_tune/seed_1111/best.pt,14,3.250000000000001e-05,38645,1.6033227777926722,0.5717594300475076,0.6478620160405881,3.975198642115727,0.7912709754761135,0.0361010203590599,0.1153854669602674,,,,,
full_tune_v3,1111,experiments/full_tune_v3/runs/full_tune/seed_1111/best.pt,15,2.6074557564105733e-05,39295,1.6154788231181207,0.562235383229835,0.6590993008880972,3.975271099081664,0.8261309377500944,0.038096078828186,0.1317238971660627,0.5299949373842845,0.6981940390966846,0.5525871659204992,0.6715089948796719,
full_tune_v3,1111,experiments/full_tune_v3/runs/full_tune/seed_1111/best.pt,16,2.0528000059646e-05,37834,1.557919754046146,0.541504123222048,0.6239582965864199,3.967141743018249,0.8320616700938929,0.0371334144462631,0.1198728182570678,,,,,
full_tune_v3,1111,experiments/full_tune_v3/runs/full_tune/seed_1111/best.pt,17,1.602885682970027e-05,37558,1.5304682310496536,0.5233920199848782,0.6158886256619035,3.95953999612933,0.8268802633909421,0.0398734586191511,0.1192359240534149,,,,,
full_tune_v3,1111,experiments/full_tune_v3/runs/full_tune/seed_1111/best.pt,18,1.2713832064634127e-05,38156,1.520868455138162,0.5172096719251615,0.6047784176385291,3.962910141900321,0.8545831313757138,0.0468858462001118,0.1256481703440441,,,,,
full_tune_v3,1111,experiments/full_tune_v3/runs/full_tune/seed_1111/best.pt,19,1.068365111445064e-05,38377,1.5185492361817403,0.5119495951683721,0.6052978470503727,3.955001268431405,0.8584446483683363,0.046078741637485,0.1362746194979854,,,,,
full_tune_v3,1111,experiments/full_tune_v3/runs/full_tune/seed_1111/best.pt,20,1e-05,38204,1.5101602812793766,0.5096256145250018,0.6035831406294743,3.952453746973912,0.8475313927525672,0.0422186812986489,0.1280034207782455,0.5249034343817072,0.6999029390952759,0.5413760074429721,0.6735927320052204,
gate_v1,1111,experiments/gate_v1/runs/late_gate_tune/seed_1111/best.pt,1,5e-05,0,1.1267136452354003,1.1267136452354003,0.0,0.0,0.0,0.0,0.0,,,,,
gate_v1,1111,experiments/gate_v1/runs/late_gate_tune/seed_1111/best.pt,2,0.0001,0,1.0196394541553249,1.0196394541553249,0.0,0.0,0.0,0.0,0.0,,,,,
gate_v1,1111,experiments/gate_v1/runs/late_gate_tune/seed_1111/best.pt,3,9.931634888554937e-05,0,1.8906262377712213,0.9444094055166868,0.9462168411673788,0.0,0.0,0.0,0.0,,,,,
gate_v1,1111,experiments/gate_v1/runs/late_gate_tune/seed_1111/best.pt,4,9.728616793536588e-05,0,1.8030919471633768,0.8965142937464134,0.9065776550881216,0.0,0.0,0.0,0.0,,,,,
gate_v1,1111,experiments/gate_v1/runs/late_gate_tune/seed_1111/best.pt,5,9.397114317029977e-05,0,1.7427949002970045,0.8661332821177545,0.8766616176221972,0.0,0.0,0.0,0.0,0.5387094854826017,0.6705770108722672,0.5652757667667515,0.6439767850772093,
gate_v1,1111,experiments/gate_v1/runs/late_gate_tune/seed_1111/best.pt,6,8.947199994035401e-05,0,1.6974579407789996,0.8364894707626271,0.8609684728016364,0.0,0.0,0.0,0.0,,,,,
gate_v1,1111,experiments/gate_v1/runs/late_gate_tune/seed_1111/best.pt,7,8.392544243589427e-05,0,1.6482329769669293,0.8123157765263709,0.8359171954270835,0.0,0.0,0.0,0.0,,,,,
gate_v1,1111,experiments/gate_v1/runs/late_gate_tune/seed_1111/best.pt,8,7.75e-05,0,1.6101253077248547,0.795075535774231,0.8150497658230434,0.0,0.0,0.0,0.0,,,,,
gate_v1,1111,experiments/gate_v1/runs/late_gate_tune/seed_1111/best.pt,9,7.03909064496551e-05,0,1.5741787602968305,0.7676561427450626,0.8065226158806097,0.0,0.0,0.0,0.0,,,,,
gate_v1,1111,experiments/gate_v1/runs/late_gate_tune/seed_1111/best.pt,10,6.281416799501188e-05,0,1.520185047220961,0.7393013105214199,0.7808837400418576,0.0,0.0,0.0,0.0,0.5489435618940396,0.6797515740023086,0.5811307789865894,0.6519742655832638,
gate_v1,1111,experiments/gate_v1/runs/late_gate_tune/seed_1111/best.pt,11,5.5e-05,0,1.5311460038211857,0.739184099380101,0.7919619100116123,0.0,0.0,0.0,0.0,,,,,
gate_v1,1111,experiments/gate_v1/runs/late_gate_tune/seed_1111/best.pt,12,4.7185832004988135e-05,0,1.4984879131629087,0.7241596228608461,0.7743282880738517,0.0,0.0,0.0,0.0,,,,,
gate_v1,1111,experiments/gate_v1/runs/late_gate_tune/seed_1111/best.pt,13,3.960909355034492e-05,0,1.4949822782356048,0.7125175918374106,0.7824646925257746,0.0,0.0,0.0,0.0,,,,,
gate_v1,1111,experiments/gate_v1/runs/late_gate_tune/seed_1111/best.pt,14,3.250000000000001e-05,0,1.4708370427104915,0.7005901356166768,0.7702469059797091,0.0,0.0,0.0,0.0,,,,,
gate_v1,1111,experiments/gate_v1/runs/late_gate_tune/seed_1111/best.pt,15,2.6074557564105733e-05,0,1.4650103299417228,0.685714121455344,0.7792962059796413,0.0,0.0,0.0,0.0,0.5522239163531507,0.6763957667567516,0.5834328807003396,0.6486145597796217,
gate_v1,1111,experiments/gate_v1/runs/late_gate_tune/seed_1111/best.pt,16,2.0528000059646e-05,0,1.4423240846562608,0.6878852607490861,0.7544388208433846,0.0,0.0,0.0,0.0,,,,,
gate_v1,1111,experiments/gate_v1/runs/late_gate_tune/seed_1111/best.pt,17,1.602885682970027e-05,0,1.4253313624970267,0.6745673515529276,0.750764008715888,0.0,0.0,0.0,0.0,,,,,
gate_v1,1111,experiments/gate_v1/runs/late_gate_tune/seed_1111/best.pt,18,1.2713832064634127e-05,0,1.4287834808091138,0.6771299777743972,0.751653501920611,0.0,0.0,0.0,0.0,,,,,
gate_v1,1111,experiments/gate_v1/runs/late_gate_tune/seed_1111/best.pt,19,1.068365111445064e-05,0,1.422589490903872,0.6715811809925275,0.7510083078223968,0.0,0.0,0.0,0.0,,,,,
gate_v1,1111,experiments/gate_v1/runs/late_gate_tune/seed_1111/best.pt,20,1e-05,0,1.4158334141579745,0.6713666693072453,0.7444667392802016,0.0,0.0,0.0,0.0,0.552884128613881,0.6812095076014079,0.5891928256656503,0.6544099956981781,
gru_av_v1,1111,experiments/gru_av_v1/runs/late_gru_tune/seed_1111/best.pt,1,5e-05,0,1.1364618394976465,1.1364618394976465,0.0,0.0,0.0,0.0,0.0,,,,,
gru_av_v1,1111,experiments/gru_av_v1/runs/late_gru_tune/seed_1111/best.pt,2,0.0001,0,1.0428938063505655,1.0428938063505655,0.0,0.0,0.0,0.0,0.0,,,,,
gru_av_v1,1111,experiments/gru_av_v1/runs/late_gru_tune/seed_1111/best.pt,3,9.931634888554937e-05,0,1.9030326816523184,0.9497140879942992,0.9533185908727556,0.0,0.0,0.0,0.0,,,,,
gru_av_v1,1111,experiments/gru_av_v1/runs/late_gru_tune/seed_1111/best.pt,4,9.728616793536588e-05,0,1.7959510210518526,0.8932428465825375,0.9027081739122622,0.0,0.0,0.0,0.0,,,,,
gru_av_v1,1111,experiments/gru_av_v1/runs/late_gru_tune/seed_1111/best.pt,5,9.397114317029977e-05,0,1.7307700609492365,0.8611216611951311,0.8696484019823163,0.0,0.0,0.0,0.0,0.5387353101622965,0.6862573646187176,0.5557988466675345,0.6635741412775222,
gru_av_v1,1111,experiments/gru_av_v1/runs/late_gru_tune/seed_1111/best.pt,6,8.947199994035401e-05,0,1.682450703371351,0.8305065113807393,0.851944195889981,0.0,0.0,0.0,0.0,,,,,
gru_av_v1,1111,experiments/gru_av_v1/runs/late_gru_tune/seed_1111/best.pt,7,8.392544243589427e-05,0,1.6324192129562949,0.8063242541295346,0.826094959383813,0.0,0.0,0.0,0.0,,,,,
gru_av_v1,1111,experiments/gru_av_v1/runs/late_gru_tune/seed_1111/best.pt,8,7.75e-05,0,1.6015575979357568,0.790624973929931,0.8109326223346675,0.0,0.0,0.0,0.0,,,,,
gru_av_v1,1111,experiments/gru_av_v1/runs/late_gru_tune/seed_1111/best.pt,9,7.03909064496551e-05,0,1.559572183083151,0.7612541819287237,0.7983179947483205,0.0,0.0,0.0,0.0,,,,,
gru_av_v1,1111,experiments/gru_av_v1/runs/late_gru_tune/seed_1111/best.pt,10,6.281416799501188e-05,0,1.5060894544993606,0.7356542662203869,0.7704351912035006,0.0,0.0,0.0,0.0,0.5538549864627985,0.6905211927272091,0.5905683774302503,0.6645959245276402,
gru_av_v1,1111,experiments/gru_av_v1/runs/late_gru_tune/seed_1111/best.pt,11,5.5e-05,0,1.5160705931832856,0.7309362988605678,0.7851342951582971,0.0,0.0,0.0,0.0,,,,,
gru_av_v1,1111,experiments/gru_av_v1/runs/late_gru_tune/seed_1111/best.pt,12,4.7185832004988135e-05,0,1.486671100152987,0.7177332196837274,0.768937885761261,0.0,0.0,0.0,0.0,,,,,
gru_av_v1,1111,experiments/gru_av_v1/runs/late_gru_tune/seed_1111/best.pt,13,3.960909355034492e-05,0,1.4777590365053337,0.7100789953615064,0.7676800439290912,0.0,0.0,0.0,0.0,,,,,
gru_av_v1,1111,experiments/gru_av_v1/runs/late_gru_tune/seed_1111/best.pt,14,3.250000000000001e-05,0,1.4519066364965707,0.6941839634815109,0.7577226758003235,0.0,0.0,0.0,0.0,,,,,
gru_av_v1,1111,experiments/gru_av_v1/runs/late_gru_tune/seed_1111/best.pt,15,2.6074557564105733e-05,0,1.4595597458777028,0.6815482171896462,0.7780115278524773,0.0,0.0,0.0,0.0,0.552823423034485,0.6842003482811152,0.5776442586787414,0.654671412202463,
gru_av_v1,1111,experiments/gru_av_v1/runs/late_gru_tune/seed_1111/best.pt,16,2.0528000059646e-05,0,1.4258670896013206,0.682319092694844,0.7435479949567919,0.0,0.0,0.0,0.0,,,,,
gru_av_v1,1111,experiments/gru_av_v1/runs/late_gru_tune/seed_1111/best.pt,17,1.602885682970027e-05,0,1.4141734727075166,0.6717498394373421,0.7424236338272273,0.0,0.0,0.0,0.0,,,,,
gru_av_v1,1111,experiments/gru_av_v1/runs/late_gru_tune/seed_1111/best.pt,18,1.2713832064634127e-05,0,1.4154725414570246,0.6729824384239232,0.7424901021975223,0.0,0.0,0.0,0.0,,,,,
gru_av_v1,1111,experiments/gru_av_v1/runs/late_gru_tune/seed_1111/best.pt,19,1.068365111445064e-05,0,1.4070023131147724,0.668827810577143,0.7381745003094183,0.0,0.0,0.0,0.0,,,,,
gru_av_v1,1111,experiments/gru_av_v1/runs/late_gru_tune/seed_1111/best.pt,20,1e-05,0,1.4018768890995843,0.6672822855343329,0.734594607464621,0.0,0.0,0.0,0.0,0.549945759038559,0.6904798040771813,0.575913035968225,0.6609749647468561,
pool_aug_cls40_v3,1111,experiments/pool_aug_cls40_v3/runs/late_pool_tune_aug/seed_1111/best.pt,1,0.00015,0,0.9795671534315448,0.9795671534315448,0.0,0.0,0.0,0.0,0.0,,,,,
pool_aug_cls40_v3,1111,experiments/pool_aug_cls40_v3/runs/late_pool_tune_aug/seed_1111/best.pt,2,0.0003,0,0.8649561377329247,0.8649561377329247,0.0,0.0,0.0,0.0,0.0,,,,,
pool_aug_cls40_v3,1111,experiments/pool_aug_cls40_v3/runs/late_pool_tune_aug/seed_1111/best.pt,3,0.0002995389065559,0,1.6097544264570576,0.8018388252391994,0.8079156001037526,0.0,0.0,0.0,0.0,,,,,
pool_aug_cls40_v3,1111,experiments/pool_aug_cls40_v3/runs/late_pool_tune_aug/seed_1111/best.pt,4,0.0002981587759593,0,1.530604280601038,0.759756472066184,0.770847810763065,0.0,0.0,0.0,0.0,,,,,
pool_aug_cls40_v3,1111,experiments/pool_aug_cls40_v3/runs/late_pool_tune_aug/seed_1111/best.pt,5,0.0002958690359018,0,1.4703705756463736,0.7299841734293465,0.7403863985961843,0.0,0.0,0.0,0.0,0.5453337613823167,0.8550691384972908,0.5729084056689765,0.8191396807949507,
pool_aug_cls40_v3,1111,experiments/pool_aug_cls40_v3/runs/late_pool_tune_aug/seed_1111/best.pt,6,0.0002926853276295,0,1.3914320335209929,0.6911367737801275,0.7002952622476025,0.0,0.0,0.0,0.0,,,,,
pool_aug_cls40_v3,1111,experiments/pool_aug_cls40_v3/runs/late_pool_tune_aug/seed_1111/best.pt,7,0.0002886293990984,0,1.3367201128852702,0.6637914445355674,0.6729286705779138,0.0,0.0,0.0,0.0,,,,,
pool_aug_cls40_v3,1111,experiments/pool_aug_cls40_v3/runs/late_pool_tune_aug/seed_1111/best.pt,8,0.0002837289564128,0,1.2760233015657585,0.63401070292865,0.6420125966874238,0.0,0.0,0.0,0.0,,,,,
pool_aug_cls40_v3,1111,experiments/pool_aug_cls40_v3/runs/late_pool_tune_aug/seed_1111/best.pt,9,0.0002780174745654,0,1.2322194058204363,0.593741198287946,0.6384782055828059,0.0,0.0,0.0,0.0,,,,,
pool_aug_cls40_v3,1111,experiments/pool_aug_cls40_v3/runs/late_pool_tune_aug/seed_1111/best.pt,10,0.0002715339687685,0,1.1372236073295647,0.5517845473069454,0.5854390583862769,0.0,0.0,0.0,0.0,0.528893075396524,1.0715400308032876,0.5566210211896794,1.042615041132744,
pool_aug_cls40_v3,1111,experiments/pool_aug_cls40_v3/runs/late_pool_tune_aug/seed_1111/best.pt,11,0.0002643227279408,0,1.0852037659872358,0.5182063657546712,0.5669974013466701,0.0,0.0,0.0,0.0,,,,,
pool_aug_cls40_v3,1111,experiments/pool_aug_cls40_v3/runs/late_pool_tune_aug/seed_1111/best.pt,12,0.0002564330121694,0,1.016777820954813,0.4851572619420345,0.5316205605446735,0.0,0.0,0.0,0.0,,,,,
pool_aug_cls40_v3,1111,experiments/pool_aug_cls40_v3/runs/late_pool_tune_aug/seed_1111/best.pt,13,0.0002479187162131,0,0.9645812996079988,0.4549997228885365,0.5095815761624095,0.0,0.0,0.0,0.0,,,,,
pool_aug_cls40_v3,1111,experiments/pool_aug_cls40_v3/runs/late_pool_tune_aug/seed_1111/best.pt,14,0.0002388380013465,0,0.8890031282311288,0.4150181824915877,0.4739849468188308,0.0,0.0,0.0,0.0,,,,,
pool_aug_cls40_v3,1111,experiments/pool_aug_cls40_v3/runs/late_pool_tune_aug/seed_1111/best.pt,15,0.00022925289806,0,0.832091602627362,0.3801534320706519,0.4519381701389205,0.0,0.0,0.0,0.0,0.5330524300308568,1.2071256875651928,0.5596702500299235,1.1854057896797223,
pool_aug_cls40_v3,1111,experiments/pool_aug_cls40_v3/runs/late_pool_tune_aug/seed_1111/best.pt,16,0.0002192288823281,0,0.7745555126778433,0.3535126300754948,0.4210428804437691,0.0,0.0,0.0,0.0,,,,,
pool_aug_cls40_v3,1111,experiments/pool_aug_cls40_v3/runs/late_pool_tune_aug/seed_1111/best.pt,17,0.0002088344283426,0,0.7216035620631459,0.321067912834827,0.4005356499942664,0.0,0.0,0.0,0.0,,,,,
pool_aug_cls40_v3,1111,experiments/pool_aug_cls40_v3/runs/late_pool_tune_aug/seed_1111/best.pt,18,0.000198140540764,0,0.6844027904428054,0.3068825025285516,0.377520286173464,0.0,0.0,0.0,0.0,,,,,
pool_aug_cls40_v3,1111,experiments/pool_aug_cls40_v3/runs/late_pool_tune_aug/seed_1111/best.pt,19,0.0001872202696878,0,0.6391110776740814,0.2860115456664673,0.3530995312416665,0.0,0.0,0.0,0.0,,,,,
pool_aug_cls40_v3,1111,experiments/pool_aug_cls40_v3/runs/late_pool_tune_aug/seed_1111/best.pt,20,0.0001761482116387,0,0.6416325928451859,0.2504527256867596,0.3911798668798999,0.0,0.0,0.0,0.0,0.5100269880642014,1.1412439253968385,0.526671333223532,1.1251501418077028,
pool_aug_cls40_v3,1111,experiments/pool_aug_cls40_v3/runs/late_pool_tune_aug/seed_1111/best.pt,21,0.0001649999999999,0,0.6255579398614224,0.2425051631632252,0.383052776210776,0.0,0.0,0.0,0.0,,,,,
pool_aug_cls40_v3,1111,experiments/pool_aug_cls40_v3/runs/late_pool_tune_aug/seed_1111/best.pt,22,0.0001538517883612,0,0.6023135532007039,0.2223914113139437,0.3799221430704972,0.0,0.0,0.0,0.0,,,,,
pool_aug_cls40_v3,1111,experiments/pool_aug_cls40_v3/runs/late_pool_tune_aug/seed_1111/best.pt,23,0.0001427797303121,0,0.5624505133829384,0.2021593742560003,0.360291137246885,0.0,0.0,0.0,0.0,,,,,
pool_aug_cls40_v3,1111,experiments/pool_aug_cls40_v3/runs/late_pool_tune_aug/seed_1111/best.pt,24,0.0001318594592359,0,0.5285897915051362,0.184057973743042,0.3445318160909358,0.0,0.0,0.0,0.0,,,,,
pool_aug_cls40_v3,1111,experiments/pool_aug_cls40_v3/runs/late_pool_tune_aug/seed_1111/best.pt,25,0.0001211655716573,0,0.516260796061186,0.1811329984219274,0.3351277979874165,0.0,0.0,0.0,0.0,0.5244477474351956,1.2007176333035523,0.5499273215626803,1.20600961693844,
pool_aug_cls40_v3,1111,experiments/pool_aug_cls40_v3/runs/late_pool_tune_aug/seed_1111/best.pt,26,0.0001107711176718,0,0.4718514997686181,0.1611009939425738,0.3107505046945309,0.0,0.0,0.0,0.0,,,,,
pool_aug_cls40_v3,1111,experiments/pool_aug_cls40_v3/runs/late_pool_tune_aug/seed_1111/best.pt,27,0.0001007471019399,0,0.466676986663141,0.1543668452824387,0.3123101421466497,0.0,0.0,0.0,0.0,,,,,
pool_aug_cls40_v3,1111,experiments/pool_aug_cls40_v3/runs/late_pool_tune_aug/seed_1111/best.pt,28,9.116199865347234e-05,0,0.4564562013250923,0.1487719819611199,0.3076842198165778,0.0,0.0,0.0,0.0,,,,,
pool_aug_cls40_v3,1111,experiments/pool_aug_cls40_v3/runs/late_pool_tune_aug/seed_1111/best.pt,29,8.208128378689482e-05,0,0.4495976583979954,0.1470934109431561,0.3025042450873651,0.0,0.0,0.0,0.0,,,,,
pool_aug_cls40_v3,1111,experiments/pool_aug_cls40_v3/runs/late_pool_tune_aug/seed_1111/best.pt,30,7.356698783052497e-05,0,0.4237093485404398,0.1295016774576958,0.2942076724057442,0.0,0.0,0.0,0.0,0.519992078314018,1.1817113442771827,0.5424891859128342,1.1926763638429303,
pool_aug_cls40_v3,1111,experiments/pool_aug_cls40_v3/runs/late_pool_tune_aug/seed_1111/best.pt,31,6.567727205912722e-05,0,0.4220161226308234,0.1316897347569465,0.2903263891620614,0.0,0.0,0.0,0.0,,,,,
pool_aug_cls40_v3,1111,experiments/pool_aug_cls40_v3/runs/late_pool_tune_aug/seed_1111/best.pt,32,5.846603123148687e-05,0,0.3977934114426096,0.1279502472727098,0.2698431628991232,0.0,0.0,0.0,0.0,,,,,
pool_aug_cls40_v3,1111,experiments/pool_aug_cls40_v3/runs/late_pool_tune_aug/seed_1111/best.pt,33,5.1982525434558674e-05,0,0.4135189272254427,0.1190500475953672,0.294468879699707,0.0,0.0,0.0,0.0,,,,,
pool_aug_cls40_v3,1111,experiments/pool_aug_cls40_v3/runs/late_pool_tune_aug/seed_1111/best.pt,34,4.627104358712399e-05,0,0.404297252821031,0.1111343991463986,0.2931628534309218,0.0,0.0,0.0,0.0,,,,,
pool_aug_cls40_v3,1111,experiments/pool_aug_cls40_v3/runs/late_pool_tune_aug/seed_1111/best.pt,35,4.137060090156723e-05,0,0.3560203621599161,0.1047417063300854,0.2512786555164885,0.0,0.0,0.0,0.0,0.5159275738524151,1.2090768338479063,0.5429770360334469,1.222228973216101,
pool_aug_cls40_v3,1111,experiments/pool_aug_cls40_v3/runs/late_pool_tune_aug/seed_1111/best.pt,36,3.731467237041431e-05,0,0.3946179577680391,0.1100699458201633,0.2845480137757051,0.0,0.0,0.0,0.0,,,,,
pool_aug_cls40_v3,1111,experiments/pool_aug_cls40_v3/runs/late_pool_tune_aug/seed_1111/best.pt,37,3.4130964098190394e-05,0,0.3753662148368692,0.100254330331477,0.2751118820682864,0.0,0.0,0.0,0.0,,,,,
pool_aug_cls40_v3,1111,experiments/pool_aug_cls40_v3/runs/late_pool_tune_aug/seed_1111/best.pt,38,3.1841224040632484e-05,0,0.3472331460809039,0.101179069996089,0.2460540752405318,0.0,0.0,0.0,0.0,,,,,
pool_aug_cls40_v3,1111,experiments/pool_aug_cls40_v3/runs/late_pool_tune_aug/seed_1111/best.pt,39,3.0461093444099567e-05,0,0.3458116096313868,0.0922810281931518,0.2535305820475115,0.0,0.0,0.0,0.0,,,,,
pool_aug_cls40_v3,1111,experiments/pool_aug_cls40_v3/runs/late_pool_tune_aug/seed_1111/best.pt,40,3e-05,0,0.3657304920325769,0.0957461818182301,0.2699843092917282,0.0,0.0,0.0,0.0,0.516441280637227,1.2065356016803417,0.5466432397190603,1.2207901956440603,
pool_clsctx_v3,1111,experiments/pool_clsctx_v3/runs/late_pool_tune/seed_1111/best.pt,1,5e-05,0,1.1167810787664396,1.1167810787664396,0.0,0.0,0.0,0.0,0.0,,,,,
pool_clsctx_v3,1111,experiments/pool_clsctx_v3/runs/late_pool_tune/seed_1111/best.pt,2,0.0001,0,1.0145583308745767,1.0145583308745767,0.0,0.0,0.0,0.0,0.0,,,,,
pool_clsctx_v3,1111,experiments/pool_clsctx_v3/runs/late_pool_tune/seed_1111/best.pt,3,9.931634888554937e-05,0,1.8808155416328216,0.940158179430204,0.9406573538468262,0.0,0.0,0.0,0.0,,,,,
pool_clsctx_v3,1111,experiments/pool_clsctx_v3/runs/late_pool_tune/seed_1111/best.pt,4,9.728616793536588e-05,0,1.7917809842902923,0.8953207697823783,0.896460214507914,0.0,0.0,0.0,0.0,,,,,
pool_clsctx_v3,1111,experiments/pool_clsctx_v3/runs/late_pool_tune/seed_1111/best.pt,5,9.397114317029977e-05,0,1.7335263134163117,0.8653835693252421,0.868142742976964,0.0,0.0,0.0,0.0,0.5398849869795889,0.671944209012906,0.5605911958518693,0.6471886692164405,
pool_clsctx_v3,1111,experiments/pool_clsctx_v3/runs/late_pool_tune/seed_1111/best.pt,6,8.947199994035401e-05,0,1.6792287715127534,0.8394399591695483,0.8397888078867832,0.0,0.0,0.0,0.0,,,,,
pool_clsctx_v3,1111,experiments/pool_clsctx_v3/runs/late_pool_tune/seed_1111/best.pt,7,8.392544243589427e-05,0,1.6323979959309658,0.8160208597361485,0.8163771306242898,0.0,0.0,0.0,0.0,,,,,
pool_clsctx_v3,1111,experiments/pool_clsctx_v3/runs/late_pool_tune/seed_1111/best.pt,8,7.75e-05,0,1.6093972163779713,0.8050029840424796,0.8043942345637027,0.0,0.0,0.0,0.0,,,,,
pool_clsctx_v3,1111,experiments/pool_clsctx_v3/runs/late_pool_tune/seed_1111/best.pt,9,7.03909064496551e-05,0,1.5663870361363776,0.7828604233599155,0.7835266111053039,0.0,0.0,0.0,0.0,,,,,
pool_clsctx_v3,1111,experiments/pool_clsctx_v3/runs/late_pool_tune/seed_1111/best.pt,10,6.281416799501188e-05,0,1.531722875956063,0.7658060580213494,0.765916815288713,0.0,0.0,0.0,0.0,0.5523217959742541,0.6673933260632007,0.5883767982808211,0.6378962686483667,
pool_clsctx_v3,1111,experiments/pool_clsctx_v3/runs/late_pool_tune/seed_1111/best.pt,11,5.5e-05,0,1.5103654883732305,0.7547240020515763,0.7556414866001806,0.0,0.0,0.0,0.0,,,,,
pool_clsctx_v3,1111,experiments/pool_clsctx_v3/runs/late_pool_tune/seed_1111/best.pt,12,4.7185832004988135e-05,0,1.485525401953225,0.7425762295165909,0.7429491810709516,0.0,0.0,0.0,0.0,,,,,
pool_clsctx_v3,1111,experiments/pool_clsctx_v3/runs/late_pool_tune/seed_1111/best.pt,13,3.960909355034492e-05,0,1.4738881454289516,0.7361792802253616,0.7377088610256943,0.0,0.0,0.0,0.0,,,,,
pool_clsctx_v3,1111,experiments/pool_clsctx_v3/runs/late_pool_tune/seed_1111/best.pt,14,3.250000000000001e-05,0,1.4315434187372154,0.7157777976766925,0.7157656154899954,0.0,0.0,0.0,0.0,,,,,
pool_clsctx_v3,1111,experiments/pool_clsctx_v3/runs/late_pool_tune/seed_1111/best.pt,15,2.6074557564105733e-05,0,1.4153271401039909,0.7079179055779894,0.7074092373112651,0.0,0.0,0.0,0.0,0.5500715881606888,0.6682168475728716,0.5854314884568671,0.6373787339922913,
pool_clsctx_v3,1111,experiments/pool_clsctx_v3/runs/late_pool_tune/seed_1111/best.pt,16,2.0528000059646e-05,0,1.4253333740145246,0.7122143668549084,0.7131190079951955,0.0,0.0,0.0,0.0,,,,,
pool_clsctx_v3,1111,experiments/pool_clsctx_v3/runs/late_pool_tune/seed_1111/best.pt,17,1.602885682970027e-05,0,1.394048064668602,0.697957008241493,0.696091055034477,0.0,0.0,0.0,0.0,,,,,
pool_clsctx_v3,1111,experiments/pool_clsctx_v3/runs/late_pool_tune/seed_1111/best.pt,18,1.2713832064634127e-05,0,1.4028360932786887,0.7005399120188205,0.7022961784746046,0.0,0.0,0.0,0.0,,,,,
pool_clsctx_v3,1111,experiments/pool_clsctx_v3/runs/late_pool_tune/seed_1111/best.pt,19,1.068365111445064e-05,0,1.3886163816830823,0.6948543203489803,0.6937620616126283,0.0,0.0,0.0,0.0,,,,,
pool_clsctx_v3,1111,experiments/pool_clsctx_v3/runs/late_pool_tune/seed_1111/best.pt,20,1e-05,0,1.3894561991513332,0.6946777623390483,0.6947784340270212,0.0,0.0,0.0,0.0,0.5464657343670449,0.6726064714262604,0.5765602359265277,0.642489436138191,
pool_low_lr5e5_30_v3,1111,experiments/pool_low_lr5e5_30_v3/runs/late_pool_tune/seed_1111/best.pt,1,2.5e-05,0,1.132028900574301,1.132028900574301,0.0,0.0,0.0,0.0,0.0,,,,,
pool_low_lr5e5_30_v3,1111,experiments/pool_low_lr5e5_30_v3/runs/late_pool_tune/seed_1111/best.pt,2,5e-05,0,1.0536277344293683,1.0536277344293683,0.0,0.0,0.0,0.0,0.0,,,,,
pool_low_lr5e5_30_v3,1111,experiments/pool_low_lr5e5_30_v3/runs/late_pool_tune/seed_1111/best.pt,3,4.985852472259796e-05,0,1.9640378205575677,0.9816034581059608,0.9824343641227652,0.0,0.0,0.0,0.0,,,,,
pool_low_lr5e5_30_v3,1111,experiments/pool_low_lr5e5_30_v3/runs/late_pool_tune/seed_1111/best.pt,4,4.943587802409103e-05,0,1.8619014370107203,0.9301978416532,0.9317035948004678,0.0,0.0,0.0,0.0,,,,,
pool_low_lr5e5_30_v3,1111,experiments/pool_low_lr5e5_30_v3/runs/late_pool_tune/seed_1111/best.pt,5,4.873737493193827e-05,0,1.7905278049896811,0.8941025811935139,0.8964252154403758,0.0,0.0,0.0,0.0,0.5320917738736891,0.6841945002833287,0.5539059686665393,0.6622814675956161,
pool_low_lr5e5_30_v3,1111,experiments/pool_low_lr5e5_30_v3/runs/late_pool_tune/seed_1111/best.pt,6,4.777179952780443e-05,0,1.734619029214449,0.8668350789034478,0.8677839503110012,0.0,0.0,0.0,0.0,,,,,
pool_low_lr5e5_30_v3,1111,experiments/pool_low_lr5e5_30_v3/runs/late_pool_tune/seed_1111/best.pt,7,4.65512944826364e-05,0,1.6858399059170874,0.8429279154706224,0.842911988218254,0.0,0.0,0.0,0.0,,,,,
pool_low_lr5e5_30_v3,1111,experiments/pool_low_lr5e5_30_v3/runs/late_pool_tune/seed_1111/best.pt,8,4.509120835553068e-05,0,1.6584963987920889,0.8293564224911627,0.8291399824285062,0.0,0.0,0.0,0.0,,,,,
pool_low_lr5e5_30_v3,1111,experiments/pool_low_lr5e5_30_v3/runs/late_pool_tune/seed_1111/best.pt,9,4.340990257669732e-05,0,1.619635202060236,0.8096957618945113,0.8099394340381444,0.0,0.0,0.0,0.0,,,,,
pool_low_lr5e5_30_v3,1111,experiments/pool_low_lr5e5_30_v3/runs/late_pool_tune/seed_1111/best.pt,10,4.152852054182151e-05,0,1.5809255247918246,0.7906710849465611,0.7902544416556848,0.0,0.0,0.0,0.0,0.5528290109109041,0.6713495423663205,0.5917173125474063,0.6434325010678539,
pool_low_lr5e5_30_v3,1111,experiments/pool_low_lr5e5_30_v3/runs/late_pool_tune/seed_1111/best.pt,11,3.947072172159508e-05,0,1.5614004335670828,0.7803077201976955,0.7810927155975983,0.0,0.0,0.0,0.0,,,,,
pool_low_lr5e5_30_v3,1111,experiments/pool_low_lr5e5_30_v3/runs/late_pool_tune/seed_1111/best.pt,12,3.726238413014506e-05,0,1.5293842487246077,0.7653014918911123,0.7640827582261273,0.0,0.0,0.0,0.0,,,,,
pool_low_lr5e5_30_v3,1111,experiments/pool_low_lr5e5_30_v3/runs/late_pool_tune/seed_1111/best.pt,13,3.493127889399126e-05,0,1.513984435072569,0.7562543794373485,0.7577300559137469,0.0,0.0,0.0,0.0,,,,,
pool_low_lr5e5_30_v3,1111,experiments/pool_low_lr5e5_30_v3/runs/late_pool_tune/seed_1111/best.pt,14,3.250672101401708e-05,0,1.4689055452837008,0.7345520575469899,0.7343534899649219,0.0,0.0,0.0,0.0,,,,,
pool_low_lr5e5_30_v3,1111,experiments/pool_low_lr5e5_30_v3/runs/late_pool_tune/seed_1111/best.pt,15,3.001920071232442e-05,0,1.446175013190118,0.7237917363086593,0.7223832724250365,0.0,0.0,0.0,0.0,0.5473292756101608,0.6696438127962229,0.5908192836587255,0.6404914249848973,
pool_low_lr5e5_30_v3,1111,experiments/pool_low_lr5e5_30_v3/runs/late_pool_tune/seed_1111/best.pt,16,2.75e-05,0,1.4450319788166297,0.7216235725122078,0.7234084049117899,0.0,0.0,0.0,0.0,,,,,
pool_low_lr5e5_30_v3,1111,experiments/pool_low_lr5e5_30_v3/runs/late_pool_tune/seed_1111/best.pt,17,2.498079928767558e-05,0,1.406100841883187,0.7037962223881873,0.7023046189379469,0.0,0.0,0.0,0.0,,,,,
pool_low_lr5e5_30_v3,1111,experiments/pool_low_lr5e5_30_v3/runs/late_pool_tune/seed_1111/best.pt,18,2.249327898598293e-05,0,1.405099321191556,0.701930012936904,0.703169304633809,0.0,0.0,0.0,0.0,,,,,
pool_low_lr5e5_30_v3,1111,experiments/pool_low_lr5e5_30_v3/runs/late_pool_tune/seed_1111/best.pt,19,2.006872110600874e-05,0,1.3775296676381723,0.6893853167785662,0.6881443516951855,0.0,0.0,0.0,0.0,,,,,
pool_low_lr5e5_30_v3,1111,experiments/pool_low_lr5e5_30_v3/runs/late_pool_tune/seed_1111/best.pt,20,1.7737615869854944e-05,0,1.364376969426592,0.6823838130335942,0.6819931575071032,0.0,0.0,0.0,0.0,0.5423941657111249,0.6878860999116406,0.5636379229528292,0.659783388696199,
pool_low_lr5e5_30_v3,1111,experiments/pool_low_lr5e5_30_v3/runs/late_pool_tune/seed_1111/best.pt,21,1.552927827840493e-05,0,1.3438526882189457,0.672178099367106,0.6716745921941562,0.0,0.0,0.0,0.0,,,,,
pool_low_lr5e5_30_v3,1111,experiments/pool_low_lr5e5_30_v3/runs/late_pool_tune/seed_1111/best.pt,22,1.34714794581785e-05,0,1.3342750284159297,0.6676323692375254,0.6666426616851414,0.0,0.0,0.0,0.0,,,,,
pool_low_lr5e5_30_v3,1111,experiments/pool_low_lr5e5_30_v3/runs/late_pool_tune/seed_1111/best.pt,23,1.1590097423302684e-05,0,1.3085453320886486,0.6540579219287801,0.654487410438395,0.0,0.0,0.0,0.0,,,,,
pool_low_lr5e5_30_v3,1111,experiments/pool_low_lr5e5_30_v3/runs/late_pool_tune/seed_1111/best.pt,24,9.908791644469336e-06,0,1.305235055005439,0.6523515579299392,0.6528835037601328,0.0,0.0,0.0,0.0,,,,,
pool_low_lr5e5_30_v3,1111,experiments/pool_low_lr5e5_30_v3/runs/late_pool_tune/seed_1111/best.pt,25,8.448705517363607e-06,0,1.2932689741393115,0.6468975176321012,0.6463714531648939,0.0,0.0,0.0,0.0,0.5452922293013995,0.6843918020081513,0.5818314499108262,0.6563986426121479,
pool_low_lr5e5_30_v3,1111,experiments/pool_low_lr5e5_30_v3/runs/late_pool_tune/seed_1111/best.pt,26,7.228200472195572e-06,0,1.2863052763114466,0.6442996539245142,0.6420056218298796,0.0,0.0,0.0,0.0,,,,,
pool_low_lr5e5_30_v3,1111,experiments/pool_low_lr5e5_30_v3/runs/late_pool_tune/seed_1111/best.pt,27,6.26262506806173e-06,0,1.2972133961793415,0.6471124188365224,0.6501009787354514,0.0,0.0,0.0,0.0,,,,,
pool_low_lr5e5_30_v3,1111,experiments/pool_low_lr5e5_30_v3/runs/late_pool_tune/seed_1111/best.pt,28,5.564121975908967e-06,0,1.280378902069876,0.6409708790689985,0.6394080249505623,0.0,0.0,0.0,0.0,,,,,
pool_low_lr5e5_30_v3,1111,experiments/pool_low_lr5e5_30_v3/runs/late_pool_tune/seed_1111/best.pt,29,5.1414752774020415e-06,0,1.2910319327194,0.646977651899106,0.6440542735786081,0.0,0.0,0.0,0.0,,,,,
pool_low_lr5e5_30_v3,1111,experiments/pool_low_lr5e5_30_v3/runs/late_pool_tune/seed_1111/best.pt,30,5e-06,0,1.2754080936173413,0.6376804617520805,0.6377276310296817,0.0,0.0,0.0,0.0,0.5453480700736129,0.6837664073181224,0.5875339725983517,0.655583903346029,
pool_low_lr_balanced_v3,1111,experiments/pool_low_lr_balanced_v3/runs/late_pool_tune/seed_1111/best.pt,1,0.00015,0,1.4255184258256004,1.4255184258256004,0.0,0.0,0.0,0.0,0.0,,,,,
pool_low_lr_balanced_v3,1111,experiments/pool_low_lr_balanced_v3/runs/late_pool_tune/seed_1111/best.pt,2,0.0003,0,1.2575748863621292,1.2575748863621292,0.0,0.0,0.0,0.0,0.0,,,,,
pool_low_lr_balanced_v3,1111,experiments/pool_low_lr_balanced_v3/runs/late_pool_tune/seed_1111/best.pt,3,0.0002979490466566,0,2.30792120461152,1.1540274386093996,1.153893771015595,0.0,0.0,0.0,0.0,,,,,
pool_low_lr_balanced_v3,1111,experiments/pool_low_lr_balanced_v3/runs/late_pool_tune/seed_1111/best.pt,4,0.000291858503806,0,2.154387843943088,1.076901085465868,1.0774867551349034,0.0,0.0,0.0,0.0,,,,,
pool_low_lr_balanced_v3,1111,experiments/pool_low_lr_balanced_v3/runs/late_pool_tune/seed_1111/best.pt,5,0.0002819134295108,0,2.038514497124146,1.0167030057060384,1.021811490861055,0.0,0.0,0.0,0.0,0.5477368323923358,0.6495113533333036,0.5826987954355575,0.6182998160554664,
pool_low_lr_balanced_v3,1111,experiments/pool_low_lr_balanced_v3/runs/late_pool_tune/seed_1111/best.pt,6,0.000268415999821,0,1.9400214313346649,0.9690474695134386,0.9709739657205956,0.0,0.0,0.0,0.0,,,,,
pool_low_lr_balanced_v3,1111,experiments/pool_low_lr_balanced_v3/runs/late_pool_tune/seed_1111/best.pt,7,0.0002517763273076,0,1.861048346367952,0.9280742033619748,0.9329741407777662,0.0,0.0,0.0,0.0,,,,,
pool_low_lr_balanced_v3,1111,experiments/pool_low_lr_balanced_v3/runs/late_pool_tune/seed_1111/best.pt,8,0.0002324999999999,0,1.81155933063721,0.906825709008725,0.9047336099303772,0.0,0.0,0.0,0.0,,,,,
pool_low_lr_balanced_v3,1111,experiments/pool_low_lr_balanced_v3/runs/late_pool_tune/seed_1111/best.pt,9,0.0002111727193489,0,1.7140692316483117,0.8553178761607019,0.8587513621722427,0.0,0.0,0.0,0.0,,,,,
pool_low_lr_balanced_v3,1111,experiments/pool_low_lr_balanced_v3/runs/late_pool_tune/seed_1111/best.pt,10,0.000188442503985,0,1.6502605456615165,0.8241853067808063,0.8260752360954463,0.0,0.0,0.0,0.0,0.5409496653452492,0.6759951363365517,0.5776767676767677,0.6466828134679428,
pool_low_lr_balanced_v3,1111,experiments/pool_low_lr_balanced_v3/runs/late_pool_tune/seed_1111/best.pt,11,0.0001649999999999,0,1.5879063038068395,0.7932043136837327,0.7947019873378433,0.0,0.0,0.0,0.0,,,,,
pool_low_lr_balanced_v3,1111,experiments/pool_low_lr_balanced_v3/runs/late_pool_tune/seed_1111/best.pt,12,0.0001415574960149,0,1.5304706698266146,0.7620274786637208,0.7684431919984729,0.0,0.0,0.0,0.0,,,,,
pool_low_lr_balanced_v3,1111,experiments/pool_low_lr_balanced_v3/runs/late_pool_tune/seed_1111/best.pt,13,0.000118827280651,0,1.493815277781442,0.7427385340784197,0.751076745095654,0.0,0.0,0.0,0.0,,,,,
pool_low_lr_balanced_v3,1111,experiments/pool_low_lr_balanced_v3/runs/late_pool_tune/seed_1111/best.pt,14,9.75e-05,0,1.4154746504587548,0.707635530801577,0.7078391259240213,0.0,0.0,0.0,0.0,,,,,
pool_low_lr_balanced_v3,1111,experiments/pool_low_lr_balanced_v3/runs/late_pool_tune/seed_1111/best.pt,15,7.822367269231717e-05,0,1.386672715717387,0.6921892372247215,0.6944834734791907,0.0,0.0,0.0,0.0,0.5436238510546727,0.6846413826018111,0.5840798584249837,0.6544054312309107,
pool_low_lr_balanced_v3,1111,experiments/pool_low_lr_balanced_v3/runs/late_pool_tune/seed_1111/best.pt,16,6.158400017893797e-05,0,1.3734629883944431,0.6880394936164963,0.685423491992683,0.0,0.0,0.0,0.0,,,,,
pool_low_lr_balanced_v3,1111,experiments/pool_low_lr_balanced_v3/runs/late_pool_tune/seed_1111/best.pt,17,4.80865704891008e-05,0,1.3323284120203178,0.6670634576650424,0.6652649610399086,0.0,0.0,0.0,0.0,,,,,
pool_low_lr_balanced_v3,1111,experiments/pool_low_lr_balanced_v3/runs/late_pool_tune/seed_1111/best.pt,18,3.814149619390237e-05,0,1.3214032321332772,0.6599754691123962,0.6614277635779336,0.0,0.0,0.0,0.0,,,,,
pool_low_lr_balanced_v3,1111,experiments/pool_low_lr_balanced_v3/runs/late_pool_tune/seed_1111/best.pt,19,3.2050953343351913e-05,0,1.2951290167380716,0.6461864063672931,0.6489426139916215,0.0,0.0,0.0,0.0,,,,,
pool_low_lr_balanced_v3,1111,experiments/pool_low_lr_balanced_v3/runs/late_pool_tune/seed_1111/best.pt,20,3e-05,0,1.3083373241335432,0.6545008830377989,0.6538364338540585,0.0,0.0,0.0,0.0,0.542628765062455,0.6947588958629551,0.5710021997913549,0.6624337380125436,
pool_low_lr_clip3_v3,1111,experiments/pool_low_lr_clip3_v3/runs/late_pool_tune/seed_1111/best.pt,1,0.00015,0,1.4257860462242198,1.4257860462242198,0.0,0.0,0.0,0.0,0.0,,,,,
pool_low_lr_clip3_v3,1111,experiments/pool_low_lr_clip3_v3/runs/late_pool_tune/seed_1111/best.pt,2,0.0003,0,1.2574932352404729,1.2574932352404729,0.0,0.0,0.0,0.0,0.0,,,,,
pool_low_lr_clip3_v3,1111,experiments/pool_low_lr_clip3_v3/runs/late_pool_tune/seed_1111/best.pt,3,0.0002979490466566,0,2.308131274775924,1.1541526289743798,1.1539786547143882,0.0,0.0,0.0,0.0,,,,,
pool_low_lr_clip3_v3,1111,experiments/pool_low_lr_clip3_v3/runs/late_pool_tune/seed_1111/best.pt,4,0.000291858503806,0,2.154808618197931,1.0772187876924175,1.0775898416465688,0.0,0.0,0.0,0.0,,,,,
pool_low_lr_clip3_v3,1111,experiments/pool_low_lr_clip3_v3/runs/late_pool_tune/seed_1111/best.pt,5,0.0002819134295108,0,2.039406930174783,1.0171527511605591,1.022254174000749,0.0,0.0,0.0,0.0,0.5469331442195801,0.6493181575402821,0.5837056821378607,0.6180831502007185,
pool_low_lr_clip3_v3,1111,experiments/pool_low_lr_clip3_v3/runs/late_pool_tune/seed_1111/best.pt,6,0.000268415999821,0,1.9406211242497524,0.9693153494986418,0.9713057753081634,0.0,0.0,0.0,0.0,,,,,
pool_low_lr_clip3_v3,1111,experiments/pool_low_lr_clip3_v3/runs/late_pool_tune/seed_1111/best.pt,7,0.0002517763273076,0,1.861199781159374,0.9282026391163052,0.9329971314590668,0.0,0.0,0.0,0.0,,,,,
pool_low_lr_clip3_v3,1111,experiments/pool_low_lr_clip3_v3/runs/late_pool_tune/seed_1111/best.pt,8,0.0002324999999999,0,1.8117769098727503,0.9069670544606504,0.9048098559691528,0.0,0.0,0.0,0.0,,,,,
pool_low_lr_clip3_v3,1111,experiments/pool_low_lr_clip3_v3/runs/late_pool_tune/seed_1111/best.pt,9,0.0002111727193489,0,1.7149126819361036,0.8556438589764532,0.8592688246308086,0.0,0.0,0.0,0.0,,,,,
pool_low_lr_clip3_v3,1111,experiments/pool_low_lr_clip3_v3/runs/late_pool_tune/seed_1111/best.pt,10,0.000188442503985,0,1.6508805278305696,0.8244766542844684,0.8264038735461012,0.0,0.0,0.0,0.0,0.5405801983773629,0.6761106086149292,0.5755381433738732,0.6469441817252728,
pool_low_lr_clip3_v3,1111,experiments/pool_low_lr_clip3_v3/runs/late_pool_tune/seed_1111/best.pt,11,0.0001649999999999,0,1.5886787599492296,0.79369646255101,0.7949823012975888,0.0,0.0,0.0,0.0,,,,,
pool_low_lr_clip3_v3,1111,experiments/pool_low_lr_clip3_v3/runs/late_pool_tune/seed_1111/best.pt,12,0.0001415574960149,0,1.5314597972085542,0.7624128566724118,0.7690469402576161,0.0,0.0,0.0,0.0,,,,,
pool_low_lr_clip3_v3,1111,experiments/pool_low_lr_clip3_v3/runs/late_pool_tune/seed_1111/best.pt,13,0.000118827280651,0,1.4939962642215123,0.7428028385772883,0.751193426479803,0.0,0.0,0.0,0.0,,,,,
pool_low_lr_clip3_v3,1111,experiments/pool_low_lr_clip3_v3/runs/late_pool_tune/seed_1111/best.pt,14,9.75e-05,0,1.4163128886824456,0.7080767973561153,0.7082360879840138,0.0,0.0,0.0,0.0,,,,,
pool_low_lr_clip3_v3,1111,experiments/pool_low_lr_clip3_v3/runs/late_pool_tune/seed_1111/best.pt,15,7.822367269231717e-05,0,1.3866184097584162,0.6922317445278168,0.694386666344705,0.0,0.0,0.0,0.0,0.5424692657173567,0.6841292095376779,0.5800815684161856,0.653665391433086,
pool_low_lr_clip3_v3,1111,experiments/pool_low_lr_clip3_v3/runs/late_pool_tune/seed_1111/best.pt,16,6.158400017893797e-05,0,1.3743281364440918,0.6884140798421664,0.6859140479676077,0.0,0.0,0.0,0.0,,,,,
pool_low_lr_clip3_v3,1111,experiments/pool_low_lr_clip3_v3/runs/late_pool_tune/seed_1111/best.pt,17,4.80865704891008e-05,0,1.3326368610435555,0.6673799694698548,0.665256896030123,0.0,0.0,0.0,0.0,,,,,
pool_low_lr_clip3_v3,1111,experiments/pool_low_lr_clip3_v3/runs/late_pool_tune/seed_1111/best.pt,18,3.814149619390237e-05,0,1.3219727004799888,0.6603843589252401,0.661588343225907,0.0,0.0,0.0,0.0,,,,,
pool_low_lr_clip3_v3,1111,experiments/pool_low_lr_clip3_v3/runs/late_pool_tune/seed_1111/best.pt,19,3.2050953343351913e-05,0,1.295204469533724,0.6462132359776541,0.6489912349487019,0.0,0.0,0.0,0.0,,,,,
pool_low_lr_clip3_v3,1111,experiments/pool_low_lr_clip3_v3/runs/late_pool_tune/seed_1111/best.pt,20,3e-05,0,1.3087076633890098,0.6546875884599774,0.6540200715867158,0.0,0.0,0.0,0.0,0.5407232533968463,0.6941198944101244,0.5703185480652603,0.6615492307542948,
pool_low_lr_pw1_v3,1111,experiments/pool_low_lr_pw1_v3/runs/late_pool_tune/seed_1111/best.pt,1,0.00015,0,1.0542190587409188,1.0542190587409188,0.0,0.0,0.0,0.0,0.0,,,,,
pool_low_lr_pw1_v3,1111,experiments/pool_low_lr_pw1_v3/runs/late_pool_tune/seed_1111/best.pt,2,0.0003,0,0.9278639460278448,0.9278639460278448,0.0,0.0,0.0,0.0,0.0,,,,,
pool_low_lr_pw1_v3,1111,experiments/pool_low_lr_pw1_v3/runs/late_pool_tune/seed_1111/best.pt,3,0.0002979490466566,0,1.7346242889065608,0.8676633004830262,0.8669609928799566,0.0,0.0,0.0,0.0,,,,,
pool_low_lr_pw1_v3,1111,experiments/pool_low_lr_pw1_v3/runs/late_pool_tune/seed_1111/best.pt,4,0.000291858503806,0,1.643497100500303,0.8213186801593995,0.8221784222905881,0.0,0.0,0.0,0.0,,,,,
pool_low_lr_pw1_v3,1111,experiments/pool_low_lr_pw1_v3/runs/late_pool_tune/seed_1111/best.pt,5,0.0002819134295108,0,1.5694124019034554,0.7825923612184613,0.7868200417990997,0.0,0.0,0.0,0.0,0.5503477767599576,0.6515474447667798,0.5876141159515934,0.6203333468328021,
pool_low_lr_pw1_v3,1111,experiments/pool_low_lr_pw1_v3/runs/late_pool_tune/seed_1111/best.pt,6,0.000268415999821,0,1.4882779087975762,0.7443415734255425,0.7439363328652961,0.0,0.0,0.0,0.0,,,,,
pool_low_lr_pw1_v3,1111,experiments/pool_low_lr_pw1_v3/runs/late_pool_tune/seed_1111/best.pt,7,0.0002517763273076,0,1.428196322695117,0.7128354411258876,0.7153608826833351,0.0,0.0,0.0,0.0,,,,,
pool_low_lr_pw1_v3,1111,experiments/pool_low_lr_pw1_v3/runs/late_pool_tune/seed_1111/best.pt,8,0.0002324999999999,0,1.3926195652685434,0.6971562554903119,0.6954633025365455,0.0,0.0,0.0,0.0,,,,,
pool_low_lr_pw1_v3,1111,experiments/pool_low_lr_pw1_v3/runs/late_pool_tune/seed_1111/best.pt,9,0.0002111727193489,0,1.3158128055456644,0.6570731930643599,0.6587396152665682,0.0,0.0,0.0,0.0,,,,,
pool_low_lr_pw1_v3,1111,experiments/pool_low_lr_pw1_v3/runs/late_pool_tune/seed_1111/best.pt,10,0.000188442503985,0,1.2662877203705154,0.6323992934460952,0.6338884255317884,0.0,0.0,0.0,0.0,0.5457429597195296,0.6757503122375905,0.5794650743505702,0.6456761741742062,
pool_low_lr_pw1_v3,1111,experiments/pool_low_lr_pw1_v3/runs/late_pool_tune/seed_1111/best.pt,11,0.0001649999999999,0,1.2146868248966252,0.6069895419004921,0.6076972891237135,0.0,0.0,0.0,0.0,,,,,
pool_low_lr_pw1_v3,1111,experiments/pool_low_lr_pw1_v3/runs/late_pool_tune/seed_1111/best.pt,12,0.0001415574960149,0,1.16969842387137,0.5831746408872516,0.5865237790847493,0.0,0.0,0.0,0.0,,,,,
pool_low_lr_pw1_v3,1111,experiments/pool_low_lr_pw1_v3/runs/late_pool_tune/seed_1111/best.pt,13,0.000118827280651,0,1.140421348197438,0.5682647969121131,0.5721565574129052,0.0,0.0,0.0,0.0,,,,,
pool_low_lr_pw1_v3,1111,experiments/pool_low_lr_pw1_v3/runs/late_pool_tune/seed_1111/best.pt,14,9.75e-05,0,1.0680152683336044,0.5333218624658673,0.5346934075388953,0.0,0.0,0.0,0.0,,,,,
pool_low_lr_pw1_v3,1111,experiments/pool_low_lr_pw1_v3/runs/late_pool_tune/seed_1111/best.pt,15,7.822367269231717e-05,0,1.0404515700919603,0.5196181009305971,0.5208334716681008,0.0,0.0,0.0,0.0,0.5449732584994611,0.6840678218872736,0.5848984880390334,0.6536709960047309,
pool_low_lr_pw1_v3,1111,experiments/pool_low_lr_pw1_v3/runs/late_pool_tune/seed_1111/best.pt,16,6.158400017893797e-05,0,1.0393783433415065,0.5202683408126653,0.5191100005791566,0.0,0.0,0.0,0.0,,,,,
pool_low_lr_pw1_v3,1111,experiments/pool_low_lr_pw1_v3/runs/late_pool_tune/seed_1111/best.pt,17,4.80865704891008e-05,0,1.0039350496274289,0.5028109033809645,0.5011241519562551,0.0,0.0,0.0,0.0,,,,,
pool_low_lr_pw1_v3,1111,experiments/pool_low_lr_pw1_v3/runs/late_pool_tune/seed_1111/best.pt,18,3.814149619390237e-05,0,0.9959560961366812,0.4977534446760873,0.4982026534102787,0.0,0.0,0.0,0.0,,,,,
pool_low_lr_pw1_v3,1111,experiments/pool_low_lr_pw1_v3/runs/late_pool_tune/seed_1111/best.pt,19,3.2050953343351913e-05,0,0.9800331478364,0.4898170489017094,0.4902160986561641,0.0,0.0,0.0,0.0,,,,,
pool_low_lr_pw1_v3,1111,experiments/pool_low_lr_pw1_v3/runs/late_pool_tune/seed_1111/best.pt,20,3e-05,0,0.971072491919883,0.4856458477606283,0.4854266480586239,0.0,0.0,0.0,0.0,0.5463744706836231,0.6914950123650853,0.5893721557730256,0.6591308499623415,
pool_partial1_v3,1111,experiments/pool_partial1_v3/runs/late_pool_tune/seed_1111/best.pt,1,5e-05,0,1.1311092800069078,1.1311092800069078,0.0,0.0,0.0,0.0,0.0,,,,,
pool_partial1_v3,1111,experiments/pool_partial1_v3/runs/late_pool_tune/seed_1111/best.pt,2,0.0001,0,1.0583715371996445,1.0583715371996445,0.0,0.0,0.0,0.0,0.0,,,,,
pool_partial1_v3,1111,experiments/pool_partial1_v3/runs/late_pool_tune/seed_1111/best.pt,3,9.931634888554937e-05,0,1.969403829530021,0.9841622582105832,0.985241570205332,0.0,0.0,0.0,0.0,,,,,
pool_partial1_v3,1111,experiments/pool_partial1_v3/runs/late_pool_tune/seed_1111/best.pt,4,9.728616793536588e-05,0,1.8749931092574217,0.9365811871591015,0.938411924883584,0.0,0.0,0.0,0.0,,,,,
pool_partial1_v3,1111,experiments/pool_partial1_v3/runs/late_pool_tune/seed_1111/best.pt,5,9.397114317029977e-05,0,1.826481755648818,0.9118344382704976,0.9146473151501094,0.0,0.0,0.0,0.0,0.523591799458381,0.6925385222554932,0.5409497044366424,0.6719590828352311,
pool_partial1_v3,1111,experiments/pool_partial1_v3/runs/late_pool_tune/seed_1111/best.pt,6,8.947199994035401e-05,0,1.791674295318461,0.8958751503552231,0.8957991483055543,0.0,0.0,0.0,0.0,,,,,
pool_partial1_v3,1111,experiments/pool_partial1_v3/runs/late_pool_tune/seed_1111/best.pt,7,8.392544243589427e-05,0,1.7532887871020308,0.8755083262363327,0.8777804603086454,0.0,0.0,0.0,0.0,,,,,
pool_partial1_v3,1111,experiments/pool_partial1_v3/runs/late_pool_tune/seed_1111/best.pt,8,7.75e-05,0,1.7595963778896866,0.8804063239944315,0.8791900427542,0.0,0.0,0.0,0.0,,,,,
pool_partial1_v3,1111,experiments/pool_partial1_v3/runs/late_pool_tune/seed_1111/best.pt,9,7.03909064496551e-05,0,1.72431737685872,0.8621823269630147,0.8621350482245472,0.0,0.0,0.0,0.0,,,,,
pool_partial1_v3,1111,experiments/pool_partial1_v3/runs/late_pool_tune/seed_1111/best.pt,10,6.281416799501188e-05,0,1.712192945391218,0.8569602537377973,0.8552326913748947,0.0,0.0,0.0,0.0,0.5439595358431076,0.6763353299197777,0.5771535660742556,0.6506182354482167,
pool_partial1_v3,1111,experiments/pool_partial1_v3/runs/late_pool_tune/seed_1111/best.pt,11,5.5e-05,0,1.697082540699255,0.8474847334567631,0.8495978100277554,0.0,0.0,0.0,0.0,,,,,
pool_partial1_v3,1111,experiments/pool_partial1_v3/runs/late_pool_tune/seed_1111/best.pt,12,4.7185832004988135e-05,0,1.683703325619207,0.841165883518825,0.8425374443285933,0.0,0.0,0.0,0.0,,,,,
pool_partial1_v3,1111,experiments/pool_partial1_v3/runs/late_pool_tune/seed_1111/best.pt,13,3.960909355034492e-05,0,1.6945158287743542,0.8456069854932411,0.8489088371535328,0.0,0.0,0.0,0.0,,,,,
pool_partial1_v3,1111,experiments/pool_partial1_v3/runs/late_pool_tune/seed_1111/best.pt,14,3.250000000000001e-05,0,1.6565125111107517,0.8285745142776275,0.8279380004539668,0.0,0.0,0.0,0.0,,,,,
pool_partial1_v3,1111,experiments/pool_partial1_v3/runs/late_pool_tune/seed_1111/best.pt,15,2.6074557564105733e-05,0,1.6520713857401197,0.8262915093208028,0.8257798697346839,0.0,0.0,0.0,0.0,0.5466799295120585,0.672677198091274,0.5810504201680672,0.642497405974779,
pool_partial1_v3,1111,experiments/pool_partial1_v3/runs/late_pool_tune/seed_1111/best.pt,16,2.0528000059646e-05,0,1.6515518460318306,0.8269536049566536,0.8245982427463353,0.0,0.0,0.0,0.0,,,,,
pool_partial1_v3,1111,experiments/pool_partial1_v3/runs/late_pool_tune/seed_1111/best.pt,17,1.602885682970027e-05,0,1.632458019479413,0.8164470752823019,0.8160109517173232,0.0,0.0,0.0,0.0,,,,,
pool_partial1_v3,1111,experiments/pool_partial1_v3/runs/late_pool_tune/seed_1111/best.pt,18,1.2713832064634127e-05,0,1.6464005017949042,0.8237549829705854,0.8226455121396858,0.0,0.0,0.0,0.0,,,,,
pool_partial1_v3,1111,experiments/pool_partial1_v3/runs/late_pool_tune/seed_1111/best.pt,19,1.068365111445064e-05,0,1.622237053429969,0.8115359009983384,0.8107011502034196,0.0,0.0,0.0,0.0,,,,,
pool_partial1_v3,1111,experiments/pool_partial1_v3/runs/late_pool_tune/seed_1111/best.pt,20,1e-05,0,1.64084026189608,0.8196031835591682,0.8212370766657535,0.0,0.0,0.0,0.0,0.5454236305329592,0.6742997711303899,0.5807514059011064,0.6454656658288613,
pool_pw15_v3,1111,experiments/pool_pw15_v3/runs/late_pool_tune/seed_1111/best.pt,1,5e-05,0,1.0272475726136536,1.0272475726136536,0.0,0.0,0.0,0.0,0.0,,,,,
pool_pw15_v3,1111,experiments/pool_pw15_v3/runs/late_pool_tune/seed_1111/best.pt,2,0.0001,0,0.9360785501025548,0.9360785501025548,0.0,0.0,0.0,0.0,0.0,,,,,
pool_pw15_v3,1111,experiments/pool_pw15_v3/runs/late_pool_tune/seed_1111/best.pt,3,9.931634888554937e-05,0,1.7380125433485083,0.869290003709704,0.8687225396388045,0.0,0.0,0.0,0.0,,,,,
pool_pw15_v3,1111,experiments/pool_pw15_v3/runs/late_pool_tune/seed_1111/best.pt,4,9.728616793536588e-05,0,1.6560992113897737,0.8273415732606549,0.8287576403573295,0.0,0.0,0.0,0.0,,,,,
pool_pw15_v3,1111,experiments/pool_pw15_v3/runs/late_pool_tune/seed_1111/best.pt,5,9.397114317029977e-05,0,1.5979611450266615,0.7976131784581693,0.8003479665684923,0.0,0.0,0.0,0.0,0.5244538060655672,0.6746162714615874,0.5680148482186754,0.6513201314861602,
pool_pw15_v3,1111,experiments/pool_pw15_v3/runs/late_pool_tune/seed_1111/best.pt,6,8.947199994035401e-05,0,1.5497886532935026,0.7744493774164503,0.7753392725347359,0.0,0.0,0.0,0.0,,,,,
pool_pw15_v3,1111,experiments/pool_pw15_v3/runs/late_pool_tune/seed_1111/best.pt,7,8.392544243589427e-05,0,1.501882830512858,0.750487742579986,0.7513950918322412,0.0,0.0,0.0,0.0,,,,,
pool_pw15_v3,1111,experiments/pool_pw15_v3/runs/late_pool_tune/seed_1111/best.pt,8,7.75e-05,0,1.479819091681008,0.7404652132052127,0.7393538815395855,0.0,0.0,0.0,0.0,,,,,
pool_pw15_v3,1111,experiments/pool_pw15_v3/runs/late_pool_tune/seed_1111/best.pt,9,7.03909064496551e-05,0,1.43952361111329,0.7193101638945464,0.7202134511181127,0.0,0.0,0.0,0.0,,,,,
pool_pw15_v3,1111,experiments/pool_pw15_v3/runs/late_pool_tune/seed_1111/best.pt,10,6.281416799501188e-05,0,1.4115585216851991,0.7057790648992931,0.7057794624956969,0.0,0.0,0.0,0.0,0.5341953237133116,0.6659694269885656,0.5834374330479014,0.6354197764175606,
pool_pw15_v3,1111,experiments/pool_pw15_v3/runs/late_pool_tune/seed_1111/best.pt,11,5.5e-05,0,1.3881859968755847,0.6938064577423524,0.6943795360694421,0.0,0.0,0.0,0.0,,,,,
pool_pw15_v3,1111,experiments/pool_pw15_v3/runs/late_pool_tune/seed_1111/best.pt,12,4.7185832004988135e-05,0,1.3676185775025982,0.6838394163924957,0.6837791586033651,0.0,0.0,0.0,0.0,,,,,
pool_pw15_v3,1111,experiments/pool_pw15_v3/runs/late_pool_tune/seed_1111/best.pt,13,3.960909355034492e-05,0,1.3532149178959498,0.6760090297070619,0.6772058893029935,0.0,0.0,0.0,0.0,,,,,
pool_pw15_v3,1111,experiments/pool_pw15_v3/runs/late_pool_tune/seed_1111/best.pt,14,3.250000000000001e-05,0,1.3113695578040363,0.6558926629128857,0.655476892941466,0.0,0.0,0.0,0.0,,,,,
pool_pw15_v3,1111,experiments/pool_pw15_v3/runs/late_pool_tune/seed_1111/best.pt,15,2.6074557564105733e-05,0,1.2968429042914202,0.6483517414498552,0.6484911603348278,0.0,0.0,0.0,0.0,0.530434679193076,0.6653134857803971,0.5736466797288712,0.6322634695871774,
pool_pw15_v3,1111,experiments/pool_pw15_v3/runs/late_pool_tune/seed_1111/best.pt,16,2.0528000059646e-05,0,1.307339090610219,0.6531175408407907,0.654221556175535,0.0,0.0,0.0,0.0,,,,,
pool_pw15_v3,1111,experiments/pool_pw15_v3/runs/late_pool_tune/seed_1111/best.pt,17,1.602885682970027e-05,0,1.2749585102651722,0.6383679773762961,0.6365905381808771,0.0,0.0,0.0,0.0,,,,,
pool_pw15_v3,1111,experiments/pool_pw15_v3/runs/late_pool_tune/seed_1111/best.pt,18,1.2713832064634127e-05,0,1.2903190310870376,0.6453057767074799,0.6450132549366104,0.0,0.0,0.0,0.0,,,,,
pool_pw15_v3,1111,experiments/pool_pw15_v3/runs/late_pool_tune/seed_1111/best.pt,19,1.068365111445064e-05,0,1.2728664532443072,0.636578267422792,0.6362881888853056,0.0,0.0,0.0,0.0,,,,,
pool_pw15_v3,1111,experiments/pool_pw15_v3/runs/late_pool_tune/seed_1111/best.pt,20,1e-05,0,1.26957709154236,0.6343908805713475,0.6351862143133288,0.0,0.0,0.0,0.0,0.537537572061884,0.6715824589313404,0.588531048950092,0.6398087315575429,
pool_tune_aug_lr3e5_v3,1111,experiments/pool_tune_aug_lr3e5_v3/runs/late_pool_tune_aug/seed_1111/best.pt,1,0.00015,0,1.0920162145222458,1.0920162145222458,0.0,0.0,0.0,0.0,0.0,,,,,
pool_tune_aug_lr3e5_v3,1111,experiments/pool_tune_aug_lr3e5_v3/runs/late_pool_tune_aug/seed_1111/best.pt,2,0.0003,0,0.9457359152419544,0.9457359152419544,0.0,0.0,0.0,0.0,0.0,,,,,
pool_tune_aug_lr3e5_v3,1111,experiments/pool_tune_aug_lr3e5_v3/runs/late_pool_tune_aug/seed_1111/best.pt,3,0.0002979490466566,0,1.6891213878292903,0.8394762478142141,0.8496451355586542,0.0,0.0,0.0,0.0,,,,,
pool_tune_aug_lr3e5_v3,1111,experiments/pool_tune_aug_lr3e5_v3/runs/late_pool_tune_aug/seed_1111/best.pt,4,0.000291858503806,0,1.534093223999594,0.7595770476020385,0.77451617834724,0.0,0.0,0.0,0.0,,,,,
pool_tune_aug_lr3e5_v3,1111,experiments/pool_tune_aug_lr3e5_v3/runs/late_pool_tune_aug/seed_1111/best.pt,5,0.0002819134295108,0,1.4132952617707653,0.7003740590309429,0.712921207474771,0.0,0.0,0.0,0.0,0.5421852371429136,0.6573378938443586,0.5693687775676509,0.6240297033704797,
pool_tune_aug_lr3e5_v3,1111,experiments/pool_tune_aug_lr3e5_v3/runs/late_pool_tune_aug/seed_1111/best.pt,6,0.000268415999821,0,1.2953800336222785,0.6263261534900308,0.6690538787396154,0.0,0.0,0.0,0.0,,,,,
pool_tune_aug_lr3e5_v3,1111,experiments/pool_tune_aug_lr3e5_v3/runs/late_pool_tune_aug/seed_1111/best.pt,7,0.0002517763273076,0,1.168739939961478,0.5594403239611153,0.6092996121009934,0.0,0.0,0.0,0.0,,,,,
pool_tune_aug_lr3e5_v3,1111,experiments/pool_tune_aug_lr3e5_v3/runs/late_pool_tune_aug/seed_1111/best.pt,8,0.0002324999999999,0,1.0498101928523769,0.4935595092372359,0.5562506791587188,0.0,0.0,0.0,0.0,,,,,
pool_tune_aug_lr3e5_v3,1111,experiments/pool_tune_aug_lr3e5_v3/runs/late_pool_tune_aug/seed_1111/best.pt,9,0.0002111727193489,0,0.9157583557556724,0.4212418747282473,0.4945164826985831,0.0,0.0,0.0,0.0,,,,,
pool_tune_aug_lr3e5_v3,1111,experiments/pool_tune_aug_lr3e5_v3/runs/late_pool_tune_aug/seed_1111/best.pt,10,0.000188442503985,0,0.7978612343284571,0.3610974314892403,0.43676380297848,0.0,0.0,0.0,0.0,0.5147806101724886,0.6847716814320651,0.5408946936264871,0.6581406642162819,
pool_tune_aug_lr3e5_v3,1111,experiments/pool_tune_aug_lr3e5_v3/runs/late_pool_tune_aug/seed_1111/best.pt,11,0.0001649999999999,0,0.781176415280761,0.310021253528996,0.47115516328366,0.0,0.0,0.0,0.0,,,,,
pool_tune_aug_lr3e5_v3,1111,experiments/pool_tune_aug_lr3e5_v3/runs/late_pool_tune_aug/seed_1111/best.pt,12,0.0001415574960149,0,0.7196355832514362,0.2765242345979281,0.4431113462860339,0.0,0.0,0.0,0.0,,,,,
pool_tune_aug_lr3e5_v3,1111,experiments/pool_tune_aug_lr3e5_v3/runs/late_pool_tune_aug/seed_1111/best.pt,13,0.000118827280651,0,0.6623041440393324,0.2499924102258459,0.4123117356935394,0.0,0.0,0.0,0.0,,,,,
pool_tune_aug_lr3e5_v3,1111,experiments/pool_tune_aug_lr3e5_v3/runs/late_pool_tune_aug/seed_1111/best.pt,14,9.75e-05,0,0.6066466816396356,0.2244360748434735,0.3822106051250039,0.0,0.0,0.0,0.0,,,,,
pool_tune_aug_lr3e5_v3,1111,experiments/pool_tune_aug_lr3e5_v3/runs/late_pool_tune_aug/seed_1111/best.pt,15,7.822367269231717e-05,0,0.5995169429578514,0.200741106940207,0.3987758376888025,0.0,0.0,0.0,0.0,0.5251855458387191,0.6996286471007124,0.5540398573693176,0.6726231236886463,
pool_tune_aug_lr3e5_v3,1111,experiments/pool_tune_aug_lr3e5_v3/runs/late_pool_tune_aug/seed_1111/best.pt,16,6.158400017893797e-05,0,0.5488519717321217,0.1945481454239827,0.3543038276311393,0.0,0.0,0.0,0.0,,,,,
pool_tune_aug_lr3e5_v3,1111,experiments/pool_tune_aug_lr3e5_v3/runs/late_pool_tune_aug/seed_1111/best.pt,17,4.80865704891008e-05,0,0.5239904813955878,0.1785624672040761,0.3454280129381429,0.0,0.0,0.0,0.0,,,,,
pool_tune_aug_lr3e5_v3,1111,experiments/pool_tune_aug_lr3e5_v3/runs/late_pool_tune_aug/seed_1111/best.pt,18,3.814149619390237e-05,0,0.515241513185412,0.1652846798718532,0.3499568328261375,0.0,0.0,0.0,0.0,,,,,
pool_tune_aug_lr3e5_v3,1111,experiments/pool_tune_aug_lr3e5_v3/runs/late_pool_tune_aug/seed_1111/best.pt,19,3.2050953343351913e-05,0,0.5027272940796113,0.1671087888426312,0.3356185070822172,0.0,0.0,0.0,0.0,,,,,
pool_tune_aug_lr3e5_v3,1111,experiments/pool_tune_aug_lr3e5_v3/runs/late_pool_tune_aug/seed_1111/best.pt,20,3e-05,0,0.4739401467214121,0.1562930623713497,0.3176470811818248,0.0,0.0,0.0,0.0,0.5171434918096899,0.707020392845705,0.5433297979129704,0.6825032024746659,
pool_tune_lr3e5_v3,1111,experiments/pool_tune_lr3e5_v3/runs/late_pool_tune/seed_1111/best.pt,1,0.00015,0,1.090179245605647,1.090179245605647,0.0,0.0,0.0,0.0,0.0,,,,,
pool_tune_lr3e5_v3,1111,experiments/pool_tune_lr3e5_v3/runs/late_pool_tune/seed_1111/best.pt,2,0.0003,0,0.9394429771699638,0.9394429771699638,0.0,0.0,0.0,0.0,0.0,,,,,
pool_tune_lr3e5_v3,1111,experiments/pool_tune_lr3e5_v3/runs/late_pool_tune/seed_1111/best.pt,3,0.0002979490466566,0,1.690381421106998,0.8450858815808162,0.8452955450967093,0.0,0.0,0.0,0.0,,,,,
pool_tune_lr3e5_v3,1111,experiments/pool_tune_lr3e5_v3/runs/late_pool_tune/seed_1111/best.pt,4,0.000291858503806,0,1.5406111790755084,0.7696340540859187,0.7709771283319063,0.0,0.0,0.0,0.0,,,,,
pool_tune_lr3e5_v3,1111,experiments/pool_tune_lr3e5_v3/runs/late_pool_tune/seed_1111/best.pt,5,0.0002819134295108,0,1.4154147906838177,0.7063321429435337,0.7090826499684949,0.0,0.0,0.0,0.0,0.5387587106252033,0.6557518229469496,0.5623142752821084,0.623865336216193,
pool_tune_lr3e5_v3,1111,experiments/pool_tune_lr3e5_v3/runs/late_pool_tune/seed_1111/best.pt,6,0.000268415999821,0,1.2672710407560115,0.6344464886411328,0.6328245496081415,0.0,0.0,0.0,0.0,,,,,
pool_tune_lr3e5_v3,1111,experiments/pool_tune_lr3e5_v3/runs/late_pool_tune/seed_1111/best.pt,7,0.0002517763273076,0,1.1375386542248949,0.5683618260321216,0.5691768326491953,0.0,0.0,0.0,0.0,,,,,
pool_tune_lr3e5_v3,1111,experiments/pool_tune_lr3e5_v3/runs/late_pool_tune/seed_1111/best.pt,8,0.0002324999999999,0,1.0367748130147705,0.5186923263228942,0.5180824858562969,0.0,0.0,0.0,0.0,,,,,
pool_tune_lr3e5_v3,1111,experiments/pool_tune_lr3e5_v3/runs/late_pool_tune/seed_1111/best.pt,9,0.0002111727193489,0,0.8861625874153921,0.4419888610316214,0.44417373028314,0.0,0.0,0.0,0.0,,,,,
pool_tune_lr3e5_v3,1111,experiments/pool_tune_lr3e5_v3/runs/late_pool_tune/seed_1111/best.pt,10,0.000188442503985,0,0.7860098137198207,0.392400053129575,0.3936097600680088,0.0,0.0,0.0,0.0,0.513576374829221,0.6859663939565139,0.5361036577091625,0.6599433947451141,
pool_tune_lr3e5_v3,1111,experiments/pool_tune_lr3e5_v3/runs/late_pool_tune/seed_1111/best.pt,11,0.0001649999999999,0,0.6943251150790776,0.3460946013437253,0.3482305121338256,0.0,0.0,0.0,0.0,,,,,
pool_tune_lr3e5_v3,1111,experiments/pool_tune_lr3e5_v3/runs/late_pool_tune/seed_1111/best.pt,12,0.0001415574960149,0,0.6321827855622657,0.3144034317163663,0.3177793556563208,0.0,0.0,0.0,0.0,,,,,
pool_tune_lr3e5_v3,1111,experiments/pool_tune_lr3e5_v3/runs/late_pool_tune/seed_1111/best.pt,13,0.000118827280651,0,0.5717297002812413,0.2847062189863107,0.2870234812949305,0.0,0.0,0.0,0.0,,,,,
pool_tune_lr3e5_v3,1111,experiments/pool_tune_lr3e5_v3/runs/late_pool_tune/seed_1111/best.pt,14,9.75e-05,0,0.4923968240618706,0.2449895451106479,0.2474072819627891,0.0,0.0,0.0,0.0,,,,,
pool_tune_lr3e5_v3,1111,experiments/pool_tune_lr3e5_v3/runs/late_pool_tune/seed_1111/best.pt,15,7.822367269231717e-05,0,0.4428431267771765,0.2215693538016248,0.2212737721051568,0.0,0.0,0.0,0.0,0.529213296361339,0.7107149139691622,0.5646673770259677,0.6835604981400308,
pool_tune_lr3e5_v3,1111,experiments/pool_tune_lr3e5_v3/runs/late_pool_tune/seed_1111/best.pt,16,6.158400017893797e-05,0,0.4370442215248803,0.2171487860451234,0.2198954361064412,0.0,0.0,0.0,0.0,,,,,
pool_tune_lr3e5_v3,1111,experiments/pool_tune_lr3e5_v3/runs/late_pool_tune/seed_1111/best.pt,17,4.80865704891008e-05,0,0.3961380997272295,0.1991396096195573,0.1969984889239351,0.0,0.0,0.0,0.0,,,,,
pool_tune_lr3e5_v3,1111,experiments/pool_tune_lr3e5_v3/runs/late_pool_tune/seed_1111/best.pt,18,3.814149619390237e-05,0,0.3732188370461776,0.1869626397562918,0.1862561961757802,0.0,0.0,0.0,0.0,,,,,
pool_tune_lr3e5_v3,1111,experiments/pool_tune_lr3e5_v3/runs/late_pool_tune/seed_1111/best.pt,19,3.2050953343351913e-05,0,0.3618434749056246,0.1803435930790745,0.1814998814087604,0.0,0.0,0.0,0.0,,,,,
pool_tune_lr3e5_v3,1111,experiments/pool_tune_lr3e5_v3/runs/late_pool_tune/seed_1111/best.pt,20,3e-05,0,0.3589402023598412,0.1809422406498516,0.1779979628937266,0.0,0.0,0.0,0.0,0.516650905571538,0.7204848400504287,0.5407095691118707,0.6962577441715568,
tune_low_lr_balanced_aug_v3,1111,experiments/tune_low_lr_balanced_aug_v3/runs/late_tune_aug/seed_1111/best.pt,1,0.00015,0,1.4206185847799355,1.4206185847799355,0.0,0.0,0.0,0.0,0.0,,,,,
tune_low_lr_balanced_aug_v3,1111,experiments/tune_low_lr_balanced_aug_v3/runs/late_tune_aug/seed_1111/best.pt,2,0.0003,0,1.249751218568499,1.249751218568499,0.0,0.0,0.0,0.0,0.0,,,,,
tune_low_lr_balanced_aug_v3,1111,experiments/tune_low_lr_balanced_aug_v3/runs/late_tune_aug/seed_1111/best.pt,3,0.0002979490466566,0,2.315857144159692,1.158634098333733,1.1572230447118528,0.0,0.0,0.0,0.0,,,,,
tune_low_lr_balanced_aug_v3,1111,experiments/tune_low_lr_balanced_aug_v3/runs/late_tune_aug/seed_1111/best.pt,4,0.000291858503806,0,2.1817118453088207,1.0854582012256728,1.0962536518818864,0.0,0.0,0.0,0.0,,,,,
tune_low_lr_balanced_aug_v3,1111,experiments/tune_low_lr_balanced_aug_v3/runs/late_tune_aug/seed_1111/best.pt,5,0.0002819134295108,0,2.0379307013805783,1.01663540735423,1.0212952951404537,0.0,0.0,0.0,0.0,0.5386930538719888,0.671377897957767,0.5689827933776158,0.6412107957662007,
tune_low_lr_balanced_aug_v3,1111,experiments/tune_low_lr_balanced_aug_v3/runs/late_tune_aug/seed_1111/best.pt,6,0.000268415999821,0,1.9237493566263504,0.9364923923929162,0.9872569653475396,0.0,0.0,0.0,0.0,,,,,
tune_low_lr_balanced_aug_v3,1111,experiments/tune_low_lr_balanced_aug_v3/runs/late_tune_aug/seed_1111/best.pt,7,0.0002517763273076,0,1.8419378015482537,0.9024277702670233,0.939510027938914,0.0,0.0,0.0,0.0,,,,,
tune_low_lr_balanced_aug_v3,1111,experiments/tune_low_lr_balanced_aug_v3/runs/late_tune_aug/seed_1111/best.pt,8,0.0002324999999999,0,1.7349840034948332,0.8433530631466447,0.8916309425763995,0.0,0.0,0.0,0.0,,,,,
tune_low_lr_balanced_aug_v3,1111,experiments/tune_low_lr_balanced_aug_v3/runs/late_tune_aug/seed_1111/best.pt,9,0.0002111727193489,0,1.6171633116552764,0.7758706696679659,0.8412926419873104,0.0,0.0,0.0,0.0,,,,,
tune_low_lr_balanced_aug_v3,1111,experiments/tune_low_lr_balanced_aug_v3/runs/late_tune_aug/seed_1111/best.pt,10,0.000188442503985,0,1.4918325359576217,0.7188389824929639,0.7729935478941302,0.0,0.0,0.0,0.0,0.5251418309506009,0.7035472647752817,0.541269794489494,0.6743524270618314,
tune_low_lr_balanced_aug_v3,1111,experiments/tune_low_lr_balanced_aug_v3/runs/late_tune_aug/seed_1111/best.pt,11,0.0001649999999999,0,1.4441360558304832,0.6524792068472532,0.7916568436912287,0.0,0.0,0.0,0.0,,,,,
tune_low_lr_balanced_aug_v3,1111,experiments/tune_low_lr_balanced_aug_v3/runs/late_tune_aug/seed_1111/best.pt,12,0.0001415574960149,0,1.356600189320395,0.6170395183786054,0.7395606687135785,0.0,0.0,0.0,0.0,,,,,
tune_low_lr_balanced_aug_v3,1111,experiments/tune_low_lr_balanced_aug_v3/runs/late_tune_aug/seed_1111/best.pt,13,0.000118827280651,0,1.2298251290187658,0.5425528285102309,0.6872722963306391,0.0,0.0,0.0,0.0,,,,,
tune_low_lr_balanced_aug_v3,1111,experiments/tune_low_lr_balanced_aug_v3/runs/late_tune_aug/seed_1111/best.pt,14,9.75e-05,0,1.146495760044205,0.4904130925641995,0.6560826669229525,0.0,0.0,0.0,0.0,,,,,
tune_low_lr_balanced_aug_v3,1111,experiments/tune_low_lr_balanced_aug_v3/runs/late_tune_aug/seed_1111/best.pt,15,7.822367269231717e-05,0,1.090384425403916,0.4555945170816974,0.6347899069295866,0.0,0.0,0.0,0.0,0.5280223761380533,0.7039546716814262,0.5645832550066422,0.6701471883252552,
tune_low_lr_balanced_aug_v3,1111,experiments/tune_low_lr_balanced_aug_v3/runs/late_tune_aug/seed_1111/best.pt,16,6.158400017893797e-05,0,0.9832180518413258,0.4195960842281858,0.5636219649671395,0.0,0.0,0.0,0.0,,,,,
tune_low_lr_balanced_aug_v3,1111,experiments/tune_low_lr_balanced_aug_v3/runs/late_tune_aug/seed_1111/best.pt,17,4.80865704891008e-05,0,0.9452445596178002,0.388283568982766,0.5569609943951401,0.0,0.0,0.0,0.0,,,,,
tune_low_lr_balanced_aug_v3,1111,experiments/tune_low_lr_balanced_aug_v3/runs/late_tune_aug/seed_1111/best.pt,18,3.814149619390237e-05,0,0.9028544581939126,0.365937899763339,0.5369165578735209,0.0,0.0,0.0,0.0,,,,,
tune_low_lr_balanced_aug_v3,1111,experiments/tune_low_lr_balanced_aug_v3/runs/late_tune_aug/seed_1111/best.pt,19,3.2050953343351913e-05,0,0.8788872065945207,0.3422243867382825,0.5366628175583955,0.0,0.0,0.0,0.0,,,,,
tune_low_lr_balanced_aug_v3,1111,experiments/tune_low_lr_balanced_aug_v3/runs/late_tune_aug/seed_1111/best.pt,20,3e-05,0,0.8534099142128062,0.339211634664892,0.5141982803834932,0.0,0.0,0.0,0.0,0.5181179999540375,0.7142239968261548,0.5331303754194244,0.6838805093621876,
tune_lr3e5_aug_v2,1111,experiments/tune_lr3e5_aug_v2/runs/late_tune_aug/seed_1111/best.pt,1,0.00015,0,1.071242085127073,1.071242085127073,0.0,0.0,0.0,0.0,0.0,,,,,
tune_lr3e5_aug_v2,1111,experiments/tune_lr3e5_aug_v2/runs/late_tune_aug/seed_1111/best.pt,2,0.0003,0,0.9474310718964194,0.9474310718964194,0.0,0.0,0.0,0.0,0.0,,,,,
tune_lr3e5_aug_v2,1111,experiments/tune_lr3e5_aug_v2/runs/late_tune_aug/seed_1111/best.pt,3,0.0002979490466566,0,1.7020965101562928,0.8484123611004553,0.8536841457135209,0.0,0.0,0.0,0.0,,,,,
tune_lr3e5_aug_v2,1111,experiments/tune_lr3e5_aug_v2/runs/late_tune_aug/seed_1111/best.pt,4,0.000291858503806,0,1.55723698005498,0.7831950647251629,0.7740419200647657,0.0,0.0,0.0,0.0,,,,,
tune_lr3e5_aug_v2,1111,experiments/tune_lr3e5_aug_v2/runs/late_tune_aug/seed_1111/best.pt,5,0.0002819134295108,0,1.390756207091786,0.6953308392907972,0.6954253658513042,0.0,0.0,0.0,0.0,0.5412242701525195,0.6768781687773903,0.5702773249016024,0.6484629692337706,
tune_lr3e5_aug_v2,1111,experiments/tune_lr3e5_aug_v2/runs/late_tune_aug/seed_1111/best.pt,6,0.000268415999821,0,1.2388484617260014,0.611096030640825,0.6277524299710711,0.0,0.0,0.0,0.0,,,,,
tune_lr3e5_aug_v2,1111,experiments/tune_lr3e5_aug_v2/runs/late_tune_aug/seed_1111/best.pt,7,0.0002517763273076,0,1.0900773155355008,0.533785928354085,0.5562913896881532,0.0,0.0,0.0,0.0,,,,,
tune_lr3e5_aug_v2,1111,experiments/tune_lr3e5_aug_v2/runs/late_tune_aug/seed_1111/best.pt,8,0.0002324999999999,0,0.9707854601824396,0.4625820414485218,0.5082034192909705,0.0,0.0,0.0,0.0,,,,,
tune_lr3e5_aug_v2,1111,experiments/tune_lr3e5_aug_v2/runs/late_tune_aug/seed_1111/best.pt,9,0.0002111727193489,0,0.8267364462959432,0.3921301387180791,0.4346063091097591,0.0,0.0,0.0,0.0,,,,,
tune_lr3e5_aug_v2,1111,experiments/tune_lr3e5_aug_v2/runs/late_tune_aug/seed_1111/best.pt,10,0.000188442503985,0,0.671075484741514,0.3218366010027511,0.3492388825550258,0.0,0.0,0.0,0.0,0.5112555095321534,0.7211022897655835,0.535499803204506,0.6991502270364756,
tune_lr3e5_aug_v2,1111,experiments/tune_lr3e5_aug_v2/runs/late_tune_aug/seed_1111/best.pt,11,0.0001649999999999,0,0.584180024879001,0.2756375148892402,0.3085425095719711,0.0,0.0,0.0,0.0,,,,,
tune_lr3e5_aug_v2,1111,experiments/tune_lr3e5_aug_v2/runs/late_tune_aug/seed_1111/best.pt,12,0.0001415574960149,0,0.4862685136705915,0.2244700302726754,0.2617984846512848,0.0,0.0,0.0,0.0,,,,,
tune_lr3e5_clean_v2,1111,experiments/tune_lr3e5_clean_v2/runs/late_tune/seed_1111/best.pt,1,0.00015,0,1.0707347827537037,1.0707347827537037,0.0,0.0,0.0,0.0,0.0,,,,,
tune_lr3e5_clean_v2,1111,experiments/tune_lr3e5_clean_v2/runs/late_tune/seed_1111/best.pt,2,0.0003,0,0.94437005531008,0.94437005531008,0.0,0.0,0.0,0.0,0.0,,,,,
tune_lr3e5_clean_v2,1111,experiments/tune_lr3e5_clean_v2/runs/late_tune/seed_1111/best.pt,3,0.0002979490466566,0,1.701210508836764,0.8513927209043057,0.8498177823619307,0.0,0.0,0.0,0.0,,,,,
tune_lr3e5_clean_v2,1111,experiments/tune_lr3e5_clean_v2/runs/late_tune/seed_1111/best.pt,4,0.000291858503806,0,1.560714955084792,0.7820526776469756,0.7786622727028677,0.0,0.0,0.0,0.0,,,,,
tune_lr3e5_clean_v2,1111,experiments/tune_lr3e5_clean_v2/runs/late_tune/seed_1111/best.pt,5,0.0002819134295108,0,1.4067424413199736,0.7033335324202743,0.7034089119634895,0.0,0.0,0.0,0.0,0.5391593778560014,0.6764409913878223,0.5657672979381617,0.6447112490714062,
tune_lr3e5_clean_v2,1111,experiments/tune_lr3e5_clean_v2/runs/late_tune/seed_1111/best.pt,6,0.000268415999821,0,1.2639538005133657,0.631823523022304,0.6321302805548517,0.0,0.0,0.0,0.0,,,,,
tune_lr3e5_clean_v2,1111,experiments/tune_lr3e5_clean_v2/runs/late_tune/seed_1111/best.pt,7,0.0002517763273076,0,1.1025201845391888,0.5512342494781887,0.5512859389603695,0.0,0.0,0.0,0.0,,,,,
tune_lr3e5_clean_v2,1111,experiments/tune_lr3e5_clean_v2/runs/late_tune/seed_1111/best.pt,8,0.0002324999999999,0,0.991447095559022,0.4944407809003491,0.4970063154942521,0.0,0.0,0.0,0.0,,,,,
tune_lr3e5_clean_v2,1111,experiments/tune_lr3e5_clean_v2/runs/late_tune/seed_1111/best.pt,9,0.0002111727193489,0,0.8674049513919331,0.4323563522824617,0.4350486053763149,0.0,0.0,0.0,0.0,,,,,
tune_lr3e5_clean_v2,1111,experiments/tune_lr3e5_clean_v2/runs/late_tune/seed_1111/best.pt,10,0.000188442503985,0,0.7163342673366315,0.3568507971189846,0.3594834673627515,0.0,0.0,0.0,0.0,0.5240291963036695,0.6973642229907847,0.5517328266683145,0.6666449854466399,
tune_lr3e5_clean_v2,1111,experiments/tune_lr3e5_clean_v2/runs/late_tune/seed_1111/best.pt,11,0.0001649999999999,0,0.6399345762818773,0.3208851782935802,0.3190493973616127,0.0,0.0,0.0,0.0,,,,,
tune_lr3e5_clean_v2,1111,experiments/tune_lr3e5_clean_v2/runs/late_tune/seed_1111/best.pt,12,0.0001415574960149,0,0.5594162396459936,0.2794688503458121,0.2799473899268658,0.0,0.0,0.0,0.0,,,,,
tune_lr3e5_clean_v2,1111,experiments/tune_lr3e5_clean_v2/runs/late_tune/seed_1111/best.pt,13,0.000118827280651,0,0.4780746224884675,0.2383692378752699,0.2397053830116708,0.0,0.0,0.0,0.0,,,,,
tune_lr3e5_clean_v2,1111,experiments/tune_lr3e5_clean_v2/runs/late_tune/seed_1111/best.pt,14,9.75e-05,0,0.4262647315442005,0.2134312098828431,0.212833523262884,0.0,0.0,0.0,0.0,,,,,
tune_lr3e5_clean_v2,1111,experiments/tune_lr3e5_clean_v2/runs/late_tune/seed_1111/best.pt,15,7.822367269231717e-05,0,0.3763347096114515,0.1878513912800873,0.1884833184009957,0.0,0.0,0.0,0.0,0.5223635159225899,0.7038141271963484,0.5473172682064912,0.6727711532877727,
tune_lr3e5_clean_v2,1111,experiments/tune_lr3e5_clean_v2/runs/late_tune/seed_1111/best.pt,16,6.158400017893797e-05,0,0.3317690121932564,0.1673802846572666,0.1643887284063847,0.0,0.0,0.0,0.0,,,,,
tune_lr3e5_clean_v2,1111,experiments/tune_lr3e5_clean_v2/runs/late_tune/seed_1111/best.pt,17,4.80865704891008e-05,0,0.278741912515921,0.1396518539045458,0.1390900593425069,0.0,0.0,0.0,0.0,,,,,
tune_lr3e5_clean_v2,1111,experiments/tune_lr3e5_clean_v2/runs/late_tune/seed_1111/best.pt,18,3.814149619390238e-05,0,0.2727426695767964,0.1356927512265811,0.1370499196732155,0.0,0.0,0.0,0.0,,,,,
tune_lr3e5_clean_v2,1111,experiments/tune_lr3e5_clean_v2/runs/late_tune/seed_1111/best.pt,19,3.205095334335192e-05,0,0.2497666757379736,0.125245340516634,0.1245213359002476,0.0,0.0,0.0,0.0,,,,,
tune_lr3e5_clean_v2,1111,experiments/tune_lr3e5_clean_v2/runs/late_tune/seed_1111/best.pt,20,3e-05,0,0.234482793677076,0.118025540609226,0.1164572540078764,0.0,0.0,0.0,0.0,0.5201158273104686,0.7104962186781733,0.5469087590665304,0.6820364987140567,
runs/full/seed_1111,1111,runs/full/seed_1111/best.pt,1,6e-05,0,1.6861995369474465,1.4693729799484538,0.0,4.336531037482146,0.0,0.0,0.0,,,,,
runs/full/seed_1111,1111,runs/full/seed_1111/best.pt,2,0.0001199999999999,0,1.5181651795021842,1.3069889946518658,0.0,4.22352378836302,0.0,0.0,0.0,,,,,
runs/full/seed_1111,1111,runs/full/seed_1111/best.pt,3,0.0001799999999999,0,1.4524361480062251,1.2438757659118866,0.0,4.171207621832874,0.0,0.0,0.0,,,,,
runs/full/seed_1111,1111,runs/full/seed_1111/best.pt,4,0.0002399999999999,0,1.3991834081221963,1.19319070889571,0.0,4.119854087027434,0.0,0.0,0.0,,,,,
runs/full/seed_1111,1111,runs/full/seed_1111/best.pt,5,0.0003,0,1.3514866650661574,1.148097820371111,0.0,4.067776863820085,0.0,0.0,0.0,,,,,
runs/full/seed_1111,1111,runs/full/seed_1111/best.pt,6,0.00029977982903,7686,2.386429468047953,1.0749477109062338,1.0892334034509747,4.027941001909915,0.9478845830275634,0.0826797965591965,0.0533402907078929,,,,,
runs/full/seed_1111,1111,runs/full/seed_1111/best.pt,7,0.000299120034272,7472,2.2295226961652808,0.9946142557625458,1.01060452528089,4.007330232691542,0.5274055706006344,0.0149174104444682,0.0635707256532161,,,,,
runs/full/seed_1111,1111,runs/full/seed_1111/best.pt,8,0.0002980227678394,7636,2.0615944082491864,0.9025584682125912,0.9247765234697644,3.978129021475248,0.5118864220436489,0.0164127983239905,0.0691231228759355,,,,,
runs/full/seed_1111,1111,runs/full/seed_1111/best.pt,9,0.0002964916087872,7557,1.850531984712476,0.7894447760604252,0.8168392159114374,3.9380236429588815,0.5110156285428555,0.0205316931905799,0.0705537418443187,,,,,
runs/full/seed_1111,1111,runs/full/seed_1111/best.pt,10,0.0002945315514379,7879,1.6260159561567218,0.6693189024368179,0.6998710339871522,3.9106478535126303,0.5186299358572916,0.023133824013661,0.0827394162139324,0.4867292364976134,0.7274799118147222,0.508798331386786,0.6975609922260596,
runs/full/seed_1111,1111,runs/full/seed_1111/best.pt,11,0.0002921489890913,7791,1.3848244926639806,0.5439290869458814,0.5716271244476889,3.865373212600423,0.5411744995094906,0.0254264729027853,0.0794424275023358,,,,,
runs/full/seed_1111,1111,runs/full/seed_1111/best.pt,12,0.0002893516931705,7651,1.2005153237102189,0.4338298082073158,0.4819349415391405,3.7998535098316513,0.5631294247703017,0.0314236521964596,0.0980008291863949,,,,,
runs/full/seed_1111,1111,runs/full/seed_1111/best.pt,13,0.0002861487878733,7591,1.024922553623948,0.3377230629742702,0.3858789240366944,3.750313687547345,0.5809968456486675,0.0354188625117607,0.1125742189029109,,,,,
runs/full/seed_1111,1111,runs/full/seed_1111/best.pt,14,0.0002825507204111,7700,0.9008042157810424,0.2659803993791063,0.3204379308028756,3.671161996984036,0.5948151840227787,0.0433895100445582,0.1103110887528022,,,,,
runs/full/seed_1111,1111,runs/full/seed_1111/best.pt,15,0.0002785692269322,7770,0.802927769790186,0.2112490746462456,0.2642753312242365,3.618706722125829,0.593794569512394,0.0469970865627733,0.1150470052924111,0.4860617513658926,0.7860579776817972,0.4981513440619639,0.7728529136895284,
runs/full/seed_1111,1111,runs/full/seed_1111/best.pt,16,0.0002742172942406,21712,0.850825821127847,0.1791404303964053,0.313439255423635,3.5540776185900254,0.6839581455025717,0.0622531401742006,0.1876265292064609,,,,,
runs/full/seed_1111,1111,runs/full/seed_1111/best.pt,17,0.0002695091174362,21673,0.7766203145000422,0.1485867932717376,0.2792779518482841,3.5014753932150726,0.6624850435791728,0.0591552303320615,0.1763463117460781,,,,,
runs/full/seed_1111,1111,runs/full/seed_1111/best.pt,18,0.0002644600536133,21932,0.7306080922902187,0.1291328922053363,0.2535841491456344,3.434746283237065,0.6773676691211272,0.0678232660882662,0.1694893802507458,,,,,
runs/full/seed_1111,1111,runs/full/seed_1111/best.pt,19,0.0002590865717684,21691,0.6734379396260342,0.1106001109093706,0.2232887951709399,3.3751651260340325,0.663793085334457,0.0649260014086683,0.1576977728683258,,,,,
runs/full/seed_1111,1111,runs/full/seed_1111/best.pt,20,0.0002534061990826,21824,0.6502557408029788,0.1035074140075768,0.2145718286666914,3.3117280908834155,0.64892035611322,0.0610436888397497,0.1535082480687404,0.4881591339229571,0.7394750577485942,0.5087710965453912,0.7124734076960422,
runs/full/seed_1111,1111,runs/full/seed_1111/best.pt,21,0.0002474374637507,22152,0.608724101960102,0.0896776123233487,0.1910376230898861,3.2961744337438423,0.6473581963610426,0.0644850733159023,0.1363999362791253,,,,,
runs/full/seed_1111,1111,runs/full/seed_1111/best.pt,22,0.000241199834547,21705,0.5880759492098728,0.0759629613119308,0.1860700888193656,3.236018980774924,0.6462889274704122,0.0656188318906264,0.1421113777209386,,,,,
runs/full/seed_1111,1111,runs/full/seed_1111/best.pt,23,0.0002347136573212,21922,0.5490980595350266,0.0721481835869985,0.1631780931395348,3.1686240100414955,0.6220472761403735,0.059891100763996,0.1247100619181433,,,,,
runs/full/seed_1111,1111,runs/full/seed_1111/best.pt,24,0.0002280000886354,21282,0.5008139540658934,0.0624517698502429,0.1331331659735084,3.1265757462688697,0.6174536951791461,0.0544305860595864,0.0998321504758618,,,,,
runs/full/seed_1111,1111,runs/full/seed_1111/best.pt,25,0.0002210810267552,21688,0.4904556277199326,0.0552185607952213,0.1318396549219283,3.093281212254105,0.6135130413224764,0.0558271044430053,0.102240137372897,0.4710387843696383,0.7533755246325791,0.4939990925112814,0.7257599208234031,
runs/full/seed_1111,1111,runs/full/seed_1111/best.pt,26,0.0002139790402223,21849,0.4897852222496104,0.0502363093301793,0.1357801670260797,3.058174676427217,0.6152927872733535,0.0573022111936985,0.1103561376613155,,,,,
runs/full/seed_1111,1111,runs/full/seed_1111/best.pt,27,0.0002067172942406,21551,0.4623120516260093,0.0457521076792868,0.1220693072983037,3.01061914457339,0.5945625895651702,0.0514663402861523,0.0995026107215992,,,,,
runs/full/seed_1111,1111,runs/full/seed_1111/best.pt,28,0.0001993194751161,22257,0.4549569023825298,0.0413663660602591,0.119495704456746,2.970397620557625,0.6019253613792848,0.0540159071717306,0.098941402596848,,,,,
runs/full/seed_1111,1111,runs/full/seed_1111/best.pt,29,0.0001918097129971,21855,0.432296928958358,0.0389351985617497,0.1055092511472301,2.9228329363270342,0.5935979961791885,0.0539281176942809,0.0879920692853281,,,,,
runs/full/seed_1111,1111,runs/full/seed_1111/best.pt,30,0.0001842125031668,21308,0.414799102834452,0.0350171750776957,0.1010968541186825,2.884440432085055,0.5628313138106159,0.048912295131622,0.085027772532863,0.4620976692306942,0.7576211339931436,0.4922948647376704,0.7216556253206563,
runs/full/seed_1111,1111,runs/full/seed_1111/best.pt,31,0.0001765526261446,37939,0.5405594110488892,0.0358035954881772,0.1872647688332422,2.8767500692438857,0.6649550216220249,0.0666405755382414,0.1699923643011112,,,,,
runs/full/seed_1111,1111,runs/full/seed_1111/best.pt,32,0.0001688550668571,38722,0.5090635235064498,0.0328441994943629,0.1681976643190762,2.8394409473811355,0.6498458243419076,0.0551597924998778,0.1528223020799249,,,,,
runs/full/seed_1111,1111,runs/full/seed_1111/best.pt,33,0.0001611449331428,37688,0.5144926287303461,0.0316555405505628,0.1726129269140346,2.8045485799557697,0.6622868837597214,0.057932977364442,0.1587302719773811,,,,,
runs/full/seed_1111,1111,runs/full/seed_1111/best.pt,34,0.0001534473738553,38118,0.4676799495643544,0.0282088550260273,0.1384032807077899,2.7677900763315577,0.656917554752849,0.0607321657518917,0.1261079021877496,,,,,
runs/full/seed_1111,1111,runs/full/seed_1111/best.pt,35,0.0001457874968331,38041,0.4704467697399799,0.0258473241353564,0.1467665980317603,2.7278326418355245,0.6429829048776181,0.0579768985718767,0.1352347062082491,0.4577843779665923,0.7645176126492975,0.4626686598646367,0.7380307462945284,
runs/full/seed_1111,1111,runs/full/seed_1111/best.pt,36,0.0001381902870028,38511,0.4633188934248184,0.0263316959107869,0.1413785327034436,2.7074913332395463,0.6423862019431925,0.0551936993218749,0.1311874071693169,,,,,
runs/full/seed_1111,1111,runs/full/seed_1111/best.pt,37,0.0001306805248838,37603,0.4290114847299094,0.024239183490591,0.1176552278659889,2.6734170624028857,0.6337913998933596,0.0527080432381306,0.1070856518660471,,,,,
runs/full/seed_1111,1111,runs/full/seed_1111/best.pt,38,0.0001232827057593,38522,0.4301272108454571,0.0226139410216117,0.1230349846958905,2.643494929108664,0.6221710437926177,0.0515263916872372,0.1135834199681042,,,,,
runs/full/seed_1111,1111,runs/full/seed_1111/best.pt,39,0.0001160209597776,36849,0.4262969610847045,0.0218541274003893,0.1191996695456382,2.624946610949864,0.6337025045791519,0.0520165199500935,0.1102683871427429,,,,,
runs/full/seed_1111,1111,runs/full/seed_1111/best.pt,40,0.0001089189732447,39471,0.4104435645809797,0.0195717619575351,0.1111300137137698,2.5839203044632884,0.6232823102830727,0.0506379577183277,0.1041275490266836,0.4781701113852785,0.7450494691008613,0.505178906914482,0.7093830937989808,
runs/full/seed_1111,1111,runs/full/seed_1111/best.pt,41,0.0001019999113645,36865,0.3972534336776377,0.0176689115605343,0.1042628390627486,2.5641230701286104,0.6137064737137233,0.0498892280368882,0.0969265268192948,,,,,
runs/full/seed_1111,1111,runs/full/seed_1111/best.pt,42,9.528634267874014e-05,37557,0.372665455129659,0.0169719104115442,0.0874364772620045,2.539043923404729,0.6010435493749993,0.0486403054374957,0.0811606232146514,,,,,
runs/full/seed_1111,1111,runs/full/seed_1111/best.pt,43,8.880016545298618e-05,37587,0.3955888327594115,0.0157436735962874,0.1066654265170621,2.509859595900384,0.6120872764943917,0.0516775501108615,0.1005076778547786,,,,,
runs/full/seed_1111,1111,runs/full/seed_1111/best.pt,44,8.256253624921588e-05,39013,0.3693814712150075,0.014182251821507,0.0889706096185423,2.490963329778653,0.6012996538220164,0.0467986084137843,0.0837032464550477,,,,,
runs/full/seed_1111,1111,runs/full/seed_1111/best.pt,45,7.659380091738652e-05,38386,0.3490338608204761,0.0124073500100906,0.0753158188564267,2.470910005480329,0.5949942377683158,0.0465589994303533,0.0705522115464174,0.470348171690916,0.7471330286817393,0.4701736771516542,0.7113309215132536,
runs/full/seed_1111,1111,runs/full/seed_1111/best.pt,46,7.09134282315354e-05,38660,0.3442924744057878,0.0115192138076385,0.0743009334029716,2.443966470589148,0.5885531398180489,0.0463313687174955,0.0696511808608737,,,,,
runs/full/seed_1111,1111,runs/full/seed_1111/best.pt,47,6.553994638668531e-05,37596,0.3455736305669089,0.0115295582860011,0.0758395339318803,2.423753288861747,0.5900154707030715,0.0467009009079676,0.0717184253071791,,,,,
runs/full/seed_1111,1111,runs/full/seed_1111/best.pt,48,6.0490882563723857e-05,39259,0.347289042216595,0.0111585939477119,0.080289947321621,2.398067364068789,0.5796944955799067,0.0443729177186979,0.0778046917239917,,,,,
runs/full/seed_1111,1111,runs/full/seed_1111/best.pt,49,5.578270575938213e-05,38298,0.3389567071310828,0.0102885851677872,0.0733927714020431,2.38097224809299,0.5870439307154897,0.0469217592867735,0.0706288732901633,,,,,
runs/full/seed_1111,1111,runs/full/seed_1111/best.pt,50,5.143077306779055e-05,39184,0.3277185816909665,0.0097965017117768,0.0643982095556838,2.365232886555039,0.5913847668148647,0.0469817172770745,0.061435497862017,0.4712270455929588,0.7496556998278867,0.4936924266693796,0.7121890598989942,
runs/full/seed_1111,1111,runs/full/seed_1111/best.pt,51,4.74492795888301e-05,37689,0.3226870192545596,0.0088539839260906,0.0628829751094089,2.348174091811492,0.5849682535523566,0.0442033396494165,0.0606368405692209,,,,,
runs/full/seed_1111,1111,runs/full/seed_1111/best.pt,52,4.385121212666661e-05,38174,0.3186525826420739,0.0085216770938675,0.0597529141841647,2.337637716364638,0.5876025111875801,0.0448076773400061,0.0574741706101954,,,,,
runs/full/seed_1111,1111,runs/full/seed_1111/best.pt,53,4.064830682949525e-05,38904,0.328280157992773,0.0083242815801717,0.0708382135936032,2.320717019455455,0.5760390769655459,0.0416447726322042,0.0685475814356425,,,,,
runs/full/seed_1111,1111,runs/full/seed_1111/best.pt,54,3.785101090866418e-05,38954,0.3252781654629751,0.0076944907304665,0.0685027294713899,2.3187749603084318,0.577564405503674,0.0428879148039583,0.0667026136070489,,,,,
runs/full/seed_1111,1111,runs/full/seed_1111/best.pt,55,3.5468448562042856e-05,37549,0.3155160826221804,0.0076906226355599,0.0613225521954977,2.298757184331662,0.5761538445949554,0.0426963647984177,0.0603232008152615,0.4711992405969458,0.7478769679254271,0.4907419901068812,0.7150419924208629,
runs/full/seed_1111,1111,runs/full/seed_1111/best.pt,56,3.3508391212784984e-05,38861,0.3289741720551642,0.0074859401689859,0.0712820023872724,2.29582675734413,0.58593460443978,0.0428450120282228,0.0697173515386949,,,,,
runs/full/seed_1111,1111,runs/full/seed_1111/best.pt,57,3.1977232160561435e-05,38642,0.3153455228170502,0.007534406008634,0.0621062352661496,2.280538925500674,0.575624179060214,0.0435968756362378,0.0609670483777038,,,,,
runs/full/seed_1111,1111,runs/full/seed_1111/best.pt,58,3.087996572794572e-05,37752,0.3085100297058854,0.0070529176775261,0.058602988393542,2.2712712388172327,0.5688144155194826,0.0406478477520084,0.057314455631041,,,,,
runs/full/seed_1111,1111,runs/full/seed_1111/best.pt,59,3.022017096997169e-05,38755,0.3137244305042463,0.0070421366460586,0.0624174864214157,2.2656997263988603,0.5722006726487775,0.0439794830560127,0.0607086670907022,,,,,
runs/full/seed_1111,1111,runs/full/seed_1111/best.pt,60,3e-05,38402,0.3264690388307393,0.0070558204163283,0.0727724922847037,2.2584770394262867,0.5753741194711668,0.0431349364013593,0.0716427569495183,0.4707153227023614,0.7517910709461447,0.4894008612591474,0.7114829270199202,
runs/full/seed_1112,1112,runs/full/seed_1112/best.pt,1,6e-05,0,1.6864607868907608,1.4656143700965096,0.0,4.416928344797865,0.0,0.0,0.0,,,,,
runs/full/seed_1112,1112,runs/full/seed_1112/best.pt,2,0.0001199999999999,0,1.5239403871732338,1.3113040612122724,0.0,4.252726572696294,0.0,0.0,0.0,,,,,
runs/full/seed_1112,1112,runs/full/seed_1112/best.pt,3,0.0001799999999999,0,1.428694713895566,1.219943978519083,0.0,4.175014723127133,0.0,0.0,0.0,,,,,
runs/full/seed_1112,1112,runs/full/seed_1112/best.pt,4,0.0002399999999999,0,1.395530218275908,1.1884651106094646,0.0,4.14130211099286,0.0,0.0,0.0,,,,,
runs/full/seed_1112,1112,runs/full/seed_1112/best.pt,5,0.0003,0,1.3376017321493023,1.13236231391675,0.0,4.104788287777767,0.0,0.0,0.0,,,,,
runs/full/seed_1112,1112,runs/full/seed_1112/best.pt,6,0.00029977982903,7752,2.3694021657248525,1.0663006405964075,1.0787236868778125,4.072835391926988,0.9434794789162751,0.0698915307462285,0.0583784888872754,,,,,
runs/full/seed_1112,1112,runs/full/seed_1112/best.pt,7,0.000299120034272,7596,2.2426811935745667,1.0011447266997575,1.014458563840278,4.068033405553515,0.5273310441837132,0.0133683556803963,0.0578903405291733,,,,,
runs/full/seed_1112,1112,runs/full/seed_1112/best.pt,8,0.0002980227678394,7636,2.0463381192394507,0.8951925579632554,0.9148573137332344,4.03535077393612,0.4987121522426605,0.0120038110958673,0.0706311518622336,,,,,
runs/full/seed_1112,1112,runs/full/seed_1112/best.pt,9,0.0002964916087872,7780,1.8362464013500748,0.7803885078875819,0.8089195066523329,4.017633166268607,0.5014370122802592,0.0143850927032251,0.0670795819469701,,,,,
runs/full/seed_1112,1112,runs/full/seed_1112/best.pt,10,0.0002945315514379,7748,1.631161607314493,0.6698894088513383,0.7028509938271246,3.9901764370570674,0.5041701364740033,0.0176128135584991,0.0761472012186161,0.4882508225842314,0.8305767217746233,0.5171696534839608,0.7786359150828742,
runs/full/seed_1112,1112,runs/full/seed_1112/best.pt,11,0.0002921489890913,7501,1.4357532524616918,0.5589170316669428,0.6021473928589687,3.9870353057005694,0.5318539281871831,0.0224608073074144,0.0847245178698936,,,,,
runs/full/seed_1112,1112,runs/full/seed_1112/best.pt,12,0.0002893516931705,7550,1.2899747095375418,0.4746927850157301,0.519064413052853,3.95759225782947,0.5741332145494835,0.0303925634318283,0.1130839406260263,,,,,
runs/full/seed_1112,1112,runs/full/seed_1112/best.pt,13,0.0002861487878733,7604,1.1229749865063996,0.3792116502735102,0.4298626851534175,3.9161902443270815,0.6012199980633282,0.0370570236608107,0.1183210610995225,,,,,
runs/full/seed_1112,1112,runs/full/seed_1112/best.pt,14,0.0002825507204111,7638,0.9786818345016408,0.2999414101103756,0.3512759817259334,3.885409774067246,0.6008723687345736,0.040138562401391,0.1190247024957821,,,,,
runs/full/seed_1112,1112,runs/full/seed_1112/best.pt,15,0.0002785692269322,7564,0.8561849131762425,0.2333800629756161,0.2806067057998381,3.837127767990683,0.6185252513283881,0.0427642014382459,0.1118013827809106,0.4800488988043702,0.7783341208305367,0.5017941186878517,0.7477166193897534,
runs/full/seed_1112,1112,runs/full/seed_1112/best.pt,16,0.0002742172942406,21777,0.8996456694380145,0.1902864273881243,0.3329903511243446,3.794069105219618,0.7086177167491378,0.0630563346268696,0.193181272039068,,,,,
runs/full/seed_1112,1112,runs/full/seed_1112/best.pt,17,0.0002695091174362,21571,0.846067472038982,0.1645662816606949,0.3070615979137822,3.739972252712072,0.7094488673121015,0.0637945512083367,0.1958587289413559,,,,,
runs/full/seed_1112,1112,runs/full/seed_1112/best.pt,18,0.0002644600536133,21839,0.7606606979236424,0.1375101893165401,0.2587768743946173,3.682883953379693,0.6999928611461247,0.0662510888563973,0.1680287424231244,,,,,
runs/full/seed_1112,1112,runs/full/seed_1112/best.pt,19,0.0002590865717684,21934,0.7639693946481865,0.1328270783143065,0.2647944940863369,3.604325227648298,0.7080203133208729,0.0684445089199275,0.1884152096844165,,,,,
runs/full/seed_1112,1112,runs/full/seed_1112/best.pt,20,0.0002534061990826,21612,0.6810604417435476,0.107338017949434,0.2221658395551075,3.544220102167575,0.6846202305544202,0.0624213239230285,0.1558969713329711,0.4856406899177866,0.7903393211876352,0.5196097309270307,0.7665630824691846,
runs/full/seed_1112,1112,runs/full/seed_1112/best.pt,21,0.0002474374637507,22343,0.674156213475165,0.0996647643569473,0.2259416743834442,3.471246917671132,0.6747460861072362,0.0637397044033647,0.1683211740558949,,,,,
runs/full/seed_1112,1112,runs/full/seed_1112/best.pt,22,0.000241199834547,21812,0.615579098184532,0.0828666353128223,0.191292027307448,3.4152755882138406,0.6764138591623752,0.0655043952898166,0.1441171953332758,,,,,
runs/full/seed_1112,1112,runs/full/seed_1112/best.pt,23,0.0002347136573212,21898,0.614392784606909,0.085982833040234,0.1938915200810009,3.3488897943051064,0.6525749154737063,0.0584266151466937,0.1535814777712955,,,,,
runs/full/seed_1112,1112,runs/full/seed_1112/best.pt,24,0.0002280000886354,22054,0.5305718244793259,0.0664839997243519,0.1433803527572444,3.297283279561551,0.6430228124155062,0.0596513137673941,0.1063680322057454,,,,,
runs/full/seed_1112,1112,runs/full/seed_1112/best.pt,25,0.0002210810267552,21595,0.5392811504479881,0.0611848251841892,0.1567998692462934,3.236188803877786,0.6436674736927603,0.0619009164658105,0.1228171323260692,0.4811265217939298,0.7594814971867887,0.504752937387777,0.7215003516252542,
runs/full/seed_1112,1112,runs/full/seed_1112/best.pt,26,0.0002139790402223,21894,0.517822126918864,0.0565703817617113,0.1469185349888333,3.2010633678079765,0.6247051068555529,0.058954784176617,0.1172176853135645,,,,,
runs/full/seed_1112,1112,runs/full/seed_1112/best.pt,27,0.0002067172942406,21339,0.4828563755917772,0.0531403409647885,0.1232346539672847,3.159660037432876,0.6208487080636426,0.0508443420387317,0.0962209895984313,,,,,
runs/full/seed_1112,1112,runs/full/seed_1112/best.pt,28,0.0001993194751161,21729,0.4842098096263743,0.0503798810956634,0.1299451085799765,3.0953783359483023,0.6137784315603916,0.0537774888798594,0.104912311239081,,,,,
runs/full/seed_1112,1112,runs/full/seed_1112/best.pt,29,0.0001918097129971,21532,0.4438786952295036,0.0407474787783957,0.1068497710974417,3.054186704002808,0.6029517291305221,0.0553691760750017,0.0872242033620861,,,,,
runs/full/seed_1112,1112,runs/full/seed_1112/best.pt,30,0.0001842125031668,21494,0.432203669414342,0.0402428800779803,0.0976338797710209,3.027589824712165,0.6099158745502757,0.0505575678685558,0.0795424156865784,0.4958174319312282,0.7759791701603376,0.5190065667015045,0.7352380824123719,
runs/full/seed_1112,1112,runs/full/seed_1112/best.pt,31,0.0001765526261446,38329,0.5758665369771351,0.0442347090656512,0.1994754836729196,3.0152879418613754,0.6913934433571646,0.0679495521411996,0.181591486923884,,,,,
runs/full/seed_1112,1112,runs/full/seed_1112/best.pt,32,0.0001688550668571,37113,0.539894432943558,0.0381504677967211,0.1769723215392817,2.98859344018954,0.686239385716269,0.0623365347491246,0.1593021800715441,,,,,
runs/full/seed_1112,1112,runs/full/seed_1112/best.pt,33,0.0001611449331428,37393,0.5194994117194247,0.034356791891645,0.1654543780121151,2.9553387376749627,0.6806549101232369,0.0578982521231486,0.1500024626936728,,,,,
runs/full/seed_1112,1112,runs/full/seed_1112/best.pt,34,0.0001534473738553,37945,0.5134791243020619,0.0329186860471963,0.163775257557352,2.914216569650953,0.6767331434187488,0.0586369141553328,0.1493201240131231,,,,,
runs/full/seed_1112,1112,runs/full/seed_1112/best.pt,35,0.0001457874968331,36795,0.4725267533386979,0.0287835992454925,0.1366737166715559,2.8879797948855104,0.6623211037889819,0.054472087734492,0.1237950784580729,0.4832721447348472,0.7566117487611211,0.5144665698739468,0.7240977617297936,
runs/full/seed_1112,1112,runs/full/seed_1112/best.pt,36,0.0001381902870028,37611,0.490100876750233,0.0258088064527957,0.1530489382621284,2.857033599202878,0.670195528837008,0.0595285100601265,0.1419974297250264,,,,,
runs/full/seed_1112,1112,runs/full/seed_1112/best.pt,37,0.0001306805248838,37906,0.4597393349509373,0.0254995945545139,0.1334058092820031,2.822620672600292,0.6496734212492113,0.0538416407027534,0.1219202266988631,,,,,
runs/full/seed_1112,1112,runs/full/seed_1112/best.pt,38,0.0001232827057593,39291,0.4789984315355247,0.024657185850926,0.1491881525753257,2.7918991624751937,0.6595010983052655,0.057679778922384,0.1394496646613996,,,,,
runs/full/seed_1112,1112,runs/full/seed_1112/best.pt,39,0.0001160209597776,38197,0.4441327185274284,0.0201339591903803,0.1277392915336885,2.7642498150050083,0.6477146173749014,0.0527536181785235,0.1161434275977243,,,,,
runs/full/seed_1112,1112,runs/full/seed_1112/best.pt,40,0.0001089189732447,37371,0.4530821225353491,0.0208125147254806,0.1337090409839543,2.7300593323796707,0.6573691964149475,0.0545739748245366,0.1256317925230365,0.4682032283681625,0.7754297419025435,0.494403538212613,0.7328129024350386,
runs/full/seed_1112,1112,runs/full/seed_1112/best.pt,41,0.0001019999113645,38023,0.4203968985336963,0.0206100851662944,0.1104132363694572,2.70551622136731,0.64239040323507,0.0500475982395566,0.1030746009200811,,,,,
runs/full/seed_1112,1112,runs/full/seed_1112/best.pt,42,9.528634267874014e-05,36701,0.3926899313369644,0.0183704120550896,0.0925930358956907,2.687764392834957,0.6264221478845472,0.0483198401944659,0.0861092041655678,,,,,
runs/full/seed_1112,1112,runs/full/seed_1112/best.pt,43,8.880016545298618e-05,38260,0.3920584619045257,0.0160792163164119,0.0940648015484074,2.6443369981841505,0.636289226674588,0.0494494325194124,0.0874739903956651,,,,,
runs/full/seed_1112,1112,runs/full/seed_1112/best.pt,44,8.256253624921588e-05,37912,0.3873039283485056,0.0152561924176586,0.0921692204461476,2.6272232462869627,0.6311403758057924,0.0511187343884294,0.0858869923052386,,,,,
runs/full/seed_1112,1112,runs/full/seed_1112/best.pt,45,7.659380091738652e-05,37932,0.3796865639285506,0.0136669747494422,0.0889351651525107,2.611103027780479,0.6240498988984902,0.0504691923367921,0.0833618457246328,0.4761000462377102,0.7641787614885289,0.4943339980569616,0.7268323878205003,
runs/full/seed_1112,1112,runs/full/seed_1112/best.pt,46,7.09134282315354e-05,38300,0.3660587948337893,0.0127301430503759,0.0799988230742583,2.5817036261068327,0.6220096851063666,0.0481542016893068,0.0751364398921761,,,,,
runs/full/seed_1112,1112,runs/full/seed_1112/best.pt,47,6.553994638668531e-05,37059,0.3749326612347754,0.0125359537201785,0.0879083298425251,2.562470096294011,0.6250861392957028,0.0486137898482173,0.082431305626355,,,,,
runs/full/seed_1112,1112,runs/full/seed_1112/best.pt,48,6.0490882563723857e-05,37459,0.3639319636554362,0.0119626929289356,0.0816992578906155,2.5404743084283634,0.6147973749125115,0.0475673815322535,0.0776504049182077,,,,,
runs/full/seed_1112,1112,runs/full/seed_1112/best.pt,49,5.578270575938213e-05,38139,0.3639241835781347,0.0105706633843272,0.0832443988455511,2.5283145224936656,0.6153334256644561,0.0462374495707939,0.0800148098964557,,,,,
runs/full/seed_1112,1112,runs/full/seed_1112/best.pt,50,5.143077306779055e-05,37537,0.3498603189102957,0.0105134355313379,0.0723879681029748,2.5126022997303545,0.6135151519953648,0.0475333458352311,0.0693621553184691,0.4655035393107931,0.7780703271131757,0.4924634549581904,0.7462017090315035,
runs/full/seed_1112,1112,runs/full/seed_1112/best.pt,51,4.74492795888301e-05,38564,0.3550513389511643,0.0103237045511046,0.0779735253009701,2.497093336604466,0.6102958842415676,0.0481922566264032,0.0751051872046055,,,,,
runs/full/seed_1112,1112,runs/full/seed_1112/best.pt,52,4.385121212666661e-05,37401,0.339045363051869,0.0099153968322778,0.0679179442889779,2.480694946841659,0.5982582207038024,0.0456525516287188,0.0648018630291117,,,,,
runs/full/seed_1112,1112,runs/full/seed_1112/best.pt,53,4.064830682949525e-05,38687,0.3444283217470222,0.0089260655951416,0.0716270045246754,2.4684441883430304,0.610374860395895,0.0453091026153241,0.0692357817473255,,,,,
runs/full/seed_1112,1112,runs/full/seed_1112/best.pt,54,3.785101090866418e-05,38476,0.3558691575705448,0.0090734735871099,0.0794057610627507,2.46779950756893,0.6196704673989911,0.0490135659472407,0.0758224656526869,,,,,
runs/full/seed_1112,1112,runs/full/seed_1112/best.pt,55,3.5468448562042856e-05,38274,0.3300236785244719,0.0084121417010498,0.0600072448098353,2.4452688259499094,0.6146107416286647,0.0479283033234772,0.05812933844314,0.4686735889475384,0.7751703372594173,0.4972819832396331,0.7400419405508968,
runs/full/seed_1112,1112,runs/full/seed_1112/best.pt,56,3.3508391212784984e-05,38227,0.3302321640130515,0.008778158466497,0.0618140784344662,2.4329860767471456,0.6068925567876513,0.0460376437648991,0.0600417249479165,,,,,
runs/full/seed_1112,1112,runs/full/seed_1112/best.pt,57,3.1977232160561435e-05,38353,0.3310736112784002,0.0084213428068731,0.0644346867714112,2.416618991120953,0.602865070104599,0.0444050923372819,0.0618655300638246,,,,,
runs/full/seed_1112,1112,runs/full/seed_1112/best.pt,58,3.087996572794572e-05,36867,0.3271239239757306,0.0080266978404545,0.0634423550479462,2.4092463154659094,0.5938085637917029,0.042937919473554,0.06068523071171,,,,,
runs/full/seed_1112,1112,runs/full/seed_1112/best.pt,59,3.022017096997169e-05,37301,0.3352820176944554,0.0083121750623457,0.0677948598706415,2.403988622059332,0.6063652768313328,0.0444922209934932,0.0662663443727749,,,,,
runs/full/seed_1112,1112,runs/full/seed_1112/best.pt,60,3e-05,37773,0.3266535898513883,0.0075013570783433,0.0607426403804081,2.39209779846334,0.612013517139114,0.0445865141140801,0.059716715120545,0.4774039979822186,0.7789525461883251,0.5139033046137121,0.7427965040001404,
runs/late_classifier/seed_1111,1111,runs/late_classifier/seed_1111/best.pt,1,0.0001,0,1.0930033604675364,1.0930033604675364,0.0,0.0,0.0,0.0,0.0,,,,,
runs/late_classifier/seed_1111,1111,runs/late_classifier/seed_1111/best.pt,2,0.0001999999999999,0,0.9717444872187676,0.9717444872187676,0.0,0.0,0.0,0.0,0.0,,,,,
runs/late_classifier/seed_1111,1111,runs/late_classifier/seed_1111/best.pt,3,0.0003,0,0.9267329802022916,0.9267329802022916,0.0,0.0,0.0,0.0,0.0,,,,,
runs/late_classifier/seed_1111,1111,runs/late_classifier/seed_1111/best.pt,4,0.000295399986549,0,0.9036633350024712,0.9036633350024712,0.0,0.0,0.0,0.0,0.0,,,,,
runs/late_classifier/seed_1111,1111,runs/late_classifier/seed_1111/best.pt,5,0.0002819134295108,0,0.8777141203390104,0.8777141203390104,0.0,0.0,0.0,0.0,0.0,0.5265451864855498,0.6975258090484255,0.5583805409976108,0.6778274003517364,
runs/late_classifier/seed_1111,1111,runs/late_classifier/seed_1111/best.pt,6,0.0002604594154601,0,1.7019198074519075,0.8526325927716549,0.8492872146802528,0.0,0.0,0.0,0.0,,,,,
runs/late_classifier/seed_1111,1111,runs/late_classifier/seed_1111/best.pt,7,0.0002324999999999,0,1.655708681757205,0.8276006696380187,0.8281080149044501,0.0,0.0,0.0,0.0,,,,,
runs/late_classifier/seed_1111,1111,runs/late_classifier/seed_1111/best.pt,8,0.0001999405710888,0,1.616028758967034,0.8089697812205163,0.8070589766324123,0.0,0.0,0.0,0.0,,,,,
runs/late_classifier/seed_1111,1111,runs/late_classifier/seed_1111/best.pt,9,0.0001649999999999,0,1.5552434386494003,0.7780004333112841,0.7772430042240107,0.0,0.0,0.0,0.0,,,,,
runs/late_classifier/seed_1111,1111,runs/late_classifier/seed_1111/best.pt,10,0.0001300594289111,0,1.484173007100542,0.7427862501032999,0.7413867525408201,0.0,0.0,0.0,0.0,0.5141631053006395,0.6940642423154839,0.5390454332950827,0.6630097102526713,
runs/late_classifier/seed_1111,1111,runs/late_classifier/seed_1111/best.pt,11,9.75e-05,0,1.4445494825594891,0.7217865226981796,0.7227629640392054,0.0,0.0,0.0,0.0,,,,,
runs/late_classifier/seed_1111,1111,runs/late_classifier/seed_1111/best.pt,12,6.954058453981609e-05,0,1.3536941086020424,0.6773942057217393,0.6762999009306185,0.0,0.0,0.0,0.0,,,,,
runs/late_classifier/seed_1111,1111,runs/late_classifier/seed_1111/best.pt,13,4.808657048910077e-05,0,1.2950781689626034,0.6455076991397644,0.649570471215471,0.0,0.0,0.0,0.0,,,,,
runs/late_classifier/seed_1111,1111,runs/late_classifier/seed_1111/best.pt,14,3.4600013450975794e-05,0,1.181335783450403,0.5877939951475536,0.5935417928985346,0.0,0.0,0.0,0.0,,,,,
runs/late_classifier/seed_1111,1111,runs/late_classifier/seed_1111/best.pt,15,3e-05,0,1.1177688937320889,0.5577608182608524,0.5600080779779737,0.0,0.0,0.0,0.0,0.5121227802899466,0.7289607091863264,0.5257780402174418,0.6911475615227943,
runs/late_tune_balanced/seed_1111,1111,runs/late_tune_balanced/seed_1111/best.pt,1,0.0001,0,1.4264705883008295,1.4264705883008295,0.0,0.0,0.0,0.0,0.0,,,,,
runs/late_tune_balanced/seed_1111,1111,runs/late_tune_balanced/seed_1111/best.pt,2,0.0001999999999999,0,1.263543061006849,1.263543061006849,0.0,0.0,0.0,0.0,0.0,,,,,
runs/late_tune_balanced/seed_1111,1111,runs/late_tune_balanced/seed_1111/best.pt,3,0.0003,0,1.16982470605975,1.16982470605975,0.0,0.0,0.0,0.0,0.0,,,,,
runs/late_tune_balanced/seed_1111,1111,runs/late_tune_balanced/seed_1111/best.pt,4,0.000295399986549,0,1.08811186407214,1.08811186407214,0.0,0.0,0.0,0.0,0.0,,,,,
runs/late_tune_balanced/seed_1111,1111,runs/late_tune_balanced/seed_1111/best.pt,5,0.0002819134295108,0,1.028883597561132,1.028883597561132,0.0,0.0,0.0,0.0,0.0,0.4922993188450087,0.6991673180692577,0.5115389714722306,0.6856572967461454,
runs/late_tune_balanced/seed_1111,1111,runs/late_tune_balanced/seed_1111/best.pt,6,0.0002604594154601,0,1.9632565028199525,0.9827019076481044,0.9805545996282702,0.0,0.0,0.0,0.0,,,,,
runs/late_tune_balanced/seed_1111,1111,runs/late_tune_balanced/seed_1111/best.pt,7,0.0002324999999999,0,1.889206383829919,0.9444361919554596,0.944770190760354,0.0,0.0,0.0,0.0,,,,,
runs/late_tune_balanced/seed_1111,1111,runs/late_tune_balanced/seed_1111/best.pt,8,0.0001999405710888,0,1.842093379698067,0.919938612207074,0.9221547647057292,0.0,0.0,0.0,0.0,,,,,
runs/late_tune_balanced/seed_1111,1111,runs/late_tune_balanced/seed_1111/best.pt,9,0.0001649999999999,0,1.75254634384797,0.876398003546991,0.8761483391868734,0.0,0.0,0.0,0.0,,,,,
runs/late_tune_balanced/seed_1111,1111,runs/late_tune_balanced/seed_1111/best.pt,10,0.0001300594289111,0,1.6735389260488136,0.8360540644030705,0.8374848576071107,0.0,0.0,0.0,0.0,0.4987537815555293,0.7018413641907721,0.5274790848671994,0.6822508437889065,
runs/late_tune_balanced/seed_1111,1111,runs/late_tune_balanced/seed_1111/best.pt,11,9.75e-05,0,1.6165901539481689,0.8094318985381973,0.8071582609804991,0.0,0.0,0.0,0.0,,,,,
runs/late_tune_balanced/seed_1111,1111,runs/late_tune_balanced/seed_1111/best.pt,12,6.954058453981609e-05,0,1.5358864002138657,0.7682943873316328,0.7675920165030756,0.0,0.0,0.0,0.0,,,,,
runs/late_tune_balanced/seed_1111,1111,runs/late_tune_balanced/seed_1111/best.pt,13,4.808657048910077e-05,0,1.4688753413262767,0.7349010455274136,0.7339742910639148,0.0,0.0,0.0,0.0,,,,,
runs/late_tune_balanced/seed_1111,1111,runs/late_tune_balanced/seed_1111/best.pt,14,3.4600013450975794e-05,0,1.404806896347866,0.7016196470951366,0.7031872489742029,0.0,0.0,0.0,0.0,,,,,
runs/late_tune_balanced/seed_1111,1111,runs/late_tune_balanced/seed_1111/best.pt,15,3e-05,0,1.3300192500943335,0.666422718874762,0.6635965250919913,0.0,0.0,0.0,0.0,0.48404203833851,0.7020309530313976,0.5160867994887859,0.6799024790378319,
runs_baseline_20260924/full/seed_1111,1111,runs_baseline_20260924/full/seed_1111/best.pt,1,6e-05,0,1.6881517483809283,1.471344507743265,0.0,4.336144765960836,0.0,0.0,0.0,,,,,
runs_baseline_20260924/full/seed_1111,1111,runs_baseline_20260924/full/seed_1111/best.pt,2,0.0001199999999999,0,1.524287217131285,1.3130943752894892,0.0,4.223856781130639,0.0,0.0,0.0,,,,,
runs_baseline_20260924/full/seed_1111,1111,runs_baseline_20260924/full/seed_1111/best.pt,3,0.0001799999999999,0,1.461424960711292,1.252939088322292,0.0,4.169717493458329,0.0,0.0,0.0,,,,,
runs_baseline_20260924/full/seed_1111,1111,runs_baseline_20260924/full/seed_1111/best.pt,4,0.0002399999999999,0,1.401618353674345,1.1956300278690373,0.0,4.11976647154193,0.0,0.0,0.0,,,,,
runs_baseline_20260924/full/seed_1111,1111,runs_baseline_20260924/full/seed_1111/best.pt,5,0.0003,0,1.3543556672390376,1.1509429311083856,0.0,4.068254575551113,0.0,0.0,0.0,,,,,
runs_baseline_20260924/full/seed_1111,1111,runs_baseline_20260924/full/seed_1111/best.pt,6,0.00029977982903,7686,2.3911266538584344,1.078941071701941,1.0894942395040923,4.031746661551645,0.9655230970026176,0.0798792160446886,0.0497373362359042,,,,,
runs_baseline_20260924/full/seed_1111,1111,runs_baseline_20260924/full/seed_1111/best.pt,7,0.000299120034272,7472,2.229245276094597,0.9934002105320724,1.0116428950122585,4.009068074627457,0.5207014997428823,0.0136983468432292,0.0661685069344032,,,,,
runs_baseline_20260924/full/seed_1111,1111,runs_baseline_20260924/full/seed_1111/best.pt,8,0.0002980227678394,7636,2.046226765507849,0.8968660073859669,0.9159121903303628,3.982705313468648,0.5006674319227166,0.0159478309982082,0.0632469310277254,,,,,
runs_baseline_20260924/full/seed_1111,1111,runs_baseline_20260924/full/seed_1111/best.pt,9,0.0002964916087872,7557,1.8218874218307923,0.7725663187904893,0.8054185866195465,3.9364842321271096,0.5061305304554021,0.0217952813613707,0.0714505854994058,,,,,
runs_baseline_20260924/full/seed_1111,1111,runs_baseline_20260924/full/seed_1111/best.pt,10,0.0002945315514379,7879,1.5676015303513715,0.6417538305030805,0.6694679081997025,3.909504343416089,0.520777489815917,0.0239118531468176,0.0763123082084076,0.4733420906390919,0.7762430599374075,0.4942459140361349,0.7463538996874647,
runs_baseline_20260924/full/seed_1111,1111,runs_baseline_20260924/full/seed_1111/best.pt,11,0.0002921489890913,7791,1.385344631761034,0.5444333770564783,0.5701987184932299,3.872435844947245,0.5392877587648196,0.025585228429289,0.0903425274817186,,,,,
runs_baseline_20260924/full/seed_1111,1111,runs_baseline_20260924/full/seed_1111/best.pt,12,0.0002893516931705,7651,1.207052908211111,0.4404864145495067,0.4810745068521143,3.796089688194132,0.5661932241136782,0.0315865107037335,0.1014956421105661,,,,,
runs_baseline_20260924/full/seed_1111,1111,runs_baseline_20260924/full/seed_1111/best.pt,13,0.0002861487878733,7591,1.0489157042770745,0.3493421141789338,0.3963881746352276,3.745771585223831,0.5873013818375418,0.0373101372132513,0.1183987520635128,,,,,
runs_baseline_20260924/full/seed_1111,1111,runs_baseline_20260924/full/seed_1111/best.pt,14,0.0002825507204111,7700,0.894205788446364,0.266162621362187,0.3134685036177947,3.66062177118854,0.5992828891656109,0.0414348502129873,0.1107973189693745,,,,,
runs_baseline_20260924/full/seed_1111,1111,runs_baseline_20260924/full/seed_1111/best.pt,15,0.0002785692269322,7770,0.8335520279741733,0.2230943026386689,0.2804946715586653,3.610120367781024,0.6010398118295402,0.0461249912035799,0.1231828419509056,0.4975162475410819,0.7838683287907001,0.5114592133043333,0.7720118713824866,
runs_baseline_20260924/full/seed_1111,1111,runs_baseline_20260924/full/seed_1111/best.pt,16,0.0002742172942406,21712,0.8462450944374655,0.1817259968162697,0.3073663311166184,3.564810316139293,0.6846717000007629,0.0624102924854677,0.1786843943540181,,,,,
runs_baseline_20260924/full/seed_1111,1111,runs_baseline_20260924/full/seed_1111/best.pt,17,0.0002695091174362,21673,0.7853464629048499,0.1608724910591807,0.2786540221248831,3.485812066871429,0.6559979625951464,0.0575446229706579,0.1728763858674564,,,,,
runs_baseline_20260924/full/seed_1111,1111,runs_baseline_20260924/full/seed_1111/best.pt,18,0.0002644600536133,21932,0.738443111147836,0.1321376239724248,0.2552636452367373,3.4314050251078383,0.6864490411548971,0.0694637395197821,0.1761770201063602,,,,,
runs_baseline_20260924/full/seed_1111,1111,runs_baseline_20260924/full/seed_1111/best.pt,19,0.0002590865717684,21691,0.6740960721100602,0.1183001078038572,0.21885014791912,3.365258297073507,0.6642833683535317,0.0592229770513895,0.1495196229525815,,,,,
runs_baseline_20260924/full/seed_1111,1111,runs_baseline_20260924/full/seed_1111/best.pt,20,0.0002534061990826,21824,0.6401641845146072,0.1015581855219658,0.2066061788490999,3.317406224313183,0.6521497488578903,0.0628175455554623,0.1470889949422573,0.4793265501794879,0.7401042477249531,0.5006709418007274,0.708937781230306,
runs_baseline_20260924/full/seed_1111,1111,runs_baseline_20260924/full/seed_1111/best.pt,21,0.0002474374637507,22152,0.6001889936834852,0.0920229912430883,0.1844864226529531,3.2739123585068177,0.6391720426416843,0.0607440748956994,0.1303757038837838,,,,,
runs_baseline_20260924/full/seed_1111,1111,runs_baseline_20260924/full/seed_1111/best.pt,22,0.000241199834547,21705,0.5846672261429724,0.0817486136873191,0.1782549825087886,3.218688735338015,0.6528866814675732,0.0650648594111482,0.1332268381369448,,,,,
runs_baseline_20260924/full/seed_1111,1111,runs_baseline_20260924/full/seed_1111/best.pt,23,0.0002347136573212,21922,0.5457739259038016,0.0685777103824314,0.1607571643751079,3.172026069364815,0.6346852528714688,0.0607725171215623,0.1241171866063481,,,,,
runs_baseline_20260924/full/seed_1111,1111,runs_baseline_20260924/full/seed_1111/best.pt,24,0.0002280000886354,21282,0.5082424444572948,0.0616130211225179,0.1397500831250832,3.133155782646108,0.616111467096293,0.0558354060087248,0.1070785716471967,,,,,
runs_baseline_20260924/full/seed_1111,1111,runs_baseline_20260924/full/seed_1111/best.pt,25,0.0002210810267552,21688,0.4873523194099141,0.0557647942104072,0.1305446005382827,3.085918219290047,0.6057973286815893,0.0544373499072879,0.1007190392848765,0.4824292501441414,0.7622977228277064,0.4924906498363721,0.7357008981228689,
runs_baseline_20260924/full/seed_1111,1111,runs_baseline_20260924/full/seed_1111/best.pt,26,0.0002139790402223,21849,0.4897740332879752,0.051335444465001,0.1363447378520096,3.0422483437529237,0.6124740741520285,0.0573870278894901,0.1087395627982914,,,,,
runs_baseline_20260924/full/seed_1111,1111,runs_baseline_20260924/full/seed_1111/best.pt,27,0.0002067172942406,21551,0.4613250560849626,0.0476870686163969,0.1201907618441314,2.9981191893604318,0.594660409978617,0.0531351324997703,0.0964783354201049,,,,,
runs_baseline_20260924/full/seed_1111,1111,runs_baseline_20260924/full/seed_1111/best.pt,28,0.0001993194751161,22257,0.4573823879255312,0.0438641887593352,0.121940611191442,2.94970376357854,0.5934573824160567,0.0534455375310695,0.1002818083512448,,,,,
runs_baseline_20260924/full/seed_1111,1111,runs_baseline_20260924/full/seed_1111/best.pt,29,0.0001918097129971,21855,0.433497319711703,0.041022047835672,0.1060226727973356,2.9094359819020066,0.5904840943969298,0.0528777418222939,0.0879810118751826,,,,,
runs_baseline_20260924/full/seed_1111,1111,runs_baseline_20260924/full/seed_1111/best.pt,30,0.0001842125031668,21308,0.4176757511134459,0.0351513666797115,0.1019379467242092,2.8650674708535737,0.5764505108383214,0.0507479307598599,0.0848408240050286,0.4690611853838289,0.7642293003498016,0.4789712402221366,0.7252232956706104,
runs_baseline_20260924/full/seed_1111,1111,runs_baseline_20260924/full/seed_1111/best.pt,31,0.0001765526261446,37939,0.5535829731515635,0.0389034583920908,0.1938493013921602,2.862283125101963,0.676650545307409,0.0667566001093206,0.1785514267796877,,,,,
runs_baseline_20260924/full/seed_1111,1111,runs_baseline_20260924/full/seed_1111/best.pt,32,0.0001688550668571,38722,0.5124449573944663,0.0336885262002176,0.169194846161615,2.823504249626231,0.6604743970331745,0.0559926422695829,0.1534611136939759,,,,,
runs_baseline_20260924/full/seed_1111,1111,runs_baseline_20260924/full/seed_1111/best.pt,33,0.0001611449331428,37688,0.5223888195006647,0.0326518039175561,0.1778864507850642,2.7926440562043235,0.6683557161660952,0.0598584541650576,0.1628068426153927,,,,,
runs_baseline_20260924/full/seed_1111,1111,runs_baseline_20260924/full/seed_1111/best.pt,34,0.0001534473738553,38118,0.4741069337474966,0.0285547453579362,0.1439220731573127,2.7616392284910254,0.6586962528874941,0.0592419924649679,0.1294234943201887,,,,,
runs_baseline_20260924/full/seed_1111,1111,runs_baseline_20260924/full/seed_1111/best.pt,35,0.0001457874968331,38041,0.4638831584810096,0.0263658731601366,0.1424256464135702,2.722075959232366,0.6371573449295258,0.0540454729555923,0.1307590875739806,0.4668502593651829,0.7786550579193927,0.4928465284458203,0.7422849420246356,
runs_baseline_20260924/full/seed_1111,1111,runs_baseline_20260924/full/seed_1111/best.pt,36,0.0001381902870028,38511,0.4635980425872535,0.0265518469109295,0.1419039681797551,2.6998276025335364,0.6405947436796171,0.0563204964953605,0.1319992183490055,,,,,
runs_baseline_20260924/full/seed_1111,1111,runs_baseline_20260924/full/seed_1111/best.pt,37,0.0001306805248838,37603,0.4374436833591105,0.0263552592597275,0.1235877033323049,2.66550255156009,0.633432564612861,0.0509688571165098,0.1122109318308741,,,,,
runs_baseline_20260924/full/seed_1111,1111,runs_baseline_20260924/full/seed_1111/best.pt,38,0.0001232827057593,38522,0.4333590536474067,0.0225392913915843,0.125009078932839,2.6392156632147104,0.628811217357065,0.0518350593710892,0.1145207243753927,,,,,
runs_baseline_20260924/full/seed_1111,1111,runs_baseline_20260924/full/seed_1111/best.pt,39,0.0001160209597776,36849,0.4136126002418661,0.0221033370052681,0.1089128711931059,2.615536939317935,0.6324193121116852,0.0531561468841038,0.1001003268131307,,,,,
runs_baseline_20260924/full/seed_1111,1111,runs_baseline_20260924/full/seed_1111/best.pt,40,0.0001089189732447,39471,0.4163943730364336,0.0192024613943856,0.1166434658421464,2.5742267916135697,0.6233075013227551,0.0521253812361822,0.1098153121447382,0.4799524420976616,0.761255889360707,0.5016879632796275,0.7250562601109998,
runs_baseline_20260924/full/seed_1111,1111,runs_baseline_20260924/full/seed_1111/best.pt,41,0.0001019999113645,36865,0.3933818560337352,0.0196493461327714,0.1010942426205517,2.5487457307699684,0.6083485461841119,0.0485866056389619,0.0933630198466582,,,,,
runs_baseline_20260924/full/seed_1111,1111,runs_baseline_20260924/full/seed_1111/best.pt,42,9.528634267874014e-05,37557,0.3748244285304969,0.0170525385188722,0.0906284758472971,2.5243771833794137,0.597099539832534,0.0487514003484605,0.083147534282408,,,,,
runs_baseline_20260924/full/seed_1111,1111,runs_baseline_20260924/full/seed_1111/best.pt,43,8.880016545298618e-05,37587,0.3910292144690718,0.0164129525579721,0.1039970784195672,2.498224184334835,0.6063919674570315,0.0511229967472152,0.0965863752100512,,,,,
runs_baseline_20260924/full/seed_1111,1111,runs_baseline_20260924/full/seed_1111/best.pt,44,8.256253624921588e-05,39013,0.3668835717383946,0.0141786727488528,0.0878943936359659,2.484630934545927,0.596820054210235,0.0474603390234096,0.0823445377053223,,,,,
runs_baseline_20260924/full/seed_1111,1111,runs_baseline_20260924/full/seed_1111/best.pt,45,7.659380091738652e-05,38386,0.3575055802536902,0.0129261474542876,0.0811722344048669,2.458532402448565,0.6017072810747913,0.0479291354558456,0.0767310218032553,0.4653683584627907,0.7610011791460197,0.4810595066588565,0.7243491833903866,
runs_baseline_20260924/full/seed_1111,1111,runs_baseline_20260924/full/seed_1111/best.pt,46,7.09134282315354e-05,38660,0.3547254396933261,0.0121474586531659,0.0824164488988223,2.438042349347444,0.5903643185847274,0.0475201561315873,0.0771726544981247,,,,,
runs_baseline_20260924/full/seed_1111,1111,runs_baseline_20260924/full/seed_1111/best.pt,47,6.553994638668531e-05,37596,0.3461637179428172,0.0118101612168634,0.0771997859092237,2.407098858155937,0.588694138226108,0.0452037011142646,0.072698137957916,,,,,
runs_baseline_20260924/full/seed_1111,1111,runs_baseline_20260924/full/seed_1111/best.pt,48,6.0490882563723857e-05,39259,0.3411518917462536,0.0118045767325316,0.0746783176524059,2.3936502582558963,0.5812527768522779,0.0452307417605803,0.0710642547999447,,,,,
runs_baseline_20260924/full/seed_1111,1111,runs_baseline_20260924/full/seed_1111/best.pt,49,5.578270575938213e-05,38298,0.3464722702993411,0.0106126578115623,0.0800936999513167,2.3745630132817777,0.5859289414414736,0.0449208245551753,0.0767994399017123,,,,,
runs_baseline_20260924/full/seed_1111,1111,runs_baseline_20260924/full/seed_1111/best.pt,50,5.143077306779055e-05,39184,0.3321699204845963,0.0097174922169717,0.069969447904101,2.35536031633894,0.5842445612510788,0.0457745728857606,0.066442953004876,0.471788992824246,0.75710930775777,0.4964911763017309,0.7180088899264004,
runs_baseline_20260924/full/seed_1111,1111,runs_baseline_20260924/full/seed_1111/best.pt,51,4.74492795888301e-05,37689,0.3151191748748316,0.00963974828945,0.0576096226104369,2.33829170186943,0.5787015153425876,0.0432191681395345,0.0544649865130119,,,,,
runs_baseline_20260924/full/seed_1111,1111,runs_baseline_20260924/full/seed_1111/best.pt,52,4.385121212666661e-05,38174,0.3204921131657662,0.008607650793671,0.0617611591712893,2.3295071771211715,0.5854963448560127,0.0460028893044479,0.0597419098245902,,,,,
runs_baseline_20260924/full/seed_1111,1111,runs_baseline_20260924/full/seed_1111/best.pt,53,4.064830682949525e-05,38904,0.3356850991182238,0.0088400384345936,0.0769265935033838,2.313321493496405,0.5753546797226523,0.0433894041055273,0.0742125675587035,,,,,
runs_baseline_20260924/full/seed_1111,1111,runs_baseline_20260924/full/seed_1111/best.pt,54,3.785101090866418e-05,38954,0.3141176135183495,0.0082265882465605,0.0604211100089912,2.3098250131740747,0.5708495651450113,0.0422053324041244,0.057941090707258,,,,,
runs_baseline_20260924/full/seed_1111,1111,runs_baseline_20260924/full/seed_1111/best.pt,55,3.5468448562042856e-05,37549,0.3172877940619103,0.007656567982424,0.0638560388567988,2.2882770578437874,0.5734120507106603,0.0423688346641921,0.06221017543505,0.4731286730947608,0.7534545916463045,0.4831282944697578,0.7174346430510523,
runs_baseline_20260924/full/seed_1111,1111,runs_baseline_20260924/full/seed_1111/best.pt,56,3.3508391212784984e-05,38861,0.3172018938811026,0.0078808108026979,0.0627236820792204,2.2761913705094954,0.5814079199438897,0.0443346209162585,0.0603639074279186,,,,,
runs_baseline_20260924/full/seed_1111,1111,runs_baseline_20260924/full/seed_1111/best.pt,57,3.1977232160561435e-05,38642,0.3087640492437042,0.0075794050609257,0.0585573412408338,2.2619596441215446,0.569051674036222,0.0428159051861996,0.0571869704001974,,,,,
runs_baseline_20260924/full/seed_1111,1111,runs_baseline_20260924/full/seed_1111/best.pt,58,3.087996572794572e-05,37752,0.3138935454537935,0.0076175006139135,0.0631815292654889,2.258957664543223,0.5684884444018391,0.0418911103472531,0.0612991524459881,,,,,
runs_baseline_20260924/full/seed_1111,1111,runs_baseline_20260924/full/seed_1111/best.pt,59,3.022017096997169e-05,38755,0.3174387889209195,0.007671038594062,0.066398254926447,2.250845607753112,0.568396042301276,0.0426568246455253,0.0644115917058226,,,,,
runs_baseline_20260924/full/seed_1111,1111,runs_baseline_20260924/full/seed_1111/best.pt,60,3e-05,38402,0.3284277179948637,0.0070785373535277,0.0754570080855182,2.2433665015987145,0.5728539183875111,0.0430194677558736,0.0742555780806274,0.46862713732058,0.7576166148562982,0.4935049640421954,0.7129629412035913,
runs_baseline_20260924/full/seed_1112,1112,runs_baseline_20260924/full/seed_1112/best.pt,1,6e-05,0,1.6866400152723366,1.4657601106946714,0.0,4.417598098237938,0.0,0.0,0.0,,,,,
runs_baseline_20260924/full/seed_1112,1112,runs_baseline_20260924/full/seed_1112/best.pt,2,0.0001199999999999,0,1.5255694679010694,1.31284274119083,0.0,4.25453452083552,0.0,0.0,0.0,,,,,
runs_baseline_20260924/full/seed_1112,1112,runs_baseline_20260924/full/seed_1112/best.pt,3,0.0001799999999999,0,1.4292976432871596,1.2204766869544983,0.0,4.176419123310909,0.0,0.0,0.0,,,,,
runs_baseline_20260924/full/seed_1112,1112,runs_baseline_20260924/full/seed_1112/best.pt,4,0.0002399999999999,0,1.3974216223877167,1.190326636639711,0.0,4.141899585723877,0.0,0.0,0.0,,,,,
runs_baseline_20260924/full/seed_1112,1112,runs_baseline_20260924/full/seed_1112/best.pt,5,0.0003,0,1.336404274278712,1.131094457947205,0.0,4.106196296549289,0.0,0.0,0.0,,,,,
runs_baseline_20260924/full/seed_1112,1112,runs_baseline_20260924/full/seed_1112/best.pt,6,0.00029977982903,7752,2.373658981278678,1.0685302498184632,1.080895140349308,4.077021099696649,0.9189223505069162,0.0690351512531149,0.0656867490332817,,,,,
runs_baseline_20260924/full/seed_1112,1112,runs_baseline_20260924/full/seed_1112/best.pt,7,0.000299120034272,7596,2.2360817015728105,0.998807932171866,1.010271165972558,4.074448569912777,0.5164443273967672,0.012909273888968,0.0591050820668863,,,,,
runs_baseline_20260924/full/seed_1112,1112,runs_baseline_20260924/full/seed_1112/best.pt,8,0.0002980227678394,7636,2.0420198329141206,0.8932418803745341,0.9130034430004726,4.042382912101033,0.4830038463957956,0.011859600440921,0.071989098946764,,,,,
runs_baseline_20260924/full/seed_1112,1112,runs_baseline_20260924/full/seed_1112/best.pt,9,0.0002964916087872,7780,1.829472218718484,0.779341238681401,0.804271932795783,4.025029133413439,0.4829319501034567,0.013970902938152,0.0676774877149646,,,,,
runs_baseline_20260924/full/seed_1112,1112,runs_baseline_20260924/full/seed_1112/best.pt,10,0.0002945315514379,7748,1.6242242377495095,0.6673162846921761,0.698546258645637,4.001580340839992,0.4998140777939948,0.0169548497526584,0.0745352354492539,0.4784424714634236,0.7991663836408371,0.5032631509904237,0.7770374916893031,
runs_baseline_20260924/full/seed_1112,1112,runs_baseline_20260924/full/seed_1112/best.pt,11,0.0002921489890913,7501,1.4488152226555011,0.5685094698010204,0.6054178395560968,3.996752030381532,0.5259068800467197,0.0218419751465738,0.0885912908293376,,,,,
runs_baseline_20260924/full/seed_1112,1112,runs_baseline_20260924/full/seed_1112/best.pt,12,0.0002893516931705,7550,1.2744968789760198,0.469338477075657,0.5118819047635961,3.967660565242589,0.5597311921208818,0.0275120404592462,0.1043232438441748,,,,,
runs_baseline_20260924/full/seed_1112,1112,runs_baseline_20260924/full/seed_1112/best.pt,13,0.0002861487878733,7604,1.1180575083349351,0.3763271478291984,0.4266662878967891,3.9434200157629,0.5972230406565087,0.0368128390286431,0.121202203192722,,,,,
runs_baseline_20260924/full/seed_1112,1112,runs_baseline_20260924/full/seed_1112/best.pt,14,0.0002825507204111,7638,0.9678089590830224,0.2955890545778185,0.3460693739563505,3.907907758917764,0.5907122804739765,0.0404381343885977,0.1154860970433627,,,,,
runs_baseline_20260924/full/seed_1112,1112,runs_baseline_20260924/full/seed_1112/best.pt,15,0.0002785692269322,7564,0.8700393572031895,0.239944016404241,0.2885742883815944,3.861301892271666,0.6034605093648501,0.0432845355124674,0.1171769556528496,0.4936889354238296,0.7704824266804571,0.5269045418876006,0.740508504585455,
runs_baseline_20260924/full/seed_1112,1112,runs_baseline_20260924/full/seed_1112/best.pt,16,0.0002742172942406,21777,0.9105435386996404,0.1951143912205072,0.3381086901248058,3.8160074815571865,0.6988715445883921,0.0633236388806427,0.2020670127506568,,,,,
runs_baseline_20260924/full/seed_1112,1112,runs_baseline_20260924/full/seed_1112/best.pt,17,0.0002695091174362,21571,0.8417979077758077,0.1551369243414602,0.3124665398603288,3.755288690050072,0.6987959241198602,0.0600837885497886,0.2033122072918949,,,,,
runs_baseline_20260924/full/seed_1112,1112,runs_baseline_20260924/full/seed_1112/best.pt,18,0.0002644600536133,21839,0.7779678401545943,0.1438867971301078,0.2683779743508758,3.707561858346529,0.6938825361082487,0.0634581763819556,0.1760132319389659,,,,,
runs_baseline_20260924/full/seed_1112,1112,runs_baseline_20260924/full/seed_1112/best.pt,19,0.0002590865717684,21934,0.7489246659189741,0.1251255706927486,0.2620746174426836,3.628473433378701,0.6847788964476541,0.0670492430087005,0.1832004773004032,,,,,
runs_baseline_20260924/full/seed_1112,1112,runs_baseline_20260924/full/seed_1112/best.pt,20,0.0002534061990826,21612,0.6872270079416649,0.1120055270181081,0.223913224570662,3.5630921805016347,0.6787447600721199,0.0639645081605309,0.1550411904039227,0.491975956055385,0.7844192399068014,0.5189546851905534,0.7555938487211089,
runs_baseline_20260924/full/seed_1112,1112,runs_baseline_20260924/full/seed_1112/best.pt,21,0.0002474374637507,22343,0.6784873905582963,0.1039838397126888,0.2257618065053057,3.4942900510591883,0.6707766225961881,0.0647104550675254,0.1670043195519492,,,,,
runs_baseline_20260924/full/seed_1112,1112,runs_baseline_20260924/full/seed_1112/best.pt,22,0.000241199834547,21812,0.6313275516590225,0.0888879182530897,0.2001292143608922,3.4265122614174244,0.671807664577092,0.0628223170952819,0.1517051901215705,,,,,
runs_baseline_20260924/full/seed_1112,1112,runs_baseline_20260924/full/seed_1112/best.pt,23,0.0002347136573212,21898,0.5976885453423607,0.0801046206920503,0.1858461588603731,3.3650331831424034,0.6448190986553085,0.0631686750903864,0.1410270457234338,,,,,
runs_baseline_20260924/full/seed_1112,1112,runs_baseline_20260924/full/seed_1112/best.pt,24,0.0002280000886354,22054,0.545180497046943,0.0704575100931051,0.1521210794067271,3.317248357790653,0.6397373587171608,0.0596364664836464,0.1141418237761359,,,,,
runs_baseline_20260924/full/seed_1112,1112,runs_baseline_20260924/full/seed_1112/best.pt,25,0.0002210810267552,21595,0.540294113003205,0.065275566495746,0.1536686199708519,3.2617065304907684,0.6406986805323128,0.0613030644708147,0.119972757751418,0.4784660415160424,0.7623898858546343,0.4996946254258075,0.7487940728644569,
runs_baseline_20260924/full/seed_1112,1112,runs_baseline_20260924/full/seed_1112/best.pt,26,0.0002139790402223,21894,0.5292357771753151,0.0621283742137879,0.1521813197183275,3.216875974262986,0.6202297542139749,0.0580250504383138,0.1211691191855156,,,,,
runs_baseline_20260924/full/seed_1112,1112,runs_baseline_20260924/full/seed_1112/best.pt,27,0.0002067172942406,21339,0.493861333510586,0.0531400882543247,0.132021315395832,3.17349425654545,0.6179116151043188,0.0542265175815636,0.105101182769601,,,,,
runs_baseline_20260924/full/seed_1112,1112,runs_baseline_20260924/full/seed_1112/best.pt,28,0.0001993194751161,21729,0.4637574584127586,0.0477325381519638,0.1169311454362958,3.1242614538870126,0.5968792767168205,0.051925313023624,0.0915615589958485,,,,,
runs_baseline_20260924/full/seed_1112,1112,runs_baseline_20260924/full/seed_1112/best.pt,29,0.0001918097129971,21532,0.4560621751246051,0.0412946497481838,0.1171374165009115,3.0609419267868327,0.5973878321803618,0.0544561550160434,0.098299138892059,,,,,
runs_baseline_20260924/full/seed_1112,1112,runs_baseline_20260924/full/seed_1112/best.pt,30,0.0001842125031668,21494,0.4333848713714385,0.039424264246476,0.1008138266157045,3.0327942248816804,0.5989291770992992,0.0520142183299655,0.0825990392156293,0.4933406983122855,0.7803859540143603,0.5157250391280366,0.7381871687868804,
runs_baseline_20260924/full/seed_1112,1112,runs_baseline_20260924/full/seed_1112/best.pt,31,0.0001765526261446,38329,0.5660700149068209,0.0422980061680008,0.1946763583398032,3.0187819416277875,0.6806447427963542,0.0648360163600088,0.1777199921589867,,,,,
runs_baseline_20260924/full/seed_1112,1112,runs_baseline_20260924/full/seed_1112/best.pt,32,0.0001688550668571,37113,0.5342215750819055,0.0388820075090522,0.1712538902169076,2.992672002204111,0.6850883799178578,0.0667151187102649,0.1538144063517869,,,,,
runs_baseline_20260924/full/seed_1112,1112,runs_baseline_20260924/full/seed_1112/best.pt,33,0.0001611449331428,37393,0.518804064977949,0.034366615839024,0.1637331461185746,2.9711492735648823,0.6801706613781296,0.061577336044512,0.1497748413549683,,,,,
runs_baseline_20260924/full/seed_1112,1112,runs_baseline_20260924/full/seed_1112/best.pt,34,0.0001534473738553,37945,0.5238932738794344,0.0339874383062124,0.1719263034794375,2.9207008598006774,0.6733241674498976,0.0604033497136051,0.1561965856387793,,,,,
runs_baseline_20260924/full/seed_1112,1112,runs_baseline_20260924/full/seed_1112/best.pt,35,0.0001457874968331,36795,0.4744946575053384,0.0294704474508762,0.1360475607042279,2.9057022890197897,0.6671137322332258,0.0572002690598786,0.1227437937197005,0.4797672706815967,0.74832740944806,0.5047836218072175,0.716774942516797,
runs_baseline_20260924/full/seed_1112,1112,runs_baseline_20260924/full/seed_1112/best.pt,36,0.0001381902870028,37611,0.5111288570355033,0.0276749238946309,0.1690198696244542,2.8629889822451866,0.6683322160600502,0.0619556399880447,0.1571130047369504,,,,,
runs_baseline_20260924/full/seed_1112,1112,runs_baseline_20260924/full/seed_1112/best.pt,37,0.0001306805248838,37906,0.4636690092978076,0.0274212921177533,0.1351738938034694,2.8278031243342103,0.6468857827587663,0.0544692862117401,0.1242978972356731,,,,,
runs_baseline_20260924/full/seed_1112,1112,runs_baseline_20260924/full/seed_1112/best.pt,38,0.0001232827057593,39291,0.4762425729047472,0.0254221214155588,0.1447311880014767,2.798144468080217,0.6657075375040001,0.0602994155417257,0.1350529272997073,,,,,
runs_baseline_20260924/full/seed_1112,1112,runs_baseline_20260924/full/seed_1112/best.pt,39,0.0001160209597776,38197,0.4381211235701481,0.0222319547591783,0.120424620946434,2.766451295291152,0.6491941018639323,0.0543291560574391,0.1093512074760744,,,,,
runs_baseline_20260924/full/seed_1112,1112,runs_baseline_20260924/full/seed_1112/best.pt,40,0.0001089189732447,37371,0.4462966200347258,0.0206699716841157,0.1269244448952028,2.747642834609914,0.661167166500448,0.0550108620740264,0.117927697391432,0.4685708844336486,0.774080361036425,0.4842110688354724,0.7352716495362264,
runs_baseline_20260924/full/seed_1112,1112,runs_baseline_20260924/full/seed_1112/best.pt,41,0.0001019999113645,38023,0.4228784212163675,0.0193155228691262,0.1116127077420459,2.710023106815659,0.65054360616987,0.0565015003607373,0.1034507792721563,,,,,
runs_baseline_20260924/full/seed_1112,1112,runs_baseline_20260924/full/seed_1112/best.pt,42,9.528634267874014e-05,36701,0.3914876479968846,0.0162389532828303,0.0922524145517115,2.6836021470132274,0.6334454807165627,0.0522086397335629,0.0845310478775857,,,,,
runs_baseline_20260924/full/seed_1112,1112,runs_baseline_20260924/full/seed_1112/best.pt,43,8.880016545298618e-05,38260,0.3928495528541992,0.0158480113528877,0.0941470391682793,2.6474852779201257,0.6385807506391935,0.0522174617084108,0.0877116761718676,,,,,
runs_baseline_20260924/full/seed_1112,1112,runs_baseline_20260924/full/seed_1112/best.pt,44,8.256253624921588e-05,37912,0.3856297696583739,0.015035642811454,0.0915085136472621,2.627414779128315,0.6277032703439765,0.0511610090871837,0.0852905578354251,,,,,
runs_baseline_20260924/full/seed_1112,1112,runs_baseline_20260924/full/seed_1112/best.pt,45,7.659380091738652e-05,37932,0.3772709745670033,0.0134169519182607,0.0875767166682771,2.607026301254736,0.6226089424061998,0.051988466982251,0.0810267581804611,0.4670889659500723,0.7693862938408278,0.4860459817078435,0.7348507401014673,
runs_baseline_20260924/full/seed_1112,1112,runs_baseline_20260924/full/seed_1112/best.pt,46,7.09134282315354e-05,38300,0.3623888376995782,0.0132107594361633,0.0769535260466493,2.582245026793436,0.6191496762716882,0.0489562392434993,0.0719336964468532,,,,,
runs_baseline_20260924/full/seed_1112,1112,runs_baseline_20260924/full/seed_1112/best.pt,47,6.553994638668531e-05,37059,0.3760682829072542,0.0124414164712217,0.0899980331414213,2.565063157928324,0.6170044608205278,0.05030045003813,0.0847236639776519,,,,,
runs_baseline_20260924/full/seed_1112,1112,runs_baseline_20260924/full/seed_1112/best.pt,48,6.0490882563723857e-05,37459,0.3584297825799924,0.0118186404737078,0.0778823048746752,2.5364323185983104,0.6113351586266099,0.0488932790391356,0.0737542777766134,,,,,
runs_baseline_20260924/full/seed_1112,1112,runs_baseline_20260924/full/seed_1112/best.pt,49,5.578270575938213e-05,38139,0.3657784226620308,0.0109592770839928,0.0857817722205943,2.520842262517626,0.6087853808269322,0.0481876571636612,0.0820970675585983,,,,,
runs_baseline_20260924/full/seed_1112,1112,runs_baseline_20260924/full/seed_1112/best.pt,50,5.143077306779055e-05,37537,0.3540540045109864,0.0105499976149229,0.0764498541514589,2.5096234027470383,0.6103562147260826,0.0480289482555099,0.0734941897648343,0.4640368798581501,0.7755038007613728,0.4773745007519628,0.7342339396677594,
runs_baseline_20260924/full/seed_1112,1112,runs_baseline_20260924/full/seed_1112/best.pt,51,4.74492795888301e-05,38564,0.345754081122229,0.0100244786503298,0.0717820548147798,2.489957719205696,0.6050692799492418,0.0473432711839118,0.0685073794431497,,,,,
runs_baseline_20260924/full/seed_1112,1112,runs_baseline_20260924/full/seed_1112/best.pt,52,4.385121212666661e-05,37401,0.3355220112009583,0.0101858359744128,0.065443957433383,2.4744709206518727,0.5957496840263081,0.0462397278469299,0.0619737835357261,,,,,
runs_baseline_20260924/full/seed_1112,1112,runs_baseline_20260924/full/seed_1112/best.pt,53,4.064830682949525e-05,38687,0.3443526901374353,0.0095044908757869,0.0714462508978409,2.463862467592008,0.609122749800994,0.0454546476879688,0.0691940316007794,,,,,
runs_baseline_20260924/full/seed_1112,1112,runs_baseline_20260924/full/seed_1112/best.pt,54,3.785101090866418e-05,38476,0.352022460409414,0.0094483654954792,0.0774396583089761,2.4696004089908064,0.6101732666247359,0.0474346371489429,0.0743814642393143,,,,,
runs_baseline_20260924/full/seed_1112,1112,runs_baseline_20260924/full/seed_1112/best.pt,55,3.5468448562042856e-05,38274,0.3409530878345543,0.0088150855784835,0.0692578586619173,2.447307827316712,0.6108140343817595,0.0485174974130692,0.0675009743911083,0.4585260449093871,0.7690186231428012,0.473890692183931,0.730340722202807,
runs_baseline_20260924/full/seed_1112,1112,runs_baseline_20260924/full/seed_1112/best.pt,56,3.3508391212784984e-05,38227,0.3331157896563271,0.0089197786868697,0.0648963038644222,2.433508645708316,0.6027929000208311,0.0452571455215182,0.0626998895814067,,,,,
runs_baseline_20260924/full/seed_1112,1112,runs_baseline_20260924/full/seed_1112/best.pt,57,3.1977232160561435e-05,38353,0.3251067454291281,0.0082273813003726,0.0609328663498859,2.4125019417744933,0.5959876355166748,0.0447134617890153,0.058262618328227,,,,,
runs_baseline_20260924/full/seed_1112,1112,runs_baseline_20260924/full/seed_1112/best.pt,58,3.087996572794572e-05,36867,0.3240948426667775,0.0079663774851605,0.0620015342676333,2.4020616771461807,0.58867405981661,0.0426936969030474,0.0600983168990742,,,,,
runs_baseline_20260924/full/seed_1112,1112,runs_baseline_20260924/full/seed_1112/best.pt,59,3.022017096997169e-05,37301,0.3301779352058874,0.0078575734522903,0.0651788597700194,2.402956645065379,0.5993439048250145,0.0442513746598944,0.0634987337915139,,,,,
runs_baseline_20260924/full/seed_1112,1112,runs_baseline_20260924/full/seed_1112/best.pt,60,3e-05,37773,0.3273895650266487,0.0078694241373825,0.0625648861837999,2.385791702805278,0.6045841000904547,0.0448382330066132,0.0613251172406511,0.4574990345345686,0.7755255010117666,0.4651411915185099,0.730412353538418,
runs_baseline_20260924/full/seed_1113,1113,runs_baseline_20260924/full/seed_1113/best.pt,1,6e-05,0,1.675582821124068,1.4572782126542565,0.0,4.36609214488591,0.0,0.0,0.0,,,,,
runs_baseline_20260924/full/seed_1113,1113,runs_baseline_20260924/full/seed_1113/best.pt,2,0.0001199999999999,0,1.525733466460326,1.3158841445067218,0.0,4.196986528200524,0.0,0.0,0.0,,,,,
runs_baseline_20260924/full/seed_1113,1113,runs_baseline_20260924/full/seed_1113/best.pt,3,0.0001799999999999,0,1.45510213063142,1.2476752110730822,0.0,4.148538364428226,0.0,0.0,0.0,,,,,
runs_baseline_20260924/full/seed_1113,1113,runs_baseline_20260924/full/seed_1113/best.pt,4,0.0002399999999999,0,1.405329497618096,1.2001342517193232,0.0,4.103904929116507,0.0,0.0,0.0,,,,,
runs_baseline_20260924/full/seed_1113,1113,runs_baseline_20260924/full/seed_1113/best.pt,5,0.0003,0,1.3537413099101772,1.1503435713108454,0.0,4.067954828806013,0.0,0.0,0.0,,,,,
runs_baseline_20260924/full/seed_1113,1113,runs_baseline_20260924/full/seed_1113/best.pt,6,0.00029977982903,7591,2.43937927205986,1.1000437524831184,1.1165830481832273,4.039005644967623,0.9219839792942331,0.0897227291835942,0.0732633376267747,,,,,
runs_baseline_20260924/full/seed_1113,1113,runs_baseline_20260924/full/seed_1113/best.pt,7,0.000299120034272,7681,2.2600805815135208,1.009611387119115,1.027054770527599,4.022683007694851,0.4940308382577985,0.0131826274157893,0.0563845494326865,,,,,
runs_baseline_20260924/full/seed_1113,1113,runs_baseline_20260924/full/seed_1113/best.pt,8,0.0002980227678394,7639,2.1191589843446965,0.9328313681566828,0.9555866562317464,3.98562924661369,0.4595624553823025,0.010545369289885,0.0594899503287867,,,,,
runs_baseline_20260924/full/seed_1113,1113,runs_baseline_20260924/full/seed_1113/best.pt,9,0.0002964916087872,7845,1.896133358233443,0.8135370854462418,0.8389136665892378,3.9778821412648,0.4841938397594701,0.0137836647559409,0.0687705163156317,,,,,
runs_baseline_20260924/full/seed_1113,1113,runs_baseline_20260924/full/seed_1113/best.pt,10,0.0002945315514379,7641,1.7056116756991806,0.7117599608185136,0.7380799108019499,3.928003810276495,0.513161906015093,0.0177175152380994,0.0716953943440011,0.4521754864250731,0.8096438041540863,0.4800289722132415,0.7823129920544778,
runs_baseline_20260924/full/seed_1113,1113,runs_baseline_20260924/full/seed_1113/best.pt,11,0.0002921489890913,7523,1.4581620520520433,0.5739812850952148,0.6099817850322367,3.886623421562052,0.561593230918189,0.0222529659796262,0.0928452339058167,,,,,
runs_baseline_20260924/full/seed_1113,1113,runs_baseline_20260924/full/seed_1113/best.pt,12,0.0002893516931705,7740,1.2804840078977782,0.4705030592245476,0.5185588447847099,3.830129159945194,0.596874915272276,0.0308061426453222,0.1014051992689894,,,,,
runs_baseline_20260924/full/seed_1113,1113,runs_baseline_20260924/full/seed_1113/best.pt,13,0.0002861487878733,7601,1.088799517845439,0.3643404819140924,0.4159197849090968,3.794503395802507,0.6156290819711774,0.0356661568604688,0.1091258234614245,,,,,
runs_baseline_20260924/full/seed_1113,1113,runs_baseline_20260924/full/seed_1113/best.pt,14,0.0002825507204111,7622,0.905647646600955,0.2706006932481427,0.3163505392932446,3.7167128669881375,0.6150322985426288,0.0400124864530897,0.1030768395062083,,,,,
runs_baseline_20260924/full/seed_1113,1113,runs_baseline_20260924/full/seed_1113/best.pt,15,0.0002785692269322,7793,0.8256385649476096,0.2188855541922221,0.2701822363327597,3.645787085328146,0.6310011073250636,0.0452223442947474,0.1177948090796158,0.4652402827917231,0.7719717212989567,0.4833532332614901,0.7668749461974564,
runs_baseline_20260924/full/seed_1113,1113,runs_baseline_20260924/full/seed_1113/best.pt,16,0.0002742172942406,22587,0.890720617826854,0.1846015142781712,0.335018876417775,3.567735149481586,0.7310020990460833,0.0632851393022966,0.2009226443402678,,,,,
runs_baseline_20260924/full/seed_1113,1113,runs_baseline_20260924/full/seed_1113/best.pt,17,0.0002695091174362,21650,0.797541698841291,0.1515517300255944,0.2851990588078989,3.5034345822913626,0.7134187555758753,0.0628096159269041,0.183272314893308,,,,,
runs_baseline_20260924/full/seed_1113,1113,runs_baseline_20260924/full/seed_1113/best.pt,18,0.0002644600536133,21837,0.7381940545322739,0.131895635590375,0.2563164525221441,3.430864912327205,0.6921414064469739,0.0577436121546219,0.1711803642319184,,,,,
runs_baseline_20260924/full/seed_1113,1113,runs_baseline_20260924/full/seed_1113/best.pt,19,0.0002590865717684,21840,0.7042035193086784,0.1191888076610097,0.2360204990222075,3.3681168879303978,0.7037231108852636,0.0665499354738776,0.1659436919769951,,,,,
runs_baseline_20260924/full/seed_1113,1113,runs_baseline_20260924/full/seed_1113/best.pt,20,0.0002534061990826,20809,0.6406008720955002,0.1027347468118244,0.2034221131389386,3.3123578089419925,0.6713349150720044,0.0588683908822659,0.1433614879916204,0.4756335884862596,0.7929316814725931,0.5083263036210829,0.7750892998071152,
runs_baseline_20260924/full/seed_1113,1113,runs_baseline_20260924/full/seed_1113/best.pt,21,0.0002474374637507,21620,0.6027144839830487,0.0855795866418107,0.184222269037338,3.251048779933252,0.6845823487388754,0.0610630700416932,0.1366870290660691,,,,,
runs_baseline_20260924/full/seed_1113,1113,runs_baseline_20260924/full/seed_1113/best.pt,22,0.000241199834547,22489,0.5833766279376555,0.0810450102925022,0.1759349826688521,3.205610785528878,0.6696416699440679,0.0597339132191421,0.1310718145882972,,,,,
runs_baseline_20260924/full/seed_1113,1113,runs_baseline_20260924/full/seed_1113/best.pt,23,0.0002347136573212,22255,0.5684323503035251,0.0715356121725341,0.1718226580697799,3.150524507059115,0.6737845957836258,0.0617806020880414,0.1330643639351441,,,,,
runs_baseline_20260924/full/seed_1113,1113,runs_baseline_20260924/full/seed_1113/best.pt,24,0.0002280000886354,21868,0.5252031444389129,0.0674487134424325,0.1452610554330259,3.102849458979669,0.6487817251793692,0.0537978414724641,0.111073827405817,,,,,
runs_baseline_20260924/full/seed_1113,1113,runs_baseline_20260924/full/seed_1113/best.pt,25,0.0002210810267552,21713,0.5006001661314028,0.0601080571927965,0.132139830110229,3.0550362863273266,0.6464762534493598,0.0540674838681365,0.104492308171553,0.4604317862538097,0.7771822471286336,0.4759383767451898,0.7618218900394053,
runs_baseline_20260924/full/seed_1113,1113,runs_baseline_20260924/full/seed_1113/best.pt,26,0.0002139790402223,21786,0.4809634147960449,0.0524106179755703,0.1258984120197106,3.01169964977514,0.6353412724543954,0.0530958033436648,0.0984578164659927,,,,,
runs_baseline_20260924/full/seed_1113,1113,runs_baseline_20260924/full/seed_1113/best.pt,27,0.0002067172942406,22049,0.4702657767545397,0.0474550834917855,0.1224420239156651,2.9686756078327927,0.6341242322297854,0.0540974137033814,0.0985014749534219,,,,,
runs_baseline_20260924/full/seed_1113,1113,runs_baseline_20260924/full/seed_1113/best.pt,28,0.0001993194751161,21385,0.4429483656014237,0.044346394818102,0.1069687869330154,2.9269027219754515,0.6149930402497265,0.0497692106900928,0.0865625705935548,,,,,
runs_baseline_20260924/full/seed_1113,1113,runs_baseline_20260924/full/seed_1113/best.pt,29,0.0001918097129971,21888,0.4409387445895471,0.0402675094692228,0.1096544110816772,2.8950648508339283,0.6145841008591875,0.0520539408436515,0.0907068163696154,,,,,
runs_baseline_20260924/full/seed_1113,1113,runs_baseline_20260924/full/seed_1113/best.pt,30,0.0001842125031668,22167,0.417050344086139,0.0370500439551667,0.0962442572045827,2.8347438200611936,0.6061659268686704,0.0518142895720829,0.0780211631643855,0.4706141848160592,0.7660269629347398,0.4885214871928385,0.7478801825804672,
runs_baseline_20260924/full/seed_1113,1113,runs_baseline_20260924/full/seed_1113/best.pt,31,0.0001765526261446,37488,0.5272895209143095,0.0353139400760704,0.1749452670043874,2.813309844409194,0.6922038648730127,0.0604327295288861,0.1594038384435611,,,,,
runs_baseline_20260924/full/seed_1113,1113,runs_baseline_20260924/full/seed_1113/best.pt,32,0.0001688550668571,38745,0.5217381448389213,0.0345736777879924,0.1714709130089695,2.7872483084134965,0.6965024231750274,0.0582574198596945,0.1560245273051626,,,,,
runs_baseline_20260924/full/seed_1113,1113,runs_baseline_20260924/full/seed_1113/best.pt,33,0.0001611449331428,37332,0.5061786071719411,0.0364647853910644,0.1604948716725562,2.7586312294006348,0.6843011139709259,0.0549697587701761,0.14465091226048,,,,,
runs_baseline_20260924/full/seed_1113,1113,runs_baseline_20260924/full/seed_1113/best.pt,34,0.0001534473738553,37976,0.4972446577571263,0.0309089897722702,0.1601846313678494,2.7262661373503856,0.6761078703626294,0.0530274532143479,0.1465670161676009,,,,,
runs_baseline_20260924/full/seed_1113,1113,runs_baseline_20260924/full/seed_1113/best.pt,35,0.0001457874968331,38321,0.4706143856605637,0.0281075109231555,0.1415550860219469,2.69721915454508,0.6746177160851309,0.0557010468339251,0.1279858707267547,0.4627847414127348,0.7782203176103017,0.486516289977321,0.7477202993497165,
runs_baseline_20260924/full/seed_1113,1113,runs_baseline_20260924/full/seed_1113/best.pt,36,0.0001381902870028,36991,0.4611034128710488,0.0297272135024872,0.137454577782583,2.6698547323173454,0.6516047175799575,0.0489171799098219,0.1260810982540389,,,,,
runs_baseline_20260924/full/seed_1113,1113,runs_baseline_20260924/full/seed_1113/best.pt,37,0.0001306805248838,36804,0.4360558348838414,0.0247811693524088,0.1200077950641095,2.6420136523023943,0.6602546633961045,0.0526977469013116,0.1092273650917215,,,,,
runs_baseline_20260924/full/seed_1113,1113,runs_baseline_20260924/full/seed_1113/best.pt,38,0.0001232827057593,37911,0.4319394294903657,0.0231485947896944,0.1207287589209937,2.611230068674712,0.6519031062304417,0.0499749987377463,0.110612228843514,,,,,
runs_baseline_20260924/full/seed_1113,1113,runs_baseline_20260924/full/seed_1113/best.pt,39,0.0001160209597776,37953,0.4381988198957711,0.0212613145350783,0.1275943571127185,2.597094323033484,0.6531377780103238,0.0508286472862569,0.1188900387175729,,,,,
runs_baseline_20260924/full/seed_1113,1113,runs_baseline_20260924/full/seed_1113/best.pt,40,0.0001089189732447,38614,0.4096930330601808,0.0200759547927947,0.1063192283786902,2.573512409334985,0.6496507876387266,0.0510370908392088,0.0979418167017539,0.4519652165603848,0.7800974763116416,0.4565439217325887,0.7542272146815526,
runs_baseline_20260924/full/seed_1113,1113,runs_baseline_20260924/full/seed_1113/best.pt,41,0.0001019999113645,38499,0.3898185162900764,0.0173605131072418,0.0960475001658234,2.537836818216003,0.6347496891133139,0.0471141307710487,0.0892865355779355,,,,,
runs_baseline_20260924/full/seed_1113,1113,runs_baseline_20260924/full/seed_1113/best.pt,42,9.528634267874014e-05,38026,0.4046339896794791,0.0172271758805368,0.1080684914105685,2.517961387322328,0.6402863732008176,0.0495400353221692,0.1021448480330895,,,,,
runs_baseline_20260924/full/seed_1113,1113,runs_baseline_20260924/full/seed_1113/best.pt,43,8.880016545298618e-05,38732,0.3828769134026821,0.016121043035952,0.0926049223874704,2.4862845010846573,0.6394906155416898,0.0475779335911028,0.0859040151193529,,,,,
runs_baseline_20260924/full/seed_1113,1113,runs_baseline_20260924/full/seed_1113/best.pt,44,8.256253624921588e-05,38409,0.3717909680905743,0.0145900287691538,0.086135123273201,2.467141925731552,0.634378577782729,0.0475299242431315,0.0804000361343828,,,,,
runs_baseline_20260924/full/seed_1113,1113,runs_baseline_20260924/full/seed_1113/best.pt,45,7.659380091738652e-05,37376,0.3692458770542501,0.0146163256717062,0.0869893382051002,2.448413255615769,0.622314255371272,0.044970132114592,0.0812984043732285,0.4555151933595405,0.779104188029613,0.4580013719936698,0.7499165481948205,
runs_baseline_20260924/full/seed_1113,1113,runs_baseline_20260924/full/seed_1113/best.pt,46,7.09134282315354e-05,37969,0.3732408109669373,0.0124533231213479,0.0921392976436938,2.421310061049238,0.6278518716865611,0.0452258160390029,0.0874486283233789,,,,,
runs_baseline_20260924/full/seed_1113,1113,runs_baseline_20260924/full/seed_1113/best.pt,47,6.553994638668531e-05,38646,0.3583176255783188,0.0133663817421994,0.0811646841814584,2.4061179963227746,0.6190261010811707,0.0435257693665607,0.0766142967426888,,,,,
runs_baseline_20260924/full/seed_1113,1113,runs_baseline_20260924/full/seed_1113/best.pt,48,6.0490882563723857e-05,38391,0.3438065645293655,0.0109376581211652,0.0713949173114427,2.381056337713081,0.6205325775614409,0.0453455793175184,0.0689004811950062,,,,,
runs_baseline_20260924/full/seed_1113,1113,runs_baseline_20260924/full/seed_1113/best.pt,49,5.578270575938213e-05,38277,0.3420599640529846,0.0111090281899914,0.0723260001531828,2.365959017076225,0.6117183772202964,0.0432211635547263,0.068305948670849,,,,,
runs_baseline_20260924/full/seed_1113,1113,runs_baseline_20260924/full/seed_1113/best.pt,50,5.143077306779055e-05,39001,0.3601343627566489,0.0117163144587321,0.0865699766882669,2.353771818575458,0.614773438355633,0.0463390036738503,0.082854439591484,0.4524460573555652,0.7895848281583953,0.460227615775961,0.7571685274853115,
runs_baseline_20260924/full/seed_1113,1113,runs_baseline_20260924/full/seed_1113/best.pt,51,4.74492795888301e-05,37261,0.3449087399188603,0.0103716180076665,0.0748771107015765,2.33312101007622,0.6202510247163684,0.0447673475561297,0.0723850786790391,,,,,
runs_baseline_20260924/full/seed_1113,1113,runs_baseline_20260924/full/seed_1113/best.pt,52,4.385121212666661e-05,38270,0.325364029922775,0.0096114132527227,0.0624170373672636,2.324719552124772,0.6041710159488928,0.0429550696286224,0.0598494307285992,,,,,
runs_baseline_20260924/full/seed_1113,1113,runs_baseline_20260924/full/seed_1113/best.pt,53,4.064830682949525e-05,37905,0.3271845024879847,0.0090320467683443,0.0646250692204894,2.301709099350689,0.6075542290634084,0.0441820743868005,0.0625643838701821,,,,,
runs_baseline_20260924/full/seed_1113,1113,runs_baseline_20260924/full/seed_1113/best.pt,54,3.785101090866418e-05,38262,0.3339611275173793,0.0086027209725335,0.0713806430957166,2.2887779084321496,0.606920684052405,0.0430662776648162,0.0692405083617108,,,,,
runs_baseline_20260924/full/seed_1113,1113,runs_baseline_20260924/full/seed_1113/best.pt,55,3.5468448562042856e-05,38110,0.3189228913772886,0.008271663723879,0.0613256680700823,2.2744727402089917,0.5978008213444291,0.0415133649187388,0.0594520916048193,0.459927641608071,0.7764962203349085,0.4690997655467084,0.7469525881307353,
runs_baseline_20260924/full/seed_1113,1113,runs_baseline_20260924/full/seed_1113/best.pt,56,3.3508391212784984e-05,39284,0.3230224446715595,0.0085813738710342,0.0631303019369038,2.278393352143118,0.6049583612758422,0.0425714868529934,0.0607113785710986,,,,,
runs_baseline_20260924/full/seed_1113,1113,runs_baseline_20260924/full/seed_1113/best.pt,57,3.1977232160561435e-05,37376,0.3202461144913023,0.0076154375679477,0.0640638793653277,2.257814286468185,0.5956547499817109,0.0405399243860879,0.0624556848561722,,,,,
runs_baseline_20260924/full/seed_1113,1113,runs_baseline_20260924/full/seed_1113/best.pt,58,3.087996572794572e-05,38341,0.3356015088959275,0.0077778407585781,0.0744483375956661,2.255988664716204,0.6084822059791779,0.0429385229945182,0.072928003679578,,,,,
runs_baseline_20260924/full/seed_1113,1113,runs_baseline_20260924/full/seed_1113/best.pt,59,3.022017096997169e-05,38045,0.3133435817522423,0.0074511385440095,0.0595531030253411,2.2457012656693145,0.5923465337151679,0.0396888690922304,0.0580804048402008,,,,,
runs_baseline_20260924/full/seed_1113,1113,runs_baseline_20260924/full/seed_1113/best.pt,60,3e-05,37858,0.3134141224567021,0.0073271974633996,0.0586275538934446,2.244373820652472,0.5976026726660327,0.0425605999183989,0.0573204059336578,0.4599968680119298,0.7886734740242747,0.47198503758627,0.7546589686322617,
runs_baseline_20260924/late_aug/seed_1111,1111,runs_baseline_20260924/late_aug/seed_1111/best.pt,1,6e-05,0,1.4825213534809718,1.4825213534809718,0.0,0.0,0.0,0.0,0.0,,,,,
runs_baseline_20260924/late_aug/seed_1111,1111,runs_baseline_20260924/late_aug/seed_1111/best.pt,2,0.0001199999999999,0,1.351003590031205,1.351003590031205,0.0,0.0,0.0,0.0,0.0,,,,,
runs_baseline_20260924/late_aug/seed_1111,1111,runs_baseline_20260924/late_aug/seed_1111/best.pt,3,0.0001799999999999,0,1.2395274622418055,1.2395274622418055,0.0,0.0,0.0,0.0,0.0,,,,,
runs_baseline_20260924/late_aug/seed_1111,1111,runs_baseline_20260924/late_aug/seed_1111/best.pt,4,0.0002399999999999,0,1.1884967144404617,1.1884967144404617,0.0,0.0,0.0,0.0,0.0,,,,,
runs_baseline_20260924/late_aug/seed_1111,1111,runs_baseline_20260924/late_aug/seed_1111/best.pt,5,0.0003,0,1.1267029670911417,1.1267029670911417,0.0,0.0,0.0,0.0,0.0,,,,,
runs_baseline_20260924/late_aug/seed_1111,1111,runs_baseline_20260924/late_aug/seed_1111/best.pt,6,0.00029977982903,0,2.1058319283423024,1.048400992545012,1.0574309313408683,0.0,0.0,0.0,0.0,,,,,
runs_baseline_20260924/late_aug/seed_1111,1111,runs_baseline_20260924/late_aug/seed_1111/best.pt,7,0.000299120034272,0,1.9215365436589609,0.9538367847415888,0.9676997611455828,0.0,0.0,0.0,0.0,,,,,
runs_baseline_20260924/late_aug/seed_1111,1111,runs_baseline_20260924/late_aug/seed_1111/best.pt,8,0.0002980227678394,0,1.7533285851790523,0.866549858423037,0.8867787300983322,0.0,0.0,0.0,0.0,,,,,
runs_baseline_20260924/late_aug/seed_1111,1111,runs_baseline_20260924/late_aug/seed_1111/best.pt,9,0.0002964916087872,0,1.545088202039772,0.7597130492468861,0.7853751449941475,0.0,0.0,0.0,0.0,,,,,
runs_baseline_20260924/late_aug/seed_1111,1111,runs_baseline_20260924/late_aug/seed_1111/best.pt,10,0.0002945315514379,0,1.3281425705579954,0.6482666556801752,0.6798759155741362,0.0,0.0,0.0,0.0,0.5185505376343374,0.7395650389024855,0.536265172735761,0.7047026084907414,
runs_baseline_20260924/late_aug/seed_1111,1111,runs_baseline_20260924/late_aug/seed_1111/best.pt,11,0.0002921489890913,0,1.1354712877318125,0.550346117153346,0.5851251739207829,0.0,0.0,0.0,0.0,,,,,
runs_baseline_20260924/late_aug/seed_1111,1111,runs_baseline_20260924/late_aug/seed_1111/best.pt,12,0.0002893516931705,0,0.9840876554774348,0.4612623879285616,0.522825271169716,0.0,0.0,0.0,0.0,,,,,
runs_baseline_20260924/late_aug/seed_1111,1111,runs_baseline_20260924/late_aug/seed_1111/best.pt,13,0.0002861487878733,0,0.7781871055888239,0.3608534741345967,0.4173336339609645,0.0,0.0,0.0,0.0,,,,,
runs_baseline_20260924/late_aug/seed_1111,1111,runs_baseline_20260924/late_aug/seed_1111/best.pt,14,0.0002825507204111,0,0.6560710390037465,0.2923350216490086,0.3637360188170014,0.0,0.0,0.0,0.0,,,,,
runs_baseline_20260924/late_aug/seed_1111,1111,runs_baseline_20260924/late_aug/seed_1111/best.pt,15,0.0002785692269322,0,0.5808188731425277,0.2568163028526529,0.3240025686883481,0.0,0.0,0.0,0.0,0.5045592597201229,0.7156436708750217,0.5324161570477073,0.678668497824609,
runs_baseline_20260924/late_aug/seed_1111,1111,runs_baseline_20260924/late_aug/seed_1111/best.pt,16,0.0002742172942406,0,0.5583815159641694,0.2074796950496802,0.3509018213670944,0.0,0.0,0.0,0.0,,,,,
runs_baseline_20260924/late_aug/seed_1111,1111,runs_baseline_20260924/late_aug/seed_1111/best.pt,17,0.0002695091174362,0,0.4767181915100489,0.1676052189040406,0.3091129719445081,0.0,0.0,0.0,0.0,,,,,
runs_baseline_20260924/late_aug/seed_1111,1111,runs_baseline_20260924/late_aug/seed_1111/best.pt,18,0.0002644600536133,0,0.4701288846608634,0.1599035183681506,0.3102253677549763,0.0,0.0,0.0,0.0,,,,,
runs_baseline_20260924/late_aug/seed_1111,1111,runs_baseline_20260924/late_aug/seed_1111/best.pt,19,0.0002590865717684,0,0.3905410908650015,0.1325872372661795,0.2579538541558747,0.0,0.0,0.0,0.0,,,,,
runs_baseline_20260924/late_aug/seed_1111,1111,runs_baseline_20260924/late_aug/seed_1111/best.pt,20,0.0002534061990826,0,0.3409140338407498,0.1072514428295821,0.2336625887829566,0.0,0.0,0.0,0.0,0.4939937468214571,0.7198347980497685,0.5199870839583816,0.6915822431840423,
runs_baseline_20260924/late_aug/seed_1111,1111,runs_baseline_20260924/late_aug/seed_1111/best.pt,21,0.0002474374637507,0,0.3219899168916952,0.0966943084288423,0.2252956067916945,0.0,0.0,0.0,0.0,,,,,
runs_baseline_20260924/late_aug/seed_1111,1111,runs_baseline_20260924/late_aug/seed_1111/best.pt,22,0.000241199834547,0,0.3209744414018693,0.0963805377761894,0.224593902058969,0.0,0.0,0.0,0.0,,,,,
runs_baseline_20260924/late_aug/seed_1111,1111,runs_baseline_20260924/late_aug/seed_1111/best.pt,23,0.0002347136573212,0,0.2714975675411313,0.0778901948132247,0.1936073750257492,0.0,0.0,0.0,0.0,,,,,
runs_baseline_20260924/late_aug/seed_1111,1111,runs_baseline_20260924/late_aug/seed_1111/best.pt,24,0.0002280000886354,0,0.2520274410598746,0.0735243951954017,0.1785030451855648,0.0,0.0,0.0,0.0,,,,,
runs_baseline_20260924/late_aug/seed_1111,1111,runs_baseline_20260924/late_aug/seed_1111/best.pt,25,0.0002210810267552,0,0.2397120805962063,0.0645289502028271,0.175183130933024,0.0,0.0,0.0,0.0,0.4902454086428668,0.7404339523697124,0.5079190032896942,0.7116791614028114,
runs_baseline_20260924/late_aug/seed_1111,1111,runs_baseline_20260924/late_aug/seed_1111/best.pt,26,0.0002139790402223,0,0.2064315109365732,0.0569064023025403,0.1495251083098108,0.0,0.0,0.0,0.0,,,,,
runs_baseline_20260924/late_aug/seed_1111,1111,runs_baseline_20260924/late_aug/seed_1111/best.pt,27,0.0002067172942406,0,0.2197830995248857,0.0535046395749967,0.1662784597932178,0.0,0.0,0.0,0.0,,,,,
runs_baseline_20260924/late_aug/seed_1111,1111,runs_baseline_20260924/late_aug/seed_1111/best.pt,28,0.0001993194751161,0,0.2033085164344199,0.0540835488169828,0.1492249675303976,0.0,0.0,0.0,0.0,,,,,
runs_baseline_20260924/late_aug/seed_1111,1111,runs_baseline_20260924/late_aug/seed_1111/best.pt,29,0.0001918097129971,0,0.1965260157866455,0.0483328735229567,0.1481931428555573,0.0,0.0,0.0,0.0,,,,,
runs_baseline_20260924/late_aug/seed_1111,1111,runs_baseline_20260924/late_aug/seed_1111/best.pt,30,0.0001842125031668,0,0.1709078828865122,0.043134455473345,0.1277734273783514,0.0,0.0,0.0,0.0,0.4903533675943687,0.7300906510481071,0.5131374686491527,0.6929745595752848,
runs_baseline_20260924/late_aug/seed_1111,1111,runs_baseline_20260924/late_aug/seed_1111/best.pt,31,0.0001765526261446,0,0.2880416571676174,0.0445681836316797,0.2434734737970561,0.0,0.0,0.0,0.0,,,,,
runs_baseline_20260924/late_aug/seed_1111,1111,runs_baseline_20260924/late_aug/seed_1111/best.pt,32,0.0001688550668571,0,0.2740492567977058,0.0447611237623702,0.2292881330179277,0.0,0.0,0.0,0.0,,,,,
runs_baseline_20260924/late_aug/seed_1111,1111,runs_baseline_20260924/late_aug/seed_1111/best.pt,33,0.0001611449331428,0,0.2674308684523974,0.0409055666771726,0.2265253014444747,0.0,0.0,0.0,0.0,,,,,
runs_baseline_20260924/late_aug/seed_1111,1111,runs_baseline_20260924/late_aug/seed_1111/best.pt,34,0.0001534473738553,0,0.2463878256347134,0.0415789761415151,0.2048088508510143,0.0,0.0,0.0,0.0,,,,,
runs_baseline_20260924/late_aug/seed_1111,1111,runs_baseline_20260924/late_aug/seed_1111/best.pt,35,0.0001457874968331,0,0.2326650211987929,0.0377518375095188,0.1949131842441508,0.0,0.0,0.0,0.0,0.485385992286763,0.7346916972103331,0.5077510819288242,0.7044641313985487,
runs_baseline_20260924/late_aug/seed_1111,1111,runs_baseline_20260924/late_aug/seed_1111/best.pt,36,0.0001381902870028,0,0.2471912911979951,0.0330570921580368,0.2141341988310635,0.0,0.0,0.0,0.0,,,,,
runs_baseline_20260924/late_aug/seed_1111,1111,runs_baseline_20260924/late_aug/seed_1111/best.pt,37,0.0001306805248838,0,0.2130924975934708,0.032992335706601,0.1801001615713515,0.0,0.0,0.0,0.0,,,,,
runs_baseline_20260924/late_aug/seed_1111,1111,runs_baseline_20260924/late_aug/seed_1111/best.pt,38,0.0001232827057593,0,0.2132108782148249,0.0305834439121813,0.1826274354602688,0.0,0.0,0.0,0.0,,,,,
runs_baseline_20260924/late_aug/seed_1111,1111,runs_baseline_20260924/late_aug/seed_1111/best.pt,39,0.0001160209597776,0,0.2018457915738364,0.028381789842986,0.1734640011999094,0.0,0.0,0.0,0.0,,,,,
runs_baseline_20260924/late_aug/seed_1111,1111,runs_baseline_20260924/late_aug/seed_1111/best.pt,40,0.0001089189732447,0,0.1874767820063595,0.0261279379287473,0.1613488445911452,0.0,0.0,0.0,0.0,0.4913912178644819,0.7190073958843706,0.5102942447669397,0.6848711282463238,
runs_baseline_20260924/late_aug/seed_1111,1111,runs_baseline_20260924/late_aug/seed_1111/best.pt,41,0.0001019999113645,0,0.1824095822244047,0.0246134066310162,0.15779617531051,0.0,0.0,0.0,0.0,,,,,
runs_baseline_20260924/late_aug/seed_1111,1111,runs_baseline_20260924/late_aug/seed_1111/best.pt,42,9.528634267874014e-05,0,0.1738075225431228,0.0235492668906661,0.1502582547646538,0.0,0.0,0.0,0.0,,,,,
runs_baseline_20260924/late_aug/seed_1111,1111,runs_baseline_20260924/late_aug/seed_1111/best.pt,43,8.880016545298618e-05,0,0.1651817559499606,0.0223373593501398,0.142844396739084,0.0,0.0,0.0,0.0,,,,,
runs_baseline_20260924/late_aug/seed_1111,1111,runs_baseline_20260924/late_aug/seed_1111/best.pt,44,8.256253624921588e-05,0,0.1727107051394392,0.021592461869608,0.1511182434352062,0.0,0.0,0.0,0.0,,,,,
runs_baseline_20260924/late_aug/seed_1111,1111,runs_baseline_20260924/late_aug/seed_1111/best.pt,45,7.659380091738652e-05,0,0.1624484785318931,0.0196523372884665,0.1427961414175055,0.0,0.0,0.0,0.0,0.4818554554817237,0.7340372306435035,0.5048035926744114,0.7034479997326764,
runs_baseline_20260924/late_aug/seed_1111,1111,runs_baseline_20260924/late_aug/seed_1111/best.pt,46,7.09134282315354e-05,0,0.166509743710266,0.0201440674087433,0.1463656769804308,0.0,0.0,0.0,0.0,,,,,
runs_baseline_20260924/late_aug/seed_1111,1111,runs_baseline_20260924/late_aug/seed_1111/best.pt,47,6.553994638668531e-05,0,0.1513915950797985,0.0181279867391371,0.1332636083885331,0.0,0.0,0.0,0.0,,,,,
runs_baseline_20260924/late_aug/seed_1111,1111,runs_baseline_20260924/late_aug/seed_1111/best.pt,48,6.0490882563723857e-05,0,0.1390408538281917,0.0172092757562053,0.1218315780893943,0.0,0.0,0.0,0.0,,,,,
runs_baseline_20260924/late_aug/seed_1111,1111,runs_baseline_20260924/late_aug/seed_1111/best.pt,49,5.578270575938213e-05,0,0.1488170160729194,0.0168340910295738,0.1319829250085298,0.0,0.0,0.0,0.0,,,,,
runs_baseline_20260924/late_aug/seed_1111,1111,runs_baseline_20260924/late_aug/seed_1111/best.pt,50,5.143077306779055e-05,0,0.1454267905346144,0.0170394533583633,0.1283873366801259,0.0,0.0,0.0,0.0,0.4884243673199155,0.7298083908633762,0.5113889498859941,0.6968556605257058,
runs_baseline_20260924/late_aug/seed_1111,1111,runs_baseline_20260924/late_aug/seed_1111/best.pt,51,4.74492795888301e-05,0,0.1315518715810553,0.016435107024752,0.1151167645998229,0.0,0.0,0.0,0.0,,,,,
runs_baseline_20260924/late_aug/seed_1111,1111,runs_baseline_20260924/late_aug/seed_1111/best.pt,52,4.385121212666661e-05,0,0.1473635844189987,0.0168369452199228,0.1305266388596218,0.0,0.0,0.0,0.0,,,,,
runs_baseline_20260924/late_aug/seed_1111,1111,runs_baseline_20260924/late_aug/seed_1111/best.pt,53,4.064830682949525e-05,0,0.1263761948271889,0.0153584697101021,0.1110177257350672,0.0,0.0,0.0,0.0,,,,,
runs_baseline_20260924/late_aug/seed_1111,1111,runs_baseline_20260924/late_aug/seed_1111/best.pt,54,3.785101090866418e-05,0,0.1460060190026448,0.0150911553336359,0.1309148640519826,0.0,0.0,0.0,0.0,,,,,
runs_baseline_20260924/late_aug/seed_1111,1111,runs_baseline_20260924/late_aug/seed_1111/best.pt,55,3.5468448562042856e-05,0,0.1316616140723785,0.0141972654246699,0.117464348229919,0.0,0.0,0.0,0.0,0.4848196338412411,0.7267012011067955,0.5025887799850418,0.6932726675605498,
runs_baseline_20260924/late_aug/seed_1111,1111,runs_baseline_20260924/late_aug/seed_1111/best.pt,56,3.3508391212784984e-05,0,0.1427408632970302,0.0143409220449556,0.1283999422617326,0.0,0.0,0.0,0.0,,,,,
runs_baseline_20260924/late_aug/seed_1111,1111,runs_baseline_20260924/late_aug/seed_1111/best.pt,57,3.1977232160561435e-05,0,0.1365259036978828,0.0146314287688757,0.1218944742892668,0.0,0.0,0.0,0.0,,,,,
runs_baseline_20260924/late_aug/seed_1111,1111,runs_baseline_20260924/late_aug/seed_1111/best.pt,58,3.087996572794572e-05,0,0.125311569423876,0.0134724924105837,0.1118390767304139,0.0,0.0,0.0,0.0,,,,,
runs_baseline_20260924/late_aug/seed_1111,1111,runs_baseline_20260924/late_aug/seed_1111/best.pt,59,3.022017096997169e-05,0,0.1264955784220283,0.0138502060957949,0.1126453725394801,0.0,0.0,0.0,0.0,,,,,
runs_baseline_20260924/late_aug/seed_1111,1111,runs_baseline_20260924/late_aug/seed_1111/best.pt,60,3e-05,0,0.1298335555975682,0.0131763370455216,0.1166572188001091,0.0,0.0,0.0,0.0,0.4942540166768544,0.7240616454240012,0.5005776588773587,0.6913312109456535,
runs_baseline_20260924/late_aug/seed_1112,1112,runs_baseline_20260924/late_aug/seed_1112/best.pt,1,6e-05,0,1.4863528314037855,1.4863528314037855,0.0,0.0,0.0,0.0,0.0,,,,,
runs_baseline_20260924/late_aug/seed_1112,1112,runs_baseline_20260924/late_aug/seed_1112/best.pt,2,0.0001199999999999,0,1.31081316905601,1.31081316905601,0.0,0.0,0.0,0.0,0.0,,,,,
runs_baseline_20260924/late_aug/seed_1112,1112,runs_baseline_20260924/late_aug/seed_1112/best.pt,3,0.0001799999999999,0,1.2342832116323097,1.2342832116323097,0.0,0.0,0.0,0.0,0.0,,,,,
runs_baseline_20260924/late_aug/seed_1112,1112,runs_baseline_20260924/late_aug/seed_1112/best.pt,4,0.0002399999999999,0,1.1658296540518789,1.1658296540518789,0.0,0.0,0.0,0.0,0.0,,,,,
runs_baseline_20260924/late_aug/seed_1112,1112,runs_baseline_20260924/late_aug/seed_1112/best.pt,5,0.0003,0,1.1118843931461049,1.1118843931461049,0.0,0.0,0.0,0.0,0.0,,,,,
runs_baseline_20260924/late_aug/seed_1112,1112,runs_baseline_20260924/late_aug/seed_1112/best.pt,6,0.00029977982903,0,2.09457858589208,1.0398615749082831,1.0547170260242211,0.0,0.0,0.0,0.0,,,,,
runs_baseline_20260924/late_aug/seed_1112,1112,runs_baseline_20260924/late_aug/seed_1112/best.pt,7,0.000299120034272,0,1.9558200602219484,0.9742674716165132,0.9815525902765934,0.0,0.0,0.0,0.0,,,,,
runs_baseline_20260924/late_aug/seed_1112,1112,runs_baseline_20260924/late_aug/seed_1112/best.pt,8,0.0002980227678394,0,1.7432925628724498,0.8589381725988655,0.8843543919447426,0.0,0.0,0.0,0.0,,,,,
runs_baseline_20260924/late_aug/seed_1112,1112,runs_baseline_20260924/late_aug/seed_1112/best.pt,9,0.0002964916087872,0,1.5539582923193958,0.7647202198750505,0.7892380716087662,0.0,0.0,0.0,0.0,,,,,
runs_baseline_20260924/late_aug/seed_1112,1112,runs_baseline_20260924/late_aug/seed_1112/best.pt,10,0.0002945315514379,0,1.3528333846653733,0.6563542688561377,0.6964791113528136,0.0,0.0,0.0,0.0,0.474937315003464,0.7701991667974312,0.4885776589906156,0.746952757730269,
runs_baseline_20260924/late_aug/seed_1112,1112,runs_baseline_20260924/late_aug/seed_1112/best.pt,11,0.0002921489890913,0,1.198962118024024,0.5826218114278027,0.6163403149520126,0.0,0.0,0.0,0.0,,,,,
runs_baseline_20260924/late_aug/seed_1112,1112,runs_baseline_20260924/late_aug/seed_1112/best.pt,12,0.0002893516931705,0,1.0311960004200444,0.4961314449243456,0.5350645535460142,0.0,0.0,0.0,0.0,,,,,
runs_baseline_20260924/late_aug/seed_1112,1112,runs_baseline_20260924/late_aug/seed_1112/best.pt,13,0.0002861487878733,0,0.8492600800835084,0.4035237097294531,0.4457363684043706,0.0,0.0,0.0,0.0,,,,,
runs_baseline_20260924/late_aug/seed_1112,1112,runs_baseline_20260924/late_aug/seed_1112/best.pt,14,0.0002825507204111,0,0.6778149398687844,0.3105477781217789,0.3672671606329,0.0,0.0,0.0,0.0,,,,,
runs_baseline_20260924/late_aug/seed_1112,1112,runs_baseline_20260924/late_aug/seed_1112/best.pt,15,0.0002785692269322,0,0.5686122571753565,0.2517043397387611,0.3169079160439634,0.0,0.0,0.0,0.0,0.5067104641829394,0.7341937816991171,0.5298437502774397,0.6898687287504979,
runs_baseline_20260924/late_aug/seed_1112,1112,runs_baseline_20260924/late_aug/seed_1112/best.pt,16,0.0002742172942406,0,0.5561136042124757,0.2053406256660122,0.3507729794864899,0.0,0.0,0.0,0.0,,,,,
runs_baseline_20260924/late_aug/seed_1112,1112,runs_baseline_20260924/late_aug/seed_1112/best.pt,17,0.0002695091174362,0,0.5072698931549197,0.171646862038385,0.335623030698745,0.0,0.0,0.0,0.0,,,,,
runs_baseline_20260924/late_aug/seed_1112,1112,runs_baseline_20260924/late_aug/seed_1112/best.pt,18,0.0002644600536133,0,0.4476835967920651,0.1548699004070781,0.2928136965938818,0.0,0.0,0.0,0.0,,,,,
runs_baseline_20260924/late_aug/seed_1112,1112,runs_baseline_20260924/late_aug/seed_1112/best.pt,19,0.0002590865717684,0,0.4078092299332128,0.1262550340773903,0.2815541952987697,0.0,0.0,0.0,0.0,,,,,
runs_baseline_20260924/late_aug/seed_1112,1112,runs_baseline_20260924/late_aug/seed_1112/best.pt,20,0.0002534061990826,0,0.3579919239349454,0.1080065002647515,0.249985424157615,0.0,0.0,0.0,0.0,0.490533396251782,0.7388171692854217,0.5089674215349974,0.7020463688816533,
runs_baseline_20260924/late_aug/seed_1112,1112,runs_baseline_20260924/late_aug/seed_1112/best.pt,21,0.0002474374637507,0,0.3179193453114723,0.0896227715589175,0.2282965751451866,0.0,0.0,0.0,0.0,,,,,
runs_baseline_20260924/late_aug/seed_1112,1112,runs_baseline_20260924/late_aug/seed_1112/best.pt,22,0.000241199834547,0,0.3106432313395438,0.0875059687576004,0.2231372612241272,0.0,0.0,0.0,0.0,,,,,
runs_baseline_20260924/late_aug/seed_1112,1112,runs_baseline_20260924/late_aug/seed_1112/best.pt,23,0.0002347136573212,0,0.2925383396377073,0.0811573921694098,0.2113809468242052,0.0,0.0,0.0,0.0,,,,,
runs_baseline_20260924/late_aug/seed_1112,1112,runs_baseline_20260924/late_aug/seed_1112/best.pt,24,0.0002280000886354,0,0.2495172148413747,0.0730279352968541,0.176489278952652,0.0,0.0,0.0,0.0,,,,,
runs_baseline_20260924/late_aug/seed_1112,1112,runs_baseline_20260924/late_aug/seed_1112/best.pt,25,0.0002210810267552,0,0.2435608535447967,0.0678565289094069,0.1757043248791004,0.0,0.0,0.0,0.0,0.4902697171408885,0.7289653004782084,0.5189086733802181,0.6940341199777642,
runs_baseline_20260924/late_aug/seed_1112,1112,runs_baseline_20260924/late_aug/seed_1112/best.pt,26,0.0002139790402223,0,0.2020168386956798,0.0568651053010024,0.1451517336557958,0.0,0.0,0.0,0.0,,,,,
runs_baseline_20260924/late_aug/seed_1112,1112,runs_baseline_20260924/late_aug/seed_1112/best.pt,27,0.0002067172942406,0,0.1987772008108201,0.0530090354487439,0.1457681665632212,0.0,0.0,0.0,0.0,,,,,
runs_baseline_20260924/late_aug/seed_1112,1112,runs_baseline_20260924/late_aug/seed_1112/best.pt,28,0.0001993194751161,0,0.1654050131197844,0.0476692109673379,0.1177358025006044,0.0,0.0,0.0,0.0,,,,,
runs_baseline_20260924/late_aug/seed_1112,1112,runs_baseline_20260924/late_aug/seed_1112/best.pt,29,0.0001918097129971,0,0.1719575899992591,0.0414638206293092,0.1304937698051472,0.0,0.0,0.0,0.0,,,,,
runs_baseline_20260924/late_aug/seed_1112,1112,runs_baseline_20260924/late_aug/seed_1112/best.pt,30,0.0001842125031668,0,0.1608019866675974,0.0410630117370703,0.1197389740557801,0.0,0.0,0.0,0.0,0.487855712981929,0.7164355501366465,0.5003978580140349,0.6812877143849299,
runs_baseline_20260924/late_aug/seed_1112,1112,runs_baseline_20260924/late_aug/seed_1112/best.pt,31,0.0001765526261446,0,0.3231947628833423,0.0426566363181744,0.2805381271048127,0.0,0.0,0.0,0.0,,,,,
runs_baseline_20260924/late_aug/seed_1112,1112,runs_baseline_20260924/late_aug/seed_1112/best.pt,32,0.0001688550668571,0,0.2830200380532541,0.0455380024684366,0.2374820352714752,0.0,0.0,0.0,0.0,,,,,
runs_baseline_20260924/late_aug/seed_1112,1112,runs_baseline_20260924/late_aug/seed_1112/best.pt,33,0.0001611449331428,0,0.259359107222234,0.0394533821773306,0.2199057256889956,0.0,0.0,0.0,0.0,,,,,
runs_baseline_20260924/late_aug/seed_1112,1112,runs_baseline_20260924/late_aug/seed_1112/best.pt,34,0.0001534473738553,0,0.242054505395555,0.0376793330657147,0.2043751720861296,0.0,0.0,0.0,0.0,,,,,
runs_baseline_20260924/late_aug/seed_1112,1112,runs_baseline_20260924/late_aug/seed_1112/best.pt,35,0.0001457874968331,0,0.2293205744473733,0.0349034404503964,0.1944171338577136,0.0,0.0,0.0,0.0,0.4745967132447306,0.7180562628732804,0.5055302262749071,0.6861186958635149,
runs_baseline_20260924/late_aug/seed_1112,1112,runs_baseline_20260924/late_aug/seed_1112/best.pt,36,0.0001381902870028,0,0.2232962970700219,0.0326580176147345,0.1906382797338138,0.0,0.0,0.0,0.0,,,,,
runs_baseline_20260924/late_aug/seed_1112,1112,runs_baseline_20260924/late_aug/seed_1112/best.pt,37,0.0001306805248838,0,0.2273004991219979,0.0312542654573917,0.1960462334905272,0.0,0.0,0.0,0.0,,,,,
runs_baseline_20260924/late_aug/seed_1112,1112,runs_baseline_20260924/late_aug/seed_1112/best.pt,38,0.0001232827057593,0,0.2193767812764533,0.0303645539663244,0.1890122273536486,0.0,0.0,0.0,0.0,,,,,
runs_baseline_20260924/late_aug/seed_1112,1112,runs_baseline_20260924/late_aug/seed_1112/best.pt,39,0.0001160209597776,0,0.1879277263080405,0.027299136541366,0.1606285900364969,0.0,0.0,0.0,0.0,,,,,
runs_baseline_20260924/late_aug/seed_1112,1112,runs_baseline_20260924/late_aug/seed_1112/best.pt,40,0.0001089189732447,0,0.1885237686823461,0.0279408085516819,0.1605829603482629,0.0,0.0,0.0,0.0,0.4748025172895657,0.7211143053824407,0.4946679418702657,0.6880086421222006,
runs_baseline_20260924/late_aug/seed_1112,1112,runs_baseline_20260924/late_aug/seed_1112/best.pt,41,0.0001019999113645,0,0.1891281275061246,0.0256981281215481,0.1634299986969644,0.0,0.0,0.0,0.0,,,,,
runs_baseline_20260924/late_aug/seed_1112,1112,runs_baseline_20260924/late_aug/seed_1112/best.pt,42,9.528634267874014e-05,0,0.1494738098895438,0.0227073469660549,0.1267664626623704,0.0,0.0,0.0,0.0,,,,,
runs_baseline_20260924/late_aug/seed_1112,1112,runs_baseline_20260924/late_aug/seed_1112/best.pt,43,8.880016545298618e-05,0,0.1736314379932167,0.0213176166534284,0.1523138207218078,0.0,0.0,0.0,0.0,,,,,
runs_baseline_20260924/late_aug/seed_1112,1112,runs_baseline_20260924/late_aug/seed_1112/best.pt,44,8.256253624921588e-05,0,0.1591132316285761,0.0202990309378811,0.1388142010214451,0.0,0.0,0.0,0.0,,,,,
runs_baseline_20260924/late_aug/seed_1112,1112,runs_baseline_20260924/late_aug/seed_1112/best.pt,45,7.659380091738652e-05,0,0.1652266447928464,0.0204280631651527,0.1447985818452924,0.0,0.0,0.0,0.0,0.477808417654114,0.7168621616970047,0.4974025834657261,0.6802626414220347,
runs_baseline_20260924/late_aug/seed_1112,1112,runs_baseline_20260924/late_aug/seed_1112/best.pt,46,7.09134282315354e-05,0,0.1564934174312609,0.018586103199485,0.1379073142796476,0.0,0.0,0.0,0.0,,,,,
runs_baseline_20260924/late_aug/seed_1112,1112,runs_baseline_20260924/late_aug/seed_1112/best.pt,47,6.553994638668531e-05,0,0.1396725026664332,0.0177230229296625,0.1219494803068793,0.0,0.0,0.0,0.0,,,,,
runs_baseline_20260924/late_aug/seed_1112,1112,runs_baseline_20260924/late_aug/seed_1112/best.pt,48,6.0490882563723857e-05,0,0.1461880257718752,0.0174838523162859,0.1287041737254117,0.0,0.0,0.0,0.0,,,,,
runs_baseline_20260924/late_aug/seed_1112,1112,runs_baseline_20260924/late_aug/seed_1112/best.pt,49,5.578270575938213e-05,0,0.1424529420507845,0.0162269526909793,0.1262259897645389,0.0,0.0,0.0,0.0,,,,,
runs_baseline_20260924/late_aug/seed_1112,1112,runs_baseline_20260924/late_aug/seed_1112/best.pt,50,5.143077306779055e-05,0,0.1394321722648689,0.0167434871779911,0.1226886842817625,0.0,0.0,0.0,0.0,0.4713177467998078,0.7231468748760186,0.4878026224125547,0.6873137903707435,
runs_baseline_20260924/late_aug/seed_1112,1112,runs_baseline_20260924/late_aug/seed_1112/best.pt,51,4.74492795888301e-05,0,0.1421742484530556,0.0161136038879924,0.1260606451569316,0.0,0.0,0.0,0.0,,,,,
runs_baseline_20260924/late_aug/seed_1112,1112,runs_baseline_20260924/late_aug/seed_1112/best.pt,52,4.385121212666661e-05,0,0.1200423319258283,0.0150457813260885,0.1049965505670999,0.0,0.0,0.0,0.0,,,,,
runs_baseline_20260924/late_aug/seed_1112,1112,runs_baseline_20260924/late_aug/seed_1112/best.pt,53,4.064830682949525e-05,0,0.1256434752074914,0.0154769895554772,0.1101664859697083,0.0,0.0,0.0,0.0,,,,,
runs_baseline_20260924/late_aug/seed_1112,1112,runs_baseline_20260924/late_aug/seed_1112/best.pt,54,3.785101090866418e-05,0,0.1297726228868014,0.0146381140982505,0.1151345090017976,0.0,0.0,0.0,0.0,,,,,
runs_baseline_20260924/late_aug/seed_1112,1112,runs_baseline_20260924/late_aug/seed_1112/best.pt,55,3.5468448562042856e-05,0,0.1156472153091263,0.0138307742809302,0.10181644070615,0.0,0.0,0.0,0.0,0.4686089745252868,0.7191176593586444,0.4811489021108667,0.6857622657007996,
runs_baseline_20260924/late_aug/seed_1112,1112,runs_baseline_20260924/late_aug/seed_1112/best.pt,56,3.3508391212784984e-05,0,0.1282691896379551,0.0142182409676296,0.1140509486964372,0.0,0.0,0.0,0.0,,,,,
runs_baseline_20260924/late_aug/seed_1112,1112,runs_baseline_20260924/late_aug/seed_1112/best.pt,57,3.1977232160561435e-05,0,0.1225160815378772,0.0140679170677838,0.1084481644853253,0.0,0.0,0.0,0.0,,,,,
runs_baseline_20260924/late_aug/seed_1112,1112,runs_baseline_20260924/late_aug/seed_1112/best.pt,58,3.087996572794572e-05,0,0.1105415050950005,0.0132818988689752,0.0972596065567754,0.0,0.0,0.0,0.0,,,,,
runs_baseline_20260924/late_aug/seed_1112,1112,runs_baseline_20260924/late_aug/seed_1112/best.pt,59,3.022017096997169e-05,0,0.1184809010597729,0.0129698920455352,0.1055110091567648,0.0,0.0,0.0,0.0,,,,,
runs_baseline_20260924/late_aug/seed_1112,1112,runs_baseline_20260924/late_aug/seed_1112/best.pt,60,3e-05,0,0.1176786374683692,0.0129822611538954,0.1046963758662203,0.0,0.0,0.0,0.0,0.4712212442987034,0.7192375493898966,0.4790080286874893,0.6848622878663534,
runs_baseline_20260924/late_aug/seed_1113,1113,runs_baseline_20260924/late_aug/seed_1113/best.pt,1,6e-05,0,1.4763395407489528,1.4763395407489528,0.0,0.0,0.0,0.0,0.0,,,,,
runs_baseline_20260924/late_aug/seed_1113,1113,runs_baseline_20260924/late_aug/seed_1113/best.pt,2,0.0001199999999999,0,1.3371593283715648,1.3371593283715648,0.0,0.0,0.0,0.0,0.0,,,,,
runs_baseline_20260924/late_aug/seed_1113,1113,runs_baseline_20260924/late_aug/seed_1113/best.pt,3,0.0001799999999999,0,1.2268007893428623,1.2268007893428623,0.0,0.0,0.0,0.0,0.0,,,,,
runs_baseline_20260924/late_aug/seed_1113,1113,runs_baseline_20260924/late_aug/seed_1113/best.pt,4,0.0002399999999999,0,1.1822900833370529,1.1822900833370529,0.0,0.0,0.0,0.0,0.0,,,,,
runs_baseline_20260924/late_aug/seed_1113,1113,runs_baseline_20260924/late_aug/seed_1113/best.pt,5,0.0003,0,1.1344121187646812,1.1344121187646812,0.0,0.0,0.0,0.0,0.0,,,,,
runs_baseline_20260924/late_aug/seed_1113,1113,runs_baseline_20260924/late_aug/seed_1113/best.pt,6,0.00029977982903,0,2.147131397345356,1.067455934586926,1.0796754722283266,0.0,0.0,0.0,0.0,,,,,
runs_baseline_20260924/late_aug/seed_1113,1113,runs_baseline_20260924/late_aug/seed_1113/best.pt,7,0.000299120034272,0,1.976316156788407,0.9808368465610754,0.9954793079991208,0.0,0.0,0.0,0.0,,,,,
runs_baseline_20260924/late_aug/seed_1113,1113,runs_baseline_20260924/late_aug/seed_1113/best.pt,8,0.0002980227678394,0,1.834510501300063,0.9092188438522482,0.9252916485349708,0.0,0.0,0.0,0.0,,,,,
runs_baseline_20260924/late_aug/seed_1113,1113,runs_baseline_20260924/late_aug/seed_1113/best.pt,9,0.0002964916087872,0,1.6359260644868157,0.8040964386173498,0.8318296286547295,0.0,0.0,0.0,0.0,,,,,
runs_baseline_20260924/late_aug/seed_1113,1113,runs_baseline_20260924/late_aug/seed_1113/best.pt,10,0.0002945315514379,0,1.4714589063252244,0.7237491980891362,0.74770970656493,0.0,0.0,0.0,0.0,0.5006423014953323,0.726445033867335,0.5178418671840852,0.6981024239402569,
runs_baseline_20260924/late_aug/seed_1113,1113,runs_baseline_20260924/late_aug/seed_1113/best.pt,11,0.0002921489890913,0,1.233121117698812,0.6029522012327319,0.6301689100599734,0.0,0.0,0.0,0.0,,,,,
runs_baseline_20260924/late_aug/seed_1113,1113,runs_baseline_20260924/late_aug/seed_1113/best.pt,12,0.0002893516931705,0,1.013671267812497,0.4883605322548162,0.5253107330509436,0.0,0.0,0.0,0.0,,,,,
runs_baseline_20260924/late_aug/seed_1113,1113,runs_baseline_20260924/late_aug/seed_1113/best.pt,13,0.0002861487878733,0,0.8315420908348583,0.3919579567753266,0.4395841318313206,0.0,0.0,0.0,0.0,,,,,
runs_baseline_20260924/late_aug/seed_1113,1113,runs_baseline_20260924/late_aug/seed_1113/best.pt,14,0.0002825507204111,0,0.6689725724336143,0.3059998384424459,0.3629727321807469,0.0,0.0,0.0,0.0,,,,,
runs_baseline_20260924/late_aug/seed_1113,1113,runs_baseline_20260924/late_aug/seed_1113/best.pt,15,0.0002785692269322,0,0.5592365306671535,0.2482736123220942,0.3109629179969012,0.0,0.0,0.0,0.0,0.484548310815043,0.7214813955216527,0.5091758506533376,0.6899803556646745,
runs_baseline_20260924/late_aug/seed_1113,1113,runs_baseline_20260924/late_aug/seed_1113/best.pt,16,0.0002742172942406,0,0.6248276771229004,0.2227886640858427,0.402039013315584,0.0,0.0,0.0,0.0,,,,,
runs_baseline_20260924/late_aug/seed_1113,1113,runs_baseline_20260924/late_aug/seed_1113/best.pt,17,0.0002695091174362,0,0.5305750876943641,0.1837867710077874,0.3467883193325773,0.0,0.0,0.0,0.0,,,,,
runs_baseline_20260924/late_aug/seed_1113,1113,runs_baseline_20260924/late_aug/seed_1113/best.pt,18,0.0002644600536133,0,0.4593934828989974,0.1623308198335014,0.2970626636225486,0.0,0.0,0.0,0.0,,,,,
runs_baseline_20260924/late_aug/seed_1113,1113,runs_baseline_20260924/late_aug/seed_1113/best.pt,19,0.0002590865717684,0,0.4066456696976011,0.132937829105932,0.2737078406264849,0.0,0.0,0.0,0.0,,,,,
runs_baseline_20260924/late_aug/seed_1113,1113,runs_baseline_20260924/late_aug/seed_1113/best.pt,20,0.0002534061990826,0,0.3473662183942081,0.1140519200571786,0.2333142962828975,0.0,0.0,0.0,0.0,0.4920553824407946,0.7315505306862258,0.5158534983848969,0.7003868884345578,
runs_baseline_20260924/late_aug/seed_1113,1113,runs_baseline_20260924/late_aug/seed_1113/best.pt,21,0.0002474374637507,0,0.3570217259019335,0.1043296409335649,0.252692086952869,0.0,0.0,0.0,0.0,,,,,
runs_baseline_20260924/late_aug/seed_1113,1113,runs_baseline_20260924/late_aug/seed_1113/best.pt,22,0.000241199834547,0,0.3055877001068302,0.0866578391570354,0.2189298620987161,0.0,0.0,0.0,0.0,,,,,
runs_baseline_20260924/late_aug/seed_1113,1113,runs_baseline_20260924/late_aug/seed_1113/best.pt,23,0.0002347136573212,0,0.297090591810574,0.0840807358307816,0.2130098560146082,0.0,0.0,0.0,0.0,,,,,
runs_baseline_20260924/late_aug/seed_1113,1113,runs_baseline_20260924/late_aug/seed_1113/best.pt,24,0.0002280000886354,0,0.2743630036711693,0.0737297894937969,0.200633215082583,0.0,0.0,0.0,0.0,,,,,
runs_baseline_20260924/late_aug/seed_1113,1113,runs_baseline_20260924/late_aug/seed_1113/best.pt,25,0.0002210810267552,0,0.2382956494655564,0.0683477979118579,0.169947850265514,0.0,0.0,0.0,0.0,0.4881497657868661,0.7170175885905061,0.5151640185398625,0.688203078866706,
runs_baseline_20260924/late_aug/seed_1113,1113,runs_baseline_20260924/late_aug/seed_1113/best.pt,26,0.0002139790402223,0,0.2444395796160831,0.0631327654853045,0.1813068152448841,0.0,0.0,0.0,0.0,,,,,
runs_baseline_20260924/late_aug/seed_1113,1113,runs_baseline_20260924/late_aug/seed_1113/best.pt,27,0.0002067172942406,0,0.2164046785263257,0.058486682093032,0.1579179967814516,0.0,0.0,0.0,0.0,,,,,
runs_baseline_20260924/late_aug/seed_1113,1113,runs_baseline_20260924/late_aug/seed_1113/best.pt,28,0.0001993194751161,0,0.1884889293496854,0.0488744387838327,0.1396144910880895,0.0,0.0,0.0,0.0,,,,,
runs_baseline_20260924/late_aug/seed_1113,1113,runs_baseline_20260924/late_aug/seed_1113/best.pt,29,0.0001918097129971,0,0.1935818364547792,0.0474828146572146,0.1460990221805383,0.0,0.0,0.0,0.0,,,,,
runs_baseline_20260924/late_aug/seed_1113,1113,runs_baseline_20260924/late_aug/seed_1113/best.pt,30,0.0001842125031668,0,0.1589067737423928,0.0402134873634465,0.1186932859350448,0.0,0.0,0.0,0.0,0.4809003267984937,0.7363933364158006,0.5057247132251974,0.7008579486826241,
runs_baseline_20260924/late_aug/seed_1113,1113,runs_baseline_20260924/late_aug/seed_1113/best.pt,31,0.0001765526261446,0,0.3239729296520491,0.051482010684977,0.2724909201334013,0.0,0.0,0.0,0.0,,,,,
runs_baseline_20260924/late_aug/seed_1113,1113,runs_baseline_20260924/late_aug/seed_1113/best.pt,32,0.0001688550668571,0,0.3008429263936025,0.0443446163401425,0.2564983100882757,0.0,0.0,0.0,0.0,,,,,
runs_baseline_20260924/late_aug/seed_1113,1113,runs_baseline_20260924/late_aug/seed_1113/best.pt,33,0.0001611449331428,0,0.2564669390705144,0.0413587094049587,0.215108230814477,0.0,0.0,0.0,0.0,,,,,
runs_baseline_20260924/late_aug/seed_1113,1113,runs_baseline_20260924/late_aug/seed_1113/best.pt,34,0.0001534473738553,0,0.2375375308862356,0.0392458180453036,0.1982917141574043,0.0,0.0,0.0,0.0,,,,,
runs_baseline_20260924/late_aug/seed_1113,1113,runs_baseline_20260924/late_aug/seed_1113/best.pt,35,0.0001457874968331,0,0.2290430395541904,0.0370519958854278,0.1919910443998942,0.0,0.0,0.0,0.0,0.4893186019868892,0.7181465834966487,0.5329691063817519,0.6933239179880519,
runs_baseline_20260924/late_aug/seed_1113,1113,runs_baseline_20260924/late_aug/seed_1113/best.pt,36,0.0001381902870028,0,0.2360343472144314,0.0363037628861509,0.1997305841019777,0.0,0.0,0.0,0.0,,,,,
runs_baseline_20260924/late_aug/seed_1113,1113,runs_baseline_20260924/late_aug/seed_1113/best.pt,37,0.0001306805248838,0,0.2092101784579664,0.0314266293300925,0.1777835495978872,0.0,0.0,0.0,0.0,,,,,
runs_baseline_20260924/late_aug/seed_1113,1113,runs_baseline_20260924/late_aug/seed_1113/best.pt,38,0.0001232827057593,0,0.2092556488639283,0.0323533303600466,0.176902318965191,0.0,0.0,0.0,0.0,,,,,
runs_baseline_20260924/late_aug/seed_1113,1113,runs_baseline_20260924/late_aug/seed_1113/best.pt,39,0.0001160209597776,0,0.2087725170792263,0.0261644101658157,0.1826081071571212,0.0,0.0,0.0,0.0,,,,,
runs_baseline_20260924/late_aug/seed_1113,1113,runs_baseline_20260924/late_aug/seed_1113/best.pt,40,0.0001089189732447,0,0.1954557170447345,0.0268908478928921,0.168564868359783,0.0,0.0,0.0,0.0,0.4718202341218809,0.7235962935275972,0.4940770881939562,0.6940715943903222,
runs_baseline_20260924/late_aug/seed_1113,1113,runs_baseline_20260924/late_aug/seed_1113/best.pt,41,0.0001019999113645,0,0.1845338531882963,0.0242359969312342,0.1602978569011543,0.0,0.0,0.0,0.0,,,,,
runs_baseline_20260924/late_aug/seed_1113,1113,runs_baseline_20260924/late_aug/seed_1113/best.pt,42,9.528634267874014e-05,0,0.1759964470690656,0.0230470435415333,0.1529494030314071,0.0,0.0,0.0,0.0,,,,,
runs_baseline_20260924/late_aug/seed_1113,1113,runs_baseline_20260924/late_aug/seed_1113/best.pt,43,8.880016545298618e-05,0,0.1704099964803067,0.0218655922685131,0.1485444039941948,0.0,0.0,0.0,0.0,,,,,
runs_baseline_20260924/late_aug/seed_1113,1113,runs_baseline_20260924/late_aug/seed_1113/best.pt,44,8.256253624921588e-05,0,0.1668646888824823,0.022027070982225,0.1448376175956191,0.0,0.0,0.0,0.0,,,,,
runs_baseline_20260924/late_aug/seed_1113,1113,runs_baseline_20260924/late_aug/seed_1113/best.pt,45,7.659380091738652e-05,0,0.1577307486506266,0.0195294982779805,0.1382012502681986,0.0,0.0,0.0,0.0,0.4748961963762146,0.7216850211827235,0.4987538210693702,0.6928668001015507,
runs_baseline_20260924/late_aug/seed_1113,1113,runs_baseline_20260924/late_aug/seed_1113/best.pt,46,7.09134282315354e-05,0,0.1719101561215993,0.0199870387370759,0.1519231176021221,0.0,0.0,0.0,0.0,,,,,
runs_baseline_20260924/late_aug/seed_1113,1113,runs_baseline_20260924/late_aug/seed_1113/best.pt,47,6.553994638668531e-05,0,0.1584589485096458,0.0180509407682535,0.1404080082288133,0.0,0.0,0.0,0.0,,,,,
runs_baseline_20260924/late_aug/seed_1113,1113,runs_baseline_20260924/late_aug/seed_1113/best.pt,48,6.0490882563723857e-05,0,0.1380056915891783,0.018188913078613,0.1198167791851213,0.0,0.0,0.0,0.0,,,,,
runs_baseline_20260924/late_aug/seed_1113,1113,runs_baseline_20260924/late_aug/seed_1113/best.pt,49,5.578270575938213e-05,0,0.1413220624291451,0.0180130844813919,0.1233089774951478,0.0,0.0,0.0,0.0,,,,,
runs_baseline_20260924/late_aug/seed_1113,1113,runs_baseline_20260924/late_aug/seed_1113/best.pt,50,5.143077306779055e-05,0,0.1552164639198334,0.0167799505326792,0.1384365136830884,0.0,0.0,0.0,0.0,0.482647692007758,0.7209597445410612,0.5042404104635454,0.6868894127022301,
runs_baseline_20260924/late_aug/seed_1113,1113,runs_baseline_20260924/late_aug/seed_1113/best.pt,51,4.74492795888301e-05,0,0.1495822742929525,0.0164469348127457,0.1331353404550491,0.0,0.0,0.0,0.0,,,,,
runs_baseline_20260924/late_aug/seed_1113,1113,runs_baseline_20260924/late_aug/seed_1113/best.pt,52,4.385121212666661e-05,0,0.120999923271832,0.015312783916211,0.1056871400954567,0.0,0.0,0.0,0.0,,,,,
runs_baseline_20260924/late_aug/seed_1113,1113,runs_baseline_20260924/late_aug/seed_1113/best.pt,53,4.064830682949525e-05,0,0.1308467996036895,0.0155536052553313,0.1152931943918778,0.0,0.0,0.0,0.0,,,,,
runs_baseline_20260924/late_aug/seed_1113,1113,runs_baseline_20260924/late_aug/seed_1113/best.pt,54,3.785101090866418e-05,0,0.13383742259972,0.01462182741412,0.1192155951616641,0.0,0.0,0.0,0.0,,,,,
runs_baseline_20260924/late_aug/seed_1113,1113,runs_baseline_20260924/late_aug/seed_1113/best.pt,55,3.5468448562042856e-05,0,0.1284619609468451,0.0144357188761443,0.1140262423448752,0.0,0.0,0.0,0.0,0.4789015525984337,0.7232502086237698,0.5045422373597432,0.6905860156054316,
runs_baseline_20260924/late_aug/seed_1113,1113,runs_baseline_20260924/late_aug/seed_1113/best.pt,56,3.3508391212784984e-05,0,0.1314121537676481,0.0150283636029148,0.1163837900994537,0.0,0.0,0.0,0.0,,,,,
runs_baseline_20260924/late_aug/seed_1113,1113,runs_baseline_20260924/late_aug/seed_1113/best.pt,57,3.1977232160561435e-05,0,0.1310322430228518,0.0142216277439321,0.1168106153050315,0.0,0.0,0.0,0.0,,,,,
runs_baseline_20260924/late_aug/seed_1113,1113,runs_baseline_20260924/late_aug/seed_1113/best.pt,58,3.087996572794572e-05,0,0.1257169980938746,0.0139656952934809,0.1117513022411649,0.0,0.0,0.0,0.0,,,,,
runs_baseline_20260924/late_aug/seed_1113,1113,runs_baseline_20260924/late_aug/seed_1113/best.pt,59,3.022017096997169e-05,0,0.1251328606680732,0.0142512778777663,0.1108815831210568,0.0,0.0,0.0,0.0,,,,,
runs_baseline_20260924/late_aug/seed_1113,1113,runs_baseline_20260924/late_aug/seed_1113/best.pt,60,3e-05,0,0.1247368946184064,0.014333676203006,0.1104032182804892,0.0,0.0,0.0,0.0,0.4827409974679681,0.7203796071239034,0.5003214864416132,0.6869104877363758,
runs_baseline_20260924/late_clean/seed_1111,1111,runs_baseline_20260924/late_clean/seed_1111/best.pt,1,6e-05,0,1.4825213534809718,1.4825213534809718,0.0,0.0,0.0,0.0,0.0,,,,,
runs_baseline_20260924/late_clean/seed_1111,1111,runs_baseline_20260924/late_clean/seed_1111/best.pt,2,0.0001199999999999,0,1.351003590031205,1.351003590031205,0.0,0.0,0.0,0.0,0.0,,,,,
runs_baseline_20260924/late_clean/seed_1111,1111,runs_baseline_20260924/late_clean/seed_1111/best.pt,3,0.0001799999999999,0,1.2395274622418055,1.2395274622418055,0.0,0.0,0.0,0.0,0.0,,,,,
runs_baseline_20260924/late_clean/seed_1111,1111,runs_baseline_20260924/late_clean/seed_1111/best.pt,4,0.0002399999999999,0,1.1884967144404617,1.1884967144404617,0.0,0.0,0.0,0.0,0.0,,,,,
runs_baseline_20260924/late_clean/seed_1111,1111,runs_baseline_20260924/late_clean/seed_1111/best.pt,5,0.0003,0,1.1267029670911417,1.1267029670911417,0.0,0.0,0.0,0.0,0.0,,,,,
runs_baseline_20260924/late_clean/seed_1111,1111,runs_baseline_20260924/late_clean/seed_1111/best.pt,6,0.00029977982903,0,2.0839516726609704,1.042774555282058,1.041177107351963,0.0,0.0,0.0,0.0,,,,,
runs_baseline_20260924/late_clean/seed_1111,1111,runs_baseline_20260924/late_clean/seed_1111/best.pt,7,0.000299120034272,0,1.899173599537288,0.9489336693398306,0.9502399407814596,0.0,0.0,0.0,0.0,,,,,
runs_baseline_20260924/late_clean/seed_1111,1111,runs_baseline_20260924/late_clean/seed_1111/best.pt,8,0.0002980227678394,0,1.7124747171580237,0.8548831844998297,0.8575915293158772,0.0,0.0,0.0,0.0,,,,,
runs_baseline_20260924/late_clean/seed_1111,1111,runs_baseline_20260924/late_clean/seed_1111/best.pt,9,0.0002964916087872,0,1.499080076952961,0.746140634345117,0.7529394375943692,0.0,0.0,0.0,0.0,,,,,
runs_baseline_20260924/late_clean/seed_1111,1111,runs_baseline_20260924/late_clean/seed_1111/best.pt,10,0.0002945315514379,0,1.2775139209823074,0.6374510270412838,0.6400628958907083,0.0,0.0,0.0,0.0,0.5139657912934545,0.734939948909968,0.5434327826493975,0.7038458352684617,
runs_baseline_20260924/late_clean/seed_1111,1111,runs_baseline_20260924/late_clean/seed_1111/best.pt,11,0.0002921489890913,0,1.0627462000490349,0.530290573139057,0.5324556337338742,0.0,0.0,0.0,0.0,,,,,
runs_baseline_20260924/late_clean/seed_1111,1111,runs_baseline_20260924/late_clean/seed_1111/best.pt,12,0.0002893516931705,0,0.8890491373071047,0.4458211574041955,0.443227974610908,0.0,0.0,0.0,0.0,,,,,
runs_baseline_20260924/late_clean/seed_1111,1111,runs_baseline_20260924/late_clean/seed_1111/best.pt,13,0.0002861487878733,0,0.7096766640092725,0.3521734554076863,0.3575032060948487,0.0,0.0,0.0,0.0,,,,,
runs_baseline_20260924/late_clean/seed_1111,1111,runs_baseline_20260924/late_clean/seed_1111/best.pt,14,0.0002825507204111,0,0.5614026942264254,0.2821681910829844,0.2792345037527173,0.0,0.0,0.0,0.0,,,,,
runs_baseline_20260924/late_clean/seed_1111,1111,runs_baseline_20260924/late_clean/seed_1111/best.pt,15,0.0002785692269322,0,0.4602672362996039,0.2309003755032459,0.2293668585681469,0.0,0.0,0.0,0.0,0.5018518974101809,0.732769847326533,0.5265237645604725,0.7045851124195985,
runs_baseline_20260924/late_clean/seed_1111,1111,runs_baseline_20260924/late_clean/seed_1111/best.pt,16,0.0002742172942406,0,0.3572082587073896,0.1821545803588684,0.1750536768862577,0.0,0.0,0.0,0.0,,,,,
runs_baseline_20260924/late_clean/seed_1111,1111,runs_baseline_20260924/late_clean/seed_1111/best.pt,17,0.0002695091174362,0,0.2992987050979493,0.1504014324501296,0.1488972718818722,0.0,0.0,0.0,0.0,,,,,
runs_baseline_20260924/late_clean/seed_1111,1111,runs_baseline_20260924/late_clean/seed_1111/best.pt,18,0.0002644600536133,0,0.268631506467534,0.13246611993168,0.1361653881025648,0.0,0.0,0.0,0.0,,,,,
runs_baseline_20260924/late_clean/seed_1111,1111,runs_baseline_20260924/late_clean/seed_1111/best.pt,19,0.0002590865717684,0,0.2182493992672066,0.1076414481014291,0.110607952105804,0.0,0.0,0.0,0.0,,,,,
runs_baseline_20260924/late_clean/seed_1111,1111,runs_baseline_20260924/late_clean/seed_1111/best.pt,20,0.0002534061990826,0,0.188117335889941,0.0920616319037486,0.0960557036728502,0.0,0.0,0.0,0.0,0.4985286446910861,0.7447705369587191,0.5309413725965636,0.7142331805922907,
runs_baseline_20260924/late_clean/seed_1111,1111,runs_baseline_20260924/late_clean/seed_1111/best.pt,21,0.0002474374637507,0,0.1497269331294799,0.0751515371707555,0.0745753954016716,0.0,0.0,0.0,0.0,,,,,
runs_baseline_20260924/late_clean/seed_1111,1111,runs_baseline_20260924/late_clean/seed_1111/best.pt,22,0.000241199834547,0,0.1290168291497453,0.0664138985084039,0.0626029302583676,0.0,0.0,0.0,0.0,,,,,
runs_baseline_20260924/late_clean/seed_1111,1111,runs_baseline_20260924/late_clean/seed_1111/best.pt,23,0.0002347136573212,0,0.1107500361574587,0.0537173227172031,0.0570327137187819,0.0,0.0,0.0,0.0,,,,,
runs_baseline_20260924/late_clean/seed_1111,1111,runs_baseline_20260924/late_clean/seed_1111/best.pt,24,0.0002280000886354,0,0.1029747230845077,0.0514249109802332,0.0515498121347382,0.0,0.0,0.0,0.0,,,,,
runs_baseline_20260924/late_clean/seed_1111,1111,runs_baseline_20260924/late_clean/seed_1111/best.pt,25,0.0002210810267552,0,0.083109181095785,0.0425920870816596,0.0405170942230202,0.0,0.0,0.0,0.0,0.4987358580221687,0.7300676480451115,0.5238481491908774,0.7002399416229749,
runs_baseline_20260924/late_clean/seed_1111,1111,runs_baseline_20260924/late_clean/seed_1111/best.pt,26,0.0002139790402223,0,0.0726357047211065,0.0366913092400983,0.0359443953939687,0.0,0.0,0.0,0.0,,,,,
runs_baseline_20260924/late_clean/seed_1111,1111,runs_baseline_20260924/late_clean/seed_1111/best.pt,27,0.0002067172942406,0,0.0671023543680382,0.0329827707191215,0.0341195835270614,0.0,0.0,0.0,0.0,,,,,
runs_baseline_20260924/late_clean/seed_1111,1111,runs_baseline_20260924/late_clean/seed_1111/best.pt,28,0.0001993194751161,0,0.0594884563655218,0.028647964254509,0.030840492398243,0.0,0.0,0.0,0.0,,,,,
runs_baseline_20260924/late_clean/seed_1111,1111,runs_baseline_20260924/late_clean/seed_1111/best.pt,29,0.0001918097129971,0,0.0615647620060176,0.0303008461514679,0.0312639158741336,0.0,0.0,0.0,0.0,,,,,
runs_baseline_20260924/late_clean/seed_1111,1111,runs_baseline_20260924/late_clean/seed_1111/best.pt,30,0.0001842125031668,0,0.0513311552632356,0.0262458486064711,0.0250853065436131,0.0,0.0,0.0,0.0,0.5050968873965203,0.7199115558664161,0.5346343380886639,0.689432515871166,
runs_baseline_20260924/late_clean/seed_1111,1111,runs_baseline_20260924/late_clean/seed_1111/best.pt,31,0.0001765526261446,0,0.0477410257907114,0.0242050539736992,0.0235359718605318,0.0,0.0,0.0,0.0,,,,,
runs_baseline_20260924/late_clean/seed_1111,1111,runs_baseline_20260924/late_clean/seed_1111/best.pt,32,0.0001688550668571,0,0.043366767674963,0.0218914526680084,0.0214753148763954,0.0,0.0,0.0,0.0,,,,,
runs_baseline_20260924/late_clean/seed_1111,1111,runs_baseline_20260924/late_clean/seed_1111/best.pt,33,0.0001611449331428,0,0.034701646749522,0.0166336904741196,0.0180679562928102,0.0,0.0,0.0,0.0,,,,,
runs_baseline_20260924/late_clean/seed_1111,1111,runs_baseline_20260924/late_clean/seed_1111/best.pt,34,0.0001534473738553,0,0.0335796198363755,0.0171812127701172,0.0163984072229294,0.0,0.0,0.0,0.0,,,,,
runs_baseline_20260924/late_clean/seed_1111,1111,runs_baseline_20260924/late_clean/seed_1111/best.pt,35,0.0001457874968331,0,0.0351516572392989,0.0180209752707524,0.0171306819576665,0.0,0.0,0.0,0.0,0.5086418222637591,0.7271506255968503,0.5378124868306137,0.69579358088143,
runs_baseline_20260924/late_clean/seed_1111,1111,runs_baseline_20260924/late_clean/seed_1111/best.pt,36,0.0001381902870028,0,0.0310599846747991,0.0157111479039086,0.0153488368057062,0.0,0.0,0.0,0.0,,,,,
runs_baseline_20260924/late_clean/seed_1111,1111,runs_baseline_20260924/late_clean/seed_1111/best.pt,37,0.0001306805248838,0,0.0287350833276721,0.0144697979928177,0.0142652853435584,0.0,0.0,0.0,0.0,,,,,
runs_baseline_20260924/late_clean/seed_1111,1111,runs_baseline_20260924/late_clean/seed_1111/best.pt,38,0.0001232827057593,0,0.0267116685711265,0.0133516169370752,0.0133600515622436,0.0,0.0,0.0,0.0,,,,,
runs_baseline_20260924/late_clean/seed_1111,1111,runs_baseline_20260924/late_clean/seed_1111/best.pt,39,0.0001160209597776,0,0.0236302164566015,0.011828891123497,0.0118013253200485,0.0,0.0,0.0,0.0,,,,,
runs_baseline_20260924/late_clean/seed_1111,1111,runs_baseline_20260924/late_clean/seed_1111/best.pt,40,0.0001089189732447,0,0.0252822774384066,0.0127222599009069,0.0125600175940753,0.0,0.0,0.0,0.0,0.5081813206203564,0.7194567900197478,0.5386881750318927,0.686207914329006,
runs_baseline_20260924/late_clean/seed_1111,1111,runs_baseline_20260924/late_clean/seed_1111/best.pt,41,0.0001019999113645,0,0.0213629139552467,0.0106810038173832,0.010681910035592,0.0,0.0,0.0,0.0,,,,,
runs_baseline_20260924/late_clean/seed_1111,1111,runs_baseline_20260924/late_clean/seed_1111/best.pt,42,9.528634267874014e-05,0,0.0216448313391236,0.011362215023157,0.010282616405182,0.0,0.0,0.0,0.0,,,,,
runs_baseline_20260924/late_clean/seed_1111,1111,runs_baseline_20260924/late_clean/seed_1111/best.pt,43,8.880016545298618e-05,0,0.0186108882478046,0.0091462770159243,0.0094646112035925,0.0,0.0,0.0,0.0,,,,,
runs_baseline_20260924/late_clean/seed_1111,1111,runs_baseline_20260924/late_clean/seed_1111/best.pt,44,8.256253624921588e-05,0,0.0179355975292692,0.0089008219357336,0.0090347755717757,0.0,0.0,0.0,0.0,,,,,
runs_baseline_20260924/late_clean/seed_1111,1111,runs_baseline_20260924/late_clean/seed_1111/best.pt,45,7.659380091738652e-05,0,0.0168104170186218,0.0085126935791607,0.0082977234742769,0.0,0.0,0.0,0.0,0.508463317364849,0.7152669682766364,0.5356495315451703,0.6829623568702008,
runs_baseline_20260924/late_clean/seed_1111,1111,runs_baseline_20260924/late_clean/seed_1111/best.pt,46,7.09134282315354e-05,0,0.0157813339572504,0.0077792851419719,0.0080020487913426,0.0,0.0,0.0,0.0,,,,,
runs_baseline_20260924/late_clean/seed_1111,1111,runs_baseline_20260924/late_clean/seed_1111/best.pt,47,6.553994638668531e-05,0,0.0157955762991142,0.0077125026461468,0.0080830736856072,0.0,0.0,0.0,0.0,,,,,
runs_baseline_20260924/late_clean/seed_1111,1111,runs_baseline_20260924/late_clean/seed_1111/best.pt,48,6.0490882563723857e-05,0,0.0149735503212035,0.0074610959838588,0.0075124543612805,0.0,0.0,0.0,0.0,,,,,
runs_baseline_20260924/late_clean/seed_1111,1111,runs_baseline_20260924/late_clean/seed_1111/best.pt,49,5.578270575938213e-05,0,0.014774480538669,0.0074137853127773,0.00736069516714,0.0,0.0,0.0,0.0,,,,,
runs_baseline_20260924/late_clean/seed_1111,1111,runs_baseline_20260924/late_clean/seed_1111/best.pt,50,5.143077306779055e-05,0,0.0137141799188662,0.0068730495915809,0.0068411303936529,0.0,0.0,0.0,0.0,0.5086354382593564,0.7168752886930138,0.5361096354487872,0.684214226065036,
runs_baseline_20260924/late_clean/seed_1111,1111,runs_baseline_20260924/late_clean/seed_1111/best.pt,51,4.74492795888301e-05,0,0.0138710733529215,0.0067363649445681,0.0071347084464331,0.0,0.0,0.0,0.0,,,,,
runs_baseline_20260924/late_clean/seed_1111,1111,runs_baseline_20260924/late_clean/seed_1111/best.pt,52,4.385121212666661e-05,0,0.0133591199285028,0.0065675698412216,0.006791550115569,0.0,0.0,0.0,0.0,,,,,
runs_baseline_20260924/late_clean/seed_1111,1111,runs_baseline_20260924/late_clean/seed_1111/best.pt,53,4.064830682949525e-05,0,0.0123043909547067,0.0060219497911666,0.0062824411319882,0.0,0.0,0.0,0.0,,,,,
runs_baseline_20260924/late_clean/seed_1111,1111,runs_baseline_20260924/late_clean/seed_1111/best.pt,54,3.785101090866418e-05,0,0.0122576164229659,0.0061073054703143,0.0061503109635315,0.0,0.0,0.0,0.0,,,,,
runs_baseline_20260924/late_clean/seed_1111,1111,runs_baseline_20260924/late_clean/seed_1111/best.pt,55,3.5468448562042856e-05,0,0.0124036946168569,0.0061181588272485,0.0062855358026643,0.0,0.0,0.0,0.0,0.5084300421115072,0.7189976420514731,0.5352774927188572,0.6854682081730161,
runs_baseline_20260924/late_clean/seed_1111,1111,runs_baseline_20260924/late_clean/seed_1111/best.pt,56,3.3508391212784984e-05,0,0.0119457841267652,0.0060246246388164,0.0059211593954693,0.0,0.0,0.0,0.0,,,,,
runs_baseline_20260924/late_clean/seed_1111,1111,runs_baseline_20260924/late_clean/seed_1111/best.pt,57,3.1977232160561435e-05,0,0.0119848087795566,0.0059961725078592,0.0059886362597294,0.0,0.0,0.0,0.0,,,,,
runs_baseline_20260924/late_clean/seed_1111,1111,runs_baseline_20260924/late_clean/seed_1111/best.pt,58,3.087996572794572e-05,0,0.0118138241172533,0.0059170166822585,0.0058968074480506,0.0,0.0,0.0,0.0,,,,,
runs_baseline_20260924/late_clean/seed_1111,1111,runs_baseline_20260924/late_clean/seed_1111/best.pt,59,3.022017096997169e-05,0,0.0113424418546329,0.0055972531635888,0.005745188689956,0.0,0.0,0.0,0.0,,,,,
runs_baseline_20260924/late_clean/seed_1111,1111,runs_baseline_20260924/late_clean/seed_1111/best.pt,60,3e-05,0,0.011101259937005,0.0055194286516406,0.0055818313245322,0.0,0.0,0.0,0.0,0.5097732160795666,0.7207091332084985,0.5397774672924798,0.6875276525458832,
runs_baseline_20260924/late_clean/seed_1112,1112,runs_baseline_20260924/late_clean/seed_1112/best.pt,1,6e-05,0,1.4863528314037855,1.4863528314037855,0.0,0.0,0.0,0.0,0.0,,,,,
runs_baseline_20260924/late_clean/seed_1112,1112,runs_baseline_20260924/late_clean/seed_1112/best.pt,2,0.0001199999999999,0,1.31081316905601,1.31081316905601,0.0,0.0,0.0,0.0,0.0,,,,,
runs_baseline_20260924/late_clean/seed_1112,1112,runs_baseline_20260924/late_clean/seed_1112/best.pt,3,0.0001799999999999,0,1.2342832116323097,1.2342832116323097,0.0,0.0,0.0,0.0,0.0,,,,,
runs_baseline_20260924/late_clean/seed_1112,1112,runs_baseline_20260924/late_clean/seed_1112/best.pt,4,0.0002399999999999,0,1.1658296540518789,1.1658296540518789,0.0,0.0,0.0,0.0,0.0,,,,,
runs_baseline_20260924/late_clean/seed_1112,1112,runs_baseline_20260924/late_clean/seed_1112/best.pt,5,0.0003,0,1.1118843931461049,1.1118843931461049,0.0,0.0,0.0,0.0,0.0,,,,,
runs_baseline_20260924/late_clean/seed_1112,1112,runs_baseline_20260924/late_clean/seed_1112/best.pt,6,0.00029977982903,0,2.081440391941605,1.0407611516034492,1.0406792414522616,0.0,0.0,0.0,0.0,,,,,
runs_baseline_20260924/late_clean/seed_1112,1112,runs_baseline_20260924/late_clean/seed_1112/best.pt,7,0.000299120034272,0,1.945211108599868,0.9744622584815338,0.9707488506753869,0.0,0.0,0.0,0.0,,,,,
runs_baseline_20260924/late_clean/seed_1112,1112,runs_baseline_20260924/late_clean/seed_1112/best.pt,8,0.0002980227678394,0,1.7181118180818646,0.8592478192855264,0.8588639946184425,0.0,0.0,0.0,0.0,,,,,
runs_baseline_20260924/late_clean/seed_1112,1112,runs_baseline_20260924/late_clean/seed_1112/best.pt,9,0.0002964916087872,0,1.531570290293649,0.7645817995071411,0.7669884888368232,0.0,0.0,0.0,0.0,,,,,
runs_baseline_20260924/late_clean/seed_1112,1112,runs_baseline_20260924/late_clean/seed_1112/best.pt,10,0.0002945315514379,0,1.3068265118331552,0.6503144731031401,0.6565120321846454,0.0,0.0,0.0,0.0,0.4850135709312994,0.7557559171100243,0.4973326597822454,0.7308699769347875,
runs_baseline_20260924/late_clean/seed_1112,1112,runs_baseline_20260924/late_clean/seed_1112/best.pt,11,0.0002921489890913,0,1.146779170660215,0.5759722373195898,0.5708069288842031,0.0,0.0,0.0,0.0,,,,,
runs_baseline_20260924/late_clean/seed_1112,1112,runs_baseline_20260924/late_clean/seed_1112/best.pt,12,0.0002893516931705,0,0.9272417899604156,0.462215835803023,0.465025950815076,0.0,0.0,0.0,0.0,,,,,
runs_baseline_20260924/late_clean/seed_1112,1112,runs_baseline_20260924/late_clean/seed_1112/best.pt,13,0.0002861487878733,0,0.758847925986085,0.3777165489497586,0.3811313770363264,0.0,0.0,0.0,0.0,,,,,
runs_baseline_20260924/late_clean/seed_1112,1112,runs_baseline_20260924/late_clean/seed_1112/best.pt,14,0.0002825507204111,0,0.6080354209815231,0.3045644833941326,0.3034709338272843,0.0,0.0,0.0,0.0,,,,,
runs_baseline_20260924/late_clean/seed_1112,1112,runs_baseline_20260924/late_clean/seed_1112/best.pt,15,0.0002785692269322,0,0.4689396225681929,0.2369629839243733,0.2319766411157412,0.0,0.0,0.0,0.0,0.4980140348557403,0.7439714772596885,0.5266543181183254,0.7079814461102725,
runs_baseline_20260924/late_clean/seed_1112,1112,runs_baseline_20260924/late_clean/seed_1112/best.pt,16,0.0002742172942406,0,0.3880718907463216,0.1941686480123306,0.1939032413413591,0.0,0.0,0.0,0.0,,,,,
runs_baseline_20260924/late_clean/seed_1112,1112,runs_baseline_20260924/late_clean/seed_1112/best.pt,17,0.0002695091174362,0,0.3132485847606837,0.1575861940177801,0.1556623911606931,0.0,0.0,0.0,0.0,,,,,
runs_baseline_20260924/late_clean/seed_1112,1112,runs_baseline_20260924/late_clean/seed_1112/best.pt,18,0.0002644600536133,0,0.2567419178574999,0.1265029442783828,0.1302389737183802,0.0,0.0,0.0,0.0,,,,,
runs_baseline_20260924/late_clean/seed_1112,1112,runs_baseline_20260924/late_clean/seed_1112/best.pt,19,0.0002590865717684,0,0.2070892969860094,0.1044693348981509,0.1026199616004373,0.0,0.0,0.0,0.0,,,,,
runs_baseline_20260924/late_clean/seed_1112,1112,runs_baseline_20260924/late_clean/seed_1112/best.pt,20,0.0002534061990826,0,0.1804829613070621,0.0900926934642212,0.0903902680865515,0.0,0.0,0.0,0.0,0.4916502639645645,0.7313374209814631,0.5193910964252634,0.6993218631660156,
runs_baseline_20260924/late_clean/seed_1112,1112,runs_baseline_20260924/late_clean/seed_1112/best.pt,21,0.0002474374637507,0,0.1648320675105135,0.0806724875033876,0.0841595791802506,0.0,0.0,0.0,0.0,,,,,
runs_baseline_20260924/late_clean/seed_1112,1112,runs_baseline_20260924/late_clean/seed_1112/best.pt,22,0.000241199834547,0,0.1325700826525131,0.0674914991805138,0.0650785834328315,0.0,0.0,0.0,0.0,,,,,
runs_baseline_20260924/late_clean/seed_1112,1112,runs_baseline_20260924/late_clean/seed_1112/best.pt,23,0.0002347136573212,0,0.1193889163991558,0.0610685974846933,0.0583203185140808,0.0,0.0,0.0,0.0,,,,,
runs_baseline_20260924/late_clean/seed_1112,1112,runs_baseline_20260924/late_clean/seed_1112/best.pt,24,0.0002280000886354,0,0.1056626926863862,0.0511938476952436,0.0544688448344714,0.0,0.0,0.0,0.0,,,,,
runs_baseline_20260924/late_clean/seed_1112,1112,runs_baseline_20260924/late_clean/seed_1112/best.pt,25,0.0002210810267552,0,0.0862291711948324,0.0433270660638112,0.0429021052702843,0.0,0.0,0.0,0.0,0.4961196384973117,0.7252690121975862,0.5271931917601209,0.6818391960721903,
runs_baseline_20260924/late_clean/seed_1112,1112,runs_baseline_20260924/late_clean/seed_1112/best.pt,26,0.0002139790402223,0,0.0774012418968655,0.0394319016660485,0.0379693401677133,0.0,0.0,0.0,0.0,,,,,
runs_baseline_20260924/late_clean/seed_1112,1112,runs_baseline_20260924/late_clean/seed_1112/best.pt,27,0.0002067172942406,0,0.0701346983001611,0.0357908649700824,0.0343438332778549,0.0,0.0,0.0,0.0,,,,,
runs_baseline_20260924/late_clean/seed_1112,1112,runs_baseline_20260924/late_clean/seed_1112/best.pt,28,0.0001993194751161,0,0.0637744069795742,0.0329342920019804,0.0308401148949062,0.0,0.0,0.0,0.0,,,,,
runs_baseline_20260924/late_clean/seed_1112,1112,runs_baseline_20260924/late_clean/seed_1112/best.pt,29,0.0001918097129971,0,0.0541565685280572,0.027562135917561,0.0265944326104961,0.0,0.0,0.0,0.0,,,,,
runs_baseline_20260924/late_clean/seed_1112,1112,runs_baseline_20260924/late_clean/seed_1112/best.pt,30,0.0001842125031668,0,0.0554065039886213,0.0266253235597581,0.0287811804179833,0.0,0.0,0.0,0.0,0.5011918611112416,0.7222508041497496,0.5292165235551497,0.6799311763451852,
runs_baseline_20260924/late_clean/seed_1112,1112,runs_baseline_20260924/late_clean/seed_1112/best.pt,31,0.0001765526261446,0,0.0480919397288115,0.0243978364584601,0.0236941033878546,0.0,0.0,0.0,0.0,,,,,
runs_baseline_20260924/late_clean/seed_1112,1112,runs_baseline_20260924/late_clean/seed_1112/best.pt,32,0.0001688550668571,0,0.0466582469607346,0.0228784917179216,0.0237797553668442,0.0,0.0,0.0,0.0,,,,,
runs_baseline_20260924/late_clean/seed_1112,1112,runs_baseline_20260924/late_clean/seed_1112/best.pt,33,0.0001611449331428,0,0.0374893765792111,0.0190924650893729,0.0183969114289105,0.0,0.0,0.0,0.0,,,,,
runs_baseline_20260924/late_clean/seed_1112,1112,runs_baseline_20260924/late_clean/seed_1112/best.pt,34,0.0001534473738553,0,0.0361464394291288,0.0178865777398242,0.0182598615413374,0.0,0.0,0.0,0.0,,,,,
runs_baseline_20260924/late_clean/seed_1112,1112,runs_baseline_20260924/late_clean/seed_1112/best.pt,35,0.0001457874968331,0,0.0328695498511334,0.0162538803295693,0.0166156695128601,0.0,0.0,0.0,0.0,0.4978999006090836,0.7286412442211372,0.5203244616418269,0.6873639610386197,
runs_baseline_20260924/late_clean/seed_1112,1112,runs_baseline_20260924/late_clean/seed_1112/best.pt,36,0.0001381902870028,0,0.0312746756962526,0.0156527638444067,0.0156219117648063,0.0,0.0,0.0,0.0,,,,,
runs_baseline_20260924/late_clean/seed_1112,1112,runs_baseline_20260924/late_clean/seed_1112/best.pt,37,0.0001306805248838,0,0.0280109429296767,0.0136289485582263,0.0143819943475145,0.0,0.0,0.0,0.0,,,,,
runs_baseline_20260924/late_clean/seed_1112,1112,runs_baseline_20260924/late_clean/seed_1112/best.pt,38,0.0001232827057593,0,0.0303900923196957,0.0149715430544967,0.015418549246703,0.0,0.0,0.0,0.0,,,,,
runs_baseline_20260924/late_clean/seed_1112,1112,runs_baseline_20260924/late_clean/seed_1112/best.pt,39,0.0001160209597776,0,0.0256763469932653,0.0131515015099441,0.0125248454920251,0.0,0.0,0.0,0.0,,,,,
runs_baseline_20260924/late_clean/seed_1112,1112,runs_baseline_20260924/late_clean/seed_1112/best.pt,40,0.0001089189732447,0,0.0227816829666773,0.0117669704187417,0.0110147124870079,0.0,0.0,0.0,0.0,0.4996245301523132,0.7284649996348472,0.518838809939878,0.6864984046250766,
runs_baseline_20260924/late_clean/seed_1112,1112,runs_baseline_20260924/late_clean/seed_1112/best.pt,41,0.0001019999113645,0,0.0225029347864823,0.0109559718876311,0.0115469629858907,0.0,0.0,0.0,0.0,,,,,
runs_baseline_20260924/late_clean/seed_1112,1112,runs_baseline_20260924/late_clean/seed_1112/best.pt,42,9.528634267874014e-05,0,0.0195018561974724,0.0098756101813654,0.0096262460509228,0.0,0.0,0.0,0.0,,,,,
runs_baseline_20260924/late_clean/seed_1112,1112,runs_baseline_20260924/late_clean/seed_1112/best.pt,43,8.880016545298618e-05,0,0.0208852612805143,0.0107826283092775,0.0101026329560048,0.0,0.0,0.0,0.0,,,,,
runs_baseline_20260924/late_clean/seed_1112,1112,runs_baseline_20260924/late_clean/seed_1112/best.pt,44,8.256253624921588e-05,0,0.0190905330476359,0.0095174068554574,0.009573126111667,0.0,0.0,0.0,0.0,,,,,
runs_baseline_20260924/late_clean/seed_1112,1112,runs_baseline_20260924/late_clean/seed_1112/best.pt,45,7.659380091738652e-05,0,0.0185483406759171,0.0097537731629944,0.0087945675803783,0.0,0.0,0.0,0.0,0.4965586287790551,0.726293776395883,0.5215672285121035,0.6838962084971622,
runs_baseline_20260924/late_clean/seed_1112,1112,runs_baseline_20260924/late_clean/seed_1112/best.pt,46,7.09134282315354e-05,0,0.0165385232246089,0.0082988982724252,0.0082396249565356,0.0,0.0,0.0,0.0,,,,,
runs_baseline_20260924/late_clean/seed_1112,1112,runs_baseline_20260924/late_clean/seed_1112/best.pt,47,6.553994638668531e-05,0,0.0155348918078658,0.0076921344647688,0.0078427572995772,0.0,0.0,0.0,0.0,,,,,
runs_baseline_20260924/late_clean/seed_1112,1112,runs_baseline_20260924/late_clean/seed_1112/best.pt,48,6.0490882563723857e-05,0,0.0153302857869905,0.0076771281381076,0.0076531576967545,0.0,0.0,0.0,0.0,,,,,
runs_baseline_20260924/late_clean/seed_1112,1112,runs_baseline_20260924/late_clean/seed_1112/best.pt,49,5.578270575938213e-05,0,0.0147199320441512,0.0072236035310741,0.007496328521781,0.0,0.0,0.0,0.0,,,,,
runs_baseline_20260924/late_clean/seed_1112,1112,runs_baseline_20260924/late_clean/seed_1112/best.pt,50,5.143077306779055e-05,0,0.0143452969501578,0.0071106194061549,0.0072346775744667,0.0,0.0,0.0,0.0,0.4970397459901126,0.7290810728341373,0.5236672559120757,0.6878605308370974,
runs_baseline_20260924/late_clean/seed_1112,1112,runs_baseline_20260924/late_clean/seed_1112/best.pt,51,4.74492795888301e-05,0,0.0138459884753085,0.0068473922780706,0.0069985960993184,0.0,0.0,0.0,0.0,,,,,
runs_baseline_20260924/late_clean/seed_1112,1112,runs_baseline_20260924/late_clean/seed_1112/best.pt,52,4.385121212666661e-05,0,0.013396059450145,0.0068891586574821,0.0065069008296547,0.0,0.0,0.0,0.0,,,,,
runs_baseline_20260924/late_clean/seed_1112,1112,runs_baseline_20260924/late_clean/seed_1112/best.pt,53,4.064830682949525e-05,0,0.0131161668703447,0.0066218539815674,0.0064943128713693,0.0,0.0,0.0,0.0,,,,,
runs_baseline_20260924/late_clean/seed_1112,1112,runs_baseline_20260924/late_clean/seed_1112/best.pt,54,3.785101090866418e-05,0,0.01277184547752,0.0062227771703423,0.0065490682870497,0.0,0.0,0.0,0.0,,,,,
runs_baseline_20260924/late_clean/seed_1112,1112,runs_baseline_20260924/late_clean/seed_1112/best.pt,55,3.5468448562042856e-05,0,0.0127187740747494,0.0063167583065708,0.0064020158095224,0.0,0.0,0.0,0.0,0.5002735744251403,0.7262715517258557,0.5254680349933487,0.6849736535087276,
runs_baseline_20260924/late_clean/seed_1112,1112,runs_baseline_20260924/late_clean/seed_1112/best.pt,56,3.3508391212784984e-05,0,0.012444332067933,0.0063922907721912,0.0060520413566694,0.0,0.0,0.0,0.0,,,,,
runs_baseline_20260924/late_clean/seed_1112,1112,runs_baseline_20260924/late_clean/seed_1112/best.pt,57,3.1977232160561435e-05,0,0.0121574897110183,0.0059935949609786,0.0061638947841754,0.0,0.0,0.0,0.0,,,,,
runs_baseline_20260924/late_clean/seed_1112,1112,runs_baseline_20260924/late_clean/seed_1112/best.pt,58,3.087996572794572e-05,0,0.0112879947089006,0.0053716249193856,0.005916369776459,0.0,0.0,0.0,0.0,,,,,
runs_baseline_20260924/late_clean/seed_1112,1112,runs_baseline_20260924/late_clean/seed_1112/best.pt,59,3.022017096997169e-05,0,0.0119877296497731,0.005749859048541,0.0062378705925282,0.0,0.0,0.0,0.0,,,,,
runs_baseline_20260924/late_clean/seed_1112,1112,runs_baseline_20260924/late_clean/seed_1112/best.pt,60,3e-05,0,0.0115889713916683,0.0059076590301952,0.0056813123514092,0.0,0.0,0.0,0.0,0.4972861999608664,0.7227248104434636,0.5235296661424657,0.680661858374171,
runs_baseline_20260924/late_clean/seed_1113,1113,runs_baseline_20260924/late_clean/seed_1113/best.pt,1,6e-05,0,1.4763395407489528,1.4763395407489528,0.0,0.0,0.0,0.0,0.0,,,,,
runs_baseline_20260924/late_clean/seed_1113,1113,runs_baseline_20260924/late_clean/seed_1113/best.pt,2,0.0001199999999999,0,1.3371593283715648,1.3371593283715648,0.0,0.0,0.0,0.0,0.0,,,,,
runs_baseline_20260924/late_clean/seed_1113,1113,runs_baseline_20260924/late_clean/seed_1113/best.pt,3,0.0001799999999999,0,1.2268007893428623,1.2268007893428623,0.0,0.0,0.0,0.0,0.0,,,,,
runs_baseline_20260924/late_clean/seed_1113,1113,runs_baseline_20260924/late_clean/seed_1113/best.pt,4,0.0002399999999999,0,1.1822900833370529,1.1822900833370529,0.0,0.0,0.0,0.0,0.0,,,,,
runs_baseline_20260924/late_clean/seed_1113,1113,runs_baseline_20260924/late_clean/seed_1113/best.pt,5,0.0003,0,1.1344121187646812,1.1344121187646812,0.0,0.0,0.0,0.0,0.0,,,,,
runs_baseline_20260924/late_clean/seed_1113,1113,runs_baseline_20260924/late_clean/seed_1113/best.pt,6,0.00029977982903,0,2.133601971875841,1.067264278358388,1.066337698530928,0.0,0.0,0.0,0.0,,,,,
runs_baseline_20260924/late_clean/seed_1113,1113,runs_baseline_20260924/late_clean/seed_1113/best.pt,7,0.000299120034272,0,1.9469032343302928,0.9744977839639254,0.9724054470240512,0.0,0.0,0.0,0.0,,,,,
runs_baseline_20260924/late_clean/seed_1113,1113,runs_baseline_20260924/late_clean/seed_1113/best.pt,8,0.0002980227678394,0,1.803956732571682,0.900535671510429,0.9034210610612532,0.0,0.0,0.0,0.0,,,,,
runs_baseline_20260924/late_clean/seed_1113,1113,runs_baseline_20260924/late_clean/seed_1113/best.pt,9,0.0002964916087872,0,1.598004338897277,0.798495703489981,0.7995086365214018,0.0,0.0,0.0,0.0,,,,,
runs_baseline_20260924/late_clean/seed_1113,1113,runs_baseline_20260924/late_clean/seed_1113/best.pt,10,0.0002945315514379,0,1.4096601165343667,0.7075831597653505,0.7020769511984888,0.0,0.0,0.0,0.0,0.4970059729483927,0.7223475963154279,0.5129108209598979,0.6917047048864533,
runs_baseline_20260924/late_clean/seed_1113,1113,runs_baseline_20260924/late_clean/seed_1113/best.pt,11,0.0002921489890913,0,1.164425857713289,0.5856809571524647,0.5787448966614553,0.0,0.0,0.0,0.0,,,,,
runs_baseline_20260924/late_clean/seed_1113,1113,runs_baseline_20260924/late_clean/seed_1113/best.pt,12,0.0002893516931705,0,0.9659504442014428,0.4819446128105449,0.4840058341761615,0.0,0.0,0.0,0.0,,,,,
runs_baseline_20260924/late_clean/seed_1113,1113,runs_baseline_20260924/late_clean/seed_1113/best.pt,13,0.0002861487878733,0,0.8091187616375005,0.4058629032050337,0.403255859407309,0.0,0.0,0.0,0.0,,,,,
runs_baseline_20260924/late_clean/seed_1113,1113,runs_baseline_20260924/late_clean/seed_1113/best.pt,14,0.0002825507204111,0,0.6006616270430735,0.3022551239929467,0.2984065031893899,0.0,0.0,0.0,0.0,,,,,
runs_baseline_20260924/late_clean/seed_1113,1113,runs_baseline_20260924/late_clean/seed_1113/best.pt,15,0.0002785692269322,0,0.4681581169645363,0.2325764946012853,0.2355816243129355,0.0,0.0,0.0,0.0,0.4852667961078012,0.715425461867696,0.5044828673752276,0.6840858521465414,
runs_baseline_20260924/late_clean/seed_1113,1113,runs_baseline_20260924/late_clean/seed_1113/best.pt,16,0.0002742172942406,0,0.4055963102902207,0.2025036216478481,0.2030926878067934,0.0,0.0,0.0,0.0,,,,,
runs_baseline_20260924/late_clean/seed_1113,1113,runs_baseline_20260924/late_clean/seed_1113/best.pt,17,0.0002695091174362,0,0.348042746709886,0.1752354213010485,0.1728073258962586,0.0,0.0,0.0,0.0,,,,,
runs_baseline_20260924/late_clean/seed_1113,1113,runs_baseline_20260924/late_clean/seed_1113/best.pt,18,0.0002644600536133,0,0.2491677524608986,0.1206239701779646,0.128543782108855,0.0,0.0,0.0,0.0,,,,,
runs_baseline_20260924/late_clean/seed_1113,1113,runs_baseline_20260924/late_clean/seed_1113/best.pt,19,0.0002590865717684,0,0.2277844217475329,0.1140955865870569,0.113688835334555,0.0,0.0,0.0,0.0,,,,,
runs_baseline_20260924/late_clean/seed_1113,1113,runs_baseline_20260924/late_clean/seed_1113/best.pt,20,0.0002534061990826,0,0.1876037180005947,0.0943052930252574,0.093298425706469,0.0,0.0,0.0,0.0,0.4931922298827993,0.7401601856306245,0.5083571014138126,0.70841541232325,
runs_baseline_20260924/late_clean/seed_1113,1113,runs_baseline_20260924/late_clean/seed_1113/best.pt,21,0.0002474374637507,0,0.1505579513227828,0.0736123344155951,0.0769456173075693,0.0,0.0,0.0,0.0,,,,,
runs_baseline_20260924/late_clean/seed_1113,1113,runs_baseline_20260924/late_clean/seed_1113/best.pt,22,0.000241199834547,0,0.1269359656862009,0.0625108429970585,0.0644251232287872,0.0,0.0,0.0,0.0,,,,,
runs_baseline_20260924/late_clean/seed_1113,1113,runs_baseline_20260924/late_clean/seed_1113/best.pt,23,0.0002347136573212,0,0.1199989585188504,0.0587067417800426,0.0612922163210182,0.0,0.0,0.0,0.0,,,,,
runs_baseline_20260924/late_clean/seed_1113,1113,runs_baseline_20260924/late_clean/seed_1113/best.pt,24,0.0002280000886354,0,0.1141125484952859,0.0589874966296358,0.0551250519875054,0.0,0.0,0.0,0.0,,,,,
runs_baseline_20260924/late_clean/seed_1113,1113,runs_baseline_20260924/late_clean/seed_1113/best.pt,25,0.0002210810267552,0,0.0868450300506899,0.0431957401718213,0.0436492902444344,0.0,0.0,0.0,0.0,0.4911092329869831,0.7164901291777398,0.5147624172346229,0.6837102333422761,
runs_baseline_20260924/late_clean/seed_1113,1113,runs_baseline_20260924/late_clean/seed_1113/best.pt,26,0.0002139790402223,0,0.0792418956826223,0.0380433618621987,0.0411985341424696,0.0,0.0,0.0,0.0,,,,,
runs_baseline_20260924/late_clean/seed_1113,1113,runs_baseline_20260924/late_clean/seed_1113/best.pt,27,0.0002067172942406,0,0.0682589744226397,0.0341813542192505,0.0340776202033891,0.0,0.0,0.0,0.0,,,,,
runs_baseline_20260924/late_clean/seed_1113,1113,runs_baseline_20260924/late_clean/seed_1113/best.pt,28,0.0001993194751161,0,0.0638687354730111,0.030993358719502,0.0328753768144366,0.0,0.0,0.0,0.0,,,,,
runs_baseline_20260924/late_clean/seed_1113,1113,runs_baseline_20260924/late_clean/seed_1113/best.pt,29,0.0001918097129971,0,0.0563047407020893,0.0286542235603817,0.0276505171591154,0.0,0.0,0.0,0.0,,,,,
runs_baseline_20260924/late_clean/seed_1113,1113,runs_baseline_20260924/late_clean/seed_1113/best.pt,30,0.0001842125031668,0,0.0509296696128271,0.0251259102755896,0.0258037593198296,0.0,0.0,0.0,0.0,0.4962231841154223,0.7430633995930019,0.5173336485522376,0.7044661202833216,
runs_baseline_20260924/late_clean/seed_1113,1113,runs_baseline_20260924/late_clean/seed_1113/best.pt,31,0.0001765526261446,0,0.0446431226157975,0.0220836032765142,0.0225595192652996,0.0,0.0,0.0,0.0,,,,,
runs_baseline_20260924/late_clean/seed_1113,1113,runs_baseline_20260924/late_clean/seed_1113/best.pt,32,0.0001688550668571,0,0.0416945312172174,0.0206144059372839,0.0210801253234532,0.0,0.0,0.0,0.0,,,,,
runs_baseline_20260924/late_clean/seed_1113,1113,runs_baseline_20260924/late_clean/seed_1113/best.pt,33,0.0001611449331428,0,0.0405489429831504,0.0200974521331628,0.0204514910023067,0.0,0.0,0.0,0.0,,,,,
runs_baseline_20260924/late_clean/seed_1113,1113,runs_baseline_20260924/late_clean/seed_1113/best.pt,34,0.0001534473738553,0,0.0361970240363381,0.0183954962059228,0.0178015277694875,0.0,0.0,0.0,0.0,,,,,
runs_baseline_20260924/late_clean/seed_1113,1113,runs_baseline_20260924/late_clean/seed_1113/best.pt,35,0.0001457874968331,0,0.0332954537262704,0.0158523822803851,0.0174430713936616,0.0,0.0,0.0,0.0,0.4917568028196009,0.7240311536334114,0.5111150124843945,0.6876680870709306,
runs_baseline_20260924/late_clean/seed_1113,1113,runs_baseline_20260924/late_clean/seed_1113/best.pt,36,0.0001381902870028,0,0.0306751627527246,0.0153300453229833,0.0153451174384453,0.0,0.0,0.0,0.0,,,,,
runs_baseline_20260924/late_clean/seed_1113,1113,runs_baseline_20260924/late_clean/seed_1113/best.pt,37,0.0001306805248838,0,0.0296127448015123,0.0149150732382435,0.0146976715153971,0.0,0.0,0.0,0.0,,,,,
runs_baseline_20260924/late_clean/seed_1113,1113,runs_baseline_20260924/late_clean/seed_1113/best.pt,38,0.0001232827057593,0,0.0267551329735422,0.0136920889691562,0.0130630439652182,0.0,0.0,0.0,0.0,,,,,
runs_baseline_20260924/late_clean/seed_1113,1113,runs_baseline_20260924/late_clean/seed_1113/best.pt,39,0.0001160209597776,0,0.0247693786084234,0.0126320975092805,0.0121372811165507,0.0,0.0,0.0,0.0,,,,,
runs_baseline_20260924/late_clean/seed_1113,1113,runs_baseline_20260924/late_clean/seed_1113/best.pt,40,0.0001089189732447,0,0.0242406709955256,0.0122019106774617,0.0120387603833435,0.0,0.0,0.0,0.0,0.495251238360274,0.7217891181061131,0.5166076910311314,0.686903684036384,
runs_baseline_20260924/late_clean/seed_1113,1113,runs_baseline_20260924/late_clean/seed_1113/best.pt,41,0.0001019999113645,0,0.0214688489387664,0.0108631213073766,0.010605727592222,0.0,0.0,0.0,0.0,,,,,
runs_baseline_20260924/late_clean/seed_1113,1113,runs_baseline_20260924/late_clean/seed_1113/best.pt,42,9.528634267874014e-05,0,0.021132597760689,0.0108389206204528,0.0102936771358842,0.0,0.0,0.0,0.0,,,,,
runs_baseline_20260924/late_clean/seed_1113,1113,runs_baseline_20260924/late_clean/seed_1113/best.pt,43,8.880016545298618e-05,0,0.0201352655400182,0.0097469116830937,0.0103883538612765,0.0,0.0,0.0,0.0,,,,,
runs_baseline_20260924/late_clean/seed_1113,1113,runs_baseline_20260924/late_clean/seed_1113/best.pt,44,8.256253624921588e-05,0,0.018804187177045,0.0093937105647175,0.0094104765394319,0.0,0.0,0.0,0.0,,,,,
runs_baseline_20260924/late_clean/seed_1113,1113,runs_baseline_20260924/late_clean/seed_1113/best.pt,45,7.659380091738652e-05,0,0.0170000174700796,0.0085567682589813,0.0084432493242496,0.0,0.0,0.0,0.0,0.4954880775086899,0.7129020776116435,0.5110859429746892,0.6750640250962473,
runs_baseline_20260924/late_clean/seed_1113,1113,runs_baseline_20260924/late_clean/seed_1113/best.pt,46,7.09134282315354e-05,0,0.0180307240268894,0.009099473915646,0.0089312500981875,0.0,0.0,0.0,0.0,,,,,
runs_baseline_20260924/late_clean/seed_1113,1113,runs_baseline_20260924/late_clean/seed_1113/best.pt,47,6.553994638668531e-05,0,0.0160840505899461,0.0080725383100526,0.0080115123386451,0.0,0.0,0.0,0.0,,,,,
runs_baseline_20260924/late_clean/seed_1113,1113,runs_baseline_20260924/late_clean/seed_1113/best.pt,48,6.0490882563723857e-05,0,0.0153252671812182,0.0077567589578053,0.0075685082691086,0.0,0.0,0.0,0.0,,,,,
runs_baseline_20260924/late_clean/seed_1113,1113,runs_baseline_20260924/late_clean/seed_1113/best.pt,49,5.578270575938213e-05,0,0.0156937100202123,0.0079486622849357,0.0077450477135167,0.0,0.0,0.0,0.0,,,,,
runs_baseline_20260924/late_clean/seed_1113,1113,runs_baseline_20260924/late_clean/seed_1113/best.pt,50,5.143077306779055e-05,0,0.0142071425227152,0.0069463656079372,0.0072607769430658,0.0,0.0,0.0,0.0,0.4976509321995392,0.710556379393253,0.5167760963365059,0.6726377775627482,
runs_baseline_20260924/late_clean/seed_1113,1113,runs_baseline_20260924/late_clean/seed_1113/best.pt,51,4.74492795888301e-05,0,0.014117081545154,0.0072711214518923,0.0068459600540939,0.0,0.0,0.0,0.0,,,,,
runs_baseline_20260924/late_clean/seed_1113,1113,runs_baseline_20260924/late_clean/seed_1113/best.pt,52,4.385121212666661e-05,0,0.0133031248245562,0.0067429113175685,0.0065602134982837,0.0,0.0,0.0,0.0,,,,,
runs_baseline_20260924/late_clean/seed_1113,1113,runs_baseline_20260924/late_clean/seed_1113/best.pt,53,4.064830682949525e-05,0,0.0134360213964202,0.0066819211563843,0.0067541001834602,0.0,0.0,0.0,0.0,,,,,
runs_baseline_20260924/late_clean/seed_1113,1113,runs_baseline_20260924/late_clean/seed_1113/best.pt,54,3.785101090866418e-05,0,0.0126468944580894,0.0066653459537426,0.0059815484934669,0.0,0.0,0.0,0.0,,,,,
runs_baseline_20260924/late_clean/seed_1113,1113,runs_baseline_20260924/late_clean/seed_1113/best.pt,55,3.5468448562042856e-05,0,0.0124709819983168,0.0063692938827987,0.006101688128574,0.0,0.0,0.0,0.0,0.4951177693789057,0.7070320063211999,0.5106305597492732,0.668290364283526,
runs_baseline_20260924/late_clean/seed_1113,1113,runs_baseline_20260924/late_clean/seed_1113/best.pt,56,3.3508391212784984e-05,0,0.0130455626444629,0.006833438983483,0.0062121237001477,0.0,0.0,0.0,0.0,,,,,
runs_baseline_20260924/late_clean/seed_1113,1113,runs_baseline_20260924/late_clean/seed_1113/best.pt,57,3.1977232160561435e-05,0,0.0121526002849095,0.0062845294672786,0.005868070780639,0.0,0.0,0.0,0.0,,,,,
runs_baseline_20260924/late_clean/seed_1113,1113,runs_baseline_20260924/late_clean/seed_1113/best.pt,58,3.087996572794572e-05,0,0.0120950124061135,0.0061089174482518,0.0059860949817975,0.0,0.0,0.0,0.0,,,,,
runs_baseline_20260924/late_clean/seed_1113,1113,runs_baseline_20260924/late_clean/seed_1113/best.pt,59,3.022017096997169e-05,0,0.0123383938117283,0.0060496626336945,0.0062887312095855,0.0,0.0,0.0,0.0,,,,,
runs_baseline_20260924/late_clean/seed_1113,1113,runs_baseline_20260924/late_clean/seed_1113/best.pt,60,3e-05,0,0.0114505635313341,0.0057113703544834,0.0057391930898111,0.0,0.0,0.0,0.0,0.4951641193225221,0.7085401346060939,0.5185928406576102,0.6717150435849492,
attn_bert8_all_seed1112_v1,1112,experiments/attn_bert8_all_seed1112_v1/runs/late_attn_tune/seed_1112/best.pt,1,5e-05,0,1.4739001844530908,1.4739001844530908,0.0,0.0,0.0,0.0,0.0,,,,,
attn_bert8_all_seed1112_v1,1112,experiments/attn_bert8_all_seed1112_v1/runs/late_attn_tune/seed_1112/best.pt,2,0.0001,0,1.334059353186705,1.334059353186705,0.0,0.0,0.0,0.0,0.0,,,,,
attn_bert8_all_seed1112_v1,1112,experiments/attn_bert8_all_seed1112_v1/runs/late_attn_tune/seed_1112/best.pt,3,9.931634888554937e-05,0,2.417305095173488,1.194517452026082,1.222787646768249,0.0,0.0,0.0,0.0,,,,,
attn_bert8_all_seed1112_v1,1112,experiments/attn_bert8_all_seed1112_v1/runs/late_attn_tune/seed_1112/best.pt,4,9.728616793536588e-05,0,2.269071355044285,1.1137345327395145,1.155336812834873,0.0,0.0,0.0,0.0,,,,,
attn_bert8_all_seed1112_v1,1112,experiments/attn_bert8_all_seed1112_v1/runs/late_attn_tune/seed_1112/best.pt,5,9.397114317029977e-05,0,2.1496445831851423,1.0481882585543338,1.1014563385571274,0.0,0.0,0.0,0.0,0.5443051359394439,0.660131959073253,0.5673717439631473,0.634578009075095,
attn_bert8_all_seed1112_v1,1112,experiments/attn_bert8_all_seed1112_v1/runs/late_attn_tune/seed_1112/best.pt,6,8.947199994035401e-05,0,2.050227306713568,0.9906993636461062,1.0595279319264064,0.0,0.0,0.0,0.0,,,,,
attn_bert8_all_seed1112_v1,1112,experiments/attn_bert8_all_seed1112_v1/runs/late_attn_tune/seed_1112/best.pt,7,8.392544243589427e-05,0,2.014821052551269,0.9595372359329296,1.0552838116048653,0.0,0.0,0.0,0.0,,,,,
attn_bert8_all_seed1112_v1,1112,experiments/attn_bert8_all_seed1112_v1/runs/late_attn_tune/seed_1112/best.pt,8,7.75e-05,0,1.88446878607028,0.8972637257843374,0.9872050586147844,0.0,0.0,0.0,0.0,,,,,
attn_bert8_all_seed1112_v1,1112,experiments/attn_bert8_all_seed1112_v1/runs/late_attn_tune/seed_1112/best.pt,9,7.03909064496551e-05,0,1.8267690567212684,0.869395964056532,0.957373096007053,0.0,0.0,0.0,0.0,,,,,
attn_bert8_all_seed1112_v1,1112,experiments/attn_bert8_all_seed1112_v1/runs/late_attn_tune/seed_1112/best.pt,10,6.281416799501188e-05,0,1.805662580739672,0.8459223040910525,0.9597402760915668,0.0,0.0,0.0,0.0,0.5555592625354626,0.680983348992965,0.5786611467756133,0.6575308177872192,
attn_bert8_all_seed1112_v1,1112,experiments/attn_bert8_all_seed1112_v1/runs/late_attn_tune/seed_1112/best.pt,11,5.5e-05,0,1.7452720069439611,0.812823871307284,0.932448142042784,0.0,0.0,0.0,0.0,,,,,
attn_bert8_all_seed1112_v1,1112,experiments/attn_bert8_all_seed1112_v1/runs/late_attn_tune/seed_1112/best.pt,12,4.7185832004988135e-05,0,1.7151839543725842,0.7811122221924435,0.9340717335727728,0.0,0.0,0.0,0.0,,,,,
attn_bert8_all_seed1112_v1,1112,experiments/attn_bert8_all_seed1112_v1/runs/late_attn_tune/seed_1112/best.pt,13,3.960909355034492e-05,0,1.6657819458257372,0.7641144478432486,0.9016674968683832,0.0,0.0,0.0,0.0,,,,,
attn_bert8_all_seed1112_v1,1112,experiments/attn_bert8_all_seed1112_v1/runs/late_attn_tune/seed_1112/best.pt,14,3.250000000000001e-05,0,1.6555656885432306,0.751835052655122,0.903730641458636,0.0,0.0,0.0,0.0,,,,,
attn_bert8_all_seed1112_v1,1112,experiments/attn_bert8_all_seed1112_v1/runs/late_attn_tune/seed_1112/best.pt,15,2.6074557564105733e-05,0,1.6190369184886184,0.735581708010112,0.8834552129852438,0.0,0.0,0.0,0.0,0.5532707958720487,0.6758874865638542,0.5754590733476109,0.6531556504369191,
attn_bert8_all_seed1112_v1,1112,experiments/attn_bert8_all_seed1112_v1/runs/late_attn_tune/seed_1112/best.pt,16,2.0528000059646e-05,0,1.5933776247167142,0.7333516158233179,0.8600260069437116,0.0,0.0,0.0,0.0,,,,,
attn_bert8_all_seed1112_v1,1112,experiments/attn_bert8_all_seed1112_v1/runs/late_attn_tune/seed_1112/best.pt,17,1.602885682970027e-05,0,1.5750496877688114,0.717597093537589,0.8574525975735388,0.0,0.0,0.0,0.0,,,,,
attn_bert8_all_seed1112_v1,1112,experiments/attn_bert8_all_seed1112_v1/runs/late_attn_tune/seed_1112/best.pt,18,1.2713832064634127e-05,0,1.543939548675145,0.7049291223009057,0.8390104288809768,0.0,0.0,0.0,0.0,,,,,
attn_bert8_all_seed1112_v1,1112,experiments/attn_bert8_all_seed1112_v1/runs/late_attn_tune/seed_1112/best.pt,19,1.068365111445064e-05,0,1.559757062764925,0.7007859850598273,0.8589710777050981,0.0,0.0,0.0,0.0,,,,,
attn_bert8_all_seed1112_v1,1112,experiments/attn_bert8_all_seed1112_v1/runs/late_attn_tune/seed_1112/best.pt,20,1e-05,0,1.5688028190737573,0.705573387513651,0.86322943128158,0.0,0.0,0.0,0.0,0.5517533803991541,0.673218764327298,0.5827931408316263,0.6503352461688817,
attn_bert8_all_seed1113_v1,1113,experiments/attn_bert8_all_seed1113_v1/runs/late_attn_tune/seed_1113/best.pt,1,5e-05,0,1.4686942200794395,1.4686942200794395,0.0,0.0,0.0,0.0,0.0,,,,,
attn_bert8_all_seed1113_v1,1113,experiments/attn_bert8_all_seed1113_v1/runs/late_attn_tune/seed_1113/best.pt,2,0.0001,0,1.3273108796538593,1.3273108796538593,0.0,0.0,0.0,0.0,0.0,,,,,
attn_bert8_all_seed1113_v1,1113,experiments/attn_bert8_all_seed1113_v1/runs/late_attn_tune/seed_1113/best.pt,3,9.931634888554937e-05,0,2.420437791637171,1.1976821171903165,1.2227556727756963,0.0,0.0,0.0,0.0,,,,,
attn_bert8_all_seed1113_v1,1113,experiments/attn_bert8_all_seed1113_v1/runs/late_attn_tune/seed_1113/best.pt,4,9.728616793536588e-05,0,2.2517581609922037,1.1080015012036974,1.143756667030192,0.0,0.0,0.0,0.0,,,,,
attn_bert8_all_seed1113_v1,1113,experiments/attn_bert8_all_seed1113_v1/runs/late_attn_tune/seed_1113/best.pt,5,9.397114317029977e-05,0,2.1613555032516194,1.040896507067101,1.1204589939563074,0.0,0.0,0.0,0.0,0.5388220135716584,0.6692578227590471,0.5570991699432066,0.6465696808773318,
attn_bert8_all_seed1113_v1,1113,experiments/attn_bert8_all_seed1113_v1/runs/late_attn_tune/seed_1113/best.pt,6,8.947199994035401e-05,0,2.0703847129768302,0.9997821483656624,1.0706025640541148,0.0,0.0,0.0,0.0,,,,,
attn_bert8_all_seed1113_v1,1113,experiments/attn_bert8_all_seed1113_v1/runs/late_attn_tune/seed_1113/best.pt,7,8.392544243589427e-05,0,1.9750777783794935,0.9568044704811596,1.0182733117977036,0.0,0.0,0.0,0.0,,,,,
attn_bert8_all_seed1113_v1,1113,experiments/attn_bert8_all_seed1113_v1/runs/late_attn_tune/seed_1113/best.pt,8,7.75e-05,0,1.933133848359652,0.9188586958100864,1.01427515143546,0.0,0.0,0.0,0.0,,,,,
attn_bert8_all_seed1113_v1,1113,experiments/attn_bert8_all_seed1113_v1/runs/late_attn_tune/seed_1113/best.pt,9,7.03909064496551e-05,0,1.8378781141521772,0.8763329648525915,0.9615451520848496,0.0,0.0,0.0,0.0,,,,,
attn_bert8_all_seed1113_v1,1113,experiments/attn_bert8_all_seed1113_v1/runs/late_attn_tune/seed_1113/best.pt,10,6.281416799501188e-05,0,1.8345461370789,0.8650429822574152,0.9695031592779072,0.0,0.0,0.0,0.0,0.5569712605092302,0.6715364719797673,0.5836486800778348,0.6452192620247613,
attn_bert8_all_seed1113_v1,1113,experiments/attn_bert8_all_seed1113_v1/runs/late_attn_tune/seed_1113/best.pt,11,5.5e-05,0,1.7934290326644329,0.8319274771993406,0.9615015498945646,0.0,0.0,0.0,0.0,,,,,
attn_bert8_all_seed1113_v1,1113,experiments/attn_bert8_all_seed1113_v1/runs/late_attn_tune/seed_1113/best.pt,12,4.7185832004988135e-05,0,1.73432512038222,0.8018208288143729,0.9325042940745844,0.0,0.0,0.0,0.0,,,,,
attn_bert8_all_seed1113_v1,1113,experiments/attn_bert8_all_seed1113_v1/runs/late_attn_tune/seed_1113/best.pt,13,3.960909355034492e-05,0,1.698955816364734,0.776846988735912,0.9221088267932428,0.0,0.0,0.0,0.0,,,,,
attn_bert8_all_seed1113_v1,1113,experiments/attn_bert8_all_seed1113_v1/runs/late_attn_tune/seed_1113/best.pt,14,3.250000000000001e-05,0,1.6832786063167535,0.767423580183047,0.9158550266907594,0.0,0.0,0.0,0.0,,,,,
attn_bert8_all_seed1113_v1,1113,experiments/attn_bert8_all_seed1113_v1/runs/late_attn_tune/seed_1113/best.pt,15,2.6074557564105733e-05,0,1.6328990832667485,0.7458634521359595,0.8870356233320503,0.0,0.0,0.0,0.0,0.5526947438487875,0.6677419660932835,0.5831033659500813,0.6394392551258105,
attn_bert8_all_seed1113_v1,1113,experiments/attn_bert8_all_seed1113_v1/runs/late_attn_tune/seed_1113/best.pt,16,2.0528000059646e-05,0,1.6284930104407194,0.7400756124581132,0.8884174016034492,0.0,0.0,0.0,0.0,,,,,
attn_bert8_all_seed1113_v1,1113,experiments/attn_bert8_all_seed1113_v1/runs/late_attn_tune/seed_1113/best.pt,17,1.602885682970027e-05,0,1.606843602434497,0.7202521122504617,0.8865914957545628,0.0,0.0,0.0,0.0,,,,,
attn_bert8_all_seed1113_v1,1113,experiments/attn_bert8_all_seed1113_v1/runs/late_attn_tune/seed_1113/best.pt,18,1.2713832064634127e-05,0,1.5864433495797845,0.7097689732212886,0.8766743738517583,0.0,0.0,0.0,0.0,,,,,
attn_bert8_all_seed1113_v1,1113,experiments/attn_bert8_all_seed1113_v1/runs/late_attn_tune/seed_1113/best.pt,19,1.068365111445064e-05,0,1.578173375575342,0.7099800421812824,0.8681933361793233,0.0,0.0,0.0,0.0,,,,,
attn_bert8_all_seed1113_v1,1113,experiments/attn_bert8_all_seed1113_v1/runs/late_attn_tune/seed_1113/best.pt,20,1e-05,0,1.6033530368983189,0.705689867523229,0.8976631738315118,0.0,0.0,0.0,0.0,0.5506088755239907,0.6687047432395011,0.5825022599940092,0.6415582079700051,
attn_bert8_all_v1,1111,experiments/attn_bert8_all_v1/runs/late_attn_tune/seed_1111/best.pt,1,5e-05,0,1.4787496562316038,1.4787496562316038,0.0,0.0,0.0,0.0,0.0,,,,,
attn_bert8_all_v1,1111,experiments/attn_bert8_all_v1/runs/late_attn_tune/seed_1111/best.pt,2,0.0001,0,1.3493468416071384,1.3493468416071384,0.0,0.0,0.0,0.0,0.0,,,,,
attn_bert8_all_v1,1111,experiments/attn_bert8_all_v1/runs/late_attn_tune/seed_1111/best.pt,3,9.931634888554937e-05,0,2.4719823621143804,1.2193742689685287,1.2526080942599571,0.0,0.0,0.0,0.0,,,,,
attn_bert8_all_v1,1111,experiments/attn_bert8_all_v1/runs/late_attn_tune/seed_1111/best.pt,4,9.728616793536588e-05,0,2.2822348759553144,1.1190840897159042,1.1631507767695133,0.0,0.0,0.0,0.0,,,,,
attn_bert8_all_v1,1111,experiments/attn_bert8_all_v1/runs/late_attn_tune/seed_1111/best.pt,5,9.397114317029977e-05,0,2.150288810239774,1.0469363365217903,1.1033524631339813,0.0,0.0,0.0,0.0,0.5392107176178264,0.652554959059017,0.5497850480847178,0.6256173215441887,
attn_bert8_all_v1,1111,experiments/attn_bert8_all_v1/runs/late_attn_tune/seed_1111/best.pt,6,8.947199994035401e-05,0,2.063997187347056,0.999901462938184,1.0640957271941354,0.0,0.0,0.0,0.0,,,,,
attn_bert8_all_v1,1111,experiments/attn_bert8_all_v1/runs/late_attn_tune/seed_1111/best.pt,7,8.392544243589427e-05,0,1.98988185530511,0.953038701944262,1.036843151132637,0.0,0.0,0.0,0.0,,,,,
attn_bert8_all_v1,1111,experiments/attn_bert8_all_v1/runs/late_attn_tune/seed_1111/best.pt,8,7.75e-05,0,1.9229585868175896,0.918602232064042,1.0043563592099698,0.0,0.0,0.0,0.0,,,,,
attn_bert8_all_v1,1111,experiments/attn_bert8_all_v1/runs/late_attn_tune/seed_1111/best.pt,9,7.03909064496551e-05,0,1.85501235222148,0.8804330107207611,0.9745793442859828,0.0,0.0,0.0,0.0,,,,,
attn_bert8_all_v1,1111,experiments/attn_bert8_all_v1/runs/late_attn_tune/seed_1111/best.pt,10,6.281416799501188e-05,0,1.7894348151215882,0.8420332433464371,0.9474015681543084,0.0,0.0,0.0,0.0,0.5465819422179807,0.666595370441259,0.5778067867503204,0.641568986529959,
attn_bert8_all_v1,1111,experiments/attn_bert8_all_v1/runs/late_attn_tune/seed_1111/best.pt,11,5.5e-05,0,1.775856607428221,0.8231501476229909,0.9527064617549148,0.0,0.0,0.0,0.0,,,,,
attn_bert8_all_v1,1111,experiments/attn_bert8_all_v1/runs/late_attn_tune/seed_1111/best.pt,12,4.7185832004988135e-05,0,1.7431190103013938,0.8045882682933986,0.938530738108626,0.0,0.0,0.0,0.0,,,,,
attn_bert8_all_v1,1111,experiments/attn_bert8_all_v1/runs/late_attn_tune/seed_1111/best.pt,13,3.960909355034492e-05,0,1.7075792149962663,0.7887965404541692,0.9187826837334676,0.0,0.0,0.0,0.0,,,,,
attn_bert8_all_v1,1111,experiments/attn_bert8_all_v1/runs/late_attn_tune/seed_1111/best.pt,14,3.250000000000001e-05,0,1.6449097874008607,0.7569821404519482,0.8879276402642794,0.0,0.0,0.0,0.0,,,,,
attn_bert8_all_v1,1111,experiments/attn_bert8_all_v1/runs/late_attn_tune/seed_1111/best.pt,15,2.6074557564105733e-05,0,1.6485268133823003,0.7440232553771723,0.9045035632971292,0.0,0.0,0.0,0.0,0.544166748142337,0.6678186557589033,0.5668679092574554,0.6428762880316424,
attn_bert8_all_v1,1111,experiments/attn_bert8_all_v1/runs/late_attn_tune/seed_1111/best.pt,16,2.0528000059646e-05,0,1.6258566390688174,0.7411593204346772,0.8846973169629819,0.0,0.0,0.0,0.0,,,,,
attn_bert8_all_v1,1111,experiments/attn_bert8_all_v1/runs/late_attn_tune/seed_1111/best.pt,17,1.602885682970027e-05,0,1.5857951351415331,0.723052149899652,0.8627429820388277,0.0,0.0,0.0,0.0,,,,,
attn_bert8_all_v1,1111,experiments/attn_bert8_all_v1/runs/late_attn_tune/seed_1111/best.pt,18,1.2713832064634127e-05,0,1.5975179973049698,0.7268383940246618,0.8706796085723093,0.0,0.0,0.0,0.0,,,,,
attn_bert8_all_v1,1111,experiments/attn_bert8_all_v1/runs/late_attn_tune/seed_1111/best.pt,19,1.068365111445064e-05,0,1.571208253642109,0.6998862085219856,0.8713220435882283,0.0,0.0,0.0,0.0,,,,,
attn_bert8_all_v1,1111,experiments/attn_bert8_all_v1/runs/late_attn_tune/seed_1111/best.pt,20,1e-05,0,1.5885199932294471,0.714932695727482,0.8735872947167014,0.0,0.0,0.0,0.0,0.5426480497507281,0.680050847208783,0.5610934951223304,0.6573032394817846,
bert8_ablate_mean_pool_v1,1111,experiments/bert8_ablate_mean_pool_v1/runs/late_pool_tune_aug/seed_1111/best.pt,1,5e-05,0,1.4542798684022138,1.4542798684022138,0.0,0.0,0.0,0.0,0.0,,,,,
bert8_ablate_mean_pool_v1,1111,experiments/bert8_ablate_mean_pool_v1/runs/late_pool_tune_aug/seed_1111/best.pt,2,0.0001,0,1.3057078980953891,1.3057078980953891,0.0,0.0,0.0,0.0,0.0,,,,,
bert8_ablate_mean_pool_v1,1111,experiments/bert8_ablate_mean_pool_v1/runs/late_pool_tune_aug/seed_1111/best.pt,3,9.931634888554937e-05,0,2.42982080272425,1.197674724543206,1.2321460921073628,0.0,0.0,0.0,0.0,,,,,
bert8_ablate_mean_pool_v1,1111,experiments/bert8_ablate_mean_pool_v1/runs/late_pool_tune_aug/seed_1111/best.pt,4,9.728616793536588e-05,0,2.270696042854095,1.1092006458300296,1.161495386997116,0.0,0.0,0.0,0.0,,,,,
bert8_ablate_mean_pool_v1,1111,experiments/bert8_ablate_mean_pool_v1/runs/late_pool_tune_aug/seed_1111/best.pt,5,9.397114317029977e-05,0,2.141325311125996,1.0439471368477724,1.0973781681506434,0.0,0.0,0.0,0.0,0.5437029290335637,0.6541534522801711,0.5618744352210233,0.6245692752885049,
bert8_ablate_mean_pool_v1,1111,experiments/bert8_ablate_mean_pool_v1/runs/late_pool_tune_aug/seed_1111/best.pt,6,8.947199994035401e-05,0,2.0647947654545864,1.0017412555551974,1.0630535137987582,0.0,0.0,0.0,0.0,,,,,
bert8_ablate_mean_pool_v1,1111,experiments/bert8_ablate_mean_pool_v1/runs/late_pool_tune_aug/seed_1111/best.pt,7,8.392544243589427e-05,0,1.9858243220320373,0.9524712467862066,1.0333530668900393,0.0,0.0,0.0,0.0,,,,,
bert8_ablate_mean_pool_v1,1111,experiments/bert8_ablate_mean_pool_v1/runs/late_pool_tune_aug/seed_1111/best.pt,8,7.75e-05,0,1.9261506729036848,0.9185988919757236,1.0075517770285918,0.0,0.0,0.0,0.0,,,,,
bert8_ablate_mean_pool_v1,1111,experiments/bert8_ablate_mean_pool_v1/runs/late_pool_tune_aug/seed_1111/best.pt,9,7.03909064496551e-05,0,1.8527356040811984,0.8810720605270885,0.9716635379835824,0.0,0.0,0.0,0.0,,,,,
bert8_ablate_mean_pool_v1,1111,experiments/bert8_ablate_mean_pool_v1/runs/late_pool_tune_aug/seed_1111/best.pt,10,6.281416799501188e-05,0,1.7864243388175964,0.8406453001721997,0.9457790443551874,0.0,0.0,0.0,0.0,0.5550856497644013,0.6657092799463891,0.5896707489648872,0.6388784431741102,
bert8_ablate_mean_pool_v1,1111,experiments/bert8_ablate_mean_pool_v1/runs/late_pool_tune_aug/seed_1111/best.pt,11,5.5e-05,0,1.754168050311436,0.8137746472782064,0.940393408325231,0.0,0.0,0.0,0.0,,,,,
bert8_ablate_mean_pool_v1,1111,experiments/bert8_ablate_mean_pool_v1/runs/late_pool_tune_aug/seed_1111/best.pt,12,4.7185832004988135e-05,0,1.7402355648646846,0.8035302334856764,0.9367053336072192,0.0,0.0,0.0,0.0,,,,,
bert8_ablate_mean_pool_v1,1111,experiments/bert8_ablate_mean_pool_v1/runs/late_pool_tune_aug/seed_1111/best.pt,13,3.960909355034492e-05,0,1.6974823107229216,0.7871598690469689,0.9103224439041636,0.0,0.0,0.0,0.0,,,,,
bert8_ablate_mean_pool_v1,1111,experiments/bert8_ablate_mean_pool_v1/runs/late_pool_tune_aug/seed_1111/best.pt,14,3.250000000000001e-05,0,1.6313765684020851,0.7495920510492592,0.881784520973669,0.0,0.0,0.0,0.0,,,,,
bert8_ablate_mean_pool_v1,1111,experiments/bert8_ablate_mean_pool_v1/runs/late_pool_tune_aug/seed_1111/best.pt,15,2.6074557564105733e-05,0,1.6385551312259423,0.7391504990720303,0.8994046338250704,0.0,0.0,0.0,0.0,0.5498579636710806,0.66575940002634,0.5813965901043038,0.6384940331387282,
bert8_ablate_mean_pool_v1,1111,experiments/bert8_ablate_mean_pool_v1/runs/late_pool_tune_aug/seed_1111/best.pt,16,2.0528000059646e-05,0,1.604341400003879,0.7300169827225053,0.8743244195095846,0.0,0.0,0.0,0.0,,,,,
bert8_ablate_mean_pool_v1,1111,experiments/bert8_ablate_mean_pool_v1/runs/late_pool_tune_aug/seed_1111/best.pt,17,1.602885682970027e-05,0,1.5677220030365704,0.7152281885392198,0.8524938136617713,0.0,0.0,0.0,0.0,,,,,
bert8_ablate_mean_pool_v1,1111,experiments/bert8_ablate_mean_pool_v1/runs/late_pool_tune_aug/seed_1111/best.pt,18,1.2713832064634127e-05,0,1.5944983992621162,0.7244930258978193,0.8700053753139817,0.0,0.0,0.0,0.0,,,,,
bert8_ablate_mean_pool_v1,1111,experiments/bert8_ablate_mean_pool_v1/runs/late_pool_tune_aug/seed_1111/best.pt,19,1.068365111445064e-05,0,1.562315112519487,0.6967106762333451,0.8656044390714057,0.0,0.0,0.0,0.0,,,,,
bert8_ablate_mean_pool_v1,1111,experiments/bert8_ablate_mean_pool_v1/runs/late_pool_tune_aug/seed_1111/best.pt,20,1e-05,0,1.562787011405018,0.7012045141135421,0.8615824953417912,0.0,0.0,0.0,0.0,0.5505820242223126,0.675852015545741,0.581311404644738,0.6502412113714144,
bert8_ablate_no_cls_v1,1111,experiments/bert8_ablate_no_cls_v1/runs/late_attn_tune/seed_1111/best.pt,1,5e-05,0,1.493861771075525,1.493861771075525,0.0,0.0,0.0,0.0,0.0,,,,,
bert8_ablate_no_cls_v1,1111,experiments/bert8_ablate_no_cls_v1/runs/late_attn_tune/seed_1111/best.pt,2,0.0001,0,1.3651197948188425,1.3651197948188425,0.0,0.0,0.0,0.0,0.0,,,,,
bert8_ablate_no_cls_v1,1111,experiments/bert8_ablate_no_cls_v1/runs/late_attn_tune/seed_1111/best.pt,3,9.931634888554937e-05,0,2.4832745690212072,1.2238389331603718,1.2594356325185188,0.0,0.0,0.0,0.0,,,,,
bert8_ablate_no_cls_v1,1111,experiments/bert8_ablate_no_cls_v1/runs/late_attn_tune/seed_1111/best.pt,4,9.728616793536588e-05,0,2.291587331584681,1.1270163187356752,1.1645710206477442,0.0,0.0,0.0,0.0,,,,,
bert8_ablate_no_cls_v1,1111,experiments/bert8_ablate_no_cls_v1/runs/late_attn_tune/seed_1111/best.pt,5,9.397114317029977e-05,0,2.155871313309001,1.0514050321044208,1.1044662734058417,0.0,0.0,0.0,0.0,0.5420281774724386,0.6530950783635046,0.5641149937988069,0.6273466740443198,
bert8_ablate_no_cls_v1,1111,experiments/bert8_ablate_no_cls_v1/runs/late_attn_tune/seed_1111/best.pt,6,8.947199994035401e-05,0,2.072082839279531,1.003816372323259,1.0682664597145866,0.0,0.0,0.0,0.0,,,,,
bert8_ablate_no_cls_v1,1111,experiments/bert8_ablate_no_cls_v1/runs/late_attn_tune/seed_1111/best.pt,7,8.392544243589427e-05,0,2.0117075822063697,0.9624475368829531,1.0492600475516274,0.0,0.0,0.0,0.0,,,,,
bert8_ablate_no_cls_v1,1111,experiments/bert8_ablate_no_cls_v1/runs/late_attn_tune/seed_1111/best.pt,8,7.75e-05,0,1.9466061636666272,0.9338520013283348,1.0127541578818704,0.0,0.0,0.0,0.0,,,,,
bert8_ablate_no_cls_v1,1111,experiments/bert8_ablate_no_cls_v1/runs/late_attn_tune/seed_1111/best.pt,9,7.03909064496551e-05,0,1.8801431756153284,0.8954147261993908,0.9847284527582544,0.0,0.0,0.0,0.0,,,,,
bert8_ablate_no_cls_v1,1111,experiments/bert8_ablate_no_cls_v1/runs/late_attn_tune/seed_1111/best.pt,10,6.281416799501188e-05,0,1.8130562829080028,0.8573058453675743,0.955750439211587,0.0,0.0,0.0,0.0,0.5488655510825283,0.6616475111185602,0.5795531436235564,0.6341843712204366,
bert8_ablate_no_cls_v1,1111,experiments/bert8_ablate_no_cls_v1/runs/late_attn_tune/seed_1111/best.pt,11,5.5e-05,0,1.803533456035864,0.8399619624436458,0.9635714916425332,0.0,0.0,0.0,0.0,,,,,
bert8_ablate_no_cls_v1,1111,experiments/bert8_ablate_no_cls_v1/runs/late_attn_tune/seed_1111/best.pt,12,4.7185832004988135e-05,0,1.7763303295474189,0.8240994716359076,0.952230860139722,0.0,0.0,0.0,0.0,,,,,
bert8_ablate_no_cls_v1,1111,experiments/bert8_ablate_no_cls_v1/runs/late_attn_tune/seed_1111/best.pt,13,3.960909355034492e-05,0,1.7350271951372378,0.8071686235543724,0.92785857046876,0.0,0.0,0.0,0.0,,,,,
bert8_ablate_no_cls_v1,1111,experiments/bert8_ablate_no_cls_v1/runs/late_attn_tune/seed_1111/best.pt,14,3.250000000000001e-05,0,1.675465725849722,0.7718685831979056,0.9035971359671834,0.0,0.0,0.0,0.0,,,,,
bert8_ablate_no_cls_v1,1111,experiments/bert8_ablate_no_cls_v1/runs/late_attn_tune/seed_1111/best.pt,15,2.6074557564105733e-05,0,1.6853277928361268,0.7629206481380998,0.9224071341140248,0.0,0.0,0.0,0.0,0.546253677862975,0.6637865962555101,0.5691008953192139,0.6353815839842415,
bert8_ablate_no_cls_v1,1111,experiments/bert8_ablate_no_cls_v1/runs/late_attn_tune/seed_1111/best.pt,16,2.0528000059646e-05,0,1.6561958411029567,0.7584680870314625,0.8977277551855997,0.0,0.0,0.0,0.0,,,,,
bert8_ablate_no_cls_v1,1111,experiments/bert8_ablate_no_cls_v1/runs/late_attn_tune/seed_1111/best.pt,17,1.602885682970027e-05,0,1.6224778049460082,0.7444328273011145,0.878044980151631,0.0,0.0,0.0,0.0,,,,,
bert8_ablate_no_cls_v1,1111,experiments/bert8_ablate_no_cls_v1/runs/late_attn_tune/seed_1111/best.pt,18,1.2713832064634127e-05,0,1.6250931470193597,0.7415110346312835,0.8835821157303926,0.0,0.0,0.0,0.0,,,,,
bert8_ablate_no_cls_v1,1111,experiments/bert8_ablate_no_cls_v1/runs/late_attn_tune/seed_1111/best.pt,19,1.068365111445064e-05,0,1.6052294585192315,0.7176175136989522,0.8876119487196485,0.0,0.0,0.0,0.0,,,,,
bert8_ablate_no_cls_v1,1111,experiments/bert8_ablate_no_cls_v1/runs/late_attn_tune/seed_1111/best.pt,20,1e-05,0,1.6105532490204428,0.72926294525093,0.8812903093400403,0.0,0.0,0.0,0.0,0.5466424736962378,0.676554114703966,0.5732964084273248,0.6485340697259084,
bert8_ablate_no_corruption_v1,1111,experiments/bert8_ablate_no_corruption_v1/runs/late_attn_tune/seed_1111/best.pt,1,5e-05,0,1.4787496562316038,1.4787496562316038,0.0,0.0,0.0,0.0,0.0,,,,,
bert8_ablate_no_corruption_v1,1111,experiments/bert8_ablate_no_corruption_v1/runs/late_attn_tune/seed_1111/best.pt,2,0.0001,0,1.3493468416071384,1.3493468416071384,0.0,0.0,0.0,0.0,0.0,,,,,
bert8_ablate_no_corruption_v1,1111,experiments/bert8_ablate_no_corruption_v1/runs/late_attn_tune/seed_1111/best.pt,3,9.931634888554937e-05,0,2.4332903122233454,1.2173106001916332,1.2159797159310812,0.0,0.0,0.0,0.0,,,,,
bert8_ablate_no_corruption_v1,1111,experiments/bert8_ablate_no_corruption_v1/runs/late_attn_tune/seed_1111/best.pt,4,9.728616793536588e-05,0,2.2294620052676333,1.1134387711498226,1.11602324804413,0.0,0.0,0.0,0.0,,,,,
bert8_ablate_no_corruption_v1,1111,experiments/bert8_ablate_no_corruption_v1/runs/late_attn_tune/seed_1111/best.pt,5,9.397114317029977e-05,0,2.085278997911471,1.0420966165088048,1.0431823685904529,0.0,0.0,0.0,0.0,0.5440943523075468,0.6553215187352838,0.560705305334148,0.629211867713001,
bert8_ablate_no_corruption_v1,1111,experiments/bert8_ablate_no_corruption_v1/runs/late_attn_tune/seed_1111/best.pt,6,8.947199994035401e-05,0,1.9757375538906203,0.9897150430723886,0.9860225141605484,0.0,0.0,0.0,0.0,,,,,
bert8_ablate_no_corruption_v1,1111,experiments/bert8_ablate_no_corruption_v1/runs/late_attn_tune/seed_1111/best.pt,7,8.392544243589427e-05,0,1.877538216448276,0.938664827391366,0.938873393513332,0.0,0.0,0.0,0.0,,,,,
bert8_ablate_no_corruption_v1,1111,experiments/bert8_ablate_no_corruption_v1/runs/late_attn_tune/seed_1111/best.pt,8,7.75e-05,0,1.8001810457104834,0.9016819306623156,0.8984991105917458,0.0,0.0,0.0,0.0,,,,,
bert8_ablate_no_corruption_v1,1111,experiments/bert8_ablate_no_corruption_v1/runs/late_attn_tune/seed_1111/best.pt,9,7.03909064496551e-05,0,1.7207471522215372,0.8604259903185836,0.860321158560637,0.0,0.0,0.0,0.0,,,,,
bert8_ablate_no_corruption_v1,1111,experiments/bert8_ablate_no_corruption_v1/runs/late_attn_tune/seed_1111/best.pt,10,6.281416799501188e-05,0,1.6352330178857963,0.8191046085313102,0.8161284004416421,0.0,0.0,0.0,0.0,0.5432391249330927,0.6734770910094791,0.5797847146445151,0.6482567702801284,
bert8_ablate_no_corruption_v1,1111,experiments/bert8_ablate_no_corruption_v1/runs/late_attn_tune/seed_1111/best.pt,11,5.5e-05,0,1.5950516473467105,0.7949768544357514,0.8000747940250647,0.0,0.0,0.0,0.0,,,,,
bert8_ablate_no_corruption_v1,1111,experiments/bert8_ablate_no_corruption_v1/runs/late_attn_tune/seed_1111/best.pt,12,4.7185832004988135e-05,0,1.542390559321252,0.7718647801987478,0.770525782743347,0.0,0.0,0.0,0.0,,,,,
bert8_ablate_no_corruption_v1,1111,experiments/bert8_ablate_no_corruption_v1/runs/late_attn_tune/seed_1111/best.pt,13,3.960909355034492e-05,0,1.5115538618274935,0.7569762769146501,0.7545775835202119,0.0,0.0,0.0,0.0,,,,,
bert8_ablate_no_corruption_v1,1111,experiments/bert8_ablate_no_corruption_v1/runs/late_attn_tune/seed_1111/best.pt,14,3.250000000000001e-05,0,1.4413465228036186,0.7226908914396696,0.7186556294142643,0.0,0.0,0.0,0.0,,,,,
bert8_ablate_no_corruption_v1,1111,experiments/bert8_ablate_no_corruption_v1/runs/late_attn_tune/seed_1111/best.pt,15,2.6074557564105733e-05,0,1.410484381368227,0.7041867018860077,0.7062976805963249,0.0,0.0,0.0,0.0,0.5372062680508248,0.6769566979119956,0.5658681234891153,0.6521512652703517,
bert8_ablate_no_corruption_v1,1111,experiments/bert8_ablate_no_corruption_v1/runs/late_attn_tune/seed_1111/best.pt,16,2.0528000059646e-05,0,1.3954111131552225,0.7005271396347296,0.6948839760272303,0.0,0.0,0.0,0.0,,,,,
bert8_ablate_no_corruption_v1,1111,experiments/bert8_ablate_no_corruption_v1/runs/late_attn_tune/seed_1111/best.pt,17,1.602885682970027e-05,0,1.3624664937781397,0.6826481128407416,0.6798183778736079,0.0,0.0,0.0,0.0,,,,,
bert8_ablate_no_corruption_v1,1111,experiments/bert8_ablate_no_corruption_v1/runs/late_attn_tune/seed_1111/best.pt,18,1.2713832064634127e-05,0,1.3609419414930255,0.6874287746777045,0.6735131704361639,0.0,0.0,0.0,0.0,,,,,
bert8_ablate_no_corruption_v1,1111,experiments/bert8_ablate_no_corruption_v1/runs/late_attn_tune/seed_1111/best.pt,19,1.068365111445064e-05,0,1.3255941232788229,0.6566596180200577,0.6689345067906602,0.0,0.0,0.0,0.0,,,,,
bert8_ablate_no_corruption_v1,1111,experiments/bert8_ablate_no_corruption_v1/runs/late_attn_tune/seed_1111/best.pt,20,1e-05,0,1.3540314998582146,0.6727607303133635,0.6812707670381136,0.0,0.0,0.0,0.0,0.5336736600830343,0.6904166184323471,0.5610299924626542,0.6682818334934731,
