sample_id,modality,D,phi_class,phi_score_raw,observed
-UacrmKiTn4$_$7,T,0.292465440928936,0.37901338438193,0.7247604976097742,26
-UacrmKiTn4$_$7,A,0.021268372734387718,-0.0476583739121755,0.023204873005549118,26
-UacrmKiTn4$_$7,V,0.015175312757492065,-0.0329716553290685,-0.1155585398276647,26
-qDkUB0GgYY$_$5,T,0.03590073871115844,-0.08944587906201679,0.16060624644160268,48
-qDkUB0GgYY$_$5,A,0.06209799088537693,0.023950586716334023,0.10536132007837294,48
-qDkUB0GgYY$_$5,V,0.045166078954935074,0.02350805203119914,-0.060993093997240067,48
0utROiKxejc$_$1,T,0.4002161870400111,0.47655373315016425,1.2155620654424033,16
0utROiKxejc$_$1,A,0.01935674746831258,-0.03718615074952443,-0.11453137795130411,16
0utROiKxejc$_$1,V,0.013504604498545328,-0.07519142826398213,-0.22520790497461957,16
0utROiKxejc$_$4,T,0.29666462540626526,0.4811440954605738,-0.8097120771805444,33
0utROiKxejc$_$4,A,0.01881351073582967,0.039773444334665925,-0.05334911743799842,33
0utROiKxejc$_$4,V,0.04773437976837158,0.08781614402929941,-0.28474688033262885,33
0y022OlZ3W0$_$3,T,0.10562470306952795,0.04831468065579732,0.3781369378169378,17
0y022OlZ3W0$_$3,A,0.08087697190543015,0.047433262070020035,0.11993176241715749,17
0y022OlZ3W0$_$3,V,0.054528685907522835,0.0163412739833196,-0.20340083042780555,17
0y022OlZ3W0$_$5,T,0.18423862755298615,0.3118834892908732,-0.2678411230444908,22
0y022OlZ3W0$_$5,A,0.008948192000389099,0.0031735698382059727,-0.00026318430900572863,22
0y022OlZ3W0$_$5,V,0.0579277550180753,0.07556761304537454,-0.2834811881184578,22
0y022OlZ3W0$_$8,T,0.14075786309937635,0.11480930944283803,0.39812686666846275,13
0y022OlZ3W0$_$8,A,0.058492328971624374,-0.0024793396393458025,0.13555188849568367,13
0y022OlZ3W0$_$8,V,0.03742193182309469,-0.014214048782984413,-0.14817564189434052,13
101787$_$11,T,0.04643021523952484,0.09792110820611316,-0.08452481031417844,32
101787$_$11,A,0.027482921878496804,0.04397301872571309,-0.16980805993080136,32
101787$_$11,V,0.06535840531190236,0.08614361782868703,-0.3334207832813263,32
101787$_$13,T,0.3849913974603017,0.43513521552085876,1.3106650511423745,19
101787$_$13,A,0.023114914695421852,-0.04181276261806488,0.01864750186602277,19
101787$_$13,V,0.016540586948394775,-0.054968878626823425,-0.24653433760007223,19
101787$_$1,T,0.24623781939347583,0.20819778740406036,1.0008773257335026,16
101787$_$1,A,0.026769061883290608,-0.08187244832515715,-0.26558078328768414,16
101787$_$1,V,0.024581506848335266,-0.05143609642982482,-0.2632706711689631,16
101787$_$5,T,0.354664941628774,0.5266796151796976,-1.292914112408956,17
101787$_$5,A,0.037917494773864746,0.05856424073378245,-0.2619561304648717,17
101787$_$5,V,0.03374972939491272,0.061892504493395485,-0.28487909336884815,10
101787$_$7,T,0.45495959619681037,0.48713546991348267,1.748035654425621,8
101787$_$7,A,0.013831804196039837,-0.06464131176471709,-0.21923996508121496,8
101787$_$7,V,0.014575829108556112,-0.0429043024778366,-0.07779189944267274,8
101787$_$9,T,0.21502339964111647,0.4097064485152562,0.16888130828738213,19
101787$_$9,A,0.017646109995742638,0.043707405527432755,-0.10300865210592748,19
101787$_$9,V,0.016980327355364956,0.037449767192204796,-0.17038667388260362,19
102408$_$2,T,0.2356699456771215,0.3513620148102442,-0.5776644448439281,7
102408$_$2,A,0.030558993419011433,-0.015245144565900166,0.17561769609649974,7
102408$_$2,V,0.0278593103090922,-0.029608001311620075,0.12303716813524564,7
102408$_$5,T,0.21396286537249884,0.33005284269650775,-0.6555495094507933,29
102408$_$5,A,0.050705358386039734,-0.0326588029662768,0.21855000406503677,29
102408$_$5,V,0.05959336459636688,-0.05228081593910853,0.13493043743073938,29
102408$_$9,T,0.3586927230159442,0.5153913572430611,-0.9074931393067042,29
102408$_$9,A,0.039599036176999405,0.02469229698181152,0.21274060507615408,29
102408$_$9,V,0.04134225845336914,-0.04344860464334488,0.27573057015736896,29
102858$_$20,T,0.04499999557932218,0.08249905208746591,-0.0793507347504298,24
102858$_$20,A,0.020642075687646866,0.0323151151339213,0.05915634085734685,24
102858$_$20,V,0.04505463192860285,0.06259044508139291,-0.22341460237900418,24
102858$_$21,T,0.27508870015541714,0.4325960278511047,-0.8406848137577374,27
102858$_$21,A,0.028333534797032673,0.05437919497489929,-0.018754740556081114,27
102858$_$21,V,0.040914585192998246,0.07228505611419678,-0.29906898488601047,27
102858$_$1,T,0.20119882623354593,0.3414826194445292,0.38183146156370634,22
102858$_$1,A,0.0355146072494487,0.0572518656651179,0.167715173214674,22
102858$_$1,V,0.036498427391052246,0.05497481922308604,-0.2983093615621328,22
102858$_$0,T,0.35610340535640717,0.41325926780700684,1.1411851743857064,3
102858$_$0,A,0.03923303882280986,-0.026007294654846188,0.10316314796606701,3
102858$_$0,V,0.028886854648590088,-0.09139132499694824,-0.23733500142892197,3
102858$_$4,T,0.10845129440228145,0.0944380909204483,0.7000124057133992,48
102858$_$4,A,0.012052848935127258,0.04668746888637543,-0.03349963823954264,48
102858$_$4,V,0.021488100290298462,0.05238518118858337,-0.17633084456125891,48
102858$_$6,T,0.31393206864595413,0.3232836375633875,1.1778765494624772,26
102858$_$6,A,0.015987902879714966,-0.06462786843379338,0.06319292883078259,26
102858$_$6,V,0.05776057640711467,-0.12344650675853092,-0.41485599925120664,26
102858$_$10,T,0.3392173536121845,0.3828197121620178,1.195076304177443,10
102858$_$10,A,0.018129125237464905,-0.05718366801738739,0.05122381697098413,10
102858$_$10,V,0.02419514457384745,-0.07829494774341583,-0.20477726062138876,10
102858$_$17,T,0.01899635170896848,0.036790097753206887,0.032724931836128235,9
102858$_$17,A,0.022956067075332005,0.040763850013415016,0.030834082514047623,9
102858$_$17,V,0.036694519221782684,0.050159732500712075,-0.23721883073449132,9
102858$_$19,T,0.2669509382297595,0.31405113637447357,0.5616838783025742,12
102858$_$19,A,0.014787977561354637,-0.06938927620649336,-0.22624731808900833,12
102858$_$19,V,0.016892469798525177,-0.07513903826475142,-0.21929827332496643,12
112433$_$10,T,0.18105426927407584,0.27872358262538904,0.3544871844739343,1
112433$_$10,A,0.02886906454417234,0.05794951319694519,-0.1670777425946047,1
112433$_$10,V,0.057899075249830886,0.07776574790477753,-0.3165311626701926,1
112433$_$3,T,0.31081029772758484,0.4679642915725708,-0.9412061447898545,32
112433$_$3,A,0.02190012733141581,0.023927614092826843,0.041076665123303685,32
112433$_$3,V,0.039050390323003135,0.06094537675380707,-0.26404054711262387,32
112433$_$7,T,0.15546231468518576,0.2393789142370224,-0.38768182198206586,9
112433$_$7,A,0.04898536205291748,0.07392154633998871,-0.21992025772730506,9
112433$_$7,V,0.081736554702123,0.10879015922546387,-0.33231745163599646,9
112433$_$6,T,0.3582177485028903,0.5300551205873489,-1.2305349260568617,24
112433$_$6,A,0.013816535472869873,0.02918355166912079,-0.019932791590690592,24
112433$_$6,V,0.050325651963551835,0.07558533549308777,-0.3417513966560363,24
117tQqLjza4$_$6,T,0.2357490137219429,0.27323227624098456,0.5798155988256136,15
117tQqLjza4$_$6,A,0.0427402729789416,-0.0032281478246053083,0.056243250767389924,15
117tQqLjza4$_$6,V,0.049770762523015336,-0.012031649549802143,-0.27956680705149967,15
11j7EfglCAs$_$2,T,0.1289223013445735,0.1887440780798594,0.4652934925009806,24
11j7EfglCAs$_$2,A,0.012725790962576866,0.019986833135286968,-0.037686261037985475,24
11j7EfglCAs$_$2,V,0.0300680644189318,0.03325816492239634,-0.36621778147915995,16
121128$_$10,T,0.09150909632444382,0.03939915200074513,0.3940549033383528,15
121128$_$10,A,0.003995152190327644,-0.05932783583799998,-0.10794416566689809,15
121128$_$10,V,0.013922146211067837,-0.041365484396616616,-0.1813078907628854,15
121128$_$1,T,0.17587941388289133,0.26090635359287256,0.6167011062304179,29
121128$_$1,A,0.014015235006809235,0.024953484535217285,0.005313242475191753,29
121128$_$1,V,0.00731078286965688,0.03198675811290741,-0.1594772388537725,29
121128$_$0,T,0.24248765408992767,0.4260575473308563,0.3431230504065752,11
121128$_$0,A,0.03615164663642645,-0.01458132266998291,0.0817486010491848,11
121128$_$0,V,0.02409780273834864,0.050764769315719604,-0.20788889937102795,11
121128$_$5,T,0.3677803948521614,0.39179084201653797,1.6872280339399974,7
121128$_$5,A,0.03904720147450765,0.010907163222630814,0.07358602682749428,7
121128$_$5,V,0.014581561088562012,-0.03919526437918345,-0.1943778892358144,7
125344$_$0,T,0.1350060241917769,0.18018185595671332,-0.46158876518408454,48
125344$_$0,A,0.019360408186912537,0.03767716387907664,-0.010413671533266694,48
125344$_$0,V,0.0507868193089962,-0.019211371739705402,0.39451706906159717,14
125676$_$0,T,0.19953110752006373,0.22673117617766061,0.3861064041654269,13
125676$_$0,A,0.034708077708880104,-0.015757759412129722,-0.009163924803336465,13
125676$_$0,V,0.040059030055999756,-0.018813764055569962,0.08865264678994814,13
125676$_$4,T,0.2861673207953572,0.3373996863762537,0.9728259506324927,27
125676$_$4,A,0.05193797747294108,0.028829182187716164,0.03793595048288506,27
125676$_$4,V,0.03223292529582977,-0.009705235560735066,0.02275367143253485,27
128059$_$11,T,0.3495315710703532,0.5064381857713063,-1.1625839161376157,38
128059$_$11,A,0.013909469048182169,0.01896919806798299,-0.029997768501440737,38
128059$_$11,V,0.0600317120552063,0.09044339259465534,-0.3489741968611877,38
128059$_$12,T,0.42553040012717247,0.5754423836867014,-1.4708307658632598,16
128059$_$12,A,0.01966869831085205,0.004202599326769511,0.11376363287369404,16
128059$_$12,V,0.01761448383331299,0.03931280473868052,-0.0986693849166234,15
128059$_$2,T,0.27316517134507495,0.4192949583133061,-0.8022815038760502,14
128059$_$2,A,0.021795928478240967,0.034040500720341996,-0.08068044980367024,14
128059$_$2,V,0.08667587240537009,0.12781945367654163,-0.4037090887626012,14
128059$_$7,T,0.18630678517123064,0.3037131677071253,0.2594817516704401,48
128059$_$7,A,0.012501748278737068,0.013379732767740887,0.010432533298929538,48
128059$_$7,V,0.048929444824655846,0.06434022883574167,-0.31167552682260674,48
128059$_$6,T,0.41896601766347885,0.46828217804431915,1.4407736659049986,48
128059$_$6,A,0.030136585235595703,-0.021933585405349725,-0.0070473402738571184,48
128059$_$6,V,0.02854365110397339,-0.10643921792507172,-0.2766757160425186,48
128059$_$9,T,0.10202187423904738,0.037395055095354714,0.4372705891728401,22
128059$_$9,A,0.04002142200867335,0.016678283611933388,-0.015778817236423485,22
128059$_$9,V,0.0906550424794356,-0.150867556532224,-0.4952590614557265,22
128763$_$12,T,0.06291227787733078,0.02050565679868062,0.17335219432910287,18
128763$_$12,A,0.0276871956884861,-0.0828193227450053,-0.26727217311660445,18
128763$_$12,V,0.057663888980944954,0.03191473086675008,-0.15184150512019792,18
128763$_$3,T,0.325467512011528,0.4962483594814936,-1.2152168850104013,24
128763$_$3,A,0.035907248655954994,0.06358324984709421,-0.16713632146517432,24
128763$_$3,V,0.035074690977732345,0.07462255160013834,-0.3619963924090067,24
128763$_$2,T,0.27194565286238986,0.3887914568185806,0.5857617507378261,12
128763$_$2,A,0.023427429298559826,0.05797524750232696,-0.15494810541470846,12
128763$_$2,V,0.028261912365754448,0.03862378001213074,-0.3198296477397282,12
128763$_$5,T,0.16905471185843152,0.17303072909514108,0.7304300566514332,10
128763$_$5,A,0.028346223135789234,0.055547500650088,-0.050995389620463044,10
128763$_$5,V,0.019343396027882893,0.03452302018801371,-0.23206240932146707,10
128763$_$7,T,0.3199621190627416,0.49627635876337683,-1.0614769508441286,16
128763$_$7,A,0.036777754624684654,0.060711527864138276,-0.22581257422765094,16
128763$_$7,V,0.036930968364079796,0.07048674921194711,-0.3107646455367406,16
128763$_$8,T,0.04238641758759817,0.08625680704911548,0.009249843657016761,8
128763$_$8,A,0.05388542016347249,0.07739241917928058,-0.2740037254989147,8
128763$_$8,V,0.07601067423820496,0.09305596848328908,-0.4764426313340664,8
130456$_$11,T,0.37994034339984256,0.5659932444492976,-1.2512636557221413,34
130456$_$11,A,0.013325581947962442,0.029886762301127114,-0.014613494277000408,34
130456$_$11,V,0.029008179903030396,0.060611660281817116,-0.155356265604496,34
130456$_$3,T,0.32774189541426796,0.4443524877230326,-1.091002493786315,19
130456$_$3,A,0.016902953386306763,0.02399374047915141,0.04354328274105985,19
130456$_$3,V,0.011811931927998861,0.02546576658884684,-0.060560975379000064,14
130456$_$5,T,0.08834223945935568,0.09430790940920511,0.5028298695882161,11
130456$_$5,A,0.04711386561393738,0.09740364054838815,-0.04712517062822977,11
130456$_$5,V,0.04004957775274912,0.08135142425696054,-0.14751220742861432,11
130456$_$4,T,0.2565489088495572,0.4141432146231333,0.5204248602191608,23
130456$_$4,A,0.0399217481414477,0.0866165409485499,0.002210358778635655,23
130456$_$4,V,0.03083606312672297,0.06918885807196298,-0.030027595659097038,23
130456$_$7,T,0.3322271431485812,0.4665607760349909,-1.0693420941631,8
130456$_$7,A,0.03111162781715393,-0.02166724701722463,0.2336788599689801,8
130456$_$7,V,0.03638402124245962,0.06500385204950967,0.0017814983924229547,8
130456$_$6,T,0.2862794188161691,0.4278651177883148,-0.8048872488240402,33
130456$_$6,A,0.020601987838745117,0.03342847526073456,0.030467708905537932,33
130456$_$6,V,0.023325800895690918,0.04572989046573639,-0.12512201691667238,33
188343$_$13,T,0.20189044872919717,0.32282046476999915,-0.4693931192159652,42
188343$_$13,A,0.05662428836027781,0.08532930413881937,-0.19724830985069275,42
188343$_$13,V,0.06744878987471263,0.10121844212214151,-0.2746546119451522,42
188343$_$12,T,0.37450052301088965,0.5520691871643066,-1.5339675347010293,30
188343$_$12,A,0.03217262029647827,0.06894847750663757,-0.2273204276959101,30
188343$_$12,V,0.02312988042831421,0.0600440502166748,-0.19705864290396372,30
188343$_$5,T,0.06830581277608871,0.09582759439945221,-0.17431343843539554,20
188343$_$5,A,0.025537995000680287,0.050620004534721375,-0.04347725709279378,20
188343$_$5,V,0.060851680735747024,0.06865975260734558,-0.2460312818487485,20
188343$_$9,T,0.04072871431708336,0.03666894634564717,0.2254480676104625,30
188343$_$9,A,0.039401810305813946,0.06573088963826497,-0.12898939723769823,30
188343$_$9,V,0.051044504468639694,0.0802394946416219,-0.2109172164152066,30
188343$_$8,T,0.2602480699618657,0.3985833376646042,-0.811339482665062,21
188343$_$8,A,0.04598817229270935,0.08615246415138245,-0.15799446403980255,21
188343$_$8,V,0.05524937311808269,0.08983130753040314,-0.25965362787246704,21
1HK7Nea0PFo$_$1,T,0.15420136600732803,0.14066031575202942,0.4671561693151792,17
1HK7Nea0PFo$_$1,A,0.01686299468080203,-0.090680330991745,-0.09193101028601328,17
1HK7Nea0PFo$_$1,V,0.03036849945783615,-0.022922754287719727,-0.19697624693314236,17
216097$_$1,T,0.27227305620908737,0.3938686102628708,-0.9090615237752595,13
216097$_$1,A,0.0315951406955719,0.05697318911552429,-0.05710973838965099,13
216097$_$1,V,0.05413598815600078,0.09329862892627716,-0.23688161621491108,4
216097$_$2,T,0.1829529465176165,0.3197209040323893,0.33233305501441157,24
216097$_$2,A,0.030757819768041372,0.06037491063276927,-0.18581728202601272,24
216097$_$2,V,0.03634957612181703,-0.011974905927975971,-0.17594015908737975,22
216097$_$5,T,0.016188943137725193,-0.008802066246668495,0.024661914135018972,32
216097$_$5,A,0.0030262917280197144,0.017748643954594925,-0.033582005028923355,32
216097$_$5,V,0.032844080589711666,0.055575688680013016,-0.1266143148144086,27
216097$_$4,T,0.2734991709391276,0.4218510190645853,-0.7645187924305598,46
216097$_$4,A,0.026291827360788982,0.04955914119879404,-0.13336406151453656,46
216097$_$4,V,0.047324289878209434,0.08384641508261362,-0.1701652655998865,42
216097$_$7,T,0.38994529843330383,0.4562301139036814,1.3114940077066422,48
216097$_$7,A,0.012242376804351807,-0.05172659953435262,-0.09539698064327239,48
216097$_$7,V,0.03135037422180176,-0.014574875434239704,-0.1624172031879425,44
216097$_$8,T,0.30723123873273533,0.4737767527500788,-0.788112989316384,12
216097$_$8,A,0.01990408698717753,0.003360281387964884,0.10421453913052878,12
216097$_$8,V,0.04997832576433817,0.08520969251791635,-0.19023263330260912,1
223431$_$11,T,0.3055960536003113,0.496796707312266,-1.0368731593092282,27
223431$_$11,A,0.012306729952494303,0.03433572749296823,-0.008719717462857556,27
223431$_$11,V,0.055435359477996826,0.10978304843107858,-0.45354607452948886,27
223431$_$10,T,0.299580546716849,0.46467915674050647,-1.0038646658261616,13
223431$_$10,A,0.018833070993423462,0.043844198187192276,0.02585374812285105,13
223431$_$10,V,0.05914789438247681,0.10920341809590656,-0.3638834704955418,13
223431$_$13,T,0.2849104007085164,0.4457013656695683,-0.9176187167565026,24
223431$_$13,A,0.02833350499471029,0.039312188824017845,0.07267037530740099,24
223431$_$13,V,0.04263901710510254,0.08893807729085285,-0.28467006484667456,24
223431$_$0,T,0.270975686609745,0.30773779253164923,0.7777405518184726,2
223431$_$0,A,0.05349307010571162,-0.01589145263036092,0.23056490959910053,2
223431$_$0,V,0.04569641749064128,-0.11966729660828906,-0.3157508087266857,2
223431$_$5,T,0.11692579090595245,0.19685400029023487,-0.34529332576009136,17
223431$_$5,A,0.019165997703870136,0.009368961056073507,0.15688552971308428,17
223431$_$5,V,0.11060796678066254,0.15033789475758869,-0.5491152232668052,17
225770$_$3,T,0.0597793273627758,-0.03148326277732849,0.44373842452963197,48
225770$_$3,A,0.08440941385924816,0.07387681305408478,0.14047867556413016,48
225770$_$3,V,0.03208343436320622,-0.08013878762722015,-0.2565588938693205,48
225770$_$5,T,0.23426100666013858,0.401628370086352,0.3335937401279807,6
225770$_$5,A,0.031686810698981084,-0.012518902619679768,0.10227866563946007,6
225770$_$5,V,0.07982408946069579,0.10092356304327646,-0.42825742904096836,6
225770$_$4,T,0.25116702045003575,0.4171619862318039,0.3833597513536612,32
225770$_$4,A,0.034900978207588196,-0.0008911937475204476,0.17423279086748755,32
225770$_$4,V,0.04975949227809906,0.09278053045272827,-0.19834610943992928,32
225770$_$6,T,0.22391194850206375,0.3742586225271225,0.3541821275527279,33
225770$_$6,A,0.026873586854587,0.004696264863014221,0.10849156292776269,33
225770$_$6,V,0.0456074873606364,0.07721918821334839,-0.27242055193831527,33
236021$_$12,T,0.016988135874271393,-0.07072791457176207,0.1715052037810286,12
236021$_$12,A,0.03746786961952845,0.0013950914144515991,-0.11282358473787703,12
236021$_$12,V,0.1425104447019597,0.14811454713344574,0.2628635050108035,12
236021$_$1,T,0.24577637761831284,0.399777740240097,0.5060934151212375,27
236021$_$1,A,0.030072487890720367,0.0023279488086700457,0.057686443130175256,27
236021$_$1,V,0.006813849012056987,0.02510607242584228,-0.04879328360160194,27
236021$_$3,T,0.4142496610681216,0.5770985533793767,-1.423182557026545,7
236021$_$3,A,0.022585759560267128,0.03414206703503926,-0.10947122673193613,7
236021$_$3,V,0.02375407020250956,0.046592210729916886,-0.1242829809586207,7
236021$_$2,T,0.012082727005084356,-0.07430434723695119,-0.014963963379462573,48
236021$_$2,A,0.03376496955752373,-0.0006216218074162824,0.0013521450261274985,48
236021$_$2,V,0.013768976554274559,-0.03992577393849691,-0.08964591224988301,48
236021$_$5,T,0.23937523427108925,0.17517326772212982,1.1489560405413308,15
236021$_$5,A,0.044510190685590104,-0.028982922434806824,0.12964780504504836,15
236021$_$5,V,0.028884877761205036,-0.025428950786590573,-0.06364017104109129,15
236021$_$4,T,0.12773657962679863,0.22161906957626343,-0.20637460735936958,48
236021$_$4,A,0.018905052294333778,0.007690221071243286,0.08621135788659255,48
236021$_$4,V,0.009586905439694723,0.0075640082359313965,0.028849395612875608,48
237009$_$11,T,0.17699993774294853,0.27037676175435377,-0.46204260333130753,9
237009$_$11,A,0.032855664690335594,0.037859102090199784,0.1281785660733779,9
237009$_$11,V,0.06180053452650706,0.10700385769208272,-0.20236044718573493,9
237009$_$12,T,0.42218331495920813,0.5944469769795735,-1.7002285222212474,45
237009$_$12,A,0.009592562913894653,0.030391042431195572,-0.04635278383890788,45
237009$_$12,V,0.024157444636027016,0.05385292073090871,-0.22315717736879978,45
237009$_$4,T,0.24197353515774012,0.25241532921791077,0.7880198682347934,19
237009$_$4,A,0.06410771111647288,0.018161714076995846,0.18778178157905737,19
237009$_$4,V,0.02692447602748871,-0.007642775774002079,-0.061551037554939576,8
237009$_$7,T,0.4158041626214981,0.5976001620292664,-1.5453377043207486,8
237009$_$7,A,0.011613160371780396,0.030168235301971436,-0.006253232558568321,8
237009$_$7,V,0.01967853307723999,0.04811146855354309,-0.19609246899684268,8
237009$_$9,T,0.3604977323363225,0.4882985452810923,-1.2041593547910452,12
237009$_$9,A,0.023452311754226685,0.030895049373308815,0.009146809577941905,12
237009$_$9,V,0.03919838865598043,0.06937196354071298,-0.1028745416551829,12
241629$_$10,T,0.3895208338896433,0.5428060293197632,-1.5591765642166135,18
241629$_$10,A,0.01946265498797099,0.045629680156707764,-0.11241693794727332,18
241629$_$10,V,0.03979976971944173,0.07453116774559021,-0.28079454600811005,9
241629$_$0,T,0.291429082552592,0.3137255658706029,0.8207222546140351,13
241629$_$0,A,0.037092139323552445,-0.03882503012816111,0.12259184817473093,13
241629$_$0,V,0.022487302621205647,-0.08766547838846843,-0.37435963501532865,13
241629$_$3,T,0.24401084582010907,0.25376736621061957,0.9350497424602507,28
241629$_$3,A,0.009783297777175903,-0.06699553628762563,-0.008597493171691882,28
241629$_$3,V,0.05533776680628459,-0.11963399251302083,-0.2737450301647186,28
241629$_$5,T,0.16943778470158577,0.2629610300064087,0.3667153315618634,27
241629$_$5,A,0.032297959085553885,0.06202122569084167,0.05102184973657132,27
241629$_$5,V,0.03670812025666237,-0.027334600687026978,-0.23087001871317628,27
241629$_$8,T,0.38937304417292273,0.5618312805891037,-1.6407331253091495,48
241629$_$8,A,0.013494064410527546,0.04144316911697387,-0.0802813718716304,48
241629$_$8,V,0.03846108913421631,0.08279947936534882,-0.35588169346253073,48
243646$_$11,T,0.31913068393866223,0.49517676730950666,-0.8457676668961842,19
243646$_$11,A,0.04962426424026489,0.09984937806924185,-0.18298428257306415,19
243646$_$11,V,0.019553373257319134,0.030932505925496418,-0.13154830535252882,19
243646$_$12,T,0.41742431186139584,0.5840627600749333,-1.599686160683632,48
243646$_$12,A,0.026276379823684692,0.07012829681237538,-0.14160984382033348,48
243646$_$12,V,0.010111480951309204,0.023038913806279496,0.013901542872190475,48
243646$_$9,T,0.23603880840043226,0.41897917290528613,0.20736243529245257,1
243646$_$9,A,0.030502336099743843,0.028931652506192528,0.10366352857090531,1
243646$_$9,V,0.032237802942593895,0.07071920235951741,-0.0100713239517063,1
243646$_$8,T,0.16314449906349182,0.31143486003081,0.07631241526299465,12
243646$_$8,A,0.03368927163925643,0.0038214425245920803,-0.27808056018936134,12
243646$_$8,V,0.015346291164557139,0.06001358727614085,-0.060029313007059194,12
247318$_$12,T,0.37143757939338684,0.5459694365660349,-1.4275134007136028,13
247318$_$12,A,0.02695527672767639,0.04518952469031015,-0.19266430536905926,13
247318$_$12,V,0.02988170584042867,0.06395476559797922,-0.27005771795908595,13
247318$_$1,T,0.24717791130145392,0.3964777092138926,0.37650744492808974,16
247318$_$1,A,0.01944247881571452,0.050018365184466035,-0.11175803219278653,16
247318$_$1,V,0.03179013170301914,0.06648307542006174,-0.1854054679473241,16
247318$_$3,T,0.3118612865606944,0.48572211960951484,-1.0715894003709157,5
247318$_$3,A,0.04642890890439351,0.08051821092764536,-0.24985962112744647,5
247318$_$3,V,0.019261141618092854,0.054984102646509804,-0.19453372557957965,5
247318$_$2,T,0.20552533368269602,0.35969298581282294,0.2951754741370678,17
247318$_$2,A,0.017682370419303577,0.005446086327234902,-0.1671653501689434,17
247318$_$2,V,0.014054161806901295,0.04279809693495432,-0.19629713892936707,17
247318$_$5,T,0.1306546814739704,0.09567698339621225,0.5407057031989098,19
247318$_$5,A,0.012078866362571716,-0.04301873346169789,-0.04174301028251648,19
247318$_$5,V,0.02656730016072591,-0.08883367975552875,-0.018429093062877676,19
247318$_$7,T,0.3879850010077159,0.5637962321440378,-1.4981354027986526,6
247318$_$7,A,0.020090371370315552,0.04804612199465433,-0.0819686353206634,6
247318$_$7,V,0.021033038695653282,0.06215972701708475,-0.22644813358783727,6
247318$_$6,T,0.281526571760575,0.23960942029953,1.2426844437917073,5
247318$_$6,A,0.018567055463790894,-0.05055738985538483,-0.034294116000334406,5
247318$_$6,V,0.02605607112248739,-0.08417169749736785,0.01634874691565829,5
252998$_$1,T,0.24779040490587553,0.42317016919453937,0.3996349175771077,18
252998$_$1,A,0.010666903108358383,0.00966756542523702,-0.046601022283236176,18
252998$_$1,V,0.014899826298157373,0.02569239338239034,-0.24790550271670023,18
252998$_$0,T,0.11676880267138282,0.07730685671170552,0.35841063844660914,14
252998$_$0,A,0.011443778406828642,-0.07017328838507333,-0.13977636707325775,14
252998$_$0,V,0.05654832177485029,0.011872564752896622,-0.20057191265126068,14
252998$_$5,T,0.42916494607925415,0.6014506369829178,-1.5609626906613507,41
252998$_$5,A,0.015477885802586872,0.02411183714866638,0.02828575422366464,41
252998$_$5,V,0.023157993952433266,0.04075478017330169,-0.1585199820498625,41
252998$_$4,T,0.3165535976489385,0.4666687697172165,-0.9360140661398568,48
252998$_$4,A,0.015643030405044556,0.030197650194168087,-0.09302116433779398,48
252998$_$4,V,0.04029656449953715,0.05762667953968048,-0.18630860249201447,48
252998$_$7,T,0.13477810472249985,0.08846170703570047,0.67925459643205,37
252998$_$7,A,0.011280961334705353,-0.06656530996163686,-0.10303411881128949,37
252998$_$7,V,0.010214659074942272,-0.051303421457608536,-0.1868131707111994,35
252998$_$8,T,0.07845253000656764,0.1681598573923111,-0.15428980191548664,11
252998$_$8,A,0.03248662004868189,0.07914619147777556,0.006146291891733796,11
252998$_$8,V,0.04477336009343465,-0.008483022451400757,-0.2636205454667409,11
257247$_$10,T,0.39040156702200574,0.5673450231552124,-1.4854244738817215,8
257247$_$10,A,0.010592857996622723,0.022639989852905273,-0.04743799567222589,8
257247$_$10,V,0.02920531233151754,0.07175740599632263,-0.21028192341327667,8
257247$_$12,T,0.434301013747851,0.5977896104256312,-1.6916572954505678,19
257247$_$12,A,0.00672851006189982,0.008467982212702434,0.050291698426008294,19
257247$_$12,V,0.026776830355326336,0.05890011290709178,-0.26335017941892147,19
257247$_$2,T,0.17996351545055705,0.15615581969420114,0.6958229765295981,18
257247$_$2,A,0.030394981304804482,-0.028124993046124775,0.053540609776973724,18
257247$_$2,V,0.045235609014829,-0.12848650415738422,-0.10867695510387419,18
258654$_$1,T,0.4159239317911367,0.5855705936749775,-1.3801411582777896,48
258654$_$1,A,0.014720310767491657,0.027197246750195823,0.005604448107381651,48
258654$_$1,V,0.00827456514040629,0.017358248432477314,-0.019331974598268672,48
258654$_$3,T,0.3720835434893767,0.5475234438975651,-1.1197880407174425,48
258654$_$3,A,0.015577505032221476,0.033582811554272965,-0.047138584156831094,48
258654$_$3,V,0.013327141602834066,0.02650471528371175,-0.00549220790465668,48
258654$_$4,T,0.09827603648106256,0.03258516391118367,0.4932494548459847,15
258654$_$4,A,0.02225289742151896,-0.048051069180170686,0.03344570969541866,15
258654$_$4,V,0.04991239806016286,0.006689955790837601,0.1609735166033109,15
266791$_$24,T,0.34558487435181934,0.512314145763715,-1.2257069249947865,16
266791$_$24,A,0.023239543040593464,0.05225514372189839,-0.05498223503430677,16
266791$_$24,V,0.0408671498298645,0.08469751973946889,-0.281351884206136,16
266791$_$20,T,0.2264798879623413,0.33695918321609497,0.43748333553473157,36
266791$_$20,A,0.02167650560537974,0.05529925227165222,-0.13525349398454034,36
266791$_$20,V,0.028842059274514515,0.05862572789192199,-0.19829716285069782,36
266791$_$21,T,0.332476648191611,0.48917635778586066,-1.343909924228986,48
266791$_$21,A,0.031851490338643394,0.06542495886484781,-0.1364556153615316,48
266791$_$21,V,0.03704606493314107,0.08838429550329843,-0.23510417838891345,48
266791$_$23,T,0.26303164412577945,0.28930248816808063,0.7118145674467087,34
266791$_$23,A,0.011544093489646912,-0.05860167245070139,-0.04288633167743684,34
266791$_$23,V,0.036991387605667114,-0.12792828182379404,-0.14594170451164246,34
266791$_$29,T,0.03394707292318344,0.0548056811094284,0.07996828590209286,3
266791$_$29,A,0.023392073810100555,0.03166435658931732,0.04784789417559902,3
266791$_$29,V,0.08795207358586292,0.12194877862930295,-0.4656967020904024,3
266791$_$3,T,0.17178755005200702,0.17977297306060788,0.7846724887688954,19
266791$_$3,A,0.010532250006993612,0.035064563155174255,-0.12376334766546887,19
266791$_$3,V,0.010662232836087545,0.03255651891231537,-0.10304960111776987,19
266791$_$5,T,0.3163353204727173,0.49057300885518385,-1.0507216205199559,32
266791$_$5,A,0.02722621957461039,0.05164634188016255,-0.1544886579116186,32
266791$_$5,V,0.044133385022481285,0.0993849237759908,-0.20930915077527362,32
266791$_$4,T,0.08255837857723236,0.15327132244904834,-0.00800659507513047,13
266791$_$4,A,0.04606530567010244,0.059646671017011,-0.19240151345729828,13
266791$_$4,V,0.08015475049614906,0.11935426791508992,-0.21203535050153732,13
266791$_$6,T,0.2729483221968015,0.3940129180749257,0.5909513210256895,36
266791$_$6,A,0.03761471311251323,0.05970234175523122,0.03992504378159842,36
266791$_$6,V,0.026243776082992554,0.05286342402299245,-0.10169971237579983,36
266791$_$8,T,0.19933480521043143,0.33568039536476135,-0.4998113910357156,11
266791$_$8,A,0.03513740003108978,0.0632806122303009,-0.16433815161387122,11
266791$_$8,V,0.05104733010133108,0.10294350981712341,-0.18554619948069256,11
266791$_$11,T,0.3249906152486801,0.34468871851762134,1.1006692151228585,11
266791$_$11,A,0.010072380304336548,-0.05766414354244868,-0.08209667106469473,11
266791$_$11,V,0.03250368436177572,-0.11274142811695734,-0.20257947345574692,11
266791$_$14,T,0.12391114731629689,0.20640700062115985,-0.27939210335413617,26
266791$_$14,A,0.039123550057411194,0.07586040099461873,-0.14007059733072919,26
266791$_$14,V,0.0884895126024882,0.13744994004567462,-0.2825544277826945,26
270254$_$23,T,0.256039892633756,0.4094373732805252,-0.8143191486597059,17
270254$_$23,A,0.03005134065945943,0.06783154606819153,-0.07484826445579527,17
270254$_$23,V,0.06541088720162709,0.1247580498456955,-0.32096256315708155,17
270254$_$0,T,0.269722859064738,0.2973712980747223,0.6828702638546624,18
270254$_$0,A,0.06889705856641133,0.013514101505279541,0.14750714103380838,18
270254$_$0,V,0.027818799018859863,-0.11692097783088684,-0.16839856406052905,18
270254$_$6,T,0.16762937853733698,0.20497574905554453,0.4791194647550583,32
270254$_$6,A,0.01001042127609253,0.012576217452685036,-0.03581001609563826,32
270254$_$6,V,0.021663765112559002,0.04112244645754496,-0.12987061589956284,29
270254$_$8,T,0.3371457556883494,0.5114487608273823,-1.356204887231191,24
270254$_$8,A,0.023950815200805664,0.06599811216195424,-0.11286451419194538,24
270254$_$8,V,0.03789675235748291,0.09796581168969472,-0.28119750817616773,24
270254$_$11,T,0.18408242186220986,0.25772210458914435,0.6325090803826849,6
270254$_$11,A,0.0906366358200709,-0.030596231420834855,0.37515408654386795,6
270254$_$11,V,0.02695349355538686,0.04948953787485758,-0.1497313145858546,6
270254$_$14,T,0.03396837164958318,-0.014595593015352886,0.09248626884073019,10
270254$_$14,A,0.04292514299352964,0.07153067489465077,0.025017182342708118,10
270254$_$14,V,0.05884923739358783,0.10997321208318074,-0.19270231015980244,10
270254$_$16,T,0.09571401712795098,0.16160564124584195,0.2721940949559212,15
270254$_$16,A,0.007482212657729784,0.040920183062553406,-0.02803336828947067,15
270254$_$16,V,0.0337003276993831,-0.020549654960632324,-0.12040447443723676,15
272624$_$10,T,0.2594369041423003,0.40083869298299146,-0.7031381788353125,48
272624$_$10,A,0.031125431259473164,-0.014387304584185284,0.19401763876279193,48
272624$_$10,V,0.0636248638232549,0.09297901888688405,-0.3121090965966383,48
272624$_$13,T,0.20287490139404932,0.3342147171497345,-0.37898806234200794,37
272624$_$13,A,0.03503559033075969,-0.022235095500946045,0.1789712111155192,37
272624$_$13,V,0.0688574289282163,0.096954345703125,-0.271109585960706,37
272624$_$12,T,0.32589062054951984,0.47393606603145594,-1.0775731100390353,22
272624$_$12,A,0.014145821332931519,-0.007348403334617615,0.07453254734476407,22
272624$_$12,V,0.05500846107800801,0.08163246512413025,-0.3109112872431675,22
272624$_$16,T,0.34044944991668064,0.49941906332969654,-1.0555990119464693,48
272624$_$16,A,0.018595109383265175,-0.012075722217559814,0.1232113847509026,48
272624$_$16,V,0.04899490873018901,0.07784897089004517,-0.26290317671373487,48
272624$_$18,T,0.1736000676949819,0.2523576120535532,-0.5348673552895585,36
272624$_$18,A,0.02054211994012197,-0.007462730010350544,0.09478684080143768,36
272624$_$18,V,0.06810224056243896,0.08975924054781595,-0.3230213016892473,36
272624$_$2,T,0.1444387063384056,0.16050703823566434,0.773477635346353,46
272624$_$2,A,0.02918691188097,0.03620977699756622,0.1817753929644823,46
272624$_$2,V,0.03177362680435181,0.06517094373703003,-0.18096777144819498,46
272624$_$6,T,0.4006117917597294,0.5585286716620127,-1.479873616869251,35
272624$_$6,A,0.00962465008099874,-0.003814031680425008,0.08813701694210374,35
272624$_$6,V,0.04337117075920105,0.07261456052462259,-0.30002382087210816,35
272624$_$9,T,0.287740974376599,0.2934299608071645,1.1039739325642584,47
272624$_$9,A,0.0652999480565389,0.007909913857777909,0.24917856603860852,47
272624$_$9,V,0.033890863259633384,-0.11996049682299295,-0.17689810693264008,47
272624$_$8,T,0.4281856119632721,0.5943161348501841,-1.6104483753442762,43
272624$_$8,A,0.012535423040390015,-0.009978463252385456,0.12529215216636655,43
272624$_$8,V,0.03732115030288696,0.06724197665850322,-0.2952047139406204,43
273539$_$3,T,0.18421832223733267,0.30479308466116584,-0.28569200138250983,30
273539$_$3,A,0.04162512719631195,0.06491547326246898,-0.1467286745707194,30
273539$_$3,V,0.03220087289810181,0.04450620214144388,-0.179557258884112,30
273539$_$2,T,0.190990149974823,0.355344866712888,0.1303582638502121,3
273539$_$2,A,0.03705086559057236,-0.010538424054781595,-0.2799601182341575,3
273539$_$2,V,0.005062622328599295,0.040611733992894486,-0.2129080519080162,3
273539$_$9,T,0.3340986470381419,0.5171488175789515,-1.0427101651827495,46
273539$_$9,A,0.040966928005218506,0.07013384501139323,-0.2657086948553722,46
273539$_$9,V,0.037550538778305054,0.056549216310183205,-0.2627385954062144,46
290546$_$3,T,0.10910972021520138,0.08846347530682881,0.2708203295866648,23
290546$_$3,A,0.05805260253449281,0.030769636233647663,0.09624962384502093,23
290546$_$3,V,0.05864460704227288,-0.11767290035883585,-0.31244580571850133,23
290546$_$5,T,0.2577541222174962,0.3899604678153991,-0.7173718449970087,33
290546$_$5,A,0.04448840022087097,0.05965445935726165,0.018326284984747566,33
290546$_$5,V,0.047342777252197266,0.06733457744121552,-0.29854820047815644,33
290546$_$7,T,0.11629163349668184,0.07071557641029358,0.3737156745046377,48
290546$_$7,A,0.06411088102807601,0.03625935316085815,0.08200571313500403,48
290546$_$7,V,0.05388250326116879,-0.11004024744033812,-0.3515277449041605,48
290546$_$6,T,0.10503551612297693,0.054912254214286804,0.3311697688574592,8
290546$_$6,A,0.09589897344509761,0.08022433519363403,0.14528757395843667,8
290546$_$6,V,0.0522883137067159,-0.11344490945339203,-0.34447453947116924,8
2S00zYaVrtc$_$10,T,0.15311072766780853,0.270433967312177,-0.12627981106440223,18
2S00zYaVrtc$_$10,A,0.039041067163149513,0.05693443616231282,-0.001543196539084123,18
2S00zYaVrtc$_$10,V,0.0971056247750918,0.12133890887101491,-0.41827641675869626,18
2S00zYaVrtc$_$12,T,0.37885479132334393,0.46015220383803046,0.993363375465075,17
2S00zYaVrtc$_$12,A,0.010354084273179373,-0.06267800678809483,-0.16948697467645008,17
2S00zYaVrtc$_$12,V,0.03703848272562027,-0.10055818905433017,-0.33868580063184095,17
2S00zYaVrtc$_$20,T,0.3955630237857501,0.4663106550772984,1.2759359354774156,16
2S00zYaVrtc$_$20,A,0.0275195042292277,-0.044034461180369064,0.008818964163462268,16
2S00zYaVrtc$_$20,V,0.013940781354904175,-0.054012770454088845,-0.16100707401831946,16
2S00zYaVrtc$_$17,T,0.25083956867456436,0.26877016822497046,0.6750541180372238,18
2S00zYaVrtc$_$17,A,0.04387504110733668,-0.006983359654744465,-0.036117017269134535,18
2S00zYaVrtc$_$17,V,0.04464035977919896,-0.11646031339963277,-0.2960357218980789,18
2S00zYaVrtc$_$5,T,0.28169039512674016,0.34035450716813404,0.7694613908727963,25
2S00zYaVrtc$_$5,A,0.029221018155415855,-0.031727875272432954,0.031928402682145404,25
2S00zYaVrtc$_$5,V,0.012796804308891296,-0.06709150473276773,-0.19746241966883343,25
2S00zYaVrtc$_$4,T,0.29775550961494446,0.36236304541428876,0.790640299518903,20
2S00zYaVrtc$_$4,A,0.02628294130166372,-0.040837402145067855,0.039838393529256166,20
2S00zYaVrtc$_$4,V,0.012277772029240927,-0.06844271222750345,-0.19665148357550302,20
2Xt31_d0XEE$_$2,T,0.3367485279838244,0.41411447525024414,1.6076201659937697,24
2Xt31_d0XEE$_$2,A,0.03366681933403015,0.020744308829307556,0.1049752359588941,24
2Xt31_d0XEE$_$2,V,0.029352545738220215,0.025713399052619934,0.06099599724014601,24
31474$_$11,T,0.16721118862430254,0.1695993145306905,0.537812498708566,7
31474$_$11,A,0.0016544361909230552,-0.05493331948916117,-0.047243470946947724,7
31474$_$11,V,0.062083158642053604,-0.10399837295214333,-0.4088123912612597,7
31474$_$14,T,0.2529681324958801,0.3859772831201553,-0.7099173963069916,16
31474$_$14,A,0.04075509309768677,0.06733492016792297,-0.15279519557952878,16
31474$_$14,V,0.07912200689315796,0.11184863746166228,-0.3986475765705108,16
31474$_$0,T,0.27825839320818585,0.27538789312044776,0.8276757647593815,23
31474$_$0,A,0.061772468189398445,0.018189410368601482,0.019150962432225534,23
31474$_$0,V,0.020852486292521157,-0.06555651624997456,-0.2881162116924922,23
31474$_$3,T,0.14432863146066666,0.2955453296502431,0.10267187623927992,25
31474$_$3,A,0.020791093508402508,0.009585802753766377,-0.013734847617646057,25
31474$_$3,V,0.05085228119666378,-0.012158806125322977,-0.3251001381625731,25
31474$_$6,T,0.2841480573018392,0.45798301200071967,-0.8024788548549017,16
31474$_$6,A,0.04389692346254984,0.0795771429936091,-0.18764046331246698,16
31474$_$6,V,0.05047498146692912,0.08478728930155435,-0.2940515478452047,16
31474$_$9,T,0.40673654278119403,0.5803639938433964,-1.4722810337940853,8
31474$_$9,A,0.015839695930480957,0.03483185668786366,-0.07126666108767192,8
31474$_$9,V,0.023394137620925903,0.038225819667180375,-0.2111960003773371,8
31474$_$8,T,0.34081722299257916,0.502141257127126,-1.3400649229685464,8
31474$_$8,A,0.036163508892059326,0.05906482537587483,-0.20187367002169293,8
31474$_$8,V,0.04215425252914429,0.08084397514661153,-0.3456985453764597,8
32681$_$1,T,0.232525322586298,0.3809600273768107,-0.5459386333823204,21
32681$_$1,A,0.031078919768333435,0.0405861089626948,0.06561651080846786,21
32681$_$1,V,0.0512667844692866,0.10653364161650339,-0.14110106229782107,21
32681$_$3,T,0.3909144252538681,0.5688663274049758,-1.4530047128597894,39
32681$_$3,A,0.012380311886469523,0.030334338545799255,-0.053819636503855336,39
32681$_$3,V,0.027770827213923134,0.05711451172828674,-0.3005701551834742,39
32681$_$5,T,0.36259303490320843,0.5499728173017502,-1.3827425042788186,39
32681$_$5,A,0.014550973971684774,0.04646822810173035,-0.045126865307489925,39
32681$_$5,V,0.02926338712374369,0.07284225523471832,-0.3036279181639353,39
32681$_$6,T,0.20206826428572336,0.3206688513358434,-0.5856729795535406,28
32681$_$6,A,0.03816081086794535,0.0440638264020284,0.10155336062113443,28
32681$_$6,V,0.07980817556381226,0.1156108131011327,-0.45604542394479114,28
33170$_$1,T,0.11397861937681834,0.20766388376553852,0.19063729047775269,48
33170$_$1,A,0.010059374074141184,0.02636202176411947,0.023605667054653175,48
33170$_$1,V,0.054076972107092544,0.07494740684827168,-0.36594154685735697,48
33170$_$3,T,0.1571448395649592,0.2964672048886617,-0.12295297036568323,34
33170$_$3,A,0.008544844885667164,0.0034108062585194916,0.021137048800786342,34
33170$_$3,V,0.057089773317178086,0.06420656045277913,-0.2789695436755816,34
33170$_$4,T,0.32733376200000447,0.5009019126494725,-0.9034990621730685,33
33170$_$4,A,0.024358401695887245,0.02267233033974965,0.10851344279944891,33
33170$_$4,V,0.046512390176455184,0.06497265895207721,-0.29937258642166853,33
3MFNIag0wNE$_$12,T,0.07294293493032455,-0.020693038900693256,0.5702370057503382,48
3MFNIag0wNE$_$12,A,0.038790697852770485,0.06820956865946451,-0.16022912164529163,48
3MFNIag0wNE$_$12,V,0.07276842246452968,0.12210383514563242,-0.19756903251012164,48
3MFNIag0wNE$_$14,T,0.3619864955544472,0.5295004000266392,-1.5182444204886754,33
3MFNIag0wNE$_$14,A,0.026725133260091148,0.050009210904439286,-0.19086792071660358,33
3MFNIag0wNE$_$14,V,0.034095048904418945,0.09692881007989247,-0.19213182230790452,33
3MFNIag0wNE$_$16,T,0.39529850085576373,0.46136415004730225,1.1615309218565621,22
3MFNIag0wNE$_$16,A,0.018776605526606243,-0.044454231858253486,0.0017943183581034614,22
3MFNIag0wNE$_$16,V,0.02248460054397583,-0.03406958281993867,-0.12003629406293234,22
3MFNIag0wNE$_$7,T,0.05213462561368942,-0.013519992431004841,0.38517201583211624,19
3MFNIag0wNE$_$7,A,0.06541511168082555,0.09210298458735147,-0.271616169406722,19
3MFNIag0wNE$_$7,V,0.06361796031706035,0.12420238057772318,-0.10509204647193351,19
3V2qm0rw920$_$11,T,0.0868986959879597,0.04256156086921692,0.292470653851827,20
3V2qm0rw920$_$11,A,0.03472554155935844,-0.0026370137929916347,-0.030701799939076103,20
3V2qm0rw920$_$11,V,0.024054559258123238,-0.06699158251285553,-0.27856464932362235,20
3V2qm0rw920$_$13,T,0.43710258354743325,0.49517140785853064,1.8627953107158342,29
3V2qm0rw920$_$13,A,0.03006070852279663,-0.006463175018628441,0.04352415601412453,29
3V2qm0rw920$_$13,V,0.01597233613332113,-0.04240152736504872,-0.1533552085359892,29
3V2qm0rw920$_$3,T,0.2956894412636757,0.34270891547203064,0.7908939942717551,15
3V2qm0rw920$_$3,A,0.05628633499145508,0.002530887722969055,0.025833040475845313,15
3V2qm0rw920$_$3,V,0.031676217913627625,-0.09254942834377287,-0.2603953406214714,15
3j94B0pzSVs$_$12,T,0.32665474712848663,0.40233805775642395,0.8019832720359167,12
3j94B0pzSVs$_$12,A,0.004155546426773071,-0.067589670419693,-0.14970622460047403,12
3j94B0pzSVs$_$12,V,0.023057306806246437,-0.0419769287109375,-0.16336571673552194,12
3j94B0pzSVs$_$17,T,0.1149204671382904,0.16891179978847504,-0.35303723315397895,22
3j94B0pzSVs$_$17,A,0.0482085645198822,0.05708847939968109,-0.2632792989412943,22
3j94B0pzSVs$_$17,V,0.029306496183077495,0.04368096590042114,-0.13931682209173835,22
3j94B0pzSVs$_$1,T,0.08239196613430977,0.04040915767351786,0.277458434458822,34
3j94B0pzSVs$_$1,A,0.008092945984875161,-0.06158011158307393,-0.0572360036894679,34
3j94B0pzSVs$_$1,V,0.028923743714888893,-0.025645484526952103,-0.14712685579434037,34
3j94B0pzSVs$_$0,T,0.18384514500697455,0.1691318154335022,0.5897442003091176,30
3j94B0pzSVs$_$0,A,0.007468228538831075,-0.07632766664028168,-0.14658531049887338,30
3j94B0pzSVs$_$0,V,0.031665158768494926,-0.029344812035560608,-0.16480916241804755,30
4cFeG2ydm9A$_$8,T,0.3771594141920408,0.4565869023402532,1.4248832588394482,16
4cFeG2ydm9A$_$8,A,0.039880971113840744,-0.015331412355105078,0.13453701635201773,16
4cFeG2ydm9A$_$8,V,0.019205888112386067,-0.006122688452402747,-0.12641971061627066,16
4dV3slGSc60$_$10,T,0.3138275121649106,0.38068138559659315,0.8150193591912589,22
4dV3slGSc60$_$10,A,0.07466021676858266,0.023846079905827836,0.15990645190080008,22
4dV3slGSc60$_$10,V,0.026211713751157127,-0.09591452280680338,-0.22483235100905097,22
4dV3slGSc60$_$12,T,0.16924338229000568,0.16317981978257495,0.5034850590551894,20
4dV3slGSc60$_$12,A,0.11401246736447015,0.08808379371960957,0.23999689581493538,20
4dV3slGSc60$_$12,V,0.016468321283658344,-0.07780819634596506,-0.13438286477078995,20
4dV3slGSc60$_$22,T,0.10513612379630408,0.05878067513306935,0.326913205285867,48
4dV3slGSc60$_$22,A,0.09481785570581754,0.0741742600997289,0.09108811368544896,48
4dV3slGSc60$_$22,V,0.029419357577959698,-0.10445026556650797,-0.048150325814882905,1
4dV3slGSc60$_$9,T,0.35520491128166515,0.389594241976738,1.178310384353002,20
4dV3slGSc60$_$9,A,0.05811075369517009,0.011924311518669125,0.10140692939360932,20
4dV3slGSc60$_$9,V,0.0069313546021779375,-0.07556834816932678,-0.18079780290524167,20
4dV3slGSc60$_$8,T,0.24669651935497922,0.2787857005993525,0.8855555858463049,24
4dV3slGSc60$_$8,A,0.06086552143096924,0.027657205859820046,0.21506397332996133,24
4dV3slGSc60$_$8,V,0.08398416638374329,0.07435173789660135,0.19714498054236174,24
50103$_$3,T,0.4078491081794103,0.5807548811038334,-1.5837481717268624,45
50103$_$3,A,0.029194295406341553,0.04478377600510915,-0.23476398984591168,45
50103$_$3,V,0.034654855728149414,0.04285784562428792,-0.3319099346796671,45
5B0PQx3Ep3k$_$5,T,0.3525996617972851,0.4258485039075215,1.0989038596550622,28
5B0PQx3Ep3k$_$5,A,0.043114617466926575,-0.003471488753954574,0.04959609607855481,28
5B0PQx3Ep3k$_$5,V,0.018440614144007366,-0.03043600420157115,-0.09537564714749655,28
5O1W39o56gg$_$1,T,0.14195849001407623,0.2322004238764445,0.32458803678552306,14
5O1W39o56gg$_$1,A,0.022093463068207104,0.03530337909857432,0.12605837980906168,14
5O1W39o56gg$_$1,V,0.006081345180670421,0.024904305736223854,-0.13150389616688093,14
5O1W39o56gg$_$2,T,0.07236076146364212,0.1704405794541041,-0.10078823566436768,16
5O1W39o56gg$_$2,A,0.00816213091214498,0.03633684913317362,0.0013888403773307909,16
5O1W39o56gg$_$2,V,0.02710844079653422,0.03054841856161753,-0.2784721776843071,16
5O1W39o56gg$_$9,T,0.3409491615990798,0.36296384036540985,1.0786658997337024,15
5O1W39o56gg$_$9,A,0.02021808425585429,-0.050121381878852844,-0.07093431552251177,15
5O1W39o56gg$_$9,V,0.07098733882109325,0.040321797132492065,0.05464610705773039,15
5i6AgQSjXO4$_$3,T,0.1885372375448545,0.19414254029591876,0.4718784267703692,19
5i6AgQSjXO4$_$3,A,0.032607302069664,-0.007957259813944496,-0.03589551647504169,19
5i6AgQSjXO4$_$3,V,0.056484232346216835,0.026803751786549885,-0.07497140516837437,14
5i6AgQSjXO4$_$2,T,0.21011522940049568,0.24187694986661273,0.5908315852284431,28
5i6AgQSjXO4$_$2,A,0.03884531557559967,-0.005458066860834759,0.03698637150228022,28
5i6AgQSjXO4$_$2,V,0.07326842844486237,0.057857414086659745,0.06092533655464648,28
5i6AgQSjXO4$_$6,T,0.14638281986117363,0.1356249650319417,0.45005648458997405,9
5i6AgQSjXO4$_$6,A,0.03404603029290835,-0.025687942902247116,0.085483747224013,9
5i6AgQSjXO4$_$6,V,0.06233195091287295,-0.1025844911734263,-0.4669857857127984,9
5kaCGzjYukM$_$0,T,0.15891854092478752,0.23497134447097778,0.41423754238833976,34
5kaCGzjYukM$_$0,A,0.020215930572400488,0.012241229414939877,0.0018050776173671075,34
5kaCGzjYukM$_$0,V,0.02657170221209526,0.00632043182849884,-0.3273673147584001,34
5kaCGzjYukM$_$3,T,0.03864388664563497,-0.02805773913860321,0.08597683906555174,27
5kaCGzjYukM$_$3,A,0.024951015909512837,0.04612569510936737,-0.07658430933952334,27
5kaCGzjYukM$_$3,V,0.1021721934278806,0.14742207527160645,-0.43233922123908997,27
5kaCGzjYukM$_$2,T,0.15816285212834677,0.29476728041966754,-0.15513982127110162,36
5kaCGzjYukM$_$2,A,0.027224332094192505,0.05144742627938588,-0.03883967051903407,36
5kaCGzjYukM$_$2,V,0.10577001298467317,0.15020785232384998,-0.42598856488863623,36
5kaCGzjYukM$_$5,T,0.14469784001509348,0.24180464943250018,-0.25084476669629413,32
5kaCGzjYukM$_$5,A,0.03314934174219767,0.05700353284676869,-0.05861424406369521,32
5kaCGzjYukM$_$5,V,0.12346541881561279,0.16146970291932422,-0.497037132581075,32
5kaCGzjYukM$_$7,T,0.23497529824574787,0.24414858718713123,0.6722503900527953,48
5kaCGzjYukM$_$7,A,0.0055235326290130615,-0.06423313419024149,-0.14979943633079526,48
5kaCGzjYukM$_$7,V,0.019056404630343117,-0.053033674756685883,-0.23673710227012634,48
6KvG5VbLalY$_$9,T,0.059075056264797844,0.12390081087748209,0.09476842172443865,37
6KvG5VbLalY$_$9,A,0.019596154491106667,0.04594252506891886,0.09371288307011126,37
6KvG5VbLalY$_$9,V,0.01696300009886424,0.013459573189417517,0.017583396285772324,37
6ZA8I83x-oY$_$0,T,0.35334546615680057,0.4059165020783742,1.2148759017388024,23
6ZA8I83x-oY$_$0,A,0.04666218161582947,-0.0009102622667948382,0.07332932452360785,23
6ZA8I83x-oY$_$0,V,0.030623515446980793,-0.054541895786921174,-0.366861899693807,23
6ZA8I83x-oY$_$2,T,0.3655325584113598,0.4600558777650197,1.139156584938367,48
6ZA8I83x-oY$_$2,A,0.018413523832956948,-0.04528298477331797,0.03876259674628574,48
6ZA8I83x-oY$_$2,V,0.009933869043986002,-0.04061707357565562,-0.059918435911337546,48
6hFiTU77Sm0$_$1,T,0.12524069768066207,0.10864830017089844,0.357172830030322,14
6hFiTU77Sm0$_$1,A,0.008833388487497967,-0.04701189696788787,-0.02357038576155901,14
6hFiTU77Sm0$_$1,V,0.061824033657709755,0.02876131236553192,0.06710179056972265,14
6hFiTU77Sm0$_$2,T,0.09069615105787913,0.1557339032491048,0.27774104786415893,16
6hFiTU77Sm0$_$2,A,0.019400744078059994,0.025442217787106834,0.03142310803135236,16
6hFiTU77Sm0$_$2,V,0.017947683731714886,0.029950087269147233,-0.21902202504376572,16
6uPGcKTpC4I$_$1,T,0.25175565481185913,0.2643872797489166,0.7879595731695492,27
6uPGcKTpC4I$_$1,A,0.03728274007638296,0.0011274516582489014,-0.12164573619763058,27
6uPGcKTpC4I$_$1,V,0.047798678278923035,0.02812373638153076,-0.02399052182833354,27
6uPGcKTpC4I$_$2,T,0.21094763278961182,0.2165665825208028,0.6112250238656998,31
6uPGcKTpC4I$_$2,A,0.06663244465986888,0.03334282835324605,-0.0015346109867096086,31
6uPGcKTpC4I$_$2,V,0.046433985233306885,0.01654141147931417,-0.15418903529644012,31
6uPGcKTpC4I$_$6,T,0.237268374611934,0.2563348015149434,0.7071528658270836,16
6uPGcKTpC4I$_$6,A,0.06240225831667583,0.018783544500668842,0.05582275986671449,16
6uPGcKTpC4I$_$6,V,0.05058196187019348,0.0474733163913091,-0.06893699616193771,16
70280$_$11,T,0.3332774763305982,0.4982750018437703,-1.0527381027738252,23
70280$_$11,A,0.02199365695317586,0.04128800829251607,0.020130624373753826,23
70280$_$11,V,0.0202461580435435,0.05425008138020833,-0.07513304303089775,23
70280$_$3,T,0.09274309997757275,0.1845354487498601,-0.055565368384122835,25
70280$_$3,A,0.022235963493585587,0.024323244889577232,0.06656572222709654,25
70280$_$3,V,0.025608941912651062,0.058444624145825706,-0.16413188353180885,25
70280$_$4,T,0.08056918469568095,0.01897128423055013,0.43145271817532677,23
70280$_$4,A,0.03395712375640869,-0.025979767243067425,0.15472011532013613,23
70280$_$4,V,0.04203530649344126,-0.11865494648615518,-0.13856150155576566,23
70280$_$6,T,0.3780253157019615,0.5510311275720596,-1.3133147680200634,26
70280$_$6,A,0.02056780457496643,0.022886469960212704,0.10926716495305297,26
70280$_$6,V,0.023019661506017048,0.05816197395324707,-0.1700259023346007,26
75RGHaxmUK8$_$3,T,0.2804482827583949,0.33432962000370026,0.7889013985792794,19
75RGHaxmUK8$_$3,A,0.027303040027618408,-0.039504796266555786,0.017395655314127616,19
75RGHaxmUK8$_$3,V,0.046240960558255516,0.007552400231361387,-0.24717997511227924,19
75RGHaxmUK8$_$5,T,0.22431492805480957,0.3703970263401667,0.36748895918329555,13
75RGHaxmUK8$_$5,A,0.034371402114629745,0.06337882081667581,-0.22027394796411198,13
75RGHaxmUK8$_$5,V,0.023613736654321354,0.017306620875994366,-0.29119551430145896,13
7_K3F-lAv1k$_$2,T,0.31881824632485706,0.35274602472782135,0.9627967675526937,43
7_K3F-lAv1k$_$2,A,0.01126586894194285,-0.058452978730201714,-0.06097657481829326,43
7_K3F-lAv1k$_$2,V,0.02048058807849884,-0.046847522258758545,-0.19423229495684302,43
7r4vRxKLFCA$_$6,T,0.3009266344209512,0.37227124472459155,0.8016076615701118,37
7r4vRxKLFCA$_$6,A,0.05144537488619487,0.008642574151357017,0.15282071257630983,37
7r4vRxKLFCA$_$6,V,0.025697022676467896,-0.032468284169832856,-0.1854433411111434,37
80566$_$1,T,0.2468208571275075,0.2512789169947306,0.8891004025936127,13
80566$_$1,A,0.01763400932153066,-0.07032435139020285,0.04936918616294861,13
80566$_$1,V,0.019285663962364197,-0.034117331107457474,-0.20166409015655518,11
80566$_$0,T,0.19761463006337485,0.26733584702014923,0.6098509728908539,12
80566$_$0,A,0.024526380002498627,0.05523185431957245,-0.1250791996717453,12
80566$_$0,V,0.011487749715646107,0.0312616229057312,-0.16713495552539823,12
80566$_$3,T,0.17458117504914603,0.2467007885376612,0.4806083540121714,17
80566$_$3,A,0.01992697020371755,0.05180316666762033,-0.05931982894738515,17
80566$_$3,V,0.032598696649074554,0.04027722279230754,-0.31475332876046497,17
80566$_$2,T,0.33745822062095004,0.3533768206834793,1.1279574632644653,14
80566$_$2,A,0.044061531623204545,-0.03634028881788254,0.1565418839454651,14
80566$_$2,V,0.03972357511520386,-0.1461948975920677,-0.23115533590316772,14
80566$_$4,T,0.35684753954410553,0.3756740440924962,1.2094779101510844,7
80566$_$4,A,0.0539716233809789,-0.00950061033169429,0.12792470802863437,7
80566$_$4,V,0.041499714056650795,-0.13578669975201288,-0.2889476182560126,7
80566$_$6,T,0.20755025371909142,0.30352263649304706,-0.6227558155854542,17
80566$_$6,A,0.04093502958615621,0.08999960621198017,-0.07949003328879671,17
80566$_$6,V,0.05746546387672424,0.1047819157441457,-0.11265252282222113,17
80855$_$11,T,0.26242449165632326,0.44401293992996216,0.26647612460268033,15
80855$_$11,A,0.04850784596055746,0.068278431892395,0.16668475403760868,15
80855$_$11,V,0.030718840348223846,0.030898272991180416,-0.37527501947867364,15
80855$_$10,T,0.2806167538122584,0.46378732224305463,0.3425618003432949,17
80855$_$10,A,0.017963224168245993,0.03693062563737234,-0.03697025372336309,17
80855$_$10,V,0.020870538040374715,0.02277003725369771,-0.3105268289024631,17
80855$_$12,T,0.2146551211675008,0.2000284691651662,0.6871173419058322,21
80855$_$12,A,0.016668833792209625,-0.05555678407351176,0.060923539102077505,21
80855$_$12,V,0.034248724579811096,-0.10512826840082802,-0.31587543711066246,21
80855$_$15,T,0.4435417602459589,0.47999508678913116,1.643693149089813,19
80855$_$15,A,0.01390470067660014,-0.0961744338274002,-0.054934442043304485,19
80855$_$15,V,0.0,0.0,0.0,0
80855$_$17,T,0.179953063527743,0.2895711660385132,-0.3747723003228505,30
80855$_$17,A,0.06154822806517283,0.09168063104152678,-0.20970799525578815,30
80855$_$17,V,0.04597846666971842,0.06996433436870575,-0.2392657895882924,16
80855$_$0,T,0.20038015767931938,0.260233610868454,0.5158585968116918,1
80855$_$0,A,0.033164484426379204,0.06629864871501923,-0.09212265660365423,1
80855$_$0,V,0.05670066798726718,0.0745033472776413,-0.3291143265863259,1
80855$_$3,T,0.24955412186682224,0.20649119714895883,0.8482821782430013,3
80855$_$3,A,0.040197844306627914,-0.03382152815659841,0.11989522104461986,3
80855$_$3,V,0.03238497177759806,-0.042923470338185624,-0.07736750567952791,3
80855$_$2,T,0.3821606934070587,0.419448251525561,1.1698228518168132,5
80855$_$2,A,0.008229613304138184,-0.08462863167126974,-0.17462905248006183,5
80855$_$2,V,0.02834962805112203,-0.099411075313886,-0.30274554093678785,5
80855$_$7,T,0.22602844486633938,0.18777398268381754,0.8137137293815613,7
80855$_$7,A,0.010492679973443348,-0.07994165023167928,-0.1949827671051025,7
80855$_$7,V,0.04359633972247441,-0.0954854687054952,-0.41680094599723816,7
80855$_$20,T,0.19936357935269672,0.23738469680150348,0.6741575251022975,16
80855$_$20,A,0.010409685472647348,0.026461829741795857,-0.08029798169930777,16
80855$_$20,V,0.009695455431938171,0.011453141768773394,-0.2413167854150136,16
830KzUc6CbU$_$0,T,0.1727695812781652,0.21812077363332108,0.6065096283952394,18
830KzUc6CbU$_$0,A,0.00725950300693512,0.032176529367764786,-0.0951517422993978,18
830KzUc6CbU$_$0,V,0.022104660669962566,0.04363310833772023,-0.1609880154331525,18
830KzUc6CbU$_$13,T,0.1181689699490865,0.1997924894094467,-0.23248063027858734,47
830KzUc6CbU$_$13,A,0.03668145835399628,0.07027450203895569,-0.06203573942184448,47
830KzUc6CbU$_$13,V,0.0845497449239095,0.12655682861804962,-0.2976662069559097,41
84140$_$0,T,0.4070698829988638,0.4632820188999176,1.5270206729571025,22
84140$_$0,A,0.03282094995180766,-0.034033820033073425,0.04226507494846983,22
84140$_$0,V,0.017943660418192547,-0.030882224440574646,-0.12868296851714456,22
84140$_$5,T,0.4289455749094486,0.6005685826142628,-1.484503629306952,48
84140$_$5,A,0.019821067651112873,0.03248292704423268,-0.12453280637661619,48
84140$_$5,V,0.010307302077611288,0.02630624671777089,-0.05695034066836043,48
89835$_$1,T,0.19154874980449677,0.15015249947706857,0.7287100379665692,18
89835$_$1,A,0.005471778412659963,-0.06040512522061666,-0.1574846530954043,18
89835$_$1,V,0.059867056707541146,0.016323323051134743,-0.13847644130388892,18
89835$_$0,T,0.14777844150861105,0.0949966162443161,0.5872826327880224,13
89835$_$0,A,0.010718055069446564,-0.05388695001602172,-0.13982270161310834,13
89835$_$0,V,0.0156031201283137,-0.07191117107868193,-0.21861046055952707,13
89835$_$4,T,0.3582049831748009,0.5400960296392441,-1.2573839674393337,48
89835$_$4,A,0.019710888465245564,0.04226426780223846,-0.09203096727530162,48
89835$_$4,V,0.02826535701751709,0.070773184299469,-0.20329035321871441,48
89835$_$7,T,0.3229049990574519,0.5023544579744339,-0.9632214208443958,41
89835$_$7,A,0.0307402511437734,0.04530893266201019,-0.1605689724286397,41
89835$_$7,V,0.03841734925905863,0.07503071427345276,-0.19920348127683007,41
8eaYvALnJ0o$_$1,T,0.17085852846503258,0.15988013645013172,0.44120966146389645,24
8eaYvALnJ0o$_$1,A,0.03504147628943125,-0.017472783724466957,0.043134572605292,24
8eaYvALnJ0o$_$1,V,0.03063093622525533,-0.01992314557234446,-0.12114917238553365,24
8eaYvALnJ0o$_$0,T,0.4495686739683151,0.4870308488607406,1.6923450579245887,14
8eaYvALnJ0o$_$0,A,0.029056052366892494,-0.038861274719238274,0.04428302248318993,14
8eaYvALnJ0o$_$0,V,0.010610759258270264,-0.05566190183162689,-0.16136219600836435,14
8x_nCOh6Wmc$_$6,T,0.33627163618803024,0.41636600097020465,0.9995873371760049,47
8x_nCOh6Wmc$_$6,A,0.020084445675214134,-0.04488002757231395,-0.04595633347829183,47
8x_nCOh6Wmc$_$6,V,0.026043439904848732,-0.017803991834322613,-0.13713129361470539,47
96642$_$1,T,0.13717225225021443,0.22044440607229865,0.31234614426891005,25
96642$_$1,A,0.008744163749118645,0.031044031182924904,-0.15584073339899382,25
96642$_$1,V,0.007429962046444416,0.04002613822619121,-0.09750384216507274,25
96642$_$3,T,0.4314772437016169,0.4888478964567184,1.5296928634246187,17
96642$_$3,A,0.016705493132273354,-0.07442486286163329,-0.04403489331404373,17
96642$_$3,V,0.01899176836013794,-0.030349716544151306,-0.12704662481943763,3
96642$_$2,T,0.25467753410339355,0.39560648798942566,0.5614600305755932,18
96642$_$2,A,0.03460382670164108,0.06426785886287689,-0.024462396899859115,18
96642$_$2,V,0.017004167040189106,0.005724057555198668,-0.13928278038899106,18
96642$_$4,T,0.016918505231539406,0.007716218630472818,0.12794947065412998,35
96642$_$4,A,0.06110248869905869,0.10163042942682901,-0.2273439522832632,35
96642$_$4,V,0.008674162129561106,0.026924858490626015,-0.04711850360035896,34
99501$_$10,T,0.054406830575317144,0.06365988651911417,0.23463525188465909,21
99501$_$10,A,0.012627014424651861,0.027005369464556374,-0.08433120759824911,21
99501$_$10,V,0.01825018087401986,0.033867533008257546,-0.1542354008803765,21
99501$_$13,T,0.377890611688296,0.5587629278500874,-1.2393963187932968,38
99501$_$13,A,0.02633772293726603,0.04257765909036,-0.20208530128002167,38
99501$_$13,V,0.01619909207026164,0.04011598726113637,-0.10081967711448672,38
99501$_$1,T,0.14936638126770654,0.22382741173108417,0.42180919647216797,18
99501$_$1,A,0.015400869150956472,0.009565000732739765,-0.07815928012132645,18
99501$_$1,V,0.029562232395013172,0.07328606148560841,-0.10718610137701035,18
99501$_$0,T,0.15700590486327806,0.17083423833052316,0.5798824553688366,1
99501$_$0,A,0.019020152588685352,-0.02743153770764669,0.008751121660073607,1
99501$_$0,V,0.048787981271743774,-0.1294698764880498,-0.1505098740259806,1
99501$_$5,T,0.1367760250965754,0.24177828927834827,-0.16111669441064197,39
99501$_$5,A,0.02209794024626414,0.04338470598061879,-0.08317485948403675,39
99501$_$5,V,0.03726630906263987,0.06619890530904134,-0.13718642791112265,39
99501$_$7,T,0.04159097792580724,0.06379831333955129,0.14399515356247622,18
99501$_$7,A,0.011329594844331345,0.03051019211610158,-0.0784647196220855,18
99501$_$7,V,0.01892405957914889,0.04934953649838765,-0.0903402358914415,18
9QI-9w_VdB4$_$0,T,0.04550295571486155,-0.03732615212599436,0.3121420728663603,24
9QI-9w_VdB4$_$0,A,0.0757116296639045,0.051271786292394,0.12045517067114511,24
9QI-9w_VdB4$_$0,V,0.04033698389927546,0.006657486160596207,-0.1289586958785852,24
AG5EY8ZaFj4$_$3,T,0.22335534542798996,0.2654864639043808,0.6032712236046791,17
AG5EY8ZaFj4$_$3,A,0.014040748278299967,-0.073833629488945,-0.06226105988025664,17
AG5EY8ZaFj4$_$3,V,0.03872383137543996,-0.09490031003952026,-0.2809104546904564,17
AG5EY8ZaFj4$_$15,T,0.14067977418502173,0.2058282742897669,0.38843925545612973,26
AG5EY8ZaFj4$_$15,A,0.00417435293396314,0.03365535537401835,-0.08626915266116458,26
AG5EY8ZaFj4$_$15,V,0.014269369343916576,0.03182643155256907,-0.17575338979562125,26
Arh2TKRi_mg$_$15,T,0.3847726956009865,0.46139157811800635,1.2006753211220105,23
Arh2TKRi_mg$_$15,A,0.024309247732162476,-0.04243030150731404,0.015897368391354902,23
Arh2TKRi_mg$_$15,V,0.019654234250386555,-0.06284408768018086,-0.24480419109265011,23
Arh2TKRi_mg$_$14,T,0.25990359112620354,0.31088486810525257,0.7119482407967249,22
Arh2TKRi_mg$_$14,A,0.03357855478922526,-0.017227972547213234,0.023037935296694456,22
Arh2TKRi_mg$_$14,V,0.015269736448923746,-0.03411264220873515,-0.10288654764493305,22
Arh2TKRi_mg$_$16,T,0.26240974105894566,0.3251433024803797,0.712168683608373,32
Arh2TKRi_mg$_$16,A,0.04384933908780416,0.0038076887528101615,0.08833994840582213,32
Arh2TKRi_mg$_$16,V,0.027710571885108948,-0.0135787030061086,-0.014571561167637474,32
Arh2TKRi_mg$_$19,T,0.3121290107568105,0.3267967104911804,1.1956439465284345,21
Arh2TKRi_mg$_$19,A,0.032179832458496094,-0.0077684819698333775,-0.021869078278541558,21
Arh2TKRi_mg$_$19,V,0.012085606654485067,-0.05991604924201965,-0.21388807892799377,21
Arh2TKRi_mg$_$32,T,0.4211755419770876,0.4784531990687052,1.8096087848146756,28
Arh2TKRi_mg$_$32,A,0.017277687788009644,-0.044319157799084984,-0.02861136446396506,28
Arh2TKRi_mg$_$32,V,0.030160496632258095,0.01622536281744639,0.06748161216576892,28
Arh2TKRi_mg$_$28,T,0.31352586795886356,0.47959213952223456,-0.7092426667610803,16
Arh2TKRi_mg$_$28,A,0.0233231782913208,0.038771520058314,-0.05198290447394052,16
Arh2TKRi_mg$_$28,V,0.015313953161239624,0.022818530599276222,-0.09259111682573956,16
Arh2TKRi_mg$_$3,T,0.27801504731178284,0.3188298592964808,0.8522424350182214,32
Arh2TKRi_mg$_$3,A,0.03218528131643931,-0.015436430772145592,-0.014324968059857671,32
Arh2TKRi_mg$_$3,V,0.024950941403706867,-0.007205550869305931,-0.05770506461461386,32
AxNy9TeTLq8$_$0,T,0.36759011819958687,0.449294164776802,1.5228860154747963,38
AxNy9TeTLq8$_$0,A,0.024750600258509316,-0.011053964495658878,0.088614758104086,38
AxNy9TeTLq8$_$0,V,0.04274543126424153,0.018087834119796753,0.1359178684651852,38
BSKAHXFYF_I$_$1,T,0.11688882174591224,0.23138570288817084,0.21144939648608363,13
BSKAHXFYF_I$_$1,A,0.015953614376485348,0.028385529915491738,0.07636592785517374,13
BSKAHXFYF_I$_$1,V,0.03326902041832606,-0.0029504646857579538,-0.16704919127126533,13
BSKAHXFYF_I$_$3,T,0.11295700073242188,0.17250825961430866,0.42016628881295526,32
BSKAHXFYF_I$_$3,A,0.029290474951267242,0.006166388591130573,0.020556663473447166,32
BSKAHXFYF_I$_$3,V,0.04892229040463766,0.08385392030080159,-0.2050508062044779,2
BSKAHXFYF_I$_$7,T,0.15445764114459357,0.24690119425455725,0.40746914874762297,14
BSKAHXFYF_I$_$7,A,0.018199415101359286,0.042293707529703774,0.04623211361467837,14
BSKAHXFYF_I$_$7,V,0.06648552417755127,0.09078464905420938,-0.2702813195064664,3
BSKAHXFYF_I$_$8,T,0.257807361582915,0.29801403979460395,0.7153986444075902,16
BSKAHXFYF_I$_$8,A,0.032549815873305,-0.03527100880940755,0.04031606515248617,16
BSKAHXFYF_I$_$8,V,0.07695799320936203,-0.1513153662284215,-0.39902862409750617,16
Baz0VVQ-E9E$_$10,T,0.20627856192489466,0.3363183587789535,-0.3889883359273274,9
Baz0VVQ-E9E$_$10,A,0.04262045522530873,-0.030275672674179077,0.25138169402877486,9
Baz0VVQ-E9E$_$10,V,0.04166163752476374,0.06630261242389679,-0.11294797932108241,9
Baz0VVQ-E9E$_$1,T,0.1166584106783072,0.06310840944449106,0.5246975291520357,12
Baz0VVQ-E9E$_$1,A,0.06693262606859207,0.010881597797075905,0.17682142183184624,12
Baz0VVQ-E9E$_$1,V,0.008950779835383097,-0.06477500995000203,-0.04832041077315807,12
Baz0VVQ-E9E$_$5,T,0.20732136070728302,0.34142589569091797,-0.43678678820530575,7
Baz0VVQ-E9E$_$5,A,0.052553266286849976,0.08332160115242004,-0.11235881845156351,7
Baz0VVQ-E9E$_$5,V,0.02536216378211975,0.053561806678771966,-0.13859090457359952,7
Baz0VVQ-E9E$_$7,T,0.31898777435223263,0.3655354479948679,0.9766392136613528,18
Baz0VVQ-E9E$_$7,A,0.047526250282923385,-0.007748415072758995,0.10992070535818733,18
Baz0VVQ-E9E$_$7,V,0.019709616899490356,-0.0952788194020589,-0.1791997229059537,18
CJGuudyvA0Y$_$4,T,0.08117713127285242,0.13505512475967407,0.24707414830724395,39
CJGuudyvA0Y$_$4,A,0.012284964012602966,0.021377041935920715,-0.014246897151072812,39
CJGuudyvA0Y$_$4,V,0.025836978418131668,0.041840627789497375,-0.27859159683187806,22
CPjbogfLHR4$_$2,T,0.280038954069217,0.42988838255405426,-0.6457244729002316,16
CPjbogfLHR4$_$2,A,0.03664533793926239,0.051405042409896844,0.05672343323628108,16
CPjbogfLHR4$_$2,V,0.021704211831092834,0.02996335923671722,-0.1427245338757833,16
CPjbogfLHR4$_$5,T,0.22702158126048744,0.2710897773504257,0.6647171517834067,29
CPjbogfLHR4$_$5,A,0.030382116635640465,-0.02059999108314515,0.0546512329019606,29
CPjbogfLHR4$_$5,V,0.0011275907357533774,-0.053883746266365044,-0.025058792438358082,29
DdUJojoFU_c$_$11,T,0.26363527386759716,0.29203214744726813,0.9458969461265953,24
DdUJojoFU_c$_$11,A,0.08126291632652283,0.050983394185702004,0.23919800529256466,24
DdUJojoFU_c$_$11,V,0.025651544332504272,0.003972599903742468,-0.08002865198068321,24
DdUJojoFU_c$_$15,T,0.17618249356746674,0.17623063921928406,0.46030147622028983,16
DdUJojoFU_c$_$15,A,0.06483841687440872,0.01650859415531158,0.09212317566076914,16
DdUJojoFU_c$_$15,V,0.03165896733601888,6.021559238434185e-05,-0.11972413708766301,16
DdUJojoFU_c$_$14,T,0.07511670142412186,0.019657840331395462,0.27507197856903076,23
DdUJojoFU_c$_$14,A,0.07288317133982976,0.03376609583695729,0.10543654114007947,23
DdUJojoFU_c$_$14,V,0.11911132435003917,0.12401783963044484,0.21094550937414167,23
DdUJojoFU_c$_$17,T,0.07951381554206212,-0.19781393061081567,0.10801378761728603,20
DdUJojoFU_c$_$17,A,0.06911477819085121,0.030818593998750046,0.12208494481941064,20
DdUJojoFU_c$_$17,V,0.12847254425287247,0.1411782105763753,0.21844252136846382,14
DdUJojoFU_c$_$16,T,0.2580905457337697,0.33030207951863605,0.9290454921623071,39
DdUJojoFU_c$_$16,A,0.04878044128417969,0.011274089415868124,0.13225408395131427,39
DdUJojoFU_c$_$16,V,0.07667007048924765,0.07881372173627217,0.3096530300875505,39
DdUJojoFU_c$_$2,T,0.19351313387354213,0.17617759108543396,0.7075006440281868,44
DdUJojoFU_c$_$2,A,0.08501519759496053,0.04896032810211181,0.19619505107402802,44
DdUJojoFU_c$_$2,V,0.06608171264330547,0.06591495871543884,0.019147284328937544,44
DdUJojoFU_c$_$6,T,0.1652156508838137,0.3482329497734705,0.1277764254870514,32
DdUJojoFU_c$_$6,A,0.05362665777405103,-0.03302115698655446,0.08689801945971945,32
DdUJojoFU_c$_$6,V,0.03812112038334211,-0.027820428212483723,-0.019671531471734255,32
DdUJojoFU_c$_$8,T,0.05357481104632219,-0.046798760692278535,0.3339578807353973,28
DdUJojoFU_c$_$8,A,0.08065907781322797,0.0388293315966924,0.14479809626936913,28
DdUJojoFU_c$_$8,V,0.0717536856730779,0.05861484011014302,0.00750926509499551,28
DlbYiwOnTyk$_$1,T,0.2859113502005736,0.34773513178030646,0.8287375171979267,20
DlbYiwOnTyk$_$1,A,0.01700134575366974,-0.04566106696923574,-0.019075738886992134,20
DlbYiwOnTyk$_$1,V,0.01337575912475586,-0.057708313067754105,-0.16053667912880581,20
E8MuzHUhUHk$_$15,T,0.3604513891041279,0.4312552710374196,1.4609953127801418,16
E8MuzHUhUHk$_$15,A,0.016669889291127525,-0.0442540595928828,-0.040638085454702384,16
E8MuzHUhUHk$_$15,V,0.05046196778615315,0.05406213303407033,0.11801517009735107,16
E8MuzHUhUHk$_$14,T,0.23269351571798325,0.2637637654940287,0.7863315778474013,18
E8MuzHUhUHk$_$14,A,0.035022606452306114,-0.01189092298348745,0.06866893793145813,18
E8MuzHUhUHk$_$14,V,0.09646421174208324,0.07996302346388498,0.23721275726954139,18
E8MuzHUhUHk$_$16,T,0.29433490708470345,0.3700345754623413,0.8027537781745194,30
E8MuzHUhUHk$_$16,A,0.020063191652297974,-0.033745914697647095,-0.14072397910058498,30
E8MuzHUhUHk$_$16,V,0.054574355483055115,0.03264531493186951,0.09946483746171,30
E8MuzHUhUHk$_$2,T,0.3442044680317243,0.392983208100001,1.1067580630381901,26
E8MuzHUhUHk$_$2,A,0.02642795940240224,-0.030777444442113236,-0.014890114466349311,26
E8MuzHUhUHk$_$2,V,0.006764233112335205,-0.08057852586110432,-0.0569902906815211,26
E8MuzHUhUHk$_$9,T,0.239019355426232,0.2863522221644719,0.5909285942713419,25
E8MuzHUhUHk$_$9,A,0.04213557144006093,-0.0191840926806132,0.09092287967602412,25
E8MuzHUhUHk$_$9,V,0.026848460237185158,-0.09279325107733408,-0.19312289108832675,25
EEjCkc82oyk$_$7,T,0.21129309634367624,0.34575637678305304,-0.43073581655820203,22
EEjCkc82oyk$_$7,A,0.03616872429847717,0.06794797877470651,-0.12235309680302939,22
EEjCkc82oyk$_$7,V,0.03396270672480265,0.058534572521845504,-0.1739984651406606,22
EEjCkc82oyk$_$9,T,0.0651830753001074,0.09697072207927704,0.1737045339929561,21
EEjCkc82oyk$_$9,A,0.015815161634236574,0.02922135591506958,-0.12274429465954502,21
EEjCkc82oyk$_$9,V,0.0141071822339048,0.032295092940330505,-0.027563872126241534,15
EQxkXiWAm08$_$8,T,0.17700067348778248,0.28719166914621985,0.3613702356815338,13
EQxkXiWAm08$_$8,A,0.01205361820757389,0.025313193599383037,0.03712932020425795,13
EQxkXiWAm08$_$8,V,0.02734929385284583,0.019652689496676125,-0.36582510173320765,13
ET1cU5_A2YM$_$1,T,0.18652649223804474,0.3073680102825165,-0.4337677210569382,24
ET1cU5_A2YM$_$1,A,0.053824394941329956,0.07198642194271088,-0.22644542157649994,24
ET1cU5_A2YM$_$1,V,0.03691154221693675,0.05024279654026031,-0.32199975848197937,24
ET1cU5_A2YM$_$3,T,0.0973540370663007,0.07140580316384633,0.24663016448418296,13
ET1cU5_A2YM$_$3,A,0.011316570142904917,-0.04384663204352061,-0.06224095945556958,13
ET1cU5_A2YM$_$3,V,0.03466349715987842,-0.0801802376906077,-0.34681427602966625,13
ET1cU5_A2YM$_$6,T,0.03744495908419291,0.07761432230472563,-0.13184568285942078,20
ET1cU5_A2YM$_$6,A,0.03217888871828715,0.053441315889358514,-0.17674686014652252,20
ET1cU5_A2YM$_$6,V,0.044427235921223954,0.049624547362327576,-0.3791646510362625,20
EmmuWoCUgXs$_$22,T,0.3419593572616577,0.40744676192601514,0.8548248584071795,15
EmmuWoCUgXs$_$22,A,0.010659833749135334,-0.07533686856428781,-0.09904809047778446,15
EmmuWoCUgXs$_$22,V,0.01372252901395162,-0.03949585060278575,-0.08234382172425586,15
EmmuWoCUgXs$_$7,T,0.06584366841707379,0.10116477807362875,0.12135549463952579,34
EmmuWoCUgXs$_$7,A,0.027224226971156895,0.050972481568654374,-0.07430116351072986,34
EmmuWoCUgXs$_$7,V,0.01733638870064169,0.040316392978032425,-0.04472060858582458,34
Es9MkKsMsjU$_$10,T,0.18135242505619922,0.30814824004968006,0.33200839906930923,19
Es9MkKsMsjU$_$10,A,0.026104851004978023,0.0064081450303395595,0.09028708562254906,19
Es9MkKsMsjU$_$10,V,0.04519821610301733,0.04999664922555287,-0.3964995071291923,19
Es9MkKsMsjU$_$12,T,0.27420705060164136,0.43910578886667884,-0.6650514000405867,36
Es9MkKsMsjU$_$12,A,0.02322914699713389,0.00189484159151713,0.11669441933433218,36
Es9MkKsMsjU$_$12,V,0.06254420181115468,0.0805793801943461,-0.3829816275586684,36
Es9MkKsMsjU$_$2,T,0.3035780390103658,0.49198254942893976,-0.7096250976125398,43
Es9MkKsMsjU$_$2,A,0.01809912919998169,0.021944820880889893,0.025598232944806416,43
Es9MkKsMsjU$_$2,V,0.0424720545609792,0.06615090370178223,-0.23851356158653897,43
Es9MkKsMsjU$_$7,T,0.38437294214963913,0.5750159273544947,-1.327758427088459,36
Es9MkKsMsjU$_$7,A,0.00901341438293457,0.004965061942736307,0.032732612142960235,36
Es9MkKsMsjU$_$7,V,0.04343375563621521,0.0676479438940684,-0.37434245211382705,36
Ezn3p5FWF_U$_$4,T,0.38155980470279854,0.45906138916810346,1.317452659209569,45
Ezn3p5FWF_U$_$4,A,0.03315551082293193,-0.023605475823084515,0.09530679260691002,45
Ezn3p5FWF_U$_$4,V,0.027764946222305298,-0.01641219357649485,0.030743808796008434,35
F1U26PLiXjM$_$1,T,0.20853779961665472,0.2038818101088206,0.6720386693874996,21
F1U26PLiXjM$_$1,A,0.014917823175589245,-0.05053189893563588,-0.0252596785624822,21
F1U26PLiXjM$_$1,V,0.050436295568943024,-0.022420560320218403,-0.3300929864247639,21
F6JV-K840EY$_$2,T,0.05744876340031624,-0.01294108728567759,0.22349449247121808,20
F6JV-K840EY$_$2,A,0.028041972468296688,-0.01276348034540812,-0.08109985291957855,20
F6JV-K840EY$_$2,V,0.08153892308473587,0.07449704905351003,-0.015097104012966156,20
FB_b1dm0SRY$_$10,T,0.2934885440239062,0.43217749396959937,-0.6846948052601267,26
FB_b1dm0SRY$_$10,A,0.03204944729804993,0.0539927581946055,-0.08555625154015917,26
FB_b1dm0SRY$_$10,V,0.027368610103925068,0.04133511583010355,0.04834105695287385,26
FB_b1dm0SRY$_$0,T,0.10780030861496925,0.14187957346439362,0.38929796715577436,26
FB_b1dm0SRY$_$0,A,0.007145773619413376,0.02988994121551513,-0.021276461581389114,26
FB_b1dm0SRY$_$0,V,0.050857800990343094,0.07835914194583893,-0.2486299301187197,26
FB_b1dm0SRY$_$6,T,0.07138950377702713,0.010005861520767212,0.28564575547352433,13
FB_b1dm0SRY$_$6,A,0.06126081943511963,0.013737425208091734,0.1672168029472232,13
FB_b1dm0SRY$_$6,V,0.1360731820265452,0.12725071609020233,0.33096599811688066,13
FB_b1dm0SRY$_$9,T,0.08572045061737299,0.15052872896194458,-0.1359238401055336,28
FB_b1dm0SRY$_$9,A,0.01855059340596199,0.0024891942739486677,0.06856715865433216,28
FB_b1dm0SRY$_$9,V,0.008827603111664455,0.015484914183616636,-0.09389037825167178,28
FB_b1dm0SRY$_$8,T,0.3424020869036516,0.41893073419729865,1.5443581783523161,20
FB_b1dm0SRY$_$8,A,0.030432005723317467,0.002376983563105263,0.10249637005229797,20
FB_b1dm0SRY$_$8,V,0.043215394020080566,0.035330618421236665,0.15985807900627452,20
FxxJB8hBpyQ$_$1,T,0.09041962586343288,0.03163776795069377,0.3449636325240135,21
FxxJB8hBpyQ$_$1,A,0.0631991612414519,0.01800700525442759,0.1241975091397762,21
FxxJB8hBpyQ$_$1,V,0.09348438680171967,0.0893623779217402,0.03574587032198906,21
Fy0Uid9afM8$_$0,T,0.10136701352894306,0.17867479224999744,0.15915369366606075,18
Fy0Uid9afM8$_$0,A,0.06765047398706277,-0.04810168842474619,0.21437506688137847,18
Fy0Uid9afM8$_$0,V,0.0450198482722044,0.052940865357716874,-0.33731575744847453,18
Fy0Uid9afM8$_$3,T,0.050132748670876026,0.07369332015514374,-0.008071731775999066,19
Fy0Uid9afM8$_$3,A,0.021875214762985706,-0.0029248446226119995,0.16897553578019142,19
Fy0Uid9afM8$_$3,V,0.04678150545805693,0.08452007174491882,-0.1803603433072567,19
Fy0Uid9afM8$_$5,T,0.12043182738125324,0.22101888060569763,-0.23124193772673607,21
Fy0Uid9afM8$_$5,A,0.024533962210019432,0.020053982734680172,0.04862305149435997,21
Fy0Uid9afM8$_$5,V,0.0,0.0,0.0,0
Fy0Uid9afM8$_$4,T,0.14976745223005614,0.23469983041286463,0.3652145328621069,9
Fy0Uid9afM8$_$4,A,0.03924307351311048,-0.016671672463417053,0.08103997881213823,9
Fy0Uid9afM8$_$4,V,0.0026730770866076154,0.023681432008743283,-0.11554040511449178,9
H1DpVwktfDQ$_$0,T,0.04871344814697902,-0.04144279658794404,0.08272528275847435,13
H1DpVwktfDQ$_$0,A,0.05597054027020931,-0.009411349892616272,-0.02237829193472863,13
H1DpVwktfDQ$_$0,V,0.0,0.0,0.0,0
HGicRLwgtkM$_$1,T,0.20095738023519516,0.22836058835188544,0.546434694280227,35
HGicRLwgtkM$_$1,A,0.07961752265691757,0.05657861630121867,0.14109990124901134,35
HGicRLwgtkM$_$1,V,0.03543669978777567,-0.009692048033078514,0.059115504225095095,3
HGicRLwgtkM$_$3,T,0.03132754936814308,-0.10893445710341136,-0.02306236947576204,26
HGicRLwgtkM$_$3,A,0.07005434855818748,0.033265938361485795,0.11867743854721387,26
HGicRLwgtkM$_$3,V,0.07568039372563362,0.06416875620683034,0.06452413400014242,26
HGicRLwgtkM$_$2,T,0.18346660087505975,0.22345897555351257,0.47979807605346037,23
HGicRLwgtkM$_$2,A,0.08378860851128896,0.062417179346084595,0.17885510375102365,23
HGicRLwgtkM$_$2,V,0.054793486992518105,0.04848980903625488,0.04606165488560993,23
HGicRLwgtkM$_$6,T,0.15083903074264526,0.14791935682296753,0.3934024808307488,21
HGicRLwgtkM$_$6,A,0.1021294246117274,0.07854853570461273,0.23308201537777984,21
HGicRLwgtkM$_$6,V,0.05564960837364197,0.011292055249214176,0.1584916285549601,5
HmXXW45eZL4$_$1,T,0.23337086786826453,0.3837474286556244,-0.4259331449866295,46
HmXXW45eZL4$_$1,A,0.012910112738609314,0.005929499864578247,0.035722061991691596,46
HmXXW45eZL4$_$1,V,0.01218859851360321,0.022754281759262085,-0.07578679174184798,46
HmXXW45eZL4$_$4,T,0.36049221952756244,0.5283216337362925,-1.3086026608943937,18
HmXXW45eZL4$_$4,A,0.03660360972086588,0.07614525655905405,-0.1545404493808746,18
HmXXW45eZL4$_$4,V,0.016903648773829143,0.0372100422779719,-0.20883262157440183,18
IM6HW1HwHhM$_$11,T,0.10544492676854134,0.1879293272892634,0.002226953705151871,25
IM6HW1HwHhM$_$11,A,0.011262199530998867,0.011543760697046917,-0.049926432470480606,25
IM6HW1HwHhM$_$11,V,0.0060397374133268995,0.0062395284573237095,-0.02151812861363092,25
IM6HW1HwHhM$_$15,T,0.20880042761564255,0.2508950034777323,0.5027883623261005,19
IM6HW1HwHhM$_$15,A,0.06885255873203278,0.03178685406843822,0.10584082943387331,19
IM6HW1HwHhM$_$15,V,0.0614302506049474,0.02652856210867564,0.18028727686032653,19
IM6HW1HwHhM$_$17,T,0.1368036133547624,0.10940205057462056,0.43240559473633766,25
IM6HW1HwHhM$_$17,A,0.07324061046044032,0.03465910752614339,0.04229765757918358,25
IM6HW1HwHhM$_$17,V,0.037051754693190254,0.002180029948552445,0.01434382796287535,25
IUmxJNs2zaY$_$3,T,0.2841590391471982,0.3593369424343109,0.8191910330206156,32
IUmxJNs2zaY$_$3,A,0.043089886506398514,-0.016601383686065674,0.21372939087450502,32
IUmxJNs2zaY$_$3,V,0.021766622861226402,-0.07864126563072205,-0.22425836697220802,32
IUmxJNs2zaY$_$2,T,0.22548246507843334,0.2277982632319132,0.7639811734358468,19
IUmxJNs2zaY$_$2,A,0.03382607301076253,-0.025051628549893696,0.08158938835064568,19
IUmxJNs2zaY$_$2,V,0.0277862548828125,-0.08874720831712087,-0.2188414310415585,19
JAnRCQ9A0vI$_$1,T,0.24297349154949188,0.2741358329852422,0.6545151695609093,48
JAnRCQ9A0vI$_$1,A,0.055357684691747025,-0.0031467030445734706,0.15593242645263672,48
JAnRCQ9A0vI$_$1,V,0.02793000638484955,-0.033389101425806686,-0.18305065482854843,4
JAnRCQ9A0vI$_$0,T,0.12804523607095084,0.07640798389911652,0.5860838101555903,10
JAnRCQ9A0vI$_$0,A,0.07814120004574458,0.04891476035118103,0.20329808567961055,10
JAnRCQ9A0vI$_$0,V,0.017406374216079712,-0.053483054041862495,-0.23362485008935127,10
JAnRCQ9A0vI$_$3,T,0.32018250847856206,0.40600193043549854,1.0164195285178719,45
JAnRCQ9A0vI$_$3,A,0.05030936002731323,-0.00026055673758189346,0.19649955164641142,45
JAnRCQ9A0vI$_$3,V,0.02752864360809326,-0.008280257383982342,0.012012398336082688,45
JAnRCQ9A0vI$_$2,T,0.34795929801960784,0.42222441732883453,1.348774672175447,48
JAnRCQ9A0vI$_$2,A,0.03852274020512898,-0.003200069069862369,0.12962948779265082,48
JAnRCQ9A0vI$_$2,V,0.03814966479937235,0.016584932804107666,0.06579399543503922,48
JAnRCQ9A0vI$_$5,T,0.24224885428945225,0.25361259281635284,0.6806100085377692,25
JAnRCQ9A0vI$_$5,A,0.03588807086149851,-0.03790105879306793,-0.04663748294115063,25
JAnRCQ9A0vI$_$5,V,0.0,0.0,0.0,0
JAnRCQ9A0vI$_$4,T,0.1348983428130547,0.24823783834775287,0.22954171150922772,14
JAnRCQ9A0vI$_$4,A,0.008016190802057585,0.040596162279446915,-0.10946545004844663,14
JAnRCQ9A0vI$_$4,V,0.0035886162271102267,0.031086539228757218,-0.05190588533878328,14
JAnRCQ9A0vI$_$8,T,0.3901736230279009,0.46140061815579725,1.3909090223411718,48
JAnRCQ9A0vI$_$8,A,0.039677590131759644,-0.013058135906855261,0.1228669403741757,48
JAnRCQ9A0vI$_$8,V,0.011399040619532267,-0.04320696989695231,-0.08246864688893157,48
JOK1SSmPtFw$_$10,T,0.1613971690336863,0.13733282188574472,0.45009593541423476,17
JOK1SSmPtFw$_$10,A,0.005603954195976257,-0.0722269316514333,-0.19587724034984905,17
JOK1SSmPtFw$_$10,V,0.02706052487095197,-0.012094353636105854,0.017731609443823487,17
JOK1SSmPtFw$_$13,T,0.24949229508638382,0.27227347592512763,0.7796901849408944,18
JOK1SSmPtFw$_$13,A,0.024411330620447796,-0.027637009819348655,-0.025747186193863538,18
JOK1SSmPtFw$_$13,V,0.041674256324768066,0.0053613285223643,0.056776968141396864,18
JOK1SSmPtFw$_$14,T,0.13977925727764764,0.12847451368967694,0.41148789847890527,15
JOK1SSmPtFw$_$14,A,0.007953144609928131,-0.042344530423482254,-0.08272843187053999,15
JOK1SSmPtFw$_$14,V,0.018363552788893383,-0.021639068921407063,0.0003278205792109235,15
JOK1SSmPtFw$_$16,T,0.1422407403588295,0.2705317636330922,0.28616928805907565,15
JOK1SSmPtFw$_$16,A,0.022339430948098503,0.05432181557019551,-0.0019345606366793309,15
JOK1SSmPtFw$_$16,V,0.04292373855908712,-0.02344010273615519,-0.04104592899481455,15
JOK1SSmPtFw$_$0,T,0.38960563888152444,0.4687120417753855,1.5969836078584192,48
JOK1SSmPtFw$_$0,A,0.02816332379976908,-0.00838234027226766,0.10153435170650478,48
JOK1SSmPtFw$_$0,V,0.028382956981658936,-0.01240478952725728,0.09368093684315681,48
JOK1SSmPtFw$_$5,T,0.2543666008859873,0.2780408809582392,0.8281843947867551,26
JOK1SSmPtFw$_$5,A,0.01243184506893158,-0.04260413845380147,-0.059517947336037956,26
JOK1SSmPtFw$_$5,V,0.06395211319128673,0.03913312653700511,0.10101783151427904,26
JOK1SSmPtFw$_$4,T,0.3526737963159879,0.4030723174413045,0.9559508562088012,12
JOK1SSmPtFw$_$4,A,0.028046016891797386,-0.038266072670618684,-0.006216138601303099,12
JOK1SSmPtFw$_$4,V,0.0010891954104105632,-0.08208186427752177,-0.1108913719654083,12
JOK1SSmPtFw$_$8,T,0.15515110393365225,0.14166213075319925,0.5256783987085023,14
JOK1SSmPtFw$_$8,A,0.007770642638206482,-0.06499238808949788,-0.09613618006308874,14
JOK1SSmPtFw$_$8,V,0.03424010922511419,0.002967784802118935,0.004004235068957017,14
JPT38CA3sGI$_$1,T,0.11894421403606732,0.17661152283350626,-0.31390218064188957,18
JPT38CA3sGI$_$1,A,0.051990706473588943,0.07120632628599802,0.07607029005885123,18
JPT38CA3sGI$_$1,V,0.019587614883979164,-0.006341819961865743,0.05194638669490814,18
JPT38CA3sGI$_$0,T,0.11485774690906206,0.07713224490483601,0.43557334442933393,16
JPT38CA3sGI$_$0,A,0.04105990380048752,0.009945144255956015,-0.02861559639374416,16
JPT38CA3sGI$_$0,V,0.05359703550736109,0.02064972122510274,0.026828405757745106,16
JPT38CA3sGI$_$5,T,0.13892474646369615,0.21321707963943481,0.3772046448041995,16
JPT38CA3sGI$_$5,A,0.026958025681475796,-0.005625814199447632,0.012950250258048362,16
JPT38CA3sGI$_$5,V,0.02654392644762993,0.03829002380371094,-0.23243583428363004,8
JVpF99zuQhA$_$0,T,0.25032030791044235,0.2626161177953084,0.8143250619371731,22
JVpF99zuQhA$_$0,A,0.04659539709488551,-0.008773783842722576,0.06510825951894124,22
JVpF99zuQhA$_$0,V,0.032881026466687516,-0.089121143023173,-0.2580576414863268,22
JVpF99zuQhA$_$2,T,0.1541045419871807,0.25440748035907745,0.3170508521919449,27
JVpF99zuQhA$_$2,A,0.0334050504801174,-0.002224758267402649,0.0758073100199302,27
JVpF99zuQhA$_$2,V,0.0462292842566967,0.08723008632659911,-0.20962446896980208,27
JVpF99zuQhA$_$4,T,0.1887465938925743,0.31936349471410114,0.22199558086382845,15
JVpF99zuQhA$_$4,A,0.032630907992521926,0.0106180210908254,0.16022658351964003,15
JVpF99zuQhA$_$4,V,0.040372759103775024,0.07112633188565572,-0.22903903197341907,15
K0m1tO3Ybyc$_$15,T,0.29392991587519646,0.3407806307077408,0.9844541838392615,14
K0m1tO3Ybyc$_$15,A,0.03519602616628011,-0.018157482147216804,0.08683503326028583,14
K0m1tO3Ybyc$_$15,V,0.051475087801615395,0.023088261485099792,0.11668571271002287,14
K0m1tO3Ybyc$_$8,T,0.05258886516094208,-0.15099377433458963,0.0040252072115739175,32
K0m1tO3Ybyc$_$8,A,0.07591364718973637,0.03840573628743489,0.23280063023169834,32
K0m1tO3Ybyc$_$8,V,0.09995003044605255,0.09687491257985432,0.16150336091717085,32
K8gp7ncdUl8$_$5,T,0.061332675317923226,0.10173124571641286,-0.14661501844724018,35
K8gp7ncdUl8$_$5,A,0.00909634679555893,0.02405703564484914,-0.059256551166375473,35
K8gp7ncdUl8$_$5,V,0.05975258722901344,0.07305296262105306,-0.2787632768352826,35
KDjl2exStlI$_$10,T,0.2198417124648889,0.3469667981068293,0.372984329238534,15
KDjl2exStlI$_$10,A,0.011442465397218863,0.03924254576365152,-0.06715620681643486,15
KDjl2exStlI$_$10,V,0.029907683531443276,0.04344328741232554,-0.3057041596621275,15
KDjl2exStlI$_$13,T,0.25038018884758156,0.41987404723962146,0.3239734197656313,14
KDjl2exStlI$_$13,A,0.0201903044556578,0.05058657129605611,-0.12347257820268473,14
KDjl2exStlI$_$13,V,0.021230151566366352,0.03834507366021474,-0.27930169117947423,14
KDjl2exStlI$_$5,T,0.23816237598657608,0.33050390581289923,0.5390238091349601,16
KDjl2exStlI$_$5,A,0.02680097644527753,0.05712778369585673,-0.10706590116024017,16
KDjl2exStlI$_$5,V,0.03149145096540451,0.05393352607885996,-0.22445938736200333,16
KDjl2exStlI$_$4,T,0.1569912570218245,0.13806932667891184,0.5900715440511703,23
KDjl2exStlI$_$4,A,0.017822396010160446,-0.08161497612794241,-0.15382830798625943,23
KDjl2exStlI$_$4,V,0.037752343962589904,-0.08937664826711018,-0.3056039959192276,23
KkKWFZZmmCM$_$1,T,0.3841566617290179,0.4405890852212906,1.3571768403053281,28
KkKWFZZmmCM$_$1,A,0.026013831297556557,-0.03419178724288941,0.004458218812942477,28
KkKWFZZmmCM$_$1,V,0.0035087565581003823,-0.05562306940555572,-0.08227691054344181,28
KpMCvUyQCXg$_$1,T,0.12240067000190417,0.2585532267888387,-0.13189745446046192,24
KpMCvUyQCXg$_$1,A,0.04349333544572194,0.0024587263663609846,0.20485314602653187,24
KpMCvUyQCXg$_$1,V,0.04579803782204787,-0.04499175647894541,-0.04055606697996457,24
KpMCvUyQCXg$_$3,T,0.16539370144406954,0.27076082428296405,0.38100945577025414,13
KpMCvUyQCXg$_$3,A,0.028381990268826485,0.05256449182828267,0.05356404185295105,13
KpMCvUyQCXg$_$3,V,0.019711089630921684,0.00892194112141927,-0.16364740952849385,13
KpMCvUyQCXg$_$5,T,0.2472992587524156,0.2816014935572942,0.8434162021537001,20
KpMCvUyQCXg$_$5,A,0.06172309319178264,0.0339799424012502,0.17532273420753577,20
KpMCvUyQCXg$_$5,V,0.034436121582984924,0.014895861347516377,-0.08673853772537161,20
L1eFHRQGFeg$_$2,T,0.1694939105461041,0.3014558056990305,-0.1826344057917595,42
L1eFHRQGFeg$_$2,A,0.013599435488382975,0.002899671594301859,0.07639413699507713,42
L1eFHRQGFeg$_$2,V,0.038698858271042504,0.06821000079313913,0.04872238263487816,42
MCsvw5-7lVE$_$1,T,0.35275305559237796,0.4329946587483088,1.0607642084360123,38
MCsvw5-7lVE$_$1,A,0.022158185640970864,-0.039301951726277665,0.046483039855957003,38
MCsvw5-7lVE$_$1,V,0.04342622061570486,-0.0014217247565587385,0.04408155381679535,38
MCsvw5-7lVE$_$2,T,0.3477258396645387,0.4265585392713547,1.0548477930327256,23
MCsvw5-7lVE$_$2,A,0.010138154029846191,-0.058810651302337626,-0.054993576059738786,23
MCsvw5-7lVE$_$2,V,0.05739692846934001,0.030181601643562313,0.1049128671487172,23
MCsvw5-7lVE$_$4,T,0.23056527537604174,0.24619940916697183,0.5258464142680167,14
MCsvw5-7lVE$_$4,A,0.01589660346508026,-0.05566426118214925,0.003108594566583635,14
MCsvw5-7lVE$_$4,V,0.09868490695953369,0.07021907965342203,0.10386637225747108,14
MMpo2bDk-DU$_$10,T,0.193154642979304,0.18373969197273254,0.6316153506437938,18
MMpo2bDk-DU$_$10,A,0.03711623201767603,-0.016556069254875183,0.011952574054400134,18
MMpo2bDk-DU$_$10,V,0.016070067882537842,-0.07336370646953584,-0.18548214932282764,18
MMpo2bDk-DU$_$17,T,0.12783461716026068,0.25413017471631366,0.0942705248792966,32
MMpo2bDk-DU$_$17,A,0.020419981020192306,0.022805636127789814,0.0928515748431285,32
MMpo2bDk-DU$_$17,V,0.019534144861002765,0.012823705871899922,-0.13815205978850525,32
MMpo2bDk-DU$_$16,T,0.1582026065637668,0.27459803720315296,0.3519942536950111,20
MMpo2bDk-DU$_$16,A,0.040167385091384254,-0.015524248282114662,0.04971818253397941,20
MMpo2bDk-DU$_$16,V,0.00412856787443161,0.027002935608228043,-0.06524499133229254,20
MMpo2bDk-DU$_$19,T,0.3449684835116689,0.4094372441371281,1.077114696459224,25
MMpo2bDk-DU$_$19,A,0.042479465405146286,-0.0006559441486994402,0.04769448058990134,25
MMpo2bDk-DU$_$19,V,0.04663512110710144,-0.0166986087958018,0.14647516476300854,14
MjaaudUc5-4$_$1,T,0.30090515067179996,0.4665825068950653,-0.9702380150556562,17
MjaaudUc5-4$_$1,A,0.0243796706199646,0.053049713373184204,-0.0701487213373184,17
MjaaudUc5-4$_$1,V,0.035676807165145874,0.057133406400680535,-0.2888122200965881,17
MjaaudUc5-4$_$0,T,0.22791089117527008,0.2346150477727254,0.588541438182195,6
MjaaudUc5-4$_$0,A,0.01212695489327113,-0.08634253839651744,-0.042168239752451576,6
MjaaudUc5-4$_$0,V,0.02739866574605306,-0.022987956802050274,-0.12213958303133643,6
MjaaudUc5-4$_$3,T,0.3646908203760783,0.4485565721988678,1.0854763636986415,16
MjaaudUc5-4$_$3,A,0.023399412631988525,-0.044239878654479974,0.02812219659487408,16
MjaaudUc5-4$_$3,V,0.024903088808059692,-0.013337701559066769,-0.06040081878503162,16
MjaaudUc5-4$_$6,T,0.2332949104408423,0.3646739721298218,-0.38659252723058063,10
MjaaudUc5-4$_$6,A,0.05183541774749756,0.09831924736499786,-0.06317007293303807,10
MjaaudUc5-4$_$6,V,0.032590982814629875,0.039087846875190735,-0.0915528361996015,10
MoQmPA7Q07Q$_$1,T,0.3363364152610302,0.3893144826094309,1.2033540060122805,26
MoQmPA7Q07Q$_$1,A,0.038633644580841064,-0.006846403082211815,0.038481188317139925,26
MoQmPA7Q07Q$_$1,V,0.036895434061686196,0.0018785248200098685,0.02929691721995674,26
MoQmPA7Q07Q$_$2,T,0.39062496429930127,0.4490027179320653,1.618048028399547,30
MoQmPA7Q07Q$_$2,A,0.026840656995773315,-0.02014065782229105,0.03726722237964472,30
MoQmPA7Q07Q$_$2,V,0.03357718388239543,0.00013438363869985176,0.08864811000724629,30
N1X63d_jgmw$_$5,T,0.0292983241379261,-0.05803689360618591,0.24349341044823325,44
N1X63d_jgmw$_$5,A,0.024039454758167267,-0.018267363309860223,-0.021551595379908875,44
N1X63d_jgmw$_$5,V,0.01260598748922348,-0.03088098764419555,-0.07268941526611647,44
N5xfBtD6rLY$_$7,T,0.36606523642937344,0.41168488562107086,1.140656068921089,9
N5xfBtD6rLY$_$7,A,0.030364369352658592,-0.06169886887073518,-0.04745180904865267,9
N5xfBtD6rLY$_$7,V,0.0,0.0,0.0,0
NoZsdSGnNpI$_$7,T,0.22665265947580338,0.2615249653657277,0.5111014544963837,38
NoZsdSGnNpI$_$7,A,0.04026504854361216,-0.011363799373308819,0.04830746352672574,38
NoZsdSGnNpI$_$7,V,0.017032491664091747,-0.08902531365553537,-0.19256840646266937,38
Nrurc5sMUOE$_$5,T,0.2530092845360438,0.39967464407285047,-0.5987809014817078,47
Nrurc5sMUOE$_$5,A,0.0214351216952006,0.016130064924558003,0.062355073789755466,47
Nrurc5sMUOE$_$5,V,0.055312027533849076,0.07498425741990407,-0.33327520017822587,47
Nrurc5sMUOE$_$7,T,0.027671267588933308,0.0538262923558553,0.00794835637013116,15
Nrurc5sMUOE$_$7,A,0.03098963697751363,0.047535275419553116,-0.022135836382706976,15
Nrurc5sMUOE$_$7,V,0.06799200425545375,0.08570236464341481,-0.40488520761330926,15
Nrurc5sMUOE$_$8,T,0.04610045999288559,0.10097249845663706,0.028751132388909653,37
Nrurc5sMUOE$_$8,A,0.02230598280827204,0.03897495071093241,0.09302337219317754,37
Nrurc5sMUOE$_$8,V,0.030780357619126637,0.022999281684557595,-0.39404700199762976,37
NzvNW7vP-Co$_$5,T,0.43512189884980523,0.49277576804161066,1.4454036677877107,47
NzvNW7vP-Co$_$5,A,0.024941315253575645,-0.049822971224784844,0.03057981530825299,47
NzvNW7vP-Co$_$5,V,0.006722937027613322,-0.0932113379240036,-0.11428235222895941,47
NzvNW7vP-Co$_$4,T,0.23568274453282356,0.36981625854969025,0.380816934009393,16
NzvNW7vP-Co$_$4,A,0.05241876219709714,0.0776652842760086,0.11199149241050085,16
NzvNW7vP-Co$_$4,V,0.019266997774442036,0.03626188635826111,-0.058718944589296974,16
NzvNW7vP-Co$_$7,T,0.06220737596352895,0.07653137544790903,0.3441557511687279,38
NzvNW7vP-Co$_$7,A,0.023742766429980595,0.0664507548014323,-0.030672997236251838,38
NzvNW7vP-Co$_$7,V,0.011100480953852335,0.01175468663374583,-0.10350339859724043,38
OLP0nCKwU6k$_$6,T,0.13749158941209316,0.20247538387775418,0.36097917209068936,47
OLP0nCKwU6k$_$6,A,0.00925164483487606,0.04408325254917145,-0.08959278215964635,47
OLP0nCKwU6k$_$6,V,0.042086029425263405,0.056744784116744995,-0.3963293408354124,47
OrYBtyO0aPI$_$1,T,0.1576079415778319,0.2406272937854131,0.3394572436809539,17
OrYBtyO0aPI$_$1,A,0.010934093346198399,0.03905776639779408,-0.03731367737054825,17
OrYBtyO0aPI$_$1,V,0.07170853763818741,0.07789613803227742,-0.49272967129945755,5
OrYBtyO0aPI$_$4,T,0.09569493498808393,0.026689042647679646,0.42230895922208816,6
OrYBtyO0aPI$_$4,A,0.04715748876333237,0.010313962896664933,0.08761329568612078,6
OrYBtyO0aPI$_$4,V,0.061713834603627525,0.01608762641747792,0.02958674348580341,6
PboaYD5hlG8$_$10,T,0.1926655893524488,0.18729775647322336,0.5904853728910286,18
PboaYD5hlG8$_$10,A,0.05620449781417847,-0.008755197127660114,0.2739650284250577,18
PboaYD5hlG8$_$10,V,0.017509107788403828,-0.046394293506940215,-0.04950428629914922,18
PboaYD5hlG8$_$3,T,0.09427579864859581,0.1426571855942408,0.37226562201976776,17
PboaYD5hlG8$_$3,A,0.016476531823476158,0.049981738130251564,-0.013620778918266295,17
PboaYD5hlG8$_$3,V,0.0502673809727033,-0.04138084252675374,-0.005609333515167224,17
PboaYD5hlG8$_$2,T,0.10085829347372055,0.02275895078976949,0.4252024938662846,16
PboaYD5hlG8$_$2,A,0.07941784833868346,0.017108981808026634,0.31732965012391406,16
PboaYD5hlG8$_$2,V,0.026089370250701904,-0.026496703426043194,-0.12341744701067604,16
PboaYD5hlG8$_$7,T,0.14534815897544226,0.1287921021382014,0.45736991738279664,35
PboaYD5hlG8$_$7,A,0.028891352315743767,-0.030682985981305443,0.09115467717250186,35
PboaYD5hlG8$_$7,V,0.027468507488568626,-0.08719306190808612,-0.224192118893067,35
PboaYD5hlG8$_$9,T,0.10644711305697759,0.22824380795160928,0.08824851860602698,32
PboaYD5hlG8$_$9,A,0.024577404061953228,0.05651559183994929,0.03161987041433652,32
PboaYD5hlG8$_$9,V,0.06440842648347218,-0.06346368541320165,0.20844412719209987,32
PboaYD5hlG8$_$8,T,0.38043267528216046,0.5339587976535161,-1.0342660620808601,33
PboaYD5hlG8$_$8,A,0.020362918575604756,0.037229274710019425,-0.04596541821956633,33
PboaYD5hlG8$_$8,V,0.02733545998732249,-0.028408239285151165,0.24592911452054977,33
Pt-D0LUHDSc$_$2,T,0.22339646021525067,0.26469997564951575,0.9008584320545194,25
Pt-D0LUHDSc$_$2,A,0.05928363402684529,0.04047777752081553,0.1996009647846221,25
Pt-D0LUHDSc$_$2,V,0.08373856544494629,0.0733588288227717,0.2686633467674255,12
PwapK9d8IGk$_$4,T,0.19502370121578375,0.23883210619290668,0.3794288436571757,45
PwapK9d8IGk$_$4,A,0.01633428099254767,-0.05119617531696955,-0.019735087951024376,45
PwapK9d8IGk$_$4,V,0.06601020383338134,-0.13076111922661462,-0.4079865341385206,45
PyQrAYl1bFs$_$0,T,0.16921429832776388,0.17601174612840015,0.529110283901294,9
PyQrAYl1bFs$_$0,A,0.060052668054898575,0.021297400196393326,0.2173766021927198,9
PyQrAYl1bFs$_$0,V,0.07536979516347249,0.0596910019715627,0.10091467325886089,9
PyQrAYl1bFs$_$3,T,0.2904367906351884,0.32039530078570044,1.0047153780857723,14
PyQrAYl1bFs$_$3,A,0.04678078492482503,-0.002562438448270161,0.10112142811218902,14
PyQrAYl1bFs$_$3,V,0.03639400005340576,0.011698628465334576,-0.12028115739425024,14
PyQrAYl1bFs$_$4,T,0.2215550219019254,0.22528604666392008,0.758288209637006,19
PyQrAYl1bFs$_$4,A,0.04605477054913839,-0.0005916257699330636,0.0744774987300237,19
PyQrAYl1bFs$_$4,V,0.010936652620633442,-0.06899093588193257,-0.15161163608233133,19
Q4WzApjaCNI$_$0,T,0.1099433358758688,0.030041620135307312,0.5193344987928867,13
Q4WzApjaCNI$_$0,A,0.06758577624956767,0.024521246552467346,0.044166024774312994,13
Q4WzApjaCNI$_$0,V,0.0,0.0,0.0,0
Q7S0tX4FUNA$_$4,T,0.0871259073416392,0.16718453168869019,-0.15390073259671527,18
Q7S0tX4FUNA$_$4,A,0.010455799599488575,7.215142250060992e-05,-0.008237441380818692,18
Q7S0tX4FUNA$_$4,V,0.029631259540716808,0.049578309059143066,-0.1859806974728902,18
Q7S0tX4FUNA$_$7,T,0.10997891317432125,0.22706612944602966,0.1842835927382111,10
Q7S0tX4FUNA$_$7,A,0.027522037426630657,0.038336336612701416,0.10504680033773182,10
Q7S0tX4FUNA$_$7,V,0.0,0.0,0.0,0
Q7S0tX4FUNA$_$8,T,0.057879647240042686,-0.03147239486376445,0.3201894468317429,15
Q7S0tX4FUNA$_$8,A,0.13611400748292604,0.1155732919772466,0.27569386611382163,15
Q7S0tX4FUNA$_$8,V,0.04262306044499079,0.007492070396741227,-0.0592970879127582,15
Qa6Yz62V-Yc$_$0,T,0.05424626202632983,-0.030675843358039856,0.2964350484932462,32
Qa6Yz62V-Yc$_$0,A,0.015874716142813366,-0.036721691489219666,-0.10881838606049618,32
Qa6Yz62V-Yc$_$0,V,0.0783272236585617,0.06251510977745056,0.08388562376300493,32
QjcQx8_PQfw$_$10,T,0.3749265770117442,0.4314241309960683,1.238886907696724,24
QjcQx8_PQfw$_$10,A,0.03166270752747854,-0.03218781451384226,0.00859788060188292,24
QjcQx8_PQfw$_$10,V,0.030205264687538147,-0.027874822417895004,-0.24776951968669886,24
QjcQx8_PQfw$_$7,T,0.10499861463904381,0.06848730146884918,0.3140151326855023,22
QjcQx8_PQfw$_$7,A,0.037085325767596565,-0.014898881316184994,0.03274008383353551,22
QjcQx8_PQfw$_$7,V,0.047446358948946,-0.09015360474586485,-0.3883991787830989,22
QpchvHpGFc8$_$3,T,0.07838112115859985,0.0011701534191767386,0.44053024674455327,23
QpchvHpGFc8$_$3,A,0.01148375372091929,-0.04371332128842672,-0.08327356850107512,23
QpchvHpGFc8$_$3,V,0.04279522349437078,0.011804665128389992,0.00020584712425867051,23
RArhIHk4Qs4$_$13,T,0.05079171806573868,0.1108861118555069,0.011544449875752148,12
RArhIHk4Qs4$_$13,A,0.04126719137032827,0.0702592134475708,-0.06758950029810269,12
RArhIHk4Qs4$_$13,V,0.0566343783090512,0.08637990057468414,-0.30567047496636707,12
RArhIHk4Qs4$_$17,T,0.23120986918608347,0.36324288944403327,-0.5851141189535458,6
RArhIHk4Qs4$_$17,A,0.039390504360198975,0.08124909798304239,-0.035849725206692995,6
RArhIHk4Qs4$_$17,V,0.0624668796857198,0.10768010715643564,-0.26160701860984165,6
RArhIHk4Qs4$_$16,T,0.17402350405852,0.30936604241530097,-0.3800642589728037,20
RArhIHk4Qs4$_$16,A,0.038589149713516235,0.07073792318503061,-0.08039430777231851,20
RArhIHk4Qs4$_$16,V,0.05235419670740763,0.10245896379152933,-0.23807937900225323,20
RArhIHk4Qs4$_$19,T,0.255622923374176,0.4013307044903437,0.41147308424115175,10
RArhIHk4Qs4$_$19,A,0.01376428020497163,0.010770628849665322,0.008475244045257572,10
RArhIHk4Qs4$_$19,V,0.06092265993356705,0.09587496022383371,-0.28160886839032173,10
RArhIHk4Qs4$_$1,T,0.19722599287827808,0.17921340962251026,0.6368353267510731,36
RArhIHk4Qs4$_$1,A,0.023422646025816597,-0.04519275824228922,0.0441241015990575,36
RArhIHk4Qs4$_$1,V,0.007614900668462117,-0.05505212644735972,-0.1259222875038783,36
RArhIHk4Qs4$_$2,T,0.16219369073708853,0.1583736042181651,0.3555505350232124,30
RArhIHk4Qs4$_$2,A,0.01989269877473513,-0.04947458704312642,0.005876347422599796,30
RArhIHk4Qs4$_$2,V,0.03398324300845464,-0.019703408082326252,-0.11819686740636826,30
RArhIHk4Qs4$_$7,T,0.17552684992551804,0.22823901971181232,0.5005018934607506,14
RArhIHk4Qs4$_$7,A,0.013422520210345587,0.022112747033437092,-0.002834826707839971,14
RArhIHk4Qs4$_$7,V,0.056648269295692444,0.07872583468755086,-0.29391565173864365,14
RArhIHk4Qs4$_$6,T,0.14515779043237367,0.2731512486934662,0.17659304710105062,26
RArhIHk4Qs4$_$6,A,0.009162568797667822,0.022329702973365784,-0.08213790552690625,26
RArhIHk4Qs4$_$6,V,0.040693986462429166,-0.014366492629051208,-0.22136664763092997,26
RArhIHk4Qs4$_$8,T,0.2505074242750804,0.44848086436589557,-0.44231859097878135,8
RArhIHk4Qs4$_$8,A,0.04078237215677897,0.07083902259667713,-0.14436785380045572,8
RArhIHk4Qs4$_$8,V,0.050982485214869186,0.09354332586129506,-0.258549856642882,8
RArhIHk4Qs4$_$21,T,0.34688608596722287,0.4078420549631118,0.9892062445481619,7
RArhIHk4Qs4$_$21,A,0.0501793126265208,-0.0254366397857666,0.15611127515633896,7
RArhIHk4Qs4$_$21,V,0.015856534242630005,-0.06518055498600006,-0.22587879995505014,4
ROcTx5VEn7o$_$11,T,0.2254616916179657,0.22197112937768299,0.7058852861324946,35
ROcTx5VEn7o$_$11,A,0.02816348026196162,-0.01945693294207255,-0.036587034662564605,35
ROcTx5VEn7o$_$11,V,0.026131915549437203,-0.04980232814947764,-0.22060536344846088,35
ROcTx5VEn7o$_$1,T,0.18279660788054267,0.3237627545992533,0.23677449114620688,12
ROcTx5VEn7o$_$1,A,0.026676950821032126,0.045366923014322914,0.11253897659480572,12
ROcTx5VEn7o$_$1,V,0.0401105429045856,0.03825453917185465,-0.37754308618605137,12
ROcTx5VEn7o$_$5,T,0.14753147711356482,0.2762359778086344,0.18938948027789587,24
ROcTx5VEn7o$_$5,A,0.018908746540546417,0.04608213404814401,-0.1428615469485521,24
ROcTx5VEn7o$_$5,V,0.03165032373120387,0.020086790124575295,-0.293945413082838,24
ROcTx5VEn7o$_$9,T,0.08612794180711111,0.10150338709354399,0.4416315828760464,15
ROcTx5VEn7o$_$9,A,0.004036594182252884,0.03163330256938934,-0.07900009552637734,15
ROcTx5VEn7o$_$9,V,0.05024349937836329,0.0548834502696991,-0.437625157336394,15
RrGpzInAwCg$_$0,T,0.11195588608582815,0.06882387399673462,0.41384993478034926,17
RrGpzInAwCg$_$0,A,0.05257867773373921,-0.004747912287712097,0.13563057764743766,17
RrGpzInAwCg$_$0,V,0.1374336431423823,0.13973264396190643,0.19154499502231676,17
RzOFxDk26p0$_$1,T,0.44716582695643103,0.4969211518764496,1.8004444042841592,46
RzOFxDk26p0$_$1,A,0.0333806574344635,-0.009047344326972965,0.09374938408533737,46
RzOFxDk26p0$_$1,V,0.019395331541697182,-0.05862469971179963,-0.2966476877530415,46
RzOFxDk26p0$_$0,T,0.2810979560017586,0.28598011036713916,0.8589378036558628,24
RzOFxDk26p0$_$0,A,0.05414978414773941,-0.0066265563170115165,0.11301986128091812,24
RzOFxDk26p0$_$0,V,0.03223218023777008,-0.05281292895476024,-0.33585820719599724,24
SHa756SwGJQ$_$0,T,0.1232212744653225,0.0950940450032552,0.45005921771128976,16
SHa756SwGJQ$_$0,A,0.05604749172925949,0.006614302595456437,0.13720041265090308,16
SHa756SwGJQ$_$0,V,0.05436832209428151,-0.1148104021946589,-0.22671119372049964,1
SHa756SwGJQ$_$2,T,0.16695288879175982,0.1531621714433034,0.589140417597567,30
SHa756SwGJQ$_$2,A,0.060557256142298385,0.005979766448338822,0.21161314736430842,30
SHa756SwGJQ$_$2,V,0.05971780916055044,0.044973810513814286,-0.052453429826224855,30
SHa756SwGJQ$_$4,T,0.07484171632677317,0.13322685658931732,0.18700355788071948,15
SHa756SwGJQ$_$4,A,0.027962015010416508,-4.50164079666103e-05,0.08038646106918654,15
SHa756SwGJQ$_$4,V,0.049667361192405224,0.07811042666435242,-0.29709806541601813,15
SHa756SwGJQ$_$7,T,0.18891484290361404,0.32649931808312727,0.2717515261222918,16
SHa756SwGJQ$_$7,A,0.034487732996543244,0.0022135128577550275,0.12220206887771684,16
SHa756SwGJQ$_$7,V,0.025446660816669464,0.023434032996495564,-0.3532940183455745,16
SHa756SwGJQ$_$6,T,0.22402912378311157,0.36305299401283264,0.4004175694038471,13
SHa756SwGJQ$_$6,A,0.03236422035843134,0.005745038390159605,0.14638645326097804,13
SHa756SwGJQ$_$6,V,0.023797755440076195,0.03572581708431244,-0.2757860540101925,13
TH32jop4FiI$_$15,T,0.21525729447603226,0.30490685999393463,-0.6467140105863411,22
TH32jop4FiI$_$15,A,0.024068713188171387,0.023120060563087463,0.08354473362366358,22
TH32jop4FiI$_$15,V,0.04421073695023855,0.06181943416595459,-0.19741698478658998,22
TH32jop4FiI$_$17,T,0.1211883289118608,0.09438211719195047,0.32080194726586336,29
TH32jop4FiI$_$17,A,0.05929245551427205,0.003939578930536907,0.23253300413489342,29
TH32jop4FiI$_$17,V,0.017430009941260018,-0.05187537272771199,-0.19849488139152527,29
TWszOxkOV0w$_$1,T,0.17575600634639463,0.313218687971433,-0.26219390581051505,38
TWszOxkOV0w$_$1,A,0.03173796087503433,-0.017629126707712807,0.12191301987816887,38
TWszOxkOV0w$_$1,V,0.007602096845706304,0.025472973783810932,-0.06612710809955993,38
TXCXFYIc3Yo$_$16,T,0.3120561862985293,0.35352839032808936,0.9085547675689061,26
TXCXFYIc3Yo$_$16,A,0.024176572759946186,-0.03099505354960759,-0.06322267154852551,26
TXCXFYIc3Yo$_$16,V,0.041857585310935974,-0.12106045832236606,-0.2694717744986216,26
TXCXFYIc3Yo$_$2,T,0.33345576375722885,0.37264690299828845,1.088524803519249,20
TXCXFYIc3Yo$_$2,A,0.027580107251803078,-0.04221716771523158,0.026493579149246188,20
TXCXFYIc3Yo$_$2,V,0.034963756799697876,-0.10891866932312647,-0.2673056274652481,20
TXCXFYIc3Yo$_$7,T,0.19255825380484262,0.3354069540898005,-0.21495316674311954,41
TXCXFYIc3Yo$_$7,A,0.024212360382080078,0.04399455587069193,-0.03017534812291465,41
TXCXFYIc3Yo$_$7,V,0.0738456795612971,0.09663971761862436,-0.28399198999007547,41
TXCXFYIc3Yo$_$6,T,0.09976603587468465,0.17709085345268247,-0.1631659617026647,21
TXCXFYIc3Yo$_$6,A,0.04800951977570852,0.06971322000026703,-0.1779230882724126,21
TXCXFYIc3Yo$_$6,V,0.05759043743213017,0.07957084476947784,-0.3009944756825765,21
TYJzg5IJN8o$_$11,T,0.07648282249768575,0.11069713036219277,0.22869004992147285,48
TYJzg5IJN8o$_$11,A,0.03417897721131643,-0.013648619254430136,0.0592849257712563,48
TYJzg5IJN8o$_$11,V,0.06321921944618225,0.07839686671892801,-0.41437574444959563,48
TYJzg5IJN8o$_$10,T,0.15716557453076044,0.26963658134142554,0.1909004338085651,28
TYJzg5IJN8o$_$10,A,0.023200844724973045,-0.0018188556035359698,0.045561157166957855,28
TYJzg5IJN8o$_$10,V,0.04107651362816493,0.07151729861895242,-0.279026310890913,28
TYJzg5IJN8o$_$14,T,0.39417847245931625,0.4763516585032145,1.3626802056096494,29
TYJzg5IJN8o$_$14,A,0.04984431465466817,0.02773394683996836,0.15226441342383618,29
TYJzg5IJN8o$_$14,V,0.03436976671218872,-0.09560931225617726,-0.3938303650356829,29
TYJzg5IJN8o$_$0,T,0.2524283267557621,0.2978969613711039,0.9050725639487305,30
TYJzg5IJN8o$_$0,A,0.06528705358505249,0.06001647810141245,0.1636062233398358,30
TYJzg5IJN8o$_$0,V,0.038111199935277305,0.01629584530989329,0.028516838016609397,30
TYJzg5IJN8o$_$4,T,0.33464941134055454,0.39178091287612915,1.1657435912638903,33
TYJzg5IJN8o$_$4,A,0.0678045650323232,0.04573516547679901,0.18274168297648433,33
TYJzg5IJN8o$_$4,V,0.014289865891138712,-0.05991528928279877,-0.2056706380099058,33
TYJzg5IJN8o$_$7,T,0.22573984414339066,0.21022679408391315,0.7936768308281898,24
TYJzg5IJN8o$_$7,A,0.08089710026979446,0.06702234347661336,0.062215358018875136,24
TYJzg5IJN8o$_$7,V,0.057802105943361916,-0.10945568482081094,-0.426052637398243,24
Uc_6d-fkZEc$_$3,T,0.41786100467046106,0.48248530924320215,1.3468355536460876,15
Uc_6d-fkZEc$_$3,A,0.0570160448551178,-0.0032548606395721436,0.20221698284149173,15
Uc_6d-fkZEc$_$3,V,0.039393454790115356,-0.10157184302806854,-0.5233170390129089,15
UlTJmndbGHM$_$1,T,0.27219917873541516,0.318813274304072,1.2249381164244064,16
UlTJmndbGHM$_$1,A,0.05071565508842468,0.011454234520594277,0.2017962123888234,16
UlTJmndbGHM$_$1,V,0.08587227265040079,0.09563080469767252,0.33289253657373286,13
UlTJmndbGHM$_$4,T,0.26407303288578987,0.42324849963188166,-0.6591194495558739,19
UlTJmndbGHM$_$4,A,0.03727509081363678,0.01313161849975586,0.1830747351050377,19
UlTJmndbGHM$_$4,V,0.0,0.0,0.0,0
VbV9S4svrTg$_$13,T,0.1703400338689486,0.13068066040674844,0.5147409488757451,8
VbV9S4svrTg$_$13,A,0.024006900688012443,-0.05592157443364462,-0.009181464711825058,8
VbV9S4svrTg$_$13,V,0.05251303315162659,0.009333173433939617,-0.21428451935450232,8
VbV9S4svrTg$_$3,T,0.144168084487319,0.12175146241982777,0.36402541399002075,15
VbV9S4svrTg$_$3,A,0.010753608619173368,-0.051372850934664406,-0.06433712691068649,15
VbV9S4svrTg$_$3,V,0.05353070485095183,0.012892772754033409,-0.2100597620010376,15
VbV9S4svrTg$_$7,T,0.4139765650033951,0.47592395544052124,1.365970293680827,8
VbV9S4svrTg$_$7,A,0.034944191575050354,-0.02277590334415436,-0.08014731605847675,8
VbV9S4svrTg$_$7,V,0.03833737472693126,-0.04065673053264617,-0.37744729717572534,8
VbV9S4svrTg$_$8,T,0.13955593357483545,0.09543815751870473,0.5437162208060423,13
VbV9S4svrTg$_$8,A,0.057929041484991714,0.0034174968798955235,0.15928933272759116,13
VbV9S4svrTg$_$8,V,0.022242928544680275,-0.04279635349909464,-0.23870211963852245,13
VinxKpWioTo$_$1,T,0.3443552454312642,0.4361688743034998,1.3028331240639088,48
VinxKpWioTo$_$1,A,0.040245672067006424,0.0045359234015146885,0.1734218243509531,48
VinxKpWioTo$_$1,V,0.026880532503128052,-0.007312988241513569,0.028097859583795015,48
VinxKpWioTo$_$0,T,0.18390745917956033,0.21861692766348517,0.4614709814389546,10
VinxKpWioTo$_$0,A,0.008505369226137796,-0.04589465757211049,-0.049261490503946945,10
VinxKpWioTo$_$0,V,0.013699849446614584,-0.04620336492856344,-0.18223528067270914,10
VinxKpWioTo$_$3,T,0.280980887512366,0.3481961339712143,0.7553591777880986,28
VinxKpWioTo$_$3,A,0.02906282742818197,-0.031238690018653873,0.0341410463054975,28
VinxKpWioTo$_$3,V,0.0544353723526001,0.024977475404739376,0.03789557268222177,28
VinxKpWioTo$_$5,T,0.34010844429334003,0.4244045813878377,1.2360398024320602,20
VinxKpWioTo$_$5,A,0.031926145156224564,-0.016541178027788796,0.10181023925542827,20
VinxKpWioTo$_$5,V,0.04685221115748088,0.022877787550290424,0.11340170353651048,20
ViyQVpGW05w$_$1,T,0.12517197678486505,0.09292776882648468,0.3464075724283854,17
ViyQVpGW05w$_$1,A,0.019867072502772015,-0.02748201787471771,-0.09416603793700534,17
ViyQVpGW05w$_$1,V,0.1557705712815126,0.16071870923042297,0.33882887909809745,17
ViyQVpGW05w$_$4,T,0.030324742197990417,-0.11857718229293823,0.10228223757197459,13
ViyQVpGW05w$_$4,A,0.07380467901627223,0.04445342719554901,0.07014703455691534,13
ViyQVpGW05w$_$4,V,0.12264669314026833,0.12881989777088165,0.15482704977815348,13
ViyQVpGW05w$_$6,T,0.12789641258617243,0.26885228604078293,0.11804816631289819,25
ViyQVpGW05w$_$6,A,0.01787225405375163,0.04955735057592392,-0.0015751538642992582,25
ViyQVpGW05w$_$6,V,0.06708406905333202,-0.06728099286556244,0.07276449274892607,25
Vuay0mVKkik$_$3,T,0.2576798101266225,0.27170535922050476,0.848057116071383,26
Vuay0mVKkik$_$3,A,0.06362171471118927,0.03871087729930878,0.0051425943771997926,26
Vuay0mVKkik$_$3,V,0.023398871223131817,-0.04661847651004791,-0.25503485401471454,26
WmQF5RmbsVQ$_$6,T,0.22648884107669195,0.25316554804642993,0.6069753617048262,48
WmQF5RmbsVQ$_$6,A,0.02653426925341288,-0.022333110372225448,-0.009610563516616825,48
WmQF5RmbsVQ$_$6,V,0.023362239201863606,-0.03181443611780803,-0.1314262300729751,48
Wrcf2xtqbkQ$_$9,T,0.21558545840283236,0.3515918950239817,0.42426726967096334,28
Wrcf2xtqbkQ$_$9,A,0.023021432881553967,0.048705081144968666,0.017468981444835656,28
Wrcf2xtqbkQ$_$9,V,0.04501100319127242,-0.007078339656194048,-0.3615310117602348,28
Wrcf2xtqbkQ$_$8,T,0.2083137979110082,0.1882994125286738,0.5721262991428375,18
Wrcf2xtqbkQ$_$8,A,0.010434627532958984,-0.05830866595109305,-0.02072718739509582,18
Wrcf2xtqbkQ$_$8,V,0.049998310705025986,-0.016833474238713578,-0.29810476303100586,18
WxajvjGKz7Y$_$0,T,0.16364630374785824,0.25670723617076874,0.4244196365665023,11
WxajvjGKz7Y$_$0,A,0.05258499334255855,0.006414473056793209,0.19199181967026863,11
WxajvjGKz7Y$_$0,V,0.044880943993727364,0.07699508965015411,-0.052206524977615736,11
WxajvjGKz7Y$_$3,T,0.12577783316373825,0.20103358725706733,0.30993697295586264,22
WxajvjGKz7Y$_$3,A,0.012913505236307781,0.02566924194494883,-0.0023796384533246364,22
WxajvjGKz7Y$_$3,V,0.009293331454197565,0.038243691126505525,-0.06136467059453328,22
WxajvjGKz7Y$_$6,T,0.08136326695481935,0.10929027199745178,0.35314908841003967,32
WxajvjGKz7Y$_$6,A,0.023254919952402513,0.038684621453285224,0.1300145046164592,32
WxajvjGKz7Y$_$6,V,0.02045820653438568,0.040429756045341485,-0.20894026538978017,32
XIGpuL-Kkyk$_$12,T,0.24081128587325415,0.2837992459535599,0.6877405994261303,28
XIGpuL-Kkyk$_$12,A,0.04851668079694112,-0.000567063689231876,0.12106882470349471,28
XIGpuL-Kkyk$_$12,V,0.043452342351277665,-0.10154661536216734,-0.24658575126280385,11
XIGpuL-Kkyk$_$0,T,0.10121443433066209,0.19780929386615748,-0.22683291509747505,13
XIGpuL-Kkyk$_$0,A,0.03279801582296689,0.04054440557956695,0.08357185497879983,13
XIGpuL-Kkyk$_$0,V,0.0,0.0,0.0,0
XIGpuL-Kkyk$_$4,T,0.3515676073729992,0.4321670283873876,1.473346279002726,21
XIGpuL-Kkyk$_$4,A,0.030450065930684406,-0.006271849075953163,0.12715454213321203,21
XIGpuL-Kkyk$_$4,V,0.03768657644589742,0.025005554159482322,0.0910228500142694,21
XIGpuL-Kkyk$_$7,T,0.08433872771759827,0.1834531873464584,0.08831361681222914,7
XIGpuL-Kkyk$_$7,A,0.028289322430888813,0.027067348361015323,0.05112033337354658,7
XIGpuL-Kkyk$_$7,V,0.0,0.0,0.0,0
XaVYxIW0FDg$_$2,T,0.12326813240845999,0.06789416074752808,0.46936679879824317,34
XaVYxIW0FDg$_$2,A,0.02136937528848648,-0.02770531177520752,-0.08173235257466632,34
XaVYxIW0FDg$_$2,V,0.06196026007334391,0.03945052623748779,-0.031625529130299875,34
XyP8bVmGX6M$_$4,T,0.19818371782700223,0.23342612882455188,0.6896643365422884,18
XyP8bVmGX6M$_$4,A,0.04857323567072551,0.020435710748036705,0.09860011811057728,18
XyP8bVmGX6M$_$4,V,0.09334094325701396,0.10722715159257254,0.1870353805522124,18
XzVapdEr_GY$_$3,T,0.366167093316714,0.44610597193241114,1.037279007335504,33
XzVapdEr_GY$_$3,A,0.02352298299471537,-0.046174004673957825,-0.008694956700007105,33
XzVapdEr_GY$_$3,V,0.008514836430549622,-0.053939223289489746,-0.1147940630714099,33
XzVapdEr_GY$_$4,T,0.48558917393287027,0.5469206223885218,1.7920299917459488,37
XzVapdEr_GY$_$4,A,0.0106143852074941,-0.06622607012589772,-0.16299143433570862,37
XzVapdEr_GY$_$4,V,0.012758175532023113,-0.050094326337178544,-0.052304491400718724,37
Y7h-S3cJ52o$_$0,T,0.13311710891624293,0.24636125564575193,0.23278475056091943,11
Y7h-S3cJ52o$_$0,A,0.030975444863239925,0.07515071332454681,0.03874844561020533,11
Y7h-S3cJ52o$_$0,V,0.01781384708980719,0.04053463041782379,-0.1723655586441358,11
Y7qkyMyanjU$_$2,T,0.11551190416018167,0.2123711854219436,0.2822996452450753,11
Y7qkyMyanjU$_$2,A,0.017228860408067703,0.05746327340602874,0.032350592315197005,11
Y7qkyMyanjU$_$2,V,0.0,0.0,0.0,0
Y7qkyMyanjU$_$4,T,0.16133505230148634,0.12223283946514128,0.44287019222974777,13
Y7qkyMyanjU$_$4,A,0.057564047475655876,-0.016269728541374213,0.028633542358875264,13
Y7qkyMyanjU$_$4,V,0.0,0.0,0.0,0
YbuG8xyUO-o$_$3,T,0.1887372446556886,0.30060485998789466,0.4619381527105967,13
YbuG8xyUO-o$_$3,A,0.007321248451868693,0.0408539871374766,-0.06325749804576239,13
YbuG8xyUO-o$_$3,V,0.01317123572031657,0.04012645284334818,-0.030201581617196396,13
YbuG8xyUO-o$_$2,T,0.14591300239165622,0.1939675211906433,0.6351170266668001,15
YbuG8xyUO-o$_$2,A,0.014254694183667501,0.03528437018394471,0.06162769595781961,15
YbuG8xyUO-o$_$2,V,0.010060533881187439,0.03978282213211059,-0.05729381491740544,15
Z7L3V5bwzI0$_$2,T,0.11734615763028464,0.09802007675170898,0.3648003190755844,27
Z7L3V5bwzI0$_$2,A,0.11621847872932753,0.10580192506313324,0.31119029223918915,27
Z7L3V5bwzI0$_$2,V,0.0551860382159551,0.03945775330066681,-0.004407435655593855,27
ZaoFHcbRM9g$_$3,T,0.10047915702064833,0.051000277201334626,0.3484655308226744,29
ZaoFHcbRM9g$_$3,A,0.06631105641523997,0.023963252703348793,0.09809925282994908,29
ZaoFHcbRM9g$_$3,V,0.09462582568327585,0.05259148279825847,0.27065599958101905,29
ZaoFHcbRM9g$_$2,T,0.07617608333627383,0.13016572097937265,-0.006932824850082396,9
ZaoFHcbRM9g$_$2,A,0.017808244253198303,0.02022720376650492,0.05897421017289162,9
ZaoFHcbRM9g$_$2,V,0.027972259248296417,0.042671228448549904,-0.026509027928113937,9
ZaoFHcbRM9g$_$5,T,0.08190564997494221,0.16399831573168436,-0.22486485913395882,14
ZaoFHcbRM9g$_$5,A,0.0333728405336539,0.040576706329981484,0.16716372221708298,14
ZaoFHcbRM9g$_$5,V,0.01541492280860742,0.007153342167536422,0.004690181463956828,14
ZaoFHcbRM9g$_$9,T,0.14448217457781234,0.27977740267912543,-0.20768787028888858,6
ZaoFHcbRM9g$_$9,A,0.07540424882123868,-0.07599115868409474,0.20933622059722737,6
ZaoFHcbRM9g$_$9,V,0.00956635611752669,0.03071711460749308,-0.029594975213209793,6
ZaoFHcbRM9g$_$8,T,0.3693271776040395,0.5469213624795277,-1.1639815221230188,8
ZaoFHcbRM9g$_$8,A,0.01126606265703837,0.020057802398999534,-0.019711549083391792,8
ZaoFHcbRM9g$_$8,V,0.013207852840423584,0.04011467595895131,-0.09473357597986856,8
Zvisaa77Cng$_$1,T,0.2348176824549834,0.23948586483796436,0.6404173783957957,18
Zvisaa77Cng$_$1,A,0.03416511913140615,-0.027117143074671425,0.08759111166000366,18
Zvisaa77Cng$_$1,V,0.04055254658063253,-0.001835639278093975,-0.11174301430582997,18
Zvisaa77Cng$_$5,T,0.0889022039870421,0.03600553671518962,0.3407559792200724,16
Zvisaa77Cng$_$5,A,0.02399800717830658,-0.0671929915746053,0.08556664983431497,16
Zvisaa77Cng$_$5,V,0.01309617857138316,-0.045258959134419754,-0.14851473768552145,16
_7HVhnSYX1Y$_$26,T,0.23855900764465332,0.28920405109723407,0.5244557311137518,16
_7HVhnSYX1Y$_$26,A,0.024593996504942577,-0.023043374220530197,-0.06935187677542368,16
_7HVhnSYX1Y$_$26,V,0.027242377400398254,-0.04622496167818705,-0.268818477789561,16
_7HVhnSYX1Y$_$12,T,0.23285395403703055,0.279000386595726,0.4884431908528009,19
_7HVhnSYX1Y$_$12,A,0.04095710317293803,-0.017939344048500065,0.037778312961260475,19
_7HVhnSYX1Y$_$12,V,0.027747233708699547,-0.03369155526161194,-0.2157731552918752,19
_7HVhnSYX1Y$_$14,T,0.05002875626087189,0.10006969173749286,-0.045255802571773536,10
_7HVhnSYX1Y$_$14,A,0.04042785366376241,0.07220601042111714,-0.10925796627998352,10
_7HVhnSYX1Y$_$14,V,0.016967512667179108,0.02786361177762349,-0.19148219376802442,10
_7HVhnSYX1Y$_$19,T,0.17054365761578083,0.15911897520224252,0.4851461226741473,13
_7HVhnSYX1Y$_$19,A,0.01923810380200545,-0.032132421930631,-0.06662982453902562,13
_7HVhnSYX1Y$_$19,V,0.031200794503092766,-0.05008636911710103,-0.2935602938135464,13
_7HVhnSYX1Y$_$31,T,0.3795655940969785,0.44735249876976013,1.1901977360248566,13
_7HVhnSYX1Y$_$31,A,0.012628709276517231,-0.06062625348567962,-0.07136183977127078,13
_7HVhnSYX1Y$_$31,V,0.019144962231318157,-0.027218207716941833,-0.11738786101341248,13
_7HVhnSYX1Y$_$3,T,0.24310646454493204,0.28410743673642475,0.5939382761716843,23
_7HVhnSYX1Y$_$3,A,0.029096590975920357,-0.030982534090677895,0.03321674466133117,23
_7HVhnSYX1Y$_$3,V,0.02553763488928477,-0.057943115631739296,-0.30932553112506866,23
_BvNNdEkhZA$_$14,T,0.42292985568443936,0.4949300388495127,1.2904795010884602,15
_BvNNdEkhZA$_$14,A,0.013020093242327373,-0.06294707705577214,-0.055731366078058876,15
_BvNNdEkhZA$_$14,V,0.047283281882603966,-0.09798213591178258,-0.5013164381186167,15
_BvNNdEkhZA$_$19,T,0.3175291270017624,0.36341971655686695,0.8960334757963815,32
_BvNNdEkhZA$_$19,A,0.038512006402015686,-0.02024505535761516,0.05365450183550515,32
_BvNNdEkhZA$_$19,V,0.049507920940717064,-0.10665198663870494,-0.468907078107198,32
_BvNNdEkhZA$_$7,T,0.28803952038288116,0.32815908888975776,0.7964688614010811,23
_BvNNdEkhZA$_$7,A,0.033079768220583596,-0.027226825555165618,0.031945243477821364,23
_BvNNdEkhZA$_$7,V,0.03385815521081288,-0.08678368230660756,-0.3693111166357994,23
_BvNNdEkhZA$_$6,T,0.258172204097112,0.2912659148375193,0.7272451271613438,28
_BvNNdEkhZA$_$6,A,0.03060418119033178,-0.025599380334218352,0.0026239653428395647,28
_BvNNdEkhZA$_$6,V,0.06427214543024698,-0.12191884716351827,-0.47046485046545666,28
_BvNNdEkhZA$_$9,T,0.30519958833853406,0.3508933434883753,0.8209250991543134,16
_BvNNdEkhZA$_$9,A,0.03442998727162679,-0.02487479647000631,-0.0036392162243524973,16
_BvNNdEkhZA$_$9,V,0.04903895159562429,-0.09659436841805775,-0.516561614970366,16
_aZDaIfGfPo$_$1,T,0.25742104773720104,0.29355823496977484,0.8613232895537899,45
_aZDaIfGfPo$_$1,A,0.061768968900044754,0.013975868622461958,0.2187831178695584,45
_aZDaIfGfPo$_$1,V,0.03327331940333048,0.00026642779509226944,-0.00955286623987683,45
_aZDaIfGfPo$_$0,T,0.21805887420972186,0.2660765598217646,0.75554982945323,21
_aZDaIfGfPo$_$0,A,0.045906662940979004,-0.0018505056699117048,0.19296883791685104,21
_aZDaIfGfPo$_$0,V,0.10245977838834128,0.09714295963446298,0.3766067884862423,21
_gr7o5ynhnw$_$13,T,0.34116257975498837,0.41429744660854334,0.7665489763021469,34
_gr7o5ynhnw$_$13,A,0.018989284833272297,-0.05349376052618027,-0.17621006071567535,34
_gr7o5ynhnw$_$13,V,0.007438473403453827,-0.07951541990041733,-0.1864906847476959,34
_gr7o5ynhnw$_$12,T,0.23332354426383972,0.24564949174722034,0.6574232727289199,14
_gr7o5ynhnw$_$12,A,0.010212073723475138,-0.05612357954184214,-0.08682486414909363,14
_gr7o5ynhnw$_$12,V,0.013442883888880411,-0.06926960746447246,-0.21174649894237518,14
_gr7o5ynhnw$_$15,T,0.4735137845079104,0.5345694323380787,1.7783732215563455,48
_gr7o5ynhnw$_$15,A,0.01707187294960022,-0.045836309591929116,-0.060144012173016854,48
_gr7o5ynhnw$_$15,V,0.009732643763224283,-0.05018574992815654,-0.13383475442727402,48
_gzYkdjNvPc$_$12,T,0.3775418723622958,0.45173961420853925,1.045404275258382,9
_gzYkdjNvPc$_$12,A,0.022586911916732788,-0.04544516156117121,-0.10488028327624006,9
_gzYkdjNvPc$_$12,V,0.059880077838897705,-0.1148927683631579,-0.49863840142885835,9
_gzYkdjNvPc$_$17,T,0.3658098181088765,0.56358702480793,-1.1969597501059372,17
_gzYkdjNvPc$_$17,A,0.016641656557718914,0.039414599537849426,-0.03756320228179294,17
_gzYkdjNvPc$_$17,V,0.02642229199409485,0.050539553165435784,-0.29567490642269445,17
_gzYkdjNvPc$_$1,T,0.3070458086828391,0.35151379803816474,1.0638302086542049,26
_gzYkdjNvPc$_$1,A,0.06820707519849141,0.028968224922815956,0.18635396535197896,26
_gzYkdjNvPc$_$1,V,0.028505265712738037,-0.043217902382214866,-0.2808018879344065,26
_gzYkdjNvPc$_$3,T,0.27757666260004044,0.2871004194021225,0.9447045226891835,16
_gzYkdjNvPc$_$3,A,0.028967743118604023,-0.030946657061576843,-0.11678026119867962,16
_gzYkdjNvPc$_$3,V,0.0594511404633522,-0.11167317628860474,-0.4140705863634745,16
_gzYkdjNvPc$_$2,T,0.21160540853937468,0.3239000389973322,-0.43885106500238175,6
_gzYkdjNvPc$_$2,A,0.05405670776963234,0.0506239781777064,0.22119162697345018,6
_gzYkdjNvPc$_$2,V,0.038847293704748154,-0.03217451771100362,0.12929330207407475,6
_gzYkdjNvPc$_$5,T,0.26449817170699436,0.33188173671563465,0.6375536397099494,16
_gzYkdjNvPc$_$5,A,0.024730417877435684,-0.037112961212793984,-0.021960601210594163,16
_gzYkdjNvPc$_$5,V,0.055695089201132454,-0.10646488765875498,-0.40755730122327805,16
_gzYkdjNvPc$_$4,T,0.101032425959905,0.05067280928293864,0.4001164690901836,22
_gzYkdjNvPc$_$4,A,0.07982247322797775,0.028881515065828957,0.2405136314531167,22
_gzYkdjNvPc$_$4,V,0.045523303250471756,-0.09785727163155873,-0.32957083421448863,22
_gzYkdjNvPc$_$6,T,0.15395168960094452,0.2854513128598531,-0.19157909353574115,18
_gzYkdjNvPc$_$6,A,0.024619763096173603,0.037636270125706986,-0.018819754322369917,18
_gzYkdjNvPc$_$6,V,0.07287774483362834,0.09240063031514484,-0.4176354457934697,18
_gzYkdjNvPc$_$9,T,0.2375799436122179,0.28489340345064795,0.6080868815382322,15
_gzYkdjNvPc$_$9,A,0.008082566782832146,-0.06329157700141272,-0.19108318040768307,15
_gzYkdjNvPc$_$9,V,0.07570948513845602,-0.12491707255442937,-0.5009509498874346,15
a-WihYDk6vc$_$8,T,0.19232726407547793,0.2396930952866872,0.49392178592582536,32
a-WihYDk6vc$_$8,A,0.06477855145931244,0.03678337236245473,0.1655873035391172,32
a-WihYDk6vc$_$8,V,0.01700723171234131,-0.028321350614229836,-0.11340680407981078,32
a-WihYDk6vc$_$0,T,0.27800380686918896,0.35111992061138153,0.703089648236831,15
a-WihYDk6vc$_$0,A,0.05341019729773204,0.014725208282470703,0.11353204896052677,15
a-WihYDk6vc$_$0,V,0.009406983852386475,-0.04846958816051483,-0.11739555622140568,15
aFhc2ddipoM$_$14,T,0.24481365581353504,0.2827192693948746,0.6803135176499684,32
aFhc2ddipoM$_$14,A,0.017007850110530853,-0.03809592127799988,-0.006162817279497787,32
aFhc2ddipoM$_$14,V,0.029550234476725258,-0.024491891264915466,-0.17149257163206735,32
aK5tRCXjUvU$_$0,T,0.2677089807887872,0.3355536808570226,0.8796925687541564,16
aK5tRCXjUvU$_$0,A,0.059901634852091476,0.03678605457146962,0.1774376196165879,16
aK5tRCXjUvU$_$0,V,0.04717962940533956,0.03788434465726216,0.06768301067252952,16
b-FX9NOVQOM$_$1,T,0.10871445760130882,0.14887913068135578,0.5135004942615826,27
b-FX9NOVQOM$_$1,A,0.03295954689383507,0.012685542305310564,0.08486737062533697,27
b-FX9NOVQOM$_$1,V,0.024942231674989067,0.058193181951840714,-0.15656181673208874,20
b-FX9NOVQOM$_$4,T,0.2718122111012538,0.44146064917246497,-0.5960144825900595,30
b-FX9NOVQOM$_$4,A,0.04077287018299103,-0.03491360445817311,0.20585846093793708,30
b-FX9NOVQOM$_$4,V,0.025966400901476543,0.05623268584410349,-0.06982822126398482,18
b1LEcg6z66g$_$0,T,0.30135035266478855,0.36443657179673505,0.8732886736591655,24
b1LEcg6z66g$_$0,A,0.037003075083096824,-0.015356908241907757,0.03426872690518696,24
b1LEcg6z66g$_$0,V,0.02669524153073629,-0.020639474193255104,-0.13638845334450406,24
b1LEcg6z66g$_$4,T,0.04677477851510048,-0.02316820621490479,0.2777146973336736,30
b1LEcg6z66g$_$4,A,0.024423636340846617,-0.016447126865386963,-0.019286497806509328,30
b1LEcg6z66g$_$4,V,0.03469115123152733,-0.008429020643234253,-0.16899594509353238,30
b1LEcg6z66g$_$8,T,0.0670183008381476,0.02307801942030589,0.16902034326146045,24
b1LEcg6z66g$_$8,A,0.06348222556213538,0.018528083960215252,0.16141873241091767,24
b1LEcg6z66g$_$8,V,0.014382677773634592,-0.031448518236478165,-0.06530050917839011,24
bAkUEnPoucg$_$3,T,0.26147785037755966,0.30195177594820655,0.9568401922782261,33
bAkUEnPoucg$_$3,A,0.0238591730594635,-0.021123771866162617,-0.003921727339426664,33
bAkUEnPoucg$_$3,V,0.10380527377128601,0.08348834017912546,0.37142235537370044,33
bNQkb4K5DX0$_$3,T,0.08175482352574667,-0.0033909579118092913,0.4054991481825709,26
bNQkb4K5DX0$_$3,A,0.08265385016178091,0.062320599953333534,0.07038461603224277,26
bNQkb4K5DX0$_$3,V,0.025711283087730408,-0.040655990441640213,-0.2539267959073186,26
bNQkb4K5DX0$_$7,T,0.3283833668877681,0.39714912076791126,1.1277381889522076,21
bNQkb4K5DX0$_$7,A,0.06961896022160849,0.03616326053937276,0.2529527358710766,21
bNQkb4K5DX0$_$7,V,0.016749560832977295,-0.017697895566622414,-0.14763747900724408,21
bWunvAd96zI$_$1,T,0.22001833220322925,0.2053084373474121,0.7921706363558768,18
bWunvAd96zI$_$1,A,0.02220672369003296,-0.03321628272533417,-0.05172207951545714,18
bWunvAd96zI$_$1,V,0.04178441067536672,0.0062937587499618565,-0.0506393536925316,18
bWunvAd96zI$_$2,T,0.09664823487401009,0.20748711625734964,-0.12134064733982085,33
bWunvAd96zI$_$2,A,0.0074221740166346235,0.02726095418135325,-0.006558127701282513,33
bWunvAd96zI$_$2,V,0.03174487501382828,-0.016677473982175194,-0.12771300226449966,33
bWunvAd96zI$_$5,T,0.10322938906028867,0.1289967397848765,0.44132750108838076,7
bWunvAd96zI$_$5,A,0.005903558960805337,0.02294802169005076,-0.12341234274208546,7
bWunvAd96zI$_$5,V,0.021729252766817808,0.02238976458708445,-0.33124567195773125,7
bWunvAd96zI$_$4,T,0.09412491197387376,0.037149732311566666,0.3929552013675372,17
bWunvAd96zI$_$4,A,0.021993306775887806,-0.02558969954649607,-0.05779106666644414,17
bWunvAd96zI$_$4,V,0.03318072482943535,-0.015956292549769078,-0.1991194685300191,17
bj9e8w4vNxo$_$12,T,0.0508868775020043,-0.08688374857107797,0.3001190839956204,42
bj9e8w4vNxo$_$12,A,0.06572882148126762,0.02681561311086019,0.22359661261240638,42
bj9e8w4vNxo$_$12,V,0.007131149371465048,-0.056855047742525734,-0.10250504997869334,42
bpvYdXVlgvc$_$1,T,0.0337180569767952,0.06138822933038075,0.04913441091775894,10
bpvYdXVlgvc$_$1,A,0.01950027048587799,0.045893748601277665,-0.06610376015305518,10
bpvYdXVlgvc$_$1,V,0.013463502128918966,-0.006744111577669778,-0.04753575101494789,10
bpvYdXVlgvc$_$3,T,0.04687047563493252,-0.10875232021013895,0.1650774447868268,21
bpvYdXVlgvc$_$3,A,0.0870505589991808,0.07811506589253743,0.18396289149920145,21
bpvYdXVlgvc$_$3,V,0.016541019082069397,-0.06202233831087748,-0.18594170299669108,21
bpvYdXVlgvc$_$4,T,0.08724236488342285,0.15868592758973438,-0.03523686528205872,14
bpvYdXVlgvc$_$4,A,0.04860776662826538,0.08237492044766744,-0.1729200854897499,14
bpvYdXVlgvc$_$4,V,0.07021094113588333,0.08958229919274648,-0.30793463438749313,14
bpvYdXVlgvc$_$6,T,0.2408196118970712,0.37686994671821594,-0.5742493992050488,29
bpvYdXVlgvc$_$6,A,0.03695109486579895,0.058664411306381226,-0.019793358941872913,29
bpvYdXVlgvc$_$6,V,0.03541594247023264,0.06160250306129455,-0.15938748915990192,29
c1a1y9ytHH0$_$0,T,0.15219094107548395,0.27087442576885223,0.38769224286079407,27
c1a1y9ytHH0$_$0,A,0.03189252316951752,0.005798399448394779,0.058176994323730455,27
c1a1y9ytHH0$_$0,V,0.024438689152399697,0.023071303963661194,-0.23086890578269953,23
c1a1y9ytHH0$_$3,T,0.12685502941409746,0.2507033944129944,0.28778484075640637,29
c1a1y9ytHH0$_$3,A,0.042138251243159175,-0.003006547689437866,0.12235991687824327,29
c1a1y9ytHH0$_$3,V,0.022226812938849132,0.0320456326007843,-0.2479077094855408,15
c1a1y9ytHH0$_$7,T,0.27467115844289464,0.349401111404101,0.687775764769564,22
c1a1y9ytHH0$_$7,A,0.046526968479156494,-0.003334482510884605,0.14150196282813948,22
c1a1y9ytHH0$_$7,V,0.0238991379737854,-0.04887781043847402,-0.24036404847477874,18
c5cB7AfVgcE$_$12,T,0.32611800730228424,0.3752342561880747,0.9805335886776447,31
c5cB7AfVgcE$_$12,A,0.0617773284514745,0.024354139963785805,0.0915000066161156,31
c5cB7AfVgcE$_$12,V,0.017861604690551758,-0.08782075842221577,-0.2009671442210674,30
c5cB7AfVgcE$_$5,T,0.07557256581882635,0.02594471474488576,0.27243257562319434,37
c5cB7AfVgcE$_$5,A,0.06294109113514423,0.045491759975751236,0.02979121233026187,37
c5cB7AfVgcE$_$5,V,0.04617583192884922,-0.09968406955401102,-0.2836416152616342,37
d8BR6hsvzoY$_$1,T,0.09319012037788829,0.12483672797679901,0.3660430368036032,24
d8BR6hsvzoY$_$1,A,0.014917654140541952,0.012499019503593448,-0.0631727259606123,24
d8BR6hsvzoY$_$1,V,0.0607305698407193,0.09385171532630919,-0.29063825495541096,24
d8BR6hsvzoY$_$0,T,0.1782151119162639,0.3058383911848068,0.2790133443971475,7
d8BR6hsvzoY$_$0,A,0.011928922807176908,0.02311776578426361,0.06930891176064809,7
d8BR6hsvzoY$_$0,V,0.05199272620181243,0.09025952219963072,-0.2683788600067297,7
d8BR6hsvzoY$_$2,T,0.16086544003337622,0.23944791158040363,0.4385567754507065,17
d8BR6hsvzoY$_$2,A,0.0045624372238914175,0.02331221600373586,-0.09854508563876152,17
d8BR6hsvzoY$_$2,V,0.06423279984543721,0.09545001884301502,-0.3116222470998764,17
d8BR6hsvzoY$_$5,T,0.1689800557990869,0.3061973750591278,0.22514194995164868,10
d8BR6hsvzoY$_$5,A,0.0475000577668349,-0.025758937001228333,0.08539705350995061,10
d8BR6hsvzoY$_$5,V,0.018251440177361168,0.036799177527427666,-0.23104156181216234,10
d8BR6hsvzoY$_$6,T,0.14396768063306808,0.21166930099328357,0.43330056903262937,9
d8BR6hsvzoY$_$6,A,0.014029673921565214,0.004876633485158285,-0.07646369809905688,9
d8BR6hsvzoY$_$6,V,0.0616593857606252,0.08923119803269704,-0.3110385394344727,9
d8BR6hsvzoY$_$9,T,0.14467809970180193,0.2131054401397705,0.3735985867679119,17
d8BR6hsvzoY$_$9,A,0.003569350267450015,0.019600033760070804,-0.08786652237176895,17
d8BR6hsvzoY$_$9,V,0.06680428360899289,0.09742456674575804,-0.30997251346707344,17
d8BR6hsvzoY$_$8,T,0.14438333113988241,0.11497401694456735,0.4979718575874964,29
d8BR6hsvzoY$_$8,A,0.022617340087890625,-0.03777559598286946,-0.03503659864266713,29
d8BR6hsvzoY$_$8,V,0.05923159172137578,-0.1287946452697118,-0.2965130110581716,29
dBWvtPeHpWM$_$4,T,0.02811658134063085,-0.05380382140477498,0.12267133469382921,5
dBWvtPeHpWM$_$4,A,0.049551909168561295,-0.013756146033604935,0.18370286617816117,5
dBWvtPeHpWM$_$4,V,0.13007558385531107,0.10340477029482523,0.31360756487507996,5
dEDbm2ubVRQ$_$0,T,0.15178407666583857,0.2597993463277817,0.2571389010796944,12
dEDbm2ubVRQ$_$0,A,0.024232572875916958,0.06933815777301788,-0.05275050674875577,12
dEDbm2ubVRQ$_$0,V,0.01534661961098512,0.029271304607391357,-0.18793269184728462,12
dEDbm2ubVRQ$_$3,T,0.21789996760586897,0.23057811458905536,0.6569121157129605,33
dEDbm2ubVRQ$_$3,A,0.04483722150325775,-0.009402523438135784,0.07241012280186016,33
dEDbm2ubVRQ$_$3,V,0.021095871925354004,-0.030580202738444008,-0.051283045361439385,33
dEDbm2ubVRQ$_$8,T,0.23242277403672534,0.25506072243054706,0.6923376570145289,16
dEDbm2ubVRQ$_$8,A,0.011750246087710064,-0.05638153354326884,-0.053051640590031916,16
dEDbm2ubVRQ$_$8,V,0.03234998385111491,-0.0074994365374247245,-0.012058710058530157,16
dt641WxonBI$_$1,T,0.13368730247020721,0.09983596702416737,0.415948323905468,10
dt641WxonBI$_$1,A,0.06186613440513611,0.02371432383855184,0.04179123789072037,10
dt641WxonBI$_$1,V,0.11154857029517491,0.10717928906281789,0.21463361382484436,10
dt641WxonBI$_$3,T,0.09527915095289549,0.048112417260805763,0.2946064177279671,24
dt641WxonBI$_$3,A,0.0623467736877501,0.020747209588686623,0.08976265725990136,24
dt641WxonBI$_$3,V,0.03309717153509458,-0.024027039607365918,-0.19279144673297802,24
eOiC1kb17P4$_$0,T,0.016098849281358223,-0.03346504271030426,0.005298398279895385,48
eOiC1kb17P4$_$0,A,0.01389809709507972,-0.035751521587371826,-0.04418890752519171,48
eOiC1kb17P4$_$0,V,0.0623149509774521,0.04145382344722747,0.045317586356153086,48
erNDEjQeox8$_$12,T,0.34383831623320776,0.42671176791191096,0.9696492211272318,46
erNDEjQeox8$_$12,A,0.02191967765490214,-0.037044450640678406,-0.029707269432644068,46
erNDEjQeox8$_$12,V,0.024488935867945354,-0.04539214074611663,0.12891392999639112,46
ewBrNsyY82Q$_$4,T,0.2611377276480198,0.32351778944333387,0.6849749783674876,32
ewBrNsyY82Q$_$4,A,0.02167679866154989,-0.046878392497698464,0.03960064301888149,32
ewBrNsyY82Q$_$4,V,0.028674453496932983,-0.01727026204268138,-0.17616741110881168,32
fWOIAxzBQFY$_$12,T,0.27765894184509915,0.3301885773738225,0.7626313827931881,24
fWOIAxzBQFY$_$12,A,0.06165176133314769,0.017913420995076496,0.2250354513525963,24
fWOIAxzBQFY$_$12,V,0.0434067447980245,-0.006489003698031109,-0.2273949272930622,24
fWOIAxzBQFY$_$5,T,0.19970163702964783,0.2214766393105189,0.6294856294989586,16
fWOIAxzBQFY$_$5,A,0.07320570945739746,0.03839270273844401,0.2875794470310211,16
fWOIAxzBQFY$_$5,V,0.07829187313715617,0.06943201522032419,0.025875873863697073,16
fWOIAxzBQFY$_$7,T,0.14667890189836422,0.109368825952212,0.486107762902975,19
fWOIAxzBQFY$_$7,A,0.06143488734960556,0.011753256122271214,0.20480548404157162,19
fWOIAxzBQFY$_$7,V,0.07717526952425639,0.056720892588297524,-0.14303974993526936,19
f_ZJ7L14oYQ$_$11,T,0.313186377286911,0.3382018754879633,0.9156206548213959,40
f_ZJ7L14oYQ$_$11,A,0.0527074138323466,-0.003549059232076008,0.009283035993576081,40
f_ZJ7L14oYQ$_$11,V,0.014230166872342426,-0.05114058156808217,-0.1642544865608215,40
f_ZJ7L14oYQ$_$27,T,0.23944207032521567,0.38232896725336707,-0.5837394793828329,26
f_ZJ7L14oYQ$_$27,A,0.03091752529144287,0.05778564016024271,-0.04435833295186361,26
f_ZJ7L14oYQ$_$27,V,0.07455685238043466,0.09924898544947305,-0.4078347285588582,26
f_ZJ7L14oYQ$_$21,T,0.20612492909034094,0.36214329302310944,-0.3177066196997961,22
f_ZJ7L14oYQ$_$21,A,0.0182122935851415,0.04243166744709015,-0.07717907925446829,22
f_ZJ7L14oYQ$_$21,V,0.02647295594215393,0.04116797447204589,-0.18575586875279743,22
f_ZJ7L14oYQ$_$17,T,0.08587319031357765,0.011095032095909115,0.3560550532614191,21
f_ZJ7L14oYQ$_$17,A,0.036941796696434416,-0.004160776734352112,-0.05833579289416471,21
f_ZJ7L14oYQ$_$17,V,0.04434529567758242,-0.006460011005401611,-0.2479523771132032,21
f_ZJ7L14oYQ$_$9,T,0.09039904177188873,0.15957348048686978,0.24760026733080545,29
f_ZJ7L14oYQ$_$9,A,0.017220328251520794,0.008453071117401123,-0.060503387202819184,29
f_ZJ7L14oYQ$_$9,V,0.04310086742043495,-0.00561334192752838,-0.33085803811748815,29
f_ZJ7L14oYQ$_$8,T,0.11083404595653215,0.04083158572514852,0.3837448259194692,21
f_ZJ7L14oYQ$_$8,A,0.03194892033934593,-0.02345218757788341,-0.018748501936594636,21
f_ZJ7L14oYQ$_$8,V,0.02968758468826612,-0.02892150978247325,-0.19295218090216318,21
ffrJ91swyq0$_$1,T,0.40511587758858997,0.4944059153397878,1.3102205817898114,43
ffrJ91swyq0$_$1,A,0.016026437282562256,-0.042938883105913796,-0.054955358306566865,43
ffrJ91swyq0$_$1,V,0.014032512903213501,-0.060157234470049545,-0.14031301687161124,43
g8Cl74tS3oY$_$2,T,0.25142916291952133,0.4020261913537979,-0.5075583805640538,33
g8Cl74tS3oY$_$2,A,0.015048012137413025,0.025606930255889893,-0.033312608798344925,33
g8Cl74tS3oY$_$2,V,0.05558614432811737,0.09284575283527373,-0.1584288825591405,33
g8Cl74tS3oY$_$6,T,0.3599654734134674,0.3923722604910532,1.3893135463198023,41
g8Cl74tS3oY$_$6,A,0.019640614589055378,-0.027730559309323624,-0.11759452770153675,41
g8Cl74tS3oY$_$6,V,0.02171770731608073,-0.025326405962308254,-0.028295437494913707,41
gR4gM_WXesQ$_$10,T,0.06916480138897896,0.10664362212022145,-0.10073719111581642,24
gR4gM_WXesQ$_$10,A,0.02129389966527621,0.0403530200322469,-0.12583535102506477,24
gR4gM_WXesQ$_$10,V,0.014036566019058228,0.01879543562730153,-0.006560207655032474,24
gR4gM_WXesQ$_$26,T,0.18865559746821722,0.3087093432744344,-0.36212653418382,19
gR4gM_WXesQ$_$26,A,0.07038227717081706,0.09574415286382039,-0.24852543075879416,19
gR4gM_WXesQ$_$26,V,0.025250325600306194,0.04544435938199361,-0.12436581154664357,19
gR4gM_WXesQ$_$20,T,0.37739436887204647,0.4549868404865265,1.2442366927862167,38
gR4gM_WXesQ$_$20,A,0.018433411916097004,-0.04339240491390228,-0.015676360577344922,38
gR4gM_WXesQ$_$20,V,0.028666764497756958,-0.015487536787986755,0.04284000024199486,38
gR4gM_WXesQ$_$24,T,0.15492136434962353,0.25865915914376575,0.22469619537393254,12
gR4gM_WXesQ$_$24,A,0.012081541431446869,0.039547522862752274,-0.17347467442353567,12
gR4gM_WXesQ$_$24,V,0.015185660061736902,0.056076591213544205,-0.08552248527606329,12
gR4gM_WXesQ$_$18,T,0.24979578951994577,0.4036763161420822,-0.5506460517644882,31
gR4gM_WXesQ$_$18,A,0.04915752510229746,0.07085737586021423,-0.18108431994915009,31
gR4gM_WXesQ$_$18,V,0.02763211230436961,0.05125273764133453,-0.10473772883415222,31
gR4gM_WXesQ$_$3,T,0.08082512766122818,0.01716618239879608,0.36583302542567253,27
gR4gM_WXesQ$_$3,A,0.01757555144528548,-0.039741531014442444,-0.025192461907863603,27
gR4gM_WXesQ$_$3,V,0.03385560214519501,-0.020830422639846805,-0.1449115164577961,22
gR4gM_WXesQ$_$4,T,0.2932047303766012,0.3342553228139877,0.9153489271799723,20
gR4gM_WXesQ$_$4,A,0.03110310435295105,-0.03398795425891876,0.030365488181511545,20
gR4gM_WXesQ$_$4,V,0.031357367833455406,-0.005465000867843628,-0.01378435020645456,20
gR4gM_WXesQ$_$8,T,0.1067300190528234,0.07459557056427002,0.345453771452109,23
gR4gM_WXesQ$_$8,A,0.01707742611567179,-0.06449058651924133,0.02566568056742349,23
gR4gM_WXesQ$_$8,V,0.01801284154256185,-0.07183921337127686,-0.1507275526722272,23
gVqs4TzqySw$_$1,T,0.32854068527619046,0.3943806191285451,1.0568493784715731,44
gVqs4TzqySw$_$1,A,0.0662409116824468,0.039810647567113236,0.147771501292785,44
gVqs4TzqySw$_$1,V,0.02819409966468811,-0.07997463146845499,-0.30989078866938746,39
gVqs4TzqySw$_$3,T,0.2020346944530805,0.19739237924416858,0.6031022816896437,25
gVqs4TzqySw$_$3,A,0.05723998695611954,0.03217523296674092,0.009101271629333496,25
gVqs4TzqySw$_$3,V,0.025730075935522716,-0.07926156620184581,-0.2445798963308334,13
gVqs4TzqySw$_$2,T,0.2081773541867733,0.22709897657235462,0.5583497006446123,27
gVqs4TzqySw$_$2,A,0.08227027455965678,0.06620450814565022,0.18367019668221474,27
gVqs4TzqySw$_$2,V,0.023650641242663067,-0.02864950398604075,-0.13639945350587368,14
gVqs4TzqySw$_$4,T,0.06463950872421265,-0.034049918254216514,0.3802794048096984,8
gVqs4TzqySw$_$4,A,0.10685617581475526,0.09670173625151315,0.23344456823542714,8
gVqs4TzqySw$_$4,V,0.03426660348971684,-0.08698177834351857,-0.31886036158539355,8
goMtnNHQ_z4$_$1,T,0.1963019793232282,0.19398990273475647,0.47370898723602295,16
goMtnNHQ_z4$_$1,A,0.004642881453037262,-0.06182463467121125,-0.06570736318826675,16
goMtnNHQ_z4$_$1,V,0.08306575069824855,0.05847446620464325,0.02228469401597977,16
goMtnNHQ_z4$_$2,T,0.3427712091555198,0.42358152568340296,1.1944003719836473,19
goMtnNHQ_z4$_$2,A,0.02010887861251831,-0.03969493508338928,-0.05710912682116029,19
goMtnNHQ_z4$_$2,V,0.05458949009577434,0.04482804238796234,0.15806574374437327,19
goMtnNHQ_z4$_$13,T,0.4204684173067411,0.498708094159762,1.4993698348601656,21
goMtnNHQ_z4$_$13,A,0.02595157424608866,-0.03412782152493795,0.01943073173364004,21
goMtnNHQ_z4$_$13,V,0.014475117127100626,-0.04620960851510365,-0.16766304771105445,21
goMtnNHQ_z4$_$12,T,0.13043338060379028,0.09886243442694345,0.37257326394319534,19
goMtnNHQ_z4$_$12,A,0.028355913857618965,-0.02964360018571218,0.06863444298505783,19
goMtnNHQ_z4$_$12,V,0.053508542478084564,0.0210723082224528,-0.11835059523582461,19
hqzF4IDaIYE$_$0,T,0.0599231148759524,-0.04000435272852579,0.3773501502970854,25
hqzF4IDaIYE$_$0,A,0.09380063911279042,0.07297018667062123,0.15206551055113476,25
hqzF4IDaIYE$_$0,V,0.060907408595085144,0.019106154640515648,0.10295928145448367,25
hqzF4IDaIYE$_$3,T,0.19684874266386032,0.1885405331850052,0.5742498378579814,40
hqzF4IDaIYE$_$3,A,0.0816347417421639,0.042159825563430786,0.20992917505403358,40
hqzF4IDaIYE$_$3,V,0.045288155476252236,-0.09601770341396332,-0.464497845309476,40
hqzF4IDaIYE$_$2,T,0.2823372210065524,0.3259515166282654,0.885179905841748,29
hqzF4IDaIYE$_$2,A,0.08831100662549338,0.05231150984764099,0.25562526534001034,29
hqzF4IDaIYE$_$2,V,0.01903527478377024,-0.04847058653831482,-0.22453127925594646,29
hqzF4IDaIYE$_$4,T,0.13425591494888067,0.10211463272571564,0.40236272104084486,13
hqzF4IDaIYE$_$4,A,0.09380329897006352,0.06309603154659271,0.17329040728509426,13
hqzF4IDaIYE$_$4,V,0.016480594873428345,-0.03999769687652587,-0.04466509073972701,13
hqzF4IDaIYE$_$6,T,0.1585827941695849,0.28735906134049094,-0.30022260143111146,9
hqzF4IDaIYE$_$6,A,0.10363111893335977,-0.08662181844313939,0.3461774180953701,9
hqzF4IDaIYE$_$6,V,0.05630417773500085,-0.041461115082104996,0.17164982048173744,9
hvfaYsv7p8E$_$0,T,0.19466367860635123,0.32923291126887,-0.26310030122598005,20
hvfaYsv7p8E$_$0,A,0.055336855351924896,0.09161452452341715,-0.1673317899306615,20
hvfaYsv7p8E$_$0,V,0.006541353960831961,0.009044418732325235,-0.05524881680806479,20
iUXqlrui25c$_$10,T,0.23697933523605266,0.38863523304462433,-0.4037552811205387,32
iUXqlrui25c$_$10,A,0.018165032068888348,0.020957455039024353,-0.021138561889529204,32
iUXqlrui25c$_$10,V,0.014552399516105652,0.02070721983909607,0.00846843607723713,32
iUXqlrui25c$_$21,T,0.11502183601260185,0.2127133011817932,0.15827736693123975,20
iUXqlrui25c$_$21,A,0.022342047343651455,0.0596262216567993,-0.14251732764144737,20
iUXqlrui25c$_$21,V,0.007423149732251962,0.013619303703308105,-0.043924306829770415,20
iUXqlrui25c$_$23,T,0.06294586199025312,-0.018002301454544074,0.4069195774694284,25
iUXqlrui25c$_$23,A,0.04800465951363246,0.003498136997222897,0.11183794712026912,25
iUXqlrui25c$_$23,V,0.04596484204133352,0.023536115884780884,-0.08071279774109523,25
icbUzboLcDQ$_$0,T,0.3888091705739498,0.4441881626844406,1.5392132848501203,21
icbUzboLcDQ$_$0,A,0.05895734826723735,0.041118547320365906,0.1538503989577293,21
icbUzboLcDQ$_$0,V,0.013058910767237345,-0.057734161615371704,-0.16461152583360666,21
ioupaiAuRr0$_$5,T,0.33560676624377567,0.40433726708094275,0.8572971920172374,29
ioupaiAuRr0$_$5,A,0.025760243336359658,-0.049368416269620255,-0.018942182262738548,29
ioupaiAuRr0$_$5,V,0.045839304725329086,-0.11981899042924243,-0.354016308983167,29
ioupaiAuRr0$_$4,T,0.38544202595949173,0.44946982959906256,1.1483042289813359,40
ioupaiAuRr0$_$4,A,0.01282210648059845,-0.05577791978915531,-0.1486010352770487,40
ioupaiAuRr0$_$4,V,0.035699789722760514,-0.10440577318271001,-0.35727008680502575,40
jICmfLeFymA$_$16,T,0.2414234032233556,0.3245055675506592,0.8570690068105856,19
jICmfLeFymA$_$16,A,0.06756588816642761,0.06406985223293304,0.287050529072682,19
jICmfLeFymA$_$16,V,0.055019011100133255,0.037726834416389465,0.217616284886996,19
jPrEKz1rAno$_$11,T,0.23722459375858307,0.2714771578709284,0.5632500648498534,14
jPrEKz1rAno$_$11,A,0.011694384117921194,-0.07338716586430867,-0.13232633471488953,14
jPrEKz1rAno$_$11,V,0.020158807436625164,-0.10627148052056631,-0.12815248966217038,14
jPrEKz1rAno$_$7,T,0.12295942505200705,0.08335034549236298,0.4375849093000093,35
jPrEKz1rAno$_$7,A,0.03904296706120173,0.0008513927459716797,0.057769621411959335,35
jPrEKz1rAno$_$7,V,0.022304236888885498,-0.09892119467258453,-0.1537277375658353,35
jPrEKz1rAno$_$6,T,0.14496223131815592,0.22978086272875464,0.327562453225255,27
jPrEKz1rAno$_$6,A,0.01854695938527584,0.028179655472437535,0.11273403838276863,27
jPrEKz1rAno$_$6,V,0.021921242276827495,0.04092834393183391,-0.16955753229558468,27
k5ZOshC2LP4$_$1,T,0.11425067981084187,0.2150225043296814,-0.1305251543332512,31
k5ZOshC2LP4$_$1,A,0.03033656378587087,0.0021687671542167655,0.1714509675124039,31
k5ZOshC2LP4$_$1,V,0.06005604937672615,-0.04479556530714035,0.23620732380853343,31
kbGhEJ4W44o$_$0,T,0.18836767164369425,0.3475262522697449,-0.2405014932155609,39
kbGhEJ4W44o$_$0,A,0.04125131666660309,-0.023651182651519775,0.11396000534296036,39
kbGhEJ4W44o$_$0,V,0.030228906621535618,-0.021497100591659546,0.03669887036085129,39
kfsO4c0Ekes$_$7,T,0.46852608770132065,0.5235076347986857,1.6999113584558165,27
kfsO4c0Ekes$_$7,A,0.014670987923940023,-0.0493484487136205,-0.04668684800465904,27
kfsO4c0Ekes$_$7,V,0.013242820898691813,-0.09097326298554737,-0.20683793475230527,26
kvUb78Rdzdc$_$3,T,0.4349397545059522,0.5245180701216061,1.301330856978893,48
kvUb78Rdzdc$_$3,A,0.043664614359537765,-0.01747119675079982,0.09066492319107053,48
kvUb78Rdzdc$_$3,V,0.022871305545171104,-0.11590855817000072,-0.22911345213651657,48
lO87-4Kf0cQ$_$2,T,0.20360124111175537,0.3223952998717626,0.3036494106054306,14
lO87-4Kf0cQ$_$2,A,0.00540320078531901,0.015298162897427877,-0.0635852664709091,14
lO87-4Kf0cQ$_$2,V,0.056844562292099,0.047607233126958214,-0.4659615159034728,14
lO87-4Kf0cQ$_$5,T,0.13513671482602754,0.2099411090215047,0.31485785047213233,18
lO87-4Kf0cQ$_$5,A,0.013473757853110632,0.009348159035046894,-0.06806092460950214,18
lO87-4Kf0cQ$_$5,V,0.031063048789898556,0.02630687256654104,-0.34297597905000055,18
lWf5hHRHIDs$_$11,T,0.2321461138005058,0.27038977543512976,0.5571226738393307,13
lWf5hHRHIDs$_$11,A,0.014837324619293213,-0.056644340356190995,-0.1135625261813402,13
lWf5hHRHIDs$_$11,V,0.09632325420777003,0.07203249136606851,0.2623531576246023,13
lawHYX5eB20$_$1,T,0.009581138690312704,0.03976547718048096,-0.07160316656033199,12
lawHYX5eB20$_$1,A,0.02529860536257426,0.050852403044700616,-0.01953495542208355,12
lawHYX5eB20$_$1,V,0.06730293979247412,0.07458819448947906,-0.4580116296807924,12
lawHYX5eB20$_$2,T,0.26302955113351345,0.330507347981135,0.46748051745817065,23
lawHYX5eB20$_$2,A,0.04812060381906728,-0.008818556865056355,-0.05625045951455831,23
lawHYX5eB20$_$2,V,0.035226406529545784,-0.0839345653851827,-0.3167530228383839,23
mHGaQ_nv9UY$_$13,T,0.13634263755132756,0.20328663289546967,0.34380412970980007,48
mHGaQ_nv9UY$_$13,A,0.005711964952449004,0.03488081693649292,-0.11057782794038454,48
mHGaQ_nv9UY$_$13,V,0.0426378482952714,0.07391120493412018,-0.1884425270060698,48
mHGaQ_nv9UY$_$14,T,0.11965547129511833,0.14952671031157175,0.5423457374175389,26
mHGaQ_nv9UY$_$14,A,0.01705962916215261,0.021471152702967324,0.002478909989198058,26
mHGaQ_nv9UY$_$14,V,0.04373972614606222,0.081499511996905,-0.17567329357067743,26
mHGaQ_nv9UY$_$17,T,0.17727042300005755,0.30101563533147174,0.33396473030249274,29
mHGaQ_nv9UY$_$17,A,0.02102205405632655,0.026586165030797314,0.09179156149427095,29
mHGaQ_nv9UY$_$17,V,0.030006304383277893,0.06617843111356099,0.022774978230396897,29
mHGaQ_nv9UY$_$22,T,0.2758413602908452,0.43780935307343793,-0.7358300611376762,48
mHGaQ_nv9UY$_$22,A,0.0260772705078125,0.04809323449929555,-0.1038978546857834,48
mHGaQ_nv9UY$_$22,V,0.03055080771446228,0.058503439029057816,-0.1732298955321312,48
mHGaQ_nv9UY$_$5,T,0.39289626479148865,0.45597227911154425,1.2617671241362889,33
mHGaQ_nv9UY$_$5,A,0.01790664593378703,-0.04905091722806294,-0.06416996816794074,33
mHGaQ_nv9UY$_$5,V,0.009257584810256958,-0.052648281057675675,-0.1180026630560557,33
mHGaQ_nv9UY$_$4,T,0.0692761664589246,0.14105789363384247,-0.015131098528703061,27
mHGaQ_nv9UY$_$4,A,0.017523440221945446,-0.00966113805770874,-0.006084357698758455,27
mHGaQ_nv9UY$_$4,V,0.041927372415860496,0.06191997230052947,-0.19688482334216434,27
mLW-jn67gRE$_$20,T,0.29347435136636096,0.33302324513594306,0.7867125769456227,40
mLW-jn67gRE$_$20,A,0.04395701984564464,-0.01484624048074087,0.06895803411801656,40
mLW-jn67gRE$_$20,V,0.0168402095635732,-0.0717180569966634,-0.3136306206385294,37
mLW-jn67gRE$_$17,T,0.27217306196689606,0.3136882384618123,0.7299101054668427,41
mLW-jn67gRE$_$17,A,0.045812539756298065,-0.012620280186335243,0.0781879127025604,41
mLW-jn67gRE$_$17,V,0.03528303901354472,-0.04689813653628031,-0.3656948208808899,41
mLW-jn67gRE$_$1,T,0.0506829967101415,0.09414911270141602,0.027856975793838515,14
mLW-jn67gRE$_$1,A,0.035793098310629524,0.07747426629066467,-0.15264010429382324,14
mLW-jn67gRE$_$1,V,0.04345850894848506,0.05160635709762573,-0.3347291052341461,14
mLW-jn67gRE$_$3,T,0.15299389883875847,0.22729644676049549,0.3827192817504207,21
mLW-jn67gRE$_$3,A,0.02203062130138278,0.04807907839616139,0.006833181406060842,21
mLW-jn67gRE$_$3,V,0.020813719679911934,0.03498955567677815,-0.2595471780126293,21
mLW-jn67gRE$_$5,T,0.19414503996570906,0.20439399282137552,0.4366851318627596,23
mLW-jn67gRE$_$5,A,0.01449651550501585,-0.06593786676724751,0.04277017340064049,23
mLW-jn67gRE$_$5,V,0.038719116399685546,-0.034981628259023026,-0.3487452547997236,23
mLW-jn67gRE$_$6,T,0.1482522040605545,0.2541000594695409,-0.2700936595598856,35
mLW-jn67gRE$_$6,A,0.014878163735071817,0.02871682246526082,-0.022295455137888602,35
mLW-jn67gRE$_$6,V,0.05909513930479686,0.08531335492928822,-0.29941687981287635,35
mLW-jn67gRE$_$9,T,0.0629481573899587,0.1252369831005732,-0.05203919454167287,13
mLW-jn67gRE$_$9,A,0.026424420376618706,0.03544322649637858,0.09051197425772747,13
mLW-jn67gRE$_$9,V,0.06363632110878825,0.08669900397459665,-0.34741167041162646,13
mjpCK2Edsv8$_$0,T,0.3814059806366762,0.44346976776917774,1.6876202325026193,48
mjpCK2Edsv8$_$0,A,0.0393302043279012,0.005138983329137169,0.10215993473927178,48
mjpCK2Edsv8$_$0,V,0.017170230547587078,-0.007159228126207989,-0.06596687187751138,48
nUZYqTRSGDw$_$4,T,0.02983099160095056,-0.08746480941772461,0.0729281222447753,25
nUZYqTRSGDw$_$4,A,0.07806024902189772,0.049291953444480896,0.13706560619175434,25
nUZYqTRSGDw$_$4,V,0.05246249958872795,0.02768544852733612,0.014743945561349395,25
nyzIL6YAonY$_$5,T,0.2718328932921092,0.31598157187302905,0.6407496879498163,14
nyzIL6YAonY$_$5,A,0.013782339791456858,-0.06570909420649211,0.0017414490381876604,14
nyzIL6YAonY$_$5,V,0.011229972044626873,-0.05214526752630869,-0.15102723737557727,14
nyzIL6YAonY$_$6,T,0.3200455382466316,0.3680580109357834,0.8544722298781076,37
nyzIL6YAonY$_$6,A,0.025497148434321083,-0.0430445671081543,-0.04562071462472281,37
nyzIL6YAonY$_$6,V,0.04407308002312978,0.0013915449380874634,-0.015153323610623663,37
ooAF6I-fmTg$_$3,T,0.22921538352966309,0.387299969792366,-0.41458019614219666,19
ooAF6I-fmTg$_$3,A,0.051858420173327126,0.08744965493679047,-0.13291922211647034,19
ooAF6I-fmTg$_$3,V,0.03912826875845591,0.062221258878707886,-0.2451346516609192,19
ooAF6I-fmTg$_$5,T,0.13364342227578163,0.21370686093966165,0.23502432182431224,16
ooAF6I-fmTg$_$5,A,0.009103515495856604,0.0393360952536265,-0.06301249936223031,16
ooAF6I-fmTg$_$5,V,0.015771692618727684,0.021478841702143352,-0.2663397639989853,16
ooAF6I-fmTg$_$7,T,0.0483331431945165,0.08281348148981729,0.03278859828909238,22
ooAF6I-fmTg$_$7,A,0.04954752574364344,0.07665383319060007,0.020817590256532053,22
ooAF6I-fmTg$_$7,V,0.04422365563611189,0.07233321170012155,-0.21086034799615544,22
pOrk7fl1AYo$_$1,T,0.13422975906481346,0.2677031606435776,0.11543218325823545,22
pOrk7fl1AYo$_$1,A,0.025922320783138275,0.014702960848808289,0.19625379936769607,22
pOrk7fl1AYo$_$1,V,0.025477508703867596,0.002541631460189823,-0.1333502265624702,22
pOrk7fl1AYo$_$3,T,0.1476099044084549,0.13513078292210895,0.42441182769834995,26
pOrk7fl1AYo$_$3,A,0.05301952610413234,0.01052339871724447,0.15246399864554405,26
pOrk7fl1AYo$_$3,V,0.027943991124629974,-0.05244813362757365,-0.25848095677793026,26
pOrk7fl1AYo$_$2,T,0.19133464619517326,0.2647046049435933,-0.4613697901368141,10
pOrk7fl1AYo$_$2,A,0.03070854643980662,0.04401958485444386,-0.027079515159130086,10
pOrk7fl1AYo$_$2,V,0.07916875928640366,0.10500807066758473,-0.2566560208797455,10
pOrk7fl1AYo$_$4,T,0.14504755040009817,0.24289036790529886,0.43232150127490354,19
pOrk7fl1AYo$_$4,A,0.013992494593063991,0.020680795113245644,0.003620569904645288,19
pOrk7fl1AYo$_$4,V,0.019155003130435944,0.028707901636759438,-0.21546100328365964,2
q9yDL81QppI$_$1,T,0.32072369009256363,0.39200847347577406,0.8672783424456914,23
q9yDL81QppI$_$1,A,0.011711955070495605,-0.05452618251244227,-0.14020989338556927,23
q9yDL81QppI$_$1,V,0.048541098833084106,-0.12981166193882623,-0.28172471622625983,23
q9yDL81QppI$_$0,T,0.27056551973025006,0.32743464410305023,0.6394138137499491,24
q9yDL81QppI$_$0,A,0.0406104251742363,-0.0027414560317993164,0.011828745404879276,24
q9yDL81QppI$_$0,V,0.02927150825659434,-0.09581731259822844,-0.2732639958461125,24
q9yDL81QppI$_$2,T,0.32521406561136246,0.3983762115240097,0.8573485066493352,25
q9yDL81QppI$_$2,A,0.022328083713849384,-0.035935573279857635,-0.025730381409327183,25
q9yDL81QppI$_$2,V,0.03967855374018352,-0.11665289849042891,-0.2774984190861384,25
qK77ZmbqmOM$_$9,T,0.2101989189783732,0.2153091231981913,0.5611299922068913,21
qK77ZmbqmOM$_$9,A,0.012802931169668833,-0.07932138939698537,-0.1262366424004237,21
qK77ZmbqmOM$_$9,V,0.046277073522408806,0.00782814125219981,-0.09375632802645364,16
qK77ZmbqmOM$_$0,T,0.18818025042613348,0.29132633904616034,0.47847328831752145,32
qK77ZmbqmOM$_$0,A,0.028748088826735817,0.05278917650381723,0.004399393995602935,32
qK77ZmbqmOM$_$0,V,0.033127203583717346,-0.017491896947224934,-0.1100412781039874,32
qY1sXq-YCHs$_$8,T,0.10216159808139005,0.045919607083002724,0.3342865146696567,15
qY1sXq-YCHs$_$8,A,0.015371877700090408,-0.07716608544190724,-0.15508516132831573,15
qY1sXq-YCHs$_$8,V,0.0455308984965086,-0.015268151958783466,-0.19975238665938377,15
qmMSumMloAs$_$1,T,0.471428707242012,0.5225065102179844,1.7777575651804605,30
qmMSumMloAs$_$1,A,0.028677374124526978,-0.03504240016142527,0.015098194281260203,30
qmMSumMloAs$_$1,V,0.02706552545229594,-0.06334922711054485,-0.39582659800847364,30
qmMSumMloAs$_$3,T,0.4638665417830149,0.5207568605740864,1.7568450768788653,15
qmMSumMloAs$_$3,A,0.014945079882939657,-0.048082644740740456,-0.10493631164232892,15
qmMSumMloAs$_$3,V,0.027483175198237102,-0.0665204773346583,-0.3876949648062388,15
qmMSumMloAs$_$2,T,0.4739740689595541,0.5400477598110834,1.7357246031363807,41
qmMSumMloAs$_$2,A,0.011735260486602783,-0.06139031549294789,-0.06937790910402933,41
qmMSumMloAs$_$2,V,0.02655669053395589,-0.061480601628621415,-0.3620312462250391,41
r13W4H8ZhqI$_$12,T,0.11096558098991713,0.06072897712389627,0.38891018492480117,20
r13W4H8ZhqI$_$12,A,0.051913242476681866,0.006786550084749855,0.047662594666083656,20
r13W4H8ZhqI$_$12,V,0.021457708130280178,-0.0627277543147405,-0.3039339228222767,20
r13W4H8ZhqI$_$1,T,0.2963445906837781,0.3554543058077494,0.7704795897006987,42
r13W4H8ZhqI$_$1,A,0.04594868669907252,-0.0011645605166753122,0.03464819490909575,42
r13W4H8ZhqI$_$1,V,0.03138298789660136,-0.03742954631646474,-0.24088530242443085,42
r13W4H8ZhqI$_$5,T,0.22153743853171667,0.37559713919957477,0.3449589690814415,15
r13W4H8ZhqI$_$5,A,0.022942150942981243,0.04184128840764364,-0.23572928582628566,15
r13W4H8ZhqI$_$5,V,0.036144595593214035,-0.00038603941599527937,-0.30096515951057273,15
r13W4H8ZhqI$_$8,T,0.31390294929345447,0.35244556764761603,0.9706273724635441,27
r13W4H8ZhqI$_$8,A,0.012155647079149883,-0.057429050405820206,-0.01569742957750958,27
r13W4H8ZhqI$_$8,V,0.022804011901219685,-0.06278192003568013,-0.3179578731457392,27
r5ijC2W9ddk$_$8,T,0.27869361111273366,0.35185479124387103,0.7843747201065221,33
r5ijC2W9ddk$_$8,A,0.024395341674486794,-0.0368404487768809,0.03562565955022969,33
r5ijC2W9ddk$_$8,V,0.06416818499565125,0.05102773507436116,0.07932058038810885,33
r5ijC2W9ddk$_$0,T,0.1521844401334723,0.29748211304346717,0.10643519573689747,15
r5ijC2W9ddk$_$0,A,0.023059713033338387,0.018863389889399212,0.1547684386217346,15
r5ijC2W9ddk$_$0,V,0.0327687490110596,0.0010979274908701556,-0.2096965823244924,15
r9tgDqXEcuc$_$4,T,0.05919715017080307,0.1122453361749649,-0.03145922968784967,22
r9tgDqXEcuc$_$4,A,0.02151056503256162,0.03897924721240997,-0.0500322828690211,22
r9tgDqXEcuc$_$4,V,0.0067878638704617815,0.016356706619262695,-0.09606701383988064,22
rf0yDSeVEUA$_$1,T,0.3479658129314582,0.43207947413126624,1.3461680325369039,48
rf0yDSeVEUA$_$1,A,0.03414582212766011,-0.008724962671597798,0.09332520763079324,48
rf0yDSeVEUA$_$1,V,0.027460743983586628,0.021273369590441384,-0.009946645547946296,48
rf0yDSeVEUA$_$0,T,0.3965653801957766,0.47581031918525696,1.6818626125653584,26
rf0yDSeVEUA$_$0,A,0.022566666205724083,-0.02855286002159119,0.041338970263799096,26
rf0yDSeVEUA$_$0,V,0.017274051904678345,0.011209428310394285,-0.07346255580584207,26
rf0yDSeVEUA$_$3,T,0.30951942891503376,0.3357440928618113,1.2829442527145147,48
rf0yDSeVEUA$_$3,A,0.04278368751207988,-0.014345531662305202,0.13750710058957338,48
rf0yDSeVEUA$_$3,V,0.03858213623364767,0.029552812377611794,-0.07651765178889036,48
rojyUp4FPSg$_$26,T,0.2936291688432296,0.3448336323102315,0.7626566986242929,48
rojyUp4FPSg$_$26,A,0.03832924862702687,-0.033617461721102394,0.07652044172088306,48
rojyUp4FPSg$_$26,V,0.04304439822832744,-0.015402550498644509,0.11552332962552703,48
rojyUp4FPSg$_$20,T,0.25530949297050637,0.40211916963259375,-0.47869476800163585,32
rojyUp4FPSg$_$20,A,0.03814481943845749,0.06095770994822183,0.014031002918879187,32
rojyUp4FPSg$_$20,V,0.022631734609603882,0.047007242838541664,0.015731624017159145,32
rojyUp4FPSg$_$21,T,0.40448662266135216,0.47340667247772217,1.4710927655299506,13
rojyUp4FPSg$_$21,A,0.033207158247629806,-0.024673178791999817,0.10545915116866426,13
rojyUp4FPSg$_$21,V,0.036153992017110184,-0.026125237345695496,0.13426327457030612,13
rojyUp4FPSg$_$23,T,0.4131130402286848,0.47988372047742206,1.3917731928328674,7
rojyUp4FPSg$_$23,A,0.0257792075475057,-0.0488696942726771,0.0038765581945578824,7
rojyUp4FPSg$_$23,V,0.029010266065597534,-0.027652109662691757,0.08002165953318277,7
rojyUp4FPSg$_$5,T,0.15008777752518654,0.07712993025779724,0.7090476130445797,27
rojyUp4FPSg$_$5,A,0.029327526688575745,-0.03402988612651824,0.05203450967868168,27
rojyUp4FPSg$_$5,V,0.016510367393493652,-0.04598410427570343,-0.007973263661066696,27
rojyUp4FPSg$_$7,T,0.412070594727993,0.47254086037476856,1.2361433058977127,45
rojyUp4FPSg$_$7,A,0.018625646829605103,-0.05662840108076731,-0.001082226634025553,45
rojyUp4FPSg$_$7,V,0.022031277418136597,-0.05137712756792704,-0.053719192743301364,45
rojyUp4FPSg$_$9,T,0.2753041846056779,0.31923798223336536,0.7662271310885747,26
rojyUp4FPSg$_$9,A,0.02785251537958781,-0.022307107845942184,-0.04202336321274437,26
rojyUp4FPSg$_$9,V,0.04959317048390706,0.0009338607390721593,0.12068992604811987,26
rojyUp4FPSg$_$10,T,0.3264459085961183,0.35913444062074024,0.8993693093458811,14
rojyUp4FPSg$_$10,A,0.030969431002934776,-0.0431156853834788,0.020514818529287975,14
rojyUp4FPSg$_$10,V,0.03004924456278483,-0.03723251322905223,0.032507377366224895,14
rojyUp4FPSg$_$12,T,0.2472467791909973,0.24032846093177795,0.9024267606437206,7
rojyUp4FPSg$_$12,A,0.038370877504348755,-0.014718398451805118,0.07656808011233807,7
rojyUp4FPSg$_$12,V,0.017001236478487648,-0.04633454978466034,0.03936100564897064,7
rojyUp4FPSg$_$16,T,0.0820069070905447,0.03238395849863688,0.34869249537587166,12
rojyUp4FPSg$_$16,A,0.009594803055127462,-0.07454659541447956,-0.09604607522487639,12
rojyUp4FPSg$_$16,V,0.03248995542526245,-0.017445166905721027,0.08247461542487144,12
rojyUp4FPSg$_$18,T,0.2909374237060547,0.3263446191946665,0.7975316916902858,17
rojyUp4FPSg$_$18,A,0.02971777816613515,-0.025521581371625267,-0.032827096680800104,17
rojyUp4FPSg$_$18,V,0.031104768315951027,-0.02493435641129811,0.011474301417668645,17
rojyUp4FPSg$_$37,T,0.2594488983352979,0.29352736473083496,0.71782763954252,21
rojyUp4FPSg$_$37,A,0.037221699953079224,-0.02767987549304962,0.10107932519167662,21
rojyUp4FPSg$_$37,V,0.04712271690368652,-0.015079304575920105,0.16371398977935317,21
rojyUp4FPSg$_$36,T,0.43500098772346973,0.49319886664549506,1.4504565422733624,6
rojyUp4FPSg$_$36,A,0.014965355396270752,-0.06766844292481741,-0.0016725050906340935,6
rojyUp4FPSg$_$36,V,0.030776937802632652,-0.03267352779706319,0.08238370840748149,6
rojyUp4FPSg$_$34,T,0.30176319228485227,0.3593088537454605,0.8441143102633456,34
rojyUp4FPSg$_$34,A,0.0272992600997289,-0.025316268205642697,-0.058887775832166284,34
rojyUp4FPSg$_$34,V,0.04101850092411041,-0.025008961558341977,0.17934541838864482,34
rojyUp4FPSg$_$32,T,0.4161778477331003,0.4672757486502329,1.4542972271641095,7
rojyUp4FPSg$_$32,A,0.030960500240325928,-0.02633664508660634,-0.03981382648150124,7
rojyUp4FPSg$_$32,V,0.01699169476826986,-0.060865675409634896,0.027765420575936624,7
rwNlqh0k1j4$_$15,T,0.29980702449878055,0.3287654270728429,0.8582871034741402,43
rwNlqh0k1j4$_$15,A,0.057619065046310425,-0.005894492069880176,0.1357527673244476,43
rwNlqh0k1j4$_$15,V,0.02962622046470642,-0.021625007192293808,-0.16756562143564224,43
rwNlqh0k1j4$_$3,T,0.030779410153627396,0.06282247602939604,-0.009298584734400105,17
rwNlqh0k1j4$_$3,A,0.015137997766335806,0.03340236842632294,0.007324211920301114,17
rwNlqh0k1j4$_$3,V,0.05158970411866903,0.09079563617706299,-0.1502208573122819,17
rwNlqh0k1j4$_$2,T,0.13148284455140433,0.21482919653256735,0.31789303943514824,22
rwNlqh0k1j4$_$2,A,0.02047383847335974,0.012963240345319114,0.07723456621170044,22
rwNlqh0k1j4$_$2,V,0.02064051975806554,0.0008993496497472168,-0.1807210855185985,22
rwNlqh0k1j4$_$7,T,0.09522279755522807,0.14781364301840463,-0.12213334813714027,32
rwNlqh0k1j4$_$7,A,0.031197436153888702,0.04104005793730418,0.040627097710967064,32
rwNlqh0k1j4$_$7,V,0.05203252285718918,0.09400690595308939,-0.06985950656235218,32
sC16n1k66io$_$2,T,0.41014451036850613,0.49119291206200916,1.1682358731826148,32
sC16n1k66io$_$2,A,0.014277587334314982,-0.054019356767336525,-0.09922599295775092,32
sC16n1k66io$_$2,V,0.02014598250389099,-0.03315574924151103,-0.12680731217066446,32
sC16n1k66io$_$16,T,0.2658076547086239,0.3150370766719182,0.6349511891603469,12
sC16n1k66io$_$16,A,0.026187905420859654,-0.09244437019030252,-0.3027261644601822,12
sC16n1k66io$_$16,V,0.021034331371386848,-0.0476192186276118,-0.186043843626976,12
sPremsknoLM$_$1,T,0.08346765302121639,0.20063643157482142,-0.02720494940876961,6
sPremsknoLM$_$1,A,0.024518154561519623,0.024763479828834534,0.043870214372873306,6
sPremsknoLM$_$1,V,0.0,0.0,0.0,0
ssqiwP19JhM$_$10,T,0.11766071058809757,0.09310274322827657,0.29742272198200226,39
ssqiwP19JhM$_$10,A,0.05226601908604304,0.012798016270001728,0.004733111709356296,39
ssqiwP19JhM$_$10,V,0.048699421187241874,0.010911827286084492,0.046185750514268875,39
ssqiwP19JhM$_$2,T,0.17431684086720148,0.1600068708260854,0.5538576350857813,22
ssqiwP19JhM$_$2,A,0.0305405855178833,-0.023800070087114968,-0.006625179822246228,22
ssqiwP19JhM$_$2,V,0.0975729376077652,0.0782270481189092,0.19649260615309078,22
szic2IB9HB4$_$5,T,0.2389879214266936,0.3906129449605942,-0.5148438041408856,13
szic2IB9HB4$_$5,A,0.040696809689203896,0.07792504131793976,-0.09427684297164278,13
szic2IB9HB4$_$5,V,0.031304776668548584,0.065134197473526,-0.08650823434193929,13
tQ-CIfgj-Js$_$3,T,0.2090387816230456,0.1867712289094925,0.6082023531198502,48
tQ-CIfgj-Js$_$3,A,0.03442667176326116,-0.06011404097080232,-0.2600220888853073,2
tQ-CIfgj-Js$_$3,V,0.0,0.0,0.0,0
tXQpm-nKxNA$_$5,T,0.3742310435821613,0.4203953643639882,1.7864308568338552,19
tXQpm-nKxNA$_$5,A,0.022302299737930298,-0.024176100889841717,-0.0004019339879353743,19
tXQpm-nKxNA$_$5,V,0.05156720678011577,0.047202636798222855,0.17542761440078414,19
tXQpm-nKxNA$_$7,T,0.24717504034439725,0.3135078400373459,0.6964890311161677,29
tXQpm-nKxNA$_$7,A,0.025529409448305763,-0.026448786258697503,-0.01753512521584829,29
tXQpm-nKxNA$_$7,V,0.0570089320341746,0.0616822987794876,-0.0033889611562093165,29
uacdDoBtT1k$_$0,T,0.17141624043385187,0.29754633704821265,-0.27910429239273066,48
uacdDoBtT1k$_$0,A,0.033772602677345276,0.038389558593432106,-0.1563124358654022,48
uacdDoBtT1k$_$0,V,0.027981614073117573,0.058588708440462746,-0.06470808386802672,45
uacdDoBtT1k$_$6,T,0.07112982993324597,0.13721134265263873,0.1951045050906638,28
uacdDoBtT1k$_$6,A,0.017718517764781914,0.028962587316830945,-0.19601515152802068,28
uacdDoBtT1k$_$6,V,0.017845407128334045,0.05686617394288381,-0.1626301788104077,23
unNY4zIk8MM$_$1,T,0.4373713809375962,0.49958568811416626,1.8384729269891975,30
unNY4zIk8MM$_$1,A,0.025062114000320435,-0.021338373422622674,0.09308002702891827,30
unNY4zIk8MM$_$1,V,0.017569224039713543,-0.03208383917808533,-0.013838239014148752,5
unNY4zIk8MM$_$3,T,0.2258155420422554,0.2235909253358841,0.629890705148379,17
unNY4zIk8MM$_$3,A,0.016088766356309254,-0.03843079507350921,-0.1388918509085973,17
unNY4zIk8MM$_$3,V,0.01810021698474884,-0.06189718842506409,-0.17373653252919513,1
unNY4zIk8MM$_$5,T,0.2920886731396119,0.33339934547742206,0.9974805501600108,21
unNY4zIk8MM$_$5,A,0.01665627956390381,-0.034207771221796676,-0.10351901749769846,21
unNY4zIk8MM$_$5,V,0.08282872537771861,0.05876137812932332,0.255823985983928,1
unNY4zIk8MM$_$8,T,0.14021971945961317,0.21173995733261108,0.45533362900217367,12
unNY4zIk8MM$_$8,A,0.020464137196540833,0.016942009329795837,0.08287078638871509,12
unNY4zIk8MM$_$8,V,0.0340443750222524,-0.02276499569416046,-0.10299710805217424,12
uooIiW6dEyg$_$1,T,0.19045228014389673,0.19605253636837006,0.6107539770503838,8
uooIiW6dEyg$_$1,A,0.0886380026737849,0.0770401805639267,0.09265950073798497,8
uooIiW6dEyg$_$1,V,0.009854743878046671,-0.05456051230430603,-0.1648294838766257,8
uooIiW6dEyg$_$5,T,0.26991521070400876,0.3213904947042465,0.7315068927903969,35
uooIiW6dEyg$_$5,A,0.05225863059361775,0.008712410926818848,0.09375764181216556,35
uooIiW6dEyg$_$5,V,0.012157231569290161,-0.04382435977458953,-0.10563560451070467,35
v2Rr-EsJda8$_$0,T,0.24224354202548662,0.4019704759120941,-0.4582845711459716,10
v2Rr-EsJda8$_$0,A,0.029265152911345165,-0.01566477119922638,0.1966248961786429,10
v2Rr-EsJda8$_$0,V,0.02731147160132726,0.0535363107919693,-0.13021437016626197,3
v2Rr-EsJda8$_$6,T,0.20151438564062119,0.20103163520495096,0.5734926027556261,12
v2Rr-EsJda8$_$6,A,0.043420160810152694,-0.022775103648503617,0.1451464866598447,12
v2Rr-EsJda8$_$6,V,0.020515625675519306,-0.037405212720235184,-0.17749740059177083,9
v9gjg7TDlTA$_$0,T,0.043246413270632424,0.03922206163406372,0.2897147155211618,16
v9gjg7TDlTA$_$0,A,0.034103937447071075,0.05370907485485076,-0.2134836026622603,16
v9gjg7TDlTA$_$0,V,0.09138320219547798,0.1289045661687851,-0.38733380117143196,16
v9gjg7TDlTA$_$4,T,0.09290596842765808,0.05752154191335042,0.6613371570905049,20
v9gjg7TDlTA$_$4,A,0.0201594407359759,0.03178263207276662,0.003329401214917498,20
v9gjg7TDlTA$_$4,V,0.1191664809981982,0.16404110689957935,-0.36895507077376044,20
vHzbn_YW76s$_$3,T,0.09663653622070949,0.17450573047002155,-0.14522078136603037,19
vHzbn_YW76s$_$3,A,0.02447541058063507,0.04286961754163106,-0.04395612577597301,19
vHzbn_YW76s$_$3,V,0.057119044164816536,0.08629926045735677,-0.23612971107165018,19
vU0a4F36Ksw$_$13,T,0.2969872353908916,0.36060069501399994,0.837074869001905,31
vU0a4F36Ksw$_$13,A,0.03796271483103435,-0.020458430051803592,0.12665520391116541,31
vU0a4F36Ksw$_$13,V,0.030657793084780376,-0.010159686207771298,-0.021716332373519713,31
vU0a4F36Ksw$_$12,T,0.24778772176553804,0.2846726874510447,0.6308715553022921,22
vU0a4F36Ksw$_$12,A,0.06055033951997757,0.024861122171084087,0.16603672970086336,22
vU0a4F36Ksw$_$12,V,0.029536972443262737,-0.019163822134335835,-0.09126558480784296,22
vU0a4F36Ksw$_$17,T,0.08257202121118705,0.035250067710876465,0.3065085827062527,16
vU0a4F36Ksw$_$17,A,0.03365567078193029,-0.009392812848091122,0.09194863835970561,16
vU0a4F36Ksw$_$17,V,0.02362528691689173,-0.043266311287879944,-0.15552460340162116,16
vU0a4F36Ksw$_$0,T,0.37509916474421817,0.4372772226730982,1.2118348379929857,48
vU0a4F36Ksw$_$0,A,0.0286501944065094,-0.03876822193463643,0.06351580222447714,48
vU0a4F36Ksw$_$0,V,0.025864899158477783,-0.028284107645352677,-0.08283109466234842,48
vU0a4F36Ksw$_$3,T,0.33744481950998306,0.3881270736455917,1.2513938769698143,6
vU0a4F36Ksw$_$3,A,0.08794829249382019,0.06292788684368134,0.3586646467447281,6
vU0a4F36Ksw$_$3,V,0.008951385815938314,-0.05560526251792908,-0.05611727386713025,6
vU0a4F36Ksw$_$5,T,0.03883434211214384,0.0017157246669133493,0.048884527136882155,28
vU0a4F36Ksw$_$5,A,0.03372859209775925,-0.006394515434900917,0.06808202465375264,28
vU0a4F36Ksw$_$5,V,0.020551230758428574,-0.059748018781344094,-0.19145520652333894,28
vU0a4F36Ksw$_$7,T,0.22764953908820948,0.37753562132517493,0.34704537813862163,19
vU0a4F36Ksw$_$7,A,0.018599467972914376,0.012151325742403666,0.0009051909049351894,19
vU0a4F36Ksw$_$7,V,0.032865798100829124,0.04945897559324901,-0.2840169953803221,19
vU0a4F36Ksw$_$20,T,0.08764152539273103,0.1669847319523493,0.14786066114902496,4
vU0a4F36Ksw$_$20,A,0.017431176578005154,0.060202444593111665,-0.07073264196515083,4
vU0a4F36Ksw$_$20,V,0.018258963401118915,0.010382960240046181,-0.11946750059723854,4
vbr3EA8cJTI$_$0,T,0.4254225740830103,0.48310412466526026,1.674111247062683,19
vbr3EA8cJTI$_$0,A,0.026267429192860924,-0.01443484425544738,0.05216434597969054,19
vbr3EA8cJTI$_$0,V,0.01682734489440918,-0.0249481052160263,-0.13293293118476865,19
vbr3EA8cJTI$_$2,T,0.1981804482638836,0.190745010972023,0.5752517053236563,25
vbr3EA8cJTI$_$2,A,0.07261614501476288,0.03831303119659424,0.12826760051151118,25
vbr3EA8cJTI$_$2,V,0.07336882750193278,0.03407697379589081,0.15527699266870815,24
vbr3EA8cJTI$_$7,T,0.09109658499558766,0.17962416013081867,-0.08887699805200101,22
vbr3EA8cJTI$_$7,A,0.03746846131980419,-0.018729383746782936,0.1006516870111227,22
vbr3EA8cJTI$_$7,V,0.005458620997766653,0.01395807166894277,-0.09640469402074814,22
vbr3EA8cJTI$_$6,T,0.32383351897199947,0.4186542332172393,1.1193599117298922,28
vbr3EA8cJTI$_$6,A,0.03562554717063904,0.0027564167976379395,0.08815431719024977,28
vbr3EA8cJTI$_$6,V,0.043747127056121826,0.013804286718368529,0.15508490552504858,28
wF8980oGklk$_$24,T,0.0769861713051796,0.010221228003501896,0.2887273343900839,22
wF8980oGklk$_$24,A,0.015835406879583992,-0.06934775412082672,-0.16921889161070186,22
wF8980oGklk$_$24,V,0.06732271052896976,0.03088483214378357,0.12409293899933495,22
wF8980oGklk$_$25,T,0.3225506618618965,0.36637236674626666,0.9209228778878848,10
wF8980oGklk$_$25,A,0.013165185848871866,-0.07203866044680277,-0.21351791669925058,10
wF8980oGklk$_$25,V,0.049021134773890175,0.009295632441838585,-0.010289539893468222,10
wF8980oGklk$_$1,T,0.26145207493876416,0.26271718740463257,0.9453096979608139,7
wF8980oGklk$_$1,A,0.04396094878514607,-0.01691460609436035,0.13781175793459016,7
wF8980oGklk$_$1,V,0.06906493504842122,0.051838576793670654,0.005045257819195565,7
wF8980oGklk$_$0,T,0.16055638839801153,0.143565371632576,0.4895134543379147,18
wF8980oGklk$_$0,A,0.02964838097492854,-0.03564748167991639,0.0889917214711507,18
wF8980oGklk$_$0,V,0.01681770384311676,-0.058102771639823914,-0.19533552477757135,5
wF8980oGklk$_$3,T,0.050795393685499825,0.08687624831994373,0.03110077107946078,17
wF8980oGklk$_$3,A,0.022811164458592735,0.0033468355735143023,0.09562679256002107,17
wF8980oGklk$_$3,V,0.010090592627724012,0.01663901408513387,-0.06316539396842319,17
wF8980oGklk$_$2,T,0.27002140569190186,0.4192762474219004,-0.4898707444469134,5
wF8980oGklk$_$2,A,0.02119580904642741,0.03775509695212046,-0.07844055319825806,5
wF8980oGklk$_$2,V,0.025706827640533447,0.03055518368879954,-0.024657643089691803,5
wF8980oGklk$_$6,T,0.33944436473151046,0.380721852183342,1.1106889011959233,24
wF8980oGklk$_$6,A,0.017451385656992596,-0.04462811350822449,-0.028147613008817074,24
wF8980oGklk$_$6,V,0.06408037741978963,0.021207436919212338,0.12173896903793016,23
wF8980oGklk$_$17,T,0.28816864887873334,0.30451736350854236,0.8880775272846222,23
wF8980oGklk$_$17,A,0.006378263235092163,-0.058480242888132736,-0.08391268551349641,23
wF8980oGklk$_$17,V,0.07178205748399098,0.03274399538834889,0.07948265969753267,13
wosolsrH3sM$_$6,T,0.16146192202965418,0.13712353507677716,0.634911780556043,48
wosolsrH3sM$_$6,A,0.006384178996086121,-0.05582952996095021,-0.011466900507609037,48
wosolsrH3sM$_$6,V,0.05115086336930593,-0.115134929617246,-0.24057325224081672,48
x-zGBp7axao$_$3,T,0.18202510351936022,0.18974817792574564,0.5199915766716002,48
x-zGBp7axao$_$3,A,0.06778413554032643,0.03617031375567119,0.10742772370576859,48
x-zGBp7axao$_$3,V,0.014417111873626709,-0.04619767268498738,-0.16241026669740674,48
x2lOwQaAn4g$_$4,T,0.23450045784314472,0.3232650508483251,0.9865730876723924,18
x2lOwQaAn4g$_$4,A,0.04677947362263997,0.024516721566518143,0.26120744148890174,18
x2lOwQaAn4g$_$4,V,0.08614603678385416,0.09362018605073291,0.42728737245003373,14
xUgAP84vsg4$_$15,T,0.4096233509480953,0.4760397871335347,1.6037814368804293,21
xUgAP84vsg4$_$15,A,0.017761021852493286,-0.047132338086764015,-0.04899181673924129,21
xUgAP84vsg4$_$15,V,0.04094960292180379,0.017058258255322773,0.08725659300883608,13
xUgAP84vsg4$_$4,T,0.29727762813369435,0.3734373052914937,0.8798051799337068,22
xUgAP84vsg4$_$4,A,0.01497507095336914,-0.03327285746733347,-0.02846745153268179,22
xUgAP84vsg4$_$4,V,0.05860902865727743,0.04237792392571767,0.04617280016342803,22
xUgAP84vsg4$_$8,T,0.21604347104827562,0.253589391708374,0.47185310721397394,10
xUgAP84vsg4$_$8,A,0.0029141393800576525,-0.056078076362609856,-0.08789624273777008,10
xUgAP84vsg4$_$8,V,0.04593224202593168,-0.007997393608093269,-0.21228018403053284,10
xivYoEUQ5sk$_$5,T,0.33561618129412335,0.42484215398629505,1.0270228336254754,45
xivYoEUQ5sk$_$5,A,0.023387804627418518,-0.028705800573031102,0.03328339258829752,45
xivYoEUQ5sk$_$5,V,0.03358803689479828,-0.007440338532129925,-0.2075089563926061,45
xivYoEUQ5sk$_$4,T,0.3684519125769536,0.4523762265841166,1.440755389009913,26
xivYoEUQ5sk$_$4,A,0.035437603791554764,-0.0015747745831807478,0.17251440634330117,26
xivYoEUQ5sk$_$4,V,0.022794653971989952,-0.024938782056172684,-0.18120645421246687,26
xjsaS-LeZ14$_$20,T,0.23680139581362405,0.24830963710943854,0.5924697667360306,19
xjsaS-LeZ14$_$20,A,0.03707255174716314,-0.023396720488866166,-0.039739206433296204,19
xjsaS-LeZ14$_$20,V,0.02521872023741404,-0.04997882743676503,-0.24101191759109497,19
xjsaS-LeZ14$_$14,T,0.287680650750796,0.30605032543341315,0.8534537355105082,19
xjsaS-LeZ14$_$14,A,0.06079181035359701,0.02616542081038157,0.024741644660631796,19
xjsaS-LeZ14$_$14,V,0.025368710358937584,-0.09120394786198933,-0.22474369903405506,12
xjsaS-LeZ14$_$6,T,0.24950129290421802,0.2785601715246836,0.663234015305837,48
xjsaS-LeZ14$_$6,A,0.04522421956062317,0.005374992887179061,0.01209448774655658,48
xjsaS-LeZ14$_$6,V,0.03510002295176188,-0.029453431566556297,-0.22333289186159772,48
y8HXGm1-Ecw$_$7,T,0.0661852906147639,0.1312582939863205,-0.03737458835045496,23
y8HXGm1-Ecw$_$7,A,0.01803622767329216,-0.008626699447631836,-0.044821235040823616,23
y8HXGm1-Ecw$_$7,V,0.004764248927434286,0.0076878517866134635,-0.06312420467535655,23
y9FyTEyGy5Y$_$1,T,0.1809360273182392,0.18497689068317413,0.5066073176761468,13
y9FyTEyGy5Y$_$1,A,0.059270521004994706,0.006541997194290163,0.1923152556022008,13
y9FyTEyGy5Y$_$1,V,0.07728905479113261,0.05623258650302887,0.12511927013595897,13
zhE_68GMJIk$_$8,T,0.3042646497488022,0.29884228607018787,1.090531418720881,23
zhE_68GMJIk$_$8,A,0.006887157758076985,-0.06783438722292581,-0.08889569838841753,23
zhE_68GMJIk$_$8,V,0.03638070821762085,-0.009243334333101906,-0.16304474075635272,23
zhE_68GMJIk$_$5,T,0.0800080665697654,0.10840438306331635,0.26501747717459995,29
zhE_68GMJIk$_$5,A,0.03043563726047675,0.05434924364089965,-0.11434173087279004,29
zhE_68GMJIk$_$5,V,0.025156914566953976,0.05106674134731293,-0.06115698317686717,29
zjYEBwXGD8I$_$13,T,0.0483608307937781,0.03836714724699655,0.3515003261466821,38
zjYEBwXGD8I$_$13,A,0.013183827822407087,0.00799990693728129,0.03656708945830663,38
zjYEBwXGD8I$_$13,V,0.054651517421007156,0.0870837519566218,-0.22001699234048522,38
zjYEBwXGD8I$_$15,T,0.14645255000020066,0.27420617640018463,0.1045038706312577,20
zjYEBwXGD8I$_$15,A,0.020180830266326666,0.04552121460437774,0.04688105049232642,20
zjYEBwXGD8I$_$15,V,0.038772149477154016,0.08265236020088196,-0.16154171464343864,1
zjYEBwXGD8I$_$0,T,0.36354926849404967,0.42396389444669086,1.4148721533517041,11
zjYEBwXGD8I$_$0,A,0.035696466763814286,-0.017594705025355026,0.17151920000712073,11
zjYEBwXGD8I$_$0,V,0.020993292331695557,-0.014784197012583412,-0.026978993167479818,11
zjYEBwXGD8I$_$2,T,0.2392762874563535,0.23433461785316465,0.7301241904497145,13
zjYEBwXGD8I$_$2,A,0.019942976534366608,-0.07633405923843382,0.002689480781555169,13
zjYEBwXGD8I$_$2,V,0.038817221919695534,-0.007882565259933472,-0.13346315920352933,13
zjYEBwXGD8I$_$4,T,0.1159755140542984,0.21899257600307465,0.23740394413471216,40
zjYEBwXGD8I$_$4,A,0.01609484851360321,0.06446076929569244,-0.033973202109336846,40
zjYEBwXGD8I$_$4,V,0.0,0.0,0.0,0
zjYEBwXGD8I$_$9,T,0.3212131718173623,0.37124591072400404,0.9233203629652659,26
zjYEBwXGD8I$_$9,A,0.02629344662030538,-0.03282480935255686,0.02701080280045665,26
zjYEBwXGD8I$_$9,V,0.04131699601809184,-0.035421426097551986,0.10745196106533211,17
zk2jTlAtvSU$_$3,T,0.11563631892204285,0.2657563636700312,-0.07555241386095683,32
zk2jTlAtvSU$_$3,A,0.03316463033358256,0.006829353670279188,-0.2252389440933863,32
zk2jTlAtvSU$_$3,V,0.06094219287236531,-0.036727157731850944,-0.22039779524008432,31
