split,selection_id,operation,sample_id,video_id,target,random,n_random,gain,modality
valid,key.T.p20.point,delete,-UacrmKiTn4$_$7,-UacrmKiTn4,0.0580552071332931,0.0364090806742509,50,0.0216461264590422,T
valid,key.A.p20.point,delete,-UacrmKiTn4$_$7,-UacrmKiTn4,0.0061207761367162,0.0027381173769632,50,0.003382658759753,A
valid,key.V.p20.point,delete,-UacrmKiTn4$_$7,-UacrmKiTn4,0.0029698510964711,0.0015749587615331,50,0.001394892334938,V
valid,key.J.p20.joint,delete,-UacrmKiTn4$_$7,-UacrmKiTn4,0.0504337971409161,0.034311792080601,50,0.016122005060315102,J
valid,key.T.p20.point,delete,-qDkUB0GgYY$_$5,-qDkUB0GgYY,0.0812818507353464,0.0854284640432646,50,-0.004146613307918198,T
valid,key.A.p20.point,delete,-qDkUB0GgYY$_$5,-qDkUB0GgYY,0.007312544931968,0.0030536069224278,50,0.0042589380095402005,A
valid,key.V.p20.point,delete,-qDkUB0GgYY$_$5,-qDkUB0GgYY,0.0004468485713005,0.0036297031491994,50,-0.0031828545778989,V
valid,key.J.p20.joint,delete,-qDkUB0GgYY$_$5,-qDkUB0GgYY,0.0603134284416834,0.0909382709084699,50,-0.030624842466786498,J
valid,key.T.p20.point,delete,0utROiKxejc$_$1,0utROiKxejc,0.183139719069004,0.0405504256486892,13,0.1425892934203148,T
valid,key.A.p20.point,delete,0utROiKxejc$_$1,0utROiKxejc,0.0013815015554428,0.001786825855573,50,-0.00040532430013019986,A
valid,key.V.p20.point,delete,0utROiKxejc$_$1,0utROiKxejc,0.001194879412651,0.00076187590758,50,0.00043300350507099994,V
valid,key.J.p20.joint,delete,0utROiKxejc$_$1,0utROiKxejc,0.1742589349548021,0.0418097463746865,13,0.13244918858011562,J
valid,key.T.p20.point,delete,0utROiKxejc$_$4,0utROiKxejc,0.4071199794610341,0.0439385108153025,50,0.36318146864573164,T
valid,key.A.p20.point,delete,0utROiKxejc$_$4,0utROiKxejc,0.004883716503779,0.0019375614325205,50,0.0029461550712584997,A
valid,key.V.p20.point,delete,0utROiKxejc$_$4,0utROiKxejc,0.0013886491457621,0.0006822615861892,50,0.0007063875595728999,V
valid,key.J.p20.joint,delete,0utROiKxejc$_$4,0utROiKxejc,0.3708197629700104,0.0409512654567758,50,0.3298684975132346,J
valid,key.T.p20.point,delete,0y022OlZ3W0$_$3,0y022OlZ3W0,0.0568694000442822,0.1405988980891803,50,-0.0837294980448981,T
valid,key.A.p20.point,delete,0y022OlZ3W0$_$3,0y022OlZ3W0,0.0044183159867922,0.0038916704555352,50,0.0005266455312569998,A
valid,key.V.p20.point,delete,0y022OlZ3W0$_$3,0y022OlZ3W0,0.009998415907224,0.0029301085074742,50,0.0070683073997498,V
valid,key.J.p20.joint,delete,0y022OlZ3W0$_$3,0y022OlZ3W0,0.0532178903619448,0.1396457597178717,50,-0.08642786935592689,J
valid,key.T.p20.point,delete,0y022OlZ3W0$_$5,0y022OlZ3W0,0.0548618286848068,0.0443783212204774,50,0.010483507464329404,T
valid,key.A.p20.point,delete,0y022OlZ3W0$_$5,0y022OlZ3W0,0.0040012151002883,0.0048080742359161,50,-0.0008068591356277998,A
valid,key.V.p20.point,delete,0y022OlZ3W0$_$5,0y022OlZ3W0,0.0029904494682947,0.0017377975583076,50,0.0012526519099871,V
valid,key.J.p20.joint,delete,0y022OlZ3W0$_$5,0y022OlZ3W0,0.0531660070021947,0.0605128818253676,50,-0.007346874823172901,J
valid,key.T.p20.point,delete,0y022OlZ3W0$_$8,0y022OlZ3W0,0.0869296143452326,0.0487406197935342,50,0.03818899455169839,T
valid,key.A.p20.point,delete,0y022OlZ3W0$_$8,0y022OlZ3W0,0.004997765024503,0.0040924162169297,50,0.0009053488075733002,A
valid,key.V.p20.point,delete,0y022OlZ3W0$_$8,0y022OlZ3W0,0.0270358473062515,0.0103292941550413,50,0.016706553151210203,V
valid,key.J.p20.joint,delete,0y022OlZ3W0$_$8,0y022OlZ3W0,0.0337736333409945,0.0390013783921798,50,-0.005227745051185298,J
valid,key.T.p20.point,delete,101787$_$11,101787,0.2415403958099583,0.083229332184419,50,0.15831106362553932,T
valid,key.A.p20.point,delete,101787$_$11,101787,0.0049646695454915,0.0036655776699384,50,0.0012990918755530997,A
valid,key.V.p20.point,delete,101787$_$11,101787,0.002349297205607,0.0011594727635383,50,0.0011898244420687,V
valid,key.J.p20.joint,delete,101787$_$11,101787,0.2464040846874316,0.0872910343809053,50,0.1591130503065263,J
valid,key.T.p20.point,delete,101787$_$13,101787,0.37278621767958,0.1108652217437823,50,0.26192099593579765,T
valid,key.A.p20.point,delete,101787$_$13,101787,0.0075141390164693,0.0045572553078333,50,0.002956883708636,A
valid,key.V.p20.point,delete,101787$_$13,101787,0.0025324424107869,0.0008117385705312,50,0.0017207038402557,V
valid,key.J.p20.joint,delete,101787$_$13,101787,0.4307657405734062,0.0498704621568322,16,0.380895278416574,J
valid,key.T.p20.point,delete,101787$_$1,101787,0.1692745431015888,0.0641761681158095,50,0.10509837498577929,T
valid,key.A.p20.point,delete,101787$_$1,101787,0.0052910397450129,0.0031924533347288,50,0.0020985864102841005,A
valid,key.V.p20.point,delete,101787$_$1,101787,0.0021090308825174,0.0021997970839341,50,-9.07662014167001e-05,V
valid,key.J.p20.joint,delete,101787$_$1,101787,0.1745414811496933,0.0712316063015411,50,0.10330987484815221,J
valid,key.T.p20.point,delete,101787$_$5,101787,0.3701630036036173,0.0428906046599149,50,0.3272723989437024,T
valid,key.A.p20.point,delete,101787$_$5,101787,0.0003957748413085,0.0010842768351236,50,-0.0006885019938150999,A
valid,key.V.p20.point,delete,101787$_$5,101787,0.0012755393981933,0.000367734581232,8,0.0009078048169612999,V
valid,key.J.p20.joint,delete,101787$_$5,101787,0.2872721354166667,0.0729073686773578,50,0.21436476673930888,J
valid,key.T.p20.point,delete,101787$_$7,101787,0.4322924787799517,0.082725145543615,20,0.3495673332363367,T
valid,key.A.p20.point,delete,101787$_$7,101787,0.0040026207764943,0.0023244102795918,20,0.0016782104969025003,A
valid,key.V.p20.point,delete,101787$_$7,101787,0.0001747806866963,0.0008622696002324,20,-0.0006874889135360999,V
valid,key.J.p20.joint,delete,101787$_$7,101787,0.3571609246234098,0.0157044075784229,7,0.3414565170449869,J
valid,key.T.p20.point,delete,101787$_$9,101787,0.0903357006609439,0.0263522080952922,50,0.0639834925656517,T
valid,key.A.p20.point,delete,101787$_$9,101787,0.0060272191961606,0.002733237457772,50,0.0032939817383886003,A
valid,key.V.p20.point,delete,101787$_$9,101787,0.0036023010810216,0.0020985724901159,50,0.0015037285909057,V
valid,key.J.p20.joint,delete,101787$_$9,101787,0.0555314756929874,0.0212319066326987,50,0.0342995690602887,J
valid,key.T.p20.point,delete,102408$_$2,102408,0.2868122855822245,0.0655009245706929,6,0.2213113610115316,T
valid,key.A.p20.point,delete,102408$_$2,102408,0.0036459490656852,0.0014236312773492,6,0.0022223177883359995,A
valid,key.V.p20.point,delete,102408$_$2,102408,0.0014780834317207,0.0009737879865699,6,0.0005042954451508,V
valid,key.J.p20.joint,delete,102408$_$2,102408,0.2866036022702853,0.0656587841610113,6,0.22094481810927402,J
valid,key.T.p20.point,delete,102408$_$5,102408,0.2392896686991055,0.1086165511716778,50,0.13067311752742772,T
valid,key.A.p20.point,delete,102408$_$5,102408,0.0065407653649648,0.0039323054254055,50,0.0026084599395592998,A
valid,key.V.p20.point,delete,102408$_$5,102408,0.0037777399023373,0.0016669599215189,50,0.0021107799808183997,V
valid,key.J.p20.joint,delete,102408$_$5,102408,0.1602907155950864,0.0853369287642029,50,0.0749537868308835,J
valid,key.T.p20.point,delete,102408$_$9,102408,0.0155604183673858,0.0554368605324998,50,-0.039876442165114,T
valid,key.A.p20.point,delete,102408$_$9,102408,0.0038125962018966,0.0016386760771274,50,0.0021739201247691995,A
valid,key.V.p20.point,delete,102408$_$9,102408,0.0003407398859659,0.0007996824880441,50,-0.00045894260207820007,V
valid,key.J.p20.joint,delete,102408$_$9,102408,0.0209350734949111,0.0623234428445963,50,-0.041388369349685206,J
valid,key.T.p20.point,delete,102858$_$20,102858,0.0343192083140214,0.0920093987168123,50,-0.05769019040279089,T
valid,key.A.p20.point,delete,102858$_$20,102858,0.0048600571850935,0.0054740603019793,50,-0.0006140031168858006,A
valid,key.V.p20.point,delete,102858$_$20,102858,0.001785868157943,0.0007181418935457,50,0.0010677262643972998,V
valid,key.J.p20.joint,delete,102858$_$20,102858,0.0219261360665162,0.0661540287151001,50,-0.04422789264858389,J
valid,key.T.p20.point,delete,102858$_$21,102858,0.3271883130073547,0.0436454127728939,50,0.28354290023446077,T
valid,key.A.p20.point,delete,102858$_$21,102858,0.0070882439613342,0.0038495419422785,50,0.0032387020190556997,A
valid,key.V.p20.point,delete,102858$_$21,102858,0.0010837316513061,0.0017331747213999,50,-0.0006494430700937999,V
valid,key.J.p20.joint,delete,102858$_$21,102858,0.3280797824263572,0.0532426075140635,50,0.2748371749122937,J
valid,key.T.p20.point,delete,102858$_$1,102858,0.0420712654789288,0.0317045322402069,50,0.010366733238721906,T
valid,key.A.p20.point,delete,102858$_$1,102858,0.002650740245978,0.0027295326938231,50,-7.879244784509982e-05,A
valid,key.V.p20.point,delete,102858$_$1,102858,0.000223085284233,0.0009175316492716,50,-0.0006944463650386,V
valid,key.J.p20.joint,delete,102858$_$1,102858,0.0424973790844281,0.0386217058263719,50,0.0038756732580561976,J
valid,key.T.p20.point,delete,102858$_$0,102858,0.2577596604824066,0.0464104637503623,2,0.21134919673204433,T
valid,key.A.p20.point,delete,102858$_$0,102858,0.0208558092514673,0.0094819068908691,2,0.0113739023605982,A
valid,key.V.p20.point,delete,102858$_$0,102858,0.0011773407459259,0.0005776385466257,2,0.0005997021993002001,V
valid,key.T.p20.point,delete,102858$_$4,102858,0.0542053480943044,0.0656973146724825,50,-0.011491966578178109,T
valid,key.A.p20.point,delete,102858$_$4,102858,0.0047456920146942,0.0027176207800706,50,0.0020280712346236,A
valid,key.V.p20.point,delete,102858$_$4,102858,0.0140548894802729,0.0036299759149551,50,0.0104249135653178,V
valid,key.J.p20.joint,delete,102858$_$4,102858,0.0206818953156471,0.0583331359752143,50,-0.037651240659567195,J
valid,key.T.p20.point,delete,102858$_$6,102858,0.3493132069706917,0.1043895945946375,50,0.2449236123760542,T
valid,key.A.p20.point,delete,102858$_$6,102858,0.0070262948671976,0.0039897401134173,50,0.0030365547537803,A
valid,key.V.p20.point,delete,102858$_$6,102858,0.003434548775355,0.0013167366148933,21,0.0021178121604617005,V
valid,key.J.p20.joint,delete,102858$_$6,102858,0.3541027046740055,0.1227270724872748,50,0.2313756321867307,J
valid,key.T.p20.point,delete,102858$_$10,102858,0.5293049231792489,0.1645172789870273,35,0.36478764419222165,T
valid,key.A.p20.point,delete,102858$_$10,102858,0.0069787998994191,0.0032781188686688,8,0.0037006810307503,A
valid,key.V.p20.point,delete,102858$_$10,102858,0.0015502572059631,0.0009160501261552,8,0.0006342070798079001,V
valid,key.J.p20.joint,delete,102858$_$10,102858,0.5298938431466619,0.1644618008463155,35,0.36543204230034637,J
valid,key.T.p20.point,delete,102858$_$17,102858,0.049881258358558,0.0719111073204534,27,-0.0220298489618954,T
valid,key.A.p20.point,delete,102858$_$17,102858,0.0017295541862646,0.0034931917433385,27,-0.0017636375570738998,A
valid,key.V.p20.point,delete,102858$_$17,102858,0.0022525936365127,0.0011242620738936,27,0.0011283315626191,V
valid,key.J.p20.joint,delete,102858$_$17,102858,0.1142806575323144,0.0467700208149229,8,0.06751063671739149,J
valid,key.T.p20.point,delete,102858$_$19,102858,0.0283714452137549,0.047528562520553,50,-0.0191571173067981,T
valid,key.A.p20.point,delete,102858$_$19,102858,0.0052554172774155,0.0013725853835542,10,0.0038828318938613003,A
valid,key.V.p20.point,delete,102858$_$19,102858,0.0135233042140801,0.00475854575634,10,0.0087647584577401,V
valid,key.J.p20.joint,delete,102858$_$19,102858,0.0317729183783133,0.0476660756372924,50,-0.0158931572589791,J
valid,key.T.p20.point,delete,112433$_$3,112433,0.2565737863381703,0.0636865994830926,50,0.1928871868550777,T
valid,key.A.p20.point,delete,112433$_$3,112433,0.010819524526596,0.0042483055591583,50,0.0065712189674377,A
valid,key.V.p20.point,delete,112433$_$3,112433,0.0015098253885904,0.0012379233042399,50,0.0002719020843505002,V
valid,key.J.p20.joint,delete,112433$_$3,112433,0.2595046684145927,0.0594809906184673,50,0.2000236777961254,J
valid,key.T.p20.point,delete,112433$_$7,112433,0.1620677262544632,0.0806320051168218,27,0.0814357211376414,T
valid,key.A.p20.point,delete,112433$_$7,112433,0.0066725760698318,0.002728705972801,27,0.0039438700970307996,A
valid,key.V.p20.point,delete,112433$_$7,112433,0.0023286938667297,0.0006881590400423,7,0.0016405348266873999,V
valid,key.J.p20.joint,delete,112433$_$7,112433,0.2261951317389806,0.0334227209289868,8,0.1927724108099938,J
valid,key.T.p20.point,delete,112433$_$6,112433,0.335047110915184,0.0770263608296712,50,0.25802075008551284,T
valid,key.A.p20.point,delete,112433$_$6,112433,0.000479241212209,0.002600453098615,50,-0.002121211886406,A
valid,key.V.p20.point,delete,112433$_$6,112433,0.0006231764952341,0.000614250699679,50,8.925795555100001e-06,V
valid,key.J.p20.joint,delete,112433$_$6,112433,0.5072222401698431,0.0840498740971088,50,0.4231723660727343,J
valid,key.T.p20.point,delete,117tQqLjza4$_$6,117tQqLjza4,0.1325391431649526,0.0371921338389317,50,0.09534700932602092,T
valid,key.A.p20.point,delete,117tQqLjza4$_$6,117tQqLjza4,0.0059573302666346,0.0041751236716906,50,0.001782206594944,A
valid,key.V.p20.point,delete,117tQqLjza4$_$6,117tQqLjza4,0.005915234486262,0.0083893350760142,50,-0.0024741005897521992,V
valid,key.J.p20.joint,delete,117tQqLjza4$_$6,117tQqLjza4,0.1379869778951009,0.0407415347235898,50,0.0972454431715111,J
valid,key.T.p20.point,delete,11j7EfglCAs$_$2,11j7EfglCAs,0.0218918854370713,0.02490457571034,50,-0.0030126902732687012,T
valid,key.A.p20.point,delete,11j7EfglCAs$_$2,11j7EfglCAs,0.0064852091794212,0.0039763916656374,50,0.0025088175137837994,A
valid,key.V.p20.point,delete,11j7EfglCAs$_$2,11j7EfglCAs,0.005556719067196,0.0013586394747512,12,0.0041980795924448,V
valid,key.J.p20.joint,delete,11j7EfglCAs$_$2,11j7EfglCAs,0.0188364364827672,0.0295515654530997,50,-0.0107151289703325,J
valid,key.T.p20.point,delete,121128$_$10,121128,0.2661898396909237,0.1425733833480626,50,0.12361645634286109,T
valid,key.A.p20.point,delete,121128$_$10,121128,0.0061895648638407,0.0051822319316367,50,0.0010073329322040003,A
valid,key.V.p20.point,delete,121128$_$10,121128,0.0057906874765952,0.0031649617788692,12,0.002625725697726,V
valid,key.J.p20.joint,delete,121128$_$10,121128,0.2624221481382847,0.1315034162113443,50,0.1309187319269404,J
valid,key.T.p20.point,delete,121128$_$1,121128,0.0406143640478452,0.0420228775093952,50,-0.0014085134615499997,T
valid,key.A.p20.point,delete,121128$_$1,121128,0.0179093107581138,0.0054006478190422,50,0.012508662939071599,A
valid,key.V.p20.point,delete,121128$_$1,121128,0.0114375352859497,0.0022230840226014,50,0.0092144512633483,V
valid,key.J.p20.joint,delete,121128$_$1,121128,0.0838640381892522,0.0377580434332291,50,0.046105994756023096,J
valid,key.T.p20.point,delete,121128$_$0,121128,0.0580893233418464,0.0200571568795677,44,0.038032166462278694,T
valid,key.A.p20.point,delete,121128$_$0,121128,0.006646279245615,0.0020377739436096,9,0.0046085053020054004,A
valid,key.V.p20.point,delete,121128$_$0,121128,0.0035637939969698,0.0013091357217894,9,0.0022546582751804,V
valid,key.J.p20.joint,delete,121128$_$0,121128,0.0547635232408841,0.0201413887623471,44,0.034622134478537,J
valid,key.T.p20.point,delete,121128$_$5,121128,0.4653306584417199,0.0211510840389463,6,0.4441795744027736,T
valid,key.A.p20.point,delete,121128$_$5,121128,0.0029318034648895,0.0013754881090588,6,0.0015563153558307,A
valid,key.V.p20.point,delete,121128$_$5,121128,0.0006634493668874,0.0004461473888821,6,0.0002173019780053,V
valid,key.J.p20.joint,delete,121128$_$5,121128,0.4694423658462862,0.0215073625246683,6,0.4479350033216179,J
valid,key.T.p20.point,delete,125344$_$0,125344,0.0584497414529323,0.1213880308244066,50,-0.0629382893714743,T
valid,key.A.p20.point,delete,125344$_$0,125344,0.0042056217789649,0.0036356809114416,50,0.0005699408675233003,A
valid,key.V.p20.point,delete,125344$_$0,125344,0.0131703024574865,0.0083366049143175,10,0.004833697543169001,V
valid,key.J.p20.joint,delete,125344$_$0,125344,0.0778541527688503,0.0958029070900132,50,-0.0179487543211629,J
valid,key.T.p20.point,delete,125676$_$0,125676,0.2919284825523694,0.0690917570066327,50,0.22283672554573672,T
valid,key.A.p20.point,delete,125676$_$0,125676,0.0065892189741134,0.0064784055451552,50,0.0001108134289582001,A
valid,key.V.p20.point,delete,125676$_$0,125676,0.0117183923721313,0.0048544191320737,50,0.006863973240057601,V
valid,key.J.p20.joint,delete,125676$_$0,125676,0.1745175855855147,0.043644300690203,11,0.1308732848953117,J
valid,key.T.p20.point,delete,125676$_$4,125676,0.2724058801929156,0.0718235517541567,50,0.20058232843875892,T
valid,key.A.p20.point,delete,125676$_$4,125676,0.004292478164037,0.0023634747664133,50,0.0019290033976237,A
valid,key.V.p20.point,delete,125676$_$4,125676,0.001796931028366,0.0026099979877471,50,-0.0008130669593811,V
valid,key.J.p20.joint,delete,125676$_$4,125676,0.2612875203291575,0.0806382587055365,50,0.180649261623621,J
valid,key.T.p20.point,delete,128059$_$11,128059,0.0432038704554239,0.0595634062091509,50,-0.016359535753727,T
valid,key.A.p20.point,delete,128059$_$11,128059,0.0030754009882609,0.001432802081108,50,0.0016425989071529,A
valid,key.V.p20.point,delete,128059$_$11,128059,0.0184867282708485,0.0057744169235229,50,0.012712311347325601,V
valid,key.J.p20.joint,delete,128059$_$11,128059,0.2008573462565739,0.0605890584240357,50,0.1402682878325382,J
valid,key.T.p20.point,delete,128059$_$12,128059,0.6205611551801363,0.0941165346403916,50,0.5264446205397447,T
valid,key.A.p20.point,delete,128059$_$12,128059,0.0021000206470489,0.0013819239536921,50,0.0007180966933567998,A
valid,key.V.p20.point,delete,128059$_$12,128059,0.0037498275438944,0.0029486139615376,10,0.0008012135823567998,V
valid,key.J.p20.joint,delete,128059$_$12,128059,0.6261440633485714,0.1517836644314229,50,0.47436039891714854,J
valid,key.T.p20.point,delete,128059$_$2,128059,0.1342257062594095,0.0952245189854875,50,0.03900118727392199,T
valid,key.A.p20.point,delete,128059$_$2,128059,0.0064596633116404,0.0017221365372339,50,0.0047375267744065004,A
valid,key.V.p20.point,delete,128059$_$2,128059,0.0041424135367075,0.0012774103879928,50,0.0028650031487147,V
valid,key.J.p20.joint,delete,128059$_$2,128059,0.5379778817296028,0.0694589779401818,50,0.468518903789421,J
valid,key.T.p20.point,delete,128059$_$7,128059,0.133216764157017,0.0338931222003884,50,0.0993236419566286,T
valid,key.A.p20.point,delete,128059$_$7,128059,0.0029212571680545,0.0020289346917221,50,0.0008923224763323998,A
valid,key.V.p20.point,delete,128059$_$7,128059,0.002537690103054,0.0019054713627944,50,0.0006322187402595999,V
valid,key.J.p20.joint,delete,128059$_$7,128059,0.1147234917928775,0.0269420244544744,50,0.0877814673384031,J
valid,key.T.p20.point,delete,128059$_$6,128059,0.3025298528373241,0.1199579020713766,50,0.18257195076594748,T
valid,key.A.p20.point,delete,128059$_$6,128059,0.0019945700963338,0.0028297966718673,50,-0.0008352265755334999,A
valid,key.V.p20.point,delete,128059$_$6,128059,0.0017519791920979,0.0010997249682744,50,0.0006522542238235,V
valid,key.J.p20.joint,delete,128059$_$6,128059,0.3399968962185085,0.0644864500965923,50,0.27551044612191616,J
valid,key.T.p20.point,delete,128059$_$9,128059,0.2707844537993272,0.1179709307507922,50,0.15281352304853502,T
valid,key.A.p20.point,delete,128059$_$9,128059,0.0183653322358926,0.0075236138094354,18,0.0108417184264572,A
valid,key.V.p20.point,delete,128059$_$9,128059,0.020877035955588,0.006167873809183,18,0.014709162146405,V
valid,key.J.p20.joint,delete,128059$_$9,128059,0.2675695301343997,0.1260560629051179,50,0.14151346722928182,J
valid,key.T.p20.point,delete,128763$_$12,128763,0.00923453271389,0.0774181156783985,50,-0.0681835829645085,T
valid,key.A.p20.point,delete,128763$_$12,128763,0.0044607445597648,0.0030435198793808,50,0.0014172246803839995,A
valid,key.V.p20.point,delete,128763$_$12,128763,0.006835751235485,0.0048047483464082,50,0.0020310028890767997,V
valid,key.J.p20.joint,delete,128763$_$12,128763,0.0601978621756037,0.0626174397704501,50,-0.0024195775948464004,J
valid,key.T.p20.point,delete,128763$_$3,128763,0.4618647669752438,0.0467114535967509,50,0.4151533133784929,T
valid,key.A.p20.point,delete,128763$_$3,128763,0.0041885673999786,0.0020406021674474,50,0.0021479652325312004,A
valid,key.V.p20.point,delete,128763$_$3,128763,0.0005003809928894,0.0003508458534876,50,0.00014953513940179996,V
valid,key.J.p20.joint,delete,128763$_$3,128763,0.4346536795298258,0.0447386479377746,50,0.3899150315920512,J
valid,key.T.p20.point,delete,128763$_$2,128763,0.0173456110060215,0.0258274967890853,50,-0.0084818857830638,T
valid,key.A.p20.point,delete,128763$_$2,128763,0.0009159110486507,0.0010984740406274,50,-0.00018256299197669994,A
valid,key.V.p20.point,delete,128763$_$2,128763,0.0038046265641848,0.0007401549567778,10,0.003064471607407,V
valid,key.J.p20.joint,delete,128763$_$2,128763,0.0151671233276526,0.0253418870918297,50,-0.0101747637641771,J
valid,key.T.p20.point,delete,128763$_$5,128763,0.0898895263671875,0.0449237384256862,35,0.0449657879415013,T
valid,key.A.p20.point,delete,128763$_$5,128763,0.0060143967469533,0.002865797219177,8,0.0031485995277763003,A
valid,key.V.p20.point,delete,128763$_$5,128763,0.0027100692192713,0.0011097969043822,35,0.0016002723148891003,V
valid,key.J.p20.joint,delete,128763$_$5,128763,0.086860271791617,0.0447579766313234,35,0.042102295160293596,J
valid,key.T.p20.point,delete,128763$_$7,128763,0.0490114490191141,0.0387510598699251,50,0.010260389149188996,T
valid,key.A.p20.point,delete,128763$_$7,128763,0.0007254282633463,0.0014051755269368,50,-0.0006797472635905,A
valid,key.V.p20.point,delete,128763$_$7,128763,0.0009177724520365,0.0005067050457,50,0.0004110674063365,V
valid,key.J.p20.joint,delete,128763$_$7,128763,0.0474134782950083,0.0280202066898345,50,0.019393271605173797,J
valid,key.T.p20.point,delete,128763$_$8,128763,0.0508316506942113,0.074849937732021,20,-0.024018287037809706,T
valid,key.A.p20.point,delete,128763$_$8,128763,0.0156903366247812,0.009309221473005,6,0.006381115151776202,A
valid,key.V.p20.point,delete,128763$_$8,128763,0.0049273272355397,0.0017346980671087,20,0.0031926291684310003,V
valid,key.J.p20.joint,delete,128763$_$8,128763,0.1426923274993896,0.0412514585824239,7,0.10144086891696569,J
valid,key.T.p20.point,delete,130456$_$11,130456,0.0459009607632954,0.0277544530232747,50,0.018146507740020697,T
valid,key.A.p20.point,delete,130456$_$11,130456,0.0027922391891479,0.00155568699042,50,0.0012365521987279002,A
valid,key.V.p20.point,delete,130456$_$11,130456,0.0031640529632568,0.0020440725485483,50,0.0011199804147084998,V
valid,key.J.p20.joint,delete,130456$_$11,130456,0.0959347387154897,0.024671509762605,50,0.0712632289528847,J
valid,key.T.p20.point,delete,130456$_$3,130456,0.2819384820759296,0.0822922778005401,50,0.19964620427538948,T
valid,key.A.p20.point,delete,130456$_$3,130456,0.0017942289511362,0.0021777762969334,50,-0.0003835473457971998,A
valid,key.V.p20.point,delete,130456$_$3,130456,0.0012645324071248,0.0006314033269882,50,0.0006331290801366001,V
valid,key.J.p20.joint,delete,130456$_$3,130456,0.3414465691894293,0.082525612860918,50,0.2589209563285113,J
valid,key.T.p20.point,delete,130456$_$5,130456,0.0444167653719584,0.0655094278009721,44,-0.021092662429013705,T
valid,key.A.p20.point,delete,130456$_$5,130456,0.0043625632921854,0.0039879836969905,9,0.0003745795951949002,A
valid,key.V.p20.point,delete,130456$_$5,130456,0.0040306324760119,0.0021448829634623,44,0.0018857495125496004,V
valid,key.J.p20.joint,delete,130456$_$5,130456,0.0468276912967364,0.0657201331434242,44,-0.018892441846687806,J
valid,key.T.p20.point,delete,130456$_$4,130456,0.0472635179758071,0.0114140533407529,50,0.0358494646350542,T
valid,key.A.p20.point,delete,130456$_$4,130456,0.0101423288385073,0.0046540475277989,18,0.005488281310708401,A
valid,key.V.p20.point,delete,130456$_$4,130456,0.0041411221027374,0.0020637508730093,50,0.0020773712297281,V
valid,key.J.p20.joint,delete,130456$_$4,130456,0.0244346261024475,0.0094312466184298,50,0.0150033794840177,J
valid,key.T.p20.point,delete,130456$_$7,130456,0.3532677839199702,0.0731421067482895,6,0.2801256771716807,T
valid,key.A.p20.point,delete,130456$_$7,130456,0.0322665075461069,0.0090238692031966,6,0.0232426383429103,A
valid,key.V.p20.point,delete,130456$_$7,130456,0.0064201603333155,0.0027348837918705,6,0.0036852765414449994,V
valid,key.J.p20.joint,delete,130456$_$7,130456,0.1979477629065513,0.054318966610091,7,0.1436287962964603,J
valid,key.T.p20.point,delete,130456$_$6,130456,0.2841741697241862,0.0695772052804629,50,0.21459696444372328,T
valid,key.A.p20.point,delete,130456$_$6,130456,0.0056701302528381,0.0035926649967829,50,0.0020774652560552,A
valid,key.V.p20.point,delete,130456$_$6,130456,0.0025711109240849,0.0012983873486518,50,0.0012727235754331,V
valid,key.J.p20.joint,delete,130456$_$6,130456,0.2561247584720452,0.0539027715226014,50,0.2022219869494438,J
valid,key.T.p20.point,delete,188343$_$13,188343,0.0465963433186213,0.0733008301754792,50,-0.026704486856857897,T
valid,key.A.p20.point,delete,188343$_$13,188343,0.0041563063859939,0.0032967809836069,50,0.0008595254023870003,A
valid,key.V.p20.point,delete,188343$_$13,188343,0.0002140949169794,0.0007398096720377,50,-0.0005257147550583,V
valid,key.J.p20.joint,delete,188343$_$13,188343,0.0476859509944915,0.0657973988850911,50,-0.018111447890599604,J
valid,key.T.p20.point,delete,188343$_$12,188343,0.2468138858675956,0.0571918307244777,50,0.1896220551431179,T
valid,key.A.p20.point,delete,188343$_$12,188343,0.0003673434257507,0.0004819331566492,50,-0.00011458973089849999,A
valid,key.V.p20.point,delete,188343$_$12,188343,0.0014407634735107,0.0006397517522176,50,0.0008010117212930999,V
valid,key.J.p20.joint,delete,188343$_$12,188343,0.2452498277028401,0.0589797689268986,50,0.1862700587759415,J
valid,key.T.p20.point,delete,188343$_$5,188343,0.1483354394634564,0.072903358588616,50,0.0754320808748404,T
valid,key.A.p20.point,delete,188343$_$5,188343,0.0053468570113182,0.002668317258358,50,0.0026785397529602,A
valid,key.V.p20.point,delete,188343$_$5,188343,0.0076365247368812,0.0018251953522364,50,0.0058113293846448,V
valid,key.J.p20.joint,delete,188343$_$5,188343,0.1450795655449231,0.0569035814578334,50,0.08817598408708971,J
valid,key.T.p20.point,delete,188343$_$9,188343,0.0833073072135448,0.1234421426802873,50,-0.0401348354667425,T
valid,key.A.p20.point,delete,188343$_$9,188343,0.0036235526204109,0.0029980315640568,50,0.0006255210563541002,A
valid,key.V.p20.point,delete,188343$_$9,188343,0.0068866225580374,0.0021619828542073,50,0.0047246397038301,V
valid,key.J.p20.joint,delete,188343$_$9,188343,0.0837713045378526,0.1329815875436179,50,-0.04921028300576531,J
valid,key.T.p20.point,delete,188343$_$8,188343,0.457342671851317,0.0992583144952853,50,0.3580843573560317,T
valid,key.A.p20.point,delete,188343$_$8,188343,0.0019312997659047,0.0020847753683725,50,-0.00015347560246780018,A
valid,key.V.p20.point,delete,188343$_$8,188343,0.004593402147293,0.0011167740821838,50,0.0034766280651092,V
valid,key.J.p20.joint,delete,188343$_$8,188343,0.45406141380469,0.0867725605890154,50,0.3672888532156746,J
valid,key.T.p20.point,delete,1HK7Nea0PFo$_$1,1HK7Nea0PFo,0.0668943561613559,0.0466528596635907,50,0.020241496497765202,T
valid,key.A.p20.point,delete,1HK7Nea0PFo$_$1,1HK7Nea0PFo,0.0083465836942195,0.0034233004386935,14,0.004923283255526,A
valid,key.V.p20.point,delete,1HK7Nea0PFo$_$1,1HK7Nea0PFo,0.000816635787487,0.0018515443801879,50,-0.0010349085927008998,V
valid,key.J.p20.joint,delete,1HK7Nea0PFo$_$1,1HK7Nea0PFo,0.0644352647165457,0.048369850499245,50,0.016065414217300705,J
valid,key.T.p20.point,delete,216097$_$1,216097,0.4081098095824321,0.1047247143896917,50,0.3033850951927404,T
valid,key.A.p20.point,delete,216097$_$1,216097,0.0068993071715037,0.0024934103091557,50,0.004405896862348,A
valid,key.V.p20.point,delete,216097$_$1,216097,0.0031212568283081,0.0011268258094787,3,0.0019944310188294,V
valid,key.J.p20.joint,delete,216097$_$1,216097,0.4055466850598653,0.1541210498501797,41,0.25142563520968564,J
valid,key.T.p20.point,delete,216097$_$2,216097,0.1471588349280258,0.0345054337133963,50,0.11265340121462951,T
valid,key.A.p20.point,delete,216097$_$2,216097,0.0030517843551933,0.0024197217371935,50,0.0006320626179998003,A
valid,key.V.p20.point,delete,216097$_$2,216097,0.0018101087771356,0.0014663837306822,50,0.00034372504645339996,V
valid,key.J.p20.joint,delete,216097$_$2,216097,0.12545308827733,0.0400303845480084,50,0.08542270372932162,J
valid,key.T.p20.point,delete,216097$_$5,216097,0.1669481806457042,0.0679503095149993,50,0.09899787113070489,T
valid,key.A.p20.point,delete,216097$_$5,216097,0.0036799237132072,0.0027973559126257,50,0.0008825678005815003,A
valid,key.V.p20.point,delete,216097$_$5,216097,0.0018640706936518,0.0017470407485961,50,0.00011702994505569998,V
valid,key.J.p20.joint,delete,216097$_$5,216097,0.1727976985275745,0.0870100718550384,50,0.08578762667253612,J
valid,key.T.p20.point,delete,216097$_$4,216097,0.3301997408270836,0.0761967951059341,50,0.25400294572114945,T
valid,key.A.p20.point,delete,216097$_$4,216097,0.0067113141218821,0.0030613015095392,50,0.0036500126123429,A
valid,key.V.p20.point,delete,216097$_$4,216097,0.0007165968418121,0.0006334501504898,50,8.314669132229995e-05,V
valid,key.J.p20.joint,delete,216097$_$4,216097,0.3644685397545497,0.1124312675744295,50,0.2520372721801202,J
valid,key.T.p20.point,delete,216097$_$7,216097,0.2253287335236867,0.0567861191431681,50,0.1685426143805186,T
valid,key.A.p20.point,delete,216097$_$7,216097,0.0006670852502187,0.0017084912459055,50,-0.0010414059956868,A
valid,key.V.p20.point,delete,216097$_$7,216097,0.0009731551011403,0.0011151723066965,50,-0.00014201720555620002,V
valid,key.J.p20.joint,delete,216097$_$7,216097,0.2553328697880109,0.0626803758492072,50,0.19265249393880368,J
valid,key.T.p20.point,delete,216097$_$8,216097,0.5098223586877187,0.0793435556914967,50,0.43047880299622204,T
valid,key.A.p20.point,delete,216097$_$8,216097,0.0008126695950826,0.002131523390611,50,-0.0013188537955284,A
valid,key.J.p20.joint,delete,216097$_$8,216097,0.2053260579705238,0.0381064017613728,1,0.167219656209151,J
valid,key.T.p20.point,delete,223431$_$11,223431,0.0447802444299062,0.0327131298184394,50,0.012067114611466798,T
valid,key.A.p20.point,delete,223431$_$11,223431,0.0041708449522654,0.0017505023876825,50,0.0024203425645829,A
valid,key.V.p20.point,delete,223431$_$11,223431,0.0032901962598164,0.0010622283726027,22,0.0022279678872137,V
valid,key.J.p20.joint,delete,223431$_$11,223431,0.0457589427630106,0.0301645709077517,50,0.015594371855258905,J
valid,key.T.p20.point,delete,223431$_$10,223431,0.3759884337584178,0.110338389451305,50,0.2656500443071128,T
valid,key.A.p20.point,delete,223431$_$10,223431,0.0033759673436482,0.0019253601630528,10,0.0014506071805953998,A
valid,key.V.p20.point,delete,223431$_$10,223431,0.007658710082372,0.003113454580307,10,0.0045452555020650005,V
valid,key.J.p20.joint,delete,223431$_$10,223431,0.4429831163336833,0.0589180440207322,50,0.3840650723129511,J
valid,key.T.p20.point,delete,223431$_$13,223431,0.2489392012357711,0.0634028879801432,50,0.18553631325562792,T
valid,key.A.p20.point,delete,223431$_$13,223431,0.0013843675454457,0.0009547289212544,50,0.0004296386241913,A
valid,key.V.p20.point,delete,223431$_$13,223431,0.0007165471712748,0.0006521898508071,50,6.435732046770003e-05,V
valid,key.J.p20.joint,delete,223431$_$13,223431,0.280813271800677,0.0534929348155856,50,0.2273203369850914,J
valid,key.T.p20.point,delete,223431$_$0,223431,0.2306439230839411,0.0111681868632634,1,0.2194757362206777,T
valid,key.A.p20.point,delete,223431$_$0,223431,0.0299692700306574,0.0143359104792277,1,0.0156333595514297,A
valid,key.V.p20.point,delete,223431$_$0,223431,0.0004325360059738,0.000431736310323,1,7.99695650799989e-07,V
valid,key.T.p20.point,delete,223431$_$5,223431,0.3148912340402603,0.0489104214807351,50,0.2659808125595252,T
valid,key.A.p20.point,delete,223431$_$5,223431,0.0020699749390284,0.0029194708665212,50,-0.0008494959274927996,A
valid,key.V.p20.point,delete,223431$_$5,223431,0.0061281969149907,0.0022632697224617,50,0.0038649271925290003,V
valid,key.J.p20.joint,delete,223431$_$5,223431,0.3148836831872662,0.0385568398237228,50,0.27632684336354335,J
valid,key.T.p20.point,delete,225770$_$3,225770,0.0573361180722713,0.0735741614051706,50,-0.016238043332899306,T
valid,key.A.p20.point,delete,225770$_$3,225770,0.0084479600191116,0.0029025354981422,50,0.0055454245209694,A
valid,key.V.p20.point,delete,225770$_$3,225770,0.004189391930898,0.0040957781672477,50,9.361376365030032e-05,V
valid,key.J.p20.joint,delete,225770$_$3,225770,0.0764506310224533,0.0602105878107249,50,0.016240043211728394,J
valid,key.T.p20.point,delete,225770$_$5,225770,0.1378285631071776,0.0109142070480932,5,0.12691435605908438,T
valid,key.A.p20.point,delete,225770$_$5,225770,0.0039131046117593,0.0023855198174715,5,0.0015275847942878003,A
valid,key.V.p20.point,delete,225770$_$5,225770,0.0026437193155288,0.0013768640075189,5,0.0012668553080098998,V
valid,key.J.p20.joint,delete,225770$_$5,225770,0.1414362683426588,0.0129218460526317,5,0.1285144222900271,J
valid,key.T.p20.point,delete,225770$_$4,225770,0.0133549720048904,0.0098204045494397,50,0.0035345674554507003,T
valid,key.A.p20.point,delete,225770$_$4,225770,0.0090347081422805,0.0026520327726999,50,0.0063826753695806005,A
valid,key.V.p20.point,delete,225770$_$4,225770,0.000565268099308,0.0015282176931699,50,-0.0009629495938619,V
valid,key.J.p20.joint,delete,225770$_$4,225770,0.0046411727865537,0.0100826358050107,50,-0.005441463018457,J
valid,key.T.p20.point,delete,225770$_$6,225770,0.1444035321474075,0.0403184744094808,50,0.1040850577379267,T
valid,key.A.p20.point,delete,225770$_$6,225770,0.0052809491753578,0.0033520136773586,50,0.0019289354979992006,A
valid,key.V.p20.point,delete,225770$_$6,225770,0.0018350481986999,0.001989968518416,50,-0.00015492031971610018,V
valid,key.J.p20.joint,delete,225770$_$6,225770,0.0817779246717691,0.0323197168173889,50,0.0494582078543802,J
valid,key.T.p20.point,delete,236021$_$12,236021,0.211308794716994,0.0306632248746852,50,0.18064556984230878,T
valid,key.A.p20.point,delete,236021$_$12,236021,0.0084957033395767,0.0031966407100359,50,0.0052990626295408,A
valid,key.V.p20.point,delete,236021$_$12,236021,0.0024118994673093,0.0019302571813265,10,0.00048164228598280017,V
valid,key.J.p20.joint,delete,236021$_$12,236021,0.2093889291087786,0.0283456299826502,50,0.1810432991261284,J
valid,key.T.p20.point,delete,236021$_$1,236021,0.0070639128486315,0.0132785229881604,50,-0.0062146101395289,T
valid,key.A.p20.point,delete,236021$_$1,236021,0.0039012432098388,0.0036511520047982,50,0.0002500912050406,A
valid,key.V.p20.point,delete,236021$_$1,236021,0.0072725464900334,0.0046116703748703,50,0.0026608761151631,V
valid,key.J.p20.joint,delete,236021$_$1,236021,0.059365044037501,0.0220509160061677,50,0.0373141280313333,J
valid,key.T.p20.point,delete,236021$_$3,236021,0.3832904295995831,0.0095209098524517,6,0.3737695197471314,T
valid,key.A.p20.point,delete,236021$_$3,236021,0.0038481354713439,0.0016070041391584,6,0.0022411313321855,A
valid,key.V.p20.point,delete,236021$_$3,236021,0.0016620159149169,0.000713888141844,6,0.0009481277730729001,V
valid,key.J.p20.joint,delete,236021$_$3,236021,0.388936278099815,0.0100228803025351,6,0.3789133977972799,J
valid,key.T.p20.point,delete,236021$_$2,236021,0.1800758801400661,0.0790621466026641,50,0.10101373353740199,T
valid,key.A.p20.point,delete,236021$_$2,236021,0.0081254392862319,0.0041906487817565,50,0.0039347905044753995,A
valid,key.V.p20.point,delete,236021$_$2,236021,0.0202123237152894,0.0082506682691082,38,0.011961655446181201,V
valid,key.J.p20.joint,delete,236021$_$2,236021,0.1887447920938333,0.088289065847833,50,0.1004557262460003,J
valid,key.T.p20.point,delete,236021$_$5,236021,0.2753617962201436,0.1163548600922028,50,0.1590069361279408,T
valid,key.A.p20.point,delete,236021$_$5,236021,0.0050184528032938,0.0026367980241775,50,0.0023816547791163,A
valid,key.V.p20.point,delete,236021$_$5,236021,0.0032693147659301,0.0010050179229842,12,0.0022642968429459,V
valid,key.J.p20.joint,delete,236021$_$5,236021,0.2720824951926867,0.1135964685678481,50,0.15848602662483857,J
valid,key.T.p20.point,delete,236021$_$4,236021,0.3211016859859228,0.1556896202048907,50,0.16541206578103212,T
valid,key.A.p20.point,delete,236021$_$4,236021,0.0053157415241003,0.0045870113807419,50,0.0007287301433584002,A
valid,key.V.p20.point,delete,236021$_$4,236021,0.000684805214405,0.0038657741372783,50,-0.0031809689228733,V
valid,key.J.p20.joint,delete,236021$_$4,236021,0.306922306617101,0.1135071256376492,50,0.19341518097945182,J
valid,key.T.p20.point,delete,237009$_$11,237009,0.1320350443323453,0.0773347545237768,7,0.0547002898085685,T
valid,key.A.p20.point,delete,237009$_$11,237009,0.005678117275238,0.002112113583235,27,0.003566003692003,A
valid,key.V.p20.point,delete,237009$_$11,237009,0.0004956275224685,0.0008295640165423,27,-0.00033393649407379995,V
valid,key.J.p20.joint,delete,237009$_$11,237009,0.2114362129941582,0.0720228388284643,8,0.1394133741656939,J
valid,key.T.p20.point,delete,237009$_$12,237009,0.1067027946313222,0.0160785621404647,50,0.0906242324908575,T
valid,key.A.p20.point,delete,237009$_$12,237009,0.0014827847480773,0.001053791642189,50,0.0004289931058883,A
valid,key.V.p20.point,delete,237009$_$12,237009,0.0036494930585225,0.0011353602011998,50,0.0025141328573227,V
valid,key.J.p20.joint,delete,237009$_$12,237009,0.108301430940628,0.0151253120104471,50,0.09317611893018089,J
valid,key.T.p20.point,delete,237009$_$4,237009,0.3977646306157112,0.1171949602570384,50,0.2805696703586728,T
valid,key.A.p20.point,delete,237009$_$4,237009,0.0047814746697743,0.0059847366809844,50,-0.0012032620112100998,A
valid,key.V.p20.point,delete,237009$_$4,237009,0.0100921392440795,0.0031197758184538,6,0.0069723634256257,V
valid,key.J.p20.joint,delete,237009$_$4,237009,0.3965499599774678,0.1196001228007177,50,0.2769498371767501,J
valid,key.T.p20.point,delete,237009$_$7,237009,0.1572166581948598,0.0104613188240263,6,0.14675533937083352,T
valid,key.A.p20.point,delete,237009$_$7,237009,0.0110192596912384,0.0025694800747765,6,0.0084497796164619,A
valid,key.V.p20.point,delete,237009$_$7,237009,0.0016194581985473,0.0014346236983935,20,0.00018483450015379993,V
valid,key.J.p20.joint,delete,237009$_$7,237009,0.0922349095344543,0.0060848948501405,7,0.0861500146843138,J
valid,key.T.p20.point,delete,237009$_$9,237009,0.4607500197986761,0.0610145876804987,10,0.39973543211817736,T
valid,key.A.p20.point,delete,237009$_$9,237009,0.0050159792105356,0.002387069662412,10,0.0026289095481235995,A
valid,key.V.p20.point,delete,237009$_$9,237009,0.0029231905937194,0.0013954102993011,10,0.0015277802944183,V
valid,key.J.p20.joint,delete,237009$_$9,237009,0.4596331889430681,0.063982135305802,10,0.3956510536372661,J
valid,key.T.p20.point,delete,241629$_$10,241629,0.41343222061793,0.0607632097105185,50,0.3526690109074115,T
valid,key.A.p20.point,delete,241629$_$10,241629,0.0037207702795664,0.0020633572340011,50,0.0016574130455653002,A
valid,key.V.p20.point,delete,241629$_$10,241629,0.00022487839063,0.0011295503304328,27,-0.0009046719398028,V
valid,key.J.p20.joint,delete,241629$_$10,241629,0.3407687246799469,0.0550285772482554,50,0.2857401474316915,J
valid,key.T.p20.point,delete,241629$_$0,241629,0.3539015750090281,0.0890479992857823,50,0.26485357572324575,T
valid,key.A.p20.point,delete,241629$_$0,241629,0.0023006598154703,0.002046031653881,50,0.0002546281615892999,A
valid,key.V.p20.point,delete,241629$_$0,241629,0.0055557986100514,0.003229996562004,10,0.0023258020480474,V
valid,key.J.p20.joint,delete,241629$_$0,241629,0.300431510200724,0.0781254099177507,50,0.22230610028297332,J
valid,key.T.p20.point,delete,241629$_$3,241629,0.056353415052096,0.1453844872520616,50,-0.0890310721999656,T
valid,key.A.p20.point,delete,241629$_$3,241629,0.0008000234762827,0.0019438427686691,50,-0.0011438192923864002,A
valid,key.V.p20.point,delete,241629$_$3,241629,0.0030655364195505,0.0010247083504994,50,0.0020408280690511,V
valid,key.J.p20.joint,delete,241629$_$3,241629,0.1376751537124315,0.1575505462692429,50,-0.019875392556811394,J
valid,key.T.p20.point,delete,241629$_$5,241629,0.0781735839943091,0.0668882345904906,50,0.011285349403818493,T
valid,key.A.p20.point,delete,241629$_$5,241629,0.008961297571659,0.0038561880712707,50,0.0051051095003883,A
valid,key.V.p20.point,delete,241629$_$5,241629,0.0017447260518868,0.0019484330217043,50,-0.00020370696981750007,V
valid,key.J.p20.joint,delete,241629$_$5,241629,0.0758373675247033,0.0694183709930318,50,0.006418996531671495,J
valid,key.T.p20.point,delete,241629$_$8,241629,0.0221736927827199,0.0097685919205347,50,0.0124051008621852,T
valid,key.A.p20.point,delete,241629$_$8,241629,0.0021400153636932,0.0007954190174738,50,0.0013445963462194,A
valid,key.V.p20.point,delete,241629$_$8,241629,0.0011496047178904,0.0004739054044087,50,0.0006756993134816999,V
valid,key.J.p20.joint,delete,241629$_$8,241629,0.0269302328427632,0.0077667937676111,50,0.0191634390751521,J
valid,key.T.p20.point,delete,243646$_$11,243646,0.0400118331114451,0.0432778437932332,50,-0.003266010681788098,T
valid,key.A.p20.point,delete,243646$_$11,243646,0.0015783111254374,0.0016504375139872,50,-7.212638854980002e-05,A
valid,key.V.p20.point,delete,243646$_$11,243646,0.0018461942672729,0.0016171741485595,50,0.00022902011871339992,V
valid,key.J.p20.joint,delete,243646$_$11,243646,0.0116215546925862,0.0273857613404591,50,-0.0157642066478729,J
valid,key.T.p20.point,delete,243646$_$12,243646,0.106917604804039,0.0297203427553176,50,0.0771972620487214,T
valid,key.A.p20.point,delete,243646$_$12,243646,0.0022030075391133,0.0010998262961705,50,0.0011031812429428,A
valid,key.V.p20.point,delete,243646$_$12,243646,0.0006637573242187,0.0005738361676534,50,8.992115656529997e-05,V
valid,key.J.p20.joint,delete,243646$_$12,243646,0.1031899005174636,0.0265802800655364,50,0.07660962045192721,J
valid,key.T.p20.point,delete,243646$_$8,243646,0.067506277312835,0.0272265687026083,50,0.0402797086102267,T
valid,key.A.p20.point,delete,243646$_$8,243646,0.0049474289019902,0.0024997154871622,10,0.002447713414828,A
valid,key.V.p20.point,delete,243646$_$8,243646,0.0019010553757349,0.0006181416412194,10,0.0012829137345155002,V
valid,key.J.p20.joint,delete,243646$_$8,243646,0.0663941946501533,0.0262182891213645,50,0.040175905528788795,J
valid,key.T.p20.point,delete,247318$_$12,247318,0.0806533098220825,0.0333266651630401,50,0.047326644659042405,T
valid,key.A.p20.point,delete,247318$_$12,247318,0.0058303574721018,0.0018686211109161,50,0.0039617363611857,A
valid,key.V.p20.point,delete,247318$_$12,247318,0.0006386140982309,0.0004224171241124,50,0.0002161969741185,V
valid,key.J.p20.joint,delete,247318$_$12,247318,0.055222064256668,0.0196367810169855,50,0.035585283239682505,J
valid,key.T.p20.point,delete,247318$_$1,247318,0.0290234697361787,0.0260899798882504,50,0.0029334898479283014,T
valid,key.A.p20.point,delete,247318$_$1,247318,0.0025887365142504,0.0024385678271452,50,0.0001501686871052,A
valid,key.V.p20.point,delete,247318$_$1,247318,0.0064731144035855,0.0020644726945708,50,0.004408641709014701,V
valid,key.J.p20.joint,delete,247318$_$1,247318,0.0382635047038396,0.0278345811910306,50,0.010428923512809,J
valid,key.T.p20.point,delete,247318$_$3,247318,0.531156807517012,0.0292838041981061,4,0.5018730033189059,T
valid,key.A.p20.point,delete,247318$_$3,247318,0.004991203546524,0.0022443955143292,4,0.0027468080321948,A
valid,key.V.p20.point,delete,247318$_$3,247318,0.0021793941656748,0.0011751726269721,4,0.0010042215387027,V
valid,key.J.p20.joint,delete,247318$_$3,247318,0.5258220316221317,0.0273449718952178,4,0.4984770597269139,J
valid,key.T.p20.point,delete,247318$_$2,247318,0.0378336198627948,0.0209716330883869,50,0.0168619867744079,T
valid,key.A.p20.point,delete,247318$_$2,247318,0.0123174184312423,0.0033057106907169,50,0.0090117077405254,A
valid,key.V.p20.point,delete,247318$_$2,247318,0.0025420629729827,0.0013783846174677,50,0.0011636783555149998,V
valid,key.J.p20.joint,delete,247318$_$2,247318,0.0277828189233938,0.0221592364801714,50,0.005623582443222398,J
valid,key.T.p20.point,delete,247318$_$5,247318,0.1461089005072911,0.1400317079868788,50,0.006077192520412306,T
valid,key.A.p20.point,delete,247318$_$5,247318,0.0016351292530695,0.0030153594414393,50,-0.0013802301883698,A
valid,key.V.p20.point,delete,247318$_$5,247318,0.0043112635612487,0.0042157219515906,15,9.554160965810025e-05,V
valid,key.J.p20.joint,delete,247318$_$5,247318,0.1324445903301239,0.1135406610121329,50,0.018903929317990995,J
valid,key.T.p20.point,delete,247318$_$7,247318,0.0188050369421641,0.0074360271294911,5,0.011369009812673001,T
valid,key.A.p20.point,delete,247318$_$7,247318,0.0034356415271759,0.0011394540468851,5,0.0022961874802908,A
valid,key.V.p20.point,delete,247318$_$7,247318,0.0002870261669158,9.92000102996826e-05,5,0.0001878261566161174,V
valid,key.J.p20.joint,delete,247318$_$7,247318,0.0194964110851287,0.0060812334219614,5,0.013415177663167301,J
valid,key.T.p20.point,delete,247318$_$6,247318,0.1326872011025746,0.0764077131946881,4,0.05627948790788649,T
valid,key.A.p20.point,delete,247318$_$6,247318,0.0064440270264943,0.0025469238559405,4,0.0038971031705538005,A
valid,key.V.p20.point,delete,247318$_$6,247318,0.0030384560426076,0.0013177096843719,4,0.0017207463582356998,V
valid,key.J.p20.joint,delete,247318$_$6,247318,0.138819083571434,0.0795625162621339,4,0.059256567309300096,J
valid,key.T.p20.point,delete,252998$_$1,252998,0.0382114462554454,0.0143400961191703,50,0.023871350136275095,T
valid,key.A.p20.point,delete,252998$_$1,252998,0.0050076109667619,0.006312705874443,50,-0.0013050949076811001,A
valid,key.V.p20.point,delete,252998$_$1,252998,0.0012418068945407,0.0010012326017022,50,0.0002405742928385001,V
valid,key.J.p20.joint,delete,252998$_$1,252998,0.0307342198987801,0.0122096838480016,50,0.0185245360507785,J
valid,key.T.p20.point,delete,252998$_$0,252998,0.0968619502770404,0.0552719040672915,50,0.041590046209748904,T
valid,key.A.p20.point,delete,252998$_$0,252998,0.0119105355503658,0.0035359888467549,50,0.008374546703610899,A
valid,key.V.p20.point,delete,252998$_$0,252998,0.0017582757088045,0.0016805974954816,50,7.76782133229e-05,V
valid,key.J.p20.joint,delete,252998$_$0,252998,0.0211459604712824,0.0466374635956405,50,-0.0254915031243581,J
valid,key.T.p20.point,delete,252998$_$5,252998,0.2280665064851443,0.0246075278520584,50,0.20345897863308587,T
valid,key.A.p20.point,delete,252998$_$5,252998,0.0020102361838022,0.0010934768120447,50,0.0009167593717574998,A
valid,key.V.p20.point,delete,252998$_$5,252998,0.0009193023045857,0.0007448122898737,50,0.00017449001471199997,V
valid,key.J.p20.joint,delete,252998$_$5,252998,0.2282871802647908,0.0249992047746976,50,0.2032879754900932,J
valid,key.T.p20.point,delete,252998$_$4,252998,0.0699221889177958,0.0444388858477274,50,0.025483303070068394,T
valid,key.A.p20.point,delete,252998$_$4,252998,0.0005451440811157,0.0016542859872182,50,-0.0011091419061025,A
valid,key.V.p20.point,delete,252998$_$4,252998,0.0015094776948293,0.0012401642402013,50,0.00026931345462799993,V
valid,key.J.p20.joint,delete,252998$_$4,252998,0.1763159036636352,0.0381862462560335,50,0.1381296574076017,J
valid,key.T.p20.point,delete,252998$_$7,252998,0.2624967185159524,0.1734702556300908,50,0.08902646288586161,T
valid,key.A.p20.point,delete,252998$_$7,252998,0.0012939423322677,0.0027775713801383,50,-0.0014836290478706,A
valid,key.V.p20.point,delete,252998$_$7,252998,0.0068460380037625,0.0039381772776444,50,0.0029078607261181005,V
valid,key.J.p20.joint,delete,252998$_$7,252998,0.3784898876522978,0.115779175038139,50,0.2627107126141588,J
valid,key.T.p20.point,delete,252998$_$8,252998,0.1131576846043268,0.068089289017459,44,0.0450683955868678,T
valid,key.A.p20.point,delete,252998$_$8,252998,0.0068624888857205,0.0034513991664756,44,0.0034110897192449,A
valid,key.V.p20.point,delete,252998$_$8,252998,0.0034122541546821,0.0014079659612792,44,0.0020042881934029,V
valid,key.J.p20.joint,delete,252998$_$8,252998,0.1871245458411673,0.0666313215721553,44,0.120493224269012,J
valid,key.T.p20.point,delete,257247$_$10,257247,0.5085016079246998,0.0932120205834508,20,0.415289587341249,T
valid,key.A.p20.point,delete,257247$_$10,257247,0.0006674031416575,0.0014041776458422,20,-0.0007367745041847,A
valid,key.V.p20.point,delete,257247$_$10,257247,0.0007389187812805,0.0004209091265996,20,0.0003180096546809,V
valid,key.J.p20.joint,delete,257247$_$10,257247,0.2414867132902145,0.0148866474628448,7,0.22660006582736972,J
valid,key.T.p20.point,delete,257247$_$12,257247,0.0486469666163126,0.0140857336918512,50,0.0345612329244614,T
valid,key.A.p20.point,delete,257247$_$12,257247,0.0003528396288553,0.0011957116921742,50,-0.0008428720633189,A
valid,key.V.p20.point,delete,257247$_$12,257247,0.0005212227503458,0.000366666316986,50,0.00015455643335980006,V
valid,key.J.p20.joint,delete,257247$_$12,257247,0.0436814526716868,0.0113981948296229,50,0.0322832578420639,J
valid,key.T.p20.point,delete,257247$_$2,257247,0.0816444605588913,0.0517405029137929,50,0.029903957645098393,T
valid,key.A.p20.point,delete,257247$_$2,257247,0.0090736895799636,0.0033641933401425,50,0.005709496239821101,A
valid,key.V.p20.point,delete,257247$_$2,257247,0.0006494174400965,0.000762787759304,50,-0.00011337031920749996,V
valid,key.J.p20.joint,delete,257247$_$2,257247,0.0940523693958918,0.0383780744671821,50,0.055674294928709706,J
valid,key.T.p20.point,delete,258654$_$1,258654,0.2277451157569885,0.0243202533324559,50,0.2034248624245326,T
valid,key.A.p20.point,delete,258654$_$1,258654,0.0029717087745666,0.0018579908212025,50,0.0011137179533641,A
valid,key.V.p20.point,delete,258654$_$1,258654,0.0030037264029184,0.0010663217306137,50,0.0019374046723047,V
valid,key.J.p20.joint,delete,258654$_$1,258654,0.1423780818780263,0.0226742520928382,50,0.1197038297851881,J
valid,key.T.p20.point,delete,258654$_$3,258654,0.6404465604573488,0.1053539837524294,50,0.5350925767049194,T
valid,key.A.p20.point,delete,258654$_$3,258654,0.0048200885454813,0.0018915273745854,50,0.0029285611708959,A
valid,key.V.p20.point,delete,258654$_$3,258654,0.0010812282562255,0.00136157254378,50,-0.00028034428755450004,V
valid,key.J.p20.joint,delete,258654$_$3,258654,0.6202888923386732,0.1028206035246451,50,0.5174682888140282,J
valid,key.T.p20.point,delete,258654$_$4,258654,0.1759301250179608,0.0531714223821957,50,0.12275870263576509,T
valid,key.A.p20.point,delete,258654$_$4,258654,0.0035818616549173,0.0034405344724655,50,0.00014132718245179988,A
valid,key.V.p20.point,delete,258654$_$4,258654,0.0104380398988723,0.0033576949437459,50,0.007080344955126399,V
valid,key.J.p20.joint,delete,258654$_$4,258654,0.1822942718863487,0.0465434031685193,50,0.1357508687178294,J
valid,key.T.p20.point,delete,266791$_$24,266791,0.3455368330081304,0.018732352898671,13,0.3268044801094594,T
valid,key.A.p20.point,delete,266791$_$24,266791,0.0037307739257812,0.0010184343655904,50,0.0027123395601908002,A
valid,key.V.p20.point,delete,266791$_$24,266791,0.0018200973669687,0.0005726226170857,50,0.001247474749883,V
valid,key.J.p20.joint,delete,266791$_$24,266791,0.3471915492167076,0.0193507212858933,13,0.32784082793081426,J
valid,key.T.p20.point,delete,266791$_$20,266791,0.0434797288229068,0.0356807792272108,50,0.007798949595695999,T
valid,key.A.p20.point,delete,266791$_$20,266791,0.0029841444144646,0.0031952396035194,50,-0.00021109518905480015,A
valid,key.V.p20.point,delete,266791$_$20,266791,0.0019650061925252,0.0010070467491944,50,0.0009579594433307998,V
valid,key.J.p20.joint,delete,266791$_$20,266791,0.0459336328785866,0.0354947457943732,50,0.010438887084213401,J
valid,key.T.p20.point,delete,266791$_$21,266791,0.1806454211473465,0.0276513175169626,50,0.1529941036303839,T
valid,key.A.p20.point,delete,266791$_$21,266791,0.0014156997203826,0.0013375830650329,50,7.811665534970011e-05,A
valid,key.V.p20.point,delete,266791$_$21,266791,0.0007954041163126,0.0005502998828887,50,0.0002451042334238999,V
valid,key.J.p20.joint,delete,266791$_$21,266791,0.1673842271169026,0.0400681626796722,50,0.1273160644372304,J
valid,key.T.p20.point,delete,266791$_$23,266791,0.0203421215216318,0.039995601127545,50,-0.0196534796059132,T
valid,key.A.p20.point,delete,266791$_$23,266791,0.0010654479265213,0.0033211781581242,50,-0.0022557302316029,A
valid,key.V.p20.point,delete,266791$_$23,266791,0.0036069850126902,0.0011701044440269,50,0.0024368805686633003,V
valid,key.J.p20.joint,delete,266791$_$23,266791,0.0251369575659433,0.033975504686435,50,-0.008838547120491702,J
valid,key.T.p20.point,delete,266791$_$29,266791,0.2267125683526198,0.0529210319121678,2,0.173791536440452,T
valid,key.A.p20.point,delete,266791$_$29,266791,0.011927584807078,0.0067839349309603,2,0.005143649876117699,A
valid,key.V.p20.point,delete,266791$_$29,266791,0.0015323857466379,0.0007387598355611,2,0.0007936259110768,V
valid,key.T.p20.point,delete,266791$_$3,266791,0.0741681555906931,0.0619387403378884,50,0.012229415252804708,T
valid,key.A.p20.point,delete,266791$_$3,266791,0.0002412249644597,0.0018901087840398,50,-0.0016488838195801,A
valid,key.V.p20.point,delete,266791$_$3,266791,0.0032373567422231,0.0030728118618329,50,0.00016454488039019995,V
valid,key.J.p20.joint,delete,266791$_$3,266791,0.0588809673984845,0.0607667512198289,50,-0.0018857838213443973,J
valid,key.T.p20.point,delete,266791$_$5,266791,0.4062909415612618,0.0391342555483182,50,0.3671566860129436,T
valid,key.A.p20.point,delete,266791$_$5,266791,0.0023166835308074,0.0020783070723215,50,0.00023837645848590007,A
valid,key.V.p20.point,delete,266791$_$5,266791,0.0013520816961924,0.0004909882942835,50,0.0008610934019089,V
valid,key.J.p20.joint,delete,266791$_$5,266791,0.4044299305727084,0.0400260364140073,50,0.36440389415870106,J
valid,key.T.p20.point,delete,266791$_$4,266791,0.2986324305335681,0.1541986582179864,10,0.1444337723155817,T
valid,key.A.p20.point,delete,266791$_$4,266791,0.0050303041934967,0.0030592523018519,50,0.0019710518916448,A
valid,key.V.p20.point,delete,266791$_$4,266791,0.0031724199652671,0.0016830783089001,50,0.001489341656367,V
valid,key.J.p20.joint,delete,266791$_$4,266791,0.3006716221570968,0.126449890967148,50,0.1742217311899488,J
valid,key.T.p20.point,delete,266791$_$6,266791,0.0176995495955149,0.014790194928646,50,0.0029093546668689,T
valid,key.A.p20.point,delete,266791$_$6,266791,0.0011836538712183,0.0024116896589597,50,-0.0012280357877414,A
valid,key.V.p20.point,delete,266791$_$6,266791,0.0054296255111694,0.002029437025388,50,0.0034001884857813996,V
valid,key.J.p20.joint,delete,266791$_$6,266791,0.0185334309935569,0.0134285505612691,50,0.0051048804322878,J
valid,key.T.p20.point,delete,266791$_$8,266791,0.151435237377882,0.0952421603671444,44,0.0561930770107376,T
valid,key.A.p20.point,delete,266791$_$8,266791,0.0068524479866027,0.002922270108353,44,0.0039301778782497,A
valid,key.V.p20.point,delete,266791$_$8,266791,0.0064129531383514,0.0023910226645293,9,0.0040219304738220996,V
valid,key.J.p20.joint,delete,266791$_$8,266791,0.1535341081519921,0.0952911717026974,44,0.058242936449294694,J
valid,key.T.p20.point,delete,266791$_$11,266791,0.3272481535871823,0.073888494460671,9,0.25335965912651126,T
valid,key.A.p20.point,delete,266791$_$11,266791,0.0040059189001719,0.0023250854150815,44,0.0016808334850904002,A
valid,key.V.p20.point,delete,266791$_$11,266791,0.0018015503883361,0.0011792629957199,9,0.0006222873926162,V
valid,key.J.p20.joint,delete,266791$_$11,266791,0.3259829791883628,0.0754608833403499,9,0.2505220958480129,J
valid,key.T.p20.point,delete,266791$_$14,266791,0.1398491685589154,0.1154221245956917,50,0.024427043963223705,T
valid,key.A.p20.point,delete,266791$_$14,266791,0.0015825927257537,0.002551365395387,50,-0.0009687726696332999,A
valid,key.V.p20.point,delete,266791$_$14,266791,0.0024119714895884,0.0013726767897605,50,0.0010392946998279,V
valid,key.J.p20.joint,delete,266791$_$14,266791,0.1388656323154767,0.1167729220663507,50,0.022092710249125985,J
valid,key.T.p20.point,delete,270254$_$23,270254,0.2299766341845194,0.0497913951320307,14,0.1801852390524887,T
valid,key.A.p20.point,delete,270254$_$23,270254,0.0033336778481801,0.0014022159576416,50,0.0019314618905385001,A
valid,key.V.p20.point,delete,270254$_$23,270254,0.0005828539530436,0.0006748813958395,14,-9.202744279589994e-05,V
valid,key.J.p20.joint,delete,270254$_$23,270254,0.2292564635475476,0.0493829106645924,14,0.1798735528829552,J
valid,key.T.p20.point,delete,270254$_$0,270254,0.0720085700352986,0.0413959727684656,50,0.030612597266833005,T
valid,key.A.p20.point,delete,270254$_$0,270254,0.0029381761948267,0.0027255058288574,50,0.0002126703659693003,A
valid,key.V.p20.point,delete,270254$_$0,270254,0.0022194286187489,0.0012770489851633,50,0.0009423796335856001,V
valid,key.J.p20.joint,delete,270254$_$0,270254,0.0120584070682525,0.0338941045602162,50,-0.0218356974919637,J
valid,key.T.p20.point,delete,270254$_$6,270254,0.0047026177247365,0.0236272846410671,50,-0.0189246669163306,T
valid,key.A.p20.point,delete,270254$_$6,270254,0.0045196389158566,0.0039571283260981,50,0.0005625105897585003,A
valid,key.V.p20.point,delete,270254$_$6,270254,0.0017650077740351,0.0025263915459314,50,-0.0007613837718963002,V
valid,key.J.p20.joint,delete,270254$_$6,270254,0.0217656170328458,0.0215208481624722,50,0.00024476887037359896,J
valid,key.T.p20.point,delete,270254$_$8,270254,0.5849960297346115,0.1377363421271244,50,0.44725968760748713,T
valid,key.A.p20.point,delete,270254$_$8,270254,0.0013552606105804,0.0014484949906667,50,-9.323438008629987e-05,A
valid,key.V.p20.point,delete,270254$_$8,270254,0.0007208287715911,0.0006391865015029,50,8.16422700882e-05,V
valid,key.J.p20.joint,delete,270254$_$8,270254,0.3607323629160722,0.0592335658147931,50,0.3014987971012791,J
valid,key.T.p20.point,delete,270254$_$11,270254,0.0381189038356145,0.0141654590765635,5,0.023953444759050996,T
valid,key.A.p20.point,delete,270254$_$11,270254,0.0024640162785847,0.0014518717924753,5,0.0010121444861093999,A
valid,key.V.p20.point,delete,270254$_$11,270254,0.002090647816658,0.0006354451179504,5,0.0014552026987076,V
valid,key.J.p20.joint,delete,270254$_$11,270254,0.0366868625084559,0.0147720426321029,5,0.021914819876353003,J
valid,key.T.p20.point,delete,270254$_$14,270254,0.1929054036736488,0.067919871061375,35,0.12498553261227381,T
valid,key.A.p20.point,delete,270254$_$14,270254,0.0046886391937732,0.0050662515596264,35,-0.00037761236585319956,A
valid,key.V.p20.point,delete,270254$_$14,270254,0.0053576665620009,0.0021349350079184,35,0.0032227315540825003,V
valid,key.J.p20.joint,delete,270254$_$14,270254,0.1913350795706113,0.0669213635431203,35,0.124413716027491,J
valid,key.T.p20.point,delete,270254$_$16,270254,0.0410335355748732,0.0418356261774897,50,-0.0008020906026164967,T
valid,key.A.p20.point,delete,270254$_$16,270254,0.0048767545570929,0.0023687393714984,50,0.0025080151855945,A
valid,key.V.p20.point,delete,270254$_$16,270254,0.0012841628243525,0.0021632974098126,50,-0.0008791345854600998,V
valid,key.J.p20.joint,delete,270254$_$16,270254,0.0408849151184161,0.03740141635295,50,0.003483498765466095,J
valid,key.T.p20.point,delete,272624$_$10,272624,0.202649546166261,0.0646287233258287,50,0.1380208228404323,T
valid,key.A.p20.point,delete,272624$_$10,272624,0.0013000518083572,0.002259293893973,50,-0.0009592420856158002,A
valid,key.V.p20.point,delete,272624$_$10,272624,0.0032882690429687,0.0012243937452634,50,0.0020638752977053003,V
valid,key.J.p20.joint,delete,272624$_$10,272624,0.1886508663495381,0.0557590509337993,50,0.1328918154157388,J
valid,key.T.p20.point,delete,272624$_$13,272624,0.2660206382473309,0.0504614696589608,50,0.2155591685883701,T
valid,key.A.p20.point,delete,272624$_$13,272624,0.006889467438062,0.0039301853378613,50,0.0029592821002007,A
valid,key.V.p20.point,delete,272624$_$13,272624,0.0038064494729042,0.0012062312662601,50,0.0026002182066441,V
valid,key.J.p20.joint,delete,272624$_$13,272624,0.2637003138661384,0.0668123261071741,50,0.19688798775896432,J
valid,key.T.p20.point,delete,272624$_$12,272624,0.4655379715065161,0.0820237808426221,50,0.38351419066389403,T
valid,key.A.p20.point,delete,272624$_$12,272624,0.0030236641565958,0.0024575235446294,50,0.0005661406119664,A
valid,key.V.p20.point,delete,272624$_$12,272624,0.0013991991678873,0.0007402046521504,50,0.0006589945157369,V
valid,key.J.p20.joint,delete,272624$_$12,272624,0.4656209405511617,0.087751777768135,50,0.37786916278302674,J
valid,key.T.p20.point,delete,272624$_$16,272624,0.1304977188507715,0.0379340553159515,50,0.09256366353481998,T
valid,key.A.p20.point,delete,272624$_$16,272624,0.003476599852244,0.0025087883075078,50,0.0009678115447362,A
valid,key.V.p20.point,delete,272624$_$16,272624,0.0023392736911773,0.0009890653689702,50,0.0013502083222071,V
valid,key.J.p20.joint,delete,272624$_$16,272624,0.0980302641789118,0.0645119891191522,50,0.0335182750597596,J
valid,key.T.p20.point,delete,272624$_$18,272624,0.2337525362769762,0.0535997211933136,50,0.1801528150836626,T
valid,key.A.p20.point,delete,272624$_$18,272624,0.0025900850693384,0.0021902387340863,50,0.00039984633525209966,A
valid,key.V.p20.point,delete,272624$_$18,272624,0.0039888819058736,0.0022251711289087,50,0.0017637107769649,V
valid,key.J.p20.joint,delete,272624$_$18,272624,0.2350627686828375,0.0527401485790808,50,0.1823226201037567,J
valid,key.T.p20.point,delete,272624$_$2,272624,0.1190225233634312,0.0590425719817479,50,0.05997995138168331,T
valid,key.A.p20.point,delete,272624$_$2,272624,0.0039396236340204,0.0028919599453608,50,0.0010476636886596002,A
valid,key.V.p20.point,delete,272624$_$2,272624,0.0042046010494232,0.0021497232715288,50,0.0020548777778944005,V
valid,key.J.p20.joint,delete,272624$_$2,272624,0.1183043917020161,0.0553851333260536,50,0.06291925837596252,J
valid,key.T.p20.point,delete,272624$_$6,272624,0.4073312940696875,0.0448964783549308,50,0.36243481571475666,T
valid,key.A.p20.point,delete,272624$_$6,272624,0.0026552677154541,0.001834354797999,50,0.0008209129174550998,A
valid,key.V.p20.point,delete,272624$_$6,272624,0.0018616517384847,0.0007718620697657,50,0.0010897896687190002,V
valid,key.J.p20.joint,delete,272624$_$6,272624,0.4133773992458979,0.0540210308755437,50,0.3593563683703542,J
valid,key.T.p20.point,delete,272624$_$9,272624,0.3245243765413761,0.1004916170674065,50,0.2240327594739696,T
valid,key.A.p20.point,delete,272624$_$9,272624,0.0043430626392364,0.0033028350273768,50,0.0010402276118595998,A
valid,key.V.p20.point,delete,272624$_$9,272624,0.0009007652600606,0.0003255671262741,50,0.0005751981337865,V
valid,key.J.p20.joint,delete,272624$_$9,272624,0.3215566749374072,0.1233640184750159,50,0.19819265646239131,J
valid,key.T.p20.point,delete,272624$_$8,272624,0.1388698319594065,0.0213626305262247,50,0.1175072014331818,T
valid,key.A.p20.point,delete,272624$_$8,272624,0.001343955596288,0.0014630202452341,50,-0.00011906464894609987,A
valid,key.V.p20.point,delete,272624$_$8,272624,0.0042223930358886,0.0011389976739883,50,0.0030833953619002997,V
valid,key.J.p20.joint,delete,272624$_$8,272624,0.0889479418595632,0.0229857516288757,50,0.0659621902306875,J
valid,key.T.p20.point,delete,273539$_$3,273539,0.097421924273173,0.1036987303073207,50,-0.0062768060341476944,T
valid,key.A.p20.point,delete,273539$_$3,273539,0.0074996550877888,0.0028633251786231,50,0.004636329909165699,A
valid,key.V.p20.point,delete,273539$_$3,273539,0.0003766616185506,0.0012449812889099,50,-0.0008683196703593,V
valid,key.J.p20.joint,delete,273539$_$3,273539,0.101901113986969,0.0905742587397496,50,0.011326855247219395,J
valid,key.T.p20.point,delete,273539$_$2,273539,0.0387193287412325,0.0224933425585428,2,0.016225986182689705,T
valid,key.A.p20.point,delete,273539$_$2,273539,0.0076153129339218,0.0038794676462809,2,0.0037358452876409,A
valid,key.V.p20.point,delete,273539$_$2,273539,0.0015842219193776,0.0008045509457588,2,0.0007796709736187999,V
valid,key.T.p20.point,delete,273539$_$9,273539,0.3114809667070706,0.0662937458480397,50,0.24518722085903089,T
valid,key.A.p20.point,delete,273539$_$9,273539,0.0028078158696492,0.0014405951897303,50,0.0013672206799188998,A
valid,key.V.p20.point,delete,273539$_$9,273539,0.0007239679495493,0.0013568747043609,50,-0.0006329067548116,V
valid,key.J.p20.joint,delete,273539$_$9,273539,0.3162485485275586,0.0421546947956085,50,0.2740938537319501,J
valid,key.T.p20.point,delete,290546$_$3,290546,0.15634275910755,0.1315389713858409,50,0.024803787721709103,T
valid,key.A.p20.point,delete,290546$_$3,290546,0.003629982471466,0.00572186002469,50,-0.002091877553224,A
valid,key.V.p20.point,delete,290546$_$3,290546,0.0123642602314551,0.0059887017204891,50,0.006375558510966,V
valid,key.J.p20.joint,delete,290546$_$3,290546,0.1167345214635133,0.1108215097974365,50,0.005913011666076801,J
valid,key.T.p20.point,delete,290546$_$5,290546,0.1444179664055506,0.0476080257693926,50,0.096809940636158,T
valid,key.A.p20.point,delete,290546$_$5,290546,0.001303474108378,0.0024294125040372,50,-0.0011259383956592002,A
valid,key.V.p20.point,delete,290546$_$5,290546,0.0009361853202184,0.0009756832321484,50,-3.949791192999993e-05,V
valid,key.J.p20.joint,delete,290546$_$5,290546,0.0999353776375452,0.0432321417828401,50,0.0567032358547051,J
valid,key.T.p20.point,delete,290546$_$7,290546,0.069393063429743,0.0556872366384292,50,0.013705826791313797,T
valid,key.A.p20.point,delete,290546$_$7,290546,0.0059215414027373,0.0033459056789676,50,0.0025756357237696997,A
valid,key.V.p20.point,delete,290546$_$7,290546,0.0149844512343406,0.0047523056715726,50,0.010232145562768,V
valid,key.J.p20.joint,delete,290546$_$7,290546,0.0712555255740881,0.0483486805328478,50,0.022906845041240298,J
valid,key.T.p20.point,delete,290546$_$6,290546,0.039602222541968,0.0443040770323326,20,-0.0047018544903646015,T
valid,key.A.p20.point,delete,290546$_$6,290546,0.0011897770067056,0.005123825950755,6,-0.0039340489440494,A
valid,key.V.p20.point,delete,290546$_$6,290546,0.0219660090903441,0.0067546885046694,6,0.015211320585674698,V
valid,key.J.p20.joint,delete,290546$_$6,290546,0.0582686960697174,0.0284945155006079,7,0.0297741805691095,J
valid,key.T.p20.point,delete,2S00zYaVrtc$_$10,2S00zYaVrtc,0.4308800188203652,0.1132752901439865,50,0.3176047286763787,T
valid,key.A.p20.point,delete,2S00zYaVrtc$_$10,2S00zYaVrtc,0.0030299772818883,0.0048730979363123,50,-0.001843120654424,A
valid,key.V.p20.point,delete,2S00zYaVrtc$_$10,2S00zYaVrtc,0.0057602226734161,0.002271351913611,50,0.0034888707598051006,V
valid,key.J.p20.joint,delete,2S00zYaVrtc$_$10,2S00zYaVrtc,0.4577793491383394,0.1205555956275202,50,0.3372237535108192,J
valid,key.T.p20.point,delete,2S00zYaVrtc$_$12,2S00zYaVrtc,0.1333240233361721,0.0221838709215323,50,0.1111401524146398,T
valid,key.A.p20.point,delete,2S00zYaVrtc$_$12,2S00zYaVrtc,0.002234565714995,0.0017228842775026,50,0.0005116814374923999,A
valid,key.V.p20.point,delete,2S00zYaVrtc$_$12,2S00zYaVrtc,0.0009865785638491,0.0004802992443243,50,0.0005062793195248,V
valid,key.J.p20.joint,delete,2S00zYaVrtc$_$12,2S00zYaVrtc,0.1341957431286573,0.0322283540666103,50,0.10196738906204701,J
valid,key.T.p20.point,delete,2S00zYaVrtc$_$20,2S00zYaVrtc,0.1387889782587687,0.0331215087572733,50,0.10566746950149541,T
valid,key.A.p20.point,delete,2S00zYaVrtc$_$20,2S00zYaVrtc,0.0086770157019297,0.0023010259866714,50,0.0063759897152583,A
valid,key.V.p20.point,delete,2S00zYaVrtc$_$20,2S00zYaVrtc,0.0135923624038696,0.0039021395719968,13,0.0096902228318728,V
valid,key.J.p20.joint,delete,2S00zYaVrtc$_$20,2S00zYaVrtc,0.1326954066753387,0.0283094550172487,50,0.10438595165808999,J
valid,key.T.p20.point,delete,2S00zYaVrtc$_$17,2S00zYaVrtc,0.1080995425581932,0.064724822595405,50,0.0433747199627882,T
valid,key.A.p20.point,delete,2S00zYaVrtc$_$17,2S00zYaVrtc,0.0108128736416498,0.0070680258174737,50,0.0037448478241760997,A
valid,key.V.p20.point,delete,2S00zYaVrtc$_$17,2S00zYaVrtc,0.000948945681254,0.0011535991728305,50,-0.00020465349157650005,V
valid,key.J.p20.joint,delete,2S00zYaVrtc$_$17,2S00zYaVrtc,0.0989122663935025,0.0524643824296072,50,0.04644788396389529,J
valid,key.T.p20.point,delete,2S00zYaVrtc$_$5,2S00zYaVrtc,0.0166212618350982,0.074081886660618,50,-0.05746062482551981,T
valid,key.A.p20.point,delete,2S00zYaVrtc$_$5,2S00zYaVrtc,0.0061408330996831,0.0021737938125928,50,0.0039670392870903,A
valid,key.V.p20.point,delete,2S00zYaVrtc$_$5,2S00zYaVrtc,0.0126662949721018,0.0049400770664215,50,0.0077262179056802995,V
valid,key.J.p20.joint,delete,2S00zYaVrtc$_$5,2S00zYaVrtc,0.0253043224414189,0.0777845992178966,50,-0.0524802767764777,J
valid,key.T.p20.point,delete,2S00zYaVrtc$_$4,2S00zYaVrtc,0.3344736906389395,0.0634527836367487,50,0.27102090700219084,T
valid,key.A.p20.point,delete,2S00zYaVrtc$_$4,2S00zYaVrtc,0.001046414176623,0.0029178245862325,50,-0.0018714104096095,A
valid,key.V.p20.point,delete,2S00zYaVrtc$_$4,2S00zYaVrtc,0.0037764559189478,0.0016275425752003,50,0.0021489133437474998,V
valid,key.J.p20.joint,delete,2S00zYaVrtc$_$4,2S00zYaVrtc,0.3392368244628111,0.0666645508352667,50,0.27257227362754444,J
valid,key.T.p20.point,delete,2Xt31_d0XEE$_$2,2Xt31_d0XEE,0.0932645698388417,0.0168291628360748,50,0.0764354070027669,T
valid,key.A.p20.point,delete,2Xt31_d0XEE$_$2,2Xt31_d0XEE,0.0002208352088928,0.0012475796540578,50,-0.0010267444451650001,A
valid,key.V.p20.point,delete,2Xt31_d0XEE$_$2,2Xt31_d0XEE,0.0007907748222351,0.0020196253061294,50,-0.0012288504838943001,V
valid,key.J.p20.joint,delete,2Xt31_d0XEE$_$2,2Xt31_d0XEE,0.094521145025889,0.0131862783432006,50,0.0813348666826884,J
valid,key.T.p20.point,delete,31474$_$11,31474,0.1287529903153578,0.023478797947367,6,0.10527419236799081,T
valid,key.A.p20.point,delete,31474$_$11,31474,0.0048774071037769,0.0022361169879635,6,0.0026412901158134,A
valid,key.V.p20.point,delete,31474$_$11,31474,0.0023606866598129,0.0014251783076259,6,0.0009355083521869999,V
valid,key.J.p20.joint,delete,31474$_$11,31474,0.1293401308357715,0.0239560534763667,6,0.1053840773594048,J
valid,key.T.p20.point,delete,31474$_$14,31474,0.1603179574012756,0.0741710896541675,50,0.08614686774710811,T
valid,key.A.p20.point,delete,31474$_$14,31474,0.0024670859177907,0.002898102402687,50,-0.0004310164848963,A
valid,key.V.p20.point,delete,31474$_$14,31474,0.002119908730189,0.0008788619438807,50,0.0012410467863083001,V
valid,key.J.p20.joint,delete,31474$_$14,31474,0.1616193155447642,0.0468986162543296,50,0.11472069929043459,J
valid,key.T.p20.point,delete,31474$_$0,31474,0.1554306894540786,0.0463800928990046,50,0.10905059655507399,T
valid,key.A.p20.point,delete,31474$_$0,31474,0.0063313196102778,0.0035217811663945,50,0.0028095384438833,A
valid,key.V.p20.point,delete,31474$_$0,31474,0.0033830205599466,0.0019850879907608,50,0.0013979325691857998,V
valid,key.J.p20.joint,delete,31474$_$0,31474,0.1384948839743932,0.0421211712807416,50,0.09637371269365158,J
valid,key.T.p20.point,delete,31474$_$3,31474,0.1019854266196489,0.0395313415505612,50,0.06245408506908771,T
valid,key.A.p20.point,delete,31474$_$3,31474,0.0161146322886149,0.0044968560834725,50,0.0116177762051424,A
valid,key.V.p20.point,delete,31474$_$3,31474,0.0039897933602333,0.0014871383210023,50,0.002502655039231,V
valid,key.J.p20.joint,delete,31474$_$3,31474,0.1082758462677399,0.0370221410629649,50,0.071253705204775,J
valid,key.T.p20.point,delete,31474$_$6,31474,0.5222743401924769,0.0866021967368821,50,0.4356721434555948,T
valid,key.A.p20.point,delete,31474$_$6,31474,0.0007439851760864,0.0013384409745534,50,-0.000594455798467,A
valid,key.V.p20.point,delete,31474$_$6,31474,0.0010598599910736,0.0011264796440417,13,-6.661965296810013e-05,V
valid,key.J.p20.joint,delete,31474$_$6,31474,0.5186934595306715,0.0912227007746696,50,0.4274707587560019,J
valid,key.T.p20.point,delete,31474$_$9,31474,0.562598834435145,0.1040495707343021,20,0.4585492637008429,T
valid,key.A.p20.point,delete,31474$_$9,31474,0.0007656514644622,0.0024166186650594,20,-0.0016509672005972,A
valid,key.V.p20.point,delete,31474$_$9,31474,0.0038795173168182,0.0009975935022036,20,0.0028819238146146,V
valid,key.J.p20.joint,delete,31474$_$9,31474,0.1896993070840835,0.0304189863659086,7,0.1592803207181749,J
valid,key.T.p20.point,delete,31474$_$8,31474,0.2486745119094848,0.0514159639676411,20,0.19725854794184372,T
valid,key.A.p20.point,delete,31474$_$8,31474,0.0053711831569671,0.0021290366848309,20,0.0032421464721362,A
valid,key.V.p20.point,delete,31474$_$8,31474,0.0006241202354431,0.0011430492003758,20,-0.0005189289649327001,V
valid,key.J.p20.joint,delete,31474$_$8,31474,0.1054399013519287,0.0316106194541567,7,0.07382928189777199,J
valid,key.T.p20.point,delete,32681$_$1,32681,0.1056312769651413,0.0586439143493771,50,0.046987362615764194,T
valid,key.A.p20.point,delete,32681$_$1,32681,0.0008084923028945,0.0024403895934422,50,-0.0016318972905477003,A
valid,key.V.p20.point,delete,32681$_$1,32681,0.003670593102773,0.0015970456833932,17,0.0020735474193798002,V
valid,key.J.p20.joint,delete,32681$_$1,32681,0.1082944770654042,0.0753051190970776,50,0.032989357968326596,J
valid,key.T.p20.point,delete,32681$_$3,32681,0.4368614504734675,0.0687969534595807,50,0.3680644970138868,T
valid,key.A.p20.point,delete,32681$_$3,32681,0.0010342995325724,0.0017760135730107,50,-0.0007417140404382999,A
valid,key.V.p20.point,delete,32681$_$3,32681,0.0015625258286794,0.0007079768180847,50,0.0008545490105946999,V
valid,key.J.p20.joint,delete,32681$_$3,32681,0.4637270544966062,0.0987340737879276,50,0.3649929807086786,J
valid,key.T.p20.point,delete,32681$_$5,32681,0.081443707148234,0.0173877058426539,50,0.06405600130558009,T
valid,key.A.p20.point,delete,32681$_$5,32681,0.0028679569562276,0.0013018478949864,50,0.0015661090612412003,A
valid,key.V.p20.point,delete,32681$_$5,32681,0.0033888320128122,0.0012757444381713,50,0.0021130875746409004,V
valid,key.J.p20.joint,delete,32681$_$5,32681,0.0370931029319763,0.0184584298729896,50,0.0186346730589867,J
valid,key.T.p20.point,delete,32681$_$6,32681,0.314794826010863,0.1233080937899649,50,0.1914867322208981,T
valid,key.A.p20.point,delete,32681$_$6,32681,0.0090970695018768,0.0036607951919237,50,0.005436274309953099,A
valid,key.V.p20.point,delete,32681$_$6,32681,0.0012411177158355,0.0011927790443102,50,4.833867152529998e-05,V
valid,key.J.p20.joint,delete,32681$_$6,32681,0.0685321191946665,0.107972781608502,50,-0.03944066241383551,J
valid,key.T.p20.point,delete,33170$_$1,33170,0.0641069114208221,0.0339062702973994,50,0.030200641123422703,T
valid,key.A.p20.point,delete,33170$_$1,33170,0.0026090256869792,0.0028794196868936,50,-0.0002703939999143998,A
valid,key.V.p20.point,delete,33170$_$1,33170,0.0041408489147822,0.0014932644118865,50,0.0026475845028956996,V
valid,key.J.p20.joint,delete,33170$_$1,33170,0.0720516393582026,0.0354246609533826,50,0.036626978404819995,J
valid,key.T.p20.point,delete,33170$_$3,33170,0.3837563370664914,0.1473304231092334,50,0.23642591395725804,T
valid,key.A.p20.point,delete,33170$_$3,33170,0.0014109139641125,0.004716628541549,50,-0.0033057145774364996,A
valid,key.V.p20.point,delete,33170$_$3,33170,0.0025123159090677,0.0016356420516967,50,0.0008766738573709998,V
valid,key.J.p20.joint,delete,33170$_$3,33170,0.4007907174527645,0.1547614357496301,50,0.2460292817031344,J
valid,key.T.p20.point,delete,33170$_$4,33170,0.3221140839159488,0.0612522815416256,50,0.2608618023743232,T
valid,key.A.p20.point,delete,33170$_$4,33170,0.0024963319301605,0.0030595691998799,50,-0.0005632372697193999,A
valid,key.V.p20.point,delete,33170$_$4,33170,0.001361479361852,0.0009978250662485,50,0.00036365429560349994,V
valid,key.J.p20.joint,delete,33170$_$4,33170,0.4826777900258699,0.0564045572280883,50,0.4262732327977816,J
valid,key.T.p20.point,delete,3MFNIag0wNE$_$12,3MFNIag0wNE,0.0467345776657263,0.1466974495708321,50,-0.0999628719051058,T
valid,key.A.p20.point,delete,3MFNIag0wNE$_$12,3MFNIag0wNE,0.009217028816541,0.0041410551220178,50,0.0050759736945232,A
valid,key.V.p20.point,delete,3MFNIag0wNE$_$12,3MFNIag0wNE,0.0028506579498449,0.002005306109786,50,0.0008453518400589003,V
valid,key.J.p20.joint,delete,3MFNIag0wNE$_$12,3MFNIag0wNE,0.1059038291374842,0.1188515585567802,50,-0.012947729419296006,J
valid,key.T.p20.point,delete,3MFNIag0wNE$_$14,3MFNIag0wNE,0.0389171838760376,0.018901045123736,50,0.0200161387523016,T
valid,key.A.p20.point,delete,3MFNIag0wNE$_$14,3MFNIag0wNE,0.0009633004665374,0.0010046966870625,50,-4.139622052509999e-05,A
valid,key.V.p20.point,delete,3MFNIag0wNE$_$14,3MFNIag0wNE,0.001298576593399,0.0006041624148686,50,0.0006944141785304,V
valid,key.J.p20.joint,delete,3MFNIag0wNE$_$14,3MFNIag0wNE,0.0408768852551778,0.015589294830958,50,0.025287590424219797,J
valid,key.T.p20.point,delete,3MFNIag0wNE$_$16,3MFNIag0wNE,0.189227670431137,0.0465479256709416,50,0.1426797447601954,T
valid,key.A.p20.point,delete,3MFNIag0wNE$_$16,3MFNIag0wNE,0.0016665756702423,0.0018707267443339,50,-0.0002041510740915999,A
valid,key.V.p20.point,delete,3MFNIag0wNE$_$16,3MFNIag0wNE,0.0006208419799804,0.0013378026088078,50,-0.0007169606288274001,V
valid,key.J.p20.joint,delete,3MFNIag0wNE$_$16,3MFNIag0wNE,0.1911205252011617,0.0430395229657491,50,0.1480810022354126,J
valid,key.T.p20.point,delete,3MFNIag0wNE$_$7,3MFNIag0wNE,0.1225395301977793,0.1332254839657495,50,-0.010685953767970213,T
valid,key.A.p20.point,delete,3MFNIag0wNE$_$7,3MFNIag0wNE,0.0013180781776706,0.003149619011286,50,-0.0018315408336154002,A
valid,key.V.p20.point,delete,3MFNIag0wNE$_$7,3MFNIag0wNE,0.0006955343609054,0.0015449054434429,50,-0.0008493710825375001,V
valid,key.J.p20.joint,delete,3MFNIag0wNE$_$7,3MFNIag0wNE,0.1178771058718363,0.1338171872372428,50,-0.01594008136540652,J
valid,key.T.p20.point,delete,3V2qm0rw920$_$11,3V2qm0rw920,0.0333101588767021,0.0424051262420835,50,-0.009094967365381401,T
valid,key.A.p20.point,delete,3V2qm0rw920$_$11,3V2qm0rw920,0.001217403061067,0.0031510093295946,50,-0.0019336062685276002,A
valid,key.V.p20.point,delete,3V2qm0rw920$_$11,3V2qm0rw920,0.0022036380444963,0.0046690694518232,50,-0.0024654314073269,V
valid,key.J.p20.joint,delete,3V2qm0rw920$_$11,3V2qm0rw920,0.039911299633483,0.0347562989095846,50,0.005155000723898399,J
valid,key.T.p20.point,delete,3V2qm0rw920$_$13,3V2qm0rw920,0.0958089778820673,0.0095493827263514,50,0.08625959515571589,T
valid,key.A.p20.point,delete,3V2qm0rw920$_$13,3V2qm0rw920,0.0025623937447865,0.0017043892542521,50,0.0008580044905343999,A
valid,key.V.p20.point,delete,3V2qm0rw920$_$13,3V2qm0rw920,0.0097252825895945,0.0022405461470286,50,0.007484736442565899,V
valid,key.J.p20.joint,delete,3V2qm0rw920$_$13,3V2qm0rw920,0.096024086078008,0.0072382519642512,50,0.0887858341137568,J
valid,key.T.p20.point,delete,3V2qm0rw920$_$3,3V2qm0rw920,0.145634235193332,0.0313429189225037,50,0.11429131627082828,T
valid,key.A.p20.point,delete,3V2qm0rw920$_$3,3V2qm0rw920,0.0017369240522384,0.0022487958272298,50,-0.0005118717749913999,A
valid,key.V.p20.point,delete,3V2qm0rw920$_$3,3V2qm0rw920,0.0151632577180862,0.0037324779232343,50,0.0114307797948519,V
valid,key.J.p20.joint,delete,3V2qm0rw920$_$3,3V2qm0rw920,0.1422257473071416,0.0313584780444701,50,0.1108672692626715,J
valid,key.T.p20.point,delete,3j94B0pzSVs$_$12,3j94B0pzSVs,0.022442951798439,0.0313878084719181,50,-0.008944856673479096,T
valid,key.A.p20.point,delete,3j94B0pzSVs$_$12,3j94B0pzSVs,0.0011532704035441,0.001497802088658,50,-0.0003445316851139,A
valid,key.V.p20.point,delete,3j94B0pzSVs$_$12,3j94B0pzSVs,0.0036175201336542,0.0012135523060957,10,0.0024039678275585,V
valid,key.J.p20.joint,delete,3j94B0pzSVs$_$12,3j94B0pzSVs,0.0219330638647079,0.0295211721460024,50,-0.007588108281294498,J
valid,key.T.p20.point,delete,3j94B0pzSVs$_$17,3j94B0pzSVs,0.0352635383605957,0.0627542932331561,50,-0.02749075487256039,T
valid,key.A.p20.point,delete,3j94B0pzSVs$_$17,3j94B0pzSVs,0.0197411974271138,0.0066561799248059,50,0.013085017502307901,A
valid,key.V.p20.point,delete,3j94B0pzSVs$_$17,3j94B0pzSVs,0.0027362257242202,0.0012386414408683,50,0.0014975842833519,V
valid,key.J.p20.joint,delete,3j94B0pzSVs$_$17,3j94B0pzSVs,0.0282936245203018,0.0700787352522214,50,-0.041785110731919595,J
valid,key.T.p20.point,delete,3j94B0pzSVs$_$1,3j94B0pzSVs,0.0563225898270805,0.0449395951467643,50,0.0113829946803162,T
valid,key.A.p20.point,delete,3j94B0pzSVs$_$1,3j94B0pzSVs,0.0157882682979106,0.0062388184790809,50,0.0095494498188297,A
valid,key.V.p20.point,delete,3j94B0pzSVs$_$1,3j94B0pzSVs,0.0044552333032091,0.003076945412904,50,0.0013782878903050998,V
valid,key.J.p20.joint,delete,3j94B0pzSVs$_$1,3j94B0pzSVs,0.0690213317672411,0.0452240201706687,50,0.023797311596572397,J
valid,key.T.p20.point,delete,3j94B0pzSVs$_$0,3j94B0pzSVs,0.0726495645940303,0.0332505741467078,50,0.0393989904473225,T
valid,key.A.p20.point,delete,3j94B0pzSVs$_$0,3j94B0pzSVs,0.0146461899081865,0.0067612882703542,24,0.0078849016378323,A
valid,key.V.p20.point,delete,3j94B0pzSVs$_$0,3j94B0pzSVs,0.0120427931348482,0.0020296111702919,50,0.010013181964556299,V
valid,key.J.p20.joint,delete,3j94B0pzSVs$_$0,3j94B0pzSVs,0.0802690250178178,0.0363274723105132,50,0.0439415527073046,J
valid,key.T.p20.point,delete,4cFeG2ydm9A$_$8,4cFeG2ydm9A,0.1025585035483042,0.0295417908674631,13,0.0730167126808411,T
valid,key.A.p20.point,delete,4cFeG2ydm9A$_$8,4cFeG2ydm9A,0.0011691550413767,0.0017046672105789,50,-0.0005355121692021999,A
valid,key.V.p20.point,delete,4cFeG2ydm9A$_$8,4cFeG2ydm9A,0.003349353869756,0.0013796236270513,13,0.0019697302427047004,V
valid,key.J.p20.joint,delete,4cFeG2ydm9A$_$8,4cFeG2ydm9A,0.1030235191186269,0.0297551965102171,13,0.07326832260840979,J
valid,key.T.p20.point,delete,4dV3slGSc60$_$10,4dV3slGSc60,0.1396796926856041,0.0280838708082834,50,0.1115958218773207,T
valid,key.A.p20.point,delete,4dV3slGSc60$_$10,4dV3slGSc60,0.0103575885295867,0.0053766979773839,50,0.0049808905522028,A
valid,key.V.p20.point,delete,4dV3slGSc60$_$10,4dV3slGSc60,0.0058581829071044,0.0026822519302368,50,0.0031759309768676003,V
valid,key.J.p20.joint,delete,4dV3slGSc60$_$10,4dV3slGSc60,0.1662324965000152,0.0279992801944414,50,0.1382332163055738,J
valid,key.T.p20.point,delete,4dV3slGSc60$_$12,4dV3slGSc60,0.0093771616617838,0.0302264765401681,50,-0.0208493148783843,T
valid,key.A.p20.point,delete,4dV3slGSc60$_$12,4dV3slGSc60,0.0047308206558227,0.0033073038856188,50,0.0014235167702039003,A
valid,key.V.p20.point,delete,4dV3slGSc60$_$12,4dV3slGSc60,0.0048739810784657,0.0040014548103014,50,0.0008725262681643,V
valid,key.J.p20.joint,delete,4dV3slGSc60$_$12,4dV3slGSc60,0.0022631635268529,0.0292249954740206,50,-0.0269618319471677,J
valid,key.T.p20.point,delete,4dV3slGSc60$_$22,4dV3slGSc60,0.0850723683834075,0.0489512771119674,50,0.036121091271440094,T
valid,key.A.p20.point,delete,4dV3slGSc60$_$22,4dV3slGSc60,0.0015004972616831,0.0011857629815737,50,0.0003147342801094,A
valid,key.J.p20.joint,delete,4dV3slGSc60$_$22,4dV3slGSc60,0.0778479973475138,0.0712369986871878,50,0.006610998660325995,J
valid,key.T.p20.point,delete,4dV3slGSc60$_$9,4dV3slGSc60,0.0995937486489613,0.0382256982723871,50,0.061368050376574196,T
valid,key.A.p20.point,delete,4dV3slGSc60$_$9,4dV3slGSc60,0.0014672577381134,0.0037260206540425,50,-0.0022587629159291,A
valid,key.V.p20.point,delete,4dV3slGSc60$_$9,4dV3slGSc60,0.0016344984372456,0.0011230224370956,50,0.0005114760001500001,V
valid,key.J.p20.joint,delete,4dV3slGSc60$_$9,4dV3slGSc60,0.1052471747001012,0.0383855030934015,50,0.0668616716066997,J
valid,key.T.p20.point,delete,4dV3slGSc60$_$8,4dV3slGSc60,0.2010961274305979,0.057033636457442,50,0.1440624909731559,T
valid,key.A.p20.point,delete,4dV3slGSc60$_$8,4dV3slGSc60,0.0004732211430867,0.00313485622406,50,-0.0026616350809733,A
valid,key.V.p20.point,delete,4dV3slGSc60$_$8,4dV3slGSc60,0.0088015596071879,0.0030817971626917,50,0.0057197624444962,V
valid,key.J.p20.joint,delete,4dV3slGSc60$_$8,4dV3slGSc60,0.1623380680878957,0.0319675918420155,50,0.1303704762458802,J
valid,key.T.p20.point,delete,50103$_$3,50103,0.066295325756073,0.0095738861958185,50,0.056721439560254494,T
valid,key.A.p20.point,delete,50103$_$3,50103,0.0019703606764475,0.0009367630879084,50,0.0010335975885391,A
valid,key.V.p20.point,delete,50103$_$3,50103,0.0003436207771301,0.0005088645219802,50,-0.00016524374485009998,V
valid,key.J.p20.joint,delete,50103$_$3,50103,0.0676816701889038,0.0145478687683741,50,0.053133801420529696,J
valid,key.T.p20.point,delete,5B0PQx3Ep3k$_$5,5B0PQx3Ep3k,0.0176846881707509,0.025217066903909,50,-0.0075323787331580995,T
valid,key.A.p20.point,delete,5B0PQx3Ep3k$_$5,5B0PQx3Ep3k,0.0050772031148274,0.0022059267759323,50,0.0028712763388950998,A
valid,key.V.p20.point,delete,5B0PQx3Ep3k$_$5,5B0PQx3Ep3k,0.0012198189894358,0.0021159988641738,50,-0.0008961798747379999,V
valid,key.J.p20.joint,delete,5B0PQx3Ep3k$_$5,5B0PQx3Ep3k,0.0328050057093302,0.0241822642087936,50,0.008622741500536598,J
valid,key.T.p20.point,delete,5O1W39o56gg$_$1,5O1W39o56gg,0.0780639598766962,0.0299755371113618,50,0.048088422765334406,T
valid,key.A.p20.point,delete,5O1W39o56gg$_$1,5O1W39o56gg,0.0019622296094894,0.0032398463785648,50,-0.0012776167690753998,A
valid,key.V.p20.point,delete,5O1W39o56gg$_$1,5O1W39o56gg,0.0197632312774658,0.0068381987015406,50,0.0129250325759252,V
valid,key.J.p20.joint,delete,5O1W39o56gg$_$1,5O1W39o56gg,0.1005085408687591,0.0226923969884713,50,0.07781614388028779,J
valid,key.T.p20.point,delete,5O1W39o56gg$_$2,5O1W39o56gg,0.1275795307010412,0.054254456727455,50,0.0733250739735862,T
valid,key.A.p20.point,delete,5O1W39o56gg$_$2,5O1W39o56gg,0.0022328446308771,0.0029640568296114,50,-0.0007312121987343,A
valid,key.V.p20.point,delete,5O1W39o56gg$_$2,5O1W39o56gg,0.0048882439732551,0.0027950127919514,50,0.0020932311813037004,V
valid,key.J.p20.joint,delete,5O1W39o56gg$_$2,5O1W39o56gg,0.1245803708831469,0.055174071653746,50,0.06940629922940089,J
valid,key.T.p20.point,delete,5O1W39o56gg$_$9,5O1W39o56gg,0.2796315252780914,0.0768724144498507,50,0.20275911082824066,T
valid,key.A.p20.point,delete,5O1W39o56gg$_$9,5O1W39o56gg,0.0027645230293273,0.0017914722363154,50,0.0009730507930119001,A
valid,key.V.p20.point,delete,5O1W39o56gg$_$9,5O1W39o56gg,0.0146322498718897,0.0056597300701671,12,0.0089725198017226,V
valid,key.J.p20.joint,delete,5O1W39o56gg$_$9,5O1W39o56gg,0.2838980530699094,0.0766153366863727,50,0.20728271638353668,J
valid,key.T.p20.point,delete,5i6AgQSjXO4$_$3,5i6AgQSjXO4,0.0995964308579762,0.0290409170339504,50,0.0705555138240258,T
valid,key.A.p20.point,delete,5i6AgQSjXO4$_$3,5i6AgQSjXO4,0.0104651351769765,0.003888669013977,50,0.0065764661629995,A
valid,key.V.p20.point,delete,5i6AgQSjXO4$_$3,5i6AgQSjXO4,0.0047339250644048,0.0020954932272434,50,0.0026384318371614,V
valid,key.J.p20.joint,delete,5i6AgQSjXO4$_$3,5i6AgQSjXO4,0.0974302738904953,0.0261394277215003,50,0.071290846168995,J
valid,key.T.p20.point,delete,5i6AgQSjXO4$_$2,5i6AgQSjXO4,0.0280365794897079,0.0654423941175142,50,-0.03740581462780629,T
valid,key.A.p20.point,delete,5i6AgQSjXO4$_$2,5i6AgQSjXO4,0.0085527499516805,0.0030439790089925,50,0.005508770942688,A
valid,key.V.p20.point,delete,5i6AgQSjXO4$_$2,5i6AgQSjXO4,0.007144421339035,0.0023021400968233,50,0.004842281242211701,V
valid,key.J.p20.joint,delete,5i6AgQSjXO4$_$2,5i6AgQSjXO4,0.032372161746025,0.0635351471602916,50,-0.031162985414266597,J
valid,key.T.p20.point,delete,5i6AgQSjXO4$_$6,5i6AgQSjXO4,0.0190698951482772,0.0681954553827965,27,-0.049125560234519305,T
valid,key.A.p20.point,delete,5i6AgQSjXO4$_$6,5i6AgQSjXO4,0.0247393411894639,0.0091972700320184,7,0.0155420711574455,A
valid,key.V.p20.point,delete,5i6AgQSjXO4$_$6,5i6AgQSjXO4,0.0003673750907182,0.0012556264337934,27,-0.0008882513430752,V
valid,key.J.p20.joint,delete,5i6AgQSjXO4$_$6,5i6AgQSjXO4,0.1027763572831948,0.0382135322142858,8,0.06456282506890901,J
valid,key.T.p20.point,delete,5kaCGzjYukM$_$0,5kaCGzjYukM,0.0654423721134662,0.0428351546494135,50,0.02260721746405269,T
valid,key.A.p20.point,delete,5kaCGzjYukM$_$0,5kaCGzjYukM,0.0046200528740882,0.0037097666288415,50,0.0009102862452466999,A
valid,key.V.p20.point,delete,5kaCGzjYukM$_$0,5kaCGzjYukM,0.0126849934458732,0.0050349354495604,50,0.0076500579963128,V
valid,key.J.p20.joint,delete,5kaCGzjYukM$_$0,5kaCGzjYukM,0.0665088507036368,0.0356227869722837,50,0.030886063731353094,J
valid,key.T.p20.point,delete,5kaCGzjYukM$_$3,5kaCGzjYukM,0.0942189581692218,0.0579605606943369,50,0.03625839747488489,T
valid,key.A.p20.point,delete,5kaCGzjYukM$_$3,5kaCGzjYukM,0.0042517284552256,0.0023314869403839,50,0.0019202415148417001,A
valid,key.V.p20.point,delete,5kaCGzjYukM$_$3,5kaCGzjYukM,0.006765604019165,0.0024830757668524,22,0.0042825282523126,V
valid,key.J.p20.joint,delete,5kaCGzjYukM$_$3,5kaCGzjYukM,0.0987303939958413,0.0661631232748429,50,0.032567270720998395,J
valid,key.T.p20.point,delete,5kaCGzjYukM$_$2,5kaCGzjYukM,0.2713048905134201,0.0789982326421886,50,0.19230665787123152,T
valid,key.A.p20.point,delete,5kaCGzjYukM$_$2,5kaCGzjYukM,0.0121690432230631,0.00298163463672,50,0.0091874085863431,A
valid,key.V.p20.point,delete,5kaCGzjYukM$_$2,5kaCGzjYukM,0.0018678704897562,0.000749864578247,50,0.0011180059115092,V
valid,key.J.p20.joint,delete,5kaCGzjYukM$_$2,5kaCGzjYukM,0.2684641648083925,0.0676875698566436,50,0.20077659495174893,J
valid,key.T.p20.point,delete,5kaCGzjYukM$_$5,5kaCGzjYukM,0.1876274347305297,0.0757013781741261,50,0.1119260565564036,T
valid,key.A.p20.point,delete,5kaCGzjYukM$_$5,5kaCGzjYukM,0.0071793595949808,0.0030327786008516,50,0.0041465809941291995,A
valid,key.V.p20.point,delete,5kaCGzjYukM$_$5,5kaCGzjYukM,0.0017750958601633,0.0011403416593869,50,0.0006347542007764,V
valid,key.J.p20.joint,delete,5kaCGzjYukM$_$5,5kaCGzjYukM,0.1850483094652494,0.0778417574365933,50,0.10720655202865609,J
valid,key.T.p20.point,delete,5kaCGzjYukM$_$7,5kaCGzjYukM,0.0384949718912442,0.0734794836925963,50,-0.0349845118013521,T
valid,key.A.p20.point,delete,5kaCGzjYukM$_$7,5kaCGzjYukM,0.0015198638041814,0.002781167179346,50,-0.0012613033751646,A
valid,key.V.p20.point,delete,5kaCGzjYukM$_$7,5kaCGzjYukM,0.0112848579883575,0.0050930392245451,50,0.0061918187638124005,V
valid,key.J.p20.joint,delete,5kaCGzjYukM$_$7,5kaCGzjYukM,0.0541032999753952,0.071826619299439,50,-0.017723319324043793,J
valid,key.T.p20.point,delete,6KvG5VbLalY$_$9,6KvG5VbLalY,0.0113707656661669,0.0231775386433582,50,-0.0118067729771913,T
valid,key.A.p20.point,delete,6KvG5VbLalY$_$9,6KvG5VbLalY,0.0057224556803703,0.0031092795481284,50,0.0026131761322418998,A
valid,key.V.p20.point,delete,6KvG5VbLalY$_$9,6KvG5VbLalY,0.001924492418766,0.0013655893504619,50,0.0005589030683041001,V
valid,key.J.p20.joint,delete,6KvG5VbLalY$_$9,6KvG5VbLalY,0.008995272219181,0.02621295252194,50,-0.017217680302758998,J
valid,key.T.p20.point,delete,6ZA8I83x-oY$_$0,6ZA8I83x-oY,0.2167091369628906,0.0443193888664245,50,0.1723897480964661,T
valid,key.A.p20.point,delete,6ZA8I83x-oY$_$0,6ZA8I83x-oY,0.0055561661720275,0.0036629435420036,50,0.0018932226300239002,A
valid,key.V.p20.point,delete,6ZA8I83x-oY$_$0,6ZA8I83x-oY,0.0094659328460693,0.003913243887601,18,0.0055526889584683,V
valid,key.J.p20.joint,delete,6ZA8I83x-oY$_$0,6ZA8I83x-oY,0.174475610256195,0.0288351971904436,50,0.14564041306575143,J
valid,key.T.p20.point,delete,6ZA8I83x-oY$_$2,6ZA8I83x-oY,0.0373061895370483,0.014363956451416,50,0.0229422330856323,T
valid,key.A.p20.point,delete,6ZA8I83x-oY$_$2,6ZA8I83x-oY,0.0019596318403879,0.0013106205066045,50,0.0006490113337834001,A
valid,key.V.p20.point,delete,6ZA8I83x-oY$_$2,6ZA8I83x-oY,0.016002615292867,0.0048206092913945,50,0.0111820060014725,V
valid,key.J.p20.joint,delete,6ZA8I83x-oY$_$2,6ZA8I83x-oY,0.0894527236620585,0.0186484823624293,50,0.0708042412996292,J
valid,key.T.p20.point,delete,6hFiTU77Sm0$_$1,6hFiTU77Sm0,0.0527367914716402,0.0530694290002186,50,-0.0003326375285784,T
valid,key.A.p20.point,delete,6hFiTU77Sm0$_$1,6hFiTU77Sm0,0.0046936869621276,0.0050220343470573,50,-0.00032834738492970063,A
valid,key.V.p20.point,delete,6hFiTU77Sm0$_$1,6hFiTU77Sm0,0.0596276397506395,0.0173215572581146,11,0.0423060824925249,V
valid,key.J.p20.joint,delete,6hFiTU77Sm0$_$1,6hFiTU77Sm0,0.0183287784457206,0.0338702866931756,50,-0.015541508247455,J
valid,key.T.p20.point,delete,6hFiTU77Sm0$_$2,6hFiTU77Sm0,0.1216966932018597,0.0386814878058309,50,0.0830152053960288,T
valid,key.A.p20.point,delete,6hFiTU77Sm0$_$2,6hFiTU77Sm0,0.008246824145317,0.004354868370753,13,0.0038919557745639996,A
valid,key.V.p20.point,delete,6hFiTU77Sm0$_$2,6hFiTU77Sm0,0.004315899995466,0.0019744879752397,50,0.0023414120202263004,V
valid,key.J.p20.joint,delete,6hFiTU77Sm0$_$2,6hFiTU77Sm0,0.1196345860759417,0.0286459653141597,50,0.09098862076178199,J
valid,key.T.p20.point,delete,6uPGcKTpC4I$_$1,6uPGcKTpC4I,0.0089369813601175,0.0466982408612966,50,-0.0377612595011791,T
valid,key.A.p20.point,delete,6uPGcKTpC4I$_$1,6uPGcKTpC4I,0.0074318796396255,0.0018702670931816,50,0.0055616125464439,A
valid,key.V.p20.point,delete,6uPGcKTpC4I$_$1,6uPGcKTpC4I,0.0022861510515213,0.0021339655915896,50,0.00015218545993169992,V
valid,key.J.p20.joint,delete,6uPGcKTpC4I$_$1,6uPGcKTpC4I,0.0110246340433756,0.0497001763929923,50,-0.0386755423496167,J
valid,key.T.p20.point,delete,6uPGcKTpC4I$_$2,6uPGcKTpC4I,0.0303107847770055,0.0394102563336491,50,-0.0090994715566436,T
valid,key.A.p20.point,delete,6uPGcKTpC4I$_$2,6uPGcKTpC4I,0.0023012285431226,0.0032510003447532,50,-0.0009497718016305999,A
valid,key.V.p20.point,delete,6uPGcKTpC4I$_$2,6uPGcKTpC4I,0.0004438112179438,0.0033814782400925,50,-0.0029376670221487,V
valid,key.J.p20.joint,delete,6uPGcKTpC4I$_$2,6uPGcKTpC4I,0.0301492015520731,0.0399003186697761,50,-0.009751117117703,J
valid,key.T.p20.point,delete,6uPGcKTpC4I$_$6,6uPGcKTpC4I,0.2348357972999414,0.0490376987556616,50,0.18579809854427978,T
valid,key.A.p20.point,delete,6uPGcKTpC4I$_$6,6uPGcKTpC4I,0.0038793583710988,0.0034616586565971,50,0.0004176997145017001,A
valid,key.V.p20.point,delete,6uPGcKTpC4I$_$6,6uPGcKTpC4I,0.0020806491374969,0.0017018544673919,50,0.00037879467010500014,V
valid,key.J.p20.joint,delete,6uPGcKTpC4I$_$6,6uPGcKTpC4I,0.2376688222090403,0.0604458902279535,50,0.1772229319810868,J
valid,key.T.p20.point,delete,70280$_$11,70280,0.2199352607131004,0.0652891532331705,50,0.1546461074799299,T
valid,key.A.p20.point,delete,70280$_$11,70280,0.0046288073062896,0.0021510583162307,50,0.0024777489900589,A
valid,key.V.p20.point,delete,70280$_$11,70280,0.000998963912328,0.0005192393064498,50,0.0004797246058782001,V
valid,key.J.p20.joint,delete,70280$_$11,70280,0.2751133690277735,0.070184427772959,50,0.2049289412548145,J
valid,key.T.p20.point,delete,70280$_$3,70280,0.1060405432557066,0.0538175117084756,50,0.05222303154723099,T
valid,key.A.p20.point,delete,70280$_$3,70280,0.001543873300155,0.0020692027856906,50,-0.0005253294855355997,A
valid,key.V.p20.point,delete,70280$_$3,70280,0.0011347370843092,0.0007274193068345,50,0.0004073177774747001,V
valid,key.J.p20.joint,delete,70280$_$3,70280,0.1037098357143501,0.0579181919735856,50,0.04579164374076449,J
valid,key.T.p20.point,delete,70280$_$4,70280,0.0557724138100942,0.0976228081900626,50,-0.041850394379968396,T
valid,key.A.p20.point,delete,70280$_$4,70280,0.0036526868740717,0.004870387862126,50,-0.0012177009880543002,A
valid,key.V.p20.point,delete,70280$_$4,70280,0.0056413610776265,0.0027664403120676,18,0.0028749207655589,V
valid,key.J.p20.joint,delete,70280$_$4,70280,0.0996192718545595,0.1091538668610155,50,-0.009534595006455995,J
valid,key.T.p20.point,delete,70280$_$6,70280,0.3203519073625405,0.0456109358867009,50,0.2747409714758396,T
valid,key.A.p20.point,delete,70280$_$6,70280,0.0020840863386789,0.0015947417418162,50,0.0004893445968627002,A
valid,key.V.p20.point,delete,70280$_$6,70280,8.646647135416667e-05,0.0002409076690673,50,-0.0001544411977131333,V
valid,key.J.p20.joint,delete,70280$_$6,70280,0.3219294150670369,0.0295267673333485,50,0.29240264773368835,J
valid,key.T.p20.point,delete,75RGHaxmUK8$_$3,75RGHaxmUK8,0.0600352237621943,0.0264961096147696,50,0.0335391141474247,T
valid,key.A.p20.point,delete,75RGHaxmUK8$_$3,75RGHaxmUK8,0.0026540060838063,0.0028652375936508,50,-0.00021123150984450004,A
valid,key.V.p20.point,delete,75RGHaxmUK8$_$3,75RGHaxmUK8,0.0061888694763183,0.0029428392648696,15,0.0032460302114487006,V
valid,key.J.p20.joint,delete,75RGHaxmUK8$_$3,75RGHaxmUK8,0.0213443612058957,0.0210721724728743,50,0.0002721887330214001,J
valid,key.T.p20.point,delete,75RGHaxmUK8$_$5,75RGHaxmUK8,0.0049837250262498,0.0161274484420816,50,-0.0111437234158318,T
valid,key.A.p20.point,delete,75RGHaxmUK8$_$5,75RGHaxmUK8,0.0016151368618011,0.0024855141093333,50,-0.0008703772475322001,A
valid,key.V.p20.point,delete,75RGHaxmUK8$_$5,75RGHaxmUK8,0.0016487414638201,0.001645808070898,50,2.933392922099907e-06,V
valid,key.J.p20.joint,delete,75RGHaxmUK8$_$5,75RGHaxmUK8,0.0416131832947333,0.0110065217564503,50,0.030606661538283,J
valid,key.T.p20.point,delete,7_K3F-lAv1k$_$2,7_K3F-lAv1k,0.0078046172857284,0.0621810828149318,50,-0.0543764655292034,T
valid,key.A.p20.point,delete,7_K3F-lAv1k$_$2,7_K3F-lAv1k,0.00277641415596,0.0022665405273437,50,0.0005098736286163002,A
valid,key.V.p20.point,delete,7_K3F-lAv1k$_$2,7_K3F-lAv1k,0.0204381744066874,0.0052832547823588,50,0.015154919624328599,V
valid,key.J.p20.joint,delete,7_K3F-lAv1k$_$2,7_K3F-lAv1k,0.0185692856709162,0.0400123444696267,50,-0.021443058798710498,J
valid,key.T.p20.point,delete,7r4vRxKLFCA$_$6,7r4vRxKLFCA,0.0167406996091206,0.0227500759561856,50,-0.006009376347065002,T
valid,key.A.p20.point,delete,7r4vRxKLFCA$_$6,7r4vRxKLFCA,0.0041987895965576,0.0019729862610499,50,0.0022258033355077,A
valid,key.V.p20.point,delete,7r4vRxKLFCA$_$6,7r4vRxKLFCA,0.0101411491632461,0.0057451997200647,50,0.004395949443181399,V
valid,key.J.p20.joint,delete,7r4vRxKLFCA$_$6,7r4vRxKLFCA,0.0133497218290964,0.0220440104603767,50,-0.008694288631280302,J
valid,key.T.p20.point,delete,80566$_$1,80566,0.159517136712869,0.0680905225376287,50,0.09142661417524028,T
valid,key.A.p20.point,delete,80566$_$1,80566,0.0024615426858266,0.0027690647045771,50,-0.00030752201875050003,A
valid,key.V.p20.point,delete,80566$_$1,80566,0.0014443844556808,0.0017572069032625,44,-0.00031282244758170014,V
valid,key.J.p20.joint,delete,80566$_$1,80566,0.0864882121483485,0.0479278011868397,8,0.03856041096150879,J
valid,key.T.p20.point,delete,80566$_$0,80566,0.0640469087908665,0.0256153905764222,50,0.038431518214444294,T
valid,key.A.p20.point,delete,80566$_$0,80566,0.0065161064267158,0.0034038696438074,50,0.0031122367829083996,A
valid,key.V.p20.point,delete,80566$_$0,80566,0.0010938271880149,0.0016118314862251,50,-0.0005180042982102001,V
valid,key.J.p20.joint,delete,80566$_$0,80566,0.0653212486455838,0.0268934178973237,50,0.03842783074826009,J
valid,key.T.p20.point,delete,80566$_$3,80566,0.0825566314160823,0.0269734029487396,50,0.0555832284673427,T
valid,key.A.p20.point,delete,80566$_$3,80566,0.0070766266435384,0.0046188187040388,50,0.0024578079394996,A
valid,key.V.p20.point,delete,80566$_$3,80566,0.0019631292670965,0.0011920503154397,50,0.0007710789516567999,V
valid,key.J.p20.joint,delete,80566$_$3,80566,0.0808452653388182,0.0219081344160561,50,0.05893713092276209,J
valid,key.T.p20.point,delete,80566$_$2,80566,0.1281079550584157,0.0534071611364682,50,0.0747007939219475,T
valid,key.A.p20.point,delete,80566$_$2,80566,0.0035873055458068,0.0026191433270772,50,0.0009681622187296002,A
valid,key.V.p20.point,delete,80566$_$2,80566,0.0073752303918202,0.0027681746085484,50,0.0046070557832718,V
valid,key.J.p20.joint,delete,80566$_$2,80566,0.0286266207695007,0.0336742951638168,12,-0.005047674394316099,J
valid,key.T.p20.point,delete,80566$_$4,80566,0.3178349382554491,0.0493178334501054,6,0.26851710480534374,T
valid,key.A.p20.point,delete,80566$_$4,80566,0.0058002571264902,0.0027768893374337,6,0.0030233677890564997,A
valid,key.V.p20.point,delete,80566$_$4,80566,0.0048980414867401,0.0025702450010511,6,0.0023277964856890003,V
valid,key.J.p20.joint,delete,80566$_$4,80566,0.3191016965235273,0.049229073855612,6,0.26987262266791534,J
valid,key.T.p20.point,delete,80566$_$6,80566,0.4410493224859237,0.1117580532158414,50,0.32929126927008234,T
valid,key.A.p20.point,delete,80566$_$6,80566,0.0017231305440266,0.0019261643290519,50,-0.0002030337850253,A
valid,key.V.p20.point,delete,80566$_$6,80566,0.0044129292170206,0.0019014002311797,14,0.0025115289858408997,V
valid,key.J.p20.joint,delete,80566$_$6,80566,0.4405819214880466,0.1163855239128073,50,0.32419639757523927,J
valid,key.T.p20.point,delete,80855$_$11,80855,0.0816062660887837,0.0141513371506395,50,0.0674549289381442,T
valid,key.A.p20.point,delete,80855$_$11,80855,0.0019565612698594,0.0022870254144072,50,-0.0003304641445477999,A
valid,key.V.p20.point,delete,80855$_$11,80855,0.0008213094746073,0.000614936693261,50,0.00020637278134629997,V
valid,key.J.p20.joint,delete,80855$_$11,80855,0.0805999683216214,0.0119353345649627,50,0.06866463375665871,J
valid,key.T.p20.point,delete,80855$_$10,80855,0.020014764353012,0.0087499313917942,50,0.011264832961217799,T
valid,key.A.p20.point,delete,80855$_$10,80855,0.001534888142487,0.0021486476213128,50,-0.0006137594788257999,A
valid,key.V.p20.point,delete,80855$_$10,80855,0.0043896543017278,0.0034725031582638,14,0.0009171511434639995,V
valid,key.J.p20.joint,delete,80855$_$10,80855,0.0154412690705309,0.0085413913735343,50,0.0068998776969966,J
valid,key.T.p20.point,delete,80855$_$12,80855,0.0739394972721735,0.0498191248873869,50,0.0241203723847866,T
valid,key.A.p20.point,delete,80855$_$12,80855,0.0017254451910654,0.002057588348786,50,-0.00033214315772060006,A
valid,key.V.p20.point,delete,80855$_$12,80855,0.0011536131302515,0.000935969899098,50,0.0002176432311535001,V
valid,key.J.p20.joint,delete,80855$_$12,80855,0.0715323487917582,0.0561337875202298,50,0.015398561271528395,J
valid,key.T.p20.point,delete,80855$_$15,80855,0.4798319414258003,0.103669766564336,15,0.3761621748614643,T
valid,key.A.p20.point,delete,80855$_$15,80855,0.0040105879306793,0.0015473256508509,50,0.0024632622798283995,A
valid,key.J.p20.joint,delete,80855$_$15,80855,0.4831491122022271,0.0856853377570708,50,0.39746377444515635,J
valid,key.T.p20.point,delete,80855$_$17,80855,0.1594223082065582,0.0846104676028092,50,0.074811840603749,T
valid,key.A.p20.point,delete,80855$_$17,80855,0.0115346163511276,0.0030157742897669,50,0.0085188420613607,A
valid,key.V.p20.point,delete,80855$_$17,80855,0.0022273461023966,0.0023848273356755,50,-0.00015748123327889978,V
valid,key.J.p20.joint,delete,80855$_$17,80855,0.1007151007652282,0.0959691815574964,50,0.004745919207731805,J
valid,key.T.p20.point,delete,80855$_$3,80855,0.2734458297491073,0.0369769732157389,2,0.2364688565333684,T
valid,key.A.p20.point,delete,80855$_$3,80855,0.0148347169160842,0.0058478936553001,2,0.0089868232607841,A
valid,key.V.p20.point,delete,80855$_$3,80855,0.0032994300127029,0.0015699168046315,2,0.0017295132080713998,V
valid,key.T.p20.point,delete,80855$_$2,80855,0.3806973000367482,0.062252855549256,4,0.3184444444874922,T
valid,key.A.p20.point,delete,80855$_$2,80855,0.00946573416392,0.0046395684281984,4,0.004826165735721601,A
valid,key.V.p20.point,delete,80855$_$2,80855,0.0055998762448628,0.0026861901084582,4,0.0029136861364046003,V
valid,key.J.p20.joint,delete,80855$_$2,80855,0.3862904707590739,0.0639320717503627,4,0.3223583990087112,J
valid,key.T.p20.point,delete,80855$_$7,80855,0.08475915218393,0.0419592395062661,6,0.0427999126776639,T
valid,key.A.p20.point,delete,80855$_$7,80855,0.0048400113979975,0.0022116773244407,6,0.0026283340735568004,A
valid,key.V.p20.point,delete,80855$_$7,80855,0.0030271708965301,0.0015436346746153,6,0.0014835362219148003,V
valid,key.J.p20.joint,delete,80855$_$7,80855,0.0858333228776852,0.0419658184465434,6,0.043867504431141804,J
valid,key.T.p20.point,delete,80855$_$20,80855,0.1394529584019134,0.0411291793229368,50,0.0983237790789766,T
valid,key.A.p20.point,delete,80855$_$20,80855,0.004110999405384,0.0029059499502182,50,0.0012050494551658006,A
valid,key.V.p20.point,delete,80855$_$20,80855,0.0017473523815472,0.0009744677444299,50,0.0007728846371173,V
valid,key.J.p20.joint,delete,80855$_$20,80855,0.1385795959892372,0.0473315504565835,50,0.0912480455326537,J
valid,key.T.p20.point,delete,830KzUc6CbU$_$0,830KzUc6CbU,0.0875892688830693,0.0442415118714173,50,0.043347757011652,T
valid,key.A.p20.point,delete,830KzUc6CbU$_$0,830KzUc6CbU,0.0085370143254597,0.006037147094806,14,0.0024998672306536995,A
valid,key.V.p20.point,delete,830KzUc6CbU$_$0,830KzUc6CbU,0.0015183140834172,0.0012209220230579,50,0.0002973920603593001,V
valid,key.J.p20.joint,delete,830KzUc6CbU$_$0,830KzUc6CbU,0.0646921321749687,0.0335415085653464,50,0.031150623609622306,J
valid,key.T.p20.point,delete,830KzUc6CbU$_$13,830KzUc6CbU,0.1120393772919972,0.0493303712457418,50,0.0627090060462554,T
valid,key.A.p20.point,delete,830KzUc6CbU$_$13,830KzUc6CbU,0.0140760689973831,0.003512125313282,50,0.010563943684101101,A
valid,key.V.p20.point,delete,830KzUc6CbU$_$13,830KzUc6CbU,0.0064692050218582,0.002430824637413,50,0.0040383803844452,V
valid,key.J.p20.joint,delete,830KzUc6CbU$_$13,830KzUc6CbU,0.1171443859736124,0.0590356662124395,50,0.058108719761172906,J
valid,key.T.p20.point,delete,84140$_$0,84140,0.2503963162501653,0.0501143236955007,50,0.20028199255466458,T
valid,key.A.p20.point,delete,84140$_$0,84140,0.0026557048161824,0.0019155993064244,50,0.0007401055097579999,A
valid,key.V.p20.point,delete,84140$_$0,84140,0.0085892180601755,0.0023542104164759,50,0.0062350076436996,V
valid,key.J.p20.joint,delete,84140$_$0,84140,0.261896143356959,0.0379566254715124,50,0.22393951788544658,J
valid,key.T.p20.point,delete,84140$_$5,84140,0.2991565267244975,0.0303557959198951,50,0.2688007308046024,T
valid,key.A.p20.point,delete,84140$_$5,84140,0.0021067162354787,0.0013378000259399,50,0.0007689162095388001,A
valid,key.V.p20.point,delete,84140$_$5,84140,0.0019737283388773,0.0010307272275288,50,0.0009430011113485,V
valid,key.J.p20.joint,delete,84140$_$5,84140,0.2505703270435333,0.0171662362416585,50,0.23340409080187483,J
valid,key.T.p20.point,delete,89835$_$1,89835,0.0291996027032534,0.0439636548608541,50,-0.0147640521576007,T
valid,key.A.p20.point,delete,89835$_$1,89835,0.0080804079771041,0.0053851743042469,50,0.0026952336728572005,A
valid,key.V.p20.point,delete,89835$_$1,89835,0.0335807626446088,0.0130019209214619,14,0.020578841723146897,V
valid,key.J.p20.joint,delete,89835$_$1,89835,0.0205631827314694,0.0429565396904945,50,-0.022393356959025095,J
valid,key.T.p20.point,delete,89835$_$0,89835,0.1116269541283448,0.0398375339743991,50,0.0717894201539457,T
valid,key.A.p20.point,delete,89835$_$0,89835,0.0161682913700739,0.0058868889758984,50,0.0102814023941755,A
valid,key.V.p20.point,delete,89835$_$0,89835,0.0142097796003023,0.0064882551630338,10,0.0077215244372685,V
valid,key.J.p20.joint,delete,89835$_$0,89835,0.0300352176030476,0.0362910282363494,50,-0.0062558106333018,J
valid,key.T.p20.point,delete,89835$_$4,89835,0.3329819838205973,0.0419582875569661,50,0.29102369626363117,T
valid,key.A.p20.point,delete,89835$_$4,89835,0.0023376643657684,0.0016893317302068,50,0.0006483326355616,A
valid,key.V.p20.point,delete,89835$_$4,89835,0.0015038053194681,0.0006185662746429,50,0.0008852390448252,V
valid,key.J.p20.joint,delete,89835$_$4,89835,0.3513098508119583,0.0400173006455103,50,0.311292550166448,J
valid,key.T.p20.point,delete,89835$_$7,89835,0.0787852605183919,0.0739300233063598,50,0.004855237212032099,T
valid,key.A.p20.point,delete,89835$_$7,89835,0.0007289946079254,0.002040453950564,50,-0.0013114593426386003,A
valid,key.V.p20.point,delete,89835$_$7,89835,0.0013993183771769,0.0005874333779017,50,0.0008118849992752,V
valid,key.J.p20.joint,delete,89835$_$7,89835,0.0804726481437683,0.061412268889447,50,0.019060379254321295,J
valid,key.T.p20.point,delete,8eaYvALnJ0o$_$1,8eaYvALnJ0o,0.0642915864785512,0.021606538593769,50,0.042685047884782196,T
valid,key.A.p20.point,delete,8eaYvALnJ0o$_$1,8eaYvALnJ0o,0.0014003540078798,0.005370804319779,50,-0.0039704503118991995,A
valid,key.V.p20.point,delete,8eaYvALnJ0o$_$1,8eaYvALnJ0o,0.0072727104028066,0.0027963422238826,50,0.004476368178924,V
valid,key.J.p20.joint,delete,8eaYvALnJ0o$_$1,8eaYvALnJ0o,0.0890526324510574,0.0194997819761435,50,0.06955285047491391,J
valid,key.T.p20.point,delete,8eaYvALnJ0o$_$0,8eaYvALnJ0o,0.0896636346975962,0.029418123960495,50,0.060245510737101195,T
valid,key.A.p20.point,delete,8eaYvALnJ0o$_$0,8eaYvALnJ0o,0.0012953082720438,0.0015565437078475,50,-0.00026123543580370005,A
valid,key.V.p20.point,delete,8eaYvALnJ0o$_$0,8eaYvALnJ0o,0.0005983809630076,0.0009735989570617,50,-0.00037521799405409995,V
valid,key.J.p20.joint,delete,8eaYvALnJ0o$_$0,8eaYvALnJ0o,0.0613672733306884,0.0199568996826807,50,0.0414103736480077,J
valid,key.T.p20.point,delete,8x_nCOh6Wmc$_$6,8x_nCOh6Wmc,0.2994599412195384,0.060162826962769,50,0.2392971142567694,T
valid,key.A.p20.point,delete,8x_nCOh6Wmc$_$6,8x_nCOh6Wmc,0.0015318592389424,0.0018457567691802,50,-0.0003138975302378001,A
valid,key.V.p20.point,delete,8x_nCOh6Wmc$_$6,8x_nCOh6Wmc,0.0053591132164001,0.002078620592753,50,0.0032804926236470995,V
valid,key.J.p20.joint,delete,8x_nCOh6Wmc$_$6,8x_nCOh6Wmc,0.3001565306137005,0.0646679435422023,50,0.23548858707149822,J
valid,key.T.p20.point,delete,96642$_$1,96642,0.0652764436478416,0.0475461705952572,50,0.0177302730525844,T
valid,key.A.p20.point,delete,96642$_$1,96642,0.0032366622860232,0.0026221357906858,50,0.0006145264953373998,A
valid,key.V.p20.point,delete,96642$_$1,96642,0.0021420192594329,0.001745420936495,50,0.0003965983229378999,V
valid,key.J.p20.joint,delete,96642$_$1,96642,0.0680244984105229,0.042155500074538,50,0.025868998335984897,J
valid,key.T.p20.point,delete,96642$_$3,96642,0.3539638196428616,0.067894517311028,14,0.2860693023318336,T
valid,key.A.p20.point,delete,96642$_$3,96642,0.0043098330497741,0.002032180627187,14,0.0022776524225870997,A
valid,key.V.p20.point,delete,96642$_$3,96642,0.0015603502591451,0.0011115074157714,2,0.00044884284337369995,V
valid,key.J.p20.joint,delete,96642$_$3,96642,0.3504217353959878,0.0537623774508635,50,0.2966593579451243,J
valid,key.T.p20.point,delete,96642$_$2,96642,0.0465933655699094,0.0201714618504047,50,0.026421903719504702,T
valid,key.A.p20.point,delete,96642$_$2,96642,0.0029714554548263,0.0020916792253653,50,0.0008797762294609998,A
valid,key.V.p20.point,delete,96642$_$2,96642,0.0112550755341847,0.0049066832732586,14,0.0063483922609261,V
valid,key.J.p20.joint,delete,96642$_$2,96642,0.0253504365682601,0.0193123005578915,50,0.006038136010368598,J
valid,key.T.p20.point,delete,96642$_$4,96642,0.241383026043574,0.1247111374357094,50,0.11667188860786461,T
valid,key.A.p20.point,delete,96642$_$4,96642,0.0008585515121618,0.0014991594478487,50,-0.0006406079356869001,A
valid,key.V.p20.point,delete,96642$_$4,96642,0.0045426512757937,0.0017542457083861,50,0.0027884055674076004,V
valid,key.J.p20.joint,delete,96642$_$4,96642,0.2418666630983352,0.1471893554778459,50,0.09467730762048931,J
valid,key.T.p20.point,delete,99501$_$10,99501,0.0978144169785082,0.087763204080984,50,0.010051212897524212,T
valid,key.A.p20.point,delete,99501$_$10,99501,0.0119440569542348,0.0052618814413161,17,0.0066821755129187,A
valid,key.V.p20.point,delete,99501$_$10,99501,0.0025025381182786,0.0012851453545348,50,0.0012173927637437998,V
valid,key.J.p20.joint,delete,99501$_$10,99501,0.0980015966730813,0.0895802930649369,50,0.008421303608144401,J
valid,key.T.p20.point,delete,99501$_$13,99501,0.0372008383274078,0.1116665762352446,50,-0.07446573790783681,T
valid,key.A.p20.point,delete,99501$_$13,99501,0.0027520855267842,0.0016003169616063,50,0.0011517685651779,A
valid,key.V.p20.point,delete,99501$_$13,99501,0.0009092688560485,0.0006378289063771,50,0.00027143994967139995,V
valid,key.J.p20.joint,delete,99501$_$13,99501,0.0118398666381835,0.059505403333654,50,-0.047665536695470495,J
valid,key.T.p20.point,delete,99501$_$1,99501,0.0349297349651654,0.040855913652728,50,-0.005926178687562594,T
valid,key.A.p20.point,delete,99501$_$1,99501,0.0113233812153339,0.0064226499448219,50,0.004900731270512,A
valid,key.V.p20.point,delete,99501$_$1,99501,0.0075725391507148,0.0029643449187278,50,0.004608194231987,V
valid,key.J.p20.joint,delete,99501$_$1,99501,0.0059578095873196,0.0336702564607063,50,-0.0277124468733867,J
valid,key.T.p20.point,delete,99501$_$5,99501,0.0247248647113641,0.0738497558593129,50,-0.0491248911479488,T
valid,key.A.p20.point,delete,99501$_$5,99501,0.0043900782863299,0.004415053675572,50,-2.4975389242099487e-05,A
valid,key.V.p20.point,delete,99501$_$5,99501,0.0047273983558019,0.0023472939431667,50,0.0023801044126352,V
valid,key.J.p20.joint,delete,99501$_$5,99501,0.0947719564040502,0.080351770815129,50,0.014420185588921205,J
valid,key.T.p20.point,delete,99501$_$7,99501,0.1528230553182462,0.0971491451763237,50,0.055673910141922495,T
valid,key.A.p20.point,delete,99501$_$7,99501,0.0074904127977788,0.0044224216377673,50,0.0030679911600114997,A
valid,key.V.p20.point,delete,99501$_$7,99501,0.0061879249600072,0.002536621154674,50,0.0036513038053331997,V
valid,key.J.p20.joint,delete,99501$_$7,99501,0.1254418363484243,0.0746533887678136,50,0.050788447580610685,J
valid,key.T.p20.point,delete,9QI-9w_VdB4$_$0,9QI-9w_VdB4,0.080272523065408,0.034753411685427,50,0.045519111379981,T
valid,key.A.p20.point,delete,9QI-9w_VdB4$_$0,9QI-9w_VdB4,0.0070954784750938,0.00286910901467,50,0.0042263694604238004,A
valid,key.V.p20.point,delete,9QI-9w_VdB4$_$0,9QI-9w_VdB4,0.0015790934364,0.0027577770253022,50,-0.0011786835889021998,V
valid,key.J.p20.joint,delete,9QI-9w_VdB4$_$0,9QI-9w_VdB4,0.1032687798142433,0.0290904404471317,50,0.0741783393671116,J
valid,key.T.p20.point,delete,AG5EY8ZaFj4$_$3,AG5EY8ZaFj4,0.0340271219611167,0.0321636422599355,50,0.0018634797011811977,T
valid,key.A.p20.point,delete,AG5EY8ZaFj4$_$3,AG5EY8ZaFj4,0.0232727962235609,0.007266907642285,14,0.016005888581275902,A
valid,key.V.p20.point,delete,AG5EY8ZaFj4$_$3,AG5EY8ZaFj4,0.0011992355187733,0.0009245345989863,50,0.00027470091978700005,V
valid,key.J.p20.joint,delete,AG5EY8ZaFj4$_$3,AG5EY8ZaFj4,0.0256981352965037,0.037231147630761,50,-0.011533012334257298,J
valid,key.T.p20.point,delete,AG5EY8ZaFj4$_$15,AG5EY8ZaFj4,0.0641991049051284,0.0193608648454149,50,0.0448382400597135,T
valid,key.A.p20.point,delete,AG5EY8ZaFj4$_$15,AG5EY8ZaFj4,0.0074290968477725,0.0049197897687554,50,0.0025093070790171,A
valid,key.V.p20.point,delete,AG5EY8ZaFj4$_$15,AG5EY8ZaFj4,0.0002051269014676,0.0001632068802913,50,4.1920021176300004e-05,V
valid,key.J.p20.joint,delete,AG5EY8ZaFj4$_$15,AG5EY8ZaFj4,0.0719555243849754,0.0211900581854085,50,0.05076546619956691,J
valid,key.T.p20.point,delete,Arh2TKRi_mg$_$15,Arh2TKRi_mg,0.1890544469157854,0.0273453005651632,50,0.1617091463506222,T
valid,key.A.p20.point,delete,Arh2TKRi_mg$_$15,Arh2TKRi_mg,0.0008465647697448,0.0021674072742462,50,-0.0013208425045014,A
valid,key.V.p20.point,delete,Arh2TKRi_mg$_$15,Arh2TKRi_mg,0.0039859612782796,0.0019052333633104,50,0.0020807279149692003,V
valid,key.J.p20.joint,delete,Arh2TKRi_mg$_$15,Arh2TKRi_mg,0.1786425908406575,0.0329512921969095,50,0.145691298643748,J
valid,key.T.p20.point,delete,Arh2TKRi_mg$_$14,Arh2TKRi_mg,0.0538114607334136,0.0441409507393837,50,0.0096705099940299,T
valid,key.A.p20.point,delete,Arh2TKRi_mg$_$14,Arh2TKRi_mg,0.0077135264873504,0.0029417941967646,50,0.004771732290585799,A
valid,key.V.p20.point,delete,Arh2TKRi_mg$_$14,Arh2TKRi_mg,0.0024668226639429,0.001366640428702,50,0.0011001822352408998,V
valid,key.J.p20.joint,delete,Arh2TKRi_mg$_$14,Arh2TKRi_mg,0.0133159806330998,0.0413371113936106,50,-0.0280211307605108,J
valid,key.T.p20.point,delete,Arh2TKRi_mg$_$16,Arh2TKRi_mg,0.0500977238019307,0.0753450963894526,50,-0.025247372587521896,T
valid,key.A.p20.point,delete,Arh2TKRi_mg$_$16,Arh2TKRi_mg,0.0008885065714518,0.002224753499031,50,-0.0013362469275792,A
valid,key.V.p20.point,delete,Arh2TKRi_mg$_$16,Arh2TKRi_mg,0.0049595932165781,0.0026926383376121,50,0.002266954878966,V
valid,key.J.p20.joint,delete,Arh2TKRi_mg$_$16,Arh2TKRi_mg,0.0540641645590464,0.0760873385111335,50,-0.022023173952087104,J
valid,key.T.p20.point,delete,Arh2TKRi_mg$_$19,Arh2TKRi_mg,0.2970395203058918,0.0927924673197169,50,0.2042470529861749,T
valid,key.A.p20.point,delete,Arh2TKRi_mg$_$19,Arh2TKRi_mg,0.0028169304132461,0.0028684483965237,50,-5.151798327760002e-05,A
valid,key.V.p20.point,delete,Arh2TKRi_mg$_$19,Arh2TKRi_mg,0.0004475712776184,0.0018659708897272,50,-0.0014183996121088,V
valid,key.J.p20.joint,delete,Arh2TKRi_mg$_$19,Arh2TKRi_mg,0.2909871086788674,0.0908975068681562,50,0.2000896018107112,J
valid,key.T.p20.point,delete,Arh2TKRi_mg$_$32,Arh2TKRi_mg,0.0811204413572947,0.0139615317185719,50,0.0671589096387228,T
valid,key.A.p20.point,delete,Arh2TKRi_mg$_$32,Arh2TKRi_mg,0.0020571053028106,0.0012938487529754,50,0.0007632565498352001,A
valid,key.V.p20.point,delete,Arh2TKRi_mg$_$32,Arh2TKRi_mg,0.005970299243927,0.0019656334320704,50,0.0040046658118566,V
valid,key.J.p20.joint,delete,Arh2TKRi_mg$_$32,Arh2TKRi_mg,0.0541336139043172,0.0108280573288599,50,0.0433055565754573,J
valid,key.T.p20.point,delete,Arh2TKRi_mg$_$28,Arh2TKRi_mg,0.4740531475593646,0.0692982093865672,50,0.4047549381727974,T
valid,key.A.p20.point,delete,Arh2TKRi_mg$_$28,Arh2TKRi_mg,0.0015493283669153,0.0025383194287617,50,-0.0009889910618464,A
valid,key.V.p20.point,delete,Arh2TKRi_mg$_$28,Arh2TKRi_mg,0.0065800100564956,0.0018725311144804,13,0.0047074789420151995,V
valid,key.J.p20.joint,delete,Arh2TKRi_mg$_$28,Arh2TKRi_mg,0.4735928606241941,0.089766085507969,50,0.3838267751162251,J
valid,key.T.p20.point,delete,Arh2TKRi_mg$_$3,Arh2TKRi_mg,0.2493655731280644,0.033615788668394,50,0.2157497844596704,T
valid,key.A.p20.point,delete,Arh2TKRi_mg$_$3,Arh2TKRi_mg,0.0020024329423904,0.002418242196242,50,-0.0004158092538516004,A
valid,key.V.p20.point,delete,Arh2TKRi_mg$_$3,Arh2TKRi_mg,0.015332688887914,0.0051965690652529,50,0.0101361198226611,V
valid,key.J.p20.joint,delete,Arh2TKRi_mg$_$3,Arh2TKRi_mg,0.2372154494126638,0.0414529031763474,50,0.1957625462363164,J
valid,key.T.p20.point,delete,AxNy9TeTLq8$_$0,AxNy9TeTLq8,0.1203577866156895,0.0168390293916066,50,0.1035187572240829,T
valid,key.A.p20.point,delete,AxNy9TeTLq8$_$0,AxNy9TeTLq8,0.0018824438254038,0.0011099497477213,50,0.0007724940776824998,A
valid,key.V.p20.point,delete,AxNy9TeTLq8$_$0,AxNy9TeTLq8,0.0016353030999501,0.0009804652134577,50,0.0006548378864924,V
valid,key.J.p20.joint,delete,AxNy9TeTLq8$_$0,AxNy9TeTLq8,0.1302510897318522,0.0144886016845703,50,0.1157624880472819,J
valid,key.T.p20.point,delete,BSKAHXFYF_I$_$1,BSKAHXFYF_I,0.05869822204113,0.0332516689567516,50,0.025446553084378404,T
valid,key.A.p20.point,delete,BSKAHXFYF_I$_$1,BSKAHXFYF_I,0.0084096988042195,0.0034301543608307,50,0.0049795444433888,A
valid,key.V.p20.point,delete,BSKAHXFYF_I$_$1,BSKAHXFYF_I,0.0070934612303972,0.0034450774018963,50,0.0036483838285009,V
valid,key.J.p20.joint,delete,BSKAHXFYF_I$_$1,BSKAHXFYF_I,0.0885178223252296,0.0300777366679782,50,0.0584400856572514,J
valid,key.T.p20.point,delete,BSKAHXFYF_I$_$3,BSKAHXFYF_I,0.067389078438282,0.026139552121361,50,0.041249526316921,T
valid,key.A.p20.point,delete,BSKAHXFYF_I$_$3,BSKAHXFYF_I,0.0067376469572385,0.0046642257273197,50,0.0020734212299188,A
valid,key.V.p20.point,delete,BSKAHXFYF_I$_$3,BSKAHXFYF_I,0.0,0.0,1,0.0,V
valid,key.J.p20.joint,delete,BSKAHXFYF_I$_$3,BSKAHXFYF_I,0.0790927186608314,0.0328878919159372,50,0.0462048267448942,J
valid,key.T.p20.point,delete,BSKAHXFYF_I$_$7,BSKAHXFYF_I,0.0132465797166029,0.0235027922689914,50,-0.0102562125523885,T
valid,key.A.p20.point,delete,BSKAHXFYF_I$_$7,BSKAHXFYF_I,0.0029290989041328,0.0036064608146746,50,-0.0006773619105418,A
valid,key.V.p20.point,delete,BSKAHXFYF_I$_$7,BSKAHXFYF_I,2.9802322387695312e-08,2.9802322387695312e-08,2,0.0,V
valid,key.J.p20.joint,delete,BSKAHXFYF_I$_$7,BSKAHXFYF_I,0.0104729235172271,0.0234017010964453,50,-0.0129287775792182,J
valid,key.T.p20.point,delete,BSKAHXFYF_I$_$8,BSKAHXFYF_I,0.1434718367333213,0.0374673188043137,50,0.10600451792900761,T
valid,key.A.p20.point,delete,BSKAHXFYF_I$_$8,BSKAHXFYF_I,0.0020470693707466,0.0042181824147701,50,-0.0021711130440235002,A
valid,key.V.p20.point,delete,BSKAHXFYF_I$_$8,BSKAHXFYF_I,0.0003135527173678,0.0001377745966116,50,0.0001757781207562,V
valid,key.J.p20.joint,delete,BSKAHXFYF_I$_$8,BSKAHXFYF_I,0.1415824304955701,0.0351512713978687,50,0.1064311590977014,J
valid,key.T.p20.point,delete,Baz0VVQ-E9E$_$10,Baz0VVQ-E9E,0.333235677331686,0.1263780242630413,7,0.20685765306864473,T
valid,key.A.p20.point,delete,Baz0VVQ-E9E$_$10,Baz0VVQ-E9E,0.0143346885840098,0.0068316108414105,7,0.0075030777425993,A
valid,key.V.p20.point,delete,Baz0VVQ-E9E$_$10,Baz0VVQ-E9E,0.0021422778566678,0.002076123047758,27,6.615480890979995e-05,V
valid,key.J.p20.joint,delete,Baz0VVQ-E9E$_$10,Baz0VVQ-E9E,0.3748478355507056,0.0702326664080222,8,0.3046151691426834,J
valid,key.T.p20.point,delete,Baz0VVQ-E9E$_$1,Baz0VVQ-E9E,0.0742228627204895,0.0863289024929205,50,-0.012106039772430993,T
valid,key.A.p20.point,delete,Baz0VVQ-E9E$_$1,Baz0VVQ-E9E,0.0061001429955164,0.0041486387451489,10,0.0019515042503675,A
valid,key.V.p20.point,delete,Baz0VVQ-E9E$_$1,Baz0VVQ-E9E,0.0015424191951751,0.002015358308951,50,-0.00047293911377589985,V
valid,key.J.p20.joint,delete,Baz0VVQ-E9E$_$1,Baz0VVQ-E9E,0.0764062652985255,0.0856111411253611,50,-0.009204875826835601,J
valid,key.T.p20.point,delete,Baz0VVQ-E9E$_$5,Baz0VVQ-E9E,0.287099651992321,0.0291205048561096,6,0.2579791471362114,T
valid,key.A.p20.point,delete,Baz0VVQ-E9E$_$5,Baz0VVQ-E9E,0.0077665547529856,0.002381639348136,6,0.0053849154048496006,A
valid,key.V.p20.point,delete,Baz0VVQ-E9E$_$5,Baz0VVQ-E9E,0.0012354354063669,0.0006824185450871,6,0.0005530168612798,V
valid,key.J.p20.joint,delete,Baz0VVQ-E9E$_$5,Baz0VVQ-E9E,0.2883872296661138,0.0289590408404668,6,0.259428188825647,J
valid,key.T.p20.point,delete,Baz0VVQ-E9E$_$7,Baz0VVQ-E9E,0.0327107906341552,0.0347208044926325,50,-0.002010013858477301,T
valid,key.A.p20.point,delete,Baz0VVQ-E9E$_$7,Baz0VVQ-E9E,0.0013725608587265,0.0041980482141176,50,-0.0028254873553911,A
valid,key.V.p20.point,delete,Baz0VVQ-E9E$_$7,Baz0VVQ-E9E,0.0074237783749898,0.0034887604912122,50,0.0039350178837776004,V
valid,key.J.p20.joint,delete,Baz0VVQ-E9E$_$7,Baz0VVQ-E9E,0.0175800323486328,0.02475530564785,50,-0.0071752732992172025,J
valid,key.T.p20.point,delete,CJGuudyvA0Y$_$4,CJGuudyvA0Y,0.0581473214551806,0.0303569911785113,50,0.027790330276669304,T
valid,key.A.p20.point,delete,CJGuudyvA0Y$_$4,CJGuudyvA0Y,0.0090058712909619,0.0047058643652902,50,0.004300006925671701,A
valid,key.V.p20.point,delete,CJGuudyvA0Y$_$4,CJGuudyvA0Y,0.0050922678783535,0.0018085112484792,50,0.0032837566298743004,V
valid,key.J.p20.joint,delete,CJGuudyvA0Y$_$4,CJGuudyvA0Y,0.0510361610601345,0.0301874890465599,50,0.0208486720135746,J
valid,key.T.p20.point,delete,CPjbogfLHR4$_$2,CPjbogfLHR4,0.272891566157341,0.0714009121060371,50,0.2014906540513039,T
valid,key.A.p20.point,delete,CPjbogfLHR4$_$2,CPjbogfLHR4,0.000819519162178,0.0015043315291404,50,-0.0006848123669624,A
valid,key.V.p20.point,delete,CPjbogfLHR4$_$2,CPjbogfLHR4,0.0039611955483754,0.0014212981859842,50,0.0025398973623911997,V
valid,key.J.p20.joint,delete,CPjbogfLHR4$_$2,CPjbogfLHR4,0.2706496479610602,0.0691160876552264,50,0.20153356030583383,J
valid,key.T.p20.point,delete,CPjbogfLHR4$_$5,CPjbogfLHR4,0.0755761265754699,0.0451972828308741,50,0.030378843744595804,T
valid,key.A.p20.point,delete,CPjbogfLHR4$_$5,CPjbogfLHR4,0.0031590511401494,0.0028503718972206,50,0.0003086792429288,A
valid,key.V.p20.point,delete,CPjbogfLHR4$_$5,CPjbogfLHR4,0.0105918447176615,0.002737052043279,50,0.007854792674382499,V
valid,key.J.p20.joint,delete,CPjbogfLHR4$_$5,CPjbogfLHR4,0.083244244257609,0.0468641215066115,50,0.0363801227509975,J
valid,key.T.p20.point,delete,DdUJojoFU_c$_$11,DdUJojoFU_c,0.0403257856766382,0.0190196360150973,50,0.0213061496615409,T
valid,key.A.p20.point,delete,DdUJojoFU_c$_$11,DdUJojoFU_c,0.0007236798604329,0.002087977528572,50,-0.0013642976681391,A
valid,key.V.p20.point,delete,DdUJojoFU_c$_$11,DdUJojoFU_c,0.0023597677548726,0.002003298997879,50,0.0003564687569935997,V
valid,key.J.p20.joint,delete,DdUJojoFU_c$_$11,DdUJojoFU_c,0.0064472556114196,0.0230319025119145,50,-0.016584646900494902,J
valid,key.T.p20.point,delete,DdUJojoFU_c$_$15,DdUJojoFU_c,0.0752102384964625,0.0180917641023794,50,0.057118474394083095,T
valid,key.A.p20.point,delete,DdUJojoFU_c$_$15,DdUJojoFU_c,0.0050656000773111,0.0018921087682247,50,0.0031734913090864,A
valid,key.V.p20.point,delete,DdUJojoFU_c$_$15,DdUJojoFU_c,0.0119525964061419,0.0057892150183518,50,0.006163381387790101,V
valid,key.J.p20.joint,delete,DdUJojoFU_c$_$15,DdUJojoFU_c,0.0729097773631413,0.0189014879365762,50,0.054008289426565104,J
valid,key.T.p20.point,delete,DdUJojoFU_c$_$14,DdUJojoFU_c,0.0387259970108668,0.0248430475592613,50,0.013882949451605498,T
valid,key.A.p20.point,delete,DdUJojoFU_c$_$14,DdUJojoFU_c,0.0014748771985371,0.0027438221375147,50,-0.0012689449389776,A
valid,key.V.p20.point,delete,DdUJojoFU_c$_$14,DdUJojoFU_c,0.011975089708964,0.0042756046851476,50,0.0076994850238164,V
valid,key.J.p20.joint,delete,DdUJojoFU_c$_$14,DdUJojoFU_c,0.0330713192621866,0.019712064564228,50,0.013359254697958602,J
valid,key.T.p20.point,delete,DdUJojoFU_c$_$17,DdUJojoFU_c,0.1213969563444455,0.0971504231790701,50,0.024246533165375395,T
valid,key.A.p20.point,delete,DdUJojoFU_c$_$17,DdUJojoFU_c,0.0009675100445747,0.0041858892639478,50,-0.0032183792193731,A
valid,key.V.p20.point,delete,DdUJojoFU_c$_$17,DdUJojoFU_c,0.0052281618118286,0.0026193434993426,11,0.0026088183124860003,V
valid,key.J.p20.joint,delete,DdUJojoFU_c$_$17,DdUJojoFU_c,0.1473891908923784,0.0924791053143174,50,0.054910085578061,J
valid,key.T.p20.point,delete,DdUJojoFU_c$_$16,DdUJojoFU_c,0.0062344968318939,0.0130866003036499,50,-0.006852103471756001,T
valid,key.A.p20.point,delete,DdUJojoFU_c$_$16,DdUJojoFU_c,0.00178990761439,0.0013342215617497,50,0.00045568605264029996,A
valid,key.V.p20.point,delete,DdUJojoFU_c$_$16,DdUJojoFU_c,0.0007886886596679,0.0014444853862126,50,-0.0006557967265447,V
valid,key.J.p20.joint,delete,DdUJojoFU_c$_$16,DdUJojoFU_c,0.0115987261136372,0.0107315927743911,50,0.0008671333392461008,J
valid,key.T.p20.point,delete,DdUJojoFU_c$_$2,DdUJojoFU_c,0.0208570559819539,0.0102320005496343,50,0.0106250554323196,T
valid,key.A.p20.point,delete,DdUJojoFU_c$_$2,DdUJojoFU_c,0.0054078698158264,0.0024531120061874,50,0.0029547578096390005,A
valid,key.V.p20.point,delete,DdUJojoFU_c$_$2,DdUJojoFU_c,0.0005614012479782,0.0036984105904897,50,-0.0031370093425115,V
valid,key.J.p20.joint,delete,DdUJojoFU_c$_$2,DdUJojoFU_c,0.0102394620577494,0.0100744445125261,50,0.00016501754522330048,J
valid,key.T.p20.point,delete,DdUJojoFU_c$_$6,DdUJojoFU_c,0.0568454762299855,0.0191584026759179,50,0.0376870735540676,T
valid,key.A.p20.point,delete,DdUJojoFU_c$_$6,DdUJojoFU_c,0.010494589805603,0.0031788967798153,50,0.0073156930257877,A
valid,key.V.p20.point,delete,DdUJojoFU_c$_$6,DdUJojoFU_c,0.0030739357074101,0.0042590836187203,50,-0.0011851479113102002,V
valid,key.J.p20.joint,delete,DdUJojoFU_c$_$6,DdUJojoFU_c,0.0536880120635032,0.0192237185671304,50,0.034464293496372804,J
valid,key.T.p20.point,delete,DdUJojoFU_c$_$8,DdUJojoFU_c,0.0188454339901606,0.0183278665939966,50,0.0005175673961640009,T
valid,key.A.p20.point,delete,DdUJojoFU_c$_$8,DdUJojoFU_c,0.0040329247713088,0.0017506229877471,50,0.0022823017835617004,A
valid,key.V.p20.point,delete,DdUJojoFU_c$_$8,DdUJojoFU_c,0.0061167726914087,0.0041975416243076,50,0.0019192310671010994,V
valid,key.J.p20.joint,delete,DdUJojoFU_c$_$8,DdUJojoFU_c,0.0214839229981104,0.0177813193698724,50,0.0037026036282379986,J
valid,key.T.p20.point,delete,DlbYiwOnTyk$_$1,DlbYiwOnTyk,0.1747685372829437,0.0540154536316792,50,0.1207530836512645,T
valid,key.A.p20.point,delete,DlbYiwOnTyk$_$1,DlbYiwOnTyk,0.0011455714702606,0.0032474974791208,50,-0.0021019260088602004,A
valid,key.V.p20.point,delete,DlbYiwOnTyk$_$1,DlbYiwOnTyk,0.0023822387059529,0.0016769530375798,50,0.0007052856683730999,V
valid,key.J.p20.joint,delete,DlbYiwOnTyk$_$1,DlbYiwOnTyk,0.1741819853583971,0.0355655251940091,50,0.138616460164388,J
valid,key.T.p20.point,delete,E8MuzHUhUHk$_$15,E8MuzHUhUHk,0.109442780415217,0.0133665716648101,50,0.0960762087504069,T
valid,key.A.p20.point,delete,E8MuzHUhUHk$_$15,E8MuzHUhUHk,0.0023773213227589,0.0018343714872996,50,0.0005429498354592999,A
valid,key.V.p20.point,delete,E8MuzHUhUHk$_$15,E8MuzHUhUHk,0.0038484235604604,0.0021467575660118,13,0.0017016659944486,V
valid,key.J.p20.joint,delete,E8MuzHUhUHk$_$15,E8MuzHUhUHk,0.105392575263977,0.0164557889103889,50,0.0889367863535881,J
valid,key.T.p20.point,delete,E8MuzHUhUHk$_$14,E8MuzHUhUHk,0.0237713853518168,0.0186776474118232,50,0.005093737939993601,T
valid,key.A.p20.point,delete,E8MuzHUhUHk$_$14,E8MuzHUhUHk,0.004704475402832,0.0028886842727661,50,0.0018157911300659,A
valid,key.V.p20.point,delete,E8MuzHUhUHk$_$14,E8MuzHUhUHk,0.0078507562478383,0.006446494658788,50,0.0014042615890503003,V
valid,key.J.p20.joint,delete,E8MuzHUhUHk$_$14,E8MuzHUhUHk,0.0360520184040069,0.0147534067432085,50,0.021298611660798404,J
valid,key.T.p20.point,delete,E8MuzHUhUHk$_$16,E8MuzHUhUHk,0.0063737084468205,0.022508983016014,50,-0.0161352745691935,T
valid,key.A.p20.point,delete,E8MuzHUhUHk$_$16,E8MuzHUhUHk,0.0014695078134536,0.0017547446489334,50,-0.00028523683547980005,A
valid,key.V.p20.point,delete,E8MuzHUhUHk$_$16,E8MuzHUhUHk,0.0078686376412709,0.003678082426389,50,0.004190555214881901,V
valid,key.J.p20.joint,delete,E8MuzHUhUHk$_$16,E8MuzHUhUHk,0.0074259241422017,0.0229838167627652,50,-0.0155578926205635,J
valid,key.T.p20.point,delete,E8MuzHUhUHk$_$2,E8MuzHUhUHk,0.1222657114267349,0.0364867036541302,50,0.08577900777260469,T
valid,key.A.p20.point,delete,E8MuzHUhUHk$_$2,E8MuzHUhUHk,0.0034676889578501,0.0033747038245201,50,9.298513333000011e-05,A
valid,key.V.p20.point,delete,E8MuzHUhUHk$_$2,E8MuzHUhUHk,0.0036362707614898,0.0020839921633402,50,0.0015522785981496,V
valid,key.J.p20.joint,delete,E8MuzHUhUHk$_$2,E8MuzHUhUHk,0.1264911592006683,0.0386090584595998,50,0.0878821007410685,J
valid,key.T.p20.point,delete,E8MuzHUhUHk$_$9,E8MuzHUhUHk,0.120967095096906,0.1106836657909055,50,0.0102834293060005,T
valid,key.A.p20.point,delete,E8MuzHUhUHk$_$9,E8MuzHUhUHk,0.0081989293297131,0.0039841974278291,50,0.004214731901883999,A
valid,key.V.p20.point,delete,E8MuzHUhUHk$_$9,E8MuzHUhUHk,0.0113745282093683,0.0034877974788347,50,0.0078867307305336,V
valid,key.J.p20.joint,delete,E8MuzHUhUHk$_$9,E8MuzHUhUHk,0.1282897144556045,0.1087025330184648,50,0.019587181437139695,J
valid,key.T.p20.point,delete,EEjCkc82oyk$_$7,EEjCkc82oyk,0.2805358128001292,0.0899200633292396,50,0.19061574947088958,T
valid,key.A.p20.point,delete,EEjCkc82oyk$_$7,EEjCkc82oyk,0.0012741684913635,0.0023726500074068,50,-0.0010984815160433,A
valid,key.V.p20.point,delete,EEjCkc82oyk$_$7,EEjCkc82oyk,0.0015851308902104,0.0006803645690282,50,0.0009047663211822001,V
valid,key.J.p20.joint,delete,EEjCkc82oyk$_$7,EEjCkc82oyk,0.2838877874116103,0.0813804293548067,50,0.2025073580568036,J
valid,key.T.p20.point,delete,EEjCkc82oyk$_$9,EEjCkc82oyk,0.156401003866146,0.0936705170129425,50,0.0627304868532035,T
valid,key.A.p20.point,delete,EEjCkc82oyk$_$9,EEjCkc82oyk,0.0051672079522783,0.0022526455494031,50,0.0029145624028751997,A
valid,key.V.p20.point,delete,EEjCkc82oyk$_$9,EEjCkc82oyk,0.0079864299235244,0.0018111338334468,10,0.006175296090077601,V
valid,key.J.p20.joint,delete,EEjCkc82oyk$_$9,EEjCkc82oyk,0.2112902568963666,0.1068842410876338,50,0.10440601580873281,J
valid,key.T.p20.point,delete,EQxkXiWAm08$_$8,EQxkXiWAm08,0.0207371612389882,0.0232785205977658,10,-0.002541359358777598,T
valid,key.A.p20.point,delete,EQxkXiWAm08$_$8,EQxkXiWAm08,0.0092589290191729,0.0067884844840349,50,0.0024704445351380003,A
valid,key.V.p20.point,delete,EQxkXiWAm08$_$8,EQxkXiWAm08,0.0036343894898891,0.0017837877431884,50,0.0018506017467006999,V
valid,key.J.p20.joint,delete,EQxkXiWAm08$_$8,EQxkXiWAm08,0.0171318023155132,0.0221423286676519,11,-0.005010526352138698,J
valid,key.T.p20.point,delete,ET1cU5_A2YM$_$1,ET1cU5_A2YM,0.1229233642419179,0.0455228860179583,50,0.0774004782239596,T
valid,key.A.p20.point,delete,ET1cU5_A2YM$_$1,ET1cU5_A2YM,0.0025081634521484,0.0042748076717058,50,-0.0017666442195573995,A
valid,key.V.p20.point,delete,ET1cU5_A2YM$_$1,ET1cU5_A2YM,0.0037267804145812,0.001041808227698,50,0.0026849721868831998,V
valid,key.J.p20.joint,delete,ET1cU5_A2YM$_$1,ET1cU5_A2YM,0.1490562905867894,0.0424524788061777,50,0.1066038117806117,J
valid,key.T.p20.point,delete,ET1cU5_A2YM$_$3,ET1cU5_A2YM,0.1274215877056121,0.0663541070309778,50,0.0610674806746343,T
valid,key.A.p20.point,delete,ET1cU5_A2YM$_$3,ET1cU5_A2YM,0.0034538755814234,0.0052169765780369,50,-0.0017631009966135006,A
valid,key.V.p20.point,delete,ET1cU5_A2YM$_$3,ET1cU5_A2YM,0.0013557560741901,0.002545769761006,50,-0.0011900136868159001,V
valid,key.J.p20.joint,delete,ET1cU5_A2YM$_$3,ET1cU5_A2YM,0.1596579725543657,0.0466842987054648,50,0.1129736738489009,J
valid,key.T.p20.point,delete,ET1cU5_A2YM$_$6,ET1cU5_A2YM,0.0237926840782165,0.0282282516360282,50,-0.004435567557811701,T
valid,key.A.p20.point,delete,ET1cU5_A2YM$_$6,ET1cU5_A2YM,0.0060778359572092,0.0044286008675893,50,0.0016492350896198998,A
valid,key.V.p20.point,delete,ET1cU5_A2YM$_$6,ET1cU5_A2YM,0.0006652971108754,0.0005829148491223,50,8.238226175310008e-05,V
valid,key.J.p20.joint,delete,ET1cU5_A2YM$_$6,ET1cU5_A2YM,0.0163642317056655,0.0310776522755622,50,-0.014713420569896697,J
valid,key.T.p20.point,delete,EmmuWoCUgXs$_$22,EmmuWoCUgXs,0.0499923626581827,0.0251516385376453,50,0.0248407241205374,T
valid,key.A.p20.point,delete,EmmuWoCUgXs$_$22,EmmuWoCUgXs,0.0010554591814676,0.0016486200690269,50,-0.0005931608875593001,A
valid,key.V.p20.point,delete,EmmuWoCUgXs$_$22,EmmuWoCUgXs,0.0102549841006596,0.0042583704988161,50,0.005996613601843501,V
valid,key.J.p20.joint,delete,EmmuWoCUgXs$_$22,EmmuWoCUgXs,0.044915700952212,0.0252735152343908,50,0.0196421857178212,J
valid,key.T.p20.point,delete,EmmuWoCUgXs$_$7,EmmuWoCUgXs,0.2237388547897959,0.1580724714347161,50,0.06566638335507982,T
valid,key.A.p20.point,delete,EmmuWoCUgXs$_$7,EmmuWoCUgXs,0.0021549274291222,0.0039308869687374,50,-0.0017759595396151999,A
valid,key.V.p20.point,delete,EmmuWoCUgXs$_$7,EmmuWoCUgXs,0.001148856865863,0.0022933267718569,50,-0.0011444699059939,V
valid,key.J.p20.joint,delete,EmmuWoCUgXs$_$7,EmmuWoCUgXs,0.1929402680834755,0.1204174367431551,50,0.0725228313403204,J
valid,key.T.p20.point,delete,Es9MkKsMsjU$_$10,Es9MkKsMsjU,0.1231172143792112,0.0365142327244393,50,0.0866029816547719,T
valid,key.A.p20.point,delete,Es9MkKsMsjU$_$10,Es9MkKsMsjU,0.0079151536338031,0.0043792087650702,50,0.0035359448687329,A
valid,key.V.p20.point,delete,Es9MkKsMsjU$_$10,Es9MkKsMsjU,0.0020700038876384,0.0024096805709026,50,-0.0003396766832642001,V
valid,key.J.p20.joint,delete,Es9MkKsMsjU$_$10,Es9MkKsMsjU,0.1054346670086185,0.0211869893529607,50,0.0842476776556578,J
valid,key.T.p20.point,delete,Es9MkKsMsjU$_$12,Es9MkKsMsjU,0.2639693866173426,0.0899237201114495,50,0.1740456665058931,T
valid,key.A.p20.point,delete,Es9MkKsMsjU$_$12,Es9MkKsMsjU,0.0067559331655502,0.0019897486766179,50,0.0047661844889323,A
valid,key.V.p20.point,delete,Es9MkKsMsjU$_$12,Es9MkKsMsjU,0.0071565806865692,0.001608183880647,50,0.0055483968059222,V
valid,key.J.p20.joint,delete,Es9MkKsMsjU$_$12,Es9MkKsMsjU,0.2672165545324484,0.0849868765907983,50,0.18222967794165013,J
valid,key.T.p20.point,delete,Es9MkKsMsjU$_$2,Es9MkKsMsjU,0.5428736452013254,0.0427420272926489,50,0.5001316179086766,T
valid,key.A.p20.point,delete,Es9MkKsMsjU$_$2,Es9MkKsMsjU,0.0084151228268941,0.0025835618376731,50,0.005831560989221001,A
valid,key.V.p20.point,delete,Es9MkKsMsjU$_$2,Es9MkKsMsjU,0.0030767768621444,0.0013503223657608,50,0.0017264544963836,V
valid,key.J.p20.joint,delete,Es9MkKsMsjU$_$2,Es9MkKsMsjU,0.1114567865928014,0.0604602053264776,50,0.050996581266323796,J
valid,key.T.p20.point,delete,Es9MkKsMsjU$_$7,Es9MkKsMsjU,0.1831888804833094,0.0160076560576756,50,0.1671812244256338,T
valid,key.A.p20.point,delete,Es9MkKsMsjU$_$7,Es9MkKsMsjU,0.0027412374814351,0.0014828870693842,50,0.0012583504120508998,A
valid,key.V.p20.point,delete,Es9MkKsMsjU$_$7,Es9MkKsMsjU,0.0010333955287933,0.0009310670693715,50,0.00010232845942180003,V
valid,key.J.p20.joint,delete,Es9MkKsMsjU$_$7,Es9MkKsMsjU,0.1818495293458302,0.0175617851813634,50,0.16428774416446681,J
valid,key.T.p20.point,delete,Ezn3p5FWF_U$_$4,Ezn3p5FWF_U,0.0360737244288126,0.019185170729955,50,0.016888553698857597,T
valid,key.A.p20.point,delete,Ezn3p5FWF_U$_$4,Ezn3p5FWF_U,0.0006318688392639,0.0010569278399149,50,-0.00042505900065100007,A
valid,key.V.p20.point,delete,Ezn3p5FWF_U$_$4,Ezn3p5FWF_U,0.0055141548315683,0.0019403245051701,50,0.0035738303263981998,V
valid,key.J.p20.joint,delete,Ezn3p5FWF_U$_$4,Ezn3p5FWF_U,0.0285579164822896,0.0222550128897031,50,0.006302903592586499,J
valid,key.T.p20.point,delete,F1U26PLiXjM$_$1,F1U26PLiXjM,0.0419356053074201,0.0416161327933271,50,0.00031947251409299854,T
valid,key.A.p20.point,delete,F1U26PLiXjM$_$1,F1U26PLiXjM,0.000982383886973,0.0034885642925898,50,-0.0025061804056168,A
valid,key.V.p20.point,delete,F1U26PLiXjM$_$1,F1U26PLiXjM,0.0100358252724011,0.0034217944244543,50,0.0066140308479467995,V
valid,key.J.p20.joint,delete,F1U26PLiXjM$_$1,F1U26PLiXjM,0.0490943416953086,0.0426297182807077,50,0.006464623414600905,J
valid,key.T.p20.point,delete,F6JV-K840EY$_$2,F6JV-K840EY,0.0121208938459555,0.0627308847894892,50,-0.050609990943533696,T
valid,key.A.p20.point,delete,F6JV-K840EY$_$2,F6JV-K840EY,0.0098722061763207,0.0043146401519576,50,0.005557566024363101,A
valid,key.V.p20.point,delete,F6JV-K840EY$_$2,F6JV-K840EY,0.0084711673359076,0.0070987880478302,50,0.0013723792880774004,V
valid,key.J.p20.joint,delete,F6JV-K840EY$_$2,F6JV-K840EY,0.0670980143671234,0.0600359815038973,50,0.007062032863226098,J
valid,key.T.p20.point,delete,FB_b1dm0SRY$_$10,FB_b1dm0SRY,0.3235452274481455,0.0789192417419205,50,0.244625985706225,T
valid,key.A.p20.point,delete,FB_b1dm0SRY$_$10,FB_b1dm0SRY,0.00156136850516,0.0019514763355255,50,-0.0003901078303654999,A
valid,key.V.p20.point,delete,FB_b1dm0SRY$_$10,FB_b1dm0SRY,0.0014544030030568,0.0020236492156982,50,-0.0005692462126414,V
valid,key.J.p20.joint,delete,FB_b1dm0SRY$_$10,FB_b1dm0SRY,0.3205320512255032,0.0703149818722158,50,0.2502170693532874,J
valid,key.T.p20.point,delete,FB_b1dm0SRY$_$0,FB_b1dm0SRY,0.0427969582378864,0.0273375686568518,50,0.0154593895810346,T
valid,key.A.p20.point,delete,FB_b1dm0SRY$_$0,FB_b1dm0SRY,0.0025282477339108,0.003294057312111,50,-0.0007658095782002001,A
valid,key.V.p20.point,delete,FB_b1dm0SRY$_$0,FB_b1dm0SRY,0.0064373475809892,0.0022925587619344,50,0.0041447888190548,V
valid,key.J.p20.joint,delete,FB_b1dm0SRY$_$0,FB_b1dm0SRY,0.0412155054509639,0.0298656202379303,50,0.011349885213033598,J
valid,key.T.p20.point,delete,FB_b1dm0SRY$_$6,FB_b1dm0SRY,0.0322689910729726,0.1005783030887444,50,-0.0683093120157718,T
valid,key.A.p20.point,delete,FB_b1dm0SRY$_$6,FB_b1dm0SRY,0.0049194246530532,0.002813434501489,50,0.0021059901515642003,A
valid,key.V.p20.point,delete,FB_b1dm0SRY$_$6,FB_b1dm0SRY,0.0039115001757939,0.0016593539714813,50,0.0022521462043126003,V
valid,key.J.p20.joint,delete,FB_b1dm0SRY$_$6,FB_b1dm0SRY,0.2505413020650546,0.0789355783909559,50,0.1716057236740987,J
valid,key.T.p20.point,delete,FB_b1dm0SRY$_$9,FB_b1dm0SRY,0.270528727521499,0.1196173948763559,50,0.15091133264514306,T
valid,key.A.p20.point,delete,FB_b1dm0SRY$_$9,FB_b1dm0SRY,0.0146693078180154,0.0071456323191523,50,0.0075236754988631,A
valid,key.V.p20.point,delete,FB_b1dm0SRY$_$9,FB_b1dm0SRY,0.0057854391634464,0.0053246704861521,50,0.0004607686772943008,V
valid,key.J.p20.joint,delete,FB_b1dm0SRY$_$9,FB_b1dm0SRY,0.267542981232206,0.1034398625294367,50,0.16410311870276928,J
valid,key.T.p20.point,delete,FB_b1dm0SRY$_$8,FB_b1dm0SRY,0.17027448117733,0.0502994048595428,50,0.1199750763177872,T
valid,key.A.p20.point,delete,FB_b1dm0SRY$_$8,FB_b1dm0SRY,0.0023859242598215,0.0012635278701782,50,0.0011223963896433,A
valid,key.V.p20.point,delete,FB_b1dm0SRY$_$8,FB_b1dm0SRY,0.0006533662478129,0.0023943924903869,50,-0.0017410262425739999,V
valid,key.J.p20.joint,delete,FB_b1dm0SRY$_$8,FB_b1dm0SRY,0.1096577743689219,0.0301426933209101,50,0.0795150810480118,J
valid,key.T.p20.point,delete,FxxJB8hBpyQ$_$1,FxxJB8hBpyQ,0.1015601133306821,0.0778981452683607,50,0.023661968062321403,T
valid,key.A.p20.point,delete,FxxJB8hBpyQ$_$1,FxxJB8hBpyQ,0.0136432150999704,0.0070111885170141,50,0.0066320265829563005,A
valid,key.V.p20.point,delete,FxxJB8hBpyQ$_$1,FxxJB8hBpyQ,0.0171951005856196,0.0035394738117853,50,0.0136556267738343,V
valid,key.J.p20.joint,delete,FxxJB8hBpyQ$_$1,FxxJB8hBpyQ,0.0949493596951166,0.095028428286314,50,-7.906859119739817e-05,J
valid,key.T.p20.point,delete,Fy0Uid9afM8$_$0,Fy0Uid9afM8,0.0561884772032499,0.0376438451806704,50,0.0185446320225795,T
valid,key.A.p20.point,delete,Fy0Uid9afM8$_$0,Fy0Uid9afM8,0.006930259677271,0.0037384588911663,50,0.0031918007861047,A
valid,key.V.p20.point,delete,Fy0Uid9afM8$_$0,Fy0Uid9afM8,0.0023107280333836,0.0017895891952017,50,0.0005211388381819,V
valid,key.J.p20.joint,delete,Fy0Uid9afM8$_$0,Fy0Uid9afM8,0.083789711818099,0.0356879640064047,50,0.048101747811694295,J
valid,key.T.p20.point,delete,Fy0Uid9afM8$_$3,Fy0Uid9afM8,0.1917336213712891,0.0779917253460735,50,0.1137418960252156,T
valid,key.A.p20.point,delete,Fy0Uid9afM8$_$3,Fy0Uid9afM8,0.0081397319833437,0.0044038595297994,50,0.0037358724535443005,A
valid,key.V.p20.point,delete,Fy0Uid9afM8$_$3,Fy0Uid9afM8,0.0033805668354034,0.0017015092408594,50,0.0016790575945439998,V
valid,key.J.p20.joint,delete,Fy0Uid9afM8$_$3,Fy0Uid9afM8,0.1673455887163678,0.0648348205016615,50,0.10251076821470628,J
valid,key.T.p20.point,delete,Fy0Uid9afM8$_$5,Fy0Uid9afM8,0.2249968821803728,0.0374334674126779,50,0.18756341476769492,T
valid,key.A.p20.point,delete,Fy0Uid9afM8$_$5,Fy0Uid9afM8,0.0102369561791419,0.0039496475706497,50,0.0062873086084921995,A
valid,key.J.p20.joint,delete,Fy0Uid9afM8$_$5,Fy0Uid9afM8,0.2237700000405311,0.0484660779878807,50,0.1753039220526504,J
valid,key.T.p20.point,delete,Fy0Uid9afM8$_$4,Fy0Uid9afM8,0.0072954023877779,0.0358671275455327,7,-0.0285717251577548,T
valid,key.A.p20.point,delete,Fy0Uid9afM8$_$4,Fy0Uid9afM8,0.0112001846234003,0.0034346172497386,7,0.0077655673736617,A
valid,key.V.p20.point,delete,Fy0Uid9afM8$_$4,Fy0Uid9afM8,0.0013270551959673,0.0011160378286867,27,0.0002110173672806,V
valid,key.J.p20.joint,delete,Fy0Uid9afM8$_$4,Fy0Uid9afM8,0.0527226937313874,0.0205013236651817,8,0.03222137006620571,J
valid,key.T.p20.point,delete,H1DpVwktfDQ$_$0,H1DpVwktfDQ,0.1657807603478431,0.0523934867683177,50,0.11338727357952538,T
valid,key.A.p20.point,delete,H1DpVwktfDQ$_$0,H1DpVwktfDQ,0.0046381006638209,0.0027941199516256,50,0.0018439807121953004,A
valid,key.J.p20.joint,delete,H1DpVwktfDQ$_$0,H1DpVwktfDQ,0.1169539615511894,0.0356113304698374,50,0.081342631081352,J
valid,key.T.p20.point,delete,HGicRLwgtkM$_$1,HGicRLwgtkM,0.0868772268295288,0.0491842954357465,50,0.0376929313937823,T
valid,key.A.p20.point,delete,HGicRLwgtkM$_$1,HGicRLwgtkM,0.001295655965805,0.0023548899094263,50,-0.0010592339436213002,A
valid,key.V.p20.point,delete,HGicRLwgtkM$_$1,HGicRLwgtkM,0.0377355565627416,0.0132022698720296,2,0.024533286690712,V
valid,key.J.p20.joint,delete,HGicRLwgtkM$_$1,HGicRLwgtkM,0.1083570073048273,0.043182927519083,50,0.0651740797857443,J
valid,key.T.p20.point,delete,HGicRLwgtkM$_$3,HGicRLwgtkM,0.0849766433238983,0.0347659558942541,50,0.0502106874296442,T
valid,key.A.p20.point,delete,HGicRLwgtkM$_$3,HGicRLwgtkM,0.0049395834406216,0.0046424973259369,50,0.00029708611468470033,A
valid,key.V.p20.point,delete,HGicRLwgtkM$_$3,HGicRLwgtkM,0.0135708649953206,0.0063089973355333,50,0.0072618676597873,V
valid,key.J.p20.joint,delete,HGicRLwgtkM$_$3,HGicRLwgtkM,0.0816685582200686,0.0375912510355313,50,0.044077307184537305,J
valid,key.T.p20.point,delete,HGicRLwgtkM$_$2,HGicRLwgtkM,0.1457393864790598,0.0561814344425996,50,0.08955795203646019,T
valid,key.A.p20.point,delete,HGicRLwgtkM$_$2,HGicRLwgtkM,0.0049846818049748,0.0026345754663149,50,0.0023501063386599,A
valid,key.V.p20.point,delete,HGicRLwgtkM$_$2,HGicRLwgtkM,0.0037509848674138,0.0045550786455472,50,-0.0008040937781333998,V
valid,key.J.p20.joint,delete,HGicRLwgtkM$_$2,HGicRLwgtkM,0.1149416317542394,0.0338558827340602,50,0.0810857490201792,J
valid,key.T.p20.point,delete,HGicRLwgtkM$_$6,HGicRLwgtkM,0.1543507327636083,0.031311340034008,50,0.12303939272960031,T
valid,key.A.p20.point,delete,HGicRLwgtkM$_$6,HGicRLwgtkM,0.0017230262358983,0.0015409289797147,50,0.00018209725618359993,A
valid,key.V.p20.point,delete,HGicRLwgtkM$_$6,HGicRLwgtkM,0.0181048562129338,0.0031731141110261,4,0.014931742101907702,V
valid,key.J.p20.joint,delete,HGicRLwgtkM$_$6,HGicRLwgtkM,0.1518940130869547,0.0494779958824316,50,0.10241601720452309,J
valid,key.T.p20.point,delete,HmXXW45eZL4$_$1,HmXXW45eZL4,0.0333583106597264,0.0466569416721661,50,-0.0132986310124397,T
valid,key.A.p20.point,delete,HmXXW45eZL4$_$1,HmXXW45eZL4,0.0036633511384328,0.006283080826203,50,-0.0026197296877702,A
valid,key.V.p20.point,delete,HmXXW45eZL4$_$1,HmXXW45eZL4,0.0017334818840026,0.0010730546216169,50,0.0006604272623856999,V
valid,key.J.p20.joint,delete,HmXXW45eZL4$_$1,HmXXW45eZL4,0.0305376897255579,0.0601135060066978,50,-0.0295758162811399,J
valid,key.T.p20.point,delete,HmXXW45eZL4$_$4,HmXXW45eZL4,0.3384525676568349,0.0176909897724787,50,0.3207615778843562,T
valid,key.A.p20.point,delete,HmXXW45eZL4$_$4,HmXXW45eZL4,0.0004719893137613,0.0015700507164001,50,-0.0010980614026388,A
valid,key.V.p20.point,delete,HmXXW45eZL4$_$4,HmXXW45eZL4,0.0027484993139902,0.0011203857262929,50,0.0016281135876973,V
valid,key.J.p20.joint,delete,HmXXW45eZL4$_$4,HmXXW45eZL4,0.3360672245422999,0.0147501803437868,50,0.32131704419851315,J
valid,key.T.p20.point,delete,IM6HW1HwHhM$_$11,IM6HW1HwHhM,0.0508840642869472,0.0689512738018917,50,-0.018067209514944498,T
valid,key.A.p20.point,delete,IM6HW1HwHhM$_$11,IM6HW1HwHhM,0.0230558700859546,0.0078379949120183,50,0.0152178751739363,A
valid,key.V.p20.point,delete,IM6HW1HwHhM$_$11,IM6HW1HwHhM,0.0030381213873624,0.0013518414956827,50,0.0016862798916796999,V
valid,key.J.p20.joint,delete,IM6HW1HwHhM$_$11,IM6HW1HwHhM,0.0565101181467374,0.059847083184868,50,-0.0033369650381306,J
valid,key.T.p20.point,delete,IM6HW1HwHhM$_$15,IM6HW1HwHhM,0.0250144998232523,0.0202175131440162,50,0.0047969866792360975,T
valid,key.A.p20.point,delete,IM6HW1HwHhM$_$15,IM6HW1HwHhM,0.004176785548528,0.0026008306940396,50,0.0015759548544883998,A
valid,key.V.p20.point,delete,IM6HW1HwHhM$_$15,IM6HW1HwHhM,0.00309353073438,0.0016588512063026,50,0.0014346795280774,V
valid,key.J.p20.joint,delete,IM6HW1HwHhM$_$15,IM6HW1HwHhM,0.0358978410561879,0.0174813319245974,50,0.0184165091315905,J
valid,key.T.p20.point,delete,IM6HW1HwHhM$_$17,IM6HW1HwHhM,0.0616750990351041,0.0289645491043726,50,0.0327105499307315,T
valid,key.A.p20.point,delete,IM6HW1HwHhM$_$17,IM6HW1HwHhM,0.0032442435622215,0.0025942293306191,50,0.0006500142316024004,A
valid,key.V.p20.point,delete,IM6HW1HwHhM$_$17,IM6HW1HwHhM,0.0192385787765185,0.006645299543937,50,0.012593279232581502,V
valid,key.J.p20.joint,delete,IM6HW1HwHhM$_$17,IM6HW1HwHhM,0.0088438962896664,0.0302978234489758,50,-0.021453927159309397,J
valid,key.T.p20.point,delete,IUmxJNs2zaY$_$3,IUmxJNs2zaY,0.1855971068143844,0.0260043127338091,50,0.1595927940805753,T
valid,key.A.p20.point,delete,IUmxJNs2zaY$_$3,IUmxJNs2zaY,0.003740241130193,0.0029655071099599,50,0.0007747340202330999,A
valid,key.V.p20.point,delete,IUmxJNs2zaY$_$3,IUmxJNs2zaY,0.0022119581699371,0.0019684165716171,50,0.00024354159831999978,V
valid,key.J.p20.joint,delete,IUmxJNs2zaY$_$3,IUmxJNs2zaY,0.1345112472772598,0.0329627028107643,50,0.1015485444664955,J
valid,key.T.p20.point,delete,IUmxJNs2zaY$_$2,IUmxJNs2zaY,0.2236783678332964,0.0792259354260749,50,0.1444524324072215,T
valid,key.A.p20.point,delete,IUmxJNs2zaY$_$2,IUmxJNs2zaY,0.0008837431669235,0.0021006986498832,50,-0.0012169554829597,A
valid,key.V.p20.point,delete,IUmxJNs2zaY$_$2,IUmxJNs2zaY,0.0146544377009073,0.0028318018714586,50,0.0118226358294487,V
valid,key.J.p20.joint,delete,IUmxJNs2zaY$_$2,IUmxJNs2zaY,0.2810403869176904,0.0921301307956067,50,0.1889102561220837,J
valid,key.T.p20.point,delete,JAnRCQ9A0vI$_$1,JAnRCQ9A0vI,0.0273541212081909,0.0202480712532997,50,0.0071060499548912005,T
valid,key.A.p20.point,delete,JAnRCQ9A0vI$_$1,JAnRCQ9A0vI,0.003372440735499,0.0031201394399007,50,0.00025230129559829966,A
valid,key.V.p20.point,delete,JAnRCQ9A0vI$_$1,JAnRCQ9A0vI,0.0062280098597208,0.0030800700187683,3,0.0031479398409525,V
valid,key.J.p20.joint,delete,JAnRCQ9A0vI$_$1,JAnRCQ9A0vI,0.0270424683888753,0.021160834133625,50,0.0058816342552503,J
valid,key.T.p20.point,delete,JAnRCQ9A0vI$_$0,JAnRCQ9A0vI,0.0401065200567245,0.0382094271481037,8,0.0018970929086207997,T
valid,key.A.p20.point,delete,JAnRCQ9A0vI$_$0,JAnRCQ9A0vI,0.0157575259606043,0.0071008385469516,8,0.008656687413652699,A
valid,key.V.p20.point,delete,JAnRCQ9A0vI$_$0,JAnRCQ9A0vI,0.0007388691107432,0.0002502755572398,8,0.0004885935535034,V
valid,key.J.p20.joint,delete,JAnRCQ9A0vI$_$0,JAnRCQ9A0vI,0.0479624768098195,0.0420398414134979,8,0.005922635396321603,J
valid,key.T.p20.point,delete,JAnRCQ9A0vI$_$3,JAnRCQ9A0vI,0.0572244922320048,0.0172584049900372,50,0.039966087241967596,T
valid,key.A.p20.point,delete,JAnRCQ9A0vI$_$3,JAnRCQ9A0vI,0.0011705160140991,0.0019451475143432,50,-0.0007746315002440999,A
valid,key.V.p20.point,delete,JAnRCQ9A0vI$_$3,JAnRCQ9A0vI,0.0030269622802734,0.0011281245946884,50,0.0018988376855850002,V
valid,key.J.p20.joint,delete,JAnRCQ9A0vI$_$3,JAnRCQ9A0vI,0.0593481063842773,0.0161609674493471,50,0.0431871389349302,J
valid,key.T.p20.point,delete,JAnRCQ9A0vI$_$2,JAnRCQ9A0vI,0.0536815722783406,0.0146321872870127,50,0.0390493849913279,T
valid,key.A.p20.point,delete,JAnRCQ9A0vI$_$2,JAnRCQ9A0vI,0.0035758316516876,0.0012376924355824,50,0.0023381392161052,A
valid,key.V.p20.point,delete,JAnRCQ9A0vI$_$2,JAnRCQ9A0vI,0.0090745985507965,0.0027759869893391,50,0.0062986115614574005,V
valid,key.J.p20.joint,delete,JAnRCQ9A0vI$_$2,JAnRCQ9A0vI,0.0439921915531158,0.011256553530693,50,0.032735638022422804,J
valid,key.T.p20.point,delete,JAnRCQ9A0vI$_$5,JAnRCQ9A0vI,0.1554324006040891,0.0289482826491196,50,0.1264841179549695,T
valid,key.A.p20.point,delete,JAnRCQ9A0vI$_$5,JAnRCQ9A0vI,0.0093849301338195,0.0032223453124364,50,0.006162584821383101,A
valid,key.J.p20.joint,delete,JAnRCQ9A0vI$_$5,JAnRCQ9A0vI,0.1521534596880277,0.0330997992058595,50,0.1190536604821682,J
valid,key.T.p20.point,delete,JAnRCQ9A0vI$_$4,JAnRCQ9A0vI,0.0637479865302642,0.0261057783748644,50,0.0376422081553998,T
valid,key.A.p20.point,delete,JAnRCQ9A0vI$_$4,JAnRCQ9A0vI,0.0025831591337919,0.0036531309410929,50,-0.0010699718073009998,A
valid,key.V.p20.point,delete,JAnRCQ9A0vI$_$4,JAnRCQ9A0vI,0.0130698215216398,0.0032669351238644,11,0.0098028863977754,V
valid,key.J.p20.joint,delete,JAnRCQ9A0vI$_$4,JAnRCQ9A0vI,0.0239239775886138,0.0245424503701118,50,-0.0006184727814980001,J
valid,key.T.p20.point,delete,JAnRCQ9A0vI$_$8,JAnRCQ9A0vI,0.0888710270325342,0.0205046234528223,50,0.06836640357971191,T
valid,key.A.p20.point,delete,JAnRCQ9A0vI$_$8,JAnRCQ9A0vI,0.0061832865079243,0.0028095004955927,50,0.0033737860123316003,A
valid,key.V.p20.point,delete,JAnRCQ9A0vI$_$8,JAnRCQ9A0vI,0.0018900036811828,0.0009371024370193,50,0.0009529012441635,V
valid,key.J.p20.joint,delete,JAnRCQ9A0vI$_$8,JAnRCQ9A0vI,0.1043362120787302,0.0234334551294644,50,0.0809027569492658,J
valid,key.T.p20.point,delete,JOK1SSmPtFw$_$10,JOK1SSmPtFw,0.0980099240938822,0.0248365180939435,50,0.07317340599993871,T
valid,key.A.p20.point,delete,JOK1SSmPtFw$_$10,JOK1SSmPtFw,0.0037746628125508,0.0037531416118144,50,2.1521200736399765e-05,A
valid,key.V.p20.point,delete,JOK1SSmPtFw$_$10,JOK1SSmPtFw,0.002071442703406,0.0016440881292025,50,0.00042735457420349987,V
valid,key.J.p20.joint,delete,JOK1SSmPtFw$_$10,JOK1SSmPtFw,0.0964520275592804,0.0255149567623933,50,0.0709370707968871,J
valid,key.T.p20.point,delete,JOK1SSmPtFw$_$13,JOK1SSmPtFw,0.0719904005527496,0.0461334861814975,50,0.025856914371252107,T
valid,key.A.p20.point,delete,JOK1SSmPtFw$_$13,JOK1SSmPtFw,0.0028871397177378,0.0044865598281224,50,-0.0015994201103845997,A
valid,key.V.p20.point,delete,JOK1SSmPtFw$_$13,JOK1SSmPtFw,0.0022514760494232,0.0021562698483467,50,9.520620107650009e-05,V
valid,key.J.p20.joint,delete,JOK1SSmPtFw$_$13,JOK1SSmPtFw,0.0366796950499216,0.0341434345642725,50,0.0025362604856491028,J
valid,key.T.p20.point,delete,JOK1SSmPtFw$_$14,JOK1SSmPtFw,0.0163346255819002,0.0287996293852726,50,-0.012465003803372399,T
valid,key.A.p20.point,delete,JOK1SSmPtFw$_$14,JOK1SSmPtFw,0.0027339980006217,0.0026974529524644,50,3.65450481573e-05,A
valid,key.V.p20.point,delete,JOK1SSmPtFw$_$14,JOK1SSmPtFw,0.0012353683511416,0.0013635665675004,50,-0.00012819821635879996,V
valid,key.J.p20.joint,delete,JOK1SSmPtFw$_$14,JOK1SSmPtFw,0.0166934306422869,0.025064034362634,50,-0.008370603720347102,J
valid,key.T.p20.point,delete,JOK1SSmPtFw$_$16,JOK1SSmPtFw,0.0355728243788083,0.021803662503759,50,0.013769161875049299,T
valid,key.A.p20.point,delete,JOK1SSmPtFw$_$16,JOK1SSmPtFw,0.0035712694128354,0.0031317196786403,50,0.00043954973419510013,A
valid,key.V.p20.point,delete,JOK1SSmPtFw$_$16,JOK1SSmPtFw,0.0016817947228749,0.001555778508385,50,0.00012601621448990008,V
valid,key.J.p20.joint,delete,JOK1SSmPtFw$_$16,JOK1SSmPtFw,0.0458107491334279,0.0234021790449817,50,0.022408570088446197,J
valid,key.T.p20.point,delete,JOK1SSmPtFw$_$0,JOK1SSmPtFw,0.0834936102231343,0.0194630752007166,50,0.0640305350224177,T
valid,key.A.p20.point,delete,JOK1SSmPtFw$_$0,JOK1SSmPtFw,0.0001343488693237,0.0011885303258895,50,-0.0010541814565657999,A
valid,key.V.p20.point,delete,JOK1SSmPtFw$_$0,JOK1SSmPtFw,0.0020616153875986,0.0010308686892191,50,0.0010307466983795,V
valid,key.J.p20.joint,delete,JOK1SSmPtFw$_$0,JOK1SSmPtFw,0.0887106756369272,0.017038079102834,50,0.07167259653409319,J
valid,key.T.p20.point,delete,JOK1SSmPtFw$_$5,JOK1SSmPtFw,0.169200931986173,0.0402745352188746,50,0.1289263967672984,T
valid,key.A.p20.point,delete,JOK1SSmPtFw$_$5,JOK1SSmPtFw,0.0040255735317866,0.0029415023326873,50,0.0010840711990993002,A
valid,key.V.p20.point,delete,JOK1SSmPtFw$_$5,JOK1SSmPtFw,0.0049832711617151,0.0021961777408917,50,0.0027870934208233996,V
valid,key.J.p20.joint,delete,JOK1SSmPtFw$_$5,JOK1SSmPtFw,0.1680650388201078,0.0480353353420893,50,0.12002970347801849,J
valid,key.T.p20.point,delete,JOK1SSmPtFw$_$4,JOK1SSmPtFw,0.2728740759193897,0.027486315369606,10,0.24538776054978373,T
valid,key.A.p20.point,delete,JOK1SSmPtFw$_$4,JOK1SSmPtFw,0.0078589618206024,0.0027179802457491,50,0.0051409815748533,A
valid,key.V.p20.point,delete,JOK1SSmPtFw$_$4,JOK1SSmPtFw,0.0077615976333618,0.0023583124081293,10,0.0054032852252325,V
valid,key.J.p20.joint,delete,JOK1SSmPtFw$_$4,JOK1SSmPtFw,0.2768955305218696,0.0287042165795962,10,0.2481913139422734,J
valid,key.T.p20.point,delete,JOK1SSmPtFw$_$8,JOK1SSmPtFw,0.0454311544696489,0.0362316286067167,50,0.009199525862932198,T
valid,key.A.p20.point,delete,JOK1SSmPtFw$_$8,JOK1SSmPtFw,0.0020371526479721,0.0025140163799126,50,-0.0004768637319405001,A
valid,key.V.p20.point,delete,JOK1SSmPtFw$_$8,JOK1SSmPtFw,0.003235749900341,0.001754054625829,50,0.001481695274512,V
valid,key.J.p20.joint,delete,JOK1SSmPtFw$_$8,JOK1SSmPtFw,0.0034307067592938,0.0287211400767167,12,-0.0252904333174229,J
valid,key.T.p20.point,delete,JPT38CA3sGI$_$1,JPT38CA3sGI,0.0446938437720139,0.0424702351711069,50,0.0022236086009069997,T
valid,key.A.p20.point,delete,JPT38CA3sGI$_$1,JPT38CA3sGI,0.0115609653294086,0.0069122417022784,50,0.004648723627130201,A
valid,key.V.p20.point,delete,JPT38CA3sGI$_$1,JPT38CA3sGI,0.0008595610658327,0.0025556496530771,50,-0.0016960885872444,V
valid,key.J.p20.joint,delete,JPT38CA3sGI$_$1,JPT38CA3sGI,0.0539349329968293,0.0417235253254572,50,0.012211407671372097,J
valid,key.T.p20.point,delete,JPT38CA3sGI$_$0,JPT38CA3sGI,0.1630650106817484,0.0775846746375706,50,0.08548033604417779,T
valid,key.A.p20.point,delete,JPT38CA3sGI$_$0,JPT38CA3sGI,0.0037967910369237,0.0018953003485997,50,0.001901490688324,A
valid,key.V.p20.point,delete,JPT38CA3sGI$_$0,JPT38CA3sGI,0.0089369962612787,0.004421326170365,50,0.0045156700909137,V
valid,key.J.p20.joint,delete,JPT38CA3sGI$_$0,JPT38CA3sGI,0.1613316571650405,0.0657366502153066,50,0.0955950069497339,J
valid,key.T.p20.point,delete,JPT38CA3sGI$_$5,JPT38CA3sGI,0.1088558298846085,0.0294515483329693,50,0.0794042815516392,T
valid,key.A.p20.point,delete,JPT38CA3sGI$_$5,JPT38CA3sGI,0.0048855158189932,0.0029494775334993,50,0.0019360382854938995,A
valid,key.V.p20.point,delete,JPT38CA3sGI$_$5,JPT38CA3sGI,0.0005109819273153,0.0020183060318231,20,-0.0015073241045077998,V
valid,key.J.p20.joint,delete,JPT38CA3sGI$_$5,JPT38CA3sGI,0.0687344136337439,0.0398789047630447,33,0.028855508870699202,J
valid,key.T.p20.point,delete,JVpF99zuQhA$_$0,JVpF99zuQhA,0.091516022880872,0.0239278513689835,50,0.0675881715118885,T
valid,key.A.p20.point,delete,JVpF99zuQhA$_$0,JVpF99zuQhA,0.011765827735265,0.0058134973049163,50,0.0059523304303487,A
valid,key.V.p20.point,delete,JVpF99zuQhA$_$0,JVpF99zuQhA,0.0008011211951573,0.000628176232179,50,0.00017294496297829993,V
valid,key.J.p20.joint,delete,JVpF99zuQhA$_$0,JVpF99zuQhA,0.0942709495623906,0.022750118424495,50,0.07152083113789559,J
valid,key.T.p20.point,delete,JVpF99zuQhA$_$2,JVpF99zuQhA,0.0234481617808341,0.0180681636619071,50,0.005379998118927001,T
valid,key.A.p20.point,delete,JVpF99zuQhA$_$2,JVpF99zuQhA,0.0076977921028931,0.0033162465691566,50,0.0043815455337365,A
valid,key.V.p20.point,delete,JVpF99zuQhA$_$2,JVpF99zuQhA,0.0024145084122816,0.0013777570426464,50,0.0010367513696352,V
valid,key.J.p20.joint,delete,JVpF99zuQhA$_$2,JVpF99zuQhA,0.022692955409487,0.0196919123389913,50,0.0030010430704957014,J
valid,key.T.p20.point,delete,JVpF99zuQhA$_$4,JVpF99zuQhA,0.0058166682720184,0.0244405524432659,50,-0.018623884171247503,T
valid,key.A.p20.point,delete,JVpF99zuQhA$_$4,JVpF99zuQhA,0.0030620569984118,0.0030937491108973,50,-3.169211248549991e-05,A
valid,key.V.p20.point,delete,JVpF99zuQhA$_$4,JVpF99zuQhA,0.0022599709530671,0.0012711819758017,50,0.0009887889772654,V
valid,key.J.p20.joint,delete,JVpF99zuQhA$_$4,JVpF99zuQhA,0.0070262774825096,0.0223861871659755,50,-0.0153599096834659,J
valid,key.T.p20.point,delete,K0m1tO3Ybyc$_$15,K0m1tO3Ybyc,0.1798509806394577,0.0441480048497517,50,0.135702975789706,T
valid,key.A.p20.point,delete,K0m1tO3Ybyc$_$15,K0m1tO3Ybyc,0.005686750014623,0.0033371836850137,11,0.0023495663296093,A
valid,key.V.p20.point,delete,K0m1tO3Ybyc$_$15,K0m1tO3Ybyc,0.0024708012739817,0.0024871929486592,50,-1.639167467749978e-05,V
valid,key.J.p20.joint,delete,K0m1tO3Ybyc$_$15,K0m1tO3Ybyc,0.1439030865828196,0.0344806584715843,50,0.10942242811123531,J
valid,key.T.p20.point,delete,K0m1tO3Ybyc$_$8,K0m1tO3Ybyc,0.0916665742794672,0.0806626374584933,50,0.011003936820973906,T
valid,key.A.p20.point,delete,K0m1tO3Ybyc$_$8,K0m1tO3Ybyc,0.0045723617076873,0.0033408054709434,50,0.0012315562367439,A
valid,key.V.p20.point,delete,K0m1tO3Ybyc$_$8,K0m1tO3Ybyc,0.005195731918017,0.0045389502743879,50,0.0006567816436291,V
valid,key.J.p20.joint,delete,K0m1tO3Ybyc$_$8,K0m1tO3Ybyc,0.0903132160504659,0.089167371255656,50,0.0011458447948098915,J
valid,key.T.p20.point,delete,K8gp7ncdUl8$_$5,K8gp7ncdUl8,0.2771117724478245,0.102375098237923,50,0.17473667420990147,T
valid,key.A.p20.point,delete,K8gp7ncdUl8$_$5,K8gp7ncdUl8,0.0037059212724367,0.0045863841474056,50,-0.0008804628749688997,A
valid,key.V.p20.point,delete,K8gp7ncdUl8$_$5,K8gp7ncdUl8,0.0025367314616839,0.0018058702349662,50,0.0007308612267176999,V
valid,key.J.p20.joint,delete,K8gp7ncdUl8$_$5,K8gp7ncdUl8,0.2774486169219017,0.1028257428637395,50,0.1746228740581622,J
valid,key.T.p20.point,delete,KDjl2exStlI$_$10,KDjl2exStlI,0.0167428599670529,0.0339402825136656,12,-0.0171974225466127,T
valid,key.A.p20.point,delete,KDjl2exStlI$_$10,KDjl2exStlI,0.0024484563424872,0.0030773622560081,50,-0.0006289059135208999,A
valid,key.V.p20.point,delete,KDjl2exStlI$_$10,KDjl2exStlI,0.004174694729348,0.0029877022057512,12,0.0011869925235968,V
valid,key.J.p20.joint,delete,KDjl2exStlI$_$10,KDjl2exStlI,0.2159986483554045,0.0360071923958215,50,0.179991455959583,J
valid,key.T.p20.point,delete,KDjl2exStlI$_$13,KDjl2exStlI,0.000852346420288,0.0150241732566306,50,-0.014171826836342601,T
valid,key.A.p20.point,delete,KDjl2exStlI$_$13,KDjl2exStlI,0.0044182700415452,0.0020571440644562,50,0.002361125977089,A
valid,key.V.p20.point,delete,KDjl2exStlI$_$13,KDjl2exStlI,0.0010605671753486,0.001072659480075,50,-1.2092304726400152e-05,V
valid,key.J.p20.joint,delete,KDjl2exStlI$_$13,KDjl2exStlI,0.0107795490572849,0.009440185278654,50,0.0013393637786309007,J
valid,key.T.p20.point,delete,KDjl2exStlI$_$5,KDjl2exStlI,0.0107677492002646,0.0091940601418415,50,0.0015736890584230993,T
valid,key.A.p20.point,delete,KDjl2exStlI$_$5,KDjl2exStlI,0.0018085887034734,0.001639732196927,50,0.0001688565065464001,A
valid,key.V.p20.point,delete,KDjl2exStlI$_$5,KDjl2exStlI,0.0013903255263964,0.0005779053519169,50,0.0008124201744795,V
valid,key.J.p20.joint,delete,KDjl2exStlI$_$5,KDjl2exStlI,0.0125249611834685,0.012915203894178,50,-0.00039024271070950065,J
valid,key.T.p20.point,delete,KDjl2exStlI$_$4,KDjl2exStlI,0.0362382357319196,0.0313034369113544,50,0.004934798820565203,T
valid,key.A.p20.point,delete,KDjl2exStlI$_$4,KDjl2exStlI,0.0031434831519921,0.0027665418386459,50,0.0003769413133462001,A
valid,key.V.p20.point,delete,KDjl2exStlI$_$4,KDjl2exStlI,0.0003884347776571,0.0014899999524156,50,-0.0011015651747585,V
valid,key.J.p20.joint,delete,KDjl2exStlI$_$4,KDjl2exStlI,0.0560357340921958,0.0292811637891766,50,0.026754570303019202,J
valid,key.T.p20.point,delete,KkKWFZZmmCM$_$1,KkKWFZZmmCM,0.2731037015716235,0.0420496315757433,50,0.2310540699958802,T
valid,key.A.p20.point,delete,KkKWFZZmmCM$_$1,KkKWFZZmmCM,0.0046760340531667,0.0027406829595565,50,0.0019353510936102,A
valid,key.V.p20.point,delete,KkKWFZZmmCM$_$1,KkKWFZZmmCM,0.0009997685750325,0.0006721528371175,50,0.000327615737915,V
valid,key.J.p20.joint,delete,KkKWFZZmmCM$_$1,KkKWFZZmmCM,0.2000776380300521,0.0361133652925491,50,0.163964272737503,J
valid,key.T.p20.point,delete,KpMCvUyQCXg$_$1,KpMCvUyQCXg,0.0373610531290372,0.026978111276403,50,0.010382941852634203,T
valid,key.A.p20.point,delete,KpMCvUyQCXg$_$1,KpMCvUyQCXg,0.0082402105132738,0.0039272983965929,50,0.0043129121166809,A
valid,key.V.p20.point,delete,KpMCvUyQCXg$_$1,KpMCvUyQCXg,0.0012536446253458,0.0033226032042875,50,-0.0020689585789417002,V
valid,key.J.p20.joint,delete,KpMCvUyQCXg$_$1,KpMCvUyQCXg,0.0586630130807558,0.0243554563779616,50,0.0343075567027942,J
valid,key.T.p20.point,delete,KpMCvUyQCXg$_$3,KpMCvUyQCXg,0.0402678251266479,0.0299214803012243,50,0.010346344825423601,T
valid,key.A.p20.point,delete,KpMCvUyQCXg$_$3,KpMCvUyQCXg,0.0023487011591593,0.0030122667302687,50,-0.0006635655711094003,A
valid,key.V.p20.point,delete,KpMCvUyQCXg$_$3,KpMCvUyQCXg,0.0031301478544871,0.0034201125800609,50,-0.0002899647255738,V
valid,key.J.p20.joint,delete,KpMCvUyQCXg$_$3,KpMCvUyQCXg,0.0216534162561098,0.0263086122041568,50,-0.004655195948047003,J
valid,key.T.p20.point,delete,KpMCvUyQCXg$_$5,KpMCvUyQCXg,0.0802014966805775,0.0417196670174598,50,0.038481829663117695,T
valid,key.A.p20.point,delete,KpMCvUyQCXg$_$5,KpMCvUyQCXg,0.0049313803513844,0.0040462652842203,50,0.0008851150671640995,A
valid,key.V.p20.point,delete,KpMCvUyQCXg$_$5,KpMCvUyQCXg,0.0146946807702382,0.0056625685344139,16,0.0090321122358243,V
valid,key.J.p20.joint,delete,KpMCvUyQCXg$_$5,KpMCvUyQCXg,0.0658826828002929,0.0451218256851037,50,0.0207608571151892,J
valid,key.T.p20.point,delete,L1eFHRQGFeg$_$2,L1eFHRQGFeg,0.1429778610666593,0.0765571093031515,50,0.0664207517635078,T
valid,key.A.p20.point,delete,L1eFHRQGFeg$_$2,L1eFHRQGFeg,0.0080716734131177,0.0031132854086657,50,0.004958388004451999,A
valid,key.V.p20.point,delete,L1eFHRQGFeg$_$2,L1eFHRQGFeg,0.0137635606030623,0.005274527274693,50,0.0084890333283693,V
valid,key.J.p20.joint,delete,L1eFHRQGFeg$_$2,L1eFHRQGFeg,0.1494064306219419,0.0816202185776395,50,0.0677862120443024,J
valid,key.T.p20.point,delete,MCsvw5-7lVE$_$1,MCsvw5-7lVE,0.0232120156288146,0.0271606330076853,50,-0.0039486173788707,T
valid,key.A.p20.point,delete,MCsvw5-7lVE$_$1,MCsvw5-7lVE,0.0052875975767771,0.0016848176717758,50,0.0036027799050013,A
valid,key.V.p20.point,delete,MCsvw5-7lVE$_$1,MCsvw5-7lVE,0.0009233951568603,0.0024660378694534,50,-0.0015426427125930999,V
valid,key.J.p20.joint,delete,MCsvw5-7lVE$_$1,MCsvw5-7lVE,0.0324512521425882,0.0262072776754697,50,0.0062439744671184995,J
valid,key.T.p20.point,delete,MCsvw5-7lVE$_$2,MCsvw5-7lVE,0.0123689671357472,0.0107962720592816,50,0.0015726950764656002,T
valid,key.A.p20.point,delete,MCsvw5-7lVE$_$2,MCsvw5-7lVE,0.0014037291208902,0.0013844418525695,50,1.928726832070007e-05,A
valid,key.V.p20.point,delete,MCsvw5-7lVE$_$2,MCsvw5-7lVE,0.0061949491500854,0.0030265595515569,50,0.0031683895985285,V
valid,key.J.p20.joint,delete,MCsvw5-7lVE$_$2,MCsvw5-7lVE,0.0102287729581197,0.010461351275444,50,-0.00023257831732429943,J
valid,key.T.p20.point,delete,MCsvw5-7lVE$_$4,MCsvw5-7lVE,0.0136279066403706,0.0288791758815447,50,-0.015251269241174098,T
valid,key.A.p20.point,delete,MCsvw5-7lVE$_$4,MCsvw5-7lVE,0.0022165924310684,0.0041602088014284,50,-0.0019436163703599996,A
valid,key.V.p20.point,delete,MCsvw5-7lVE$_$4,MCsvw5-7lVE,0.0027141124010086,0.0030689974625905,50,-0.00035488506158190027,V
valid,key.J.p20.joint,delete,MCsvw5-7lVE$_$4,MCsvw5-7lVE,0.0069078356027603,0.0244582270582516,12,-0.0175503914554913,J
valid,key.T.p20.point,delete,MMpo2bDk-DU$_$10,MMpo2bDk-DU,0.0301975508530934,0.1203239142079837,50,-0.0901263633548903,T
valid,key.A.p20.point,delete,MMpo2bDk-DU$_$10,MMpo2bDk-DU,0.0003826121489206,0.0059486076235771,50,-0.0055659954746565005,A
valid,key.V.p20.point,delete,MMpo2bDk-DU$_$10,MMpo2bDk-DU,0.000344822804133,0.0012252513070901,50,-0.0008804285029571,V
valid,key.J.p20.joint,delete,MMpo2bDk-DU$_$10,MMpo2bDk-DU,0.0690568635861079,0.0971405181956166,50,-0.028083654609508707,J
valid,key.T.p20.point,delete,MMpo2bDk-DU$_$17,MMpo2bDk-DU,0.0685194535180926,0.0247771738954664,50,0.04374227962262621,T
valid,key.A.p20.point,delete,MMpo2bDk-DU$_$17,MMpo2bDk-DU,0.0092461981500188,0.0044216196518391,50,0.0048245784981797,A
valid,key.V.p20.point,delete,MMpo2bDk-DU$_$17,MMpo2bDk-DU,0.0032528763016064,0.0010378962755203,50,0.0022149800260861004,V
valid,key.J.p20.joint,delete,MMpo2bDk-DU$_$17,MMpo2bDk-DU,0.0698478994891047,0.0241624334382747,50,0.04568546605083001,J
valid,key.T.p20.point,delete,MMpo2bDk-DU$_$16,MMpo2bDk-DU,0.0307868309319019,0.0217893733705083,50,0.008997457561393602,T
valid,key.A.p20.point,delete,MMpo2bDk-DU$_$16,MMpo2bDk-DU,0.0094912499189376,0.0046552974482377,50,0.0048359524706999,A
valid,key.V.p20.point,delete,MMpo2bDk-DU$_$16,MMpo2bDk-DU,0.0016493151585261,0.0008123718698819,50,0.0008369432886441999,V
valid,key.J.p20.joint,delete,MMpo2bDk-DU$_$16,MMpo2bDk-DU,0.0194891492525736,0.0207888991044213,50,-0.0012997498518476994,J
valid,key.T.p20.point,delete,MMpo2bDk-DU$_$19,MMpo2bDk-DU,0.1590274820725123,0.0388404475649197,50,0.1201870345075926,T
valid,key.A.p20.point,delete,MMpo2bDk-DU$_$19,MMpo2bDk-DU,0.0061314503351847,0.0025064919392267,50,0.0036249583959580005,A
valid,key.V.p20.point,delete,MMpo2bDk-DU$_$19,MMpo2bDk-DU,0.0018066962560017,0.001256215373675,50,0.0005504808823267001,V
valid,key.J.p20.joint,delete,MMpo2bDk-DU$_$19,MMpo2bDk-DU,0.20160440603892,0.0427982665101687,50,0.15880613952875128,J
valid,key.T.p20.point,delete,MjaaudUc5-4$_$1,MjaaudUc5-4,0.4759511090815067,0.0733000301197171,50,0.4026510789617896,T
valid,key.A.p20.point,delete,MjaaudUc5-4$_$1,MjaaudUc5-4,0.0052848954995473,0.0029912249247233,50,0.002293670574824,A
valid,key.V.p20.point,delete,MjaaudUc5-4$_$1,MjaaudUc5-4,0.0006435314814249,0.0007305510838826,50,-8.701960245770008e-05,V
valid,key.J.p20.joint,delete,MjaaudUc5-4$_$1,MjaaudUc5-4,0.468807394305865,0.0599211644629637,50,0.4088862298429013,J
valid,key.T.p20.point,delete,MjaaudUc5-4$_$0,MjaaudUc5-4,0.0871885145703951,0.0441309933861096,5,0.0430575211842855,T
valid,key.A.p20.point,delete,MjaaudUc5-4$_$0,MjaaudUc5-4,0.0056796222925186,0.0016794224580128,5,0.0040001998345058,A
valid,key.V.p20.point,delete,MjaaudUc5-4$_$0,MjaaudUc5-4,0.000942309697469,0.0003329992294311,5,0.0006093104680379,V
valid,key.J.p20.joint,delete,MjaaudUc5-4$_$0,MjaaudUc5-4,0.0838295680781205,0.0433974807461102,5,0.04043208733201031,J
valid,key.T.p20.point,delete,MjaaudUc5-4$_$3,MjaaudUc5-4,0.2045952578385671,0.0290836322307586,50,0.1755116256078085,T
valid,key.A.p20.point,delete,MjaaudUc5-4$_$3,MjaaudUc5-4,0.0043280124664306,0.0037184568246205,50,0.0006095556418100998,A
valid,key.V.p20.point,delete,MjaaudUc5-4$_$3,MjaaudUc5-4,0.0009601414203643,0.0009106681744257,50,4.947324593859996e-05,V
valid,key.J.p20.joint,delete,MjaaudUc5-4$_$3,MjaaudUc5-4,0.1999622831741968,0.0406340604523817,50,0.15932822272181507,J
valid,key.T.p20.point,delete,MjaaudUc5-4$_$6,MjaaudUc5-4,0.2153978732724984,0.0386945656012921,35,0.1767033076712063,T
valid,key.A.p20.point,delete,MjaaudUc5-4$_$6,MjaaudUc5-4,0.0090170502662658,0.0028974724312623,8,0.0061195778350035,A
valid,key.V.p20.point,delete,MjaaudUc5-4$_$6,MjaaudUc5-4,0.0005226929982503,0.0013586021959781,8,-0.0008359091977278001,V
valid,key.J.p20.joint,delete,MjaaudUc5-4$_$6,MjaaudUc5-4,0.2135581312080224,0.0388489678856872,35,0.1747091633223352,J
valid,key.T.p20.point,delete,MoQmPA7Q07Q$_$1,MoQmPA7Q07Q,0.1184397836526235,0.0454899704456329,50,0.0729498132069906,T
valid,key.A.p20.point,delete,MoQmPA7Q07Q$_$1,MoQmPA7Q07Q,0.0020239055156707,0.0012554772694905,50,0.0007684282461802,A
valid,key.V.p20.point,delete,MoQmPA7Q07Q$_$1,MoQmPA7Q07Q,0.0024929245313008,0.0021631477276484,50,0.0003297768036523998,V
valid,key.J.p20.joint,delete,MoQmPA7Q07Q$_$1,MoQmPA7Q07Q,0.2582646931211154,0.0424926895399888,50,0.21577200358112658,J
valid,key.T.p20.point,delete,MoQmPA7Q07Q$_$2,MoQmPA7Q07Q,0.058494100968043,0.0166163353125254,50,0.041877765655517596,T
valid,key.A.p20.point,delete,MoQmPA7Q07Q$_$2,MoQmPA7Q07Q,0.0011950333913167,0.0016254053513209,50,-0.00043037196000419997,A
valid,key.V.p20.point,delete,MoQmPA7Q07Q$_$2,MoQmPA7Q07Q,0.0036872029304504,0.0010364345709482,50,0.0026507683595022,V
valid,key.J.p20.joint,delete,MoQmPA7Q07Q$_$2,MoQmPA7Q07Q,0.0614076753457387,0.0137531214952468,50,0.0476545538504919,J
valid,key.T.p20.point,delete,N1X63d_jgmw$_$5,N1X63d_jgmw,0.0362874853114287,0.0414602987838831,50,-0.0051728134724544,T
valid,key.A.p20.point,delete,N1X63d_jgmw$_$5,N1X63d_jgmw,0.0232297889888286,0.0084970005601644,50,0.0147327884286642,A
valid,key.V.p20.point,delete,N1X63d_jgmw$_$5,N1X63d_jgmw,0.0056661876539389,0.00192423949639,50,0.0037419481575489003,V
valid,key.J.p20.joint,delete,N1X63d_jgmw$_$5,N1X63d_jgmw,0.0247228952745596,0.0415007471696784,50,-0.016777851895118802,J
valid,key.T.p20.point,delete,N5xfBtD6rLY$_$7,N5xfBtD6rLY,0.1753007893760999,0.0483970057081293,27,0.12690378366797062,T
valid,key.A.p20.point,delete,N5xfBtD6rLY$_$7,N5xfBtD6rLY,0.002159426609675,0.0014764541461143,27,0.0006829724635607,A
valid,key.J.p20.joint,delete,N5xfBtD6rLY$_$7,N5xfBtD6rLY,0.1737608661254247,0.0487610103539478,27,0.1249998557714769,J
valid,key.T.p20.point,delete,NoZsdSGnNpI$_$7,NoZsdSGnNpI,0.0674576958020528,0.0295465842386086,50,0.0379111115634442,T
valid,key.A.p20.point,delete,NoZsdSGnNpI$_$7,NoZsdSGnNpI,0.000520018239816,0.0030645114183425,50,-0.0025444931785265,A
valid,key.V.p20.point,delete,NoZsdSGnNpI$_$7,NoZsdSGnNpI,0.0108301589886347,0.0027739876508712,50,0.008056171337763499,V
valid,key.J.p20.joint,delete,NoZsdSGnNpI$_$7,NoZsdSGnNpI,0.0175886079668998,0.0276189412673314,50,-0.010030333300431602,J
valid,key.T.p20.point,delete,Nrurc5sMUOE$_$5,Nrurc5sMUOE,0.4535172892113526,0.0927278103180773,50,0.3607894788932753,T
valid,key.A.p20.point,delete,Nrurc5sMUOE$_$5,Nrurc5sMUOE,0.0039098858833312,0.0033933751781781,50,0.0005165107051531,A
valid,key.V.p20.point,delete,Nrurc5sMUOE$_$5,Nrurc5sMUOE,0.0005346039930979,0.0009356778860092,50,-0.0004010738929113001,V
valid,key.J.p20.joint,delete,Nrurc5sMUOE$_$5,Nrurc5sMUOE,0.453053464492162,0.1248241542652249,50,0.3282293102269371,J
valid,key.T.p20.point,delete,Nrurc5sMUOE$_$7,Nrurc5sMUOE,0.2197993503262599,0.0522623624031742,50,0.16753698792308572,T
valid,key.A.p20.point,delete,Nrurc5sMUOE$_$7,Nrurc5sMUOE,0.0216443662842114,0.0088282469660043,12,0.012816119318207099,A
valid,key.V.p20.point,delete,Nrurc5sMUOE$_$7,Nrurc5sMUOE,0.001109113295873,0.001109069387118,50,4.3908754999988364e-08,V
valid,key.J.p20.joint,delete,Nrurc5sMUOE$_$7,Nrurc5sMUOE,0.2270384610941012,0.0644592215555409,50,0.1625792395385603,J
valid,key.T.p20.point,delete,Nrurc5sMUOE$_$8,Nrurc5sMUOE,0.0084524477521578,0.0552232268809651,50,-0.0467707791288073,T
valid,key.A.p20.point,delete,Nrurc5sMUOE$_$8,Nrurc5sMUOE,0.0058008233706156,0.0021213611463705,50,0.0036794622242451,A
valid,key.V.p20.point,delete,Nrurc5sMUOE$_$8,Nrurc5sMUOE,0.0011378253499666,0.0013818557560443,50,-0.0002440304060777,V
valid,key.J.p20.joint,delete,Nrurc5sMUOE$_$8,Nrurc5sMUOE,0.0096358334024747,0.0541082823559797,50,-0.044472448953504995,J
valid,key.T.p20.point,delete,NzvNW7vP-Co$_$5,NzvNW7vP-Co,0.1460776726404825,0.0264124901096026,50,0.11966518253087989,T
valid,key.A.p20.point,delete,NzvNW7vP-Co$_$5,NzvNW7vP-Co,0.0038817822933197,0.0013604348897933,50,0.0025213474035264,A
valid,key.V.p20.point,delete,NzvNW7vP-Co$_$5,NzvNW7vP-Co,0.0012425382932027,0.0005714001258214,50,0.0006711381673813001,V
valid,key.J.p20.joint,delete,NzvNW7vP-Co$_$5,NzvNW7vP-Co,0.1477323273817698,0.0218233237663904,50,0.1259090036153794,J
valid,key.T.p20.point,delete,NzvNW7vP-Co$_$4,NzvNW7vP-Co,0.1100057897468407,0.0174579114466905,50,0.0925478783001502,T
valid,key.A.p20.point,delete,NzvNW7vP-Co$_$4,NzvNW7vP-Co,0.0044396718343098,0.0020273775358994,50,0.0024122942984104003,A
valid,key.V.p20.point,delete,NzvNW7vP-Co$_$4,NzvNW7vP-Co,0.0005270987749099,0.0005608789126078,50,-3.378013769790003e-05,V
valid,key.J.p20.joint,delete,NzvNW7vP-Co$_$4,NzvNW7vP-Co,0.1104433524111906,0.0180827448517084,50,0.09236060755948221,J
valid,key.T.p20.point,delete,NzvNW7vP-Co$_$7,NzvNW7vP-Co,0.0570941592256228,0.0553001429637273,50,0.0017940162618954938,T
valid,key.A.p20.point,delete,NzvNW7vP-Co$_$7,NzvNW7vP-Co,0.0044816310207049,0.0022126676390568,50,0.0022689633816481004,A
valid,key.V.p20.point,delete,NzvNW7vP-Co$_$7,NzvNW7vP-Co,0.0021870074172814,0.000789339741071,50,0.0013976676762103997,V
valid,key.J.p20.joint,delete,NzvNW7vP-Co$_$7,NzvNW7vP-Co,0.0698569367329279,0.0448045674168194,50,0.02505236931610849,J
valid,key.T.p20.point,delete,OLP0nCKwU6k$_$6,OLP0nCKwU6k,0.0264681136856476,0.0221974324186643,50,0.0042706812669832984,T
valid,key.A.p20.point,delete,OLP0nCKwU6k$_$6,OLP0nCKwU6k,0.0009820107370615,0.0018775438393155,50,-0.0008955331022540002,A
valid,key.V.p20.point,delete,OLP0nCKwU6k$_$6,OLP0nCKwU6k,0.0011798832565546,0.0006755637253324,50,0.0005043195312222002,V
valid,key.J.p20.joint,delete,OLP0nCKwU6k$_$6,OLP0nCKwU6k,0.0243706634889046,0.0244285241266091,50,-5.7860637704496704e-05,J
valid,key.T.p20.point,delete,OrYBtyO0aPI$_$1,OrYBtyO0aPI,0.0558128704627354,0.0290748829565321,50,0.0267379875062033,T
valid,key.A.p20.point,delete,OrYBtyO0aPI$_$1,OrYBtyO0aPI,0.0064016009370485,0.0045419078071912,50,0.0018596931298573002,A
valid,key.V.p20.point,delete,OrYBtyO0aPI$_$1,OrYBtyO0aPI,0.0031857602298259,0.0015005820120374,4,0.0016851782177884998,V
valid,key.J.p20.joint,delete,OrYBtyO0aPI$_$1,OrYBtyO0aPI,0.0589513890445232,0.0358129366238911,50,0.023138452420632095,J
valid,key.T.p20.point,delete,OrYBtyO0aPI$_$4,OrYBtyO0aPI,0.0487536440292994,0.0264289940396944,5,0.022324649989605,T
valid,key.A.p20.point,delete,OrYBtyO0aPI$_$4,OrYBtyO0aPI,0.0059868544340133,0.001772188146909,5,0.0042146662871043,A
valid,key.V.p20.point,delete,OrYBtyO0aPI$_$4,OrYBtyO0aPI,0.0023987342913945,0.0007788866758346,5,0.0016198476155599001,V
valid,key.J.p20.joint,delete,OrYBtyO0aPI$_$4,OrYBtyO0aPI,0.0506794229149818,0.0264006942510604,5,0.0242787286639214,J
valid,key.T.p20.point,delete,PboaYD5hlG8$_$10,PboaYD5hlG8,0.1158287773529688,0.0432908760507901,50,0.0725379013021787,T
valid,key.A.p20.point,delete,PboaYD5hlG8$_$10,PboaYD5hlG8,0.0007612407207489,0.0031544733047485,50,-0.0023932325839996,A
valid,key.V.p20.point,delete,PboaYD5hlG8$_$10,PboaYD5hlG8,0.0058806290229161,0.002188619573911,50,0.0036920094490050996,V
valid,key.J.p20.joint,delete,PboaYD5hlG8$_$10,PboaYD5hlG8,0.1186869591474533,0.033818206290404,50,0.08486875285704928,J
valid,key.T.p20.point,delete,PboaYD5hlG8$_$3,PboaYD5hlG8,0.0388894031445185,0.0349490936131527,50,0.003940309531365795,T
valid,key.A.p20.point,delete,PboaYD5hlG8$_$3,PboaYD5hlG8,0.0049064109722773,0.002312095661958,50,0.0025943153103193005,A
valid,key.V.p20.point,delete,PboaYD5hlG8$_$3,PboaYD5hlG8,0.0008889933427174,0.0029235126078128,50,-0.0020345192650954003,V
valid,key.J.p20.joint,delete,PboaYD5hlG8$_$3,PboaYD5hlG8,0.0412077059348424,0.0428736333878866,50,-0.001665927453044197,J
valid,key.T.p20.point,delete,PboaYD5hlG8$_$2,PboaYD5hlG8,0.0886042118072509,0.0252959761023521,50,0.0633082357048988,T
valid,key.A.p20.point,delete,PboaYD5hlG8$_$2,PboaYD5hlG8,0.0010166317224502,0.0024499680598576,50,-0.0014333363374074,A
valid,key.V.p20.point,delete,PboaYD5hlG8$_$2,PboaYD5hlG8,0.0268093943595886,0.0090589372316996,50,0.017750457127889,V
valid,key.J.p20.joint,delete,PboaYD5hlG8$_$2,PboaYD5hlG8,0.1141246358553568,0.0190298142532507,50,0.0950948216021061,J
valid,key.T.p20.point,delete,PboaYD5hlG8$_$7,PboaYD5hlG8,0.0536228418350219,0.0383329346776008,50,0.015289907157421102,T
valid,key.A.p20.point,delete,PboaYD5hlG8$_$7,PboaYD5hlG8,0.0049647813042004,0.0053589431941509,50,-0.0003941618899505001,A
valid,key.V.p20.point,delete,PboaYD5hlG8$_$7,PboaYD5hlG8,0.0082551365097363,0.0056043834487597,50,0.0026507530609766,V
valid,key.J.p20.joint,delete,PboaYD5hlG8$_$7,PboaYD5hlG8,0.0152048120896021,0.0318951266010602,50,-0.016690314511458096,J
valid,key.T.p20.point,delete,PboaYD5hlG8$_$9,PboaYD5hlG8,0.0383663574854532,0.0258913878103097,50,0.012474969675143503,T
valid,key.A.p20.point,delete,PboaYD5hlG8$_$9,PboaYD5hlG8,0.0017563501993815,0.0032476850847403,50,-0.0014913348853588,A
valid,key.V.p20.point,delete,PboaYD5hlG8$_$9,PboaYD5hlG8,0.0001153399546941,2.6631454626719157e-05,50,8.870850006738083e-05,V
valid,key.J.p20.joint,delete,PboaYD5hlG8$_$9,PboaYD5hlG8,0.0394064933061599,0.0262688777347405,50,0.013137615571419396,J
valid,key.T.p20.point,delete,PboaYD5hlG8$_$8,PboaYD5hlG8,0.3256264304121335,0.0900056199855559,50,0.23562081042657762,T
valid,key.A.p20.point,delete,PboaYD5hlG8$_$8,PboaYD5hlG8,0.0031702071428298,0.0019257360696792,50,0.0012444710731506,A
valid,key.V.p20.point,delete,PboaYD5hlG8$_$8,PboaYD5hlG8,2.117455005645752e-05,7.368624210357666e-06,50,1.3805925846099854e-05,V
valid,key.J.p20.joint,delete,PboaYD5hlG8$_$8,PboaYD5hlG8,0.489920649677515,0.0691787353526645,50,0.4207419143248505,J
valid,key.T.p20.point,delete,Pt-D0LUHDSc$_$2,Pt-D0LUHDSc,0.1887424687544504,0.0468829249342282,50,0.1418595438202222,T
valid,key.A.p20.point,delete,Pt-D0LUHDSc$_$2,Pt-D0LUHDSc,0.0043316781520843,0.0022420307000478,50,0.0020896474520365003,A
valid,key.V.p20.point,delete,Pt-D0LUHDSc$_$2,Pt-D0LUHDSc,0.0083002944787343,0.0028322170178095,50,0.0054680774609248,V
valid,key.J.p20.joint,delete,Pt-D0LUHDSc$_$2,Pt-D0LUHDSc,0.1958946784337361,0.0548470192154248,50,0.1410476592183113,J
valid,key.T.p20.point,delete,PwapK9d8IGk$_$4,PwapK9d8IGk,0.0352271528293689,0.0272676488376843,50,0.007959503991684599,T
valid,key.A.p20.point,delete,PwapK9d8IGk$_$4,PwapK9d8IGk,0.0005972295378645,0.002093782753994,50,-0.0014965532161294998,A
valid,key.V.p20.point,delete,PwapK9d8IGk$_$4,PwapK9d8IGk,0.0018135607242584,0.0022170392951617,50,-0.00040347857090329976,V
valid,key.J.p20.joint,delete,PwapK9d8IGk$_$4,PwapK9d8IGk,0.0362551491707563,0.0328810035072577,50,0.0033741456634985983,J
valid,key.T.p20.point,delete,PyQrAYl1bFs$_$0,PyQrAYl1bFs,0.0272408127784729,0.0223560555849546,27,0.004884757193518302,T
valid,key.A.p20.point,delete,PyQrAYl1bFs$_$0,PyQrAYl1bFs,0.0090435395638147,0.0024802230653308,7,0.0065633164984839,A
valid,key.V.p20.point,delete,PyQrAYl1bFs$_$0,PyQrAYl1bFs,0.0167226046323776,0.0127929846445719,7,0.003929619987805701,V
valid,key.J.p20.joint,delete,PyQrAYl1bFs$_$0,PyQrAYl1bFs,0.0545745094617207,0.0109973773360252,8,0.0435771321256955,J
valid,key.T.p20.point,delete,PyQrAYl1bFs$_$3,PyQrAYl1bFs,0.0554121037324269,0.0242834651470184,50,0.0311286385854085,T
valid,key.A.p20.point,delete,PyQrAYl1bFs$_$3,PyQrAYl1bFs,0.0034218033154805,0.0026705441872278,50,0.0007512591282526999,A
valid,key.V.p20.point,delete,PyQrAYl1bFs$_$3,PyQrAYl1bFs,0.001953105131785,0.0015982882181803,50,0.0003548169136046999,V
valid,key.J.p20.joint,delete,PyQrAYl1bFs$_$3,PyQrAYl1bFs,0.0168029367923736,0.022099658648173,50,-0.005296721855799397,J
valid,key.T.p20.point,delete,PyQrAYl1bFs$_$4,PyQrAYl1bFs,0.0157269487778345,0.0419362286726633,50,-0.0262092798948288,T
valid,key.A.p20.point,delete,PyQrAYl1bFs$_$4,PyQrAYl1bFs,0.0049636512994766,0.0049459886550903,50,1.766264438630028e-05,A
valid,key.V.p20.point,delete,PyQrAYl1bFs$_$4,PyQrAYl1bFs,0.0006464421749114,0.0018530494968096,50,-0.0012066073218982,V
valid,key.J.p20.joint,delete,PyQrAYl1bFs$_$4,PyQrAYl1bFs,0.0046460876862208,0.0343958461284637,50,-0.0297497584422429,J
valid,key.T.p20.point,delete,Q4WzApjaCNI$_$0,Q4WzApjaCNI,0.0447806467612584,0.0583245290319124,50,-0.013543882270654006,T
valid,key.A.p20.point,delete,Q4WzApjaCNI$_$0,Q4WzApjaCNI,0.005610962708791,0.0069611491759618,50,-0.0013501864671708,A
valid,key.J.p20.joint,delete,Q4WzApjaCNI$_$0,Q4WzApjaCNI,0.0208547314008076,0.046422317524751,50,-0.025567586123943397,J
valid,key.T.p20.point,delete,Q7S0tX4FUNA$_$4,Q7S0tX4FUNA,0.1246839500963687,0.1514209791548395,50,-0.026737029058470807,T
valid,key.A.p20.point,delete,Q7S0tX4FUNA$_$4,Q7S0tX4FUNA,0.0037499194343884,0.0052234300971031,50,-0.0014735106627147003,A
valid,key.V.p20.point,delete,Q7S0tX4FUNA$_$4,Q7S0tX4FUNA,0.0101393933097521,0.0035021391510963,50,0.006637254158655801,V
valid,key.J.p20.joint,delete,Q7S0tX4FUNA$_$4,Q7S0tX4FUNA,0.2434447022775809,0.1192334724675553,50,0.1242112298100256,J
valid,key.T.p20.point,delete,Q7S0tX4FUNA$_$7,Q7S0tX4FUNA,0.1017842466632525,0.0339346201646895,35,0.067849626498563,T
valid,key.A.p20.point,delete,Q7S0tX4FUNA$_$7,Q7S0tX4FUNA,0.0046973725159962,0.0045517085563568,35,0.00014566395963939993,A
valid,key.J.p20.joint,delete,Q7S0tX4FUNA$_$7,Q7S0tX4FUNA,0.103407509624958,0.0366254511688436,35,0.0667820584561144,J
valid,key.T.p20.point,delete,Q7S0tX4FUNA$_$8,Q7S0tX4FUNA,0.0157535274823506,0.0690828687449296,50,-0.053329341262578996,T
valid,key.A.p20.point,delete,Q7S0tX4FUNA$_$8,Q7S0tX4FUNA,0.0044133812189102,0.0024515312910079,50,0.0019618499279023,A
valid,key.V.p20.point,delete,Q7S0tX4FUNA$_$8,Q7S0tX4FUNA,0.0018795132637023,0.004666520456473,50,-0.0027870071927707006,V
valid,key.J.p20.joint,delete,Q7S0tX4FUNA$_$8,Q7S0tX4FUNA,0.0191331828633944,0.0587773016716043,50,-0.039644118808209894,J
valid,key.T.p20.point,delete,Qa6Yz62V-Yc$_$0,Qa6Yz62V-Yc,0.0854739062488079,0.0530508365668356,50,0.03242306968197229,T
valid,key.A.p20.point,delete,Qa6Yz62V-Yc$_$0,Qa6Yz62V-Yc,0.0116047784686088,0.0042177075644334,50,0.0073870709041754,A
valid,key.V.p20.point,delete,Qa6Yz62V-Yc$_$0,Qa6Yz62V-Yc,0.0016396716237068,0.0020286140342553,50,-0.0003889424105485001,V
valid,key.J.p20.joint,delete,Qa6Yz62V-Yc$_$0,Qa6Yz62V-Yc,0.0976096975306669,0.0693078995682299,50,0.028301797962436995,J
valid,key.T.p20.point,delete,QjcQx8_PQfw$_$10,QjcQx8_PQfw,0.0204864293336868,0.0245250327388445,50,-0.004038603405157701,T
valid,key.A.p20.point,delete,QjcQx8_PQfw$_$10,QjcQx8_PQfw,0.0025536169608434,0.0017629557847976,50,0.0007906611760457999,A
valid,key.V.p20.point,delete,QjcQx8_PQfw$_$10,QjcQx8_PQfw,0.0133442233006159,0.0041885486245155,50,0.0091556746761004,V
valid,key.J.p20.joint,delete,QjcQx8_PQfw$_$10,QjcQx8_PQfw,0.0058886458476384,0.0201873053113619,50,-0.0142986594637235,J
valid,key.T.p20.point,delete,QjcQx8_PQfw$_$7,QjcQx8_PQfw,0.0950664728879928,0.0649587044201325,50,0.0301077684678603,T
valid,key.A.p20.point,delete,QjcQx8_PQfw$_$7,QjcQx8_PQfw,0.0078378164519866,0.0050168722883487,50,0.0028209441636379,A
valid,key.V.p20.point,delete,QjcQx8_PQfw$_$7,QjcQx8_PQfw,0.0062625187759598,0.0036460484564304,50,0.0026164703195294,V
valid,key.J.p20.joint,delete,QjcQx8_PQfw$_$7,QjcQx8_PQfw,0.0924006576339403,0.073652018061839,50,0.018748639572101294,J
valid,key.T.p20.point,delete,QpchvHpGFc8$_$3,QpchvHpGFc8,0.0950091046591599,0.083027118963655,50,0.011981985695504904,T
valid,key.A.p20.point,delete,QpchvHpGFc8$_$3,QpchvHpGFc8,0.0013324121634165,0.003873570015033,50,-0.0025411578516165,A
valid,key.V.p20.point,delete,QpchvHpGFc8$_$3,QpchvHpGFc8,0.0062173679471015,0.0045047643780708,50,0.0017126035690307002,V
valid,key.J.p20.joint,delete,QpchvHpGFc8$_$3,QpchvHpGFc8,0.1299439954260985,0.0584917515958659,50,0.0714522438302326,J
valid,key.T.p20.point,delete,RArhIHk4Qs4$_$13,RArhIHk4Qs4,0.0974705840150515,0.0680689526783923,50,0.029401631336659198,T
valid,key.A.p20.point,delete,RArhIHk4Qs4$_$13,RArhIHk4Qs4,0.0092950413624445,0.0028121154507001,50,0.0064829259117444,A
valid,key.V.p20.point,delete,RArhIHk4Qs4$_$13,RArhIHk4Qs4,0.0006379162271817,0.0010434235135714,50,-0.0004055072863897,V
valid,key.J.p20.joint,delete,RArhIHk4Qs4$_$13,RArhIHk4Qs4,0.0964349682132403,0.0703222315416981,50,0.026112736671542194,J
valid,key.T.p20.point,delete,RArhIHk4Qs4$_$17,RArhIHk4Qs4,0.1425051738818486,0.029213261604309,5,0.11329191227753961,T
valid,key.A.p20.point,delete,RArhIHk4Qs4$_$17,RArhIHk4Qs4,0.0037322044372558,0.0027773847182591,5,0.0009548197189966998,A
valid,key.V.p20.point,delete,RArhIHk4Qs4$_$17,RArhIHk4Qs4,0.0021372437477111,0.0011802554130554,5,0.0009569883346557,V
valid,key.J.p20.joint,delete,RArhIHk4Qs4$_$17,RArhIHk4Qs4,0.1467514733473459,0.0299790879090627,5,0.1167723854382832,J
valid,key.T.p20.point,delete,RArhIHk4Qs4$_$16,RArhIHk4Qs4,0.0905127376317977,0.0749459827629228,50,0.01556675486887489,T
valid,key.A.p20.point,delete,RArhIHk4Qs4$_$16,RArhIHk4Qs4,0.0030124386151631,0.0035227543115615,50,-0.0005103156963984002,A
valid,key.V.p20.point,delete,RArhIHk4Qs4$_$16,RArhIHk4Qs4,0.0026810367902119,0.0015050939718882,50,0.0011759428183237002,V
valid,key.J.p20.joint,delete,RArhIHk4Qs4$_$16,RArhIHk4Qs4,0.0921717335780461,0.0693612660467624,50,0.0228104675312837,J
valid,key.T.p20.point,delete,RArhIHk4Qs4$_$19,RArhIHk4Qs4,0.0185601897537708,0.0091146443970501,35,0.009445545356720701,T
valid,key.A.p20.point,delete,RArhIHk4Qs4$_$19,RArhIHk4Qs4,0.004650426407655,0.0033848865223782,35,0.0012655398852768002,A
valid,key.V.p20.point,delete,RArhIHk4Qs4$_$19,RArhIHk4Qs4,0.0034542356928189,0.0015283897873901,35,0.0019258459054288,V
valid,key.J.p20.joint,delete,RArhIHk4Qs4$_$19,RArhIHk4Qs4,0.021264507745703,0.0105296984470138,35,0.010734809298689202,J
valid,key.T.p20.point,delete,RArhIHk4Qs4$_$1,RArhIHk4Qs4,0.0611186350385348,0.0466606394946575,50,0.014457995543877299,T
valid,key.A.p20.point,delete,RArhIHk4Qs4$_$1,RArhIHk4Qs4,0.0059626052776972,0.0036466100811958,50,0.0023159951965013997,A
valid,key.V.p20.point,delete,RArhIHk4Qs4$_$1,RArhIHk4Qs4,0.0180088977018992,0.0067563286423683,50,0.011252569059530902,V
valid,key.J.p20.joint,delete,RArhIHk4Qs4$_$1,RArhIHk4Qs4,0.0250678857167561,0.0434492101768652,50,-0.018381324460109098,J
valid,key.T.p20.point,delete,RArhIHk4Qs4$_$2,RArhIHk4Qs4,0.0124696729083855,0.0254381055384874,50,-0.0129684326301019,T
valid,key.A.p20.point,delete,RArhIHk4Qs4$_$2,RArhIHk4Qs4,0.0076360379656155,0.0042455377181371,50,0.0033905002474784,A
valid,key.V.p20.point,delete,RArhIHk4Qs4$_$2,RArhIHk4Qs4,0.0557250287383794,0.0193063370469543,24,0.0364186916914251,V
valid,key.J.p20.joint,delete,RArhIHk4Qs4$_$2,RArhIHk4Qs4,0.0106250805159409,0.0264078090401987,50,-0.0157827285242578,J
valid,key.T.p20.point,delete,RArhIHk4Qs4$_$7,RArhIHk4Qs4,0.0699884481728077,0.0339728660380933,50,0.0360155821347144,T
valid,key.A.p20.point,delete,RArhIHk4Qs4$_$7,RArhIHk4Qs4,0.005970299243927,0.0039812273283799,50,0.0019890719155471,A
valid,key.V.p20.point,delete,RArhIHk4Qs4$_$7,RArhIHk4Qs4,0.0052886717021465,0.0016895710970416,11,0.0035991006051049,V
valid,key.J.p20.joint,delete,RArhIHk4Qs4$_$7,RArhIHk4Qs4,0.0410829832156499,0.0222073176668749,12,0.018875665548774997,J
valid,key.T.p20.point,delete,RArhIHk4Qs4$_$6,RArhIHk4Qs4,0.2002967956165472,0.0465748117448917,50,0.1537219838716555,T
valid,key.A.p20.point,delete,RArhIHk4Qs4$_$6,RArhIHk4Qs4,0.0036302941540877,0.0022730899105469,50,0.0013572042435408002,A
valid,key.V.p20.point,delete,RArhIHk4Qs4$_$6,RArhIHk4Qs4,0.0111277749141057,0.0056234168568773,21,0.005504358057228401,V
valid,key.J.p20.joint,delete,RArhIHk4Qs4$_$6,RArhIHk4Qs4,0.198325448979934,0.045617112852633,50,0.152708336127301,J
valid,key.T.p20.point,delete,RArhIHk4Qs4$_$8,RArhIHk4Qs4,0.4598852793375651,0.0293953323529826,6,0.43048994698458254,T
valid,key.A.p20.point,delete,RArhIHk4Qs4$_$8,RArhIHk4Qs4,0.0007136762142181,0.0020316978295644,20,-0.0013180216153463001,A
valid,key.V.p20.point,delete,RArhIHk4Qs4$_$8,RArhIHk4Qs4,0.0075939198335011,0.0029154552353752,6,0.0046784645981259,V
valid,key.J.p20.joint,delete,RArhIHk4Qs4$_$8,RArhIHk4Qs4,0.3007439648111661,0.0275031548170816,7,0.2732408099940845,J
valid,key.T.p20.point,delete,RArhIHk4Qs4$_$21,RArhIHk4Qs4,0.0609339823325475,0.0200188416573736,6,0.040915140675173906,T
valid,key.A.p20.point,delete,RArhIHk4Qs4$_$21,RArhIHk4Qs4,0.0035436252752939,0.0018687587645318,6,0.0016748665107621,A
valid,key.V.p20.point,delete,RArhIHk4Qs4$_$21,RArhIHk4Qs4,0.0056621730327606,0.0022697531514697,3,0.0033924198812909003,V
valid,key.T.p20.point,delete,ROcTx5VEn7o$_$11,ROcTx5VEn7o,0.060740719238917,0.0246054689586162,50,0.036135250280300804,T
valid,key.A.p20.point,delete,ROcTx5VEn7o$_$11,ROcTx5VEn7o,0.0037259012460708,0.0032535218695799,50,0.00047237937649089986,A
valid,key.V.p20.point,delete,ROcTx5VEn7o$_$11,ROcTx5VEn7o,0.0239325438936551,0.0070962200562159,50,0.016836323837439198,V
valid,key.J.p20.joint,delete,ROcTx5VEn7o$_$11,ROcTx5VEn7o,0.0642357567946116,0.0300841617584228,50,0.03415159503618881,J
valid,key.T.p20.point,delete,ROcTx5VEn7o$_$1,ROcTx5VEn7o,0.0418329861325522,0.0175322952854912,10,0.024300690847061,T
valid,key.A.p20.point,delete,ROcTx5VEn7o$_$1,ROcTx5VEn7o,0.000661104141424,0.0038245210183473,50,-0.0031634168769232997,A
valid,key.V.p20.point,delete,ROcTx5VEn7o$_$1,ROcTx5VEn7o,0.0061346952182551,0.0022379602460811,10,0.0038967349721739995,V
valid,key.J.p20.joint,delete,ROcTx5VEn7o$_$1,ROcTx5VEn7o,0.0382231227122247,0.018419763042281,10,0.0198033596699437,J
valid,key.T.p20.point,delete,ROcTx5VEn7o$_$5,ROcTx5VEn7o,0.0284275511900583,0.0382588033843785,50,-0.009831252194320201,T
valid,key.A.p20.point,delete,ROcTx5VEn7o$_$5,ROcTx5VEn7o,0.0082283491889635,0.0030118200927972,50,0.0052165290961663,A
valid,key.V.p20.point,delete,ROcTx5VEn7o$_$5,ROcTx5VEn7o,0.0165145074327786,0.0059033342751494,19,0.0106111731576292,V
valid,key.J.p20.joint,delete,ROcTx5VEn7o$_$5,ROcTx5VEn7o,0.0103880943109591,0.0286733126329878,50,-0.0182852183220287,J
valid,key.T.p20.point,delete,ROcTx5VEn7o$_$9,ROcTx5VEn7o,0.044221818447113,0.0397627165789405,50,0.004459101868172499,T
valid,key.A.p20.point,delete,ROcTx5VEn7o$_$9,ROcTx5VEn7o,0.0018978249281644,0.0023639831878244,50,-0.00046615825966000025,A
valid,key.V.p20.point,delete,ROcTx5VEn7o$_$9,ROcTx5VEn7o,0.0050427690148353,0.001738004386425,50,0.0033047646284103003,V
valid,key.J.p20.joint,delete,ROcTx5VEn7o$_$9,ROcTx5VEn7o,0.047474796573321,0.038975033708848,50,0.008499762864473001,J
valid,key.T.p20.point,delete,RrGpzInAwCg$_$0,RrGpzInAwCg,0.0140111297369003,0.0134286146362622,50,0.0005825151006381007,T
valid,key.A.p20.point,delete,RrGpzInAwCg$_$0,RrGpzInAwCg,0.0012088765700658,0.0017403920491536,50,-0.0005315154790878,A
valid,key.V.p20.point,delete,RrGpzInAwCg$_$0,RrGpzInAwCg,0.0007653584082921,0.000391981502374,50,0.00037337690591810006,V
valid,key.J.p20.joint,delete,RrGpzInAwCg$_$0,RrGpzInAwCg,0.0431933552026748,0.0117510177549861,14,0.031442337447688706,J
valid,key.T.p20.point,delete,RzOFxDk26p0$_$1,RzOFxDk26p0,0.1047307600577672,0.0264459444085756,50,0.0782848156491916,T
valid,key.A.p20.point,delete,RzOFxDk26p0$_$1,RzOFxDk26p0,0.0025066832701365,0.0013836226860682,50,0.0011230605840683,A
valid,key.V.p20.point,delete,RzOFxDk26p0$_$1,RzOFxDk26p0,5.326668421427409e-05,6.889780362447103e-05,50,-1.563111941019694e-05,V
valid,key.J.p20.joint,delete,RzOFxDk26p0$_$1,RzOFxDk26p0,0.1021506687005361,0.018900957306226,50,0.0832497113943101,J
valid,key.T.p20.point,delete,RzOFxDk26p0$_$0,RzOFxDk26p0,0.0732933729887008,0.0404697142541408,50,0.032823658734559995,T
valid,key.A.p20.point,delete,RzOFxDk26p0$_$0,RzOFxDk26p0,0.0060104976097742,0.0021188284953435,50,0.0038916691144307,A
valid,key.V.p20.point,delete,RzOFxDk26p0$_$0,RzOFxDk26p0,0.0006063381830851,0.0001875582337379,50,0.0004187799493472,V
valid,key.J.p20.joint,delete,RzOFxDk26p0$_$0,RzOFxDk26p0,0.019848495721817,0.0349683464566866,50,-0.015119850734869603,J
valid,key.T.p20.point,delete,SHa756SwGJQ$_$0,SHa756SwGJQ,0.1035376985867818,0.039536477215588,50,0.0640012213711938,T
valid,key.A.p20.point,delete,SHa756SwGJQ$_$0,SHa756SwGJQ,0.0063608835140864,0.0035106481115023,50,0.0028502354025840997,A
valid,key.J.p20.joint,delete,SHa756SwGJQ$_$0,SHa756SwGJQ,0.1064374794562657,0.0757489468157291,50,0.030688532640536587,J
valid,key.T.p20.point,delete,SHa756SwGJQ$_$2,SHa756SwGJQ,0.037535677353541,0.0344011554618676,50,0.003134521891673396,T
valid,key.A.p20.point,delete,SHa756SwGJQ$_$2,SHa756SwGJQ,0.0023468782504399,0.0023742224772771,50,-2.7344226837199958e-05,A
valid,key.V.p20.point,delete,SHa756SwGJQ$_$2,SHa756SwGJQ,0.0185807645320892,0.0036119627952575,50,0.014968801736831698,V
valid,key.J.p20.joint,delete,SHa756SwGJQ$_$2,SHa756SwGJQ,0.0188853989044825,0.0332041084766387,50,-0.014318709572156196,J
valid,key.T.p20.point,delete,SHa756SwGJQ$_$4,SHa756SwGJQ,0.1227452090242877,0.0574918233882635,50,0.0652533856360242,T
valid,key.A.p20.point,delete,SHa756SwGJQ$_$4,SHa756SwGJQ,0.0069194830333193,0.0042281748292346,50,0.0026913082040847004,A
valid,key.V.p20.point,delete,SHa756SwGJQ$_$4,SHa756SwGJQ,0.0018269562472899,0.0006491341783354,50,0.0011778220689545,V
valid,key.J.p20.joint,delete,SHa756SwGJQ$_$4,SHa756SwGJQ,0.1233671410009265,0.0614550722266237,50,0.061912068774302796,J
valid,key.T.p20.point,delete,SHa756SwGJQ$_$7,SHa756SwGJQ,0.0450513834754626,0.0155255334997006,50,0.029525849975762,T
valid,key.A.p20.point,delete,SHa756SwGJQ$_$7,SHa756SwGJQ,0.0029367450624704,0.0026522036641836,50,0.00028454139828679994,A
valid,key.V.p20.point,delete,SHa756SwGJQ$_$7,SHa756SwGJQ,0.0017969363058606,0.0025951377196738,13,-0.0007982014138132002,V
valid,key.J.p20.joint,delete,SHa756SwGJQ$_$7,SHa756SwGJQ,0.0486348221699396,0.0153529456383936,50,0.033281876531546,J
valid,key.T.p20.point,delete,SHa756SwGJQ$_$6,SHa756SwGJQ,0.0433329989512761,0.0269315691540638,50,0.0164014297972123,T
valid,key.A.p20.point,delete,SHa756SwGJQ$_$6,SHa756SwGJQ,0.0068931654095649,0.0054908581574757,50,0.0014023072520891995,A
valid,key.V.p20.point,delete,SHa756SwGJQ$_$6,SHa756SwGJQ,0.0005121082067489,0.0003916191558043,10,0.00012048905094459993,V
valid,key.J.p20.joint,delete,SHa756SwGJQ$_$6,SHa756SwGJQ,0.0678737660249074,0.0173246227453152,50,0.0505491432795922,J
valid,key.T.p20.point,delete,TH32jop4FiI$_$15,TH32jop4FiI,0.346923254430294,0.0481583780671159,50,0.29876487636317806,T
valid,key.A.p20.point,delete,TH32jop4FiI$_$15,TH32jop4FiI,0.0064829289913177,0.0029760681589444,50,0.0035068608323732997,A
valid,key.V.p20.point,delete,TH32jop4FiI$_$15,TH32jop4FiI,0.0065107941627502,0.0025401816765467,50,0.0039706124862034994,V
valid,key.J.p20.joint,delete,TH32jop4FiI$_$15,TH32jop4FiI,0.3447769780953725,0.076142783598043,50,0.2686341944973295,J
valid,key.T.p20.point,delete,TH32jop4FiI$_$17,TH32jop4FiI,0.1051989768942197,0.0493554590145746,50,0.055843517879645095,T
valid,key.A.p20.point,delete,TH32jop4FiI$_$17,TH32jop4FiI,0.0025340889890988,0.005402970512708,50,-0.0028688815236092,A
valid,key.V.p20.point,delete,TH32jop4FiI$_$17,TH32jop4FiI,0.0052956119179725,0.0019986317555109,50,0.0032969801624615994,V
valid,key.J.p20.joint,delete,TH32jop4FiI$_$17,TH32jop4FiI,0.1205377454559008,0.0470515766739845,50,0.0734861687819163,J
valid,key.T.p20.point,delete,TWszOxkOV0w$_$1,TWszOxkOV0w,0.4058655009915431,0.1242572837757567,50,0.28160821721578644,T
valid,key.A.p20.point,delete,TWszOxkOV0w$_$1,TWszOxkOV0w,0.0040122295419375,0.0055354819446802,50,-0.0015232524027426995,A
valid,key.V.p20.point,delete,TWszOxkOV0w$_$1,TWszOxkOV0w,0.0004175392289956,0.002772120386362,50,-0.0023545811573664,V
valid,key.J.p20.joint,delete,TWszOxkOV0w$_$1,TWszOxkOV0w,0.4012303110212087,0.1449302727573861,50,0.25630003826382264,J
valid,key.T.p20.point,delete,TXCXFYIc3Yo$_$16,TXCXFYIc3Yo,0.1181086550156275,0.0347379319369792,50,0.0833707230786483,T
valid,key.A.p20.point,delete,TXCXFYIc3Yo$_$16,TXCXFYIc3Yo,0.0036489715178807,0.0037771352132161,50,-0.00012816369533540008,A
valid,key.V.p20.point,delete,TXCXFYIc3Yo$_$16,TXCXFYIc3Yo,0.0080325702826182,0.0025559731324513,50,0.005476597150166901,V
valid,key.J.p20.joint,delete,TXCXFYIc3Yo$_$16,TXCXFYIc3Yo,0.11637894064188,0.0339611739416917,50,0.0824177667001883,J
valid,key.T.p20.point,delete,TXCXFYIc3Yo$_$2,TXCXFYIc3Yo,0.1664741734663645,0.064265416363875,50,0.1022087571024895,T
valid,key.A.p20.point,delete,TXCXFYIc3Yo$_$2,TXCXFYIc3Yo,0.0062857766946156,0.004003592133522,50,0.0022821845610936,A
valid,key.V.p20.point,delete,TXCXFYIc3Yo$_$2,TXCXFYIc3Yo,0.0028443535168965,0.0015544107556343,50,0.0012899427612622,V
valid,key.J.p20.joint,delete,TXCXFYIc3Yo$_$2,TXCXFYIc3Yo,0.2776112494369347,0.0767944360858139,50,0.2008168133511208,J
valid,key.T.p20.point,delete,TXCXFYIc3Yo$_$7,TXCXFYIc3Yo,0.3275659059484799,0.108105088143299,50,0.2194608178051809,T
valid,key.A.p20.point,delete,TXCXFYIc3Yo$_$7,TXCXFYIc3Yo,0.0044664094845453,0.0055411347250143,50,-0.001074725240469,A
valid,key.V.p20.point,delete,TXCXFYIc3Yo$_$7,TXCXFYIc3Yo,0.0038536439339319,0.0024711486697196,50,0.0013824952642123001,V
valid,key.J.p20.joint,delete,TXCXFYIc3Yo$_$7,TXCXFYIc3Yo,0.328260747094949,0.1091031263644496,50,0.2191576207304994,J
valid,key.T.p20.point,delete,TXCXFYIc3Yo$_$6,TXCXFYIc3Yo,0.2441948565344015,0.0788354866423954,50,0.16535936989200611,T
valid,key.A.p20.point,delete,TXCXFYIc3Yo$_$6,TXCXFYIc3Yo,0.0043977300326029,0.0032002154986063,50,0.0011975145339966002,A
valid,key.V.p20.point,delete,TXCXFYIc3Yo$_$6,TXCXFYIc3Yo,0.003672182559967,0.0017338000676211,17,0.0019383824923458997,V
valid,key.J.p20.joint,delete,TXCXFYIc3Yo$_$6,TXCXFYIc3Yo,0.2451099250465631,0.0859112944702307,50,0.15919863057633238,J
valid,key.T.p20.point,delete,TYJzg5IJN8o$_$11,TYJzg5IJN8o,0.083023910721143,0.0188612584078994,50,0.0641626523132436,T
valid,key.A.p20.point,delete,TYJzg5IJN8o$_$11,TYJzg5IJN8o,0.0022070134679476,0.0022567311798532,50,-4.9717711905600346e-05,A
valid,key.V.p20.point,delete,TYJzg5IJN8o$_$11,TYJzg5IJN8o,0.0007335965832074,0.0016981080795327,50,-0.0009645114963252999,V
valid,key.J.p20.joint,delete,TYJzg5IJN8o$_$11,TYJzg5IJN8o,0.0841693685700496,0.0235055183588216,50,0.060663850211228,J
valid,key.T.p20.point,delete,TYJzg5IJN8o$_$10,TYJzg5IJN8o,0.0317405133197704,0.020643437805896,50,0.011097075513874403,T
valid,key.A.p20.point,delete,TYJzg5IJN8o$_$10,TYJzg5IJN8o,0.0040378331517179,0.0030287299390571,50,0.0010091032126608,A
valid,key.V.p20.point,delete,TYJzg5IJN8o$_$10,TYJzg5IJN8o,0.0044740494340658,0.0023001701834922,50,0.0021738792505735997,V
valid,key.J.p20.joint,delete,TYJzg5IJN8o$_$10,TYJzg5IJN8o,0.0331678055226802,0.0257248032698407,50,0.0074430022528395,J
valid,key.T.p20.point,delete,TYJzg5IJN8o$_$14,TYJzg5IJN8o,0.1117335855960846,0.0239796514312426,50,0.08775393416484199,T
valid,key.A.p20.point,delete,TYJzg5IJN8o$_$14,TYJzg5IJN8o,0.0040734807650248,0.0017916536331176,50,0.0022818271319071997,A
valid,key.V.p20.point,delete,TYJzg5IJN8o$_$14,TYJzg5IJN8o,0.00118088722229,0.0007052302360534,50,0.00047565698623660006,V
valid,key.J.p20.joint,delete,TYJzg5IJN8o$_$14,TYJzg5IJN8o,0.0837694307168324,0.0203620292246341,50,0.06340740149219831,J
valid,key.T.p20.point,delete,TYJzg5IJN8o$_$0,TYJzg5IJN8o,0.0081300238768259,0.0283327412605285,50,-0.0202027173837026,T
valid,key.A.p20.point,delete,TYJzg5IJN8o$_$0,TYJzg5IJN8o,0.0009752412637074,0.0014543684323628,50,-0.00047912716865540007,A
valid,key.V.p20.point,delete,TYJzg5IJN8o$_$0,TYJzg5IJN8o,0.0074354310830434,0.0045113448301951,50,0.0029240862528483,V
valid,key.J.p20.joint,delete,TYJzg5IJN8o$_$0,TYJzg5IJN8o,0.0174561242262522,0.0256634390354156,50,-0.0082073148091634,J
valid,key.T.p20.point,delete,TYJzg5IJN8o$_$4,TYJzg5IJN8o,0.0856361041466395,0.0245634014407793,50,0.061072702705860196,T
valid,key.A.p20.point,delete,TYJzg5IJN8o$_$4,TYJzg5IJN8o,0.0022617975870768,0.0021704240640004,50,9.137352307639996e-05,A
valid,key.V.p20.point,delete,TYJzg5IJN8o$_$4,TYJzg5IJN8o,0.0030770003795623,0.0033054210742314,50,-0.00022842069466910003,V
valid,key.J.p20.joint,delete,TYJzg5IJN8o$_$4,TYJzg5IJN8o,0.0631108383337656,0.0212983395655949,50,0.0418124987681707,J
valid,key.T.p20.point,delete,TYJzg5IJN8o$_$7,TYJzg5IJN8o,0.0457562903563181,0.06367303602087,50,-0.017916745664551904,T
valid,key.A.p20.point,delete,TYJzg5IJN8o$_$7,TYJzg5IJN8o,0.007531888782978,0.0056356890499591,50,0.0018961997330188994,A
valid,key.V.p20.point,delete,TYJzg5IJN8o$_$7,TYJzg5IJN8o,0.0116565898060798,0.0030724137028058,50,0.008584176103274,V
valid,key.J.p20.joint,delete,TYJzg5IJN8o$_$7,TYJzg5IJN8o,0.0397434284289677,0.0523990652213493,50,-0.012655636792381603,J
valid,key.T.p20.point,delete,Uc_6d-fkZEc$_$3,Uc_6d-fkZEc,0.0831349442402521,0.0196334823138184,12,0.0635014619264337,T
valid,key.A.p20.point,delete,Uc_6d-fkZEc$_$3,Uc_6d-fkZEc,0.0010903577009836,0.0026478487253189,50,-0.0015574910243352999,A
valid,key.V.p20.point,delete,Uc_6d-fkZEc$_$3,Uc_6d-fkZEc,0.0006533463795979,0.000300152434243,12,0.00035319394535489996,V
valid,key.J.p20.joint,delete,Uc_6d-fkZEc$_$3,Uc_6d-fkZEc,0.0883158594369888,0.0215752563542789,12,0.0667406030827099,J
valid,key.T.p20.point,delete,UlTJmndbGHM$_$1,UlTJmndbGHM,0.2830435782670975,0.0256565548976262,50,0.2573870233694713,T
valid,key.A.p20.point,delete,UlTJmndbGHM$_$1,UlTJmndbGHM,0.001589943965276,0.0008834890524546,50,0.0007064549128214001,A
valid,key.V.p20.point,delete,UlTJmndbGHM$_$1,UlTJmndbGHM,0.0004042486349741,0.000429481267929,50,-2.5232632954900005e-05,V
valid,key.J.p20.joint,delete,UlTJmndbGHM$_$1,UlTJmndbGHM,0.284139742453893,0.03332581837972,50,0.250813924074173,J
valid,key.T.p20.point,delete,UlTJmndbGHM$_$4,UlTJmndbGHM,0.2709589476386706,0.0415782729908824,50,0.22938067464778822,T
valid,key.A.p20.point,delete,UlTJmndbGHM$_$4,UlTJmndbGHM,0.0065733095010121,0.0025782455007235,50,0.0039950640002886,A
valid,key.J.p20.joint,delete,UlTJmndbGHM$_$4,UlTJmndbGHM,0.2752412954966227,0.0356972206321855,50,0.23954407486443718,J
valid,key.T.p20.point,delete,VbV9S4svrTg$_$13,VbV9S4svrTg,0.1260285429501285,0.0408809156777958,20,0.08514762727233269,T
valid,key.A.p20.point,delete,VbV9S4svrTg$_$13,VbV9S4svrTg,0.0161146943767865,0.0062380095943808,20,0.0098766847824057,A
valid,key.V.p20.point,delete,VbV9S4svrTg$_$13,VbV9S4svrTg,0.0010576918721199,0.002015620842576,20,-0.0009579289704560998,V
valid,key.J.p20.joint,delete,VbV9S4svrTg$_$13,VbV9S4svrTg,0.0666548113028208,0.0311197672216665,7,0.03553504408115431,J
valid,key.T.p20.point,delete,VbV9S4svrTg$_$3,VbV9S4svrTg,0.1931825273980697,0.0532363114568094,50,0.1399462159412603,T
valid,key.A.p20.point,delete,VbV9S4svrTg$_$3,VbV9S4svrTg,0.004583628848195,0.0023674419770638,50,0.0022161868711311995,A
valid,key.V.p20.point,delete,VbV9S4svrTg$_$3,VbV9S4svrTg,0.0017800486336151,0.0013614641750852,50,0.0004185844585299001,V
valid,key.J.p20.joint,delete,VbV9S4svrTg$_$3,VbV9S4svrTg,0.1886366705099741,0.0475156166986562,50,0.1411210538113179,J
valid,key.T.p20.point,delete,VbV9S4svrTg$_$7,VbV9S4svrTg,0.1644789278507232,0.0436385253444314,20,0.12084040250629181,T
valid,key.A.p20.point,delete,VbV9S4svrTg$_$7,VbV9S4svrTg,0.0016343941291173,0.0018949814140796,20,-0.0002605872849623001,A
valid,key.V.p20.point,delete,VbV9S4svrTg$_$7,VbV9S4svrTg,0.0002332776784896,0.0005252783497174,20,-0.0002920006712278,V
valid,key.J.p20.joint,delete,VbV9S4svrTg$_$7,VbV9S4svrTg,0.0641358892122904,0.023595990879195,7,0.040539898333095396,J
valid,key.T.p20.point,delete,VbV9S4svrTg$_$8,VbV9S4svrTg,0.119570318609476,0.0589716323713461,50,0.060598686238129904,T
valid,key.A.p20.point,delete,VbV9S4svrTg$_$8,VbV9S4svrTg,0.0257138162851333,0.0090809365113576,10,0.0166328797737757,A
valid,key.V.p20.point,delete,VbV9S4svrTg$_$8,VbV9S4svrTg,0.0032596290111541,0.0026944879690806,50,0.0005651410420735004,V
valid,key.J.p20.joint,delete,VbV9S4svrTg$_$8,VbV9S4svrTg,0.1310871814688047,0.0342110904554526,11,0.0968760910133521,J
valid,key.T.p20.point,delete,VinxKpWioTo$_$1,VinxKpWioTo,0.097495491305987,0.0141196729739507,50,0.0833758183320363,T
valid,key.A.p20.point,delete,VinxKpWioTo$_$1,VinxKpWioTo,0.0009243388970692,0.0016471954186757,50,-0.0007228565216065,A
valid,key.V.p20.point,delete,VinxKpWioTo$_$1,VinxKpWioTo,0.0040874779224395,0.0023757708072662,50,0.0017117071151732995,V
valid,key.J.p20.joint,delete,VinxKpWioTo$_$1,VinxKpWioTo,0.096465528011322,0.0140189303954442,50,0.08244659761587779,J
valid,key.T.p20.point,delete,VinxKpWioTo$_$0,VinxKpWioTo,0.1156369863698879,0.0337051686609075,35,0.08193181770898039,T
valid,key.A.p20.point,delete,VinxKpWioTo$_$0,VinxKpWioTo,0.0160956208904584,0.0042774439789354,8,0.011818176911522999,A
valid,key.V.p20.point,delete,VinxKpWioTo$_$0,VinxKpWioTo,0.0049339011311531,0.0026242117796625,35,0.0023096893514906,V
valid,key.J.p20.joint,delete,VinxKpWioTo$_$0,VinxKpWioTo,0.1273679692919055,0.0332170035690069,8,0.0941509657228986,J
valid,key.T.p20.point,delete,VinxKpWioTo$_$3,VinxKpWioTo,0.0546584874391555,0.0339848541220029,50,0.0206736333171526,T
valid,key.A.p20.point,delete,VinxKpWioTo$_$3,VinxKpWioTo,0.0005660752455393,0.0024555791417757,50,-0.0018895038962364,A
valid,key.V.p20.point,delete,VinxKpWioTo$_$3,VinxKpWioTo,0.0044560134410858,0.0033378586173057,50,0.0011181548237800998,V
valid,key.J.p20.joint,delete,VinxKpWioTo$_$3,VinxKpWioTo,0.0357926537593205,0.031035642226537,50,0.004757011532783503,J
valid,key.T.p20.point,delete,VinxKpWioTo$_$5,VinxKpWioTo,0.050554205973943,0.0212671077251434,50,0.0292870982487996,T
valid,key.A.p20.point,delete,VinxKpWioTo$_$5,VinxKpWioTo,0.0019775132338205,0.0011758708953857,50,0.0008016423384348001,A
valid,key.V.p20.point,delete,VinxKpWioTo$_$5,VinxKpWioTo,0.0068898399670918,0.0048154727617899,50,0.0020743672053019,V
valid,key.J.p20.joint,delete,VinxKpWioTo$_$5,VinxKpWioTo,0.0510116318861643,0.0212034351627031,50,0.029808196723461203,J
valid,key.T.p20.point,delete,ViyQVpGW05w$_$1,ViyQVpGW05w,0.0151446163654327,0.0184380954504013,50,-0.003293479084968602,T
valid,key.A.p20.point,delete,ViyQVpGW05w$_$1,ViyQVpGW05w,0.0052831172943115,0.0029906302690505,50,0.002292487025261,A
valid,key.V.p20.point,delete,ViyQVpGW05w$_$1,ViyQVpGW05w,0.0006554673115412,0.000826936562856,50,-0.00017146925131479997,V
valid,key.J.p20.joint,delete,ViyQVpGW05w$_$1,ViyQVpGW05w,0.0136318902174631,0.0209663415948549,50,-0.007334451377391801,J
valid,key.T.p20.point,delete,ViyQVpGW05w$_$4,ViyQVpGW05w,0.2137045140067736,0.08396999676285,10,0.1297345172439236,T
valid,key.A.p20.point,delete,ViyQVpGW05w$_$4,ViyQVpGW05w,0.0020838975906372,0.0065977529684702,50,-0.004513855377833,A
valid,key.V.p20.point,delete,ViyQVpGW05w$_$4,ViyQVpGW05w,0.0027454694112141,0.0021937378744284,50,0.0005517315367856998,V
valid,key.J.p20.joint,delete,ViyQVpGW05w$_$4,ViyQVpGW05w,0.1760428926597038,0.0608435484270254,11,0.1151993442326784,J
valid,key.T.p20.point,delete,ViyQVpGW05w$_$6,ViyQVpGW05w,0.0111503303050994,0.0219449018190304,50,-0.010794571513930998,T
valid,key.A.p20.point,delete,ViyQVpGW05w$_$6,ViyQVpGW05w,0.0069271648923556,0.0034617837518453,50,0.0034653811405103005,A
valid,key.V.p20.point,delete,ViyQVpGW05w$_$6,ViyQVpGW05w,0.0026612902681032,0.001747610370318,50,0.0009136798977852001,V
valid,key.J.p20.joint,delete,ViyQVpGW05w$_$6,ViyQVpGW05w,0.0177630260586738,0.0205847984055678,50,-0.002821772346894,J
valid,key.T.p20.point,delete,Vuay0mVKkik$_$3,Vuay0mVKkik,0.0147042249639829,0.0472570998966693,50,-0.032552874932686396,T
valid,key.A.p20.point,delete,Vuay0mVKkik$_$3,Vuay0mVKkik,0.0026573836803436,0.0027761040131251,50,-0.00011872033278149995,A
valid,key.V.p20.point,delete,Vuay0mVKkik$_$3,Vuay0mVKkik,0.0015394290288289,0.0019852346181869,50,-0.000445805589358,V
valid,key.J.p20.joint,delete,Vuay0mVKkik$_$3,Vuay0mVKkik,0.0195652246475219,0.0515049295810361,50,-0.031939704933514196,J
valid,key.T.p20.point,delete,WmQF5RmbsVQ$_$6,WmQF5RmbsVQ,0.0203162555893262,0.016904371480147,50,0.003411884109179201,T
valid,key.A.p20.point,delete,WmQF5RmbsVQ$_$6,WmQF5RmbsVQ,0.0050213585297266,0.0040803515911102,50,0.0009410069386164002,A
valid,key.V.p20.point,delete,WmQF5RmbsVQ$_$6,WmQF5RmbsVQ,0.0235825777053833,0.0059045123060544,50,0.0176780653993289,V
valid,key.J.p20.joint,delete,WmQF5RmbsVQ$_$6,WmQF5RmbsVQ,0.0188028713067372,0.0152413884798685,50,0.0035614828268686997,J
valid,key.T.p20.point,delete,Wrcf2xtqbkQ$_$9,Wrcf2xtqbkQ,0.013300790451467,0.0208657776727341,50,-0.007564987221267099,T
valid,key.A.p20.point,delete,Wrcf2xtqbkQ$_$9,Wrcf2xtqbkQ,0.0032495601723591,0.0027900697663426,50,0.00045949040601649983,A
valid,key.V.p20.point,delete,Wrcf2xtqbkQ$_$9,Wrcf2xtqbkQ,0.0017054695636034,0.0015105146666367,50,0.00019495489696670014,V
valid,key.J.p20.joint,delete,Wrcf2xtqbkQ$_$9,Wrcf2xtqbkQ,0.0057175958839555,0.017781841297013,50,-0.012064245413057501,J
valid,key.T.p20.point,delete,Wrcf2xtqbkQ$_$8,Wrcf2xtqbkQ,0.052964262664318,0.0518636210324863,50,0.0011006416318317044,T
valid,key.A.p20.point,delete,Wrcf2xtqbkQ$_$8,Wrcf2xtqbkQ,0.0009830445051193,0.0024181309094031,50,-0.0014350864042837997,A
valid,key.V.p20.point,delete,Wrcf2xtqbkQ$_$8,Wrcf2xtqbkQ,0.0022727797428766,0.0007017634063959,50,0.0015710163364807,V
valid,key.J.p20.joint,delete,Wrcf2xtqbkQ$_$8,Wrcf2xtqbkQ,0.0455690175294876,0.0433431695898373,50,0.002225847939650305,J
valid,key.T.p20.point,delete,WxajvjGKz7Y$_$0,WxajvjGKz7Y,0.0574162900447845,0.0208424421196634,44,0.0365738479251211,T
valid,key.A.p20.point,delete,WxajvjGKz7Y$_$0,WxajvjGKz7Y,0.0118280798196792,0.0043869879510667,9,0.007441091868612499,A
valid,key.V.p20.point,delete,WxajvjGKz7Y$_$0,WxajvjGKz7Y,0.0050376802682876,0.0025430950853559,9,0.0024945851829317,V
valid,key.J.p20.joint,delete,WxajvjGKz7Y$_$0,WxajvjGKz7Y,0.059316928188006,0.0209759097885001,44,0.0383410183995059,J
valid,key.T.p20.point,delete,WxajvjGKz7Y$_$3,WxajvjGKz7Y,0.0846748277544975,0.0275533236190676,50,0.0571215041354299,T
valid,key.A.p20.point,delete,WxajvjGKz7Y$_$3,WxajvjGKz7Y,0.0035589399437109,0.0036621701965729,50,-0.00010323025286200016,A
valid,key.V.p20.point,delete,WxajvjGKz7Y$_$3,WxajvjGKz7Y,0.0025195479393005,0.0017564312368631,50,0.0007631167024373998,V
valid,key.J.p20.joint,delete,WxajvjGKz7Y$_$3,WxajvjGKz7Y,0.1173978795607884,0.0306835271666447,50,0.0867143523941437,J
valid,key.T.p20.point,delete,WxajvjGKz7Y$_$6,WxajvjGKz7Y,0.0614720570544401,0.0342954818236952,50,0.027176575230744904,T
valid,key.A.p20.point,delete,WxajvjGKz7Y$_$6,WxajvjGKz7Y,0.0039684474468231,0.0022984622915585,50,0.0016699851552646004,A
valid,key.V.p20.point,delete,WxajvjGKz7Y$_$6,WxajvjGKz7Y,0.0040088395277659,0.0030745453139146,50,0.0009342942138512995,V
valid,key.J.p20.joint,delete,WxajvjGKz7Y$_$6,WxajvjGKz7Y,0.0562672019004821,0.0238434894631306,50,0.0324237124373515,J
valid,key.T.p20.point,delete,XIGpuL-Kkyk$_$12,XIGpuL-Kkyk,0.2331268185128768,0.0454982158044973,50,0.1876286027083795,T
valid,key.A.p20.point,delete,XIGpuL-Kkyk$_$12,XIGpuL-Kkyk,0.0022985637187957,0.0031162302692731,50,-0.0008176665504774001,A
valid,key.V.p20.point,delete,XIGpuL-Kkyk$_$12,XIGpuL-Kkyk,8.44399134318034e-08,6.332993507385255e-08,4,2.110997835795085e-08,V
valid,key.J.p20.joint,delete,XIGpuL-Kkyk$_$12,XIGpuL-Kkyk,0.1474950735767682,0.0343618902812401,50,0.1131331832955281,J
valid,key.T.p20.point,delete,XIGpuL-Kkyk$_$0,XIGpuL-Kkyk,0.3059776828934749,0.0945838307961821,10,0.21139385209729278,T
valid,key.A.p20.point,delete,XIGpuL-Kkyk$_$0,XIGpuL-Kkyk,0.0046144165098667,0.0046546220282713,50,-4.020551840460025e-05,A
valid,key.J.p20.joint,delete,XIGpuL-Kkyk$_$0,XIGpuL-Kkyk,0.3007071943332751,0.0631914731453765,11,0.2375157211878986,J
valid,key.T.p20.point,delete,XIGpuL-Kkyk$_$4,XIGpuL-Kkyk,0.1328277885913849,0.0528458794951438,50,0.07998190909624109,T
valid,key.A.p20.point,delete,XIGpuL-Kkyk$_$4,XIGpuL-Kkyk,0.0006025433540344,0.0010406086842219,50,-0.0004380653301875,A
valid,key.V.p20.point,delete,XIGpuL-Kkyk$_$4,XIGpuL-Kkyk,0.0026511251926422,0.0015962435801823,50,0.0010548816124599002,V
valid,key.J.p20.joint,delete,XIGpuL-Kkyk$_$4,XIGpuL-Kkyk,0.1331884066263834,0.0387216477592786,50,0.09446675886710479,J
valid,key.T.p20.point,delete,XIGpuL-Kkyk$_$7,XIGpuL-Kkyk,0.0848467039565245,0.0347745528755088,6,0.050072151081015696,T
valid,key.A.p20.point,delete,XIGpuL-Kkyk$_$7,XIGpuL-Kkyk,0.0047254084299008,0.0031931125041511,6,0.0015322959257497003,A
valid,key.J.p20.joint,delete,XIGpuL-Kkyk$_$7,XIGpuL-Kkyk,0.0870399499932925,0.0335908464880453,6,0.053449103505247196,J
valid,key.T.p20.point,delete,XaVYxIW0FDg$_$2,XaVYxIW0FDg,0.0265661080678304,0.0306838997329274,50,-0.004117791665097001,T
valid,key.A.p20.point,delete,XaVYxIW0FDg$_$2,XaVYxIW0FDg,0.0060799395044644,0.0038488862415154,50,0.0022310532629490004,A
valid,key.V.p20.point,delete,XaVYxIW0FDg$_$2,XaVYxIW0FDg,0.0161655073364575,0.0054792719086011,50,0.0106862354278564,V
valid,key.J.p20.joint,delete,XaVYxIW0FDg$_$2,XaVYxIW0FDg,0.030960701406002,0.0355131446508069,50,-0.004552443244804898,J
valid,key.T.p20.point,delete,XyP8bVmGX6M$_$4,XyP8bVmGX6M,0.1095347205797831,0.0372660280267397,50,0.0722686925530434,T
valid,key.A.p20.point,delete,XyP8bVmGX6M$_$4,XyP8bVmGX6M,0.0075121422608693,0.0040172795454661,50,0.0034948627154032007,A
valid,key.V.p20.point,delete,XyP8bVmGX6M$_$4,XyP8bVmGX6M,0.000963419675827,0.0006644356250762,50,0.0002989840507508,V
valid,key.J.p20.joint,delete,XyP8bVmGX6M$_$4,XyP8bVmGX6M,0.0275604426860809,0.0208081776897112,50,0.006752264996369703,J
valid,key.T.p20.point,delete,XzVapdEr_GY$_$3,XzVapdEr_GY,0.2035797114173571,0.0610546415050824,50,0.1425250699122747,T
valid,key.A.p20.point,delete,XzVapdEr_GY$_$3,XzVapdEr_GY,0.0036476453145345,0.0020162398616472,50,0.0016314054528873,A
valid,key.V.p20.point,delete,XzVapdEr_GY$_$3,XzVapdEr_GY,0.0002574125925699,0.0011129327615102,50,-0.0008555201689403,V
valid,key.J.p20.joint,delete,XzVapdEr_GY$_$3,XzVapdEr_GY,0.1675982127587,0.0474437449375788,50,0.12015446782112119,J
valid,key.T.p20.point,delete,XzVapdEr_GY$_$4,XzVapdEr_GY,0.119788239399592,0.0310035757223765,50,0.0887846636772155,T
valid,key.A.p20.point,delete,XzVapdEr_GY$_$4,XzVapdEr_GY,0.0008141100406646,0.0010996198654174,50,-0.0002855098247528001,A
valid,key.V.p20.point,delete,XzVapdEr_GY$_$4,XzVapdEr_GY,0.0027614136536916,0.0011293037732442,50,0.0016321098804474,V
valid,key.J.p20.joint,delete,XzVapdEr_GY$_$4,XzVapdEr_GY,0.1212864816188812,0.0378296623627344,50,0.0834568192561468,J
valid,key.T.p20.point,delete,Y7h-S3cJ52o$_$0,Y7h-S3cJ52o,0.0295686454822619,0.0170729036979151,44,0.0124957417843468,T
valid,key.A.p20.point,delete,Y7h-S3cJ52o$_$0,Y7h-S3cJ52o,0.002114321415623,0.0039530640016451,44,-0.0018387425860220998,A
valid,key.V.p20.point,delete,Y7h-S3cJ52o$_$0,Y7h-S3cJ52o,0.0005829563985268,0.0012187102499107,44,-0.0006357538513839,V
valid,key.J.p20.joint,delete,Y7h-S3cJ52o$_$0,Y7h-S3cJ52o,0.0497544724494218,0.0172658719009522,44,0.032488600548469596,J
valid,key.T.p20.point,delete,Y7qkyMyanjU$_$2,Y7qkyMyanjU,0.0739336038629214,0.0328136431617718,44,0.0411199607011496,T
valid,key.A.p20.point,delete,Y7qkyMyanjU$_$2,Y7qkyMyanjU,0.0006395777066548,0.0022479190745136,44,-0.0016083413678588,A
valid,key.J.p20.joint,delete,Y7qkyMyanjU$_$2,Y7qkyMyanjU,0.0716602851947148,0.0324634297496893,44,0.039196855445025505,J
valid,key.T.p20.point,delete,Y7qkyMyanjU$_$4,Y7qkyMyanjU,0.0124377806981404,0.0342263364295164,50,-0.021788555731375996,T
valid,key.A.p20.point,delete,Y7qkyMyanjU$_$4,Y7qkyMyanjU,0.0032814691464106,0.0026020077864329,50,0.0006794613599777001,A
valid,key.J.p20.joint,delete,Y7qkyMyanjU$_$4,Y7qkyMyanjU,0.0419189035892486,0.0304734016458193,50,0.0114455019434293,J
valid,key.T.p20.point,delete,YbuG8xyUO-o$_$3,YbuG8xyUO-o,0.1266502539316813,0.0320108854522307,50,0.0946393684794506,T
valid,key.A.p20.point,delete,YbuG8xyUO-o$_$3,YbuG8xyUO-o,0.0069156611959139,0.0045586524407068,50,0.0023570087552071,A
valid,key.V.p20.point,delete,YbuG8xyUO-o$_$3,YbuG8xyUO-o,0.0011990492542584,0.0025287673374017,50,-0.0013297180831432999,V
valid,key.J.p20.joint,delete,YbuG8xyUO-o$_$3,YbuG8xyUO-o,0.0906206692258517,0.0285387037446101,50,0.0620819654812416,J
valid,key.T.p20.point,delete,YbuG8xyUO-o$_$2,YbuG8xyUO-o,0.0721356570720672,0.0255273994803428,50,0.046608257591724406,T
valid,key.A.p20.point,delete,YbuG8xyUO-o$_$2,YbuG8xyUO-o,0.0060021976629892,0.0038639402389526,50,0.0021382574240366,A
valid,key.V.p20.point,delete,YbuG8xyUO-o$_$2,YbuG8xyUO-o,0.0012118419011433,0.0008688938617706,50,0.0003429480393726999,V
valid,key.J.p20.joint,delete,YbuG8xyUO-o$_$2,YbuG8xyUO-o,0.0621837129195531,0.0267048276960849,50,0.035478885223468204,J
valid,key.T.p20.point,delete,Z7L3V5bwzI0$_$2,Z7L3V5bwzI0,0.0503233075141906,0.0440062890946865,50,0.006317018419504099,T
valid,key.A.p20.point,delete,Z7L3V5bwzI0$_$2,Z7L3V5bwzI0,0.0020595987637837,0.0021029641230901,50,-4.336535930639981e-05,A
valid,key.V.p20.point,delete,Z7L3V5bwzI0$_$2,Z7L3V5bwzI0,0.0046776334444681,0.0073640478650728,50,-0.0026864144206047,V
valid,key.J.p20.joint,delete,Z7L3V5bwzI0$_$2,Z7L3V5bwzI0,0.0586330244938532,0.0390398646394411,50,0.019593159854412102,J
valid,key.T.p20.point,delete,ZaoFHcbRM9g$_$3,ZaoFHcbRM9g,0.1072460909684499,0.105497295683405,50,0.0017487952850449018,T
valid,key.A.p20.point,delete,ZaoFHcbRM9g$_$3,ZaoFHcbRM9g,0.0010201136271158,0.006304202278455,50,-0.0052840886513392,A
valid,key.V.p20.point,delete,ZaoFHcbRM9g$_$3,ZaoFHcbRM9g,0.0362649410963058,0.0079958443840344,50,0.0282690967122714,V
valid,key.J.p20.joint,delete,ZaoFHcbRM9g$_$3,ZaoFHcbRM9g,0.01702514787515,0.1033933220679561,50,-0.0863681741928061,J
valid,key.T.p20.point,delete,ZaoFHcbRM9g$_$2,ZaoFHcbRM9g,0.1042149818191925,0.0996143429591837,27,0.004600638860008804,T
valid,key.A.p20.point,delete,ZaoFHcbRM9g$_$2,ZaoFHcbRM9g,0.0142477294430136,0.0052260558725157,7,0.0090216735704979,A
valid,key.V.p20.point,delete,ZaoFHcbRM9g$_$2,ZaoFHcbRM9g,0.0001013331736127,4.2289739385956806e-05,7,5.904343422674319e-05,V
valid,key.J.p20.joint,delete,ZaoFHcbRM9g$_$2,ZaoFHcbRM9g,0.1553253165135781,0.0550487274304032,8,0.10027658908317488,J
valid,key.T.p20.point,delete,ZaoFHcbRM9g$_$5,ZaoFHcbRM9g,0.0435429873565832,0.0372121626790612,50,0.006330824677521996,T
valid,key.A.p20.point,delete,ZaoFHcbRM9g$_$5,ZaoFHcbRM9g,0.0044031205276648,0.0039193219629426,50,0.0004837985647222001,A
valid,key.V.p20.point,delete,ZaoFHcbRM9g$_$5,ZaoFHcbRM9g,0.0085530690848827,0.0047845175405117,11,0.003768551544371,V
valid,key.J.p20.joint,delete,ZaoFHcbRM9g$_$5,ZaoFHcbRM9g,0.0389789057274659,0.0295049433396585,50,0.0094739623878074,J
valid,key.T.p20.point,delete,ZaoFHcbRM9g$_$9,ZaoFHcbRM9g,0.1856544169907768,0.0865282212073604,5,0.09912619578341642,T
valid,key.A.p20.point,delete,ZaoFHcbRM9g$_$9,ZaoFHcbRM9g,0.010305949486792,0.0043700941139832,5,0.005935855372808801,A
valid,key.V.p20.point,delete,ZaoFHcbRM9g$_$9,ZaoFHcbRM9g,0.0019391145712385,0.0008530726035435,5,0.0010860419676950001,V
valid,key.J.p20.joint,delete,ZaoFHcbRM9g$_$9,ZaoFHcbRM9g,0.1763700970138112,0.083217579840372,5,0.09315251717343921,J
valid,key.T.p20.point,delete,ZaoFHcbRM9g$_$8,ZaoFHcbRM9g,0.2885283132394154,0.1199525280545155,20,0.1685757851848999,T
valid,key.A.p20.point,delete,ZaoFHcbRM9g$_$8,ZaoFHcbRM9g,0.0029742221037546,0.0059119234482447,20,-0.0029377013444901005,A
valid,key.V.p20.point,delete,ZaoFHcbRM9g$_$8,ZaoFHcbRM9g,0.0001404384771982,0.000398950278759,20,-0.0002585118015608,V
valid,key.J.p20.joint,delete,ZaoFHcbRM9g$_$8,ZaoFHcbRM9g,0.4176919683814049,0.0106196077097029,7,0.407072360671702,J
valid,key.T.p20.point,delete,Zvisaa77Cng$_$1,Zvisaa77Cng,0.155534749229749,0.0555644560427892,14,0.0999702931869598,T
valid,key.A.p20.point,delete,Zvisaa77Cng$_$1,Zvisaa77Cng,0.003811553120613,0.0025745111703872,50,0.0012370419502258003,A
valid,key.V.p20.point,delete,Zvisaa77Cng$_$1,Zvisaa77Cng,0.0064767152070999,0.003382428586483,50,0.0030942866206169,V
valid,key.J.p20.joint,delete,Zvisaa77Cng$_$1,Zvisaa77Cng,0.1606920858224233,0.0486560932464069,15,0.1120359925760164,J
valid,key.T.p20.point,delete,Zvisaa77Cng$_$5,Zvisaa77Cng,0.0437732388575871,0.0773092716000974,50,-0.033536032742510304,T
valid,key.A.p20.point,delete,Zvisaa77Cng$_$5,Zvisaa77Cng,0.0112879400451978,0.0038158941345337,13,0.0074720459106641,A
valid,key.V.p20.point,delete,Zvisaa77Cng$_$5,Zvisaa77Cng,0.0094914386669794,0.0034032532572746,50,0.006088185409704801,V
valid,key.J.p20.joint,delete,Zvisaa77Cng$_$5,Zvisaa77Cng,0.046125238140424,0.1119713505931819,50,-0.0658461124527579,J
valid,key.T.p20.point,delete,_7HVhnSYX1Y$_$26,_7HVhnSYX1Y,0.063167005777359,0.03219948494186,50,0.030967520835498995,T
valid,key.A.p20.point,delete,_7HVhnSYX1Y$_$26,_7HVhnSYX1Y,0.0024398701886336,0.0037736907849709,50,-0.0013338205963373002,A
valid,key.V.p20.point,delete,_7HVhnSYX1Y$_$26,_7HVhnSYX1Y,0.0053266497949759,0.0027981850753227,50,0.0025284647196532005,V
valid,key.J.p20.joint,delete,_7HVhnSYX1Y$_$26,_7HVhnSYX1Y,0.0619339160621166,0.0304638530686497,50,0.0314700629934669,J
valid,key.T.p20.point,delete,_7HVhnSYX1Y$_$12,_7HVhnSYX1Y,0.0125173181295394,0.0183065062512954,50,-0.005789188121756002,T
valid,key.A.p20.point,delete,_7HVhnSYX1Y$_$12,_7HVhnSYX1Y,0.0040130366881688,0.0025820047159989,50,0.0014310319721698998,A
valid,key.V.p20.point,delete,_7HVhnSYX1Y$_$12,_7HVhnSYX1Y,0.0116123457749684,0.0033586193124453,50,0.008253726462523099,V
valid,key.J.p20.joint,delete,_7HVhnSYX1Y$_$12,_7HVhnSYX1Y,0.02485258380572,0.018359659264485,50,0.006492924541234998,J
valid,key.T.p20.point,delete,_7HVhnSYX1Y$_$14,_7HVhnSYX1Y,0.2853305395692587,0.0814417493485269,35,0.2038887902207318,T
valid,key.A.p20.point,delete,_7HVhnSYX1Y$_$14,_7HVhnSYX1Y,0.0019432753324508,0.002178113588265,35,-0.00023483825581419992,A
valid,key.V.p20.point,delete,_7HVhnSYX1Y$_$14,_7HVhnSYX1Y,0.0011925995349884,0.0011151313781738,35,7.746815681460018e-05,V
valid,key.J.p20.joint,delete,_7HVhnSYX1Y$_$14,_7HVhnSYX1Y,0.286603532731533,0.0826663074394067,35,0.2039372252921263,J
valid,key.T.p20.point,delete,_7HVhnSYX1Y$_$19,_7HVhnSYX1Y,0.0446401952455441,0.0554536112716111,50,-0.010813416026067002,T
valid,key.A.p20.point,delete,_7HVhnSYX1Y$_$19,_7HVhnSYX1Y,0.0069191576912999,0.0049385985235373,50,0.0019805591677625996,A
valid,key.V.p20.point,delete,_7HVhnSYX1Y$_$19,_7HVhnSYX1Y,0.0155289142082134,0.004373229543368,10,0.0111556846648454,V
valid,key.J.p20.joint,delete,_7HVhnSYX1Y$_$19,_7HVhnSYX1Y,0.0161227888117233,0.041670485632494,50,-0.025547696820770703,J
valid,key.T.p20.point,delete,_7HVhnSYX1Y$_$31,_7HVhnSYX1Y,0.0797093411286671,0.0278504093488057,50,0.051858931779861395,T
valid,key.A.p20.point,delete,_7HVhnSYX1Y$_$31,_7HVhnSYX1Y,0.0006288091341654,0.0019187440474828,50,-0.0012899349133174,A
valid,key.V.p20.point,delete,_7HVhnSYX1Y$_$31,_7HVhnSYX1Y,0.0015801787376403,0.0008630793293317,50,0.0007170994083085999,V
valid,key.J.p20.joint,delete,_7HVhnSYX1Y$_$31,_7HVhnSYX1Y,0.0868141949176788,0.0226593816280365,50,0.0641548132896423,J
valid,key.T.p20.point,delete,_7HVhnSYX1Y$_$3,_7HVhnSYX1Y,0.103372332950433,0.0211407883961995,50,0.0822315445542335,T
valid,key.A.p20.point,delete,_7HVhnSYX1Y$_$3,_7HVhnSYX1Y,0.00555087129275,0.0025283752381801,50,0.0030224960545699,A
valid,key.V.p20.point,delete,_7HVhnSYX1Y$_$3,_7HVhnSYX1Y,0.0031139478087425,0.002641982336839,50,0.0004719654719035002,V
valid,key.J.p20.joint,delete,_7HVhnSYX1Y$_$3,_7HVhnSYX1Y,0.1112410177787145,0.0170530843486388,50,0.0941879334300757,J
valid,key.T.p20.point,delete,_BvNNdEkhZA$_$14,_BvNNdEkhZA,0.0315865675608317,0.0306747914354006,50,0.0009117761254311026,T
valid,key.A.p20.point,delete,_BvNNdEkhZA$_$14,_BvNNdEkhZA,0.0031816562016805,0.0027207989494005,50,0.0004608572522800001,A
valid,key.V.p20.point,delete,_BvNNdEkhZA$_$14,_BvNNdEkhZA,0.0046874582767486,0.001987764040629,50,0.0026996942361196,V
valid,key.J.p20.joint,delete,_BvNNdEkhZA$_$14,_BvNNdEkhZA,0.0335215479135513,0.0326126754283905,50,0.0009088724851608054,J
valid,key.T.p20.point,delete,_BvNNdEkhZA$_$19,_BvNNdEkhZA,0.1306440246601899,0.0262243449687957,50,0.10441967969139421,T
valid,key.A.p20.point,delete,_BvNNdEkhZA$_$19,_BvNNdEkhZA,0.0018854240576426,0.0023545863727728,50,-0.0004691623151302001,A
valid,key.V.p20.point,delete,_BvNNdEkhZA$_$19,_BvNNdEkhZA,0.0070202226440111,0.0017262032131354,50,0.0052940194308757,V
valid,key.J.p20.joint,delete,_BvNNdEkhZA$_$19,_BvNNdEkhZA,0.129076562821865,0.0247990284363428,50,0.1042775343855222,J
valid,key.T.p20.point,delete,_BvNNdEkhZA$_$7,_BvNNdEkhZA,0.1954489635924498,0.0529783914672831,50,0.14247057212516667,T
valid,key.A.p20.point,delete,_BvNNdEkhZA$_$7,_BvNNdEkhZA,0.0049334267775217,0.0021676785250504,50,0.0027657482524713,A
valid,key.V.p20.point,delete,_BvNNdEkhZA$_$7,_BvNNdEkhZA,0.0131109009186426,0.0049713790692664,18,0.0081395218493762,V
valid,key.J.p20.joint,delete,_BvNNdEkhZA$_$7,_BvNNdEkhZA,0.1677988916635513,0.0360700879245996,50,0.1317288037389517,J
valid,key.T.p20.point,delete,_BvNNdEkhZA$_$6,_BvNNdEkhZA,0.0570045858621597,0.0929935253087508,50,-0.035988939446591095,T
valid,key.A.p20.point,delete,_BvNNdEkhZA$_$6,_BvNNdEkhZA,0.005305012067159,0.0033894009888172,50,0.0019156110783418003,A
valid,key.V.p20.point,delete,_BvNNdEkhZA$_$6,_BvNNdEkhZA,0.0010400662819544,0.0013739757239818,50,-0.0003339094420274,V
valid,key.J.p20.joint,delete,_BvNNdEkhZA$_$6,_BvNNdEkhZA,0.0108671312530835,0.0930884747114032,50,-0.0822213434583197,J
valid,key.T.p20.point,delete,_BvNNdEkhZA$_$9,_BvNNdEkhZA,0.164957968207697,0.0534892790799494,50,0.1114686891277476,T
valid,key.A.p20.point,delete,_BvNNdEkhZA$_$9,_BvNNdEkhZA,0.0034831265608469,0.0018279542028903,50,0.0016551723579566002,A
valid,key.V.p20.point,delete,_BvNNdEkhZA$_$9,_BvNNdEkhZA,0.0024582296609878,0.0014113649229208,50,0.0010468647380669999,V
valid,key.J.p20.joint,delete,_BvNNdEkhZA$_$9,_BvNNdEkhZA,0.1668441410486897,0.0570962585990006,50,0.10974788244968908,J
valid,key.T.p20.point,delete,_aZDaIfGfPo$_$1,_aZDaIfGfPo,0.0071581105391184,0.0394999080896377,50,-0.0323417975505193,T
valid,key.A.p20.point,delete,_aZDaIfGfPo$_$1,_aZDaIfGfPo,0.0017361442248026,0.00210480372111,50,-0.00036865949630740004,A
valid,key.V.p20.point,delete,_aZDaIfGfPo$_$1,_aZDaIfGfPo,0.0026208559672037,0.0034373507897059,50,-0.0008164948225022001,V
valid,key.J.p20.joint,delete,_aZDaIfGfPo$_$1,_aZDaIfGfPo,0.0051424304644266,0.0307788189252217,50,-0.0256363884607951,J
valid,key.T.p20.point,delete,_aZDaIfGfPo$_$0,_aZDaIfGfPo,0.0415475964546203,0.0260233738025029,50,0.015524222652117399,T
valid,key.A.p20.point,delete,_aZDaIfGfPo$_$0,_aZDaIfGfPo,0.0006955464680989,0.002970885237058,50,-0.0022753387689591,A
valid,key.V.p20.point,delete,_aZDaIfGfPo$_$0,_aZDaIfGfPo,0.000340978304545,0.0008509407440821,50,-0.0005099624395371,V
valid,key.J.p20.joint,delete,_aZDaIfGfPo$_$0,_aZDaIfGfPo,0.0465816756089528,0.0208285623788833,50,0.0257531132300695,J
valid,key.T.p20.point,delete,_gr7o5ynhnw$_$13,_gr7o5ynhnw,0.1334002241492271,0.0262674461801846,50,0.10713277796904248,T
valid,key.A.p20.point,delete,_gr7o5ynhnw$_$13,_gr7o5ynhnw,0.0084241280953089,0.0029981619119644,50,0.005425966183344499,A
valid,key.V.p20.point,delete,_gr7o5ynhnw$_$13,_gr7o5ynhnw,0.0035639504591623,0.0013722423215707,50,0.0021917081375916,V
valid,key.J.p20.joint,delete,_gr7o5ynhnw$_$13,_gr7o5ynhnw,0.0910193063318729,0.0226262306173642,50,0.0683930757145087,J
valid,key.T.p20.point,delete,_gr7o5ynhnw$_$12,_gr7o5ynhnw,0.0257715980211893,0.0426542865733305,50,-0.0168826885521412,T
valid,key.A.p20.point,delete,_gr7o5ynhnw$_$12,_gr7o5ynhnw,0.0060228109359741,0.0045117229223251,50,0.0015110880136490002,A
valid,key.V.p20.point,delete,_gr7o5ynhnw$_$12,_gr7o5ynhnw,0.0058489764730135,0.0039072884619235,50,0.00194168801109,V
valid,key.J.p20.joint,delete,_gr7o5ynhnw$_$12,_gr7o5ynhnw,0.0591320594151814,0.0420592582474152,12,0.017072801167766195,J
valid,key.T.p20.point,delete,_gr7o5ynhnw$_$15,_gr7o5ynhnw,0.0694789389769236,0.0302651684482892,50,0.0392137705286344,T
valid,key.A.p20.point,delete,_gr7o5ynhnw$_$15,_gr7o5ynhnw,0.0019362469514211,0.0013896371920903,50,0.0005466097593308,A
valid,key.V.p20.point,delete,_gr7o5ynhnw$_$15,_gr7o5ynhnw,0.0063795149326324,0.0012532609701156,50,0.0051262539625168005,V
valid,key.J.p20.joint,delete,_gr7o5ynhnw$_$15,_gr7o5ynhnw,0.0777567476034164,0.0290941022336483,50,0.0486626453697681,J
valid,key.T.p20.point,delete,_gzYkdjNvPc$_$12,_gzYkdjNvPc,0.3429889132579167,0.046553705685905,7,0.2964352075720117,T
valid,key.A.p20.point,delete,_gzYkdjNvPc$_$12,_gzYkdjNvPc,0.0054052074750264,0.0046206077649479,7,0.0007845997100784999,A
valid,key.V.p20.point,delete,_gzYkdjNvPc$_$12,_gzYkdjNvPc,0.0009096960226694,0.0016415648990207,27,-0.0007318688763513,V
valid,key.J.p20.joint,delete,_gzYkdjNvPc$_$12,_gzYkdjNvPc,0.1664996047814687,0.0276149079824487,8,0.13888469679902,J
valid,key.T.p20.point,delete,_gzYkdjNvPc$_$17,_gzYkdjNvPc,0.1058852175871531,0.0168424135446548,50,0.08904280404249829,T
valid,key.A.p20.point,delete,_gzYkdjNvPc$_$17,_gzYkdjNvPc,0.0018897056579589,0.0023742906252543,50,-0.00048458496729539995,A
valid,key.V.p20.point,delete,_gzYkdjNvPc$_$17,_gzYkdjNvPc,0.0032723446687062,0.0008983072780427,14,0.0023740373906635,V
valid,key.J.p20.joint,delete,_gzYkdjNvPc$_$17,_gzYkdjNvPc,0.1048292617003122,0.0120749207337697,50,0.0927543409665425,J
valid,key.T.p20.point,delete,_gzYkdjNvPc$_$1,_gzYkdjNvPc,0.3867742717266083,0.0835606870645036,50,0.3032135846621047,T
valid,key.A.p20.point,delete,_gzYkdjNvPc$_$1,_gzYkdjNvPc,0.0014371623595555,0.0022936645150184,50,-0.0008565021554628998,A
valid,key.V.p20.point,delete,_gzYkdjNvPc$_$1,_gzYkdjNvPc,0.0109408448139826,0.003646293580532,50,0.0072945512334506,V
valid,key.J.p20.joint,delete,_gzYkdjNvPc$_$1,_gzYkdjNvPc,0.3900066080192725,0.1118818386477263,50,0.2781247693715462,J
valid,key.T.p20.point,delete,_gzYkdjNvPc$_$3,_gzYkdjNvPc,0.1109321961800257,0.0315570656210184,50,0.0793751305590073,T
valid,key.A.p20.point,delete,_gzYkdjNvPc$_$3,_gzYkdjNvPc,0.0034377798438072,0.0040877344707647,50,-0.0006499546269574997,A
valid,key.V.p20.point,delete,_gzYkdjNvPc$_$3,_gzYkdjNvPc,0.0009626472989718,0.0010473349193731,50,-8.468762040130006e-05,V
valid,key.J.p20.joint,delete,_gzYkdjNvPc$_$3,_gzYkdjNvPc,0.1102298585077126,0.0250611738363901,50,0.08516868467132249,J
valid,key.T.p20.point,delete,_gzYkdjNvPc$_$2,_gzYkdjNvPc,0.321766613672177,0.0595806377629439,5,0.2621859759092331,T
valid,key.A.p20.point,delete,_gzYkdjNvPc$_$2,_gzYkdjNvPc,0.0073372603704531,0.0028513746956984,5,0.004485885674754699,A
valid,key.V.p20.point,delete,_gzYkdjNvPc$_$2,_gzYkdjNvPc,0.0119128351410229,0.002022186666727,5,0.0098906484742959,V
valid,key.J.p20.joint,delete,_gzYkdjNvPc$_$2,_gzYkdjNvPc,0.3320593411723773,0.0577629316908617,5,0.27429640948151557,J
valid,key.T.p20.point,delete,_gzYkdjNvPc$_$5,_gzYkdjNvPc,0.1852702163159847,0.0512589217555553,50,0.1340112945604294,T
valid,key.A.p20.point,delete,_gzYkdjNvPc$_$5,_gzYkdjNvPc,0.0069195193548997,0.0044262771308422,50,0.0024932422240574997,A
valid,key.V.p20.point,delete,_gzYkdjNvPc$_$5,_gzYkdjNvPc,0.0008369175096352,0.0020580882330735,50,-0.0012211707234383003,V
valid,key.J.p20.joint,delete,_gzYkdjNvPc$_$5,_gzYkdjNvPc,0.1836310923099517,0.0476185848983004,50,0.1360125074116513,J
valid,key.T.p20.point,delete,_gzYkdjNvPc$_$4,_gzYkdjNvPc,0.0486877386768659,0.0304207884768644,50,0.0182669502000015,T
valid,key.A.p20.point,delete,_gzYkdjNvPc$_$4,_gzYkdjNvPc,0.0108717506130536,0.004899907062451,50,0.0059718435506026,A
valid,key.V.p20.point,delete,_gzYkdjNvPc$_$4,_gzYkdjNvPc,0.0056401764353116,0.0018920613825321,50,0.0037481150527795,V
valid,key.J.p20.joint,delete,_gzYkdjNvPc$_$4,_gzYkdjNvPc,0.0423316583037376,0.037182112460335,50,0.005149545843402596,J
valid,key.T.p20.point,delete,_gzYkdjNvPc$_$6,_gzYkdjNvPc,0.296771639958024,0.0470702487727006,50,0.24970139118532342,T
valid,key.A.p20.point,delete,_gzYkdjNvPc$_$6,_gzYkdjNvPc,0.0037595331668853,0.0033620522419611,50,0.00039748092492420013,A
valid,key.V.p20.point,delete,_gzYkdjNvPc$_$6,_gzYkdjNvPc,0.0013429472843805,0.0008755332231521,50,0.00046741406122839993,V
valid,key.J.p20.joint,delete,_gzYkdjNvPc$_$6,_gzYkdjNvPc,0.2532147901753585,0.0533675059427817,50,0.19984728423257678,J
valid,key.T.p20.point,delete,_gzYkdjNvPc$_$9,_gzYkdjNvPc,0.3033837868521611,0.1316021835899058,50,0.1717816032622553,T
valid,key.A.p20.point,delete,_gzYkdjNvPc$_$9,_gzYkdjNvPc,0.0069217309355735,0.0037955076387152,50,0.0031262232968582997,A
valid,key.V.p20.point,delete,_gzYkdjNvPc$_$9,_gzYkdjNvPc,0.0162240831802288,0.0046683097154729,12,0.0115557734647559,V
valid,key.J.p20.joint,delete,_gzYkdjNvPc$_$9,_gzYkdjNvPc,0.3027576164652903,0.1306348036602139,50,0.1721228128050764,J
valid,key.T.p20.point,delete,a-WihYDk6vc$_$8,a-WihYDk6vc,0.1277867009242375,0.0485560435553391,50,0.0792306573688984,T
valid,key.A.p20.point,delete,a-WihYDk6vc$_$8,a-WihYDk6vc,0.0023275514443715,0.0026146361231803,50,-0.00028708467880880035,A
valid,key.V.p20.point,delete,a-WihYDk6vc$_$8,a-WihYDk6vc,0.0025630891323089,0.001840514242649,50,0.0007225748896599001,V
valid,key.J.p20.joint,delete,a-WihYDk6vc$_$8,a-WihYDk6vc,0.1356416096289952,0.0449493616322676,50,0.09069224799672762,J
valid,key.T.p20.point,delete,a-WihYDk6vc$_$0,a-WihYDk6vc,0.0583923061688741,0.0210807387034098,50,0.037311567465464296,T
valid,key.A.p20.point,delete,a-WihYDk6vc$_$0,a-WihYDk6vc,0.0110198706388473,0.0040349202851454,12,0.0069849503537019,A
valid,key.V.p20.point,delete,a-WihYDk6vc$_$0,a-WihYDk6vc,0.0044366667668024,0.0022806594769159,50,0.0021560072898865,V
valid,key.J.p20.joint,delete,a-WihYDk6vc$_$0,a-WihYDk6vc,0.065155287583669,0.0237715743978818,50,0.041383713185787194,J
valid,key.T.p20.point,delete,aFhc2ddipoM$_$14,aFhc2ddipoM,0.0401231447855631,0.0316188590725262,50,0.0085042857130369,T
valid,key.A.p20.point,delete,aFhc2ddipoM$_$14,aFhc2ddipoM,0.002989113330841,0.0039603638152281,50,-0.0009712504843871002,A
valid,key.V.p20.point,delete,aFhc2ddipoM$_$14,aFhc2ddipoM,0.0025828431049982,0.00196284348766,50,0.0006199996173381996,V
valid,key.J.p20.joint,delete,aFhc2ddipoM$_$14,aFhc2ddipoM,0.0455790807803471,0.0298561788598696,50,0.0157229019204775,J
valid,key.T.p20.point,delete,aK5tRCXjUvU$_$0,aK5tRCXjUvU,0.01544651389122,0.0183818857868512,50,-0.0029353718956311985,T
valid,key.A.p20.point,delete,aK5tRCXjUvU$_$0,aK5tRCXjUvU,0.0082158048947652,0.0039743597690875,13,0.0042414451256777,A
valid,key.V.p20.point,delete,aK5tRCXjUvU$_$0,aK5tRCXjUvU,0.002508004506429,0.0015398812294006,50,0.0009681232770284002,V
valid,key.J.p20.joint,delete,aK5tRCXjUvU$_$0,aK5tRCXjUvU,0.0458608567714691,0.0197785061597824,50,0.026082350611686702,J
valid,key.T.p20.point,delete,b-FX9NOVQOM$_$1,b-FX9NOVQOM,0.0247257798910141,0.0214390795429547,50,0.003286700348059401,T
valid,key.A.p20.point,delete,b-FX9NOVQOM$_$1,b-FX9NOVQOM,0.0031453296542167,0.0039503815273443,50,-0.0008050518731276004,A
valid,key.V.p20.point,delete,b-FX9NOVQOM$_$1,b-FX9NOVQOM,0.0055982296665509,0.0020910014212131,50,0.0035072282453378002,V
valid,key.J.p20.joint,delete,b-FX9NOVQOM$_$1,b-FX9NOVQOM,0.058332085609436,0.0242167614897092,50,0.0341153241197268,J
valid,key.T.p20.point,delete,b-FX9NOVQOM$_$4,b-FX9NOVQOM,0.4288685967524846,0.0648638237205644,50,0.36400477303192025,T
valid,key.A.p20.point,delete,b-FX9NOVQOM$_$4,b-FX9NOVQOM,0.0026652514934539,0.0036555295189221,50,-0.0009902780254681998,A
valid,key.V.p20.point,delete,b-FX9NOVQOM$_$4,b-FX9NOVQOM,0.0056447386741638,0.0021007139484087,50,0.0035440247257551003,V
valid,key.J.p20.joint,delete,b-FX9NOVQOM$_$4,b-FX9NOVQOM,0.4222911509374777,0.1253295673585186,50,0.2969615835789591,J
valid,key.T.p20.point,delete,b1LEcg6z66g$_$0,b1LEcg6z66g,0.2393161306778589,0.0426743286848068,50,0.1966418019930521,T
valid,key.A.p20.point,delete,b1LEcg6z66g$_$0,b1LEcg6z66g,0.0211975177129109,0.0063034677714632,19,0.0148940499414477,A
valid,key.V.p20.point,delete,b1LEcg6z66g$_$0,b1LEcg6z66g,0.0104275047779083,0.0037047622496621,19,0.006722742528246199,V
valid,key.J.p20.joint,delete,b1LEcg6z66g$_$0,b1LEcg6z66g,0.1908061206340789,0.0454969795048236,50,0.1453091411292553,J
valid,key.T.p20.point,delete,b1LEcg6z66g$_$4,b1LEcg6z66g,0.2692993370195229,0.0885818208261237,50,0.1807175161933992,T
valid,key.A.p20.point,delete,b1LEcg6z66g$_$4,b1LEcg6z66g,0.0055059076597293,0.0052785975610216,50,0.00022731009870769966,A
valid,key.V.p20.point,delete,b1LEcg6z66g$_$4,b1LEcg6z66g,0.010570985575517,0.0031354786331454,50,0.007435506942371601,V
valid,key.J.p20.joint,delete,b1LEcg6z66g$_$4,b1LEcg6z66g,0.2653973835210005,0.0868355578184127,50,0.1785618257025878,J
valid,key.T.p20.point,delete,b1LEcg6z66g$_$8,b1LEcg6z66g,0.0408352861801783,0.1050223750070048,50,-0.0641870888268265,T
valid,key.A.p20.point,delete,b1LEcg6z66g$_$8,b1LEcg6z66g,0.0062969798843065,0.0034999913722276,50,0.0027969885120789,A
valid,key.V.p20.point,delete,b1LEcg6z66g$_$8,b1LEcg6z66g,0.0100126837690671,0.0031542103240887,50,0.0068584734449784,V
valid,key.J.p20.joint,delete,b1LEcg6z66g$_$8,b1LEcg6z66g,0.0360951895515124,0.1048958590952679,50,-0.0688006695437555,J
valid,key.T.p20.point,delete,bAkUEnPoucg$_$3,bAkUEnPoucg,0.31879756351312,0.0790570382525523,50,0.23974052526056772,T
valid,key.A.p20.point,delete,bAkUEnPoucg$_$3,bAkUEnPoucg,0.0035302738348642,0.0025927084684371,50,0.0009375653664271,A
valid,key.V.p20.point,delete,bAkUEnPoucg$_$3,bAkUEnPoucg,0.0089198152224222,0.0038320616881052,50,0.005087753534317,V
valid,key.J.p20.joint,delete,bAkUEnPoucg$_$3,bAkUEnPoucg,0.2242477337519328,0.0912986619273821,50,0.13294907182455068,J
valid,key.T.p20.point,delete,bNQkb4K5DX0$_$3,bNQkb4K5DX0,0.0190172555545965,0.0274999420220653,50,-0.0084826864674688,T
valid,key.A.p20.point,delete,bNQkb4K5DX0$_$3,bNQkb4K5DX0,0.004090204834938,0.0029785211881001,50,0.0011116836468378997,A
valid,key.V.p20.point,delete,bNQkb4K5DX0$_$3,bNQkb4K5DX0,0.0138393826782703,0.0060058732082446,50,0.007833509470025701,V
valid,key.J.p20.joint,delete,bNQkb4K5DX0$_$3,bNQkb4K5DX0,0.0196382502714792,0.032129874046271,50,-0.012491623774791797,J
valid,key.T.p20.point,delete,bNQkb4K5DX0$_$7,bNQkb4K5DX0,0.1298659394184748,0.045035723944505,50,0.0848302154739698,T
valid,key.A.p20.point,delete,bNQkb4K5DX0$_$7,bNQkb4K5DX0,0.0011143088340759,0.0018193493286768,50,-0.0007050404946009,A
valid,key.V.p20.point,delete,bNQkb4K5DX0$_$7,bNQkb4K5DX0,0.0110354324181874,0.0037518418302723,17,0.0072835905879151,V
valid,key.J.p20.joint,delete,bNQkb4K5DX0$_$7,bNQkb4K5DX0,0.1427427381277084,0.0368030442794164,50,0.10593969384829201,J
valid,key.T.p20.point,delete,bWunvAd96zI$_$1,bWunvAd96zI,0.2276908786346514,0.0627116314073403,50,0.1649792472273111,T
valid,key.A.p20.point,delete,bWunvAd96zI$_$1,bWunvAd96zI,0.0061687231063842,0.004280816912651,50,0.0018879061937332004,A
valid,key.V.p20.point,delete,bWunvAd96zI$_$1,bWunvAd96zI,0.0047133167584737,0.0048825857043266,50,-0.00016926894585289967,V
valid,key.J.p20.joint,delete,bWunvAd96zI$_$1,bWunvAd96zI,0.285685770213604,0.0610280712911238,50,0.22465769892248016,J
valid,key.T.p20.point,delete,bWunvAd96zI$_$2,bWunvAd96zI,0.086678793032964,0.0302576300843308,50,0.0564211629486332,T
valid,key.A.p20.point,delete,bWunvAd96zI$_$2,bWunvAd96zI,0.0058375895023345,0.0039899835487206,50,0.0018476059536139,A
valid,key.V.p20.point,delete,bWunvAd96zI$_$2,bWunvAd96zI,0.0072417904933293,0.004033616905411,50,0.0032081735879183,V
valid,key.J.p20.joint,delete,bWunvAd96zI$_$2,bWunvAd96zI,0.0887639373540878,0.0368528976477682,50,0.0519110397063196,J
valid,key.T.p20.point,delete,bWunvAd96zI$_$5,bWunvAd96zI,0.0293929507024586,0.0133378302497375,6,0.0160551204527211,T
valid,key.A.p20.point,delete,bWunvAd96zI$_$5,bWunvAd96zI,0.0075398973810176,0.0036938498637432,6,0.0038460475172743995,A
valid,key.V.p20.point,delete,bWunvAd96zI$_$5,bWunvAd96zI,0.0033053052611649,0.0017984343058843,6,0.0015068709552806,V
valid,key.J.p20.joint,delete,bWunvAd96zI$_$5,bWunvAd96zI,0.0300469626672565,0.0162873580185179,6,0.0137596046487386,J
valid,key.T.p20.point,delete,bWunvAd96zI$_$4,bWunvAd96zI,0.1278432620068391,0.1250908584147691,50,0.0027524035920699907,T
valid,key.A.p20.point,delete,bWunvAd96zI$_$4,bWunvAd96zI,0.0058287568390369,0.0034479210401574,50,0.0023808357988795,A
valid,key.V.p20.point,delete,bWunvAd96zI$_$4,bWunvAd96zI,0.0075780674815177,0.0023123667885859,50,0.0052657006929318,V
valid,key.J.p20.joint,delete,bWunvAd96zI$_$4,bWunvAd96zI,0.1267870875696341,0.1246506037128468,50,0.0021364838567873162,J
valid,key.T.p20.point,delete,bj9e8w4vNxo$_$12,bj9e8w4vNxo,0.0893218691150347,0.0403159190217653,50,0.049005950093269406,T
valid,key.A.p20.point,delete,bj9e8w4vNxo$_$12,bj9e8w4vNxo,0.0048520987232526,0.0036746032039324,50,0.0011774955193202003,A
valid,key.V.p20.point,delete,bj9e8w4vNxo$_$12,bj9e8w4vNxo,0.0051729356249173,0.0043874450027942,50,0.0007854906221231002,V
valid,key.J.p20.joint,delete,bj9e8w4vNxo$_$12,bj9e8w4vNxo,0.0401289115349451,0.0431577338278293,50,-0.0030288222928842035,J
valid,key.T.p20.point,delete,bpvYdXVlgvc$_$1,bpvYdXVlgvc,0.0119350478053092,0.074353472079106,35,-0.062418424273796805,T
valid,key.A.p20.point,delete,bpvYdXVlgvc$_$1,bpvYdXVlgvc,0.005782450394084,0.0047123922655979,35,0.0010700581284861007,A
valid,key.V.p20.point,delete,bpvYdXVlgvc$_$1,bpvYdXVlgvc,0.0106316866974035,0.0066150348284281,8,0.004016651868975401,V
valid,key.J.p20.joint,delete,bpvYdXVlgvc$_$1,bpvYdXVlgvc,0.0124282240867614,0.0730565950607082,35,-0.060628370973946806,J
valid,key.T.p20.point,delete,bpvYdXVlgvc$_$3,bpvYdXVlgvc,0.0933346499999364,0.0536156770513237,50,0.0397189729486127,T
valid,key.A.p20.point,delete,bpvYdXVlgvc$_$3,bpvYdXVlgvc,0.0037864496310551,0.0034520055105288,50,0.0003344441205263,A
valid,key.V.p20.point,delete,bpvYdXVlgvc$_$3,bpvYdXVlgvc,0.0039779072006543,0.0039473429570595,50,3.05642435948e-05,V
valid,key.J.p20.joint,delete,bpvYdXVlgvc$_$3,bpvYdXVlgvc,0.0758699178695678,0.0552370307066788,50,0.020632887162889003,J
valid,key.T.p20.point,delete,bpvYdXVlgvc$_$4,bpvYdXVlgvc,0.1751686334609985,0.0544317730143666,50,0.1207368604466319,T
valid,key.A.p20.point,delete,bpvYdXVlgvc$_$4,bpvYdXVlgvc,0.0032294938961664,0.0038749416669209,50,-0.0006454477707544997,A
valid,key.V.p20.point,delete,bpvYdXVlgvc$_$4,bpvYdXVlgvc,0.0027064532041549,0.0022287111977736,50,0.0004777420063813002,V
valid,key.J.p20.joint,delete,bpvYdXVlgvc$_$4,bpvYdXVlgvc,0.114777036011219,0.0400504377235968,50,0.0747265982876222,J
valid,key.T.p20.point,delete,bpvYdXVlgvc$_$6,bpvYdXVlgvc,0.1608722358942031,0.0449275419612725,50,0.11594469393293061,T
valid,key.A.p20.point,delete,bpvYdXVlgvc$_$6,bpvYdXVlgvc,0.0030603011449178,0.0038763546943664,50,-0.0008160535494486001,A
valid,key.V.p20.point,delete,bpvYdXVlgvc$_$6,bpvYdXVlgvc,0.0020730147759119,0.0010745586951573,50,0.0009984560807546,V
valid,key.J.p20.joint,delete,bpvYdXVlgvc$_$6,bpvYdXVlgvc,0.128461350997289,0.046748573705554,50,0.08171277729173501,J
valid,key.T.p20.point,delete,c1a1y9ytHH0$_$0,c1a1y9ytHH0,0.0540787254770596,0.0257749532659848,50,0.0283037722110748,T
valid,key.A.p20.point,delete,c1a1y9ytHH0$_$0,c1a1y9ytHH0,0.0041197910904884,0.0039339825759331,50,0.00018580851455530026,A
valid,key.V.p20.point,delete,c1a1y9ytHH0$_$0,c1a1y9ytHH0,0.0079961940646171,0.0037988382826248,50,0.0041973557819923,V
valid,key.J.p20.joint,delete,c1a1y9ytHH0$_$0,c1a1y9ytHH0,0.058339645465215,0.0294548089429736,50,0.0288848365222414,J
valid,key.T.p20.point,delete,c1a1y9ytHH0$_$3,c1a1y9ytHH0,0.0223811604082584,0.0183826839302976,50,0.0039984764779608,T
valid,key.A.p20.point,delete,c1a1y9ytHH0$_$3,c1a1y9ytHH0,0.0026790040234724,0.002842588375012,50,-0.00016358435153959999,A
valid,key.V.p20.point,delete,c1a1y9ytHH0$_$3,c1a1y9ytHH0,0.0096477568149566,0.0032756958405176,50,0.0063720609744390005,V
valid,key.J.p20.joint,delete,c1a1y9ytHH0$_$3,c1a1y9ytHH0,0.0142089736958344,0.0164618673672278,50,-0.002252893671393398,J
valid,key.T.p20.point,delete,c1a1y9ytHH0$_$7,c1a1y9ytHH0,0.2532790750265121,0.0481191903104384,50,0.2051598847160737,T
valid,key.A.p20.point,delete,c1a1y9ytHH0$_$7,c1a1y9ytHH0,0.003028651078542,0.0026593373219172,50,0.00036931375662480016,A
valid,key.V.p20.point,delete,c1a1y9ytHH0$_$7,c1a1y9ytHH0,0.0035165349642435,0.0030483659108479,50,0.00046816905339560006,V
valid,key.J.p20.joint,delete,c1a1y9ytHH0$_$7,c1a1y9ytHH0,0.1470647801955541,0.0465649620195229,50,0.10049981817603121,J
valid,key.T.p20.point,delete,c5cB7AfVgcE$_$12,c5cB7AfVgcE,0.2119508236646652,0.0439349621534347,50,0.1680158615112305,T
valid,key.A.p20.point,delete,c5cB7AfVgcE$_$12,c5cB7AfVgcE,0.002945860226949,0.0015821291009585,50,0.0013637311259905001,A
valid,key.V.p20.point,delete,c5cB7AfVgcE$_$12,c5cB7AfVgcE,0.0101091514031092,0.0032284521063168,50,0.0068806992967924,V
valid,key.J.p20.joint,delete,c5cB7AfVgcE$_$12,c5cB7AfVgcE,0.2072129895289739,0.0378833329677581,50,0.1693296565612158,J
valid,key.T.p20.point,delete,c5cB7AfVgcE$_$5,c5cB7AfVgcE,0.0468262638896703,0.1039322821050882,50,-0.0571060182154179,T
valid,key.A.p20.point,delete,c5cB7AfVgcE$_$5,c5cB7AfVgcE,0.003794934755812,0.0041622175786566,50,-0.0003672828228446002,A
valid,key.V.p20.point,delete,c5cB7AfVgcE$_$5,c5cB7AfVgcE,0.0039757543709129,0.0027448192002096,50,0.0012309351707032999,V
valid,key.J.p20.joint,delete,c5cB7AfVgcE$_$5,c5cB7AfVgcE,0.043176166092356,0.1123478288948535,50,-0.0691716628024975,J
valid,key.T.p20.point,delete,d8BR6hsvzoY$_$1,d8BR6hsvzoY,0.0186575696182747,0.0261364064800242,50,-0.007478836861749497,T
valid,key.A.p20.point,delete,d8BR6hsvzoY$_$1,d8BR6hsvzoY,0.0034651085734367,0.0034379085929443,50,2.7199980492400265e-05,A
valid,key.V.p20.point,delete,d8BR6hsvzoY$_$1,d8BR6hsvzoY,0.0017169265386958,0.0008171484852209,50,0.0008997780534748999,V
valid,key.J.p20.joint,delete,d8BR6hsvzoY$_$1,d8BR6hsvzoY,0.0155843255730966,0.019400568746884,50,-0.0038162431737874,J
valid,key.T.p20.point,delete,d8BR6hsvzoY$_$0,d8BR6hsvzoY,0.0301322545856237,0.0175814521369627,6,0.012550802448661,T
valid,key.A.p20.point,delete,d8BR6hsvzoY$_$0,d8BR6hsvzoY,0.003155006095767,0.0012792230894168,6,0.0018757830063501999,A
valid,key.V.p20.point,delete,d8BR6hsvzoY$_$0,d8BR6hsvzoY,0.0012148624906937,0.0004430892359879,6,0.0007717732547058,V
valid,key.J.p20.joint,delete,d8BR6hsvzoY$_$0,d8BR6hsvzoY,0.0271072033792734,0.0181606317378787,6,0.008946571641394702,J
valid,key.T.p20.point,delete,d8BR6hsvzoY$_$2,d8BR6hsvzoY,0.0155708997820814,0.0194854608203362,50,-0.003914561038254801,T
valid,key.A.p20.point,delete,d8BR6hsvzoY$_$2,d8BR6hsvzoY,0.0028255396367361,0.0018136128441741,50,0.0010119267925619998,A
valid,key.V.p20.point,delete,d8BR6hsvzoY$_$2,d8BR6hsvzoY,0.002100011644264,0.0011862051393836,50,0.0009138065048803999,V
valid,key.J.p20.joint,delete,d8BR6hsvzoY$_$2,d8BR6hsvzoY,0.0137660223990678,0.0207601737846077,50,-0.006994151385539901,J
valid,key.T.p20.point,delete,d8BR6hsvzoY$_$5,d8BR6hsvzoY,0.0451689747472604,0.0228765348903834,35,0.022292439856877,T
valid,key.A.p20.point,delete,d8BR6hsvzoY$_$5,d8BR6hsvzoY,0.0028682102759679,0.0036644147797709,35,-0.0007962045038030002,A
valid,key.V.p20.point,delete,d8BR6hsvzoY$_$5,d8BR6hsvzoY,0.0371076753363013,0.0079232645803131,8,0.029184410755988197,V
valid,key.J.p20.joint,delete,d8BR6hsvzoY$_$5,d8BR6hsvzoY,0.0429718767603238,0.0256805906493571,35,0.017291286110966704,J
valid,key.T.p20.point,delete,d8BR6hsvzoY$_$6,d8BR6hsvzoY,0.0700403402249018,0.0334038059255913,27,0.0366365342993105,T
valid,key.A.p20.point,delete,d8BR6hsvzoY$_$6,d8BR6hsvzoY,0.0027673138926426,0.0031444845508416,27,-0.0003771706581990001,A
valid,key.V.p20.point,delete,d8BR6hsvzoY$_$6,d8BR6hsvzoY,0.0095275274167458,0.0062746670363204,7,0.0032528603804254,V
valid,key.J.p20.joint,delete,d8BR6hsvzoY$_$6,d8BR6hsvzoY,0.0527333083252112,0.0210192147836399,8,0.0317140935415713,J
valid,key.T.p20.point,delete,d8BR6hsvzoY$_$9,d8BR6hsvzoY,0.0727302568654219,0.0255485389907456,50,0.047181717874676295,T
valid,key.A.p20.point,delete,d8BR6hsvzoY$_$9,d8BR6hsvzoY,0.0026998178412516,0.0021037998605364,50,0.0005960179807151999,A
valid,key.V.p20.point,delete,d8BR6hsvzoY$_$9,d8BR6hsvzoY,0.0020956611260771,0.0006209317129105,50,0.0014747294131666,V
valid,key.J.p20.joint,delete,d8BR6hsvzoY$_$9,d8BR6hsvzoY,0.0721481094757715,0.0246158094145357,50,0.047532300061235794,J
valid,key.T.p20.point,delete,d8BR6hsvzoY$_$8,d8BR6hsvzoY,0.1003335503240426,0.0625865071670462,50,0.03774704315699641,T
valid,key.A.p20.point,delete,d8BR6hsvzoY$_$8,d8BR6hsvzoY,0.0012755617499351,0.0037877043088277,50,-0.0025121425588926,A
valid,key.V.p20.point,delete,d8BR6hsvzoY$_$8,d8BR6hsvzoY,0.0005257812639077,0.0003802994390328,50,0.00014548182487489998,V
valid,key.J.p20.joint,delete,d8BR6hsvzoY$_$8,d8BR6hsvzoY,0.0883038913210233,0.0506897347110013,50,0.037614156610022,J
valid,key.T.p20.point,delete,dBWvtPeHpWM$_$4,dBWvtPeHpWM,0.1224928895632425,0.0188618786633014,4,0.1036310108999411,T
valid,key.A.p20.point,delete,dBWvtPeHpWM$_$4,dBWvtPeHpWM,0.0079139719406763,0.0039284986754258,4,0.003985473265250499,A
valid,key.V.p20.point,delete,dBWvtPeHpWM$_$4,dBWvtPeHpWM,0.0123550047477086,0.0031965921322504,4,0.0091584126154582,V
valid,key.J.p20.joint,delete,dBWvtPeHpWM$_$4,dBWvtPeHpWM,0.1330069800217946,0.0228136951724688,4,0.11019328484932579,J
valid,key.T.p20.point,delete,dEDbm2ubVRQ$_$0,dEDbm2ubVRQ,0.006393930564324,0.0262884228100301,50,-0.0198944922457061,T
valid,key.A.p20.point,delete,dEDbm2ubVRQ$_$0,dEDbm2ubVRQ,0.0010226988233625,0.0029978064486446,50,-0.0019751076252821002,A
valid,key.V.p20.point,delete,dEDbm2ubVRQ$_$0,dEDbm2ubVRQ,0.0138942267124851,0.0044917349470779,50,0.009402491765407198,V
valid,key.J.p20.joint,delete,dEDbm2ubVRQ$_$0,dEDbm2ubVRQ,0.0146490819752216,0.0262114227842539,50,-0.0115623408090323,J
valid,key.T.p20.point,delete,dEDbm2ubVRQ$_$3,dEDbm2ubVRQ,0.1714130242665608,0.078687032777816,50,0.0927259914887448,T
valid,key.A.p20.point,delete,dEDbm2ubVRQ$_$3,dEDbm2ubVRQ,0.0058809717496236,0.0049882648388544,50,0.0008927069107691997,A
valid,key.V.p20.point,delete,dEDbm2ubVRQ$_$3,dEDbm2ubVRQ,0.0060112873713175,0.0027235340078671,50,0.0032877533634504,V
valid,key.J.p20.joint,delete,dEDbm2ubVRQ$_$3,dEDbm2ubVRQ,0.1207998891671498,0.0484309835359454,50,0.0723689056312044,J
valid,key.T.p20.point,delete,dEDbm2ubVRQ$_$8,dEDbm2ubVRQ,0.0800230503082275,0.0272261299192905,50,0.052796920388937,T
valid,key.A.p20.point,delete,dEDbm2ubVRQ$_$8,dEDbm2ubVRQ,0.0048825840155283,0.0030237822731335,50,0.0018588017423948,A
valid,key.V.p20.point,delete,dEDbm2ubVRQ$_$8,dEDbm2ubVRQ,0.0253390570481618,0.0081916409425246,13,0.0171474161056372,V
valid,key.J.p20.joint,delete,dEDbm2ubVRQ$_$8,dEDbm2ubVRQ,0.0743789573510487,0.0231159134209156,50,0.051263043930133104,J
valid,key.T.p20.point,delete,dt641WxonBI$_$1,dt641WxonBI,0.0474866727987925,0.0195497505721591,35,0.0279369222266334,T
valid,key.A.p20.point,delete,dt641WxonBI$_$1,dt641WxonBI,0.0055595139662424,0.0035230406693049,35,0.0020364732969374998,A
valid,key.V.p20.point,delete,dt641WxonBI$_$1,dt641WxonBI,0.0044791897137959,0.0012836369375387,8,0.0031955527762572,V
valid,key.J.p20.joint,delete,dt641WxonBI$_$1,dt641WxonBI,0.0450473427772522,0.0189526565727733,35,0.026094686204478898,J
valid,key.T.p20.point,delete,dt641WxonBI$_$3,dt641WxonBI,0.128061231225729,0.0586423876260717,50,0.06941884359965729,T
valid,key.A.p20.point,delete,dt641WxonBI$_$3,dt641WxonBI,0.0016328357160091,0.0028924029568831,50,-0.0012595672408740003,A
valid,key.V.p20.point,delete,dt641WxonBI$_$3,dt641WxonBI,0.0101609279712041,0.0064022929718097,50,0.0037586349993944,V
valid,key.J.p20.joint,delete,dt641WxonBI$_$3,dt641WxonBI,0.155257179091374,0.0535408130226035,50,0.10171636606877049,J
valid,key.T.p20.point,delete,eOiC1kb17P4$_$0,eOiC1kb17P4,0.2573280162566031,0.1057262037756542,50,0.15160181248094892,T
valid,key.A.p20.point,delete,eOiC1kb17P4$_$0,eOiC1kb17P4,0.0145198859972879,0.0055397762618182,50,0.008980109735469699,A
valid,key.V.p20.point,delete,eOiC1kb17P4$_$0,eOiC1kb17P4,0.0254622370703145,0.0083684290280022,50,0.0170938080423123,V
valid,key.J.p20.joint,delete,eOiC1kb17P4$_$0,eOiC1kb17P4,0.3022000617735709,0.0976601552435507,50,0.2045399065300202,J
valid,key.T.p20.point,delete,erNDEjQeox8$_$12,erNDEjQeox8,0.1988964478174845,0.0359958844383557,50,0.1629005633791288,T
valid,key.A.p20.point,delete,erNDEjQeox8$_$12,erNDEjQeox8,0.0013346374034881,0.0018905756870905,50,-0.0005559382836024,A
valid,key.V.p20.point,delete,erNDEjQeox8$_$12,erNDEjQeox8,0.0007230242093404,0.0011444145441055,50,-0.0004213903347651001,V
valid,key.J.p20.joint,delete,erNDEjQeox8$_$12,erNDEjQeox8,0.2037515093882878,0.0331812538703282,50,0.1705702555179596,J
valid,key.T.p20.point,delete,ewBrNsyY82Q$_$4,ewBrNsyY82Q,0.0235704133907953,0.0327211502691109,50,-0.009150736878315597,T
valid,key.A.p20.point,delete,ewBrNsyY82Q$_$4,ewBrNsyY82Q,0.0016377021869023,0.003766321837902,50,-0.0021286196509997,A
valid,key.V.p20.point,delete,ewBrNsyY82Q$_$4,ewBrNsyY82Q,0.001457596818606,0.0021963422497113,50,-0.0007387454311052997,V
valid,key.J.p20.joint,delete,ewBrNsyY82Q$_$4,ewBrNsyY82Q,0.0270576626062393,0.0277511425316333,50,-0.0006934799253939979,J
valid,key.T.p20.point,delete,fWOIAxzBQFY$_$12,fWOIAxzBQFY,0.102491761247317,0.0238434228301048,50,0.0786483384172122,T
valid,key.A.p20.point,delete,fWOIAxzBQFY$_$12,fWOIAxzBQFY,0.0046181281407674,0.0022868567705154,50,0.0023312713702520003,A
valid,key.V.p20.point,delete,fWOIAxzBQFY$_$12,fWOIAxzBQFY,0.0020537624756495,0.0028314621249834,50,-0.0007776996493338998,V
valid,key.J.p20.joint,delete,fWOIAxzBQFY$_$12,fWOIAxzBQFY,0.0685129165649414,0.0117590587337811,50,0.056753857831160305,J
valid,key.T.p20.point,delete,fWOIAxzBQFY$_$5,fWOIAxzBQFY,0.1277600526809692,0.0317440551519394,50,0.09601599752902981,T
valid,key.A.p20.point,delete,fWOIAxzBQFY$_$5,fWOIAxzBQFY,0.01245778799057,0.0046695616000737,13,0.007788226390496301,A
valid,key.V.p20.point,delete,fWOIAxzBQFY$_$5,fWOIAxzBQFY,0.0026888648668924,0.0023735799392064,50,0.00031528492768599994,V
valid,key.J.p20.joint,delete,fWOIAxzBQFY$_$5,fWOIAxzBQFY,0.1192602018515269,0.0294437519709269,50,0.0898164498806,J
valid,key.T.p20.point,delete,fWOIAxzBQFY$_$7,fWOIAxzBQFY,0.1893218060334523,0.0318369129796822,50,0.15748489305377011,T
valid,key.A.p20.point,delete,fWOIAxzBQFY$_$7,fWOIAxzBQFY,0.0069267948468526,0.0049350670973459,50,0.0019917277495067,A
valid,key.V.p20.point,delete,fWOIAxzBQFY$_$7,fWOIAxzBQFY,0.0245873530705769,0.016548631257481,15,0.008038721813095902,V
valid,key.J.p20.joint,delete,fWOIAxzBQFY$_$7,fWOIAxzBQFY,0.0549179911613464,0.0312413455049196,50,0.0236766456564268,J
valid,key.T.p20.point,delete,f_ZJ7L14oYQ$_$11,f_ZJ7L14oYQ,0.0732183754444122,0.0204032044609387,50,0.052815170983473506,T
valid,key.A.p20.point,delete,f_ZJ7L14oYQ$_$11,f_ZJ7L14oYQ,0.0050403823455174,0.002927568356196,50,0.0021128139893214,A
valid,key.V.p20.point,delete,f_ZJ7L14oYQ$_$11,f_ZJ7L14oYQ,0.019032284617424,0.0045695214470227,50,0.0144627631704013,V
valid,key.J.p20.joint,delete,f_ZJ7L14oYQ$_$11,f_ZJ7L14oYQ,0.0644258906443913,0.0247117775678634,50,0.039714113076527904,J
valid,key.T.p20.point,delete,f_ZJ7L14oYQ$_$27,f_ZJ7L14oYQ,0.0676025996605555,0.0413613814115524,50,0.0262412182490031,T
valid,key.A.p20.point,delete,f_ZJ7L14oYQ$_$27,f_ZJ7L14oYQ,0.0071807404359181,0.0028560601671536,50,0.004324680268764499,A
valid,key.V.p20.point,delete,f_ZJ7L14oYQ$_$27,f_ZJ7L14oYQ,0.0056158105532328,0.0018975573778152,50,0.0037182531754175996,V
valid,key.J.p20.joint,delete,f_ZJ7L14oYQ$_$27,f_ZJ7L14oYQ,0.0762404799461364,0.0484159359087546,50,0.027824544037381806,J
valid,key.T.p20.point,delete,f_ZJ7L14oYQ$_$21,f_ZJ7L14oYQ,0.3452969069282214,0.1123697650432586,50,0.2329271418849628,T
valid,key.A.p20.point,delete,f_ZJ7L14oYQ$_$21,f_ZJ7L14oYQ,0.0058281322320302,0.0039623009165128,50,0.0018658313155174005,A
valid,key.V.p20.point,delete,f_ZJ7L14oYQ$_$21,f_ZJ7L14oYQ,0.0094646910826365,0.0048365000883738,50,0.004628190994262701,V
valid,key.J.p20.joint,delete,f_ZJ7L14oYQ$_$21,f_ZJ7L14oYQ,0.4420505153636137,0.1121496510816117,50,0.32990086428200205,J
valid,key.T.p20.point,delete,f_ZJ7L14oYQ$_$17,f_ZJ7L14oYQ,0.0290645075341065,0.0524452577795212,50,-0.0233807502454147,T
valid,key.A.p20.point,delete,f_ZJ7L14oYQ$_$17,f_ZJ7L14oYQ,0.0043718699210633,0.002789677005882,50,0.0015821929151812997,A
valid,key.V.p20.point,delete,f_ZJ7L14oYQ$_$17,f_ZJ7L14oYQ,0.005079671430091,0.0044565528662254,50,0.0006231185638655998,V
valid,key.J.p20.joint,delete,f_ZJ7L14oYQ$_$17,f_ZJ7L14oYQ,0.0472908249745766,0.0394514168504004,50,0.007839408124176203,J
valid,key.T.p20.point,delete,f_ZJ7L14oYQ$_$9,f_ZJ7L14oYQ,0.0901328225930531,0.0342390020313905,50,0.055893820561662595,T
valid,key.A.p20.point,delete,f_ZJ7L14oYQ$_$9,f_ZJ7L14oYQ,0.0079791095728675,0.0042354824083546,50,0.0037436271645129,A
valid,key.V.p20.point,delete,f_ZJ7L14oYQ$_$9,f_ZJ7L14oYQ,0.018006706610322,0.0069277429062387,23,0.0110789637040833,V
valid,key.J.p20.joint,delete,f_ZJ7L14oYQ$_$9,f_ZJ7L14oYQ,0.114109493792057,0.0286434795691942,50,0.08546601422286279,J
valid,key.T.p20.point,delete,f_ZJ7L14oYQ$_$8,f_ZJ7L14oYQ,0.0569415998955567,0.0464527016909172,50,0.010488898204639503,T
valid,key.A.p20.point,delete,f_ZJ7L14oYQ$_$8,f_ZJ7L14oYQ,0.0061679159601529,0.0044546902924776,50,0.0017132256676753,A
valid,key.V.p20.point,delete,f_ZJ7L14oYQ$_$8,f_ZJ7L14oYQ,0.0036951303482055,0.0041573336968819,50,-0.00046220334867640026,V
valid,key.J.p20.joint,delete,f_ZJ7L14oYQ$_$8,f_ZJ7L14oYQ,0.0613020993769168,0.0442503222085846,50,0.0170517771683322,J
valid,key.T.p20.point,delete,ffrJ91swyq0$_$1,ffrJ91swyq0,0.2446134947240352,0.0431253688037395,50,0.2014881259202957,T
valid,key.A.p20.point,delete,ffrJ91swyq0$_$1,ffrJ91swyq0,0.0010237991809844,0.0014802622795104,50,-0.0004564630985260001,A
valid,key.V.p20.point,delete,ffrJ91swyq0$_$1,ffrJ91swyq0,0.0028444826602935,0.0018611540397008,50,0.0009833286205927002,V
valid,key.J.p20.joint,delete,ffrJ91swyq0$_$1,ffrJ91swyq0,0.2467141821980476,0.0517981354395548,50,0.1949160467584928,J
valid,key.T.p20.point,delete,g8Cl74tS3oY$_$2,g8Cl74tS3oY,0.375139898310105,0.0608681028150021,50,0.3142717954951029,T
valid,key.A.p20.point,delete,g8Cl74tS3oY$_$2,g8Cl74tS3oY,0.0083214988311131,0.0034095134337743,50,0.0049119853973388,A
valid,key.V.p20.point,delete,g8Cl74tS3oY$_$2,g8Cl74tS3oY,0.000816469391187,0.0017532261212666,50,-0.0009367567300795999,V
valid,key.J.p20.joint,delete,g8Cl74tS3oY$_$2,g8Cl74tS3oY,0.2028474745651086,0.055035360182325,50,0.1478121143827836,J
valid,key.T.p20.point,delete,g8Cl74tS3oY$_$6,g8Cl74tS3oY,0.3078548243890206,0.0530094342430432,50,0.2548453901459774,T
valid,key.A.p20.point,delete,g8Cl74tS3oY$_$6,g8Cl74tS3oY,0.0027135908603668,0.0021879541873931,50,0.0005256366729737001,A
valid,key.V.p20.point,delete,g8Cl74tS3oY$_$6,g8Cl74tS3oY,0.0021432042121887,0.0010553554693857,50,0.0010878487428029999,V
valid,key.J.p20.joint,delete,g8Cl74tS3oY$_$6,g8Cl74tS3oY,0.3177768215537071,0.0650358147422472,50,0.25274100681145995,J
valid,key.T.p20.point,delete,gR4gM_WXesQ$_$10,gR4gM_WXesQ,0.1577840602646271,0.0627368802080551,50,0.095047180056572,T
valid,key.A.p20.point,delete,gR4gM_WXesQ$_$10,gR4gM_WXesQ,0.0026338969667752,0.0051787742227315,50,-0.0025448772559562996,A
valid,key.V.p20.point,delete,gR4gM_WXesQ$_$10,gR4gM_WXesQ,0.0013402799765268,0.0013237311939398,50,1.6548782586999888e-05,V
valid,key.J.p20.joint,delete,gR4gM_WXesQ$_$10,gR4gM_WXesQ,0.1541605597982804,0.0509211138139168,50,0.10323944598436359,J
valid,key.T.p20.point,delete,gR4gM_WXesQ$_$26,gR4gM_WXesQ,0.3636759355043371,0.1298678676287333,50,0.23380806787560376,T
valid,key.A.p20.point,delete,gR4gM_WXesQ$_$26,gR4gM_WXesQ,0.0031174421310424,0.0022409602999687,50,0.0008764818310737,A
valid,key.V.p20.point,delete,gR4gM_WXesQ$_$26,gR4gM_WXesQ,0.0028193791707356,0.0013022509217262,50,0.0015171282490094,V
valid,key.J.p20.joint,delete,gR4gM_WXesQ$_$26,gR4gM_WXesQ,0.1523878822724024,0.1112812363107999,50,0.0411066459616025,J
valid,key.T.p20.point,delete,gR4gM_WXesQ$_$20,gR4gM_WXesQ,0.2259935364127159,0.0373396842181682,50,0.18865385219454772,T
valid,key.A.p20.point,delete,gR4gM_WXesQ$_$20,gR4gM_WXesQ,0.002923846244812,0.0026503775517145,50,0.0002734686930975002,A
valid,key.V.p20.point,delete,gR4gM_WXesQ$_$20,gR4gM_WXesQ,0.0009361604849497,0.0014001035690307,50,-0.00046394308408099995,V
valid,key.J.p20.joint,delete,gR4gM_WXesQ$_$20,gR4gM_WXesQ,0.2529761791229248,0.0451876407861709,50,0.2077885383367539,J
valid,key.T.p20.point,delete,gR4gM_WXesQ$_$24,gR4gM_WXesQ,0.1025294596329331,0.0296459678350947,50,0.0728834917978384,T
valid,key.A.p20.point,delete,gR4gM_WXesQ$_$24,gR4gM_WXesQ,0.0092142960056662,0.0029823551420122,10,0.006231940863654001,A
valid,key.V.p20.point,delete,gR4gM_WXesQ$_$24,gR4gM_WXesQ,0.0084372848893205,0.0021368252889563,10,0.006300459600364201,V
valid,key.J.p20.joint,delete,gR4gM_WXesQ$_$24,gR4gM_WXesQ,0.1069883961851398,0.0309491990312623,50,0.07603919715387751,J
valid,key.T.p20.point,delete,gR4gM_WXesQ$_$18,gR4gM_WXesQ,0.3761242950956027,0.0646071754116565,50,0.3115171196839462,T
valid,key.A.p20.point,delete,gR4gM_WXesQ$_$18,gR4gM_WXesQ,0.0052665521701176,0.0027050650119781,50,0.0025614871581395005,A
valid,key.V.p20.point,delete,gR4gM_WXesQ$_$18,gR4gM_WXesQ,0.0071472823619842,0.0017439207434654,50,0.0054033616185188,V
valid,key.J.p20.joint,delete,gR4gM_WXesQ$_$18,gR4gM_WXesQ,0.3810701208810012,0.0955245465536912,50,0.28554557432731,J
valid,key.T.p20.point,delete,gR4gM_WXesQ$_$3,gR4gM_WXesQ,0.0134342511494954,0.0513235098247726,50,-0.037889258675277204,T
valid,key.A.p20.point,delete,gR4gM_WXesQ$_$3,gR4gM_WXesQ,0.0133293780187765,0.0033163989335298,50,0.0100129790852467,A
valid,key.V.p20.point,delete,gR4gM_WXesQ$_$3,gR4gM_WXesQ,0.0191665887832641,0.0053024058043956,50,0.013864182978868501,V
valid,key.J.p20.joint,delete,gR4gM_WXesQ$_$3,gR4gM_WXesQ,0.0173101151982943,0.0563555040520926,50,-0.0390453888537983,J
valid,key.T.p20.point,delete,gR4gM_WXesQ$_$4,gR4gM_WXesQ,0.0258268117904663,0.0227711498737335,50,0.003055661916732802,T
valid,key.A.p20.point,delete,gR4gM_WXesQ$_$4,gR4gM_WXesQ,0.000603641072909,0.0032756934563318,50,-0.0026720523834228,A
valid,key.V.p20.point,delete,gR4gM_WXesQ$_$4,gR4gM_WXesQ,0.0009706914424896,0.0018981113036473,50,-0.0009274198611577001,V
valid,key.J.p20.joint,delete,gR4gM_WXesQ$_$4,gR4gM_WXesQ,0.0353538344303766,0.0206901544332504,50,0.014663679997126203,J
valid,key.T.p20.point,delete,gR4gM_WXesQ$_$8,gR4gM_WXesQ,0.0788481061657269,0.0357739347964525,50,0.043074171369274404,T
valid,key.A.p20.point,delete,gR4gM_WXesQ$_$8,gR4gM_WXesQ,0.0062963689366976,0.0046098666638135,50,0.0016865022728841002,A
valid,key.V.p20.point,delete,gR4gM_WXesQ$_$8,gR4gM_WXesQ,0.0111840888857841,0.0025307508806387,50,0.008653338005145401,V
valid,key.J.p20.joint,delete,gR4gM_WXesQ$_$8,gR4gM_WXesQ,0.1357945427298545,0.0356408172349135,50,0.100153725494941,J
valid,key.T.p20.point,delete,gVqs4TzqySw$_$1,gVqs4TzqySw,0.0098270078500111,0.0229437823096911,50,-0.013116774459679998,T
valid,key.A.p20.point,delete,gVqs4TzqySw$_$1,gVqs4TzqySw,0.0005132953325907,0.0031701704859733,50,-0.0026568751533826004,A
valid,key.V.p20.point,delete,gVqs4TzqySw$_$1,gVqs4TzqySw,0.0018794933954874,0.0019849612315495,50,-0.00010546783606209991,V
valid,key.J.p20.joint,delete,gVqs4TzqySw$_$1,gVqs4TzqySw,0.0254876712958018,0.0193515875935554,50,0.0061360837022464,J
valid,key.T.p20.point,delete,gVqs4TzqySw$_$3,gVqs4TzqySw,0.1236530741055806,0.0631690796247373,50,0.060483994480843295,T
valid,key.A.p20.point,delete,gVqs4TzqySw$_$3,gVqs4TzqySw,0.0119986732800801,0.0046960918605327,50,0.007302581419547399,A
valid,key.V.p20.point,delete,gVqs4TzqySw$_$3,gVqs4TzqySw,0.0069448202848434,0.0026527705291906,50,0.0042920497556528,V
valid,key.J.p20.joint,delete,gVqs4TzqySw$_$3,gVqs4TzqySw,0.2337324004620313,0.0971346151952942,50,0.1365977852667371,J
valid,key.T.p20.point,delete,gVqs4TzqySw$_$2,gVqs4TzqySw,0.1098192036151886,0.0211350415647029,50,0.0886841620504857,T
valid,key.A.p20.point,delete,gVqs4TzqySw$_$2,gVqs4TzqySw,0.0073331991831461,0.0029052123427391,50,0.004427986840407,A
valid,key.V.p20.point,delete,gVqs4TzqySw$_$2,gVqs4TzqySw,0.016291985909144,0.0081084356421516,7,0.008183550266992402,V
valid,key.J.p20.joint,delete,gVqs4TzqySw$_$2,gVqs4TzqySw,0.0727303624153137,0.0371134194235006,50,0.03561694299181311,J
valid,key.T.p20.point,delete,gVqs4TzqySw$_$4,gVqs4TzqySw,0.108975313603878,0.0369332326265672,20,0.0720420809773108,T
valid,key.A.p20.point,delete,gVqs4TzqySw$_$4,gVqs4TzqySw,0.0013832549254099,0.0047436686232686,20,-0.0033604136978587,A
valid,key.V.p20.point,delete,gVqs4TzqySw$_$4,gVqs4TzqySw,0.0013871888319651,0.0017885354657967,6,-0.00040134663383159996,V
valid,key.J.p20.joint,delete,gVqs4TzqySw$_$4,gVqs4TzqySw,0.0557952498396237,0.0314005297564324,7,0.024394720083191303,J
valid,key.T.p20.point,delete,goMtnNHQ_z4$_$1,goMtnNHQ_z4,0.0257129520177841,0.0379084704319636,50,-0.012195518414179502,T
valid,key.A.p20.point,delete,goMtnNHQ_z4$_$1,goMtnNHQ_z4,0.0102513432502746,0.0053328413229722,13,0.004918501927302399,A
valid,key.V.p20.point,delete,goMtnNHQ_z4$_$1,goMtnNHQ_z4,0.0034398262699445,0.0014426175218362,13,0.0019972087481082996,V
valid,key.J.p20.joint,delete,goMtnNHQ_z4$_$1,goMtnNHQ_z4,0.0280615066488583,0.0423646883169809,50,-0.014303181668122597,J
valid,key.T.p20.point,delete,goMtnNHQ_z4$_$2,goMtnNHQ_z4,0.1393173485994339,0.0278415994842847,50,0.1114757491151492,T
valid,key.A.p20.point,delete,goMtnNHQ_z4$_$2,goMtnNHQ_z4,0.0017776091893513,0.001856881181399,50,-7.927199204770018e-05,A
valid,key.V.p20.point,delete,goMtnNHQ_z4$_$2,goMtnNHQ_z4,0.0051373243331909,0.0021570839484532,50,0.0029802403847377,V
valid,key.J.p20.joint,delete,goMtnNHQ_z4$_$2,goMtnNHQ_z4,0.1558869282404581,0.0257358971734841,50,0.130151031066974,J
valid,key.T.p20.point,delete,goMtnNHQ_z4$_$13,goMtnNHQ_z4,0.0706879496574401,0.0083773286143938,50,0.0623106210430463,T
valid,key.A.p20.point,delete,goMtnNHQ_z4$_$13,goMtnNHQ_z4,0.0030952294667561,0.0017954854170481,50,0.0012997440497080001,A
valid,key.V.p20.point,delete,goMtnNHQ_z4$_$13,goMtnNHQ_z4,0.0057917237281799,0.0019013720750808,50,0.0038903516530991,V
valid,key.J.p20.joint,delete,goMtnNHQ_z4$_$13,goMtnNHQ_z4,0.0882220466931661,0.0099023283521334,50,0.07831971834103271,J
valid,key.T.p20.point,delete,goMtnNHQ_z4$_$12,goMtnNHQ_z4,0.0734861294428507,0.0711020181824763,50,0.002384111260374397,T
valid,key.A.p20.point,delete,goMtnNHQ_z4$_$12,goMtnNHQ_z4,0.0036068658034006,0.0027503979206085,50,0.0008564678827920999,A
valid,key.V.p20.point,delete,goMtnNHQ_z4$_$12,goMtnNHQ_z4,0.0257529094815254,0.0074949186709192,15,0.018257990810606202,V
valid,key.J.p20.joint,delete,goMtnNHQ_z4$_$12,goMtnNHQ_z4,0.0504125443597634,0.0465273703883091,50,0.0038851739714543046,J
valid,key.T.p20.point,delete,hqzF4IDaIYE$_$0,hqzF4IDaIYE,0.1003336062033971,0.0615867660442988,50,0.038746840159098295,T
valid,key.A.p20.point,delete,hqzF4IDaIYE$_$0,hqzF4IDaIYE,0.0096543232599894,0.0038943391044934,50,0.005759984155495999,A
valid,key.V.p20.point,delete,hqzF4IDaIYE$_$0,hqzF4IDaIYE,0.0105763028065363,0.0035920309027036,50,0.0069842719038327,V
valid,key.J.p20.joint,delete,hqzF4IDaIYE$_$0,hqzF4IDaIYE,0.0940252840518951,0.0497999860843022,50,0.0442252979675929,J
valid,key.T.p20.point,delete,hqzF4IDaIYE$_$3,hqzF4IDaIYE,0.0844420343637466,0.0254171492656072,50,0.0590248850981394,T
valid,key.A.p20.point,delete,hqzF4IDaIYE$_$3,hqzF4IDaIYE,0.0052878732482592,0.0028235840300718,50,0.0024642892181873997,A
valid,key.V.p20.point,delete,hqzF4IDaIYE$_$3,hqzF4IDaIYE,0.0082032680511474,0.0034888728459676,50,0.0047143952051798,V
valid,key.J.p20.joint,delete,hqzF4IDaIYE$_$3,hqzF4IDaIYE,0.0795985360940297,0.0259023119757572,50,0.0536962241182725,J
valid,key.T.p20.point,delete,hqzF4IDaIYE$_$2,hqzF4IDaIYE,0.1378792723019918,0.0632399895787239,50,0.07463928272326789,T
valid,key.A.p20.point,delete,hqzF4IDaIYE$_$2,hqzF4IDaIYE,0.003010536233584,0.0020409613847732,50,0.0009695748488108002,A
valid,key.V.p20.point,delete,hqzF4IDaIYE$_$2,hqzF4IDaIYE,0.0041577965021133,0.0021714389324188,50,0.0019863575696944997,V
valid,key.J.p20.joint,delete,hqzF4IDaIYE$_$2,hqzF4IDaIYE,0.1261317233244578,0.0406921900808811,50,0.0854395332435767,J
valid,key.T.p20.point,delete,hqzF4IDaIYE$_$4,hqzF4IDaIYE,0.1949855635563532,0.0887990403159831,50,0.10618652324037009,T
valid,key.A.p20.point,delete,hqzF4IDaIYE$_$4,hqzF4IDaIYE,0.0024998188018798,0.0048680793742338,50,-0.002368260572354,A
valid,key.V.p20.point,delete,hqzF4IDaIYE$_$4,hqzF4IDaIYE,0.0130894482135772,0.0056649468839168,50,0.0074245013296604,V
valid,key.J.p20.joint,delete,hqzF4IDaIYE$_$4,hqzF4IDaIYE,0.251922530742983,0.0509374649687246,11,0.2009850657742584,J
valid,key.T.p20.point,delete,hqzF4IDaIYE$_$6,hqzF4IDaIYE,0.0601718748609224,0.0483468030357644,7,0.011825071825158004,T
valid,key.A.p20.point,delete,hqzF4IDaIYE$_$6,hqzF4IDaIYE,0.0015822251637776,0.0044124927141784,27,-0.0028302675504008,A
valid,key.V.p20.point,delete,hqzF4IDaIYE$_$6,hqzF4IDaIYE,0.0287946710983912,0.0138422335897173,7,0.014952437508673899,V
valid,key.J.p20.joint,delete,hqzF4IDaIYE$_$6,hqzF4IDaIYE,0.1023301978905995,0.0328623814275488,8,0.0694678164630507,J
valid,key.T.p20.point,delete,hvfaYsv7p8E$_$0,hvfaYsv7p8E,0.0215041364232699,0.0838517995240787,50,-0.0623476631008088,T
valid,key.A.p20.point,delete,hvfaYsv7p8E$_$0,hvfaYsv7p8E,0.0124572639664014,0.0063433720668156,50,0.0061138918995858,A
valid,key.V.p20.point,delete,hvfaYsv7p8E$_$0,hvfaYsv7p8E,0.003460370004177,0.001505968272686,50,0.001954401731491,V
valid,key.J.p20.joint,delete,hvfaYsv7p8E$_$0,hvfaYsv7p8E,0.0230292802055676,0.0760020512963334,50,-0.0529727710907658,J
valid,key.T.p20.point,delete,iUXqlrui25c$_$10,iUXqlrui25c,0.4419817135979731,0.1182039156369865,50,0.3237777979609866,T
valid,key.A.p20.point,delete,iUXqlrui25c$_$10,iUXqlrui25c,0.0140823473532994,0.0048660433789094,50,0.009216303974390001,A
valid,key.V.p20.point,delete,iUXqlrui25c$_$10,iUXqlrui25c,0.0007917533318201,0.0006286056836446,50,0.00016314764817550002,V
valid,key.J.p20.joint,delete,iUXqlrui25c$_$10,iUXqlrui25c,0.4377817769224445,0.1176287930955489,50,0.3201529838268956,J
valid,key.T.p20.point,delete,iUXqlrui25c$_$21,iUXqlrui25c,0.0211641690305744,0.023610102807482,50,-0.002445933776907598,T
valid,key.A.p20.point,delete,iUXqlrui25c$_$21,iUXqlrui25c,0.0058078949029246,0.0028114454442402,50,0.0029964494586844,A
valid,key.V.p20.point,delete,iUXqlrui25c$_$21,iUXqlrui25c,0.0006882219264904,0.0012438634472588,50,-0.0005556415207684001,V
valid,key.J.p20.joint,delete,iUXqlrui25c$_$21,iUXqlrui25c,0.0236696920668085,0.0261992257565725,50,-0.002529533689764,J
valid,key.T.p20.point,delete,iUXqlrui25c$_$23,iUXqlrui25c,0.0825681860248247,0.0458424120272199,50,0.0367257739976048,T
valid,key.A.p20.point,delete,iUXqlrui25c$_$23,iUXqlrui25c,0.0327753275632858,0.0130579484005769,20,0.019717379162708902,A
valid,key.V.p20.point,delete,iUXqlrui25c$_$23,iUXqlrui25c,0.0014082019527753,0.001762463748455,50,-0.0003542617956796999,V
valid,key.J.p20.joint,delete,iUXqlrui25c$_$23,iUXqlrui25c,0.075683241089185,0.0428238298992315,50,0.0328594111899535,J
valid,key.T.p20.point,delete,icbUzboLcDQ$_$0,icbUzboLcDQ,0.2049055024981498,0.0161514528592427,50,0.18875404963890707,T
valid,key.A.p20.point,delete,icbUzboLcDQ$_$0,icbUzboLcDQ,0.0041277408599853,0.0015286821126937,50,0.0025990587472916006,A
valid,key.V.p20.point,delete,icbUzboLcDQ$_$0,icbUzboLcDQ,0.0001687705516815,0.0002776541312535,50,-0.000108883579572,V
valid,key.J.p20.joint,delete,icbUzboLcDQ$_$0,icbUzboLcDQ,0.2054510215918223,0.0176844816406567,50,0.1877665399511656,J
valid,key.T.p20.point,delete,ioupaiAuRr0$_$5,ioupaiAuRr0,0.0262566854556401,0.0687147384408551,50,-0.042458052985215,T
valid,key.A.p20.point,delete,ioupaiAuRr0$_$5,ioupaiAuRr0,0.0019822021325429,0.00296447823445,50,-0.0009822761019071002,A
valid,key.V.p20.point,delete,ioupaiAuRr0$_$5,ioupaiAuRr0,0.0034229308366775,0.001285474350055,50,0.0021374564866225004,V
valid,key.J.p20.joint,delete,ioupaiAuRr0$_$5,ioupaiAuRr0,0.0277911772330602,0.046999334776774,50,-0.019208157543713803,J
valid,key.T.p20.point,delete,ioupaiAuRr0$_$4,ioupaiAuRr0,0.3425481182833512,0.0577046998838583,50,0.2848434183994929,T
valid,key.A.p20.point,delete,ioupaiAuRr0$_$4,ioupaiAuRr0,0.0022778362035751,0.0020486917098363,50,0.00022914449373879998,A
valid,key.V.p20.point,delete,ioupaiAuRr0$_$4,ioupaiAuRr0,0.0023516615231831,0.0007226668794949,50,0.0016289946436882,V
valid,key.J.p20.joint,delete,ioupaiAuRr0$_$4,ioupaiAuRr0,0.3430452073613803,0.0513594676957776,50,0.2916857396656027,J
valid,key.T.p20.point,delete,jICmfLeFymA$_$16,jICmfLeFymA,0.0209640264511108,0.0186779434482256,50,0.0022860830028852003,T
valid,key.A.p20.point,delete,jICmfLeFymA$_$16,jICmfLeFymA,0.0022029081980387,0.001436740954717,50,0.0007661672433216999,A
valid,key.V.p20.point,delete,jICmfLeFymA$_$16,jICmfLeFymA,0.002834935983022,0.001804560025533,50,0.001030375957489,V
valid,key.J.p20.joint,delete,jICmfLeFymA$_$16,jICmfLeFymA,0.0249873499075571,0.0147329014539718,50,0.0102544484535853,J
valid,key.T.p20.point,delete,jPrEKz1rAno$_$11,jPrEKz1rAno,0.0861305445432663,0.0449519284690419,50,0.0411786160742244,T
valid,key.A.p20.point,delete,jPrEKz1rAno$_$11,jPrEKz1rAno,0.0038095886508623,0.0033703055977821,50,0.0004392830530801999,A
valid,key.V.p20.point,delete,jPrEKz1rAno$_$11,jPrEKz1rAno,0.0010200316707293,0.0007232736051082,50,0.0002967580656211001,V
valid,key.J.p20.joint,delete,jPrEKz1rAno$_$11,jPrEKz1rAno,0.035337616999944,0.0302721831119722,12,0.005065433887971798,J
valid,key.T.p20.point,delete,jPrEKz1rAno$_$7,jPrEKz1rAno,0.022391897936662,0.0296032372117042,50,-0.0072113392750422015,T
valid,key.A.p20.point,delete,jPrEKz1rAno$_$7,jPrEKz1rAno,0.0034596075614293,0.0040681987504164,50,-0.0006085911889871002,A
valid,key.V.p20.point,delete,jPrEKz1rAno$_$7,jPrEKz1rAno,0.0082763507962226,0.0034976002077261,50,0.0047787505884965,V
valid,key.J.p20.joint,delete,jPrEKz1rAno$_$7,jPrEKz1rAno,0.0498206789294878,0.0326415181656678,50,0.01717916076382,J
valid,key.T.p20.point,delete,jPrEKz1rAno$_$6,jPrEKz1rAno,0.0454304118951161,0.0225196031232674,50,0.022910808771848704,T
valid,key.A.p20.point,delete,jPrEKz1rAno$_$6,jPrEKz1rAno,0.0025330111384391,0.0030784773578246,50,-0.0005454662193854999,A
valid,key.V.p20.point,delete,jPrEKz1rAno$_$6,jPrEKz1rAno,0.0006224090854326,0.0010502235591411,50,-0.00042781447370850005,V
valid,key.J.p20.joint,delete,jPrEKz1rAno$_$6,jPrEKz1rAno,0.0414568980534871,0.0267592851072549,50,0.014697612946232202,J
valid,key.T.p20.point,delete,k5ZOshC2LP4$_$1,k5ZOshC2LP4,0.2592834283908208,0.0900466653308831,50,0.1692367630599377,T
valid,key.A.p20.point,delete,k5ZOshC2LP4$_$1,k5ZOshC2LP4,0.0068912481268246,0.0051640598724285,50,0.0017271882543961007,A
valid,key.V.p20.point,delete,k5ZOshC2LP4$_$1,k5ZOshC2LP4,0.0003110617399215,0.0001601450641949,25,0.0001509166757266,V
valid,key.J.p20.joint,delete,k5ZOshC2LP4$_$1,k5ZOshC2LP4,0.2610366965333621,0.0889463808760046,50,0.1720903156573575,J
valid,key.T.p20.point,delete,kbGhEJ4W44o$_$0,kbGhEJ4W44o,0.379630363235871,0.1455476739971588,50,0.23408268923871223,T
valid,key.A.p20.point,delete,kbGhEJ4W44o$_$0,kbGhEJ4W44o,0.0056184567511081,0.009254161985591,50,-0.0036357052344828996,A
valid,key.V.p20.point,delete,kbGhEJ4W44o$_$0,kbGhEJ4W44o,0.0047544042269388,0.0071220939978957,50,-0.0023676897709569,V
valid,key.J.p20.joint,delete,kbGhEJ4W44o$_$0,kbGhEJ4W44o,0.3549471944570541,0.1536498978266415,50,0.20129729663041257,J
valid,key.T.p20.point,delete,kfsO4c0Ekes$_$7,kfsO4c0Ekes,0.0542810757954915,0.0148004145423571,50,0.039480661253134396,T
valid,key.A.p20.point,delete,kfsO4c0Ekes$_$7,kfsO4c0Ekes,0.0032638013362884,0.0018549768129984,50,0.00140882452329,A
valid,key.V.p20.point,delete,kfsO4c0Ekes$_$7,kfsO4c0Ekes,0.0047641197840372,0.0006413660446802,50,0.004122753739357001,V
valid,key.J.p20.joint,delete,kfsO4c0Ekes$_$7,kfsO4c0Ekes,0.0573191245396932,0.0151046121120452,50,0.042214512427647996,J
valid,key.T.p20.point,delete,kvUb78Rdzdc$_$3,kvUb78Rdzdc,0.100693533817927,0.0163715819517771,50,0.08432195186614991,T
valid,key.A.p20.point,delete,kvUb78Rdzdc$_$3,kvUb78Rdzdc,0.000123381614685,0.0014483078320821,50,-0.0013249262173971,A
valid,key.V.p20.point,delete,kvUb78Rdzdc$_$3,kvUb78Rdzdc,0.0002442598342895,0.0005429502328236,50,-0.0002986903985341,V
valid,key.J.p20.joint,delete,kvUb78Rdzdc$_$3,kvUb78Rdzdc,0.0998922437429428,0.0191528093814849,50,0.08073943436145789,J
valid,key.T.p20.point,delete,lO87-4Kf0cQ$_$2,lO87-4Kf0cQ,0.0430810103813807,0.0217375945113599,50,0.0213434158700208,T
valid,key.A.p20.point,delete,lO87-4Kf0cQ$_$2,lO87-4Kf0cQ,0.0096135387818018,0.0053664172937472,50,0.0042471214880546,A
valid,key.V.p20.point,delete,lO87-4Kf0cQ$_$2,lO87-4Kf0cQ,0.0057104155421257,0.0026091280579566,50,0.0031012874841691,V
valid,key.J.p20.joint,delete,lO87-4Kf0cQ$_$2,lO87-4Kf0cQ,0.0543906365831693,0.0199824950968225,50,0.0344081414863468,J
valid,key.T.p20.point,delete,lO87-4Kf0cQ$_$5,lO87-4Kf0cQ,0.0979371070861816,0.0305520816737165,50,0.0673850254124651,T
valid,key.A.p20.point,delete,lO87-4Kf0cQ$_$5,lO87-4Kf0cQ,0.0036733727902173,0.0035930902262528,50,8.028256396449976e-05,A
valid,key.V.p20.point,delete,lO87-4Kf0cQ$_$5,lO87-4Kf0cQ,0.0010728326936562,0.00199401323994,50,-0.0009211805462837998,V
valid,key.J.p20.joint,delete,lO87-4Kf0cQ$_$5,lO87-4Kf0cQ,0.09938345849514,0.0233734667254611,50,0.0760099917696789,J
valid,key.T.p20.point,delete,lWf5hHRHIDs$_$11,lWf5hHRHIDs,0.08609572549661,0.0345575806995232,50,0.0515381447970868,T
valid,key.A.p20.point,delete,lWf5hHRHIDs$_$11,lWf5hHRHIDs,0.0058342615763346,0.0045550357302029,50,0.0012792258461317004,A
valid,key.V.p20.point,delete,lWf5hHRHIDs$_$11,lWf5hHRHIDs,0.0140807678302129,0.0049085741241772,10,0.009172193706035699,V
valid,key.J.p20.joint,delete,lWf5hHRHIDs$_$11,lWf5hHRHIDs,0.1281940961877505,0.0266804227729638,50,0.10151367341478669,J
valid,key.T.p20.point,delete,lawHYX5eB20$_$1,lawHYX5eB20,0.0307920525471369,0.0558581824352343,50,-0.0250661298880974,T
valid,key.A.p20.point,delete,lawHYX5eB20$_$1,lawHYX5eB20,0.0007956822713216,0.0020187110702196,50,-0.001223028798898,A
valid,key.V.p20.point,delete,lawHYX5eB20$_$1,lawHYX5eB20,0.0027206738789876,0.0009152104457219,10,0.0018054634332657,V
valid,key.J.p20.joint,delete,lawHYX5eB20$_$1,lawHYX5eB20,0.0323868741591771,0.056081810320417,50,-0.023694936161239903,J
valid,key.T.p20.point,delete,lawHYX5eB20$_$2,lawHYX5eB20,0.0833725140740474,0.0174323011973562,50,0.0659402128766912,T
valid,key.A.p20.point,delete,lawHYX5eB20$_$2,lawHYX5eB20,0.0036952340354522,0.0028524481629331,50,0.0008427858725191003,A
valid,key.V.p20.point,delete,lawHYX5eB20$_$2,lawHYX5eB20,0.0014441118886073,0.0016026014958818,50,-0.00015848960727449994,V
valid,key.J.p20.joint,delete,lawHYX5eB20$_$2,lawHYX5eB20,0.0401739127313097,0.0170136501195762,50,0.023160262611733498,J
valid,key.T.p20.point,delete,mHGaQ_nv9UY$_$13,mHGaQ_nv9UY,0.0387769617761174,0.0225468721520155,50,0.016230089624101898,T
valid,key.A.p20.point,delete,mHGaQ_nv9UY$_$13,mHGaQ_nv9UY,0.0039602201431989,0.002490129424259,50,0.0014700907189399,A
valid,key.V.p20.point,delete,mHGaQ_nv9UY$_$13,mHGaQ_nv9UY,0.0003512293721238,0.0001963716559112,50,0.00015485771621259997,V
valid,key.J.p20.joint,delete,mHGaQ_nv9UY$_$13,mHGaQ_nv9UY,0.0323669925952951,0.020951924729937,50,0.011415067865358102,J
valid,key.T.p20.point,delete,mHGaQ_nv9UY$_$14,mHGaQ_nv9UY,0.0789266973733902,0.0371499040226141,50,0.041776793350776095,T
valid,key.A.p20.point,delete,mHGaQ_nv9UY$_$14,mHGaQ_nv9UY,0.0038516794641812,0.003928333868583,50,-7.665440440179959e-05,A
valid,key.V.p20.point,delete,mHGaQ_nv9UY$_$14,mHGaQ_nv9UY,0.0007778505484263,0.0017676409085591,50,-0.0009897903601327998,V
valid,key.J.p20.joint,delete,mHGaQ_nv9UY$_$14,mHGaQ_nv9UY,0.0774133553107579,0.0357808860391378,50,0.04163246927162009,J
valid,key.T.p20.point,delete,mHGaQ_nv9UY$_$17,mHGaQ_nv9UY,0.0395357509454091,0.0181293248136838,50,0.0214064261317253,T
valid,key.A.p20.point,delete,mHGaQ_nv9UY$_$17,mHGaQ_nv9UY,0.0021379465858141,0.0030066974957784,50,-0.0008687509099643003,A
valid,key.V.p20.point,delete,mHGaQ_nv9UY$_$17,mHGaQ_nv9UY,0.0023421794176101,0.0012121200064818,50,0.0011300594111283,V
valid,key.J.p20.joint,delete,mHGaQ_nv9UY$_$17,mHGaQ_nv9UY,0.0323331902424494,0.0143432470162709,50,0.0179899432261785,J
valid,key.T.p20.point,delete,mHGaQ_nv9UY$_$22,mHGaQ_nv9UY,0.081612820426623,0.0334200418492158,50,0.048192778577407204,T
valid,key.A.p20.point,delete,mHGaQ_nv9UY$_$22,mHGaQ_nv9UY,0.0021629035472869,0.00210673669974,50,5.616684754690014e-05,A
valid,key.V.p20.point,delete,mHGaQ_nv9UY$_$22,mHGaQ_nv9UY,9.79900360107422e-05,0.0006702450911204,50,-0.0005722550551096579,V
valid,key.J.p20.joint,delete,mHGaQ_nv9UY$_$22,mHGaQ_nv9UY,0.1217296421527862,0.0364026552438735,50,0.0853269869089127,J
valid,key.T.p20.point,delete,mHGaQ_nv9UY$_$5,mHGaQ_nv9UY,0.120059793194135,0.0291792347033818,50,0.0908805584907532,T
valid,key.A.p20.point,delete,mHGaQ_nv9UY$_$5,mHGaQ_nv9UY,0.0014069577058156,0.0020284356673558,50,-0.0006214779615401997,A
valid,key.V.p20.point,delete,mHGaQ_nv9UY$_$5,mHGaQ_nv9UY,0.0092010200023651,0.0028867151339848,50,0.0063143048683803,V
valid,key.J.p20.joint,delete,mHGaQ_nv9UY$_$5,mHGaQ_nv9UY,0.1208738187948862,0.0356377912561098,50,0.0852360275387764,J
valid,key.T.p20.point,delete,mHGaQ_nv9UY$_$4,mHGaQ_nv9UY,0.2614626207699378,0.0955086922738701,50,0.16595392849606772,T
valid,key.A.p20.point,delete,mHGaQ_nv9UY$_$4,mHGaQ_nv9UY,0.0046144401033719,0.0048600909362236,50,-0.00024565083285169997,A
valid,key.V.p20.point,delete,mHGaQ_nv9UY$_$4,mHGaQ_nv9UY,0.0037071878711382,0.0029852876315514,50,0.0007219002395868002,V
valid,key.J.p20.joint,delete,mHGaQ_nv9UY$_$4,mHGaQ_nv9UY,0.2518956611553828,0.0998694011460368,50,0.152026260009346,J
valid,key.T.p20.point,delete,mLW-jn67gRE$_$20,mLW-jn67gRE,0.0300993372996648,0.019754598091046,50,0.010344739208618801,T
valid,key.A.p20.point,delete,mLW-jn67gRE$_$20,mLW-jn67gRE,0.002428779999415,0.0037534277637799,50,-0.0013246477643649003,A
valid,key.V.p20.point,delete,mLW-jn67gRE$_$20,mLW-jn67gRE,0.0081196477015813,0.0021960574388504,50,0.005923590262730901,V
valid,key.J.p20.joint,delete,mLW-jn67gRE$_$20,mLW-jn67gRE,0.0054235458374023,0.0201925281683603,50,-0.014768982330957999,J
valid,key.T.p20.point,delete,mLW-jn67gRE$_$17,mLW-jn67gRE,0.0579233057796955,0.0331016886730988,50,0.024821617106596694,T
valid,key.A.p20.point,delete,mLW-jn67gRE$_$17,mLW-jn67gRE,0.0062447041273117,0.0027237083017826,50,0.0035209958255291,A
valid,key.V.p20.point,delete,mLW-jn67gRE$_$17,mLW-jn67gRE,0.0057802995045979,0.0016062281032403,50,0.0041740714013576,V
valid,key.J.p20.joint,delete,mLW-jn67gRE$_$17,mLW-jn67gRE,0.0528733246028423,0.0385043001299103,50,0.014369024472932,J
valid,key.T.p20.point,delete,mLW-jn67gRE$_$1,mLW-jn67gRE,0.18206238001585,0.0742887177566687,50,0.10777366225918131,T
valid,key.A.p20.point,delete,mLW-jn67gRE$_$1,mLW-jn67gRE,0.0069582040111223,0.0038983383278052,50,0.0030598656833171,A
valid,key.V.p20.point,delete,mLW-jn67gRE$_$1,mLW-jn67gRE,0.0030338118473688,0.0012959615886211,50,0.0017378502587477001,V
valid,key.J.p20.joint,delete,mLW-jn67gRE$_$1,mLW-jn67gRE,0.110932171344757,0.0546022479484478,50,0.0563299233963092,J
valid,key.T.p20.point,delete,mLW-jn67gRE$_$3,mLW-jn67gRE,0.0675309399763743,0.0347175337793305,50,0.0328134061970438,T
valid,key.A.p20.point,delete,mLW-jn67gRE$_$3,mLW-jn67gRE,0.0023496064047018,0.0020195141434669,50,0.0003300922612349002,A
valid,key.V.p20.point,delete,mLW-jn67gRE$_$3,mLW-jn67gRE,0.0041404198855161,0.001663604080677,50,0.0024768158048391,V
valid,key.J.p20.joint,delete,mLW-jn67gRE$_$3,mLW-jn67gRE,0.0678746085613966,0.0329217167384922,50,0.0349528918229044,J
valid,key.T.p20.point,delete,mLW-jn67gRE$_$5,mLW-jn67gRE,0.0374112054705619,0.0522015090147033,50,-0.014790303544141403,T
valid,key.A.p20.point,delete,mLW-jn67gRE$_$5,mLW-jn67gRE,0.0043267682194709,0.0043328521276513,50,-6.083908180400284e-06,A
valid,key.V.p20.point,delete,mLW-jn67gRE$_$5,mLW-jn67gRE,0.002323489015301,0.0022593103845914,50,6.41786307095998e-05,V
valid,key.J.p20.joint,delete,mLW-jn67gRE$_$5,mLW-jn67gRE,0.0338991346458594,0.0465100263431668,50,-0.012610891697307405,J
valid,key.T.p20.point,delete,mLW-jn67gRE$_$6,mLW-jn67gRE,0.333928423623244,0.0702177023142576,50,0.2637107213089864,T
valid,key.A.p20.point,delete,mLW-jn67gRE$_$6,mLW-jn67gRE,0.0047960480054219,0.0025106983383496,50,0.0022853496670722996,A
valid,key.V.p20.point,delete,mLW-jn67gRE$_$6,mLW-jn67gRE,0.0046021292606989,0.0023283516722066,28,0.0022737775884923,V
valid,key.J.p20.joint,delete,mLW-jn67gRE$_$6,mLW-jn67gRE,0.3348133595039447,0.0810257230326533,50,0.2537876364712914,J
valid,key.T.p20.point,delete,mLW-jn67gRE$_$9,mLW-jn67gRE,0.2516740498443444,0.1004521599714644,50,0.15122188987288,T
valid,key.A.p20.point,delete,mLW-jn67gRE$_$9,mLW-jn67gRE,0.0058872128526369,0.0043282759686311,50,0.0015589368840057995,A
valid,key.V.p20.point,delete,mLW-jn67gRE$_$9,mLW-jn67gRE,0.0069597239295641,0.0040103316307067,10,0.0029493922988574,V
valid,key.J.p20.joint,delete,mLW-jn67gRE$_$9,mLW-jn67gRE,0.2630585518976052,0.0710628835915122,50,0.191995668306093,J
valid,key.T.p20.point,delete,mjpCK2Edsv8$_$0,mjpCK2Edsv8,0.0684594511985778,0.0297069789965947,50,0.03875247220198309,T
valid,key.A.p20.point,delete,mjpCK2Edsv8$_$0,mjpCK2Edsv8,0.0029249787330627,0.001298133333524,50,0.0016268453995387,A
valid,key.V.p20.point,delete,mjpCK2Edsv8$_$0,mjpCK2Edsv8,0.0017688373724619,0.0025174154837926,50,-0.0007485781113307,V
valid,key.J.p20.joint,delete,mjpCK2Edsv8$_$0,mjpCK2Edsv8,0.0872182150681813,0.0254786435763041,50,0.0617395714918772,J
valid,key.T.p20.point,delete,nUZYqTRSGDw$_$4,nUZYqTRSGDw,0.2088923975825309,0.0776857587446769,50,0.131206638837854,T
valid,key.A.p20.point,delete,nUZYqTRSGDw$_$4,nUZYqTRSGDw,0.0089166400333245,0.0053018410255511,50,0.0036147990077733992,A
valid,key.V.p20.point,delete,nUZYqTRSGDw$_$4,nUZYqTRSGDw,0.0196452128390471,0.0075190286462505,20,0.012126184192796602,V
valid,key.J.p20.joint,delete,nUZYqTRSGDw$_$4,nUZYqTRSGDw,0.2132075404127439,0.075764600324134,50,0.1374429400886099,J
valid,key.T.p20.point,delete,nyzIL6YAonY$_$5,nyzIL6YAonY,0.1086689556638399,0.0450029214719931,50,0.0636660341918468,T
valid,key.A.p20.point,delete,nyzIL6YAonY$_$5,nyzIL6YAonY,0.0063197215398152,0.0055056625107924,50,0.0008140590290227996,A
valid,key.V.p20.point,delete,nyzIL6YAonY$_$5,nyzIL6YAonY,0.0246538197000821,0.0095047803990768,11,0.0151490393010053,V
valid,key.J.p20.joint,delete,nyzIL6YAonY$_$5,nyzIL6YAonY,0.0857105230291684,0.0319433746238549,12,0.0537671484053135,J
valid,key.T.p20.point,delete,nyzIL6YAonY$_$6,nyzIL6YAonY,0.0949567755063374,0.0317618381480376,50,0.0631949373582998,T
valid,key.A.p20.point,delete,nyzIL6YAonY$_$6,nyzIL6YAonY,0.013014331459999,0.0047965374588966,50,0.0082177940011024,A
valid,key.V.p20.point,delete,nyzIL6YAonY$_$6,nyzIL6YAonY,0.0162033041318257,0.0053581981857617,50,0.010845105946064002,V
valid,key.J.p20.joint,delete,nyzIL6YAonY$_$6,nyzIL6YAonY,0.0864456494649251,0.02975479443868,50,0.0566908550262451,J
valid,key.T.p20.point,delete,ooAF6I-fmTg$_$3,ooAF6I-fmTg,0.1718908585608005,0.0775831327339013,50,0.0943077258268992,T
valid,key.A.p20.point,delete,ooAF6I-fmTg$_$3,ooAF6I-fmTg,0.0022729784250259,0.003271978298823,50,-0.0009989998737970998,A
valid,key.V.p20.point,delete,ooAF6I-fmTg$_$3,ooAF6I-fmTg,0.0008654594421386,0.0009105931719144,50,-4.5133729775800055e-05,V
valid,key.J.p20.joint,delete,ooAF6I-fmTg$_$3,ooAF6I-fmTg,0.2969913760510583,0.0716319358771822,50,0.2253594401738761,J
valid,key.T.p20.point,delete,ooAF6I-fmTg$_$5,ooAF6I-fmTg,0.0564162426938613,0.0290138206343787,50,0.0274024220594826,T
valid,key.A.p20.point,delete,ooAF6I-fmTg$_$5,ooAF6I-fmTg,0.0067700110375881,0.005020750289162,50,0.0017492607484261005,A
valid,key.V.p20.point,delete,ooAF6I-fmTg$_$5,ooAF6I-fmTg,0.0039755571633577,0.0018709269471657,13,0.0021046302161919998,V
valid,key.J.p20.joint,delete,ooAF6I-fmTg$_$5,ooAF6I-fmTg,0.059523536513249,0.028843778418765,50,0.030679758094484002,J
valid,key.T.p20.point,delete,ooAF6I-fmTg$_$7,ooAF6I-fmTg,0.0672010931496818,0.093365790991423,50,-0.026164697841741205,T
valid,key.A.p20.point,delete,ooAF6I-fmTg$_$7,ooAF6I-fmTg,0.0022440900405248,0.0037279482930898,50,-0.001483858252565,A
valid,key.V.p20.point,delete,ooAF6I-fmTg$_$7,ooAF6I-fmTg,0.0058099043865998,0.0021323058754205,50,0.0036775985111793,V
valid,key.J.p20.joint,delete,ooAF6I-fmTg$_$7,ooAF6I-fmTg,0.1830366651217142,0.0686068774022472,50,0.114429787719467,J
valid,key.T.p20.point,delete,pOrk7fl1AYo$_$1,pOrk7fl1AYo,0.0183405348410209,0.028661663372574,50,-0.010321128531553099,T
valid,key.A.p20.point,delete,pOrk7fl1AYo$_$1,pOrk7fl1AYo,0.0048293322324752,0.0022488828500111,50,0.0025804493824641,A
valid,key.V.p20.point,delete,pOrk7fl1AYo$_$1,pOrk7fl1AYo,0.003684548040231,0.0020210328201452,50,0.0016635152200858002,V
valid,key.J.p20.joint,delete,pOrk7fl1AYo$_$1,pOrk7fl1AYo,0.0161189182351032,0.0267452127393335,50,-0.010626294504230301,J
valid,key.T.p20.point,delete,pOrk7fl1AYo$_$3,pOrk7fl1AYo,0.0490261142452557,0.0909215981575349,50,-0.041895483912279194,T
valid,key.A.p20.point,delete,pOrk7fl1AYo$_$3,pOrk7fl1AYo,0.0018292069435119,0.0018576089541117,50,-2.8402010599799972e-05,A
valid,key.V.p20.point,delete,pOrk7fl1AYo$_$3,pOrk7fl1AYo,0.0065536002318064,0.0025228606093497,21,0.0040307396224567,V
valid,key.J.p20.joint,delete,pOrk7fl1AYo$_$3,pOrk7fl1AYo,0.0488708987832069,0.0948332974966615,50,-0.0459623987134546,J
valid,key.T.p20.point,delete,pOrk7fl1AYo$_$2,pOrk7fl1AYo,0.2969530796011289,0.088242202764377,8,0.20871087683675188,T
valid,key.A.p20.point,delete,pOrk7fl1AYo$_$2,pOrk7fl1AYo,0.0082160234451293,0.0041116916884978,8,0.004104331756631501,A
valid,key.V.p20.point,delete,pOrk7fl1AYo$_$2,pOrk7fl1AYo,0.0001544853051503,0.0003344373156627,8,-0.00017995201051240002,V
valid,key.J.p20.joint,delete,pOrk7fl1AYo$_$2,pOrk7fl1AYo,0.3008931539952755,0.0875010907184332,8,0.2133920632768423,J
valid,key.T.p20.point,delete,pOrk7fl1AYo$_$4,pOrk7fl1AYo,0.0511441218356291,0.0263698428000013,50,0.024774279035627803,T
valid,key.A.p20.point,delete,pOrk7fl1AYo$_$4,pOrk7fl1AYo,0.0111098190148671,0.0062584784875313,50,0.004851340527335801,A
valid,key.V.p20.point,delete,pOrk7fl1AYo$_$4,pOrk7fl1AYo,0.0176678914576768,0.0112825532754262,1,0.006385338182250601,V
valid,key.J.p20.joint,delete,pOrk7fl1AYo$_$4,pOrk7fl1AYo,0.0485695097595453,0.0307567081693559,50,0.017812801590189397,J
valid,key.T.p20.point,delete,q9yDL81QppI$_$1,q9yDL81QppI,0.1354961755375067,0.0379434834172328,50,0.0975526921202739,T
valid,key.A.p20.point,delete,q9yDL81QppI$_$1,q9yDL81QppI,0.0042796830336252,0.0041732244690259,50,0.00010645856459929985,A
valid,key.V.p20.point,delete,q9yDL81QppI$_$1,q9yDL81QppI,0.0015859007835388,0.0020162033538023,50,-0.00043030257026349986,V
valid,key.J.p20.joint,delete,q9yDL81QppI$_$1,q9yDL81QppI,0.152456105997165,0.018797560415247,19,0.133658545581918,J
valid,key.T.p20.point,delete,q9yDL81QppI$_$0,q9yDL81QppI,0.0508573651313781,0.0285782015323638,50,0.022279163599014298,T
valid,key.A.p20.point,delete,q9yDL81QppI$_$0,q9yDL81QppI,0.0020633737246195,0.0036604191362857,50,-0.0015970454116661999,A
valid,key.V.p20.point,delete,q9yDL81QppI$_$0,q9yDL81QppI,0.0019125094016393,0.0023746258020401,50,-0.00046211640040080024,V
valid,key.J.p20.joint,delete,q9yDL81QppI$_$0,q9yDL81QppI,0.0552286704381306,0.0320945038398106,50,0.023134166598320002,J
valid,key.T.p20.point,delete,q9yDL81QppI$_$2,q9yDL81QppI,0.1569320013125737,0.0344149618844191,50,0.1225170394281546,T
valid,key.A.p20.point,delete,q9yDL81QppI$_$2,q9yDL81QppI,0.0073680182298024,0.0029136222600936,50,0.004454395969708799,A
valid,key.V.p20.point,delete,q9yDL81QppI$_$2,q9yDL81QppI,0.0031009117762247,0.0018928488095601,50,0.0012080629666646,V
valid,key.J.p20.joint,delete,q9yDL81QppI$_$2,q9yDL81QppI,0.1614590187867482,0.0530806240563591,50,0.1083783947303891,J
valid,key.T.p20.point,delete,qK77ZmbqmOM$_$9,qK77ZmbqmOM,0.0282097036639849,0.0507226251314083,50,-0.0225129214674234,T
valid,key.A.p20.point,delete,qK77ZmbqmOM$_$9,qK77ZmbqmOM,0.0027406414349873,0.0018937555452187,50,0.0008468858897685999,A
valid,key.V.p20.point,delete,qK77ZmbqmOM$_$9,qK77ZmbqmOM,0.0082833195726076,0.0019828269382317,50,0.0063004926343758995,V
valid,key.J.p20.joint,delete,qK77ZmbqmOM$_$9,qK77ZmbqmOM,0.0247598613301912,0.0591793468873947,50,-0.034419485557203505,J
valid,key.T.p20.point,delete,qK77ZmbqmOM$_$0,qK77ZmbqmOM,0.007768082122008,0.0255323011179765,50,-0.0177642189959685,T
valid,key.A.p20.point,delete,qK77ZmbqmOM$_$0,qK77ZmbqmOM,0.0030203635493914,0.0042753529548645,50,-0.0012549894054730997,A
valid,key.V.p20.point,delete,qK77ZmbqmOM$_$0,qK77ZmbqmOM,0.0064647793769836,0.0037287930150826,50,0.002735986361901,V
valid,key.J.p20.joint,delete,qK77ZmbqmOM$_$0,qK77ZmbqmOM,0.0043834000825881,0.0279840455452601,50,-0.023600645462672,J
valid,key.T.p20.point,delete,qY1sXq-YCHs$_$8,qY1sXq-YCHs,0.0445974574734767,0.050294645166335,50,-0.005697187692858298,T
valid,key.A.p20.point,delete,qY1sXq-YCHs$_$8,qY1sXq-YCHs,0.0030479916216184,0.0045324376972469,50,-0.0014844460756285004,A
valid,key.V.p20.point,delete,qY1sXq-YCHs$_$8,qY1sXq-YCHs,0.0066210767254233,0.0018832730595022,50,0.0047378036659211,V
valid,key.J.p20.joint,delete,qY1sXq-YCHs$_$8,qY1sXq-YCHs,0.0444763358682394,0.0598195884066323,50,-0.015343252538392894,J
valid,key.T.p20.point,delete,qmMSumMloAs$_$1,qmMSumMloAs,0.0923148194948832,0.0226761907835801,50,0.0696386287113031,T
valid,key.A.p20.point,delete,qmMSumMloAs$_$1,qmMSumMloAs,0.0032325983047485,0.0010064754883448,50,0.0022261228164037,A
valid,key.V.p20.point,delete,qmMSumMloAs$_$1,qmMSumMloAs,0.0019033749898274,0.001756899356842,50,0.00014647563298539985,V
valid,key.J.p20.joint,delete,qmMSumMloAs$_$1,qmMSumMloAs,0.0993285775184631,0.040925754904747,50,0.05840282261371609,J
valid,key.T.p20.point,delete,qmMSumMloAs$_$3,qmMSumMloAs,0.0403208037217458,0.0155169953902562,50,0.024803808331489596,T
valid,key.A.p20.point,delete,qmMSumMloAs$_$3,qmMSumMloAs,0.0021984179814656,0.001442091067632,50,0.0007563269138336,A
valid,key.V.p20.point,delete,qmMSumMloAs$_$3,qmMSumMloAs,0.0047418276468912,0.0016127038333151,12,0.0031291238135761,V
valid,key.J.p20.joint,delete,qmMSumMloAs$_$3,qmMSumMloAs,0.0492787659168243,0.0131511640548706,50,0.0361276018619537,J
valid,key.T.p20.point,delete,qmMSumMloAs$_$2,qmMSumMloAs,0.1374857326348622,0.0426195234556992,50,0.094866209179163,T
valid,key.A.p20.point,delete,qmMSumMloAs$_$2,qmMSumMloAs,0.0005773504575093,0.0010317589839299,50,-0.00045440852642060004,A
valid,key.V.p20.point,delete,qmMSumMloAs$_$2,qmMSumMloAs,0.0050188203652699,0.001509518623352,50,0.0035093017419178998,V
valid,key.J.p20.joint,delete,qmMSumMloAs$_$2,qmMSumMloAs,0.1398360133171081,0.01914041608572,50,0.12069559723138809,J
valid,key.T.p20.point,delete,r13W4H8ZhqI$_$12,r13W4H8ZhqI,0.110464750478665,0.0486518033624937,50,0.061812947116171295,T
valid,key.A.p20.point,delete,r13W4H8ZhqI$_$12,r13W4H8ZhqI,0.0090745476384957,0.0040364478528499,50,0.005038099785645799,A
valid,key.V.p20.point,delete,r13W4H8ZhqI$_$12,r13W4H8ZhqI,0.0006166237095991,0.0014869761963685,50,-0.0008703524867693999,V
valid,key.J.p20.joint,delete,r13W4H8ZhqI$_$12,r13W4H8ZhqI,0.1062897108495235,0.0445535687434797,50,0.0617361421060438,J
valid,key.T.p20.point,delete,r13W4H8ZhqI$_$1,r13W4H8ZhqI,0.1783732927093903,0.0574716340424492,50,0.12090165866694111,T
valid,key.A.p20.point,delete,r13W4H8ZhqI$_$1,r13W4H8ZhqI,0.0020980884631474,0.0038266595204671,50,-0.0017285710573197001,A
valid,key.V.p20.point,delete,r13W4H8ZhqI$_$1,r13W4H8ZhqI,0.0013820827007293,0.0012461760640144,50,0.00013590663671490008,V
valid,key.J.p20.joint,delete,r13W4H8ZhqI$_$1,r13W4H8ZhqI,0.1874388325959444,0.0425161453654679,50,0.14492268723047652,J
valid,key.T.p20.point,delete,r13W4H8ZhqI$_$5,r13W4H8ZhqI,0.0531698788205782,0.0322192471489931,50,0.020950631671585097,T
valid,key.A.p20.point,delete,r13W4H8ZhqI$_$5,r13W4H8ZhqI,0.0016021504998207,0.0018531823903322,50,-0.00025103189051150013,A
valid,key.V.p20.point,delete,r13W4H8ZhqI$_$5,r13W4H8ZhqI,0.0027617911497751,0.0015155409152309,12,0.0012462502345441998,V
valid,key.J.p20.joint,delete,r13W4H8ZhqI$_$5,r13W4H8ZhqI,0.0533315315842628,0.0273408029352625,50,0.0259907286490003,J
valid,key.T.p20.point,delete,r13W4H8ZhqI$_$8,r13W4H8ZhqI,0.208993357916673,0.0406893472746014,50,0.16830401064207162,T
valid,key.A.p20.point,delete,r13W4H8ZhqI$_$8,r13W4H8ZhqI,0.003988097111384,0.0022323246796925,50,0.0017557724316914994,A
valid,key.V.p20.point,delete,r13W4H8ZhqI$_$8,r13W4H8ZhqI,0.0024827967087427,0.0012248364090919,50,0.0012579602996508,V
valid,key.J.p20.joint,delete,r13W4H8ZhqI$_$8,r13W4H8ZhqI,0.2121299030259251,0.0802443452272564,50,0.1318855577986687,J
valid,key.T.p20.point,delete,r5ijC2W9ddk$_$8,r5ijC2W9ddk,0.0741896331310272,0.016485083202521,50,0.057704549928506196,T
valid,key.A.p20.point,delete,r5ijC2W9ddk$_$8,r5ijC2W9ddk,0.0059880812962849,0.0028643225630124,50,0.0031237587332725004,A
valid,key.V.p20.point,delete,r5ijC2W9ddk$_$8,r5ijC2W9ddk,0.0050041874249776,0.0022581380605697,50,0.0027460493644079,V
valid,key.J.p20.joint,delete,r5ijC2W9ddk$_$8,r5ijC2W9ddk,0.0521278083324432,0.0132124706109364,50,0.03891533772150681,J
valid,key.T.p20.point,delete,r5ijC2W9ddk$_$0,r5ijC2W9ddk,0.0179193519676725,0.0190023282030597,50,-0.0010829762353871987,T
valid,key.A.p20.point,delete,r5ijC2W9ddk$_$0,r5ijC2W9ddk,0.0028711929917335,0.0030838782557596,50,-0.00021268526402610025,A
valid,key.V.p20.point,delete,r5ijC2W9ddk$_$0,r5ijC2W9ddk,0.0018529199684659,0.0023209627903997,50,-0.0004680428219337998,V
valid,key.J.p20.joint,delete,r5ijC2W9ddk$_$0,r5ijC2W9ddk,0.0233959558730324,0.0227169073493375,50,0.000679048523694898,J
valid,key.T.p20.point,delete,r9tgDqXEcuc$_$4,r9tgDqXEcuc,0.168930884450674,0.0656151091210388,50,0.1033157753296352,T
valid,key.A.p20.point,delete,r9tgDqXEcuc$_$4,r9tgDqXEcuc,0.0163189079612493,0.0054437551578437,18,0.0108751528034056,A
valid,key.V.p20.point,delete,r9tgDqXEcuc$_$4,r9tgDqXEcuc,0.0006729910771052,0.001315386518836,50,-0.0006423954417308,V
valid,key.J.p20.joint,delete,r9tgDqXEcuc$_$4,r9tgDqXEcuc,0.1656248743335406,0.060556027793015,50,0.10506884654052559,J
valid,key.T.p20.point,delete,rf0yDSeVEUA$_$1,rf0yDSeVEUA,0.034760961929957,0.0077092806498209,50,0.0270516812801361,T
valid,key.A.p20.point,delete,rf0yDSeVEUA$_$1,rf0yDSeVEUA,0.0009996891021728,0.00182042380174,50,-0.0008207346995672,A
valid,key.V.p20.point,delete,rf0yDSeVEUA$_$1,rf0yDSeVEUA,0.0016192098458607,0.0018755956490834,50,-0.0002563858032227,V
valid,key.J.p20.joint,delete,rf0yDSeVEUA$_$1,rf0yDSeVEUA,0.0285291175047556,0.011672945022583,50,0.016856172482172603,J
valid,key.T.p20.point,delete,rf0yDSeVEUA$_$0,rf0yDSeVEUA,0.1258272280295689,0.0272349075429023,21,0.0985923204866666,T
valid,key.A.p20.point,delete,rf0yDSeVEUA$_$0,rf0yDSeVEUA,0.0032643179098765,0.0011021095514297,50,0.0021622083584468,A
valid,key.V.p20.point,delete,rf0yDSeVEUA$_$0,rf0yDSeVEUA,0.0007004638512929,0.0008104985952377,50,-0.00011003474394480003,V
valid,key.J.p20.joint,delete,rf0yDSeVEUA$_$0,rf0yDSeVEUA,0.1074763834476471,0.0262737567226092,50,0.08120262672503789,J
valid,key.T.p20.point,delete,rf0yDSeVEUA$_$3,rf0yDSeVEUA,0.019620547691981,0.05810357183218,50,-0.038483024140198996,T
valid,key.A.p20.point,delete,rf0yDSeVEUA$_$3,rf0yDSeVEUA,0.0011386175950368,0.0028051350514094,50,-0.0016665174563726,A
valid,key.V.p20.point,delete,rf0yDSeVEUA$_$3,rf0yDSeVEUA,0.0041114191214243,0.002501031756401,50,0.0016103873650233002,V
valid,key.J.p20.joint,delete,rf0yDSeVEUA$_$3,rf0yDSeVEUA,0.022193024555842,0.0663712640603383,50,-0.0441782395044963,J
valid,key.T.p20.point,delete,rojyUp4FPSg$_$26,rojyUp4FPSg,0.0029118160406748,0.0257055962085723,50,-0.022793780167897498,T
valid,key.A.p20.point,delete,rojyUp4FPSg$_$26,rojyUp4FPSg,0.0023240447044372,0.0037488403916358,50,-0.0014247956871986,A
valid,key.V.p20.point,delete,rojyUp4FPSg$_$26,rojyUp4FPSg,0.0042171974976857,0.0028561441103617,50,0.0013610533873239998,V
valid,key.J.p20.joint,delete,rojyUp4FPSg$_$26,rojyUp4FPSg,0.002396007378896,0.0232626497745513,50,-0.0208666423956553,J
valid,key.T.p20.point,delete,rojyUp4FPSg$_$20,rojyUp4FPSg,0.4549387941757838,0.058991374541074,50,0.3959474196347098,T
valid,key.A.p20.point,delete,rojyUp4FPSg$_$20,rojyUp4FPSg,0.0029498487710952,0.0027088158826033,50,0.0002410328884918998,A
valid,key.V.p20.point,delete,rojyUp4FPSg$_$20,rojyUp4FPSg,0.0003781790534655,0.0017635995149612,50,-0.0013854204614957,V
valid,key.J.p20.joint,delete,rojyUp4FPSg$_$20,rojyUp4FPSg,0.455411064128081,0.0717652702657506,50,0.38364579386233044,J
valid,key.T.p20.point,delete,rojyUp4FPSg$_$21,rojyUp4FPSg,0.0445377528667449,0.0199691311518351,50,0.024568621714909797,T
valid,key.A.p20.point,delete,rojyUp4FPSg$_$21,rojyUp4FPSg,0.0034489035606384,0.002008132537206,50,0.0014407710234324,A
valid,key.V.p20.point,delete,rojyUp4FPSg$_$21,rojyUp4FPSg,0.0008578300476074,0.0021967470645904,10,-0.001338917016983,V
valid,key.J.p20.joint,delete,rojyUp4FPSg$_$21,rojyUp4FPSg,0.0273913443088531,0.0135894529024759,50,0.013801891406377201,J
valid,key.T.p20.point,delete,rojyUp4FPSg$_$23,rojyUp4FPSg,0.1138261357943216,0.0054927981562084,6,0.1083333376381132,T
valid,key.A.p20.point,delete,rojyUp4FPSg$_$23,rojyUp4FPSg,0.0032945573329925,0.0017784237861633,6,0.0015161335468292,A
valid,key.V.p20.point,delete,rojyUp4FPSg$_$23,rojyUp4FPSg,0.0025115013122558,0.0010338458749983,6,0.0014776554372575,V
valid,key.J.p20.joint,delete,rojyUp4FPSg$_$23,rojyUp4FPSg,0.1120248436927795,0.0054687725173102,6,0.1065560711754693,J
valid,key.T.p20.point,delete,rojyUp4FPSg$_$5,rojyUp4FPSg,0.1089784155289332,0.0459617645541826,50,0.0630166509747506,T
valid,key.A.p20.point,delete,rojyUp4FPSg$_$5,rojyUp4FPSg,0.0019762217998504,0.0037383464972178,50,-0.0017621246973673998,A
valid,key.V.p20.point,delete,rojyUp4FPSg$_$5,rojyUp4FPSg,0.0008882979551951,0.0024272326628367,50,-0.0015389347076416,V
valid,key.J.p20.joint,delete,rojyUp4FPSg$_$5,rojyUp4FPSg,0.1266767928997675,0.0425291426976521,50,0.0841476502021154,J
valid,key.T.p20.point,delete,rojyUp4FPSg$_$7,rojyUp4FPSg,0.101405531167984,0.035345384478569,50,0.066060146689415,T
valid,key.A.p20.point,delete,rojyUp4FPSg$_$7,rojyUp4FPSg,0.0008001029491424,0.0017918145656585,50,-0.0009917116165161,A
valid,key.V.p20.point,delete,rojyUp4FPSg$_$7,rojyUp4FPSg,0.00421937306722,0.0021454372008641,50,0.0020739358663558996,V
valid,key.J.p20.joint,delete,rojyUp4FPSg$_$7,rojyUp4FPSg,0.1603232026100158,0.0386362011233965,50,0.12168700148661932,J
valid,key.T.p20.point,delete,rojyUp4FPSg$_$9,rojyUp4FPSg,0.0753239194552103,0.0933096837004025,50,-0.0179857642451922,T
valid,key.A.p20.point,delete,rojyUp4FPSg$_$9,rojyUp4FPSg,0.0025803595781326,0.0021237249175707,50,0.0004566346605618999,A
valid,key.V.p20.point,delete,rojyUp4FPSg$_$9,rojyUp4FPSg,0.0233686119318008,0.0107186469766828,21,0.012649964955118,V
valid,key.J.p20.joint,delete,rojyUp4FPSg$_$9,rojyUp4FPSg,0.0683497885862986,0.0761878198571503,50,-0.007838031270851697,J
valid,key.T.p20.point,delete,rojyUp4FPSg$_$10,rojyUp4FPSg,0.0283576647440592,0.042940423687299,50,-0.0145827589432398,T
valid,key.A.p20.point,delete,rojyUp4FPSg$_$10,rojyUp4FPSg,0.0044979453086853,0.0024178484172532,11,0.0020800968914321,A
valid,key.V.p20.point,delete,rojyUp4FPSg$_$10,rojyUp4FPSg,0.0066544363896052,0.0033248468781962,11,0.003329589511409,V
valid,key.J.p20.joint,delete,rojyUp4FPSg$_$10,rojyUp4FPSg,0.0389462759097417,0.0324385439356168,50,0.0065077319741249015,J
valid,key.T.p20.point,delete,rojyUp4FPSg$_$12,rojyUp4FPSg,0.0412816902001698,0.0218634348776605,6,0.0194182553225093,T
valid,key.A.p20.point,delete,rojyUp4FPSg$_$12,rojyUp4FPSg,0.0053384800752003,0.0025237566894955,6,0.0028147233857047996,A
valid,key.V.p20.point,delete,rojyUp4FPSg$_$12,rojyUp4FPSg,0.0026926199595133,0.0015183968676461,6,0.0011742230918672,V
valid,key.J.p20.joint,delete,rojyUp4FPSg$_$12,rojyUp4FPSg,0.0387399892012278,0.0245720388160811,6,0.014167950385146701,J
valid,key.T.p20.point,delete,rojyUp4FPSg$_$16,rojyUp4FPSg,0.1155964452773332,0.0403774552668134,10,0.0752189900105198,T
valid,key.A.p20.point,delete,rojyUp4FPSg$_$16,rojyUp4FPSg,0.0008702824513117,0.0029049778978029,10,-0.0020346954464912003,A
valid,key.V.p20.point,delete,rojyUp4FPSg$_$16,rojyUp4FPSg,0.0046684344609578,0.0010625881453355,10,0.0036058463156222994,V
valid,key.J.p20.joint,delete,rojyUp4FPSg$_$16,rojyUp4FPSg,0.1158026239524285,0.0414880196253458,10,0.0743146043270827,J
valid,key.T.p20.point,delete,rojyUp4FPSg$_$18,rojyUp4FPSg,0.1419407924016316,0.0325682165225346,50,0.10937257587909699,T
valid,key.A.p20.point,delete,rojyUp4FPSg$_$18,rojyUp4FPSg,0.0030040790637334,0.0022632132967313,50,0.0007408657670020997,A
valid,key.V.p20.point,delete,rojyUp4FPSg$_$18,rojyUp4FPSg,0.004719391465187,0.0026319774985313,50,0.0020874139666556997,V
valid,key.J.p20.joint,delete,rojyUp4FPSg$_$18,rojyUp4FPSg,0.1395007520914077,0.0370155871907869,50,0.10248516490062079,J
valid,key.T.p20.point,delete,rojyUp4FPSg$_$37,rojyUp4FPSg,0.0874789903561274,0.0424279283483823,50,0.0450510620077451,T
valid,key.A.p20.point,delete,rojyUp4FPSg$_$37,rojyUp4FPSg,0.0078757653633753,0.003072823981444,50,0.004802941381931301,A
valid,key.V.p20.point,delete,rojyUp4FPSg$_$37,rojyUp4FPSg,0.0024693806966145,0.0011163993676503,50,0.0013529813289642001,V
valid,key.J.p20.joint,delete,rojyUp4FPSg$_$37,rojyUp4FPSg,0.0900496343771616,0.0380322911341985,50,0.052017343242963095,J
valid,key.T.p20.point,delete,rojyUp4FPSg$_$36,rojyUp4FPSg,0.1478944371143976,0.0121514499187469,5,0.1357429871956507,T
valid,key.A.p20.point,delete,rojyUp4FPSg$_$36,rojyUp4FPSg,0.005424827337265,0.0018140137195587,5,0.0036108136177063,A
valid,key.V.p20.point,delete,rojyUp4FPSg$_$36,rojyUp4FPSg,0.0009813706080118,0.0005564033985137,5,0.0004249672094981,V
valid,key.J.p20.joint,delete,rojyUp4FPSg$_$36,rojyUp4FPSg,0.1459128260612487,0.0119867086410522,5,0.1339261174201965,J
valid,key.T.p20.point,delete,rojyUp4FPSg$_$34,rojyUp4FPSg,0.1440842002630233,0.028405841688315,50,0.11567835857470829,T
valid,key.A.p20.point,delete,rojyUp4FPSg$_$34,rojyUp4FPSg,0.0175976753234863,0.0063062163046848,27,0.0112914590188015,A
valid,key.V.p20.point,delete,rojyUp4FPSg$_$34,rojyUp4FPSg,0.0045238683621088,0.0013849409421284,50,0.0031389274199804,V
valid,key.J.p20.joint,delete,rojyUp4FPSg$_$34,rojyUp4FPSg,0.0934451023737589,0.020016706585884,50,0.0734283957878749,J
valid,key.T.p20.point,delete,rojyUp4FPSg$_$32,rojyUp4FPSg,0.207116886973381,0.0171500775549146,6,0.1899668094184664,T
valid,key.A.p20.point,delete,rojyUp4FPSg$_$32,rojyUp4FPSg,0.0028673708438873,0.0014119048913319,6,0.0014554659525554,A
valid,key.V.p20.point,delete,rojyUp4FPSg$_$32,rojyUp4FPSg,0.0013889869054158,0.0007540881633758,6,0.0006348987420400001,V
valid,key.J.p20.joint,delete,rojyUp4FPSg$_$32,rojyUp4FPSg,0.2094190965096156,0.0185169842508104,6,0.1909021122588052,J
valid,key.T.p20.point,delete,rwNlqh0k1j4$_$15,rwNlqh0k1j4,0.0176030000050862,0.0337979229787985,50,-0.016194922973712302,T
valid,key.A.p20.point,delete,rwNlqh0k1j4$_$15,rwNlqh0k1j4,0.0017068088054656,0.0020901501178741,50,-0.00038334131240850004,A
valid,key.V.p20.point,delete,rwNlqh0k1j4$_$15,rwNlqh0k1j4,0.0040265570084253,0.0016973517338434,50,0.0023292052745818997,V
valid,key.J.p20.joint,delete,rwNlqh0k1j4$_$15,rwNlqh0k1j4,0.065841794013977,0.0420825859407583,50,0.023759208073218692,J
valid,key.T.p20.point,delete,rwNlqh0k1j4$_$3,rwNlqh0k1j4,0.1552870372931162,0.0903289700318904,50,0.06495806726122579,T
valid,key.A.p20.point,delete,rwNlqh0k1j4$_$3,rwNlqh0k1j4,0.0058053818841775,0.0051406835143764,50,0.0006646983698011004,A
valid,key.V.p20.point,delete,rwNlqh0k1j4$_$3,rwNlqh0k1j4,0.0008105114102363,0.0016350030402342,50,-0.0008244916299979,V
valid,key.J.p20.joint,delete,rwNlqh0k1j4$_$3,rwNlqh0k1j4,0.156747180968523,0.092293846469062,50,0.064453334499461,J
valid,key.T.p20.point,delete,rwNlqh0k1j4$_$2,rwNlqh0k1j4,0.0870210280021031,0.037946192426607,50,0.04907483557549609,T
valid,key.A.p20.point,delete,rwNlqh0k1j4$_$2,rwNlqh0k1j4,0.0054334265490372,0.001979260991017,50,0.0034541655580202003,A
valid,key.V.p20.point,delete,rwNlqh0k1j4$_$2,rwNlqh0k1j4,0.006158264974753,0.0021188831826051,50,0.004039381792147899,V
valid,key.J.p20.joint,delete,rwNlqh0k1j4$_$2,rwNlqh0k1j4,0.0861581961313883,0.0379429232453306,50,0.048215272886057696,J
valid,key.T.p20.point,delete,rwNlqh0k1j4$_$7,rwNlqh0k1j4,0.2353161151210467,0.0548286210695126,50,0.18048749405153408,T
valid,key.A.p20.point,delete,rwNlqh0k1j4$_$7,rwNlqh0k1j4,0.0069491049895683,0.0022053141891956,50,0.0047437908003727,A
valid,key.V.p20.point,delete,rwNlqh0k1j4$_$7,rwNlqh0k1j4,0.001575082540512,0.0009514976044495,50,0.0006235849360624999,V
valid,key.J.p20.joint,delete,rwNlqh0k1j4$_$7,rwNlqh0k1j4,0.2334332813819249,0.0478796351227598,50,0.1855536462591651,J
valid,key.T.p20.point,delete,sC16n1k66io$_$2,sC16n1k66io,0.2345802895724773,0.0263127594192822,50,0.2082675301531951,T
valid,key.A.p20.point,delete,sC16n1k66io$_$2,sC16n1k66io,0.0029653906822204,0.0013775467872619,50,0.0015878438949585,A
valid,key.V.p20.point,delete,sC16n1k66io$_$2,sC16n1k66io,0.0016201684872309,0.0009106928110122,50,0.0007094756762186998,V
valid,key.J.p20.joint,delete,sC16n1k66io$_$2,sC16n1k66io,0.2461318609615166,0.0351068243881066,50,0.21102503657340999,J
valid,key.T.p20.point,delete,sC16n1k66io$_$16,sC16n1k66io,0.2211215334633986,0.0563355892601733,50,0.16478594420322532,T
valid,key.A.p20.point,delete,sC16n1k66io$_$16,sC16n1k66io,0.0027800953636566,0.0024920157715678,50,0.0002880795920888,A
valid,key.V.p20.point,delete,sC16n1k66io$_$16,sC16n1k66io,0.0037928546468416,0.0024187106018265,10,0.0013741440450151,V
valid,key.J.p20.joint,delete,sC16n1k66io$_$16,sC16n1k66io,0.2206930381556352,0.0564804101704309,50,0.1642126279852043,J
valid,key.T.p20.point,delete,sPremsknoLM$_$1,sPremsknoLM,0.040962508569161,0.0133263649108509,5,0.027636143658310096,T
valid,key.A.p20.point,delete,sPremsknoLM$_$1,sPremsknoLM,0.0085825814555088,0.0053592522628605,5,0.0032233291926482997,A
valid,key.J.p20.joint,delete,sPremsknoLM$_$1,sPremsknoLM,0.0422553978860378,0.0120272432764371,5,0.030228154609600696,J
valid,key.T.p20.point,delete,ssqiwP19JhM$_$10,ssqiwP19JhM,0.0883879462877909,0.0631921291723847,50,0.025195817115406194,T
valid,key.A.p20.point,delete,ssqiwP19JhM$_$10,ssqiwP19JhM,0.0035176426172256,0.0028511590262254,50,0.0006664835910002,A
valid,key.V.p20.point,delete,ssqiwP19JhM$_$10,ssqiwP19JhM,0.0030391017595926,0.0032407936950524,50,-0.00020169193545979984,V
valid,key.J.p20.joint,delete,ssqiwP19JhM$_$10,ssqiwP19JhM,0.0840909977753957,0.0593521873901287,50,0.024738810385267006,J
valid,key.T.p20.point,delete,ssqiwP19JhM$_$2,ssqiwP19JhM,0.0748932162920634,0.0251288874944051,50,0.0497643287976583,T
valid,key.A.p20.point,delete,ssqiwP19JhM$_$2,ssqiwP19JhM,0.0053760409355163,0.0025173946221669,50,0.0028586463133494,A
valid,key.V.p20.point,delete,ssqiwP19JhM$_$2,ssqiwP19JhM,0.0012170076370239,0.0012343400716781,50,-1.7332434654200113e-05,V
valid,key.J.p20.joint,delete,ssqiwP19JhM$_$2,ssqiwP19JhM,0.0828499893347422,0.0188241232434908,50,0.06402586609125141,J
valid,key.T.p20.point,delete,szic2IB9HB4$_$5,szic2IB9HB4,0.4727904088795185,0.1076276400630983,10,0.3651627688164202,T
valid,key.A.p20.point,delete,szic2IB9HB4$_$5,szic2IB9HB4,0.0036054601271947,0.0041740693648656,50,-0.0005686092376709002,A
valid,key.V.p20.point,delete,szic2IB9HB4$_$5,szic2IB9HB4,0.0009011328220367,0.0005081204573313,50,0.0003930123647054,V
valid,key.J.p20.joint,delete,szic2IB9HB4$_$5,szic2IB9HB4,0.3933264762163162,0.0743908977446456,50,0.31893557847167064,J
valid,key.T.p20.point,delete,tQ-CIfgj-Js$_$3,tQ-CIfgj-Js,0.1066806390881538,0.0342162581905722,50,0.07246438089758159,T
valid,key.A.p20.point,delete,tQ-CIfgj-Js$_$3,tQ-CIfgj-Js,0.0069708948334058,0.0068135832746823,1,0.00015731155872350001,A
valid,key.J.p20.joint,delete,tQ-CIfgj-Js$_$3,tQ-CIfgj-Js,0.1066806390881538,0.0323621523628632,50,0.0743184867252906,J
valid,key.T.p20.point,delete,tXQpm-nKxNA$_$5,tXQpm-nKxNA,0.0792303681373596,0.0203035279115041,50,0.05892684022585551,T
valid,key.A.p20.point,delete,tXQpm-nKxNA$_$5,tXQpm-nKxNA,0.002608835697174,0.0014355836311976,50,0.0011732520659763998,A
valid,key.V.p20.point,delete,tXQpm-nKxNA$_$5,tXQpm-nKxNA,0.0013077557086944,0.0007697846492131,50,0.0005379710594812999,V
valid,key.J.p20.joint,delete,tXQpm-nKxNA$_$5,tXQpm-nKxNA,0.0414539575576782,0.0120317520697911,50,0.029422205487887102,J
valid,key.T.p20.point,delete,tXQpm-nKxNA$_$7,tXQpm-nKxNA,0.1440181757013003,0.0356466394166151,50,0.1083715362846852,T
valid,key.A.p20.point,delete,tXQpm-nKxNA$_$7,tXQpm-nKxNA,0.0017889291048049,0.0031342294812202,50,-0.0013453003764153,A
valid,key.V.p20.point,delete,tXQpm-nKxNA$_$7,tXQpm-nKxNA,0.001187597711881,0.0023620713750521,50,-0.0011744736631711,V
valid,key.J.p20.joint,delete,tXQpm-nKxNA$_$7,tXQpm-nKxNA,0.1189236069718996,0.0263097625474135,50,0.0926138444244861,J
valid,key.T.p20.point,delete,uacdDoBtT1k$_$0,uacdDoBtT1k,0.0131840109825134,0.0288029518226782,50,-0.0156189408401648,T
valid,key.A.p20.point,delete,uacdDoBtT1k$_$0,uacdDoBtT1k,0.0032428403695424,0.0030849703649679,50,0.00015787000457450013,A
valid,key.V.p20.point,delete,uacdDoBtT1k$_$0,uacdDoBtT1k,0.0006802678108215,0.0006420718630154,50,3.819594780610008e-05,V
valid,key.J.p20.joint,delete,uacdDoBtT1k$_$0,uacdDoBtT1k,0.0849677150448163,0.0455024476846059,50,0.0394652673602104,J
valid,key.T.p20.point,delete,uacdDoBtT1k$_$6,uacdDoBtT1k,0.0891272860268751,0.0590194325443978,50,0.030107853482477298,T
valid,key.A.p20.point,delete,uacdDoBtT1k$_$6,uacdDoBtT1k,0.0037222318351268,0.0040898754447698,50,-0.0003676436096429997,A
valid,key.V.p20.point,delete,uacdDoBtT1k$_$6,uacdDoBtT1k,0.0020302298168341,0.0008557102084159,50,0.0011745196084182,V
valid,key.J.p20.joint,delete,uacdDoBtT1k$_$6,uacdDoBtT1k,0.0868961090842882,0.055616164637419,50,0.0312799444468692,J
valid,key.T.p20.point,delete,unNY4zIk8MM$_$1,unNY4zIk8MM,0.1075426141421,0.0263270279765129,50,0.08121558616558709,T
valid,key.A.p20.point,delete,unNY4zIk8MM$_$1,unNY4zIk8MM,0.0012075304985046,0.0011049777269363,50,0.00010255277156830003,A
valid,key.V.p20.point,delete,unNY4zIk8MM$_$1,unNY4zIk8MM,0.0036063194274902,0.001807264983654,4,0.0017990544438362,V
valid,key.J.p20.joint,delete,unNY4zIk8MM$_$1,unNY4zIk8MM,0.1247410923242569,0.0142398726940155,50,0.1105012196302414,J
valid,key.T.p20.point,delete,unNY4zIk8MM$_$3,unNY4zIk8MM,0.0527573600411415,0.0454117954025665,50,0.007345564638575004,T
valid,key.A.p20.point,delete,unNY4zIk8MM$_$3,unNY4zIk8MM,0.004652460416158,0.0055392816166083,50,-0.0008868212004502999,A
valid,key.J.p20.joint,delete,unNY4zIk8MM$_$3,unNY4zIk8MM,0.0146203810969988,0.0412214593837658,50,-0.026601078286767,J
valid,key.T.p20.point,delete,unNY4zIk8MM$_$5,unNY4zIk8MM,0.1455683261156082,0.0303990553816159,50,0.11516927073399229,T
valid,key.A.p20.point,delete,unNY4zIk8MM$_$5,unNY4zIk8MM,0.0042286813259124,0.0029766434431076,50,0.0012520378828048003,A
valid,key.J.p20.joint,delete,unNY4zIk8MM$_$5,unNY4zIk8MM,0.2597300658623377,0.1678287157913049,50,0.09190135007103281,J
valid,key.T.p20.point,delete,unNY4zIk8MM$_$8,unNY4zIk8MM,0.0146025170882542,0.0222105972344676,50,-0.0076080801462134005,T
valid,key.A.p20.point,delete,unNY4zIk8MM$_$8,unNY4zIk8MM,0.0033386349678039,0.0019663380583127,50,0.0013722969094912,A
valid,key.V.p20.point,delete,unNY4zIk8MM$_$8,unNY4zIk8MM,0.0012971808513005,0.0018119802574316,50,-0.0005147994061311001,V
valid,key.J.p20.joint,delete,unNY4zIk8MM$_$8,unNY4zIk8MM,0.0448770690709352,0.0227832030132412,50,0.022093866057694,J
valid,key.T.p20.point,delete,uooIiW6dEyg$_$1,uooIiW6dEyg,0.0932032068570454,0.100953006107981,20,-0.007749799250935593,T
valid,key.A.p20.point,delete,uooIiW6dEyg$_$1,uooIiW6dEyg,0.0012285908063252,0.0044084238509337,20,-0.0031798330446085,A
valid,key.V.p20.point,delete,uooIiW6dEyg$_$1,uooIiW6dEyg,0.0002023229996363,0.0013616420328617,20,-0.0011593190332254,V
valid,key.J.p20.joint,delete,uooIiW6dEyg$_$1,uooIiW6dEyg,0.2205038906540721,0.0424857175066357,7,0.1780181731474364,J
valid,key.T.p20.point,delete,uooIiW6dEyg$_$5,uooIiW6dEyg,0.0128123760223388,0.0334805360933144,50,-0.020668160070975605,T
valid,key.A.p20.point,delete,uooIiW6dEyg$_$5,uooIiW6dEyg,0.0023898482322692,0.0034747182329495,50,-0.0010848700006803,A
valid,key.V.p20.point,delete,uooIiW6dEyg$_$5,uooIiW6dEyg,0.0107601235310236,0.0032502282659212,50,0.0075098952651024,V
valid,key.J.p20.joint,delete,uooIiW6dEyg$_$5,uooIiW6dEyg,0.029373695453008,0.0374479686220486,50,-0.008074273169040597,J
valid,key.T.p20.point,delete,v2Rr-EsJda8$_$0,v2Rr-EsJda8,0.2311561418076356,0.0678356154156582,35,0.16332052639197742,T
valid,key.A.p20.point,delete,v2Rr-EsJda8$_$0,v2Rr-EsJda8,0.0067043428619702,0.0025990758623395,35,0.004105266999630701,A
valid,key.V.p20.point,delete,v2Rr-EsJda8$_$0,v2Rr-EsJda8,0.006669208407402,0.0038048500816027,2,0.0028643583257993003,V
valid,key.J.p20.joint,delete,v2Rr-EsJda8$_$0,v2Rr-EsJda8,0.2317920389274756,0.0709521548900132,17,0.1608398840374624,J
valid,key.T.p20.point,delete,v2Rr-EsJda8$_$6,v2Rr-EsJda8,0.0656656871239344,0.1090043223354344,50,-0.0433386352115,T
valid,key.A.p20.point,delete,v2Rr-EsJda8$_$6,v2Rr-EsJda8,0.0016082326571146,0.0039175939559936,50,-0.002309361298879,A
valid,key.V.p20.point,delete,v2Rr-EsJda8$_$6,v2Rr-EsJda8,0.0019222795963287,0.0028582837110684,27,-0.0009360041147397,V
valid,key.J.p20.joint,delete,v2Rr-EsJda8$_$6,v2Rr-EsJda8,0.1553703695535659,0.1110944157311071,12,0.0442759538224588,J
valid,key.T.p20.point,delete,v9gjg7TDlTA$_$0,v9gjg7TDlTA,0.2621780962993701,0.0798871233065923,50,0.1822909729927778,T
valid,key.A.p20.point,delete,v9gjg7TDlTA$_$0,v9gjg7TDlTA,0.0032875463366508,0.0049214035769303,50,-0.0016338572402795001,A
valid,key.V.p20.point,delete,v9gjg7TDlTA$_$0,v9gjg7TDlTA,0.0015956858793894,0.0012481272717316,50,0.00034755860765779993,V
valid,key.J.p20.joint,delete,v9gjg7TDlTA$_$0,v9gjg7TDlTA,0.2601835783571005,0.1039066545913616,50,0.15627692376573887,J
valid,key.T.p20.point,delete,v9gjg7TDlTA$_$4,v9gjg7TDlTA,0.0285194218158721,0.2027408058848232,50,-0.1742213840689511,T
valid,key.A.p20.point,delete,v9gjg7TDlTA$_$4,v9gjg7TDlTA,0.0068901057044665,0.0043393235901991,50,0.002550782114267401,A
valid,key.V.p20.point,delete,v9gjg7TDlTA$_$4,v9gjg7TDlTA,0.0095228130618731,0.0031792257602016,16,0.0063435873016715,V
valid,key.J.p20.joint,delete,v9gjg7TDlTA$_$4,v9gjg7TDlTA,0.0306726414710283,0.1684884713279704,50,-0.1378158298569421,J
valid,key.T.p20.point,delete,vHzbn_YW76s$_$3,vHzbn_YW76s,0.0076694414019584,0.0830914157194395,50,-0.0754219743174811,T
valid,key.A.p20.point,delete,vHzbn_YW76s$_$3,vHzbn_YW76s,0.0065209344029426,0.0063576334714889,50,0.00016330093145370053,A
valid,key.V.p20.point,delete,vHzbn_YW76s$_$3,vHzbn_YW76s,0.0040894399086634,0.0017960994939009,50,0.0022933404147625,V
valid,key.J.p20.joint,delete,vHzbn_YW76s$_$3,vHzbn_YW76s,0.0704133138060569,0.051376829004536,50,0.019036484801520905,J
valid,key.T.p20.point,delete,vU0a4F36Ksw$_$13,vU0a4F36Ksw,0.0038447678089141,0.0128786661227544,50,-0.009033898313840301,T
valid,key.A.p20.point,delete,vU0a4F36Ksw$_$13,vU0a4F36Ksw,0.0032201608022054,0.0019678327441215,50,0.0012523280580838997,A
valid,key.V.p20.point,delete,vU0a4F36Ksw$_$13,vU0a4F36Ksw,0.0055562555789947,0.0025682496031125,50,0.0029880059758822,V
valid,key.J.p20.joint,delete,vU0a4F36Ksw$_$13,vU0a4F36Ksw,0.0011171996593475,0.0123965136210123,50,-0.0112793139616648,J
valid,key.T.p20.point,delete,vU0a4F36Ksw$_$12,vU0a4F36Ksw,0.0058827797571818,0.0178204641739527,50,-0.0119376844167709,T
valid,key.A.p20.point,delete,vU0a4F36Ksw$_$12,vU0a4F36Ksw,0.000430886944135,0.0047585155566533,50,-0.0043276286125183,A
valid,key.V.p20.point,delete,vU0a4F36Ksw$_$12,vU0a4F36Ksw,0.0086502085129419,0.0030539821585019,50,0.00559622635444,V
valid,key.J.p20.joint,delete,vU0a4F36Ksw$_$12,vU0a4F36Ksw,0.020539104938507,0.0196619383494059,50,0.0008771665891010999,J
valid,key.T.p20.point,delete,vU0a4F36Ksw$_$17,vU0a4F36Ksw,0.1440209715316693,0.0464000941488969,50,0.09762087738277239,T
valid,key.A.p20.point,delete,vU0a4F36Ksw$_$17,vU0a4F36Ksw,0.0082258532444636,0.0039668055623769,50,0.004259047682086701,A
valid,key.V.p20.point,delete,vU0a4F36Ksw$_$17,vU0a4F36Ksw,0.0069263925155003,0.002675503396835,13,0.0042508891186653006,V
valid,key.J.p20.joint,delete,vU0a4F36Ksw$_$17,vU0a4F36Ksw,0.1410049783686796,0.0541767577050874,50,0.08682822066359219,J
valid,key.T.p20.point,delete,vU0a4F36Ksw$_$0,vU0a4F36Ksw,0.0715212772289911,0.0221717284123102,50,0.0493495488166809,T
valid,key.A.p20.point,delete,vU0a4F36Ksw$_$0,vU0a4F36Ksw,0.0027349690596262,0.0023750827709833,50,0.0003598862886429002,A
valid,key.V.p20.point,delete,vU0a4F36Ksw$_$0,vU0a4F36Ksw,0.0027845501899719,0.0012396395206451,50,0.0015449106693268,V
valid,key.J.p20.joint,delete,vU0a4F36Ksw$_$0,vU0a4F36Ksw,0.0525547564029693,0.0289301617940266,50,0.023624594608942697,J
valid,key.T.p20.point,delete,vU0a4F36Ksw$_$3,vU0a4F36Ksw,0.1200344016154607,0.0295181492964426,5,0.0905162523190181,T
valid,key.A.p20.point,delete,vU0a4F36Ksw$_$3,vU0a4F36Ksw,0.0023656884829203,0.001275356610616,5,0.0010903318723043,A
valid,key.V.p20.point,delete,vU0a4F36Ksw$_$3,vU0a4F36Ksw,0.002402514219284,0.0008490065733591,5,0.0015535076459249,V
valid,key.J.p20.joint,delete,vU0a4F36Ksw$_$3,vU0a4F36Ksw,0.1190658311049143,0.0281708796819051,5,0.0908949514230092,J
valid,key.T.p20.point,delete,vU0a4F36Ksw$_$5,vU0a4F36Ksw,0.0865602443615595,0.0927274053083965,50,-0.0061671609468370026,T
valid,key.A.p20.point,delete,vU0a4F36Ksw$_$5,vU0a4F36Ksw,0.0086850135897596,0.0028457824885845,50,0.005839231101175101,A
valid,key.V.p20.point,delete,vU0a4F36Ksw$_$5,vU0a4F36Ksw,0.0025209287802378,0.0028316094664235,50,-0.0003106806861857001,V
valid,key.J.p20.joint,delete,vU0a4F36Ksw$_$5,vU0a4F36Ksw,0.0051591868201891,0.077011973572274,50,-0.0718527867520849,J
valid,key.T.p20.point,delete,vU0a4F36Ksw$_$7,vU0a4F36Ksw,0.1221156250685453,0.0472409094125032,50,0.07487471565604209,T
valid,key.A.p20.point,delete,vU0a4F36Ksw$_$7,vU0a4F36Ksw,0.0045677119245131,0.0051298178949703,50,-0.0005621059704572001,A
valid,key.V.p20.point,delete,vU0a4F36Ksw$_$7,vU0a4F36Ksw,0.0050321423138181,0.0020315582243104,50,0.0030005840895077,V
valid,key.J.p20.joint,delete,vU0a4F36Ksw$_$7,vU0a4F36Ksw,0.1731247461090485,0.0344345711109538,50,0.1386901749980947,J
valid,key.T.p20.point,delete,vU0a4F36Ksw$_$20,vU0a4F36Ksw,0.0974363256245851,0.0283436704582224,3,0.0690926551663627,T
valid,key.A.p20.point,delete,vU0a4F36Ksw$_$20,vU0a4F36Ksw,0.0102468772480885,0.0056740943885718,3,0.004572782859516701,A
valid,key.V.p20.point,delete,vU0a4F36Ksw$_$20,vU0a4F36Ksw,0.0077344521414488,0.0024595117817322,3,0.0052749403597166,V
valid,key.T.p20.point,delete,vbr3EA8cJTI$_$0,vbr3EA8cJTI,0.0951839486757914,0.0159046749273935,50,0.0792792737483979,T
valid,key.A.p20.point,delete,vbr3EA8cJTI$_$0,vbr3EA8cJTI,0.0013721783955891,0.001766402721405,50,-0.00039422432581589996,A
valid,key.V.p20.point,delete,vbr3EA8cJTI$_$0,vbr3EA8cJTI,0.0093822181224823,0.003220016558965,50,0.0061622015635173,V
valid,key.J.p20.joint,delete,vbr3EA8cJTI$_$0,vbr3EA8cJTI,0.0838467180728912,0.014537811477979,50,0.06930890659491219,J
valid,key.T.p20.point,delete,vbr3EA8cJTI$_$2,vbr3EA8cJTI,0.0298713495333989,0.0318499660491943,50,-0.001978616515795402,T
valid,key.A.p20.point,delete,vbr3EA8cJTI$_$2,vbr3EA8cJTI,0.0157128820816675,0.0041590565443038,50,0.011553825537363699,A
valid,key.V.p20.point,delete,vbr3EA8cJTI$_$2,vbr3EA8cJTI,0.0083771099646886,0.0038358428898979,17,0.0045412670747907,V
valid,key.J.p20.joint,delete,vbr3EA8cJTI$_$2,vbr3EA8cJTI,0.0376944988965988,0.0420431212584177,50,-0.004348622361818898,J
valid,key.T.p20.point,delete,vbr3EA8cJTI$_$7,vbr3EA8cJTI,0.2455344920357068,0.0837797959773646,50,0.1617546960583422,T
valid,key.A.p20.point,delete,vbr3EA8cJTI$_$7,vbr3EA8cJTI,0.0225387577277918,0.0054639488706986,50,0.0170748088570932,A
valid,key.V.p20.point,delete,vbr3EA8cJTI$_$7,vbr3EA8cJTI,0.0067231729626655,0.0038831962582965,50,0.002839976704369,V
valid,key.J.p20.joint,delete,vbr3EA8cJTI$_$7,vbr3EA8cJTI,0.2454134784638881,0.0751032922882586,50,0.1703101861756295,J
valid,key.T.p20.point,delete,vbr3EA8cJTI$_$6,vbr3EA8cJTI,0.0748372673988342,0.0216975653171539,50,0.0531397020816803,T
valid,key.A.p20.point,delete,vbr3EA8cJTI$_$6,vbr3EA8cJTI,0.0083930889765421,0.0031332010030746,50,0.005259887973467501,A
valid,key.V.p20.point,delete,vbr3EA8cJTI$_$6,vbr3EA8cJTI,0.0014326969782511,0.0024660376707712,50,-0.0010333406925200999,V
valid,key.J.p20.joint,delete,vbr3EA8cJTI$_$6,vbr3EA8cJTI,0.0801280091206232,0.0198464009165763,50,0.060281608204046905,J
valid,key.T.p20.point,delete,wF8980oGklk$_$24,wF8980oGklk,0.0636203587055206,0.0368000301470359,50,0.0268203285584847,T
valid,key.A.p20.point,delete,wF8980oGklk$_$24,wF8980oGklk,0.00347667435805,0.0049306472639242,50,-0.0014539729058741999,A
valid,key.V.p20.point,delete,wF8980oGklk$_$24,wF8980oGklk,0.0044636204838752,0.0017542021721601,50,0.0027094183117151,V
valid,key.J.p20.joint,delete,wF8980oGklk$_$24,wF8980oGklk,0.0671872875342766,0.0432400851634641,50,0.023947202370812493,J
valid,key.T.p20.point,delete,wF8980oGklk$_$25,wF8980oGklk,0.1758042356620232,0.056630827859044,35,0.11917340780297919,T
valid,key.A.p20.point,delete,wF8980oGklk$_$25,wF8980oGklk,0.003290851910909,0.0013399788488944,8,0.0019508730620146002,A
valid,key.V.p20.point,delete,wF8980oGklk$_$25,wF8980oGklk,0.0002126644055048,0.0005885904743557,35,-0.0003759260688509,V
valid,key.J.p20.joint,delete,wF8980oGklk$_$25,wF8980oGklk,0.1767671542863051,0.0564672555951845,35,0.1202998986911206,J
valid,key.T.p20.point,delete,wF8980oGklk$_$1,wF8980oGklk,0.0780171950658162,0.0353831773002942,6,0.042634017765521996,T
valid,key.A.p20.point,delete,wF8980oGklk$_$1,wF8980oGklk,0.0103537539641062,0.0037684390942255,6,0.0065853148698807,A
valid,key.V.p20.point,delete,wF8980oGklk$_$1,wF8980oGklk,0.0015535354614257,0.0005404071675406,6,0.0010131282938851,V
valid,key.J.p20.joint,delete,wF8980oGklk$_$1,wF8980oGklk,0.0734732349713643,0.0361773305469089,6,0.037295904424455406,J
valid,key.T.p20.point,delete,wF8980oGklk$_$0,wF8980oGklk,0.0843630532423655,0.0311970405032237,50,0.053166012739141795,T
valid,key.A.p20.point,delete,wF8980oGklk$_$0,wF8980oGklk,0.0123332937558492,0.0048886713882287,50,0.0074446223676205,A
valid,key.V.p20.point,delete,wF8980oGklk$_$0,wF8980oGklk,0.0133380219340324,0.0095824295034011,4,0.0037555924306313,V
valid,key.J.p20.joint,delete,wF8980oGklk$_$0,wF8980oGklk,0.074759230017662,0.0380339876645141,30,0.036725242353147905,J
valid,key.T.p20.point,delete,wF8980oGklk$_$3,wF8980oGklk,0.2057905041923125,0.0511221194306078,50,0.15466838476170472,T
valid,key.A.p20.point,delete,wF8980oGklk$_$3,wF8980oGklk,0.0017934100081523,0.0019631758208076,50,-0.00016976581265529993,A
valid,key.V.p20.point,delete,wF8980oGklk$_$3,wF8980oGklk,0.0067705313364664,0.0030726627446711,14,0.0036978685917953,V
valid,key.J.p20.joint,delete,wF8980oGklk$_$3,wF8980oGklk,0.206502121562759,0.0426203921056973,50,0.1638817294570617,J
valid,key.T.p20.point,delete,wF8980oGklk$_$2,wF8980oGklk,0.1044093196590741,0.0412918782482544,4,0.06311744141081971,T
valid,key.A.p20.point,delete,wF8980oGklk$_$2,wF8980oGklk,0.0070206274588902,0.0032186172902584,4,0.0038020101686318,A
valid,key.V.p20.point,delete,wF8980oGklk$_$2,wF8980oGklk,0.0037802557150522,0.0017265602946281,4,0.0020536954204241,V
valid,key.J.p20.joint,delete,wF8980oGklk$_$2,wF8980oGklk,0.1114706049362818,0.0428174460927645,4,0.0686531588435173,J
valid,key.T.p20.point,delete,wF8980oGklk$_$6,wF8980oGklk,0.1308392087618509,0.0680714508891105,50,0.0627677578727404,T
valid,key.A.p20.point,delete,wF8980oGklk$_$6,wF8980oGklk,0.0018516480922698,0.0017870201667149,50,6.462792555490013e-05,A
valid,key.V.p20.point,delete,wF8980oGklk$_$6,wF8980oGklk,0.0087696015834808,0.0035371587673823,50,0.0052324428160985,V
valid,key.J.p20.joint,delete,wF8980oGklk$_$6,wF8980oGklk,0.0846962084372838,0.0386287652949492,50,0.0460674431423346,J
valid,key.T.p20.point,delete,wF8980oGklk$_$17,wF8980oGklk,0.0349234988292058,0.0743209797640641,50,-0.0393974809348583,T
valid,key.A.p20.point,delete,wF8980oGklk$_$17,wF8980oGklk,0.0025111486514409,0.0045960346857706,50,-0.0020848860343297,A
valid,key.V.p20.point,delete,wF8980oGklk$_$17,wF8980oGklk,0.0022829174995422,0.0023863741755485,50,-0.00010345667600630002,V
valid,key.J.p20.joint,delete,wF8980oGklk$_$17,wF8980oGklk,0.027370328704516,0.0616575061229237,19,-0.0342871774184077,J
valid,key.T.p20.point,delete,wosolsrH3sM$_$6,wosolsrH3sM,0.0825629085302352,0.0578420588304288,50,0.024720849699806396,T
valid,key.A.p20.point,delete,wosolsrH3sM$_$6,wosolsrH3sM,0.0067685867349306,0.0037393383681774,50,0.0030292483667532,A
valid,key.V.p20.point,delete,wosolsrH3sM$_$6,wosolsrH3sM,0.0027496715386708,0.0011179102460543,50,0.0016317612926165003,V
valid,key.J.p20.joint,delete,wosolsrH3sM$_$6,wosolsrH3sM,0.1295080929994583,0.0643527508340776,50,0.06515534216538071,J
valid,key.T.p20.point,delete,x-zGBp7axao$_$3,x-zGBp7axao,0.1177281861503918,0.1179601556543881,50,-0.00023196950399630156,T
valid,key.A.p20.point,delete,x-zGBp7axao$_$3,x-zGBp7axao,0.0063001761833826,0.0028553758064905,50,0.0034448003768921,A
valid,key.V.p20.point,delete,x-zGBp7axao$_$3,x-zGBp7axao,0.0115102306008338,0.0041248033940792,50,0.0073854272067545995,V
valid,key.J.p20.joint,delete,x-zGBp7axao$_$3,x-zGBp7axao,0.0558234527707099,0.0869293410703539,50,-0.031105888299643995,J
valid,key.T.p20.point,delete,x2lOwQaAn4g$_$4,x2lOwQaAn4g,0.1166312793890635,0.0274796781937281,50,0.0891516011953354,T
valid,key.A.p20.point,delete,x2lOwQaAn4g$_$4,x2lOwQaAn4g,0.0008422633012135,0.0016501287619272,50,-0.0008078654607137,A
valid,key.V.p20.point,delete,x2lOwQaAn4g$_$4,x2lOwQaAn4g,0.0037360290686289,0.001320244471232,50,0.0024157845973969,V
valid,key.J.p20.joint,delete,x2lOwQaAn4g$_$4,x2lOwQaAn4g,0.0686521232128143,0.0217016806205113,50,0.04695044259230301,J
valid,key.T.p20.point,delete,xUgAP84vsg4$_$15,xUgAP84vsg4,0.0562944412231445,0.0357659582297007,50,0.020528482993443793,T
valid,key.A.p20.point,delete,xUgAP84vsg4$_$15,xUgAP84vsg4,0.0008029341697692,0.000865137775739,50,-6.220360596979999e-05,A
valid,key.V.p20.point,delete,xUgAP84vsg4$_$15,xUgAP84vsg4,0.0031148493289947,0.0015491316715876,10,0.0015657176574070998,V
valid,key.J.p20.joint,delete,xUgAP84vsg4$_$15,xUgAP84vsg4,0.0563255548477172,0.0204326447844505,50,0.0358929100632667,J
valid,key.T.p20.point,delete,xUgAP84vsg4$_$4,xUgAP84vsg4,0.0583059787750244,0.0146280405918757,50,0.043677938183148704,T
valid,key.A.p20.point,delete,xUgAP84vsg4$_$4,xUgAP84vsg4,0.0101302514473597,0.0032903635501861,50,0.0068398878971735995,A
valid,key.V.p20.point,delete,xUgAP84vsg4$_$4,xUgAP84vsg4,0.0042990843454996,0.0037239577372868,50,0.0005751266082128,V
valid,key.J.p20.joint,delete,xUgAP84vsg4$_$4,xUgAP84vsg4,0.0276822050412495,0.0180288454890251,50,0.009653359552224398,J
valid,key.T.p20.point,delete,xUgAP84vsg4$_$8,xUgAP84vsg4,0.0254958979785442,0.0336107514089062,35,-0.008114853430362001,T
valid,key.A.p20.point,delete,xUgAP84vsg4$_$8,xUgAP84vsg4,0.0156243406236171,0.0070097011824448,8,0.0086146394411723,A
valid,key.V.p20.point,delete,xUgAP84vsg4$_$8,xUgAP84vsg4,0.0062246012190977,0.0025622507867713,8,0.0036623504323264,V
valid,key.J.p20.joint,delete,xUgAP84vsg4$_$8,xUgAP84vsg4,0.0240498917798201,0.0360036436925708,35,-0.0119537519127507,J
valid,key.T.p20.point,delete,xivYoEUQ5sk$_$5,xivYoEUQ5sk,0.0335777054230372,0.0570556921511888,50,-0.0234779867281516,T
valid,key.A.p20.point,delete,xivYoEUQ5sk$_$5,xivYoEUQ5sk,0.0023138324419657,0.0028408994277318,50,-0.0005270669857660999,A
valid,key.V.p20.point,delete,xivYoEUQ5sk$_$5,xivYoEUQ5sk,0.0039097964763641,0.0019220514098803,50,0.0019877450664838,V
valid,key.J.p20.joint,delete,xivYoEUQ5sk$_$5,xivYoEUQ5sk,0.0378661801417668,0.0614589420457681,50,-0.0235927619040013,J
valid,key.T.p20.point,delete,xivYoEUQ5sk$_$4,xivYoEUQ5sk,0.4115379437959442,0.0630048570036888,50,0.3485330867922554,T
valid,key.A.p20.point,delete,xivYoEUQ5sk$_$4,xivYoEUQ5sk,0.0059772630532582,0.0024753286441167,50,0.0035019344091415,A
valid,key.V.p20.point,delete,xivYoEUQ5sk$_$4,xivYoEUQ5sk,0.0073669652144114,0.0032290144572182,21,0.0041379507571932,V
valid,key.J.p20.joint,delete,xivYoEUQ5sk$_$4,xivYoEUQ5sk,0.4143845190604527,0.0709754713779936,50,0.3434090476824591,J
valid,key.T.p20.point,delete,xjsaS-LeZ14$_$20,xjsaS-LeZ14,0.1761435233056545,0.0468991967042287,50,0.1292443266014258,T
valid,key.A.p20.point,delete,xjsaS-LeZ14$_$20,xjsaS-LeZ14,0.0043574447433153,0.0061180261770884,50,-0.0017605814337730997,A
valid,key.V.p20.point,delete,xjsaS-LeZ14$_$20,xjsaS-LeZ14,0.0300631274779637,0.009738943974177,50,0.0203241835037867,V
valid,key.J.p20.joint,delete,xjsaS-LeZ14$_$20,xjsaS-LeZ14,0.1767282380412022,0.0483999906231959,50,0.1283282474180063,J
valid,key.T.p20.point,delete,xjsaS-LeZ14$_$14,xjsaS-LeZ14,0.049064815044403,0.0313269990682601,50,0.0177378159761429,T
valid,key.A.p20.point,delete,xjsaS-LeZ14$_$14,xjsaS-LeZ14,0.0048132836818695,0.0032460278272628,50,0.0015672558546066997,A
valid,key.V.p20.point,delete,xjsaS-LeZ14$_$14,xjsaS-LeZ14,0.0090398391087849,0.0021904270958017,9,0.0068494120129832005,V
valid,key.J.p20.joint,delete,xjsaS-LeZ14$_$14,xjsaS-LeZ14,0.0432761758565902,0.0257607496281464,50,0.017515426228443803,J
valid,key.T.p20.point,delete,xjsaS-LeZ14$_$6,xjsaS-LeZ14,0.1108280532062053,0.0392655328350762,50,0.07156252037112909,T
valid,key.A.p20.point,delete,xjsaS-LeZ14$_$6,xjsaS-LeZ14,0.0061595241228739,0.0029299028714497,50,0.0032296212514242,A
valid,key.V.p20.point,delete,xjsaS-LeZ14$_$6,xjsaS-LeZ14,0.0022254263361295,0.0040861447155475,50,-0.0018607183794179995,V
valid,key.J.p20.joint,delete,xjsaS-LeZ14$_$6,xjsaS-LeZ14,0.1764605220717688,0.0427075237035751,50,0.1337529983681937,J
valid,key.T.p20.point,delete,y8HXGm1-Ecw$_$7,y8HXGm1-Ecw,0.243138816828529,0.108953417034354,50,0.134185399794175,T
valid,key.A.p20.point,delete,y8HXGm1-Ecw$_$7,y8HXGm1-Ecw,0.0132835991680622,0.0074706219260891,50,0.0058129772419731,A
valid,key.V.p20.point,delete,y8HXGm1-Ecw$_$7,y8HXGm1-Ecw,0.0038837989171346,0.005897925098737,50,-0.0020141261816024004,V
valid,key.J.p20.joint,delete,y8HXGm1-Ecw$_$7,y8HXGm1-Ecw,0.238310699040691,0.0704377494612708,50,0.1678729495794202,J
valid,key.T.p20.point,delete,y9FyTEyGy5Y$_$1,y9FyTEyGy5Y,0.1172635555267334,0.0480525493621826,50,0.0692110061645508,T
valid,key.A.p20.point,delete,y9FyTEyGy5Y$_$1,y9FyTEyGy5Y,0.0106284221013387,0.0049137709538141,50,0.0057146511475246,A
valid,key.V.p20.point,delete,y9FyTEyGy5Y$_$1,y9FyTEyGy5Y,0.0029030591249465,0.0023186351855595,50,0.0005844239393870002,V
valid,key.J.p20.joint,delete,y9FyTEyGy5Y$_$1,y9FyTEyGy5Y,0.1282909462849299,0.0293920144438743,50,0.09889893184105561,J
valid,key.T.p20.point,delete,zhE_68GMJIk$_$8,zhE_68GMJIk,0.0301858186721801,0.0490340043604373,50,-0.018848185688257198,T
valid,key.A.p20.point,delete,zhE_68GMJIk$_$8,zhE_68GMJIk,0.0054267893234888,0.0034755371014277,50,0.0019512522220611005,A
valid,key.V.p20.point,delete,zhE_68GMJIk$_$8,zhE_68GMJIk,0.0016396294037501,0.0023740110794703,50,-0.0007343816757201997,V
valid,key.J.p20.joint,delete,zhE_68GMJIk$_$8,zhE_68GMJIk,0.0408186117808024,0.0615079649289449,50,-0.0206893531481425,J
valid,key.T.p20.point,delete,zhE_68GMJIk$_$5,zhE_68GMJIk,0.2855547225723664,0.1182818097279717,50,0.16727291284439472,T
valid,key.A.p20.point,delete,zhE_68GMJIk$_$5,zhE_68GMJIk,0.0041475547477602,0.0048925676243379,50,-0.0007450128765777008,A
valid,key.V.p20.point,delete,zhE_68GMJIk$_$5,zhE_68GMJIk,0.0015727151185274,0.0042127110064029,50,-0.0026399958878754997,V
valid,key.J.p20.joint,delete,zhE_68GMJIk$_$5,zhE_68GMJIk,0.3148519657552242,0.0989814095323284,50,0.21587055622289578,J
valid,key.T.p20.point,delete,zjYEBwXGD8I$_$13,zjYEBwXGD8I,0.0404288632174332,0.0940082725009415,50,-0.0535794092835083,T
valid,key.A.p20.point,delete,zjYEBwXGD8I$_$13,zjYEBwXGD8I,0.0120163547496,0.0052905554821093,50,0.0067257992674907,A
valid,key.V.p20.point,delete,zjYEBwXGD8I$_$13,zjYEBwXGD8I,0.0005938584605852,0.0020230380694071,50,-0.0014291796088218998,V
valid,key.J.p20.joint,delete,zjYEBwXGD8I$_$13,zjYEBwXGD8I,0.2126843544344107,0.0874053707389005,50,0.1252789836955102,J
valid,key.T.p20.point,delete,zjYEBwXGD8I$_$15,zjYEBwXGD8I,0.0421360499846438,0.0230673440669973,50,0.0190687059176465,T
valid,key.A.p20.point,delete,zjYEBwXGD8I$_$15,zjYEBwXGD8I,0.0064788760306934,0.0040048341045621,50,0.0024740419261313,A
valid,key.J.p20.joint,delete,zjYEBwXGD8I$_$15,zjYEBwXGD8I,0.0446249074302613,0.0250975234740568,50,0.019527383956204496,J
valid,key.T.p20.point,delete,zjYEBwXGD8I$_$0,zjYEBwXGD8I,0.1414586752653122,0.0445040448596983,44,0.09695463040561389,T
valid,key.A.p20.point,delete,zjYEBwXGD8I$_$0,zjYEBwXGD8I,0.0039996604124705,0.0029284115190859,9,0.0010712488933846001,A
valid,key.V.p20.point,delete,zjYEBwXGD8I$_$0,zjYEBwXGD8I,0.0015085438887278,0.00046392710823,44,0.0010446167804978,V
valid,key.J.p20.joint,delete,zjYEBwXGD8I$_$0,zjYEBwXGD8I,0.141782209277153,0.0442505691087607,44,0.09753164016839229,J
valid,key.T.p20.point,delete,zjYEBwXGD8I$_$2,zjYEBwXGD8I,0.19799480214715,0.0927000888933737,50,0.10529471325377632,T
valid,key.A.p20.point,delete,zjYEBwXGD8I$_$2,zjYEBwXGD8I,0.0028168906768163,0.0026057223478953,50,0.0002111683289210001,A
valid,key.V.p20.point,delete,zjYEBwXGD8I$_$2,zjYEBwXGD8I,0.0046594142913818,0.0035394383470217,50,0.0011199759443601006,V
valid,key.J.p20.joint,delete,zjYEBwXGD8I$_$2,zjYEBwXGD8I,0.2013948609431584,0.0467481776078542,50,0.15464668333530418,J
valid,key.T.p20.point,delete,zjYEBwXGD8I$_$4,zjYEBwXGD8I,0.0218671647210915,0.0270068504358641,50,-0.0051396857147726,T
valid,key.A.p20.point,delete,zjYEBwXGD8I$_$4,zjYEBwXGD8I,0.0053958445787429,0.0050038931022087,50,0.0003919514765341999,A
valid,key.J.p20.joint,delete,zjYEBwXGD8I$_$4,zjYEBwXGD8I,0.0237845002363125,0.0246328652324154,50,-0.0008483649961028988,J
valid,key.T.p20.point,delete,zjYEBwXGD8I$_$9,zjYEBwXGD8I,0.036429484685262,0.0221620599428812,50,0.014267424742380796,T
valid,key.A.p20.point,delete,zjYEBwXGD8I$_$9,zjYEBwXGD8I,0.0013345877329508,0.0018965744972229,50,-0.0005619867642721,A
valid,key.V.p20.point,delete,zjYEBwXGD8I$_$9,zjYEBwXGD8I,0.0065541267395019,0.0014775462945302,50,0.0050765804449717,V
valid,key.J.p20.joint,delete,zjYEBwXGD8I$_$9,zjYEBwXGD8I,0.0797895640134811,0.0288809278607368,50,0.0509086361527443,J
valid,key.T.p20.point,delete,zk2jTlAtvSU$_$3,zk2jTlAtvSU,0.0986985613902409,0.0311074056973059,50,0.067591155692935,T
valid,key.A.p20.point,delete,zk2jTlAtvSU$_$3,zk2jTlAtvSU,0.0028640627861022,0.0025011467933654,50,0.0003629159927368,A
valid,key.V.p20.point,delete,zk2jTlAtvSU$_$3,zk2jTlAtvSU,0.0063744833072026,0.0023907841245333,50,0.0039836991826693,V
valid,key.J.p20.joint,delete,zk2jTlAtvSU$_$3,zk2jTlAtvSU,0.0203172514835993,0.0274109693864981,50,-0.0070937179028988,J
