sample_id,modality,n_positions,top20_share,positive_fraction,negative_fraction,median_D
-UacrmKiTn4$_$7,A,26,0.4080875145813091,0.4230769230769231,0.5769230769230769,0.00093762328227355
-UacrmKiTn4$_$7,T,26,0.6766892558209682,0.46153846153846156,0.5384615384615384,0.0044215396046638
-UacrmKiTn4$_$7,V,26,0.4292538274259829,0.46153846153846156,0.5384615384615384,0.00046285241842264997
-qDkUB0GgYY$_$5,A,48,0.43228372805456233,0.5416666666666666,0.4583333333333333,0.00044807667533555
-qDkUB0GgYY$_$5,T,48,0.5829713413966908,0.5,0.5,0.0137019356091817
-qDkUB0GgYY$_$5,V,48,0.42426528438939193,0.5416666666666666,0.4583333333333333,0.00059646554291245
0utROiKxejc$_$1,A,16,0.5263522528995324,0.5625,0.4375,0.00062258293231325
0utROiKxejc$_$1,T,16,0.7718843025065266,0.5625,0.4375,0.0068287551403044995
0utROiKxejc$_$1,V,16,0.5162818241053283,0.375,0.625,0.00024943798780435
0utROiKxejc$_$4,A,33,0.4618667584486165,0.696969696969697,0.30303030303030304,0.0004466275374094
0utROiKxejc$_$4,T,33,0.5163481775953548,0.48484848484848486,0.5151515151515151,0.0059227546056111
0utROiKxejc$_$4,V,33,0.43785853849161754,0.5454545454545454,0.45454545454545453,0.0001400013764699
0y022OlZ3W0$_$3,A,17,0.3488832407619049,0.47058823529411764,0.5294117647058824,0.001813439031442
0y022OlZ3W0$_$3,T,17,0.5049037271273198,0.7647058823529411,0.23529411764705882,0.0495377754171689
0y022OlZ3W0$_$3,V,17,0.40595967704748886,0.4117647058823529,0.5882352941176471,0.001122477153937
0y022OlZ3W0$_$5,A,22,0.41949772592446355,0.45454545454545453,0.5454545454545454,0.0017598817745844001
0y022OlZ3W0$_$5,T,22,0.508988977515835,0.5,0.5,0.017281157275040898
0y022OlZ3W0$_$5,V,22,0.353259092661048,0.5909090909090909,0.4090909090909091,0.00077912459770835
0y022OlZ3W0$_$8,A,13,0.3470160456695263,0.5384615384615384,0.46153846153846156,0.0026636098821957
0y022OlZ3W0$_$8,T,13,0.5647695407838373,0.5384615384615384,0.46153846153846156,0.016704315940539
0y022OlZ3W0$_$8,V,13,0.6087324043685186,0.3076923076923077,0.6923076923076923,0.0018899788459142
101787$_$1,A,16,0.45759481018566167,0.5625,0.4375,0.00191008051236465
101787$_$1,T,16,0.5856019176126561,0.625,0.375,0.02094656725724535
101787$_$1,V,16,0.36304250992876413,0.5,0.5,0.000882198413213
101787$_$11,A,32,0.501710224557512,0.4375,0.5625,0.00075484315554295
101787$_$11,T,32,0.6186389325815634,0.375,0.625,0.013263891140619901
101787$_$11,V,32,0.45570727444949294,0.625,0.375,0.0002822155753771
101787$_$13,A,19,0.3764427514984627,0.42105263157894735,0.5789473684210527,0.0012464721997578
101787$_$13,T,19,0.7200703999382204,0.5263157894736842,0.47368421052631576,0.0155182580153147
101787$_$13,V,19,0.3437176046178776,0.3157894736842105,0.6842105263157895,0.000286986430486
101787$_$5,A,17,0.4833185992146528,0.35294117647058826,0.6470588235294118,0.0004122654596964
101787$_$5,T,17,0.5997483125671312,0.47058823529411764,0.5294117647058824,0.0099051892757415
101787$_$5,V,10,0.42400655925032843,0.4,0.5,0.00019717713197065
101787$_$7,A,8,0.44424678119117195,0.625,0.375,0.00109354158242535
101787$_$7,T,8,0.8129588708293344,0.75,0.25,0.0218409697214762
101787$_$7,V,8,0.546014963446972,0.375,0.625,0.0003603547811508
101787$_$9,A,19,0.37902135812038995,0.47368421052631576,0.5263157894736842,0.0010546321670214
101787$_$9,T,19,0.5069353270193372,0.47368421052631576,0.5263157894736842,0.0061657559126615
101787$_$9,V,19,0.3324471402981389,0.42105263157894735,0.5789473684210527,0.000667272756497
102408$_$2,A,7,0.5077538532890268,0.42857142857142855,0.5714285714285714,0.0016869778434435
102408$_$2,T,7,0.597226812041604,0.42857142857142855,0.5714285714285714,0.0730137924353281
102408$_$2,V,7,0.3889647283282037,0.5714285714285714,0.42857142857142855,0.0008684943119684
102408$_$5,A,29,0.40767297517396617,0.3448275862068966,0.6551724137931034,0.0007813870906829
102408$_$5,T,29,0.5029729195980187,0.4827586206896552,0.5172413793103449,0.0287728657325108
102408$_$5,V,29,0.48464985184355,0.3103448275862069,0.6896551724137931,0.0003283570210138
102408$_$9,A,29,0.2962121567436691,0.4482758620689655,0.5172413793103449,0.0005433410406112
102408$_$9,T,29,0.6148750450897394,0.5172413793103449,0.4827586206896552,0.0097473462422688
102408$_$9,V,29,0.3886103898509318,0.5517241379310345,0.4482758620689655,0.0002651636799176
102858$_$0,A,3,0.5237570740957463,0.3333333333333333,0.6666666666666666,0.0094819068908691
102858$_$0,T,3,0.7352365456549725,1.0,0.0,0.0648984213670094
102858$_$0,V,3,0.5047293757905671,0.3333333333333333,0.6666666666666666,0.0005776385466257
102858$_$1,A,22,0.34023843241402507,0.45454545454545453,0.5454545454545454,0.00108026837309195
102858$_$1,T,22,0.5617619633916685,0.36363636363636365,0.6363636363636364,0.0114959279696146
102858$_$1,V,22,0.5029624018039597,0.5,0.5,0.0002286434173583
102858$_$10,A,10,0.3075119619095291,0.6,0.4,0.00211106240749355
102858$_$10,T,10,0.6188332027449085,0.5,0.5,0.06058465937773386
102858$_$10,V,10,0.30267228643436106,0.6,0.4,0.0004194478193918
102858$_$17,A,9,0.38706139390778777,0.6666666666666666,0.3333333333333333,0.0019166866938273
102858$_$17,T,9,0.44282410305951514,0.5555555555555556,0.4444444444444444,0.0517900797228018
102858$_$17,V,9,0.5198259919240519,0.2222222222222222,0.7777777777777778,0.0004544891417026
102858$_$19,A,12,0.46222224621807234,0.25,0.75,0.000857679794232
102858$_$19,T,12,0.5683837177671797,0.75,0.25,0.0216067928510407
102858$_$19,V,12,0.49223072583418737,0.4166666666666667,0.5833333333333334,0.0018941297506292
102858$_$20,A,24,0.35448214331039973,0.6666666666666666,0.3333333333333333,0.0017366943260033
102858$_$20,T,24,0.4709530142706068,0.625,0.375,0.02390001465876895
102858$_$20,V,24,0.38095310479465117,0.375,0.625,0.0002737355728944
102858$_$21,A,27,0.3817387007861097,0.4074074074074074,0.5925925925925926,0.0010078152020772
102858$_$21,T,27,0.6081804241408283,0.5925925925925926,0.4074074074074074,0.0111123124758402
102858$_$21,V,27,0.3618959050611668,0.4074074074074074,0.5925925925925926,0.0005920231342315
102858$_$4,A,48,0.3919241271725361,0.5,0.5,0.00042606890201565
102858$_$4,T,48,0.47692464861261824,0.5,0.5,0.0105626098811626
102858$_$4,V,48,0.4430692244530392,0.6875,0.3125,0.0003584238390127
102858$_$6,A,26,0.47173023310992374,0.5384615384615384,0.46153846153846156,0.0008315990368525
102858$_$6,T,26,0.7208650071256134,0.5384615384615384,0.46153846153846156,0.008967712521553
102858$_$6,V,26,0.4834292215446272,0.2692307692307692,0.7307692307692307,0.00022804737091055
112433$_$10,A,1,1.0,1.0,0.0,0.0288690645441723
112433$_$10,T,1,1.0,1.0,0.0,0.1810542692740758
112433$_$10,V,1,1.0,1.0,0.0,0.0578990752498308
112433$_$3,A,32,0.35117725954313633,0.5,0.5,0.000817855199178
112433$_$3,T,32,0.5874744624020259,0.46875,0.53125,0.009520093599955148
112433$_$3,V,32,0.44176741854751256,0.40625,0.59375,0.00022233029206585
112433$_$6,A,24,0.43535529238075915,0.4166666666666667,0.5833333333333334,0.0005034307638803999
112433$_$6,T,24,0.7182015231022392,0.7083333333333334,0.2916666666666667,0.0065349141756693
112433$_$6,V,24,0.4383994137732016,0.375,0.625,9.961922963459588e-05
112433$_$7,A,9,0.4550468317374177,0.3333333333333333,0.6666666666666666,0.0009784350792566
112433$_$7,T,9,0.5984216582452381,0.5555555555555556,0.4444444444444444,0.0407292793194452
112433$_$7,V,9,0.4791373930560765,0.7777777777777778,0.2222222222222222,0.0002658118804295
117tQqLjza4$_$6,A,15,0.33592812421691537,0.5333333333333333,0.4666666666666667,0.0021109009782473
117tQqLjza4$_$6,T,15,0.5234437764149151,0.6,0.4,0.0078910638888676
117tQqLjza4$_$6,V,15,0.3740193884871321,0.4,0.6,0.0041714509328206
11j7EfglCAs$_$2,A,24,0.3775080721321722,0.6666666666666666,0.3333333333333333,0.0009740518095592
11j7EfglCAs$_$2,T,24,0.46264362991883157,0.5,0.5,0.00858586219449835
11j7EfglCAs$_$2,V,16,0.5688849941305754,0.75,0.25,0.00043468022098139996
121128$_$0,A,11,0.519072119283381,0.6363636363636364,0.36363636363636365,0.0012455756465593
121128$_$0,T,11,0.7477077593690494,0.5454545454545454,0.45454545454545453,0.004101259013017
121128$_$0,V,11,0.5037495990746833,0.5454545454545454,0.45454545454545453,0.0006384551525115
121128$_$1,A,29,0.38395242078424335,0.4482758620689655,0.5517241379310345,0.0012607822815577
121128$_$1,T,29,0.5127301644385055,0.5517241379310345,0.4482758620689655,0.009652222196261
121128$_$1,V,29,0.4180528108006624,0.6206896551724138,0.3793103448275862,0.000722254316012
121128$_$10,A,15,0.3561594448215353,0.4,0.6,0.0020054553945859
121128$_$10,T,15,0.4426223739387223,0.4,0.6,0.0813276146848996
121128$_$10,V,15,0.30399729152313254,0.6,0.4,0.0011746200422445
121128$_$5,A,7,0.4175684701552259,0.5714285714285714,0.42857142857142855,0.0015291770299275
121128$_$5,T,7,0.8719635962716902,0.42857142857142855,0.5714285714285714,0.0208356181780497
121128$_$5,V,7,0.35806500539781144,0.42857142857142855,0.5714285714285714,0.0004527370134989
125344$_$0,A,48,0.42762700551730326,0.5833333333333334,0.4166666666666667,0.0005191232388217499
125344$_$0,T,48,0.45049810150404634,0.5416666666666666,0.4583333333333333,0.021103223785757998
125344$_$0,V,14,0.4009393453467051,0.2857142857142857,0.7142857142857143,0.001451668019096
125676$_$0,A,13,0.4414560233394073,0.5384615384615384,0.46153846153846156,0.0020608007907867
125676$_$0,T,13,0.34441358802349265,0.6153846153846154,0.38461538461538464,0.0349648719032605
125676$_$0,V,13,0.5052439075418328,0.46153846153846156,0.5384615384615384,0.0016924639542897
125676$_$4,A,27,0.4141892369805319,0.5925925925925926,0.4074074074074074,0.0005639096101125
125676$_$4,T,27,0.6633929886928294,0.48148148148148145,0.5185185185185185,0.0077092349529266
125676$_$4,V,27,0.3291486342660311,0.6296296296296297,0.37037037037037035,0.0008288522561391
128059$_$11,A,38,0.3853702273562262,0.42105263157894735,0.5,0.000335747996966
128059$_$11,T,38,0.5770840258034078,0.4473684210526316,0.5526315789473685,0.0073677301406860005
128059$_$11,V,38,0.5372285097260047,0.7368421052631579,0.2631578947368421,0.0005025118589401
128059$_$12,A,16,0.43797098983627364,0.3125,0.6875,0.00083300968011215
128059$_$12,T,16,0.8734974939558171,0.3125,0.6875,0.01018797357877095
128059$_$12,V,15,0.26013232603996067,0.4,0.6,0.0010948777198791
128059$_$2,A,14,0.3752003856758127,0.5,0.5,0.0009294152259826
128059$_$2,T,14,0.7011093458318579,0.5,0.5,0.02185790240764615
128059$_$2,V,14,0.3672408576817528,0.42857142857142855,0.5714285714285714,0.00059820214907325
128059$_$6,A,48,0.39941078974210514,0.5833333333333334,0.4166666666666667,0.0004575202862421
128059$_$6,T,48,0.6535963161359925,0.4583333333333333,0.5416666666666666,0.0085925509532292
128059$_$6,V,48,0.3636669801671848,0.5416666666666666,0.4375,0.0002304712931315
128059$_$7,A,48,0.3906732874323793,0.5416666666666666,0.4583333333333333,0.00042668109138805
128059$_$7,T,48,0.46097205988834056,0.4583333333333333,0.5416666666666666,0.0053699493097762
128059$_$7,V,48,0.3566690788118893,0.5208333333333334,0.4791666666666667,0.00028070497016105
128059$_$9,A,22,0.40421834723215627,0.4090909090909091,0.5909090909090909,0.0019352176847556501
128059$_$9,T,22,0.5341499841861342,0.5,0.5,0.0425118505954742
128059$_$9,V,22,0.48659464519614487,0.2727272727272727,0.7272727272727273,0.0013745402296384
128763$_$12,A,18,0.386297347772445,0.5555555555555556,0.4444444444444444,0.00114223112662625
128763$_$12,T,18,0.4305533687674466,0.6111111111111112,0.3888888888888889,0.0433126321683327
128763$_$12,V,18,0.3760431869387567,0.3888888888888889,0.6111111111111112,0.0016157279411951
128763$_$2,A,12,0.3235253420015169,0.5,0.5,0.0008306726813316
128763$_$2,T,12,0.4631199382758836,0.4166666666666667,0.5833333333333334,0.015263866633176752
128763$_$2,V,12,0.5642375577917401,0.75,0.25,0.00041391948858895
128763$_$3,A,24,0.38904063758629387,0.4166666666666667,0.4583333333333333,0.0007041494051615
128763$_$3,T,24,0.5499855183102756,0.5,0.5,0.0097431639830271
128763$_$3,V,24,0.35625438794025055,0.4166666666666667,0.5833333333333334,8.35557778676351e-05
128763$_$5,A,10,0.27084797345559086,0.5,0.5,0.0022672911485036003
128763$_$5,T,10,0.36319383039035397,0.3,0.7,0.028032307823498998
128763$_$5,V,10,0.3671396546427398,0.3,0.7,0.00067947184046105
128763$_$7,A,16,0.42024444884872925,0.5625,0.4375,0.0006060004234313501
128763$_$7,T,16,0.6399160293518874,0.6875,0.3125,0.01017173131306965
128763$_$7,V,16,0.5216412864419571,0.25,0.75,0.0001862396796544
128763$_$8,A,8,0.37391585889822176,0.5,0.5,0.0052372068166732
128763$_$8,T,8,0.5530964452648253,0.75,0.25,0.03651035080353415
128763$_$8,V,8,0.49787837018906456,0.75,0.25,0.0008528158068656501
130456$_$11,A,34,0.4731848751288507,0.5882352941176471,0.4117647058823529,0.0002701381842295
130456$_$11,T,34,0.4830460951838335,0.47058823529411764,0.5294117647058824,0.0057878096898396
130456$_$11,V,34,0.4280386604457976,0.47058823529411764,0.5294117647058824,0.00026253362496689997
130456$_$3,A,19,0.3538691977251916,0.5263157894736842,0.47368421052631576,0.000647614399592
130456$_$3,T,19,0.6108563026528679,0.5789473684210527,0.42105263157894735,0.0211289922396341
130456$_$3,V,14,0.5221874433272901,0.42857142857142855,0.5714285714285714,0.0001558760801951
130456$_$4,A,23,0.3895986953761476,0.6086956521739131,0.391304347826087,0.0008425861597061
130456$_$4,T,23,0.4679031403327954,0.4782608695652174,0.4782608695652174,0.0037701452771822
130456$_$4,V,23,0.47351225537925895,0.8260869565217391,0.17391304347826086,0.0003591949741045
130456$_$5,A,11,0.481952326480549,0.6363636363636364,0.36363636363636365,0.0027805094917615
130456$_$5,T,11,0.506602546344403,0.6363636363636364,0.36363636363636365,0.0350385705629984
130456$_$5,V,11,0.4973570008439129,0.6363636363636364,0.36363636363636365,0.0011149148146311
130456$_$6,A,33,0.4434327532202913,0.3939393939393939,0.6060606060606061,0.0006536493698755
130456$_$6,T,33,0.468907238627588,0.7575757575757576,0.24242424242424243,0.0146602739890416
130456$_$6,V,33,0.41156020537048477,0.45454545454545453,0.5454545454545454,0.0002734015385309
130456$_$7,A,8,0.5200318611889893,0.25,0.75,0.0051383425792058
130456$_$7,T,8,0.5981505136294895,0.75,0.25,0.04918217162291205
130456$_$7,V,8,0.4415230866858607,0.625,0.375,0.0017863710721333
188343$_$12,A,30,0.37852607657842097,0.5666666666666667,0.36666666666666664,0.00015799701213835
188343$_$12,T,30,0.8063259488764694,0.4666666666666667,0.5333333333333333,0.003946279486020349
188343$_$12,V,30,0.44122596081533777,0.43333333333333335,0.43333333333333335,0.0001283884048461
188343$_$13,A,42,0.3818032335755045,0.5,0.5,0.00058833261330915
188343$_$13,T,42,0.5788284285709615,0.5238095238095238,0.47619047619047616,0.015033081173896751
188343$_$13,V,42,0.3960010952308019,0.5476190476190477,0.4523809523809524,0.00018544246753055
188343$_$5,A,20,0.29254127183189954,0.4,0.6,0.0012770593166351002
188343$_$5,T,20,0.4821505306688943,0.55,0.45,0.022472264866034153
188343$_$5,V,20,0.568914544498911,0.5,0.35,0.0004117166002591
188343$_$8,A,21,0.4763202818398961,0.42857142857142855,0.5238095238095238,0.0006140271822611
188343$_$8,T,21,0.5800866599151898,0.5714285714285714,0.42857142857142855,0.0250714917977651
188343$_$8,V,21,0.49716224099141604,0.5238095238095238,0.47619047619047616,0.0003589987754821
188343$_$9,A,30,0.3499943082622138,0.4,0.6,0.0010503937179843
188343$_$9,T,30,0.5869672202318746,0.5,0.5,0.03083041217178105
188343$_$9,V,30,0.3899363811488512,0.6,0.4,0.0005662736172477
1HK7Nea0PFo$_$1,A,17,0.5064449251646831,0.7058823529411765,0.29411764705882354,0.0011352797349294
1HK7Nea0PFo$_$1,T,17,0.46387867281187833,0.47058823529411764,0.5294117647058824,0.0249150625119606
1HK7Nea0PFo$_$1,V,17,0.4946531311789291,0.5294117647058824,0.47058823529411764,0.0007726848125457
216097$_$1,A,13,0.36651586715412554,0.6153846153846154,0.38461538461538464,0.0016002357006072
216097$_$1,T,13,0.8028616592510249,0.6923076923076923,0.3076923076923077,0.0169562399387359
216097$_$1,V,4,0.48006527259560694,0.25,0.75,0.0011268258094787
216097$_$2,A,24,0.3974487416973905,0.375,0.625,0.00088397871392465
216097$_$2,T,24,0.46963745668739904,0.4583333333333333,0.5416666666666666,0.0105704492889344
216097$_$2,V,22,0.3544930743935729,0.5454545454545454,0.45454545454545453,0.00061594120537235
216097$_$4,A,46,0.3957874642172367,0.5652173913043478,0.43478260869565216,0.0004163980484008
216097$_$4,T,46,0.569138311756344,0.4782608695652174,0.5217391304347826,0.0106594761212666
216097$_$4,V,42,0.4204512418116227,0.47619047619047616,0.4523809523809524,0.0001478145519892
216097$_$5,A,32,0.45354790441328563,0.40625,0.59375,0.00069144616524375
216097$_$5,T,32,0.5117925108107735,0.65625,0.34375,0.0182228554040193
216097$_$5,V,27,0.4191829290880583,0.5925925925925926,0.4074074074074074,0.0003291790684064
216097$_$7,A,48,0.39008304931274496,0.4583333333333333,0.5,0.00032271941502885
216097$_$7,T,48,0.6439618540514885,0.4375,0.5625,0.00394027431805925
216097$_$7,V,44,0.3196616547726154,0.5227272727272727,0.45454545454545453,0.00021655857563015
216097$_$8,A,12,0.36591907330283935,0.4166666666666667,0.5833333333333334,0.0016387725869814
216097$_$8,T,12,0.6500724211396788,0.6666666666666666,0.3333333333333333,0.0297734290361404
216097$_$8,V,1,1.0,1.0,0.0,0.0499783257643381
223431$_$0,A,2,0.6764281216272404,0.5,0.5,0.02215259025494255
223431$_$0,T,2,0.9538146089304552,1.0,0.0,0.12090605497360225
223431$_$0,V,2,0.5004626410193412,0.5,0.5,0.0004321361581484
223431$_$10,A,13,0.3030228549574223,0.46153846153846156,0.5384615384615384,0.0006869733333587
223431$_$10,T,13,0.763681532915266,0.6923076923076923,0.3076923076923077,0.0137550234794616
223431$_$10,V,13,0.41753667996301025,0.6923076923076923,0.3076923076923077,0.0011106332143147
223431$_$11,A,27,0.35153132307360024,0.5185185185185185,0.48148148148148145,0.0003977020581563
223431$_$11,T,27,0.45030153983765075,0.5555555555555556,0.4444444444444444,0.0088514586289723
223431$_$11,V,27,0.46651379750421285,0.7407407407407407,0.2222222222222222,0.0002116163571675
223431$_$13,A,24,0.4660934708696214,0.5833333333333334,0.4166666666666667,0.00022422770659125
223431$_$13,T,24,0.6042376163119539,0.5833333333333334,0.4166666666666667,0.0075676788886388
223431$_$13,V,24,0.3026973345925261,0.4166666666666667,0.5833333333333334,0.0002590914567311
223431$_$5,A,17,0.3825863712891731,0.47058823529411764,0.5294117647058824,0.001380388935407
223431$_$5,T,17,0.5913852843881016,0.47058823529411764,0.5294117647058824,0.0140659511089324
223431$_$5,V,17,0.6203045619190346,0.7058823529411765,0.29411764705882354,0.000507300098737
225770$_$3,A,48,0.47098683348581627,0.5625,0.4375,0.00043831765651699997
225770$_$3,T,48,0.5305220022656256,0.5833333333333334,0.4166666666666667,0.0159036926925182
225770$_$3,V,48,0.39912956782681347,0.4791666666666667,0.5208333333333334,0.0004683323204517
225770$_$4,A,32,0.39652329990370727,0.28125,0.71875,0.000798354546229
225770$_$4,T,32,0.4644070253438654,0.5,0.5,0.0036852173507213
225770$_$4,V,32,0.328508629349822,0.625,0.375,0.0003415842851003
225770$_$5,A,6,0.44281108602669184,0.3333333333333333,0.6666666666666666,0.00265202050407725
225770$_$5,T,6,0.8669009875068489,0.6666666666666666,0.3333333333333333,0.00821213897628085
225770$_$5,V,6,0.49718604366967045,0.5,0.5,0.0016414584436764
225770$_$6,A,33,0.4563482642652328,0.3939393939393939,0.6060606060606061,0.000687338411808
225770$_$6,T,33,0.6143719951619088,0.5454545454545454,0.45454545454545453,0.0049992551406224
225770$_$6,V,33,0.2892713971170643,0.5151515151515151,0.48484848484848486,0.0005185032884279
236021$_$1,A,27,0.39825104838858877,0.6296296296296297,0.37037037037037035,0.0009493629137674
236021$_$1,T,27,0.44924822153090704,0.6296296296296297,0.37037037037037035,0.0055611605445543
236021$_$1,V,27,0.37895439837972955,0.6296296296296297,0.37037037037037035,0.0011884669462839
236021$_$12,A,12,0.3385773189384689,0.4166666666666667,0.5833333333333334,0.0031410505374272
236021$_$12,T,12,0.6160809325885501,0.5833333333333334,0.4166666666666667,0.0131863889594872
236021$_$12,V,12,0.29785538035763254,0.5,0.5,0.0010373058418432501
236021$_$2,A,48,0.39903696868460214,0.4791666666666667,0.5208333333333334,0.00063919182866805
236021$_$2,T,48,0.527488325129694,0.6041666666666666,0.3958333333333333,0.0140967623641093
236021$_$2,V,48,0.4206721374768211,0.4375,0.5625,0.0007884117464224
236021$_$3,A,7,0.4654438556544958,0.42857142857142855,0.5714285714285714,0.0021894872188568
236021$_$3,T,7,0.9276092472227471,0.5714285714285714,0.42857142857142855,0.0075585146745045
236021$_$3,V,7,0.5028756278426404,0.5714285714285714,0.42857142857142855,0.000714898109436
236021$_$4,A,48,0.4343145425542844,0.3958333333333333,0.6041666666666666,0.0006657596677541501
236021$_$4,T,48,0.5763461439830584,0.6041666666666666,0.3958333333333333,0.0201123302492002
236021$_$4,V,48,0.5204273469961755,0.5625,0.4375,0.00029416941106315004
236021$_$5,A,15,0.36845310876492493,0.6666666666666666,0.3333333333333333,0.0013069411118825
236021$_$5,T,15,0.5882570638260529,0.6,0.4,0.0233940382798512
236021$_$5,V,15,0.46040452238649693,0.4666666666666667,0.5333333333333333,0.0003510117530822
237009$_$11,A,9,0.31857539548847164,0.5555555555555556,0.4444444444444444,0.0019048154354095
237009$_$11,T,9,0.4482279681312629,0.4444444444444444,0.5555555555555556,0.0636838401357332
237009$_$11,V,9,0.26269681313253507,0.4444444444444444,0.5555555555555556,0.0008853127559026
237009$_$12,A,45,0.31969295453819546,0.4444444444444444,0.4888888888888889,0.0002087950706481
237009$_$12,T,45,0.8083985051589964,0.4222222222222222,0.5777777777777777,0.000933825969696
237009$_$12,V,45,0.4142118518622965,0.4666666666666667,0.3333333333333333,0.0001246333122253
237009$_$4,A,19,0.4769166499770903,0.5263157894736842,0.47368421052631576,0.0012198537588119
237009$_$4,T,19,0.5977443591064233,0.5263157894736842,0.47368421052631576,0.027170439561208
237009$_$4,V,8,0.49437094942207094,0.25,0.75,0.00148960699637725
237009$_$7,A,8,0.5458241620661862,0.25,0.75,0.00109700361887605
237009$_$7,T,8,0.7619320618362608,0.75,0.25,0.0064905732870101495
237009$_$7,V,8,0.5077223050061437,0.5,0.5,0.00091872115929915
237009$_$9,A,12,0.4315581525019431,0.3333333333333333,0.6666666666666666,0.00114773213863365
237009$_$9,T,12,0.9151470480169575,0.6666666666666666,0.3333333333333333,0.0104434490203857
237009$_$9,V,12,0.4460977023549393,0.25,0.75,0.0007033248742421
241629$_$0,A,13,0.30942859751569574,0.6153846153846154,0.38461538461538464,0.0014393925666809
241629$_$0,T,13,0.5244961655488207,0.46153846153846156,0.5384615384615384,0.0438444316387176
241629$_$0,V,13,0.3266451615721219,0.6923076923076923,0.3076923076923077,0.0010929902394612
241629$_$10,A,18,0.47075057544910404,0.5555555555555556,0.4444444444444444,0.00064088404178615
241629$_$10,T,18,0.7308363987122254,0.4444444444444444,0.5555555555555556,0.0050268620252609
241629$_$10,V,9,0.3007446634720142,0.4444444444444444,0.5555555555555556,0.0012070337931315
241629$_$3,A,28,0.43702640515234725,0.4642857142857143,0.5357142857142857,0.0004835377136866
241629$_$3,T,28,0.6136996220875427,0.6071428571428571,0.39285714285714285,0.02395455539226525
241629$_$3,V,28,0.3923013484356669,0.4642857142857143,0.5357142857142857,0.00026560326417279995
241629$_$5,A,27,0.3694374679535887,0.6296296296296297,0.37037037037037035,0.0009927166004975
241629$_$5,T,27,0.49435335259428187,0.6296296296296297,0.37037037037037035,0.0159393362700939
241629$_$5,V,27,0.41253291706002737,0.4074074074074074,0.5925925925925926,0.0005487166345119
241629$_$8,A,48,0.4142458944823395,0.5625,0.4166666666666667,0.00011740128199255
241629$_$8,T,48,0.45909808654990364,0.5208333333333334,0.4791666666666667,0.0018503963947296
241629$_$8,V,48,0.4321940606700057,0.5625,0.375,8.653601010640463e-05
243646$_$11,A,19,0.46737132715443297,0.631578947368421,0.3684210526315789,0.0005081792672475
243646$_$11,T,19,0.5531522076464876,0.5263157894736842,0.47368421052631576,0.0077395737171173
243646$_$11,V,19,0.380775822674407,0.631578947368421,0.3684210526315789,0.0005201498667399
243646$_$12,A,48,0.3964008256637068,0.5625,0.3333333333333333,0.00021126866340635
243646$_$12,T,48,0.5247572355100117,0.4791666666666667,0.5208333333333334,0.0033371299505233
243646$_$12,V,48,0.36810589063935656,0.4166666666666667,0.5416666666666666,8.316338062286377e-05
243646$_$8,A,12,0.4155175641963661,0.5833333333333334,0.4166666666666667,0.0014688981076081001
243646$_$8,T,12,0.46182077108953107,0.5,0.5,0.018247598161299998
243646$_$8,V,12,0.47854027391095066,0.5833333333333334,0.4166666666666667,0.0003795350591341
243646$_$9,A,1,1.0,1.0,0.0,0.0305023360997438
243646$_$9,T,1,1.0,1.0,0.0,0.2360388084004322
243646$_$9,V,1,1.0,1.0,0.0,0.0322378029425938
247318$_$1,A,16,0.42180658822486594,0.4375,0.5625,0.0012820623815058998
247318$_$1,T,16,0.6651581586617605,0.4375,0.5625,0.0055371220223605
247318$_$1,V,16,0.6038874610046893,0.5,0.5,0.0005568371464808499
247318$_$12,A,13,0.4692173810905218,0.38461538461538464,0.6153846153846154,0.000741442044576
247318$_$12,T,13,0.513222554047764,0.6153846153846154,0.38461538461538464,0.0093604226907094
247318$_$12,V,13,0.4166713509086246,0.38461538461538464,0.6153846153846154,0.0002119739850362
247318$_$2,A,17,0.50851871275532,0.7647058823529411,0.23529411764705882,0.0010314934576551
247318$_$2,T,17,0.4055150842644164,0.47058823529411764,0.47058823529411764,0.0130940613647302
247318$_$2,V,17,0.3600891174489764,0.6470588235294118,0.35294117647058826,0.0007456572105487
247318$_$3,A,5,0.35731119999089994,0.2,0.8,0.0028023123741149
247318$_$3,T,5,0.8193172021247717,0.6,0.4,0.0313526093959808
247318$_$3,V,5,0.31676850926691563,0.6,0.4,0.0013887186845143
247318$_$5,A,19,0.3756148709781695,0.5263157894736842,0.47368421052631576,0.0012595256169637
247318$_$5,T,19,0.5899980378440144,0.5263157894736842,0.47368421052631576,0.0251232261459032
247318$_$5,V,19,0.36381325428185185,0.7894736842105263,0.21052631578947367,0.001053844889005
247318$_$6,A,5,0.3874539781293112,0.6,0.4,0.0027191241582234
247318$_$6,T,5,0.30271899577857486,0.8,0.2,0.0748709539572397
247318$_$6,V,5,0.3656695451322948,0.8,0.2,0.0011453330516815
247318$_$7,A,6,0.5790836776893372,0.3333333333333333,0.6666666666666666,0.0010863542556762
247318$_$7,T,6,0.5820792341329828,0.8333333333333334,0.16666666666666666,0.009302750229835451
247318$_$7,V,6,0.5070665550226562,0.3333333333333333,0.6666666666666666,0.0001100202401479
252998$_$0,A,14,0.38691683745624994,0.6428571428571429,0.35714285714285715,0.00151090533472595
252998$_$0,T,14,0.46522022386365464,0.42857142857142855,0.5714285714285714,0.0254644015755426
252998$_$0,V,14,0.35773603517797103,0.5,0.5,0.0008118499148016
252998$_$1,A,18,0.37238048753208197,0.4444444444444444,0.5555555555555556,0.0016335745652516498
252998$_$1,T,18,0.5547141080114643,0.5555555555555556,0.4444444444444444,0.00419565662741655
252998$_$1,V,18,0.2918883719880116,0.4444444444444444,0.5555555555555556,0.00045189633965484995
252998$_$4,A,48,0.42519572531227234,0.4166666666666667,0.5625,0.0002314299345016
252998$_$4,T,48,0.5265198215179643,0.4791666666666667,0.5208333333333334,0.007626468936602199
252998$_$4,V,48,0.35081305443622446,0.4791666666666667,0.5208333333333334,0.00022120773792265003
252998$_$5,A,41,0.4784358769837481,0.5365853658536586,0.4634146341463415,0.0002228319644927
252998$_$5,T,41,0.6011189361037703,0.43902439024390244,0.5365853658536586,0.0033027033011118
252998$_$5,V,41,0.3774436961137226,0.5365853658536586,0.3902439024390244,0.0001543263594309
252998$_$7,A,37,0.3978098161168012,0.5135135135135135,0.4594594594594595,0.0007282917698224
252998$_$7,T,37,0.588338333388308,0.4594594594594595,0.5405405405405406,0.0340073605378468
252998$_$7,V,35,0.3396942598936667,0.4,0.6,0.0006869435310363
252998$_$8,A,11,0.47250705040853624,0.6363636363636364,0.36363636363636365,0.0016430641214052
252998$_$8,T,11,0.5097698849773526,0.36363636363636365,0.6363636363636364,0.0402959485848744
252998$_$8,V,11,0.41383598020294743,0.5454545454545454,0.45454545454545453,0.0011080528299013
257247$_$10,A,8,0.40913770319561477,0.625,0.375,0.0009060601393381
257247$_$10,T,8,0.846467813432065,0.5,0.5,0.010559469461441
257247$_$10,V,8,0.35900194426440835,0.375,0.625,0.00027773280938465
257247$_$12,A,19,0.37037999941505073,0.47368421052631576,0.5263157894736842,0.0004006028175354
257247$_$12,T,19,0.6345488771177226,0.5789473684210527,0.42105263157894735,0.001369168361028
257247$_$12,V,19,0.40536630872100293,0.5789473684210527,0.3684210526315789,0.0001065830389658
257247$_$2,A,18,0.40160605318649795,0.6111111111111112,0.3888888888888889,0.0013260667522748
257247$_$2,T,18,0.5282042462076402,0.5555555555555556,0.4444444444444444,0.02034740895032875
257247$_$2,V,18,0.4423554587895936,0.3333333333333333,0.5,0.00022971878449119999
258654$_$1,A,48,0.3844570197733086,0.4791666666666667,0.5208333333333334,0.0003258287906646
258654$_$1,T,48,0.5906612049389534,0.5,0.5,0.0031500856081644497
258654$_$1,V,48,0.45044545325042656,0.625,0.375,0.0001492698987325
258654$_$3,A,48,0.5064848103053319,0.5833333333333334,0.4166666666666667,0.00027093291282650003
258654$_$3,T,48,0.737494940713682,0.4583333333333333,0.5416666666666666,0.00702664752801255
258654$_$3,V,48,0.4473066727769203,0.4375,0.5,0.0002050946156183
258654$_$4,A,15,0.379103287200395,0.4666666666666667,0.5333333333333333,0.0018778691689173
258654$_$4,T,15,0.4701082911605679,0.4666666666666667,0.5333333333333333,0.0208489646514256
258654$_$4,V,15,0.37673763896394413,0.6666666666666666,0.3333333333333333,0.0015023996432622
266791$_$11,A,11,0.4891886117427604,0.45454545454545453,0.5454545454545454,0.0012471079826354
266791$_$11,T,11,0.6943522760973608,0.45454545454545453,0.5454545454545454,0.0308403819799423
266791$_$11,V,11,0.41854133179239306,0.5454545454545454,0.45454545454545453,0.0005896389484405
266791$_$14,A,26,0.4342858994367716,0.5,0.5,0.0007715250054995001
266791$_$14,T,26,0.5046161097279083,0.5,0.5,0.03736341744661325
266791$_$14,V,26,0.3833908257069505,0.5769230769230769,0.4230769230769231,0.00037001818418495
266791$_$20,A,36,0.4183052514580492,0.5555555555555556,0.4444444444444444,0.000676198862493
266791$_$20,T,36,0.6132431323460623,0.5555555555555556,0.4444444444444444,0.005437776756783299
266791$_$20,V,36,0.4128127749916131,0.6666666666666666,0.3333333333333333,0.00019113936771945
266791$_$21,A,48,0.4387596767477817,0.5,0.4791666666666667,0.00020109613736465
266791$_$21,T,48,0.6685243523367316,0.5833333333333334,0.4166666666666667,0.00223689774672185
266791$_$21,V,48,0.3621299355293945,0.375,0.625,9.552141030629477e-05
266791$_$23,A,34,0.3784543771867889,0.5588235294117647,0.4117647058823529,0.000744084517161
266791$_$23,T,34,0.47075180064004557,0.5294117647058824,0.47058823529411764,0.009357089797655701
266791$_$23,V,34,0.34803950922016313,0.47058823529411764,0.5294117647058824,0.00034275899330769995
266791$_$24,A,16,0.3811496712605105,0.75,0.25,0.00065933664639785
266791$_$24,T,16,0.8222150250035174,0.5,0.5,0.006827637553215
266791$_$24,V,16,0.5935974968510364,0.1875,0.6875,0.0001490215460459
266791$_$29,A,3,0.467831814020616,0.3333333333333333,0.6666666666666666,0.0067839349309603
266791$_$29,T,3,0.6817302975710288,0.6666666666666666,0.3333333333333333,0.1001105830073356
266791$_$29,V,3,0.5091142524266643,0.3333333333333333,0.6666666666666666,0.0007387598355611
266791$_$3,A,19,0.3660082462109338,0.6842105263157895,0.3157894736842105,0.0008578201134999
266791$_$3,T,19,0.5911498071815419,0.5263157894736842,0.47368421052631576,0.0171628246704737
266791$_$3,V,19,0.3422913646647281,0.631578947368421,0.3684210526315789,0.0009987254937489
266791$_$4,A,13,0.3929806703856343,0.46153846153846156,0.5384615384615384,0.0017172147830327
266791$_$4,T,13,0.6884947247126004,0.38461538461538464,0.6153846153846154,0.0336594978968302
266791$_$4,V,13,0.4941808303926216,0.46153846153846156,0.5384615384615384,0.0006747295459111
266791$_$5,A,32,0.48481855334498475,0.59375,0.40625,0.000423659880956
266791$_$5,T,32,0.6479880142293983,0.53125,0.46875,0.0078301280736923
266791$_$5,V,32,0.4081976603291517,0.625,0.375,0.00017141799132025
266791$_$6,A,36,0.4025220846162138,0.5,0.5,0.00057898958524065
266791$_$6,T,36,0.4862131953138127,0.5277777777777778,0.4722222222222222,0.0044015869498252504
266791$_$6,V,36,0.4148150188745496,0.6666666666666666,0.3333333333333333,0.00032020608584080003
266791$_$8,A,11,0.4098981151000818,0.45454545454545453,0.5454545454545454,0.0024479180574417
266791$_$8,T,11,0.7353820283417342,0.7272727272727273,0.2727272727272727,0.0348793566226959
266791$_$8,V,11,0.46569618435206456,0.36363636363636365,0.6363636363636364,0.0011109113693237
270254$_$0,A,18,0.339537275976135,0.3888888888888889,0.6111111111111112,0.0011438702543576
270254$_$0,T,18,0.4570868395833048,0.5555555555555556,0.4444444444444444,0.015940723319848298
270254$_$0,V,18,0.3949923953009157,0.5,0.5,0.0004257261753082
270254$_$11,A,6,0.49378720804424026,0.3333333333333333,0.5,0.0020819877584775
270254$_$11,T,6,0.5358726569859171,0.0,1.0,0.017195212344328498
270254$_$11,V,6,0.601007200892376,0.3333333333333333,0.6666666666666666,0.0007229124506314001
270254$_$14,A,10,0.3428083202790823,0.6,0.4,0.0028911062205831
270254$_$14,T,10,0.3548269447911889,0.5,0.5,0.0553780376212671
270254$_$14,V,10,0.25634795559782325,0.4,0.6,0.0018375711515545
270254$_$16,A,15,0.31413259079643163,0.4666666666666667,0.5333333333333333,0.0010648972044388
270254$_$16,T,15,0.42467120188982227,0.5333333333333333,0.4666666666666667,0.0210835255372027
270254$_$16,V,15,0.43667191646479814,0.5333333333333333,0.4666666666666667,0.0006976754715045
270254$_$23,A,17,0.3667993466170055,0.5294117647058824,0.47058823529411764,0.0007103780905405
270254$_$23,T,17,0.7094316111770562,0.5882352941176471,0.4117647058823529,0.0135281781355539
270254$_$23,V,17,0.3896564287454733,0.5882352941176471,0.4117647058823529,0.000260313351949
270254$_$6,A,32,0.3532816740399028,0.5625,0.4375,0.00111746291319525
270254$_$6,T,32,0.4852260832469909,0.53125,0.46875,0.00807247807582215
270254$_$6,V,29,0.3907081203499031,0.4482758620689655,0.5172413793103449,0.0004311030109723
270254$_$8,A,24,0.47299491689206913,0.5416666666666666,0.4166666666666667,0.000294953584671
270254$_$8,T,24,0.8302544765143006,0.5,0.5,0.00289094448089595
270254$_$8,V,24,0.47225859855040503,0.5833333333333334,0.4166666666666667,0.00017451743284854998
272624$_$10,A,48,0.32270321214233677,0.5416666666666666,0.4583333333333333,0.00047852595647175004
272624$_$10,T,48,0.49141335707554207,0.5,0.5,0.009058251976966799
272624$_$10,V,48,0.39709401181839254,0.4791666666666667,0.4375,0.00019485255082445
272624$_$12,A,22,0.4410680784302912,0.4090909090909091,0.5909090909090909,0.000877837340037
272624$_$12,T,22,0.7188032094709901,0.6363636363636364,0.36363636363636365,0.01063726842403405
272624$_$12,V,22,0.41129332325447737,0.4090909090909091,0.5909090909090909,0.0001867860555648
272624$_$13,A,37,0.40651934948403756,0.5675675675675675,0.43243243243243246,0.0011876871188481
272624$_$13,T,37,0.5025915907331977,0.5405405405405406,0.4594594594594595,0.0162664254506429
272624$_$13,V,37,0.4538417055339529,0.3783783783783784,0.5945945945945946,0.000231385231018
272624$_$16,A,48,0.37959941315303336,0.5416666666666666,0.4583333333333333,0.00048891703287755
272624$_$16,T,48,0.614245894122514,0.4375,0.5625,0.008027404546737602
272624$_$16,V,48,0.4531493723115992,0.375,0.625,0.00017380714416499998
272624$_$18,A,36,0.4407788382874446,0.5555555555555556,0.4444444444444444,0.0006118168433507
272624$_$18,T,36,0.519453009614095,0.5555555555555556,0.4444444444444444,0.020788550376892048
272624$_$18,V,36,0.37807732222240475,0.5555555555555556,0.4444444444444444,0.00035649538040154996
272624$_$2,A,46,0.39775633553362755,0.43478260869565216,0.5652173913043478,0.0005456060171127001
272624$_$2,T,46,0.6114648183999428,0.45652173913043476,0.5434782608695652,0.006087655822436
272624$_$2,V,46,0.4004006797245589,0.6086956521739131,0.3695652173913043,0.00028116255998605
272624$_$6,A,35,0.4338830262540992,0.4857142857142857,0.5142857142857142,0.0003509223461151
272624$_$6,T,35,0.5005685779219715,0.4857142857142857,0.5142857142857142,0.0049288868904113
272624$_$6,V,35,0.432083901302494,0.6285714285714286,0.37142857142857144,0.0001850128173828
272624$_$8,A,43,0.37333338389722254,0.5348837209302325,0.46511627906976744,0.0002969801425933
272624$_$8,T,43,0.6417615616020982,0.6046511627906976,0.37209302325581395,0.0016871591409047
272624$_$8,V,43,0.3663611938382274,0.37209302325581395,0.627906976744186,0.0001726448535919
272624$_$9,A,47,0.4002007610094705,0.5957446808510638,0.40425531914893614,0.0005306601524353
272624$_$9,T,47,0.5715871674490766,0.6170212765957447,0.3829787234042553,0.015208750963211
272624$_$9,V,47,0.3913511773226902,0.44680851063829785,0.5106382978723404,7.08003838857015e-05
273539$_$2,A,3,0.4953291258042589,0.6666666666666666,0.3333333333333333,0.0060616979996363
273539$_$2,T,3,0.46256328496025745,0.3333333333333333,0.6666666666666666,0.0240910748640696
273539$_$2,V,3,0.4961043768791919,0.6666666666666666,0.3333333333333333,0.0008723139762878
273539$_$3,A,30,0.41133959838840733,0.6,0.4,0.0008240963021913499
273539$_$3,T,30,0.43658671544580924,0.43333333333333335,0.5666666666666667,0.04008668412764865
273539$_$3,V,30,0.44603210802896065,0.4,0.6,0.0002385502060254
273539$_$9,A,46,0.4831839256229677,0.391304347826087,0.6086956521739131,0.00022845466931655
273539$_$9,T,46,0.5076713198228346,0.5,0.5,0.00741009910901385
273539$_$9,V,46,0.49129370010370604,0.6304347826086957,0.34782608695652173,0.0001578480005264
290546$_$3,A,23,0.5506661960686581,0.4782608695652174,0.5217391304347826,0.0010812701657414
290546$_$3,T,23,0.5613678694134056,0.5652173913043478,0.43478260869565216,0.0313976557614902
290546$_$3,V,23,0.47918395613074044,0.30434782608695654,0.6956521739130435,0.0007868167012929
290546$_$5,A,33,0.34873083243229996,0.45454545454545453,0.5454545454545454,0.000630497932434
290546$_$5,T,33,0.5288894766158546,0.48484848484848486,0.5151515151515151,0.0079915821552276
290546$_$5,V,33,0.41292611346288627,0.6363636363636364,0.36363636363636365,0.0001755654811859
290546$_$6,A,8,0.3608341798163432,0.5,0.5,0.0034426636993884503
290546$_$6,T,8,0.37770365179259946,0.5,0.5,0.042465684314568805
290546$_$6,V,8,0.5212963972500247,0.25,0.75,0.00320875334242975
290546$_$7,A,48,0.38067516189261014,0.4583333333333333,0.5208333333333334,0.00069042295217505
290546$_$7,T,48,0.5162689332755321,0.6666666666666666,0.3333333333333333,0.0075276397789518
290546$_$7,V,48,0.35766251157752443,0.4583333333333333,0.5416666666666666,0.00057269881168995
2S00zYaVrtc$_$10,A,18,0.47665819032350115,0.5555555555555556,0.4444444444444444,0.0015099669496218
2S00zYaVrtc$_$10,T,18,0.7022791557570687,0.3333333333333333,0.6666666666666666,0.020345667997996003
2S00zYaVrtc$_$10,V,18,0.3683911049090133,0.6111111111111112,0.3888888888888889,0.00066613157590225
2S00zYaVrtc$_$12,A,17,0.4084183384762801,0.47058823529411764,0.5294117647058824,0.0007757544517517
2S00zYaVrtc$_$12,T,17,0.6693138877246368,0.5294117647058824,0.47058823529411764,0.0073042040069897
2S00zYaVrtc$_$12,V,17,0.4655567926437111,0.5882352941176471,0.4117647058823529,0.0002198343475659
2S00zYaVrtc$_$17,A,18,0.40139486790530454,0.4444444444444444,0.5555555555555556,0.001879130800565
2S00zYaVrtc$_$17,T,18,0.4486556691533727,0.5555555555555556,0.4444444444444444,0.01812161505222315
2S00zYaVrtc$_$17,V,18,0.47187128226827146,0.6111111111111112,0.3888888888888889,0.00030543779333425
2S00zYaVrtc$_$20,A,16,0.4558712494465314,0.375,0.625,0.00121735533078505
2S00zYaVrtc$_$20,T,16,0.7889330980002845,0.625,0.375,0.00423842668533325
2S00zYaVrtc$_$20,V,16,0.5290109999110645,0.3125,0.6875,0.0011553068955739
2S00zYaVrtc$_$4,A,20,0.32398700481138804,0.4,0.6,0.0012751917044321
2S00zYaVrtc$_$4,T,20,0.6288161847856583,0.45,0.55,0.0074220796426137
2S00zYaVrtc$_$4,V,20,0.41834659133714425,0.4,0.6,0.0004371032118797
2S00zYaVrtc$_$5,A,25,0.3776690343688064,0.6,0.4,0.00079279144605
2S00zYaVrtc$_$5,T,25,0.4982540790234856,0.6,0.4,0.0175363371769587
2S00zYaVrtc$_$5,V,25,0.3510558225744928,0.44,0.56,0.0009497056404749
2Xt31_d0XEE$_$2,A,24,0.44354100664866636,0.4166666666666667,0.5416666666666666,0.00035157799720755
2Xt31_d0XEE$_$2,T,24,0.5810127582058007,0.5833333333333334,0.4166666666666667,0.0030276477336883
2Xt31_d0XEE$_$2,V,24,0.36503722682956646,0.5416666666666666,0.4583333333333333,0.00071634352207175
31474$_$0,A,23,0.32714431996372023,0.43478260869565216,0.5652173913043478,0.0013608634471893
31474$_$0,T,23,0.5685350528556636,0.4782608695652174,0.5217391304347826,0.0124873767296473
31474$_$0,V,23,0.48463496689998764,0.391304347826087,0.5652173913043478,0.0002542436122894
31474$_$11,A,7,0.5038383355011835,0.5714285714285714,0.42857142857142855,0.0019730118413766
31474$_$11,T,7,0.6484115863947353,0.5714285714285714,0.42857142857142855,0.0228890093664328
31474$_$11,V,7,0.41688039350394773,0.5714285714285714,0.42857142857142855,0.001613471036156
31474$_$14,A,16,0.4781337280237233,0.5625,0.4375,0.00104171037673945
31474$_$14,T,16,0.7588896322511284,0.375,0.625,0.01406172414620715
31474$_$14,V,16,0.5659164138754972,0.75,0.25,0.00029734770456945
31474$_$3,A,25,0.3211816347102677,0.44,0.56,0.0016133052607377
31474$_$3,T,25,0.43521913638913806,0.4,0.6,0.0147436348100503
31474$_$3,V,25,0.3757136201563141,0.56,0.44,0.0005188137292861
31474$_$6,A,16,0.4622353800607641,0.5625,0.4375,0.00059183438618975
31474$_$6,T,16,0.807061226705613,0.3125,0.6875,0.01162906984488165
31474$_$6,V,16,0.5319633168118019,0.625,0.375,0.0004069705804189
31474$_$8,A,8,0.4095248076280944,0.5,0.5,0.00119256973266595
31474$_$8,T,8,0.5445176379045983,0.625,0.375,0.02644337217013035
31474$_$8,V,8,0.4668274914834144,0.375,0.625,0.00059871375560755
31474$_$9,A,8,0.4252145348985248,0.625,0.375,0.00166520476341245
31474$_$9,T,8,0.753149368971202,0.875,0.125,0.01875418424606315
31474$_$9,V,8,0.33707981218717914,0.5,0.5,0.0011509209871292
32681$_$1,A,21,0.47082414806077016,0.5714285714285714,0.42857142857142855,0.0008349865674972
32681$_$1,T,21,0.47619587969509836,0.6666666666666666,0.3333333333333333,0.0223642438650131
32681$_$1,V,21,0.4692549854309747,0.47619047619047616,0.5238095238095238,0.0003520896037419
32681$_$3,A,39,0.45387160612616123,0.4358974358974359,0.46153846153846156,0.0003321270147959
32681$_$3,T,39,0.7995547083587055,0.5897435897435898,0.41025641025641024,0.0022463301817576
32681$_$3,V,39,0.3768236427231776,0.4358974358974359,0.5128205128205128,0.0001437167326609
32681$_$5,A,39,0.4116642437439222,0.46153846153846156,0.5128205128205128,0.0003109375635782
32681$_$5,T,39,0.5810523910774028,0.5128205128205128,0.48717948717948717,0.0025680164496103
32681$_$5,V,39,0.3558659710409659,0.4358974358974359,0.5641025641025641,0.000194360812505
32681$_$6,A,28,0.47494666842811234,0.4642857142857143,0.5357142857142857,0.0006958544254302499
32681$_$6,T,28,0.5654050670640234,0.5,0.5,0.030082439382870953
32681$_$6,V,28,0.3764736958510228,0.5714285714285714,0.42857142857142855,0.00034996867179865
33170$_$1,A,48,0.4354931174485234,0.4375,0.5625,0.0004212285081545
33170$_$1,T,48,0.436471085209268,0.5208333333333334,0.4791666666666667,0.010528639114151351
33170$_$1,V,48,0.43137195884366997,0.7083333333333334,0.2916666666666667,0.0001913749923308
33170$_$3,A,34,0.3768369848333819,0.5,0.5,0.0010050858060518001
33170$_$3,T,34,0.619283733519017,0.3235294117647059,0.6764705882352942,0.02594203750292455
33170$_$3,V,34,0.4387137949441521,0.5294117647058824,0.4117647058823529,0.00033080453673995
33170$_$4,A,33,0.33100968585744833,0.48484848484848486,0.5151515151515151,0.0008650223414103
33170$_$4,T,33,0.5814830039277521,0.45454545454545453,0.5454545454545454,0.0107560853163401
33170$_$4,V,33,0.3817569686053599,0.5151515151515151,0.48484848484848486,0.0002194742361704
3MFNIag0wNE$_$12,A,48,0.45764566416452857,0.5,0.4791666666666667,0.000707966585954
3MFNIag0wNE$_$12,T,48,0.5641326274383733,0.4375,0.5625,0.0245619881898164
3MFNIag0wNE$_$12,V,48,0.3676606171853384,0.5833333333333334,0.4166666666666667,0.00028014120956255
3MFNIag0wNE$_$14,A,33,0.3658807122005188,0.45454545454545453,0.5454545454545454,0.0002500216166178
3MFNIag0wNE$_$14,T,33,0.6311121442629941,0.3333333333333333,0.6363636363636364,0.0020030637582143
3MFNIag0wNE$_$14,V,33,0.4254160495965838,0.5151515151515151,0.36363636363636365,0.0001056691010793
3MFNIag0wNE$_$16,A,22,0.38585262192858544,0.6363636363636364,0.36363636363636365,0.00079688429832455
3MFNIag0wNE$_$16,T,22,0.760382486261255,0.5,0.5,0.0053670505682627
3MFNIag0wNE$_$16,V,22,0.39594886160828907,0.5,0.5,0.0004620552062988
3MFNIag0wNE$_$7,A,19,0.45399994036300984,0.5263157894736842,0.47368421052631576,0.0009386857661108
3MFNIag0wNE$_$7,T,19,0.44712681605033966,0.42105263157894735,0.5789473684210527,0.0573073116441567
3MFNIag0wNE$_$7,V,19,0.39968130415875536,0.5263157894736842,0.47368421052631576,0.0005157625613113
3V2qm0rw920$_$11,A,20,0.42527250830043006,0.5,0.5,0.00102690498655035
3V2qm0rw920$_$11,T,20,0.44702522948109347,0.45,0.55,0.021342648464875852
3V2qm0rw920$_$11,V,20,0.5144496884955222,0.4,0.6,0.0011636316776275
3V2qm0rw920$_$13,A,29,0.3702279431097441,0.6551724137931034,0.3448275862068966,0.0004274348417917
3V2qm0rw920$_$13,T,29,0.5519126513449314,0.4827586206896552,0.5172413793103449,0.0012294550736745
3V2qm0rw920$_$13,V,29,0.4609447401254217,0.3103448275862069,0.6896551724137931,0.0003907879193623
3V2qm0rw920$_$3,A,15,0.41754964057845895,0.4666666666666667,0.5333333333333333,0.0010772049427032
3V2qm0rw920$_$3,T,15,0.5788428014769291,0.4666666666666667,0.5333333333333333,0.0075802356004714
3V2qm0rw920$_$3,V,15,0.483115397032593,0.3333333333333333,0.6666666666666666,0.0011333525180816
3j94B0pzSVs$_$0,A,30,0.35961120981741646,0.6333333333333333,0.36666666666666664,0.00110237052043275
3j94B0pzSVs$_$0,T,30,0.4032189401898661,0.5333333333333333,0.4666666666666667,0.011476521690686501
3j94B0pzSVs$_$0,V,30,0.46783301306417663,0.26666666666666666,0.7333333333333333,0.0003990853826204
3j94B0pzSVs$_$1,A,34,0.3833280777121576,0.5588235294117647,0.4411764705882353,0.00117364308486375
3j94B0pzSVs$_$1,T,34,0.5920203218991319,0.5,0.5,0.00739737848440805
3j94B0pzSVs$_$1,V,34,0.3749968350694239,0.47058823529411764,0.5,0.00062420219182965
3j94B0pzSVs$_$12,A,12,0.49787180096483,0.4166666666666667,0.5,0.0009684103230635001
3j94B0pzSVs$_$12,T,12,0.5315933297284404,0.5833333333333334,0.4166666666666667,0.0162981177369753
3j94B0pzSVs$_$12,V,12,0.4574987561480824,0.3333333333333333,0.6666666666666666,0.0006994009017944
3j94B0pzSVs$_$17,A,22,0.4490654350099955,0.7272727272727273,0.2727272727272727,0.0015651086966196
3j94B0pzSVs$_$17,T,22,0.5672549241181242,0.6818181818181818,0.3181818181818182,0.01505339642365765
3j94B0pzSVs$_$17,V,22,0.4043159392234806,0.5,0.5,0.0005157912770906499
4cFeG2ydm9A$_$8,A,16,0.441987359538209,0.4375,0.5625,0.0005995978911717
4cFeG2ydm9A$_$8,T,16,0.6519830233979492,0.625,0.375,0.00968096156915025
4cFeG2ydm9A$_$8,V,16,0.49223597996757673,0.625,0.375,0.0004498958587646
4dV3slGSc60$_$10,A,22,0.46076006248376394,0.5,0.5,0.0013780295848846
4dV3slGSc60$_$10,T,22,0.5125427038226273,0.6818181818181818,0.3181818181818182,0.0078256527582804
4dV3slGSc60$_$10,V,22,0.36239975069367797,0.45454545454545453,0.5454545454545454,0.0008893311023711499
4dV3slGSc60$_$12,A,20,0.34049723520392733,0.45,0.55,0.0015976652503013
4dV3slGSc60$_$12,T,20,0.6343983822065218,0.25,0.75,0.0067962333559989496
4dV3slGSc60$_$12,V,20,0.30408195620267475,0.45,0.55,0.0012951592604319
4dV3slGSc60$_$22,A,48,0.4387149848810435,0.4791666666666667,0.5,0.00022883589069044998
4dV3slGSc60$_$22,T,48,0.5604779750216403,0.4166666666666667,0.5833333333333334,0.0070423198242982
4dV3slGSc60$_$22,V,1,1.0,0.0,1.0,0.0294193575779596
4dV3slGSc60$_$8,A,24,0.3783505937436587,0.4583333333333333,0.5,0.0009049723545709999
4dV3slGSc60$_$8,T,24,0.5805021102541412,0.5416666666666666,0.4583333333333333,0.00877089798450465
4dV3slGSc60$_$8,V,24,0.39539841828285804,0.7083333333333334,0.2916666666666667,0.0007341851790746
4dV3slGSc60$_$9,A,20,0.3444365343208683,0.45,0.55,0.0012273341417312
4dV3slGSc60$_$9,T,20,0.42888998127764666,0.7,0.3,0.010922486583391799
4dV3slGSc60$_$9,V,20,0.38267031776302335,0.5,0.5,0.0004368722438812
50103$_$3,A,45,0.40860756686363214,0.5333333333333333,0.4222222222222222,0.0001516342163085
50103$_$3,T,45,0.5498090919414191,0.5555555555555556,0.4444444444444444,0.0013461907704671
50103$_$3,V,45,0.3965165906903174,0.5555555555555556,0.37777777777777777,9.97781753540039e-05
5B0PQx3Ep3k$_$5,A,28,0.4631013251291321,0.6785714285714286,0.32142857142857145,0.0005034953355789
5B0PQx3Ep3k$_$5,T,28,0.5382686050300063,0.5,0.5,0.00454158087571455
5B0PQx3Ep3k$_$5,V,28,0.6112648597401178,0.42857142857142855,0.5714285714285714,0.0002886205911636
5O1W39o56gg$_$1,A,14,0.36540949792928445,0.42857142857142855,0.5714285714285714,0.00137400999665255
5O1W39o56gg$_$1,T,14,0.4873910594256777,0.5,0.5,0.014301912238200449
5O1W39o56gg$_$1,V,14,0.3289617423300616,0.6428571428571429,0.35714285714285715,0.00348044559359545
5O1W39o56gg$_$2,A,16,0.42982041360680306,0.625,0.375,0.001534288128217
5O1W39o56gg$_$2,T,16,0.5647932218406866,0.5625,0.4375,0.022976587216059302
5O1W39o56gg$_$2,V,16,0.4571713674087885,0.625,0.375,0.0010728413860003
5O1W39o56gg$_$9,A,15,0.4204397912574785,0.4666666666666667,0.5333333333333333,0.0009866456190745
5O1W39o56gg$_$9,T,15,0.6824155862122824,0.6,0.4,0.0183104773362477
5O1W39o56gg$_$9,V,15,0.3725295952753963,0.3333333333333333,0.6666666666666666,0.0017406145731608
5i6AgQSjXO4$_$2,A,28,0.4197382824396649,0.5714285714285714,0.39285714285714285,0.0007211044430732499
5i6AgQSjXO4$_$2,T,28,0.5563204995616582,0.5714285714285714,0.42857142857142855,0.01562912762165065
5i6AgQSjXO4$_$2,V,28,0.41977282323090775,0.39285714285714285,0.6071428571428571,0.000548871854941
5i6AgQSjXO4$_$3,A,19,0.4223171595096409,0.631578947368421,0.3684210526315789,0.0012098873655001
5i6AgQSjXO4$_$3,T,19,0.5674657389434842,0.5789473684210527,0.42105263157894735,0.0056078433990478
5i6AgQSjXO4$_$3,V,14,0.41908175394683667,0.2857142857142857,0.5714285714285714,0.0012559195359547
5i6AgQSjXO4$_$6,A,9,0.4235586723554134,0.5555555555555556,0.4444444444444444,0.0046330153321226
5i6AgQSjXO4$_$6,T,9,0.44872939800555195,0.7777777777777778,0.2222222222222222,0.0378491987163821
5i6AgQSjXO4$_$6,V,9,0.35058762566021223,0.4444444444444444,0.5555555555555556,0.0008691574136416
5kaCGzjYukM$_$0,A,34,0.3573565819599797,0.5588235294117647,0.4411764705882353,0.0011258081843455
5kaCGzjYukM$_$0,T,34,0.590378574409951,0.6764705882352942,0.3235294117647059,0.00640568975359195
5kaCGzjYukM$_$0,V,34,0.4731875779995041,0.6176470588235294,0.38235294117647056,0.00055218425889805
5kaCGzjYukM$_$2,A,36,0.42027449583194015,0.3055555555555556,0.6666666666666666,0.0007053265968958501
5kaCGzjYukM$_$2,T,36,0.47919149958479046,0.4166666666666667,0.5833333333333334,0.0164219886064529
5kaCGzjYukM$_$2,V,36,0.4777248664459103,0.5,0.5,0.0001338471968968
5kaCGzjYukM$_$3,A,27,0.5119494735555238,0.48148148148148145,0.5185185185185185,0.0006222377220789
5kaCGzjYukM$_$3,T,27,0.5303845834655725,0.4074074074074074,0.5925925925925926,0.0191093534231185
5kaCGzjYukM$_$3,V,27,0.44038012345892213,0.37037037037037035,0.6296296296296297,0.0004308521747589
5kaCGzjYukM$_$5,A,32,0.4299505788917315,0.4375,0.5625,0.0006801510850588
5kaCGzjYukM$_$5,T,32,0.6505834393312271,0.5,0.5,0.0107356955607732
5kaCGzjYukM$_$5,V,32,0.3237454160278981,0.40625,0.59375,0.00032819310824075
5kaCGzjYukM$_$7,A,48,0.40013584656289813,0.5,0.4583333333333333,0.0005088374018669
5kaCGzjYukM$_$7,T,48,0.5216348543983065,0.5416666666666666,0.4583333333333333,0.01219377418359115
5kaCGzjYukM$_$7,V,48,0.4966617527957677,0.6041666666666666,0.3958333333333333,0.000425045688947
6KvG5VbLalY$_$9,A,37,0.4135716040739428,0.5405405405405406,0.43243243243243246,0.0007296775778134
6KvG5VbLalY$_$9,T,37,0.4900944932930479,0.5675675675675675,0.43243243243243246,0.0060506897668043
6KvG5VbLalY$_$9,V,37,0.3476185424043098,0.4594594594594595,0.5405405405405406,0.0003828766445318
6ZA8I83x-oY$_$0,A,23,0.3990103105962297,0.43478260869565216,0.5652173913043478,0.0013391375541687
6ZA8I83x-oY$_$0,T,23,0.5997091583538218,0.5217391304347826,0.4782608695652174,0.0061475833257039
6ZA8I83x-oY$_$0,V,23,0.3839767567237252,0.34782608695652173,0.6521739130434783,0.0006229082743326
6ZA8I83x-oY$_$2,A,48,0.3736480168285646,0.4791666666666667,0.5,0.0002355923255284
6ZA8I83x-oY$_$2,T,48,0.3996640399906638,0.5625,0.4166666666666667,0.00251528620719905
6ZA8I83x-oY$_$2,V,48,0.4922646431718,0.2708333333333333,0.7291666666666666,0.00034126639366145
6hFiTU77Sm0$_$1,A,14,0.33666104732053836,0.42857142857142855,0.5714285714285714,0.0030926068623859998
6hFiTU77Sm0$_$1,T,14,0.38533850085201493,0.5714285714285714,0.42857142857142855,0.03197261442740755
6hFiTU77Sm0$_$1,V,14,0.5110615535320828,0.2857142857142857,0.7142857142857143,0.004915013909339849
6hFiTU77Sm0$_$2,A,16,0.5152055858754715,0.5,0.5,0.0010409693544109
6hFiTU77Sm0$_$2,T,16,0.5067209551065842,0.5,0.5,0.01591964935262995
6hFiTU77Sm0$_$2,V,16,0.4813641219361273,0.5,0.5,0.00084166818608835
6uPGcKTpC4I$_$1,A,27,0.4076618344154304,0.4074074074074074,0.5925925925925926,0.0007715870936711
6uPGcKTpC4I$_$1,T,27,0.5431423629712616,0.7037037037037037,0.2962962962962963,0.0104401608308156
6uPGcKTpC4I$_$1,V,27,0.2934739485168737,0.5185185185185185,0.48148148148148145,0.0011036396026611
6uPGcKTpC4I$_$2,A,31,0.4609624839960108,0.4838709677419355,0.5161290322580645,0.0006853615244229
6uPGcKTpC4I$_$2,T,31,0.5668484490315298,0.45161290322580644,0.5483870967741935,0.0111178755760192
6uPGcKTpC4I$_$2,V,31,0.4632618559966751,0.5161290322580645,0.4838709677419355,0.0008850569526354
6uPGcKTpC4I$_$6,A,16,0.4889338460104281,0.6875,0.3125,0.0013207917412122
6uPGcKTpC4I$_$6,T,16,0.6986268239458686,0.5,0.5,0.01029841850201285
6uPGcKTpC4I$_$6,V,16,0.42860358392102027,0.4375,0.5625,0.0008380611737569
70280$_$11,A,23,0.44055548474750383,0.5652173913043478,0.43478260869565216,0.000795304775238
70280$_$11,T,23,0.5391116729983345,0.6521739130434783,0.34782608695652173,0.0152868032455444
70280$_$11,V,23,0.3071865665771159,0.5217391304347826,0.4782608695652174,0.0001841783523559
70280$_$3,A,25,0.40342240892188996,0.48,0.48,0.0008820394674936
70280$_$3,T,25,0.4957302286508106,0.44,0.56,0.0129528902471065
70280$_$3,V,25,0.32441348541591913,0.48,0.52,0.0002374313771724
70280$_$4,A,23,0.5447933870288274,0.5217391304347826,0.4782608695652174,0.0005631148815155
70280$_$4,T,23,0.5986768023828601,0.6086956521739131,0.391304347826087,0.0341390122969945
70280$_$4,V,23,0.36653604208983137,0.43478260869565216,0.5652173913043478,0.0004605303208033
70280$_$6,A,26,0.49576334736345373,0.38461538461538464,0.6153846153846154,0.00038438538710270005
70280$_$6,T,26,0.6454834361409731,0.5384615384615384,0.46153846153846156,0.005670979619026149
70280$_$6,V,26,0.3999443132034231,0.4230769230769231,0.38461538461538464,0.0001056492328643
75RGHaxmUK8$_$3,A,19,0.35562494206665235,0.5789473684210527,0.42105263157894735,0.0010781983534495
75RGHaxmUK8$_$3,T,19,0.5196368099911666,0.631578947368421,0.3684210526315789,0.0069809754689534
75RGHaxmUK8$_$3,V,19,0.35236700362180723,0.7368421052631579,0.2631578947368421,0.0007322976986567
75RGHaxmUK8$_$5,A,13,0.36162400202933703,0.46153846153846156,0.5384615384615384,0.0012857938806215
75RGHaxmUK8$_$5,T,13,0.49320905267108195,0.46153846153846156,0.5384615384615384,0.0052960117657979
75RGHaxmUK8$_$5,V,13,0.4579596589679144,0.6153846153846154,0.38461538461538464,0.000512725363175
7_K3F-lAv1k$_$2,A,43,0.40751329646005346,0.5116279069767442,0.4883720930232558,0.0004523048798243
7_K3F-lAv1k$_$2,T,43,0.4664220902663464,0.4418604651162791,0.5581395348837209,0.0115441481272379
7_K3F-lAv1k$_$2,V,43,0.5323863086803423,0.3023255813953488,0.6976744186046512,0.0004965811967849
7r4vRxKLFCA$_$6,A,37,0.38670000313178815,0.4864864864864865,0.5135135135135135,0.0006039837996164
7r4vRxKLFCA$_$6,T,37,0.43893261260031285,0.4864864864864865,0.5135135135135135,0.0058139463265736
7r4vRxKLFCA$_$6,V,37,0.36710612736774567,0.6216216216216216,0.3783783783783784,0.0007860163847605
80566$_$0,A,12,0.44604009903188496,0.5,0.5,0.0019524420301119
80566$_$0,T,12,0.5292057344983424,0.5,0.5,0.0103312196830908
80566$_$0,V,12,0.5656378568284799,0.5833333333333334,0.4166666666666667,0.00050751244028405
80566$_$1,A,13,0.4205934207576723,0.5384615384615384,0.46153846153846156,0.0014948099851608
80566$_$1,T,13,0.49723836001245625,0.6923076923076923,0.3076923076923077,0.0202798793713251
80566$_$1,V,11,0.43812650949437637,0.45454545454545453,0.5454545454545454,0.0012533615032831
80566$_$2,A,14,0.45843760913365367,0.6428571428571429,0.35714285714285715,0.0009685357411702
80566$_$2,T,14,0.5636970454036907,0.5,0.5,0.01659685870011645
80566$_$2,V,14,0.5209160414248538,0.21428571428571427,0.7142857142857143,0.00080968439579005
80566$_$3,A,17,0.5253712865415883,0.47058823529411764,0.5294117647058824,0.0012761782854795
80566$_$3,T,17,0.4950757952330272,0.5882352941176471,0.4117647058823529,0.0096329574783643
80566$_$3,V,17,0.41050108170612837,0.4117647058823529,0.5882352941176471,0.0005150412519772
80566$_$4,A,7,0.4674130429206172,0.42857142857142855,0.5714285714285714,0.0026592711607615
80566$_$4,T,7,0.7333581422210664,0.5714285714285714,0.42857142857142855,0.0391454497973124
80566$_$4,V,7,0.4546713672290803,0.42857142857142855,0.5714285714285714,0.0029118259747823
80566$_$6,A,17,0.4368435839928389,0.5882352941176471,0.35294117647058826,0.0011010020971298
80566$_$6,T,17,0.6137156157517015,0.6470588235294118,0.35294117647058826,0.0399955411752065
80566$_$6,V,17,0.3971782621026806,0.4117647058823529,0.5882352941176471,0.0006579458713531
80855$_$0,A,1,1.0,1.0,0.0,0.0331644844263792
80855$_$0,T,1,1.0,1.0,0.0,0.2003801576793193
80855$_$0,V,1,1.0,1.0,0.0,0.0567006679872671
80855$_$10,A,17,0.4495013405104085,0.47058823529411764,0.5294117647058824,0.0010917293063054
80855$_$10,T,17,0.4216090745355631,0.47058823529411764,0.5294117647058824,0.0052590021708359
80855$_$10,V,17,0.2793955003722689,0.47058823529411764,0.5294117647058824,0.0012551672601451
80855$_$11,A,15,0.41267580450560715,0.4666666666666667,0.5333333333333333,0.0011799096440275
80855$_$11,T,15,0.6003925182857511,0.6666666666666666,0.3333333333333333,0.004233783421417
80855$_$11,V,15,0.38438356378090194,0.5333333333333333,0.4666666666666667,0.0003287578001618
80855$_$12,A,21,0.4832222165030635,0.42857142857142855,0.5714285714285714,0.0004997501770655
80855$_$12,T,21,0.47964397371089146,0.6666666666666666,0.3333333333333333,0.0192801207304
80855$_$12,V,21,0.3642988232338095,0.5714285714285714,0.42857142857142855,0.000429334739844
80855$_$15,A,19,0.34740480537122725,0.47368421052631576,0.5263157894736842,0.0005720754464467
80855$_$15,T,19,0.9155432724565943,0.6842105263157895,0.3157894736842105,0.003519594669342
80855$_$17,A,30,0.3750059814245761,0.4666666666666667,0.5333333333333333,0.00062060852845505
80855$_$17,T,30,0.447824355121677,0.5,0.5,0.021950242420037548
80855$_$17,V,16,0.3987370111098478,0.5,0.5,0.00097128003835675
80855$_$2,A,5,0.33777232027491094,0.4,0.6,0.0050234645605087
80855$_$2,T,5,0.6045609447591846,0.8,0.2,0.0421503682931264
80855$_$2,V,5,0.34261246395045425,0.4,0.6,0.0030616621176401
80855$_$20,A,16,0.49093730954842624,0.375,0.625,0.0012002103030680999
80855$_$20,T,16,0.6135504315249163,0.5625,0.4375,0.01793893550833065
80855$_$20,V,16,0.3863639704118543,0.625,0.3125,0.00044675047198925
80855$_$3,A,3,0.5591569911122696,0.3333333333333333,0.6666666666666666,0.0104730278253555
80855$_$3,T,3,0.7871214908525586,0.3333333333333333,0.6666666666666666,0.0583631694316864
80855$_$3,V,3,0.5123924421183408,0.6666666666666666,0.3333333333333333,0.0016913811365763
80855$_$7,A,7,0.4743711310333433,0.2857142857142857,0.7142857142857143,0.0023830607533454
80855$_$7,T,7,0.44114676885070725,0.7142857142857143,0.2857142857142857,0.0549003928899765
80855$_$7,V,7,0.4175171701447252,0.5714285714285714,0.42857142857142855,0.001474047700564
830KzUc6CbU$_$0,A,18,0.4341248456086563,0.5555555555555556,0.4444444444444444,0.0013876197238763001
830KzUc6CbU$_$0,T,18,0.44267072665447427,0.4444444444444444,0.5555555555555556,0.0209622258941332
830KzUc6CbU$_$0,V,18,0.4214863335677158,0.6666666666666666,0.3333333333333333,0.00037003308534615
830KzUc6CbU$_$13,A,47,0.3747058026178804,0.40425531914893614,0.5957446808510638,0.0006565948327382
830KzUc6CbU$_$13,T,47,0.5353717693552319,0.5319148936170213,0.46808510638297873,0.0124914695819218
830KzUc6CbU$_$13,V,41,0.41006959026843026,0.6341463414634146,0.36585365853658536,0.0005113134781519
84140$_$0,A,22,0.35148568922884577,0.5909090909090909,0.4090909090909091,0.00073795020580285
84140$_$0,T,22,0.764372216471261,0.5909090909090909,0.4090909090909091,0.0060919225215911
84140$_$0,V,22,0.3342530338778701,0.5454545454545454,0.45454545454545453,0.00110834836959835
84140$_$5,A,48,0.43916050655677574,0.4583333333333333,0.5208333333333334,0.0001998742421468
84140$_$5,T,48,0.5804041315351817,0.5,0.5,0.00255274772644035
84140$_$5,V,48,0.43614166752926653,0.3125,0.5416666666666666,0.0001329829295476
89835$_$0,A,13,0.3211180143256607,0.46153846153846156,0.5384615384615384,0.0038469632466634
89835$_$0,T,13,0.43030838914131364,0.6923076923076923,0.3076923076923077,0.0211497793594996
89835$_$0,V,13,0.3516329374807617,0.38461538461538464,0.6153846153846154,0.0024907886981964
89835$_$1,A,18,0.37076520662325646,0.5555555555555556,0.4444444444444444,0.0017969732483228001
89835$_$1,T,18,0.5396115046697676,0.6111111111111112,0.3888888888888889,0.01461206624905265
89835$_$1,V,18,0.46360311063461407,0.3888888888888889,0.6111111111111112,0.00174644837776815
89835$_$4,A,48,0.40955880771297054,0.5208333333333334,0.4791666666666667,0.0002424071232477
89835$_$4,T,48,0.6619189564297809,0.6041666666666666,0.3958333333333333,0.003570740421613
89835$_$4,V,48,0.41147560419189816,0.4375,0.5208333333333334,0.00010824700196575
89835$_$7,A,41,0.46551713136430745,0.5121951219512195,0.4878048780487805,0.0002900858720143
89835$_$7,T,41,0.5658660917730024,0.5853658536585366,0.4146341463414634,0.009197453657786
89835$_$7,V,41,0.42367143540144325,0.3170731707317073,0.6829268292682927,0.0001252988974253
8eaYvALnJ0o$_$0,A,14,0.5708852034403095,0.5714285714285714,0.42857142857142855,0.0004699031511942
8eaYvALnJ0o$_$0,T,14,0.4478422109059618,0.6428571428571429,0.35714285714285715,0.00766559938589725
8eaYvALnJ0o$_$0,V,14,0.46996487145181665,0.5,0.5,0.00027789672215774996
8eaYvALnJ0o$_$1,A,24,0.3828733783012208,0.5,0.5,0.001422623793284
8eaYvALnJ0o$_$1,T,24,0.5470967535064294,0.5416666666666666,0.4583333333333333,0.00537800913055735
8eaYvALnJ0o$_$1,V,24,0.47126871276118754,0.5416666666666666,0.4583333333333333,0.0008409445484479
8x_nCOh6Wmc$_$6,A,47,0.3626772676465425,0.46808510638297873,0.5319148936170213,0.0004219512144724
8x_nCOh6Wmc$_$6,T,47,0.6641719437125633,0.425531914893617,0.574468085106383,0.006802553931872
8x_nCOh6Wmc$_$6,V,47,0.41048308045732357,0.3829787234042553,0.5957446808510638,0.0002771914005279
96642$_$1,A,25,0.35838658118157907,0.6,0.4,0.0008660185461242
96642$_$1,T,25,0.5315827107857913,0.52,0.48,0.0131410897398988
96642$_$1,V,25,0.3916854939041954,0.6,0.4,0.0004738997668027
96642$_$2,A,18,0.39692327253731163,0.5,0.5,0.00113974014918005
96642$_$2,T,18,0.42123249386975414,0.4444444444444444,0.5555555555555556,0.0081367306411266
96642$_$2,V,18,0.38177599216898694,0.4444444444444444,0.5555555555555556,0.0012494648496309498
96642$_$3,A,17,0.413377682029091,0.6470588235294118,0.35294117647058826,0.0005777875582377
96642$_$3,T,17,0.6494815558736856,0.7058823529411765,0.29411764705882354,0.0117854475975036
96642$_$3,V,3,0.412423919379505,0.6666666666666666,0.3333333333333333,0.0014988978703816
96642$_$4,A,35,0.4047117548535741,0.5428571428571428,0.45714285714285713,0.0002970124284426
96642$_$4,T,35,0.564988331391337,0.5428571428571428,0.45714285714285713,0.0270018056035041
96642$_$4,V,34,0.4307264320978192,0.29411764705882354,0.7058823529411765,0.0003833274046579
99501$_$0,A,1,1.0,1.0,0.0,0.0190201525886853
99501$_$0,T,1,1.0,1.0,0.0,0.157005904863278
99501$_$0,V,1,1.0,0.0,1.0,0.0487879812717437
99501$_$1,A,18,0.40726121346268107,0.6111111111111112,0.3888888888888889,0.0019062981009483
99501$_$1,T,18,0.5102518425855691,0.4444444444444444,0.5555555555555556,0.0136113141973813
99501$_$1,V,18,0.3805635945433166,0.3333333333333333,0.6666666666666666,0.0008931656678517
99501$_$10,A,21,0.3542217554708181,0.5714285714285714,0.42857142857142855,0.0014922689491262
99501$_$10,T,21,0.5341009128444656,0.42857142857142855,0.5714285714285714,0.0407282245966295
99501$_$10,V,21,0.40071851114417606,0.38095238095238093,0.5714285714285714,0.0005569470037395
99501$_$13,A,38,0.3592221715746916,0.5526315789473685,0.4473684210526316,0.00038286546866095003
99501$_$13,T,38,0.6824865345818683,0.5789473684210527,0.42105263157894735,0.006014580527941351
99501$_$13,V,38,0.31890761564195325,0.4473684210526316,0.4473684210526316,0.000126043955485
99501$_$5,A,39,0.4128260218955391,0.5641025641025641,0.4358974358974359,0.0008990839123725
99501$_$5,T,39,0.41607627647626666,0.5384615384615384,0.46153846153846156,0.0311060895522435
99501$_$5,V,39,0.352112249466002,0.6153846153846154,0.358974358974359,0.0003625005483627
99501$_$7,A,18,0.4255407965029079,0.5,0.5,0.0014049603293339
99501$_$7,T,18,0.4842857535458473,0.5,0.5,0.0389440525323152
99501$_$7,V,18,0.3480279039752902,0.5,0.5,0.00120808952488
9QI-9w_VdB4$_$0,A,24,0.35843844468484687,0.5,0.5,0.0010877760748068
9QI-9w_VdB4$_$0,T,24,0.4565506118497157,0.5416666666666666,0.4583333333333333,0.0107683142026265
9QI-9w_VdB4$_$0,V,24,0.43507602063917417,0.4583333333333333,0.5416666666666666,0.000596643735965
AG5EY8ZaFj4$_$15,A,26,0.44832354788954204,0.6153846153846154,0.38461538461538464,0.00160903483629225
AG5EY8ZaFj4$_$15,T,26,0.4546154891361049,0.6538461538461539,0.34615384615384615,0.00610485393553965
AG5EY8ZaFj4$_$15,V,26,0.38372731790264575,0.5769230769230769,0.4230769230769231,5.301088094711304e-05
AG5EY8ZaFj4$_$3,A,17,0.5215710916410792,0.4117647058823529,0.5882352941176471,0.0020125706990559
AG5EY8ZaFj4$_$3,T,17,0.48563419845348127,0.47058823529411764,0.5294117647058824,0.0146167427301406
AG5EY8ZaFj4$_$3,V,17,0.37890536745365816,0.5882352941176471,0.4117647058823529,0.0004437814156214
Arh2TKRi_mg$_$14,A,22,0.49869854514717116,0.5,0.5,0.00079798698425285
Arh2TKRi_mg$_$14,T,22,0.5156715221263336,0.6818181818181818,0.3181818181818182,0.012163008252779599
Arh2TKRi_mg$_$14,V,22,0.38343280243082034,0.6363636363636364,0.36363636363636365,0.0005298828085263
Arh2TKRi_mg$_$15,A,23,0.3937954171900674,0.6521739130434783,0.34782608695652173,0.0007035086552302
Arh2TKRi_mg$_$15,T,23,0.6529877845041359,0.34782608695652173,0.6521739130434783,0.0060300429662068
Arh2TKRi_mg$_$15,V,23,0.46858628532392677,0.34782608695652173,0.6521739130434783,0.000487873951594
Arh2TKRi_mg$_$16,A,32,0.34387959406968505,0.4375,0.5625,0.0006880561510721501
Arh2TKRi_mg$_$16,T,32,0.6430330650924692,0.53125,0.46875,0.010330667098363201
Arh2TKRi_mg$_$16,V,32,0.4988554982995213,0.5625,0.4375,0.00049082438151035
Arh2TKRi_mg$_$19,A,21,0.35416118280313147,0.47619047619047616,0.5238095238095238,0.0014855066935221
Arh2TKRi_mg$_$19,T,21,0.6107062322248868,0.47619047619047616,0.5238095238095238,0.018999695777893
Arh2TKRi_mg$_$19,V,21,0.4246348497889077,0.47619047619047616,0.5238095238095238,0.0006499091784159
Arh2TKRi_mg$_$28,A,16,0.4421648125499192,0.5625,0.4375,0.00101956973473225
Arh2TKRi_mg$_$28,T,16,0.7245902454066031,0.4375,0.5625,0.016463155547777802
Arh2TKRi_mg$_$28,V,16,0.5951386019646095,0.8125,0.1875,0.0004724810520807
Arh2TKRi_mg$_$3,A,32,0.45012708813895164,0.5,0.5,0.0005621289213498
Arh2TKRi_mg$_$3,T,32,0.5639714776972786,0.59375,0.40625,0.00734530140956235
Arh2TKRi_mg$_$3,V,32,0.5855865024578532,0.40625,0.53125,0.00057986875375105
Arh2TKRi_mg$_$32,A,28,0.40634032747911486,0.5714285714285714,0.42857142857142855,0.00031878054141989997
Arh2TKRi_mg$_$32,T,28,0.6264524516618475,0.6071428571428571,0.39285714285714285,0.00177529454231255
Arh2TKRi_mg$_$32,V,28,0.4453508836483082,0.6428571428571429,0.32142857142857145,0.0004907449086507
AxNy9TeTLq8$_$0,A,38,0.45581623270439253,0.5263157894736842,0.39473684210526316,0.0001728584369023
AxNy9TeTLq8$_$0,T,38,0.555715007987069,0.5263157894736842,0.47368421052631576,0.00237041711807245
AxNy9TeTLq8$_$0,V,38,0.5064366903839811,0.5263157894736842,0.47368421052631576,0.0001456240812937
BSKAHXFYF_I$_$1,A,13,0.3765659553492551,0.6153846153846154,0.38461538461538464,0.0019868916521469
BSKAHXFYF_I$_$1,T,13,0.43162580355631436,0.3076923076923077,0.6923076923076923,0.0232974433650573
BSKAHXFYF_I$_$1,V,13,0.5193537602874264,0.6923076923076923,0.3076923076923077,0.0010710346202055
BSKAHXFYF_I$_$3,A,32,0.5752277386482855,0.40625,0.59375,0.00053424388170235
BSKAHXFYF_I$_$3,T,32,0.49922900342817333,0.5625,0.4375,0.0076805837452411
BSKAHXFYF_I$_$3,V,2,,0.0,0.0,0.0
BSKAHXFYF_I$_$7,A,14,0.41887288000810563,0.5,0.5,0.0018735937774181002
BSKAHXFYF_I$_$7,T,14,0.4839314991430012,0.35714285714285715,0.6428571428571429,0.01071146130561825
BSKAHXFYF_I$_$7,V,3,0.3333333333333333,0.0,0.0,2.9802322387695312e-08
BSKAHXFYF_I$_$8,A,16,0.47353267542071226,0.625,0.375,0.0013691050310929
BSKAHXFYF_I$_$8,T,16,0.5129183440488424,0.6875,0.3125,0.014591136326392449
BSKAHXFYF_I$_$8,V,16,0.6774552543144847,0.375,0.375,2.967193722724915e-05
Baz0VVQ-E9E$_$1,A,12,0.5111153403186821,0.6666666666666666,0.3333333333333333,0.00167488803466155
Baz0VVQ-E9E$_$1,T,12,0.5359254197274304,0.6666666666666666,0.3333333333333333,0.04452297588189435
Baz0VVQ-E9E$_$1,V,12,0.44693373159946936,0.4166666666666667,0.5833333333333334,0.00126428157091135
Baz0VVQ-E9E$_$10,A,9,0.3870273374049472,0.4444444444444444,0.5555555555555556,0.0037980501850446
Baz0VVQ-E9E$_$10,T,9,0.599890516455448,0.5555555555555556,0.4444444444444444,0.051420509815216
Baz0VVQ-E9E$_$10,V,9,0.43061804133584686,0.4444444444444444,0.5555555555555556,0.0007681945959726
Baz0VVQ-E9E$_$5,A,7,0.5569365693976784,0.42857142857142855,0.5714285714285714,0.0027998685836791
Baz0VVQ-E9E$_$5,T,7,0.6995678719531919,0.2857142857142857,0.7142857142857143,0.0353169739246368
Baz0VVQ-E9E$_$5,V,7,0.4410601457514239,0.5714285714285714,0.42857142857142855,0.0007334848244984
Baz0VVQ-E9E$_$7,A,18,0.40700795265224493,0.5,0.5,0.0014905432860056
Baz0VVQ-E9E$_$7,T,18,0.3922688175683954,0.5555555555555556,0.4444444444444444,0.0150582939386367
Baz0VVQ-E9E$_$7,V,18,0.5275318327075256,0.3888888888888889,0.6111111111111112,0.00064953664938605
CJGuudyvA0Y$_$4,A,39,0.43644609547804925,0.48717948717948717,0.5128205128205128,0.0006510453919569
CJGuudyvA0Y$_$4,T,39,0.47335874940686945,0.48717948717948717,0.5128205128205128,0.0074254147087534
CJGuudyvA0Y$_$4,V,22,0.3980424232886682,0.5454545454545454,0.4090909090909091,0.0008646715432405
CPjbogfLHR4$_$2,A,16,0.4995883375941343,0.5625,0.4375,0.0006407027443249499
CPjbogfLHR4$_$2,T,16,0.6936468101489618,0.625,0.375,0.0150478755434354
CPjbogfLHR4$_$2,V,16,0.4132179790612992,0.375,0.625,0.00068266193071995
CPjbogfLHR4$_$5,A,29,0.36383094186703485,0.4827586206896552,0.5172413793103449,0.0010358144839604
CPjbogfLHR4$_$5,T,29,0.6501699522670548,0.5517241379310345,0.4482758620689655,0.0054760575294494
CPjbogfLHR4$_$5,V,29,0.42596520196055887,0.3793103448275862,0.6206896551724138,0.0007173667351404
DdUJojoFU_c$_$11,A,24,0.4090283481841356,0.5833333333333334,0.4166666666666667,0.0005110651254652999
DdUJojoFU_c$_$11,T,24,0.5872557329915312,0.5,0.5,0.004839410384496
DdUJojoFU_c$_$11,V,24,0.36625861327143555,0.4583333333333333,0.5416666666666666,0.0007661283016204
DdUJojoFU_c$_$14,A,23,0.43780380666971036,0.34782608695652173,0.6086956521739131,0.0008475979169209
DdUJojoFU_c$_$14,T,23,0.4728706192219638,0.43478260869565216,0.5652173913043478,0.0070349077383677
DdUJojoFU_c$_$14,V,23,0.4045065730705258,0.5652173913043478,0.43478260869565216,0.0013266950845718
DdUJojoFU_c$_$15,A,16,0.43271986026448384,0.375,0.625,0.0005131711562474
DdUJojoFU_c$_$15,T,16,0.56270158904899,0.5625,0.4375,0.00515777741869285
DdUJojoFU_c$_$15,V,16,0.426629871670554,0.4375,0.5625,0.0023491469522316996
DdUJojoFU_c$_$16,A,39,0.4212369748668844,0.5128205128205128,0.48717948717948717,0.0002448956171671
DdUJojoFU_c$_$16,T,39,0.4880547052895336,0.5384615384615384,0.46153846153846156,0.002406766017278
DdUJojoFU_c$_$16,V,39,0.3138281782671324,0.48717948717948717,0.5128205128205128,0.0003195703029632
DdUJojoFU_c$_$17,A,20,0.34926891067900667,0.5,0.5,0.0017002460857232001
DdUJojoFU_c$_$17,T,20,0.49095673105097104,0.65,0.35,0.0245638601481914
DdUJojoFU_c$_$17,V,14,0.4074677392441331,0.5714285714285714,0.42857142857142855,0.0007920265197753
DdUJojoFU_c$_$2,A,44,0.3765369218960662,0.36363636363636365,0.6136363636363636,0.00044163068135575
DdUJojoFU_c$_$2,T,44,0.5328201113027128,0.5227272727272727,0.4772727272727273,0.00211337208747855
DdUJojoFU_c$_$2,V,44,0.35342086607163914,0.6590909090909091,0.3409090909090909,0.0006113549073537
DdUJojoFU_c$_$6,A,32,0.39593098454171743,0.4375,0.5625,0.0005216722687085
DdUJojoFU_c$_$6,T,32,0.4834406467999525,0.375,0.625,0.0050147560735543
DdUJojoFU_c$_$6,V,32,0.35061694786145325,0.46875,0.53125,0.0009295120835304
DdUJojoFU_c$_$8,A,28,0.36137376893390716,0.5714285714285714,0.42857142857142855,0.00059541066487625
DdUJojoFU_c$_$8,T,28,0.5211089940722005,0.6071428571428571,0.39285714285714285,0.00489836931228635
DdUJojoFU_c$_$8,V,28,0.4175945225118746,0.4642857142857143,0.5357142857142857,0.001034157971541
DlbYiwOnTyk$_$1,A,20,0.319782554300804,0.6,0.4,0.0014452735582987
DlbYiwOnTyk$_$1,T,20,0.6902102020488701,0.45,0.55,0.00522717833518975
DlbYiwOnTyk$_$1,V,20,0.30731646768533644,0.5,0.5,0.00070617099603015
E8MuzHUhUHk$_$14,A,18,0.48768973490775247,0.5,0.5,0.0009954571723937498
E8MuzHUhUHk$_$14,T,18,0.3523176300492144,0.5,0.5,0.00726840396722155
E8MuzHUhUHk$_$14,V,18,0.3458285498466819,0.5,0.5,0.002014676729838
E8MuzHUhUHk$_$15,A,16,0.42975489134770806,0.5,0.5,0.0008609990278879
E8MuzHUhUHk$_$15,T,16,0.7953458605415235,0.6875,0.3125,0.003618910908699
E8MuzHUhUHk$_$15,V,16,0.4009969827447422,0.6875,0.3125,0.00069990257422125
E8MuzHUhUHk$_$16,A,30,0.35894437575182925,0.6,0.4,0.0005471905072529501
E8MuzHUhUHk$_$16,T,30,0.5219554784346415,0.6,0.4,0.0032466476162274502
E8MuzHUhUHk$_$16,V,30,0.42161396565411574,0.5333333333333333,0.4666666666666667,0.0007465879122415999
E8MuzHUhUHk$_$2,A,26,0.3746523974641019,0.5,0.5,0.00111172099908185
E8MuzHUhUHk$_$2,T,26,0.6539309642492603,0.5769230769230769,0.4230769230769231,0.0051484455664951995
E8MuzHUhUHk$_$2,V,26,0.36503606720425064,0.4230769230769231,0.5769230769230769,0.00059442222118375
E8MuzHUhUHk$_$9,A,25,0.3972943553152734,0.56,0.44,0.0014203290144602
E8MuzHUhUHk$_$9,T,25,0.4699496080939851,0.64,0.36,0.0365408907334009
E8MuzHUhUHk$_$9,V,25,0.4862048049179424,0.2,0.8,0.0005138715108235
EEjCkc82oyk$_$7,A,22,0.4014884419795983,0.5454545454545454,0.45454545454545453,0.0011764789621034502
EEjCkc82oyk$_$7,T,22,0.619554071495594,0.45454545454545453,0.5454545454545454,0.01900999993085855
EEjCkc82oyk$_$7,V,22,0.3798126629811253,0.36363636363636365,0.6363636363636364,0.00025875618060425
EEjCkc82oyk$_$9,A,21,0.43562521563495865,0.6190476190476191,0.38095238095238093,0.0010024444200098
EEjCkc82oyk$_$9,T,21,0.5493433207657723,0.47619047619047616,0.5238095238095238,0.0370752244877318
EEjCkc82oyk$_$9,V,15,0.48658211369885773,0.6,0.4,0.0006984743910531
EQxkXiWAm08$_$8,A,13,0.47706334661758665,0.46153846153846156,0.5384615384615384,0.002354766242206
EQxkXiWAm08$_$8,T,13,0.5660457979053259,0.6153846153846154,0.38461538461538464,0.0088157914578914
EQxkXiWAm08$_$8,V,13,0.44701354582401914,0.6923076923076923,0.3076923076923077,0.0006673432265718
ET1cU5_A2YM$_$1,A,24,0.38242564792315037,0.5416666666666666,0.4583333333333333,0.0015267878770828
ET1cU5_A2YM$_$1,T,24,0.5015687249331073,0.625,0.375,0.01201622684796645
ET1cU5_A2YM$_$1,V,24,0.48227500405825313,0.75,0.25,0.00026333580414449997
ET1cU5_A2YM$_$3,A,13,0.47739486379711604,0.6153846153846154,0.38461538461538464,0.002149611711502
ET1cU5_A2YM$_$3,T,13,0.5967910821084051,0.6153846153846154,0.38461538461538464,0.0198552881677945
ET1cU5_A2YM$_$3,V,13,0.4514455570311259,0.46153846153846156,0.5384615384615384,0.0009992979466915
ET1cU5_A2YM$_$6,A,20,0.43267662999904694,0.4,0.6,0.0012267132600148
ET1cU5_A2YM$_$6,T,20,0.41767943399700297,0.65,0.35,0.0118039523561795
ET1cU5_A2YM$_$6,V,20,0.3075155874578095,0.65,0.35,0.00028080989917115
EmmuWoCUgXs$_$22,A,15,0.3106565040612669,0.3333333333333333,0.6666666666666666,0.0009632011254628
EmmuWoCUgXs$_$22,T,15,0.5689538294298274,0.4666666666666667,0.5333333333333333,0.0075391183296839
EmmuWoCUgXs$_$22,V,15,0.4713327160939747,0.3333333333333333,0.6666666666666666,0.0015278855959574
EmmuWoCUgXs$_$7,A,34,0.41133934839597086,0.5,0.5,0.00092922818536555
EmmuWoCUgXs$_$7,T,34,0.600111334727872,0.4411764705882353,0.5588235294117647,0.026398307799051147
EmmuWoCUgXs$_$7,V,34,0.40386563359047706,0.4411764705882353,0.5588235294117647,0.0005731654237024
Es9MkKsMsjU$_$10,A,19,0.3596768511742274,0.47368421052631576,0.5263157894736842,0.0015437002293765
Es9MkKsMsjU$_$10,T,19,0.5301601739536487,0.5263157894736842,0.47368421052631576,0.0060225744964554
Es9MkKsMsjU$_$10,V,19,0.3931814499827322,0.47368421052631576,0.5263157894736842,0.0010317449147502
Es9MkKsMsjU$_$12,A,36,0.4062480284326424,0.4444444444444444,0.5277777777777778,0.00050314267476395
Es9MkKsMsjU$_$12,T,36,0.649316314334964,0.3333333333333333,0.6666666666666666,0.01006529976924255
Es9MkKsMsjU$_$12,V,36,0.49359288195206963,0.5555555555555556,0.4444444444444444,0.00027291973431899997
Es9MkKsMsjU$_$2,A,43,0.39916121225576257,0.46511627906976744,0.5348837209302325,0.0005118350187937
Es9MkKsMsjU$_$2,T,43,0.5753221199443579,0.4883720930232558,0.5116279069767442,0.0070633739233016
Es9MkKsMsjU$_$2,V,43,0.40517718208862835,0.5348837209302325,0.4186046511627907,0.0001919368902842
Es9MkKsMsjU$_$7,A,36,0.4619292365705555,0.2777777777777778,0.6666666666666666,0.00037369132041925
Es9MkKsMsjU$_$7,T,36,0.6481940613222424,0.5555555555555556,0.4444444444444444,0.00196325778961175
Es9MkKsMsjU$_$7,V,36,0.47358323230070104,0.5555555555555556,0.4166666666666667,0.00013667841752364998
Ezn3p5FWF_U$_$4,A,45,0.40352090551952746,0.5111111111111111,0.4888888888888889,0.0002482036749521
Ezn3p5FWF_U$_$4,T,45,0.5034188818066906,0.5333333333333333,0.4666666666666667,0.0028724471728006
Ezn3p5FWF_U$_$4,V,35,0.455296906162216,0.34285714285714286,0.6571428571428571,0.0002967019875844
F1U26PLiXjM$_$1,A,21,0.466135236871882,0.47619047619047616,0.5238095238095238,0.0011874611179033
F1U26PLiXjM$_$1,T,21,0.48200012347195226,0.5714285714285714,0.42857142857142855,0.0130155310034751
F1U26PLiXjM$_$1,V,21,0.5898036355739208,0.38095238095238093,0.6190476190476191,0.0005486408869425
F6JV-K840EY$_$2,A,20,0.43595094282176855,0.3,0.7,0.001194704324007
F6JV-K840EY$_$2,T,20,0.35640720976723195,0.4,0.6,0.03068863352139785
F6JV-K840EY$_$2,V,20,0.2840979707977565,0.5,0.5,0.00276507188876465
FB_b1dm0SRY$_$0,A,26,0.45152909047753126,0.5,0.5,0.0010272357612847501
FB_b1dm0SRY$_$0,T,26,0.6064187848836906,0.5769230769230769,0.4230769230769231,0.0069331073512633
FB_b1dm0SRY$_$0,V,26,0.43850677155669926,0.6923076923076923,0.3076923076923077,0.0006547207012772
FB_b1dm0SRY$_$10,A,26,0.4104080337609375,0.5769230769230769,0.4230769230769231,0.00069894889990485
FB_b1dm0SRY$_$10,T,26,0.6422516481250806,0.4230769230769231,0.5769230769230769,0.010259658098220749
FB_b1dm0SRY$_$10,V,26,0.39703896936540406,0.5769230769230769,0.4230769230769231,0.0007426689068476
FB_b1dm0SRY$_$6,A,13,0.36077640201909333,0.5384615384615384,0.46153846153846156,0.0017333626747131
FB_b1dm0SRY$_$6,T,13,0.5034216220835912,0.6153846153846154,0.38461538461538464,0.041674514611562
FB_b1dm0SRY$_$6,V,13,0.4963152311649297,0.38461538461538464,0.6153846153846154,0.0006076693534851
FB_b1dm0SRY$_$8,A,20,0.3644795043039453,0.55,0.45,0.00064198672771445
FB_b1dm0SRY$_$8,T,20,0.7055465922255152,0.6,0.4,0.0035566687583923
FB_b1dm0SRY$_$8,V,20,0.37871746351507757,0.45,0.55,0.0008770277102788
FB_b1dm0SRY$_$9,A,28,0.37410854249364656,0.5714285714285714,0.42857142857142855,0.00196620201071095
FB_b1dm0SRY$_$9,T,28,0.6101963704191763,0.4642857142857143,0.5357142857142857,0.016658905272682448
FB_b1dm0SRY$_$9,V,28,0.37036014780237053,0.5714285714285714,0.42857142857142855,0.0017476590971151
FxxJB8hBpyQ$_$1,A,21,0.5201363205946,0.7142857142857143,0.2857142857142857,0.0014445732037226
FxxJB8hBpyQ$_$1,T,21,0.49418329443074466,0.6190476190476191,0.38095238095238093,0.0184947003920873
FxxJB8hBpyQ$_$1,V,21,0.39895427413168383,0.42857142857142855,0.5714285714285714,0.0015767167011896
Fy0Uid9afM8$_$0,A,18,0.39184994514950594,0.5,0.5,0.0011512137328584
Fy0Uid9afM8$_$0,T,18,0.5660184210375424,0.6111111111111112,0.3888888888888889,0.0121957665930191
Fy0Uid9afM8$_$0,V,18,0.3941987096351428,0.5555555555555556,0.4444444444444444,0.00058212907363965
Fy0Uid9afM8$_$3,A,19,0.4388674030819731,0.3157894736842105,0.6842105263157895,0.0014504455029964
Fy0Uid9afM8$_$3,T,19,0.6245291013238834,0.5263157894736842,0.47368421052631576,0.0138478195294737
Fy0Uid9afM8$_$3,V,19,0.3000201634241405,0.42105263157894735,0.5789473684210527,0.0005911262705922
Fy0Uid9afM8$_$4,A,9,0.46978210103792445,0.4444444444444444,0.5555555555555556,0.0021824836730957
Fy0Uid9afM8$_$4,T,9,0.4338826895243856,0.6666666666666666,0.3333333333333333,0.0201761499047279
Fy0Uid9afM8$_$4,V,9,0.29994289462491464,0.4444444444444444,0.5555555555555556,0.000992643336455
Fy0Uid9afM8$_$5,A,21,0.4954106373873775,0.38095238095238093,0.6190476190476191,0.0012777596712112
Fy0Uid9afM8$_$5,T,21,0.5377922764240435,0.5238095238095238,0.47619047619047616,0.0103499715526898
H1DpVwktfDQ$_$0,A,13,0.3804431706453673,0.38461538461538464,0.6153846153846154,0.0014333563546339
H1DpVwktfDQ$_$0,T,13,0.4767689768011558,0.46153846153846156,0.5384615384615384,0.0175717983705302
HGicRLwgtkM$_$1,A,35,0.4303802914922166,0.4857142857142857,0.5142857142857142,0.0006576776504516
HGicRLwgtkM$_$1,T,35,0.47972129105900474,0.6285714285714286,0.37142857142857144,0.0099088748296101
HGicRLwgtkM$_$1,V,3,0.5883302136348755,0.3333333333333333,0.6666666666666666,0.0136108895142873
HGicRLwgtkM$_$2,A,23,0.4773985379297659,0.6086956521739131,0.391304347826087,0.0005299647649129
HGicRLwgtkM$_$2,T,23,0.48085892724961593,0.6086956521739131,0.391304347826087,0.0119024763504664
HGicRLwgtkM$_$2,V,23,0.36573236106092566,0.43478260869565216,0.5652173913043478,0.0017948398987452
HGicRLwgtkM$_$3,A,26,0.39513485005724164,0.5,0.5,0.0016603494683901
HGicRLwgtkM$_$3,T,26,0.5110759028378858,0.2692307692307692,0.7307692307692307,0.0138449482619762
HGicRLwgtkM$_$3,V,26,0.3682560641758896,0.5,0.5,0.00203265746434525
HGicRLwgtkM$_$6,A,21,0.48161683674510825,0.5714285714285714,0.42857142857142855,0.0005419254302978
HGicRLwgtkM$_$6,T,21,0.6123524511111268,0.5714285714285714,0.42857142857142855,0.0085776398579279
HGicRLwgtkM$_$6,V,5,0.5878712995043209,0.2,0.8,0.0033233960469563
HmXXW45eZL4$_$1,A,46,0.46202170918518265,0.3695652173913043,0.6304347826086957,0.0008916531999904999
HmXXW45eZL4$_$1,T,46,0.5662358148358274,0.5652173913043478,0.43478260869565216,0.0084858673314253
HmXXW45eZL4$_$1,V,46,0.3551497958110018,0.5217391304347826,0.4782608695652174,0.00020840515693024998
HmXXW45eZL4$_$4,A,18,0.3831430894383807,0.3888888888888889,0.6111111111111112,0.0005504339933395
HmXXW45eZL4$_$4,T,18,0.555216473804783,0.5555555555555556,0.4444444444444444,0.00346378982067105
HmXXW45eZL4$_$4,V,18,0.4078023744899562,0.5,0.5,0.00033635894457495
IM6HW1HwHhM$_$11,A,25,0.34720297725917987,0.56,0.44,0.0021532587707042
IM6HW1HwHhM$_$11,T,25,0.4778420504276601,0.52,0.48,0.0158544847120841
IM6HW1HwHhM$_$11,V,25,0.3377957891581675,0.52,0.48,0.0004186425358057
IM6HW1HwHhM$_$15,A,19,0.38128203591051396,0.42105263157894735,0.5789473684210527,0.0011089940865834
IM6HW1HwHhM$_$15,T,19,0.5485503948530008,0.5263157894736842,0.47368421052631576,0.0057828923066457
IM6HW1HwHhM$_$15,V,19,0.3931453250856198,0.5789473684210527,0.42105263157894735,0.0007208585739135
IM6HW1HwHhM$_$17,A,25,0.4114855322075031,0.64,0.36,0.0005860452850659
IM6HW1HwHhM$_$17,T,25,0.4998385555413668,0.52,0.48,0.0094036733110745
IM6HW1HwHhM$_$17,V,25,0.4026764479083126,0.32,0.68,0.0011721476912498
IUmxJNs2zaY$_$2,A,19,0.32493690508687834,0.631578947368421,0.3684210526315789,0.0011316289504369
IUmxJNs2zaY$_$2,T,19,0.6891398149044399,0.3684210526315789,0.631578947368421,0.0123745501041412
IUmxJNs2zaY$_$2,V,19,0.5737067781784161,0.21052631578947367,0.7894736842105263,0.0006073961655298
IUmxJNs2zaY$_$3,A,32,0.4872280465204339,0.46875,0.46875,0.00055001676082605
IUmxJNs2zaY$_$3,T,32,0.49401083524134026,0.46875,0.53125,0.00706481933593745
IUmxJNs2zaY$_$3,V,32,0.3140962320180521,0.40625,0.59375,0.00053994854291275
JAnRCQ9A0vI$_$0,A,10,0.3503335844678961,0.6,0.4,0.0031738951802253498
JAnRCQ9A0vI$_$0,T,10,0.3707871156953242,0.6,0.4,0.036246190468470246
JAnRCQ9A0vI$_$0,V,10,0.4602931069195483,0.7,0.3,0.0001029670238494
JAnRCQ9A0vI$_$1,A,48,0.4000412862419032,0.4583333333333333,0.5416666666666666,0.00046080350875850004
JAnRCQ9A0vI$_$1,T,48,0.5030006452107011,0.4583333333333333,0.5416666666666666,0.00402015695969255
JAnRCQ9A0vI$_$1,V,4,0.4026326166508928,0.5,0.5,0.0034564062952994502
JAnRCQ9A0vI$_$2,A,48,0.35563856293997786,0.6041666666666666,0.3958333333333333,0.00028270979722334996
JAnRCQ9A0vI$_$2,T,48,0.5517411584208077,0.4791666666666667,0.5208333333333334,0.0018647511800129499
JAnRCQ9A0vI$_$2,V,48,0.5013641553479675,0.3333333333333333,0.6666666666666666,0.00027630726496375
JAnRCQ9A0vI$_$3,A,45,0.4049011657570983,0.4222222222222222,0.5777777777777777,0.0003155171871185
JAnRCQ9A0vI$_$3,T,45,0.5231467089903996,0.4222222222222222,0.5777777777777777,0.0030344128608703
JAnRCQ9A0vI$_$3,V,45,0.3807664999245245,0.6,0.4,0.0001734594504038
JAnRCQ9A0vI$_$4,A,14,0.4069516409289616,0.6428571428571429,0.35714285714285715,0.0021221737066904
JAnRCQ9A0vI$_$4,T,14,0.5202782658779112,0.2857142857142857,0.7142857142857143,0.01150177217399075
JAnRCQ9A0vI$_$4,V,14,0.4810677990356579,0.7857142857142857,0.21428571428571427,0.00115412939339875
JAnRCQ9A0vI$_$5,A,25,0.3572158208457243,0.48,0.52,0.0010426044464111
JAnRCQ9A0vI$_$5,T,25,0.49650803590488335,0.48,0.52,0.0097430249055226
JAnRCQ9A0vI$_$8,A,48,0.41818926944629753,0.5,0.5,0.0004345476627349
JAnRCQ9A0vI$_$8,T,48,0.6000831643165008,0.4166666666666667,0.5833333333333334,0.00269500911235805
JAnRCQ9A0vI$_$8,V,48,0.45245725192116615,0.4375,0.5208333333333334,0.00013619661331169998
JOK1SSmPtFw$_$0,A,48,0.39243365330324137,0.4791666666666667,0.4375,0.00021451214949285
JOK1SSmPtFw$_$0,T,48,0.6313122307751619,0.4791666666666667,0.5208333333333334,0.00107953449090315
JOK1SSmPtFw$_$0,V,48,0.4654000579658194,0.3333333333333333,0.6666666666666666,0.00015597045421595
JOK1SSmPtFw$_$10,A,17,0.45889452525437013,0.5882352941176471,0.4117647058823529,0.00144724547863
JOK1SSmPtFw$_$10,T,17,0.5537782538216306,0.47058823529411764,0.5294117647058824,0.0076742445429166
JOK1SSmPtFw$_$10,V,17,0.4381151637804062,0.4117647058823529,0.5882352941176471,0.0008476749062538
JOK1SSmPtFw$_$13,A,18,0.3773281624045783,0.5555555555555556,0.4444444444444444,0.0014649182558059
JOK1SSmPtFw$_$13,T,18,0.4823532909438157,0.6111111111111112,0.3888888888888889,0.015592724084854098
JOK1SSmPtFw$_$13,V,18,0.4233484850256981,0.4444444444444444,0.5555555555555556,0.0006698643167813
JOK1SSmPtFw$_$14,A,15,0.3957360868483142,0.6666666666666666,0.3333333333333333,0.0009538754820823
JOK1SSmPtFw$_$14,T,15,0.4185034121352618,0.5333333333333333,0.4666666666666667,0.0163536469141642
JOK1SSmPtFw$_$14,V,15,0.3564401778646406,0.5333333333333333,0.4666666666666667,0.000626948972543
JOK1SSmPtFw$_$16,A,15,0.3501426735607716,0.7333333333333333,0.26666666666666666,0.0018471566339333
JOK1SSmPtFw$_$16,T,15,0.4800654008623131,0.4666666666666667,0.5333333333333333,0.009620310117801
JOK1SSmPtFw$_$16,V,15,0.3337838414311209,0.6,0.4,0.0008748782177766
JOK1SSmPtFw$_$4,A,12,0.4270236595142541,0.5833333333333334,0.3333333333333333,0.00166260699431095
JOK1SSmPtFw$_$4,T,12,0.6695232441777702,0.6666666666666666,0.3333333333333333,0.0175620764493942
JOK1SSmPtFw$_$4,V,12,0.5147864481990371,0.5,0.5,0.0010830660661061
JOK1SSmPtFw$_$5,A,26,0.4347471880689242,0.46153846153846156,0.5384615384615384,0.0009123583634694
JOK1SSmPtFw$_$5,T,26,0.5627317785819865,0.5384615384615384,0.46153846153846156,0.009155876934528299
JOK1SSmPtFw$_$5,V,26,0.39260189583193417,0.5769230769230769,0.4230769230769231,0.0006163890163103499
JOK1SSmPtFw$_$8,A,14,0.37373632083357383,0.5,0.5,0.00139445563157395
JOK1SSmPtFw$_$8,T,14,0.4348248226506984,0.42857142857142855,0.5714285714285714,0.019493148972590697
JOK1SSmPtFw$_$8,V,14,0.49129318290135976,0.6428571428571429,0.2857142857142857,0.00068085392316175
JPT38CA3sGI$_$0,A,16,0.45790754372092823,0.5,0.5,0.0009034263590971
JPT38CA3sGI$_$0,T,16,0.547364619048122,0.4375,0.5625,0.03956305359800655
JPT38CA3sGI$_$0,V,16,0.6019591236505271,0.3125,0.625,0.00062703341245645
JPT38CA3sGI$_$1,A,18,0.43370163145321333,0.3888888888888889,0.6111111111111112,0.00189732884367305
JPT38CA3sGI$_$1,T,18,0.5987709638571744,0.5,0.5,0.009478620563944148
JPT38CA3sGI$_$1,V,18,0.39122127377448657,0.5555555555555556,0.4444444444444444,0.0009794992705186
JPT38CA3sGI$_$5,A,16,0.47537099934605354,0.4375,0.5625,0.0010115262120961501
JPT38CA3sGI$_$5,T,16,0.4727473101487114,0.5625,0.4375,0.015492252384622849
JPT38CA3sGI$_$5,V,8,0.3475452909528336,0.5,0.5,0.00189366750419135
JVpF99zuQhA$_$0,A,22,0.4905226463497934,0.6818181818181818,0.3181818181818182,0.00103265792131415
JVpF99zuQhA$_$0,T,22,0.47319044516945385,0.6363636363636364,0.36363636363636365,0.00599141170581175
JVpF99zuQhA$_$0,V,22,0.3605465734180174,0.5909090909090909,0.4090909090909091,0.0002758925159772
JVpF99zuQhA$_$2,A,27,0.46340543510039167,0.3333333333333333,0.6666666666666666,0.0007004328072071
JVpF99zuQhA$_$2,T,27,0.514674397999392,0.6296296296296297,0.37037037037037035,0.0049082947274049
JVpF99zuQhA$_$2,V,27,0.4393971883026206,0.5925925925925926,0.4074074074074074,0.0003705484171708
JVpF99zuQhA$_$4,A,15,0.3615384777335845,0.5333333333333333,0.4666666666666667,0.0013967181245485
JVpF99zuQhA$_$4,T,15,0.41372324731605725,0.4666666666666667,0.5333333333333333,0.0110715186844269
JVpF99zuQhA$_$4,V,15,0.37902243847898387,0.6666666666666666,0.3333333333333333,0.0004288007815678
K0m1tO3Ybyc$_$15,A,14,0.46377866381690636,0.6428571428571429,0.35714285714285715,0.00121889015038805
K0m1tO3Ybyc$_$15,T,14,0.7295831246659695,0.5,0.5,0.00591216981410975
K0m1tO3Ybyc$_$15,V,14,0.4805041566774758,0.21428571428571427,0.7857142857142857,0.0009183585643768
K0m1tO3Ybyc$_$8,A,32,0.402725944970073,0.53125,0.46875,0.0009459368884562999
K0m1tO3Ybyc$_$8,T,32,0.6340317001610988,0.53125,0.46875,0.01363132397333775
K0m1tO3Ybyc$_$8,V,32,0.3872164041933362,0.625,0.375,0.0009918225308259
K8gp7ncdUl8$_$5,A,35,0.4081373991396191,0.5428571428571428,0.45714285714285713,0.0010508969426155
K8gp7ncdUl8$_$5,T,35,0.5411035339672926,0.45714285714285713,0.5428571428571428,0.0215173487861951
K8gp7ncdUl8$_$5,V,35,0.4800463645216721,0.4857142857142857,0.5142857142857142,0.0002560888727506
KDjl2exStlI$_$10,A,15,0.3240727708701367,0.4666666666666667,0.5333333333333333,0.0014022978333135
KDjl2exStlI$_$10,T,15,0.4462180573455606,0.6666666666666666,0.3333333333333333,0.0105582141938308
KDjl2exStlI$_$10,V,15,0.4068012009424324,0.4666666666666667,0.5333333333333333,0.0008499789983034
KDjl2exStlI$_$13,A,14,0.3370016528341464,0.35714285714285715,0.6428571428571429,0.0010643738011519
KDjl2exStlI$_$13,T,14,0.44441311145420703,0.7142857142857143,0.2857142857142857,0.00545481778681275
KDjl2exStlI$_$13,V,14,0.33066705445410854,0.5714285714285714,0.42857142857142855,0.0004948861896991
KDjl2exStlI$_$4,A,23,0.5349711597306372,0.5217391304347826,0.4782608695652174,0.0004783483843008
KDjl2exStlI$_$4,T,23,0.5017738285450379,0.5217391304347826,0.4782608695652174,0.0095308261613051
KDjl2exStlI$_$4,V,23,0.3912814783611403,0.5217391304347826,0.4782608695652174,0.0004704507688681
KDjl2exStlI$_$5,A,16,0.44496514548287475,0.5,0.5,0.0010568040112654
KDjl2exStlI$_$5,T,16,0.3790280787149579,0.5625,0.4375,0.0066277564813693
KDjl2exStlI$_$5,V,16,0.5702100157268807,0.4375,0.5,0.0001645491768916
KkKWFZZmmCM$_$1,A,28,0.4293324509969472,0.6071428571428571,0.39285714285714285,0.00075767934322355
KkKWFZZmmCM$_$1,T,28,0.5086054923376446,0.4642857142857143,0.5357142857142857,0.0084292739629745
KkKWFZZmmCM$_$1,V,28,0.37270358048947066,0.4642857142857143,0.4642857142857143,0.0002177755037943
KpMCvUyQCXg$_$1,A,24,0.34238273232750277,0.4583333333333333,0.5416666666666666,0.0011684945784509
KpMCvUyQCXg$_$1,T,24,0.5080209075193746,0.375,0.625,0.0073212316880623
KpMCvUyQCXg$_$1,V,24,0.29162232801507915,0.5,0.5,0.0012496688092748
KpMCvUyQCXg$_$3,A,13,0.3387290592240519,0.38461538461538464,0.6153846153846154,0.0018223772446314
KpMCvUyQCXg$_$3,T,13,0.5377584655731422,0.6153846153846154,0.38461538461538464,0.0126128122210502
KpMCvUyQCXg$_$3,V,13,0.38095302018292954,0.6153846153846154,0.38461538461538464,0.0016701643665631
KpMCvUyQCXg$_$5,A,20,0.4377944618524813,0.6,0.4,0.00111934045950565
KpMCvUyQCXg$_$5,T,20,0.610112721323762,0.55,0.45,0.0070314655701319
KpMCvUyQCXg$_$5,V,20,0.402257833835218,0.35,0.65,0.00152289370695745
L1eFHRQGFeg$_$2,A,42,0.42312846728024706,0.5238095238095238,0.47619047619047616,0.0006698227177063
L1eFHRQGFeg$_$2,T,42,0.568651851889648,0.5476190476190477,0.4523809523809524,0.0145400629068414
L1eFHRQGFeg$_$2,V,42,0.383235409426769,0.6190476190476191,0.38095238095238093,0.0010208108772833502
MCsvw5-7lVE$_$1,A,38,0.4600127808104893,0.6578947368421053,0.2894736842105263,0.00031757354736325
MCsvw5-7lVE$_$1,T,38,0.5449536141426403,0.5526315789473685,0.4473684210526316,0.005532721678415901
MCsvw5-7lVE$_$1,V,38,0.4438674776413762,0.4473684210526316,0.5263157894736842,0.00042024751504255
MCsvw5-7lVE$_$2,A,23,0.41677123780662706,0.6086956521739131,0.34782608695652173,0.0004849731922149
MCsvw5-7lVE$_$2,T,23,0.5634618648158263,0.5652173913043478,0.43478260869565216,0.0031021038691202
MCsvw5-7lVE$_$2,V,23,0.38051075627644193,0.391304347826087,0.6086956521739131,0.0007755955060323
MCsvw5-7lVE$_$4,A,14,0.4023997842762137,0.42857142857142855,0.5714285714285714,0.0014581133921941
MCsvw5-7lVE$_$4,T,14,0.4391641870015371,0.5,0.5,0.0178118969003359
MCsvw5-7lVE$_$4,V,14,0.34419944155077037,0.5714285714285714,0.42857142857142855,0.00162482758363085
MMpo2bDk-DU$_$10,A,18,0.440904765696598,0.4444444444444444,0.5555555555555556,0.0011835706730683499
MMpo2bDk-DU$_$10,T,18,0.5154061222694757,0.5555555555555556,0.4444444444444444,0.03657104199131325
MMpo2bDk-DU$_$10,V,18,0.5236716640433449,0.5555555555555556,0.4444444444444444,0.00029511501391725004
MMpo2bDk-DU$_$16,A,20,0.35121149499695353,0.4,0.6,0.0014931298792362
MMpo2bDk-DU$_$16,T,20,0.4708530456786053,0.5,0.5,0.0074600949883460495
MMpo2bDk-DU$_$16,V,20,0.3949192327994669,0.7,0.3,0.00023964544137315
MMpo2bDk-DU$_$17,A,32,0.41124113590990985,0.59375,0.40625,0.0010763139774401498
MMpo2bDk-DU$_$17,T,32,0.5204479430779262,0.65625,0.34375,0.00549505123247695
MMpo2bDk-DU$_$17,V,32,0.4510135975400249,0.53125,0.46875,0.00023935735225669998
MMpo2bDk-DU$_$19,A,25,0.32466879981883323,0.44,0.56,0.0007741550604502
MMpo2bDk-DU$_$19,T,25,0.6533798353546825,0.4,0.6,0.0044170220692952
MMpo2bDk-DU$_$19,V,14,0.3257463703698213,0.5,0.5,0.000726635257403
MjaaudUc5-4$_$0,A,6,0.6318534689757168,0.3333333333333333,0.6666666666666666,0.00199006870388975
MjaaudUc5-4$_$0,T,6,0.5274051153653112,0.6666666666666666,0.3333333333333333,0.059378862380981404
MjaaudUc5-4$_$0,V,6,0.6583593690467636,0.3333333333333333,0.6666666666666666,0.00031477212905875
MjaaudUc5-4$_$1,A,17,0.4599238573582006,0.5882352941176471,0.4117647058823529,0.0012569328149159
MjaaudUc5-4$_$1,T,17,0.8256983679302257,0.35294117647058826,0.6470588235294118,0.0052497585614522
MjaaudUc5-4$_$1,V,17,0.41959004176438547,0.4117647058823529,0.5882352941176471,0.0002572337786356
MjaaudUc5-4$_$3,A,16,0.4479431471596019,0.5,0.5,0.0015444159507751
MjaaudUc5-4$_$3,T,16,0.63217665341377,0.5,0.5,0.009163583318392399
MjaaudUc5-4$_$3,V,16,0.41886373344726663,0.625,0.375,0.0005415131648381
MjaaudUc5-4$_$6,A,10,0.4211996359777653,0.6,0.4,0.0015961105624834001
MjaaudUc5-4$_$6,T,10,0.49053048418627987,0.7,0.3,0.0114451150099436
MjaaudUc5-4$_$6,V,10,0.4020858642816677,0.4,0.6,0.0006215522686639999
MoQmPA7Q07Q$_$1,A,26,0.46100439443890034,0.5,0.46153846153846156,0.00038636227448775003
MoQmPA7Q07Q$_$1,T,26,0.6230150719385649,0.46153846153846156,0.5384615384615384,0.008507157365481001
MoQmPA7Q07Q$_$1,V,26,0.5657380849525109,0.23076923076923078,0.6923076923076923,0.00036986668904615
MoQmPA7Q07Q$_$2,A,30,0.3374554355851237,0.5,0.5,0.00045190751552575
MoQmPA7Q07Q$_$2,T,30,0.6591258615208682,0.43333333333333335,0.5666666666666667,0.0022365053494770998
MoQmPA7Q07Q$_$2,V,30,0.42980849829133727,0.3333333333333333,0.5666666666666667,0.0002586940924326
N1X63d_jgmw$_$5,A,44,0.4161463271294193,0.6590909090909091,0.3409090909090909,0.0009995736181735
N1X63d_jgmw$_$5,T,44,0.5848856265313386,0.5227272727272727,0.4772727272727273,0.00711355172097675
N1X63d_jgmw$_$5,V,44,0.4156750806630166,0.4318181818181818,0.5681818181818182,0.00038310761253035
N5xfBtD6rLY$_$7,A,9,0.5371712947666163,0.4444444444444444,0.5555555555555556,0.0004672209421793
N5xfBtD6rLY$_$7,T,9,0.6601747271408932,0.8888888888888888,0.1111111111111111,0.0090924203395843
NoZsdSGnNpI$_$7,A,38,0.40592203830072127,0.5,0.5,0.0005728788673877
NoZsdSGnNpI$_$7,T,38,0.4951347955101072,0.4473684210526316,0.5526315789473685,0.00835080941518145
NoZsdSGnNpI$_$7,V,38,0.4634623830418638,0.3684210526315789,0.631578947368421,0.0005152088900407001
Nrurc5sMUOE$_$5,A,47,0.40661623637908356,0.5531914893617021,0.425531914893617,0.0006723900636037
Nrurc5sMUOE$_$5,T,47,0.6944999507590641,0.44680851063829785,0.5531914893617021,0.0098857382933298
Nrurc5sMUOE$_$5,V,47,0.38201394237710495,0.5319148936170213,0.46808510638297873,0.0001628597577412
Nrurc5sMUOE$_$7,A,15,0.3425643024987723,0.3333333333333333,0.6666666666666666,0.0034232487281163
Nrurc5sMUOE$_$7,T,15,0.5101847655690219,0.5333333333333333,0.4666666666666667,0.0257739722728729
Nrurc5sMUOE$_$7,V,15,0.2904737535280032,0.4666666666666667,0.5333333333333333,0.0005740970373153
Nrurc5sMUOE$_$8,A,37,0.4052846347213999,0.4864864864864865,0.5135135135135135,0.0005405570069948
Nrurc5sMUOE$_$8,T,37,0.4719299074740978,0.5405405405405406,0.4594594594594595,0.0103912577033042
Nrurc5sMUOE$_$8,V,37,0.41234897407423876,0.4594594594594595,0.5405405405405406,0.0002601866920789
NzvNW7vP-Co$_$4,A,16,0.3985334610830196,0.4375,0.5625,0.00124100471536315
NzvNW7vP-Co$_$4,T,16,0.6246052585220844,0.5625,0.4375,0.00561934957901635
NzvNW7vP-Co$_$4,V,16,0.33159941817707694,0.5,0.5,0.00039150441686305003
NzvNW7vP-Co$_$5,A,47,0.43839100582617074,0.574468085106383,0.425531914893617,0.000258594751358
NzvNW7vP-Co$_$5,T,47,0.536573115442394,0.46808510638297873,0.5319148936170213,0.0038785239060719
NzvNW7vP-Co$_$5,V,47,0.3553116294062082,0.425531914893617,0.574468085106383,0.0001092453797658
NzvNW7vP-Co$_$7,A,38,0.34975853260092205,0.5526315789473685,0.4473684210526316,0.0005334094166755
NzvNW7vP-Co$_$7,T,38,0.4764875824706743,0.4473684210526316,0.5526315789473685,0.00972355529665945
NzvNW7vP-Co$_$7,V,38,0.38453512903186904,0.5263157894736842,0.47368421052631576,0.00015198936065035
OLP0nCKwU6k$_$6,A,47,0.3832027931382355,0.5319148936170213,0.46808510638297873,0.0004596790919701
OLP0nCKwU6k$_$6,T,47,0.45977720192909904,0.5531914893617021,0.44680851063829785,0.0047946603347857
OLP0nCKwU6k$_$6,V,47,0.345703903168738,0.425531914893617,0.574468085106383,0.0001641667137543
OrYBtyO0aPI$_$1,A,17,0.3980733390017486,0.4117647058823529,0.5882352941176471,0.0011619590222835
OrYBtyO0aPI$_$1,T,17,0.46663620900404496,0.47058823529411764,0.5294117647058824,0.0136747422317663
OrYBtyO0aPI$_$1,V,5,0.3467272117380928,0.6,0.4,0.0014801658689975
OrYBtyO0aPI$_$4,A,6,0.6014744137002683,0.5,0.5,0.0020572816332181
OrYBtyO0aPI$_$4,T,6,0.5013561959040225,0.6666666666666666,0.3333333333333333,0.02989726513624185
OrYBtyO0aPI$_$4,V,6,0.584647611410432,0.3333333333333333,0.6666666666666666,0.0008622159560521001
PboaYD5hlG8$_$10,A,18,0.4288630342204444,0.3888888888888889,0.6111111111111112,0.00117078175147365
PboaYD5hlG8$_$10,T,18,0.5925094020252741,0.5,0.5,0.008622080087661702
PboaYD5hlG8$_$10,V,18,0.5314893227335017,0.2222222222222222,0.7777777777777778,0.0003938972949981
PboaYD5hlG8$_$2,A,16,0.38811729916542614,0.5625,0.4375,0.00124483058849965
PboaYD5hlG8$_$2,T,16,0.594633796773753,0.3125,0.6875,0.008302316069602949
PboaYD5hlG8$_$2,V,16,0.37250688232260615,0.625,0.375,0.0048239330450693
PboaYD5hlG8$_$3,A,17,0.4198307428688934,0.47058823529411764,0.5294117647058824,0.0009925663471221
PboaYD5hlG8$_$3,T,17,0.5463597046352294,0.5882352941176471,0.4117647058823529,0.0189194430907567
PboaYD5hlG8$_$3,V,17,0.4407419852772128,0.5294117647058824,0.47058823529411764,0.0016909738381703
PboaYD5hlG8$_$7,A,35,0.4110811510837548,0.6285714285714286,0.37142857142857144,0.001197300851345
PboaYD5hlG8$_$7,T,35,0.47293313915722646,0.37142857142857144,0.6285714285714286,0.0127487033605575
PboaYD5hlG8$_$7,V,35,0.39633474852465606,0.5714285714285714,0.42857142857142855,0.0010863492886225
PboaYD5hlG8$_$8,A,33,0.4288701111436232,0.48484848484848486,0.5151515151515151,0.0003227442502975
PboaYD5hlG8$_$8,T,33,0.6828349277322489,0.5454545454545454,0.45454545454545453,0.0071098506450653
PboaYD5hlG8$_$8,V,33,0.35093075938146356,0.0,0.0,1.4156103134155271e-06
PboaYD5hlG8$_$9,A,32,0.3752770706355429,0.4375,0.5625,0.0008521340787410001
PboaYD5hlG8$_$9,T,32,0.4765577598030331,0.5625,0.4375,0.00576038782795265
PboaYD5hlG8$_$9,V,32,0.3393146455537554,0.625,0.34375,1.0459373394648232e-05
Pt-D0LUHDSc$_$2,A,25,0.3984839689105261,0.6,0.32,0.0007388393084208
Pt-D0LUHDSc$_$2,T,25,0.5685061083902803,0.48,0.52,0.0094970266024271
Pt-D0LUHDSc$_$2,V,12,0.34379317802359594,0.5833333333333334,0.4166666666666667,0.0024092147747675
PwapK9d8IGk$_$4,A,45,0.41264415857042913,0.5777777777777777,0.4222222222222222,0.0003707930445671
PwapK9d8IGk$_$4,T,45,0.5029295919277668,0.5333333333333333,0.4666666666666667,0.0078770698358615
PwapK9d8IGk$_$4,V,45,0.47056113762657725,0.4222222222222222,0.5777777777777777,0.0002077898631493
PyQrAYl1bFs$_$0,A,9,0.4263270576068518,0.6666666666666666,0.3333333333333333,0.0013333012660344
PyQrAYl1bFs$_$0,T,9,0.5178614962632565,0.5555555555555556,0.4444444444444444,0.0074398269255956
PyQrAYl1bFs$_$0,V,9,0.2781219045940153,0.5555555555555556,0.4444444444444444,0.0066075374682744
PyQrAYl1bFs$_$3,A,14,0.37290621098176713,0.5,0.5,0.00102457900842025
PyQrAYl1bFs$_$3,T,14,0.5504708497414598,0.42857142857142855,0.5714285714285714,0.00899615387121835
PyQrAYl1bFs$_$3,V,14,0.3403941381806316,0.5714285714285714,0.42857142857142855,0.0006865908702214
PyQrAYl1bFs$_$4,A,19,0.3651887700757973,0.631578947368421,0.3684210526315789,0.0019210974375406
PyQrAYl1bFs$_$4,T,19,0.4846628909883645,0.5789473684210527,0.42105263157894735,0.0124847441911697
PyQrAYl1bFs$_$4,V,19,0.3561945695648903,0.5789473684210527,0.42105263157894735,0.0006489008665084
Q4WzApjaCNI$_$0,A,13,0.3267457262863032,0.46153846153846156,0.5384615384615384,0.0032561272382736
Q4WzApjaCNI$_$0,T,13,0.4391226273938573,0.5384615384615384,0.46153846153846156,0.0254167169332504
Q7S0tX4FUNA$_$4,A,18,0.4466800057732717,0.5,0.5,0.0019563809037208
Q7S0tX4FUNA$_$4,T,18,0.616078326716095,0.5555555555555556,0.4444444444444444,0.0361902130146821
Q7S0tX4FUNA$_$4,V,18,0.4288748363265295,0.6111111111111112,0.3888888888888889,0.00128191088636715
Q7S0tX4FUNA$_$7,A,10,0.37232700497749033,0.5,0.5,0.002664066851139
Q7S0tX4FUNA$_$7,T,10,0.6088364528749514,0.5,0.5,0.0111765079200267
Q7S0tX4FUNA$_$8,A,15,0.38683568078854824,0.4,0.6,0.0008760641018549
Q7S0tX4FUNA$_$8,T,15,0.49954969288968004,0.5333333333333333,0.4666666666666667,0.0313893953959147
Q7S0tX4FUNA$_$8,V,15,0.345491343834968,0.5333333333333333,0.4666666666666667,0.0024931778510411
Qa6Yz62V-Yc$_$0,A,32,0.401499496926798,0.4375,0.5625,0.00115803504983575
Qa6Yz62V-Yc$_$0,T,32,0.5303019538734555,0.5,0.5,0.01398980493346845
Qa6Yz62V-Yc$_$0,V,32,0.4972119938125472,0.4375,0.5625,0.00043658291300135
QjcQx8_PQfw$_$10,A,24,0.30418310829610834,0.7083333333333334,0.2916666666666667,0.0006544888019561
QjcQx8_PQfw$_$10,T,24,0.5059956658211313,0.5,0.5,0.0062647312879562
QjcQx8_PQfw$_$10,V,24,0.3534193675794297,0.3333333333333333,0.6666666666666666,0.001070017615954
QjcQx8_PQfw$_$7,A,22,0.4164312946448082,0.5909090909090909,0.4090909090909091,0.0014635228241483
QjcQx8_PQfw$_$7,T,22,0.6105306725327135,0.5,0.5,0.0136687314758698
QjcQx8_PQfw$_$7,V,22,0.4023584248850455,0.5454545454545454,0.45454545454545453,0.00103516876697535
QpchvHpGFc8$_$3,A,23,0.41744810102713376,0.391304347826087,0.6086956521739131,0.0010716766119003
QpchvHpGFc8$_$3,T,23,0.5053126745484574,0.30434782608695654,0.6956521739130435,0.0203625112771987
QpchvHpGFc8$_$3,V,23,0.3351829133965744,0.5652173913043478,0.43478260869565216,0.0019596566756566
RArhIHk4Qs4$_$1,A,36,0.4330687778370144,0.4722222222222222,0.5277777777777778,0.0009237776199976
RArhIHk4Qs4$_$1,T,36,0.6071490526565917,0.5555555555555556,0.4444444444444444,0.00704775253931675
RArhIHk4Qs4$_$1,V,36,0.5671824523324214,0.3611111111111111,0.6388888888888888,0.0008281916379928
RArhIHk4Qs4$_$13,A,12,0.4409498273282088,0.6666666666666666,0.3333333333333333,0.00209998587767275
RArhIHk4Qs4$_$13,T,12,0.5270868115323541,0.25,0.75,0.0363141112029552
RArhIHk4Qs4$_$13,V,12,0.434392294032891,0.4166666666666667,0.5833333333333334,0.00054765616854025
RArhIHk4Qs4$_$16,A,20,0.40877291555585143,0.6,0.4,0.00119819492101665
RArhIHk4Qs4$_$16,T,20,0.5899005333602928,0.45,0.55,0.0149215186635653
RArhIHk4Qs4$_$16,V,20,0.4026057160457543,0.35,0.65,0.0003789315621058
RArhIHk4Qs4$_$17,A,6,0.4090300544175863,0.5,0.5,0.00295286873976385
RArhIHk4Qs4$_$17,T,6,0.687299263906625,0.16666666666666666,0.8333333333333334,0.03513236840565995
RArhIHk4Qs4$_$17,V,6,0.4677582601732153,0.3333333333333333,0.6666666666666666,0.00137181580066675
RArhIHk4Qs4$_$19,A,10,0.34807321063951496,0.3,0.7,0.0016753772894541
RArhIHk4Qs4$_$19,T,10,0.3099226284077418,0.6,0.4,0.007477696364124551
RArhIHk4Qs4$_$19,V,10,0.38470144265932693,0.7,0.3,0.0007123568405707
RArhIHk4Qs4$_$2,A,30,0.40504580820718217,0.5,0.5,0.0009665420899787999
RArhIHk4Qs4$_$2,T,30,0.3885414375279425,0.4666666666666667,0.5333333333333333,0.0117219711343447
RArhIHk4Qs4$_$2,V,30,0.41645069856781214,0.26666666666666666,0.7333333333333333,0.0027441059549649
RArhIHk4Qs4$_$21,A,7,0.47904090835802193,0.42857142857142855,0.5714285714285714,0.0027824242909749
RArhIHk4Qs4$_$21,T,7,0.5753704939606722,0.5714285714285714,0.42857142857142855,0.0208736459414164
RArhIHk4Qs4$_$21,V,4,0.45401144083374134,0.75,0.25,0.00251025209824235
RArhIHk4Qs4$_$6,A,26,0.36243937159351214,0.46153846153846156,0.5384615384615384,0.00090387774010495
RArhIHk4Qs4$_$6,T,26,0.5300685842625527,0.5,0.5,0.013565247567991351
RArhIHk4Qs4$_$6,V,26,0.37527451022205544,0.34615384615384615,0.6538461538461539,0.0011837196846802502
RArhIHk4Qs4$_$7,A,14,0.46828302680481293,0.5714285714285714,0.42857142857142855,0.00171816721558565
RArhIHk4Qs4$_$7,T,14,0.4978523036669187,0.35714285714285715,0.6428571428571429,0.014861023674408549
RArhIHk4Qs4$_$7,V,14,0.5711657191168071,0.7142857142857143,0.2857142857142857,0.00061329640448085
RArhIHk4Qs4$_$8,A,8,0.42687315940889003,0.5,0.5,0.00112945834795625
RArhIHk4Qs4$_$8,T,8,0.6883918231019971,0.375,0.625,0.03123142321904495
RArhIHk4Qs4$_$8,V,8,0.4710855446037252,0.375,0.625,0.0012884587049484001
ROcTx5VEn7o$_$1,A,12,0.4918434712694188,0.4166666666666667,0.5833333333333334,0.002318016719073
ROcTx5VEn7o$_$1,T,12,0.4153663299221,0.5,0.5,0.012940529889116651
ROcTx5VEn7o$_$1,V,12,0.4954599200928051,0.5833333333333334,0.4166666666666667,0.0009220452047884
ROcTx5VEn7o$_$11,A,35,0.36929273340820873,0.5428571428571428,0.45714285714285713,0.0008154685298601
ROcTx5VEn7o$_$11,T,35,0.4199787861925425,0.42857142857142855,0.5714285714285714,0.0084001744786898
ROcTx5VEn7o$_$11,V,35,0.5575343764058273,0.2857142857142857,0.7142857142857143,0.0006309325496355
ROcTx5VEn7o$_$5,A,24,0.417702562468491,0.5416666666666666,0.4583333333333333,0.00071571518977475
ROcTx5VEn7o$_$5,T,24,0.6786699679318773,0.5833333333333334,0.4166666666666667,0.0058258778105178995
ROcTx5VEn7o$_$5,V,24,0.4503314271211207,0.6666666666666666,0.3333333333333333,0.0009680458654959499
ROcTx5VEn7o$_$9,A,15,0.33413558157666046,0.6,0.4,0.0012714198480049
ROcTx5VEn7o$_$9,T,15,0.3332424660750246,0.5333333333333333,0.4666666666666667,0.0251251471539338
ROcTx5VEn7o$_$9,V,15,0.48923382731007004,0.4,0.6,0.0005647782236337
RrGpzInAwCg$_$0,A,17,0.46935092642621984,0.47058823529411764,0.5294117647058824,0.0007127523422241
RrGpzInAwCg$_$0,T,17,0.5648824207299896,0.4117647058823529,0.5882352941176471,0.0053400148948033
RrGpzInAwCg$_$0,V,17,0.45936729141586624,0.23529411764705882,0.7647058823529411,0.0001278469959894
RzOFxDk26p0$_$0,A,24,0.3596726409512102,0.5,0.5,0.00079202403624845
RzOFxDk26p0$_$0,T,24,0.5115315201026288,0.5416666666666666,0.4583333333333333,0.01327743629614505
RzOFxDk26p0$_$0,V,24,0.3723592557692247,0.4583333333333333,0.5416666666666666,5.6187311808268234e-05
RzOFxDk26p0$_$1,A,46,0.3954778758419475,0.5652173913043478,0.41304347826086957,0.00027181208133695
RzOFxDk26p0$_$1,T,46,0.6867382749812808,0.5,0.5,0.0013549923896789
RzOFxDk26p0$_$1,V,46,0.480056058645968,0.2391304347826087,0.10869565217391304,1.1667609214782717e-05
SHa756SwGJQ$_$0,A,16,0.564687636444591,0.5625,0.4375,0.0009811818599700498
SHa756SwGJQ$_$0,T,16,0.661047302313532,0.5625,0.4375,0.0106374286115169
SHa756SwGJQ$_$0,V,1,1.0,0.0,1.0,0.0543683220942815
SHa756SwGJQ$_$2,A,30,0.35722774725936896,0.5,0.5,0.0006759713093438999
SHa756SwGJQ$_$2,T,30,0.4821462090339987,0.5666666666666667,0.43333333333333335,0.00869251042604445
SHa756SwGJQ$_$2,V,30,0.372979390431182,0.4,0.6,0.0011746337016423
SHa756SwGJQ$_$4,A,15,0.44211618103488076,0.6,0.4,0.0011040577664971
SHa756SwGJQ$_$4,T,15,0.5621439487643907,0.7333333333333333,0.26666666666666666,0.0126562525207797
SHa756SwGJQ$_$4,V,15,0.503888909804296,0.7333333333333333,0.26666666666666666,0.0001897644251585
SHa756SwGJQ$_$6,A,13,0.3560833770265906,0.5384615384615384,0.46153846153846156,0.0025451605518658
SHa756SwGJQ$_$6,T,13,0.5637776630451614,0.38461538461538464,0.6153846153846154,0.0084455087780952
SHa756SwGJQ$_$6,V,13,0.44150548571610837,0.46153846153846156,0.5384615384615384,0.000110534330209
SHa756SwGJQ$_$7,A,16,0.45727416624969,0.5,0.5,0.0009833923541009001
SHa756SwGJQ$_$7,T,16,0.4788478248472801,0.4375,0.5625,0.0071624574872354
SHa756SwGJQ$_$7,V,16,0.4400225157828035,0.375,0.5625,0.0009417023199299499
TH32jop4FiI$_$15,A,22,0.45364351892395544,0.36363636363636365,0.6363636363636364,0.00110400468111035
TH32jop4FiI$_$15,T,22,0.8308746294221507,0.5,0.5,0.00499548514684035
TH32jop4FiI$_$15,V,22,0.4054489278391579,0.5909090909090909,0.4090909090909091,0.0006129642327626
TH32jop4FiI$_$17,A,29,0.38709873753430807,0.5517241379310345,0.4482758620689655,0.0014755601684252
TH32jop4FiI$_$17,T,29,0.4661704656723689,0.6206896551724138,0.3793103448275862,0.0130441933870315
TH32jop4FiI$_$17,V,29,0.47988071805418686,0.4482758620689655,0.5517241379310345,0.0005421563982963
TWszOxkOV0w$_$1,A,38,0.39271262459310496,0.5,0.5,0.0013824167350927502
TWszOxkOV0w$_$1,T,38,0.6294766790339882,0.42105263157894735,0.5789473684210527,0.01816725482543305
TWszOxkOV0w$_$1,V,38,0.34464451012382097,0.5263157894736842,0.47368421052631576,0.00060418061912055
TXCXFYIc3Yo$_$16,A,26,0.4745907099661739,0.46153846153846156,0.5384615384615384,0.0010536859432856
TXCXFYIc3Yo$_$16,T,26,0.55094040866395,0.6153846153846154,0.38461538461538464,0.0106006488204002
TXCXFYIc3Yo$_$16,V,26,0.6453036137225885,0.15384615384615385,0.8461538461538461,0.0003577296932538
TXCXFYIc3Yo$_$2,A,20,0.34129936932504806,0.5,0.5,0.0016431435942649499
TXCXFYIc3Yo$_$2,T,20,0.5370568910972882,0.55,0.45,0.0161349773406982
TXCXFYIc3Yo$_$2,V,20,0.37781960748045884,0.55,0.45,0.0007181217273076
TXCXFYIc3Yo$_$6,A,21,0.4594632047936882,0.3333333333333333,0.6666666666666666,0.0010018348693847
TXCXFYIc3Yo$_$6,T,21,0.6511280925488873,0.2857142857142857,0.7142857142857143,0.0184733271598815
TXCXFYIc3Yo$_$6,V,21,0.38016271163905185,0.6666666666666666,0.3333333333333333,0.0004535565773646
TXCXFYIc3Yo$_$7,A,41,0.3660115718345215,0.4878048780487805,0.5121951219512195,0.0010886391003926
TXCXFYIc3Yo$_$7,T,41,0.7139498408371023,0.5609756097560976,0.43902439024390244,0.0073168675104777
TXCXFYIc3Yo$_$7,V,41,0.3157633001986044,0.4634146341463415,0.5365853658536586,0.0004392117261886
TYJzg5IJN8o$_$0,A,30,0.3536411479981441,0.43333333333333335,0.5333333333333333,0.00034556289513900003
TYJzg5IJN8o$_$0,T,30,0.6115762638327814,0.3,0.7,0.003953476746877
TYJzg5IJN8o$_$0,V,30,0.391081732324156,0.4666666666666667,0.5333333333333333,0.0007863144079843999
TYJzg5IJN8o$_$10,A,28,0.4569179401723843,0.5357142857142857,0.4642857142857143,0.00063578474024925
TYJzg5IJN8o$_$10,T,28,0.6572539398891621,0.42857142857142855,0.5714285714285714,0.0038732977894444503
TYJzg5IJN8o$_$10,V,28,0.4125316197567379,0.5357142857142857,0.4642857142857143,0.0004391193700333
TYJzg5IJN8o$_$11,A,48,0.4293865524035565,0.5416666666666666,0.4166666666666667,0.00041641822705659997
TYJzg5IJN8o$_$11,T,48,0.45606522077339173,0.5625,0.4375,0.0046604244659344
TYJzg5IJN8o$_$11,V,48,0.3767040839117141,0.4791666666666667,0.5208333333333334,0.00030393091340855
TYJzg5IJN8o$_$14,A,29,0.4097390250840671,0.4827586206896552,0.5172413793103449,0.0005318820476531
TYJzg5IJN8o$_$14,T,29,0.592992647593098,0.6206896551724138,0.3793103448275862,0.0043193300565083
TYJzg5IJN8o$_$14,V,29,0.3645862910120723,0.4827586206896552,0.5172413793103449,0.0001992881298065
TYJzg5IJN8o$_$4,A,33,0.5725637889682493,0.6363636363636364,0.36363636363636365,0.0003283619880676
TYJzg5IJN8o$_$4,T,33,0.5390742911993727,0.6060606060606061,0.3939393939393939,0.0056159794330596
TYJzg5IJN8o$_$4,V,33,0.49957664090373916,0.5757575757575758,0.42424242424242425,0.000317245721817
TYJzg5IJN8o$_$7,A,24,0.44190815626770624,0.5416666666666666,0.4583333333333333,0.0011245807011921998
TYJzg5IJN8o$_$7,T,24,0.5471065212882036,0.5833333333333334,0.4166666666666667,0.01995009308060005
TYJzg5IJN8o$_$7,V,24,0.33129366912366526,0.7083333333333334,0.2916666666666667,0.00123682493964825
Uc_6d-fkZEc$_$3,A,15,0.3685937899975954,0.5333333333333333,0.4666666666666667,0.0015115439891815
Uc_6d-fkZEc$_$3,T,15,0.5495144795987239,0.4,0.6,0.0086850623289744
Uc_6d-fkZEc$_$3,V,15,0.3581664997800229,0.4666666666666667,0.4666666666666667,9.999672571818034e-05
UlTJmndbGHM$_$1,A,16,0.4366589053770015,0.6875,0.3125,0.00046826402346284996
UlTJmndbGHM$_$1,T,16,0.5975857202756655,0.4375,0.5625,0.008491431673367751
UlTJmndbGHM$_$1,V,13,0.43804123536975453,0.46153846153846156,0.5384615384615384,0.0001574655373891
UlTJmndbGHM$_$4,A,19,0.359256506277068,0.3684210526315789,0.631578947368421,0.0015191038449605
UlTJmndbGHM$_$4,T,19,0.5661410899506549,0.3684210526315789,0.631578947368421,0.0117700050274531
VbV9S4svrTg$_$13,A,8,0.43348901306364707,0.625,0.375,0.00408540541927015
VbV9S4svrTg$_$13,T,8,0.4195878831530361,0.625,0.375,0.0288806147873401
VbV9S4svrTg$_$13,V,8,0.46201509906546834,0.375,0.625,0.00142499059438705
VbV9S4svrTg$_$3,A,15,0.3653510624735487,0.4,0.6,0.0012781675904989
VbV9S4svrTg$_$3,T,15,0.5076539470671138,0.6,0.4,0.0203440344582001
VbV9S4svrTg$_$3,V,15,0.4167798833638262,0.4,0.6,0.0004212328543265
VbV9S4svrTg$_$7,A,8,0.3495610395890598,0.375,0.625,0.00150851160287855
VbV9S4svrTg$_$7,T,8,0.5352341535048067,0.75,0.25,0.0215541099508603
VbV9S4svrTg$_$7,V,8,0.440333234725709,0.5,0.375,0.00031946847836175
VbV9S4svrTg$_$8,A,13,0.4532986059885352,0.7692307692307693,0.23076923076923078,0.0026533231139183
VbV9S4svrTg$_$8,T,13,0.5645463728671413,0.5384615384615384,0.46153846153846156,0.0163791626691818
VbV9S4svrTg$_$8,V,13,0.40721413894792335,0.46153846153846156,0.5384615384615384,0.0007291138172149
VinxKpWioTo$_$0,A,10,0.4878436561222342,0.7,0.3,0.0019551813602447
VinxKpWioTo$_$0,T,10,0.38417419618500515,0.4,0.6,0.023113563656806897
VinxKpWioTo$_$0,V,10,0.4451397203100299,0.3,0.7,0.00138715282082555
VinxKpWioTo$_$1,A,48,0.40356982747322506,0.5833333333333334,0.4166666666666667,0.0003496507803599
VinxKpWioTo$_$1,T,48,0.7017659432625599,0.4791666666666667,0.5208333333333334,0.0011721452077229
VinxKpWioTo$_$1,V,48,0.3980778516853575,0.4583333333333333,0.5208333333333334,0.0003408789634704
VinxKpWioTo$_$3,A,28,0.3982343405179221,0.5,0.5,0.0007028629382451
VinxKpWioTo$_$3,T,28,0.517719243875498,0.6785714285714286,0.32142857142857145,0.00496124476194375
VinxKpWioTo$_$3,V,28,0.35383815312513317,0.4642857142857143,0.5357142857142857,0.00117116918166475
VinxKpWioTo$_$5,A,20,0.45485412562392563,0.6,0.4,0.0004967351754506
VinxKpWioTo$_$5,T,20,0.513462920124766,0.6,0.4,0.0055590371290842495
VinxKpWioTo$_$5,V,20,0.3194494165508858,0.5,0.5,0.0015872816244760501
ViyQVpGW05w$_$1,A,17,0.46325213989882663,0.7058823529411765,0.29411764705882354,0.0012632608413696
ViyQVpGW05w$_$1,T,17,0.5082384510988561,0.5294117647058824,0.4117647058823529,0.008293479681015
ViyQVpGW05w$_$1,V,17,0.3635254418958759,0.5294117647058824,0.47058823529411764,0.0004404286543528
ViyQVpGW05w$_$4,A,13,0.43363052835100974,0.46153846153846156,0.5384615384615384,0.0022742276390393
ViyQVpGW05w$_$4,T,13,0.5062395266768631,0.46153846153846156,0.5384615384615384,0.0297118624051411
ViyQVpGW05w$_$4,V,13,0.29001005788025397,0.6153846153846154,0.38461538461538464,0.0012717892726262
ViyQVpGW05w$_$6,A,25,0.37101293352688386,0.6,0.36,0.0010502139727274
ViyQVpGW05w$_$6,T,25,0.45500069756998734,0.6,0.4,0.005880898485581
ViyQVpGW05w$_$6,V,25,0.3688278780820599,0.72,0.28,0.0003750137984752
Vuay0mVKkik$_$3,A,26,0.4130024869061736,0.5769230769230769,0.4230769230769231,0.0009573325514793
Vuay0mVKkik$_$3,T,26,0.6238033729005945,0.5384615384615384,0.46153846153846156,0.0132880037029584
Vuay0mVKkik$_$3,V,26,0.37056630630852533,0.46153846153846156,0.5384615384615384,0.00070488701264055
WmQF5RmbsVQ$_$6,A,48,0.4726825102841745,0.5,0.4583333333333333,0.0004841734965642
WmQF5RmbsVQ$_$6,T,48,0.4832634980743766,0.3958333333333333,0.6041666666666666,0.00410492718219755
WmQF5RmbsVQ$_$6,V,48,0.49240804651355147,0.2708333333333333,0.7291666666666666,0.0007009779413541
Wrcf2xtqbkQ$_$8,A,18,0.43210504644706005,0.4444444444444444,0.5555555555555556,0.00072307387987765
Wrcf2xtqbkQ$_$8,T,18,0.6854535929979784,0.5,0.5,0.00728076696395865
Wrcf2xtqbkQ$_$8,V,18,0.34998038793303043,0.4444444444444444,0.5555555555555556,0.0003046058118343
Wrcf2xtqbkQ$_$9,A,28,0.37347904227619766,0.5357142857142857,0.4642857142857143,0.0006489406029383
Wrcf2xtqbkQ$_$9,T,28,0.5110416872219995,0.4642857142857143,0.5357142857142857,0.0042282634725173
Wrcf2xtqbkQ$_$9,V,28,0.3935547340453711,0.42857142857142855,0.5714285714285714,0.0003105600674947
WxajvjGKz7Y$_$0,A,11,0.4831809600584551,0.2727272727272727,0.7272727272727273,0.002201755841573
WxajvjGKz7Y$_$0,T,11,0.4997213564779467,0.5454545454545454,0.45454545454545453,0.012529914577802
WxajvjGKz7Y$_$0,V,11,0.47037852076670217,0.6363636363636364,0.36363636363636365,0.0012181450923283
WxajvjGKz7Y$_$3,A,22,0.37336825284353603,0.36363636363636365,0.6363636363636364,0.0013760092357794
WxajvjGKz7Y$_$3,T,22,0.4053784186937156,0.4090909090909091,0.5909090909090909,0.0133137293159961
WxajvjGKz7Y$_$3,V,22,0.456992096229628,0.4090909090909091,0.5909090909090909,0.00055226435263945
WxajvjGKz7Y$_$6,A,32,0.4026576491620918,0.59375,0.40625,0.00061425939202305
WxajvjGKz7Y$_$6,T,32,0.37141135449995455,0.5625,0.4375,0.0099480325977007
WxajvjGKz7Y$_$6,V,32,0.3886892114998955,0.46875,0.53125,0.00051756575703615
XIGpuL-Kkyk$_$0,A,13,0.4406124738550706,0.5384615384615384,0.46153846153846156,0.0016497535010178
XIGpuL-Kkyk$_$0,T,13,0.6940070128617999,0.46153846153846156,0.5384615384615384,0.0165317344168821
XIGpuL-Kkyk$_$12,A,28,0.38280766660780524,0.42857142857142855,0.5714285714285714,0.0008548746506372501
XIGpuL-Kkyk$_$12,T,28,0.5871956179955525,0.39285714285714285,0.6071428571428571,0.0078477934002876
XIGpuL-Kkyk$_$12,V,11,,0.0,0.0,0.0
XIGpuL-Kkyk$_$4,A,21,0.4057221013240143,0.5714285714285714,0.42857142857142855,0.0004262626171112
XIGpuL-Kkyk$_$4,T,21,0.7917323292551505,0.42857142857142855,0.5238095238095238,0.003704696893692
XIGpuL-Kkyk$_$4,V,21,0.41831609987229434,0.5714285714285714,0.42857142857142855,0.0004750688870747
XIGpuL-Kkyk$_$7,A,7,0.37863095539985253,0.5714285714285714,0.42857142857142855,0.0039064536492029
XIGpuL-Kkyk$_$7,T,7,0.577396079188749,0.7142857142857143,0.2857142857142857,0.021729811715583
XaVYxIW0FDg$_$2,A,34,0.4071121998243221,0.5294117647058824,0.47058823529411764,0.0007831230759620001
XaVYxIW0FDg$_$2,T,34,0.4589869943111014,0.4411764705882353,0.5588235294117647,0.012164175510406449
XaVYxIW0FDg$_$2,V,34,0.37855975456987573,0.5,0.47058823529411764,0.0012664149204889498
XyP8bVmGX6M$_$4,A,18,0.3776948309710995,0.6666666666666666,0.3333333333333333,0.00122726460297895
XyP8bVmGX6M$_$4,T,18,0.3826394712818492,0.6111111111111112,0.3888888888888889,0.01051493982474005
XyP8bVmGX6M$_$4,V,18,0.45185733081108864,0.6111111111111112,0.3888888888888889,0.00019086649020504999
XzVapdEr_GY$_$3,A,33,0.40863192222406824,0.36363636363636365,0.6363636363636364,0.0004464536905288
XzVapdEr_GY$_$3,T,33,0.5334742145779834,0.6060606060606061,0.3939393939393939,0.0080368121465047
XzVapdEr_GY$_$3,V,33,0.34552723750643133,0.48484848484848486,0.5151515151515151,0.0002912978331247
XzVapdEr_GY$_$4,A,37,0.38386828795962835,0.5405405405405406,0.4594594594594595,0.0002494355042775
XzVapdEr_GY$_$4,T,37,0.7323489279701249,0.5675675675675675,0.43243243243243246,0.0024939080079396
XzVapdEr_GY$_$4,V,37,0.4460857614461945,0.3783783783783784,0.6216216216216216,0.0002145767211914
Y7h-S3cJ52o$_$0,A,11,0.39209101803689134,0.45454545454545453,0.5454545454545454,0.0031838777164618
Y7h-S3cJ52o$_$0,T,11,0.5803126881821732,0.36363636363636365,0.6363636363636364,0.0075724913428227
Y7h-S3cJ52o$_$0,V,11,0.48728919607884535,0.45454545454545453,0.5454545454545454,0.0006678545226653
Y7qkyMyanjU$_$2,A,11,0.5087193093357484,0.45454545454545453,0.5454545454545454,0.0014720633625984
Y7qkyMyanjU$_$2,T,11,0.5000731526574623,0.45454545454545453,0.5454545454545454,0.0183557694156964
Y7qkyMyanjU$_$4,A,13,0.38534081112168517,0.5384615384615384,0.46153846153846156,0.001521997153759
Y7qkyMyanjU$_$4,T,13,0.4998754589835456,0.38461538461538464,0.6153846153846154,0.0117615163326263
YbuG8xyUO-o$_$2,A,15,0.3519820693854983,0.4666666666666667,0.5333333333333333,0.0030373136202494
YbuG8xyUO-o$_$2,T,15,0.4163193084695234,0.6,0.4,0.0144438246885935
YbuG8xyUO-o$_$2,V,15,0.32316082367491467,0.5333333333333333,0.4666666666666667,0.000465045372645
YbuG8xyUO-o$_$3,A,13,0.47131634156956237,0.6153846153846154,0.38461538461538464,0.0016146625081698
YbuG8xyUO-o$_$3,T,13,0.5301456589865838,0.6923076923076923,0.3076923076923077,0.0105953911940256
YbuG8xyUO-o$_$3,V,13,0.31540326217678955,0.46153846153846156,0.5384615384615384,0.0011843889951705
Z7L3V5bwzI0$_$2,A,27,0.37482297178475404,0.6296296296296297,0.37037037037037035,0.0006939520438512
Z7L3V5bwzI0$_$2,T,27,0.39759038757844384,0.4444444444444444,0.5555555555555556,0.020693356792132
Z7L3V5bwzI0$_$2,V,27,0.3158706350237936,0.4444444444444444,0.5555555555555556,0.0026981035868326
ZaoFHcbRM9g$_$2,A,9,0.3677413496597061,0.6666666666666666,0.3333333333333333,0.0032936418429017
ZaoFHcbRM9g$_$2,T,9,0.43950863934393114,0.4444444444444444,0.5555555555555556,0.081266780073444
ZaoFHcbRM9g$_$2,V,9,0.23963403384599904,0.4444444444444444,0.5555555555555556,4.3464514116446175e-05
ZaoFHcbRM9g$_$3,A,29,0.3419938427137579,0.5172413793103449,0.4827586206896552,0.0016635209321975
ZaoFHcbRM9g$_$3,T,29,0.5297210969116872,0.6206896551724138,0.3793103448275862,0.024348646402359
ZaoFHcbRM9g$_$3,V,29,0.3539806965911407,0.3448275862068966,0.6551724137931034,0.0020657330751419
ZaoFHcbRM9g$_$5,A,14,0.3372244641798018,0.42857142857142855,0.5714285714285714,0.0023107073890666
ZaoFHcbRM9g$_$5,T,14,0.573185122603152,0.5,0.5,0.008337490726262251
ZaoFHcbRM9g$_$5,V,14,0.33363159405951753,0.5714285714285714,0.42857142857142855,0.0014543241510788
ZaoFHcbRM9g$_$8,A,8,0.514989161176339,0.5,0.5,0.0029652615388234002
ZaoFHcbRM9g$_$8,T,8,0.9114228527402986,0.375,0.625,0.00829638044039405
ZaoFHcbRM9g$_$8,V,8,0.5966279466135852,0.5,0.5,0.00015685955683385
ZaoFHcbRM9g$_$9,A,6,0.5705496289219579,0.5,0.5,0.00417966929186755
ZaoFHcbRM9g$_$9,T,6,0.5322657684120499,0.3333333333333333,0.6666666666666666,0.10707750326643385
ZaoFHcbRM9g$_$9,V,6,0.4996717518250489,0.3333333333333333,0.6666666666666666,0.0010204198770224502
Zvisaa77Cng$_$1,A,18,0.34963564824598253,0.5,0.5,0.00125374893347415
Zvisaa77Cng$_$1,T,18,0.5809575238869171,0.5,0.5,0.021673180162906598
Zvisaa77Cng$_$1,V,18,0.4449337489402623,0.5,0.5,0.00079088409741715
Zvisaa77Cng$_$5,A,16,0.4167288868815967,0.5625,0.4375,0.00161974752942715
Zvisaa77Cng$_$5,T,16,0.49986159884987,0.5625,0.4375,0.0429378058761358
Zvisaa77Cng$_$5,V,16,0.39615873545234453,0.375,0.625,0.0015442719062169
_7HVhnSYX1Y$_$12,A,19,0.38724451815197,0.47368421052631576,0.5263157894736842,0.0011950035889943
_7HVhnSYX1Y$_$12,T,19,0.4088947510591811,0.5263157894736842,0.47368421052631576,0.0079791322350502
_7HVhnSYX1Y$_$12,V,19,0.5307331802850331,0.2631578947368421,0.7368421052631579,0.0007685969273249
_7HVhnSYX1Y$_$14,A,10,0.39092351891085514,0.6,0.4,0.00121998786926265
_7HVhnSYX1Y$_$14,T,10,0.6778253805583666,0.4,0.6,0.030557622512181547
_7HVhnSYX1Y$_$14,V,10,0.32087083307170755,0.5,0.5,0.0008224770426750001
_7HVhnSYX1Y$_$19,A,13,0.3602132958575808,0.46153846153846156,0.5384615384615384,0.0030163619667291
_7HVhnSYX1Y$_$19,T,13,0.6132016193103822,0.5384615384615384,0.46153846153846156,0.0186029902348915
_7HVhnSYX1Y$_$19,V,13,0.43201818368936246,0.38461538461538464,0.6153846153846154,0.0020911476264397
_7HVhnSYX1Y$_$26,A,16,0.4432641588401547,0.4375,0.5625,0.00134299695491785
_7HVhnSYX1Y$_$26,T,16,0.5946580389643864,0.5625,0.4375,0.009414463614424
_7HVhnSYX1Y$_$26,V,16,0.42430831111605494,0.5625,0.4375,0.0012285864601532
_7HVhnSYX1Y$_$3,A,23,0.41748178581573436,0.5217391304347826,0.4782608695652174,0.0007292653123537
_7HVhnSYX1Y$_$3,T,23,0.6280970374281394,0.5652173913043478,0.43478260869565216,0.0052930365006128
_7HVhnSYX1Y$_$3,V,23,0.4035348519769492,0.43478260869565216,0.5652173913043478,0.0007716665665308
_7HVhnSYX1Y$_$31,A,13,0.35307846374724267,0.46153846153846156,0.5384615384615384,0.0010798672835032
_7HVhnSYX1Y$_$31,T,13,0.4670914280345229,0.5384615384615384,0.46153846153846156,0.0130119621753692
_7HVhnSYX1Y$_$31,V,13,0.3115006779512758,0.5384615384615384,0.46153846153846156,0.0004505117734273
_BvNNdEkhZA$_$14,A,15,0.34698156731357505,0.4666666666666667,0.5333333333333333,0.0011627773443857
_BvNNdEkhZA$_$14,T,15,0.44107032673548274,0.5333333333333333,0.4666666666666667,0.0125696261723836
_BvNNdEkhZA$_$14,V,15,0.4598436778848963,0.4666666666666667,0.5333333333333333,0.0006725539763768
_BvNNdEkhZA$_$19,A,32,0.3855012116751618,0.53125,0.46875,0.0008251791199048
_BvNNdEkhZA$_$19,T,32,0.5065694597562149,0.40625,0.59375,0.0073046398659547
_BvNNdEkhZA$_$19,V,32,0.4158710680837719,0.34375,0.625,0.0004439254601796
_BvNNdEkhZA$_$6,A,28,0.44966105032463577,0.5357142857142857,0.4642857142857143,0.0009755392869313
_BvNNdEkhZA$_$6,T,28,0.595439028130929,0.5714285714285714,0.42857142857142855,0.01805534586310385
_BvNNdEkhZA$_$6,V,28,0.3980651941507721,0.42857142857142855,0.5714285714285714,0.00029108673334115004
_BvNNdEkhZA$_$7,A,23,0.3526303135342025,0.5217391304347826,0.4782608695652174,0.0008371248841285
_BvNNdEkhZA$_$7,T,23,0.4826176650410534,0.5652173913043478,0.43478260869565216,0.0107086300849914
_BvNNdEkhZA$_$7,V,23,0.45375986506543375,0.391304347826087,0.6086956521739131,0.00094502667586
_BvNNdEkhZA$_$9,A,16,0.473880915519748,0.5,0.5,0.00084274510542545
_BvNNdEkhZA$_$9,T,16,0.5030952829313751,0.5625,0.4375,0.0298129034539063
_BvNNdEkhZA$_$9,V,16,0.41014917053588434,0.5625,0.4375,0.00055230160554245
_aZDaIfGfPo$_$0,A,21,0.41289388828229767,0.47619047619047616,0.5238095238095238,0.0011408925056457
_aZDaIfGfPo$_$0,T,21,0.645375569738403,0.47619047619047616,0.5238095238095238,0.0063994725545247
_aZDaIfGfPo$_$0,V,21,0.5130674929274139,0.6666666666666666,0.3333333333333333,0.0002471605936686
_aZDaIfGfPo$_$1,A,45,0.34313559516139686,0.5111111111111111,0.4888888888888889,0.0004359185695648
_aZDaIfGfPo$_$1,T,45,0.6733442743444127,0.4222222222222222,0.5555555555555556,0.003813624382019
_aZDaIfGfPo$_$1,V,45,0.4478553449175563,0.5555555555555556,0.4444444444444444,0.0005568961302439
_gr7o5ynhnw$_$12,A,14,0.3757829715729775,0.35714285714285715,0.5714285714285714,0.00205325956145915
_gr7o5ynhnw$_$12,T,14,0.4871805704397898,0.5,0.5,0.0211840147773424
_gr7o5ynhnw$_$12,V,14,0.3588151946300891,0.42857142857142855,0.5714285714285714,0.0016245953738689
_gr7o5ynhnw$_$13,A,34,0.32826574781332285,0.38235294117647056,0.6176470588235294,0.0007880665361880499
_gr7o5ynhnw$_$13,T,34,0.5450934837285778,0.5,0.5,0.00532184417049085
_gr7o5ynhnw$_$13,V,34,0.3100067214496447,0.4117647058823529,0.5294117647058824,0.0004158144195874
_gr7o5ynhnw$_$15,A,48,0.5422390293953819,0.4375,0.4791666666666667,0.00015498697757715
_gr7o5ynhnw$_$15,T,48,0.6165016590095937,0.5625,0.4375,0.00196555753548935
_gr7o5ynhnw$_$15,V,48,0.5096619356632671,0.25,0.75,0.00019093354543045
_gzYkdjNvPc$_$1,A,26,0.41745473822613466,0.5,0.5,0.00075702617565785
_gzYkdjNvPc$_$1,T,26,0.6609816226172313,0.5769230769230769,0.4230769230769231,0.013053044676780649
_gzYkdjNvPc$_$1,V,26,0.46855492042054553,0.34615384615384615,0.6538461538461539,0.0008955101172128999
_gzYkdjNvPc$_$12,A,9,0.466464104639599,0.6666666666666666,0.3333333333333333,0.0023724387089411
_gzYkdjNvPc$_$12,T,9,0.6682041844596057,0.4444444444444444,0.5555555555555556,0.0237324734528859
_gzYkdjNvPc$_$12,V,9,0.3594065666587896,0.5555555555555556,0.4444444444444444,0.0014667361974716
_gzYkdjNvPc$_$17,A,17,0.3552251306400813,0.47058823529411764,0.5294117647058824,0.0014050205548604
_gzYkdjNvPc$_$17,T,17,0.5625629965747129,0.7058823529411765,0.29411764705882354,0.0049054523309071
_gzYkdjNvPc$_$17,V,17,0.5046924942399673,0.7647058823529411,0.23529411764705882,0.0002825657526652
_gzYkdjNvPc$_$2,A,6,0.5942955027297898,0.6666666666666666,0.3333333333333333,0.00227444370587665
_gzYkdjNvPc$_$2,T,6,0.7162642854491112,0.5,0.5,0.06204685692985845
_gzYkdjNvPc$_$2,V,6,0.658134884869833,0.16666666666666666,0.8333333333333334,0.002338354786237
_gzYkdjNvPc$_$3,A,16,0.3919115553643065,0.4375,0.5625,0.00252300873398775
_gzYkdjNvPc$_$3,T,16,0.583591880910718,0.625,0.375,0.0088068693876266
_gzYkdjNvPc$_$3,V,16,0.43319063828469906,0.375,0.625,0.0005512051284313
_gzYkdjNvPc$_$4,A,22,0.3916065608693616,0.5,0.5,0.00214680408438045
_gzYkdjNvPc$_$4,T,22,0.5754779078040014,0.5454545454545454,0.45454545454545453,0.01071555043260255
_gzYkdjNvPc$_$4,V,22,0.49456531224409234,0.5,0.5,0.0007373839616775
_gzYkdjNvPc$_$5,A,16,0.48602753952581695,0.5625,0.4375,0.0015329333643118001
_gzYkdjNvPc$_$5,T,16,0.4938385471148979,0.5,0.5,0.025208502387007052
_gzYkdjNvPc$_$5,V,16,0.5170422044471413,0.375,0.625,0.0008029782523711
_gzYkdjNvPc$_$6,A,18,0.3596549795714501,0.5,0.5,0.0012546752889951
_gzYkdjNvPc$_$6,T,18,0.5674889869144375,0.6111111111111112,0.3888888888888889,0.01319271574417745
_gzYkdjNvPc$_$6,V,18,0.40118361899412486,0.6111111111111112,0.3888888888888889,0.0003908375898996
_gzYkdjNvPc$_$9,A,15,0.45932277238670743,0.5333333333333333,0.4666666666666667,0.0013957594831784
_gzYkdjNvPc$_$9,T,15,0.5209503101196182,0.5333333333333333,0.4666666666666667,0.0443516466766595
_gzYkdjNvPc$_$9,V,15,0.45328712895833445,0.3333333333333333,0.6666666666666666,0.0016686848054329
a-WihYDk6vc$_$0,A,15,0.46794717959697646,0.7333333333333333,0.26666666666666666,0.0011484771966934
a-WihYDk6vc$_$0,T,15,0.5945317073952906,0.5333333333333333,0.4666666666666667,0.0054690341154734
a-WihYDk6vc$_$0,V,15,0.405187531340678,0.4,0.6,0.0008772859970728
a-WihYDk6vc$_$8,A,32,0.39772269244234626,0.5,0.5,0.00068874408801395
a-WihYDk6vc$_$8,T,32,0.6636158325844931,0.46875,0.53125,0.00700968007246645
a-WihYDk6vc$_$8,V,32,0.45620875940062394,0.5625,0.4375,0.0005603556831676999
aFhc2ddipoM$_$14,A,32,0.38466463232691517,0.46875,0.53125,0.00082609305779135
aFhc2ddipoM$_$14,T,32,0.6022902060120577,0.46875,0.53125,0.006753710409005451
aFhc2ddipoM$_$14,V,32,0.42600277978976153,0.5,0.5,0.00058684746424355
aK5tRCXjUvU$_$0,A,16,0.4176077369626851,0.625,0.375,0.0011056164900461502
aK5tRCXjUvU$_$0,T,16,0.5903719554513879,0.5625,0.4375,0.005872294306755
aK5tRCXjUvU$_$0,V,16,0.4850824914428179,0.4375,0.5625,0.0005256285270054499
b-FX9NOVQOM$_$1,A,27,0.47147172457243236,0.5555555555555556,0.4444444444444444,0.001066746811072
b-FX9NOVQOM$_$1,T,27,0.48746240698407844,0.5555555555555556,0.4444444444444444,0.0062020942568778
b-FX9NOVQOM$_$1,V,20,0.3780072906690784,0.6,0.4,0.00096991906563435
b-FX9NOVQOM$_$4,A,30,0.370882925717651,0.5666666666666667,0.43333333333333335,0.0007155450681845
b-FX9NOVQOM$_$4,T,30,0.6684663782727968,0.5,0.5,0.0066717316706974995
b-FX9NOVQOM$_$4,V,18,0.44587600187419435,0.3888888888888889,0.6111111111111112,0.0005860539774099501
b1LEcg6z66g$_$0,A,24,0.4569578884616472,0.7083333333333334,0.2916666666666667,0.0011036396026610999
b1LEcg6z66g$_$0,T,24,0.5082592989056135,0.4583333333333333,0.5416666666666666,0.0106705079476038
b1LEcg6z66g$_$0,V,24,0.39402606454945394,0.375,0.625,0.00065865367650985
b1LEcg6z66g$_$4,A,30,0.44569475477672543,0.4666666666666667,0.5333333333333333,0.0011968715116381
b1LEcg6z66g$_$4,T,30,0.5816576988706893,0.6333333333333333,0.36666666666666664,0.0194856914070745
b1LEcg6z66g$_$4,V,30,0.46063040621342394,0.4,0.6,0.0005805253361662
b1LEcg6z66g$_$8,A,24,0.3510976678907593,0.4583333333333333,0.5416666666666666,0.00132044777274125
b1LEcg6z66g$_$8,T,24,0.5872639157212689,0.4583333333333333,0.5416666666666666,0.01724754025538755
b1LEcg6z66g$_$8,V,24,0.300644123277715,0.5,0.5,0.0011632516980171
bAkUEnPoucg$_$3,A,33,0.43786989848236496,0.48484848484848486,0.5151515151515151,0.0005388458569844
bAkUEnPoucg$_$3,T,33,0.6822785264138066,0.45454545454545453,0.5454545454545454,0.0116833945115407
bAkUEnPoucg$_$3,V,33,0.3946579138048857,0.45454545454545453,0.5454545454545454,0.0006780624389648
bNQkb4K5DX0$_$3,A,26,0.42117611393861926,0.4230769230769231,0.5769230769230769,0.0010004496822753998
bNQkb4K5DX0$_$3,T,26,0.5552562500135445,0.5769230769230769,0.4230769230769231,0.0063113408784071
bNQkb4K5DX0$_$3,V,26,0.4987098734984754,0.38461538461538464,0.6153846153846154,0.0014710550506909
bNQkb4K5DX0$_$7,A,21,0.5004021155871453,0.5238095238095238,0.47619047619047616,0.0004821419715881
bNQkb4K5DX0$_$7,T,21,0.759762733127138,0.5238095238095238,0.47619047619047616,0.0042591989040374
bNQkb4K5DX0$_$7,V,21,0.4100878152684452,0.42857142857142855,0.5714285714285714,0.0011618038018544
bWunvAd96zI$_$1,A,18,0.35997501484233013,0.3888888888888889,0.6111111111111112,0.0015244086583455002
bWunvAd96zI$_$1,T,18,0.5646999808888497,0.5,0.5,0.02126276493072505
bWunvAd96zI$_$1,V,18,0.5836356524925853,0.3888888888888889,0.6111111111111112,0.0007091537117957501
bWunvAd96zI$_$2,A,33,0.43527815744396864,0.5151515151515151,0.48484848484848486,0.0005908012390136
bWunvAd96zI$_$2,T,33,0.5300507228038784,0.3939393939393939,0.6060606060606061,0.0076719522476196
bWunvAd96zI$_$2,V,33,0.3262166832607776,0.3939393939393939,0.6060606060606061,0.0007801949977874
bWunvAd96zI$_$4,A,17,0.42787521596793443,0.5882352941176471,0.4117647058823529,0.0015751558045546
bWunvAd96zI$_$4,T,17,0.5272011124303835,0.5882352941176471,0.4117647058823529,0.0659495784590641
bWunvAd96zI$_$4,V,17,0.3643739295522974,0.35294117647058826,0.6470588235294118,0.0011373770733674
bWunvAd96zI$_$5,A,7,0.4621855329759198,0.42857142857142855,0.5714285714285714,0.0028179655782878
bWunvAd96zI$_$5,T,7,0.5004875321081347,0.42857142857142855,0.5714285714285714,0.0120996803355713
bWunvAd96zI$_$5,V,7,0.4600631716223826,0.42857142857142855,0.5714285714285714,0.0017099427835394
bj9e8w4vNxo$_$12,A,42,0.41749950870466196,0.6190476190476191,0.35714285714285715,0.0007411316037178
bj9e8w4vNxo$_$12,T,42,0.5141602984259279,0.5476190476190477,0.4523809523809524,0.01082667335867875
bj9e8w4vNxo$_$12,V,42,0.4152134925357395,0.6428571428571429,0.35714285714285715,0.0007624924182891
bpvYdXVlgvc$_$1,A,10,0.35794882462389194,0.5,0.5,0.0027130860835313
bpvYdXVlgvc$_$1,T,10,0.4555884171877453,0.8,0.2,0.04551349782074485
bpvYdXVlgvc$_$1,V,10,0.3191097806093104,0.5,0.5,0.0034470002477367
bpvYdXVlgvc$_$3,A,21,0.47900724479845685,0.5238095238095238,0.47619047619047616,0.0010635405778884
bpvYdXVlgvc$_$3,T,21,0.5511750294191714,0.38095238095238093,0.6190476190476191,0.0169361407558123
bpvYdXVlgvc$_$3,V,21,0.41324351772814116,0.47619047619047616,0.5238095238095238,0.0012258862455685
bpvYdXVlgvc$_$4,A,14,0.4278376225921323,0.42857142857142855,0.5714285714285714,0.0012837474544842502
bpvYdXVlgvc$_$4,T,14,0.5090109381013673,0.6428571428571429,0.35714285714285715,0.01446761066714915
bpvYdXVlgvc$_$4,V,14,0.42267036754092213,0.42857142857142855,0.5714285714285714,0.0009614527225494
bpvYdXVlgvc$_$6,A,29,0.3647554996926945,0.5862068965517241,0.41379310344827586,0.0010861108700434
bpvYdXVlgvc$_$6,T,29,0.559950681691048,0.6551724137931034,0.3448275862068966,0.0093506872653961
bpvYdXVlgvc$_$6,V,29,0.41335616554180515,0.4827586206896552,0.4827586206896552,0.0002736449241638
c1a1y9ytHH0$_$0,A,27,0.42263152673550025,0.4074074074074074,0.5925925925925926,0.0010263174772262
c1a1y9ytHH0$_$0,T,27,0.5450235128491637,0.48148148148148145,0.5185185185185185,0.006522923707962
c1a1y9ytHH0$_$0,V,23,0.448021855871126,0.6086956521739131,0.391304347826087,0.0013429721196492
c1a1y9ytHH0$_$3,A,29,0.3379183604233287,0.4827586206896552,0.5172413793103449,0.0010156730810801
c1a1y9ytHH0$_$3,T,29,0.5104812427213534,0.5517241379310345,0.4482758620689655,0.0050577757259209
c1a1y9ytHH0$_$3,V,15,0.40843538801830936,0.5333333333333333,0.4666666666666667,0.0016949251294136
c1a1y9ytHH0$_$7,A,22,0.35698364742081307,0.5909090909090909,0.36363636363636365,0.0013173470894495
c1a1y9ytHH0$_$7,T,22,0.48890057073546583,0.4090909090909091,0.5909090909090909,0.01614676167567565
c1a1y9ytHH0$_$7,V,18,0.48451881781360756,0.3888888888888889,0.6111111111111112,0.0006105651458104
c5cB7AfVgcE$_$12,A,31,0.361418553157095,0.3870967741935484,0.6129032258064516,0.0005653103192647
c5cB7AfVgcE$_$12,T,31,0.6405004540392494,0.4838709677419355,0.5161290322580645,0.0046411405007044
c5cB7AfVgcE$_$12,V,30,0.5546082972433365,0.26666666666666666,0.7333333333333333,0.0004035209616025
c5cB7AfVgcE$_$5,A,37,0.5316308967552008,0.5405405405405406,0.4594594594594595,0.0006848125097652
c5cB7AfVgcE$_$5,T,37,0.6844046674606469,0.5945945945945946,0.40540540540540543,0.0157011698853845
c5cB7AfVgcE$_$5,V,37,0.5191597625659695,0.4594594594594595,0.5405405405405406,0.0004084728037317
d8BR6hsvzoY$_$0,A,7,0.49988216234927574,0.5714285714285714,0.42857142857142855,0.0015418914457162
d8BR6hsvzoY$_$0,T,7,0.4252859808564324,0.5714285714285714,0.42857142857142855,0.0160446297377347
d8BR6hsvzoY$_$0,V,7,0.48769087787150656,0.42857142857142855,0.5714285714285714,0.0006174271305402
d8BR6hsvzoY$_$1,A,24,0.4460499858915625,0.375,0.625,0.00079706877780455
d8BR6hsvzoY$_$1,T,24,0.48384080574657223,0.5833333333333334,0.4166666666666667,0.0070991508546285
d8BR6hsvzoY$_$1,V,24,0.38161048442098616,0.5416666666666666,0.4583333333333333,0.00027152139227835004
d8BR6hsvzoY$_$2,A,17,0.545443459982031,0.5882352941176471,0.4117647058823529,0.000744719368716
d8BR6hsvzoY$_$2,T,17,0.4908715777150135,0.6470588235294118,0.35294117647058826,0.0087176170200109
d8BR6hsvzoY$_$2,V,17,0.37446120816417144,0.5294117647058824,0.47058823529411764,0.0006055158252517
d8BR6hsvzoY$_$5,A,10,0.2847142716961475,0.4,0.6,0.0024375102172295
d8BR6hsvzoY$_$5,T,10,0.4901656272932489,0.7,0.3,0.0106125756865367
d8BR6hsvzoY$_$5,V,10,0.5375270598402548,0.8,0.2,0.0030521480366587
d8BR6hsvzoY$_$6,A,9,0.3367868903653952,0.5555555555555556,0.4444444444444444,0.0023471439878145
d8BR6hsvzoY$_$6,T,9,0.4354494561950232,0.3333333333333333,0.6666666666666666,0.0244630021043121
d8BR6hsvzoY$_$6,V,9,0.2640427934258026,0.4444444444444444,0.5555555555555556,0.0036341895659764
d8BR6hsvzoY$_$8,A,29,0.5191393540481025,0.5517241379310345,0.4482758620689655,0.0005776037772496
d8BR6hsvzoY$_$8,T,29,0.4358419343944497,0.5862068965517241,0.41379310344827586,0.0188139701882998
d8BR6hsvzoY$_$8,V,29,0.4350046859251789,0.5172413793103449,0.4482758620689655,9.477386871973673e-05
d8BR6hsvzoY$_$9,A,17,0.37546121329219334,0.4117647058823529,0.5882352941176471,0.0010026932383577
d8BR6hsvzoY$_$9,T,17,0.5110771690722019,0.6470588235294118,0.35294117647058826,0.0094845931356151
d8BR6hsvzoY$_$9,V,17,0.4240120209795851,0.4117647058823529,0.5882352941176471,0.0002675503492355
dBWvtPeHpWM$_$4,A,5,0.33494088003669653,0.6,0.4,0.0040155847867329
dBWvtPeHpWM$_$4,T,5,0.6188372204660969,0.2,0.8,0.0228036791086196
dBWvtPeHpWM$_$4,V,5,0.49142123668931215,0.4,0.6,0.0049121330181757
dEDbm2ubVRQ$_$0,A,12,0.4551110972262027,0.3333333333333333,0.6666666666666666,0.00228355638682835
dEDbm2ubVRQ$_$0,T,12,0.5893795478372553,0.5833333333333334,0.4166666666666667,0.011935047145622449
dEDbm2ubVRQ$_$0,V,12,0.4308259142552095,0.6666666666666666,0.3333333333333333,0.00317633606027805
dEDbm2ubVRQ$_$3,A,33,0.36955951872785553,0.42424242424242425,0.5757575757575758,0.0008317530155181
dEDbm2ubVRQ$_$3,T,33,0.4583368876020915,0.45454545454545453,0.5454545454545454,0.0227866470813751
dEDbm2ubVRQ$_$3,V,33,0.4003391919356108,0.3333333333333333,0.6666666666666666,0.0006059308846791
dEDbm2ubVRQ$_$8,A,16,0.4314100693653219,0.625,0.375,0.0020831500490506
dEDbm2ubVRQ$_$8,T,16,0.5409573201280499,0.5,0.5,0.0094344168901443
dEDbm2ubVRQ$_$8,V,16,0.507272163525559,0.25,0.75,0.0021889557441075
dt641WxonBI$_$1,A,10,0.276239096373944,0.5,0.5,0.0034858410557110503
dt641WxonBI$_$1,T,10,0.37434666627249485,0.7,0.3,0.0098633120457331
dt641WxonBI$_$1,V,10,0.4694551872165939,0.8,0.2,0.00101333856582635
dt641WxonBI$_$3,A,24,0.364779714569078,0.5,0.5,0.0011024487515289999
dt641WxonBI$_$3,T,24,0.4893939919253166,0.5416666666666666,0.4583333333333333,0.02114227538307505
dt641WxonBI$_$3,V,24,0.3305700549303657,0.4166666666666667,0.5833333333333334,0.0018297558029492
eOiC1kb17P4$_$0,A,48,0.3747949717556536,0.5208333333333334,0.4791666666666667,0.00096070510335265
eOiC1kb17P4$_$0,T,48,0.5354909773237808,0.4583333333333333,0.5416666666666666,0.01865579312046365
eOiC1kb17P4$_$0,V,48,0.3558167570085026,0.4583333333333333,0.5416666666666666,0.001781256054528
erNDEjQeox8$_$12,A,46,0.4246276848385416,0.5652173913043478,0.43478260869565216,0.00034600992997485004
erNDEjQeox8$_$12,T,46,0.5801991274045203,0.41304347826086957,0.5869565217391305,0.00544987618923185
erNDEjQeox8$_$12,V,46,0.4252913255201475,0.5217391304347826,0.45652173913043476,0.0002128630876541
ewBrNsyY82Q$_$4,A,32,0.4304609114435661,0.59375,0.40625,0.00080000609159465
ewBrNsyY82Q$_$4,T,32,0.4434098115710794,0.53125,0.46875,0.009752492109934448
ewBrNsyY82Q$_$4,V,32,0.3308613455161353,0.46875,0.53125,0.00066339224576945
fWOIAxzBQFY$_$12,A,24,0.3845153882299599,0.4166666666666667,0.5833333333333334,0.00070772568384805
fWOIAxzBQFY$_$12,T,24,0.6494648565463572,0.5416666666666666,0.4583333333333333,0.0027809242407480497
fWOIAxzBQFY$_$12,V,24,0.33549319111078657,0.4166666666666667,0.5833333333333334,0.0011487702528635499
fWOIAxzBQFY$_$5,A,16,0.4218757754486019,0.5625,0.4375,0.0017361839612325
fWOIAxzBQFY$_$5,T,16,0.539201233973585,0.5,0.5,0.01051358630259825
fWOIAxzBQFY$_$5,V,16,0.455350411644453,0.625,0.375,0.0008044516046841501
fWOIAxzBQFY$_$7,A,19,0.31859677756822236,0.5263157894736842,0.47368421052631576,0.0017962008714675
fWOIAxzBQFY$_$7,T,19,0.46792465527729415,0.42105263157894735,0.5789473684210527,0.0140761037667592
fWOIAxzBQFY$_$7,V,19,0.25109123932300914,0.47368421052631576,0.5263157894736842,0.0041993409395217
f_ZJ7L14oYQ$_$11,A,40,0.3943464056461824,0.425,0.575,0.0004610816637674
f_ZJ7L14oYQ$_$11,T,40,0.44318715093499883,0.525,0.475,0.0074242129921912505
f_ZJ7L14oYQ$_$11,V,40,0.40920680458286474,0.4,0.575,0.0006878798206646499
f_ZJ7L14oYQ$_$17,A,21,0.35093314637194734,0.5238095238095238,0.47619047619047616,0.0014631363252798
f_ZJ7L14oYQ$_$17,T,21,0.5480406552355032,0.5714285714285714,0.42857142857142855,0.0113058257848024
f_ZJ7L14oYQ$_$17,V,21,0.41920562147824525,0.5238095238095238,0.47619047619047616,0.0018027940144141
f_ZJ7L14oYQ$_$21,A,22,0.4464591658497024,0.45454545454545453,0.5454545454545454,0.0013376673062642
f_ZJ7L14oYQ$_$21,T,22,0.573964737753215,0.36363636363636365,0.6363636363636364,0.03640660146872195
f_ZJ7L14oYQ$_$21,V,22,0.38832865553768087,0.45454545454545453,0.5454545454545454,0.00157769521077465
f_ZJ7L14oYQ$_$27,A,26,0.4103457077853697,0.4230769230769231,0.5769230769230769,0.0009917517503102
f_ZJ7L14oYQ$_$27,T,26,0.5292750702632669,0.38461538461538464,0.6153846153846154,0.012515522539615551
f_ZJ7L14oYQ$_$27,V,26,0.3723055464825959,0.46153846153846156,0.5384615384615384,0.00066410005092615
f_ZJ7L14oYQ$_$8,A,21,0.5124458806588672,0.5714285714285714,0.42857142857142855,0.0010902322828769
f_ZJ7L14oYQ$_$8,T,21,0.5226519725093086,0.5714285714285714,0.42857142857142855,0.0201779513930281
f_ZJ7L14oYQ$_$8,V,21,0.4279019005255216,0.6190476190476191,0.38095238095238093,0.0015778541564941
f_ZJ7L14oYQ$_$9,A,29,0.4153610820388562,0.41379310344827586,0.5862068965517241,0.0007394254207611
f_ZJ7L14oYQ$_$9,T,29,0.4622541409534526,0.6206896551724138,0.3793103448275862,0.01008099441727
f_ZJ7L14oYQ$_$9,V,29,0.3612261775052189,0.6206896551724138,0.3793103448275862,0.0009777608017126
ffrJ91swyq0$_$1,A,43,0.4303884845061543,0.4883720930232558,0.4883720930232558,0.0002791086832682
ffrJ91swyq0$_$1,T,43,0.6765187546092811,0.4186046511627907,0.5813953488372093,0.0048540532588958
ffrJ91swyq0$_$1,V,43,0.31528142143342974,0.5116279069767442,0.46511627906976744,0.0003706912199656
g8Cl74tS3oY$_$2,A,33,0.42224156984758865,0.48484848484848486,0.5151515151515151,0.0006402085224787
g8Cl74tS3oY$_$2,T,33,0.5327319193029539,0.5454545454545454,0.45454545454545453,0.0123802373806635
g8Cl74tS3oY$_$2,V,33,0.4605177034270217,0.48484848484848486,0.5151515151515151,0.0002969851096471
g8Cl74tS3oY$_$6,A,41,0.43795121362642364,0.4878048780487805,0.5121951219512195,0.0004287958145141
g8Cl74tS3oY$_$6,T,41,0.4727666635212016,0.4146341463414634,0.5853658536585366,0.0105515221754709
g8Cl74tS3oY$_$6,V,41,0.4889862178411637,0.3902439024390244,0.6097560975609756,0.0001614193121592
gR4gM_WXesQ$_$10,A,24,0.39088581381780746,0.4166666666666667,0.5833333333333334,0.0012591506044069
gR4gM_WXesQ$_$10,T,24,0.6214853543493496,0.3333333333333333,0.6666666666666666,0.01023804831008115
gR4gM_WXesQ$_$10,V,24,0.38160831617729507,0.5,0.5,0.00041544623672955
gR4gM_WXesQ$_$18,A,31,0.46398284385147187,0.6129032258064516,0.3870967741935484,0.0006870577732721
gR4gM_WXesQ$_$18,T,31,0.6876203942852397,0.5161290322580645,0.4838709677419355,0.007754181822141
gR4gM_WXesQ$_$18,V,31,0.4937238343083339,0.5806451612903226,0.41935483870967744,0.0003482898076375
gR4gM_WXesQ$_$20,A,38,0.39910319491839036,0.5,0.5,0.00062310198942815
gR4gM_WXesQ$_$20,T,38,0.5291002039748011,0.5,0.5,0.00554430981477095
gR4gM_WXesQ$_$20,V,38,0.4069979737386727,0.42105263157894735,0.5789473684210527,0.0002760142087936
gR4gM_WXesQ$_$24,A,12,0.5032556629400439,0.5833333333333334,0.4166666666666667,0.0016317244153468999
gR4gM_WXesQ$_$24,T,12,0.501734677610888,0.75,0.25,0.0157353767038633
gR4gM_WXesQ$_$24,V,12,0.4729402479725187,0.5,0.5,0.00113221032855405
gR4gM_WXesQ$_$26,A,19,0.30809754039061277,0.42105263157894735,0.5789473684210527,0.0010128567616144
gR4gM_WXesQ$_$26,T,19,0.6783302961106733,0.42105263157894735,0.5789473684210527,0.0232603351275126
gR4gM_WXesQ$_$26,V,19,0.40787973561764723,0.2631578947368421,0.7368421052631579,0.0004921555519104
gR4gM_WXesQ$_$3,A,27,0.40823065195151687,0.4074074074074074,0.5925925925925926,0.0012499839067459
gR4gM_WXesQ$_$3,T,27,0.5973118648531629,0.5555555555555556,0.4444444444444444,0.0123138427734375
gR4gM_WXesQ$_$3,V,22,0.5582165921201339,0.2727272727272727,0.7272727272727273,0.0012532193213701
gR4gM_WXesQ$_$4,A,20,0.4937623721267311,0.45,0.55,0.0007657011349995
gR4gM_WXesQ$_$4,T,20,0.4769871108981945,0.5,0.5,0.006931729614734599
gR4gM_WXesQ$_$4,V,20,0.38125753051150757,0.5,0.5,0.0008291527628898499
gR4gM_WXesQ$_$8,A,23,0.35916883220869716,0.4782608695652174,0.5217391304347826,0.0012628808617591
gR4gM_WXesQ$_$8,T,23,0.45263762505980437,0.5217391304347826,0.4782608695652174,0.0120937998096148
gR4gM_WXesQ$_$8,V,23,0.47390377489872765,0.43478260869565216,0.5652173913043478,0.0006228300432364
gVqs4TzqySw$_$1,A,44,0.4592089269462933,0.5,0.5,0.0003577570120493
gVqs4TzqySw$_$1,T,44,0.4124137016357963,0.5227272727272727,0.4772727272727273,0.00453226516644155
gVqs4TzqySw$_$1,V,39,0.4015238298212433,0.6153846153846154,0.38461538461538464,0.0002183367808659
gVqs4TzqySw$_$2,A,27,0.3869713210538318,0.48148148148148145,0.5185185185185185,0.0008592257897059
gVqs4TzqySw$_$2,T,27,0.6475502545358379,0.5185185185185185,0.48148148148148145,0.0036213348309199
gVqs4TzqySw$_$2,V,14,0.35007979663288,0.5,0.5,0.00298801312843955
gVqs4TzqySw$_$3,A,25,0.2841293660376801,0.52,0.48,0.0016595398386319
gVqs4TzqySw$_$3,T,25,0.6515670584756449,0.56,0.44,0.0089207738637924
gVqs4TzqySw$_$3,V,13,0.5351305909031432,0.23076923076923078,0.7692307692307693,0.0007893765966097
gVqs4TzqySw$_$4,A,8,0.36172809337744355,0.625,0.375,0.0032405791183312002
gVqs4TzqySw$_$4,T,8,0.38649560397341115,0.5,0.5,0.03108486595253145
gVqs4TzqySw$_$4,V,8,0.4789546578570614,0.5,0.5,0.0007413054505983499
goMtnNHQ_z4$_$1,A,16,0.35701117769976887,0.4375,0.5625,0.0019457451999187001
goMtnNHQ_z4$_$1,T,16,0.4621364958017037,0.375,0.625,0.02609774470329275
goMtnNHQ_z4$_$1,V,16,0.44528408222189636,0.5,0.5,0.0005067152281602
goMtnNHQ_z4$_$12,A,19,0.4957122348240342,0.47368421052631576,0.5263157894736842,0.0008578101793924
goMtnNHQ_z4$_$12,T,19,0.6686378108449608,0.42105263157894735,0.5789473684210527,0.0081587408979733
goMtnNHQ_z4$_$12,V,19,0.47579315214870455,0.7368421052631579,0.2631578947368421,0.001390332976977
goMtnNHQ_z4$_$13,A,21,0.4122181961893513,0.5714285714285714,0.42857142857142855,0.0006185074647267
goMtnNHQ_z4$_$13,T,21,0.5060200648395164,0.6190476190476191,0.38095238095238093,0.0022873083750406
goMtnNHQ_z4$_$13,V,21,0.6011488604592479,0.3333333333333333,0.6190476190476191,0.000370035568873
goMtnNHQ_z4$_$2,A,19,0.46748776297332595,0.47368421052631576,0.5263157894736842,0.0006145338217417
goMtnNHQ_z4$_$2,T,19,0.7111657003392428,0.3684210526315789,0.631578947368421,0.0047084788481394
goMtnNHQ_z4$_$2,V,19,0.3189635209749001,0.5789473684210527,0.42105263157894735,0.0010795990626017
hqzF4IDaIYE$_$0,A,25,0.39563123493178576,0.52,0.48,0.0009982536236445
hqzF4IDaIYE$_$0,T,25,0.40423163601796924,0.56,0.44,0.0175982962052027
hqzF4IDaIYE$_$0,V,25,0.4935965738151806,0.36,0.64,0.0010069559017817
hqzF4IDaIYE$_$2,A,29,0.4102261867014634,0.5517241379310345,0.4482758620689655,0.0005221664905548
hqzF4IDaIYE$_$2,T,29,0.5012300267743512,0.5517241379310345,0.4482758620689655,0.0115871578454971
hqzF4IDaIYE$_$2,V,29,0.44140909966306835,0.5172413793103449,0.4827586206896552,0.0004565268754959
hqzF4IDaIYE$_$3,A,40,0.4032638599151714,0.6,0.4,0.000627152621746
hqzF4IDaIYE$_$3,T,40,0.5167269705465716,0.4,0.6,0.0072583903868992505
hqzF4IDaIYE$_$3,V,40,0.4418509559129699,0.475,0.5,0.0003746499617894
hqzF4IDaIYE$_$4,A,13,0.42551868323451286,0.6153846153846154,0.38461538461538464,0.0025010854005813
hqzF4IDaIYE$_$4,T,13,0.5573340822915369,0.6153846153846154,0.38461538461538464,0.0271747509638468
hqzF4IDaIYE$_$4,V,13,0.4877481930526051,0.46153846153846156,0.5384615384615384,0.0027554382880528
hqzF4IDaIYE$_$6,A,9,0.6069967831686816,0.5555555555555556,0.4444444444444444,0.0014153495430946
hqzF4IDaIYE$_$6,T,9,0.4227592552751308,0.5555555555555556,0.4444444444444444,0.0392274319504698
hqzF4IDaIYE$_$6,V,9,0.3577369410028401,0.5555555555555556,0.4444444444444444,0.0075607101122538
hvfaYsv7p8E$_$0,A,20,0.5012046966212051,0.5,0.5,0.00126661360263815
hvfaYsv7p8E$_$0,T,20,0.4101943078422821,0.6,0.4,0.0222676942745844
hvfaYsv7p8E$_$0,V,20,0.3985852562514609,0.75,0.25,0.000428215910991
iUXqlrui25c$_$10,A,32,0.41795059771666393,0.5,0.5,0.0011395427087941999
iUXqlrui25c$_$10,T,32,0.6791441718281648,0.5,0.5,0.0127023595074812
iUXqlrui25c$_$10,V,32,0.44482914394503037,0.5,0.4375,0.00014626234769814998
iUXqlrui25c$_$21,A,20,0.3507616600979842,0.65,0.35,0.0011966079473495002
iUXqlrui25c$_$21,T,20,0.44843172937649084,0.45,0.55,0.0083156296362479
iUXqlrui25c$_$21,V,20,0.34570703000517305,0.45,0.55,0.00055687455460425
iUXqlrui25c$_$23,A,25,0.3956746745278356,0.64,0.36,0.0023398424188296
iUXqlrui25c$_$23,T,25,0.5106976065003248,0.48,0.52,0.0106418927510579
iUXqlrui25c$_$23,V,25,0.41923093632033004,0.56,0.4,0.0004362761974334
icbUzboLcDQ$_$0,A,21,0.3714766569849861,0.5238095238095238,0.47619047619047616,0.0005944470564524
icbUzboLcDQ$_$0,T,21,0.7403233249445482,0.6190476190476191,0.38095238095238093,0.0025772154331207
icbUzboLcDQ$_$0,V,21,0.527168025543109,0.38095238095238093,0.6190476190476191,9.799997011820476e-05
ioupaiAuRr0$_$4,A,40,0.40821812253518264,0.25,0.75,0.0003257890542348
ioupaiAuRr0$_$4,T,40,0.6381470989182442,0.575,0.425,0.00453806420167285
ioupaiAuRr0$_$4,V,40,0.47423326591435294,0.675,0.325,0.00011867284774775
ioupaiAuRr0$_$5,A,29,0.48993468975788435,0.3793103448275862,0.5862068965517241,0.0006535177429517
ioupaiAuRr0$_$5,T,29,0.5459168090016888,0.4482758620689655,0.5517241379310345,0.009341816107432
ioupaiAuRr0$_$5,V,29,0.3712148842045727,0.4827586206896552,0.5172413793103449,0.0003993238011995
jICmfLeFymA$_$16,A,19,0.32637463947557693,0.5789473684210527,0.42105263157894735,0.0006943047046661
jICmfLeFymA$_$16,T,19,0.5011792026310188,0.5263157894736842,0.47368421052631576,0.0055177609125773
jICmfLeFymA$_$16,V,19,0.36733048044493083,0.47368421052631576,0.47368421052631576,0.0004749298095703
jPrEKz1rAno$_$11,A,14,0.40811077376798277,0.42857142857142855,0.5714285714285714,0.0020047153035798997
jPrEKz1rAno$_$11,T,14,0.562182418233914,0.5,0.5,0.0159251727163791
jPrEKz1rAno$_$11,V,14,0.37431618358525115,0.42857142857142855,0.5714285714285714,0.00036003688971200003
jPrEKz1rAno$_$6,A,27,0.39053129500681133,0.4074074074074074,0.5925925925925926,0.0009433974822362
jPrEKz1rAno$_$6,T,27,0.6468014526707241,0.5185185185185185,0.48148148148148145,0.0040108909209569
jPrEKz1rAno$_$6,V,27,0.4600136596493323,0.48148148148148145,0.5185185185185185,0.000266837577025
jPrEKz1rAno$_$7,A,35,0.41334369703205476,0.45714285714285713,0.5428571428571428,0.0007970482110977
jPrEKz1rAno$_$7,T,35,0.45056204815734946,0.6285714285714286,0.37142857142857144,0.0128241305549939
jPrEKz1rAno$_$7,V,35,0.4750696550670172,0.2857142857142857,0.7142857142857143,0.0003955339392026
k5ZOshC2LP4$_$1,A,31,0.41613966881495396,0.5806451612903226,0.41935483870967744,0.0009658286968866
k5ZOshC2LP4$_$1,T,31,0.5583644228282161,0.41935483870967744,0.5806451612903226,0.0204876686135927
k5ZOshC2LP4$_$1,V,31,0.34085222687661443,0.5483870967741935,0.45161290322580644,3.7920971711476646e-05
kbGhEJ4W44o$_$0,A,39,0.41594903939675676,0.5641025641025641,0.4358974358974359,0.0012712031602859
kbGhEJ4W44o$_$0,T,39,0.6152743007295682,0.4358974358974359,0.5641025641025641,0.0246814700464407
kbGhEJ4W44o$_$0,V,39,0.32012445901217196,0.48717948717948717,0.5128205128205128,0.0013988576829433
kfsO4c0Ekes$_$7,A,27,0.4459179572577067,0.48148148148148145,0.5185185185185185,0.0004317263762156
kfsO4c0Ekes$_$7,T,27,0.6716847940281002,0.5555555555555556,0.4444444444444444,0.0022680759429931
kfsO4c0Ekes$_$7,V,26,0.5116684453931186,0.4230769230769231,0.5769230769230769,0.0003145535786946
kvUb78Rdzdc$_$3,A,48,0.37075037661333804,0.4166666666666667,0.5833333333333334,0.00031852722167965
kvUb78Rdzdc$_$3,T,48,0.44962493891565264,0.4791666666666667,0.5208333333333334,0.00341384112834925
kvUb78Rdzdc$_$3,V,48,0.33051073321419827,0.4791666666666667,0.4791666666666667,0.0001199493805567
lO87-4Kf0cQ$_$2,A,14,0.4446604820695215,0.5,0.5,0.0021629265199104497
lO87-4Kf0cQ$_$2,T,14,0.43090419693258075,0.5714285714285714,0.42857142857142855,0.01313388347625725
lO87-4Kf0cQ$_$2,V,14,0.4466762397148355,0.7857142857142857,0.21428571428571427,0.0010075767834981
lO87-4Kf0cQ$_$5,A,18,0.3424593307289138,0.5,0.5,0.0017870167891184
lO87-4Kf0cQ$_$5,T,18,0.7006042745895327,0.6666666666666666,0.3333333333333333,0.0058618104085326
lO87-4Kf0cQ$_$5,V,18,0.45099041286572283,0.4444444444444444,0.5555555555555556,0.00068477168679235
lWf5hHRHIDs$_$11,A,13,0.35927343058565364,0.46153846153846156,0.5384615384615384,0.0019537309805552
lWf5hHRHIDs$_$11,T,13,0.6350934614798687,0.5384615384615384,0.46153846153846156,0.0083916336297988
lWf5hHRHIDs$_$11,V,13,0.4260809631879775,0.46153846153846156,0.5384615384615384,0.001777579387029
lawHYX5eB20$_$1,A,12,0.4265605220536238,0.5,0.5,0.0014600207408269
lawHYX5eB20$_$1,T,12,0.5349486068328837,0.5833333333333334,0.4166666666666667,0.0307844057679176
lawHYX5eB20$_$1,V,12,0.4656161250784799,0.5833333333333334,0.4166666666666667,0.00052576760450995
lawHYX5eB20$_$2,A,23,0.39485542349469,0.4782608695652174,0.5217391304347826,0.0008660896370808
lawHYX5eB20$_$2,T,23,0.48230324580766815,0.5217391304347826,0.4782608695652174,0.0080628897994756
lawHYX5eB20$_$2,V,23,0.4134033342871879,0.5217391304347826,0.4782608695652174,0.0004755370318889
mHGaQ_nv9UY$_$13,A,48,0.34851514665649874,0.5,0.5,0.0005236497769753
mHGaQ_nv9UY$_$13,T,48,0.4212776346424289,0.4791666666666667,0.5208333333333334,0.00594829434218505
mHGaQ_nv9UY$_$13,V,48,0.46384186263708527,0.4166666666666667,0.5625,1.898997773726781e-05
mHGaQ_nv9UY$_$14,A,26,0.4006005059692298,0.5,0.5,0.0012203007936477
mHGaQ_nv9UY$_$14,T,26,0.49694877643448176,0.5769230769230769,0.4230769230769231,0.0139571291704972
mHGaQ_nv9UY$_$14,V,26,0.3891655296290565,0.46153846153846156,0.38461538461538464,0.00056328997015945
mHGaQ_nv9UY$_$17,A,29,0.4098750656021747,0.4482758620689655,0.5517241379310345,0.0006206159790356
mHGaQ_nv9UY$_$17,T,29,0.4738247068571157,0.4482758620689655,0.5517241379310345,0.0051443725824356
mHGaQ_nv9UY$_$17,V,29,0.36828763045863744,0.5517241379310345,0.3793103448275862,0.0002972483634948
mHGaQ_nv9UY$_$22,A,48,0.41368311845691386,0.4583333333333333,0.5416666666666666,0.00041702389717095
mHGaQ_nv9UY$_$22,T,48,0.4872691047410244,0.5208333333333334,0.4791666666666667,0.006962398687998399
mHGaQ_nv9UY$_$22,V,48,0.4175689374307405,0.5208333333333334,0.4375,8.593996365865073e-05
mHGaQ_nv9UY$_$4,A,27,0.3565155407481619,0.4444444444444444,0.5555555555555556,0.0020554984609285
mHGaQ_nv9UY$_$4,T,27,0.5847799947422504,0.37037037037037035,0.6296296296296297,0.0221922608713308
mHGaQ_nv9UY$_$4,V,27,0.4245843511259389,0.6296296296296297,0.37037037037037035,0.0007810915509859
mHGaQ_nv9UY$_$5,A,33,0.38978722131036997,0.48484848484848486,0.5151515151515151,0.0004421373208363
mHGaQ_nv9UY$_$5,T,33,0.6487337363334824,0.3333333333333333,0.6666666666666666,0.0045586625734965
mHGaQ_nv9UY$_$5,V,33,0.501903813562725,0.24242424242424243,0.7575757575757576,0.0004536608854929
mLW-jn67gRE$_$1,A,14,0.3622751419695202,0.5,0.42857142857142855,0.0021898423631985502
mLW-jn67gRE$_$1,T,14,0.5298758261528081,0.5,0.5,0.0284295802315076
mLW-jn67gRE$_$1,V,14,0.4686992177760555,0.42857142857142855,0.5,0.00049012154340735
mLW-jn67gRE$_$17,A,41,0.38178999428108473,0.5853658536585366,0.4146341463414634,0.0006419370571772
mLW-jn67gRE$_$17,T,41,0.5698185531362211,0.43902439024390244,0.5609756097560976,0.0079830661416053
mLW-jn67gRE$_$17,V,41,0.5391261270187688,0.34146341463414637,0.6585365853658537,0.0002786293625831
mLW-jn67gRE$_$20,A,40,0.3455104412334438,0.5,0.5,0.00074676175912215
mLW-jn67gRE$_$20,T,40,0.5636283870557486,0.475,0.525,0.0035340885321299
mLW-jn67gRE$_$20,V,37,0.483771352993292,0.32432432432432434,0.6486486486486487,0.0004228154818216
mLW-jn67gRE$_$3,A,21,0.4612727074142905,0.38095238095238093,0.6190476190476191,0.0006002870698769
mLW-jn67gRE$_$3,T,21,0.5107921601916198,0.6666666666666666,0.3333333333333333,0.0139491272469361
mLW-jn67gRE$_$3,V,21,0.3808910419784565,0.47619047619047616,0.5238095238095238,0.0006013984481493
mLW-jn67gRE$_$5,A,23,0.4061686904598498,0.4782608695652174,0.5217391304347826,0.0011678350468476
mLW-jn67gRE$_$5,T,23,0.47518578611068574,0.4782608695652174,0.5217391304347826,0.0189622454345226
mLW-jn67gRE$_$5,V,23,0.40612943035367893,0.391304347826087,0.6086956521739131,0.0005866326391696
mLW-jn67gRE$_$6,A,35,0.46162743660406436,0.4857142857142857,0.5142857142857142,0.0005235970020294
mLW-jn67gRE$_$6,T,35,0.5843169769449679,0.5142857142857142,0.4857142857142857,0.0114176968733469
mLW-jn67gRE$_$6,V,35,0.43480604434206865,0.4,0.6,0.0003234396378199
mLW-jn67gRE$_$9,A,13,0.38004636286530835,0.46153846153846156,0.5384615384615384,0.0021444037556648
mLW-jn67gRE$_$9,T,13,0.5817063251708102,0.38461538461538464,0.6153846153846154,0.03595665593942
mLW-jn67gRE$_$9,V,13,0.37500560901623736,0.5384615384615384,0.46153846153846156,0.001324472328027
mjpCK2Edsv8$_$0,A,48,0.38747755253172167,0.5416666666666666,0.4375,0.00026570260524744996
mjpCK2Edsv8$_$0,T,48,0.5960426372599601,0.5,0.5,0.0021765728791554
mjpCK2Edsv8$_$0,V,48,0.32629353707279235,0.5,0.5,0.00038808087507879996
nUZYqTRSGDw$_$4,A,25,0.3703522116177657,0.6,0.4,0.0016593610246976
nUZYqTRSGDw$_$4,T,25,0.503978436359208,0.4,0.6,0.0225017095605532
nUZYqTRSGDw$_$4,V,25,0.47255653535442593,0.28,0.72,0.0015982451538244
nyzIL6YAonY$_$5,A,14,0.4153351769645471,0.5714285714285714,0.42857142857142855,0.00224547088146205
nyzIL6YAonY$_$5,T,14,0.537442195425019,0.2857142857142857,0.7142857142857143,0.02034955968459445
nyzIL6YAonY$_$5,V,14,0.4288836299234109,0.35714285714285715,0.6428571428571429,0.00258986651897425
nyzIL6YAonY$_$6,A,37,0.5012794987607075,0.6486486486486487,0.35135135135135137,0.000552217165629
nyzIL6YAonY$_$6,T,37,0.5697882941020918,0.40540540540540543,0.5945945945945946,0.0059404969215393
nyzIL6YAonY$_$6,V,37,0.4046622053332532,0.4594594594594595,0.5135135135135135,0.0009872416655222
ooAF6I-fmTg$_$3,A,19,0.4098003619198315,0.47368421052631576,0.5263157894736842,0.0011481593052546
ooAF6I-fmTg$_$3,T,19,0.5718529294933116,0.2631578947368421,0.7368421052631579,0.0238265991210937
ooAF6I-fmTg$_$3,V,19,0.41244750312383177,0.2631578947368421,0.6842105263157895,0.00027796626091
ooAF6I-fmTg$_$5,A,16,0.4901845079445672,0.5,0.5,0.0016442919149994
ooAF6I-fmTg$_$5,T,16,0.555977129359631,0.4375,0.5625,0.0108858711707095
ooAF6I-fmTg$_$5,V,16,0.43846383878173895,0.5,0.5,0.00067964351425565
ooAF6I-fmTg$_$7,A,22,0.37748843919986225,0.5454545454545454,0.45454545454545453,0.0017179635663826499
ooAF6I-fmTg$_$7,T,22,0.5936265842223842,0.45454545454545453,0.5454545454545454,0.015718820815285
ooAF6I-fmTg$_$7,V,22,0.5521750035035445,0.7727272727272727,0.22727272727272727,0.00037289597094055
pOrk7fl1AYo$_$1,A,22,0.3858727761214302,0.5454545454545454,0.45454545454545453,0.0010253346214691
pOrk7fl1AYo$_$1,T,22,0.515883371944527,0.5454545454545454,0.45454545454545453,0.00789525235692655
pOrk7fl1AYo$_$1,V,22,0.37425869987145854,0.5,0.5,0.00057147567470865
pOrk7fl1AYo$_$2,A,10,0.313834409568397,0.3,0.7,0.0023179004589716
pOrk7fl1AYo$_$2,T,10,0.5626597650735241,0.4,0.6,0.05133387694756185
pOrk7fl1AYo$_$2,V,10,0.4007244947739103,0.4,0.6,0.0001922671993573
pOrk7fl1AYo$_$3,A,26,0.47484558533403165,0.5384615384615384,0.46153846153846156,0.00062305356065425
pOrk7fl1AYo$_$3,T,26,0.6360414607282685,0.5,0.5,0.01741248990098635
pOrk7fl1AYo$_$3,V,26,0.45007483499380607,0.6923076923076923,0.3076923076923077,0.00038487588365864996
pOrk7fl1AYo$_$4,A,19,0.28916155766596957,0.5263157894736842,0.47368421052631576,0.0024407232801119
pOrk7fl1AYo$_$4,T,19,0.42351297766845225,0.5789473684210527,0.42105263157894735,0.0132193490862846
pOrk7fl1AYo$_$4,V,2,0.6102804851724674,0.5,0.5,0.0144752223665515
q9yDL81QppI$_$0,A,24,0.376071834610517,0.5833333333333334,0.4166666666666667,0.00111723939577735
q9yDL81QppI$_$0,T,24,0.5454458787041111,0.5833333333333334,0.4166666666666667,0.007657632231712249
q9yDL81QppI$_$0,V,24,0.35143302084775346,0.4583333333333333,0.5416666666666666,0.0008132954438526999
q9yDL81QppI$_$1,A,23,0.43686935751804645,0.6086956521739131,0.391304347826087,0.0010843078295389
q9yDL81QppI$_$1,T,23,0.4967348824701317,0.5652173913043478,0.43478260869565216,0.0059650267163912
q9yDL81QppI$_$1,V,23,0.3530402507637894,0.4782608695652174,0.5217391304347826,0.0008650993307431
q9yDL81QppI$_$2,A,25,0.3541916883889754,0.6,0.4,0.0010351886351903
q9yDL81QppI$_$2,T,25,0.6145034033841035,0.36,0.64,0.0076964845259984
q9yDL81QppI$_$2,V,25,0.3435852134588075,0.44,0.56,0.000711570183436
qK77ZmbqmOM$_$0,A,32,0.4606849786583627,0.46875,0.53125,0.0008574898044267999
qK77ZmbqmOM$_$0,T,32,0.5658957010236164,0.46875,0.53125,0.0050420115391413
qK77ZmbqmOM$_$0,V,32,0.3446355747523762,0.59375,0.40625,0.0007209119697411501
qK77ZmbqmOM$_$9,A,21,0.42332417377942916,0.5238095238095238,0.47619047619047616,0.0007960821191469
qK77ZmbqmOM$_$9,T,21,0.5585935964634133,0.6190476190476191,0.38095238095238093,0.0154869829614957
qK77ZmbqmOM$_$9,V,16,0.5508300821235997,0.375,0.5,0.0008046453197797
qY1sXq-YCHs$_$8,A,15,0.44312894360747124,0.4666666666666667,0.5333333333333333,0.0013186889700591
qY1sXq-YCHs$_$8,T,15,0.5278280720819883,0.5333333333333333,0.4666666666666667,0.0122193203618129
qY1sXq-YCHs$_$8,V,15,0.3527066777297317,0.5333333333333333,0.4666666666666667,0.0010567074641585
qmMSumMloAs$_$1,A,30,0.35420290753964373,0.5,0.5,0.0003518462181091
qmMSumMloAs$_$1,T,30,0.7218365279592198,0.5333333333333333,0.4666666666666667,0.0029152284065882004
qmMSumMloAs$_$1,V,30,0.3015311519187293,0.43333333333333335,0.5666666666666667,0.0003548512856165
qmMSumMloAs$_$2,A,41,0.49131022717627615,0.5365853658536586,0.43902439024390244,0.0001657307147979
qmMSumMloAs$_$2,T,41,0.7340210795940991,0.4878048780487805,0.5121951219512195,0.0017612179120381
qmMSumMloAs$_$2,V,41,0.4500348753819335,0.3170731707317073,0.6829268292682927,0.000184804201126
qmMSumMloAs$_$3,A,15,0.35445003088667315,0.4666666666666667,0.5333333333333333,0.0008441706498463
qmMSumMloAs$_$3,T,15,0.3184642350702952,0.6,0.4,0.0070531368255615
qmMSumMloAs$_$3,V,15,0.46179451125195287,0.4,0.6,0.0004901190598805
r13W4H8ZhqI$_$1,A,42,0.3842649066127845,0.47619047619047616,0.5,0.0008172492186228
r13W4H8ZhqI$_$1,T,42,0.7269119017756868,0.4523809523809524,0.5476190476190477,0.00414886573950445
r13W4H8ZhqI$_$1,V,42,0.43941213248118854,0.5238095238095238,0.47619047619047616,0.0002372612555821
r13W4H8ZhqI$_$12,A,20,0.31212972732176275,0.55,0.45,0.0023243327935535997
r13W4H8ZhqI$_$12,T,20,0.5008801536426604,0.45,0.55,0.0167552024746934
r13W4H8ZhqI$_$12,V,20,0.3909471641914319,0.55,0.45,0.00064247660338875
r13W4H8ZhqI$_$5,A,15,0.3793184280880865,0.5333333333333333,0.4666666666666667,0.0005730688571929
r13W4H8ZhqI$_$5,T,15,0.526645952985726,0.8,0.2,0.0088021519283453
r13W4H8ZhqI$_$5,V,15,0.4181248531439457,0.3333333333333333,0.6666666666666666,0.0004887829224268
r13W4H8ZhqI$_$8,A,27,0.3968105661250038,0.48148148148148145,0.5185185185185185,0.0007124990224838
r13W4H8ZhqI$_$8,T,27,0.6234146033975234,0.5555555555555556,0.4444444444444444,0.010588397582372
r13W4H8ZhqI$_$8,V,27,0.3893484715124096,0.4074074074074074,0.5925925925925926,0.0003331204255421
r5ijC2W9ddk$_$0,A,15,0.31027310559704396,0.6,0.4,0.0017518447712063
r5ijC2W9ddk$_$0,T,15,0.3927813972764305,0.5333333333333333,0.4666666666666667,0.0101542575090813
r5ijC2W9ddk$_$0,V,15,0.32210941974344176,0.6,0.4,0.001491941511631
r5ijC2W9ddk$_$8,A,33,0.31859628069180307,0.42424242424242425,0.5454545454545454,0.0004914104938507
r5ijC2W9ddk$_$8,T,33,0.5460105626293593,0.5454545454545454,0.45454545454545453,0.003331830104192
r5ijC2W9ddk$_$8,V,33,0.4240482990380298,0.42424242424242425,0.5757575757575758,0.0004727741082509
r9tgDqXEcuc$_$4,A,22,0.44619833514601415,0.3181818181818182,0.6818181818181818,0.0012375768274068498
r9tgDqXEcuc$_$4,T,22,0.5663171130883646,0.5,0.5,0.01983051560819145
r9tgDqXEcuc$_$4,V,22,0.410973728047441,0.5,0.5,0.00044901855289935
rf0yDSeVEUA$_$0,A,26,0.5448227038266962,0.5,0.5,0.00026349723339075
rf0yDSeVEUA$_$0,T,26,0.6699467612941612,0.6153846153846154,0.38461538461538464,0.0028443187475204
rf0yDSeVEUA$_$0,V,26,0.5452203425597014,0.4230769230769231,0.46153846153846156,0.0001616328954696
rf0yDSeVEUA$_$1,A,48,0.3856020901771253,0.5208333333333334,0.4375,0.0003295093774795
rf0yDSeVEUA$_$1,T,48,0.543925049258873,0.5625,0.375,0.00183969239393865
rf0yDSeVEUA$_$1,V,48,0.43146002403825295,0.4166666666666667,0.5416666666666666,0.00026847918828325
rf0yDSeVEUA$_$3,A,48,0.49411921152955535,0.4791666666666667,0.5208333333333334,0.0003606478373209
rf0yDSeVEUA$_$3,T,48,0.5805936373336182,0.5208333333333334,0.4791666666666667,0.0086222290992736
rf0yDSeVEUA$_$3,V,48,0.328103420787286,0.5833333333333334,0.4166666666666667,0.0004108150800069
rojyUp4FPSg$_$10,A,14,0.49883188974252773,0.5714285714285714,0.2857142857142857,0.00087533394495645
rojyUp4FPSg$_$10,T,14,0.5557253305837145,0.5714285714285714,0.42857142857142855,0.0169252529740333
rojyUp4FPSg$_$10,V,14,0.3754355188460946,0.7142857142857143,0.2857142857142857,0.000985433657964
rojyUp4FPSg$_$12,A,7,0.5213099757625693,0.2857142857142857,0.7142857142857143,0.0015231271584828
rojyUp4FPSg$_$12,T,7,0.4170755733513835,0.5714285714285714,0.42857142857142855,0.0265378554662068
rojyUp4FPSg$_$12,V,7,0.4562602209019434,0.42857142857142855,0.5714285714285714,0.0019493798414866
rojyUp4FPSg$_$16,A,12,0.36606036794431723,0.6666666666666666,0.3333333333333333,0.0018534126381079
rojyUp4FPSg$_$16,T,12,0.558289514056128,0.4166666666666667,0.5833333333333334,0.01413381099700925
rojyUp4FPSg$_$16,V,12,0.5618510607007617,0.16666666666666666,0.8333333333333334,0.0005516583720842499
rojyUp4FPSg$_$18,A,17,0.4528022196044213,0.35294117647058826,0.6470588235294118,0.0010098218917846
rojyUp4FPSg$_$18,T,17,0.5160321295499914,0.5294117647058824,0.47058823529411764,0.0154008418321609
rojyUp4FPSg$_$18,V,17,0.6501019630461411,0.5882352941176471,0.4117647058823529,0.0008793026208877
rojyUp4FPSg$_$20,A,32,0.45870925007758095,0.5625,0.4375,0.0005179854730764501
rojyUp4FPSg$_$20,T,32,0.5060121767829433,0.375,0.625,0.01749050368865325
rojyUp4FPSg$_$20,V,32,0.41924074005879747,0.5625,0.4375,0.0004319275418917
rojyUp4FPSg$_$21,A,13,0.3897194186702731,0.46153846153846156,0.5384615384615384,0.0011037588119506
rojyUp4FPSg$_$21,T,13,0.6405444555072907,0.5384615384615384,0.46153846153846156,0.0041311979293823
rojyUp4FPSg$_$21,V,13,0.3287226983688242,0.46153846153846156,0.5384615384615384,0.0009223918120066
rojyUp4FPSg$_$23,A,7,0.45254745965387344,0.42857142857142855,0.5714285714285714,0.0025892357031504
rojyUp4FPSg$_$23,T,7,0.8997852074625747,0.5714285714285714,0.42857142857142855,0.0024533371130625
rojyUp4FPSg$_$23,V,7,0.4782578958047926,0.42857142857142855,0.5714285714285714,0.0010536114374796
rojyUp4FPSg$_$26,A,48,0.3906876106919825,0.5208333333333334,0.4791666666666667,0.00054951012134545
rojyUp4FPSg$_$26,T,48,0.54669820521416,0.3333333333333333,0.6666666666666666,0.00483587880929305
rojyUp4FPSg$_$26,V,48,0.4362704290183917,0.4166666666666667,0.5625,0.00031328946351999996
rojyUp4FPSg$_$32,A,7,0.48411469763914217,0.5714285714285714,0.42857142857142855,0.0014740129311879
rojyUp4FPSg$_$32,T,7,0.8393359888707058,0.42857142857142855,0.5714285714285714,0.0139600932598114
rojyUp4FPSg$_$32,V,7,0.42399298474317243,0.42857142857142855,0.5714285714285714,0.00073770682017
rojyUp4FPSg$_$34,A,34,0.4463532652443503,0.6176470588235294,0.38235294117647056,0.0007832994063695
rojyUp4FPSg$_$34,T,34,0.5621349258027063,0.5,0.5,0.00427152713139845
rojyUp4FPSg$_$34,V,34,0.41753205536728905,0.6764705882352942,0.3235294117647059,0.0002692391475041
rojyUp4FPSg$_$36,A,6,0.6471396144483303,0.6666666666666666,0.3333333333333333,0.0017857650915781
rojyUp4FPSg$_$36,T,6,0.9131774596471514,1.0,0.0,0.00513729949792225
rojyUp4FPSg$_$36,V,6,0.48119101983714585,0.6666666666666666,0.3333333333333333,0.00061384836832675
rojyUp4FPSg$_$37,A,21,0.42916202392532454,0.47619047619047616,0.5238095238095238,0.0010957767566045
rojyUp4FPSg$_$37,T,21,0.5642172681673269,0.42857142857142855,0.5714285714285714,0.0102976858615875
rojyUp4FPSg$_$37,V,21,0.39237893573740756,0.47619047619047616,0.5238095238095238,0.0004228254159291
rojyUp4FPSg$_$5,A,27,0.4524454562318457,0.48148148148148145,0.5185185185185185,0.0009394586086273
rojyUp4FPSg$_$5,T,27,0.5004123948949064,0.48148148148148145,0.5185185185185185,0.012252206603686
rojyUp4FPSg$_$5,V,27,0.35166594224283976,0.5185185185185185,0.48148148148148145,0.000851422548294
rojyUp4FPSg$_$7,A,45,0.436378354785029,0.4888888888888889,0.4666666666666667,0.0003607769807179
rojyUp4FPSg$_$7,T,45,0.5222651976181919,0.5111111111111111,0.4888888888888889,0.0048950612545013
rojyUp4FPSg$_$7,V,45,0.3965229835988501,0.5111111111111111,0.4888888888888889,0.0002803206443786
rojyUp4FPSg$_$9,A,26,0.3858927788030233,0.46153846153846156,0.5384615384615384,0.0007516791423161
rojyUp4FPSg$_$9,T,26,0.47853908121052485,0.5769230769230769,0.4230769230769231,0.0273289382457733
rojyUp4FPSg$_$9,V,26,0.4333050919628964,0.34615384615384615,0.6538461538461539,0.0016130829850832
rwNlqh0k1j4$_$15,A,43,0.37817211709692045,0.4883720930232558,0.5116279069767442,0.0005133897066116
rwNlqh0k1j4$_$15,T,43,0.5108852532395907,0.7209302325581395,0.27906976744186046,0.0071495324373245
rwNlqh0k1j4$_$15,V,43,0.47430331791893054,0.3953488372093023,0.6046511627906976,0.0002713799476623
rwNlqh0k1j4$_$2,A,22,0.35907222429960156,0.5909090909090909,0.4090909090909091,0.00090860016643995
rwNlqh0k1j4$_$2,T,22,0.5862348215726315,0.5,0.5,0.007812471439441001
rwNlqh0k1j4$_$2,V,22,0.4712766596513124,0.6363636363636364,0.36363636363636365,0.0007519846161206
rwNlqh0k1j4$_$3,A,17,0.42614861714533714,0.5294117647058824,0.47058823529411764,0.0020958570142587
rwNlqh0k1j4$_$3,T,17,0.6259927949239847,0.4117647058823529,0.5882352941176471,0.0195205050210158
rwNlqh0k1j4$_$3,V,17,0.46573529980957923,0.47058823529411764,0.47058823529411764,0.0006521729131539
rwNlqh0k1j4$_$7,A,32,0.44720024677265074,0.53125,0.46875,0.0005323216319084
rwNlqh0k1j4$_$7,T,32,0.629179629489512,0.53125,0.46875,0.0086534190922975
rwNlqh0k1j4$_$7,V,32,0.45159150674826737,0.4375,0.53125,0.00021132702628764999
sC16n1k66io$_$16,A,12,0.34019150686968375,0.5,0.5,0.00200111915667845
sC16n1k66io$_$16,T,12,0.49870723727574756,0.6666666666666666,0.3333333333333333,0.039698593163241896
sC16n1k66io$_$16,V,12,0.3359500675895063,0.5,0.5,0.0014449016501506
sC16n1k66io$_$2,A,32,0.39404176366598315,0.40625,0.5625,0.0004029149810473
sC16n1k66io$_$2,T,32,0.6483853934847824,0.5625,0.4375,0.0039503077665964
sC16n1k66io$_$2,V,32,0.3370305873807875,0.53125,0.46875,0.00029760350783660005
sPremsknoLM$_$1,A,6,0.4167869075700434,0.3333333333333333,0.6666666666666666,0.00582796987146135
sPremsknoLM$_$1,T,6,0.6612731160836605,0.5,0.5,0.013349060279627598
ssqiwP19JhM$_$10,A,39,0.34743557150032556,0.48717948717948717,0.5128205128205128,0.0006802727778752
ssqiwP19JhM$_$10,T,39,0.5630231760792572,0.6666666666666666,0.3333333333333333,0.0097558945417404
ssqiwP19JhM$_$10,V,39,0.3792779174266552,0.5128205128205128,0.48717948717948717,0.0005836387475331
ssqiwP19JhM$_$2,A,22,0.46157783399290714,0.5454545454545454,0.45454545454545453,0.0007974083224932
ssqiwP19JhM$_$2,T,22,0.5140226836957545,0.36363636363636365,0.6363636363636364,0.0077883824706077
ssqiwP19JhM$_$2,V,22,0.3277916533886613,0.5,0.5,0.0005533794562021
szic2IB9HB4$_$5,A,13,0.35887925236737145,0.5384615384615384,0.46153846153846156,0.0017825166384379
szic2IB9HB4$_$5,T,13,0.6992154550205469,0.6153846153846154,0.38461538461538464,0.0177197058995564
szic2IB9HB4$_$5,V,13,0.3506113611150122,0.5384615384615384,0.46153846153846156,0.0002387116352717
tQ-CIfgj-Js$_$3,A,2,0.5057061122477752,0.5,0.5,0.00689223905404405
tQ-CIfgj-Js$_$3,T,48,0.5101458198737094,0.5208333333333334,0.4791666666666667,0.0073283103605110995
tXQpm-nKxNA$_$5,A,19,0.44547430940674143,0.42105263157894735,0.5789473684210527,0.0004345476627349
tXQpm-nKxNA$_$5,T,19,0.4562033047119245,0.631578947368421,0.3684210526315789,0.0050083398818969
tXQpm-nKxNA$_$5,V,19,0.3750045808240614,0.5263157894736842,0.42105263157894735,0.0003771781921386
tXQpm-nKxNA$_$7,A,29,0.4899916830138067,0.4827586206896552,0.4827586206896552,0.0004997799793879
tXQpm-nKxNA$_$7,T,29,0.6090542528616104,0.5517241379310345,0.4482758620689655,0.0070517311493555
tXQpm-nKxNA$_$7,V,29,0.40062717568523,0.5862068965517241,0.41379310344827586,0.0005471607049306
uacdDoBtT1k$_$0,A,48,0.4654805748768441,0.5,0.5,0.00048678740859025
uacdDoBtT1k$_$0,T,48,0.5271170589147173,0.5208333333333334,0.4791666666666667,0.0080593973398208
uacdDoBtT1k$_$0,V,45,0.4095100197630414,0.4444444444444444,0.5333333333333333,0.000109925866127
uacdDoBtT1k$_$6,A,28,0.45299589369475785,0.42857142857142855,0.5357142857142857,0.00095570770402745
uacdDoBtT1k$_$6,T,28,0.5387106925097591,0.5357142857142857,0.4642857142857143,0.0096814756592114
uacdDoBtT1k$_$6,V,23,0.4300774977658773,0.4782608695652174,0.43478260869565216,0.0002801790833473
unNY4zIk8MM$_$1,A,30,0.42017195896617754,0.4,0.5333333333333333,0.00032988190650935
unNY4zIk8MM$_$1,T,30,0.7196377806404529,0.5666666666666667,0.43333333333333335,0.0015141715606053498
unNY4zIk8MM$_$1,V,5,0.33282816475280885,0.6,0.4,0.001975655555725
unNY4zIk8MM$_$3,A,17,0.43747625899620773,0.47058823529411764,0.5294117647058824,0.0021502897143363
unNY4zIk8MM$_$3,T,17,0.5828881744746248,0.5294117647058824,0.47058823529411764,0.0095481524864832
unNY4zIk8MM$_$3,V,1,1.0,1.0,0.0,0.0181002169847488
unNY4zIk8MM$_$5,A,21,0.4407592630463543,0.47619047619047616,0.5238095238095238,0.0010194480419158
unNY4zIk8MM$_$5,T,21,0.5823796336704143,0.5238095238095238,0.47619047619047616,0.0064507921536763
unNY4zIk8MM$_$5,V,1,1.0,1.0,0.0,0.0828287253777186
unNY4zIk8MM$_$8,A,12,0.4379857060758677,0.4166666666666667,0.5833333333333334,0.00112370029091835
unNY4zIk8MM$_$8,T,12,0.463873753784061,0.5833333333333334,0.4166666666666667,0.013158081720272649
unNY4zIk8MM$_$8,V,12,0.47240636250147877,0.4166666666666667,0.5833333333333334,0.0011541346708933
uooIiW6dEyg$_$1,A,8,0.3553397072712064,0.5,0.5,0.00316824267307915
uooIiW6dEyg$_$1,T,8,0.6510595353970537,0.375,0.625,0.03036793321371075
uooIiW6dEyg$_$1,V,8,0.42921832531365345,0.5,0.5,0.00102125356594715
uooIiW6dEyg$_$5,A,35,0.4260743098260338,0.5428571428571428,0.42857142857142855,0.000774343808492
uooIiW6dEyg$_$5,T,35,0.5400531060867032,0.6,0.4,0.0066677927970886
uooIiW6dEyg$_$5,V,35,0.4503380395487523,0.34285714285714286,0.6571428571428571,0.0005973478158315
v2Rr-EsJda8$_$0,A,10,0.3322305827679583,0.5,0.5,0.00164666275183355
v2Rr-EsJda8$_$0,T,10,0.4936899954996573,0.6,0.4,0.033788873503605446
v2Rr-EsJda8$_$0,V,3,0.46706709931109974,0.6666666666666666,0.3333333333333333,0.0038048500816027
v2Rr-EsJda8$_$6,A,12,0.4238079568470311,0.5,0.5,0.00223884979883825
v2Rr-EsJda8$_$6,T,12,0.4786957247583155,0.5833333333333334,0.4166666666666667,0.0703394177059332
v2Rr-EsJda8$_$6,V,9,0.332364272450626,0.5555555555555556,0.4444444444444444,0.001953641573588
v9gjg7TDlTA$_$0,A,16,0.43898077753881704,0.625,0.375,0.0023465591172377002
v9gjg7TDlTA$_$0,T,16,0.6381073145876656,0.375,0.625,0.0247804087897141
v9gjg7TDlTA$_$0,V,16,0.45657045682728564,0.5625,0.4375,0.00053934628764785
v9gjg7TDlTA$_$4,A,20,0.30476353611446483,0.45,0.55,0.0021516357858974997
v9gjg7TDlTA$_$4,T,20,0.5836854677435613,0.5,0.5,0.037419059003392804
v9gjg7TDlTA$_$4,V,20,0.43024855580538096,0.7,0.3,0.0007057959834734
vHzbn_YW76s$_$3,A,19,0.30975006307871533,0.42105263157894735,0.5789473684210527,0.002235822379589
vHzbn_YW76s$_$3,T,19,0.5902445165211658,0.5789473684210527,0.42105263157894735,0.0199437836805979
vHzbn_YW76s$_$3,V,19,0.3320443257133582,0.631578947368421,0.3684210526315789,0.0005379219849904
vU0a4F36Ksw$_$0,A,48,0.4486912210088103,0.4166666666666667,0.5208333333333334,0.00032894313335415
vU0a4F36Ksw$_$0,T,48,0.5511272354139755,0.5,0.5,0.00397893786430355
vU0a4F36Ksw$_$0,V,48,0.45301002461767703,0.4791666666666667,0.5208333333333334,0.00015972057978305
vU0a4F36Ksw$_$12,A,22,0.39731415535105846,0.45454545454545453,0.5454545454545454,0.0018541316191355
vU0a4F36Ksw$_$12,T,22,0.5371509532717718,0.4090909090909091,0.5909090909090909,0.0056743572155634
vU0a4F36Ksw$_$12,V,22,0.5737382301211268,0.2727272727272727,0.7272727272727273,0.00048520167668655
vU0a4F36Ksw$_$13,A,31,0.42800363881067005,0.5161290322580645,0.4838709677419355,0.0005630950133005
vU0a4F36Ksw$_$13,T,31,0.5486859869877738,0.5483870967741935,0.45161290322580644,0.00396462281545
vU0a4F36Ksw$_$13,V,31,0.5480668773395576,0.4838709677419355,0.5161290322580645,0.0004090170065561
vU0a4F36Ksw$_$17,A,16,0.43296832427343035,0.5625,0.4375,0.0025926871846119
vU0a4F36Ksw$_$17,T,16,0.5248459956412697,0.5,0.5,0.0242860664923985
vU0a4F36Ksw$_$17,V,16,0.5096741710187375,0.625,0.375,0.00080964279671505
vU0a4F36Ksw$_$20,A,4,0.37576797717986943,0.5,0.5,0.0069540146311434
vU0a4F36Ksw$_$20,T,4,0.5339932462815761,0.5,0.5,0.0323677361011505
vU0a4F36Ksw$_$20,V,4,0.5117751965508708,0.25,0.75,0.0028180995335181
vU0a4F36Ksw$_$3,A,6,0.453450160559798,0.5,0.5,0.0014461179574329999
vU0a4F36Ksw$_$3,T,6,0.6513193127720966,0.6666666666666666,0.3333333333333333,0.03180982669194535
vU0a4F36Ksw$_$3,V,6,0.5602453210274416,0.6666666666666666,0.3333333333333333,0.00099218388398485
vU0a4F36Ksw$_$5,A,28,0.4763849708337922,0.5,0.5,0.00072041743745405
vU0a4F36Ksw$_$5,T,28,0.5657748646017164,0.42857142857142855,0.5714285714285714,0.0269068067233699
vU0a4F36Ksw$_$5,V,28,0.45109683699567654,0.6071428571428571,0.39285714285714285,0.0007691433032353499
vU0a4F36Ksw$_$7,A,19,0.37780057781285953,0.5263157894736842,0.47368421052631576,0.0019520279020071
vU0a4F36Ksw$_$7,T,19,0.5916507275663082,0.631578947368421,0.3684210526315789,0.0100431637838482
vU0a4F36Ksw$_$7,V,19,0.32363469151597346,0.3684210526315789,0.631578947368421,0.0007062616447607
vbr3EA8cJTI$_$0,A,19,0.40266427898147794,0.631578947368421,0.3684210526315789,0.0005902846654256
vbr3EA8cJTI$_$0,T,19,0.6221105109748449,0.6842105263157895,0.3157894736842105,0.0029720465342203
vbr3EA8cJTI$_$0,V,19,0.5944023674792401,0.3684210526315789,0.631578947368421,0.0009030401706695
vbr3EA8cJTI$_$2,A,25,0.513585030638632,0.6,0.4,0.0011067042748133
vbr3EA8cJTI$_$2,T,25,0.44607139191975875,0.52,0.48,0.0131106972694396
vbr3EA8cJTI$_$2,V,24,0.40684188185242326,0.7083333333333334,0.2916666666666667,0.0006975531578063501
vbr3EA8cJTI$_$6,A,28,0.5408997923447827,0.5714285714285714,0.42857142857142855,0.0005220870176950499
vbr3EA8cJTI$_$6,T,28,0.5874910427109125,0.5714285714285714,0.42857142857142855,0.0025559713443119502
vbr3EA8cJTI$_$6,V,28,0.42338173317363315,0.4642857142857143,0.5357142857142857,0.00062999626000715
vbr3EA8cJTI$_$7,A,22,0.4932051053032674,0.2727272727272727,0.7272727272727273,0.0014187870547175
vbr3EA8cJTI$_$7,T,22,0.6300452716691595,0.4090909090909091,0.5909090909090909,0.0202661709239085
vbr3EA8cJTI$_$7,V,22,0.3578204391391949,0.4090909090909091,0.5909090909090909,0.0020276252180337
wF8980oGklk$_$0,A,18,0.5504218629601779,0.6666666666666666,0.3333333333333333,0.00107691561182335
wF8980oGklk$_$0,T,18,0.6045985608133584,0.5,0.5,0.007767007996638551
wF8980oGklk$_$0,V,5,0.2581499006449664,0.6,0.4,0.0085795943935712
wF8980oGklk$_$1,A,7,0.4679908772674249,0.42857142857142855,0.5714285714285714,0.0045581956704457
wF8980oGklk$_$1,T,7,0.47855647264014134,0.7142857142857143,0.2857142857142857,0.0420503715674082
wF8980oGklk$_$1,V,7,0.4866823121966901,0.5714285714285714,0.42857142857142855,0.0006337662537892
wF8980oGklk$_$17,A,23,0.4292665568536385,0.5217391304347826,0.4782608695652174,0.0013397286335627
wF8980oGklk$_$17,T,23,0.4535089017212735,0.5652173913043478,0.43478260869565216,0.0212221294641494
wF8980oGklk$_$17,V,13,0.3529144968998647,0.6153846153846154,0.38461538461538464,0.0020349472761154
wF8980oGklk$_$2,A,5,0.3528823002477663,0.4,0.6,0.0044425179560979
wF8980oGklk$_$2,T,5,0.3873082068362373,0.6,0.4,0.0456239233414332
wF8980oGklk$_$2,V,5,0.3537413385043575,0.6,0.4,0.0021531482537587
wF8980oGklk$_$24,A,22,0.4869815105242942,0.5,0.5,0.0013149840136368498
wF8980oGklk$_$24,T,22,0.6023378974093959,0.4090909090909091,0.5909090909090909,0.00833386058608685
wF8980oGklk$_$24,V,22,0.5873673278144376,0.6363636363636364,0.36363636363636365,0.0003639745215574
wF8980oGklk$_$25,A,10,0.3426423433349863,0.6,0.4,0.0008624792098999
wF8980oGklk$_$25,T,10,0.5220582545075978,0.6,0.4,0.01934745162725445
wF8980oGklk$_$25,V,10,0.42476696435984534,0.5,0.5,0.000275120139122
wF8980oGklk$_$3,A,17,0.47217233776224843,0.4117647058823529,0.5882352941176471,0.0012121225396792
wF8980oGklk$_$3,T,17,0.49581164243826625,0.4117647058823529,0.5882352941176471,0.0183545040587584
wF8980oGklk$_$3,V,17,0.41203398503239036,0.47058823529411764,0.5294117647058824,0.0007599343856175
wF8980oGklk$_$6,A,24,0.43614611075664683,0.5416666666666666,0.4583333333333333,0.0006893873214721001
wF8980oGklk$_$6,T,24,0.6619455553302327,0.375,0.625,0.00961240132649735
wF8980oGklk$_$6,V,23,0.39592762520914454,0.5652173913043478,0.43478260869565216,0.0012148718039194
wosolsrH3sM$_$6,A,48,0.42390518976390756,0.5625,0.4375,0.0006098871429761
wosolsrH3sM$_$6,T,48,0.5673108317574165,0.5625,0.4375,0.0090223401784896
wosolsrH3sM$_$6,V,48,0.4699824042347022,0.4375,0.5416666666666666,0.0001692635317643
x-zGBp7axao$_$3,A,48,0.4300906072381661,0.5833333333333334,0.3958333333333333,0.00057449191808695
x-zGBp7axao$_$3,T,48,0.5181698006072059,0.4375,0.5625,0.01911385109027225
x-zGBp7axao$_$3,V,48,0.4621695750426013,0.3333333333333333,0.6666666666666666,0.0007401332259178
x2lOwQaAn4g$_$4,A,18,0.3968375253950986,0.4444444444444444,0.5555555555555556,0.0006639311710993
x2lOwQaAn4g$_$4,T,18,0.6957669835282808,0.6111111111111112,0.3888888888888889,0.0043767889340718
x2lOwQaAn4g$_$4,V,14,0.6187233553576853,0.9285714285714286,0.07142857142857142,0.0003407994906107
xUgAP84vsg4$_$15,A,21,0.40613052768008934,0.6190476190476191,0.38095238095238093,0.0003438889980316
xUgAP84vsg4$_$15,T,21,0.7186407575493431,0.6190476190476191,0.38095238095238093,0.0035308500130971
xUgAP84vsg4$_$15,V,13,0.43821970887676387,0.46153846153846156,0.5384615384615384,0.0004001259803771
xUgAP84vsg4$_$4,A,22,0.3700348636326367,0.45454545454545453,0.5454545454545454,0.0014005502065022
xUgAP84vsg4$_$4,T,22,0.5458562501075767,0.5454545454545454,0.45454545454545453,0.0043685982624689
xUgAP84vsg4$_$4,V,22,0.3362052176771387,0.5909090909090909,0.4090909090909091,0.0012454092502593
xUgAP84vsg4$_$8,A,10,0.3825624900338899,0.7,0.3,0.0033108262966076
xUgAP84vsg4$_$8,T,10,0.5612389268709406,0.5,0.5,0.008247056355079
xUgAP84vsg4$_$8,V,10,0.3616579401229227,0.4,0.6,0.0015036389231681
xivYoEUQ5sk$_$4,A,26,0.3783116309687877,0.5384615384615384,0.46153846153846156,0.0005636314551035
xivYoEUQ5sk$_$4,T,26,0.6927561292054569,0.46153846153846156,0.5384615384615384,0.00658708314100895
xivYoEUQ5sk$_$4,V,26,0.39974347571623703,0.34615384615384615,0.6538461538461539,0.00054683784643805
xivYoEUQ5sk$_$5,A,45,0.459370082632003,0.6222222222222222,0.37777777777777777,0.0004025399684906
xivYoEUQ5sk$_$5,T,45,0.6754577553214179,0.4888888888888889,0.5111111111111111,0.0041508972644805
xivYoEUQ5sk$_$5,V,45,0.4156859323379174,0.5333333333333333,0.4666666666666667,0.000297874212265
xjsaS-LeZ14$_$14,A,19,0.41863365171072603,0.5789473684210527,0.42105263157894735,0.0009099245071411
xjsaS-LeZ14$_$14,T,19,0.44214850783655646,0.5789473684210527,0.42105263157894735,0.0114519198735555
xjsaS-LeZ14$_$14,V,12,0.567844752907338,0.16666666666666666,0.8333333333333334,0.0010042836268742501
xjsaS-LeZ14$_$20,A,19,0.34711082838599694,0.5263157894736842,0.47368421052631576,0.0024571220080057
xjsaS-LeZ14$_$20,T,19,0.5295983381664571,0.5789473684210527,0.42105263157894735,0.0154410029451052
xjsaS-LeZ14$_$20,V,19,0.5535627455748044,0.15789473684210525,0.8421052631578947,0.0018657768766085
xjsaS-LeZ14$_$6,A,48,0.4696592356661607,0.5416666666666666,0.4583333333333333,0.00036911790569615
xjsaS-LeZ14$_$6,T,48,0.5238328176417103,0.4791666666666667,0.5208333333333334,0.0077705358465512
xjsaS-LeZ14$_$6,V,48,0.44330906505074885,0.4375,0.5625,0.00055871407190955
y8HXGm1-Ecw$_$7,A,23,0.38534799843235223,0.5652173913043478,0.43478260869565216,0.0015497530500094
y8HXGm1-Ecw$_$7,T,23,0.7154076662284414,0.34782608695652173,0.6521739130434783,0.0114135903616746
y8HXGm1-Ecw$_$7,V,23,0.30370723229772734,0.43478260869565216,0.5652173913043478,0.002039760351181
y9FyTEyGy5Y$_$1,A,13,0.3255074856532897,0.6153846153846154,0.38461538461538464,0.0025229652722676
y9FyTEyGy5Y$_$1,T,13,0.5406123658431495,0.6923076923076923,0.3076923076923077,0.0154514759778976
y9FyTEyGy5Y$_$1,V,13,0.3843122648513312,0.46153846153846156,0.5384615384615384,0.0016384323438008
zhE_68GMJIk$_$5,A,29,0.45557934109416987,0.5517241379310345,0.4482758620689655,0.0009300193438927
zhE_68GMJIk$_$5,T,29,0.5705659370774426,0.4827586206896552,0.5172413793103449,0.0224975987027088
zhE_68GMJIk$_$5,V,29,0.43798568780538255,0.4827586206896552,0.5172413793103449,0.0006353581945101
zhE_68GMJIk$_$8,A,23,0.47932860821268936,0.4782608695652174,0.5217391304347826,0.0010029325882593
zhE_68GMJIk$_$8,T,23,0.4998064838231047,0.6521739130434783,0.34782608695652173,0.0154715379079182
zhE_68GMJIk$_$8,V,23,0.4862210810965276,0.5217391304347826,0.4782608695652174,0.0005796054999033
zjYEBwXGD8I$_$0,A,11,0.5021467656188786,0.6363636363636364,0.36363636363636365,0.001497745513916
zjYEBwXGD8I$_$0,T,11,0.591027476429469,0.5454545454545454,0.45454545454545453,0.0164533058802286
zjYEBwXGD8I$_$0,V,11,0.5078732550162008,0.8181818181818182,0.18181818181818182,0.0001928607622782
zjYEBwXGD8I$_$13,A,38,0.4133918763453386,0.42105263157894735,0.5789473684210527,0.00082180959482985
zjYEBwXGD8I$_$13,T,38,0.5510835047197123,0.47368421052631576,0.5263157894736842,0.026716043551762853
zjYEBwXGD8I$_$13,V,38,0.43976518636004835,0.42105263157894735,0.5789473684210527,0.0003408410896857
zjYEBwXGD8I$_$15,A,20,0.40384805509535027,0.7,0.3,0.0012218688401237502
zjYEBwXGD8I$_$15,T,20,0.4914564247180921,0.55,0.45,0.006666019714126951
zjYEBwXGD8I$_$15,V,1,1.0,1.0,0.0,0.038772149477154
zjYEBwXGD8I$_$2,A,13,0.46901024045445877,0.38461538461538464,0.6153846153846154,0.0012679149707158
zjYEBwXGD8I$_$2,T,13,0.654149208450632,0.46153846153846156,0.5384615384615384,0.0162680397431055
zjYEBwXGD8I$_$2,V,13,0.4356654823003083,0.38461538461538464,0.6153846153846154,0.0015042473872502
zjYEBwXGD8I$_$4,A,40,0.3652257244009969,0.525,0.475,0.0008594008783498999
zjYEBwXGD8I$_$4,T,40,0.4556128591222729,0.55,0.45,0.00605695943037665
zjYEBwXGD8I$_$9,A,26,0.5207156799575752,0.38461538461538464,0.6153846153846154,0.0005012104908624501
zjYEBwXGD8I$_$9,T,26,0.4659676065893483,0.5,0.5,0.00629900892575575
zjYEBwXGD8I$_$9,V,17,0.455352472001494,0.47058823529411764,0.5294117647058824,0.0008082588513692
zk2jTlAtvSU$_$3,A,32,0.4066214906335441,0.375,0.625,0.00058601299921665
zk2jTlAtvSU$_$3,T,32,0.6948709063479037,0.375,0.625,0.0051409875353176995
zk2jTlAtvSU$_$3,V,31,0.40097469920756906,0.45161290322580644,0.5483870967741935,0.0005018909772237
