sample_id,word_id,score,accepted,duration
-3g5yACwYnA$_$13,0,-0.14096641147074643,True,0.6124817708333334
-3g5yACwYnA$_$13,1,-0.0012509358493844047,True,0.06427529761904749
-3g5yACwYnA$_$13,2,-0.00027305762148444046,True,0.12855059523809542
-3g5yACwYnA$_$13,3,-0.0004615965446816972,True,0.2571011904761904
-3g5yACwYnA$_$13,4,-0.002426950003609818,True,0.1928258928571429
-3g5yACwYnA$_$13,5,-0.0445336763546219,True,0.7070282738095237
-3g5yACwYnA$_$13,6,-7.813581532900571e-05,True,0.09641294642857146
-3g5yACwYnA$_$13,7,-0.03267735371885768,True,0.16068824404761894
-3g5yACwYnA$_$13,8,-0.001991594399441965,True,0.09641294642857146
-3g5yACwYnA$_$13,9,-0.6130743034658129,True,0.1928258928571429
-3g5yACwYnA$_$13,10,-0.18914008426103324,True,0.3856517857142858
-3g5yACwYnA$_$13,11,-0.02518071414856422,True,0.48206473214285683
-3g5yACwYnA$_$13,12,-0.0036281021263372772,True,0.0964129464285719
-3g5yACwYnA$_$13,13,-0.002485816758735382,True,0.09641294642857101
-3g5yACwYnA$_$13,14,-2.205329553817137e-05,True,0.12855059523809498
-3g5yACwYnA$_$2,0,-0.4564067668564763,True,0.5160824259581882
-3g5yACwYnA$_$2,1,-3.2714229800185253,True,0.32164851916376325
-3g5yACwYnA$_$2,2,-0.03227884747684584,True,0.2734012412891982
-3g5yACwYnA$_$2,3,-0.1267435990703234,True,0.11257698170731745
-3g5yACwYnA$_$2,4,-0.028832290525140428,True,0.41814307491289204
-3g5yACwYnA$_$2,5,-0.003608238326943468,True,0.35381337108013966
-3g5yACwYnA$_$2,6,-0.008211541281661993,True,0.32164851916376236
-3g5yACwYnA$_$2,7,-0.2163819177737878,True,0.5160824259581878
-3g5yACwYnA$_$2,8,-0.00044573348066023755,True,0.4824727787456444
-3g5yACwYnA$_$2,9,-0.00458375080688711,True,0.2573188153310104
-3g5yACwYnA$_$2,10,-0.0009368996426928789,True,0.16082425958188207
-3g5yACwYnA$_$2,11,-0.057914747760300145,True,0.2734012412891982
-3g5yACwYnA$_$2,12,-0.0016305181100809325,True,0.112576981707317
-3g5yACwYnA$_$2,13,-0.00018960950057334003,True,0.5146376306620208
-3g5yACwYnA$_$3,0,-0.0027509940895318625,True,0.46477446868008954
-3g5yACwYnA$_$3,1,-0.000748549592946309,True,0.4166943512304251
-3g5yACwYnA$_$3,2,-0.00014325278877909872,True,0.1923204697986578
-3g5yACwYnA$_$3,3,-0.2510032829431183,True,0.6121869407158838
-3g5yACwYnA$_$3,4,-0.1907964674726827,True,0.14424035234899346
-3g5yACwYnA$_$3,5,-0.18160916952825468,True,0.5609347035794183
-3g5yACwYnA$_$3,6,-3.8083633182766867e-05,True,0.5160267058165546
-3g5yACwYnA$_$3,7,-5.636468628011926e-05,True,0.2884807046979869
-3g5yACwYnA$_$3,8,-7.614391339672011e-06,True,0.5128545861297535
-3g5yACwYnA$_$3,9,-0.025357713660923764,True,0.5160267058165546
-3g5yACwYnA$_$3,10,-0.603665214407686,True,0.4487477628635341
-3g5yACwYnA$_$3,11,-0.39663989694218554,True,0.3846409395973156
-3g5yACwYnA$_$3,12,-8.426104245229382e-05,True,0.5128545861297544
-3g5yACwYnA$_$3,13,-0.06375493827847224,True,0.22437388143176662
-3g5yACwYnA$_$3,14,-0.09232705197064206,True,0.0641068232662203
-3g5yACwYnA$_$3,15,-0.0001236651191902638,True,0.09616023489932779
-3g5yACwYnA$_$3,16,-0.006469286715002909,True,0.41669435123042575
-3g5yACwYnA$_$3,17,-0.028714106447978338,True,0.5160267058165537
-3g5yACwYnA$_$3,18,-0.01648281425836539,True,0.9647744686800888
-3g5yACwYnA$_$3,19,-0.0002263566866522737,True,0.25642729306487766
-3g5yACwYnA$_$3,20,-0.0010572603847170587,True,0.22437388143176662
-3g5yACwYnA$_$3,21,-0.07387436819567483,True,0.3846409395973147
-3g5yACwYnA$_$3,22,-1.2507320393305008,True,0.4808011744966443
-3g5yACwYnA$_$3,23,-0.0018737509817583486,True,0.1282136465324406
-3g5yACwYnA$_$3,24,-0.00011002087740052957,True,0.09616023489932779
-3g5yACwYnA$_$3,25,-0.0030323308371104454,True,0.19232046979865736
-3g5yACwYnA$_$3,26,-0.040959464797469994,True,0.2884807046979869
-3g5yACwYnA$_$3,27,-0.5747409109026194,True,0.0641068232662203
-3g5yACwYnA$_$3,28,-0.039156805067796084,True,0.1602670581655481
-3g5yACwYnA$_$9,0,-5.411563302952042e-05,True,0.41715728782287825
-3g5yACwYnA$_$9,1,-0.00047882552826195024,True,0.12835608856088565
-3g5yACwYnA$_$9,2,-0.0035395077684370335,True,0.19253413284132825
-3g5yACwYnA$_$9,3,-0.4247845371156127,True,0.5160445110701108
-3g5yACwYnA$_$9,4,-0.08063780712575408,True,0.6899139760147599
-3g5yACwYnA$_$9,5,-0.06856953919253783,True,0.1444005996309965
-3g5yACwYnA$_$9,6,-9.230116427010457e-05,True,0.5160445110701106
-3g5yACwYnA$_$9,7,-0.0012906441803295365,True,0.16044511070110712
-3g5yACwYnA$_$9,8,-0.00012439857785295771,True,0.22462315498155005
-3g5yACwYnA$_$9,9,-0.00016792491442056226,True,0.19253413284132836
-3g5yACwYnA$_$9,10,-0.26281215609890296,True,0.12835608856088587
-3g5yACwYnA$_$9,11,-0.032192545006955696,True,0.32089022140221335
-3g5yACwYnA$_$9,12,-0.005557166350627085,True,0.12835608856088587
-3g5yACwYnA$_$9,13,-0.0010147004340979038,True,0.288801199261993
-3g5yACwYnA$_$9,14,-0.6375392680839607,True,0.5160445110701106
-3g5yACwYnA$_$9,15,-0.00012742377352026324,True,0.25671217712177086
-3g5yACwYnA$_$9,16,-0.0010238512913929299,True,0.16044511070110712
-3g5yACwYnA$_$9,17,-0.07114447525573268,True,0.33693473247232486
-3g5yACwYnA$_$9,18,-0.12805947683318664,True,0.4332017988929886
-3g5yACwYnA$_$9,19,-0.0004771479064906714,True,0.5455133763837638
-3g5yACwYnA$_$9,20,-0.571180029489301,True,0.6417804428044285
-3nNcZdcdvU$_$5,0,-1.4788655918516986,True,1.2069053460743802
-3nNcZdcdvU$_$5,1,-8.112913123644223e-05,True,0.22528899793388435
-3nNcZdcdvU$_$5,2,-0.32120749457860676,True,0.5149462809917353
-3nNcZdcdvU$_$5,3,-1.8610577941447966,True,0.41839385330578516
-3nNcZdcdvU$_$5,4,-0.020235980022973738,True,0.3862097107438016
-3nNcZdcdvU$_$5,5,-0.0005263179769724299,True,0.4505779958677687
-3nNcZdcdvU$_$5,6,-1.770164610670477e-05,True,0.5149462809917358
-3nNcZdcdvU$_$5,7,-0.00033292007375804487,True,0.2896572830578519
-3nNcZdcdvU$_$5,8,-1.6820342343534965e-05,True,0.5160920712809922
-3nNcZdcdvU$_$5,9,-0.00010990805924393499,True,0.289657283057851
-3nNcZdcdvU$_$5,10,-3.4570595914829028e-06,True,0.16092071280991682
-3nNcZdcdvU$_$5,11,-0.013698340077096915,True,0.12873657024793417
-3nNcZdcdvU$_$5,12,-7.192923329367974e-05,True,0.3862097107438025
-3nNcZdcdvU$_$5,13,-0.006821906596980755,True,0.2252889979338839
-3nNcZdcdvU$_$5,14,-0.00015550189721125207,True,0.16092071280991682
-3nNcZdcdvU$_$5,15,-0.00026238366613000607,True,0.16092071280991682
-3nNcZdcdvU$_$5,16,-0.0010480540961831746,True,0.1609207128099186
-3nNcZdcdvU$_$5,17,-6.396342130048854e-05,True,0.32184142561983364
-571d8cVauQ$_$0,0,-0.8444194652936002,True,0.5161042338709676
-571d8cVauQ$_$0,1,-2.9706962320487946,True,0.06441693548387106
-571d8cVauQ$_$0,2,-1.7406434112390343,True,0.25766774193548403
-571d8cVauQ$_$0,3,-2.3126536698541713,True,0.289876209677419
-571d8cVauQ$_$0,4,-0.13563905581852018,True,0.19325080645161297
-571d8cVauQ$_$0,5,-0.03835739056313159,True,0.5153354838709681
-571d8cVauQ$_$0,6,-0.12654604902116828,True,0.5153354838709676
-571d8cVauQ$_$0,7,-0.002911510083038138,True,0.12883387096774168
-571d8cVauQ$_$0,8,-0.0002644167559303412,True,0.28987620967741945
-571d8cVauQ$_$0,9,-0.0002437984546569775,True,0.19325080645161297
-571d8cVauQ$_$0,10,-0.0007027262948682278,True,0.3865016129032255
-571d8cVauQ$_$0,11,-0.05577369667067463,True,0.1610423387096782
-571d8cVauQ$_$5,0,-3.3378234389758177e-06,True,0.2888264331210191
-571d8cVauQ$_$5,1,-0.010823682342959273,True,0.22464278131634818
-571d8cVauQ$_$5,2,-2.789362592920952e-05,True,0.35301008492568997
-571d8cVauQ$_$5,3,-7.298158294588575e-05,True,0.2888264331210191
-571d8cVauQ$_$5,4,-0.0001631839298397608,True,0.19255095541401257
-571d8cVauQ$_$5,5,-0.00022433014935176385,True,0.2246427813163483
-571d8cVauQ$_$5,6,-8.187864399822331e-06,True,0.5160459129511676
-571d8cVauQ$_$5,7,-0.0007323158943866778,True,0.19255095541401257
-571d8cVauQ$_$5,8,-0.0125970456507719,True,0.6739283439490449
-571d8cVauQ$_$5,9,-6.14061458595724e-05,True,0.4813773885350314
-571d8cVauQ$_$5,10,-5.125862098306503e-05,True,0.44928556263269614
-571d8cVauQ$_$5,11,-0.0008595709558743003,True,0.48137738853503187
-571d8cVauQ$_$5,12,-4.806747317243065e-05,True,0.256734607218684
-571d8cVauQ$_$5,13,-0.0003301028251954108,True,0.12836730360934112
-571d8cVauQ$_$5,14,-0.049928232549806766,True,0.38510191082802603
-571d8cVauQ$_$5,15,-0.008327064035022147,True,0.128367303609342
-571d8cVauQ$_$5,16,-1.2755178848541012e-05,True,0.09627547770700673
-571d8cVauQ$_$5,17,-0.00043964062801933325,True,0.19255095541401168
-571d8cVauQ$_$5,18,-2.3109017520450692e-05,True,0.5160459129511672
-571d8cVauQ$_$5,19,-0.0001704804790279013,True,0.22464278131634963
-571d8cVauQ$_$5,20,-5.962387562590266e-05,True,0.1604591295116773
-571d8cVauQ$_$5,21,-0.015079829338770676,True,0.24068869426751505
-571d8cVauQ$_$5,22,-0.009862585225770696,True,0.08022956475583953
-571d8cVauQ$_$5,23,-0.006251895132652073,True,0.5160459129511681
-571d8cVauQ$_$5,24,-0.002887362820911221,True,0.19255095541401168
-571d8cVauQ$_$5,25,-0.0022978377020081097,True,0.1444132165605101
-571d8cVauQ$_$5,26,-0.046721458129746776,True,0.36905599787685794
-571d8cVauQ$_$5,27,-1.3511831525647722e-05,True,0.516045912951169
-571d8cVauQ$_$5,28,-0.008944447794969316,True,0.11232139065817393
-571d8cVauQ$_$5,29,-0.0013519427351032693,True,0.11232139065817393
-571d8cVauQ$_$5,30,-0.15558996210771983,True,0.4492855626326957
-571d8cVauQ$_$5,31,-2.4734962445127167,True,0.12836730360934112
-571d8cVauQ$_$5,32,-6.717591322415371e-05,True,0.22464278131634785
-571d8cVauQ$_$5,33,-0.00012729642079446033,True,0.5160459129511672
-571d8cVauQ$_$5,34,-0.002738906272418262,True,0.3209182590233546
-571d8cVauQ$_$5,35,-0.00010897935090762682,True,0.19255095541401168
-571d8cVauQ$_$5,36,-0.00010784505137155047,True,0.4171937367303613
-571d8cVauQ$_$5,37,-9.126742390730413e-06,True,0.5160459129511672
-571d8cVauQ$_$5,38,-4.8475796456652155e-05,True,0.19255095541401346
-571d8cVauQ$_$5,39,-0.007437491079031133,True,0.1604591295116755
-571d8cVauQ$_$5,40,-0.0002778369045992284,True,0.19255095541401346
-571d8cVauQ$_$5,41,-0.013952926885195893,True,0.3851019108280269
-571d8cVauQ$_$5,42,-3.570877781111648e-05,True,0.516045912951169
-6rXp3zJ3kc$_$8,0,-1.4453908565319327,True,0.272727959697733
-6rXp3zJ3kc$_$8,1,-9.991260595398899e-05,True,0.25668513853904273
-6rXp3zJ3kc$_$8,2,-0.07235872443857261,True,0.25668513853904273
-6rXp3zJ3kc$_$8,3,-0.0005306269036477065,True,0.22459949622166242
-6rXp3zJ3kc$_$8,4,-0.00023847000870854833,True,0.44919899244332484
-6rXp3zJ3kc$_$8,5,-0.00010207077486749465,True,0.1604282115869018
-6rXp3zJ3kc$_$8,6,-2.1004355949116872e-05,True,0.19251385390428188
-6rXp3zJ3kc$_$8,7,-0.03705214838230729,True,0.22459949622166242
-6rXp3zJ3kc$_$8,8,-0.00033648948738118634,True,0.1283425692695217
-6rXp3zJ3kc$_$8,9,-0.00025327411488262896,True,0.1604282115869018
-6rXp3zJ3kc$_$8,10,-0.00015049660721530244,True,0.772727959697733
-6rXp3zJ3kc$_$8,11,-0.0032344270699127264,True,0.1604282115869018
-6rXp3zJ3kc$_$8,12,-0.0020612706627124075,True,0.3529420654911841
-6rXp3zJ3kc$_$8,13,-0.00048396092159919135,True,0.16042821158690135
-6rXp3zJ3kc$_$8,14,-0.004808185850720292,True,0.5133702770780859
-6rXp3zJ3kc$_$8,15,-0.008656245641759597,True,0.19251385390428233
-6rXp3zJ3kc$_$8,16,-0.032500068553929395,True,0.48128463476070493
-6rXp3zJ3kc$_$8,17,-0.9504061953822808,True,0.41711335012594475
-6rXp3zJ3kc$_$8,18,-1.1991167824289715,True,0.513370277078085
-6rXp3zJ3kc$_$8,19,-0.0016652135100230225,True,0.09625692695214116
-6rXp3zJ3kc$_$8,20,-0.14037254938739352,True,0.09625692695214116
-6rXp3zJ3kc$_$8,21,-0.0004975876269289378,True,0.16042821158690224
-6rXp3zJ3kc$_$8,22,-2.7804840868839165e-05,True,0.16042821158690135
-6rXp3zJ3kc$_$8,23,-0.0005343516678664173,True,0.3529420654911837
-6rXp3zJ3kc$_$8,24,-1.7264900476969085e-05,True,0.22459949622166242
-6rXp3zJ3kc$_$8,25,-0.012950068366702384,True,0.7085566750629724
-6rXp3zJ3kc$_$8,26,-0.009654447417600553,True,0.596256926952142
-6rXp3zJ3kc$_$8,27,-0.007679159600038268,True,0.3689848866498746
-6rXp3zJ3kc$_$8,28,-0.0016058086216617085,True,0.09625692695214028
-6rXp3zJ3kc$_$8,29,-9.226392312555731e-05,True,0.19251385390428233
-6rXp3zJ3kc$_$8,30,-0.003618128084652028,True,0.497327455919395
-6rXp3zJ3kc$_$8,31,-0.008955592273344928,True,0.593584382871537
-6rXp3zJ3kc$_$8,32,-4.524728456090088e-05,True,0.3529420654911828
-6rXp3zJ3kc$_$8,33,-7.793151148405286e-06,True,0.22459949622166242
-9y-fZ3swSY$_$0,0,-0.00014750260015716776,True,0.09652857142857142
-9y-fZ3swSY$_$0,1,-5.405437607318163,False,
-9y-fZ3swSY$_$0,2,-4.649687057448318,True,0.06435238095238094
-9y-fZ3swSY$_$0,3,-0.6032170348256235,True,0.19305714285714287
-9y-fZ3swSY$_$0,4,-0.03593887931570126,True,0.7239642857142856
-9y-fZ3swSY$_$0,5,-1.229887031814087,True,0.5160880952380953
-9y-fZ3swSY$_$0,6,-0.000353134170230381,True,0.16088095238095246
-9y-fZ3swSY$_$0,7,-0.00020152920186546907,True,0.35393809523809505
-9y-fZ3swSY$_$0,8,-0.0002322021104649754,True,0.5160880952380951
-9y-fZ3swSY$_$0,9,-1.3499292191602283,True,0.48264285714285693
-9y-fZ3swSY$_$0,10,-1.6557432038517619,True,0.2895857142857148
-9y-fZ3swSY$_$0,11,-4.531378560932353,True,0.06435238095238072
-9y-fZ3swSY$_$0,12,-0.0001105786650441587,True,0.09652857142857174
-9y-fZ3swSY$_$0,13,-9.85441099447352e-06,True,0.4182904761904753
-9y-fZ3swSY$_$0,14,-4.63464567385007e-05,True,0.35393809523809594
-9y-fZ3swSY$_$0,15,-0.10703383865981664,True,0.24132142857142824
-9y-fZ3swSY$_$0,16,-0.015452272276874623,True,0.14479285714285695
-9y-fZ3swSY$_$0,17,-3.9138557351887153e-05,True,0.25740952380952464
-9y-fZ3swSY$_$0,18,-0.00048639058624238326,True,0.25740952380952287
-9y-fZ3swSY$_$0,19,-0.0035320164051881875,True,0.19305714285714348
-9y-fZ3swSY$_$0,20,-0.0015099260801889614,True,0.12870476190476143
-9y-fZ3swSY$_$0,21,-0.012693097200565263,True,0.2895857142857148
-9y-fZ3swSY$_$4,0,-0.1964528425806975,True,0.2924794207317073
-9y-fZ3swSY$_$4,1,-0.1374838120464119,True,0.12999085365853663
-9y-fZ3swSY$_$4,2,-0.05703653837699676,True,0.2924794207317072
-9y-fZ3swSY$_$4,3,-0.0024817981029627845,True,0.16248856707317072
-9y-fZ3swSY$_$4,4,-0.45957868354980747,True,0.3899725609756096
-9y-fZ3swSY$_$4,5,-0.5034001982668505,True,0.38997256097560973
-9y-fZ3swSY$_$4,6,-0.015116859725897788,True,0.16248856707317083
-9y-fZ3swSY$_$4,7,-0.02705175229004908,True,0.12999085365853658
-9y-fZ3swSY$_$4,8,-0.2629529464375082,True,0.2924794207317074
-9y-fZ3swSY$_$8,0,-0.08327540267373479,True,0.289235294117647
-9y-fZ3swSY$_$8,1,-0.019036409297655155,True,0.12854901960784315
-9y-fZ3swSY$_$8,2,-0.0002610213574273855,True,0.4177843137254902
-9y-fZ3swSY$_$8,3,-0.002465046139841023,True,0.6106078431372548
-9y-fZ3swSY$_$8,4,-0.00749520369342882,True,0.4820588235294119
-9y-fZ3swSY$_$8,5,-0.0009934279150911607,True,0.16068627450980344
-9y-fZ3swSY$_$8,6,-5.454247011584812e-05,True,0.3213725490196082
-9y-fZ3swSY$_$8,7,-0.00015877267052625635,True,0.38564705882352923
-9y-fZ3swSY$_$8,8,-0.0038034752964165365,True,0.28923529411764726
-9y-fZ3swSY$_$8,9,-7.31558612869776e-05,True,0.16068627450980344
-9y-fZ3swSY$_$8,10,-4.2287070983082486e-05,True,0.5160686274509807
-9y-fZ3swSY$_$8,11,-8.586341324227457e-05,True,0.16068627450980433
-AUZQgSxyPQ$_$2,0,-4.947169911950766e-06,True,0.2564184549356223
-AUZQgSxyPQ$_$2,1,-0.0004906550498731121,True,0.16026153433476398
-AUZQgSxyPQ$_$2,2,-0.0014206111894730828,True,0.4166799892703861
-AUZQgSxyPQ$_$2,3,-0.19245366735267452,True,0.28847076180257525
-AUZQgSxyPQ$_$2,4,-0.0003867379409712157,True,0.2564184549356223
-AUZQgSxyPQ$_$2,5,-1.5836886055229797,True,0.12820922746781127
-AUZQgSxyPQ$_$2,6,-0.41278366652559273,True,0.6730984442060084
-AUZQgSxyPQ$_$2,7,-2.4660384572762403e-05,True,0.5160261534334767
-AUZQgSxyPQ$_$2,8,-0.44763554351977847,True,0.7372030579399138
-AUZQgSxyPQ$_$2,9,-0.004939216215544465,True,0.3846276824034329
-AUZQgSxyPQ$_$2,10,-2.4611096346033638e-05,True,0.5160261534334767
-AUZQgSxyPQ$_$2,11,-0.000164221855982305,True,0.19231384120171668
-AUZQgSxyPQ$_$2,12,-8.09450175722759e-05,True,0.5160261534334758
-AUZQgSxyPQ$_$2,13,-0.32281098267343583,True,0.7372030579399151
-AUZQgSxyPQ$_$2,14,-0.0143994185444285,True,0.1602615343347633
-AUZQgSxyPQ$_$2,15,-0.01971844042469167,True,0.6730984442060084
-AUZQgSxyPQ$_$2,16,-0.8207282436611038,True,0.8654122854077251
-AUZQgSxyPQ$_$2,17,-3.1060776022490636e-05,True,0.7083399946351925
-AUZQgSxyPQ$_$2,18,-2.0844973395585584,True,0.641046137339055
-AUZQgSxyPQ$_$2,19,-0.31716848601092046,True,0.4807846030042917
-AUZQgSxyPQ$_$2,20,-0.4681980323277912,True,0.4968107564377693
-AUZQgSxyPQ$_$2,21,-0.3089455676692104,True,0.40065383583691094
-AUZQgSxyPQ$_$2,22,-0.1506724349283104,True,0.5128369098712433
-AUZQgSxyPQ$_$2,23,-1.5890330602896796e-05,True,0.5160261534334776
-AUZQgSxyPQ$_$2,24,-0.6637688829112752,True,0.6570722907725326
-AUZQgSxyPQ$_$2,25,-0.002793762693897861,True,0.4647584495708159
-AUZQgSxyPQ$_$2,26,-0.0009092304616073166,True,0.44873229613733656
-AUZQgSxyPQ$_$2,27,-0.001158825500169769,True,0.19231384120171668
-AUZQgSxyPQ$_$2,28,-0.004600577397256226,True,1.189124597639486
-AUZQgSxyPQ$_$2,29,-0.5647342289300522,True,0.5160261534334794
-AUZQgSxyPQ$_$2,30,-0.060233577624345,True,0.5160261534334758
-AUZQgSxyPQ$_$2,31,-0.029898458998418833,True,0.57694152360515
-AUZQgSxyPQ$_$2,32,-0.00021770883737071145,True,0.5160261534334758
-AUZQgSxyPQ$_$2,33,-4.127544506218328e-05,True,0.288470761802575
-AUZQgSxyPQ$_$2,34,-0.27183847917878656,True,0.7372030579399151
-AUZQgSxyPQ$_$2,35,-0.15449636985271695,True,0.3205230686695266
-AUZQgSxyPQ$_$2,36,-0.0028788526636844836,True,0.25641845493562343
-AUZQgSxyPQ$_$2,37,-1.579516366145839e-06,True,0.5160261534334758
-AUZQgSxyPQ$_$2,38,-1.5452222847045505e-05,True,0.5160261534334758
-AUZQgSxyPQ$_$2,39,-0.0023220711117184173,True,0.4487322961373401
-AUZQgSxyPQ$_$2,40,-0.21437530822575152,True,0.57694152360515
-HeZS2-Prhc$_$2,0,-0.22336264624222976,True,0.5160450295275592
-HeZS2-Prhc$_$2,1,-5.616620559578678e-05,True,0.3850807086614174
-HeZS2-Prhc$_$2,2,-0.4054502509968394,True,0.44926082677165313
-HeZS2-Prhc$_$2,3,-0.07924783960477555,True,0.2567204724409451
-HeZS2-Prhc$_$2,4,-0.057588651308150496,True,0.25672047244094465
-HeZS2-Prhc$_$2,5,-1.9222131484752936e-05,True,0.12836023622047232
-HeZS2-Prhc$_$2,6,-0.0001288097929861287,True,0.5134409448818902
-HeZS2-Prhc$_$2,7,-7.875801537693405e-05,True,0.4492608267716536
-HeZS2-Prhc$_$2,8,-0.0002781799047397726,True,0.16045029527558974
-HeZS2-Prhc$_$2,9,-0.000710995632440851,True,0.19254035433070893
-HeZS2-Prhc$_$2,10,-0.16411255835698124,True,0.9332157972440944
-HeZS2-Prhc$_$2,11,-0.42530752853070447,True,0.5160450295275592
-HeZS2-Prhc$_$2,12,-5.262567579933375e-05,True,0.25672047244094465
-HeZS2-Prhc$_$2,13,-6.603138343545349e-05,True,0.41717076771653616
-HeZS2-Prhc$_$2,14,-0.0006296698822856328,True,0.22463041338582634
-HeZS2-Prhc$_$2,15,-0.00024265212505270028,True,0.28881053149606295
-HwX2H8Z4hY$_$2,0,,False,
-HwX2H8Z4hY$_$2,1,-0.8544949182803521,True,0.5161810433884297
-HwX2H8Z4hY$_$2,2,-6.04280287513393,False,
-HwX2H8Z4hY$_$2,3,-7.00433749338481,False,
-HwX2H8Z4hY$_$2,4,-0.00014628534849379094,True,0.5161810433884297
-HwX2H8Z4hY$_$2,5,-5.000572309654672e-05,True,0.12944834710743836
-HwX2H8Z4hY$_$2,6,-0.00018051849518485596,True,0.1294483471074379
-HwX2H8Z4hY$_$2,7,-0.0031437120751434122,True,0.09708626033057843
-HwX2H8Z4hY$_$5,0,,False,
-HwX2H8Z4hY$_$5,1,-0.0002621314730731683,True,0.4673773619186046
-HwX2H8Z4hY$_$5,2,-0.010794966413072515,True,0.660774890988372
-HwX2H8Z4hY$_$5,3,-1.2121566438316194,True,0.4029115188953487
-HwX2H8Z4hY$_$5,4,-0.05147347234472477,True,0.5157267441860462
-HwX2H8Z4hY$_$5,5,-0.28942750371536735,True,0.1933975290697676
-HwX2H8Z4hY$_$5,6,-0.002353349668222141,True,0.6446584302325586
-HwX2H8Z4hY$_$5,7,-0.05624110165156462,True,0.6446584302325578
-HwX2H8Z4hY$_$5,8,-0.00015351298348207366,True,0.3223292151162793
-HwX2H8Z4hY$_$5,9,-0.00011637278732656853,True,0.5161164607558142
-HwX2H8Z4hY$_$6,0,-0.0005573413840920694,True,0.2901386138613861
-HwX2H8Z4hY$_$6,1,-0.0019791518847398493,True,0.16118811881188122
-HwX2H8Z4hY$_$6,2,-0.00018069718605927067,True,0.1934257425742575
-HwX2H8Z4hY$_$6,3,-0.0018140052178389798,True,0.5161188118811881
-HwX2H8Z4hY$_$6,4,-1.534510370297383,True,0.5158019801980198
-HwX2H8Z4hY$_$6,5,-7.714709671802211e-05,True,0.2901386138613864
-HwX2H8Z4hY$_$6,6,-0.00015377756778889307,True,0.2579009900990097
-HwX2H8Z4hY$_$9,0,-0.007775605808698553,True,0.27272544642857144
-HwX2H8Z4hY$_$9,1,-0.0013849718388883048,True,0.1283413865546219
-HwX2H8Z4hY$_$9,2,-0.2994995702874803,True,0.1283413865546218
-HwX2H8Z4hY$_$9,3,-8.674350715409673e-05,True,0.16042673319327727
-HwX2H8Z4hY$_$9,4,-0.5805643558689587,True,0.8368961397058825
-HwX2H8Z4hY$_$9,5,-0.2551399070333339,True,0.516042673319328
-HwX2H8Z4hY$_$9,6,-0.4726275280545986,True,0.5614935661764702
-HwX2H8Z4hY$_$9,7,-0.5948053837521001,True,0.4652375262605042
-HwX2H8Z4hY$_$9,8,-1.5451556708430871,True,0.1283413865546219
-HwX2H8Z4hY$_$9,9,-0.012140082195401192,True,0.09625603991596599
-HwX2H8Z4hY$_$9,10,-0.5133578463945014,True,0.3048107930672277
-HwX2H8Z4hY$_$9,11,-0.22636003669428342,True,0.20855475315125993
-HwX2H8Z4hY$_$9,12,-0.37070242490257704,True,0.19251207983193375
-HwX2H8Z4hY$_$9,13,-0.0001288054493732654,True,0.38502415966386483
-HwX2H8Z4hY$_$9,14,-0.0004077720800523821,True,0.1283413865546219
-HwX2H8Z4hY$_$9,15,-0.03443988743183581,True,0.28876811974789884
-HwX2H8Z4hY$_$9,16,-0.28997033450286835,True,0.09625603991596687
-HwX2H8Z4hY$_$9,17,-0.3738109492090871,True,0.2245974264705879
-HwX2H8Z4hY$_$9,18,-0.04092406132258475,True,0.09625603991596687
-HwX2H8Z4hY$_$9,19,-1.9618766552412126,True,0.09625603991596599
-HwX2H8Z4hY$_$9,20,-0.22309962762956276,True,0.32085346638655476
-HwX2H8Z4hY$_$9,21,-0.32475832181808073,True,0.1283413865546219
-I_e4mIh0yE$_$1,0,-0.0006706186157036707,True,0.40109442349137936
-I_e4mIh0yE$_$1,1,-0.00997436484611569,True,0.12835021551724135
-I_e4mIh0yE$_$1,2,-0.003251255911569236,True,0.19252532327586203
-I_e4mIh0yE$_$1,3,-1.9534538181709138e-05,True,0.272744207974138
-I_e4mIh0yE$_$1,4,-0.00826248078373979,True,0.3048317618534482
-I_e4mIh0yE$_$1,5,-0.010911551806198749,True,0.3529630926724141
-I_e4mIh0yE$_$1,6,-0.0027954402271261488,True,0.38505064655172383
-I_e4mIh0yE$_$1,7,-0.002614009678666207,True,0.2887879849137933
-I_e4mIh0yE$_$1,8,-2.973689982443308e-05,True,0.5160437769396551
-I_e4mIh0yE$_$1,9,-5.08997963066804e-05,True,0.16043776939655174
-I_e4mIh0yE$_$1,10,-0.0005148804107193428,True,0.2567004310344827
-I_e4mIh0yE$_$1,11,-0.07358494933970922,True,0.32087553879310393
-I_e4mIh0yE$_$1,12,-0.0032633554361382266,True,0.19252532327586103
-I_e4mIh0yE$_$1,13,-4.752445539205989e-06,True,0.44922575431034595
-I_e4mIh0yE$_$1,14,-0.006357909409694311,True,0.4171382004310331
-I_e4mIh0yE$_$1,15,-0.004914066813461205,True,0.4652695312500006
-I_e4mIh0yE$_$1,16,-0.0005187938002721309,True,0.40109442349138025
-I_e4mIh0yE$_$1,17,-0.00011118756418165339,True,0.35296309267241277
-I_e4mIh0yE$_$3,0,-0.4638014303511429,True,0.5803069196428572
-I_e4mIh0yE$_$3,1,-0.21668339411728255,True,0.2569821428571428
-I_e4mIh0yE$_$3,2,-0.024808380348247283,True,0.2248593750000003
-I_e4mIh0yE$_$3,3,-0.014883177274896298,True,0.12849107142857097
-I_e4mIh0yE$_$3,4,-2.8079421122868857,True,0.09636830357142845
-I_e4mIh0yE$_$3,5,-1.2118793932040717,True,0.2248593750000003
-I_e4mIh0yE$_$3,6,-0.002668952330850516,True,0.28910491071428535
-I_e4mIh0yE$_$3,7,-0.002134191167080246,True,0.48184151785714313
-I_e4mIh0yE$_$3,8,-0.009453906578912515,True,0.5160613839285721
-I_e4mIh0yE$_$3,9,-0.00011218220760156328,True,0.1927366071428569
-I_e4mIh0yE$_$3,10,-0.5192175910475498,True,0.2569821428571428
-I_e4mIh0yE$_$3,11,-0.7739592986181378,True,0.06424553571428593
-I_e4mIh0yE$_$3,12,-0.12081049848347902,True,0.12849107142857097
-I_e4mIh0yE$_$3,13,-2.852161376949425,True,0.2569821428571428
-I_e4mIh0yE$_$3,14,-0.006754644215106964,True,0.09636830357142845
-I_e4mIh0yE$_$3,15,-0.007846833534131292,True,0.12849107142857097
-I_e4mIh0yE$_$3,16,-0.001677619303791289,True,0.12849107142857186
-I_e4mIh0yE$_$3,17,-0.10615535601673401,True,0.3051662946428575
-I_e4mIh0yE$_$3,18,-0.02781185152684884,True,0.3372890625
-I_e4mIh0yE$_$3,19,-0.00011493945294205332,True,0.1927366071428569
-I_e4mIh0yE$_$3,20,-0.0007223646805089499,True,0.22485937499999942
-I_e4mIh0yE$_$3,21,-0.000514875460414915,True,0.5139642857142857
-MeTTeMJBNc$_$0,0,-0.24995574606209334,True,0.7387497822299651
-MeTTeMJBNc$_$0,1,-1.8662577788037709,True,0.19271733449477346
-MeTTeMJBNc$_$0,2,-0.00014843029997990698,True,0.6423911149825785
-MeTTeMJBNc$_$0,3,-0.0016690386109928569,True,0.14453800087107993
-MeTTeMJBNc$_$0,4,-0.046266611125624024,True,0.240896668118467
-MeTTeMJBNc$_$0,5,-1.2531487971756405e-05,True,0.2248368902439024
-MeTTeMJBNc$_$0,6,-0.00028510170272154155,True,0.44967378048780526
-MeTTeMJBNc$_$0,7,-0.008148812151978824,True,0.5139128919860623
-MeTTeMJBNc$_$0,8,-1.0990984986847251e-05,True,0.16059777874564496
-MeTTeMJBNc$_$0,9,-1.621130325624165e-05,True,0.38543466898954737
-MeTTeMJBNc$_$0,10,-8.463853134799138e-07,True,0.33725533536585317
-MeTTeMJBNc$_$0,11,-0.005490823458282753,True,0.4336140026132398
-MeTTeMJBNc$_$0,12,-0.00014570802558521424,True,0.38543466898954826
-MeTTeMJBNc$_$0,13,-3.784118712246709e-05,True,0.28907600174215986
-MeTTeMJBNc$_$0,14,-1.381768390255426e-05,True,0.41755422473867565
-MeTTeMJBNc$_$0,15,-1.3618985963415042e-05,True,0.516059777874565
-MeTTeMJBNc$_$0,16,-0.00020237979545830362,True,0.16059777874564496
-MeTTeMJBNc$_$0,17,-0.003794371882205509,True,0.7387497822299647
-MeTTeMJBNc$_$0,18,-7.926567392739041e-05,True,0.19271733449477324
-MeTTeMJBNc$_$0,19,-0.0011829231499784025,True,0.16059777874564496
-MeTTeMJBNc$_$0,20,-3.383298795256451e-05,True,0.19271733449477324
-MeTTeMJBNc$_$13,0,-6.705516000238276e-07,True,0.5161211656441718
-MeTTeMJBNc$_$13,1,-1.286940390751147,True,0.2901809815950921
-MeTTeMJBNc$_$13,2,-0.01952144329396271,True,0.3707868098159508
-MeTTeMJBNc$_$13,3,-0.04347945432168672,True,0.1450904907975461
-MeTTeMJBNc$_$13,4,-0.005409572930261675,True,0.12896932515337411
-MeTTeMJBNc$_$13,5,-0.0018050835860758951,True,0.12896932515337434
-MeTTeMJBNc$_$13,6,-1.3112764156867721e-05,True,0.2256963190184047
-MeTTeMJBNc$_$13,7,-4.7914053302987115e-05,True,0.45139263803680985
-MeTTeMJBNc$_$13,8,-1.7812774042891277e-05,True,0.5161211656441718
-MeTTeMJBNc$_$13,9,-3.865200835662108e-05,True,0.12896932515337411
-MeTTeMJBNc$_$13,10,-4.347912711466506e-05,True,0.12896932515337411
-MeTTeMJBNc$_$13,11,-7.333164162446338e-05,True,0.3224233128834362
-MeTTeMJBNc$_$13,12,-0.0006308677449295727,True,0.29018098159509087
-MeTTeMJBNc$_$13,13,-3.161861285860823e-05,True,0.12896932515337411
-MeTTeMJBNc$_$7,0,-0.003846855518531811,True,0.2731362847222222
-MeTTeMJBNc$_$7,1,-0.005549778109752879,True,0.28920312499999995
-MeTTeMJBNc$_$7,2,-9.288665899020998e-05,True,0.19280208333333326
-MeTTeMJBNc$_$7,3,-7.329266990963035e-05,True,0.5160668402777777
-MeTTeMJBNc$_$7,4,-0.00011130325994983537,True,0.32133680555555544
-MeTTeMJBNc$_$7,5,-0.0012308892602504785,True,0.1606684027777776
-MeTTeMJBNc$_$7,6,-0.11367514538912579,True,0.38560416666666697
-MeTTeMJBNc$_$7,7,-1.6887625633899006e-05,True,0.12853472222222173
-MeTTeMJBNc$_$7,8,-0.0008814423270109728,True,0.16066840277777805
-MeTTeMJBNc$_$7,9,-0.0001392453691195783,True,0.48200520833333327
-MeTTeMJBNc$_$7,10,-2.7883864647000845e-05,True,0.5160668402777779
-MeTTeMJBNc$_$7,11,-0.0005661058755289819,True,0.22493576388888847
-MeTTeMJBNc$_$7,12,-6.568761004643875e-05,True,0.5141388888888896
-MeTTeMJBNc$_$7,13,-0.00011364184851707649,True,0.6748072916666654
-MeTTeMJBNc$_$7,14,-0.03497435724564942,True,0.19280208333333348
-MeTTeMJBNc$_$7,15,-0.000302233979994071,True,0.1606684027777785
-MeTTeMJBNc$_$7,16,-2.9603485434866648e-06,True,0.22493576388888847
-MeTTeMJBNc$_$7,17,-0.03307102261460907,True,0.38560416666666697
-MeTTeMJBNc$_$7,18,-0.0038229700405167932,True,0.12853472222222173
-MeTTeMJBNc$_$7,19,-0.0011819058698847584,True,0.3213368055555552
-MeTTeMJBNc$_$7,20,-0.00010450904509795578,True,0.22493576388888936
-MeTTeMJBNc$_$7,21,-1.0430621529167183e-05,True,0.1606684027777776
-MeTTeMJBNc$_$7,22,-0.001158281704629108,True,0.41773784722222196
-MeTTeMJBNc$_$7,23,-8.016371326036165e-05,True,0.5160668402777784
-MeTTeMJBNc$_$7,24,-0.000213934096052526,True,0.12853472222222173
-MeTTeMJBNc$_$7,25,-0.002722488921182986,True,0.1606684027777785
-MeTTeMJBNc$_$7,26,-0.0002072043698646553,True,0.12853472222222173
-MeTTeMJBNc$_$7,27,-0.0007264973579879097,True,0.16066840277777672
-MeTTeMJBNc$_$7,28,-5.153588851195915e-05,True,0.09640104166666674
-MeTTeMJBNc$_$7,29,-0.0004984740831787349,True,0.1285347222222235
-MeTTeMJBNc$_$7,30,-1.1018133812561765e-05,True,0.44987152777777695
-NFrJFQijFE$_$1,0,-2.647322767766363,True,0.837603338068182
-NFrJFQijFE$_$1,1,-1.7958351004247863,True,0.3215269886363634
-NFrJFQijFE$_$1,2,-11.26785901747644,False,
-NFrJFQijFE$_$1,3,-0.01691802777349949,True,0.0643053977272725
-NFrJFQijFE$_$1,4,-9.057370244835814,False,
-NFrJFQijFE$_$1,5,-7.0157097624614835,False,
-NFrJFQijFE$_$1,6,-11.26421733899042,False,
-NFrJFQijFE$_$1,7,-9.226074273698032,False,
-NFrJFQijFE$_$1,8,-5.6310037658549845,False,
-NFrJFQijFE$_$1,9,-7.546952166128904,False,
-NFrJFQijFE$_$1,10,-0.0011294916257611476,True,0.5160763494318177
-NFrJFQijFE$_$1,11,-5.917815383640118,False,
-NFrJFQijFE$_$1,12,-11.854943911506174,False,
-NFrJFQijFE$_$1,13,-3.2916372955660336,True,0.128610795454545
-NFrJFQijFE$_$1,14,-6.46592919487739,False,
-NFrJFQijFE$_$1,15,-9.978890740661882,False,
-NFrJFQijFE$_$2,0,-3.9637007489545795e-06,True,0.1610171274038461
-NFrJFQijFE$_$2,1,-12.3224662939665,False,
-NFrJFQijFE$_$2,2,-2.9803003550224925,True,0.7093222656250004
-NFrJFQijFE$_$2,3,-11.41928219795227,False,
-NFrJFQijFE$_$2,4,-4.2964253425598145,True,0.06440685096153809
-NFrJFQijFE$_$2,5,-8.4152684674581,False,
-NFrJFQijFE$_$2,6,-3.778672331951801e-05,True,0.22542397836538441
-NFrJFQijFE$_$2,7,-7.345249368338064,False,
-NFrJFQijFE$_$2,8,-6.025750008120667e-05,True,0.09661027644230735
-NFrJFQijFE$_$2,9,-15.188085734844208,False,
-NFrJFQijFE$_$2,10,-10.109000338474289,False,
-NFrJFQijFE$_$2,11,-4.485731184440907,True,0.28983082932692295
-NFrJFQijFE$_$2,12,-4.4598458537326024e-05,True,0.516101712740384
-NFrJFQijFE$_$2,13,-3.2748099695523294,True,0.12881370192307706
-NFrJFQijFE$_$2,14,-5.039404322475093,False,
-NFrJFQijFE$_$2,15,-0.07858159725583391,True,0.16101712740384588
-NFrJFQijFE$_$2,16,-5.846774292178452,False,
-NFrJFQijFE$_$2,17,-9.65419787762221,False,
-RfYyzHpjk4$_$11,0,-1.2092641125305543,True,0.5160597310126582
-RfYyzHpjk4$_$11,1,-3.0741493562277533,True,0.19271677215189875
-RfYyzHpjk4$_$11,2,-4.2972922599915364e-05,True,0.19271677215189875
-RfYyzHpjk4$_$11,3,-0.20341612783045093,True,0.16059731012658207
-RfYyzHpjk4$_$11,4,-0.1900850649618254,True,0.41755300632911396
-RfYyzHpjk4$_$11,5,-0.1426106213220919,True,0.09635838607594938
-RfYyzHpjk4$_$11,6,-0.00014112041621198537,True,0.2248362341772152
-RfYyzHpjk4$_$11,7,-0.0008039430085773347,True,0.1605973101265823
-RfYyzHpjk4$_$11,8,-0.0001669175114026681,True,0.19271677215189875
-RfYyzHpjk4$_$11,9,-1.3670354200352146,True,0.49785166139240467
-RfYyzHpjk4$_$11,10,-0.2528744729398227,True,0.25695569620253167
-RfYyzHpjk4$_$11,11,-0.1151212841408172,True,0.08029865506329115
-RfYyzHpjk4$_$11,12,-0.00806770617533914,True,0.19271677215189875
-RfYyzHpjk4$_$11,13,-7.926724738638313e-05,True,0.12847784810126583
-RfYyzHpjk4$_$11,14,-0.00024117857525141062,True,0.12847784810126628
-RfYyzHpjk4$_$11,15,-0.0007545865566882526,True,0.12847784810126583
-RfYyzHpjk4$_$11,16,-9.089563235420428e-06,True,0.1605973101265814
-RfYyzHpjk4$_$2,0,-3.4657387686820584e-05,True,0.25829041916167667
-RfYyzHpjk4$_$2,1,-1.2362055663755502,True,0.16143151197604788
-RfYyzHpjk4$_$2,2,-0.00014178777746565174,True,0.1291452095808383
-RfYyzHpjk4$_$2,3,-0.0002194321782553743,True,0.12914520958083842
-RfYyzHpjk4$_$2,4,-2.1170080798480435,True,0.4197219311377246
-RfYyzHpjk4$_$2,5,-2.8816373544201874,True,0.0968589071856285
-RfYyzHpjk4$_$2,6,-0.48169522877183873,True,0.1937178143712579
-RfYyzHpjk4$_$2,7,-3.1677971109747887,True,0.06457260479041915
-RfYyzHpjk4$_$2,8,-0.7628715005121194,True,0.29057672155688596
-RfYyzHpjk4$_$2,9,-1.4334960604574007,True,0.09685890718562895
-RfYyzHpjk4$_$2,10,-0.002789300690589395,True,0.19371781437125746
-RfYyzHpjk4$_$2,11,-0.0002975273055199068,True,0.0968589071856285
-RfYyzHpjk4$_$2,12,-0.0005191920126890182,True,0.1291452095808383
-RfYyzHpjk4$_$2,13,-0.0011442126565498257,True,0.3228630239520962
-RfYyzHpjk4$_$2,14,-1.3499858016293729,True,0.0968589071856285
-RfYyzHpjk4$_$2,15,-0.0029408854752546176,True,0.0968589071856285
-RfYyzHpjk4$_$2,16,-0.0010264184002153343,True,0.09685890718562895
-RfYyzHpjk4$_$2,17,-0.010704945589623094,True,0.1291452095808383
-RfYyzHpjk4$_$2,18,-0.0001084080254258879,True,0.1291452095808383
-RfYyzHpjk4$_$2,19,-0.005632859240085964,True,0.35514932634730556
-RfYyzHpjk4$_$2,20,-0.36038887411026127,True,0.19371781437125746
-RfYyzHpjk4$_$2,21,-0.004479447762908724,True,0.0968589071856285
-RfYyzHpjk4$_$2,22,-0.01297443957503736,True,0.35514932634730556
-RfYyzHpjk4$_$2,23,-0.00116326224902726,True,0.1937178143712579
-RfYyzHpjk4$_$2,24,-0.00018494958953851892,True,0.16143151197604766
-RfYyzHpjk4$_$8,0,-0.04075083330280904,True,0.3375172872340425
-RfYyzHpjk4$_$8,1,-0.01292345636702521,True,0.176794769503546
-RfYyzHpjk4$_$8,2,-0.0018869935062598001,True,0.3535895390070922
-RfYyzHpjk4$_$8,3,-4.9889804309799504e-05,True,0.321445035460993
-RfYyzHpjk4$_$8,4,-0.002415695126472883,True,0.22501152482269493
-RfYyzHpjk4$_$8,5,-5.942248492374347e-05,True,0.09643351063829786
-RfYyzHpjk4$_$8,6,-0.0001159679317694895,True,0.22501152482269515
-RfYyzHpjk4$_$8,7,-2.9206219096522545e-06,True,0.09643351063829764
-RfYyzHpjk4$_$8,8,-2.028310365334619,True,0.19286702127659616
-RfYyzHpjk4$_$8,9,-2.2291587432240096e-05,True,0.12857801418439685
-RfYyzHpjk4$_$8,10,-0.8072834203439925,True,0.12857801418439685
-RfYyzHpjk4$_$8,11,-0.0005941930861202612,True,0.19286702127659616
-RfYyzHpjk4$_$8,12,-0.00047223120121309137,True,0.25715602836879414
-RfYyzHpjk4$_$8,13,-0.001109810600022243,True,0.3535895390070922
-RfYyzHpjk4$_$8,14,-0.00011988306232524337,True,0.1607225177304965
-RfYyzHpjk4$_$8,15,-0.005428014214658106,True,0.1607225177304965
-RfYyzHpjk4$_$8,16,-1.8089731611325988e-05,True,0.1607225177304965
-THoVjtIkeU$_$12,0,-3.406233365099709e-05,True,0.516023336038961
-THoVjtIkeU$_$12,1,-3.6626531673689633,True,0.16023336038961045
-THoVjtIkeU$_$12,2,-0.00034097072989425214,True,0.22432670454545445
-THoVjtIkeU$_$12,3,-0.00010112994088255316,True,0.1602333603896109
-THoVjtIkeU$_$12,4,-3.1439701885460636e-05,True,0.16023336038961
-THoVjtIkeU$_$12,5,-0.00012600432910137016,True,0.2243267045454549
-THoVjtIkeU$_$12,6,-0.00025043326491906254,True,0.3845600649350649
-THoVjtIkeU$_$12,7,-2.7744892744152594e-05,True,0.28842004870129845
-THoVjtIkeU$_$12,8,-0.0001352418612370343,True,0.128186688311688
-THoVjtIkeU$_$12,9,-0.01219858508748454,True,0.3845600649350649
-THoVjtIkeU$_$12,10,-5.587924309935488e-07,True,0.5160233360389608
-THoVjtIkeU$_$12,11,-5.685488726570043e-05,True,0.192280032467532
-THoVjtIkeU$_$12,12,-4.525653438610296e-05,True,0.1922800324675329
-THoVjtIkeU$_$12,13,-0.003159754732394049,True,0.16023336038960956
-THoVjtIkeU$_$12,14,-1.4471786241188055e-05,True,0.3204667207792209
-THoVjtIkeU$_$12,15,-0.0001464538103657098,True,0.4807000811688322
-THoVjtIkeU$_$12,16,-0.00986890878448321,True,0.16023336038960956
-THoVjtIkeU$_$12,17,-0.01259374954249779,True,0.35251339285714245
-THoVjtIkeU$_$12,18,-3.120385752453103e-05,True,0.2563733766233778
-THoVjtIkeU$_$12,19,-3.6358692696580874e-06,True,0.28842004870129756
-THoVjtIkeU$_$12,20,-0.004999744798465144,True,0.16023336038961133
-THoVjtIkeU$_$12,21,-4.194637861498762e-06,True,0.5160233360389608
-THoVjtIkeU$_$12,22,-0.00041862452803923466,True,0.5160233360389626
-THoVjtIkeU$_$12,23,-0.19987865616361766,True,0.5160233360389608
-THoVjtIkeU$_$12,24,-0.00016948753691773769,True,0.44865340909091067
-THoVjtIkeU$_$12,25,-1.1867623975882048e-05,True,0.3204667207792191
-THoVjtIkeU$_$12,26,-0.0001569278914897628,True,0.1922800324675329
-THoVjtIkeU$_$12,27,-0.003325308018312561,True,0.4326300730519481
-THoVjtIkeU$_$12,28,-0.006309864463217352,True,0.14421002435064878
-THoVjtIkeU$_$12,29,-0.00024708095043024514,True,0.09614001623376645
-THoVjtIkeU$_$12,30,-1.8119635114999255e-05,True,0.09614001623376645
-THoVjtIkeU$_$12,31,-0.00931748400523702,True,0.28842004870129934
-THoVjtIkeU$_$12,32,-0.0014112609742166374,True,0.4486534090909089
-THoVjtIkeU$_$12,33,-1.3887477695817552e-05,True,0.1922800324675329
-THoVjtIkeU$_$12,34,-0.35325469242695945,True,0.5160233360389608
-THoVjtIkeU$_$12,35,-0.0006191623901372623,True,0.128186688311688
-THoVjtIkeU$_$12,36,-2.662196204520721e-05,True,0.1922800324675329
-THoVjtIkeU$_$12,37,-0.0006817603405806949,True,0.16023336038961133
-THoVjtIkeU$_$12,38,-1.2022933847991421e-05,True,0.256373376623376
-THoVjtIkeU$_$2,0,-0.00014761890633963048,True,0.06459351145038168
-THoVjtIkeU$_$2,1,-3.27746382121404,True,0.09689026717557253
-THoVjtIkeU$_$2,2,-5.212939282728257e-05,True,0.5161483778625955
-THoVjtIkeU$_$2,3,-0.0006109203958301764,True,0.3875610687022899
-THoVjtIkeU$_$2,4,-0.00012466161036981147,True,0.2583740458015269
-THoVjtIkeU$_$2,5,-3.9129637424853824e-05,True,0.22607729007633592
-THoVjtIkeU$_$2,6,-0.0004096287299069396,True,0.4844513358778624
-THoVjtIkeU$_$2,7,-2.6185164537414114e-05,True,0.3552643129770994
-THoVjtIkeU$_$2,8,-0.00015793192966384595,True,0.19378053435114495
-THoVjtIkeU$_$2,9,-0.0011057977804069807,True,0.2583740458015269
-THoVjtIkeU$_$6,0,-4.700763804432739e-05,True,0.24141759072580649
-THoVjtIkeU$_$6,1,-0.0008504592643632236,True,0.16094506048387092
-THoVjtIkeU$_$6,2,-6.558764416440162,False,
-THoVjtIkeU$_$6,3,-0.005400189138526912,True,0.06437802419354843
-THoVjtIkeU$_$6,4,-0.0002625200624606805,True,0.16094506048387103
-THoVjtIkeU$_$6,5,-0.7816421618044722,True,0.516094506048387
-THoVjtIkeU$_$6,6,-3.214388086429191e-05,True,0.3540791330645161
-THoVjtIkeU$_$6,7,-0.03129486197985187,True,0.16094506048387092
-THoVjtIkeU$_$6,8,-0.0023357956472187524,True,0.22532308467741968
-THoVjtIkeU$_$6,9,-0.00028578749144259064,True,0.4184571572580644
-THoVjtIkeU$_$6,10,-1.738012249319354e-05,True,0.32189012096774183
-THoVjtIkeU$_$6,11,-0.003963950031295127,True,0.1931340725806452
-THoVjtIkeU$_$6,12,-0.003979320626659917,True,0.1931340725806452
-THoVjtIkeU$_$6,13,-8.65449343336877e-06,True,0.1609450604838707
-THoVjtIkeU$_$6,14,-3.2105783237312835e-05,True,0.1931340725806452
-THoVjtIkeU$_$6,15,-0.0008962968147841366,True,0.16094506048387114
-THoVjtIkeU$_$6,16,-6.258369406264563e-06,True,0.4828351814516134
-THoVjtIkeU$_$6,17,-3.958520674325021e-05,True,0.4506461693548385
-THoVjtIkeU$_$6,18,-0.15223406254008864,True,0.16094506048387114
-THoVjtIkeU$_$6,19,-6.9608284498172,False,
-THoVjtIkeU$_$6,20,-0.132008751824797,True,0.1287560483870971
-THoVjtIkeU$_$6,21,-0.0002790257234988047,True,0.28970110887096734
-THoVjtIkeU$_$6,22,-0.0016679805953508265,True,0.2897011088709682
-THoVjtIkeU$_$6,23,-0.15970128768622516,True,0.14485055443548323
-THoVjtIkeU$_$6,24,-7.491447888696712e-05,True,0.11266154233871006
-THoVjtIkeU$_$6,25,-0.00012726205668419274,True,0.3862681451612904
-THoVjtIkeU$_$6,26,-0.0002898816329661713,True,0.16094506048387114
-THoVjtIkeU$_$6,27,-0.00012729151963242202,True,0.1287560483870971
-THoVjtIkeU$_$6,28,-8.940546453573006e-05,True,0.3218901209677414
-THoVjtIkeU$_$6,29,-0.00048440200578170334,True,0.16094506048387114
-UUCSKoHeMA$_$0,0,-0.5362088310241755,True,0.5160420124481329
-UUCSKoHeMA$_$0,1,-0.16965163615122947,True,0.3529242738589211
-UUCSKoHeMA$_$0,2,-0.00027422442071838303,True,0.19250414937759297
-UUCSKoHeMA$_$0,3,-1.0310199560724413,True,0.12833609958506242
-UUCSKoHeMA$_$0,4,-0.0001858343745766433,True,0.48126037344398354
-UUCSKoHeMA$_$0,5,-2.673201333891484e-05,True,0.1604201244813277
-UUCSKoHeMA$_$0,6,-0.003150014439333404,True,0.304798236514523
-UUCSKoHeMA$_$0,7,-0.03391650752683972,True,0.36896628630705397
-UUCSKoHeMA$_$0,8,-0.004223384722001811,True,0.3208402489626554
-UUCSKoHeMA$_$0,9,-0.0014787897079878794,True,0.8662686721991699
-UUCSKoHeMA$_$0,10,-0.0002795219724376352,True,0.5160420124481329
-UUCSKoHeMA$_$0,11,-0.0038547199753793393,True,0.12833609958506198
-UUCSKoHeMA$_$0,12,-0.0006835897438577376,True,0.12833609958506198
-UUCSKoHeMA$_$0,13,-5.289556253273986e-05,True,0.12833609958506198
-UUCSKoHeMA$_$0,14,-0.007368098345068574,True,0.12833609958506287
-UUCSKoHeMA$_$0,15,-0.00010162046058563116,True,0.3529242738589211
-UUCSKoHeMA$_$0,16,-0.00033140610398163517,True,0.25667219917012396
-UUCSKoHeMA$_$0,17,-0.039994562884466234,True,0.5454284232365145
-UacrmKiTn4$_$10,0,-0.7027892819388933,True,0.3862433333333333
-UacrmKiTn4$_$10,1,-0.009264766238061384,True,0.1287477777777778
-UacrmKiTn4$_$10,2,-3.614800891682535e-05,True,0.1287477777777778
-UacrmKiTn4$_$10,3,-0.0020695318989775537,True,0.16093472222222227
-UacrmKiTn4$_$10,4,-0.00023641284360564896,True,0.2253086111111111
-UacrmKiTn4$_$10,5,-8.448422555762392e-06,True,0.5160934722222223
-UacrmKiTn4$_$10,6,-0.004395167168013359,True,0.2253086111111111
-UacrmKiTn4$_$10,7,-0.0003615961884833041,True,0.2896824999999996
-UacrmKiTn4$_$10,8,-0.0006317889741304887,True,0.2253086111111111
-UacrmKiTn4$_$10,9,-0.0005202068645576218,True,0.8046736111111112
-UacrmKiTn4$_$10,10,-2.815578863533119e-05,True,0.2896825000000005
-UacrmKiTn4$_$10,11,-2.8317382148183395e-05,True,0.2896825000000005
-UacrmKiTn4$_$10,12,-0.0003050770522592798,True,0.354056388888889
-UacrmKiTn4$_$10,13,-4.107912615225473e-05,True,0.2574955555555549
-UacrmKiTn4$_$10,14,-4.410665068837047e-06,True,0.5160934722222228
-UacrmKiTn4$_$10,15,-0.06423265009462967,True,0.3379629166666662
-UacrmKiTn4$_$10,16,-0.0005638920247292845,True,0.1448412499999998
-UacrmKiTn4$_$10,17,-0.02406991331695707,True,0.1287477777777779
-UacrmKiTn4$_$4,0,-2.634519912447786e-06,True,0.32289224137931033
-UacrmKiTn4$_$4,1,-2.2251494290988678e-05,True,0.16144612068965525
-UacrmKiTn4$_$4,2,-4.502831200170476e-05,True,0.25831379310344826
-UacrmKiTn4$_$4,3,-5.6591735756228445e-05,True,0.12915689655172402
-UacrmKiTn4$_$4,4,-0.000154269765130266,True,0.16144612068965536
-UacrmKiTn4$_$4,5,-0.00013811329646495367,True,0.7103629310344823
-UacrmKiTn4$_$4,6,-0.19442580091276795,True,0.16144612068965536
-UacrmKiTn4$_$4,7,-0.00019915335457199035,True,0.12915689655172402
-UacrmKiTn4$_$4,8,-4.9249656322321776e-05,True,0.2260245689655176
-UacrmKiTn4$_$4,9,-6.168983723853216e-06,True,0.22602456896551715
-UacrmKiTn4$_$4,10,-0.0005922716626166391,True,0.3228922413793103
-UacrmKiTn4$_$4,11,-0.0004162446637536732,True,0.16144612068965492
-UacrmKiTn4$_$4,12,-0.0005930271270894341,True,0.22602456896551715
-UacrmKiTn4$_$4,13,-0.1675553409480249,True,0.48433836206896563
-UuX1xuaiiE$_$0,0,-11.662270439989925,False,
-UuX1xuaiiE$_$0,1,-3.615979322783384e-06,True,0.22550563063063056
-UuX1xuaiiE$_$0,2,-0.0008705593569621109,True,0.38658108108108113
-UuX1xuaiiE$_$0,3,-2.5033032613919204e-05,True,0.16107545045045035
-UuX1xuaiiE$_$0,4,-0.0001643944762956077,True,0.28993581081081077
-UuX1xuaiiE$_$0,5,-0.000821188828450993,True,0.516107545045045
-UuX1xuaiiE$_$0,6,-0.4121019044591776,True,0.25772072072072083
-UuX1xuaiiE$_$0,7,-0.00012785826848471515,True,0.1288603603603602
-UuX1xuaiiE$_$0,8,-8.226427478348341e-05,True,0.3543659909909911
-UuX1xuaiiE$_$1,0,-3.9175594695559206,False,
-UuX1xuaiiE$_$1,1,-1.8774585604904601,True,0.22460156249999996
-UuX1xuaiiE$_$1,2,-0.0004922964144480346,True,0.16042968750000008
-UuX1xuaiiE$_$1,3,-0.01320479859592183,True,0.12834374999999998
-UuX1xuaiiE$_$1,4,-0.0006759752204256334,True,0.22460156249999985
-UuX1xuaiiE$_$1,5,-3.770136141513701e-05,True,0.22460156250000018
-UuX1xuaiiE$_$1,6,-1.1288747768389839e-05,True,0.32085937499999995
-UuX1xuaiiE$_$1,7,-2.8227879056430538e-05,True,0.5160429687500003
-UuX1xuaiiE$_$1,8,-0.00018833742160179808,True,0.3208593749999995
-UuX1xuaiiE$_$1,9,-0.0006353032571098538,True,0.3208593750000004
-UuX1xuaiiE$_$1,10,-2.692228649203183,False,
-UuX1xuaiiE$_$1,11,-1.7736854076332633,True,0.3208593749999995
-UuX1xuaiiE$_$1,12,-0.001249718358787888,True,0.6096328125000001
-UuX1xuaiiE$_$1,13,-0.026939868069387085,True,0.5133750000000008
-UuX1xuaiiE$_$1,14,-0.00014562224574869256,True,0.4171171874999988
-UuX1xuaiiE$_$1,15,-4.05962028208728,False,
-UuX1xuaiiE$_$1,16,-4.34197404466363,True,0.12834374999999998
-UuX1xuaiiE$_$1,17,-0.06589761168208952,True,0.12834374999999998
-UuX1xuaiiE$_$1,18,-0.00020833646632922864,True,0.28877343749999973
-UuX1xuaiiE$_$1,19,-5.3135521259011715e-05,True,0.25668750000000085
-UuX1xuaiiE$_$1,20,-0.0302119447899705,True,0.4492031249999995
-UuX1xuaiiE$_$1,21,-0.015475781871048509,True,0.44920312500000037
-UuX1xuaiiE$_$1,22,-8.280671289009502,False,
-UuX1xuaiiE$_$1,23,-7.450029798405922e-05,True,0.09625781249999932
-UuX1xuaiiE$_$1,24,-2.9562849242381617e-05,True,0.12834375000000087
-UuX1xuaiiE$_$1,25,-0.05670428248056477,True,0.4171171874999988
-UuX1xuaiiE$_$1,26,-6.109419103950131e-06,True,0.16042968750000064
-UuX1xuaiiE$_$3,0,-0.0006380537270445075,True,0.29076299999999994
-UuX1xuaiiE$_$3,1,-0.009948455471174355,True,0.30691650000000004
-UuX1xuaiiE$_$3,2,-6.653810978534125e-05,True,0.3392235000000001
-UuX1xuaiiE$_$3,3,-0.2231737827231882,True,0.2907630000000001
-UuX1xuaiiE$_$3,4,-0.12280042106309945,True,0.3876839999999999
-UuX1xuaiiE$_$3,5,-0.0007927122222048943,True,0.5161534999999997
-UuX1xuaiiE$_$3,6,-0.002314407989388201,True,0.12922800000000034
-UuX1xuaiiE$_$3,7,-0.08908347632897555,True,0.41999099999999956
-UuX1xuaiiE$_$3,8,-0.2653886402476928,True,0.12922800000000034
-UuX1xuaiiE$_$6,0,-7.346239925709597e-06,True,0.25728947368421046
-UuX1xuaiiE$_$6,1,-0.4798733087172877,True,0.2572894736842105
-UuX1xuaiiE$_$6,2,-1.2823016324546188,True,0.09648355263157904
-UuX1xuaiiE$_$6,3,-0.0003160468240821501,True,0.1286447368421052
-UuX1xuaiiE$_$6,4,-0.0002547185968069243,True,0.19296710526315797
-UuX1xuaiiE$_$6,5,-0.0029227115771419676,True,0.1286447368421053
-UuX1xuaiiE$_$6,6,-0.00020854712712434776,True,0.32161184210526295
-UuX1xuaiiE$_$6,7,-0.00023414984107716919,True,0.2572894736842106
-UuX1xuaiiE$_$6,8,-3.3559604122960414,True,0.2572894736842104
-UuX1xuaiiE$_$6,9,-3.597030183755123e-05,True,0.1608059210526318
-UuX1xuaiiE$_$6,10,-0.0006002139612881763,True,0.5160805921052631
-UuX1xuaiiE$_$6,11,-0.23523169336112915,True,0.09648355263157926
-UuX1xuaiiE$_$6,12,-0.0005818664756892152,True,0.2251282894736839
-UuX1xuaiiE$_$6,13,-0.6001297829268217,True,0.6753848684210526
-UuX1xuaiiE$_$6,14,-0.005625265928210865,True,0.8055312499999996
-UuX1xuaiiE$_$6,15,-0.018273742007295368,True,0.2251282894736839
-UuX1xuaiiE$_$6,16,-0.011171563043414304,True,0.2251282894736848
-UuX1xuaiiE$_$6,17,-0.0004899339571343611,True,0.4020148026315784
-UuX1xuaiiE$_$6,18,-0.5669533304850726,True,0.08040296052631568
-UuX1xuaiiE$_$6,19,-0.0005244880308055144,True,0.0964835526315797
-UuX1xuaiiE$_$6,20,-0.028520464963264658,True,0.353773026315789
-UuX1xuaiiE$_$6,21,-0.13074037755504833,True,0.353773026315789
-a55Q6RWvTA$_$3,0,-0.00010122297330497076,True,0.30448689223512343
-a55Q6RWvTA$_$3,1,-0.0014634486496352868,True,0.4166662735849057
-a55Q6RWvTA$_$3,2,-2.4131612163917566,True,0.16025625907111773
-a55Q6RWvTA$_$3,3,-0.004972085247497186,True,0.4006406476777937
-a55Q6RWvTA$_$3,4,-0.03686985828450746,True,0.8173069212626998
-a55Q6RWvTA$_$3,5,-0.00022809112866816072,True,0.28846126632801194
-a55Q6RWvTA$_$3,6,-0.0010398706340978947,True,0.1602562590711174
-a55Q6RWvTA$_$3,7,-0.032755009158518984,True,0.38461502177068185
-a55Q6RWvTA$_$3,8,-0.0024997796331192035,True,0.1282050072568941
-a55Q6RWvTA$_$3,9,-0.00010164540626078633,True,0.16025625907111785
-a55Q6RWvTA$_$3,10,-4.8991235618700554e-05,True,0.28846126632801194
-a55Q6RWvTA$_$3,11,-0.00011367063135026001,True,0.1602562590711174
-a55Q6RWvTA$_$3,12,-0.00022962056420918012,True,0.4807687772133522
-a55Q6RWvTA$_$3,13,-0.015236654597771349,True,0.6410250362844714
-a55Q6RWvTA$_$3,14,-3.510591315603051e-05,True,0.1282050072568932
-a55Q6RWvTA$_$3,15,-1.559612384009294e-05,True,0.20833313679245258
-a55Q6RWvTA$_$3,16,-0.2551047395801523,True,0.17628188497822972
-a55Q6RWvTA$_$3,17,-0.024416226386165363,True,0.09615375544267035
-a55Q6RWvTA$_$3,18,-0.00023637950081933923,True,0.22435876269956534
-a55Q6RWvTA$_$3,19,-5.6846145590760955e-06,True,0.5160256259071119
-a55Q6RWvTA$_$3,20,-1.317220599474922e-05,True,0.28846126632801106
-a55Q6RWvTA$_$3,21,-2.5172140405279226e-05,True,0.1923075108853416
-a55Q6RWvTA$_$3,22,-6.129773910856784e-05,True,0.1282050072568941
-a55Q6RWvTA$_$3,23,-0.0009075286704091449,True,0.1923075108853407
-a55Q6RWvTA$_$3,24,-0.0004031875296107046,True,0.3205125181422357
-a55Q6RWvTA$_$3,25,-9.867751474404133e-06,True,0.3205125181422339
-a55Q6RWvTA$_$3,26,-0.00033050634517296985,True,0.19230751088534248
-a55Q6RWvTA$_$3,27,-5.7228981591350704e-05,True,0.35256376995645766
-a55Q6RWvTA$_$3,28,-0.00021764599273410568,True,0.2564100145137882
-a55Q6RWvTA$_$3,29,-0.002535412422185838,True,0.35256376995645944
-a55Q6RWvTA$_$3,30,-2.944461252241126e-06,True,0.3205125181422357
-a55Q6RWvTA$_$3,31,-6.067315574398435e-05,True,0.16025625907111696
-a55Q6RWvTA$_$3,32,-1.1428877260577508e-05,True,0.2564100145137882
-a55Q6RWvTA$_$3,33,-0.0015845582882754172,True,0.24038438860667632
-a55Q6RWvTA$_$3,34,-0.0019992906331633975,True,0.14423063316400508
-a55Q6RWvTA$_$3,35,-0.0005623465552835327,True,0.22435876269956445
-a55Q6RWvTA$_$3,36,-1.2546514469136127e-05,True,0.16025625907111873
-a55Q6RWvTA$_$3,37,-1.0639245576982148e-05,True,0.2564100145137882
-a55Q6RWvTA$_$3,38,-0.00023390406947025136,True,0.1923075108853407
-a55Q6RWvTA$_$3,39,-0.0008577077600306512,True,0.5160256259071119
-a55Q6RWvTA$_$3,40,-6.072273295671948e-05,True,0.3205125181422357
-a55Q6RWvTA$_$3,41,-0.0006376115780758104,True,0.1923075108853407
-a55Q6RWvTA$_$3,42,-0.0035396726309713245,True,0.5160256259071119
-a55Q6RWvTA$_$3,43,-8.03345001827438e-05,True,0.28846126632801194
-a55Q6RWvTA$_$3,44,-0.48578421900674584,True,0.1282050072568932
-a55Q6RWvTA$_$3,45,-2.5609476191827223e-05,True,0.22435876269956623
-a55Q6RWvTA$_$3,46,-0.000509723475128491,True,0.1923075108853407
-a55Q6RWvTA$_$3,47,-0.0021999085754259794,True,0.3205125181422357
-a55Q6RWvTA$_$3,48,-0.284579084987854,True,0.09615375544266946
-a55Q6RWvTA$_$3,49,-5.99366132216043e-05,True,0.22435876269956445
-a55Q6RWvTA$_$3,50,-0.03868817626665885,True,0.5448712808418001
-a55Q6RWvTA$_$3,51,-0.00012137582802607128,True,0.5128200290275764
-a55Q6RWvTA$_$3,52,-0.36321657600417157,True,0.3205125181422339
-a55Q6RWvTA$_$3,53,-0.042036223770992365,True,0.16025625907111873
-a55Q6RWvTA$_$3,54,-0.00021734102581945082,True,0.3205125181422339
-a55Q6RWvTA$_$3,55,-0.6724437241353627,True,0.22435876269956623
-a55Q6RWvTA$_$3,56,-4.4616097807804636,True,0.0641025036284475
-a55Q6RWvTA$_$3,57,-0.0019593088544146062,True,0.19230751088533893
-a55Q6RWvTA$_$3,58,-0.0005579281195108245,True,0.5160256259071119
-a55Q6RWvTA$_$3,59,-0.1286555417927957,True,0.22435876269956267
-a55Q6RWvTA$_$3,60,-0.01143130803313852,True,0.09615375544267124
-a55Q6RWvTA$_$3,61,-0.0005164584651808468,True,0.6410250362844714
-a55Q6RWvTA$_$3,62,-6.63915436227569e-05,True,0.35256376995645766
-a55Q6RWvTA$_$3,63,-3.259439681535525e-05,True,0.5160256259071119
-a55Q6RWvTA$_$3,64,-0.3688742299034565,True,0.41666627358490516
-aNfi7CP8vM$_$7,0,-1.9773235512980136,True,0.5160482847744361
-aNfi7CP8vM$_$7,1,-0.0012605721744876064,True,0.12838627819548853
-aNfi7CP8vM$_$7,2,-6.013754273226368e-05,True,0.16048284774436095
-aNfi7CP8vM$_$7,3,-0.00017861091726700806,True,0.22467598684210532
-aNfi7CP8vM$_$7,4,-4.114297146410687e-05,True,0.19257941729323313
-aNfi7CP8vM$_$7,5,-0.0001248868835372896,True,0.5160482847744361
-aNfi7CP8vM$_$7,6,-0.1450601480057784,True,0.8987039473684209
-aNfi7CP8vM$_$7,7,-0.048870144806970474,True,0.6444345629699244
-aNfi7CP8vM$_$7,8,-0.06776573334036584,True,0.09628970864661746
-aNfi7CP8vM$_$7,9,-0.0010396598459695586,True,0.48144854323308195
-aNfi7CP8vM$_$7,10,-0.003232698592206873,True,0.2567725563909775
-aNfi7CP8vM$_$7,11,-0.02262528485812254,True,0.16048284774436183
-aNfi7CP8vM$_$7,12,-5.433842295838745e-05,True,0.5160482847744365
-aNfi7CP8vM$_$7,13,-3.790676259995962e-05,True,0.16048284774436006
-aNfi7CP8vM$_$7,14,-0.00011740428581106244,True,0.16048284774436006
-aNfi7CP8vM$_$7,15,-3.0863610985439514e-05,True,0.38515883458646627
-aNfi7CP8vM$_$7,16,-7.3368017567077e-05,True,0.2567725563909775
-aNfi7CP8vM$_$7,17,-8.674378149667714e-05,True,0.2246759868421062
-aqamKhZ1Ec$_$0,0,-0.00012400516295363317,True,0.5160622234513275
-aqamKhZ1Ec$_$0,1,-7.458146446814551,False,
-aqamKhZ1Ec$_$0,2,-0.02297933082882082,True,0.16062223451327418
-aqamKhZ1Ec$_$0,3,-0.011318583959109674,True,0.12849778761061925
-aqamKhZ1Ec$_$0,4,-0.0026604204828117872,True,0.25699557522123895
-aqamKhZ1Ec$_$0,5,-0.0001584953326645433,True,0.38549336283185864
-aqamKhZ1Ec$_$0,6,-0.0375501728570633,True,0.7870489491150439
-aqamKhZ1Ec$_$0,7,-0.08060055754231014,True,0.7067378318584074
-aqamKhZ1Ec$_$0,8,-0.006249363508118222,True,0.24093335176991193
-aqamKhZ1Ec$_$0,9,-0.4657337179673012,True,0.7569955752212394
-aqamKhZ1Ec$_$0,10,-0.3323023220575428,True,0.5160622234513284
-aqamKhZ1Ec$_$0,11,-9.429736390072681e-05,True,0.41761780973451224
-aqamKhZ1Ec$_$0,12,-0.006039718980165295,True,0.4818667035398221
-aqamKhZ1Ec$_$0,13,-0.0026906292433007085,True,0.40155558628318744
-dxfTGcXJoc$_$0,0,-2.026553509892892e-06,True,0.33643475274725276
-dxfTGcXJoc$_$0,1,-8.017160404278911e-05,True,0.16020702511773932
-dxfTGcXJoc$_$0,2,-0.00015673235866273672,True,0.12816562009419163
-dxfTGcXJoc$_$0,3,-0.00027970880530440756,True,0.5607245879120879
-dxfTGcXJoc$_$0,4,-0.9005788772344834,True,0.43255896781789627
-dxfTGcXJoc$_$0,5,,False,
-dxfTGcXJoc$_$0,6,-1.3027700226205872e-05,True,0.5160207025117738
-dxfTGcXJoc$_$0,7,-0.03603274851803842,True,0.6087866954474102
-dxfTGcXJoc$_$0,8,-4.303480447731545e-05,True,0.5160207025117733
-dxfTGcXJoc$_$0,9,-1.5571261634761413e-05,True,0.2242898351648357
-dxfTGcXJoc$_$0,10,-0.0002459979135316814,True,0.352455455259026
-dxfTGcXJoc$_$0,11,-0.0001336089752044245,True,0.19224843014128723
-dxfTGcXJoc$_$0,12,-0.00013701635181403068,True,0.38449686028257446
-dxfTGcXJoc$_$0,13,-6.522111678937866e-05,True,0.19224843014128812
-dxfTGcXJoc$_$0,14,-0.00014009506448697806,True,0.2242898351648348
-dxfTGcXJoc$_$0,15,-2.4053200266504384,True,0.8651179356357925
-dxfTGcXJoc$_$0,16,-0.4667725424485222,True,1.1855319858712718
-dxfTGcXJoc$_$0,17,-6.655802347192245e-06,True,0.2242898351648357
-dxfTGcXJoc$_$0,18,-1.2397011255026136,True,0.7369523155416005
-dxfTGcXJoc$_$0,19,-0.0216383373436481,True,0.48062107535321985
-dxfTGcXJoc$_$0,20,-5.988444620186328e-06,True,0.5160207025117742
-dxfTGcXJoc$_$0,21,-3.7055461202076655e-05,True,0.22428983516483392
-dxfTGcXJoc$_$0,22,-0.000415815213562117,True,0.19224843014128723
-dxfTGcXJoc$_$0,23,-0.17696456377834222,True,0.7049109105180538
-dxfTGcXJoc$_$0,24,-0.0017714918511606875,True,0.4485796703296714
-dxfTGcXJoc$_$0,25,-3.19026063613543e-05,True,0.4806210753532163
-dxfTGcXJoc$_$0,26,-6.055116043057751e-05,True,0.19224843014128723
-dxfTGcXJoc$_$0,27,-0.00024066667412991904,True,0.2242898351648357
-dxfTGcXJoc$_$0,28,-2.193384705151402e-05,True,0.19224843014128723
-dxfTGcXJoc$_$0,29,-7.297682603026243e-05,True,0.4485796703296714
-dxfTGcXJoc$_$0,30,-1.6631327127925033e-05,True,0.5160207025117742
-dxfTGcXJoc$_$0,31,-0.006702553340356253,True,0.5607245879120875
-dxfTGcXJoc$_$0,32,-0.0012856142320661742,True,0.20826913265306146
-dxfTGcXJoc$_$0,33,-0.3622347637107024,True,1.377780416012559
-dxfTGcXJoc$_$0,34,-6.506178404682335e-05,True,0.19224843014128723
-dxfTGcXJoc$_$0,35,-0.17381704960985164,True,0.9292007456828877
-dxfTGcXJoc$_$0,36,-2.2698678876561678e-05,True,0.48062107535321985
-dxfTGcXJoc$_$0,37,-0.7612355859498107,True,1.0413456632653038
-dxfTGcXJoc$_$0,38,-0.00351984053668275,True,0.1441863226059681
-dxfTGcXJoc$_$0,39,-6.258451882956706e-06,True,0.1281656200941903
-dxfTGcXJoc$_$0,40,-0.00041277599133902345,True,0.7082691326530615
-dxfTGcXJoc$_$1,0,-4.276562642644421e-05,True,0.304344375
-dxfTGcXJoc$_$1,1,-0.00075610616332078,True,0.16018124999999994
-dxfTGcXJoc$_$1,2,-0.003429424555482304,True,0.2723081250000001
-dxfTGcXJoc$_$1,3,-0.0007428269588132252,True,0.20823562499999992
-dxfTGcXJoc$_$1,4,-0.018579274746412012,True,0.3203625000000001
-dxfTGcXJoc$_$1,5,-1.5264415159421674e-05,True,0.516018125
-dxfTGcXJoc$_$1,6,-0.0037550003320774294,True,0.3523987500000003
-dxfTGcXJoc$_$1,7,-0.051122776287722535,True,0.6086887499999998
-dxfTGcXJoc$_$1,8,-0.004158106918595195,True,0.35239874999999987
-dxfTGcXJoc$_$1,9,-0.0003488576033090496,True,0.28832625000000034
-dxfTGcXJoc$_$1,10,-3.2981097177753327e-06,True,0.28832624999999945
-dxfTGcXJoc$_$1,11,-0.018616261900465857,True,0.6407249999999998
-dxfTGcXJoc$_$1,12,-1.2715925217964081,True,0.6086887500000007
-dxfTGcXJoc$_$1,13,-0.2887196811365129,True,0.5125799999999998
-dxfTGcXJoc$_$1,14,-0.053985036753145366,True,0.12814499999999995
-dxfTGcXJoc$_$1,15,-0.029367719998319056,True,0.8009062500000006
-dxfTGcXJoc$_$1,16,-0.0019914719383199516,True,0.4805437500000007
-dxfTGcXJoc$_$1,17,-0.000335549888892014,True,0.22425374999999903
-dxfTGcXJoc$_$1,18,-2.4526564874787044e-05,True,0.41647125000000074
-dxfTGcXJoc$_$1,19,-1.147335884921219e-05,True,0.5160181250000004
-dxfTGcXJoc$_$1,20,-0.0019466551682339646,True,0.19221749999999993
-dxfTGcXJoc$_$1,21,-0.006575112696623364,True,0.49656187500000115
-dxfTGcXJoc$_$1,22,-0.023454737849501188,True,0.5926706249999985
-dxfTGcXJoc$_$1,23,-0.058296253012408365,True,0.816924375000001
-dxfTGcXJoc$_$1,24,-0.008337922428173291,True,0.4645256250000003
-dxfTGcXJoc$_$1,25,-2.412473356581385e-05,True,0.5160181250000004
-dxfTGcXJoc$_$1,26,-0.006958773212395464,True,0.2883262500000008
-dxfTGcXJoc$_$1,27,-0.000363829144038282,True,0.352398749999999
-dxfTGcXJoc$_$1,28,-0.00038253114389874554,True,0.1922175000000017
-dxfTGcXJoc$_$1,29,-0.0002517587887949091,True,0.2562899999999999
-dxfTGcXJoc$_$1,30,-0.0007631909837905306,True,0.6086887499999989
-dxfTGcXJoc$_$1,31,-0.003992484483487451,True,0.44850749999999984
-dxfTGcXJoc$_$1,32,-0.0003518402840967383,True,0.19221749999999993
-dxfTGcXJoc$_$1,33,-1.4713176319958166e-05,True,0.1922175000000017
-dxfTGcXJoc$_$1,34,-7.287222726167404e-05,True,0.38443499999999986
-dxfTGcXJoc$_$1,35,-3.5995271658606495e-05,True,0.3363806250000003
-dxfTGcXJoc$_$2,0,-0.00014608624252648243,True,0.2724125120423892
-dxfTGcXJoc$_$2,1,-0.00853187748621025,True,0.6730191473988438
-dxfTGcXJoc$_$2,2,-0.003468048799763099,True,0.5928978203275528
-dxfTGcXJoc$_$2,3,-0.4037351905811287,True,0.9647036970134875
-dxfTGcXJoc$_$2,4,-0.34394390091245586,True,0.5768735549132948
-dxfTGcXJoc$_$2,5,-0.007404209177794266,True,0.9647036970134879
-dxfTGcXJoc$_$2,6,-0.003947179452036191,True,0.22433971579961387
-dxfTGcXJoc$_$2,7,-0.002747530800892197,True,0.5160242654142584
-dxfTGcXJoc$_$2,8,-0.030667149171302036,True,0.7210919436416185
-dxfTGcXJoc$_$2,9,-0.02169690386889402,True,0.464703697013487
-dxfTGcXJoc$_$2,10,-0.00034149880218490935,True,0.19229118497109887
-dxfTGcXJoc$_$2,11,-0.00027290179059491493,True,0.1922911849710971
-dxfTGcXJoc$_$2,12,-9.993599178415025e-06,True,0.19229118497109887
-dxfTGcXJoc$_$2,13,-0.00021650918406056587,True,0.6730191473988434
-dxfTGcXJoc$_$2,14,-0.00137906915110797,True,0.38458236994219774
-dxfTGcXJoc$_$2,15,-0.0016247598692302745,True,0.22433971579961387
-dxfTGcXJoc$_$2,16,-0.0012461930547323795,True,0.2563882466281324
-dxfTGcXJoc$_$2,17,-2.3529043044184417,True,0.28843677745664564
-dxfTGcXJoc$_$2,18,-0.005448141417125977,True,0.6249463511560691
-dxfTGcXJoc$_$2,19,-0.05721570684049956,True,0.17626691955684137
-dxfTGcXJoc$_$2,20,-0.00021737284668006397,True,0.1922911849710971
-dxfTGcXJoc$_$2,21,-7.309613431313469e-05,True,0.4486794315992295
-dxfTGcXJoc$_$2,22,-0.0003211537156554793,True,0.19229118497109887
-dxfTGcXJoc$_$2,23,-0.014191517454137307,True,0.3525338391136792
-dxfTGcXJoc$_$2,24,-6.346163590933429e-05,True,0.1922911849710971
-dxfTGcXJoc$_$2,25,-0.0005567956789057596,True,0.8685581045279367
-dxfTGcXJoc$_$2,26,-1.469929174868767e-05,True,0.5127764932562631
-dxfTGcXJoc$_$2,27,-0.0002536015441923685,True,0.1602426541425821
-dxfTGcXJoc$_$2,28,-1.2382547437184144e-05,True,0.25638824662813064
-dxfTGcXJoc$_$2,29,-7.673906855298895e-06,True,0.5160242654142575
-dxfTGcXJoc$_$2,30,-8.281934316574262e-05,True,0.38458236994219774
-dxfTGcXJoc$_$2,31,-8.602851412575774e-06,True,0.2243397157996121
-dxfTGcXJoc$_$2,32,-7.67402661594474e-06,True,0.5160242654142593
-dxfTGcXJoc$_$2,33,-0.0018276443768679466,True,0.964703697013487
-dxfTGcXJoc$_$6,0,-0.010383570047910885,True,0.7051411802030458
-dxfTGcXJoc$_$6,1,-0.011392412745249573,True,0.7211671161167512
-dxfTGcXJoc$_$6,2,-9.732258475736444e-05,True,0.2564149746192894
-dxfTGcXJoc$_$6,3,-0.0009177113348055599,True,0.1602593591370558
-dxfTGcXJoc$_$6,4,-0.0051438699765836635,True,0.5288558851522844
-dxfTGcXJoc$_$6,5,-0.04709815880130026,True,0.4006483978426396
-dxfTGcXJoc$_$6,6,-0.045737315317155816,True,0.7051411802030456
-dxfTGcXJoc$_$6,7,-0.003538296518419161,True,0.4807780774111676
-dxfTGcXJoc$_$6,8,-3.121760976387833e-06,True,0.5160259359137056
-dxfTGcXJoc$_$6,9,-0.0002195491507199776,True,0.22436310279187843
-dxfTGcXJoc$_$6,10,-0.009508511379212539,True,0.448726205583756
-dxfTGcXJoc$_$6,11,-0.0029983622487499417,True,0.32051871827411205
-dxfTGcXJoc$_$6,12,-1.3605821333076814e-05,True,0.448726205583756
-dxfTGcXJoc$_$6,13,-0.042313069057043684,True,0.25641497461928964
-dxfTGcXJoc$_$6,14,-0.0008303070403428592,True,0.35257059010152325
-dxfTGcXJoc$_$6,15,-0.09761795050606766,True,0.68911524428934
-dxfTGcXJoc$_$6,16,-0.021633668638091623,True,0.5609077569796961
-dxfTGcXJoc$_$6,17,-0.00014825952575669987,True,0.12820748730964482
-dxfTGcXJoc$_$6,18,-0.00290925460428843,True,0.7083371668781702
-dxfTGcXJoc$_$6,19,-5.086209850130925e-06,True,0.2884668464467026
-dxfTGcXJoc$_$6,20,-0.0002137530199624038,True,0.25641497461928964
-dxfTGcXJoc$_$6,21,-0.001622316592742834,True,0.28846684644669907
-dxfTGcXJoc$_$6,22,-2.4305832617053305e-05,True,0.352570590101525
-dxfTGcXJoc$_$6,23,-0.00013180372479837388,True,0.12820748730964482
-dxfTGcXJoc$_$6,24,-0.3237361773635007,True,0.4166743337563439
-dxfTGcXJoc$_$6,25,-9.548404214262025e-05,True,0.22436310279187666
-dxfTGcXJoc$_$6,26,-9.844871519416141e-06,True,0.5160259359137065
-egA8-b7-3M$_$1,0,-0.003189768527590786,True,0.28926028481012656
-egA8-b7-3M$_$1,1,-0.037905299481323596,True,0.5160700158227849
-egA8-b7-3M$_$1,2,-0.00011146591827089954,True,0.4178204113924049
-egA8-b7-3M$_$1,3,-0.007767936679032772,True,0.321400316455696
-egA8-b7-3M$_$1,4,-0.00912398143448705,True,0.6267306170886076
-egA8-b7-3M$_$1,5,-0.018156330450281644,True,0.24105023734177244
-egA8-b7-3M$_$1,6,-0.000486085024078875,True,0.5463805379746836
-egA8-b7-3M$_$1,7,-2.2335763755876314e-05,True,0.2571202531645569
-egA8-b7-3M$_$1,8,-0.00045123987031642546,True,0.5160700158227849
-egA8-b7-3M$_$1,9,-3.3245434155747926,True,1.0284810126582276
-egA8-b7-3M$_$1,10,-3.639309573699734e-05,True,0.5160700158227849
-egA8-b7-3M$_$1,11,-0.7966817402832963,True,0.4499604430379742
-egA8-b7-3M$_$1,12,-0.36290946147256475,True,0.482100474683544
-egA8-b7-3M$_$1,13,-0.0002168587416164769,True,0.1285601265822791
-egA8-b7-3M$_$1,14,-0.0004807610049510913,True,0.22498022151898667
-egA8-b7-3M$_$1,15,-0.00020157151537159024,True,0.25712025316455733
-egA8-b7-3M$_$1,16,-3.2988435709313535e-05,True,0.25712025316455733
-egA8-b7-3M$_$1,17,-0.011222828397014458,True,0.3696103639240498
-egA8-b7-3M$_$1,18,-0.1583506264377661,True,0.24105023734177422
-egA8-b7-3M$_$1,19,-0.16163460806790794,True,0.67494066455696
-egA8-b7-3M$_$13,0,-1.6463494877901514e-05,True,0.289719
-egA8-b7-3M$_$13,1,-0.04617476413886834,True,0.128764
-egA8-b7-3M$_$13,2,-0.006273962548948475,True,0.1287640000000001
-egA8-b7-3M$_$13,3,-0.0008319384455290901,True,0.16095499999999996
-egA8-b7-3M$_$13,4,-0.12676012720222177,True,0.3862920000000001
-egA8-b7-3M$_$13,5,-0.010403858099493846,True,0.1287640000000001
-egA8-b7-3M$_$13,6,-0.00034015971818579516,True,0.5160954999999996
-egA8-b7-3M$_$13,7,-4.3157169204259084e-05,True,0.35410100000000044
-egA8-b7-3M$_$13,8,-0.0029998037124414623,True,0.12876399999999988
-egA8-b7-3M$_$13,9,-0.0021492914519664432,True,0.19314600000000004
-egA8-b7-3M$_$13,10,-2.369271282276486e-06,True,0.28971899999999984
-egA8-b7-3M$_$16,0,-3.190191294777378e-05,True,0.2580235294117647
-egA8-b7-3M$_$16,1,-4.6723444902418976e-05,True,0.5161264705882351
-egA8-b7-3M$_$16,2,-1.6855647481861523e-05,True,0.29027647058823547
-egA8-b7-3M$_$16,3,-0.0012618973833014024,True,0.22577058823529406
-egA8-b7-3M$_$16,4,-8.106096467486168e-05,True,0.41928823529411785
-egA8-b7-3M$_$16,5,-8.725313216473296e-05,True,0.5805529411764705
-egA8-b7-3M$_$16,6,-6.27943049712106e-05,True,0.22577058823529406
-egA8-b7-3M$_$16,7,-0.06497582472597212,True,0.5805529411764705
-egA8-b7-3M$_$16,8,-8.290114214896487e-05,True,0.1935176470588238
-egA8-b7-3M$_$16,9,-0.0042084714693869174,True,0.6450588235294124
-egA8-b7-3M$_$16,10,-0.01329676869002725,True,0.5160470588235286
-egA8-b7-3M$_$17,0,-7.6173395250123125e-06,True,0.3371046380090497
-egA8-b7-3M$_$17,1,-0.00017912487123794563,True,0.16052601809954758
-egA8-b7-3M$_$17,2,-0.00015395132027151703,True,0.16052601809954758
-egA8-b7-3M$_$17,3,-0.00010058167791981987,True,0.2568416289592761
-egA8-b7-3M$_$17,4,-3.4240477309192365e-05,True,0.3531572398190044
-egA8-b7-3M$_$17,5,-5.799010758230051e-06,True,0.5160526018099549
-egA8-b7-3M$_$17,6,-0.0006687042126941378,True,0.16052601809954758
-egA8-b7-3M$_$17,7,-1.0353973573882871e-05,True,0.22473642533936644
-egA8-b7-3M$_$17,8,-6.18844343298619e-05,True,0.2889468325791853
-egA8-b7-3M$_$17,9,-4.7078458223655145e-05,True,0.8049994343891411
-egA8-b7-3M$_$17,10,-0.02703659309089174,True,0.516052601809954
-egA8-b7-3M$_$17,11,-2.4347985572603648e-05,True,0.16052601809954758
-egA8-b7-3M$_$17,12,-0.001104568376907385,True,0.16052601809954758
-egA8-b7-3M$_$17,13,-0.00024979133615943283,True,0.16052601809954758
-egA8-b7-3M$_$17,14,-0.00043482459772903326,True,0.22473642533936644
-egA8-b7-3M$_$17,15,-5.333857994097949e-05,True,0.22473642533936644
-egA8-b7-3M$_$18,0,-0.00012077910640950762,True,0.2733787694552529
-egA8-b7-3M$_$18,1,-4.582883506663941e-05,True,0.5467575389105058
-egA8-b7-3M$_$18,2,-0.011722026755914309,True,0.3859464980544747
-egA8-b7-3M$_$18,3,-7.491081533268178e-05,True,0.45027091439688727
-egA8-b7-3M$_$18,4,-0.00048225837595605725,True,0.25729766536964993
-egA8-b7-3M$_$18,5,-1.8059513546830885e-05,True,0.289459873540856
-egA8-b7-3M$_$18,6,-0.0010664063732903628,True,0.16081104085603126
-egA8-b7-3M$_$18,7,-7.505544514666933e-05,True,0.16081104085603126
-egA8-b7-3M$_$18,8,-0.012831815886662408,True,0.7236496838521398
-egA8-b7-3M$_$18,9,-5.6938484760013016e-06,True,0.516081104085603
-egA8-b7-3M$_$18,10,-0.04382034147887627,True,0.4341898103112838
-egA8-b7-3M$_$18,11,-0.02050047332595568,True,0.14472993677042822
-egA8-b7-3M$_$18,12,-8.085128316300445e-05,True,0.19297324902723734
-egA8-b7-3M$_$18,13,-0.0002054774432966866,True,0.3859464980544747
-egA8-b7-3M$_$18,14,-0.0340399448189137,True,0.2572976653696495
-egA8-b7-3M$_$18,15,-5.443217431159534e-05,True,0.19297324902723823
-egA8-b7-3M$_$18,16,-8.306982224315362e-06,True,0.516081104085603
-egA8-b7-3M$_$18,17,-5.3978217313973197e-05,True,0.19297324902723734
-egA8-b7-3M$_$18,18,-0.009909872791354246,True,0.2251354571984434
-egA8-b7-3M$_$18,19,-0.00045354559551924467,True,0.09648662451361911
-egA8-b7-3M$_$18,20,-0.000239822415132096,True,0.3859464980544747
-egA8-b7-3M$_$18,21,-0.0002746790156379575,True,0.3216220817120625
-egA8-b7-3M$_$20,0,-4.3137819614003095e-05,True,0.30600575248756223
-egA8-b7-3M$_$20,1,-0.010113193630758133,True,0.2899001865671641
-egA8-b7-3M$_$20,2,-0.0001626294388170635,True,0.12884452736318408
-egA8-b7-3M$_$20,3,-0.00022165750740062626,True,0.16105565920398013
-egA8-b7-3M$_$20,4,-6.992745703282566e-05,True,0.2899001865671642
-egA8-b7-3M$_$20,5,-0.00014912491022300856,True,0.2254779228855721
-egA8-b7-3M$_$20,6,-0.0056476696302070195,True,0.1288445273631842
-egA8-b7-3M$_$20,7,-5.120993596392509e-05,True,0.19326679104477584
-egA8-b7-3M$_$20,8,-0.009363426298928548,True,0.43485027985074654
-egA8-b7-3M$_$20,9,-0.009892147793084404,True,0.1771612251243777
-egA8-b7-3M$_$20,10,-1.2934069332004583e-05,True,0.1288445273631842
-egA8-b7-3M$_$20,11,-0.00016759240143452794,True,0.3543224502487563
-egA8-b7-3M$_$20,12,-1.6196959060554198e-05,True,0.5161055659203981
-egA8-b7-3M$_$20,13,-0.00011699459080697731,True,0.19326679104477584
-egA8-b7-3M$_$20,14,-3.433141121907587e-05,True,0.19326679104477584
-egA8-b7-3M$_$20,15,-0.00014337039857181821,True,0.2576890547263684
-egA8-b7-3M$_$20,16,-0.00045892037845009426,True,0.46706141169154236
-egA8-b7-3M$_$20,17,-0.03527751641710589,True,0.20937235696517398
-egA8-b7-3M$_$20,18,-0.0015366441902339527,True,0.16105565920398046
-egA8-b7-3M$_$20,19,-0.023956333914611605,True,0.37042801616915444
-egA8-b7-3M$_$26,0,-0.17502981555633762,True,0.3700351562499999
-egA8-b7-3M$_$26,1,-0.42940391278313783,True,0.450477581521739
-egA8-b7-3M$_$26,2,-0.9143127721904989,True,0.12870788043478276
-egA8-b7-3M$_$26,3,-0.0007824962366764036,True,0.19306182065217392
-egA8-b7-3M$_$26,4,-0.0003004087543239109,True,0.2252387907608695
-egA8-b7-3M$_$26,5,-0.0001078612476206331,True,0.16088485054347834
-egA8-b7-3M$_$26,6,-5.083844971874014e-06,True,0.5160884850543481
-egA8-b7-3M$_$26,7,-4.058830622000187e-05,True,0.19306182065217392
-egA8-b7-3M$_$26,8,-3.341549707632415e-05,True,0.38612364130434784
-egA8-b7-3M$_$26,9,-3.684395066443358e-05,True,0.3539466711956516
-egA8-b7-3M$_$26,10,-0.0003224443253676175,True,0.19306182065217392
-egA8-b7-3M$_$26,11,-0.0003995609296467251,True,0.611362432065218
-egA8-b7-3M$_$26,12,-0.0005382897248532951,True,0.22523879076086928
-egA8-b7-3M$_$26,13,-0.0002790781832011646,True,0.16088485054347856
-egA8-b7-3M$_$26,14,-0.8170705684272619,True,0.5470084918478255
-egA8-b7-3M$_$6,0,-3.0298900549989107e-06,True,0.3542415364583333
-egA8-b7-3M$_$6,1,-0.00012246964384902506,True,0.8050944010416666
-egA8-b7-3M$_$6,2,-0.0001469433054808178,True,0.19322265625000012
-egA8-b7-3M$_$6,3,-0.04413895312754903,True,0.12881510416666675
-egA8-b7-3M$_$6,4,-8.181584416888654e-05,True,0.19322265624999968
-egA8-b7-3M$_$6,5,-2.7571147409588548e-05,True,0.5161018880208332
-egA8-b7-3M$_$6,6,-3.762521321171164e-06,True,0.4830566406250001
-egA8-b7-3M$_$6,7,-0.0033931671474505265,True,0.4508528645833336
-egA8-b7-3M$_$6,8,-0.00015996248684757575,True,0.25763020833333306
-egA8-b7-3M$_$6,9,-0.0004423719913736098,True,0.2254264322916666
-egA8-b7-3M$_$6,10,-0.0007472929390676737,True,0.5796679687499999
-egA8-b7-3M$_$6,11,-1.136740237340077,True,0.515260416666667
-egA8-b7-3M$_$9,0,-0.001515888197377535,True,0.661376225490196
-egA8-b7-3M$_$9,1,-0.00012150041733300603,True,0.45167156862745106
-egA8-b7-3M$_$9,2,-0.00019583325464874894,True,0.4355404411764705
-egA8-b7-3M$_$9,3,-0.05594063550233841,True,0.08065563725490188
-egA8-b7-3M$_$9,4,-0.00013627428164516195,True,0.5807205882352937
-egA8-b7-3M$_$9,5,-5.285190774628745e-05,True,0.22583578431372597
-egA8-b7-3M$_$9,6,-1.3887343412714396e-05,True,0.22583578431372509
-egA8-b7-3M$_$9,7,-3.136720883795923e-05,True,0.4194093137254904
-egA8-b7-3M$_$9,8,-1.528210327421675e-05,True,0.19357352941176442
-egA8-b7-3M$_$9,9,-0.00018189514989709702,True,0.5161311274509801
-hnBHBN8p5A$_$6,0,-1.0013528935814975e-05,True,0.16073128172588835
-hnBHBN8p5A$_$6,1,-10.827870666794297,False,
-hnBHBN8p5A$_$6,2,-2.484355997485428,True,0.16073128172588835
-hnBHBN8p5A$_$6,3,-3.728742061637481,True,0.19287753807106606
-hnBHBN8p5A$_$6,4,-1.7764833227199384,True,0.4500475888324873
-hnBHBN8p5A$_$6,5,-1.3766221842989552,True,0.3214625634517767
-hnBHBN8p5A$_$6,6,-1.0683070098341676,True,0.48219384517766506
-hnBHBN8p5A$_$6,7,-1.5105734299868345,True,0.0642925126903553
-hnBHBN8p5A$_$6,8,-10.364577383971968,False,
-hnBHBN8p5A$_$6,9,-1.0873750448221566,True,0.516073128172589
-hnBHBN8p5A$_$6,10,-3.0381612035478156,True,0.12858502538071015
-hnBHBN8p5A$_$6,11,-5.98278331104666,False,
-hnBHBN8p5A$_$6,12,-3.274895935426381,True,0.2250237944162432
-hnBHBN8p5A$_$7,0,-2.6010381027159886,True,0.5160981552863437
-hnBHBN8p5A$_$7,1,-1.0199413033027938,True,0.5160981552863437
-hnBHBN8p5A$_$7,2,-0.0007262008616112067,True,0.3863557268722464
-hnBHBN8p5A$_$7,3,-5.857595324122258,False,
-hnBHBN8p5A$_$7,4,-5.92114795949783e-05,True,0.1609815528634364
-hnBHBN8p5A$_$7,5,-1.9713411306748867,True,0.38635572687224595
-hnBHBN8p5A$_$7,6,-3.30436459744193,True,0.7405151431718071
-hnBHBN8p5A$_$7,7,-1.0381014440468805,True,1.0302819383259907
-hnBHBN8p5A$_$7,8,-5.706080673917313e-06,True,0.5151409691629949
-hnBHBN8p5A$_$7,9,-4.09447019658425,True,0.09658893171806238
-hnBHBN8p5A$_$7,10,-8.815090894699097,False,
-hnBHBN8p5A$_$7,11,-10.444333861884692,False,
-hnBHBN8p5A$_$7,12,-10.432329818911967,False,
-iRBcNs9oI8$_$3,0,-0.17489398210847362,True,0.5160995639534884
-iRBcNs9oI8$_$3,1,-3.48808775341482,True,0.35419040697674387
-iRBcNs9oI8$_$3,2,-1.5193437994628454,True,0.2575930232558141
-iRBcNs9oI8$_$3,3,-7.179326117038723,False,
-iRBcNs9oI8$_$3,4,-0.0021653060621247278,True,0.09659738372093019
-iRBcNs9oI8$_$3,5,-4.1793342289756765,True,0.2575930232558141
-iRBcNs9oI8$_$3,6,-3.214719232137059,True,0.35419040697674387
-iRBcNs9oI8$_$3,7,-1.2678111429096741,True,0.321991279069767
-iRBcNs9oI8$_$6,0,-1.5093383335932868,True,0.29176939655172407
-iRBcNs9oI8$_$6,1,-4.854808784282795,True,0.12967528735632183
-iRBcNs9oI8$_$6,2,-5.002461001120537,False,
-iRBcNs9oI8$_$6,3,-0.7024784852510683,True,0.3890258620689656
-iRBcNs9oI8$_$6,4,-14.70002626436326,False,
-iRBcNs9oI8$_$7,0,-1.5497172967116057e-06,True,0.1292177419354839
-iRBcNs9oI8$_$7,1,-5.625026792270148,False,
-iRBcNs9oI8$_$7,2,-2.84268646374785,True,0.5484566532258064
-iRBcNs9oI8$_$7,3,-13.602848052978516,False,
-iRBcNs9oI8$_$7,4,-11.931389033794375,False,
-iRBcNs9oI8$_$7,5,-2.71582833924298,True,0.193826612903226
-iRBcNs9oI8$_$7,6,-4.482240818504124e-06,True,0.19382661290322556
-iRBcNs9oI8$_$7,7,-0.004881117859258666,True,0.16152217741935493
-iRBcNs9oI8$_$7,8,-5.177920175192384,False,
-iRBcNs9oI8$_$8,0,-2.0298943063903487,True,0.6444691249999996
-iRBcNs9oI8$_$8,1,-10.985290288925084,False,
-iRBcNs9oI8$_$8,2,-2.2827466064481974,True,0.3210424999999999
-iRBcNs9oI8$_$8,3,-3.020568109532703,True,0.3210425000000008
-iRBcNs9oI8$_$8,4,-6.59442139578914e-05,True,0.1605212499999995
-iRBcNs9oI8$_$8,5,-11.256928145882853,False,
-iRBcNs9oI8$_$8,6,-2.208471029996817,True,0.25683399999999956
-iRBcNs9oI8$_$8,7,-10.494726419448796,False,
-iRBcNs9oI8$_$8,8,-13.920258363087934,False,
-iRBcNs9oI8$_$8,9,-3.151714239801661,True,0.22472974999999984
-iRBcNs9oI8$_$8,10,-2.6149838864765647,True,0.25683399999999956
-iRBcNs9oI8$_$8,11,-12.775994539260807,False,
-iRBcNs9oI8$_$8,12,-10.084500372409817,False,
-iRBcNs9oI8$_$8,13,-11.827093124389648,False,
-iRBcNs9oI8$_$8,14,-0.0007938066844275227,True,0.1605212500000004
-iRBcNs9oI8$_$8,15,-5.723490420103839,False,
-iRBcNs9oI8$_$8,16,-9.68161785601857,False,
-iRBcNs9oI8$_$8,17,-8.884303867803737,False,
-iRBcNs9oI8$_$8,18,-2.8416487372175716,True,0.19262550000000012
-iRBcNs9oI8$_$8,19,-4.6941513423829795,True,0.19262550000000012
-iRBcNs9oI8$_$8,20,-9.813540994773575,False,
-iRBcNs9oI8$_$9,0,-1.2325622626008225e-05,True,0.516221454326923
-iRBcNs9oI8$_$9,1,-1.5928723851101836,True,0.516221454326923
-iRBcNs9oI8$_$9,2,-2.6998949074348513,True,0.29198617788461556
-iRBcNs9oI8$_$9,3,-2.251726692116386e-06,True,0.32442908653846114
-iRBcNs9oI8$_$9,4,-7.247860996055048e-06,True,0.516221454326923
-lzEya4AM_4$_$5,0,-0.06414920533338393,True,0.2726370497881355
-lzEya4AM_4$_$5,1,-0.00010400009887234773,True,0.09622484110169494
-lzEya4AM_4$_$5,2,-0.00022242144348680882,True,0.32074947033898293
-lzEya4AM_4$_$5,3,-0.0012329640147399346,True,0.25659957627118635
-lzEya4AM_4$_$5,4,-0.0022138175863801735,True,0.1282997881355934
-lzEya4AM_4$_$5,5,-1.0678281481614817,True,0.25659957627118635
-lzEya4AM_4$_$5,6,-0.0003172970508984463,True,0.22452462923728822
-lzEya4AM_4$_$5,7,-0.00046218558313171343,True,0.19244968220338965
-lzEya4AM_4$_$5,8,-2.1039643854692258e-05,True,0.16037473516949152
-lzEya4AM_4$_$5,9,-0.045592626484065264,True,0.6735738877118642
-lzEya4AM_4$_$5,10,-0.0012085927054644211,True,0.9490492584745756
-lzEya4AM_4$_$5,11,-0.1000641919099516,True,0.772637049788135
-lzEya4AM_4$_$5,12,-0.0034962061686201196,True,0.1282997881355934
-lzEya4AM_4$_$5,13,-0.018658203472698278,True,0.48112420550847457
-lzEya4AM_4$_$5,14,-0.001126766748761554,True,0.32074947033898304
-lzEya4AM_4$_$5,15,-0.0003013424918663077,True,0.1282997881355934
-lzEya4AM_4$_$5,16,-0.001955041738824548,True,0.1282997881355934
-lzEya4AM_4$_$5,17,-0.00020126573024299433,True,0.16037473516949063
-lzEya4AM_4$_$5,18,-4.1532164394603956e-05,True,0.22452462923728866
-lzEya4AM_4$_$6,0,-0.0008308786432849047,True,0.2883986413043479
-lzEya4AM_4$_$6,1,-0.008277043609571896,True,0.19226576086956526
-lzEya4AM_4$_$6,2,-0.0010758570911875154,True,0.16022146739130427
-lzEya4AM_4$_$6,3,-2.4959100985988414e-06,True,0.5160221467391304
-lzEya4AM_4$_$6,4,-1.4056268768788035e-05,True,0.3845315217391303
-lzEya4AM_4$_$6,5,-0.0005917212405670113,True,0.2883986413043478
-lzEya4AM_4$_$6,6,-1.5437374484505995e-05,True,0.12817717391304395
-lzEya4AM_4$_$6,7,-4.798796421567886e-05,True,0.1922657608695646
-lzEya4AM_4$_$6,8,-0.00010559450428055632,True,0.19226576086956548
-lzEya4AM_4$_$6,9,-0.016128792630610178,True,0.6088415760869568
-lzEya4AM_4$_$6,10,-0.06510250223656418,True,0.16022146739130427
-lzEya4AM_4$_$6,11,-6.20619210556228e-06,True,0.5160221467391306
-lzEya4AM_4$_$6,12,-0.04024360929174146,True,0.5767972826086956
-lzEya4AM_4$_$6,13,-6.253696837177358e-05,True,0.19226576086956548
-lzEya4AM_4$_$6,14,-2.0414416050940076e-06,True,0.5160221467391306
-lzEya4AM_4$_$6,15,-0.0004063371754720417,True,0.16022146739130427
-lzEya4AM_4$_$6,16,-6.047972392480006e-05,True,0.1922657608695646
-lzEya4AM_4$_$6,17,-2.225317820749349e-05,True,0.4165758152173922
-lzEya4AM_4$_$6,18,-1.5958603072326295e-05,True,0.5160221467391297
-lzEya4AM_4$_$6,19,-0.00018889638506136563,True,0.5160221467391297
-lzEya4AM_4$_$6,20,-0.009395982146838122,True,0.4806644021739128
-lzEya4AM_4$_$6,21,-1.1285038150769347e-05,True,0.2243100543478267
-lzEya4AM_4$_$6,22,-0.05814194391044225,True,0.4486201086956516
-lzEya4AM_4$_$6,23,-1.4521806798735029e-05,True,0.5160221467391306
-lzEya4AM_4$_$6,24,-0.0011029559609572932,True,0.12817717391304306
-lzEya4AM_4$_$6,25,-1.7866170510369557,True,0.09613288043478185
-lzEya4AM_4$_$6,26,-0.009760420477277876,True,0.16022146739130427
-lzEya4AM_4$_$6,27,-0.016297125576909367,True,0.6088415760869577
-lzEya4AM_4$_$6,28,-7.74860041019565e-07,True,0.09613288043478185
-lzEya4AM_4$_$6,29,-0.00030703518766017623,True,0.12817717391304306
-lzEya4AM_4$_$6,30,-0.00044022844558497807,True,0.12817717391304484
-lzEya4AM_4$_$6,31,-6.846368088417876e-05,True,0.1922657608695637
-lzEya4AM_4$_$6,32,-2.3675605978823455e-05,True,0.5160221467391306
-lzEya4AM_4$_$6,33,-0.00015653977962889107,True,0.16022146739130427
-lzEya4AM_4$_$6,34,-2.8759123074095783e-06,True,0.28839864130434734
-lzEya4AM_4$_$6,35,-4.827922393720503e-06,True,0.16022146739130427
-lzEya4AM_4$_$6,36,-0.015773612500497098,True,0.38453152173913097
-lzEya4AM_4$_$6,37,-3.576265463323125e-06,True,0.16022146739130427
-lzEya4AM_4$_$6,38,-2.2641515117882705e-05,True,0.512708695652174
-lzEya4AM_4$_$6,39,-0.00022855071335747823,True,0.12817717391304306
-lzEya4AM_4$_$6,40,-0.0006955576900438132,True,0.12817717391304306
-lzEya4AM_4$_$6,41,-0.00017738090345649957,True,0.16022146739130427
-lzEya4AM_4$_$6,42,-0.0006027894725377791,True,0.2243100543478267
-mJ2ud6oKI8$_$1,0,-1.1920927533992653e-07,True,0.06440957446808511
-mJ2ud6oKI8$_$1,1,-10.924170553684231,False,
-mJ2ud6oKI8$_$1,2,-10.140812039375291,False,
-mJ2ud6oKI8$_$1,3,-14.468554258346549,False,
-mJ2ud6oKI8$_$1,4,-2.3841855067985307e-07,True,0.06440957446808504
-mJ2ud6oKI8$_$1,5,-9.804549217224121,False,
-mJ2ud6oKI8$_$1,6,0.0,True,0.5161023936170208
-mJ2ud6oKI8$_$1,7,-12.291508138179609,False,
-mJ2ud6oKI8$_$1,8,-18.132326364516302,False,
-mJ2ud6oKI8$_$1,9,-6.7707970738310905,False,
-mJ2ud6oKI8$_$1,10,-8.840055823320881,False,
-mJ2ud6oKI8$_$1,11,-8.568581938645366,False,
-mJ2ud6oKI8$_$1,12,-9.593501210004433,False,
-mJ2ud6oKI8$_$2,0,-1.1920927533992653e-07,True,0.06442584745762711
-mJ2ud6oKI8$_$2,1,-11.357023298740383,False,
-mJ2ud6oKI8$_$2,2,-17.52322582403818,False,
-mJ2ud6oKI8$_$2,3,-1.1920928244535389e-07,True,0.06442584745762708
-mJ2ud6oKI8$_$2,4,-20.895128522600448,False,
-mJ2ud6oKI8$_$2,5,0.0,True,0.5161064618644069
-mJ2ud6oKI8$_$2,6,-11.812209129333496,False,
-mJ2ud6oKI8$_$2,7,-17.383263140916824,False,
-mJ2ud6oKI8$_$2,8,-18.59623804688306,False,
-mJ2ud6oKI8$_$2,9,-6.833905398821116,False,
-mJ2ud6oKI8$_$2,10,-16.130675211547327,False,
-mJ2ud6oKI8$_$6,0,-0.0037553766717266512,True,0.1614583333333333
-mJ2ud6oKI8$_$6,1,-3.23467427401215,True,0.12916666666666665
-mJ2ud6oKI8$_$6,2,-9.71528024302097,False,
-mJ2ud6oKI8$_$6,3,-2.142633257923966,True,0.290625
-mJ2ud6oKI8$_$6,4,-5.781185366940008,False,
-mJ2ud6oKI8$_$8,0,-4.688886330465418e-06,True,0.22635368217054266
-mJ2ud6oKI8$_$8,1,-1.758864282691917,True,0.3556986434108527
-mJ2ud6oKI8$_$8,2,-0.0001321005843237799,True,0.16168120155038757
-mJ2ud6oKI8$_$8,3,-6.611838089302182,False,
-mJ2ud6oKI8$_$8,4,-10.560154126957059,False,
-mJ2ud6oKI8$_$8,5,-0.0023520239556091838,True,0.16168120155038768
-mJ2ud6oKI8$_$8,6,-2.4334703799759154,True,0.32336240310077513
-mJ2ud6oKI8$_$8,7,-2.421812403074,True,0.0970087209302326
-mJ2ud6oKI8$_$8,8,-0.00027175783816346666,True,0.2910261627906976
-mJ2ud6oKI8$_$8,9,-4.397804959531641,True,0.06467248062015507
-mJ2ud6oKI8$_$8,10,-9.48618093544792,False,
-mJ2ud6oKI8$_$9,0,-2.2407756573434994,True,0.612468023255814
-mJ2ud6oKI8$_$9,1,-7.695807703770697,False,
-mJ2ud6oKI8$_$9,2,-1.138276666519232,True,0.12853488372093036
-mJ2ud6oKI8$_$9,3,-0.012812908738851547,True,0.06426744186046474
-mJ2ud6oKI8$_$9,4,-10.26320226987203,False,
-mJ2ud6oKI8$_$9,5,-7.840363438881468,False,
-mJ2ud6oKI8$_$9,6,-0.006465025770012289,True,0.09640116279069755
-mJ2ud6oKI8$_$9,7,-10.780080228112638,False,
-mJ2ud6oKI8$_$9,8,-9.70181202434469,False,
-mJ2ud6oKI8$_$9,9,-0.0016843193443492055,True,0.06426744186046474
-mJ2ud6oKI8$_$9,10,-6.946237246173344,False,
-mJ2ud6oKI8$_$9,11,-2.911941772986836,True,0.2570697674418603
-mJ2ud6oKI8$_$9,12,-3.291539182118081,True,0.35347093023255827
-mJ2ud6oKI8$_$9,13,-2.26832667197408,True,0.19280232558139554
-mJ2ud6oKI8$_$9,14,-3.48068962381376e-05,True,0.2892034883720931
-mJ2ud6oKI8$_$9,15,-2.5899830605502028,True,0.805270348837209
-mJ2ud6oKI8$_$9,16,-0.4442665645857209,True,0.5160668604651164
-mJ2ud6oKI8$_$9,17,-5.466227495212479,False,
-mJ2ud6oKI8$_$9,18,-8.480891617829911,False,
-mJ2ud6oKI8$_$9,19,-5.719274654053152,False,
-mJ2ud6oKI8$_$9,20,-6.884221611348039,False,
-mJ2ud6oKI8$_$9,21,-4.677102083143836,True,0.12853488372093036
-mqbVkbCndg$_$0,0,-0.002280666720620772,True,0.11230778894472361
-mqbVkbCndg$_$0,1,-4.651727020510421e-05,True,0.5160439698492463
-mqbVkbCndg$_$0,2,-0.012934002146721468,True,0.12835175879396976
-mqbVkbCndg$_$0,3,-0.0007444779577440386,True,0.2887914572864323
-mqbVkbCndg$_$0,4,-2.0673839724086713e-05,True,0.4492311557788944
-mqbVkbCndg$_$0,5,-0.00047155307572149303,True,0.3850552763819093
-mqbVkbCndg$_$0,6,-0.0001564094514485894,True,0.6738467336683422
-mqbVkbCndg$_$0,7,-0.0001810366385267447,True,0.35296733668341673
-mqbVkbCndg$_$0,8,-0.0013343683023402757,True,0.38505527638190973
-mqbVkbCndg$_$0,9,-1.3890067294397567e-05,True,1.026814070351759
-mqbVkbCndg$_$0,10,-8.680196016423262e-05,True,0.22461557788944653
-mqbVkbCndg$_$0,11,-7.666282930593674e-05,True,0.8369233668341707
-qDkUB0GgYY$_$6,0,-1.4107817453145373,True,0.2581643356643357
-qDkUB0GgYY$_$6,1,-0.0007376294702680752,True,0.32270541958041954
-qDkUB0GgYY$_$6,2,-0.0011034426570972755,True,0.19362325174825168
-qDkUB0GgYY$_$6,3,-0.006032230005075689,True,0.1936232517482519
-qDkUB0GgYY$_$6,4,-0.0014326063227940722,True,0.12908216783216786
-qDkUB0GgYY$_$6,5,-0.00041036845670324357,True,0.16135270979020966
-qDkUB0GgYY$_$6,6,-5.2628583489422454e-05,True,0.09681162587412584
-qDkUB0GgYY$_$6,7,-0.8850768263629524,True,0.35497596153846156
-qDkUB0GgYY$_$6,8,-0.0032583971322210914,True,0.5161352709790208
-qDkUB0GgYY$_$6,9,-0.047264580410683266,True,0.16135270979020966
-qDkUB0GgYY$_$6,10,-0.001675732187701821,True,0.19362325174825212
-qDkUB0GgYY$_$6,11,-2.9564479697146453,True,0.12908216783216808
-qDkUB0GgYY$_$6,12,-1.9304768636007794,True,0.16135270979020966
-qDkUB0GgYY$_$6,13,-4.0882960595135955,True,0.2581643356643353
-qDkUB0GgYY$_$6,14,-0.001559960175654851,True,0.16135270979020966
-qDkUB0GgYY$_$6,15,-0.0007807977610809758,True,0.19362325174825212
-ri04Z7vwnc$_$0,0,-2.4084816105860227,True,0.1300352941176471
-ri04Z7vwnc$_$0,1,-0.0002769614627595729,True,0.5162544117647059
-ri04Z7vwnc$_$0,2,-4.686095425859094,True,0.06501764705882351
-ri04Z7vwnc$_$0,3,-0.9410176115021126,True,0.4551235294117648
-ri04Z7vwnc$_$0,4,-1.135460743214935,True,0.3250882352941178
-ri04Z7vwnc$_$0,5,-5.056901814416051,False,
-ri04Z7vwnc$_$0,6,-4.922427136451006,True,0.06501764705882351
-ri04Z7vwnc$_$0,7,-8.107294862158597,False,
-ri04Z7vwnc$_$2,0,-7.98695873527322e-06,True,0.06427581521739131
-ri04Z7vwnc$_$2,1,-9.465622364790761,False,
-ri04Z7vwnc$_$2,2,-10.525234587315936,False,
-ri04Z7vwnc$_$2,3,-11.600583085091785,False,
-ri04Z7vwnc$_$2,4,-12.060667826017985,False,
-ri04Z7vwnc$_$2,5,-1.2936327266926289,True,0.5160689538043479
-ri04Z7vwnc$_$2,6,-0.02980322776628392,True,0.48206861413043445
-ri04Z7vwnc$_$2,7,-1.4095244059106335,True,1.0605509510869569
-ri04Z7vwnc$_$2,8,-2.5158657377399862e-05,True,0.5160689538043473
-ri04Z7vwnc$_$2,9,-8.714108983674976,False,
-ri04Z7vwnc$_$2,10,-2.930108307688715,True,0.16068953804347785
-ri04Z7vwnc$_$2,11,-0.764322938909309,True,0.6124826766304343
-ri04Z7vwnc$_$2,12,-4.050546419661259,True,0.09641372282608707
-ri04Z7vwnc$_$2,13,-5.4985271206858215,False,
-ri04Z7vwnc$_$2,14,-2.250081970674468,True,0.22496535326086864
-ri04Z7vwnc$_$2,15,-0.00019255454445296242,True,0.48206861413043534
-ri04Z7vwnc$_$5,0,,False,
-ri04Z7vwnc$_$5,1,-2.8780610779004445,True,0.5162252358490567
-ri04Z7vwnc$_$5,2,-3.7081400175229646,True,0.12980188679245286
-ri04Z7vwnc$_$5,3,-7.7213673337792885,False,
-ri04Z7vwnc$_$5,4,-2.421604424483431,True,0.38940566037735835
-ri04Z7vwnc$_$5,5,-3.0915494858821546,True,0.12980188679245286
-ri04Z7vwnc$_$5,6,-5.023151750168381,False,
-ri04Z7vwnc$_$5,7,-9.730896187922554,False,
-ri04Z7vwnc$_$5,8,-3.209577047549911,True,0.35695518867924525
-s9qJ7ATP7w$_$0,0,-0.002631107112392783,True,0.06421590909090909
-s9qJ7ATP7w$_$0,1,-8.04332259343937,False,
-s9qJ7ATP7w$_$0,2,-0.006572733793215472,True,0.19264772727272728
-s9qJ7ATP7w$_$0,3,-0.008365562186338594,True,0.3210795454545454
-s9qJ7ATP7w$_$0,4,-0.3468903950609577,True,0.1605397727272727
-s9qJ7ATP7w$_$0,5,-0.005070421907824141,True,0.2568636363636364
-s9qJ7ATP7w$_$0,6,-0.5179584211418006,True,0.5160539772727273
-s9qJ7ATP7w$_$0,7,-0.005519263502307581,True,0.2568636363636363
-s9qJ7ATP7w$_$0,8,-0.1621982386700438,True,0.12843181818181804
-s9qJ7ATP7w$_$0,9,-0.005912841239478439,True,0.12843181818181826
-s9qJ7ATP7w$_$0,10,-0.5349325759780186,True,0.4174034090909089
-s9qJ7ATP7w$_$0,11,-0.880050313782067,True,0.32107954545454565
-s9qJ7ATP7w$_$0,12,-0.11311925676563987,True,0.14448579545454532
-s9qJ7ATP7w$_$0,13,-0.0001934048744942629,True,0.14448579545454532
-s9qJ7ATP7w$_$0,14,-0.9566919430787089,True,0.2889715909090915
-s9qJ7ATP7w$_$0,15,-0.0010651796576439665,True,0.1926477272727274
-s9qJ7ATP7w$_$0,16,-0.0005009098637986296,True,0.25686363636363607
-s9qJ7ATP7w$_$0,17,-3.3937680731977545e-05,True,0.5160539772727271
-s9qJ7ATP7w$_$0,18,-0.00011812014198499452,True,0.4816193181818189
-s9qJ7ATP7w$_$0,19,-0.0030428025898800114,True,0.12843181818181826
-s9qJ7ATP7w$_$0,20,-7.655313271470732e-05,True,0.12843181818181826
-s9qJ7ATP7w$_$0,21,-0.0030460633085264512,True,0.22475568181818062
-s9qJ7ATP7w$_$0,22,-0.009700855225764827,True,0.16053977272727327
-s9qJ7ATP7w$_$0,23,-0.008904868855703777,True,0.16053977272727327
-s9qJ7ATP7w$_$1,0,-1.0371140589882089e-05,True,0.29023828125000006
-s9qJ7ATP7w$_$1,1,-0.06151157796605528,True,0.5482278645833334
-s9qJ7ATP7w$_$1,2,-0.0002093892363398532,True,0.5804765624999999
-s9qJ7ATP7w$_$1,3,-0.002516290795635238,True,0.1289947916666665
-s9qJ7ATP7w$_$1,4,-0.003310738782693079,True,0.12899479166666694
-s9qJ7ATP7w$_$1,5,-0.0002983506010423298,True,0.1289947916666665
-s9qJ7ATP7w$_$1,6,-0.00041948412399506196,True,0.16124348958333323
-s9qJ7ATP7w$_$1,7,-9.895953994032425e-05,True,0.12899479166666694
-s9qJ7ATP7w$_$1,8,-5.565438270682677e-06,True,0.5161243489583334
-s9qJ7ATP7w$_$1,9,-0.0002450944896471204,True,0.16124348958333323
-s9qJ7ATP7w$_$1,10,-1.8312927905661525e-05,True,0.25798958333333344
-s9qJ7ATP7w$_$4,0,-0.00016400122115101112,True,0.2895596590909091
-s9qJ7ATP7w$_$4,1,-0.06176898689591326,True,0.16086647727272718
-s9qJ7ATP7w$_$4,2,-0.00030017461330909503,True,0.3860795454545456
-s9qJ7ATP7w$_$4,3,-0.0002935366551213292,True,0.1608664772727273
-s9qJ7ATP7w$_$4,4,-0.0003192630614578767,True,0.4182528409090909
-s9qJ7ATP7w$_$4,5,-0.0016702899813481054,True,0.4825994318181819
-s9qJ7ATP7w$_$4,6,-0.00016101339300197046,True,0.16086647727272707
-s9qJ7ATP7w$_$4,7,-3.0322263866899846e-05,True,0.2573863636363636
-s9qJ7ATP7w$_$4,8,-0.0038088709808489925,True,0.7399857954545457
-s9qJ7ATP7w$_$5,0,-0.00012642407099192228,True,0.5160878831417623
-s9qJ7ATP7w$_$5,1,-0.001955176547198789,True,0.1608788314176246
-s9qJ7ATP7w$_$5,2,-0.0009465196775029957,True,0.1608788314176246
-s9qJ7ATP7w$_$5,3,-0.00036398878003751634,True,0.28958189655172406
-s9qJ7ATP7w$_$5,4,-0.0006353801504474177,True,0.2895818965517245
-s9qJ7ATP7w$_$5,5,-0.0006667222951445442,True,0.45046072796934844
-s9qJ7ATP7w$_$5,6,-0.0002708666954731598,True,0.3539334291187739
-s9qJ7ATP7w$_$5,7,-0.0002456473874076437,True,0.28958189655172406
-s9qJ7ATP7w$_$5,8,-0.00023651566770865884,True,0.5160878831417621
-s9qJ7ATP7w$_$5,9,-4.015838239723735e-06,True,0.5160878831417621
-s9qJ7ATP7w$_$5,10,-0.000599442649289017,True,0.38610919540229904
-s9qJ7ATP7w$_$5,11,-5.1077857032548e-05,True,0.16087883141762482
-s9qJ7ATP7w$_$5,12,-4.5177257378270495e-05,True,0.16087883141762482
-s9qJ7ATP7w$_$5,13,-0.02848910787420146,True,0.2895818965517236
-s9qJ7ATP7w$_$5,14,-6.958758791419939e-06,True,0.5160878831417621
-s9qJ7ATP7w$_$5,15,-3.4688376786107256e-05,True,0.16087883141762482
-s9qJ7ATP7w$_$5,16,-0.0001456909197479206,True,0.25740613026819936
-s9qJ7ATP7w$_$5,17,-0.00283434271769778,True,0.38610919540229993
-s9qJ7ATP7w$_$5,18,-9.059749527295934e-06,True,0.16087883141762394
-s9qJ7ATP7w$_$6,0,-0.0001753297891781358,True,0.30972843309859155
-s9qJ7ATP7w$_$6,1,-0.021990176154698324,True,0.5163014964788732
-s9qJ7ATP7w$_$6,2,-0.018471656813441466,True,0.19561795774647872
-s9qJ7ATP7w$_$6,3,-0.00028312678114161827,True,0.13041197183098596
-s9qJ7ATP7w$_$6,4,-0.003302985451227869,True,0.16301496478873245
-s9qJ7ATP7w$_$7,0,-0.014557782259601026,True,0.25684741784037557
-s9qJ7ATP7w$_$7,1,-0.04052163085361826,True,0.22474149061032855
-s9qJ7ATP7w$_$7,2,-0.006960511339760463,True,0.09631778169014082
-s9qJ7ATP7w$_$7,3,-0.00040651995383692946,True,0.09631778169014082
-s9qJ7ATP7w$_$7,4,-2.9800889888065284e-05,True,0.16052963615023486
-s9qJ7ATP7w$_$7,5,-1.1044388847599664,True,0.2568474178403757
-s9qJ7ATP7w$_$7,6,-0.02793346361588394,True,0.32105927230046927
-s9qJ7ATP7w$_$7,7,-0.17669294602080754,True,0.2568474178403757
-s9qJ7ATP7w$_$7,8,-0.7682561359178331,True,0.19263556338028165
-s9qJ7ATP7w$_$7,9,-3.1971920679789037,True,0.06421185446009403
-s9qJ7ATP7w$_$7,10,-2.715596473775804,True,0.12842370892018762
-s9qJ7ATP7w$_$7,11,-0.7834311699479356,True,0.4173770539906103
-s9qJ7ATP7w$_$7,12,-2.8710153571228147,True,0.12842370892018762
-s9qJ7ATP7w$_$7,13,-2.5728466752916574,True,0.12842370892018806
-s9qJ7ATP7w$_$7,14,-0.6803566950547975,True,0.12842370892018762
-s9qJ7ATP7w$_$7,15,-0.9943519573425874,True,0.12842370892018762
-s9qJ7ATP7w$_$7,16,-0.0077057293192410725,True,0.09631778169014105
-s9qJ7ATP7w$_$7,17,-1.5989551074662813,True,0.16052963615023463
-s9qJ7ATP7w$_$7,18,-0.012876144794063293,True,0.12842370892018762
-s9qJ7ATP7w$_$7,19,-2.6529269400951305,True,0.12842370892018806
-s9qJ7ATP7w$_$7,20,-1.4662450837477081e-05,True,0.12842370892018762
-s9qJ7ATP7w$_$7,21,-0.0015665458584900687,True,0.19263556338028165
-s9qJ7ATP7w$_$7,22,-5.083820859815259e-06,True,0.5160529636150235
-s9qJ7ATP7w$_$7,23,-0.02629117629720617,True,0.48158890845070434
-s9qJ7ATP7w$_$7,24,-0.0029446178477883223,True,0.09631778169014105
-s9qJ7ATP7w$_$7,25,-0.001109176778015808,True,0.12842370892018806
-s9qJ7ATP7w$_$7,26,-0.004525392538812412,True,0.32105927230046927
-s9qJ7ATP7w$_$7,27,-0.0003411950384967592,True,0.1926355633802812
-s9qJ7ATP7w$_$8,0,,False,
-s9qJ7ATP7w$_$8,1,-0.003324308017909061,True,0.25731313131313127
-s9qJ7ATP7w$_$8,2,-0.06867653486915515,True,0.1286565656565657
-s9qJ7ATP7w$_$8,3,-0.010705519659192456,True,0.19298484848484854
-s9qJ7ATP7w$_$8,4,-0.30421442158985884,True,0.1286565656565657
-s9qJ7ATP7w$_$8,5,-0.003648651872416459,True,0.2251489898989898
-s9qJ7ATP7w$_$8,6,-0.0002489125490683364,True,0.16082070707070706
-s9qJ7ATP7w$_$8,7,-0.0005778887283061825,True,0.19298484848484865
-s9qJ7ATP7w$_$8,8,-0.3424208625025737,True,0.36988762626262606
-s9qJ7ATP7w$_$8,9,-0.07002351060509682,True,0.08041035353535353
-s9qJ7ATP7w$_$8,10,-0.07878139427985313,True,0.1608207070707075
-s9qJ7ATP7w$_$8,11,-0.0035621176484710304,True,0.09649242424242388
-s9qJ7ATP7w$_$8,12,-0.00017480137223913061,True,0.2573131313131314
-t217m2on-s$_$2,0,-5.93062716713888e-06,True,0.2895525
-t217m2on-s$_$2,1,-0.1756681081913598,True,0.49867375
-t217m2on-s$_$2,2,-0.00015884779135670138,True,0.40215625
-t217m2on-s$_$2,3,-0.0006707566485602001,True,0.19303499999999985
-t217m2on-s$_$2,4,-0.00019213528184991446,True,0.1286900000000002
-t217m2on-s$_$2,5,-1.572494015443226,True,0.09651750000000003
-t217m2on-s$_$2,6,-0.018966559873661026,True,0.12868999999999975
-t217m2on-s$_$2,7,-0.07434476985861996,True,0.450415
-t217m2on-s$_$2,8,-0.35979429039240546,True,0.7412937500000005
-t217m2on-s$_$2,9,-0.009981148566333786,True,0.3378112499999997
-t217m2on-s$_$2,10,-0.000674184140128394,True,0.1769487500000002
-t217m2on-s$_$2,11,-5.6469561984684447e-05,True,0.5469324999999996
-t217m2on-s$_$7,0,-5.20705024475987e-05,True,0.2725502589453861
-t217m2on-s$_$7,1,-0.0004135778163345094,True,0.12825894538606408
-t217m2on-s$_$7,2,-0.0011625102917870815,True,0.2244531544256121
-t217m2on-s$_$7,3,-6.635900790443985e-06,True,0.288582627118644
-t217m2on-s$_$7,4,-0.00416665396937156,True,0.25651789077212817
-t217m2on-s$_$7,5,-0.00016328309353260315,True,0.4008092043314502
-t217m2on-s$_$7,6,-0.5982121513084507,True,0.7725502589453863
-t217m2on-s$_$7,7,-0.0006017979130850749,True,0.44890630885122373
-t217m2on-s$_$7,8,-0.0002125867902034173,True,0.288582627118644
-t217m2on-s$_$7,9,-0.003013919071425638,True,0.192388418079096
-t217m2on-s$_$7,10,-0.00015646757148601864,True,0.0961942090395489
-t217m2on-s$_$7,11,-0.03789664669174423,True,0.4008092043314502
-t217m2on-s$_$7,12,-0.03968996644333649,True,0.44890630885122373
-t217m2on-s$_$7,13,-0.00675062379876105,True,0.17635604990583786
-t217m2on-s$_$7,14,-9.78278961175268e-05,True,0.2244531544256123
-t217m2on-s$_$7,15,-0.0064183795239966205,True,0.6122265772128062
-t217m2on-s$_$7,16,-0.03881041994663974,True,0.3527120998116766
-t217m2on-s$_$7,17,-1.5759948947093758,True,0.44890630885122373
-t217m2on-s$_$7,18,-0.0032491675514734197,True,0.1603236817325806
-t217m2on-s$_$7,19,-0.008478298432919473,True,0.1282589453860643
-t217m2on-s$_$7,20,-0.003881778741629205,True,0.16032368173257971
-t217m2on-s$_$7,21,-1.4636525655983437e-05,True,0.4168415725047083
-t217m2on-s$_$7,22,-0.00012509334488183558,True,0.7084207862523542
-t217m2on-s$_$7,23,-0.005544629460210615,True,0.2244531544256123
-t217m2on-s$_$7,24,-4.805473128518164e-05,True,0.192388418079096
-t217m2on-s$_$7,25,-1.3335548063153624e-05,True,0.5160323681732581
-t217m2on-s$_$7,26,-0.00013492940558990085,True,0.192388418079096
-t217m2on-s$_$7,27,-0.0005805328815805902,True,0.192388418079096
-t217m2on-s$_$7,28,-2.5231974291273218e-05,True,0.192388418079096
-t217m2on-s$_$7,29,-9.79614169877389e-05,True,0.384776836158192
-t217m2on-s$_$7,30,-0.0009223540379051561,True,0.16032368173257971
-t217m2on-s$_$7,31,-0.0005548780663957587,True,0.0961942090395489
-t217m2on-s$_$7,32,-0.054319112742077756,True,0.35271209981167573
-t217m2on-s$_$7,33,-0.07374064423035342,True,0.5290681497175136
-t217m2on-s$_$7,34,-0.06773311465236898,True,0.24048552259887046
-t217m2on-s$_$7,35,-0.03822333427022073,True,0.2565178907721286
-t217m2on-s$_$7,36,-1.0602756832397493,True,0.4168415725047083
-t217m2on-s$_$7,37,-0.2288783807488315,True,0.5130357815442554
-t217m2on-s$_$7,38,-0.04268362787991218,True,0.5160323681732581
-t217m2on-s$_$7,39,-0.00022852171521966133,True,0.192388418079096
-t217m2on-s$_$7,40,-0.0001555882555616487,True,0.2244531544256123
-t217m2on-s$_$7,41,-0.000642249364318559,True,0.2244531544256123
-t217m2on-s$_$7,42,-0.0038949079175409906,True,0.16032368173257971
-t217m2on-s$_$7,43,-0.0038253354999824296,True,0.12825894538606342
-t217m2on-s$_$7,44,-0.0015599467359126923,True,0.2565178907721304
-tANM6ETl_M$_$3,0,-5.377639755326729e-06,True,0.30602164634146345
-tANM6ETl_M$_$3,1,-8.786029380480898e-05,True,0.2577024390243903
-tANM6ETl_M$_$3,2,-5.116035869908349e-06,True,0.3865536585365855
-tANM6ETl_M$_$3,3,-0.00012270460611792564,True,0.1932768292682927
-tANM6ETl_M$_$3,4,-0.00024396829112838248,True,0.12885121951219514
-tANM6ETl_M$_$3,5,-0.00022623850746109989,True,0.3543408536585364
-tANM6ETl_M$_$3,6,-0.00022807913895424767,True,0.1932768292682927
-tANM6ETl_M$_$3,7,-3.4390508176329604e-05,True,0.16106402439024414
-tANM6ETl_M$_$3,8,-0.00018163562993696777,True,0.3865536585365854
-tANM6ETl_M$_$3,9,-0.0006434132094000234,True,0.32212804878048784
-tANM6ETl_M$_$3,10,-0.8920755643620719,True,0.09663841463414613
-tANM6ETl_M$_$3,11,-0.037922721739497386,True,0.4670856707317075
-tANM6ETl_M$_$3,12,-0.20500588606591919,True,0.14495762195121964
-tANM6ETl_M$_$3,13,-0.017123779741360243,True,0.2738088414634148
-tANM6ETl_M$_$3,14,-0.023357109134166783,True,0.40266006097560947
-tANM6ETl_M$_$3,15,-0.00023926292709575137,True,0.19327682926829315
-tANM6ETl_M$_$3,16,-1.5877521479268354e-05,True,0.3543408536585364
-tANM6ETl_M$_$3,17,-2.3204602195208253,True,0.16106402439024414
-tANM6ETl_M$_$3,18,-0.004909857579249888,True,0.2577024390243903
-tANM6ETl_M$_$3,19,-0.00028202974972231233,True,0.16106402439024414
-tANM6ETl_M$_$3,20,-0.00026174264610211314,True,0.3221280487804874
-tANM6ETl_M$_$3,21,-0.00018809758596489702,True,0.2899152439024393
-tPCytz4rww$_$10,0,-4.985152030485551e-05,True,0.30654288793103457
-tPCytz4rww$_$10,1,-0.000329201573293858,True,0.22587370689655173
-tPCytz4rww$_$10,2,-0.03653222706178586,True,0.45174741379310346
-tPCytz4rww$_$10,3,-0.42779128393721066,True,0.3549443965517243
-tPCytz4rww$_$10,4,-0.0007514158230163856,True,0.30654288793103435
-tPCytz4rww$_$10,5,-0.05387177079891054,True,0.24200754310344852
-tPCytz4rww$_$10,6,-0.0826684602543537,True,0.09680301724137941
-tPCytz4rww$_$10,7,-0.006989028224779759,True,0.1290706896551721
-tPCytz4rww$_$10,8,-0.004510994998609519,True,0.12907068965517254
-tPCytz4rww$_$10,9,-0.004767712718512484,True,0.35494439655172405
-tPCytz4rww$_$10,10,-0.0008896915210101497,True,0.2581413793103451
-tPCytz4rww$_$10,11,-0.0015397063780388269,True,0.7420075431034481
-tPCytz4rww$_$11,0,-6.854529832622802e-07,True,0.25765568862275456
-tPCytz4rww$_$11,1,-0.8055732296966482,True,0.2254487275449102
-tPCytz4rww$_$11,2,-0.00025770899113316165,True,0.2254487275449102
-tPCytz4rww$_$11,3,-0.00036193337905388034,True,0.12882784431137728
-tPCytz4rww$_$11,4,-0.06482053001764143,True,0.35427657185628747
-tPCytz4rww$_$11,5,-0.09359140731422617,True,0.418690494011976
-tPCytz4rww$_$11,6,-0.006904459772897553,True,0.12882784431137728
-tPCytz4rww$_$11,7,-0.0004318765998032603,True,0.12882784431137728
-tPCytz4rww$_$11,8,-8.984131179090582e-05,True,0.12882784431137706
-tPCytz4rww$_$11,9,-1.5797202113230773,True,0.2254487275449102
-tPCytz4rww$_$11,10,-3.091642831387631e-05,True,0.5161034805389222
-tPCytz4rww$_$11,11,-0.0014359784706243772,True,0.1932417664670658
-tPCytz4rww$_$11,12,-5.825434512433484e-05,True,0.35427657185628725
-tPCytz4rww$_$11,13,-5.614137601384073e-05,True,0.16103480538922188
-tPCytz4rww$_$11,14,-0.06524140379383267,True,0.257655688622755
-tPCytz4rww$_$11,15,-0.010928252018061357,True,0.27375916916167586
-tPCytz4rww$_$11,16,-3.136784572786512e-05,True,0.2093452470059889
-tPCytz4rww$_$12,0,-1.6322633574821641,True,0.288594774590164
-tPCytz4rww$_$12,1,-1.6041390981261623e-05,True,0.2565286885245901
-tPCytz4rww$_$12,2,-7.339763254776699e-05,True,0.16033043032786876
-tPCytz4rww$_$12,3,-9.859496277838294e-05,True,0.35272694672131166
-tPCytz4rww$_$12,4,-0.000364264876582508,True,0.2244626024590164
-tPCytz4rww$_$12,5,-0.010937244190799333,True,0.2885947745901638
-tPCytz4rww$_$12,6,-1.815387384441351,True,0.2244626024590164
-tPCytz4rww$_$12,7,-0.01361066166746916,True,0.5130573770491802
-tPCytz4rww$_$12,8,-1.6518370255234913,True,0.12826434426229527
-tPCytz4rww$_$12,9,-0.22281448543071747,True,0.06413217213114741
-tPCytz4rww$_$12,10,-1.7207124796733904,True,0.2244626024590164
-tPCytz4rww$_$12,11,-9.648637762893486e-05,True,0.5160330430327869
-tPCytz4rww$_$12,12,-5.883240723141412e-06,True,0.5160330430327864
-tPCytz4rww$_$12,13,-0.00043590027782158813,True,0.5160330430327864
-tPCytz4rww$_$12,14,-0.050714205929039836,True,0.6092556352459031
-tPCytz4rww$_$12,15,-0.004300809698179364,True,0.09619825819672023
-tPCytz4rww$_$12,16,-0.026701217792225073,True,0.5130573770491811
-tPCytz4rww$_$12,17,-0.050519517884216235,True,0.12826434426229483
-tPCytz4rww$_$12,18,-0.00030642351473394075,True,0.16033043032786942
-tPCytz4rww$_$12,19,-1.3911558301144315e-05,True,0.5160330430327864
-tPCytz4rww$_$12,20,-0.022305372682789464,True,0.7725617315573778
-tPCytz4rww$_$12,21,-0.015808070491160228,True,0.44892520491803367
-tPCytz4rww$_$12,22,-0.037570391437076384,True,0.7375199795081961
-tPCytz4rww$_$12,23,-0.00362378780846484,True,0.09619825819672023
-tPCytz4rww$_$12,24,-0.0001997593871863046,True,0.22446260245901684
-tPCytz4rww$_$12,25,-0.013998923329695703,True,0.8978504098360656
-tPCytz4rww$_$16,0,-6.775745540608114e-05,True,0.30550577139639645
-tPCytz4rww$_$16,1,-0.0014344825184101258,True,0.38590202702702703
-tPCytz4rww$_$16,2,-0.006685194753117685,True,0.22510951576576566
-tPCytz4rww$_$16,3,-0.0004337485641548887,True,0.28942652027027016
-tPCytz4rww$_$16,4,-0.00025409419373924417,True,0.45021903153153175
-tPCytz4rww$_$16,5,-0.0010181649449805263,True,0.128634009009009
-tPCytz4rww$_$16,6,-0.0013618961060046786,True,0.16079251126126115
-tPCytz4rww$_$16,7,-0.6241552345201334,True,0.5160792511261261
-tPCytz4rww$_$16,8,-0.002366886112213251,True,0.5160792511261265
-tPCytz4rww$_$16,9,-0.0005746725844801403,True,0.1607925112612607
-tPCytz4rww$_$16,10,-0.001288067950684178,True,0.19295101351351462
-tPCytz4rww$_$16,11,-3.9213948681861175,True,0.19295101351351285
-tPCytz4rww$_$16,12,-0.0005004481675024109,True,0.6431700450450446
-tPCytz4rww$_$16,13,-0.0012873288142972424,True,0.35374352477477533
-tPCytz4rww$_$16,14,-0.0011921629877633677,True,0.22510951576576588
-tPCytz4rww$_$16,15,-0.0008113136791507713,True,0.1607925112612607
-tPCytz4rww$_$18,0,-1.6582596477595264e-05,True,0.27370052083333335
-tPCytz4rww$_$18,1,-0.000555011475455558,True,0.27370052083333335
-tPCytz4rww$_$18,2,-6.840013397946265e-05,True,0.516100030637255
-tPCytz4rww$_$18,3,-0.008087726975418263,True,0.25760049019607845
-tPCytz4rww$_$18,4,-4.247612081087482e-05,True,0.16100030637254892
-tPCytz4rww$_$18,5,-0.00941717539964229,True,0.6449002757352944
-tPCytz4rww$_$18,6,-0.03146548298101948,True,0.22540042892156853
-tPCytz4rww$_$18,7,-2.8207279342495895e-05,True,0.22540042892156853
-tPCytz4rww$_$18,8,-0.002264914938407969,True,0.28980055147058836
-tPCytz4rww$_$18,9,-0.00437863259135914,True,0.38640073529411767
-tPCytz4rww$_$18,10,-0.0004304538204943735,True,0.1932003676470586
-tPCytz4rww$_$18,11,-0.04010100459569393,True,0.4186007965686276
-tPCytz4rww$_$18,12,-0.04258447306475451,True,0.1932003676470595
-tPCytz4rww$_$18,13,-1.429679403064578,True,0.4186007965686267
-tPCytz4rww$_$18,14,-0.03645587233950209,True,0.24150045955882415
-tPCytz4rww$_$18,15,-0.005218244220467838,True,0.6601012561274509
-uywlfIYOS8$_$4,0,-1.0851464413573293,True,0.5160686475409837
-uywlfIYOS8$_$4,1,-2.0463703511571413e-05,True,0.12854918032786866
-uywlfIYOS8$_$4,2,-0.00012065809859791443,True,0.16068647540983605
-uywlfIYOS8$_$4,3,-1.9430736756476108e-05,True,0.1285491803278691
-uywlfIYOS8$_$4,4,-0.00021184718909594835,True,0.19282377049180321
-uywlfIYOS8$_$4,5,-0.3103461905806658,True,0.41778483606557404
-uywlfIYOS8$_$4,6,-0.0002460999455694927,True,0.22496106557376994
-uywlfIYOS8$_$4,7,-0.0003863557703027709,True,0.1285491803278691
-uywlfIYOS8$_$4,8,-0.0019784623225405085,True,0.19282377049180344
-uywlfIYOS8$_$4,9,-0.00034579762344340753,True,0.192823770491803
-uywlfIYOS8$_$4,10,-7.17074877893964e-05,True,0.22496106557377082
-uywlfIYOS8$_$4,11,-8.793621871916457e-05,True,0.12854918032786866
-uywlfIYOS8$_$4,12,-1.186108381882415e-05,True,0.19282377049180344
-uywlfIYOS8$_$4,13,-0.43346349936274403,True,0.4017161885245901
-uywlfIYOS8$_$4,14,-0.013694846853013587,True,0.11248053278688541
-uywlfIYOS8$_$4,15,-7.688038194828551e-05,True,0.3213729508196721
-uywlfIYOS8$_$4,16,-2.770539392031727,True,0.4177848360655734
-uywlfIYOS8$_$4,17,-1.3265670564234142,True,0.4659907786885249
-vxjVxOeScU$_$4,0,-0.1571030599745825,True,0.3376838300711743
-vxjVxOeScU$_$4,1,-5.582407375176747,False,
-vxjVxOeScU$_$4,2,-0.027078773823404845,True,0.06432072953736645
-vxjVxOeScU$_$4,3,-0.0001826588465974055,True,0.16080182384341635
-vxjVxOeScU$_$4,4,-3.671316720262515e-05,True,0.38592437722419937
-vxjVxOeScU$_$4,5,-5.047339546388899e-05,True,0.5160801823843417
-vxjVxOeScU$_$4,6,-1.2026747722555026e-05,True,0.32160364768683225
-vxjVxOeScU$_$4,7,-1.733729900976755e-05,True,0.5160801823843415
-vxjVxOeScU$_$4,8,-0.00031389911912229864,True,0.2894432829181497
-vxjVxOeScU$_$4,9,-3.680533407823816e-06,True,0.5160801823843411
-vxjVxOeScU$_$4,10,-0.474912294267134,True,0.5160801823843411
-vxjVxOeScU$_$4,11,-0.006693372603919112,True,0.516080182384342
-vxjVxOeScU$_$4,12,-1.9376579480034906e-05,True,0.5145658362989316
-vxjVxOeScU$_$4,13,-0.002770995308151214,True,0.3216036476868336
-vxjVxOeScU$_$4,14,-2.2137426550930934e-05,True,0.1929621886120998
-vxjVxOeScU$_$4,15,-0.0002999421513993165,True,0.2251225533807819
-vxjVxOeScU$_$4,16,-0.009966885670759698,True,0.22512255338078369
-vxjVxOeScU$_$4,17,-0.0032840273756931993,True,0.30552346530249075
-vxjVxOeScU$_$4,18,-0.0003071455787818422,True,0.30552346530249075
-vxjVxOeScU$_$4,19,-0.00029005488919437995,True,0.3537640124555157
-vxjVxOeScU$_$4,20,-2.4338051692514757e-05,True,0.1929621886120998
-wMB_hJL-3o$_$7,0,-0.00022855528296972238,True,0.32126680107526884
-wMB_hJL-3o$_$7,1,-0.006974102765607678,True,0.4497735215053762
-wMB_hJL-3o$_$7,2,-0.0005809174321484533,True,0.1285067204301078
-wMB_hJL-3o$_$7,3,-0.001504623443042874,True,0.16063340053763442
-wMB_hJL-3o$_$7,4,-0.0008990022877810588,True,0.12850672043010736
-wMB_hJL-3o$_$7,5,-0.004027150959397356,True,0.12850672043010736
-wMB_hJL-3o$_$7,6,-8.033984475256754e-05,True,0.25701344086021516
-wMB_hJL-3o$_$7,7,-0.008269074553663814,True,0.19276008064516104
-wMB_hJL-3o$_$7,8,-0.0006197427905135555,True,0.1285067204301078
-wMB_hJL-3o$_$7,9,-0.009784457241742138,True,0.578280241935484
-wMB_hJL-3o$_$7,10,-9.685751534149745e-08,True,0.5160633400537633
-wMB_hJL-3o$_$7,11,-0.00877003590534109,True,0.09638004032258074
-wMB_hJL-3o$_$7,12,-0.00010416736025398166,True,0.16063340053763442
-wMB_hJL-3o$_$7,13,-3.9127761851887044e-05,True,0.12850672043010736
-wMB_hJL-3o$_$7,14,-0.0004463344484957332,True,0.12850672043010736
-wMB_hJL-3o$_$7,15,-0.005091828575127503,True,0.16063340053763486
-wMB_hJL-3o$_$7,16,-2.908619861230477e-05,True,0.2248867607526872
-wMB_hJL-3o$_$7,17,-0.0008815732356595163,True,0.12850672043010825
-wMB_hJL-3o$_$7,18,-3.6337615938464296e-05,True,0.16063340053763397
-wMB_hJL-3o$_$7,19,-0.00014966030697867913,True,0.19276008064516148
-wMB_hJL-3o$_$7,20,-7.180853776844742e-05,True,0.2570134408602147
-wMB_hJL-3o$_$7,21,-5.5342346286124666e-05,True,0.22488676075268899
-wny0OAz3g8$_$0,0,-0.000541153856119081,True,0.17828712871287133
-wny0OAz3g8$_$0,1,-0.005843908922353573,True,0.19449504950495045
-wny0OAz3g8$_$0,2,-0.010251237610010122,True,0.5186534653465348
-wny0OAz3g8$_$0,3,-0.015583342135262197,True,0.3079504950495049
-wny0OAz3g8$_$0,4,-0.0016490141979984077,True,0.21070297029702978
-wny0OAz3g8$_$0,5,-0.00010979378885167534,True,0.2593267326732671
-wny0OAz3g8$_$0,6,-3.150973229821829e-05,True,0.4538217821782182
-wny0OAz3g8$_$0,7,-0.00019117055509809688,True,0.12966336633663333
-wny0OAz3g8$_$0,8,-3.0129198862027806e-05,True,0.12966336633663378
-wny0OAz3g8$_$1,0,-0.4258270116150571,True,0.2729894845971564
-wny0OAz3g8$_$1,1,-0.00020478660451885843,True,0.35328050947867295
-wny0OAz3g8$_$1,2,-0.00041063889233328155,True,0.12846563981042647
-wny0OAz3g8$_$1,3,-0.001109720029759842,True,0.2890476895734597
-wny0OAz3g8$_$1,4,-0.31029871105806706,True,0.0963492298578199
-wny0OAz3g8$_$1,5,-9.072130431737952e-05,True,0.5780953791469194
-wny0OAz3g8$_$1,6,-3.2663104931884845e-06,True,0.19269845971563937
-wny0OAz3g8$_$1,7,-2.9726035662314132e-05,True,0.22481486966824704
-wny0OAz3g8$_$1,8,-0.01886444341926108,True,0.4496297393364923
-wny0OAz3g8$_$1,9,-0.00788660190257744,True,0.3372223045023697
-wny0OAz3g8$_$1,10,-0.004931425955874147,True,0.11240743483412352
-wny0OAz3g8$_$1,11,-0.041598486662325386,True,0.6744446090047393
-wny0OAz3g8$_$1,12,-0.04152194771935077,True,0.0963492298578199
-wny0OAz3g8$_$1,13,-3.8085873228510536e-05,True,0.12846563981042625
-wny0OAz3g8$_$1,14,-0.0003985726752162577,True,0.2569312796208534
-wny0OAz3g8$_$1,15,,False,
-wny0OAz3g8$_$1,16,-0.0002832812053412681,True,0.2569312796208525
-wny0OAz3g8$_$1,17,-0.0009753788801359539,True,0.22481486966824704
-wny0OAz3g8$_$1,18,-0.000495887998397393,True,0.2569312796208525
-wny0OAz3g8$_$1,19,-0.08212011372098615,True,0.2569312796208525
-wny0OAz3g8$_$1,20,-0.0004877194435771849,True,0.25693127962085427
-wny0OAz3g8$_$1,21,-2.578799897416199e-05,True,0.12846563981042536
-wny0OAz3g8$_$1,22,-2.6094002598142653e-05,True,0.32116409952606695
-wny0OAz3g8$_$2,0,-1.4751550713764725,True,0.27311745689655176
-wny0OAz3g8$_$2,1,-0.0009645017153161461,True,0.3534461206896552
-wny0OAz3g8$_$2,2,-0.022157337965472833,True,0.12852586206896555
-wny0OAz3g8$_$2,3,-0.05155613119410734,True,0.32131465517241375
-wny0OAz3g8$_$2,4,-0.0024690457139513455,True,0.06426293103448266
-wny0OAz3g8$_$2,5,-5.715653749878887e-05,True,0.16065732758620688
-wny0OAz3g8$_$2,6,-0.02729126726369811,True,0.4498405172413795
-wny0OAz3g8$_$2,7,-1.2119584044493574e-06,True,0.22492025862068932
-wny0OAz3g8$_$2,8,-0.00621581738091158,True,0.5462349137931035
-wny0OAz3g8$_$2,9,-0.0011726390366675332,True,0.0642629310344831
-wny0OAz3g8$_$2,10,-0.0024768413215952023,True,0.16065732758620666
-wny0OAz3g8$_$2,11,-0.0017705941123722369,True,0.19278879310344843
-wny0OAz3g8$_$2,12,-6.0880391997031325e-05,True,0.12852586206896532
-wny0OAz3g8$_$2,13,-0.02148064101095315,True,0.1124601293103451
-wny0OAz3g8$_$2,14,-0.0001170374359826809,True,0.11246012931034466
-wny0OAz3g8$_$2,15,-0.001884873664627053,True,0.4498405172413791
-wny0OAz3g8$_$2,16,-0.21841427946072722,True,0.36951185344827575
-wny0OAz3g8$_$2,17,-0.06613962995713034,True,0.08032866379310377
-wny0OAz3g8$_$2,18,-0.02352244034408102,True,0.12852586206896532
-wny0OAz3g8$_$2,19,-1.6309056552446773e-05,True,0.385577586206896
-wny0OAz3g8$_$2,20,-9.144523312443198e-05,True,0.16065732758620754
-wny0OAz3g8$_$2,21,-0.0001581513779456145,True,0.192788793103448
-wny0OAz3g8$_$2,22,-0.3764281282922064,True,0.6104978448275862
-wny0OAz3g8$_$3,0,-0.0019650827468922216,True,0.2889414473684211
-wny0OAz3g8$_$3,1,-0.006890412245592614,True,0.2247322368421052
-wny0OAz3g8$_$3,2,-7.801116231373076e-05,True,0.25683684210526303
-wny0OAz3g8$_$3,3,-0.0006224997296314427,True,0.16052302631578952
-wny0OAz3g8$_$3,4,-5.1852818501174625e-05,True,0.11236611842105271
-wny0OAz3g8$_$3,5,-0.013798404541044343,True,0.4013075657894736
-wny0OAz3g8$_$3,6,-0.0004263952402349484,True,0.09631381578947362
-wny0OAz3g8$_$3,7,-0.004303727539062052,True,0.3531506578947372
-wny0OAz3g8$_$3,8,-0.022028750429361327,True,0.12841842105263135
-wny0OAz3g8$_$3,9,-0.0007101896904566323,True,0.22473223684210497
-wny0OAz3g8$_$3,10,-1.5753102970323267e-05,True,0.38525526315789493
-wny0OAz3g8$_$3,11,-0.002388440161212202,True,0.2728891447368418
-wny0OAz3g8$_$3,12,-0.00046886599014328567,True,0.2407845394736845
-wny0OAz3g8$_$3,13,-0.0008233502437633433,True,0.16052302631578952
-wny0OAz3g8$_$3,14,-3.0455488143132926e-05,True,0.28894144736842087
-wny0OAz3g8$_$3,15,-1.402642083192518e-05,True,0.22473223684210542
-wny0OAz3g8$_$3,16,-0.0021951083628017898,True,0.5136736842105263
-wny0OAz3g8$_$3,17,-0.0001583781582681354,True,0.3531506578947372
-wny0OAz3g8$_$3,18,-0.00011868823639815673,True,0.1284184210526309
-wny0OAz3g8$_$3,19,-0.0035974504473017532,True,0.19262763157894724
-wny0OAz3g8$_$5,0,-0.011066128367382789,True,0.337071875
-wny0OAz3g8$_$5,1,-0.0002242591519158547,True,0.16051041666666677
-wny0OAz3g8$_$5,2,-0.08538571491616002,True,0.24076562499999998
-wny0OAz3g8$_$5,3,-0.05466987490933661,True,0.11235729166666675
-wny0OAz3g8$_$5,4,-2.394550860884692e-05,True,0.22471458333333327
-wny0OAz3g8$_$5,5,-0.00020807071343161473,True,0.22471458333333327
-wny0OAz3g8$_$5,6,-0.005092532519427095,True,0.3049697916666667
-wny0OAz3g8$_$5,7,-0.0016718895776795608,True,0.46548020833333315
-wny0OAz3g8$_$5,8,-0.04124699923838193,True,0.38522500000000015
-wny0OAz3g8$_$5,9,-2.167159596666579e-05,True,0.32102083333333375
-wny0OAz3g8$_$5,10,-0.02856551768446833,True,0.27286770833333307
-wny0OAz3g8$_$5,11,-0.0016846920763915326,True,0.4975822916666668
-wny0OAz3g8$_$5,12,-0.005967286574104946,True,0.12840833333333324
-wny0OAz3g8$_$5,13,-0.0001729184178114925,True,0.16051041666666688
-wny0OAz3g8$_$5,14,-0.02408589253163207,True,0.8025520833333335
-wny0OAz3g8$_$5,15,-2.5079023904399946,True,0.0642041666666664
-wny0OAz3g8$_$5,16,-0.039415287135592995,True,0.41732708333333335
-wny0OAz3g8$_$5,17,-0.007097154506482184,True,0.16051041666666688
-wny0OAz3g8$_$5,18,-0.023355054702989264,True,0.25681666666666647
-wny0OAz3g8$_$5,19,-0.7448295267172398,True,0.25681666666666647
-wny0OAz3g8$_$7,0,-2.919153084572756,True,0.40195630081300804
-wny0OAz3g8$_$7,1,-0.0005999553395668045,True,0.09646951219512201
-wny0OAz3g8$_$7,2,-3.215959820178796,True,0.22509552845528458
-wny0OAz3g8$_$7,3,-0.0015692817176500284,True,0.12862601626016268
-wny0OAz3g8$_$7,4,-0.5115385315433016,True,0.2894085365853658
-wny0OAz3g8$_$7,5,-0.0010100249564857222,True,0.09646951219512179
-wny0OAz3g8$_$7,6,-0.005644205733659054,True,0.4180345528455285
-wny0OAz3g8$_$7,7,-3.944784161318239,True,0.06431300813008134
-wny0OAz3g8$_$7,8,-0.1211919784154792,True,0.19293902439024402
-wny0OAz3g8$_$7,9,-0.00014734044683943162,True,0.19293902439024357
-wny0OAz3g8$_$7,10,-6.437255024138722e-06,True,0.22509552845528447
-wny0OAz3g8$_$7,11,-0.00020048626820425852,True,0.16078252032520357
-wny0OAz3g8$_$7,12,-0.000521045416007837,True,0.09646951219512179
-wny0OAz3g8$_$7,13,-0.010082136555600604,True,0.22509552845528447
-wny0OAz3g8$_$7,14,-0.0012712773050225223,True,0.16078252032520357
-wny0OAz3g8$_$7,15,-5.046895211080482e-05,True,0.2411737804878049
-wny0OAz3g8$_$7,16,-1.6807876808873818e-05,True,0.4019563008130076
-wny0OAz3g8$_$7,17,-0.0008067493150644044,True,0.35372154471544714
-wny0OAz3g8$_$7,18,-0.0019689251473001454,True,0.35372154471544714
-wny0OAz3g8$_$7,19,-0.0012957108853910882,True,0.3376432926829267
-wny0OAz3g8$_$7,20,-0.0009843826784745602,True,0.2411737804878058
-wny0OAz3g8$_$7,21,-0.0007263673880952837,True,0.1286260162601618
-wny0OAz3g8$_$7,22,-0.0005925423492385562,True,0.41803455284552893
-wny0OAz3g8$_$7,23,-0.00042392008914541397,True,0.38587804878048804
-wny0OAz3g8$_$7,24,-6.851896331738772e-05,True,0.22509552845528447
-wny0OAz3g8$_$7,25,-1.231827179519011e-06,True,0.19293902439024357
-wny0OAz3g8$_$7,26,-0.009376261163197341,True,0.12862601626016268
-wny0OAz3g8$_$7,27,-0.0693864671931749,True,0.35372154471544714
-wny0OAz3g8$_$7,28,-0.03690933792584019,True,0.28940853658536536
-wny0OAz3g8$_$9,0,-3.019379947996021,True,0.2732433510638298
-wny0OAz3g8$_$9,1,-0.000866375819584724,True,0.4500478723404255
-wny0OAz3g8$_$9,2,-0.004513927690823039,True,0.09643882978723395
-wny0OAz3g8$_$9,3,-0.0005980443802400259,True,0.1285851063829786
-wny0OAz3g8$_$9,4,-0.011710893888448481,True,0.19287765957446812
-wny0OAz3g8$_$9,5,-0.0004073764283418768,True,0.09643882978723406
-wny0OAz3g8$_$9,6,-0.0005662814701615978,True,0.5464867021276598
-wny0OAz3g8$_$9,7,-0.004533985891583825,True,0.19287765957446812
-wny0OAz3g8$_$9,8,-0.012761732691918345,True,0.09643882978723362
-wny0OAz3g8$_$9,9,-0.0014708037065247481,True,0.09643882978723406
-wny0OAz3g8$_$9,10,-0.0011715763542952118,True,0.19287765957446812
-wny0OAz3g8$_$9,11,-0.02947240122048811,True,0.25717021276595764
-wny0OAz3g8$_$9,12,-0.029112087281243742,True,0.7393643617021275
-wny0OAz3g8$_$9,13,-2.086160066028242e-06,True,0.09643882978723406
-wny0OAz3g8$_$9,14,-0.05193567634062646,True,0.1285851063829786
-wny0OAz3g8$_$9,15,-4.132873411728204e-05,True,0.19287765957446856
-wny0OAz3g8$_$9,16,-1.9098790339455718e-05,True,0.28931648936170173
-wny0OAz3g8$_$9,17,-0.0008317403258129019,True,0.5160731382978723
-wny0OAz3g8$_$9,18,-0.0007420659000487717,True,0.22502393617021266
-wny0OAz3g8$_$9,19,-0.0005505835733856657,True,0.16073138297872358
-yRb-Jum7EQ$_$1,0,-1.4211589946207288,True,0.5160119636963696
-yRb-Jum7EQ$_$1,1,-0.0037939767353236675,True,0.1601196369636959
-yRb-Jum7EQ$_$1,2,-2.9704020415471555,True,0.19214356435643687
-yRb-Jum7EQ$_$1,3,-2.463154330624093,True,0.12809570957095673
-yRb-Jum7EQ$_$1,4,-1.112697600284264,True,0.25619141914191346
-yRb-Jum7EQ$_$1,5,-3.9297249659430236,True,0.12809570957095673
-yRb-Jum7EQ$_$1,6,-4.712990948930383,True,0.06404785478547836
-yRb-Jum7EQ$_$1,7,-8.851238569477573,False,
-yRb-Jum7EQ$_$1,8,-1.90610854960687,True,0.12809570957095673
-yRb-Jum7EQ$_$1,9,-5.730683211237192,False,
-yRb-Jum7EQ$_$1,10,-4.02374173514545,True,0.3842871287128702
-yRb-Jum7EQ$_$1,11,-0.9334783727118563,True,0.5160119636963678
-yRb-Jum7EQ$_$1,12,-1.3734975636325544,True,0.16011963696369946
-yRb-Jum7EQ$_$1,13,-8.577549180830829,False,
-yRb-Jum7EQ$_$1,14,-2.9246098532748874,True,0.12809570957095673
-yRb-Jum7EQ$_$1,15,-2.623531774058938,True,0.16011963696369236
-yRb-Jum7EQ$_$1,16,-4.383585345000029,True,0.0960717821782211
-yRb-Jum7EQ$_$1,17,-3.9433883528508886,True,0.25619141914191346
-yRb-Jum7EQ$_$1,18,-6.544426302425563,False,
-yRb-Jum7EQ$_$1,19,-3.7384996567852795,True,0.16011963696369946
-yRb-Jum7EQ$_$1,20,-2.44353963402682,True,0.12809570957095673
-yRb-Jum7EQ$_$1,21,-3.943204641342163,True,0.06404785478547836
-yRb-Jum7EQ$_$1,22,-9.160696411505342,False,
-yRb-Jum7EQ$_$1,23,-2.9626574678113684,True,0.22416749174917783
-yRb-Jum7EQ$_$1,24,-1.8419527488448166,True,0.608454620462048
-yRb-Jum7EQ$_$1,25,-0.0001126797153781147,True,0.3842871287128702
-yRb-Jum7EQ$_$1,26,-2.2284354647155853,True,0.4803589108910842
-yRb-Jum7EQ$_$1,27,-0.5854604512002481,True,0.5160119636963714
-yRb-Jum7EQ$_$1,28,-1.491666326862287,True,0.2882153465346491
-yRb-Jum7EQ$_$1,29,-8.472547181881964,False,
-yRb-Jum7EQ$_$1,30,-2.9524186784983613,True,0.12809570957095673
-yRb-Jum7EQ$_$1,31,-2.3372121792286635,True,0.12809570957096383
-yRb-Jum7EQ$_$1,32,-2.2731165418886423,True,1.3806580033003328
-yRb-Jum7EQ$_$1,33,-1.23644267520649,True,0.5444067656765625
-yRb-Jum7EQ$_$1,34,-2.931433230114635,True,0.1921435643564351
-yRb-Jum7EQ$_$1,35,-4.529074856003717,True,0.25619141914191346
-yRb-Jum7EQ$_$1,36,-3.040083788218908,True,0.16011963696369946
-yRb-Jum7EQ$_$1,37,-3.0413797804154457,True,0.16011963696369946
-yRb-Jum7EQ$_$1,38,-5.921444447583053,False,
-yRb-Jum7EQ$_$1,39,-5.53557334318369,False,
-yRb-Jum7EQ$_$1,40,-8.592278790660203,False,
-yRb-Jum7EQ$_$1,41,-9.280688571433226,False,
-yRb-Jum7EQ$_$1,42,-3.3377757431017625,True,0.44833498349835565
-yRb-Jum7EQ$_$1,43,-1.0090277461942811,True,0.9643469471947235
-yRb-Jum7EQ$_$1,44,-1.8081588330730614,True,0.22416749174917072
-yRb-Jum7EQ$_$1,45,-0.1760191748303028,True,0.3842871287128702
-yRb-Jum7EQ$_$1,46,-3.7802825132530415,True,0.12809570957095673
-yRb-Jum7EQ$_$1,47,-3.7084112199178585,True,0.1921435643564351
-yRb-Jum7EQ$_$1,48,-1.32477174532799,True,0.3842871287128773
-yRb-Jum7EQ$_$5,0,-1.2809572249733558,True,0.5160252610565124
-yRb-Jum7EQ$_$5,1,-5.157865194045007,False,
-yRb-Jum7EQ$_$5,2,-6.314745223149657,False,
-yRb-Jum7EQ$_$5,3,-6.777242369949818,False,
-yRb-Jum7EQ$_$5,4,-8.816635766997933,False,
-yRb-Jum7EQ$_$5,5,-5.89083868265152,False,
-yRb-Jum7EQ$_$5,6,-8.453692028298974,False,
-yRb-Jum7EQ$_$5,7,-3.857475167431403,True,0.12820208845208825
-yRb-Jum7EQ$_$5,8,-2.6000016973897195,True,0.22435365479115355
-yRb-Jum7EQ$_$5,9,-3.751589132589288,True,0.12820208845208825
-yRb-Jum7EQ$_$5,10,-3.5907227688100343,True,0.0961515663390653
-yRb-Jum7EQ$_$5,11,-9.965712628016869,False,
-yRb-Jum7EQ$_$5,12,-6.268233382375911,False,
-yRb-Jum7EQ$_$5,13,-4.221567248532665,True,0.1602526105651112
-yRb-Jum7EQ$_$5,14,-2.222331583732739,True,0.12820208845208825
-yRb-Jum7EQ$_$5,15,-6.57627246924676,False,
-yRb-Jum7EQ$_$5,16,-9.53629407286644,False,
-yRb-Jum7EQ$_$5,17,-7.578350551426411,False,
-yRb-Jum7EQ$_$5,18,-2.6380178972225017,True,0.19230313267813237
-yRb-Jum7EQ$_$5,19,-5.872456218639854,False,
-yRb-Jum7EQ$_$5,20,-10.242036774754524,False,
-yRb-Jum7EQ$_$5,21,-10.59986424492672,False,
-yRb-Jum7EQ$_$5,22,-10.309748726729595,False,
-yRb-Jum7EQ$_$5,23,-0.954901068546578,True,0.9006315264127753
-yRb-Jum7EQ$_$5,24,-5.048563277038435,False,
-yRb-Jum7EQ$_$6,0,-1.5114647588856573,True,0.22485125000000006
-yRb-Jum7EQ$_$6,1,-1.6166266887448728,True,0.09636482142857139
-yRb-Jum7EQ$_$6,2,-4.371263061650097,True,0.12848642857142856
-yRb-Jum7EQ$_$6,3,-2.5702053806744516,True,0.2569728571428572
-yRb-Jum7EQ$_$6,4,-0.40865299068391325,True,0.32121607142857145
-yRb-Jum7EQ$_$6,5,-9.869648321997374,False,
-yRb-Jum7EQ$_$6,6,-5.1458910293877125,False,
-yRb-Jum7EQ$_$6,7,-2.1275425495114177,True,0.2890944642857143
-yRb-Jum7EQ$_$6,8,-3.96239203606577,True,0.1606080357142856
-yRb-Jum7EQ$_$6,9,-3.610271247685887,True,0.12848642857142867
-yRb-Jum7EQ$_$6,10,-1.5403595246119108,True,0.8351617857142859
-yRb-Jum7EQ$_$6,11,-0.8475833710481988,True,0.5160608035714289
-yRb-Jum7EQ$_$6,12,-0.05271020159125328,True,0.06424321428571389
-yRb-Jum7EQ$_$6,13,-5.522973960288709,False,
-yRb-Jum7EQ$_$6,14,-5.540352836217664,False,
-yRb-Jum7EQ$_$6,15,-9.31210035199183,False,
-yRb-Jum7EQ$_$6,16,-2.7528747085481884,True,0.16060803571428606
-yRb-Jum7EQ$_$6,17,-1.5743375938734971,True,0.1606080357142856
-yRb-Jum7EQ$_$6,18,-1.8045776569657999,True,0.385459285714286
