sample_id,video_id,selection,group_cost,point_cost,group_D,point_D
-UacrmKiTn4$_$7,-UacrmKiTn4,key.T.p20.block3,5,5,0.042936633030573525,0.05805520713329315
-UacrmKiTn4$_$7,-UacrmKiTn4,key.T.p20.word,5,5,0.06895908713340759,0.05805520713329315
-UacrmKiTn4$_$7,-UacrmKiTn4,key.A.p20.block3,5,5,0.0037510941425959268,0.006120776136716207
-UacrmKiTn4$_$7,-UacrmKiTn4,key.V.p20.block3,5,5,0.003269339601198832,0.0029698510964711504
-qDkUB0GgYY$_$5,-qDkUB0GgYY,key.T.p20.block3,10,10,0.02717936287323634,0.08128185073534648
-qDkUB0GgYY$_$5,-qDkUB0GgYY,key.T.p20.word,10,10,0.08884865542252858,0.08128185073534648
-qDkUB0GgYY$_$5,-qDkUB0GgYY,key.A.p20.block3,10,10,0.005085460841655731,0.007312544931968054
-qDkUB0GgYY$_$5,-qDkUB0GgYY,key.V.p20.block3,10,10,0.004153162240982056,0.0004468485713005066
0utROiKxejc$_$1,0utROiKxejc,key.T.p20.block3,3,3,0.13994397471348444,0.18313971906900406
0utROiKxejc$_$1,0utROiKxejc,key.T.p20.word,3,3,0.18313971906900406,0.18313971906900406
0utROiKxejc$_$1,0utROiKxejc,key.A.p20.block3,3,3,0.003537222743034363,0.00138150155544281
0utROiKxejc$_$1,0utROiKxejc,key.V.p20.block3,3,3,0.0017520586649576821,0.001194879412651062
0utROiKxejc$_$4,0utROiKxejc,key.T.p20.block3,7,7,0.2869805966814359,0.4071199794610341
0utROiKxejc$_$4,0utROiKxejc,key.T.p20.word,7,7,0.32653824736674625,0.4071199794610341
0utROiKxejc$_$4,0utROiKxejc,key.A.p20.block3,7,7,0.0008016526699066162,0.004883716503779093
0utROiKxejc$_$4,0utROiKxejc,key.V.p20.block3,7,7,0.00074043869972229,0.0013886491457621257
0y022OlZ3W0$_$3,0y022OlZ3W0,key.T.p20.block3,3,3,0.31817930067578953,0.05686940004428228
0y022OlZ3W0$_$3,0y022OlZ3W0,key.T.p20.word,3,3,0.06568624824285507,0.05686940004428228
0y022OlZ3W0$_$3,0y022OlZ3W0,key.A.p20.block3,3,3,0.008119568228721619,0.004418315986792247
0y022OlZ3W0$_$3,0y022OlZ3W0,key.V.p20.block3,3,3,0.006148961683114369,0.00999841590722402
0y022OlZ3W0$_$5,0y022OlZ3W0,key.T.p20.block3,4,4,0.020311057567596436,0.054861828684806824
0y022OlZ3W0$_$5,0y022OlZ3W0,key.T.p20.word,4,4,0.07135008772214253,0.054861828684806824
0y022OlZ3W0$_$5,0y022OlZ3W0,key.A.p20.block3,4,4,0.006075998147328694,0.004001215100288391
0y022OlZ3W0$_$5,0y022OlZ3W0,key.V.p20.block3,4,4,0.0016676535209019978,0.0029904494682947793
0y022OlZ3W0$_$8,0y022OlZ3W0,key.T.p20.block3,3,3,0.1515686276058356,0.08692961434523265
0y022OlZ3W0$_$8,0y022OlZ3W0,key.T.p20.word,3,3,0.07690521826346715,0.08692961434523265
0y022OlZ3W0$_$8,0y022OlZ3W0,key.A.p20.block3,3,3,0.009482083221276602,0.004997765024503072
0y022OlZ3W0$_$8,0y022OlZ3W0,key.V.p20.block3,3,3,0.00942969818909963,0.027035847306251526
101787$_$11,101787,key.T.p20.block3,6,6,0.1760657069583734,0.24154039580995837
101787$_$11,101787,key.T.p20.word,6,6,0.24084155416737,0.24154039580995837
101787$_$11,101787,key.A.p20.block3,6,6,0.0014389455318450928,0.004964669545491536
101787$_$11,101787,key.V.p20.block3,6,6,0.0022102296352386475,0.0023492972056070966
101787$_$13,101787,key.T.p20.block3,4,4,0.3818662166595459,0.37278621767958003
101787$_$13,101787,key.T.p20.word,4,4,0.37278621767958003,0.37278621767958003
101787$_$13,101787,key.A.p20.block3,4,4,0.00923830270767212,0.007514139016469319
101787$_$13,101787,key.V.p20.block3,4,4,0.0019515752792358398,0.0025324424107869463
101787$_$1,101787,key.T.p20.block3,3,3,0.13095278292894363,0.16927454310158888
101787$_$1,101787,key.T.p20.word,3,3,0.16927454310158888,0.16927454310158888
101787$_$1,101787,key.A.p20.block3,3,3,0.00711415708065033,0.0052910397450129185
101787$_$1,101787,key.V.p20.block3,3,3,0.004774212837219238,0.0021090308825174966
101787$_$5,101787,key.T.p20.block3,3,3,0.06778865059216817,0.37016300360361737
101787$_$5,101787,key.T.p20.word,3,3,0.4062443946798643,0.37016300360361737
101787$_$5,101787,key.A.p20.block3,3,3,0.002710878849029541,0.00039577484130859375
101787$_$5,101787,key.V.p20.block3,2,2,0.0012755393981933594,0.0012755393981933594
101787$_$7,101787,key.T.p20.block3,2,2,0.02683730920155843,0.4322924787799517
101787$_$7,101787,key.T.p20.word,2,2,0.4322924787799517,0.4322924787799517
101787$_$7,101787,key.A.p20.block3,2,2,0.0047143300374348955,0.004002620776494345
101787$_$7,101787,key.V.p20.block3,2,2,0.001403878132502238,0.00017478068669637045
101787$_$9,101787,key.T.p20.block3,4,4,0.01616401846210162,0.09033570066094398
101787$_$9,101787,key.T.p20.word,4,4,0.09368970369299252,0.09033570066094398
101787$_$9,101787,key.A.p20.block3,4,4,0.005091419443488121,0.006027219196160634
101787$_$9,101787,key.V.p20.block3,4,4,0.0004872505863507589,0.0036023010810216265
102408$_$2,102408,key.T.p20.block3,0,1,0.0,0.28681228558222455
102408$_$2,102408,key.T.p20.word,1,1,0.28681228558222455,0.28681228558222455
102408$_$2,102408,key.A.p20.block3,0,1,0.0,0.003645949065685272
102408$_$2,102408,key.V.p20.block3,0,1,0.0,0.0014780834317207336
102408$_$5,102408,key.T.p20.block3,6,6,0.243769071996212,0.23928966869910556
102408$_$5,102408,key.T.p20.word,6,6,0.33651343050102395,0.23928966869910556
102408$_$5,102408,key.A.p20.block3,6,6,0.0028646265467007956,0.006540765364964803
102408$_$5,102408,key.V.p20.block3,6,6,0.006004102528095245,0.0037777399023373923
102408$_$9,102408,key.T.p20.block3,6,6,0.03272247066100439,0.015560418367385864
102408$_$9,102408,key.T.p20.word,6,6,0.21149643013874692,0.015560418367385864
102408$_$9,102408,key.A.p20.block3,6,6,0.004322064419587453,0.0038125962018966675
102408$_$9,102408,key.V.p20.block3,6,6,0.00032079219818115234,0.0003407398859659831
102858$_$20,102858,key.T.p20.block3,5,5,0.14971658447757363,0.03431920831402143
102858$_$20,102858,key.T.p20.word,5,5,0.25330970250070095,0.03431920831402143
102858$_$20,102858,key.A.p20.block3,5,5,0.017447999368111294,0.004860057185093562
102858$_$20,102858,key.V.p20.block3,5,5,0.0008264270921548207,0.00178586815794309
102858$_$21,102858,key.T.p20.block3,5,5,0.047440290451049805,0.32718831300735474
102858$_$21,102858,key.T.p20.word,5,5,0.37955768716832,0.32718831300735474
102858$_$21,102858,key.A.p20.block3,5,5,0.008117626110712687,0.0070882439613342285
102858$_$21,102858,key.V.p20.block3,5,5,0.0014399091402689617,0.0010837316513061523
102858$_$1,102858,key.T.p20.block3,4,4,0.01115961124499639,0.042071265478928886
102858$_$1,102858,key.T.p20.word,4,4,0.007498209675153097,0.042071265478928886
102858$_$1,102858,key.A.p20.block3,4,4,0.0014277088145414987,0.0026507402459780374
102858$_$1,102858,key.V.p20.block3,4,4,0.00022308528423309326,0.00022308528423309326
102858$_$0,102858,key.T.p20.block3,1,1,0.06489842136700948,0.2577596604824066
102858$_$0,102858,key.T.p20.word,1,1,0.06489842136700948,0.2577596604824066
102858$_$0,102858,key.A.p20.block3,1,1,0.020855809251467385,0.020855809251467385
102858$_$0,102858,key.V.p20.block3,1,1,0.0011773407459259033,0.0011773407459259033
102858$_$4,102858,key.T.p20.block3,10,10,0.053270384669303894,0.0542053480943044
102858$_$4,102858,key.T.p20.word,10,10,0.013116300106048584,0.0542053480943044
102858$_$4,102858,key.A.p20.block3,10,10,0.003689303994178772,0.004745692014694214
102858$_$4,102858,key.V.p20.block3,10,10,0.012477949261665344,0.014054889480272928
102858$_$6,102858,key.T.p20.block3,5,5,0.31831370169917744,0.3493132069706917
102858$_$6,102858,key.T.p20.word,5,5,0.36242002124587697,0.3493132069706917
102858$_$6,102858,key.A.p20.block3,5,5,0.004478057225545247,0.007026294867197672
102858$_$6,102858,key.V.p20.block3,5,5,0.0017336408297220867,0.003434548775355021
102858$_$10,102858,key.T.p20.block3,2,2,0.4606043125192324,0.5293049231792489
102858$_$10,102858,key.T.p20.word,2,2,0.4606043125192324,0.5293049231792489
102858$_$10,102858,key.A.p20.block3,2,2,0.004792739947636923,0.006978799899419149
102858$_$10,102858,key.V.p20.block3,2,2,0.001544952392578125,0.0015502572059631348
102858$_$17,102858,key.T.p20.block3,2,2,0.05778810288757086,0.04988125835855802
102858$_$17,102858,key.T.p20.word,2,2,0.04988125835855802,0.04988125835855802
102858$_$17,102858,key.A.p20.block3,2,2,0.0037646082540353136,0.001729554186264674
102858$_$17,102858,key.V.p20.block3,2,2,0.0032827742397785187,0.0022525936365127563
102858$_$19,102858,key.T.p20.block3,2,2,0.017684866363803547,0.02837144521375497
102858$_$19,102858,key.T.p20.word,2,2,0.02837144521375497,0.02837144521375497
102858$_$19,102858,key.A.p20.block3,2,2,0.0011267196387052536,0.005255417277415594
102858$_$19,102858,key.V.p20.block3,2,2,0.007843230540553728,0.013523304214080175
112433$_$10,112433,key.T.p20.block3,1,1,0.18105426927407584,0.18105426927407584
112433$_$10,112433,key.T.p20.word,1,1,0.18105426927407584,0.18105426927407584
112433$_$10,112433,key.A.p20.block3,1,1,0.02886906454417234,0.02886906454417234
112433$_$10,112433,key.V.p20.block3,1,1,0.057899075249830886,0.057899075249830886
112433$_$3,112433,key.T.p20.block3,6,6,0.16678192714850107,0.25657378633817035
112433$_$3,112433,key.T.p20.word,6,6,0.25657378633817035,0.25657378633817035
112433$_$3,112433,key.A.p20.block3,6,6,0.00906430681546529,0.01081952452659607
112433$_$3,112433,key.V.p20.block3,6,6,0.0007198850313822428,0.0015098253885904949
112433$_$7,112433,key.T.p20.block3,2,2,0.07996053000291188,0.1620677262544632
112433$_$7,112433,key.T.p20.word,2,2,0.34034988035758335,0.1620677262544632
112433$_$7,112433,key.A.p20.block3,2,2,0.0021789123614629107,0.006672576069831848
112433$_$7,112433,key.V.p20.block3,2,2,0.0005395660797754923,0.0023286938667297363
112433$_$6,112433,key.T.p20.block3,5,5,0.2788133919239044,0.335047110915184
112433$_$6,112433,key.T.p20.word,5,5,0.6230017772565285,0.335047110915184
112433$_$6,112433,key.A.p20.block3,5,5,0.004942586024602255,0.00047924121220906574
112433$_$6,112433,key.V.p20.block3,5,5,0.0012122193972269693,0.0006231764952341716
117tQqLjza4$_$6,117tQqLjza4,key.T.p20.block3,3,3,0.06173748771349589,0.1325391431649526
117tQqLjza4$_$6,117tQqLjza4,key.T.p20.word,3,3,0.06899215032656987,0.1325391431649526
117tQqLjza4$_$6,117tQqLjza4,key.A.p20.block3,3,3,0.0009153236945470173,0.0059573302666346235
117tQqLjza4$_$6,117tQqLjza4,key.V.p20.block3,3,3,0.007022733489672342,0.005915234486262004
11j7EfglCAs$_$2,11j7EfglCAs,key.T.p20.block3,5,5,0.04828742239624262,0.021891885437071323
11j7EfglCAs$_$2,11j7EfglCAs,key.T.p20.word,5,5,0.010148507232467333,0.021891885437071323
11j7EfglCAs$_$2,11j7EfglCAs,key.A.p20.block3,5,5,0.007186834079523881,0.006485209179421266
11j7EfglCAs$_$2,11j7EfglCAs,key.V.p20.block3,3,3,0.0033959712212284407,0.005556719067196052
121128$_$10,121128,key.T.p20.block3,3,3,0.25611602887511253,0.2661898396909237
121128$_$10,121128,key.T.p20.word,3,3,0.2661898396909237,0.2661898396909237
121128$_$10,121128,key.A.p20.block3,3,3,0.0027201982835928598,0.006189564863840739
121128$_$10,121128,key.V.p20.block3,3,3,0.0028488623599211373,0.0057906874765952425
121128$_$1,121128,key.T.p20.block3,6,6,0.09667911628882091,0.04061436404784521
121128$_$1,121128,key.T.p20.word,6,6,0.04061436404784521,0.04061436404784521
121128$_$1,121128,key.A.p20.block3,6,6,0.017429068684577942,0.01790931075811386
121128$_$1,121128,key.V.p20.block3,6,6,0.009137116372585297,0.011437535285949707
121128$_$0,121128,key.T.p20.block3,2,2,0.02650399630268415,0.058089323341846466
121128$_$0,121128,key.T.p20.word,2,2,0.058089323341846466,0.058089323341846466
121128$_$0,121128,key.A.p20.block3,2,2,0.0024234578013420105,0.0066462792456150055
121128$_$0,121128,key.V.p20.block3,2,2,0.0015666012962659201,0.003563793996969859
121128$_$5,121128,key.T.p20.block3,0,1,0.0,0.46533065844171995
121128$_$5,121128,key.T.p20.word,1,1,0.46533065844171995,0.46533065844171995
121128$_$5,121128,key.A.p20.block3,0,1,0.0,0.0029318034648895264
121128$_$5,121128,key.V.p20.block3,0,1,0.0,0.0006634493668874105
125344$_$0,125344,key.T.p20.block3,10,10,0.05719676800072193,0.05844974145293236
125344$_$0,125344,key.T.p20.word,10,10,0.26260138551394147,0.05844974145293236
125344$_$0,125344,key.A.p20.block3,10,10,0.003485916182398796,0.004205621778964996
125344$_$0,125344,key.V.p20.block3,3,3,0.012944253627210855,0.013170302457486589
125676$_$0,125676,key.T.p20.block3,3,3,0.05631748090187708,0.2919284825523694
125676$_$0,125676,key.T.p20.word,3,3,0.2919284825523694,0.2919284825523694
125676$_$0,125676,key.A.p20.block3,3,3,0.011219878991444904,0.006589218974113464
125676$_$0,125676,key.V.p20.block3,3,3,0.011402234435081482,0.011718392372131348
125676$_$4,125676,key.T.p20.block3,5,5,0.1551279624303182,0.2724058801929156
125676$_$4,125676,key.T.p20.word,5,5,0.3073565860589345,0.2724058801929156
125676$_$4,125676,key.A.p20.block3,5,5,0.0036227206389109292,0.004292478164037068
125676$_$4,125676,key.V.p20.block3,5,5,0.00715400775273641,0.0017969310283660889
128059$_$11,128059,key.T.p20.block3,8,8,0.4442729689180851,0.043203870455423996
128059$_$11,128059,key.T.p20.word,8,8,0.07733630140622458,0.043203870455423996
128059$_$11,128059,key.A.p20.block3,8,8,0.0013173123200734458,0.003075400988260905
128059$_$11,128059,key.V.p20.block3,8,8,0.01972133914629618,0.018486728270848594
128059$_$12,128059,key.T.p20.block3,3,3,0.3555747127781312,0.6205611551801363
128059$_$12,128059,key.T.p20.word,3,3,0.6205611551801363,0.6205611551801363
128059$_$12,128059,key.A.p20.block3,3,3,0.004102170467376709,0.00210002064704895
128059$_$12,128059,key.V.p20.block3,3,3,0.0039821068445841466,0.0037498275438944497
128059$_$2,128059,key.T.p20.block3,3,3,0.28232219194372493,0.13422570625940958
128059$_$2,128059,key.T.p20.word,3,3,0.13422570625940958,0.13422570625940958
128059$_$2,128059,key.A.p20.block3,3,3,0.004395167032877604,0.006459663311640422
128059$_$2,128059,key.V.p20.block3,3,3,0.0035164455572764077,0.00414241353670756
128059$_$7,128059,key.T.p20.block3,10,10,0.15577091090381145,0.13321676415701708
128059$_$7,128059,key.T.p20.word,10,10,0.009771838473776976,0.13321676415701708
128059$_$7,128059,key.A.p20.block3,10,10,0.003180287778377533,0.0029212571680545807
128059$_$7,128059,key.V.p20.block3,10,10,0.0022059188534816108,0.0025376901030540466
128059$_$6,128059,key.T.p20.block3,10,10,0.31219063078363735,0.30252985283732414
128059$_$6,128059,key.T.p20.word,10,10,0.21271737913290661,0.30252985283732414
128059$_$6,128059,key.A.p20.block3,10,10,0.0007364153861999512,0.0019945700963338218
128059$_$6,128059,key.V.p20.block3,10,10,0.0018371343612670898,0.0017519791920979817
128059$_$9,128059,key.T.p20.block3,4,4,0.20386754224697748,0.2707844537993272
128059$_$9,128059,key.T.p20.word,4,4,0.2556112452099721,0.2707844537993272
128059$_$9,128059,key.A.p20.block3,4,4,0.012395148475964863,0.018365332235892613
128059$_$9,128059,key.V.p20.block3,4,4,0.009105140964190166,0.02087703595558802
128763$_$12,128763,key.T.p20.block3,4,4,0.05144112060467402,0.009234532713890076
128763$_$12,128763,key.T.p20.word,4,4,0.1614822174112002,0.009234532713890076
128763$_$12,128763,key.A.p20.block3,4,4,0.006410844624042511,0.004460744559764862
128763$_$12,128763,key.V.p20.block3,4,4,0.012303613126277924,0.006835751235485077
128763$_$3,128763,key.T.p20.block3,5,5,0.04343157013257344,0.46186476697524387
128763$_$3,128763,key.T.p20.word,5,5,0.33041248718897503,0.46186476697524387
128763$_$3,128763,key.A.p20.block3,5,5,0.0035263001918792725,0.004188567399978638
128763$_$3,128763,key.V.p20.block3,5,5,0.0003070235252380371,0.0005003809928894043
128763$_$2,128763,key.T.p20.block3,2,2,0.010462358593940735,0.0173456110060215
128763$_$2,128763,key.T.p20.word,2,2,0.0173456110060215,0.0173456110060215
128763$_$2,128763,key.A.p20.block3,2,2,0.00192479540904363,0.0009159110486507416
128763$_$2,128763,key.V.p20.block3,2,2,0.0009309041003386179,0.0038046265641848245
128763$_$5,128763,key.T.p20.block3,2,2,0.09177487591902415,0.0898895263671875
128763$_$5,128763,key.T.p20.word,2,2,0.0898895263671875,0.0898895263671875
128763$_$5,128763,key.A.p20.block3,2,2,0.0029169023036956787,0.006014396746953328
128763$_$5,128763,key.V.p20.block3,2,2,0.0027333125472068787,0.002710069219271342
128763$_$7,128763,key.T.p20.block3,3,3,0.10668999950091043,0.04901144901911418
128763$_$7,128763,key.T.p20.word,3,3,0.14124596118927002,0.04901144901911418
128763$_$7,128763,key.A.p20.block3,3,3,0.003113438685735067,0.0007254282633463541
128763$_$7,128763,key.V.p20.block3,3,3,0.0009729961554209391,0.0009177724520365398
128763$_$8,128763,key.T.p20.block3,2,2,0.03313631316026052,0.050831650694211326
128763$_$8,128763,key.T.p20.word,2,2,0.21711439142624536,0.050831650694211326
128763$_$8,128763,key.A.p20.block3,2,2,0.01270433266957601,0.015690336624781292
128763$_$8,128763,key.V.p20.block3,2,2,0.0009414652983347575,0.004927327235539755
130456$_$11,130456,key.T.p20.block3,7,7,0.04292838772137959,0.04590096076329549
130456$_$11,130456,key.T.p20.word,7,7,0.06299603978792827,0.04590096076329549
130456$_$11,130456,key.A.p20.block3,7,7,0.002622356017430623,0.0027922391891479492
130456$_$11,130456,key.V.p20.block3,7,7,0.0024237334728240967,0.003164052963256836
130456$_$3,130456,key.T.p20.block3,4,4,0.010431687037150065,0.28193848207592964
130456$_$3,130456,key.T.p20.word,4,4,0.33952720152835053,0.28193848207592964
130456$_$3,130456,key.A.p20.block3,4,4,0.0006817380587259929,0.001794228951136271
130456$_$3,130456,key.V.p20.block3,3,3,0.0017247001330057779,0.0012645324071248372
130456$_$5,130456,key.T.p20.block3,2,2,0.039269400760531425,0.04441676537195841
130456$_$5,130456,key.T.p20.word,2,2,0.04441676537195841,0.04441676537195841
130456$_$5,130456,key.A.p20.block3,2,2,0.002196595072746277,0.004362563292185465
130456$_$5,130456,key.V.p20.block3,2,2,0.004852041602134705,0.004030632476011912
130456$_$4,130456,key.T.p20.block3,5,5,0.01416665067275365,0.04726351797580719
130456$_$4,130456,key.T.p20.word,5,5,0.0314007376631101,0.04726351797580719
130456$_$4,130456,key.A.p20.block3,5,5,0.010142328838507334,0.010142328838507334
130456$_$4,130456,key.V.p20.block3,5,5,0.004659518599510193,0.004141122102737427
130456$_$7,130456,key.T.p20.block3,2,2,0.014365886648495993,0.3532677839199702
130456$_$7,130456,key.T.p20.word,2,2,0.3532677839199702,0.3532677839199702
130456$_$7,130456,key.A.p20.block3,2,2,0.011934141318003338,0.03226650754610697
130456$_$7,130456,key.V.p20.block3,2,2,0.004201551278432211,0.006420160333315532
130456$_$6,130456,key.T.p20.block3,7,7,0.20447487756609917,0.28417416972418624
130456$_$6,130456,key.T.p20.word,7,7,0.28417416972418624,0.28417416972418624
130456$_$6,130456,key.A.p20.block3,7,7,0.003954296310742696,0.005670130252838135
130456$_$6,130456,key.V.p20.block3,7,7,0.0007740209499994913,0.002571110924084981
188343$_$13,188343,key.T.p20.block3,8,8,0.09715525805950165,0.046596343318621315
188343$_$13,188343,key.T.p20.word,8,8,0.046596343318621315,0.046596343318621315
188343$_$13,188343,key.A.p20.block3,8,8,0.005083416899045309,0.0041563063859939575
188343$_$13,188343,key.V.p20.block3,8,8,0.00032767653465270996,0.00021409491697947186
188343$_$12,188343,key.T.p20.block3,6,6,0.7209261481960614,0.24681388586759567
188343$_$12,188343,key.T.p20.word,6,6,0.24681388586759567,0.24681388586759567
188343$_$12,188343,key.A.p20.block3,6,6,0.0016027291615804036,0.0003673434257507324
188343$_$12,188343,key.V.p20.block3,6,6,0.0002002418041229248,0.0014407634735107422
188343$_$5,188343,key.T.p20.block3,3,3,0.09288083265225093,0.11628490934769313
188343$_$5,188343,key.T.p20.word,4,4,0.20734633722652993,0.14833543946345648
188343$_$5,188343,key.A.p20.block3,3,3,0.0052214935421943665,0.006667375564575195
188343$_$5,188343,key.V.p20.block3,3,3,0.008634837965170542,0.008634837965170542
188343$_$9,188343,key.T.p20.block3,6,6,0.10620003069440523,0.08330730721354485
188343$_$9,188343,key.T.p20.word,6,6,0.08330730721354485,0.08330730721354485
188343$_$9,188343,key.A.p20.block3,6,6,0.004004061222076416,0.003623552620410919
188343$_$9,188343,key.V.p20.block3,6,6,0.0053356339534123744,0.00688662255803744
188343$_$8,188343,key.T.p20.block3,4,4,0.37421461815635365,0.45734267185131705
188343$_$8,188343,key.T.p20.word,4,4,0.45734267185131705,0.45734267185131705
188343$_$8,188343,key.A.p20.block3,4,4,0.00658804178237915,0.0019312997659047444
188343$_$8,188343,key.V.p20.block3,4,4,0.0036952594916025796,0.004593402147293091
1HK7Nea0PFo$_$1,1HK7Nea0PFo,key.T.p20.block3,3,3,0.08246665510038535,0.06689435616135597
1HK7Nea0PFo$_$1,1HK7Nea0PFo,key.T.p20.word,3,3,0.06689435616135597,0.06689435616135597
1HK7Nea0PFo$_$1,1HK7Nea0PFo,key.A.p20.block3,3,3,0.010785276691118876,0.00834658369421959
1HK7Nea0PFo$_$1,1HK7Nea0PFo,key.V.p20.block3,3,3,0.0035975053906440735,0.00081663578748703
216097$_$1,216097,key.T.p20.block3,3,3,0.3833606628080209,0.4081098095824321
216097$_$1,216097,key.T.p20.word,3,3,0.4081098095824321,0.4081098095824321
216097$_$1,216097,key.A.p20.block3,3,3,0.006843537092208862,0.006899307171503702
216097$_$1,216097,key.V.p20.block3,0,1,0.0,0.0031212568283081055
216097$_$2,216097,key.T.p20.block3,5,5,0.058664587481568255,0.1471588349280258
216097$_$2,216097,key.T.p20.word,5,5,0.039229297234366335,0.1471588349280258
216097$_$2,216097,key.A.p20.block3,5,5,0.007148966658860445,0.0030517843551933765
216097$_$2,216097,key.V.p20.block3,4,4,0.0016986775832871595,0.0018101087771356106
216097$_$5,216097,key.T.p20.block3,6,6,0.06943777793397506,0.16694818064570427
216097$_$5,216097,key.T.p20.word,6,6,0.15569652741154036,0.16694818064570427
216097$_$5,216097,key.A.p20.block3,6,6,0.00219323734442393,0.003679923713207245
216097$_$5,216097,key.V.p20.block3,5,5,0.002114236354827881,0.0018640706936518352
216097$_$4,216097,key.T.p20.block3,9,9,0.3537759731213252,0.3301997408270836
216097$_$4,216097,key.T.p20.word,9,9,0.39048560708761215,0.3301997408270836
216097$_$4,216097,key.A.p20.block3,9,9,0.003289461135864258,0.006711314121882121
216097$_$4,216097,key.V.p20.block3,8,8,0.00016920765240987143,0.0007165968418121338
216097$_$7,216097,key.T.p20.block3,10,10,0.2563580895463626,0.2253287335236867
216097$_$7,216097,key.T.p20.word,10,10,0.2330739175279935,0.2253287335236867
216097$_$7,216097,key.A.p20.block3,10,10,0.003209054470062256,0.0006670852502187092
216097$_$7,216097,key.V.p20.block3,9,9,0.0005354583263397217,0.0009731551011403402
216097$_$8,216097,key.T.p20.block3,2,2,0.013480991125106812,0.5098223586877187
216097$_$8,216097,key.T.p20.word,2,2,0.029019241531689964,0.5098223586877187
216097$_$8,216097,key.A.p20.block3,2,2,0.0051653484503428135,0.0008126695950826008
216097$_$8,216097,key.V.p20.block3,1,1,0.04997832576433817,0.04997832576433817
223431$_$11,223431,key.T.p20.block3,5,5,0.061114996671676636,0.044780244429906205
223431$_$11,223431,key.T.p20.word,5,5,0.06467953324317932,0.044780244429906205
223431$_$11,223431,key.A.p20.block3,5,5,0.0022635261217753095,0.004170844952265421
223431$_$11,223431,key.V.p20.block3,5,5,0.0032901962598164873,0.0032901962598164873
223431$_$10,223431,key.T.p20.block3,3,3,0.13958648343880972,0.3759884337584178
223431$_$10,223431,key.T.p20.word,3,3,0.06242356697718303,0.3759884337584178
223431$_$10,223431,key.A.p20.block3,3,3,0.0020035306612650556,0.003375967343648275
223431$_$10,223431,key.V.p20.block3,3,3,0.004142185052235922,0.00765871008237203
223431$_$13,223431,key.T.p20.block3,5,5,0.28126266101996106,0.24893920123577118
223431$_$13,223431,key.T.p20.word,5,5,0.48915034408370656,0.24893920123577118
223431$_$13,223431,key.A.p20.block3,5,5,0.0017072657744089763,0.00138436754544576
223431$_$13,223431,key.V.p20.block3,5,5,0.0009323557217915853,0.000716547171274821
223431$_$0,223431,key.T.p20.block3,0,1,0.0,0.23064392308394113
223431$_$0,223431,key.T.p20.word,1,1,0.23064392308394113,0.23064392308394113
223431$_$0,223431,key.A.p20.block3,0,1,0.0,0.02996927003065745
223431$_$0,223431,key.V.p20.block3,0,1,0.0,0.0004325360059738159
223431$_$5,223431,key.T.p20.block3,3,3,0.11356924970944722,0.3148912340402603
223431$_$5,223431,key.T.p20.word,3,3,0.3148912340402603,0.3148912340402603
223431$_$5,223431,key.A.p20.block3,3,3,0.007024203737576802,0.002069974939028422
223431$_$5,223431,key.V.p20.block3,3,3,0.0029781808455785113,0.006128196914990744
225770$_$3,225770,key.T.p20.block3,10,10,0.13559384644031525,0.05733611807227135
225770$_$3,225770,key.T.p20.word,10,10,0.09943973645567894,0.05733611807227135
225770$_$3,225770,key.A.p20.block3,10,10,0.006026598314444224,0.008447960019111633
225770$_$3,225770,key.V.p20.block3,10,10,0.00385139137506485,0.00418939193089803
225770$_$5,225770,key.T.p20.block3,1,1,0.13782856310717762,0.13782856310717762
225770$_$5,225770,key.T.p20.word,1,1,0.13782856310717762,0.13782856310717762
225770$_$5,225770,key.A.p20.block3,1,1,0.003913104611759385,0.003913104611759385
225770$_$5,225770,key.V.p20.block3,1,1,0.0020934888743795455,0.0026437193155288696
225770$_$4,225770,key.T.p20.block3,6,6,0.004029609262943268,0.013354972004890442
225770$_$4,225770,key.T.p20.word,6,6,0.009577323993047079,0.013354972004890442
225770$_$4,225770,key.A.p20.block3,6,6,0.010443180799484253,0.009034708142280579
225770$_$4,225770,key.V.p20.block3,6,6,0.004119259615739186,0.0005652680993080139
225770$_$6,225770,key.T.p20.block3,7,7,0.08936789631843567,0.14440353214740753
225770$_$6,225770,key.T.p20.word,7,7,0.14440353214740753,0.14440353214740753
225770$_$6,225770,key.A.p20.block3,7,7,0.007033380369345347,0.005280949175357819
225770$_$6,225770,key.V.p20.block3,7,7,0.00182522584994634,0.0018350481986999512
236021$_$12,236021,key.T.p20.block3,2,2,0.009861613313357035,0.211308794716994
236021$_$12,236021,key.T.p20.word,2,2,0.211308794716994,0.211308794716994
236021$_$12,236021,key.A.p20.block3,2,2,0.007062971591949463,0.008495703339576721
236021$_$12,236021,key.V.p20.block3,2,2,0.002411899467309316,0.002411899467309316
236021$_$1,236021,key.T.p20.block3,5,5,0.07615142563978831,0.00706391284863154
236021$_$1,236021,key.T.p20.word,5,5,0.060446580251057945,0.00706391284863154
236021$_$1,236021,key.A.p20.block3,5,5,0.0031213114658991494,0.003901243209838867
236021$_$1,236021,key.V.p20.block3,5,5,0.005686114231745402,0.007272546490033467
236021$_$3,236021,key.T.p20.block3,0,1,0.0,0.38329042959958315
236021$_$3,236021,key.T.p20.word,1,1,0.38329042959958315,0.38329042959958315
236021$_$3,236021,key.A.p20.block3,0,1,0.0,0.003848135471343994
236021$_$3,236021,key.V.p20.block3,0,1,0.0,0.0016620159149169922
236021$_$2,236021,key.T.p20.block3,10,10,0.22302646562457085,0.18007588014006615
236021$_$2,236021,key.T.p20.word,10,10,0.20783594871560732,0.18007588014006615
236021$_$2,236021,key.A.p20.block3,10,10,0.007776500657200813,0.008125439286231995
236021$_$2,236021,key.V.p20.block3,10,10,0.020212323715289433,0.020212323715289433
236021$_$5,236021,key.T.p20.block3,3,3,0.15853074193000793,0.2753617962201436
236021$_$5,236021,key.T.p20.word,3,3,0.26375872145096463,0.2753617962201436
236021$_$5,236021,key.A.p20.block3,3,3,0.007754276196161906,0.005018452803293864
236021$_$5,236021,key.V.p20.block3,3,3,0.002555161714553833,0.0032693147659301758
236021$_$4,236021,key.T.p20.block3,10,10,0.33558287906150025,0.3211016859859228
236021$_$4,236021,key.T.p20.word,10,10,0.34532303487261135,0.3211016859859228
236021$_$4,236021,key.A.p20.block3,10,10,0.0037986313303311663,0.005315741524100304
236021$_$4,236021,key.V.p20.block3,10,10,0.004789367318153381,0.0006848052144050598
237009$_$11,237009,key.T.p20.block3,2,2,0.11792160073916118,0.13203504433234534
237009$_$11,237009,key.T.p20.word,2,2,0.13203504433234534,0.13203504433234534
237009$_$11,237009,key.A.p20.block3,2,2,0.004343310991923014,0.005678117275238037
237009$_$11,237009,key.V.p20.block3,2,2,0.002109209696451823,0.0004956275224685669
237009$_$12,237009,key.T.p20.block3,9,9,0.08722290396690369,0.10670279463132222
237009$_$12,237009,key.T.p20.word,9,9,0.09491791327794394,0.10670279463132222
237009$_$12,237009,key.A.p20.block3,9,9,0.0004735291004180908,0.0014827847480773926
237009$_$12,237009,key.V.p20.block3,9,9,0.003092487653096517,0.0036494930585225425
237009$_$4,237009,key.T.p20.block3,4,4,0.0968224008878072,0.3977646306157112
237009$_$4,237009,key.T.p20.word,4,4,0.26803124447663623,0.3977646306157112
237009$_$4,237009,key.A.p20.block3,4,4,0.0028026501337687177,0.004781474669774373
237009$_$4,237009,key.V.p20.block3,2,2,0.002679184079170227,0.01009213924407959
237009$_$7,237009,key.T.p20.block3,2,2,0.004492640495300293,0.15721665819485983
237009$_$7,237009,key.T.p20.word,2,2,0.15721665819485983,0.15721665819485983
237009$_$7,237009,key.A.p20.block3,2,2,0.0021445155143737793,0.011019259691238403
237009$_$7,237009,key.V.p20.block3,2,2,0.0011241137981414795,0.0016194581985473633
237009$_$9,237009,key.T.p20.block3,2,2,0.023597776889801025,0.46075001979867614
237009$_$9,237009,key.T.p20.word,2,2,0.46075001979867614,0.46075001979867614
237009$_$9,237009,key.A.p20.block3,2,2,0.005016068617502849,0.0050159792105356855
237009$_$9,237009,key.V.p20.block3,2,2,0.002923230330149333,0.0029231905937194824
241629$_$10,241629,key.T.p20.block3,4,4,0.04828803737958272,0.41343222061793006
241629$_$10,241629,key.T.p20.word,4,4,0.41343222061793006,0.41343222061793006
241629$_$10,241629,key.A.p20.block3,4,4,0.0029992063840230303,0.003720770279566447
241629$_$10,241629,key.V.p20.block3,2,2,0.0031107564767201743,0.00022487839063008627
241629$_$0,241629,key.T.p20.block3,3,3,0.32776694869001705,0.35390157500902814
241629$_$0,241629,key.T.p20.word,3,3,0.35390157500902814,0.35390157500902814
241629$_$0,241629,key.A.p20.block3,3,3,0.0029171456893285113,0.0023006598154703775
241629$_$0,241629,key.V.p20.block3,3,3,0.003802170356114705,0.005555798610051473
241629$_$3,241629,key.T.p20.block3,6,6,0.18905683032547435,0.05635341505209605
241629$_$3,241629,key.T.p20.word,6,6,0.05635341505209605,0.05635341505209605
241629$_$3,241629,key.A.p20.block3,6,6,0.0029986302057902017,0.0008000234762827556
241629$_$3,241629,key.V.p20.block3,6,6,0.00042814016342163086,0.0030655364195505777
241629$_$5,241629,key.T.p20.block3,5,5,0.11224519337217014,0.07817358399430911
241629$_$5,241629,key.T.p20.word,5,5,0.016823317855596542,0.07817358399430911
241629$_$5,241629,key.A.p20.block3,5,5,0.009690006573994953,0.008961297571659088
241629$_$5,241629,key.V.p20.block3,5,5,0.0007125275830427806,0.0017447260518868766
241629$_$8,241629,key.T.p20.block3,10,10,0.09640538692474365,0.022173692782719932
241629$_$8,241629,key.T.p20.word,10,10,0.02093764146169027,0.022173692782719932
241629$_$8,241629,key.A.p20.block3,10,10,0.0005304416020711262,0.0021400153636932373
241629$_$8,241629,key.V.p20.block3,10,10,0.0009556611378987631,0.0011496047178904214
243646$_$11,243646,key.T.p20.block3,4,4,0.11232311526934305,0.04001183311144511
243646$_$11,243646,key.T.p20.word,4,4,0.1977668305238088,0.04001183311144511
243646$_$11,243646,key.A.p20.block3,4,4,0.0037797888120015464,0.0015783111254374185
243646$_$11,243646,key.V.p20.block3,4,4,0.0019100507100423176,0.0018461942672729492
243646$_$12,243646,key.T.p20.block3,10,10,0.07458277543385824,0.106917604804039
243646$_$12,243646,key.T.p20.word,10,10,0.16350714365641278,0.106917604804039
243646$_$12,243646,key.A.p20.block3,10,10,0.001965135335922241,0.0022030075391133623
243646$_$12,243646,key.V.p20.block3,10,10,0.00043827295303344727,0.00066375732421875
243646$_$9,243646,key.T.p20.block3,1,1,0.23603880840043226,0.23603880840043226
243646$_$9,243646,key.T.p20.word,1,1,0.23603880840043226,0.23603880840043226
243646$_$9,243646,key.A.p20.block3,1,1,0.030502336099743843,0.030502336099743843
243646$_$9,243646,key.V.p20.block3,1,1,0.032237802942593895,0.032237802942593895
243646$_$8,243646,key.T.p20.block3,2,2,0.009983914593855541,0.06750627731283505
243646$_$8,243646,key.T.p20.word,2,2,0.0400596521794796,0.06750627731283505
243646$_$8,243646,key.A.p20.block3,2,2,0.004947428901990255,0.004947428901990255
243646$_$8,243646,key.V.p20.block3,2,2,0.00017962108055750528,0.0019010553757349649
247318$_$12,247318,key.T.p20.block3,3,3,0.1519225537776947,0.08065330982208252
247318$_$12,247318,key.T.p20.word,3,3,0.1519225537776947,0.08065330982208252
247318$_$12,247318,key.A.p20.block3,3,3,0.002736618121465047,0.005830357472101847
247318$_$12,247318,key.V.p20.block3,3,3,0.0010302960872650146,0.0006386140982309977
247318$_$1,247318,key.T.p20.block3,3,3,0.08980223288138707,0.029023469736178715
247318$_$1,247318,key.T.p20.word,3,3,0.029023469736178715,0.029023469736178715
247318$_$1,247318,key.A.p20.block3,3,3,0.007098212838172913,0.0025887365142504373
247318$_$1,247318,key.V.p20.block3,3,3,0.002762095381816228,0.006473114403585593
247318$_$3,247318,key.T.p20.block3,0,1,0.0,0.531156807517012
247318$_$3,247318,key.T.p20.word,1,1,0.531156807517012,0.531156807517012
247318$_$3,247318,key.A.p20.block3,0,1,0.0,0.004991203546524048
247318$_$3,247318,key.V.p20.block3,0,1,0.0,0.0021793941656748457
247318$_$2,247318,key.T.p20.block3,3,3,0.042724778254826866,0.037833619862794876
247318$_$2,247318,key.T.p20.word,3,3,0.03588364770015081,0.037833619862794876
247318$_$2,247318,key.A.p20.block3,3,3,0.00630687146137158,0.012317418431242306
247318$_$2,247318,key.V.p20.block3,3,3,0.004306198408206304,0.0025420629729827247
247318$_$5,247318,key.T.p20.block3,4,4,0.1058491071065267,0.14610890050729117
247318$_$5,247318,key.T.p20.word,4,4,0.14610890050729117,0.14610890050729117
247318$_$5,247318,key.A.p20.block3,4,4,0.0016064941883087158,0.0016351292530695598
247318$_$5,247318,key.V.p20.block3,4,4,0.002925783395767212,0.004311263561248779
247318$_$7,247318,key.T.p20.block3,1,1,0.0188050369421641,0.0188050369421641
247318$_$7,247318,key.T.p20.word,1,1,0.0188050369421641,0.0188050369421641
247318$_$7,247318,key.A.p20.block3,1,1,0.0018530786037445068,0.0034356415271759033
247318$_$7,247318,key.V.p20.block3,1,1,0.00028702616691589355,0.00028702616691589355
247318$_$6,247318,key.T.p20.block3,0,1,0.0,0.13268720110257465
247318$_$6,247318,key.T.p20.word,1,1,0.13268720110257465,0.13268720110257465
247318$_$6,247318,key.A.p20.block3,0,1,0.0,0.006444027026494345
247318$_$6,247318,key.V.p20.block3,0,1,0.0,0.003038456042607625
252998$_$1,252998,key.T.p20.block3,4,4,0.045449999471505485,0.03821144625544548
252998$_$1,252998,key.T.p20.word,4,4,0.045449999471505485,0.03821144625544548
252998$_$1,252998,key.A.p20.block3,4,4,0.011301331222057343,0.0050076109667619075
252998$_$1,252998,key.V.p20.block3,4,4,0.00218166783452034,0.0012418068945407867
252998$_$0,252998,key.T.p20.block3,3,3,0.0869556760104994,0.0968619502770404
252998$_$0,252998,key.T.p20.word,3,3,0.018597546188781656,0.0968619502770404
252998$_$0,252998,key.A.p20.block3,3,3,0.009958939471592506,0.011910535550365845
252998$_$0,252998,key.V.p20.block3,3,3,0.003499690598497788,0.0017582757088045278
252998$_$5,252998,key.T.p20.block3,8,8,0.1993713031212489,0.22806650648514432
252998$_$5,252998,key.T.p20.word,8,8,0.22806650648514432,0.22806650648514432
252998$_$5,252998,key.A.p20.block3,8,8,0.0005709429581960042,0.002010236183802287
252998$_$5,252998,key.V.p20.block3,8,8,0.0002964635690053304,0.0009193023045857748
252998$_$4,252998,key.T.p20.block3,10,10,0.08449181914329529,0.06992218891779582
252998$_$4,252998,key.T.p20.word,10,10,0.18317559361457825,0.06992218891779582
252998$_$4,252998,key.A.p20.block3,10,10,0.0019485950469970703,0.0005451440811157227
252998$_$4,252998,key.V.p20.block3,10,10,0.001872857411702474,0.0015094776948293052
252998$_$7,252998,key.T.p20.block3,7,7,0.21038282414277396,0.2624967185159524
252998$_$7,252998,key.T.p20.word,7,7,0.059399160246054336,0.2624967185159524
252998$_$7,252998,key.A.p20.block3,7,7,0.0017148703336715698,0.0012939423322677612
252998$_$7,252998,key.V.p20.block3,7,7,0.00806323935588201,0.006846038003762563
252998$_$8,252998,key.T.p20.block3,2,2,0.05703978488842646,0.11315768460432689
252998$_$8,252998,key.T.p20.word,2,2,0.1840915127346913,0.11315768460432689
252998$_$8,252998,key.A.p20.block3,2,2,0.0031510740518569946,0.006862488885720571
252998$_$8,252998,key.V.p20.block3,2,2,0.0024311567346254983,0.0034122541546821594
257247$_$10,257247,key.T.p20.block3,2,2,0.00903502106666565,0.5085016079246998
257247$_$10,257247,key.T.p20.word,2,2,0.4515701296428839,0.5085016079246998
257247$_$10,257247,key.A.p20.block3,2,2,0.00015628337860107422,0.0006674031416575114
257247$_$10,257247,key.V.p20.block3,2,2,0.0007410248120625813,0.0007389187812805176
257247$_$12,257247,key.T.p20.block3,4,4,0.012204448382059732,0.04864696661631267
257247$_$12,257247,key.T.p20.word,4,4,0.03753686944643657,0.04864696661631267
257247$_$12,257247,key.A.p20.block3,4,4,0.0009814699490865073,0.0003528396288553874
257247$_$12,257247,key.V.p20.block3,4,4,0.0002450148264567057,0.000521222750345866
257247$_$2,257247,key.T.p20.block3,4,4,0.14538087447484335,0.0816444605588913
257247$_$2,257247,key.T.p20.word,4,4,0.0816444605588913,0.0816444605588913
257247$_$2,257247,key.A.p20.block3,4,4,0.005167613426844278,0.009073689579963684
257247$_$2,257247,key.V.p20.block3,4,4,0.0009732494751612345,0.0006494174400965373
258654$_$1,258654,key.T.p20.block3,10,10,0.0780067096153895,0.22774511575698853
258654$_$1,258654,key.T.p20.word,10,10,0.20406165719032288,0.22774511575698853
258654$_$1,258654,key.A.p20.block3,10,10,0.005767216285069784,0.0029717087745666504
258654$_$1,258654,key.V.p20.block3,10,10,0.0027851462364196777,0.0030037264029184976
258654$_$3,258654,key.T.p20.block3,10,10,0.5608795161048571,0.6404465604573488
258654$_$3,258654,key.T.p20.word,10,10,0.6369543392211199,0.6404465604573488
258654$_$3,258654,key.A.p20.block3,10,10,0.0008392731348673502,0.004820088545481363
258654$_$3,258654,key.V.p20.block3,10,10,0.0007377167542775472,0.001081228256225586
258654$_$4,258654,key.T.p20.block3,3,3,0.06080050269762675,0.17593012501796088
258654$_$4,258654,key.T.p20.word,3,3,0.0731518492102623,0.17593012501796088
258654$_$4,258654,key.A.p20.block3,3,3,0.007044260700543721,0.0035818616549173994
258654$_$4,258654,key.V.p20.block3,3,3,0.008043999473253885,0.010438039898872375
266791$_$24,266791,key.T.p20.block3,3,3,0.03733827670415242,0.34553683300813043
266791$_$24,266791,key.T.p20.word,3,3,0.34553683300813043,0.34553683300813043
266791$_$24,266791,key.A.p20.block3,3,3,0.00248071551322937,0.00373077392578125
266791$_$24,266791,key.V.p20.block3,3,3,0.0008351703484853109,0.0018200973669687908
266791$_$20,266791,key.T.p20.block3,7,7,0.03841317460561792,0.043479728822906814
266791$_$20,266791,key.T.p20.word,7,7,0.04013235121965408,0.043479728822906814
266791$_$20,266791,key.A.p20.block3,7,7,0.004908898224433264,0.0029841444144646325
266791$_$20,266791,key.V.p20.block3,7,7,0.0008587787548700968,0.001965006192525228
266791$_$21,266791,key.T.p20.block3,10,10,0.178915540377299,0.1806454211473465
266791$_$21,266791,key.T.p20.word,10,10,0.17080803712209064,0.1806454211473465
266791$_$21,266791,key.A.p20.block3,10,10,0.002171138922373454,0.0014156997203826904
266791$_$21,266791,key.V.p20.block3,10,10,0.000779797633488973,0.0007954041163126628
266791$_$23,266791,key.T.p20.block3,7,7,0.029079894224802654,0.020342121521631874
266791$_$23,266791,key.T.p20.word,7,7,0.013322492440541584,0.020342121521631874
266791$_$23,266791,key.A.p20.block3,7,7,0.0017476926247278848,0.0010654479265213013
266791$_$23,266791,key.V.p20.block3,7,7,0.0014544526735941568,0.0036069850126902265
266791$_$29,266791,key.T.p20.block3,1,1,0.0057314808170000715,0.2267125683526198
266791$_$29,266791,key.T.p20.word,1,1,0.2267125683526198,0.2267125683526198
266791$_$29,266791,key.A.p20.block3,1,1,0.006783934930960337,0.011927584807078045
266791$_$29,266791,key.V.p20.block3,1,1,0.0007387598355611166,0.0015323857466379802
266791$_$3,266791,key.T.p20.block3,4,4,0.04140732189019521,0.07416815559069316
266791$_$3,266791,key.T.p20.word,4,4,0.04255244384209315,0.07416815559069316
266791$_$3,266791,key.A.p20.block3,4,4,0.0011425564686457315,0.00024122496445973715
266791$_$3,266791,key.V.p20.block3,4,4,0.002309451500574748,0.003237356742223104
266791$_$5,266791,key.T.p20.block3,6,6,0.04937757054964702,0.40629094156126183
266791$_$5,266791,key.T.p20.word,6,6,0.433666855096817,0.40629094156126183
266791$_$5,266791,key.A.p20.block3,6,6,0.0012020369370778403,0.002316683530807495
266791$_$5,266791,key.V.p20.block3,6,6,0.00014394521713256836,0.0013520816961924234
266791$_$4,266791,key.T.p20.block3,3,3,0.2986324305335681,0.2986324305335681
266791$_$4,266791,key.T.p20.word,3,3,0.2986324305335681,0.2986324305335681
266791$_$4,266791,key.A.p20.block3,3,3,0.005707735816637675,0.005030304193496704
266791$_$4,266791,key.V.p20.block3,3,3,0.003717670838038127,0.0031724199652671814
266791$_$6,266791,key.T.p20.block3,7,7,0.02513770262400309,0.01769954959551493
266791$_$6,266791,key.T.p20.word,7,7,0.02745987226565679,0.01769954959551493
266791$_$6,266791,key.A.p20.block3,7,7,0.0008897433678309122,0.0011836538712183633
266791$_$6,266791,key.V.p20.block3,7,7,0.004292165239651998,0.005429625511169434
266791$_$8,266791,key.T.p20.block3,2,2,0.02775264779726664,0.151435237377882
266791$_$8,266791,key.T.p20.word,2,2,0.151435237377882,0.151435237377882
266791$_$8,266791,key.A.p20.block3,2,2,0.005561262369155884,0.006852447986602783
266791$_$8,266791,key.V.p20.block3,2,2,0.002442861596743266,0.00641295313835144
266791$_$11,266791,key.T.p20.block3,2,2,0.023319174846013386,0.32724815358718234
266791$_$11,266791,key.T.p20.word,2,2,0.32724815358718234,0.32724815358718234
266791$_$11,266791,key.A.p20.block3,2,2,0.002669095993041992,0.004005918900171915
266791$_$11,266791,key.V.p20.block3,2,2,0.0013079444567362466,0.0018015503883361816
266791$_$14,266791,key.T.p20.block3,5,5,0.3799063836534818,0.13984916855891547
266791$_$14,266791,key.T.p20.word,5,5,0.4512068325032791,0.13984916855891547
266791$_$14,266791,key.A.p20.block3,5,5,0.003773321708043416,0.0015825927257537842
266791$_$14,266791,key.V.p20.block3,5,5,0.0021934956312179565,0.0024119714895884195
270254$_$23,270254,key.T.p20.block3,3,3,0.2502342412869136,0.22997663418451944
270254$_$23,270254,key.T.p20.word,3,3,0.2502342412869136,0.22997663418451944
270254$_$23,270254,key.A.p20.block3,3,3,0.00259287158648173,0.0033336778481801352
270254$_$23,270254,key.V.p20.block3,3,3,0.0013775030771891275,0.0005828539530436198
270254$_$0,270254,key.T.p20.block3,4,4,0.06542771061261494,0.07200857003529866
270254$_$0,270254,key.T.p20.word,4,4,0.02187936007976532,0.07200857003529866
270254$_$0,270254,key.A.p20.block3,4,4,0.00191002090771993,0.002938176194826762
270254$_$0,270254,key.V.p20.block3,4,4,0.004151905576388041,0.002219428618748983
270254$_$6,270254,key.T.p20.block3,6,6,0.018505435436964035,0.004702617724736531
270254$_$6,270254,key.T.p20.word,6,6,0.058404022827744484,0.004702617724736531
270254$_$6,270254,key.A.p20.block3,6,6,0.0125724325577418,0.004519638915856679
270254$_$6,270254,key.V.p20.block3,6,6,0.0007201209664344788,0.001765007774035136
270254$_$8,270254,key.T.p20.block3,5,5,0.2955217957496643,0.5849960297346115
270254$_$8,270254,key.T.p20.word,5,5,0.5849960297346115,0.5849960297346115
270254$_$8,270254,key.A.p20.block3,5,5,0.0018092095851898193,0.0013552606105804443
270254$_$8,270254,key.V.p20.block3,5,5,0.00040277838706970215,0.0007208287715911865
270254$_$11,270254,key.T.p20.block3,1,1,0.02010531226793925,0.038118903835614525
270254$_$11,270254,key.T.p20.word,1,1,0.038118903835614525,0.038118903835614525
270254$_$11,270254,key.A.p20.block3,1,1,1.358489195505778e-05,0.0024640162785847983
270254$_$11,270254,key.V.p20.block3,1,1,0.00209064781665802,0.00209064781665802
270254$_$14,270254,key.T.p20.block3,2,2,0.10815607073406379,0.19290540367364883
270254$_$14,270254,key.T.p20.word,2,2,0.19290540367364883,0.19290540367364883
270254$_$14,270254,key.A.p20.block3,2,2,0.008966059113542238,0.00468863919377327
270254$_$14,270254,key.V.p20.block3,2,2,0.00396569383641084,0.00535766656200091
270254$_$16,270254,key.T.p20.block3,3,3,0.09305691532790661,0.04103353557487329
270254$_$16,270254,key.T.p20.word,3,3,0.025257387198507786,0.04103353557487329
270254$_$16,270254,key.A.p20.block3,3,3,0.006369316329558691,0.004876754557092984
270254$_$16,270254,key.V.p20.block3,3,3,0.006617319459716478,0.0012841628243525824
272624$_$10,272624,key.T.p20.block3,10,10,0.18615342676639557,0.20264954616626105
272624$_$10,272624,key.T.p20.word,10,10,0.13143032789230347,0.20264954616626105
272624$_$10,272624,key.A.p20.block3,10,10,0.003115688761075338,0.0013000518083572388
272624$_$10,272624,key.V.p20.block3,10,10,0.001265073815981547,0.00328826904296875
272624$_$13,272624,key.T.p20.block3,7,7,0.2297757975757122,0.26602063824733096
272624$_$13,272624,key.T.p20.word,7,7,0.26602063824733096,0.26602063824733096
272624$_$13,272624,key.A.p20.block3,7,7,0.0010544011990229287,0.006889467438062032
272624$_$13,272624,key.V.p20.block3,7,7,0.0017761960625648499,0.0038064494729042053
272624$_$12,272624,key.T.p20.block3,4,4,0.011698583761850994,0.46553797150651616
272624$_$12,272624,key.T.p20.word,4,4,0.46553797150651616,0.46553797150651616
272624$_$12,272624,key.A.p20.block3,4,4,0.0022114018599192304,0.003023664156595866
272624$_$12,272624,key.V.p20.block3,4,4,0.0017585853735605874,0.0013991991678873696
272624$_$16,272624,key.T.p20.block3,10,10,0.029765069484710693,0.13049771885077158
272624$_$16,272624,key.T.p20.word,10,10,0.17151368657747904,0.13049771885077158
272624$_$16,272624,key.A.p20.block3,10,10,0.002176443735758464,0.003476599852244059
272624$_$16,272624,key.V.p20.block3,10,10,0.00028959910074869793,0.002339273691177368
272624$_$18,272624,key.T.p20.block3,7,7,0.2369163235028585,0.23375253627697626
272624$_$18,272624,key.T.p20.word,7,7,0.23375253627697626,0.23375253627697626
272624$_$18,272624,key.A.p20.block3,7,7,0.004809528589248657,0.0025900850693384805
272624$_$18,272624,key.V.p20.block3,7,7,0.00486035148302714,0.003988881905873616
272624$_$2,272624,key.T.p20.block3,9,9,0.11721664170424144,0.11902252336343129
272624$_$2,272624,key.T.p20.word,9,9,0.16570636133352915,0.11902252336343129
272624$_$2,272624,key.A.p20.block3,9,9,0.0037764062484105425,0.003939623634020488
272624$_$2,272624,key.V.p20.block3,9,9,0.004321947693824768,0.004204601049423218
272624$_$6,272624,key.T.p20.block3,6,6,0.22572970390319824,0.5017310877641042
272624$_$6,272624,key.T.p20.word,7,7,0.26568612456321716,0.4073312940696875
272624$_$6,272624,key.A.p20.block3,6,6,0.0002607107162475586,0.002472241719563802
272624$_$6,272624,key.V.p20.block3,6,6,0.00030624866485595703,0.0014947950839996338
272624$_$9,272624,key.T.p20.block3,9,9,0.2544028361638387,0.3245243765413761
272624$_$9,272624,key.T.p20.word,9,9,0.3124213775930305,0.3245243765413761
272624$_$9,272624,key.A.p20.block3,9,9,0.007565915584564209,0.00434306263923645
272624$_$9,272624,key.V.p20.block3,9,9,0.00010091066360473633,0.0009007652600606282
272624$_$8,272624,key.T.p20.block3,9,9,0.13390646378199259,0.13886983195940653
272624$_$8,272624,key.T.p20.word,9,9,0.07694302002588907,0.13886983195940653
272624$_$8,272624,key.A.p20.block3,9,9,0.0012711882591247559,0.0013439555962880452
272624$_$8,272624,key.V.p20.block3,9,9,0.003911226987838745,0.004222393035888672
273539$_$3,273539,key.T.p20.block3,6,6,0.12207664425174394,0.097421924273173
273539$_$3,273539,key.T.p20.word,6,6,0.2541015688329935,0.097421924273173
273539$_$3,273539,key.A.p20.block3,6,6,0.0015927702188491821,0.0074996550877888995
273539$_$3,273539,key.V.p20.block3,6,6,0.0014298210541407266,0.00037666161855061847
273539$_$2,273539,key.T.p20.block3,1,1,0.03871932874123255,0.03871932874123255
273539$_$2,273539,key.T.p20.word,1,1,0.03871932874123255,0.03871932874123255
273539$_$2,273539,key.A.p20.block3,1,1,0.0016972372929255168,0.007615312933921814
273539$_$2,273539,key.V.p20.block3,1,1,0.0008723139762878418,0.0015842219193776448
273539$_$9,273539,key.T.p20.block3,9,9,0.02609407901763916,0.31148096670707065
273539$_$9,273539,key.T.p20.word,9,9,0.35193459192911786,0.31148096670707065
273539$_$9,273539,key.A.p20.block3,9,9,0.0011327564716339111,0.002807815869649251
273539$_$9,273539,key.V.p20.block3,9,9,0.0015950699647267659,0.0007239679495493572
290546$_$3,290546,key.T.p20.block3,5,5,0.26386272224287194,0.15634275910755
290546$_$3,290546,key.T.p20.word,5,5,0.19958986776570478,0.15634275910755
290546$_$3,290546,key.A.p20.block3,5,5,0.005793741593758265,0.0036299824714660645
290546$_$3,290546,key.V.p20.block3,5,5,0.009806442384918531,0.012364260231455168
290546$_$5,290546,key.T.p20.block3,7,7,0.20530632634957632,0.14441796640555063
290546$_$5,290546,key.T.p20.word,7,7,0.18292462825775146,0.14441796640555063
290546$_$5,290546,key.A.p20.block3,7,7,0.0005243519941965739,0.0013034741083780925
290546$_$5,290546,key.V.p20.block3,7,7,0.0013453662395477295,0.0009361853202184042
290546$_$7,290546,key.T.p20.block3,10,10,0.1698635828991731,0.06939306342974305
290546$_$7,290546,key.T.p20.word,10,10,0.06939306342974305,0.06939306342974305
290546$_$7,290546,key.A.p20.block3,10,10,0.0025074568887551627,0.0059215414027373
290546$_$7,290546,key.V.p20.block3,10,10,0.012481370319922766,0.014984451234340668
290546$_$6,290546,key.T.p20.block3,2,2,0.08162752787272136,0.039602222541968025
290546$_$6,290546,key.T.p20.word,2,2,0.039602222541968025,0.039602222541968025
290546$_$6,290546,key.A.p20.block3,2,2,0.0078031451751788454,0.0011897770067056022
290546$_$6,290546,key.V.p20.block3,2,2,0.021966009090344112,0.021966009090344112
2S00zYaVrtc$_$10,2S00zYaVrtc,key.T.p20.block3,4,4,0.20439707984526953,0.43088001882036525
2S00zYaVrtc$_$10,2S00zYaVrtc,key.T.p20.word,4,4,0.43088001882036525,0.43088001882036525
2S00zYaVrtc$_$10,2S00zYaVrtc,key.A.p20.block3,4,4,0.011371699472268421,0.003029977281888326
2S00zYaVrtc$_$10,2S00zYaVrtc,key.V.p20.block3,4,4,0.0029368797938028974,0.005760222673416138
2S00zYaVrtc$_$12,2S00zYaVrtc,key.T.p20.block3,3,3,0.11255367596944173,0.1333240233361721
2S00zYaVrtc$_$12,2S00zYaVrtc,key.T.p20.word,3,3,0.1333240233361721,0.1333240233361721
2S00zYaVrtc$_$12,2S00zYaVrtc,key.A.p20.block3,3,3,0.00536034752925237,0.0022345657149950666
2S00zYaVrtc$_$12,2S00zYaVrtc,key.V.p20.block3,3,3,0.0012862160801887512,0.0009865785638491313
2S00zYaVrtc$_$20,2S00zYaVrtc,key.T.p20.block3,3,3,0.020682096481323242,0.1387889782587687
2S00zYaVrtc$_$20,2S00zYaVrtc,key.T.p20.word,3,3,0.15628603100776672,0.1387889782587687
2S00zYaVrtc$_$20,2S00zYaVrtc,key.A.p20.block3,3,3,0.0024963517983754477,0.00867701570192973
2S00zYaVrtc$_$20,2S00zYaVrtc,key.V.p20.block3,3,3,0.006083359320958456,0.013592362403869629
2S00zYaVrtc$_$17,2S00zYaVrtc,key.T.p20.block3,4,4,0.11312941461801529,0.1080995425581932
2S00zYaVrtc$_$17,2S00zYaVrtc,key.T.p20.word,4,4,0.06607583413521449,0.1080995425581932
2S00zYaVrtc$_$17,2S00zYaVrtc,key.A.p20.block3,4,4,0.009271688759326935,0.010812873641649881
2S00zYaVrtc$_$17,2S00zYaVrtc,key.V.p20.block3,4,4,0.0028490275144577026,0.0009489456812540691
2S00zYaVrtc$_$5,2S00zYaVrtc,key.T.p20.block3,5,5,0.13805381953716278,0.016621261835098267
2S00zYaVrtc$_$5,2S00zYaVrtc,key.T.p20.word,5,5,0.274419662853082,0.016621261835098267
2S00zYaVrtc$_$5,2S00zYaVrtc,key.A.p20.block3,5,5,0.0013498018185297647,0.0061408330996831255
2S00zYaVrtc$_$5,2S00zYaVrtc,key.V.p20.block3,5,5,0.0056798358758290615,0.012666294972101848
2S00zYaVrtc$_$4,2S00zYaVrtc,key.T.p20.block3,3,3,0.11132772266864777,0.30535707622766495
2S00zYaVrtc$_$4,2S00zYaVrtc,key.T.p20.word,4,4,0.33447369063893956,0.33447369063893956
2S00zYaVrtc$_$4,2S00zYaVrtc,key.A.p20.block3,3,3,0.00568270186583201,0.0012673536936442058
2S00zYaVrtc$_$4,2S00zYaVrtc,key.V.p20.block3,3,3,0.0020100275675455728,0.004560386141141255
2Xt31_d0XEE$_$2,2Xt31_d0XEE,key.T.p20.block3,5,5,0.0658207138379415,0.09326456983884177
2Xt31_d0XEE$_$2,2Xt31_d0XEE,key.T.p20.word,5,5,0.09326456983884177,0.09326456983884177
2Xt31_d0XEE$_$2,2Xt31_d0XEE,key.A.p20.block3,5,5,0.0017056564490000408,0.00022083520889282227
2Xt31_d0XEE$_$2,2Xt31_d0XEE,key.V.p20.block3,5,5,0.004968752463658651,0.0007907748222351074
31474$_$11,31474,key.T.p20.block3,0,1,0.0,0.12875299031535783
31474$_$11,31474,key.T.p20.word,1,1,0.12875299031535783,0.12875299031535783
31474$_$11,31474,key.A.p20.block3,0,1,0.0,0.004877407103776932
31474$_$11,31474,key.V.p20.block3,0,1,0.0,0.0023606866598129272
31474$_$14,31474,key.T.p20.block3,3,3,0.09299818674723306,0.16031795740127563
31474$_$14,31474,key.T.p20.word,3,3,0.16031795740127563,0.16031795740127563
31474$_$14,31474,key.A.p20.block3,3,3,0.0076771775881449384,0.002467085917790731
31474$_$14,31474,key.V.p20.block3,3,3,0.0016414920488993325,0.0021199087301890054
31474$_$0,31474,key.T.p20.block3,5,5,0.21071231489380202,0.15543068945407867
31474$_$0,31474,key.T.p20.word,5,5,0.1418942560752233,0.15543068945407867
31474$_$0,31474,key.A.p20.block3,5,5,0.005167528986930847,0.006331319610277811
31474$_$0,31474,key.V.p20.block3,5,5,0.0029868632555007935,0.0033830205599466963
31474$_$3,31474,key.T.p20.block3,5,5,0.08910090965218842,0.10198542661964893
31474$_$3,31474,key.T.p20.word,5,5,0.06503302479783694,0.10198542661964893
31474$_$3,31474,key.A.p20.block3,5,5,0.0033374354243278503,0.01611463228861491
31474$_$3,31474,key.V.p20.block3,5,5,0.000731335331996282,0.003989793360233307
31474$_$6,31474,key.T.p20.block3,3,3,0.2780474325021108,0.5222743401924769
31474$_$6,31474,key.T.p20.word,3,3,0.5222743401924769,0.5222743401924769
31474$_$6,31474,key.A.p20.block3,3,3,0.003972510496775309,0.0007439851760864258
31474$_$6,31474,key.V.p20.block3,3,3,0.0028428832689921064,0.0010598599910736084
31474$_$9,31474,key.T.p20.block3,2,2,0.03618425130844116,0.562598834435145
31474$_$9,31474,key.T.p20.word,2,2,0.1395589311917623,0.562598834435145
31474$_$9,31474,key.A.p20.block3,2,2,0.003992855548858643,0.0007656514644622803
31474$_$9,31474,key.V.p20.block3,2,2,0.003343820571899414,0.0038795173168182373
31474$_$8,31474,key.T.p20.block3,2,2,0.005069663127263387,0.24867451190948486
31474$_$8,31474,key.T.p20.word,2,2,0.24867451190948486,0.24867451190948486
31474$_$8,31474,key.A.p20.block3,2,2,0.0006670653820037842,0.005371183156967163
31474$_$8,31474,key.V.p20.block3,2,2,0.0007447600364685059,0.0006241202354431152
32681$_$1,32681,key.T.p20.block3,4,4,0.12062981724739075,0.1056312769651413
32681$_$1,32681,key.T.p20.word,4,4,0.27270101259152096,0.1056312769651413
32681$_$1,32681,key.A.p20.block3,4,4,0.00438787043094635,0.0008084923028945923
32681$_$1,32681,key.V.p20.block3,4,4,0.0027581701676050825,0.0036705931027730307
32681$_$3,32681,key.T.p20.block3,8,8,0.27800408005714417,0.4368614504734675
32681$_$3,32681,key.T.p20.word,8,8,0.4368614504734675,0.4368614504734675
32681$_$3,32681,key.A.p20.block3,8,8,0.00123173991839091,0.0010342995325724282
32681$_$3,32681,key.V.p20.block3,8,8,0.0017593105634053547,0.0015625258286794026
32681$_$5,32681,key.T.p20.block3,8,8,0.00036078691482543945,0.08144370714823404
32681$_$5,32681,key.T.p20.word,8,8,0.1927582820256551,0.08144370714823404
32681$_$5,32681,key.A.p20.block3,8,8,0.0006012121836344401,0.0028679569562276206
32681$_$5,32681,key.V.p20.block3,8,8,0.001790126164754232,0.003388832012812297
32681$_$6,32681,key.T.p20.block3,6,6,0.24358468999465308,0.314794826010863
32681$_$6,32681,key.T.p20.word,6,6,0.3083413951098919,0.314794826010863
32681$_$6,32681,key.A.p20.block3,6,6,0.0007249216238657633,0.009097069501876831
32681$_$6,32681,key.V.p20.block3,6,6,0.0027184287707010904,0.0012411177158355713
33170$_$1,33170,key.T.p20.block3,10,10,0.04140091439088185,0.06410691142082214
33170$_$1,33170,key.T.p20.word,10,10,0.09079804457724094,0.06410691142082214
33170$_$1,33170,key.A.p20.block3,10,10,0.006785949071248372,0.002609025686979294
33170$_$1,33170,key.V.p20.block3,10,10,0.0030564405024051666,0.0041408489147822065
33170$_$3,33170,key.T.p20.block3,7,7,0.37886325145761174,0.3837563370664914
33170$_$3,33170,key.T.p20.word,7,7,0.3962910696864128,0.3837563370664914
33170$_$3,33170,key.A.p20.block3,7,7,0.008525689442952475,0.0014109139641125996
33170$_$3,33170,key.V.p20.block3,7,7,0.0009442468484242758,0.00251231590906779
33170$_$4,33170,key.T.p20.block3,7,7,0.4647240390380224,0.32211408391594887
33170$_$4,33170,key.T.p20.word,7,7,0.541314942141374,0.32211408391594887
33170$_$4,33170,key.A.p20.block3,7,7,0.0010543962319691977,0.0024963319301605225
33170$_$4,33170,key.V.p20.block3,7,7,0.0009266535441080729,0.00136147936185201
3MFNIag0wNE$_$12,3MFNIag0wNE,key.T.p20.block3,10,10,0.16011120130618414,0.04673457766572634
3MFNIag0wNE$_$12,3MFNIag0wNE,key.T.p20.word,10,10,0.16160820176204047,0.04673457766572634
3MFNIag0wNE$_$12,3MFNIag0wNE,key.A.p20.block3,10,10,0.011727494498093922,0.009217028816541037
3MFNIag0wNE$_$12,3MFNIag0wNE,key.V.p20.block3,10,10,0.0030627424518267312,0.002850657949844996
3MFNIag0wNE$_$14,3MFNIag0wNE,key.T.p20.block3,7,7,0.09814782937367757,0.0389171838760376
3MFNIag0wNE$_$14,3MFNIag0wNE,key.T.p20.word,7,7,0.1700282096862793,0.0389171838760376
3MFNIag0wNE$_$14,3MFNIag0wNE,key.A.p20.block3,7,7,0.0008231898148854574,0.0009633004665374756
3MFNIag0wNE$_$14,3MFNIag0wNE,key.V.p20.block3,7,7,0.0005721151828765869,0.0012985765933990479
3MFNIag0wNE$_$16,3MFNIag0wNE,key.T.p20.block3,4,4,0.003287017345428467,0.18922767043113708
3MFNIag0wNE$_$16,3MFNIag0wNE,key.T.p20.word,4,4,0.2055689146121343,0.18922767043113708
3MFNIag0wNE$_$16,3MFNIag0wNE,key.A.p20.block3,4,4,0.004890531301498413,0.0016665756702423096
3MFNIag0wNE$_$16,3MFNIag0wNE,key.V.p20.block3,4,4,0.001342862844467163,0.0006208419799804688
3MFNIag0wNE$_$7,3MFNIag0wNE,key.T.p20.block3,4,4,0.1692288120587667,0.12253953019777934
3MFNIag0wNE$_$7,3MFNIag0wNE,key.T.p20.word,4,4,0.07491530105471611,0.12253953019777934
3MFNIag0wNE$_$7,3MFNIag0wNE,key.A.p20.block3,4,4,0.006983742583543062,0.0013180781776706376
3MFNIag0wNE$_$7,3MFNIag0wNE,key.V.p20.block3,4,4,0.0010229462447265783,0.0006955343609054883
3V2qm0rw920$_$11,3V2qm0rw920,key.T.p20.block3,3,3,0.07386750634759665,0.019955133475984137
3V2qm0rw920$_$11,3V2qm0rw920,key.T.p20.word,4,4,0.03331015887670219,0.03331015887670219
3V2qm0rw920$_$11,3V2qm0rw920,key.A.p20.block3,3,3,0.006287625389328848,0.0014898219766716163
3V2qm0rw920$_$11,3V2qm0rw920,key.V.p20.block3,3,3,0.00860639700355629,0.004868726246058941
3V2qm0rw920$_$13,3V2qm0rw920,key.T.p20.block3,6,6,0.02531379461288452,0.09580897788206737
3V2qm0rw920$_$13,3V2qm0rw920,key.T.p20.word,6,6,0.09667482475439708,0.09580897788206737
3V2qm0rw920$_$13,3V2qm0rw920,key.A.p20.block3,6,6,0.0053588052590688075,0.0025623937447865805
3V2qm0rw920$_$13,3V2qm0rw920,key.V.p20.block3,6,6,0.007952640453974407,0.009725282589594524
3V2qm0rw920$_$3,3V2qm0rw920,key.T.p20.block3,3,3,0.030852993329366047,0.14563423519333205
3V2qm0rw920$_$3,3V2qm0rw920,key.T.p20.word,3,3,0.14563423519333205,0.14563423519333205
3V2qm0rw920$_$3,3V2qm0rw920,key.A.p20.block3,3,3,0.005307381351788838,0.0017369240522384644
3V2qm0rw920$_$3,3V2qm0rw920,key.V.p20.block3,3,3,0.002222687005996704,0.015163257718086243
3j94B0pzSVs$_$12,3j94B0pzSVs,key.T.p20.block3,2,2,0.02835669865210851,0.022442951798439026
3j94B0pzSVs$_$12,3j94B0pzSVs,key.T.p20.word,2,2,0.09955499817927678,0.022442951798439026
3j94B0pzSVs$_$12,3j94B0pzSVs,key.A.p20.block3,2,2,0.0020829886198043823,0.001153270403544108
3j94B0pzSVs$_$12,3j94B0pzSVs,key.V.p20.block3,2,2,0.0017190327246983845,0.0036175201336542764
3j94B0pzSVs$_$17,3j94B0pzSVs,key.T.p20.block3,4,4,0.0689900815486908,0.0352635383605957
3j94B0pzSVs$_$17,3j94B0pzSVs,key.T.p20.word,4,4,0.0352635383605957,0.0352635383605957
3j94B0pzSVs$_$17,3j94B0pzSVs,key.A.p20.block3,4,4,0.004178732633590698,0.01974119742711385
3j94B0pzSVs$_$17,3j94B0pzSVs,key.V.p20.block3,4,4,0.00042756398518880207,0.002736225724220276
3j94B0pzSVs$_$1,3j94B0pzSVs,key.T.p20.block3,7,7,0.1455247960984707,0.05632258982708057
3j94B0pzSVs$_$1,3j94B0pzSVs,key.T.p20.word,7,7,0.04353389974373082,0.05632258982708057
3j94B0pzSVs$_$1,3j94B0pzSVs,key.A.p20.block3,7,7,0.0015646032989025116,0.01578826829791069
3j94B0pzSVs$_$1,3j94B0pzSVs,key.V.p20.block3,7,7,0.0035239498441418013,0.0044552333032091464
3j94B0pzSVs$_$0,3j94B0pzSVs,key.T.p20.block3,6,6,0.11803443108995755,0.07264956459403038
3j94B0pzSVs$_$0,3j94B0pzSVs,key.T.p20.word,6,6,0.12355007107059161,0.07264956459403038
3j94B0pzSVs$_$0,3j94B0pzSVs,key.A.p20.block3,6,6,0.01294495165348053,0.014646189908186594
3j94B0pzSVs$_$0,3j94B0pzSVs,key.V.p20.block3,6,6,0.007414383192857106,0.012042793134848278
4cFeG2ydm9A$_$8,4cFeG2ydm9A,key.T.p20.block3,3,3,0.108645831545194,0.10255850354830423
4cFeG2ydm9A$_$8,4cFeG2ydm9A,key.T.p20.word,3,3,0.10255850354830423,0.10255850354830423
4cFeG2ydm9A$_$8,4cFeG2ydm9A,key.A.p20.block3,3,3,0.003683725992838542,0.0011691550413767495
4cFeG2ydm9A$_$8,4cFeG2ydm9A,key.V.p20.block3,3,3,0.003438065449396769,0.003349353869756063
4dV3slGSc60$_$10,4dV3slGSc60,key.T.p20.block3,4,4,0.03517603874206543,0.1396796926856041
4dV3slGSc60$_$10,4dV3slGSc60,key.T.p20.word,4,4,0.043542186419169106,0.1396796926856041
4dV3slGSc60$_$10,4dV3slGSc60,key.A.p20.block3,4,4,0.006742303570111592,0.010357588529586792
4dV3slGSc60$_$10,4dV3slGSc60,key.V.p20.block3,4,4,0.001333946983019511,0.005858182907104492
4dV3slGSc60$_$12,4dV3slGSc60,key.T.p20.block3,3,3,0.03293169538180033,0.02661062280337016
4dV3slGSc60$_$12,4dV3slGSc60,key.T.p20.word,4,4,0.009377161661783854,0.009377161661783854
4dV3slGSc60$_$12,4dV3slGSc60,key.A.p20.block3,3,3,0.007049644986788432,0.0021342585484186807
4dV3slGSc60$_$12,4dV3slGSc60,key.V.p20.block3,3,3,0.006119027733802795,0.007136061787605286
4dV3slGSc60$_$22,4dV3slGSc60,key.T.p20.block3,10,10,0.05558071037133535,0.08507236838340759
4dV3slGSc60$_$22,4dV3slGSc60,key.T.p20.word,10,10,0.15684316058953604,0.08507236838340759
4dV3slGSc60$_$22,4dV3slGSc60,key.A.p20.block3,10,10,0.0015928869446118672,0.001500497261683146
4dV3slGSc60$_$22,4dV3slGSc60,key.V.p20.block3,1,1,0.029419357577959698,0.029419357577959698
4dV3slGSc60$_$9,4dV3slGSc60,key.T.p20.block3,3,3,0.043249169985453285,0.06070212026437124
4dV3slGSc60$_$9,4dV3slGSc60,key.T.p20.word,4,4,0.09959374864896138,0.09959374864896138
4dV3slGSc60$_$9,4dV3slGSc60,key.A.p20.block3,3,3,0.005188018083572388,0.0035926401615142822
4dV3slGSc60$_$9,4dV3slGSc60,key.V.p20.block3,3,3,0.0023155013720194497,0.0018562873204549153
4dV3slGSc60$_$8,4dV3slGSc60,key.T.p20.block3,5,5,0.07172355552514394,0.20109612743059793
4dV3slGSc60$_$8,4dV3slGSc60,key.T.p20.word,5,5,0.19095678130785623,0.20109612743059793
4dV3slGSc60$_$8,4dV3slGSc60,key.A.p20.block3,5,5,0.005328138669331869,0.0004732211430867513
4dV3slGSc60$_$8,4dV3slGSc60,key.V.p20.block3,5,5,0.008507490158081055,0.008801559607187906
50103$_$3,50103,key.T.p20.block3,9,9,0.01586774984995524,0.066295325756073
50103$_$3,50103,key.T.p20.word,9,9,0.02824649214744568,0.066295325756073
50103$_$3,50103,key.A.p20.block3,9,9,0.003158907095591227,0.0019703606764475507
50103$_$3,50103,key.V.p20.block3,9,9,0.0007614096005757649,0.00034362077713012695
5B0PQx3Ep3k$_$5,5B0PQx3Ep3k,key.T.p20.block3,6,6,0.03378866116205852,0.017684688170750938
5B0PQx3Ep3k$_$5,5B0PQx3Ep3k,key.T.p20.word,6,6,0.017684688170750938,0.017684688170750938
5B0PQx3Ep3k$_$5,5B0PQx3Ep3k,key.A.p20.block3,6,6,0.0004690984884897868,0.005077203114827474
5B0PQx3Ep3k$_$5,5B0PQx3Ep3k,key.V.p20.block3,6,6,0.0030568142731984458,0.0012198189894358316
5O1W39o56gg$_$1,5O1W39o56gg,key.T.p20.block3,3,3,0.03822318216164907,0.07806395987669627
5O1W39o56gg$_$1,5O1W39o56gg,key.T.p20.word,3,3,0.07806395987669627,0.07806395987669627
5O1W39o56gg$_$1,5O1W39o56gg,key.A.p20.block3,3,3,0.007206874589125315,0.001962229609489441
5O1W39o56gg$_$1,5O1W39o56gg,key.V.p20.block3,3,3,0.014776133000850677,0.01976323127746582
5O1W39o56gg$_$2,5O1W39o56gg,key.T.p20.block3,3,3,0.06418896963198979,0.12757953070104122
5O1W39o56gg$_$2,5O1W39o56gg,key.T.p20.word,3,3,0.12757953070104122,0.12757953070104122
5O1W39o56gg$_$2,5O1W39o56gg,key.A.p20.block3,3,3,0.005138213435808817,0.002232844630877177
5O1W39o56gg$_$2,5O1W39o56gg,key.V.p20.block3,3,3,0.006229713559150696,0.0048882439732551575
5O1W39o56gg$_$9,5O1W39o56gg,key.T.p20.block3,3,3,0.2673284262418747,0.27963152527809143
5O1W39o56gg$_$9,5O1W39o56gg,key.T.p20.word,3,3,0.27963152527809143,0.27963152527809143
5O1W39o56gg$_$9,5O1W39o56gg,key.A.p20.block3,3,3,0.0037405391534169516,0.0027645230293273926
5O1W39o56gg$_$9,5O1W39o56gg,key.V.p20.block3,3,3,0.014632249871889751,0.014632249871889751
5i6AgQSjXO4$_$3,5i6AgQSjXO4,key.T.p20.block3,4,4,0.04410349826018015,0.09959643085797629
5i6AgQSjXO4$_$3,5i6AgQSjXO4,key.T.p20.word,4,4,0.09959643085797629,0.09959643085797629
5i6AgQSjXO4$_$3,5i6AgQSjXO4,key.A.p20.block3,4,4,0.006890639662742615,0.010465135176976522
5i6AgQSjXO4$_$3,5i6AgQSjXO4,key.V.p20.block3,3,3,0.0036776264508565264,0.004733925064404805
5i6AgQSjXO4$_$2,5i6AgQSjXO4,key.T.p20.block3,6,6,0.07671143611272176,0.028036579489707947
5i6AgQSjXO4$_$2,5i6AgQSjXO4,key.T.p20.word,6,6,0.028036579489707947,0.028036579489707947
5i6AgQSjXO4$_$2,5i6AgQSjXO4,key.A.p20.block3,6,6,0.0030546883742014566,0.008552749951680502
5i6AgQSjXO4$_$2,5i6AgQSjXO4,key.V.p20.block3,6,6,0.0074901531140009565,0.007144421339035034
5i6AgQSjXO4$_$6,5i6AgQSjXO4,key.T.p20.block3,2,2,0.10446075970927875,0.019069895148277283
5i6AgQSjXO4$_$6,5i6AgQSjXO4,key.T.p20.word,2,2,0.019069895148277283,0.019069895148277283
5i6AgQSjXO4$_$6,5i6AgQSjXO4,key.A.p20.block3,2,2,0.008872468179712694,0.024739341189463932
5i6AgQSjXO4$_$6,5i6AgQSjXO4,key.V.p20.block3,2,2,0.002461270118753115,0.00036737509071826935
5kaCGzjYukM$_$0,5kaCGzjYukM,key.T.p20.block3,7,7,0.02375618927180767,0.06544237211346626
5kaCGzjYukM$_$0,5kaCGzjYukM,key.T.p20.word,7,7,0.06544237211346626,0.06544237211346626
5kaCGzjYukM$_$0,5kaCGzjYukM,key.A.p20.block3,7,7,0.005916851883133252,0.004620052874088287
5kaCGzjYukM$_$0,5kaCGzjYukM,key.V.p20.block3,7,7,0.0034492183476686478,0.01268499344587326
5kaCGzjYukM$_$3,5kaCGzjYukM,key.T.p20.block3,5,5,0.14751074214776358,0.09421895816922188
5kaCGzjYukM$_$3,5kaCGzjYukM,key.T.p20.word,5,5,0.005509038766225179,0.09421895816922188
5kaCGzjYukM$_$3,5kaCGzjYukM,key.A.p20.block3,5,5,0.004407122731208801,0.004251728455225627
5kaCGzjYukM$_$3,5kaCGzjYukM,key.V.p20.block3,5,5,0.00464463730653127,0.006765604019165039
5kaCGzjYukM$_$2,5kaCGzjYukM,key.T.p20.block3,7,7,0.21592736337333918,0.2713048905134201
5kaCGzjYukM$_$2,5kaCGzjYukM,key.T.p20.word,7,7,0.032031367222468056,0.2713048905134201
5kaCGzjYukM$_$2,5kaCGzjYukM,key.A.p20.block3,7,7,0.0031716525554656982,0.012169043223063152
5kaCGzjYukM$_$2,5kaCGzjYukM,key.V.p20.block3,7,7,0.002405663331349691,0.0018678704897562661
5kaCGzjYukM$_$5,5kaCGzjYukM,key.T.p20.block3,6,6,0.07363720734914143,0.18762743473052979
5kaCGzjYukM$_$5,5kaCGzjYukM,key.T.p20.word,6,6,0.19252991179625192,0.18762743473052979
5kaCGzjYukM$_$5,5kaCGzjYukM,key.A.p20.block3,6,6,0.0006981293360392252,0.007179359594980875
5kaCGzjYukM$_$5,5kaCGzjYukM,key.V.p20.block3,6,6,0.001438001791636149,0.0017750958601633708
5kaCGzjYukM$_$7,5kaCGzjYukM,key.T.p20.block3,10,10,0.08754496648907661,0.038494971891244255
5kaCGzjYukM$_$7,5kaCGzjYukM,key.T.p20.word,10,10,0.028443480531374615,0.038494971891244255
5kaCGzjYukM$_$7,5kaCGzjYukM,key.A.p20.block3,10,10,0.0019205361604690552,0.001519863804181417
5kaCGzjYukM$_$7,5kaCGzjYukM,key.V.p20.block3,10,10,0.0069365476568539934,0.011284857988357544
6KvG5VbLalY$_$9,6KvG5VbLalY,key.T.p20.block3,7,7,0.07099621494611104,0.011370765666166942
6KvG5VbLalY$_$9,6KvG5VbLalY,key.T.p20.word,7,7,0.011370765666166942,0.011370765666166942
6KvG5VbLalY$_$9,6KvG5VbLalY,key.A.p20.block3,7,7,0.004260369886954625,0.005722455680370331
6KvG5VbLalY$_$9,6KvG5VbLalY,key.V.p20.block3,7,7,0.003761014590660731,0.0019244924187660217
6ZA8I83x-oY$_$0,6ZA8I83x-oY,key.T.p20.block3,5,5,0.043877507249514267,0.21670913696289062
6ZA8I83x-oY$_$0,6ZA8I83x-oY,key.T.p20.word,5,5,0.09851715962092082,0.21670913696289062
6ZA8I83x-oY$_$0,6ZA8I83x-oY,key.A.p20.block3,5,5,0.014185607433319092,0.005556166172027588
6ZA8I83x-oY$_$0,6ZA8I83x-oY,key.V.p20.block3,5,5,0.004026234149932861,0.009465932846069336
6ZA8I83x-oY$_$2,6ZA8I83x-oY,key.T.p20.block3,10,10,0.051048239072163895,0.03730618953704834
6ZA8I83x-oY$_$2,6ZA8I83x-oY,key.T.p20.word,10,10,0.08801062901814778,0.03730618953704834
6ZA8I83x-oY$_$2,6ZA8I83x-oY,key.A.p20.block3,10,10,0.0018350879351298015,0.0019596318403879804
6ZA8I83x-oY$_$2,6ZA8I83x-oY,key.V.p20.block3,10,10,0.01671801010767619,0.016002615292867024
6hFiTU77Sm0$_$1,6hFiTU77Sm0,key.T.p20.block3,3,3,0.092587615052859,0.05273679147164027
6hFiTU77Sm0$_$1,6hFiTU77Sm0,key.T.p20.word,3,3,0.007646056512991588,0.05273679147164027
6hFiTU77Sm0$_$1,6hFiTU77Sm0,key.A.p20.block3,3,3,0.013588028649489086,0.0046936869621276855
6hFiTU77Sm0$_$1,6hFiTU77Sm0,key.V.p20.block3,3,3,0.020909103254477184,0.059627639750639595
6hFiTU77Sm0$_$2,6hFiTU77Sm0,key.T.p20.block3,3,3,0.09464567651351292,0.12169669320185979
6hFiTU77Sm0$_$2,6hFiTU77Sm0,key.T.p20.word,3,3,0.12169669320185979,0.12169669320185979
6hFiTU77Sm0$_$2,6hFiTU77Sm0,key.A.p20.block3,3,3,0.008318255965908369,0.008246824145317078
6hFiTU77Sm0$_$2,6hFiTU77Sm0,key.V.p20.block3,3,3,0.003553277502457301,0.004315899995466074
6uPGcKTpC4I$_$1,6uPGcKTpC4I,key.T.p20.block3,5,5,0.07344760000705719,0.008936981360117594
6uPGcKTpC4I$_$1,6uPGcKTpC4I,key.T.p20.word,5,5,0.008936981360117594,0.008936981360117594
6uPGcKTpC4I$_$1,6uPGcKTpC4I,key.A.p20.block3,5,5,0.005010172724723816,0.007431879639625549
6uPGcKTpC4I$_$1,6uPGcKTpC4I,key.V.p20.block3,5,5,0.00713313619295756,0.0022861510515213013
6uPGcKTpC4I$_$2,6uPGcKTpC4I,key.T.p20.block3,6,6,0.03827164818843206,0.030310784777005512
6uPGcKTpC4I$_$2,6uPGcKTpC4I,key.T.p20.word,6,6,0.027808333436648052,0.030310784777005512
6uPGcKTpC4I$_$2,6uPGcKTpC4I,key.A.p20.block3,6,6,0.00306380291779836,0.0023012285431226096
6uPGcKTpC4I$_$2,6uPGcKTpC4I,key.V.p20.block3,6,6,0.0010689770181973775,0.00044381121794382733
6uPGcKTpC4I$_$6,6uPGcKTpC4I,key.T.p20.block3,3,3,0.19879125927885374,0.2348357972999414
6uPGcKTpC4I$_$6,6uPGcKTpC4I,key.T.p20.word,3,3,0.18121235072612762,0.2348357972999414
6uPGcKTpC4I$_$6,6uPGcKTpC4I,key.A.p20.block3,3,3,0.005807509024937947,0.0038793583710988364
6uPGcKTpC4I$_$6,6uPGcKTpC4I,key.V.p20.block3,3,3,0.0031261444091796875,0.0020806491374969482
70280$_$11,70280,key.T.p20.block3,5,5,0.19204839567343393,0.21993526071310043
70280$_$11,70280,key.T.p20.word,5,5,0.2792297415435314,0.21993526071310043
70280$_$11,70280,key.A.p20.block3,5,5,0.0029773513476053872,0.004628807306289673
70280$_$11,70280,key.V.p20.block3,5,5,0.0005592604478200276,0.0009989639123280845
70280$_$3,70280,key.T.p20.block3,5,5,0.13020442674557367,0.10604054325570662
70280$_$3,70280,key.T.p20.word,5,5,0.10604054325570662,0.10604054325570662
70280$_$3,70280,key.A.p20.block3,5,5,0.0033576178054014845,0.001543873300155004
70280$_$3,70280,key.V.p20.block3,5,5,0.0007173928121725719,0.0011347370843092601
70280$_$4,70280,key.T.p20.block3,5,5,0.22115856036543846,0.0557724138100942
70280$_$4,70280,key.T.p20.word,5,5,0.0557724138100942,0.0557724138100942
70280$_$4,70280,key.A.p20.block3,5,5,0.007705330848693848,0.0036526868740717573
70280$_$4,70280,key.V.p20.block3,5,5,0.0022419641415278115,0.005641361077626546
70280$_$6,70280,key.T.p20.block3,5,5,0.08969360589981079,0.32035190736254054
70280$_$6,70280,key.T.p20.word,5,5,0.3107043107350667,0.32035190736254054
70280$_$6,70280,key.A.p20.block3,5,5,0.004196614027023315,0.002084086338678996
70280$_$6,70280,key.V.p20.block3,5,5,0.0007990698019663494,8.646647135416667e-05
75RGHaxmUK8$_$3,75RGHaxmUK8,key.T.p20.block3,4,4,0.013350173830986023,0.06003522376219431
75RGHaxmUK8$_$3,75RGHaxmUK8,key.T.p20.word,4,4,0.06986985355615616,0.06003522376219431
75RGHaxmUK8$_$3,75RGHaxmUK8,key.A.p20.block3,4,4,0.004826823870340983,0.002654006083806356
75RGHaxmUK8$_$3,75RGHaxmUK8,key.V.p20.block3,4,4,0.0031265368064244585,0.006188869476318359
75RGHaxmUK8$_$5,75RGHaxmUK8,key.T.p20.block3,3,3,0.015114955604076385,0.0049837250262498856
75RGHaxmUK8$_$5,75RGHaxmUK8,key.T.p20.word,3,3,0.02426850174864133,0.0049837250262498856
75RGHaxmUK8$_$5,75RGHaxmUK8,key.A.p20.block3,3,3,0.004919386779268583,0.0016151368618011475
75RGHaxmUK8$_$5,75RGHaxmUK8,key.V.p20.block3,3,3,0.0012690015137195587,0.0016487414638201394
7_K3F-lAv1k$_$2,7_K3F-lAv1k,key.T.p20.block3,9,9,0.09704087177912395,0.007804617285728455
7_K3F-lAv1k$_$2,7_K3F-lAv1k,key.T.p20.word,9,9,0.029632026950518288,0.007804617285728455
7_K3F-lAv1k$_$2,7_K3F-lAv1k,key.A.p20.block3,9,9,0.001868322491645813,0.002776414155960083
7_K3F-lAv1k$_$2,7_K3F-lAv1k,key.V.p20.block3,9,9,0.013301447033882141,0.02043817440668742
7r4vRxKLFCA$_$6,7r4vRxKLFCA,key.T.p20.block3,7,7,0.018573885162671406,0.016740699609120686
7r4vRxKLFCA$_$6,7r4vRxKLFCA,key.T.p20.word,7,7,0.030244901776313782,0.016740699609120686
7r4vRxKLFCA$_$6,7r4vRxKLFCA,key.A.p20.block3,7,7,0.0011139313379923501,0.004198789596557617
7r4vRxKLFCA$_$6,7r4vRxKLFCA,key.V.p20.block3,7,7,0.00817425052324931,0.010141149163246155
80566$_$1,80566,key.T.p20.block3,3,3,0.11589294672012329,0.15951713671286902
80566$_$1,80566,key.T.p20.word,3,3,0.05801826218763988,0.15951713671286902
80566$_$1,80566,key.A.p20.block3,3,3,0.0036508689324061074,0.0024615426858266196
80566$_$1,80566,key.V.p20.block3,2,2,0.0022506415843963623,0.0014443844556808472
80566$_$0,80566,key.T.p20.block3,2,2,0.04908273617426554,0.06404690879086654
80566$_$0,80566,key.T.p20.word,2,2,0.06404690879086654,0.06404690879086654
80566$_$0,80566,key.A.p20.block3,2,2,0.004499194522698721,0.006516106426715851
80566$_$0,80566,key.V.p20.block3,2,2,0.0035385936498641968,0.0010938271880149841
80566$_$3,80566,key.T.p20.block3,3,3,0.043459818388024964,0.08255663141608238
80566$_$3,80566,key.T.p20.word,3,3,0.08255663141608238,0.08255663141608238
80566$_$3,80566,key.A.p20.block3,3,3,0.009694674362738928,0.007076626643538475
80566$_$3,80566,key.V.p20.block3,3,3,0.0033681380252043405,0.0019631292670965195
80566$_$2,80566,key.T.p20.block3,3,3,0.0832221657037735,0.12810795505841574
80566$_$2,80566,key.T.p20.word,3,3,0.0832221657037735,0.12810795505841574
80566$_$2,80566,key.A.p20.block3,3,3,0.004831155141194661,0.0035873055458068848
80566$_$2,80566,key.V.p20.block3,3,3,0.002744346857070923,0.007375230391820272
80566$_$4,80566,key.T.p20.block3,0,1,0.0,0.3178349382554491
80566$_$4,80566,key.T.p20.word,1,1,0.3178349382554491,0.3178349382554491
80566$_$4,80566,key.A.p20.block3,0,1,0.0,0.0058002571264902745
80566$_$4,80566,key.V.p20.block3,0,1,0.0,0.004898041486740112
80566$_$6,80566,key.T.p20.block3,3,3,0.20758861054976782,0.44104932248592377
80566$_$6,80566,key.T.p20.word,3,3,0.44104932248592377,0.44104932248592377
80566$_$6,80566,key.A.p20.block3,3,3,0.004043837388356527,0.0017231305440266926
80566$_$6,80566,key.V.p20.block3,3,3,0.00441292921702067,0.00441292921702067
80855$_$11,80855,key.T.p20.block3,3,3,0.03306447435170412,0.08160626608878374
80855$_$11,80855,key.T.p20.word,3,3,0.08160626608878374,0.08160626608878374
80855$_$11,80855,key.A.p20.block3,3,3,0.005007839140792688,0.0019565612698594728
80855$_$11,80855,key.V.p20.block3,3,3,0.0011906732494632404,0.0008213094746073087
80855$_$10,80855,key.T.p20.block3,3,3,0.022026028716936707,0.020014764353012044
80855$_$10,80855,key.T.p20.word,3,3,0.012734263436868787,0.020014764353012044
80855$_$10,80855,key.A.p20.block3,3,3,0.0030890239092210927,0.0015348881424870342
80855$_$10,80855,key.V.p20.block3,3,3,0.004356827664499481,0.004389654301727812
80855$_$12,80855,key.T.p20.block3,4,4,0.07910847167174022,0.07393949727217357
80855$_$12,80855,key.T.p20.word,4,4,0.07393949727217357,0.07393949727217357
80855$_$12,80855,key.A.p20.block3,4,4,0.0057250360647837315,0.0017254451910654704
80855$_$12,80855,key.V.p20.block3,4,4,0.001324598987897237,0.0011536131302515666
80855$_$15,80855,key.T.p20.block3,4,4,0.0043423473834991455,0.4798319414258003
80855$_$15,80855,key.T.p20.word,4,4,0.5065376168737808,0.4798319414258003
80855$_$15,80855,key.A.p20.block3,4,4,0.0008377035458882649,0.004010587930679321
80855$_$17,80855,key.T.p20.block3,6,6,0.05932806928952535,0.15942230820655823
80855$_$17,80855,key.T.p20.word,6,6,0.34679901972413063,0.15942230820655823
80855$_$17,80855,key.A.p20.block3,6,6,0.0033607582251230874,0.011534616351127625
80855$_$17,80855,key.V.p20.block3,3,3,0.0032323996225992837,0.0022273461023966474
80855$_$0,80855,key.T.p20.block3,1,1,0.20038015767931938,0.20038015767931938
80855$_$0,80855,key.T.p20.word,1,1,0.20038015767931938,0.20038015767931938
80855$_$0,80855,key.A.p20.block3,1,1,0.033164484426379204,0.033164484426379204
80855$_$0,80855,key.V.p20.block3,1,1,0.05670066798726718,0.05670066798726718
80855$_$3,80855,key.T.p20.block3,1,1,0.0583631694316864,0.27344582974910736
80855$_$3,80855,key.T.p20.word,1,1,0.27344582974910736,0.27344582974910736
80855$_$3,80855,key.A.p20.block3,1,1,0.01047302782535553,0.01483471691608429
80855$_$3,80855,key.V.p20.block3,1,1,0.003299430012702942,0.003299430012702942
80855$_$2,80855,key.T.p20.block3,0,1,0.0,0.38069730003674823
80855$_$2,80855,key.T.p20.word,1,1,0.38069730003674823,0.38069730003674823
80855$_$2,80855,key.A.p20.block3,0,1,0.0,0.009465734163920086
80855$_$2,80855,key.V.p20.block3,0,1,0.0,0.005599876244862874
80855$_$7,80855,key.T.p20.block3,0,1,0.0,0.08475915218393008
80855$_$7,80855,key.T.p20.word,1,1,0.06369317152226965,0.08475915218393008
80855$_$7,80855,key.A.p20.block3,0,1,0.0,0.0048400113979975385
80855$_$7,80855,key.V.p20.block3,0,1,0.0,0.0030271708965301514
80855$_$20,80855,key.T.p20.block3,3,3,0.052440149088700615,0.13945295840191343
80855$_$20,80855,key.T.p20.word,3,3,0.14196135150268674,0.13945295840191343
80855$_$20,80855,key.A.p20.block3,3,3,0.004905308286348979,0.004110999405384064
80855$_$20,80855,key.V.p20.block3,3,3,0.0014557217558224997,0.0017473523815472922
830KzUc6CbU$_$0,830KzUc6CbU,key.T.p20.block3,4,4,0.07017220308383305,0.08758926888306935
830KzUc6CbU$_$0,830KzUc6CbU,key.T.p20.word,4,4,0.052911254266897835,0.08758926888306935
830KzUc6CbU$_$0,830KzUc6CbU,key.A.p20.block3,4,4,0.008696886400381725,0.008537014325459799
830KzUc6CbU$_$0,830KzUc6CbU,key.V.p20.block3,4,4,0.003220344583193461,0.0015183140834172568
830KzUc6CbU$_$13,830KzUc6CbU,key.T.p20.block3,9,9,0.15129870176315308,0.11203937729199727
830KzUc6CbU$_$13,830KzUc6CbU,key.T.p20.word,9,9,0.02803054948647817,0.11203937729199727
830KzUc6CbU$_$13,830KzUc6CbU,key.A.p20.block3,9,9,0.01280320684115092,0.014076068997383118
830KzUc6CbU$_$13,830KzUc6CbU,key.V.p20.block3,8,8,0.007918427387873331,0.006469205021858215
84140$_$0,84140,key.T.p20.block3,4,4,0.0027061104774475098,0.2503963162501653
84140$_$0,84140,key.T.p20.word,4,4,0.2503963162501653,0.2503963162501653
84140$_$0,84140,key.A.p20.block3,4,4,0.0020382901032765703,0.002655704816182454
84140$_$0,84140,key.V.p20.block3,4,4,0.00022912025451660156,0.008589218060175579
84140$_$5,84140,key.T.p20.block3,10,10,0.17564347386360168,0.2991565267244975
84140$_$5,84140,key.T.p20.word,10,10,0.15991011261940002,0.2991565267244975
84140$_$5,84140,key.A.p20.block3,10,10,0.0008725523948669434,0.0021067162354787192
84140$_$5,84140,key.V.p20.block3,10,10,0.0010343492031097412,0.0019737283388773603
89835$_$1,89835,key.T.p20.block3,4,4,0.08501966049273808,0.02919960270325343
89835$_$1,89835,key.T.p20.word,4,4,0.05133291085561117,0.02919960270325343
89835$_$1,89835,key.A.p20.block3,4,4,0.01479397714138031,0.008080407977104187
89835$_$1,89835,key.V.p20.block3,4,4,0.01653234412272771,0.03358076264460882
89835$_$0,89835,key.T.p20.block3,3,3,0.04482652246952057,0.11162695412834485
89835$_$0,89835,key.T.p20.word,3,3,0.11162695412834485,0.11162695412834485
89835$_$0,89835,key.A.p20.block3,3,3,0.014804566899935404,0.016168291370073955
89835$_$0,89835,key.V.p20.block3,3,3,0.008953856925169626,0.014209779600302378
89835$_$4,89835,key.T.p20.block3,10,10,0.12978045145670572,0.33298198382059735
89835$_$4,89835,key.T.p20.word,10,10,0.2927333240707715,0.33298198382059735
89835$_$4,89835,key.A.p20.block3,10,10,0.0011822879314422607,0.0023376643657684326
89835$_$4,89835,key.V.p20.block3,10,10,0.0007073680559794109,0.0015038053194681804
89835$_$7,89835,key.T.p20.block3,8,8,0.5623187571763992,0.07878526051839194
89835$_$7,89835,key.T.p20.word,8,8,0.0981584886709849,0.07878526051839194
89835$_$7,89835,key.A.p20.block3,8,8,0.0021943946679433184,0.000728994607925415
89835$_$7,89835,key.V.p20.block3,8,8,0.0005709429581960042,0.0013993183771769204
8eaYvALnJ0o$_$1,8eaYvALnJ0o,key.T.p20.block3,5,5,0.03315767894188563,0.06429158647855122
8eaYvALnJ0o$_$1,8eaYvALnJ0o,key.T.p20.word,5,5,0.11273513982693355,0.06429158647855122
8eaYvALnJ0o$_$1,8eaYvALnJ0o,key.A.p20.block3,5,5,0.004355435570081075,0.0014003540078798928
8eaYvALnJ0o$_$1,8eaYvALnJ0o,key.V.p20.block3,5,5,0.007561544577280681,0.0072727104028066005
8eaYvALnJ0o$_$0,8eaYvALnJ0o,key.T.p20.block3,3,3,0.03789983193079631,0.08966363469759622
8eaYvALnJ0o$_$0,8eaYvALnJ0o,key.T.p20.word,3,3,0.08966363469759622,0.08966363469759622
8eaYvALnJ0o$_$0,8eaYvALnJ0o,key.A.p20.block3,3,3,0.001586248477300008,0.001295308272043864
8eaYvALnJ0o$_$0,8eaYvALnJ0o,key.V.p20.block3,3,3,0.0030398666858673096,0.0005983809630076091
8x_nCOh6Wmc$_$6,8x_nCOh6Wmc,key.T.p20.block3,9,9,0.13582318524519602,0.29945994121953845
8x_nCOh6Wmc$_$6,8x_nCOh6Wmc,key.T.p20.word,9,9,0.11425724625587463,0.29945994121953845
8x_nCOh6Wmc$_$6,8x_nCOh6Wmc,key.A.p20.block3,9,9,0.003622482220331828,0.0015318592389424643
8x_nCOh6Wmc$_$6,8x_nCOh6Wmc,key.V.p20.block3,9,9,0.006231089433034262,0.0053591132164001465
96642$_$1,96642,key.T.p20.block3,5,5,0.0683853424464663,0.06527644364784162
96642$_$1,96642,key.T.p20.word,5,5,0.05089209508150816,0.06527644364784162
96642$_$1,96642,key.A.p20.block3,5,5,0.0023557258148988085,0.003236662286023299
96642$_$1,96642,key.V.p20.block3,5,5,0.0019214603429039319,0.002142019259432952
96642$_$3,96642,key.T.p20.block3,3,3,0.22266631325085956,0.35396381964286167
96642$_$3,96642,key.T.p20.word,3,3,0.35396381964286167,0.35396381964286167
96642$_$3,96642,key.A.p20.block3,3,3,0.003735969463984172,0.00430983304977417
96642$_$3,96642,key.V.p20.block3,1,1,0.001560350259145101,0.001560350259145101
96642$_$2,96642,key.T.p20.block3,4,4,0.015016270180543263,0.046593365569909416
96642$_$2,96642,key.T.p20.word,4,4,0.025116545458634693,0.046593365569909416
96642$_$2,96642,key.A.p20.block3,4,4,0.004479194680849711,0.002971455454826355
96642$_$2,96642,key.V.p20.block3,4,4,0.004663636287053426,0.011255075534184774
96642$_$4,96642,key.T.p20.block3,6,6,0.030007248123486836,0.16556404531002045
96642$_$4,96642,key.T.p20.word,7,7,0.031234011054039,0.24138302604357403
96642$_$4,96642,key.A.p20.block3,6,6,0.0016609281301498413,0.0014069912334283194
96642$_$4,96642,key.V.p20.block3,7,7,0.004176729669173558,0.004542651275793711
99501$_$10,99501,key.T.p20.block3,4,4,0.13824505995338163,0.09781441697850823
99501$_$10,99501,key.T.p20.word,4,4,0.09781441697850823,0.09781441697850823
99501$_$10,99501,key.A.p20.block3,4,4,0.0046599347454806175,0.011944056954234838
99501$_$10,99501,key.V.p20.block3,4,4,0.003443583419236044,0.0025025381182786077
99501$_$13,99501,key.T.p20.block3,8,8,0.4422925884524981,0.03720083832740784
99501$_$13,99501,key.T.p20.word,8,8,0.03720083832740784,0.03720083832740784
99501$_$13,99501,key.A.p20.block3,8,8,0.0013215243816375732,0.002752085526784261
99501$_$13,99501,key.V.p20.block3,8,8,0.0009058912595113119,0.000909268856048584
99501$_$1,99501,key.T.p20.block3,4,4,0.006859523554642996,0.03492973496516546
99501$_$1,99501,key.T.p20.word,4,4,0.010141489406426746,0.03492973496516546
99501$_$1,99501,key.A.p20.block3,4,4,0.00885540246963501,0.011323381215333939
99501$_$1,99501,key.V.p20.block3,4,4,0.0037968258062998452,0.007572539150714874
99501$_$0,99501,key.T.p20.block3,1,1,0.15700590486327806,0.15700590486327806
99501$_$0,99501,key.T.p20.word,1,1,0.15700590486327806,0.15700590486327806
99501$_$0,99501,key.A.p20.block3,1,1,0.019020152588685352,0.019020152588685352
99501$_$0,99501,key.V.p20.block3,1,1,0.048787981271743774,0.048787981271743774
99501$_$5,99501,key.T.p20.block3,8,8,0.0692349523305893,0.02472486471136411
99501$_$5,99501,key.T.p20.word,8,8,0.2819387838244438,0.02472486471136411
99501$_$5,99501,key.A.p20.block3,8,8,0.009694680571556091,0.004390078286329905
99501$_$5,99501,key.V.p20.block3,8,8,0.004999289909998575,0.004727398355801901
99501$_$7,99501,key.T.p20.block3,4,4,0.02127867890521884,0.15282305531824628
99501$_$7,99501,key.T.p20.word,4,4,0.05821241050337752,0.15282305531824628
99501$_$7,99501,key.A.p20.block3,4,4,0.007178823929280043,0.007490412797778845
99501$_$7,99501,key.V.p20.block3,4,4,0.004132774813721578,0.00618792496000727
9QI-9w_VdB4$_$0,9QI-9w_VdB4,key.T.p20.block3,5,5,0.036511920392513275,0.08027252306540807
9QI-9w_VdB4$_$0,9QI-9w_VdB4,key.T.p20.word,5,5,0.021797868112723034,0.08027252306540807
9QI-9w_VdB4$_$0,9QI-9w_VdB4,key.A.p20.block3,5,5,0.004702674845854442,0.0070954784750938416
9QI-9w_VdB4$_$0,9QI-9w_VdB4,key.V.p20.block3,5,5,0.003140034774939219,0.0015790934364000957
AG5EY8ZaFj4$_$3,AG5EY8ZaFj4,key.T.p20.block3,3,3,0.07225375870863597,0.03402712196111679
AG5EY8ZaFj4$_$3,AG5EY8ZaFj4,key.T.p20.word,3,3,0.1002339522043864,0.03402712196111679
AG5EY8ZaFj4$_$3,AG5EY8ZaFj4,key.A.p20.block3,3,3,0.01084249218304952,0.02327279622356097
AG5EY8ZaFj4$_$3,AG5EY8ZaFj4,key.V.p20.block3,3,3,0.002560459077358246,0.0011992355187733967
AG5EY8ZaFj4$_$15,AG5EY8ZaFj4,key.T.p20.block3,5,5,0.02053540696700414,0.06419910490512848
AG5EY8ZaFj4$_$15,AG5EY8ZaFj4,key.T.p20.word,5,5,0.06419910490512848,0.06419910490512848
AG5EY8ZaFj4$_$15,AG5EY8ZaFj4,key.A.p20.block3,5,5,0.009955202539761862,0.007429096847772598
AG5EY8ZaFj4$_$15,AG5EY8ZaFj4,key.V.p20.block3,5,5,0.0002527038256327311,0.00020512690146764118
Arh2TKRi_mg$_$15,Arh2TKRi_mg,key.T.p20.block3,5,5,0.12512670209010443,0.18905444691578546
Arh2TKRi_mg$_$15,Arh2TKRi_mg,key.T.p20.word,5,5,0.18905444691578546,0.18905444691578546
Arh2TKRi_mg$_$15,Arh2TKRi_mg,key.A.p20.block3,5,5,0.006271560986836751,0.000846564769744873
Arh2TKRi_mg$_$15,Arh2TKRi_mg,key.V.p20.block3,5,5,0.002933839956919352,0.003985961278279622
Arh2TKRi_mg$_$14,Arh2TKRi_mg,key.T.p20.block3,4,4,0.00981799264748891,0.053811460733413696
Arh2TKRi_mg$_$14,Arh2TKRi_mg,key.T.p20.word,4,4,0.053811460733413696,0.053811460733413696
Arh2TKRi_mg$_$14,Arh2TKRi_mg,key.A.p20.block3,4,4,0.005612681309382121,0.007713526487350464
Arh2TKRi_mg$_$14,Arh2TKRi_mg,key.V.p20.block3,4,4,0.0012901027997334797,0.0024668226639429727
Arh2TKRi_mg$_$16,Arh2TKRi_mg,key.T.p20.block3,6,6,0.3023058200875918,0.05009772380193075
Arh2TKRi_mg$_$16,Arh2TKRi_mg,key.T.p20.word,6,6,0.14444726705551147,0.05009772380193075
Arh2TKRi_mg$_$16,Arh2TKRi_mg,key.A.p20.block3,6,6,0.0031334062417348227,0.0008885065714518229
Arh2TKRi_mg$_$16,Arh2TKRi_mg,key.V.p20.block3,6,6,0.00943156083424886,0.004959593216578165
Arh2TKRi_mg$_$19,Arh2TKRi_mg,key.T.p20.block3,4,4,0.2856220714747906,0.2970395203058918
Arh2TKRi_mg$_$19,Arh2TKRi_mg,key.T.p20.word,4,4,0.2970395203058918,0.2970395203058918
Arh2TKRi_mg$_$19,Arh2TKRi_mg,key.A.p20.block3,4,4,0.004924903313318888,0.002816930413246155
Arh2TKRi_mg$_$19,Arh2TKRi_mg,key.V.p20.block3,4,4,0.004642710089683533,0.0004475712776184082
Arh2TKRi_mg$_$32,Arh2TKRi_mg,key.T.p20.block3,6,6,0.029418041308720905,0.08112044135729471
Arh2TKRi_mg$_$32,Arh2TKRi_mg,key.T.p20.word,6,6,0.04926628867785136,0.08112044135729471
Arh2TKRi_mg$_$32,Arh2TKRi_mg,key.A.p20.block3,6,6,0.0004902084668477377,0.002057105302810669
Arh2TKRi_mg$_$32,Arh2TKRi_mg,key.V.p20.block3,6,6,0.006760656833648682,0.005970299243927002
Arh2TKRi_mg$_$28,Arh2TKRi_mg,key.T.p20.block3,3,3,0.31244697359700996,0.4740531475593646
Arh2TKRi_mg$_$28,Arh2TKRi_mg,key.T.p20.word,3,3,0.319077185044686,0.4740531475593646
Arh2TKRi_mg$_$28,Arh2TKRi_mg,key.A.p20.block3,3,3,0.004545003175735474,0.0015493283669153848
Arh2TKRi_mg$_$28,Arh2TKRi_mg,key.V.p20.block3,3,3,0.0019804785648981733,0.0065800100564956665
Arh2TKRi_mg$_$3,Arh2TKRi_mg,key.T.p20.block3,6,6,0.0890139490365982,0.24936557312806448
Arh2TKRi_mg$_$3,Arh2TKRi_mg,key.T.p20.word,6,6,0.24936557312806448,0.24936557312806448
Arh2TKRi_mg$_$3,Arh2TKRi_mg,key.A.p20.block3,6,6,0.007409592469533284,0.002002432942390442
Arh2TKRi_mg$_$3,Arh2TKRi_mg,key.V.p20.block3,6,6,0.006651143232981363,0.01533268888791402
AxNy9TeTLq8$_$0,AxNy9TeTLq8,key.T.p20.block3,8,8,0.041240841150283813,0.12035778661568959
AxNy9TeTLq8$_$0,AxNy9TeTLq8,key.T.p20.word,8,8,0.1580188274383545,0.12035778661568959
AxNy9TeTLq8$_$0,AxNy9TeTLq8,key.A.p20.block3,8,8,0.0009269515673319498,0.0018824438254038494
AxNy9TeTLq8$_$0,AxNy9TeTLq8,key.V.p20.block3,8,8,0.00270231564839681,0.0016353030999501546
BSKAHXFYF_I$_$1,BSKAHXFYF_I,key.T.p20.block3,3,3,0.04205605356643597,0.058698222041130066
BSKAHXFYF_I$_$1,BSKAHXFYF_I,key.T.p20.word,3,3,0.021575716324150562,0.058698222041130066
BSKAHXFYF_I$_$1,BSKAHXFYF_I,key.A.p20.block3,3,3,0.0038354359567165375,0.008409698804219563
BSKAHXFYF_I$_$1,BSKAHXFYF_I,key.V.p20.block3,3,3,0.004560413459936778,0.007093461230397224
BSKAHXFYF_I$_$3,BSKAHXFYF_I,key.T.p20.block3,6,6,0.015666240205367405,0.06738907843828201
BSKAHXFYF_I$_$3,BSKAHXFYF_I,key.T.p20.word,6,6,0.010206960141658783,0.06738907843828201
BSKAHXFYF_I$_$3,BSKAHXFYF_I,key.A.p20.block3,6,6,0.006256197889645894,0.006737646957238515
BSKAHXFYF_I$_$3,BSKAHXFYF_I,key.V.p20.block3,0,1,0.0,0.0
BSKAHXFYF_I$_$7,BSKAHXFYF_I,key.T.p20.block3,3,3,0.025051870693763096,0.013246579716602962
BSKAHXFYF_I$_$7,BSKAHXFYF_I,key.T.p20.word,3,3,0.014987389867504438,0.013246579716602962
BSKAHXFYF_I$_$7,BSKAHXFYF_I,key.A.p20.block3,3,3,0.010972907145818075,0.002929098904132843
BSKAHXFYF_I$_$7,BSKAHXFYF_I,key.V.p20.block3,1,1,2.9802322387695312e-08,2.9802322387695312e-08
BSKAHXFYF_I$_$8,BSKAHXFYF_I,key.T.p20.block3,3,3,0.04994971305131912,0.14347183673332134
BSKAHXFYF_I$_$8,BSKAHXFYF_I,key.T.p20.word,3,3,0.14347183673332134,0.14347183673332134
BSKAHXFYF_I$_$8,BSKAHXFYF_I,key.A.p20.block3,3,3,0.011362709105014801,0.0020470693707466125
BSKAHXFYF_I$_$8,BSKAHXFYF_I,key.V.p20.block3,3,3,0.00029584020376205444,0.00031355271736780804
Baz0VVQ-E9E$_$10,Baz0VVQ-E9E,key.T.p20.block3,2,2,0.12318744758764902,0.333235677331686
Baz0VVQ-E9E$_$10,Baz0VVQ-E9E,key.T.p20.word,2,2,0.333235677331686,0.333235677331686
Baz0VVQ-E9E$_$10,Baz0VVQ-E9E,key.A.p20.block3,2,2,0.008545334140459696,0.014334688584009807
Baz0VVQ-E9E$_$10,Baz0VVQ-E9E,key.V.p20.block3,2,2,0.0016781265536944072,0.0021422778566678362
Baz0VVQ-E9E$_$1,Baz0VVQ-E9E,key.T.p20.block3,2,2,0.06741670270760854,0.0742228627204895
Baz0VVQ-E9E$_$1,Baz0VVQ-E9E,key.T.p20.word,2,2,0.0742228627204895,0.0742228627204895
Baz0VVQ-E9E$_$1,Baz0VVQ-E9E,key.A.p20.block3,2,2,0.0026505937178929644,0.0061001429955164594
Baz0VVQ-E9E$_$1,Baz0VVQ-E9E,key.V.p20.block3,2,2,0.0018826822439829507,0.001542419195175171
Baz0VVQ-E9E$_$5,Baz0VVQ-E9E,key.T.p20.block3,0,1,0.0,0.287099651992321
Baz0VVQ-E9E$_$5,Baz0VVQ-E9E,key.T.p20.word,1,1,0.287099651992321,0.287099651992321
Baz0VVQ-E9E$_$5,Baz0VVQ-E9E,key.A.p20.block3,0,1,0.0,0.007766554752985636
Baz0VVQ-E9E$_$5,Baz0VVQ-E9E,key.V.p20.block3,0,1,0.0,0.0012354354063669841
Baz0VVQ-E9E$_$7,Baz0VVQ-E9E,key.T.p20.block3,4,4,0.042417575915654496,0.03271079063415527
Baz0VVQ-E9E$_$7,Baz0VVQ-E9E,key.T.p20.word,4,4,0.08331759770711263,0.03271079063415527
Baz0VVQ-E9E$_$7,Baz0VVQ-E9E,key.A.p20.block3,4,4,0.008613362908363342,0.0013725608587265015
Baz0VVQ-E9E$_$7,Baz0VVQ-E9E,key.V.p20.block3,4,4,0.005588963627815247,0.007423778374989827
CJGuudyvA0Y$_$4,CJGuudyvA0Y,key.T.p20.block3,8,8,0.10162311947594085,0.058147321455180645
CJGuudyvA0Y$_$4,CJGuudyvA0Y,key.T.p20.word,8,8,0.10730958388497433,0.058147321455180645
CJGuudyvA0Y$_$4,CJGuudyvA0Y,key.A.p20.block3,8,8,0.00547972818215688,0.0090058712909619
CJGuudyvA0Y$_$4,CJGuudyvA0Y,key.V.p20.block3,4,4,0.0020342854162057242,0.005092267878353596
CPjbogfLHR4$_$2,CPjbogfLHR4,key.T.p20.block3,3,3,0.12786264220873514,0.272891566157341
CPjbogfLHR4$_$2,CPjbogfLHR4,key.T.p20.word,3,3,0.3238390664337203,0.272891566157341
CPjbogfLHR4$_$2,CPjbogfLHR4,key.A.p20.block3,3,3,0.003476599852244059,0.0008195191621780396
CPjbogfLHR4$_$2,CPjbogfLHR4,key.V.p20.block3,3,3,0.003283490737279256,0.003961195548375448
CPjbogfLHR4$_$5,CPjbogfLHR4,key.T.p20.block3,6,6,0.1027907282114029,0.07557612657546997
CPjbogfLHR4$_$5,CPjbogfLHR4,key.T.p20.word,6,6,0.07557612657546997,0.07557612657546997
CPjbogfLHR4$_$5,CPjbogfLHR4,key.A.p20.block3,6,6,0.0013010650873184204,0.0031590511401494346
CPjbogfLHR4$_$5,CPjbogfLHR4,key.V.p20.block3,6,6,0.013064006964365642,0.01059184471766154
DdUJojoFU_c$_$11,DdUJojoFU_c,key.T.p20.block3,5,5,0.02021868030230204,0.04032578567663828
DdUJojoFU_c$_$11,DdUJojoFU_c,key.T.p20.word,5,5,0.04032578567663828,0.04032578567663828
DdUJojoFU_c$_$11,DdUJojoFU_c,key.A.p20.block3,5,5,0.0036118825276692705,0.0007236798604329427
DdUJojoFU_c$_$11,DdUJojoFU_c,key.V.p20.block3,5,5,0.0024015804131825766,0.00235976775487264
DdUJojoFU_c$_$15,DdUJojoFU_c,key.T.p20.block3,3,3,0.024273482461770374,0.07521023849646251
DdUJojoFU_c$_$15,DdUJojoFU_c,key.T.p20.word,3,3,0.02322020133336385,0.07521023849646251
DdUJojoFU_c$_$15,DdUJojoFU_c,key.A.p20.block3,3,3,0.0019662479559580484,0.005065600077311198
DdUJojoFU_c$_$15,DdUJojoFU_c,key.V.p20.block3,3,3,0.015915637214978535,0.011952596406141918
DdUJojoFU_c$_$14,DdUJojoFU_c,key.T.p20.block3,5,5,0.02506739894549052,0.0387259970108668
DdUJojoFU_c$_$14,DdUJojoFU_c,key.T.p20.word,5,5,0.0387259970108668,0.0387259970108668
DdUJojoFU_c$_$14,DdUJojoFU_c,key.A.p20.block3,5,5,0.005348329742749533,0.0014748771985371907
DdUJojoFU_c$_$14,DdUJojoFU_c,key.V.p20.block3,5,5,0.0030818929274876914,0.01197508970896403
DdUJojoFU_c$_$17,DdUJojoFU_c,key.T.p20.block3,3,3,0.14511722077926,0.145724318921566
DdUJojoFU_c$_$17,DdUJojoFU_c,key.T.p20.word,4,4,0.12139695634444554,0.12139695634444554
DdUJojoFU_c$_$17,DdUJojoFU_c,key.A.p20.block3,3,3,0.00782044231891632,0.0032528191804885864
DdUJojoFU_c$_$17,DdUJojoFU_c,key.V.p20.block3,3,3,0.005031086504459381,0.005228161811828613
DdUJojoFU_c$_$16,DdUJojoFU_c,key.T.p20.block3,8,8,0.009826332330703735,0.006234496831893921
DdUJojoFU_c$_$16,DdUJojoFU_c,key.T.p20.word,8,8,0.014027406771977743,0.006234496831893921
DdUJojoFU_c$_$16,DdUJojoFU_c,key.A.p20.block3,8,8,0.0033570925394694013,0.0017899076143900554
DdUJojoFU_c$_$16,DdUJojoFU_c,key.V.p20.block3,8,8,0.00043395161628723145,0.0007886886596679688
DdUJojoFU_c$_$2,DdUJojoFU_c,key.T.p20.block3,9,9,0.004768922924995422,0.020857055981953938
DdUJojoFU_c$_$2,DdUJojoFU_c,key.T.p20.word,9,9,0.02849862972895304,0.020857055981953938
DdUJojoFU_c$_$2,DdUJojoFU_c,key.A.p20.block3,9,9,0.0031884759664535522,0.005407869815826416
DdUJojoFU_c$_$2,DdUJojoFU_c,key.V.p20.block3,9,9,0.003084321816762288,0.0005614012479782104
DdUJojoFU_c$_$6,DdUJojoFU_c,key.T.p20.block3,6,6,0.015250044564406076,0.05684547622998555
DdUJojoFU_c$_$6,DdUJojoFU_c,key.T.p20.word,6,6,0.021761678159236908,0.05684547622998555
DdUJojoFU_c$_$6,DdUJojoFU_c,key.A.p20.block3,6,6,0.008643022427956264,0.010494589805603027
DdUJojoFU_c$_$6,DdUJojoFU_c,key.V.p20.block3,6,6,0.0020323991775512695,0.0030739357074101763
DdUJojoFU_c$_$8,DdUJojoFU_c,key.T.p20.block3,6,6,0.002734050154685974,0.018845433990160622
DdUJojoFU_c$_$8,DdUJojoFU_c,key.T.p20.word,6,6,0.018845433990160622,0.018845433990160622
DdUJojoFU_c$_$8,DdUJojoFU_c,key.A.p20.block3,6,6,0.000895450512568156,0.004032924771308899
DdUJojoFU_c$_$8,DdUJojoFU_c,key.V.p20.block3,6,6,0.0023326476414998374,0.0061167726914087926
DlbYiwOnTyk$_$1,DlbYiwOnTyk,key.T.p20.block3,3,3,0.02559944987297058,0.14760364592075348
DlbYiwOnTyk$_$1,DlbYiwOnTyk,key.T.p20.word,4,4,0.17476853728294373,0.17476853728294373
DlbYiwOnTyk$_$1,DlbYiwOnTyk,key.A.p20.block3,3,3,0.006694391369819641,0.0033548523982365923
DlbYiwOnTyk$_$1,DlbYiwOnTyk,key.V.p20.block3,3,3,0.003056873877843221,0.0032967329025268555
E8MuzHUhUHk$_$15,E8MuzHUhUHk,key.T.p20.block3,3,3,0.010706931352615356,0.10944278041521707
E8MuzHUhUHk$_$15,E8MuzHUhUHk,key.T.p20.word,3,3,0.10944278041521707,0.10944278041521707
E8MuzHUhUHk$_$15,E8MuzHUhUHk,key.A.p20.block3,3,3,0.0036712586879730225,0.0023773213227589922
E8MuzHUhUHk$_$15,E8MuzHUhUHk,key.V.p20.block3,3,3,0.0039275288581848145,0.0038484235604604087
E8MuzHUhUHk$_$14,E8MuzHUhUHk,key.T.p20.block3,4,4,0.030078113079071045,0.02377138535181681
E8MuzHUhUHk$_$14,E8MuzHUhUHk,key.T.p20.word,4,4,0.02377138535181681,0.02377138535181681
E8MuzHUhUHk$_$14,E8MuzHUhUHk,key.A.p20.block3,4,4,0.006924400726954142,0.004704475402832031
E8MuzHUhUHk$_$14,E8MuzHUhUHk,key.V.p20.block3,4,4,0.006491174300511679,0.007850756247838339
E8MuzHUhUHk$_$16,E8MuzHUhUHk,key.T.p20.block3,6,6,0.025608057777086895,0.006373708446820577
E8MuzHUhUHk$_$16,E8MuzHUhUHk,key.T.p20.word,6,6,0.006373708446820577,0.006373708446820577
E8MuzHUhUHk$_$16,E8MuzHUhUHk,key.A.p20.block3,6,6,0.0017290562391281128,0.0014695078134536743
E8MuzHUhUHk$_$16,E8MuzHUhUHk,key.V.p20.block3,6,6,0.008392388621966045,0.007868637641270956
E8MuzHUhUHk$_$2,E8MuzHUhUHk,key.T.p20.block3,5,5,0.1434053877989451,0.12226571142673492
E8MuzHUhUHk$_$2,E8MuzHUhUHk,key.T.p20.word,5,5,0.058627794186274215,0.12226571142673492
E8MuzHUhUHk$_$2,E8MuzHUhUHk,key.A.p20.block3,5,5,0.0067999958992004395,0.0034676889578501386
E8MuzHUhUHk$_$2,E8MuzHUhUHk,key.V.p20.block3,5,5,0.0021320084730784097,0.003636270761489868
E8MuzHUhUHk$_$9,E8MuzHUhUHk,key.T.p20.block3,5,5,0.03571556260188421,0.12096709509690604
E8MuzHUhUHk$_$9,E8MuzHUhUHk,key.T.p20.word,5,5,0.1523220290740331,0.12096709509690604
E8MuzHUhUHk$_$9,E8MuzHUhUHk,key.A.p20.block3,5,5,0.0031126240889231362,0.008198929329713186
E8MuzHUhUHk$_$9,E8MuzHUhUHk,key.V.p20.block3,5,5,0.006749252478281657,0.011374528209368387
EEjCkc82oyk$_$7,EEjCkc82oyk,key.T.p20.block3,4,4,0.006007934610048929,0.28053581280012924
EEjCkc82oyk$_$7,EEjCkc82oyk,key.T.p20.word,4,4,0.28053581280012924,0.28053581280012924
EEjCkc82oyk$_$7,EEjCkc82oyk,key.A.p20.block3,4,4,0.0044753799835840855,0.0012741684913635254
EEjCkc82oyk$_$7,EEjCkc82oyk,key.V.p20.block3,4,4,0.000736008087793986,0.0015851308902104697
EEjCkc82oyk$_$9,EEjCkc82oyk,key.T.p20.block3,4,4,0.1299566780216992,0.156401003866146
EEjCkc82oyk$_$9,EEjCkc82oyk,key.T.p20.word,4,4,0.2720025866292417,0.156401003866146
EEjCkc82oyk$_$9,EEjCkc82oyk,key.A.p20.block3,4,4,0.0026917398790828884,0.005167207952278355
EEjCkc82oyk$_$9,EEjCkc82oyk,key.V.p20.block3,3,3,0.007986429923524458,0.007986429923524458
EQxkXiWAm08$_$8,EQxkXiWAm08,key.T.p20.block3,3,3,0.018210987870891888,0.02073716123898824
EQxkXiWAm08$_$8,EQxkXiWAm08,key.T.p20.word,3,3,0.02073716123898824,0.02073716123898824
EQxkXiWAm08$_$8,EQxkXiWAm08,key.A.p20.block3,3,3,0.013247635836402576,0.009258929019172987
EQxkXiWAm08$_$8,EQxkXiWAm08,key.V.p20.block3,3,3,0.00544830784201622,0.003634389489889145
ET1cU5_A2YM$_$1,ET1cU5_A2YM,key.T.p20.block3,5,5,0.11613590518633525,0.12292336424191792
ET1cU5_A2YM$_$1,ET1cU5_A2YM,key.T.p20.word,5,5,0.09530812005201976,0.12292336424191792
ET1cU5_A2YM$_$1,ET1cU5_A2YM,key.A.p20.block3,5,5,0.011403193076451618,0.0025081634521484375
ET1cU5_A2YM$_$1,ET1cU5_A2YM,key.V.p20.block3,5,5,0.001750648021697998,0.003726780414581299
ET1cU5_A2YM$_$3,ET1cU5_A2YM,key.T.p20.block3,3,3,0.06448995446165402,0.12742158770561218
ET1cU5_A2YM$_$3,ET1cU5_A2YM,key.T.p20.word,3,3,0.12461764365434647,0.12742158770561218
ET1cU5_A2YM$_$3,ET1cU5_A2YM,key.A.p20.block3,3,3,0.011193125198284786,0.0034538755814234414
ET1cU5_A2YM$_$3,ET1cU5_A2YM,key.V.p20.block3,3,3,0.0028364782532056174,0.0013557560741901398
ET1cU5_A2YM$_$6,ET1cU5_A2YM,key.T.p20.block3,3,3,0.053291896979014076,0.05251389741897583
ET1cU5_A2YM$_$6,ET1cU5_A2YM,key.T.p20.word,4,4,0.00610808531443278,0.023792684078216553
ET1cU5_A2YM$_$6,ET1cU5_A2YM,key.A.p20.block3,3,3,0.007442474365234375,0.0073957741260528564
ET1cU5_A2YM$_$6,ET1cU5_A2YM,key.V.p20.block3,3,3,0.0014342268308003743,0.0001636644204457601
EmmuWoCUgXs$_$22,EmmuWoCUgXs,key.T.p20.block3,3,3,0.04550434152285258,0.049992362658182785
EmmuWoCUgXs$_$22,EmmuWoCUgXs,key.T.p20.word,3,3,0.049992362658182785,0.049992362658182785
EmmuWoCUgXs$_$22,EmmuWoCUgXs,key.A.p20.block3,3,3,0.0035099685192108154,0.001055459181467692
EmmuWoCUgXs$_$22,EmmuWoCUgXs,key.V.p20.block3,3,3,0.011063963174819946,0.010254984100659689
EmmuWoCUgXs$_$7,EmmuWoCUgXs,key.T.p20.block3,7,7,0.2746003376087174,0.22373885478979597
EmmuWoCUgXs$_$7,EmmuWoCUgXs,key.T.p20.word,7,7,0.22373885478979597,0.22373885478979597
EmmuWoCUgXs$_$7,EmmuWoCUgXs,key.A.p20.block3,7,7,0.0010700828085343044,0.002154927429122229
EmmuWoCUgXs$_$7,EmmuWoCUgXs,key.V.p20.block3,7,7,0.004097550990991294,0.0011488568658630052
Es9MkKsMsjU$_$10,Es9MkKsMsjU,key.T.p20.block3,4,4,0.03261594691624244,0.12311721437921126
Es9MkKsMsjU$_$10,Es9MkKsMsjU,key.T.p20.word,4,4,0.18886240664869547,0.12311721437921126
Es9MkKsMsjU$_$10,Es9MkKsMsjU,key.A.p20.block3,4,4,0.0026223712290326753,0.00791515363380313
Es9MkKsMsjU$_$10,Es9MkKsMsjU,key.V.p20.block3,4,4,0.0010442999191582203,0.0020700038876384497
Es9MkKsMsjU$_$12,Es9MkKsMsjU,key.T.p20.block3,7,7,0.24088548496365547,0.26396938661734265
Es9MkKsMsjU$_$12,Es9MkKsMsjU,key.T.p20.word,7,7,0.3159808460623026,0.26396938661734265
Es9MkKsMsjU$_$12,Es9MkKsMsjU,key.A.p20.block3,7,7,0.008289933204650879,0.006755933165550232
Es9MkKsMsjU$_$12,Es9MkKsMsjU,key.V.p20.block3,7,7,0.003901804486910502,0.007156580686569214
Es9MkKsMsjU$_$2,Es9MkKsMsjU,key.T.p20.block3,9,9,0.06903023521105449,0.5428736452013254
Es9MkKsMsjU$_$2,Es9MkKsMsjU,key.T.p20.word,9,9,0.5428736452013254,0.5428736452013254
Es9MkKsMsjU$_$2,Es9MkKsMsjU,key.A.p20.block3,9,9,0.004235789179801941,0.008415122826894123
Es9MkKsMsjU$_$2,Es9MkKsMsjU,key.V.p20.block3,9,9,0.0014492770036061604,0.00307677686214447
Es9MkKsMsjU$_$7,Es9MkKsMsjU,key.T.p20.block3,7,7,0.0765562653541565,0.18318888048330945
Es9MkKsMsjU$_$7,Es9MkKsMsjU,key.T.p20.word,7,7,0.15041933457056683,0.18318888048330945
Es9MkKsMsjU$_$7,Es9MkKsMsjU,key.A.p20.block3,7,7,0.0007015367348988851,0.0027412374814351397
Es9MkKsMsjU$_$7,Es9MkKsMsjU,key.V.p20.block3,7,7,0.000953515370686849,0.001033395528793335
Ezn3p5FWF_U$_$4,Ezn3p5FWF_U,key.T.p20.block3,9,9,0.03401375810305278,0.03607372442881267
Ezn3p5FWF_U$_$4,Ezn3p5FWF_U,key.T.p20.word,9,9,0.03607372442881267,0.03607372442881267
Ezn3p5FWF_U$_$4,Ezn3p5FWF_U,key.A.p20.block3,9,9,0.0009743273258209229,0.000631868839263916
Ezn3p5FWF_U$_$4,Ezn3p5FWF_U,key.V.p20.block3,6,6,0.00552716851234436,0.004768669605255127
F1U26PLiXjM$_$1,F1U26PLiXjM,key.T.p20.block3,4,4,0.03198310732841492,0.0419356053074201
F1U26PLiXjM$_$1,F1U26PLiXjM,key.T.p20.word,4,4,0.01193347324927648,0.0419356053074201
F1U26PLiXjM$_$1,F1U26PLiXjM,key.A.p20.block3,4,4,0.006223415335019429,0.000982383886973063
F1U26PLiXjM$_$1,F1U26PLiXjM,key.V.p20.block3,4,4,0.010690430800120035,0.010035825272401174
F6JV-K840EY$_$2,F6JV-K840EY,key.T.p20.block3,3,3,0.03350392853220304,0.024035253872474033
F6JV-K840EY$_$2,F6JV-K840EY,key.T.p20.word,4,4,0.012120893845955532,0.012120893845955532
F6JV-K840EY$_$2,F6JV-K840EY,key.A.p20.block3,3,3,0.004935932035247485,0.007142913217345874
F6JV-K840EY$_$2,F6JV-K840EY,key.V.p20.block3,3,3,0.012461705754200619,0.004161763936281204
FB_b1dm0SRY$_$10,FB_b1dm0SRY,key.T.p20.block3,5,5,0.18857508276899657,0.32354522744814557
FB_b1dm0SRY$_$10,FB_b1dm0SRY,key.T.p20.word,5,5,0.32354522744814557,0.32354522744814557
FB_b1dm0SRY$_$10,FB_b1dm0SRY,key.A.p20.block3,5,5,0.000167583425839742,0.001561368505160014
FB_b1dm0SRY$_$10,FB_b1dm0SRY,key.V.p20.block3,5,5,0.003871520360310872,0.001454403003056844
FB_b1dm0SRY$_$0,FB_b1dm0SRY,key.T.p20.block3,5,5,0.02734845752517382,0.04279695823788643
FB_b1dm0SRY$_$0,FB_b1dm0SRY,key.T.p20.word,5,5,0.04279695823788643,0.04279695823788643
FB_b1dm0SRY$_$0,FB_b1dm0SRY,key.A.p20.block3,5,5,0.004912532866001129,0.002528247733910878
FB_b1dm0SRY$_$0,FB_b1dm0SRY,key.V.p20.block3,5,5,0.005161084234714508,0.006437347580989202
FB_b1dm0SRY$_$6,FB_b1dm0SRY,key.T.p20.block3,3,3,0.183949813246727,0.03226899107297262
FB_b1dm0SRY$_$6,FB_b1dm0SRY,key.T.p20.word,3,3,0.18396552403767905,0.03226899107297262
FB_b1dm0SRY$_$6,FB_b1dm0SRY,key.A.p20.block3,3,3,0.006860867142677307,0.004919424653053284
FB_b1dm0SRY$_$6,FB_b1dm0SRY,key.V.p20.block3,3,3,0.0027632365624109903,0.003911500175793965
FB_b1dm0SRY$_$9,FB_b1dm0SRY,key.T.p20.block3,6,6,0.15703350181380907,0.270528727521499
FB_b1dm0SRY$_$9,FB_b1dm0SRY,key.T.p20.word,6,6,0.28570535344382125,0.270528727521499
FB_b1dm0SRY$_$9,FB_b1dm0SRY,key.A.p20.block3,6,6,0.021991999198993046,0.014669307818015415
FB_b1dm0SRY$_$9,FB_b1dm0SRY,key.V.p20.block3,6,6,0.020869334538777668,0.005785439163446426
FB_b1dm0SRY$_$8,FB_b1dm0SRY,key.T.p20.block3,3,3,0.1142657200495402,0.12541842460632324
FB_b1dm0SRY$_$8,FB_b1dm0SRY,key.T.p20.word,4,4,0.17027448117733002,0.17027448117733002
FB_b1dm0SRY$_$8,FB_b1dm0SRY,key.A.p20.block3,3,3,0.002272208531697591,0.0014609992504119873
FB_b1dm0SRY$_$8,FB_b1dm0SRY,key.V.p20.block3,3,3,0.004894216855367025,0.002150038878122966
FxxJB8hBpyQ$_$1,FxxJB8hBpyQ,key.T.p20.block3,4,4,0.14759321386615434,0.10156011333068211
FxxJB8hBpyQ$_$1,FxxJB8hBpyQ,key.T.p20.word,4,4,0.21699347471197447,0.10156011333068211
FxxJB8hBpyQ$_$1,FxxJB8hBpyQ,key.A.p20.block3,4,4,0.013643215099970499,0.013643215099970499
FxxJB8hBpyQ$_$1,FxxJB8hBpyQ,key.V.p20.block3,4,4,0.01214421292146047,0.01719510058561961
Fy0Uid9afM8$_$0,Fy0Uid9afM8,key.T.p20.block3,4,4,0.04380558244884014,0.05618847720324993
Fy0Uid9afM8$_$0,Fy0Uid9afM8,key.T.p20.word,4,4,0.05618847720324993,0.05618847720324993
Fy0Uid9afM8$_$0,Fy0Uid9afM8,key.A.p20.block3,4,4,0.005629874921093384,0.0069302596772710485
Fy0Uid9afM8$_$0,Fy0Uid9afM8,key.V.p20.block3,4,4,0.00260732788592577,0.002310728033383687
Fy0Uid9afM8$_$3,Fy0Uid9afM8,key.T.p20.block3,4,4,0.12449818383902311,0.1917336213712891
Fy0Uid9afM8$_$3,Fy0Uid9afM8,key.T.p20.word,4,4,0.1917336213712891,0.1917336213712891
Fy0Uid9afM8$_$3,Fy0Uid9afM8,key.A.p20.block3,4,4,0.005499647619823614,0.008139731983343761
Fy0Uid9afM8$_$3,Fy0Uid9afM8,key.V.p20.block3,4,4,0.000627550296485424,0.0033805668354034424
Fy0Uid9afM8$_$5,Fy0Uid9afM8,key.T.p20.block3,4,4,0.060823122039437294,0.22499688218037286
Fy0Uid9afM8$_$5,Fy0Uid9afM8,key.T.p20.word,4,4,0.22499688218037286,0.22499688218037286
Fy0Uid9afM8$_$5,Fy0Uid9afM8,key.A.p20.block3,4,4,0.008113019168376923,0.010236956179141998
Fy0Uid9afM8$_$4,Fy0Uid9afM8,key.T.p20.block3,2,2,0.006446316838264465,0.0072954023877779646
Fy0Uid9afM8$_$4,Fy0Uid9afM8,key.T.p20.word,2,2,0.0072954023877779646,0.0072954023877779646
Fy0Uid9afM8$_$4,Fy0Uid9afM8,key.A.p20.block3,2,2,0.004798988501230876,0.01120018462340037
Fy0Uid9afM8$_$4,Fy0Uid9afM8,key.V.p20.block3,2,2,0.00036250054836273193,0.0013270551959673562
H1DpVwktfDQ$_$0,H1DpVwktfDQ,key.T.p20.block3,3,3,0.0837906077504158,0.16578076034784317
H1DpVwktfDQ$_$0,H1DpVwktfDQ,key.T.p20.word,3,3,0.16578076034784317,0.16578076034784317
H1DpVwktfDQ$_$0,H1DpVwktfDQ,key.A.p20.block3,3,3,0.005557524661223094,0.004638100663820902
HGicRLwgtkM$_$1,HGicRLwgtkM,key.T.p20.block3,6,6,0.035743494828542076,0.026674131552378338
HGicRLwgtkM$_$1,HGicRLwgtkM,key.T.p20.word,7,7,0.06533021728197734,0.08687722682952881
HGicRLwgtkM$_$1,HGicRLwgtkM,key.A.p20.block3,6,6,0.0015591233968734741,0.0013628502686818442
HGicRLwgtkM$_$1,HGicRLwgtkM,key.V.p20.block3,0,1,0.0,0.0377355565627416
HGicRLwgtkM$_$3,HGicRLwgtkM,key.T.p20.block3,5,5,0.05389098823070526,0.08497664332389832
HGicRLwgtkM$_$3,HGicRLwgtkM,key.T.p20.word,5,5,0.07858842859665553,0.08497664332389832
HGicRLwgtkM$_$3,HGicRLwgtkM,key.A.p20.block3,5,5,0.011800602078437805,0.0049395834406216945
HGicRLwgtkM$_$3,HGicRLwgtkM,key.V.p20.block3,5,5,0.004012022167444229,0.013570864995320639
HGicRLwgtkM$_$2,HGicRLwgtkM,key.T.p20.block3,5,5,0.07843838632106781,0.14573938647905985
HGicRLwgtkM$_$2,HGicRLwgtkM,key.T.p20.word,5,5,0.14573938647905985,0.14573938647905985
HGicRLwgtkM$_$2,HGicRLwgtkM,key.A.p20.block3,5,5,0.005063181122144064,0.0049846818049748744
HGicRLwgtkM$_$2,HGicRLwgtkM,key.V.p20.block3,5,5,0.016815731922785442,0.003750984867413839
HGicRLwgtkM$_$6,HGicRLwgtkM,key.T.p20.block3,4,4,0.18301914632320404,0.1543507327636083
HGicRLwgtkM$_$6,HGicRLwgtkM,key.T.p20.word,4,4,0.1543507327636083,0.1543507327636083
HGicRLwgtkM$_$6,HGicRLwgtkM,key.A.p20.block3,4,4,0.003358746568361918,0.0017230262358983357
HGicRLwgtkM$_$6,HGicRLwgtkM,key.V.p20.block3,1,1,0.018104856212933857,0.018104856212933857
HmXXW45eZL4$_$1,HmXXW45eZL4,key.T.p20.block3,9,9,0.05489704757928848,0.03335831065972646
HmXXW45eZL4$_$1,HmXXW45eZL4,key.T.p20.word,9,9,0.03335831065972646,0.03335831065972646
HmXXW45eZL4$_$1,HmXXW45eZL4,key.A.p20.block3,9,9,0.001487274964650472,0.0036633511384328203
HmXXW45eZL4$_$1,HmXXW45eZL4,key.V.p20.block3,9,9,0.0011048515637715657,0.0017334818840026855
HmXXW45eZL4$_$4,HmXXW45eZL4,key.T.p20.block3,4,4,0.012219707171122234,0.3384525676568349
HmXXW45eZL4$_$4,HmXXW45eZL4,key.T.p20.word,4,4,0.08639854192733765,0.3384525676568349
HmXXW45eZL4$_$4,HmXXW45eZL4,key.A.p20.block3,4,4,0.002825915813446045,0.00047198931376139325
HmXXW45eZL4$_$4,HmXXW45eZL4,key.V.p20.block3,4,4,0.0010317166646321616,0.0027484993139902754
IM6HW1HwHhM$_$11,IM6HW1HwHhM,key.T.p20.block3,5,5,0.0030054903278748193,0.05088406428694725
IM6HW1HwHhM$_$11,IM6HW1HwHhM,key.T.p20.word,5,5,0.1282003608842691,0.05088406428694725
IM6HW1HwHhM$_$11,IM6HW1HwHhM,key.A.p20.block3,5,5,0.022527817636728287,0.023055870085954666
IM6HW1HwHhM$_$11,IM6HW1HwHhM,key.V.p20.block3,5,5,0.0031785666942596436,0.00303812138736248
IM6HW1HwHhM$_$15,IM6HW1HwHhM,key.T.p20.block3,4,4,0.021143202980359394,0.02501449982325236
IM6HW1HwHhM$_$15,IM6HW1HwHhM,key.T.p20.word,4,4,0.02501449982325236,0.02501449982325236
IM6HW1HwHhM$_$15,IM6HW1HwHhM,key.A.p20.block3,4,4,0.003293087085088094,0.004176785548528036
IM6HW1HwHhM$_$15,IM6HW1HwHhM,key.V.p20.block3,4,4,0.0012241601943969727,0.0030935307343800864
IM6HW1HwHhM$_$17,IM6HW1HwHhM,key.T.p20.block3,5,5,0.06418224424123764,0.06167509903510412
IM6HW1HwHhM$_$17,IM6HW1HwHhM,key.T.p20.word,5,5,0.06167509903510412,0.06167509903510412
IM6HW1HwHhM$_$17,IM6HW1HwHhM,key.A.p20.block3,5,5,0.0038345927993456526,0.003244243562221527
IM6HW1HwHhM$_$17,IM6HW1HwHhM,key.V.p20.block3,5,5,0.01886778324842453,0.019238578776518505
IUmxJNs2zaY$_$3,IUmxJNs2zaY,key.T.p20.block3,6,6,0.14042075475056967,0.18559710681438446
IUmxJNs2zaY$_$3,IUmxJNs2zaY,key.T.p20.word,6,6,0.14452868203322092,0.18559710681438446
IUmxJNs2zaY$_$3,IUmxJNs2zaY,key.A.p20.block3,6,6,0.002165868878364563,0.0037402411301930747
IUmxJNs2zaY$_$3,IUmxJNs2zaY,key.V.p20.block3,6,6,0.00032203396161397296,0.002211958169937134
IUmxJNs2zaY$_$2,IUmxJNs2zaY,key.T.p20.block3,4,4,0.04948842525482178,0.22367836783329645
IUmxJNs2zaY$_$2,IUmxJNs2zaY,key.T.p20.word,4,4,0.30159232144554454,0.22367836783329645
IUmxJNs2zaY$_$2,IUmxJNs2zaY,key.A.p20.block3,4,4,0.002477546532948812,0.000883743166923523
IUmxJNs2zaY$_$2,IUmxJNs2zaY,key.V.p20.block3,4,4,0.006905371944109598,0.014654437700907389
JAnRCQ9A0vI$_$1,JAnRCQ9A0vI,key.T.p20.block3,10,10,0.006668572624524435,0.027354121208190918
JAnRCQ9A0vI$_$1,JAnRCQ9A0vI,key.T.p20.word,10,10,0.027354121208190918,0.027354121208190918
JAnRCQ9A0vI$_$1,JAnRCQ9A0vI,key.A.p20.block3,10,10,0.000835383931795756,0.0033724407354990644
JAnRCQ9A0vI$_$1,JAnRCQ9A0vI,key.V.p20.block3,1,1,0.006228009859720865,0.006228009859720865
JAnRCQ9A0vI$_$0,JAnRCQ9A0vI,key.T.p20.block3,2,2,0.04010652005672455,0.04010652005672455
JAnRCQ9A0vI$_$0,JAnRCQ9A0vI,key.T.p20.word,2,2,0.04010652005672455,0.04010652005672455
JAnRCQ9A0vI$_$0,JAnRCQ9A0vI,key.A.p20.block3,2,2,0.01575752596060435,0.01575752596060435
JAnRCQ9A0vI$_$0,JAnRCQ9A0vI,key.V.p20.block3,2,2,0.0005630155404408773,0.0007388691107432048
JAnRCQ9A0vI$_$3,JAnRCQ9A0vI,key.T.p20.block3,9,9,0.06703274448712668,0.057224492232004806
JAnRCQ9A0vI$_$3,JAnRCQ9A0vI,key.T.p20.word,9,9,0.08737259109814963,0.057224492232004806
JAnRCQ9A0vI$_$3,JAnRCQ9A0vI,key.A.p20.block3,9,9,0.0021739304065704346,0.001170516014099121
JAnRCQ9A0vI$_$3,JAnRCQ9A0vI,key.V.p20.block3,9,9,0.00143393874168396,0.0030269622802734375
JAnRCQ9A0vI$_$2,JAnRCQ9A0vI,key.T.p20.block3,10,10,0.03205952048301697,0.05368157227834065
JAnRCQ9A0vI$_$2,JAnRCQ9A0vI,key.T.p20.word,10,10,0.05368157227834065,0.05368157227834065
JAnRCQ9A0vI$_$2,JAnRCQ9A0vI,key.A.p20.block3,10,10,0.001838773488998413,0.003575831651687622
JAnRCQ9A0vI$_$2,JAnRCQ9A0vI,key.V.p20.block3,10,10,0.010696947574615479,0.009074598550796509
JAnRCQ9A0vI$_$5,JAnRCQ9A0vI,key.T.p20.block3,5,5,0.08819749703009923,0.1554324006040891
JAnRCQ9A0vI$_$5,JAnRCQ9A0vI,key.T.p20.word,5,5,0.1554324006040891,0.1554324006040891
JAnRCQ9A0vI$_$5,JAnRCQ9A0vI,key.A.p20.block3,5,5,0.009091173609097798,0.00938493013381958
JAnRCQ9A0vI$_$4,JAnRCQ9A0vI,key.T.p20.block3,3,3,0.03505763101081053,0.06374798653026421
JAnRCQ9A0vI$_$4,JAnRCQ9A0vI,key.T.p20.word,3,3,0.06374798653026421,0.06374798653026421
JAnRCQ9A0vI$_$4,JAnRCQ9A0vI,key.A.p20.block3,3,3,0.004702809577186902,0.0025831591337919235
JAnRCQ9A0vI$_$4,JAnRCQ9A0vI,key.V.p20.block3,3,3,0.0051851241538921995,0.013069821521639824
JAnRCQ9A0vI$_$8,JAnRCQ9A0vI,key.T.p20.block3,10,10,0.09296848873297373,0.08887102703253427
JAnRCQ9A0vI$_$8,JAnRCQ9A0vI,key.T.p20.word,10,10,0.08887102703253427,0.08887102703253427
JAnRCQ9A0vI$_$8,JAnRCQ9A0vI,key.A.p20.block3,10,10,0.008268872896830242,0.006183286507924398
JAnRCQ9A0vI$_$8,JAnRCQ9A0vI,key.V.p20.block3,10,10,0.0005154609680175781,0.0018900036811828613
JOK1SSmPtFw$_$10,JOK1SSmPtFw,key.T.p20.block3,3,3,0.0875907838344574,0.09800992409388225
JOK1SSmPtFw$_$10,JOK1SSmPtFw,key.T.p20.word,3,3,0.09800992409388225,0.09800992409388225
JOK1SSmPtFw$_$10,JOK1SSmPtFw,key.A.p20.block3,3,3,0.007947750389575958,0.0037746628125508628
JOK1SSmPtFw$_$10,JOK1SSmPtFw,key.V.p20.block3,3,3,0.004668315251668294,0.0020714427034060163
JOK1SSmPtFw$_$13,JOK1SSmPtFw,key.T.p20.block3,4,4,0.15077431499958038,0.07199040055274963
JOK1SSmPtFw$_$13,JOK1SSmPtFw,key.T.p20.word,4,4,0.03416802485783895,0.07199040055274963
JOK1SSmPtFw$_$13,JOK1SSmPtFw,key.A.p20.block3,4,4,0.00874561568101247,0.0028871397177378335
JOK1SSmPtFw$_$13,JOK1SSmPtFw,key.V.p20.block3,4,4,0.005462229251861572,0.0022514760494232178
JOK1SSmPtFw$_$14,JOK1SSmPtFw,key.T.p20.block3,3,3,0.0650393416484197,0.01633462558190028
JOK1SSmPtFw$_$14,JOK1SSmPtFw,key.T.p20.word,3,3,0.01633462558190028,0.01633462558190028
JOK1SSmPtFw$_$14,JOK1SSmPtFw,key.A.p20.block3,3,3,0.006401906410853068,0.0027339980006217957
JOK1SSmPtFw$_$14,JOK1SSmPtFw,key.V.p20.block3,3,3,0.0028358598550160727,0.0012353683511416116
JOK1SSmPtFw$_$16,JOK1SSmPtFw,key.T.p20.block3,3,3,0.007616472740968069,0.03557282437880834
JOK1SSmPtFw$_$16,JOK1SSmPtFw,key.T.p20.word,3,3,0.03557282437880834,0.03557282437880834
JOK1SSmPtFw$_$16,JOK1SSmPtFw,key.A.p20.block3,3,3,0.01052956779797872,0.0035712694128354388
JOK1SSmPtFw$_$16,JOK1SSmPtFw,key.V.p20.block3,3,3,0.0026993080973625183,0.0016817947228749592
JOK1SSmPtFw$_$0,JOK1SSmPtFw,key.T.p20.block3,10,10,0.12152212858200073,0.08349361022313437
JOK1SSmPtFw$_$0,JOK1SSmPtFw,key.T.p20.word,10,10,0.09966786702473959,0.08349361022313437
JOK1SSmPtFw$_$0,JOK1SSmPtFw,key.A.p20.block3,10,10,0.0007461309432983398,0.00013434886932373047
JOK1SSmPtFw$_$0,JOK1SSmPtFw,key.V.p20.block3,10,10,0.0013409058252970378,0.002061615387598674
JOK1SSmPtFw$_$5,JOK1SSmPtFw,key.T.p20.block3,5,5,0.1292636642853419,0.169200931986173
JOK1SSmPtFw$_$5,JOK1SSmPtFw,key.T.p20.word,5,5,0.23466667284568152,0.169200931986173
JOK1SSmPtFw$_$5,JOK1SSmPtFw,key.A.p20.block3,5,5,0.005486781398455301,0.004025573531786601
JOK1SSmPtFw$_$5,JOK1SSmPtFw,key.V.p20.block3,5,5,0.0026160776615142822,0.004983271161715189
JOK1SSmPtFw$_$4,JOK1SSmPtFw,key.T.p20.block3,2,2,0.00509898861249288,0.2728740759193897
JOK1SSmPtFw$_$4,JOK1SSmPtFw,key.T.p20.word,2,2,0.2728740759193897,0.2728740759193897
JOK1SSmPtFw$_$4,JOK1SSmPtFw,key.A.p20.block3,2,2,0.004006425539652507,0.007858961820602417
JOK1SSmPtFw$_$4,JOK1SSmPtFw,key.V.p20.block3,2,2,0.0021266738573710122,0.007761597633361816
JOK1SSmPtFw$_$8,JOK1SSmPtFw,key.T.p20.block3,3,3,0.08146964013576508,0.045431154469648995
JOK1SSmPtFw$_$8,JOK1SSmPtFw,key.T.p20.word,3,3,0.045431154469648995,0.045431154469648995
JOK1SSmPtFw$_$8,JOK1SSmPtFw,key.A.p20.block3,3,3,0.005551171799500783,0.002037152647972107
JOK1SSmPtFw$_$8,JOK1SSmPtFw,key.V.p20.block3,3,3,0.0018853719035784404,0.003235749900341034
JPT38CA3sGI$_$1,JPT38CA3sGI,key.T.p20.block3,4,4,0.06601782888174057,0.044693843772013984
JPT38CA3sGI$_$1,JPT38CA3sGI,key.T.p20.word,4,4,0.044693843772013984,0.044693843772013984
JPT38CA3sGI$_$1,JPT38CA3sGI,key.A.p20.block3,4,4,0.014999100317557653,0.011560965329408646
JPT38CA3sGI$_$1,JPT38CA3sGI,key.V.p20.block3,4,4,0.00836525484919548,0.0008595610658327738
JPT38CA3sGI$_$0,JPT38CA3sGI,key.T.p20.block3,3,3,0.1996304743612806,0.1630650106817484
JPT38CA3sGI$_$0,JPT38CA3sGI,key.T.p20.word,3,3,0.12934869341552258,0.1630650106817484
JPT38CA3sGI$_$0,JPT38CA3sGI,key.A.p20.block3,3,3,0.0035470128059387207,0.0037967910369237265
JPT38CA3sGI$_$0,JPT38CA3sGI,key.V.p20.block3,3,3,0.013032644987106323,0.008936996261278788
JPT38CA3sGI$_$5,JPT38CA3sGI,key.T.p20.block3,3,3,0.02179012820124626,0.10885582988460858
JPT38CA3sGI$_$5,JPT38CA3sGI,key.T.p20.word,3,3,0.0520031712949276,0.10885582988460858
JPT38CA3sGI$_$5,JPT38CA3sGI,key.A.p20.block3,3,3,0.0063954492410024,0.004885515818993251
JPT38CA3sGI$_$5,JPT38CA3sGI,key.V.p20.block3,2,2,0.005069022377332052,0.0005109819273153942
JVpF99zuQhA$_$0,JVpF99zuQhA,key.T.p20.block3,4,4,0.04541689157485962,0.09151602288087209
JVpF99zuQhA$_$0,JVpF99zuQhA,key.T.p20.word,4,4,0.06385618448257446,0.09151602288087209
JVpF99zuQhA$_$0,JVpF99zuQhA,key.A.p20.block3,4,4,0.005496988693873087,0.011765827735265097
JVpF99zuQhA$_$0,JVpF99zuQhA,key.V.p20.block3,4,4,0.0005313456058502197,0.000801121195157369
JVpF99zuQhA$_$2,JVpF99zuQhA,key.T.p20.block3,5,5,0.030983448028564453,0.023448161780834198
JVpF99zuQhA$_$2,JVpF99zuQhA,key.T.p20.word,5,5,0.0571538470685482,0.023448161780834198
JVpF99zuQhA$_$2,JVpF99zuQhA,key.A.p20.block3,5,5,0.006134113917748134,0.007697792102893193
JVpF99zuQhA$_$2,JVpF99zuQhA,key.V.p20.block3,5,5,0.0017975904047489166,0.002414508412281672
JVpF99zuQhA$_$4,JVpF99zuQhA,key.T.p20.block3,3,3,0.06364523371060689,0.005816668272018433
JVpF99zuQhA$_$4,JVpF99zuQhA,key.T.p20.word,3,3,0.005816668272018433,0.005816668272018433
JVpF99zuQhA$_$4,JVpF99zuQhA,key.A.p20.block3,3,3,0.005330340315898259,0.0030620569984118147
JVpF99zuQhA$_$4,JVpF99zuQhA,key.V.p20.block3,3,3,0.003485793868700663,0.002259970953067144
K0m1tO3Ybyc$_$15,K0m1tO3Ybyc,key.T.p20.block3,3,3,0.125168114900589,0.1798509806394577
K0m1tO3Ybyc$_$15,K0m1tO3Ybyc,key.T.p20.word,3,3,0.1798509806394577,0.1798509806394577
K0m1tO3Ybyc$_$15,K0m1tO3Ybyc,key.A.p20.block3,3,3,0.007671743631362915,0.005686750014623007
K0m1tO3Ybyc$_$15,K0m1tO3Ybyc,key.V.p20.block3,3,3,0.004570672909418741,0.00247080127398173
K0m1tO3Ybyc$_$8,K0m1tO3Ybyc,key.T.p20.block3,6,6,0.21134674549102783,0.09166657427946727
K0m1tO3Ybyc$_$8,K0m1tO3Ybyc,key.T.p20.word,6,6,0.09166657427946727,0.09166657427946727
K0m1tO3Ybyc$_$8,K0m1tO3Ybyc,key.A.p20.block3,6,6,0.002726033329963684,0.004572361707687378
K0m1tO3Ybyc$_$8,K0m1tO3Ybyc,key.V.p20.block3,6,6,0.00519573191801707,0.00519573191801707
K8gp7ncdUl8$_$5,K8gp7ncdUl8,key.T.p20.block3,6,6,0.2802993419269721,0.2811869364231825
K8gp7ncdUl8$_$5,K8gp7ncdUl8,key.T.p20.word,7,7,0.14007527753710747,0.2771117724478245
K8gp7ncdUl8$_$5,K8gp7ncdUl8,key.A.p20.block3,6,6,0.002906170984109243,0.012315186361471811
K8gp7ncdUl8$_$5,K8gp7ncdUl8,key.V.p20.block3,6,6,0.0012082457542419434,0.001469537615776062
KDjl2exStlI$_$10,KDjl2exStlI,key.T.p20.block3,3,3,0.022738997514049213,0.016742859967052937
KDjl2exStlI$_$10,KDjl2exStlI,key.T.p20.word,3,3,0.15081028019388518,0.016742859967052937
KDjl2exStlI$_$10,KDjl2exStlI,key.A.p20.block3,3,3,0.00801684552182754,0.0024484563424872854
KDjl2exStlI$_$10,KDjl2exStlI,key.V.p20.block3,3,3,0.006384347255031268,0.004174694729348024
KDjl2exStlI$_$13,KDjl2exStlI,key.T.p20.block3,3,3,0.04255831303695838,0.0008523464202880859
KDjl2exStlI$_$13,KDjl2exStlI,key.T.p20.word,3,3,0.01635881823798021,0.0008523464202880859
KDjl2exStlI$_$13,KDjl2exStlI,key.A.p20.block3,3,3,0.0039785926540692644,0.004418270041545233
KDjl2exStlI$_$13,KDjl2exStlI,key.V.p20.block3,3,3,0.0025321301072835922,0.0010605671753486
KDjl2exStlI$_$5,KDjl2exStlI,key.T.p20.block3,3,3,0.02091418330868085,0.010767749200264612
KDjl2exStlI$_$5,KDjl2exStlI,key.T.p20.word,3,3,0.013174039622147879,0.010767749200264612
KDjl2exStlI$_$5,KDjl2exStlI,key.A.p20.block3,3,3,0.00402110939224561,0.001808588703473409
KDjl2exStlI$_$5,KDjl2exStlI,key.V.p20.block3,3,3,0.0009554003675778706,0.0013903255263964336
KDjl2exStlI$_$4,KDjl2exStlI,key.T.p20.block3,5,5,0.07633358426392078,0.03623823573191961
KDjl2exStlI$_$4,KDjl2exStlI,key.T.p20.word,5,5,0.08784997342930485,0.03623823573191961
KDjl2exStlI$_$4,KDjl2exStlI,key.A.p20.block3,5,5,0.008430796364943186,0.0031434831519921618
KDjl2exStlI$_$4,KDjl2exStlI,key.V.p20.block3,5,5,0.0010503667096296945,0.0003884347776571909
KkKWFZZmmCM$_$1,KkKWFZZmmCM,key.T.p20.block3,6,6,0.16882460316022238,0.2731037015716235
KkKWFZZmmCM$_$1,KkKWFZZmmCM,key.T.p20.word,6,6,0.1987023303906123,0.2731037015716235
KkKWFZZmmCM$_$1,KkKWFZZmmCM,key.A.p20.block3,6,6,0.003205964962641398,0.004676034053166707
KkKWFZZmmCM$_$1,KkKWFZZmmCM,key.V.p20.block3,6,6,0.0008158981800079346,0.000999768575032552
KpMCvUyQCXg$_$1,KpMCvUyQCXg,key.T.p20.block3,5,5,0.0424825834731261,0.03736105312903722
KpMCvUyQCXg$_$1,KpMCvUyQCXg,key.T.p20.word,5,5,0.05612211177746455,0.03736105312903722
KpMCvUyQCXg$_$1,KpMCvUyQCXg,key.A.p20.block3,5,5,0.011685264607270558,0.008240210513273874
KpMCvUyQCXg$_$1,KpMCvUyQCXg,key.V.p20.block3,5,5,0.003175166745980581,0.001253644625345866
KpMCvUyQCXg$_$3,KpMCvUyQCXg,key.T.p20.block3,3,3,0.05295596768458684,0.04026782512664795
KpMCvUyQCXg$_$3,KpMCvUyQCXg,key.T.p20.word,3,3,0.02140875409046809,0.04026782512664795
KpMCvUyQCXg$_$3,KpMCvUyQCXg,key.A.p20.block3,3,3,0.004472744961579641,0.0023487011591593423
KpMCvUyQCXg$_$3,KpMCvUyQCXg,key.V.p20.block3,3,3,0.004591179390748342,0.003130147854487101
KpMCvUyQCXg$_$5,KpMCvUyQCXg,key.T.p20.block3,3,3,0.07233244180679321,0.07286062339941661
KpMCvUyQCXg$_$5,KpMCvUyQCXg,key.T.p20.word,4,4,0.08020149668057759,0.08020149668057759
KpMCvUyQCXg$_$5,KpMCvUyQCXg,key.A.p20.block3,3,3,0.008819093306859333,0.0012896358966827393
KpMCvUyQCXg$_$5,KpMCvUyQCXg,key.V.p20.block3,3,3,0.010999927918116253,0.010999927918116253
L1eFHRQGFeg$_$2,L1eFHRQGFeg,key.T.p20.block3,8,8,0.11474513510862987,0.1429778610666593
L1eFHRQGFeg$_$2,L1eFHRQGFeg,key.T.p20.word,8,8,0.3988435963789622,0.1429778610666593
L1eFHRQGFeg$_$2,L1eFHRQGFeg,key.A.p20.block3,8,8,0.007723080615202586,0.008071673413117727
L1eFHRQGFeg$_$2,L1eFHRQGFeg,key.V.p20.block3,8,8,0.010087744643290838,0.013763560603062311
MCsvw5-7lVE$_$1,MCsvw5-7lVE,key.T.p20.block3,8,8,0.009670078754425049,0.023212015628814697
MCsvw5-7lVE$_$1,MCsvw5-7lVE,key.T.p20.word,8,8,0.023212015628814697,0.023212015628814697
MCsvw5-7lVE$_$1,MCsvw5-7lVE,key.A.p20.block3,8,8,0.00408796469370524,0.00528759757677714
MCsvw5-7lVE$_$1,MCsvw5-7lVE,key.V.p20.block3,8,8,0.004497508207956949,0.0009233951568603516
MCsvw5-7lVE$_$2,MCsvw5-7lVE,key.T.p20.block3,5,5,0.02388592561086019,0.012368967135747273
MCsvw5-7lVE$_$2,MCsvw5-7lVE,key.T.p20.word,5,5,0.012368967135747273,0.012368967135747273
MCsvw5-7lVE$_$2,MCsvw5-7lVE,key.A.p20.block3,5,5,0.002886652946472168,0.0014037291208902993
MCsvw5-7lVE$_$2,MCsvw5-7lVE,key.V.p20.block3,5,5,0.0025163888931274414,0.006194949150085449
MCsvw5-7lVE$_$4,MCsvw5-7lVE,key.T.p20.block3,3,3,0.01904541750748952,0.013627906640370687
MCsvw5-7lVE$_$4,MCsvw5-7lVE,key.T.p20.word,3,3,0.013627906640370687,0.013627906640370687
MCsvw5-7lVE$_$4,MCsvw5-7lVE,key.A.p20.block3,3,3,0.007418379187583923,0.0022165924310684204
MCsvw5-7lVE$_$4,MCsvw5-7lVE,key.V.p20.block3,3,3,0.005786364277203878,0.002714112401008606
MMpo2bDk-DU$_$10,MMpo2bDk-DU,key.T.p20.block3,4,4,0.28247207403182983,0.030197550853093464
MMpo2bDk-DU$_$10,MMpo2bDk-DU,key.T.p20.word,4,4,0.030197550853093464,0.030197550853093464
MMpo2bDk-DU$_$10,MMpo2bDk-DU,key.A.p20.block3,4,4,0.011486798524856567,0.000382612148920695
MMpo2bDk-DU$_$10,MMpo2bDk-DU,key.V.p20.block3,4,4,0.003517476220925649,0.00034482280413309735
MMpo2bDk-DU$_$17,MMpo2bDk-DU,key.T.p20.block3,6,6,0.021304875922699768,0.06851945351809263
MMpo2bDk-DU$_$17,MMpo2bDk-DU,key.T.p20.word,6,6,0.10280322066197792,0.06851945351809263
MMpo2bDk-DU$_$17,MMpo2bDk-DU,key.A.p20.block3,6,6,0.0028190926338235536,0.00924619815001885
MMpo2bDk-DU$_$17,MMpo2bDk-DU,key.V.p20.block3,6,6,0.0008040706937511762,0.0032528763016064963
MMpo2bDk-DU$_$16,MMpo2bDk-DU,key.T.p20.block3,3,3,0.024443045258522034,0.027343101799488068
MMpo2bDk-DU$_$16,MMpo2bDk-DU,key.T.p20.word,4,4,0.02761321018139521,0.030786830931901932
MMpo2bDk-DU$_$16,MMpo2bDk-DU,key.A.p20.block3,3,3,0.010292974611123403,0.010292974611123403
MMpo2bDk-DU$_$16,MMpo2bDk-DU,key.V.p20.block3,3,3,0.0012246668338775635,0.0010515451431274414
MMpo2bDk-DU$_$19,MMpo2bDk-DU,key.T.p20.block3,5,5,0.16709878544012705,0.1590274820725123
MMpo2bDk-DU$_$19,MMpo2bDk-DU,key.T.p20.word,5,5,0.12668686111768088,0.1590274820725123
MMpo2bDk-DU$_$19,MMpo2bDk-DU,key.A.p20.block3,5,5,0.006874988476435343,0.0061314503351847325
MMpo2bDk-DU$_$19,MMpo2bDk-DU,key.V.p20.block3,3,3,0.0033881664276123047,0.0018066962560017903
MjaaudUc5-4$_$1,MjaaudUc5-4,key.T.p20.block3,3,3,0.20504313210646313,0.47595110908150673
MjaaudUc5-4$_$1,MjaaudUc5-4,key.T.p20.word,3,3,0.47595110908150673,0.47595110908150673
MjaaudUc5-4$_$1,MjaaudUc5-4,key.A.p20.block3,3,3,0.007744590441385905,0.005284895499547322
MjaaudUc5-4$_$1,MjaaudUc5-4,key.V.p20.block3,3,3,0.0012886722882588706,0.0006435314814249674
MjaaudUc5-4$_$0,MjaaudUc5-4,key.T.p20.block3,1,1,0.01743628333012263,0.08718851457039516
MjaaudUc5-4$_$0,MjaaudUc5-4,key.T.p20.word,1,1,0.08718851457039516,0.08718851457039516
MjaaudUc5-4$_$0,MjaaudUc5-4,key.A.p20.block3,1,1,0.0012191782395044963,0.005679622292518616
MjaaudUc5-4$_$0,MjaaudUc5-4,key.V.p20.block3,1,1,0.0003333737452824911,0.0009423096974690756
MjaaudUc5-4$_$3,MjaaudUc5-4,key.T.p20.block3,3,3,0.011270642280578613,0.2045952578385671
MjaaudUc5-4$_$3,MjaaudUc5-4,key.T.p20.word,3,3,0.1612530251344045,0.2045952578385671
MjaaudUc5-4$_$3,MjaaudUc5-4,key.A.p20.block3,3,3,0.00751034418741862,0.004328012466430664
MjaaudUc5-4$_$3,MjaaudUc5-4,key.V.p20.block3,3,3,0.0027457376321156817,0.0009601414203643799
MjaaudUc5-4$_$6,MjaaudUc5-4,key.T.p20.block3,2,2,0.10574081043402354,0.21539787327249846
MjaaudUc5-4$_$6,MjaaudUc5-4,key.T.p20.word,2,2,0.21539787327249846,0.21539787327249846
MjaaudUc5-4$_$6,MjaaudUc5-4,key.A.p20.block3,2,2,0.00272315243879954,0.00901705026626587
MjaaudUc5-4$_$6,MjaaudUc5-4,key.V.p20.block3,2,2,0.0016171038150787354,0.0005226929982503254
MoQmPA7Q07Q$_$1,MoQmPA7Q07Q,key.T.p20.block3,5,5,0.09852789839108786,0.1184397836526235
MoQmPA7Q07Q$_$1,MoQmPA7Q07Q,key.T.p20.word,5,5,0.1184397836526235,0.1184397836526235
MoQmPA7Q07Q$_$1,MoQmPA7Q07Q,key.A.p20.block3,5,5,0.0031732022762298584,0.0020239055156707764
MoQmPA7Q07Q$_$1,MoQmPA7Q07Q,key.V.p20.block3,5,5,0.00761189063390096,0.0024929245313008628
MoQmPA7Q07Q$_$2,MoQmPA7Q07Q,key.T.p20.block3,6,6,0.03667490681012471,0.058494100968043014
MoQmPA7Q07Q$_$2,MoQmPA7Q07Q,key.T.p20.word,6,6,0.058494100968043014,0.058494100968043014
MoQmPA7Q07Q$_$2,MoQmPA7Q07Q,key.A.p20.block3,6,6,0.000871509313583374,0.0011950333913167317
MoQmPA7Q07Q$_$2,MoQmPA7Q07Q,key.V.p20.block3,6,6,0.0005983710289001465,0.0036872029304504395
N1X63d_jgmw$_$5,N1X63d_jgmw,key.T.p20.block3,9,9,0.14197917406757674,0.036287485311428704
N1X63d_jgmw$_$5,N1X63d_jgmw,key.T.p20.word,9,9,0.036287485311428704,0.036287485311428704
N1X63d_jgmw$_$5,N1X63d_jgmw,key.A.p20.block3,9,9,0.02540355548262596,0.02322978898882866
N1X63d_jgmw$_$5,N1X63d_jgmw,key.V.p20.block3,9,9,0.003997225314378738,0.005666187653938929
N5xfBtD6rLY$_$7,N5xfBtD6rLY,key.T.p20.block3,2,2,0.012381215890248615,0.1753007893760999
N5xfBtD6rLY$_$7,N5xfBtD6rLY,key.T.p20.word,2,2,0.1753007893760999,0.1753007893760999
N5xfBtD6rLY$_$7,N5xfBtD6rLY,key.A.p20.block3,2,2,0.0006400744120279948,0.00215942660967509
NoZsdSGnNpI$_$7,NoZsdSGnNpI,key.T.p20.block3,8,8,0.04393049329519272,0.06745769580205281
NoZsdSGnNpI$_$7,NoZsdSGnNpI,key.T.p20.word,8,8,0.03056060274442037,0.06745769580205281
NoZsdSGnNpI$_$7,NoZsdSGnNpI,key.A.p20.block3,8,8,0.0018245652318000793,0.0005200182398160298
NoZsdSGnNpI$_$7,NoZsdSGnNpI,key.V.p20.block3,8,8,0.007943575580914816,0.010830158988634745
Nrurc5sMUOE$_$5,Nrurc5sMUOE,key.T.p20.block3,9,9,0.4665036474665006,0.45351728921135265
Nrurc5sMUOE$_$5,Nrurc5sMUOE,key.T.p20.word,9,9,0.4551471521457036,0.45351728921135265
Nrurc5sMUOE$_$5,Nrurc5sMUOE,key.A.p20.block3,9,9,0.003319263458251953,0.003909885883331299
Nrurc5sMUOE$_$5,Nrurc5sMUOE,key.V.p20.block3,9,9,0.0009031792481740315,0.0005346039930979412
Nrurc5sMUOE$_$7,Nrurc5sMUOE,key.T.p20.block3,3,3,0.17989637951056162,0.21979935032625994
Nrurc5sMUOE$_$7,Nrurc5sMUOE,key.T.p20.word,3,3,0.21979935032625994,0.21979935032625994
Nrurc5sMUOE$_$7,Nrurc5sMUOE,key.A.p20.block3,3,3,0.01861746112505595,0.021644366284211475
Nrurc5sMUOE$_$7,Nrurc5sMUOE,key.V.p20.block3,3,3,0.002496125797430674,0.0011091132958730063
Nrurc5sMUOE$_$8,Nrurc5sMUOE,key.T.p20.block3,7,7,0.05148861060539881,0.008452447752157847
Nrurc5sMUOE$_$8,Nrurc5sMUOE,key.T.p20.word,7,7,0.042834912737210594,0.008452447752157847
Nrurc5sMUOE$_$8,Nrurc5sMUOE,key.A.p20.block3,7,7,0.0013067002097765605,0.005800823370615641
Nrurc5sMUOE$_$8,Nrurc5sMUOE,key.V.p20.block3,7,7,0.0007658774654070536,0.0011378253499666848
NzvNW7vP-Co$_$5,NzvNW7vP-Co,key.T.p20.block3,9,9,0.13979268074035645,0.14607767264048258
NzvNW7vP-Co$_$5,NzvNW7vP-Co,key.T.p20.word,9,9,0.188865065574646,0.14607767264048258
NzvNW7vP-Co$_$5,NzvNW7vP-Co,key.A.p20.block3,9,9,0.0036260485649108887,0.003881782293319702
NzvNW7vP-Co$_$5,NzvNW7vP-Co,key.V.p20.block3,9,9,0.00085181991259257,0.001242538293202718
NzvNW7vP-Co$_$4,NzvNW7vP-Co,key.T.p20.block3,3,3,0.053355817993481956,0.11000578974684079
NzvNW7vP-Co$_$4,NzvNW7vP-Co,key.T.p20.word,3,3,0.08655530338486035,0.11000578974684079
NzvNW7vP-Co$_$4,NzvNW7vP-Co,key.A.p20.block3,3,3,0.002255034943421682,0.0044396718343098955
NzvNW7vP-Co$_$4,NzvNW7vP-Co,key.V.p20.block3,3,3,0.0015418529510498047,0.0005270987749099731
NzvNW7vP-Co$_$7,NzvNW7vP-Co,key.T.p20.block3,8,8,0.04302367319663365,0.05709415922562281
NzvNW7vP-Co$_$7,NzvNW7vP-Co,key.T.p20.word,8,8,0.05709415922562281,0.05709415922562281
NzvNW7vP-Co$_$7,NzvNW7vP-Co,key.A.p20.block3,8,8,0.006269638737042745,0.0044816310207049055
NzvNW7vP-Co$_$7,NzvNW7vP-Co,key.V.p20.block3,8,8,0.0014183570941289265,0.0021870074172814684
OLP0nCKwU6k$_$6,OLP0nCKwU6k,key.T.p20.block3,9,9,0.023017796998222668,0.026468113685647648
OLP0nCKwU6k$_$6,OLP0nCKwU6k,key.T.p20.word,9,9,0.026468113685647648,0.026468113685647648
OLP0nCKwU6k$_$6,OLP0nCKwU6k,key.A.p20.block3,9,9,0.0011875114093224208,0.0009820107370615005
OLP0nCKwU6k$_$6,OLP0nCKwU6k,key.V.p20.block3,9,9,0.0008737960209449132,0.0011798832565546036
OrYBtyO0aPI$_$1,OrYBtyO0aPI,key.T.p20.block3,3,3,0.055685667941967644,0.055812870462735496
OrYBtyO0aPI$_$1,OrYBtyO0aPI,key.T.p20.word,3,3,0.07331728314359982,0.055812870462735496
OrYBtyO0aPI$_$1,OrYBtyO0aPI,key.A.p20.block3,3,3,0.010364539921283722,0.006401600937048594
OrYBtyO0aPI$_$1,OrYBtyO0aPI,key.V.p20.block3,0,1,0.0,0.0031857602298259735
OrYBtyO0aPI$_$4,OrYBtyO0aPI,key.T.p20.block3,1,1,0.025657782951990765,0.048753644029299416
OrYBtyO0aPI$_$4,OrYBtyO0aPI,key.T.p20.word,1,1,0.048753644029299416,0.048753644029299416
OrYBtyO0aPI$_$4,OrYBtyO0aPI,key.A.p20.block3,1,1,0.0012415101130803425,0.005986854434013367
OrYBtyO0aPI$_$4,OrYBtyO0aPI,key.V.p20.block3,1,1,0.0007069955269495647,0.0023987342913945517
PboaYD5hlG8$_$10,PboaYD5hlG8,key.T.p20.block3,4,4,0.09423242012659709,0.11582877735296886
PboaYD5hlG8$_$10,PboaYD5hlG8,key.T.p20.word,4,4,0.11582877735296886,0.11582877735296886
PboaYD5hlG8$_$10,PboaYD5hlG8,key.A.p20.block3,4,4,0.0020396262407302856,0.0007612407207489014
PboaYD5hlG8$_$10,PboaYD5hlG8,key.V.p20.block3,4,4,0.0029430389404296875,0.005880629022916158
PboaYD5hlG8$_$3,PboaYD5hlG8,key.T.p20.block3,3,3,0.04599646478891373,0.03888940314451853
PboaYD5hlG8$_$3,PboaYD5hlG8,key.T.p20.word,3,3,0.03888940314451853,0.03888940314451853
PboaYD5hlG8$_$3,PboaYD5hlG8,key.A.p20.block3,3,3,0.003836023310820262,0.004906410972277323
PboaYD5hlG8$_$3,PboaYD5hlG8,key.V.p20.block3,3,3,0.01018178959687551,0.0008889933427174885
PboaYD5hlG8$_$2,PboaYD5hlG8,key.T.p20.block3,3,3,0.08924480775992076,0.08860421180725098
PboaYD5hlG8$_$2,PboaYD5hlG8,key.T.p20.word,3,3,0.08860421180725098,0.08860421180725098
PboaYD5hlG8$_$2,PboaYD5hlG8,key.A.p20.block3,3,3,0.006341988841692606,0.0010166317224502563
PboaYD5hlG8$_$2,PboaYD5hlG8,key.V.p20.block3,3,3,0.02332228422164917,0.026809394359588623
PboaYD5hlG8$_$7,PboaYD5hlG8,key.T.p20.block3,6,6,0.005919069051742554,0.05116876711448034
PboaYD5hlG8$_$7,PboaYD5hlG8,key.T.p20.word,7,7,0.05362284183502197,0.05362284183502197
PboaYD5hlG8$_$7,PboaYD5hlG8,key.A.p20.block3,6,6,0.014603940149148306,0.002209822336832682
PboaYD5hlG8$_$7,PboaYD5hlG8,key.V.p20.block3,6,6,0.005809180438518524,0.005876382191975912
PboaYD5hlG8$_$9,PboaYD5hlG8,key.T.p20.block3,6,6,0.03503973285357158,0.03836635748545329
PboaYD5hlG8$_$9,PboaYD5hlG8,key.T.p20.word,6,6,0.03836635748545329,0.03836635748545329
PboaYD5hlG8$_$9,PboaYD5hlG8,key.A.p20.block3,6,6,0.0020808055996894836,0.0017563501993815103
PboaYD5hlG8$_$9,PboaYD5hlG8,key.V.p20.block3,6,6,2.337743838628133e-05,0.00011533995469411214
PboaYD5hlG8$_$8,PboaYD5hlG8,key.T.p20.block3,7,7,0.3304386759797732,0.3256264304121335
PboaYD5hlG8$_$8,PboaYD5hlG8,key.T.p20.word,7,7,0.4409829725821813,0.3256264304121335
PboaYD5hlG8$_$8,PboaYD5hlG8,key.A.p20.block3,7,7,0.003797590732574463,0.003170207142829895
PboaYD5hlG8$_$8,PboaYD5hlG8,key.V.p20.block3,7,7,1.7136335372924805e-06,2.117455005645752e-05
Pt-D0LUHDSc$_$2,Pt-D0LUHDSc,key.T.p20.block3,5,5,0.18799773852030435,0.18874246875445047
Pt-D0LUHDSc$_$2,Pt-D0LUHDSc,key.T.p20.word,5,5,0.18874246875445047,0.18874246875445047
Pt-D0LUHDSc$_$2,Pt-D0LUHDSc,key.A.p20.block3,5,5,0.0019287168979644775,0.004331678152084351
Pt-D0LUHDSc$_$2,Pt-D0LUHDSc,key.V.p20.block3,2,2,0.008241792519887289,0.008300294478734335
PwapK9d8IGk$_$4,PwapK9d8IGk,key.T.p20.block3,9,9,0.04453775597115358,0.03522715282936891
PwapK9d8IGk$_$4,PwapK9d8IGk,key.T.p20.word,9,9,0.03522715282936891,0.03522715282936891
PwapK9d8IGk$_$4,PwapK9d8IGk,key.A.p20.block3,9,9,0.0017176376034816105,0.000597229537864526
PwapK9d8IGk$_$4,PwapK9d8IGk,key.V.p20.block3,9,9,0.0029356914261976876,0.0018135607242584229
PyQrAYl1bFs$_$0,PyQrAYl1bFs,key.T.p20.block3,2,2,0.016918266812960308,0.0272408127784729
PyQrAYl1bFs$_$0,PyQrAYl1bFs,key.T.p20.word,2,2,0.0272408127784729,0.0272408127784729
PyQrAYl1bFs$_$0,PyQrAYl1bFs,key.A.p20.block3,2,2,0.0021052608887354536,0.009043539563814798
PyQrAYl1bFs$_$0,PyQrAYl1bFs,key.V.p20.block3,2,2,0.015255217750867208,0.016722604632377625
PyQrAYl1bFs$_$3,PyQrAYl1bFs,key.T.p20.block3,3,3,0.055729473630587265,0.055412103732426964
PyQrAYl1bFs$_$3,PyQrAYl1bFs,key.T.p20.word,3,3,0.007235358158747355,0.055412103732426964
PyQrAYl1bFs$_$3,PyQrAYl1bFs,key.A.p20.block3,3,3,0.007152865330378215,0.0034218033154805503
PyQrAYl1bFs$_$3,PyQrAYl1bFs,key.V.p20.block3,3,3,0.0043920377890268964,0.0019531051317850747
PyQrAYl1bFs$_$4,PyQrAYl1bFs,key.T.p20.block3,4,4,0.015430827935536703,0.015726948777834576
PyQrAYl1bFs$_$4,PyQrAYl1bFs,key.T.p20.word,4,4,0.013683532675107319,0.015726948777834576
PyQrAYl1bFs$_$4,PyQrAYl1bFs,key.A.p20.block3,4,4,0.009117657939592997,0.0049636512994766235
PyQrAYl1bFs$_$4,PyQrAYl1bFs,key.V.p20.block3,4,4,0.0034159620602925616,0.000646442174911499
Q4WzApjaCNI$_$0,Q4WzApjaCNI,key.T.p20.block3,3,3,0.06870111574729283,0.044780646761258446
Q4WzApjaCNI$_$0,Q4WzApjaCNI,key.T.p20.word,3,3,0.044780646761258446,0.044780646761258446
Q4WzApjaCNI$_$0,Q4WzApjaCNI,key.A.p20.block3,3,3,0.012819404403368631,0.005610962708791097
Q7S0tX4FUNA$_$4,Q7S0tX4FUNA,key.T.p20.block3,4,4,0.3392321228360136,0.12468395009636879
Q7S0tX4FUNA$_$4,Q7S0tX4FUNA,key.T.p20.word,4,4,0.12468395009636879,0.12468395009636879
Q7S0tX4FUNA$_$4,Q7S0tX4FUNA,key.A.p20.block3,4,4,0.012040860950946808,0.0037499194343884787
Q7S0tX4FUNA$_$4,Q7S0tX4FUNA,key.V.p20.block3,4,4,0.006306000053882599,0.010139393309752148
Q7S0tX4FUNA$_$7,Q7S0tX4FUNA,key.T.p20.block3,2,2,0.04897293200095495,0.10178424666325252
Q7S0tX4FUNA$_$7,Q7S0tX4FUNA,key.T.p20.word,2,2,0.10178424666325252,0.10178424666325252
Q7S0tX4FUNA$_$7,Q7S0tX4FUNA,key.A.p20.block3,2,2,0.006824682156244914,0.004697372515996298
Q7S0tX4FUNA$_$8,Q7S0tX4FUNA,key.T.p20.block3,3,3,0.10103772580623627,0.01575352748235067
Q7S0tX4FUNA$_$8,Q7S0tX4FUNA,key.T.p20.word,3,3,0.003941819071769714,0.01575352748235067
Q7S0tX4FUNA$_$8,Q7S0tX4FUNA,key.A.p20.block3,3,3,0.004196827610333761,0.004413381218910217
Q7S0tX4FUNA$_$8,Q7S0tX4FUNA,key.V.p20.block3,3,3,0.014614428083101908,0.0018795132637023926
Qa6Yz62V-Yc$_$0,Qa6Yz62V-Yc,key.T.p20.block3,6,6,0.02381170665224393,0.08547390624880791
Qa6Yz62V-Yc$_$0,Qa6Yz62V-Yc,key.T.p20.word,6,6,0.08547390624880791,0.08547390624880791
Qa6Yz62V-Yc$_$0,Qa6Yz62V-Yc,key.A.p20.block3,6,6,0.0013327151536941528,0.011604778468608856
Qa6Yz62V-Yc$_$0,Qa6Yz62V-Yc,key.V.p20.block3,6,6,0.0014381085832913718,0.0016396716237068176
QjcQx8_PQfw$_$10,QjcQx8_PQfw,key.T.p20.block3,5,5,0.057818636298179626,0.02048642933368683
QjcQx8_PQfw$_$10,QjcQx8_PQfw,key.T.p20.word,5,5,0.016081690788269043,0.02048642933368683
QjcQx8_PQfw$_$10,QjcQx8_PQfw,key.A.p20.block3,5,5,0.004220997293790181,0.0025536169608434043
QjcQx8_PQfw$_$10,QjcQx8_PQfw,key.V.p20.block3,5,5,0.004847422242164612,0.013344223300615948
QjcQx8_PQfw$_$7,QjcQx8_PQfw,key.T.p20.block3,4,4,0.03644260764122009,0.09506647288799286
QjcQx8_PQfw$_$7,QjcQx8_PQfw,key.T.p20.word,4,4,0.15680203710993132,0.09506647288799286
QjcQx8_PQfw$_$7,QjcQx8_PQfw,key.A.p20.block3,4,4,0.005557677708566189,0.007837816451986631
QjcQx8_PQfw$_$7,QjcQx8_PQfw,key.V.p20.block3,4,4,0.006089402673145135,0.006262518775959809
QpchvHpGFc8$_$3,QpchvHpGFc8,key.T.p20.block3,5,5,0.15080674861868223,0.09500910465915997
QpchvHpGFc8$_$3,QpchvHpGFc8,key.T.p20.word,5,5,0.09500910465915997,0.09500910465915997
QpchvHpGFc8$_$3,QpchvHpGFc8,key.A.p20.block3,5,5,0.010312149922053019,0.0013324121634165447
QpchvHpGFc8$_$3,QpchvHpGFc8,key.V.p20.block3,5,5,0.015872399012247723,0.006217367947101593
RArhIHk4Qs4$_$13,RArhIHk4Qs4,key.T.p20.block3,2,2,0.04163265476624171,0.09747058401505153
RArhIHk4Qs4$_$13,RArhIHk4Qs4,key.T.p20.word,2,2,0.09747058401505153,0.09747058401505153
RArhIHk4Qs4$_$13,RArhIHk4Qs4,key.A.p20.block3,2,2,0.0027815575400988264,0.00929504136244456
RArhIHk4Qs4$_$13,RArhIHk4Qs4,key.V.p20.block3,2,2,0.0025934825340906778,0.0006379162271817526
RArhIHk4Qs4$_$17,RArhIHk4Qs4,key.T.p20.block3,1,1,0.035180071989695236,0.14250517388184866
RArhIHk4Qs4$_$17,RArhIHk4Qs4,key.T.p20.word,1,1,0.14250517388184866,0.14250517388184866
RArhIHk4Qs4$_$17,RArhIHk4Qs4,key.A.p20.block3,1,1,0.0034745484590530396,0.0037322044372558594
RArhIHk4Qs4$_$17,RArhIHk4Qs4,key.V.p20.block3,1,1,0.0021372437477111816,0.0021372437477111816
RArhIHk4Qs4$_$16,RArhIHk4Qs4,key.T.p20.block3,3,3,0.3114040723691384,0.17563909416397414
RArhIHk4Qs4$_$16,RArhIHk4Qs4,key.T.p20.word,4,4,0.09051273763179779,0.09051273763179779
RArhIHk4Qs4$_$16,RArhIHk4Qs4,key.A.p20.block3,3,3,0.006177529692649841,0.00513183573881785
RArhIHk4Qs4$_$16,RArhIHk4Qs4,key.V.p20.block3,3,3,0.0018723756074905396,0.0018115639686584473
RArhIHk4Qs4$_$19,RArhIHk4Qs4,key.T.p20.block3,2,2,0.018933153400818508,0.018560189753770828
RArhIHk4Qs4$_$19,RArhIHk4Qs4,key.T.p20.word,2,2,0.018560189753770828,0.018560189753770828
RArhIHk4Qs4$_$19,RArhIHk4Qs4,key.A.p20.block3,2,2,0.004042728493611017,0.004650426407655081
RArhIHk4Qs4$_$19,RArhIHk4Qs4,key.V.p20.block3,2,2,0.0022295744468768435,0.0034542356928189597
RArhIHk4Qs4$_$1,RArhIHk4Qs4,key.T.p20.block3,7,7,0.0222368190685908,0.0611186350385348
RArhIHk4Qs4$_$1,RArhIHk4Qs4,key.T.p20.word,7,7,0.044843306144078575,0.0611186350385348
RArhIHk4Qs4$_$1,RArhIHk4Qs4,key.A.p20.block3,7,7,0.003132517139116923,0.005962605277697246
RArhIHk4Qs4$_$1,RArhIHk4Qs4,key.V.p20.block3,7,7,0.01479130486647288,0.018008897701899212
RArhIHk4Qs4$_$2,RArhIHk4Qs4,key.T.p20.block3,6,6,0.0270179050664107,0.012469672908385595
RArhIHk4Qs4$_$2,RArhIHk4Qs4,key.T.p20.word,6,6,0.028531188766161602,0.012469672908385595
RArhIHk4Qs4$_$2,RArhIHk4Qs4,key.A.p20.block3,6,6,0.005662836134433746,0.007636037965615591
RArhIHk4Qs4$_$2,RArhIHk4Qs4,key.V.p20.block3,6,6,0.05476685365041097,0.05572502873837948
RArhIHk4Qs4$_$7,RArhIHk4Qs4,key.T.p20.block3,3,3,0.04393159473935763,0.0699884481728077
RArhIHk4Qs4$_$7,RArhIHk4Qs4,key.T.p20.word,3,3,0.0699884481728077,0.0699884481728077
RArhIHk4Qs4$_$7,RArhIHk4Qs4,key.A.p20.block3,3,3,0.01154003789027532,0.005970299243927002
RArhIHk4Qs4$_$7,RArhIHk4Qs4,key.V.p20.block3,3,3,0.00528867170214653,0.00528867170214653
RArhIHk4Qs4$_$6,RArhIHk4Qs4,key.T.p20.block3,5,5,0.07236310467123985,0.20029679561654726
RArhIHk4Qs4$_$6,RArhIHk4Qs4,key.T.p20.word,5,5,0.20029679561654726,0.20029679561654726
RArhIHk4Qs4$_$6,RArhIHk4Qs4,key.A.p20.block3,5,5,0.0023224391043186188,0.0036302941540877023
RArhIHk4Qs4$_$6,RArhIHk4Qs4,key.V.p20.block3,5,5,0.004641300688187282,0.011127774914105734
RArhIHk4Qs4$_$8,RArhIHk4Qs4,key.T.p20.block3,2,2,0.04515607158342998,0.4598852793375651
RArhIHk4Qs4$_$8,RArhIHk4Qs4,key.T.p20.word,2,2,0.4598852793375651,0.4598852793375651
RArhIHk4Qs4$_$8,RArhIHk4Qs4,key.A.p20.block3,2,2,0.002458721399307251,0.0007136762142181396
RArhIHk4Qs4$_$8,RArhIHk4Qs4,key.V.p20.block3,2,2,0.004249175389607748,0.00759391983350118
RArhIHk4Qs4$_$21,RArhIHk4Qs4,key.T.p20.block3,0,1,0.0,0.0609339823325475
RArhIHk4Qs4$_$21,RArhIHk4Qs4,key.T.p20.word,1,1,0.0609339823325475,0.0609339823325475
RArhIHk4Qs4$_$21,RArhIHk4Qs4,key.A.p20.block3,0,1,0.0,0.003543625275293986
RArhIHk4Qs4$_$21,RArhIHk4Qs4,key.V.p20.block3,0,1,0.0,0.00566217303276062
ROcTx5VEn7o$_$11,ROcTx5VEn7o,key.T.p20.block3,6,6,0.018589171270529427,0.0631168857216835
ROcTx5VEn7o$_$11,ROcTx5VEn7o,key.T.p20.word,7,7,0.0289180725812912,0.06074071923891703
ROcTx5VEn7o$_$11,ROcTx5VEn7o,key.A.p20.block3,6,6,0.008067108690738678,0.0021446918447812395
ROcTx5VEn7o$_$11,ROcTx5VEn7o,key.V.p20.block3,6,6,0.02413726349671682,0.024816361566384636
ROcTx5VEn7o$_$1,ROcTx5VEn7o,key.T.p20.block3,2,2,0.04183298613255223,0.04183298613255223
ROcTx5VEn7o$_$1,ROcTx5VEn7o,key.T.p20.word,2,2,0.04183298613255223,0.04183298613255223
ROcTx5VEn7o$_$1,ROcTx5VEn7o,key.A.p20.block3,2,2,0.0035665128380060196,0.0006611041414240996
ROcTx5VEn7o$_$1,ROcTx5VEn7o,key.V.p20.block3,2,2,0.001469091357042392,0.006134695218255122
ROcTx5VEn7o$_$5,ROcTx5VEn7o,key.T.p20.block3,5,5,0.10170956701040268,0.028427551190058388
ROcTx5VEn7o$_$5,ROcTx5VEn7o,key.T.p20.word,5,5,0.028427551190058388,0.028427551190058388
ROcTx5VEn7o$_$5,ROcTx5VEn7o,key.A.p20.block3,5,5,0.003147775928179423,0.008228349188963572
ROcTx5VEn7o$_$5,ROcTx5VEn7o,key.V.p20.block3,5,5,0.008660783370335896,0.01651450743277868
ROcTx5VEn7o$_$9,ROcTx5VEn7o,key.T.p20.block3,3,3,0.04826583154499531,0.04422181844711304
ROcTx5VEn7o$_$9,ROcTx5VEn7o,key.T.p20.word,3,3,0.008231264383842547,0.04422181844711304
ROcTx5VEn7o$_$9,ROcTx5VEn7o,key.A.p20.block3,3,3,0.005176885674397151,0.0018978249281644821
ROcTx5VEn7o$_$9,ROcTx5VEn7o,key.V.p20.block3,3,3,0.005366521577040354,0.005042769014835358
RrGpzInAwCg$_$0,RrGpzInAwCg,key.T.p20.block3,3,3,0.046347931027412415,0.01401112973690033
RrGpzInAwCg$_$0,RrGpzInAwCg,key.T.p20.word,3,3,0.01401112973690033,0.01401112973690033
RrGpzInAwCg$_$0,RrGpzInAwCg,key.A.p20.block3,3,3,0.0030276626348495483,0.0012088765700658164
RrGpzInAwCg$_$0,RrGpzInAwCg,key.V.p20.block3,3,3,0.0005448261896769206,0.0007653584082921346
RzOFxDk26p0$_$1,RzOFxDk26p0,key.T.p20.block3,9,9,0.05263687173525492,0.10473076005776724
RzOFxDk26p0$_$1,RzOFxDk26p0,key.T.p20.word,9,9,0.10473076005776724,0.10473076005776724
RzOFxDk26p0$_$1,RzOFxDk26p0,key.A.p20.block3,9,9,0.0008191665013631185,0.0025066832701365156
RzOFxDk26p0$_$1,RzOFxDk26p0,key.V.p20.block3,9,9,4.552801450093587e-05,5.326668421427409e-05
RzOFxDk26p0$_$0,RzOFxDk26p0,key.T.p20.block3,5,5,0.05683059245347977,0.07329337298870087
RzOFxDk26p0$_$0,RzOFxDk26p0,key.T.p20.word,5,5,0.07329337298870087,0.07329337298870087
RzOFxDk26p0$_$0,RzOFxDk26p0,key.A.p20.block3,5,5,0.006394699215888977,0.006010497609774271
RzOFxDk26p0$_$0,RzOFxDk26p0,key.V.p20.block3,5,5,0.00017757217089335126,0.0006063381830851237
SHa756SwGJQ$_$0,SHa756SwGJQ,key.T.p20.block3,3,3,0.0649690752228101,0.10353769858678182
SHa756SwGJQ$_$0,SHa756SwGJQ,key.T.p20.word,3,3,0.10353769858678182,0.10353769858678182
SHa756SwGJQ$_$0,SHa756SwGJQ,key.A.p20.block3,3,3,0.005067057907581329,0.006360883514086406
SHa756SwGJQ$_$0,SHa756SwGJQ,key.V.p20.block3,1,1,0.05436832209428151,0.05436832209428151
SHa756SwGJQ$_$2,SHa756SwGJQ,key.T.p20.block3,6,6,0.12926124036312103,0.037535677353541054
SHa756SwGJQ$_$2,SHa756SwGJQ,key.T.p20.word,6,6,0.037535677353541054,0.037535677353541054
SHa756SwGJQ$_$2,SHa756SwGJQ,key.A.p20.block3,6,6,0.0030233412981033325,0.0023468782504399615
SHa756SwGJQ$_$2,SHa756SwGJQ,key.V.p20.block3,6,6,0.009254321455955505,0.018580764532089233
SHa756SwGJQ$_$4,SHa756SwGJQ,key.T.p20.block3,3,3,0.09303619557370742,0.12274520902428776
SHa756SwGJQ$_$4,SHa756SwGJQ,key.T.p20.word,3,3,0.12816659516344467,0.12274520902428776
SHa756SwGJQ$_$4,SHa756SwGJQ,key.A.p20.block3,3,3,0.006774443201720715,0.006919483033319315
SHa756SwGJQ$_$4,SHa756SwGJQ,key.V.p20.block3,3,3,0.0017259192342559497,0.0018269562472899756
SHa756SwGJQ$_$7,SHa756SwGJQ,key.T.p20.block3,3,3,0.018572799861431122,0.0450513834754626
SHa756SwGJQ$_$7,SHa756SwGJQ,key.T.p20.word,3,3,0.026614105949799217,0.0450513834754626
SHa756SwGJQ$_$7,SHa756SwGJQ,key.A.p20.block3,3,3,0.006031125783920288,0.002936745062470436
SHa756SwGJQ$_$7,SHa756SwGJQ,key.V.p20.block3,3,3,0.0022167544811964035,0.0017969363058606784
SHa756SwGJQ$_$6,SHa756SwGJQ,key.T.p20.block3,3,3,0.01994621256987254,0.043332998951276146
SHa756SwGJQ$_$6,SHa756SwGJQ,key.T.p20.word,3,3,0.02536043773094813,0.043332998951276146
SHa756SwGJQ$_$6,SHa756SwGJQ,key.A.p20.block3,3,3,0.011825566490491232,0.006893165409564972
SHa756SwGJQ$_$6,SHa756SwGJQ,key.V.p20.block3,3,3,0.0008817737301190693,0.0005121082067489624
TH32jop4FiI$_$15,TH32jop4FiI,key.T.p20.block3,4,4,0.010517100493113201,0.34692325443029404
TH32jop4FiI$_$15,TH32jop4FiI,key.T.p20.word,4,4,0.3307794655362765,0.34692325443029404
TH32jop4FiI$_$15,TH32jop4FiI,key.A.p20.block3,4,4,0.0018138835827509563,0.006482928991317749
TH32jop4FiI$_$15,TH32jop4FiI,key.V.p20.block3,4,4,0.0014040072758992514,0.006510794162750244
TH32jop4FiI$_$17,TH32jop4FiI,key.T.p20.block3,6,6,0.0898938849568367,0.10519897689421971
TH32jop4FiI$_$17,TH32jop4FiI,key.T.p20.word,6,6,0.12577258795499802,0.10519897689421971
TH32jop4FiI$_$17,TH32jop4FiI,key.A.p20.block3,6,6,0.003364754219849904,0.002534088989098867
TH32jop4FiI$_$17,TH32jop4FiI,key.V.p20.block3,6,6,0.00850756714741389,0.005295611917972565
TWszOxkOV0w$_$1,TWszOxkOV0w,key.T.p20.block3,8,8,0.3872237727046013,0.4058655009915431
TWszOxkOV0w$_$1,TWszOxkOV0w,key.T.p20.word,8,8,0.3907407031704982,0.4058655009915431
TWszOxkOV0w$_$1,TWszOxkOV0w,key.A.p20.block3,8,8,0.01669088254372279,0.0040122295419375105
TWszOxkOV0w$_$1,TWszOxkOV0w,key.V.p20.block3,8,8,0.002010398854811986,0.00041753922899564105
TXCXFYIc3Yo$_$16,TXCXFYIc3Yo,key.T.p20.block3,5,5,0.03440512220064799,0.11810865501562755
TXCXFYIc3Yo$_$16,TXCXFYIc3Yo,key.T.p20.word,5,5,0.1275994305809339,0.11810865501562755
TXCXFYIc3Yo$_$16,TXCXFYIc3Yo,key.A.p20.block3,5,5,0.01069001853466034,0.003648971517880758
TXCXFYIc3Yo$_$16,TXCXFYIc3Yo,key.V.p20.block3,5,5,0.010080426931381226,0.008032570282618204
TXCXFYIc3Yo$_$2,TXCXFYIc3Yo,key.T.p20.block3,3,3,0.24834080040454865,0.24834080040454865
TXCXFYIc3Yo$_$2,TXCXFYIc3Yo,key.T.p20.word,4,4,0.2673715129494667,0.16647417346636453
TXCXFYIc3Yo$_$2,TXCXFYIc3Yo,key.A.p20.block3,3,3,0.007417947053909302,0.003224144379297892
TXCXFYIc3Yo$_$2,TXCXFYIc3Yo,key.V.p20.block3,3,3,0.0036814709504445395,0.0015838096539179485
TXCXFYIc3Yo$_$7,TXCXFYIc3Yo,key.T.p20.block3,8,8,0.2579609031478564,0.32756590594847995
TXCXFYIc3Yo$_$7,TXCXFYIc3Yo,key.T.p20.word,8,8,0.3394456058740616,0.32756590594847995
TXCXFYIc3Yo$_$7,TXCXFYIc3Yo,key.A.p20.block3,8,8,0.008601754903793335,0.00446640948454539
TXCXFYIc3Yo$_$7,TXCXFYIc3Yo,key.V.p20.block3,8,8,0.002224365870157878,0.0038536439339319863
TXCXFYIc3Yo$_$6,TXCXFYIc3Yo,key.T.p20.block3,4,4,0.0459823285539945,0.24419485653440157
TXCXFYIc3Yo$_$6,TXCXFYIc3Yo,key.T.p20.word,4,4,0.02716095248858134,0.24419485653440157
TXCXFYIc3Yo$_$6,TXCXFYIc3Yo,key.A.p20.block3,4,4,0.00666785736878713,0.004397730032602946
TXCXFYIc3Yo$_$6,TXCXFYIc3Yo,key.V.p20.block3,4,4,0.0036189605792363486,0.003672182559967041
TYJzg5IJN8o$_$11,TYJzg5IJN8o,key.T.p20.block3,10,10,0.025716446340084076,0.08302391072114308
TYJzg5IJN8o$_$11,TYJzg5IJN8o,key.T.p20.word,10,10,0.08302391072114308,0.08302391072114308
TYJzg5IJN8o$_$11,TYJzg5IJN8o,key.A.p20.block3,10,10,0.0014854011436303456,0.002207013467947642
TYJzg5IJN8o$_$11,TYJzg5IJN8o,key.V.p20.block3,10,10,0.0011915465195973716,0.0007335965832074483
TYJzg5IJN8o$_$10,TYJzg5IJN8o,key.T.p20.block3,6,6,0.04098141690095266,0.03174051331977049
TYJzg5IJN8o$_$10,TYJzg5IJN8o,key.T.p20.word,6,6,0.03174051331977049,0.03174051331977049
TYJzg5IJN8o$_$10,TYJzg5IJN8o,key.A.p20.block3,6,6,0.0012440594534079235,0.00403783315171798
TYJzg5IJN8o$_$10,TYJzg5IJN8o,key.V.p20.block3,6,6,0.0016444607948263488,0.004474049434065819
TYJzg5IJN8o$_$14,TYJzg5IJN8o,key.T.p20.block3,6,6,0.1287046472231547,0.1117335855960846
TYJzg5IJN8o$_$14,TYJzg5IJN8o,key.T.p20.word,6,6,0.08556867142518362,0.1117335855960846
TYJzg5IJN8o$_$14,TYJzg5IJN8o,key.A.p20.block3,6,6,0.004028439521789551,0.00407348076502482
TYJzg5IJN8o$_$14,TYJzg5IJN8o,key.V.p20.block3,6,6,0.002491136391957601,0.001180887222290039
TYJzg5IJN8o$_$0,TYJzg5IJN8o,key.T.p20.block3,6,6,0.07734512289365132,0.00813002387682597
TYJzg5IJN8o$_$0,TYJzg5IJN8o,key.T.p20.word,6,6,0.09423234065373738,0.00813002387682597
TYJzg5IJN8o$_$0,TYJzg5IJN8o,key.A.p20.block3,6,6,0.0018289188543955486,0.0009752412637074788
TYJzg5IJN8o$_$0,TYJzg5IJN8o,key.V.p20.block3,6,6,0.0010687311490376792,0.007435431083043416
TYJzg5IJN8o$_$4,TYJzg5IJN8o,key.T.p20.block3,7,7,0.11320305367310843,0.08563610414663951
TYJzg5IJN8o$_$4,TYJzg5IJN8o,key.T.p20.word,7,7,0.08563610414663951,0.08563610414663951
TYJzg5IJN8o$_$4,TYJzg5IJN8o,key.A.p20.block3,7,7,0.0033477147420247397,0.0022617975870768228
TYJzg5IJN8o$_$4,TYJzg5IJN8o,key.V.p20.block3,7,7,0.0012939472993214927,0.003077000379562378
TYJzg5IJN8o$_$7,TYJzg5IJN8o,key.T.p20.block3,5,5,0.1478718708579739,0.045756290356318154
TYJzg5IJN8o$_$7,TYJzg5IJN8o,key.T.p20.word,5,5,0.050418272614479065,0.045756290356318154
TYJzg5IJN8o$_$7,TYJzg5IJN8o,key.A.p20.block3,5,5,0.001088117559750875,0.007531888782978058
TYJzg5IJN8o$_$7,TYJzg5IJN8o,key.V.p20.block3,5,5,0.004781375328699748,0.011656589806079865
Uc_6d-fkZEc$_$3,Uc_6d-fkZEc,key.T.p20.block3,3,3,0.05663119753201802,0.08313494424025217
Uc_6d-fkZEc$_$3,Uc_6d-fkZEc,key.T.p20.word,3,3,0.08313494424025217,0.08313494424025217
Uc_6d-fkZEc$_$3,Uc_6d-fkZEc,key.A.p20.block3,3,3,0.0010947386423746743,0.0010903577009836833
Uc_6d-fkZEc$_$3,Uc_6d-fkZEc,key.V.p20.block3,3,3,0.00025010108947753906,0.0006533463795979818
UlTJmndbGHM$_$1,UlTJmndbGHM,key.T.p20.block3,3,3,0.04042779405911763,0.2830435782670975
UlTJmndbGHM$_$1,UlTJmndbGHM,key.T.p20.word,3,3,0.2830435782670975,0.2830435782670975
UlTJmndbGHM$_$1,UlTJmndbGHM,key.A.p20.block3,3,3,0.0015309651692708333,0.0015899439652760825
UlTJmndbGHM$_$1,UlTJmndbGHM,key.V.p20.block3,3,3,0.0005770126978556316,0.0004042486349741618
UlTJmndbGHM$_$4,UlTJmndbGHM,key.T.p20.block3,4,4,0.06986474990844727,0.2709589476386706
UlTJmndbGHM$_$4,UlTJmndbGHM,key.T.p20.word,4,4,0.2709589476386706,0.2709589476386706
UlTJmndbGHM$_$4,UlTJmndbGHM,key.A.p20.block3,4,4,0.002389661967754364,0.006573309501012167
VbV9S4svrTg$_$13,VbV9S4svrTg,key.T.p20.block3,2,2,0.1378425577034553,0.12602854295012852
VbV9S4svrTg$_$13,VbV9S4svrTg,key.T.p20.word,2,2,0.12602854295012852,0.12602854295012852
VbV9S4svrTg$_$13,VbV9S4svrTg,key.A.p20.block3,2,2,0.005905943612257639,0.016114694376786552
VbV9S4svrTg$_$13,VbV9S4svrTg,key.V.p20.block3,2,2,0.0007815013329188029,0.0010576918721199036
VbV9S4svrTg$_$3,VbV9S4svrTg,key.T.p20.block3,3,3,0.15597122007360062,0.1931825273980697
VbV9S4svrTg$_$3,VbV9S4svrTg,key.T.p20.word,3,3,0.09668479114770889,0.1931825273980697
VbV9S4svrTg$_$3,VbV9S4svrTg,key.A.p20.block3,3,3,0.005764098837971687,0.004583628848195076
VbV9S4svrTg$_$3,VbV9S4svrTg,key.V.p20.block3,3,3,0.002490011975169182,0.001780048633615176
VbV9S4svrTg$_$7,VbV9S4svrTg,key.T.p20.block3,2,2,0.07466647525628409,0.16447892785072327
VbV9S4svrTg$_$7,VbV9S4svrTg,key.T.p20.word,2,2,0.16447892785072327,0.16447892785072327
VbV9S4svrTg$_$7,VbV9S4svrTg,key.A.p20.block3,2,2,0.0015883793433507283,0.00163439412911733
VbV9S4svrTg$_$7,VbV9S4svrTg,key.V.p20.block3,2,2,0.0003845145304997762,0.00023327767848968506
VbV9S4svrTg$_$8,VbV9S4svrTg,key.T.p20.block3,3,3,0.09579729537169139,0.11957031860947609
VbV9S4svrTg$_$8,VbV9S4svrTg,key.T.p20.word,3,3,0.11957031860947609,0.11957031860947609
VbV9S4svrTg$_$8,VbV9S4svrTg,key.A.p20.block3,3,3,0.010828802982966106,0.025713816285133362
VbV9S4svrTg$_$8,VbV9S4svrTg,key.V.p20.block3,3,3,0.003397539258003235,0.003259629011154175
VinxKpWioTo$_$1,VinxKpWioTo,key.T.p20.block3,10,10,0.03773073355356853,0.09749549130598703
VinxKpWioTo$_$1,VinxKpWioTo,key.T.p20.word,10,10,0.0856232444445292,0.09749549130598703
VinxKpWioTo$_$1,VinxKpWioTo,key.A.p20.block3,10,10,0.0032621423403422036,0.0009243388970692952
VinxKpWioTo$_$1,VinxKpWioTo,key.V.p20.block3,10,10,0.003953744967778524,0.004087477922439575
VinxKpWioTo$_$0,VinxKpWioTo,key.T.p20.block3,2,2,0.045065986613432564,0.11563698636988799
VinxKpWioTo$_$0,VinxKpWioTo,key.T.p20.word,2,2,0.026151287058989208,0.11563698636988799
VinxKpWioTo$_$0,VinxKpWioTo,key.A.p20.block3,2,2,0.016095620890458424,0.016095620890458424
VinxKpWioTo$_$0,VinxKpWioTo,key.V.p20.block3,2,2,0.003918994218111038,0.004933901131153107
VinxKpWioTo$_$3,VinxKpWioTo,key.T.p20.block3,6,6,0.1012170637647311,0.05465848743915558
VinxKpWioTo$_$3,VinxKpWioTo,key.T.p20.word,6,6,0.05465848743915558,0.05465848743915558
VinxKpWioTo$_$3,VinxKpWioTo,key.A.p20.block3,6,6,0.002348393201828003,0.0005660752455393474
VinxKpWioTo$_$3,VinxKpWioTo,key.V.p20.block3,6,6,0.010277728239695232,0.004456013441085815
VinxKpWioTo$_$5,VinxKpWioTo,key.T.p20.block3,3,3,0.07154487073421478,0.07154487073421478
VinxKpWioTo$_$5,VinxKpWioTo,key.T.p20.word,4,4,0.07612834870815277,0.05055420597394307
VinxKpWioTo$_$5,VinxKpWioTo,key.A.p20.block3,3,3,0.0033480326334635415,0.000928729772567749
VinxKpWioTo$_$5,VinxKpWioTo,key.V.p20.block3,3,3,0.007608185211817424,0.008959223826726277
ViyQVpGW05w$_$1,ViyQVpGW05w,key.T.p20.block3,3,3,0.012506132324536642,0.01514461636543274
ViyQVpGW05w$_$1,ViyQVpGW05w,key.T.p20.word,3,3,0.06590443352858226,0.01514461636543274
ViyQVpGW05w$_$1,ViyQVpGW05w,key.A.p20.block3,3,3,0.007557282845179239,0.0052831172943115234
ViyQVpGW05w$_$1,ViyQVpGW05w,key.V.p20.block3,3,3,0.0016449143489201865,0.0006554673115412394
ViyQVpGW05w$_$4,ViyQVpGW05w,key.T.p20.block3,3,3,0.21370451400677362,0.21370451400677362
ViyQVpGW05w$_$4,ViyQVpGW05w,key.T.p20.word,3,3,0.21370451400677362,0.21370451400677362
ViyQVpGW05w$_$4,ViyQVpGW05w,key.A.p20.block3,3,3,0.01589372257391612,0.002083897590637207
ViyQVpGW05w$_$4,ViyQVpGW05w,key.V.p20.block3,3,3,0.005279054244359334,0.002745469411214193
ViyQVpGW05w$_$6,ViyQVpGW05w,key.T.p20.block3,5,5,0.015216005345185598,0.011150330305099487
ViyQVpGW05w$_$6,ViyQVpGW05w,key.T.p20.word,5,5,0.028331518173217773,0.011150330305099487
ViyQVpGW05w$_$6,ViyQVpGW05w,key.A.p20.block3,5,5,0.005506860713164012,0.0069271648923556
ViyQVpGW05w$_$6,ViyQVpGW05w,key.V.p20.block3,5,5,0.002165342370669047,0.0026612902681032815
Vuay0mVKkik$_$3,Vuay0mVKkik,key.T.p20.block3,5,5,0.09860514104366302,0.0147042249639829
Vuay0mVKkik$_$3,Vuay0mVKkik,key.T.p20.word,5,5,0.0147042249639829,0.0147042249639829
Vuay0mVKkik$_$3,Vuay0mVKkik,key.A.p20.block3,5,5,0.006409938136736551,0.002657383680343628
Vuay0mVKkik$_$3,Vuay0mVKkik,key.V.p20.block3,5,5,0.0030933568874994912,0.0015394290288289387
WmQF5RmbsVQ$_$6,WmQF5RmbsVQ,key.T.p20.block3,10,10,0.025007635354995728,0.02031625558932622
WmQF5RmbsVQ$_$6,WmQF5RmbsVQ,key.T.p20.word,10,10,0.02031625558932622,0.02031625558932622
WmQF5RmbsVQ$_$6,WmQF5RmbsVQ,key.A.p20.block3,10,10,0.007043244938055674,0.005021358529726664
WmQF5RmbsVQ$_$6,WmQF5RmbsVQ,key.V.p20.block3,10,10,0.01984301209449768,0.0235825777053833
Wrcf2xtqbkQ$_$9,Wrcf2xtqbkQ,key.T.p20.block3,6,6,0.015558205855389435,0.013300790451467037
Wrcf2xtqbkQ$_$9,Wrcf2xtqbkQ,key.T.p20.word,6,6,0.02452982876760264,0.013300790451467037
Wrcf2xtqbkQ$_$9,Wrcf2xtqbkQ,key.A.p20.block3,6,6,0.0021161070714394254,0.0032495601723591485
Wrcf2xtqbkQ$_$9,Wrcf2xtqbkQ,key.V.p20.block3,6,6,0.00043837415675322217,0.0017054695636034012
Wrcf2xtqbkQ$_$8,Wrcf2xtqbkQ,key.T.p20.block3,4,4,0.07970914244651794,0.052964262664318085
Wrcf2xtqbkQ$_$8,Wrcf2xtqbkQ,key.T.p20.word,4,4,0.021348007023334503,0.052964262664318085
Wrcf2xtqbkQ$_$8,Wrcf2xtqbkQ,key.A.p20.block3,4,4,0.003936933974424997,0.0009830445051193237
Wrcf2xtqbkQ$_$8,Wrcf2xtqbkQ,key.V.p20.block3,4,4,0.0012831216057141621,0.0022727797428766885
WxajvjGKz7Y$_$0,WxajvjGKz7Y,key.T.p20.block3,2,2,0.003803268074989319,0.057416290044784546
WxajvjGKz7Y$_$0,WxajvjGKz7Y,key.T.p20.word,2,2,0.04172032574812571,0.057416290044784546
WxajvjGKz7Y$_$0,WxajvjGKz7Y,key.A.p20.block3,2,2,0.005448892712593079,0.01182807981967926
WxajvjGKz7Y$_$0,WxajvjGKz7Y,key.V.p20.block3,2,2,0.003067488471666972,0.005037680268287659
WxajvjGKz7Y$_$3,WxajvjGKz7Y,key.T.p20.block3,4,4,0.042337700724601746,0.08467482775449753
WxajvjGKz7Y$_$3,WxajvjGKz7Y,key.T.p20.word,4,4,0.08467482775449753,0.08467482775449753
WxajvjGKz7Y$_$3,WxajvjGKz7Y,key.A.p20.block3,4,4,0.006391646961371103,0.003558939943710963
WxajvjGKz7Y$_$3,WxajvjGKz7Y,key.V.p20.block3,4,4,0.001662154992421468,0.002519547939300537
WxajvjGKz7Y$_$6,WxajvjGKz7Y,key.T.p20.block3,6,6,0.12798873086770376,0.061472057054440185
WxajvjGKz7Y$_$6,WxajvjGKz7Y,key.T.p20.word,6,6,0.024718592564264934,0.061472057054440185
WxajvjGKz7Y$_$6,WxajvjGKz7Y,key.A.p20.block3,6,6,0.0019061739246050517,0.00396844744682312
WxajvjGKz7Y$_$6,WxajvjGKz7Y,key.V.p20.block3,6,6,0.002400226891040802,0.00400883952776591
XIGpuL-Kkyk$_$12,XIGpuL-Kkyk,key.T.p20.block3,6,6,0.06513925890127818,0.23312681851287684
XIGpuL-Kkyk$_$12,XIGpuL-Kkyk,key.T.p20.word,6,6,0.23312681851287684,0.23312681851287684
XIGpuL-Kkyk$_$12,XIGpuL-Kkyk,key.A.p20.block3,6,6,0.0016536414623260498,0.0022985637187957764
XIGpuL-Kkyk$_$12,XIGpuL-Kkyk,key.V.p20.block3,2,2,5.463759104410808e-08,8.443991343180339e-08
XIGpuL-Kkyk$_$0,XIGpuL-Kkyk,key.T.p20.block3,3,3,0.3063800564656655,0.3059776828934749
XIGpuL-Kkyk$_$0,XIGpuL-Kkyk,key.T.p20.word,3,3,0.3059776828934749,0.3059776828934749
XIGpuL-Kkyk$_$0,XIGpuL-Kkyk,key.A.p20.block3,3,3,0.008345151940981546,0.0046144165098667145
XIGpuL-Kkyk$_$4,XIGpuL-Kkyk,key.T.p20.block3,4,4,0.1606706331173579,0.1328277885913849
XIGpuL-Kkyk$_$4,XIGpuL-Kkyk,key.T.p20.word,4,4,0.1328277885913849,0.1328277885913849
XIGpuL-Kkyk$_$4,XIGpuL-Kkyk,key.A.p20.block3,4,4,0.0011194944381713867,0.0006025433540344238
XIGpuL-Kkyk$_$4,XIGpuL-Kkyk,key.V.p20.block3,4,4,0.0020469725131988525,0.002651125192642212
XIGpuL-Kkyk$_$7,XIGpuL-Kkyk,key.T.p20.block3,0,1,0.0,0.08484670395652454
XIGpuL-Kkyk$_$7,XIGpuL-Kkyk,key.T.p20.word,1,1,0.08484670395652454,0.08484670395652454
XIGpuL-Kkyk$_$7,XIGpuL-Kkyk,key.A.p20.block3,0,1,0.0,0.0047254084299008054
XaVYxIW0FDg$_$2,XaVYxIW0FDg,key.T.p20.block3,7,7,0.10242159416278203,0.026566108067830402
XaVYxIW0FDg$_$2,XaVYxIW0FDg,key.T.p20.word,7,7,0.05943827082713445,0.026566108067830402
XaVYxIW0FDg$_$2,XaVYxIW0FDg,key.A.p20.block3,7,7,0.0033109113574028015,0.006079939504464467
XaVYxIW0FDg$_$2,XaVYxIW0FDg,key.V.p20.block3,7,7,0.008020502825578054,0.01616550733645757
XyP8bVmGX6M$_$4,XyP8bVmGX6M,key.T.p20.block3,4,4,0.0641744037469228,0.10953472057978311
XyP8bVmGX6M$_$4,XyP8bVmGX6M,key.T.p20.word,4,4,0.0036742289861043296,0.10953472057978311
XyP8bVmGX6M$_$4,XyP8bVmGX6M,key.A.p20.block3,4,4,0.009943972031275432,0.007512142260869345
XyP8bVmGX6M$_$4,XyP8bVmGX6M,key.V.p20.block3,4,4,0.0012771785259246826,0.0009634196758270264
XzVapdEr_GY$_$3,XzVapdEr_GY,key.T.p20.block3,7,7,0.17394991715749106,0.20357971141735712
XzVapdEr_GY$_$3,XzVapdEr_GY,key.T.p20.word,7,7,0.20357971141735712,0.20357971141735712
XzVapdEr_GY$_$3,XzVapdEr_GY,key.A.p20.block3,7,7,0.006361350417137146,0.003647645314534505
XzVapdEr_GY$_$3,XzVapdEr_GY,key.V.p20.block3,7,7,0.0008642226457595825,0.000257412592569987
XzVapdEr_GY$_$4,XzVapdEr_GY,key.T.p20.block3,7,7,0.09725003441174826,0.11978823939959209
XzVapdEr_GY$_$4,XzVapdEr_GY,key.T.p20.word,7,7,0.11978823939959209,0.11978823939959209
XzVapdEr_GY$_$4,XzVapdEr_GY,key.A.p20.block3,7,7,0.0030091404914855957,0.0008141100406646729
XzVapdEr_GY$_$4,XzVapdEr_GY,key.V.p20.block3,7,7,0.0031706392765045166,0.0027614136536916094
Y7h-S3cJ52o$_$0,Y7h-S3cJ52o,key.T.p20.block3,2,2,0.015046127761403719,0.029568645482261974
Y7h-S3cJ52o$_$0,Y7h-S3cJ52o,key.T.p20.word,2,2,0.029568645482261974,0.029568645482261974
Y7h-S3cJ52o$_$0,Y7h-S3cJ52o,key.A.p20.block3,2,2,0.0076115746051073074,0.0021143214156230292
Y7h-S3cJ52o$_$0,Y7h-S3cJ52o,key.V.p20.block3,2,2,0.00146377831697464,0.0005829563985268275
Y7qkyMyanjU$_$2,Y7qkyMyanjU,key.T.p20.block3,2,2,0.010043429831663767,0.0739336038629214
Y7qkyMyanjU$_$2,Y7qkyMyanjU,key.T.p20.word,2,2,0.0739336038629214,0.0739336038629214
Y7qkyMyanjU$_$2,Y7qkyMyanjU,key.A.p20.block3,2,2,0.0026410197218259177,0.0006395777066548666
Y7qkyMyanjU$_$4,Y7qkyMyanjU,key.T.p20.block3,3,3,0.07488793134689331,0.012437780698140463
Y7qkyMyanjU$_$4,Y7qkyMyanjU,key.T.p20.word,3,3,0.009978905320167542,0.012437780698140463
Y7qkyMyanjU$_$4,Y7qkyMyanjU,key.A.p20.block3,3,3,0.006698797146479289,0.003281469146410624
YbuG8xyUO-o$_$3,YbuG8xyUO-o,key.T.p20.block3,3,3,0.05675505598386129,0.1266502539316813
YbuG8xyUO-o$_$3,YbuG8xyUO-o,key.T.p20.word,3,3,0.1266502539316813,0.1266502539316813
YbuG8xyUO-o$_$3,YbuG8xyUO-o,key.A.p20.block3,3,3,0.008926155666510265,0.00691566119591395
YbuG8xyUO-o$_$3,YbuG8xyUO-o,key.V.p20.block3,3,3,0.005970949927965799,0.0011990492542584736
YbuG8xyUO-o$_$2,YbuG8xyUO-o,key.T.p20.block3,3,3,0.051842128237088524,0.07213565707206726
YbuG8xyUO-o$_$2,YbuG8xyUO-o,key.T.p20.word,3,3,0.07213565707206726,0.07213565707206726
YbuG8xyUO-o$_$2,YbuG8xyUO-o,key.A.p20.block3,3,3,0.0135602205991745,0.006002197662989298
YbuG8xyUO-o$_$2,YbuG8xyUO-o,key.V.p20.block3,3,3,0.0029868384202321368,0.0012118419011433919
Z7L3V5bwzI0$_$2,Z7L3V5bwzI0,key.T.p20.block3,5,5,0.033043235540390015,0.050323307514190674
Z7L3V5bwzI0$_$2,Z7L3V5bwzI0,key.T.p20.word,5,5,0.03747233748435974,0.050323307514190674
Z7L3V5bwzI0$_$2,Z7L3V5bwzI0,key.A.p20.block3,5,5,0.0014641682306925454,0.002059598763783773
Z7L3V5bwzI0$_$2,Z7L3V5bwzI0,key.V.p20.block3,5,5,0.006540457407633463,0.004677633444468181
ZaoFHcbRM9g$_$3,ZaoFHcbRM9g,key.T.p20.block3,6,6,0.014408508936564129,0.1072460909684499
ZaoFHcbRM9g$_$3,ZaoFHcbRM9g,key.T.p20.word,6,6,0.1072460909684499,0.1072460909684499
ZaoFHcbRM9g$_$3,ZaoFHcbRM9g,key.A.p20.block3,6,6,0.0010420580705006919,0.0010201136271158855
ZaoFHcbRM9g$_$3,ZaoFHcbRM9g,key.V.p20.block3,6,6,0.03104789058367411,0.03626494109630585
ZaoFHcbRM9g$_$2,ZaoFHcbRM9g,key.T.p20.block3,2,2,0.07766904619832833,0.10421498181919257
ZaoFHcbRM9g$_$2,ZaoFHcbRM9g,key.T.p20.word,2,2,0.1379289235919714,0.10421498181919257
ZaoFHcbRM9g$_$2,ZaoFHcbRM9g,key.A.p20.block3,2,2,0.014247729443013668,0.014247729443013668
ZaoFHcbRM9g$_$2,ZaoFHcbRM9g,key.V.p20.block3,2,2,9.833027919133504e-05,0.00010133317361275355
ZaoFHcbRM9g$_$5,ZaoFHcbRM9g,key.T.p20.block3,3,3,0.05587718511621158,0.043542987356583275
ZaoFHcbRM9g$_$5,ZaoFHcbRM9g,key.T.p20.word,3,3,0.043542987356583275,0.043542987356583275
ZaoFHcbRM9g$_$5,ZaoFHcbRM9g,key.A.p20.block3,3,3,0.00589309756954511,0.004403120527664821
ZaoFHcbRM9g$_$5,ZaoFHcbRM9g,key.V.p20.block3,3,3,0.008553069084882736,0.008553069084882736
ZaoFHcbRM9g$_$9,ZaoFHcbRM9g,key.T.p20.block3,1,1,0.11427501558015743,0.18565441699077687
ZaoFHcbRM9g$_$9,ZaoFHcbRM9g,key.T.p20.word,1,1,0.18565441699077687,0.18565441699077687
ZaoFHcbRM9g$_$9,ZaoFHcbRM9g,key.A.p20.block3,1,1,0.004312179730429003,0.010305949486792088
ZaoFHcbRM9g$_$9,ZaoFHcbRM9g,key.V.p20.block3,1,1,0.0010642760122815766,0.0019391145712385576
ZaoFHcbRM9g$_$8,ZaoFHcbRM9g,key.T.p20.block3,2,2,0.014568189779917399,0.28852831323941547
ZaoFHcbRM9g$_$8,ZaoFHcbRM9g,key.T.p20.word,2,2,0.28852831323941547,0.28852831323941547
ZaoFHcbRM9g$_$8,ZaoFHcbRM9g,key.A.p20.block3,2,2,0.004562556743621826,0.0029742221037546797
ZaoFHcbRM9g$_$8,ZaoFHcbRM9g,key.V.p20.block3,2,2,0.00020603338877360025,0.0001404384771982829
Zvisaa77Cng$_$1,Zvisaa77Cng,key.T.p20.block3,4,4,0.18036545564730963,0.15553474922974905
Zvisaa77Cng$_$1,Zvisaa77Cng,key.T.p20.word,4,4,0.18036545564730963,0.15553474922974905
Zvisaa77Cng$_$1,Zvisaa77Cng,key.A.p20.block3,4,4,0.0017198274532953899,0.003811553120613098
Zvisaa77Cng$_$1,Zvisaa77Cng,key.V.p20.block3,4,4,0.010019655028978983,0.0064767152070999146
Zvisaa77Cng$_$5,Zvisaa77Cng,key.T.p20.block3,3,3,0.24543575445810953,0.04377323885758718
Zvisaa77Cng$_$5,Zvisaa77Cng,key.T.p20.word,3,3,0.2849707156419754,0.04377323885758718
Zvisaa77Cng$_$5,Zvisaa77Cng,key.A.p20.block3,3,3,0.005691878497600555,0.011287940045197804
Zvisaa77Cng$_$5,Zvisaa77Cng,key.V.p20.block3,3,3,0.008957902590433756,0.009491438666979471
_7HVhnSYX1Y$_$26,_7HVhnSYX1Y,key.T.p20.block3,3,3,0.043090494039158024,0.06316700577735901
_7HVhnSYX1Y$_$26,_7HVhnSYX1Y,key.T.p20.word,3,3,0.028401151299476624,0.06316700577735901
_7HVhnSYX1Y$_$26,_7HVhnSYX1Y,key.A.p20.block3,3,3,0.008183567474285763,0.002439870188633601
_7HVhnSYX1Y$_$26,_7HVhnSYX1Y,key.V.p20.block3,3,3,0.0064898865918318425,0.005326649794975917
_7HVhnSYX1Y$_$12,_7HVhnSYX1Y,key.T.p20.block3,4,4,0.03155454248189926,0.01251731812953949
_7HVhnSYX1Y$_$12,_7HVhnSYX1Y,key.T.p20.word,4,4,0.009361316760381062,0.01251731812953949
_7HVhnSYX1Y$_$12,_7HVhnSYX1Y,key.A.p20.block3,4,4,0.0011720707019170127,0.004013036688168844
_7HVhnSYX1Y$_$12,_7HVhnSYX1Y,key.V.p20.block3,4,4,0.0025595327218373614,0.011612345774968464
_7HVhnSYX1Y$_$14,_7HVhnSYX1Y,key.T.p20.block3,2,2,0.2975275234008829,0.2853305395692587
_7HVhnSYX1Y$_$14,_7HVhnSYX1Y,key.T.p20.word,2,2,0.2853305395692587,0.2853305395692587
_7HVhnSYX1Y$_$14,_7HVhnSYX1Y,key.A.p20.block3,2,2,0.002780412634213765,0.0019432753324508667
_7HVhnSYX1Y$_$14,_7HVhnSYX1Y,key.V.p20.block3,2,2,0.001183144748210907,0.0011925995349884033
_7HVhnSYX1Y$_$19,_7HVhnSYX1Y,key.T.p20.block3,3,3,0.11646231822669506,0.04464019524554411
_7HVhnSYX1Y$_$19,_7HVhnSYX1Y,key.T.p20.word,3,3,0.04464019524554411,0.04464019524554411
_7HVhnSYX1Y$_$19,_7HVhnSYX1Y,key.A.p20.block3,3,3,0.00737239234149456,0.006919157691299915
_7HVhnSYX1Y$_$19,_7HVhnSYX1Y,key.V.p20.block3,3,3,0.005900055790940921,0.015528914208213488
_7HVhnSYX1Y$_$31,_7HVhnSYX1Y,key.T.p20.block3,3,3,0.053714583317438766,0.07970934112866719
_7HVhnSYX1Y$_$31,_7HVhnSYX1Y,key.T.p20.word,3,3,0.14806942641735077,0.07970934112866719
_7HVhnSYX1Y$_$31,_7HVhnSYX1Y,key.A.p20.block3,3,3,0.003428091605504354,0.000628809134165446
_7HVhnSYX1Y$_$31,_7HVhnSYX1Y,key.V.p20.block3,3,3,0.0013636648654937744,0.0015801787376403809
_7HVhnSYX1Y$_$3,_7HVhnSYX1Y,key.T.p20.block3,5,5,0.0707231139143308,0.10337233295043309
_7HVhnSYX1Y$_$3,_7HVhnSYX1Y,key.T.p20.word,5,5,0.10075264672438304,0.10337233295043309
_7HVhnSYX1Y$_$3,_7HVhnSYX1Y,key.A.p20.block3,5,5,0.0034780353307724,0.00555087129275004
_7HVhnSYX1Y$_$3,_7HVhnSYX1Y,key.V.p20.block3,5,5,0.005166063706080119,0.003113947808742523
_BvNNdEkhZA$_$14,_BvNNdEkhZA,key.T.p20.block3,3,3,0.13314868013064066,0.0315865675608317
_BvNNdEkhZA$_$14,_BvNNdEkhZA,key.T.p20.word,3,3,0.04392938315868378,0.0315865675608317
_BvNNdEkhZA$_$14,_BvNNdEkhZA,key.A.p20.block3,3,3,0.00543704628944397,0.0031816562016805014
_BvNNdEkhZA$_$14,_BvNNdEkhZA,key.V.p20.block3,3,3,0.00186405082543691,0.004687458276748657
_BvNNdEkhZA$_$19,_BvNNdEkhZA,key.T.p20.block3,6,6,0.10011942933003108,0.13064402466018996
_BvNNdEkhZA$_$19,_BvNNdEkhZA,key.T.p20.word,6,6,0.08540624876817067,0.13064402466018996
_BvNNdEkhZA$_$19,_BvNNdEkhZA,key.A.p20.block3,6,6,0.0035885249574979148,0.0018854240576426189
_BvNNdEkhZA$_$19,_BvNNdEkhZA,key.V.p20.block3,6,6,0.005225062370300293,0.007020222644011179
_BvNNdEkhZA$_$7,_BvNNdEkhZA,key.T.p20.block3,5,5,0.060288881262143455,0.19544896359244981
_BvNNdEkhZA$_$7,_BvNNdEkhZA,key.T.p20.word,5,5,0.14220961183309555,0.19544896359244981
_BvNNdEkhZA$_$7,_BvNNdEkhZA,key.A.p20.block3,5,5,0.003080616394678752,0.004933426777521769
_BvNNdEkhZA$_$7,_BvNNdEkhZA,key.V.p20.block3,5,5,0.00583522766828537,0.013110900918642681
_BvNNdEkhZA$_$6,_BvNNdEkhZA,key.T.p20.block3,6,6,0.04843596120675405,0.05700458586215973
_BvNNdEkhZA$_$6,_BvNNdEkhZA,key.T.p20.word,6,6,0.044155001640319824,0.05700458586215973
_BvNNdEkhZA$_$6,_BvNNdEkhZA,key.A.p20.block3,6,6,0.002199130753676097,0.005305012067159017
_BvNNdEkhZA$_$6,_BvNNdEkhZA,key.V.p20.block3,6,6,0.0024570127328236895,0.0010400662819544475
_BvNNdEkhZA$_$9,_BvNNdEkhZA,key.T.p20.block3,3,3,0.08121996663976461,0.16495796820769706
_BvNNdEkhZA$_$9,_BvNNdEkhZA,key.T.p20.word,3,3,0.16495796820769706,0.16495796820769706
_BvNNdEkhZA$_$9,_BvNNdEkhZA,key.A.p20.block3,3,3,0.005130161841710408,0.003483126560846965
_BvNNdEkhZA$_$9,_BvNNdEkhZA,key.V.p20.block3,3,3,0.0022196099162101746,0.002458229660987854
_aZDaIfGfPo$_$1,_aZDaIfGfPo,key.T.p20.block3,9,9,0.049207478761672974,0.007158110539118449
_aZDaIfGfPo$_$1,_aZDaIfGfPo,key.T.p20.word,9,9,0.01854032278060913,0.007158110539118449
_aZDaIfGfPo$_$1,_aZDaIfGfPo,key.A.p20.block3,9,9,0.0020890533924102783,0.001736144224802653
_aZDaIfGfPo$_$1,_aZDaIfGfPo,key.V.p20.block3,9,9,0.003640999396642049,0.0026208559672037763
_aZDaIfGfPo$_$0,_aZDaIfGfPo,key.T.p20.block3,4,4,0.061157435178756714,0.04154759645462036
_aZDaIfGfPo$_$0,_aZDaIfGfPo,key.T.p20.word,4,4,0.021622021993001304,0.04154759645462036
_aZDaIfGfPo$_$0,_aZDaIfGfPo,key.A.p20.block3,4,4,0.006924887498219808,0.0006955464680989583
_aZDaIfGfPo$_$0,_aZDaIfGfPo,key.V.p20.block3,4,4,0.002114921808242798,0.00034097830454508465
_gr7o5ynhnw$_$13,_gr7o5ynhnw,key.T.p20.block3,7,7,0.03783469647169113,0.13340022414922714
_gr7o5ynhnw$_$13,_gr7o5ynhnw,key.T.p20.word,7,7,0.05230048547188441,0.13340022414922714
_gr7o5ynhnw$_$13,_gr7o5ynhnw,key.A.p20.block3,7,7,0.0028914560874303183,0.008424128095308939
_gr7o5ynhnw$_$13,_gr7o5ynhnw,key.V.p20.block3,7,7,0.0004340211550394694,0.0035639504591623945
_gr7o5ynhnw$_$12,_gr7o5ynhnw,key.T.p20.block3,3,3,0.13512174660960832,0.025771598021189373
_gr7o5ynhnw$_$12,_gr7o5ynhnw,key.T.p20.word,3,3,0.025771598021189373,0.025771598021189373
_gr7o5ynhnw$_$12,_gr7o5ynhnw,key.A.p20.block3,3,3,0.013168702522913616,0.006022810935974121
_gr7o5ynhnw$_$12,_gr7o5ynhnw,key.V.p20.block3,3,3,0.007471693058808644,0.00584897647301356
_gr7o5ynhnw$_$15,_gr7o5ynhnw,key.T.p20.block3,10,10,0.0945275624593099,0.06947893897692362
_gr7o5ynhnw$_$15,_gr7o5ynhnw,key.T.p20.word,10,10,0.06947893897692362,0.06947893897692362
_gr7o5ynhnw$_$15,_gr7o5ynhnw,key.A.p20.block3,10,10,0.0016930600007375083,0.001936246951421102
_gr7o5ynhnw$_$15,_gr7o5ynhnw,key.V.p20.block3,10,10,0.0027657548586527505,0.006379514932632446
_gzYkdjNvPc$_$12,_gzYkdjNvPc,key.T.p20.block3,2,2,0.02905893325805664,0.34298891325791675
_gzYkdjNvPc$_$12,_gzYkdjNvPc,key.T.p20.word,2,2,0.34298891325791675,0.34298891325791675
_gzYkdjNvPc$_$12,_gzYkdjNvPc,key.A.p20.block3,2,2,0.004588112235069275,0.005405207475026448
_gzYkdjNvPc$_$12,_gzYkdjNvPc,key.V.p20.block3,2,2,0.0037204672892888384,0.0009096960226694742
_gzYkdjNvPc$_$17,_gzYkdjNvPc,key.T.p20.block3,3,3,0.05523356795310974,0.10588521758715311
_gzYkdjNvPc$_$17,_gzYkdjNvPc,key.T.p20.word,3,3,0.10588521758715311,0.10588521758715311
_gzYkdjNvPc$_$17,_gzYkdjNvPc,key.A.p20.block3,3,3,0.005056788523991903,0.0018897056579589844
_gzYkdjNvPc$_$17,_gzYkdjNvPc,key.V.p20.block3,3,3,0.000989625851313273,0.0032723446687062583
_gzYkdjNvPc$_$1,_gzYkdjNvPc,key.T.p20.block3,5,5,0.27544171797732514,0.3867742717266083
_gzYkdjNvPc$_$1,_gzYkdjNvPc,key.T.p20.word,5,5,0.3913324649135272,0.3867742717266083
_gzYkdjNvPc$_$1,_gzYkdjNvPc,key.A.p20.block3,5,5,0.006168742974599203,0.0014371623595555625
_gzYkdjNvPc$_$1,_gzYkdjNvPc,key.V.p20.block3,5,5,0.006149078408877054,0.010940844813982647
_gzYkdjNvPc$_$3,_gzYkdjNvPc,key.T.p20.block3,3,3,0.04930854092041651,0.11093219618002574
_gzYkdjNvPc$_$3,_gzYkdjNvPc,key.T.p20.word,3,3,0.09499926492571831,0.11093219618002574
_gzYkdjNvPc$_$3,_gzYkdjNvPc,key.A.p20.block3,3,3,0.009496631721655527,0.0034377798438072205
_gzYkdjNvPc$_$3,_gzYkdjNvPc,key.V.p20.block3,3,3,0.0017930343747138977,0.000962647298971812
_gzYkdjNvPc$_$2,_gzYkdjNvPc,key.T.p20.block3,1,1,0.321766613672177,0.321766613672177
_gzYkdjNvPc$_$2,_gzYkdjNvPc,key.T.p20.word,1,1,0.321766613672177,0.321766613672177
_gzYkdjNvPc$_$2,_gzYkdjNvPc,key.A.p20.block3,1,1,0.0024428827067216234,0.007337260370453199
_gzYkdjNvPc$_$2,_gzYkdjNvPc,key.V.p20.block3,1,1,0.011912835141022999,0.011912835141022999
_gzYkdjNvPc$_$5,_gzYkdjNvPc,key.T.p20.block3,3,3,0.15706104785203934,0.18527021631598473
_gzYkdjNvPc$_$5,_gzYkdjNvPc,key.T.p20.word,3,3,0.18527021631598473,0.18527021631598473
_gzYkdjNvPc$_$5,_gzYkdjNvPc,key.A.p20.block3,3,3,0.010303576787312826,0.006919519354899725
_gzYkdjNvPc$_$5,_gzYkdjNvPc,key.V.p20.block3,3,3,0.0030173957347869873,0.0008369175096352895
_gzYkdjNvPc$_$4,_gzYkdjNvPc,key.T.p20.block3,4,4,0.024219177663326263,0.0486877386768659
_gzYkdjNvPc$_$4,_gzYkdjNvPc,key.T.p20.word,4,4,0.03450960169235865,0.0486877386768659
_gzYkdjNvPc$_$4,_gzYkdjNvPc,key.A.p20.block3,4,4,0.006448027988274892,0.01087175061305364
_gzYkdjNvPc$_$4,_gzYkdjNvPc,key.V.p20.block3,4,4,0.0016795446475346882,0.005640176435311635
_gzYkdjNvPc$_$6,_gzYkdjNvPc,key.T.p20.block3,4,4,0.26889825860659283,0.296771639958024
_gzYkdjNvPc$_$6,_gzYkdjNvPc,key.T.p20.word,4,4,0.296771639958024,0.296771639958024
_gzYkdjNvPc$_$6,_gzYkdjNvPc,key.A.p20.block3,4,4,0.007414127389589946,0.003759533166885376
_gzYkdjNvPc$_$6,_gzYkdjNvPc,key.V.p20.block3,4,4,0.0016798476378122964,0.0013429472843805947
_gzYkdjNvPc$_$9,_gzYkdjNvPc,key.T.p20.block3,3,3,0.26604564177493256,0.3033837868521611
_gzYkdjNvPc$_$9,_gzYkdjNvPc,key.T.p20.word,3,3,0.3033837868521611,0.3033837868521611
_gzYkdjNvPc$_$9,_gzYkdjNvPc,key.A.p20.block3,3,3,0.0009861389795939128,0.006921730935573578
_gzYkdjNvPc$_$9,_gzYkdjNvPc,key.V.p20.block3,3,3,0.009382516766587893,0.01622408318022887
a-WihYDk6vc$_$8,a-WihYDk6vc,key.T.p20.block3,6,6,0.1592740143338839,0.12778670092423758
a-WihYDk6vc$_$8,a-WihYDk6vc,key.T.p20.word,6,6,0.12778670092423758,0.12778670092423758
a-WihYDk6vc$_$8,a-WihYDk6vc,key.A.p20.block3,6,6,0.0045053064823150635,0.002327551444371541
a-WihYDk6vc$_$8,a-WihYDk6vc,key.V.p20.block3,6,6,0.00041484336058298743,0.00256308913230896
a-WihYDk6vc$_$0,a-WihYDk6vc,key.T.p20.block3,3,3,0.1028505191206932,0.05839230616887411
a-WihYDk6vc$_$0,a-WihYDk6vc,key.T.p20.word,3,3,0.05839230616887411,0.05839230616887411
a-WihYDk6vc$_$0,a-WihYDk6vc,key.A.p20.block3,3,3,0.005593170722325643,0.011019870638847351
a-WihYDk6vc$_$0,a-WihYDk6vc,key.V.p20.block3,3,3,0.004081716140111287,0.00443666676680247
aFhc2ddipoM$_$14,aFhc2ddipoM,key.T.p20.block3,6,6,0.020032236973444622,0.04012314478556315
aFhc2ddipoM$_$14,aFhc2ddipoM,key.T.p20.word,6,6,0.04129483302434286,0.04012314478556315
aFhc2ddipoM$_$14,aFhc2ddipoM,key.A.p20.block3,6,6,0.0025392472743988037,0.0029891133308410645
aFhc2ddipoM$_$14,aFhc2ddipoM,key.V.p20.block3,6,6,0.0002151976029078166,0.002582843104998271
aK5tRCXjUvU$_$0,aK5tRCXjUvU,key.T.p20.block3,3,3,0.028658042351404827,0.015446513891220093
aK5tRCXjUvU$_$0,aK5tRCXjUvU,key.T.p20.word,3,3,0.02648976445198059,0.015446513891220093
aK5tRCXjUvU$_$0,aK5tRCXjUvU,key.A.p20.block3,3,3,0.006683866182963053,0.008215804894765217
aK5tRCXjUvU$_$0,aK5tRCXjUvU,key.V.p20.block3,3,3,0.001914997895558675,0.002508004506429036
b-FX9NOVQOM$_$1,b-FX9NOVQOM,key.T.p20.block3,5,5,0.04170809437831243,0.0247257798910141
b-FX9NOVQOM$_$1,b-FX9NOVQOM,key.T.p20.word,5,5,0.03152333199977875,0.0247257798910141
b-FX9NOVQOM$_$1,b-FX9NOVQOM,key.A.p20.block3,5,5,0.00792626291513443,0.0031453296542167664
b-FX9NOVQOM$_$1,b-FX9NOVQOM,key.V.p20.block3,4,4,0.004175789654254913,0.005598229666550954
b-FX9NOVQOM$_$4,b-FX9NOVQOM,key.T.p20.block3,6,6,0.3398350427548091,0.4288685967524846
b-FX9NOVQOM$_$4,b-FX9NOVQOM,key.T.p20.word,6,6,0.43397339930136997,0.4288685967524846
b-FX9NOVQOM$_$4,b-FX9NOVQOM,key.A.p20.block3,6,6,0.0019267350435256958,0.0026652514934539795
b-FX9NOVQOM$_$4,b-FX9NOVQOM,key.V.p20.block3,4,4,0.0030946433544158936,0.005644738674163818
b1LEcg6z66g$_$0,b1LEcg6z66g,key.T.p20.block3,5,5,0.08710730075836182,0.23931613067785898
b1LEcg6z66g$_$0,b1LEcg6z66g,key.T.p20.word,5,5,0.16576273242632547,0.23931613067785898
b1LEcg6z66g$_$0,b1LEcg6z66g,key.A.p20.block3,5,5,0.012758250037829082,0.021197517712910972
b1LEcg6z66g$_$0,b1LEcg6z66g,key.V.p20.block3,5,5,0.010427504777908325,0.010427504777908325
b1LEcg6z66g$_$4,b1LEcg6z66g,key.T.p20.block3,6,6,0.23525666569670042,0.26929933701952297
b1LEcg6z66g$_$4,b1LEcg6z66g,key.T.p20.word,6,6,0.26929933701952297,0.26929933701952297
b1LEcg6z66g$_$4,b1LEcg6z66g,key.A.p20.block3,6,6,0.018854279071092606,0.0055059076597293215
b1LEcg6z66g$_$4,b1LEcg6z66g,key.V.p20.block3,6,6,0.01170640562971433,0.01057098557551702
b1LEcg6z66g$_$8,b1LEcg6z66g,key.T.p20.block3,5,5,0.2211982955535253,0.04083528618017832
b1LEcg6z66g$_$8,b1LEcg6z66g,key.T.p20.word,5,5,0.1254580169916153,0.04083528618017832
b1LEcg6z66g$_$8,b1LEcg6z66g,key.A.p20.block3,5,5,0.004367806017398834,0.00629697988430659
b1LEcg6z66g$_$8,b1LEcg6z66g,key.V.p20.block3,5,5,0.009292734165986378,0.010012683769067129
bAkUEnPoucg$_$3,bAkUEnPoucg,key.T.p20.block3,7,7,0.14951377113660178,0.31879756351312
bAkUEnPoucg$_$3,bAkUEnPoucg,key.T.p20.word,7,7,0.14524368941783905,0.31879756351312
bAkUEnPoucg$_$3,bAkUEnPoucg,key.A.p20.block3,7,7,0.005827675263086954,0.0035302738348642984
bAkUEnPoucg$_$3,bAkUEnPoucg,key.V.p20.block3,7,7,0.009546488523483276,0.008919815222422283
bNQkb4K5DX0$_$3,bNQkb4K5DX0,key.T.p20.block3,5,5,0.061612836395700775,0.019017255554596584
bNQkb4K5DX0$_$3,bNQkb4K5DX0,key.T.p20.word,5,5,0.019017255554596584,0.019017255554596584
bNQkb4K5DX0$_$3,bNQkb4K5DX0,key.A.p20.block3,5,5,0.0010526192684968312,0.004090204834938049
bNQkb4K5DX0$_$3,bNQkb4K5DX0,key.V.p20.block3,5,5,0.022124757369359337,0.01383938267827034
bNQkb4K5DX0$_$7,bNQkb4K5DX0,key.T.p20.block3,4,4,0.16029470165570578,0.12986593941847482
bNQkb4K5DX0$_$7,bNQkb4K5DX0,key.T.p20.word,4,4,0.12986593941847482,0.12986593941847482
bNQkb4K5DX0$_$7,bNQkb4K5DX0,key.A.p20.block3,4,4,0.0034744739532470703,0.0011143088340759277
bNQkb4K5DX0$_$7,bNQkb4K5DX0,key.V.p20.block3,4,4,0.005932251612345377,0.011035432418187458
bWunvAd96zI$_$1,bWunvAd96zI,key.T.p20.block3,4,4,0.03955550491809845,0.22769087863465148
bWunvAd96zI$_$1,bWunvAd96zI,key.T.p20.word,4,4,0.22769087863465148,0.22769087863465148
bWunvAd96zI$_$1,bWunvAd96zI,key.A.p20.block3,4,4,0.004266425967216492,0.006168723106384277
bWunvAd96zI$_$1,bWunvAd96zI,key.V.p20.block3,4,4,0.013978501160939535,0.004713316758473714
bWunvAd96zI$_$2,bWunvAd96zI,key.T.p20.block3,7,7,0.06772540432090561,0.08667879303296407
bWunvAd96zI$_$2,bWunvAd96zI,key.T.p20.word,7,7,0.09242487450440726,0.08667879303296407
bWunvAd96zI$_$2,bWunvAd96zI,key.A.p20.block3,7,7,0.006030231714248657,0.005837589502334595
bWunvAd96zI$_$2,bWunvAd96zI,key.V.p20.block3,7,7,0.008462841312090555,0.007241790493329367
bWunvAd96zI$_$5,bWunvAd96zI,key.T.p20.block3,0,1,0.0,0.02939295070245862
bWunvAd96zI$_$5,bWunvAd96zI,key.T.p20.word,1,1,0.02939295070245862,0.02939295070245862
bWunvAd96zI$_$5,bWunvAd96zI,key.A.p20.block3,0,1,0.0,0.007539897381017605
bWunvAd96zI$_$5,bWunvAd96zI,key.V.p20.block3,0,1,0.0,0.0033053052611649036
bWunvAd96zI$_$4,bWunvAd96zI,key.T.p20.block3,3,3,0.2205199214319388,0.12784326200683913
bWunvAd96zI$_$4,bWunvAd96zI,key.T.p20.word,3,3,0.12784326200683913,0.12784326200683913
bWunvAd96zI$_$4,bWunvAd96zI,key.A.p20.block3,3,3,0.00747491791844368,0.0058287568390369415
bWunvAd96zI$_$4,bWunvAd96zI,key.V.p20.block3,3,3,0.003999161223570506,0.007578067481517792
bj9e8w4vNxo$_$12,bj9e8w4vNxo,key.T.p20.block3,8,8,0.023034562667210896,0.08932186911503474
bj9e8w4vNxo$_$12,bj9e8w4vNxo,key.T.p20.word,8,8,0.05729338030020396,0.08932186911503474
bj9e8w4vNxo$_$12,bj9e8w4vNxo,key.A.p20.block3,8,8,0.0028449619809786477,0.004852098723252614
bj9e8w4vNxo$_$12,bj9e8w4vNxo,key.V.p20.block3,8,8,0.008270780245463053,0.005172935624917348
bpvYdXVlgvc$_$1,bpvYdXVlgvc,key.T.p20.block3,2,2,0.14244854946931204,0.011935047805309296
bpvYdXVlgvc$_$1,bpvYdXVlgvc,key.T.p20.word,2,2,0.011935047805309296,0.011935047805309296
bpvYdXVlgvc$_$1,bpvYdXVlgvc,key.A.p20.block3,2,2,0.004218431810537974,0.005782450394084057
bpvYdXVlgvc$_$1,bpvYdXVlgvc,key.V.p20.block3,2,2,0.009461185429245234,0.010631686697403591
bpvYdXVlgvc$_$3,bpvYdXVlgvc,key.T.p20.block3,4,4,0.11059781288107236,0.09333464999993642
bpvYdXVlgvc$_$3,bpvYdXVlgvc,key.T.p20.word,4,4,0.2214140941699346,0.09333464999993642
bpvYdXVlgvc$_$3,bpvYdXVlgvc,key.A.p20.block3,4,4,0.006916976223389308,0.0037864496310551963
bpvYdXVlgvc$_$3,bpvYdXVlgvc,key.V.p20.block3,4,4,0.006383684774239858,0.003977907200654348
bpvYdXVlgvc$_$4,bpvYdXVlgvc,key.T.p20.block3,3,3,0.07063729564348857,0.17516863346099854
bpvYdXVlgvc$_$4,bpvYdXVlgvc,key.T.p20.word,3,3,0.17516863346099854,0.17516863346099854
bpvYdXVlgvc$_$4,bpvYdXVlgvc,key.A.p20.block3,3,3,0.008000624676545462,0.0032294938961664834
bpvYdXVlgvc$_$4,bpvYdXVlgvc,key.V.p20.block3,3,3,0.004983002940813701,0.0027064532041549683
bpvYdXVlgvc$_$6,bpvYdXVlgvc,key.T.p20.block3,6,6,0.0933017407854398,0.16087223589420319
bpvYdXVlgvc$_$6,bpvYdXVlgvc,key.T.p20.word,6,6,0.12112814684708914,0.16087223589420319
bpvYdXVlgvc$_$6,bpvYdXVlgvc,key.A.p20.block3,6,6,0.0009124030669530233,0.0030603011449178057
bpvYdXVlgvc$_$6,bpvYdXVlgvc,key.V.p20.block3,6,6,0.0029289424419403076,0.002073014775911967
c1a1y9ytHH0$_$0,c1a1y9ytHH0,key.T.p20.block3,5,5,0.05860627690951029,0.054078725477059685
c1a1y9ytHH0$_$0,c1a1y9ytHH0,key.T.p20.word,5,5,0.03574657688538233,0.054078725477059685
c1a1y9ytHH0$_$0,c1a1y9ytHH0,key.A.p20.block3,5,5,0.00047333911061286926,0.004119791090488434
c1a1y9ytHH0$_$0,c1a1y9ytHH0,key.V.p20.block3,5,5,0.010940498361984888,0.007996194064617157
c1a1y9ytHH0$_$3,c1a1y9ytHH0,key.T.p20.block3,6,6,0.04787903279066086,0.022381160408258438
c1a1y9ytHH0$_$3,c1a1y9ytHH0,key.T.p20.word,6,6,0.022381160408258438,0.022381160408258438
c1a1y9ytHH0$_$3,c1a1y9ytHH0,key.A.p20.block3,6,6,0.005081658562024434,0.002679004023472468
c1a1y9ytHH0$_$3,c1a1y9ytHH0,key.V.p20.block3,3,3,0.009301813940207163,0.009647756814956665
c1a1y9ytHH0$_$7,c1a1y9ytHH0,key.T.p20.block3,4,4,0.04821544885635376,0.25327907502651215
c1a1y9ytHH0$_$7,c1a1y9ytHH0,key.T.p20.word,4,4,0.2038726955652237,0.25327907502651215
c1a1y9ytHH0$_$7,c1a1y9ytHH0,key.A.p20.block3,4,4,0.0017884224653244019,0.0030286510785420737
c1a1y9ytHH0$_$7,c1a1y9ytHH0,key.V.p20.block3,4,4,0.002350966135660807,0.0035165349642435713
c5cB7AfVgcE$_$12,c5cB7AfVgcE,key.T.p20.block3,6,6,0.019495924313863117,0.21195082366466522
c5cB7AfVgcE$_$12,c5cB7AfVgcE,key.T.p20.word,6,6,0.2060684710741043,0.21195082366466522
c5cB7AfVgcE$_$12,c5cB7AfVgcE,key.A.p20.block3,6,6,0.0012090802192687988,0.0029458602269490557
c5cB7AfVgcE$_$12,c5cB7AfVgcE,key.V.p20.block3,6,6,0.014158447583516438,0.010109151403109234
c5cB7AfVgcE$_$5,c5cB7AfVgcE,key.T.p20.block3,7,7,0.03508509912838539,0.04682626388967037
c5cB7AfVgcE$_$5,c5cB7AfVgcE,key.T.p20.word,7,7,0.06125507690012455,0.04682626388967037
c5cB7AfVgcE$_$5,c5cB7AfVgcE,key.A.p20.block3,7,7,0.005520896365245184,0.0037949347558120885
c5cB7AfVgcE$_$5,c5cB7AfVgcE,key.V.p20.block3,7,7,0.010121500585228205,0.0039757543709129095
d8BR6hsvzoY$_$1,d8BR6hsvzoY,key.T.p20.block3,5,5,0.025102150471260153,0.01865756961827477
d8BR6hsvzoY$_$1,d8BR6hsvzoY,key.T.p20.word,5,5,0.01865756961827477,0.01865756961827477
d8BR6hsvzoY$_$1,d8BR6hsvzoY,key.A.p20.block3,5,5,0.008160283012936514,0.003465108573436737
d8BR6hsvzoY$_$1,d8BR6hsvzoY,key.V.p20.block3,5,5,0.00173587320993344,0.0017169265386958918
d8BR6hsvzoY$_$0,d8BR6hsvzoY,key.T.p20.block3,0,1,0.0,0.03013225458562374
d8BR6hsvzoY$_$0,d8BR6hsvzoY,key.T.p20.word,1,1,0.03013225458562374,0.03013225458562374
d8BR6hsvzoY$_$0,d8BR6hsvzoY,key.A.p20.block3,0,1,0.0,0.003155006095767021
d8BR6hsvzoY$_$0,d8BR6hsvzoY,key.V.p20.block3,0,1,0.0,0.0012148624906937282
d8BR6hsvzoY$_$2,d8BR6hsvzoY,key.T.p20.block3,3,3,0.031002034433186054,0.015570899782081446
d8BR6hsvzoY$_$2,d8BR6hsvzoY,key.T.p20.word,3,3,0.015570899782081446,0.015570899782081446
d8BR6hsvzoY$_$2,d8BR6hsvzoY,key.A.p20.block3,3,3,0.004594010921816031,0.0028255396367361145
d8BR6hsvzoY$_$2,d8BR6hsvzoY,key.V.p20.block3,3,3,0.002296055511881908,0.0021000116442640624
d8BR6hsvzoY$_$5,d8BR6hsvzoY,key.T.p20.block3,2,2,0.018911610047022503,0.045168974747260414
d8BR6hsvzoY$_$5,d8BR6hsvzoY,key.T.p20.word,2,2,0.045168974747260414,0.045168974747260414
d8BR6hsvzoY$_$5,d8BR6hsvzoY,key.A.p20.block3,2,2,0.007545337080955505,0.0028682102759679156
d8BR6hsvzoY$_$5,d8BR6hsvzoY,key.V.p20.block3,2,2,0.03710767533630133,0.03710767533630133
d8BR6hsvzoY$_$6,d8BR6hsvzoY,key.T.p20.block3,2,2,0.014388110643873613,0.07004034022490184
d8BR6hsvzoY$_$6,d8BR6hsvzoY,key.T.p20.word,2,2,0.009450384027635058,0.07004034022490184
d8BR6hsvzoY$_$6,d8BR6hsvzoY,key.A.p20.block3,2,2,0.005840171128511429,0.002767313892642657
d8BR6hsvzoY$_$6,d8BR6hsvzoY,key.V.p20.block3,2,2,0.0008621150627732277,0.009527527416745821
d8BR6hsvzoY$_$9,d8BR6hsvzoY,key.T.p20.block3,3,3,0.03148283545548717,0.07273025686542194
d8BR6hsvzoY$_$9,d8BR6hsvzoY,key.T.p20.word,3,3,0.014822336534659069,0.07273025686542194
d8BR6hsvzoY$_$9,d8BR6hsvzoY,key.A.p20.block3,3,3,0.0037834532558918,0.0026998178412516913
d8BR6hsvzoY$_$9,d8BR6hsvzoY,key.V.p20.block3,3,3,0.0017482357410093148,0.002095661126077175
d8BR6hsvzoY$_$8,d8BR6hsvzoY,key.T.p20.block3,6,6,0.00614504391948382,0.10033355032404263
d8BR6hsvzoY$_$8,d8BR6hsvzoY,key.T.p20.word,6,6,0.0792282372713089,0.10033355032404263
d8BR6hsvzoY$_$8,d8BR6hsvzoY,key.A.p20.block3,6,6,0.0034036263823509216,0.0012755617499351501
d8BR6hsvzoY$_$8,d8BR6hsvzoY,key.V.p20.block3,6,6,0.0010511130094528198,0.0005257812639077505
dBWvtPeHpWM$_$4,dBWvtPeHpWM,key.T.p20.block3,0,1,0.0,0.12249288956324259
dBWvtPeHpWM$_$4,dBWvtPeHpWM,key.T.p20.word,1,1,0.12249288956324259,0.12249288956324259
dBWvtPeHpWM$_$4,dBWvtPeHpWM,key.A.p20.block3,0,1,0.0,0.00791397194067637
dBWvtPeHpWM$_$4,dBWvtPeHpWM,key.V.p20.block3,0,1,0.0,0.012355004747708639
dEDbm2ubVRQ$_$0,dEDbm2ubVRQ,key.T.p20.block3,2,2,0.005657538461188476,0.006393930564324061
dEDbm2ubVRQ$_$0,dEDbm2ubVRQ,key.T.p20.word,2,2,0.006393930564324061,0.006393930564324061
dEDbm2ubVRQ$_$0,dEDbm2ubVRQ,key.A.p20.block3,2,2,0.0024429374995330972,0.0010226988233625889
dEDbm2ubVRQ$_$0,dEDbm2ubVRQ,key.V.p20.block3,2,2,0.01348373293876648,0.013894226712485155
dEDbm2ubVRQ$_$3,dEDbm2ubVRQ,key.T.p20.block3,7,7,0.23350572027266026,0.17141302426656088
dEDbm2ubVRQ$_$3,dEDbm2ubVRQ,key.T.p20.word,7,7,0.06171988447507223,0.17141302426656088
dEDbm2ubVRQ$_$3,dEDbm2ubVRQ,key.A.p20.block3,7,7,0.012054100632667542,0.005880971749623616
dEDbm2ubVRQ$_$3,dEDbm2ubVRQ,key.V.p20.block3,7,7,0.005241652329762776,0.006011287371317546
dEDbm2ubVRQ$_$8,dEDbm2ubVRQ,key.T.p20.block3,3,3,0.04436769088109334,0.08002305030822754
dEDbm2ubVRQ$_$8,dEDbm2ubVRQ,key.T.p20.word,3,3,0.08002305030822754,0.08002305030822754
dEDbm2ubVRQ$_$8,dEDbm2ubVRQ,key.A.p20.block3,3,3,0.007199287414550781,0.004882584015528361
dEDbm2ubVRQ$_$8,dEDbm2ubVRQ,key.V.p20.block3,3,3,0.015203381578127544,0.025339057048161823
dt641WxonBI$_$1,dt641WxonBI,key.T.p20.block3,2,2,0.0346708744764328,0.047486672798792526
dt641WxonBI$_$1,dt641WxonBI,key.T.p20.word,2,2,0.0052344103654225664,0.047486672798792526
dt641WxonBI$_$1,dt641WxonBI,key.A.p20.block3,2,2,0.00849287211894989,0.005559513966242473
dt641WxonBI$_$1,dt641WxonBI,key.V.p20.block3,2,2,0.0044791897137959795,0.0044791897137959795
dt641WxonBI$_$3,dt641WxonBI,key.T.p20.block3,5,5,0.037687283009290695,0.128061231225729
dt641WxonBI$_$3,dt641WxonBI,key.T.p20.word,5,5,0.10462344562013944,0.128061231225729
dt641WxonBI$_$3,dt641WxonBI,key.A.p20.block3,5,5,0.004062149673700333,0.00163283571600914
dt641WxonBI$_$3,dt641WxonBI,key.V.p20.block3,5,5,0.0035720604161421456,0.010160927971204122
eOiC1kb17P4$_$0,eOiC1kb17P4,key.T.p20.block3,10,10,0.09376594692002982,0.2573280162566031
eOiC1kb17P4$_$0,eOiC1kb17P4,key.T.p20.word,10,10,0.259194525773637,0.2573280162566031
eOiC1kb17P4$_$0,eOiC1kb17P4,key.A.p20.block3,10,10,0.01546181261073798,0.014519885997287929
eOiC1kb17P4$_$0,eOiC1kb17P4,key.V.p20.block3,10,10,0.030100519652478397,0.025462237070314586
erNDEjQeox8$_$12,erNDEjQeox8,key.T.p20.block3,9,9,0.1490101714928945,0.19889644781748456
erNDEjQeox8$_$12,erNDEjQeox8,key.T.p20.word,9,9,0.11228587230046591,0.19889644781748456
erNDEjQeox8$_$12,erNDEjQeox8,key.A.p20.block3,9,9,0.006945858399073282,0.0013346374034881592
erNDEjQeox8$_$12,erNDEjQeox8,key.V.p20.block3,9,9,0.0011449654897054036,0.0007230242093404133
ewBrNsyY82Q$_$4,ewBrNsyY82Q,key.T.p20.block3,6,6,0.03872872392336527,0.02357041339079539
ewBrNsyY82Q$_$4,ewBrNsyY82Q,key.T.p20.word,6,6,0.14686491092046103,0.02357041339079539
ewBrNsyY82Q$_$4,ewBrNsyY82Q,key.A.p20.block3,6,6,0.0008051445086797079,0.001637702186902364
ewBrNsyY82Q$_$4,ewBrNsyY82Q,key.V.p20.block3,6,6,0.0014626930157343545,0.0014575968186060586
fWOIAxzBQFY$_$12,fWOIAxzBQFY,key.T.p20.block3,5,5,0.08709800243377686,0.102491761247317
fWOIAxzBQFY$_$12,fWOIAxzBQFY,key.T.p20.word,5,5,0.102491761247317,0.102491761247317
fWOIAxzBQFY$_$12,fWOIAxzBQFY,key.A.p20.block3,5,5,0.004380231102307638,0.004618128140767416
fWOIAxzBQFY$_$12,fWOIAxzBQFY,key.V.p20.block3,5,5,0.0065850019454956055,0.0020537624756495156
fWOIAxzBQFY$_$5,fWOIAxzBQFY,key.T.p20.block3,3,3,0.034015158812204994,0.12776005268096924
fWOIAxzBQFY$_$5,fWOIAxzBQFY,key.T.p20.word,3,3,0.12776005268096924,0.12776005268096924
fWOIAxzBQFY$_$5,fWOIAxzBQFY,key.A.p20.block3,3,3,0.006022214889526367,0.012457787990570068
fWOIAxzBQFY$_$5,fWOIAxzBQFY,key.V.p20.block3,3,3,0.00450358788172404,0.002688864866892497
fWOIAxzBQFY$_$7,fWOIAxzBQFY,key.T.p20.block3,4,4,0.020823821425437927,0.18932180603345236
fWOIAxzBQFY$_$7,fWOIAxzBQFY,key.T.p20.word,4,4,0.11096908648808797,0.18932180603345236
fWOIAxzBQFY$_$7,fWOIAxzBQFY,key.A.p20.block3,4,4,0.005155841509501139,0.00692679484685262
fWOIAxzBQFY$_$7,fWOIAxzBQFY,key.V.p20.block3,4,4,0.001230493187904358,0.024587353070576985
f_ZJ7L14oYQ$_$11,f_ZJ7L14oYQ,key.T.p20.block3,8,8,0.09390772879123688,0.07321837544441223
f_ZJ7L14oYQ$_$11,f_ZJ7L14oYQ,key.T.p20.word,8,8,0.07321837544441223,0.07321837544441223
f_ZJ7L14oYQ$_$11,f_ZJ7L14oYQ,key.A.p20.block3,8,8,0.006541599829991658,0.005040382345517477
f_ZJ7L14oYQ$_$11,f_ZJ7L14oYQ,key.V.p20.block3,8,8,0.01766739288965861,0.01903228461742401
f_ZJ7L14oYQ$_$27,f_ZJ7L14oYQ,key.T.p20.block3,5,5,0.09012126922607422,0.06760259966055553
f_ZJ7L14oYQ$_$27,f_ZJ7L14oYQ,key.T.p20.word,5,5,0.25348318616549176,0.06760259966055553
f_ZJ7L14oYQ$_$27,f_ZJ7L14oYQ,key.A.p20.block3,5,5,0.004644870758056641,0.007180740435918172
f_ZJ7L14oYQ$_$27,f_ZJ7L14oYQ,key.V.p20.block3,5,5,0.0029631753762563067,0.005615810553232829
f_ZJ7L14oYQ$_$21,f_ZJ7L14oYQ,key.T.p20.block3,4,4,0.0638563334941864,0.3452969069282214
f_ZJ7L14oYQ$_$21,f_ZJ7L14oYQ,key.T.p20.word,4,4,0.4893892928957939,0.3452969069282214
f_ZJ7L14oYQ$_$21,f_ZJ7L14oYQ,key.A.p20.block3,4,4,0.006515532732009888,0.0058281322320302325
f_ZJ7L14oYQ$_$21,f_ZJ7L14oYQ,key.V.p20.block3,4,4,0.002681498726209005,0.009464691082636516
f_ZJ7L14oYQ$_$17,f_ZJ7L14oYQ,key.T.p20.block3,4,4,0.13472925995786986,0.02906450753410657
f_ZJ7L14oYQ$_$17,f_ZJ7L14oYQ,key.T.p20.word,4,4,0.02906450753410657,0.02906450753410657
f_ZJ7L14oYQ$_$17,f_ZJ7L14oYQ,key.A.p20.block3,4,4,0.005991808138787746,0.004371869921063384
f_ZJ7L14oYQ$_$17,f_ZJ7L14oYQ,key.V.p20.block3,4,4,0.010407431672016779,0.0050796714300910635
f_ZJ7L14oYQ$_$9,f_ZJ7L14oYQ,key.T.p20.block3,6,6,0.08561843136946361,0.09013282259305318
f_ZJ7L14oYQ$_$9,f_ZJ7L14oYQ,key.T.p20.word,6,6,0.0927776371439298,0.09013282259305318
f_ZJ7L14oYQ$_$9,f_ZJ7L14oYQ,key.A.p20.block3,6,6,0.004180000474055609,0.007979109572867554
f_ZJ7L14oYQ$_$9,f_ZJ7L14oYQ,key.V.p20.block3,6,6,0.018006706610322,0.018006706610322
f_ZJ7L14oYQ$_$8,f_ZJ7L14oYQ,key.T.p20.block3,4,4,0.03139303127924601,0.05694159989555677
f_ZJ7L14oYQ$_$8,f_ZJ7L14oYQ,key.T.p20.word,4,4,0.1249401035408179,0.05694159989555677
f_ZJ7L14oYQ$_$8,f_ZJ7L14oYQ,key.A.p20.block3,4,4,0.008994868646065394,0.006167915960152944
f_ZJ7L14oYQ$_$8,f_ZJ7L14oYQ,key.V.p20.block3,4,4,0.0036577420930067697,0.0036951303482055664
ffrJ91swyq0$_$1,ffrJ91swyq0,key.T.p20.block3,9,9,0.21415290981531143,0.24461349472403526
ffrJ91swyq0$_$1,ffrJ91swyq0,key.T.p20.word,9,9,0.22893589610854786,0.24461349472403526
ffrJ91swyq0$_$1,ffrJ91swyq0,key.A.p20.block3,9,9,0.0013795395692189534,0.001023799180984497
ffrJ91swyq0$_$1,ffrJ91swyq0,key.V.p20.block3,9,9,0.0050494472185770665,0.002844482660293579
g8Cl74tS3oY$_$2,g8Cl74tS3oY,key.T.p20.block3,7,7,0.1643826166788737,0.375139898310105
g8Cl74tS3oY$_$2,g8Cl74tS3oY,key.T.p20.word,7,7,0.37957343210776645,0.375139898310105
g8Cl74tS3oY$_$2,g8Cl74tS3oY,key.A.p20.block3,7,7,0.002261325716972351,0.00832149883111318
g8Cl74tS3oY$_$2,g8Cl74tS3oY,key.V.p20.block3,7,7,0.001014620065689087,0.0008164693911870321
g8Cl74tS3oY$_$6,g8Cl74tS3oY,key.T.p20.block3,8,8,0.22511006891727448,0.3078548243890206
g8Cl74tS3oY$_$6,g8Cl74tS3oY,key.T.p20.word,8,8,0.2852758194009463,0.3078548243890206
g8Cl74tS3oY$_$6,g8Cl74tS3oY,key.A.p20.block3,8,8,0.003791918357213338,0.0027135908603668213
g8Cl74tS3oY$_$6,g8Cl74tS3oY,key.V.p20.block3,8,8,0.0021064182122548423,0.0021432042121887207
gR4gM_WXesQ$_$10,gR4gM_WXesQ,key.T.p20.block3,5,5,0.1658883976439635,0.15778406026462713
gR4gM_WXesQ$_$10,gR4gM_WXesQ,key.T.p20.word,5,5,0.14630841836333275,0.15778406026462713
gR4gM_WXesQ$_$10,gR4gM_WXesQ,key.A.p20.block3,5,5,0.005025237798690796,0.0026338969667752585
gR4gM_WXesQ$_$10,gR4gM_WXesQ,key.V.p20.block3,5,5,0.0014461552103360493,0.0013402799765268962
gR4gM_WXesQ$_$26,gR4gM_WXesQ,key.T.p20.block3,4,4,0.09141621987024943,0.36367593550433713
gR4gM_WXesQ$_$26,gR4gM_WXesQ,key.T.p20.word,4,4,0.42701781044403714,0.36367593550433713
gR4gM_WXesQ$_$26,gR4gM_WXesQ,key.A.p20.block3,4,4,0.004162093003590902,0.0031174421310424805
gR4gM_WXesQ$_$26,gR4gM_WXesQ,key.V.p20.block3,4,4,0.0028744439284006757,0.0028193791707356772
gR4gM_WXesQ$_$20,gR4gM_WXesQ,key.T.p20.block3,8,8,0.15878556172053018,0.2259935364127159
gR4gM_WXesQ$_$20,gR4gM_WXesQ,key.T.p20.word,8,8,0.13692705829938254,0.2259935364127159
gR4gM_WXesQ$_$20,gR4gM_WXesQ,key.A.p20.block3,8,8,0.006997972726821899,0.0029238462448120117
gR4gM_WXesQ$_$20,gR4gM_WXesQ,key.V.p20.block3,8,8,0.0036007364590962725,0.0009361604849497477
gR4gM_WXesQ$_$24,gR4gM_WXesQ,key.T.p20.block3,2,2,0.052232817746698856,0.10252945963293314
gR4gM_WXesQ$_$24,gR4gM_WXesQ,key.T.p20.word,2,2,0.10252945963293314,0.10252945963293314
gR4gM_WXesQ$_$24,gR4gM_WXesQ,key.A.p20.block3,2,2,0.001515875260035197,0.009214296005666256
gR4gM_WXesQ$_$24,gR4gM_WXesQ,key.V.p20.block3,2,2,0.0019156358515222869,0.008437284889320534
gR4gM_WXesQ$_$18,gR4gM_WXesQ,key.T.p20.block3,6,6,0.4118021751443545,0.3761242950956027
gR4gM_WXesQ$_$18,gR4gM_WXesQ,key.T.p20.word,6,6,0.44768567631642026,0.3761242950956027
gR4gM_WXesQ$_$18,gR4gM_WXesQ,key.A.p20.block3,6,6,0.010358422994613647,0.005266552170117697
gR4gM_WXesQ$_$18,gR4gM_WXesQ,key.V.p20.block3,6,6,0.005425284306208293,0.007147282361984253
gR4gM_WXesQ$_$3,gR4gM_WXesQ,key.T.p20.block3,5,5,0.1406647910674413,0.013434251149495443
gR4gM_WXesQ$_$3,gR4gM_WXesQ,key.T.p20.word,5,5,0.013434251149495443,0.013434251149495443
gR4gM_WXesQ$_$3,gR4gM_WXesQ,key.A.p20.block3,5,5,0.009380031377077103,0.013329378018776575
gR4gM_WXesQ$_$3,gR4gM_WXesQ,key.V.p20.block3,4,4,0.02020711451768875,0.01916658878326416
gR4gM_WXesQ$_$4,gR4gM_WXesQ,key.T.p20.block3,3,3,0.04264440139134725,0.041049967209498085
gR4gM_WXesQ$_$4,gR4gM_WXesQ,key.T.p20.word,4,4,0.03429615000883738,0.02582681179046631
gR4gM_WXesQ$_$4,gR4gM_WXesQ,key.A.p20.block3,3,3,0.007863377531369526,0.002890254060427348
gR4gM_WXesQ$_$4,gR4gM_WXesQ,key.V.p20.block3,3,3,0.0044219593207041425,0.001526584227879842
gR4gM_WXesQ$_$8,gR4gM_WXesQ,key.T.p20.block3,5,5,0.05302515750130018,0.07884810616572697
gR4gM_WXesQ$_$8,gR4gM_WXesQ,key.T.p20.word,5,5,0.046692753831545517,0.07884810616572697
gR4gM_WXesQ$_$8,gR4gM_WXesQ,key.A.p20.block3,5,5,0.005095434685548146,0.006296368936697641
gR4gM_WXesQ$_$8,gR4gM_WXesQ,key.V.p20.block3,5,5,0.003067674736181895,0.01118408888578415
gVqs4TzqySw$_$1,gVqs4TzqySw,key.T.p20.block3,9,9,0.09079920748869579,0.00982700785001119
gVqs4TzqySw$_$1,gVqs4TzqySw,key.T.p20.word,9,9,0.014610220988591513,0.00982700785001119
gVqs4TzqySw$_$1,gVqs4TzqySw,key.A.p20.block3,9,9,0.0030959149201711016,0.000513295332590739
gVqs4TzqySw$_$1,gVqs4TzqySw,key.V.p20.block3,8,8,0.002101118365923564,0.0018794933954874675
gVqs4TzqySw$_$3,gVqs4TzqySw,key.T.p20.block3,5,5,0.09758235017458598,0.12365307410558064
gVqs4TzqySw$_$3,gVqs4TzqySw,key.T.p20.word,5,5,0.22626606995860735,0.12365307410558064
gVqs4TzqySw$_$3,gVqs4TzqySw,key.A.p20.block3,5,5,0.006425879895687103,0.01199867328008016
gVqs4TzqySw$_$3,gVqs4TzqySw,key.V.p20.block3,3,3,0.0076453884442647295,0.006944820284843445
gVqs4TzqySw$_$2,gVqs4TzqySw,key.T.p20.block3,5,5,0.06518816451231639,0.1098192036151886
gVqs4TzqySw$_$2,gVqs4TzqySw,key.T.p20.word,5,5,0.09464172025521596,0.1098192036151886
gVqs4TzqySw$_$2,gVqs4TzqySw,key.A.p20.block3,5,5,0.005736355980237326,0.007333199183146159
gVqs4TzqySw$_$2,gVqs4TzqySw,key.V.p20.block3,3,3,0.01340685784816742,0.01629198590914408
gVqs4TzqySw$_$4,gVqs4TzqySw,key.T.p20.block3,2,2,0.0653156650563081,0.10897531360387802
gVqs4TzqySw$_$4,gVqs4TzqySw,key.T.p20.word,2,2,0.10897531360387802,0.10897531360387802
gVqs4TzqySw$_$4,gVqs4TzqySw,key.A.p20.block3,2,2,0.008415890236695606,0.0013832549254099527
gVqs4TzqySw$_$4,gVqs4TzqySw,key.V.p20.block3,2,2,0.00170267124970754,0.0013871888319651287
goMtnNHQ_z4$_$1,goMtnNHQ_z4,key.T.p20.block3,3,3,0.06511719773213069,0.02571295201778412
goMtnNHQ_z4$_$1,goMtnNHQ_z4,key.T.p20.word,3,3,0.04144415259361267,0.02571295201778412
goMtnNHQ_z4$_$1,goMtnNHQ_z4,key.A.p20.block3,3,3,0.009568840265274048,0.010251343250274658
goMtnNHQ_z4$_$1,goMtnNHQ_z4,key.V.p20.block3,3,3,0.0026943758130073547,0.003439826269944509
goMtnNHQ_z4$_$2,goMtnNHQ_z4,key.T.p20.block3,4,4,0.012471377849578857,0.1393173485994339
goMtnNHQ_z4$_$2,goMtnNHQ_z4,key.T.p20.word,4,4,0.1393173485994339,0.1393173485994339
goMtnNHQ_z4$_$2,goMtnNHQ_z4,key.A.p20.block3,4,4,0.003578325112660726,0.0017776091893513999
goMtnNHQ_z4$_$2,goMtnNHQ_z4,key.V.p20.block3,4,4,0.00048354268074035645,0.005137324333190918
goMtnNHQ_z4$_$13,goMtnNHQ_z4,key.T.p20.block3,4,4,0.010400285323460896,0.07068794965744019
goMtnNHQ_z4$_$13,goMtnNHQ_z4,key.T.p20.word,4,4,0.04117133220036824,0.07068794965744019
goMtnNHQ_z4$_$13,goMtnNHQ_z4,key.A.p20.block3,4,4,0.003993014494578044,0.0030952294667561846
goMtnNHQ_z4$_$13,goMtnNHQ_z4,key.V.p20.block3,4,4,0.006741166114807129,0.005791723728179932
goMtnNHQ_z4$_$12,goMtnNHQ_z4,key.T.p20.block3,4,4,0.029404337207476296,0.07348612944285075
goMtnNHQ_z4$_$12,goMtnNHQ_z4,key.T.p20.word,4,4,0.07348612944285075,0.07348612944285075
goMtnNHQ_z4$_$12,goMtnNHQ_z4,key.A.p20.block3,4,4,0.0021518046657244367,0.0036068658034006753
goMtnNHQ_z4$_$12,goMtnNHQ_z4,key.V.p20.block3,4,4,0.007370126744111379,0.02575290948152542
hqzF4IDaIYE$_$0,hqzF4IDaIYE,key.T.p20.block3,5,5,0.07991546392440796,0.10033360620339711
hqzF4IDaIYE$_$0,hqzF4IDaIYE,key.T.p20.word,5,5,0.1781499832868576,0.10033360620339711
hqzF4IDaIYE$_$0,hqzF4IDaIYE,key.A.p20.block3,5,5,0.007828464110692343,0.009654323259989422
hqzF4IDaIYE$_$0,hqzF4IDaIYE,key.V.p20.block3,5,5,0.008248373866081238,0.010576302806536356
hqzF4IDaIYE$_$3,hqzF4IDaIYE,key.T.p20.block3,8,8,0.04530104001363119,0.08444203436374664
hqzF4IDaIYE$_$3,hqzF4IDaIYE,key.T.p20.word,8,8,0.07417289912700653,0.08444203436374664
hqzF4IDaIYE$_$3,hqzF4IDaIYE,key.A.p20.block3,8,8,0.0033722023169199624,0.005287873248259227
hqzF4IDaIYE$_$3,hqzF4IDaIYE,key.V.p20.block3,8,8,0.010029671092828114,0.008203268051147461
hqzF4IDaIYE$_$2,hqzF4IDaIYE,key.T.p20.block3,6,6,0.22068712363640466,0.1378792723019918
hqzF4IDaIYE$_$2,hqzF4IDaIYE,key.T.p20.word,6,6,0.09748095770676932,0.1378792723019918
hqzF4IDaIYE$_$2,hqzF4IDaIYE,key.A.p20.block3,6,6,0.0012570172548294067,0.003010536233584086
hqzF4IDaIYE$_$2,hqzF4IDaIYE,key.V.p20.block3,6,6,0.006766706705093384,0.004157796502113342
hqzF4IDaIYE$_$4,hqzF4IDaIYE,key.T.p20.block3,3,3,0.242389182249705,0.19498556355635324
hqzF4IDaIYE$_$4,hqzF4IDaIYE,key.T.p20.word,3,3,0.19498556355635324,0.19498556355635324
hqzF4IDaIYE$_$4,hqzF4IDaIYE,key.A.p20.block3,3,3,0.016287043690681458,0.002499818801879883
hqzF4IDaIYE$_$4,hqzF4IDaIYE,key.V.p20.block3,3,3,0.010493944088617962,0.01308944821357727
hqzF4IDaIYE$_$6,hqzF4IDaIYE,key.T.p20.block3,2,2,0.005616170664628347,0.06017187486092249
hqzF4IDaIYE$_$6,hqzF4IDaIYE,key.T.p20.word,2,2,0.02551892399787903,0.06017187486092249
hqzF4IDaIYE$_$6,hqzF4IDaIYE,key.A.p20.block3,2,2,0.009233144422372183,0.0015822251637776692
hqzF4IDaIYE$_$6,hqzF4IDaIYE,key.V.p20.block3,2,2,0.015168622136116028,0.028794671098391216
hvfaYsv7p8E$_$0,hvfaYsv7p8E,key.T.p20.block3,3,3,0.19732134571919838,0.03096602608760198
hvfaYsv7p8E$_$0,hvfaYsv7p8E,key.T.p20.word,4,4,0.14658557871977487,0.02150413642326991
hvfaYsv7p8E$_$0,hvfaYsv7p8E,key.A.p20.block3,3,3,0.01306656002998352,0.008056879043579102
hvfaYsv7p8E$_$0,hvfaYsv7p8E,key.V.p20.block3,3,3,0.0024615079164505005,0.0020802592237790423
iUXqlrui25c$_$10,iUXqlrui25c,key.T.p20.block3,6,6,0.3952612541615963,0.44198171359797317
iUXqlrui25c$_$10,iUXqlrui25c,key.T.p20.word,6,6,0.44198171359797317,0.44198171359797317
iUXqlrui25c$_$10,iUXqlrui25c,key.A.p20.block3,6,6,0.018472515046596527,0.014082347353299458
iUXqlrui25c$_$10,iUXqlrui25c,key.V.p20.block3,6,6,0.0005798687537511189,0.00079175333182017
iUXqlrui25c$_$21,iUXqlrui25c,key.T.p20.block3,3,3,0.04099851497448981,0.029289249951640766
iUXqlrui25c$_$21,iUXqlrui25c,key.T.p20.word,4,4,0.02116416903057446,0.02116416903057446
iUXqlrui25c$_$21,iUXqlrui25c,key.A.p20.block3,3,3,0.005201779461155335,0.006216576012472312
iUXqlrui25c$_$21,iUXqlrui25c,key.V.p20.block3,3,3,0.0035418355837464333,0.0013963791231314342
iUXqlrui25c$_$23,iUXqlrui25c,key.T.p20.block3,5,5,0.03951329986254374,0.08256818602482478
iUXqlrui25c$_$23,iUXqlrui25c,key.T.p20.word,5,5,0.006897745033105215,0.08256818602482478
iUXqlrui25c$_$23,iUXqlrui25c,key.A.p20.block3,5,5,0.016010135412216187,0.03277532756328583
iUXqlrui25c$_$23,iUXqlrui25c,key.V.p20.block3,5,5,0.0014837682247161865,0.0014082019527753193
icbUzboLcDQ$_$0,icbUzboLcDQ,key.T.p20.block3,4,4,0.06367609898249307,0.20490550249814987
icbUzboLcDQ$_$0,icbUzboLcDQ,key.T.p20.word,4,4,0.20490550249814987,0.20490550249814987
icbUzboLcDQ$_$0,icbUzboLcDQ,key.A.p20.block3,4,4,0.002045949300130208,0.0041277408599853516
icbUzboLcDQ$_$0,icbUzboLcDQ,key.V.p20.block3,4,4,0.0008073349793752035,0.00016877055168151855
ioupaiAuRr0$_$5,ioupaiAuRr0,key.T.p20.block3,6,6,0.22822744150956473,0.026256685455640156
ioupaiAuRr0$_$5,ioupaiAuRr0,key.T.p20.word,6,6,0.026256685455640156,0.026256685455640156
ioupaiAuRr0$_$5,ioupaiAuRr0,key.A.p20.block3,6,6,0.0027333199977874756,0.001982202132542928
ioupaiAuRr0$_$5,ioupaiAuRr0,key.V.p20.block3,6,6,0.00013027091821034748,0.0034229308366775513
ioupaiAuRr0$_$4,ioupaiAuRr0,key.T.p20.block3,8,8,0.2516270102156947,0.34254811828335124
ioupaiAuRr0$_$4,ioupaiAuRr0,key.T.p20.word,8,8,0.32944397379954654,0.34254811828335124
ioupaiAuRr0$_$4,ioupaiAuRr0,key.A.p20.block3,8,8,0.0006163567304611206,0.0022778362035751343
ioupaiAuRr0$_$4,ioupaiAuRr0,key.V.p20.block3,8,8,0.00018192330996195477,0.0023516615231831866
jICmfLeFymA$_$16,jICmfLeFymA,key.T.p20.block3,4,4,0.04415838917096456,0.02096402645111084
jICmfLeFymA$_$16,jICmfLeFymA,key.T.p20.word,4,4,0.008321583271026611,0.02096402645111084
jICmfLeFymA$_$16,jICmfLeFymA,key.A.p20.block3,4,4,0.0007160703341166178,0.0022029081980387373
jICmfLeFymA$_$16,jICmfLeFymA,key.V.p20.block3,4,4,0.001674721638361613,0.002834935983022054
jPrEKz1rAno$_$11,jPrEKz1rAno,key.T.p20.block3,3,3,0.10318099459012349,0.0861305445432663
jPrEKz1rAno$_$11,jPrEKz1rAno,key.T.p20.word,3,3,0.10318099459012349,0.0861305445432663
jPrEKz1rAno$_$11,jPrEKz1rAno,key.A.p20.block3,3,3,0.008002325892448425,0.0038095886508623758
jPrEKz1rAno$_$11,jPrEKz1rAno,key.V.p20.block3,3,3,0.0012343600392341614,0.0010200316707293193
jPrEKz1rAno$_$7,jPrEKz1rAno,key.T.p20.block3,6,6,0.0021782691280047097,0.04011524965365728
jPrEKz1rAno$_$7,jPrEKz1rAno,key.T.p20.word,7,7,0.022391897936662037,0.022391897936662037
jPrEKz1rAno$_$7,jPrEKz1rAno,key.A.p20.block3,6,6,0.011539834241072336,0.0019214923183123271
jPrEKz1rAno$_$7,jPrEKz1rAno,key.V.p20.block3,6,6,0.004170758028825124,0.007064513862133026
jPrEKz1rAno$_$6,jPrEKz1rAno,key.T.p20.block3,5,5,0.058836087584495544,0.04543041189511617
jPrEKz1rAno$_$6,jPrEKz1rAno,key.T.p20.word,5,5,0.04543041189511617,0.04543041189511617
jPrEKz1rAno$_$6,jPrEKz1rAno,key.A.p20.block3,5,5,0.00880212833484014,0.0025330111384391785
jPrEKz1rAno$_$6,jPrEKz1rAno,key.V.p20.block3,5,5,0.0009260798494021097,0.0006224090854326884
k5ZOshC2LP4$_$1,k5ZOshC2LP4,key.T.p20.block3,6,6,0.15340512245893478,0.2592834283908208
k5ZOshC2LP4$_$1,k5ZOshC2LP4,key.T.p20.word,6,6,0.19190191477537155,0.2592834283908208
k5ZOshC2LP4$_$1,k5ZOshC2LP4,key.A.p20.block3,6,6,0.0012000327308972678,0.0068912481268246974
k5ZOshC2LP4$_$1,k5ZOshC2LP4,key.V.p20.block3,6,6,8.857001860936484e-05,0.0003110617399215698
kbGhEJ4W44o$_$0,kbGhEJ4W44o,key.T.p20.block3,8,8,0.257347896695137,0.379630363235871
kbGhEJ4W44o$_$0,kbGhEJ4W44o,key.T.p20.word,8,8,0.36571126990020275,0.379630363235871
kbGhEJ4W44o$_$0,kbGhEJ4W44o,key.A.p20.block3,8,8,0.004198977102835973,0.0056184567511081696
kbGhEJ4W44o$_$0,kbGhEJ4W44o,key.V.p20.block3,8,8,0.012790313611427944,0.004754404226938884
kfsO4c0Ekes$_$7,kfsO4c0Ekes,key.T.p20.block3,5,5,0.03883892297744751,0.05428107579549153
kfsO4c0Ekes$_$7,kfsO4c0Ekes,key.T.p20.word,5,5,0.05428107579549153,0.05428107579549153
kfsO4c0Ekes$_$7,kfsO4c0Ekes,key.A.p20.block3,5,5,0.006202975908915201,0.003263801336288452
kfsO4c0Ekes$_$7,kfsO4c0Ekes,key.V.p20.block3,5,5,0.004529486099878946,0.0047641197840372716
kvUb78Rdzdc$_$3,kvUb78Rdzdc,key.T.p20.block3,10,10,0.14499402046203613,0.10069353381792703
kvUb78Rdzdc$_$3,kvUb78Rdzdc,key.T.p20.word,10,10,0.09367285172144571,0.10069353381792703
kvUb78Rdzdc$_$3,kvUb78Rdzdc,key.A.p20.block3,10,10,0.001234869162241618,0.0001233816146850586
kvUb78Rdzdc$_$3,kvUb78Rdzdc,key.V.p20.block3,10,10,0.0005233287811279297,0.0002442598342895508
lO87-4Kf0cQ$_$2,lO87-4Kf0cQ,key.T.p20.block3,3,3,0.05049625659982363,0.043081010381380715
lO87-4Kf0cQ$_$2,lO87-4Kf0cQ,key.T.p20.word,3,3,0.057182470957438156,0.043081010381380715
lO87-4Kf0cQ$_$2,lO87-4Kf0cQ,key.A.p20.block3,3,3,0.013859408597151438,0.009613538781801859
lO87-4Kf0cQ$_$2,lO87-4Kf0cQ,key.V.p20.block3,3,3,0.006834936638673146,0.005710415542125702
lO87-4Kf0cQ$_$5,lO87-4Kf0cQ,key.T.p20.block3,4,4,0.07044978626072407,0.09793710708618164
lO87-4Kf0cQ$_$5,lO87-4Kf0cQ,key.T.p20.word,4,4,0.09793710708618164,0.09793710708618164
lO87-4Kf0cQ$_$5,lO87-4Kf0cQ,key.A.p20.block3,4,4,0.005348204324642817,0.0036733727902173996
lO87-4Kf0cQ$_$5,lO87-4Kf0cQ,key.V.p20.block3,4,4,0.004590661575396855,0.0010728326936562855
lWf5hHRHIDs$_$11,lWf5hHRHIDs,key.T.p20.block3,3,3,0.0974287490049998,0.08609572549661
lWf5hHRHIDs$_$11,lWf5hHRHIDs,key.T.p20.word,3,3,0.08882045249144237,0.08609572549661
lWf5hHRHIDs$_$11,lWf5hHRHIDs,key.A.p20.block3,3,3,0.007839317123095194,0.005834261576334636
lWf5hHRHIDs$_$11,lWf5hHRHIDs,key.V.p20.block3,3,3,0.006154547135035196,0.01408076783021291
lawHYX5eB20$_$1,lawHYX5eB20,key.T.p20.block3,2,2,0.10361402730147044,0.030792052547136944
lawHYX5eB20$_$1,lawHYX5eB20,key.T.p20.word,2,2,0.030792052547136944,0.030792052547136944
lawHYX5eB20$_$1,lawHYX5eB20,key.A.p20.block3,2,2,0.0016652693351109824,0.0007956822713216146
lawHYX5eB20$_$1,lawHYX5eB20,key.V.p20.block3,2,2,0.00039354463418324787,0.00272067387898763
lawHYX5eB20$_$2,lawHYX5eB20,key.T.p20.block3,5,5,0.039841435849666595,0.0833725140740474
lawHYX5eB20$_$2,lawHYX5eB20,key.T.p20.word,5,5,0.04463502454260985,0.0833725140740474
lawHYX5eB20$_$2,lawHYX5eB20,key.A.p20.block3,5,5,0.004974024370312691,0.003695234035452207
lawHYX5eB20$_$2,lawHYX5eB20,key.V.p20.block3,5,5,0.003033298378189405,0.001444111888607343
mHGaQ_nv9UY$_$13,mHGaQ_nv9UY,key.T.p20.block3,10,10,0.034851019736379385,0.03877696177611748
mHGaQ_nv9UY$_$13,mHGaQ_nv9UY,key.T.p20.word,10,10,0.04725800330440203,0.03877696177611748
mHGaQ_nv9UY$_$13,mHGaQ_nv9UY,key.A.p20.block3,10,10,0.005270364073415597,0.003960220143198967
mHGaQ_nv9UY$_$13,mHGaQ_nv9UY,key.V.p20.block3,10,10,0.0003791945055127144,0.0003512293721238772
mHGaQ_nv9UY$_$14,mHGaQ_nv9UY,key.T.p20.block3,5,5,0.0716498667995135,0.0789266973733902
mHGaQ_nv9UY$_$14,mHGaQ_nv9UY,key.T.p20.word,5,5,0.04547316829363505,0.0789266973733902
mHGaQ_nv9UY$_$14,mHGaQ_nv9UY,key.A.p20.block3,5,5,0.007792390882968903,0.003851679464181264
mHGaQ_nv9UY$_$14,mHGaQ_nv9UY,key.V.p20.block3,5,5,0.0033637707432111106,0.0007778505484263102
mHGaQ_nv9UY$_$17,mHGaQ_nv9UY,key.T.p20.block3,6,6,0.011798744400342304,0.03953575094540914
mHGaQ_nv9UY$_$17,mHGaQ_nv9UY,key.T.p20.word,6,6,0.03953575094540914,0.03953575094540914
mHGaQ_nv9UY$_$17,mHGaQ_nv9UY,key.A.p20.block3,6,6,0.0015615026156107585,0.002137946585814158
mHGaQ_nv9UY$_$17,mHGaQ_nv9UY,key.V.p20.block3,6,6,0.003447035948435466,0.0023421794176101685
mHGaQ_nv9UY$_$22,mHGaQ_nv9UY,key.T.p20.block3,10,10,0.06635593871275584,0.08161282042662303
mHGaQ_nv9UY$_$22,mHGaQ_nv9UY,key.T.p20.word,10,10,0.11068814992904663,0.08161282042662303
mHGaQ_nv9UY$_$22,mHGaQ_nv9UY,key.A.p20.block3,10,10,0.00301740566889445,0.0021629035472869873
mHGaQ_nv9UY$_$22,mHGaQ_nv9UY,key.V.p20.block3,10,10,0.0008503397305806477,9.799003601074219e-05
mHGaQ_nv9UY$_$5,mHGaQ_nv9UY,key.T.p20.block3,7,7,0.039186298847198486,0.12005979319413504
mHGaQ_nv9UY$_$5,mHGaQ_nv9UY,key.T.p20.word,7,7,0.13271068533261618,0.12005979319413504
mHGaQ_nv9UY$_$5,mHGaQ_nv9UY,key.A.p20.block3,7,7,0.0012057920296986897,0.0014069577058156333
mHGaQ_nv9UY$_$5,mHGaQ_nv9UY,key.V.p20.block3,7,7,0.00915135939915975,0.009201020002365112
mHGaQ_nv9UY$_$4,mHGaQ_nv9UY,key.T.p20.block3,5,5,0.2140499154726664,0.2614626207699378
mHGaQ_nv9UY$_$4,mHGaQ_nv9UY,key.T.p20.word,5,5,0.2614626207699378,0.2614626207699378
mHGaQ_nv9UY$_$4,mHGaQ_nv9UY,key.A.p20.block3,5,5,0.0030235449473063154,0.004614440103371938
mHGaQ_nv9UY$_$4,mHGaQ_nv9UY,key.V.p20.block3,5,5,0.003177948296070099,0.0037071878711382547
mLW-jn67gRE$_$20,mLW-jn67gRE,key.T.p20.block3,8,8,0.004426623384157817,0.030099337299664818
mLW-jn67gRE$_$20,mLW-jn67gRE,key.T.p20.word,8,8,0.030099337299664818,0.030099337299664818
mLW-jn67gRE$_$20,mLW-jn67gRE,key.A.p20.block3,8,8,0.011482502023379009,0.0024287799994150796
mLW-jn67gRE$_$20,mLW-jn67gRE,key.V.p20.block3,7,7,0.003408372402191162,0.00811964770158132
mLW-jn67gRE$_$17,mLW-jn67gRE,key.T.p20.block3,8,8,0.0457962950070699,0.05792330577969551
mLW-jn67gRE$_$17,mLW-jn67gRE,key.T.p20.word,8,8,0.05792330577969551,0.05792330577969551
mLW-jn67gRE$_$17,mLW-jn67gRE,key.A.p20.block3,8,8,0.006455933054288229,0.0062447041273117065
mLW-jn67gRE$_$17,mLW-jn67gRE,key.V.p20.block3,8,8,0.005895639459292094,0.0057802995045979815
mLW-jn67gRE$_$1,mLW-jn67gRE,key.T.p20.block3,3,3,0.1788159136970838,0.18206238001585007
mLW-jn67gRE$_$1,mLW-jn67gRE,key.T.p20.word,3,3,0.18206238001585007,0.18206238001585007
mLW-jn67gRE$_$1,mLW-jn67gRE,key.A.p20.block3,3,3,0.009269068638483683,0.006958204011122386
mLW-jn67gRE$_$1,mLW-jn67gRE,key.V.p20.block3,3,3,0.0018302053213119507,0.003033811847368876
mLW-jn67gRE$_$3,mLW-jn67gRE,key.T.p20.block3,4,4,0.05127356015145779,0.06753093997637431
mLW-jn67gRE$_$3,mLW-jn67gRE,key.T.p20.word,4,4,0.08332194139560063,0.06753093997637431
mLW-jn67gRE$_$3,mLW-jn67gRE,key.A.p20.block3,4,4,0.0033779901762803397,0.0023496064047018685
mLW-jn67gRE$_$3,mLW-jn67gRE,key.V.p20.block3,4,4,0.002818360924720764,0.004140419885516167
mLW-jn67gRE$_$5,mLW-jn67gRE,key.T.p20.block3,5,5,0.09226529424389203,0.03741120547056198
mLW-jn67gRE$_$5,mLW-jn67gRE,key.T.p20.word,5,5,0.03741120547056198,0.03741120547056198
mLW-jn67gRE$_$5,mLW-jn67gRE,key.A.p20.block3,5,5,0.009901451567808786,0.004326768219470978
mLW-jn67gRE$_$5,mLW-jn67gRE,key.V.p20.block3,5,5,0.0035943773885567984,0.0023234890153010688
mLW-jn67gRE$_$6,mLW-jn67gRE,key.T.p20.block3,6,6,0.19377020994822183,0.3384599257260561
mLW-jn67gRE$_$6,mLW-jn67gRE,key.T.p20.word,7,7,0.333928423623244,0.333928423623244
mLW-jn67gRE$_$6,mLW-jn67gRE,key.A.p20.block3,6,6,0.0006444503863652546,0.005763019124666849
mLW-jn67gRE$_$6,mLW-jn67gRE,key.V.p20.block3,6,6,0.0036413023869196572,0.0037898619969685874
mLW-jn67gRE$_$9,mLW-jn67gRE,key.T.p20.block3,3,3,0.23289689545830092,0.25167404984434444
mLW-jn67gRE$_$9,mLW-jn67gRE,key.T.p20.word,3,3,0.2642522733658552,0.25167404984434444
mLW-jn67gRE$_$9,mLW-jn67gRE,key.A.p20.block3,3,3,0.00875815749168396,0.005887212852636973
mLW-jn67gRE$_$9,mLW-jn67gRE,key.V.p20.block3,3,3,0.006598415474096934,0.0069597239295641575
mjpCK2Edsv8$_$0,mjpCK2Edsv8,key.T.p20.block3,10,10,0.0667113165060679,0.06845945119857788
mjpCK2Edsv8$_$0,mjpCK2Edsv8,key.T.p20.word,10,10,0.06845945119857788,0.06845945119857788
mjpCK2Edsv8$_$0,mjpCK2Edsv8,key.A.p20.block3,10,10,0.0002566178639729818,0.002924978733062744
mjpCK2Edsv8$_$0,mjpCK2Edsv8,key.V.p20.block3,10,10,0.001923521359761556,0.0017688373724619548
nUZYqTRSGDw$_$4,nUZYqTRSGDw,key.T.p20.block3,5,5,0.20091569672028223,0.20889239758253098
nUZYqTRSGDw$_$4,nUZYqTRSGDw,key.T.p20.word,5,5,0.1883877987662951,0.20889239758253098
nUZYqTRSGDw$_$4,nUZYqTRSGDw,key.A.p20.block3,5,5,0.006334707140922546,0.00891664003332456
nUZYqTRSGDw$_$4,nUZYqTRSGDw,key.V.p20.block3,5,5,0.008378453552722931,0.019645212839047115
nyzIL6YAonY$_$5,nyzIL6YAonY,key.T.p20.block3,3,3,0.10359132289886475,0.10866895566383998
nyzIL6YAonY$_$5,nyzIL6YAonY,key.T.p20.word,3,3,0.13302198300758997,0.10866895566383998
nyzIL6YAonY$_$5,nyzIL6YAonY,key.A.p20.block3,3,3,0.014967083930969238,0.0063197215398152675
nyzIL6YAonY$_$5,nyzIL6YAonY,key.V.p20.block3,3,3,0.014774580796559652,0.024653819700082142
nyzIL6YAonY$_$6,nyzIL6YAonY,key.T.p20.block3,7,7,0.056314984957377114,0.09495677550633748
nyzIL6YAonY$_$6,nyzIL6YAonY,key.T.p20.word,7,7,0.17980851729710898,0.09495677550633748
nyzIL6YAonY$_$6,nyzIL6YAonY,key.A.p20.block3,7,7,0.006915658712387085,0.013014331459999084
nyzIL6YAonY$_$6,nyzIL6YAonY,key.V.p20.block3,7,7,0.012229591608047485,0.016203304131825764
ooAF6I-fmTg$_$3,ooAF6I-fmTg,key.T.p20.block3,4,4,0.052258258064587906,0.17189085856080055
ooAF6I-fmTg$_$3,ooAF6I-fmTg,key.T.p20.word,4,4,0.08924878636995952,0.17189085856080055
ooAF6I-fmTg$_$3,ooAF6I-fmTg,key.A.p20.block3,4,4,0.002510637044906616,0.00227297842502594
ooAF6I-fmTg$_$3,ooAF6I-fmTg,key.V.p20.block3,4,4,0.00016971925894419354,0.0008654594421386719
ooAF6I-fmTg$_$5,ooAF6I-fmTg,key.T.p20.block3,3,3,0.05104736424982548,0.05641624269386133
ooAF6I-fmTg$_$5,ooAF6I-fmTg,key.T.p20.word,3,3,0.05641624269386133,0.05641624269386133
ooAF6I-fmTg$_$5,ooAF6I-fmTg,key.A.p20.block3,3,3,0.016387350857257843,0.0067700110375881195
ooAF6I-fmTg$_$5,ooAF6I-fmTg,key.V.p20.block3,3,3,0.0037176484862963357,0.003975557163357735
ooAF6I-fmTg$_$7,ooAF6I-fmTg,key.T.p20.block3,4,4,0.2436691770950953,0.06720109314968188
ooAF6I-fmTg$_$7,ooAF6I-fmTg,key.T.p20.word,4,4,0.06720109314968188,0.06720109314968188
ooAF6I-fmTg$_$7,ooAF6I-fmTg,key.A.p20.block3,4,4,0.007832588007052738,0.0022440900405248003
ooAF6I-fmTg$_$7,ooAF6I-fmTg,key.V.p20.block3,4,4,0.0015972753365834553,0.005809904386599859
pOrk7fl1AYo$_$1,pOrk7fl1AYo,key.T.p20.block3,4,4,0.0088987797498703,0.0183405348410209
pOrk7fl1AYo$_$1,pOrk7fl1AYo,key.T.p20.word,4,4,0.09030554878214996,0.0183405348410209
pOrk7fl1AYo$_$1,pOrk7fl1AYo,key.A.p20.block3,4,4,0.0009990508357683816,0.004829332232475281
pOrk7fl1AYo$_$1,pOrk7fl1AYo,key.V.p20.block3,4,4,0.002224572002887726,0.003684548040231069
pOrk7fl1AYo$_$3,pOrk7fl1AYo,key.T.p20.block3,5,5,0.19237422260145345,0.04902611424525579
pOrk7fl1AYo$_$3,pOrk7fl1AYo,key.T.p20.word,5,5,0.083391139904658,0.04902611424525579
pOrk7fl1AYo$_$3,pOrk7fl1AYo,key.A.p20.block3,5,5,0.005520366132259369,0.0018292069435119629
pOrk7fl1AYo$_$3,pOrk7fl1AYo,key.V.p20.block3,5,5,0.003141882518927256,0.0065536002318064375
pOrk7fl1AYo$_$2,pOrk7fl1AYo,key.T.p20.block3,2,2,0.03838203847408295,0.2969530796011289
pOrk7fl1AYo$_$2,pOrk7fl1AYo,key.T.p20.word,2,2,0.32601250521838665,0.2969530796011289
pOrk7fl1AYo$_$2,pOrk7fl1AYo,key.A.p20.block3,2,2,0.005345533291498819,0.008216023445129395
pOrk7fl1AYo$_$2,pOrk7fl1AYo,key.V.p20.block3,2,2,0.00036174555619557697,0.00015448530515034992
pOrk7fl1AYo$_$4,pOrk7fl1AYo,key.T.p20.block3,4,4,0.03518714134891828,0.05114412183562914
pOrk7fl1AYo$_$4,pOrk7fl1AYo,key.T.p20.word,4,4,0.04527668779095014,0.05114412183562914
pOrk7fl1AYo$_$4,pOrk7fl1AYo,key.A.p20.block3,4,4,0.009221948683261871,0.011109819014867147
pOrk7fl1AYo$_$4,pOrk7fl1AYo,key.V.p20.block3,0,1,0.0,0.017667891457676888
q9yDL81QppI$_$1,q9yDL81QppI,key.T.p20.block3,5,5,0.07265010972817738,0.13549617553750673
q9yDL81QppI$_$1,q9yDL81QppI,key.T.p20.word,5,5,0.13549617553750673,0.13549617553750673
q9yDL81QppI$_$1,q9yDL81QppI,key.A.p20.block3,5,5,0.0024021665255228677,0.004279683033625284
q9yDL81QppI$_$1,q9yDL81QppI,key.V.p20.block3,5,5,0.005012636383374532,0.0015859007835388184
q9yDL81QppI$_$0,q9yDL81QppI,key.T.p20.block3,5,5,0.0009073863426844279,0.050857365131378174
q9yDL81QppI$_$0,q9yDL81QppI,key.T.p20.word,5,5,0.050857365131378174,0.050857365131378174
q9yDL81QppI$_$0,q9yDL81QppI,key.A.p20.block3,5,5,0.0020370731751124063,0.0020633737246195474
q9yDL81QppI$_$0,q9yDL81QppI,key.V.p20.block3,5,5,0.005475635329882304,0.0019125094016393025
q9yDL81QppI$_$2,q9yDL81QppI,key.T.p20.block3,5,5,0.1267505039771398,0.15693200131257376
q9yDL81QppI$_$2,q9yDL81QppI,key.T.p20.word,5,5,0.1402432546019554,0.15693200131257376
q9yDL81QppI$_$2,q9yDL81QppI,key.A.p20.block3,5,5,0.002208838860193888,0.00736801822980245
q9yDL81QppI$_$2,q9yDL81QppI,key.V.p20.block3,5,5,0.003100911776224772,0.003100911776224772
qK77ZmbqmOM$_$9,qK77ZmbqmOM,key.T.p20.block3,4,4,0.09405544400215149,0.028209703663984936
qK77ZmbqmOM$_$9,qK77ZmbqmOM,key.T.p20.word,4,4,0.028209703663984936,0.028209703663984936
qK77ZmbqmOM$_$9,qK77ZmbqmOM,key.A.p20.block3,4,4,0.005481270452340444,0.0027406414349873858
qK77ZmbqmOM$_$9,qK77ZmbqmOM,key.V.p20.block3,3,3,0.004095641275246938,0.008283319572607676
qK77ZmbqmOM$_$0,qK77ZmbqmOM,key.T.p20.block3,6,6,0.030766787628332775,0.007768082122008006
qK77ZmbqmOM$_$0,qK77ZmbqmOM,key.T.p20.word,6,6,0.007768082122008006,0.007768082122008006
qK77ZmbqmOM$_$0,qK77ZmbqmOM,key.A.p20.block3,6,6,0.002745901544888814,0.0030203635493914285
qK77ZmbqmOM$_$0,qK77ZmbqmOM,key.V.p20.block3,6,6,0.009585894644260406,0.006464779376983643
qY1sXq-YCHs$_$8,qY1sXq-YCHs,key.T.p20.block3,3,3,0.07821393758058548,0.04459745747347673
qY1sXq-YCHs$_$8,qY1sXq-YCHs,key.T.p20.word,3,3,0.09244836680591106,0.04459745747347673
qY1sXq-YCHs$_$8,qY1sXq-YCHs,key.A.p20.block3,3,3,0.00982881709933281,0.0030479916216184697
qY1sXq-YCHs$_$8,qY1sXq-YCHs,key.V.p20.block3,3,3,0.0038112105491260686,0.006621076725423336
qmMSumMloAs$_$1,qmMSumMloAs,key.T.p20.block3,6,6,0.11964995662371318,0.09231481949488321
qmMSumMloAs$_$1,qmMSumMloAs,key.T.p20.word,6,6,0.07789278527100882,0.09231481949488321
qmMSumMloAs$_$1,qmMSumMloAs,key.A.p20.block3,6,6,0.0023939510186513266,0.003232598304748535
qmMSumMloAs$_$1,qmMSumMloAs,key.V.p20.block3,6,6,0.003159850835800171,0.0019033749898274739
qmMSumMloAs$_$3,qmMSumMloAs,key.T.p20.block3,3,3,0.03196974595387776,0.040320803721745804
qmMSumMloAs$_$3,qmMSumMloAs,key.T.p20.word,3,3,0.051449696222941085,0.040320803721745804
qmMSumMloAs$_$3,qmMSumMloAs,key.A.p20.block3,3,3,0.002659151951471965,0.0021984179814656577
qmMSumMloAs$_$3,qmMSumMloAs,key.V.p20.block3,3,3,0.00383797287940979,0.0047418276468912755
qmMSumMloAs$_$2,qmMSumMloAs,key.T.p20.block3,8,8,0.30376001944144565,0.13748573263486225
qmMSumMloAs$_$2,qmMSumMloAs,key.T.p20.word,8,8,0.47133762637774146,0.13748573263486225
qmMSumMloAs$_$2,qmMSumMloAs,key.A.p20.block3,8,8,0.0006467501322428385,0.0005773504575093588
qmMSumMloAs$_$2,qmMSumMloAs,key.V.p20.block3,8,8,0.003574937582015991,0.005018820365269979
r13W4H8ZhqI$_$12,r13W4H8ZhqI,key.T.p20.block3,3,3,0.11373574659228325,0.08992050960659981
r13W4H8ZhqI$_$12,r13W4H8ZhqI,key.T.p20.word,4,4,0.08830527464548747,0.11046475047866504
r13W4H8ZhqI$_$12,r13W4H8ZhqI,key.A.p20.block3,3,3,0.008831066389878591,0.004802489032347997
r13W4H8ZhqI$_$12,r13W4H8ZhqI,key.V.p20.block3,3,3,0.0037560674051443734,0.001755757878224055
r13W4H8ZhqI$_$1,r13W4H8ZhqI,key.T.p20.block3,8,8,0.27841761459906894,0.1783732927093903
r13W4H8ZhqI$_$1,r13W4H8ZhqI,key.T.p20.word,8,8,0.24119868408888578,0.1783732927093903
r13W4H8ZhqI$_$1,r13W4H8ZhqI,key.A.p20.block3,8,8,0.0031177898248036704,0.0020980884631474814
r13W4H8ZhqI$_$1,r13W4H8ZhqI,key.V.p20.block3,8,8,0.0006327430407206217,0.0013820827007293701
r13W4H8ZhqI$_$5,r13W4H8ZhqI,key.T.p20.block3,3,3,0.045689320812622704,0.053169878820578255
r13W4H8ZhqI$_$5,r13W4H8ZhqI,key.T.p20.word,3,3,0.005918547511100769,0.053169878820578255
r13W4H8ZhqI$_$5,r13W4H8ZhqI,key.A.p20.block3,3,3,0.00382830947637558,0.0016021504998207092
r13W4H8ZhqI$_$5,r13W4H8ZhqI,key.V.p20.block3,3,3,0.0027617911497751875,0.0027617911497751875
r13W4H8ZhqI$_$8,r13W4H8ZhqI,key.T.p20.block3,5,5,0.18892278708517551,0.20899335791667303
r13W4H8ZhqI$_$8,r13W4H8ZhqI,key.T.p20.word,5,5,0.20899335791667303,0.20899335791667303
r13W4H8ZhqI$_$8,r13W4H8ZhqI,key.A.p20.block3,5,5,0.004699617624282837,0.003988097111384074
r13W4H8ZhqI$_$8,r13W4H8ZhqI,key.V.p20.block3,5,5,0.0014262795448303223,0.0024827967087427774
r5ijC2W9ddk$_$8,r5ijC2W9ddk,key.T.p20.block3,7,7,0.024909754594167072,0.07418963313102722
r5ijC2W9ddk$_$8,r5ijC2W9ddk,key.T.p20.word,7,7,0.1007322867711385,0.07418963313102722
r5ijC2W9ddk$_$8,r5ijC2W9ddk,key.A.p20.block3,7,7,0.004580924908320109,0.005988081296284994
r5ijC2W9ddk$_$8,r5ijC2W9ddk,key.V.p20.block3,7,7,0.007128690679868063,0.005004187424977621
r5ijC2W9ddk$_$0,r5ijC2W9ddk,key.T.p20.block3,3,3,0.04836147247503201,0.017919351967672505
r5ijC2W9ddk$_$0,r5ijC2W9ddk,key.T.p20.word,3,3,0.017919351967672505,0.017919351967672505
r5ijC2W9ddk$_$0,r5ijC2W9ddk,key.A.p20.block3,3,3,0.0074784162764747935,0.002871192991733551
r5ijC2W9ddk$_$0,r5ijC2W9ddk,key.V.p20.block3,3,3,0.006580082389215629,0.001852919968465964
r9tgDqXEcuc$_$4,r9tgDqXEcuc,key.T.p20.block3,4,4,0.0380229614675045,0.16893088445067406
r9tgDqXEcuc$_$4,r9tgDqXEcuc,key.T.p20.word,4,4,0.16893088445067406,0.16893088445067406
r9tgDqXEcuc$_$4,r9tgDqXEcuc,key.A.p20.block3,4,4,0.0012757169703642528,0.01631890796124935
r9tgDqXEcuc$_$4,r9tgDqXEcuc,key.V.p20.block3,4,4,0.002677828073501587,0.0006729910771052043
rf0yDSeVEUA$_$1,rf0yDSeVEUA,key.T.p20.block3,10,10,0.042588770389556885,0.03476096192995708
rf0yDSeVEUA$_$1,rf0yDSeVEUA,key.T.p20.word,10,10,0.03476096192995708,0.03476096192995708
rf0yDSeVEUA$_$1,rf0yDSeVEUA,key.A.p20.block3,10,10,0.002148588498433431,0.0009996891021728516
rf0yDSeVEUA$_$1,rf0yDSeVEUA,key.V.p20.block3,10,10,0.003883133331934611,0.001619209845860799
rf0yDSeVEUA$_$0,rf0yDSeVEUA,key.T.p20.block3,5,5,0.06011830766995748,0.12582722802956897
rf0yDSeVEUA$_$0,rf0yDSeVEUA,key.T.p20.word,5,5,0.12582722802956897,0.12582722802956897
rf0yDSeVEUA$_$0,rf0yDSeVEUA,key.A.p20.block3,5,5,0.0014732877413431804,0.0032643179098765054
rf0yDSeVEUA$_$0,rf0yDSeVEUA,key.V.p20.block3,5,5,0.00165786345799764,0.0007004638512929281
rf0yDSeVEUA$_$3,rf0yDSeVEUA,key.T.p20.block3,10,10,0.02350852886835734,0.019620547691981
rf0yDSeVEUA$_$3,rf0yDSeVEUA,key.T.p20.word,10,10,0.027096231778462727,0.019620547691981
rf0yDSeVEUA$_$3,rf0yDSeVEUA,key.A.p20.block3,10,10,0.0038531124591827393,0.0011386175950368247
rf0yDSeVEUA$_$3,rf0yDSeVEUA,key.V.p20.block3,10,10,0.005644291639328003,0.0041114191214243565
rojyUp4FPSg$_$26,rojyUp4FPSg,key.T.p20.block3,10,10,0.021081745624542236,0.0029118160406748457
rojyUp4FPSg$_$26,rojyUp4FPSg,key.T.p20.word,10,10,0.0017667015393575034,0.0029118160406748457
rojyUp4FPSg$_$26,rojyUp4FPSg,key.A.p20.block3,10,10,0.0018514543771743774,0.002324044704437256
rojyUp4FPSg$_$26,rojyUp4FPSg,key.V.p20.block3,10,10,0.003771026929219564,0.00421719749768575
rojyUp4FPSg$_$20,rojyUp4FPSg,key.T.p20.block3,6,6,0.39340056478977203,0.4549387941757838
rojyUp4FPSg$_$20,rojyUp4FPSg,key.T.p20.word,6,6,0.2947126254439354,0.4549387941757838
rojyUp4FPSg$_$20,rojyUp4FPSg,key.A.p20.block3,6,6,0.0020657628774642944,0.002949848771095276
rojyUp4FPSg$_$20,rojyUp4FPSg,key.V.p20.block3,6,6,0.00048223386208216346,0.0003781790534655253
rojyUp4FPSg$_$21,rojyUp4FPSg,key.T.p20.block3,3,3,0.18228930234909058,0.044537752866744995
rojyUp4FPSg$_$21,rojyUp4FPSg,key.T.p20.word,3,3,0.02282781402269999,0.044537752866744995
rojyUp4FPSg$_$21,rojyUp4FPSg,key.A.p20.block3,3,3,0.0043849249680837,0.0034489035606384277
rojyUp4FPSg$_$21,rojyUp4FPSg,key.V.p20.block3,3,3,0.0025788148244222007,0.0008578300476074219
rojyUp4FPSg$_$23,rojyUp4FPSg,key.T.p20.block3,0,1,0.0,0.11382613579432169
rojyUp4FPSg$_$23,rojyUp4FPSg,key.T.p20.word,1,1,0.018246968587239586,0.11382613579432169
rojyUp4FPSg$_$23,rojyUp4FPSg,key.A.p20.block3,0,1,0.0,0.0032945573329925537
rojyUp4FPSg$_$23,rojyUp4FPSg,key.V.p20.block3,0,1,0.0,0.0025115013122558594
rojyUp4FPSg$_$5,rojyUp4FPSg,key.T.p20.block3,5,5,0.08051327367623647,0.10897841552893321
rojyUp4FPSg$_$5,rojyUp4FPSg,key.T.p20.word,5,5,0.14462079107761383,0.10897841552893321
rojyUp4FPSg$_$5,rojyUp4FPSg,key.A.p20.block3,5,5,0.004379247625668844,0.001976221799850464
rojyUp4FPSg$_$5,rojyUp4FPSg,key.V.p20.block3,5,5,0.005085945129394531,0.000888297955195109
rojyUp4FPSg$_$7,rojyUp4FPSg,key.T.p20.block3,9,9,0.08342535297075908,0.10140553116798401
rojyUp4FPSg$_$7,rojyUp4FPSg,key.T.p20.word,9,9,0.0780160923798879,0.10140553116798401
rojyUp4FPSg$_$7,rojyUp4FPSg,key.A.p20.block3,9,9,0.0032129685084025064,0.0008001029491424561
rojyUp4FPSg$_$7,rojyUp4FPSg,key.V.p20.block3,9,9,0.003473420937856038,0.004219373067220052
rojyUp4FPSg$_$9,rojyUp4FPSg,key.T.p20.block3,5,5,0.02347627282142639,0.07532391945521037
rojyUp4FPSg$_$9,rojyUp4FPSg,key.T.p20.word,5,5,0.3762444828947385,0.07532391945521037
rojyUp4FPSg$_$9,rojyUp4FPSg,key.A.p20.block3,5,5,0.004897107680638632,0.0025803595781326294
rojyUp4FPSg$_$9,rojyUp4FPSg,key.V.p20.block3,5,5,0.011442422866821289,0.023368611931800842
rojyUp4FPSg$_$10,rojyUp4FPSg,key.T.p20.block3,3,3,0.12756871183713278,0.028357664744059246
rojyUp4FPSg$_$10,rojyUp4FPSg,key.T.p20.word,3,3,0.0996824453274409,0.028357664744059246
rojyUp4FPSg$_$10,rojyUp4FPSg,key.A.p20.block3,3,3,0.003756557901700338,0.004497945308685303
rojyUp4FPSg$_$10,rojyUp4FPSg,key.V.p20.block3,3,3,0.004131058851877849,0.0066544363896052046
rojyUp4FPSg$_$12,rojyUp4FPSg,key.T.p20.block3,0,1,0.0,0.041281690200169883
rojyUp4FPSg$_$12,rojyUp4FPSg,key.T.p20.word,1,1,0.041281690200169883,0.041281690200169883
rojyUp4FPSg$_$12,rojyUp4FPSg,key.A.p20.block3,0,1,0.0,0.0053384800752003985
rojyUp4FPSg$_$12,rojyUp4FPSg,key.V.p20.block3,0,1,0.0,0.002692619959513346
rojyUp4FPSg$_$16,rojyUp4FPSg,key.T.p20.block3,2,2,0.008024041851361593,0.11559644527733326
rojyUp4FPSg$_$16,rojyUp4FPSg,key.T.p20.word,2,2,0.09855292489131291,0.11559644527733326
rojyUp4FPSg$_$16,rojyUp4FPSg,key.A.p20.block3,2,2,0.004070878028869629,0.0008702824513117473
rojyUp4FPSg$_$16,rojyUp4FPSg,key.V.p20.block3,2,2,0.000514139731725057,0.004668434460957845
rojyUp4FPSg$_$18,rojyUp4FPSg,key.T.p20.block3,3,3,0.08969597021738689,0.14194079240163168
rojyUp4FPSg$_$18,rojyUp4FPSg,key.T.p20.word,3,3,0.14194079240163168,0.14194079240163168
rojyUp4FPSg$_$18,rojyUp4FPSg,key.A.p20.block3,3,3,0.0082215815782547,0.0030040790637334185
rojyUp4FPSg$_$18,rojyUp4FPSg,key.V.p20.block3,3,3,0.007899423440297445,0.004719391465187073
rojyUp4FPSg$_$37,rojyUp4FPSg,key.T.p20.block3,4,4,0.08988289038340251,0.08747899035612743
rojyUp4FPSg$_$37,rojyUp4FPSg,key.T.p20.word,4,4,0.1338715503613154,0.08747899035612743
rojyUp4FPSg$_$37,rojyUp4FPSg,key.A.p20.block3,4,4,0.005143284797668457,0.007875765363375347
rojyUp4FPSg$_$37,rojyUp4FPSg,key.V.p20.block3,4,4,0.0021020174026489258,0.0024693806966145835
rojyUp4FPSg$_$36,rojyUp4FPSg,key.T.p20.block3,1,1,0.005694309870402018,0.14789443711439768
rojyUp4FPSg$_$36,rojyUp4FPSg,key.T.p20.word,1,1,0.14789443711439768,0.14789443711439768
rojyUp4FPSg$_$36,rojyUp4FPSg,key.A.p20.block3,1,1,0.000771572192509969,0.005424827337265015
rojyUp4FPSg$_$36,rojyUp4FPSg,key.V.p20.block3,1,1,0.0005106826623280842,0.0009813706080118814
rojyUp4FPSg$_$34,rojyUp4FPSg,key.T.p20.block3,7,7,0.04983628292878469,0.14408420026302338
rojyUp4FPSg$_$34,rojyUp4FPSg,key.T.p20.word,7,7,0.07430270314216614,0.14408420026302338
rojyUp4FPSg$_$34,rojyUp4FPSg,key.A.p20.block3,7,7,0.006220767895380655,0.017597675323486328
rojyUp4FPSg$_$34,rojyUp4FPSg,key.V.p20.block3,7,7,0.003313809633255005,0.004523868362108867
rojyUp4FPSg$_$32,rojyUp4FPSg,key.T.p20.block3,0,1,0.0,0.20711688697338104
rojyUp4FPSg$_$32,rojyUp4FPSg,key.T.p20.word,1,1,0.053091833988825485,0.20711688697338104
rojyUp4FPSg$_$32,rojyUp4FPSg,key.A.p20.block3,0,1,0.0,0.002867370843887329
rojyUp4FPSg$_$32,rojyUp4FPSg,key.V.p20.block3,0,1,0.0,0.0013889869054158528
rwNlqh0k1j4$_$15,rwNlqh0k1j4,key.T.p20.block3,9,9,0.03342189888159434,0.017603000005086265
rwNlqh0k1j4$_$15,rwNlqh0k1j4,key.T.p20.word,9,9,0.036068921287854515,0.017603000005086265
rwNlqh0k1j4$_$15,rwNlqh0k1j4,key.A.p20.block3,9,9,0.0033206045627593994,0.0017068088054656982
rwNlqh0k1j4$_$15,rwNlqh0k1j4,key.V.p20.block3,9,9,0.004383658369382222,0.004026557008425395
rwNlqh0k1j4$_$3,rwNlqh0k1j4,key.T.p20.block3,3,3,0.08209049825867017,0.15528703729311624
rwNlqh0k1j4$_$3,rwNlqh0k1j4,key.T.p20.word,3,3,0.15528703729311624,0.15528703729311624
rwNlqh0k1j4$_$3,rwNlqh0k1j4,key.A.p20.block3,3,3,0.012565760562817255,0.0058053818841775255
rwNlqh0k1j4$_$3,rwNlqh0k1j4,key.V.p20.block3,3,3,0.00413983811934789,0.0008105114102363586
rwNlqh0k1j4$_$2,rwNlqh0k1j4,key.T.p20.block3,4,4,0.057295547643055514,0.08702102800210317
rwNlqh0k1j4$_$2,rwNlqh0k1j4,key.T.p20.word,4,4,0.04500568161408106,0.08702102800210317
rwNlqh0k1j4$_$2,rwNlqh0k1j4,key.A.p20.block3,4,4,0.0031603574752807617,0.005433426549037298
rwNlqh0k1j4$_$2,rwNlqh0k1j4,key.V.p20.block3,4,4,0.001717014859120051,0.006158264974753062
rwNlqh0k1j4$_$7,rwNlqh0k1j4,key.T.p20.block3,6,6,0.22073918332656225,0.2353161151210467
rwNlqh0k1j4$_$7,rwNlqh0k1j4,key.T.p20.word,6,6,0.16009957591692606,0.2353161151210467
rwNlqh0k1j4$_$7,rwNlqh0k1j4,key.A.p20.block3,6,6,0.004261214906970659,0.006949104989568393
rwNlqh0k1j4$_$7,rwNlqh0k1j4,key.V.p20.block3,6,6,0.0009256762762864431,0.001575082540512085
sC16n1k66io$_$2,sC16n1k66io,key.T.p20.block3,6,6,0.18708568811416626,0.23458028957247734
sC16n1k66io$_$2,sC16n1k66io,key.T.p20.word,6,6,0.23458028957247734,0.23458028957247734
sC16n1k66io$_$2,sC16n1k66io,key.A.p20.block3,6,6,0.0028590957323710127,0.002965390682220459
sC16n1k66io$_$2,sC16n1k66io,key.V.p20.block3,6,6,0.0027406315008799234,0.0016201684872309368
sC16n1k66io$_$16,sC16n1k66io,key.T.p20.block3,2,2,0.046875982234875366,0.2211215334633986
sC16n1k66io$_$16,sC16n1k66io,key.T.p20.word,2,2,0.2211215334633986,0.2211215334633986
sC16n1k66io$_$16,sC16n1k66io,key.A.p20.block3,2,2,0.003465786576271057,0.00278009536365668
sC16n1k66io$_$16,sC16n1k66io,key.V.p20.block3,2,2,0.00027420371770858765,0.003792854646841685
sPremsknoLM$_$1,sPremsknoLM,key.T.p20.block3,1,1,0.009123810256520907,0.040962508569161095
sPremsknoLM$_$1,sPremsknoLM,key.T.p20.word,1,1,0.040962508569161095,0.040962508569161095
sPremsknoLM$_$1,sPremsknoLM,key.A.p20.block3,1,1,0.008582581455508867,0.008582581455508867
ssqiwP19JhM$_$10,ssqiwP19JhM,key.T.p20.block3,8,8,0.17344980438550314,0.08838794628779094
ssqiwP19JhM$_$10,ssqiwP19JhM,key.T.p20.word,8,8,0.08838794628779094,0.08838794628779094
ssqiwP19JhM$_$10,ssqiwP19JhM,key.A.p20.block3,8,8,0.002339584132035573,0.003517642617225647
ssqiwP19JhM$_$10,ssqiwP19JhM,key.V.p20.block3,8,8,0.0013978034257888794,0.003039101759592692
ssqiwP19JhM$_$2,ssqiwP19JhM,key.T.p20.block3,4,4,0.07046384612719218,0.0748932162920634
ssqiwP19JhM$_$2,ssqiwP19JhM,key.T.p20.word,4,4,0.0748932162920634,0.0748932162920634
ssqiwP19JhM$_$2,ssqiwP19JhM,key.A.p20.block3,4,4,0.004259159167607626,0.005376040935516357
ssqiwP19JhM$_$2,ssqiwP19JhM,key.V.p20.block3,4,4,0.0013526231050491333,0.0012170076370239258
szic2IB9HB4$_$5,szic2IB9HB4,key.T.p20.block3,3,3,0.4727904088795185,0.4727904088795185
szic2IB9HB4$_$5,szic2IB9HB4,key.T.p20.word,3,3,0.4727904088795185,0.4727904088795185
szic2IB9HB4$_$5,szic2IB9HB4,key.A.p20.block3,3,3,0.008091906706492106,0.003605460127194722
szic2IB9HB4$_$5,szic2IB9HB4,key.V.p20.block3,3,3,0.0006706168254216512,0.0009011328220367432
tQ-CIfgj-Js$_$3,tQ-CIfgj-Js,key.T.p20.block3,10,10,0.0076034267743428545,0.10668063908815384
tQ-CIfgj-Js$_$3,tQ-CIfgj-Js,key.T.p20.word,10,10,0.12000633031129837,0.10668063908815384
tQ-CIfgj-Js$_$3,tQ-CIfgj-Js,key.A.p20.block3,1,1,0.006970894833405812,0.006970894833405812
tXQpm-nKxNA$_$5,tXQpm-nKxNA,key.T.p20.block3,4,4,0.01634851098060608,0.07923036813735962
tXQpm-nKxNA$_$5,tXQpm-nKxNA,key.T.p20.word,4,4,0.049425214529037476,0.07923036813735962
tXQpm-nKxNA$_$5,tXQpm-nKxNA,key.A.p20.block3,4,4,0.0005834599335988362,0.0026088356971740723
tXQpm-nKxNA$_$5,tXQpm-nKxNA,key.V.p20.block3,4,4,0.0006107687950134277,0.001307755708694458
tXQpm-nKxNA$_$7,tXQpm-nKxNA,key.T.p20.block3,6,6,0.17494934424757957,0.1440181757013003
tXQpm-nKxNA$_$7,tXQpm-nKxNA,key.T.p20.word,6,6,0.02961913744608561,0.1440181757013003
tXQpm-nKxNA$_$7,tXQpm-nKxNA,key.A.p20.block3,6,6,0.004987195134162903,0.0017889291048049927
tXQpm-nKxNA$_$7,tXQpm-nKxNA,key.V.p20.block3,6,6,0.0006175289551417033,0.001187597711881002
uacdDoBtT1k$_$0,uacdDoBtT1k,key.T.p20.block3,10,10,0.022906358043352764,0.013184010982513428
uacdDoBtT1k$_$0,uacdDoBtT1k,key.T.p20.word,10,10,0.013184010982513428,0.013184010982513428
uacdDoBtT1k$_$0,uacdDoBtT1k,key.A.p20.block3,10,10,0.00641415516535441,0.0032428403695424395
uacdDoBtT1k$_$0,uacdDoBtT1k,key.V.p20.block3,9,9,0.00038470327854156494,0.0006802678108215332
uacdDoBtT1k$_$6,uacdDoBtT1k,key.T.p20.block3,6,6,0.030077253778775532,0.08912728602687518
uacdDoBtT1k$_$6,uacdDoBtT1k,key.T.p20.word,6,6,0.08912728602687518,0.08912728602687518
uacdDoBtT1k$_$6,uacdDoBtT1k,key.A.p20.block3,6,6,0.0022708984712759657,0.003722231835126877
uacdDoBtT1k$_$6,uacdDoBtT1k,key.V.p20.block3,5,5,0.001516919583082199,0.0020302298168341317
unNY4zIk8MM$_$1,unNY4zIk8MM,key.T.p20.block3,6,6,0.06967726349830627,0.10754261414210002
unNY4zIk8MM$_$1,unNY4zIk8MM,key.T.p20.word,6,6,0.09937297304471333,0.10754261414210002
unNY4zIk8MM$_$1,unNY4zIk8MM,key.A.p20.block3,6,6,0.001160283883412679,0.0012075304985046387
unNY4zIk8MM$_$1,unNY4zIk8MM,key.V.p20.block3,1,1,0.0036063194274902344,0.0036063194274902344
unNY4zIk8MM$_$3,unNY4zIk8MM,key.T.p20.block3,3,3,0.09233702595035236,0.05275736004114151
unNY4zIk8MM$_$3,unNY4zIk8MM,key.T.p20.word,3,3,0.05275736004114151,0.05275736004114151
unNY4zIk8MM$_$3,unNY4zIk8MM,key.A.p20.block3,3,3,0.012037644783655802,0.004652460416158041
unNY4zIk8MM$_$3,unNY4zIk8MM,key.V.p20.block3,1,1,0.01810021698474884,0.01810021698474884
unNY4zIk8MM$_$5,unNY4zIk8MM,key.T.p20.block3,4,4,0.026282687981923424,0.14556832611560822
unNY4zIk8MM$_$5,unNY4zIk8MM,key.T.p20.word,4,4,0.14556832611560822,0.14556832611560822
unNY4zIk8MM$_$5,unNY4zIk8MM,key.A.p20.block3,4,4,0.007110436757405599,0.004228681325912476
unNY4zIk8MM$_$5,unNY4zIk8MM,key.V.p20.block3,1,1,0.08282872537771861,0.08282872537771861
unNY4zIk8MM$_$8,unNY4zIk8MM,key.T.p20.block3,2,2,0.021543502807617188,0.014602517088254292
unNY4zIk8MM$_$8,unNY4zIk8MM,key.T.p20.word,2,2,0.014602517088254292,0.014602517088254292
unNY4zIk8MM$_$8,unNY4zIk8MM,key.A.p20.block3,2,2,0.0018979186813036601,0.003338634967803955
unNY4zIk8MM$_$8,unNY4zIk8MM,key.V.p20.block3,2,2,0.0014183794458707173,0.0012971808513005576
uooIiW6dEyg$_$1,uooIiW6dEyg,key.T.p20.block3,2,2,0.005726476510365804,0.09320320685704549
uooIiW6dEyg$_$1,uooIiW6dEyg,key.T.p20.word,2,2,0.09320320685704549,0.09320320685704549
uooIiW6dEyg$_$1,uooIiW6dEyg,key.A.p20.block3,2,2,0.008134789764881134,0.0012285908063252768
uooIiW6dEyg$_$1,uooIiW6dEyg,key.V.p20.block3,2,2,0.0014215161403020224,0.00020232299963633218
uooIiW6dEyg$_$5,uooIiW6dEyg,key.T.p20.block3,6,6,0.09061157206694286,0.012378255526224772
uooIiW6dEyg$_$5,uooIiW6dEyg,key.T.p20.word,7,7,0.03498115142186483,0.012812376022338867
uooIiW6dEyg$_$5,uooIiW6dEyg,key.A.p20.block3,6,6,0.0009324401617050171,0.0018883893887201946
uooIiW6dEyg$_$5,uooIiW6dEyg,key.V.p20.block3,6,6,0.0026133358478546143,0.011803348859151203
v2Rr-EsJda8$_$0,v2Rr-EsJda8,key.T.p20.block3,2,2,0.10967153000334899,0.23115614180763563
v2Rr-EsJda8$_$0,v2Rr-EsJda8,key.T.p20.word,2,2,0.2090772452453772,0.23115614180763563
v2Rr-EsJda8$_$0,v2Rr-EsJda8,key.A.p20.block3,2,2,0.00224265456199646,0.006704342861970266
v2Rr-EsJda8$_$0,v2Rr-EsJda8,key.V.p20.block3,1,1,0.006669208407402039,0.006669208407402039
v2Rr-EsJda8$_$6,v2Rr-EsJda8,key.T.p20.block3,2,2,0.012681007385253906,0.06566568712393443
v2Rr-EsJda8$_$6,v2Rr-EsJda8,key.T.p20.word,2,2,0.06566568712393443,0.06566568712393443
v2Rr-EsJda8$_$6,v2Rr-EsJda8,key.A.p20.block3,2,2,0.006077180306116739,0.0016082326571146648
v2Rr-EsJda8$_$6,v2Rr-EsJda8,key.V.p20.block3,2,2,0.0026883135239283242,0.0019222795963287354
v9gjg7TDlTA$_$0,v9gjg7TDlTA,key.T.p20.block3,3,3,0.27456068185468513,0.2621780962993701
v9gjg7TDlTA$_$0,v9gjg7TDlTA,key.T.p20.word,3,3,0.2621780962993701,0.2621780962993701
v9gjg7TDlTA$_$0,v9gjg7TDlTA,key.A.p20.block3,3,3,0.01165894667307536,0.0032875463366508484
v9gjg7TDlTA$_$0,v9gjg7TDlTA,key.V.p20.block3,3,3,0.0025062859058380127,0.0015956858793894448
v9gjg7TDlTA$_$4,v9gjg7TDlTA,key.T.p20.block3,3,3,0.32483376810948056,0.08382782712578773
v9gjg7TDlTA$_$4,v9gjg7TDlTA,key.T.p20.word,4,4,0.2655523158609867,0.028519421815872192
v9gjg7TDlTA$_$4,v9gjg7TDlTA,key.A.p20.block3,3,3,0.009925169249375662,0.003196932375431061
v9gjg7TDlTA$_$4,v9gjg7TDlTA,key.V.p20.block3,3,3,0.006027502318223317,0.007066947718461354
vHzbn_YW76s$_$3,vHzbn_YW76s,key.T.p20.block3,4,4,0.06801885863145192,0.007669441401958466
vHzbn_YW76s$_$3,vHzbn_YW76s,key.T.p20.word,4,4,0.007669441401958466,0.007669441401958466
vHzbn_YW76s$_$3,vHzbn_YW76s,key.A.p20.block3,4,4,0.006391813357671102,0.0065209344029426575
vHzbn_YW76s$_$3,vHzbn_YW76s,key.V.p20.block3,4,4,0.0006205067038536072,0.004089439908663432
vU0a4F36Ksw$_$13,vU0a4F36Ksw,key.T.p20.block3,6,6,0.029855400323867798,0.0038447678089141846
vU0a4F36Ksw$_$13,vU0a4F36Ksw,key.T.p20.word,6,6,0.022442907094955444,0.0038447678089141846
vU0a4F36Ksw$_$13,vU0a4F36Ksw,key.A.p20.block3,6,6,0.0024439990520477295,0.003220160802205404
vU0a4F36Ksw$_$13,vU0a4F36Ksw,key.V.p20.block3,6,6,0.001698757211367289,0.005556255578994751
vU0a4F36Ksw$_$12,vU0a4F36Ksw,key.T.p20.block3,4,4,0.0485495130221049,0.005882779757181804
vU0a4F36Ksw$_$12,vU0a4F36Ksw,key.T.p20.word,4,4,0.005882779757181804,0.005882779757181804
vU0a4F36Ksw$_$12,vU0a4F36Ksw,key.A.p20.block3,4,4,0.006391505400339762,0.00043088694413503015
vU0a4F36Ksw$_$12,vU0a4F36Ksw,key.V.p20.block3,4,4,0.0011692841847737632,0.008650208512941997
vU0a4F36Ksw$_$17,vU0a4F36Ksw,key.T.p20.block3,3,3,0.088772252202034,0.1440209715316693
vU0a4F36Ksw$_$17,vU0a4F36Ksw,key.T.p20.word,3,3,0.1440209715316693,0.1440209715316693
vU0a4F36Ksw$_$17,vU0a4F36Ksw,key.A.p20.block3,3,3,0.010611417392889658,0.008225853244463604
vU0a4F36Ksw$_$17,vU0a4F36Ksw,key.V.p20.block3,3,3,0.005696835617224376,0.006926392515500386
vU0a4F36Ksw$_$0,vU0a4F36Ksw,key.T.p20.block3,10,10,0.04801659782727559,0.07152127722899118
vU0a4F36Ksw$_$0,vU0a4F36Ksw,key.T.p20.word,10,10,0.07152127722899118,0.07152127722899118
vU0a4F36Ksw$_$0,vU0a4F36Ksw,key.A.p20.block3,10,10,0.00046993295351664227,0.0027349690596262617
vU0a4F36Ksw$_$0,vU0a4F36Ksw,key.V.p20.block3,10,10,0.0013886690139770508,0.002784550189971924
vU0a4F36Ksw$_$3,vU0a4F36Ksw,key.T.p20.block3,1,1,0.12003440161546072,0.12003440161546072
vU0a4F36Ksw$_$3,vU0a4F36Ksw,key.T.p20.word,1,1,0.12003440161546072,0.12003440161546072
vU0a4F36Ksw$_$3,vU0a4F36Ksw,key.A.p20.block3,1,1,0.0006293952465057373,0.002365688482920329
vU0a4F36Ksw$_$3,vU0a4F36Ksw,key.V.p20.block3,1,1,0.0004038413365681966,0.0024025142192840576
vU0a4F36Ksw$_$5,vU0a4F36Ksw,key.T.p20.block3,6,6,0.02273761116278668,0.08656024436155955
vU0a4F36Ksw$_$5,vU0a4F36Ksw,key.T.p20.word,6,6,0.053529047717650734,0.08656024436155955
vU0a4F36Ksw$_$5,vU0a4F36Ksw,key.A.p20.block3,6,6,0.0027746862421433134,0.008685013589759668
vU0a4F36Ksw$_$5,vU0a4F36Ksw,key.V.p20.block3,6,6,0.0008255696545044581,0.0025209287802378335
vU0a4F36Ksw$_$7,vU0a4F36Ksw,key.T.p20.block3,4,4,0.03898710881670316,0.12211562506854534
vU0a4F36Ksw$_$7,vU0a4F36Ksw,key.T.p20.word,4,4,0.12211562506854534,0.12211562506854534
vU0a4F36Ksw$_$7,vU0a4F36Ksw,key.A.p20.block3,4,4,0.0110747329890728,0.004567711924513181
vU0a4F36Ksw$_$7,vU0a4F36Ksw,key.V.p20.block3,4,4,0.004419248551130295,0.005032142313818137
vU0a4F36Ksw$_$20,vU0a4F36Ksw,key.T.p20.block3,0,1,0.0,0.09743632562458515
vU0a4F36Ksw$_$20,vU0a4F36Ksw,key.T.p20.word,1,1,0.09743632562458515,0.09743632562458515
vU0a4F36Ksw$_$20,vU0a4F36Ksw,key.A.p20.block3,0,1,0.0,0.010246877248088518
vU0a4F36Ksw$_$20,vU0a4F36Ksw,key.V.p20.block3,0,1,0.0,0.007734452141448855
vbr3EA8cJTI$_$0,vbr3EA8cJTI,key.T.p20.block3,4,4,0.027984370787938435,0.09518394867579141
vbr3EA8cJTI$_$0,vbr3EA8cJTI,key.T.p20.word,4,4,0.09518394867579141,0.09518394867579141
vbr3EA8cJTI$_$0,vbr3EA8cJTI,key.A.p20.block3,4,4,0.0007908940315246582,0.0013721783955891929
vbr3EA8cJTI$_$0,vbr3EA8cJTI,key.V.p20.block3,4,4,0.006763756275177002,0.0093822181224823
vbr3EA8cJTI$_$2,vbr3EA8cJTI,key.T.p20.block3,5,5,0.14004649221897125,0.02987134953339895
vbr3EA8cJTI$_$2,vbr3EA8cJTI,key.T.p20.word,5,5,0.11886999507745108,0.02987134953339895
vbr3EA8cJTI$_$2,vbr3EA8cJTI,key.A.p20.block3,5,5,0.012120291590690613,0.015712882081667583
vbr3EA8cJTI$_$2,vbr3EA8cJTI,key.V.p20.block3,5,5,0.007749224702517191,0.00837710996468862
vbr3EA8cJTI$_$7,vbr3EA8cJTI,key.T.p20.block3,4,4,0.07520070237418015,0.24553449203570685
vbr3EA8cJTI$_$7,vbr3EA8cJTI,key.T.p20.word,4,4,0.25344229117035866,0.24553449203570685
vbr3EA8cJTI$_$7,vbr3EA8cJTI,key.A.p20.block3,4,4,0.005268005033334096,0.022538757727791865
vbr3EA8cJTI$_$7,vbr3EA8cJTI,key.V.p20.block3,4,4,0.005695228464901447,0.006723172962665558
vbr3EA8cJTI$_$6,vbr3EA8cJTI,key.T.p20.block3,6,6,0.07741369803746542,0.07483726739883423
vbr3EA8cJTI$_$6,vbr3EA8cJTI,key.T.p20.word,6,6,0.07483726739883423,0.07483726739883423
vbr3EA8cJTI$_$6,vbr3EA8cJTI,key.A.p20.block3,6,6,0.00644830862681071,0.008393088976542156
vbr3EA8cJTI$_$6,vbr3EA8cJTI,key.V.p20.block3,6,6,0.000902394453684489,0.0014326969782511394
wF8980oGklk$_$24,wF8980oGklk,key.T.p20.block3,4,4,0.053255826234817505,0.06362035870552063
wF8980oGklk$_$24,wF8980oGklk,key.T.p20.word,4,4,0.04380781948566437,0.06362035870552063
wF8980oGklk$_$24,wF8980oGklk,key.A.p20.block3,4,4,0.001805625855922699,0.0034766743580500288
wF8980oGklk$_$24,wF8980oGklk,key.V.p20.block3,4,4,0.004099270949761073,0.004463620483875275
wF8980oGklk$_$25,wF8980oGklk,key.T.p20.block3,2,2,0.06592898070812225,0.17580423566202322
wF8980oGklk$_$25,wF8980oGklk,key.T.p20.word,2,2,0.17542322600881258,0.17580423566202322
wF8980oGklk$_$25,wF8980oGklk,key.A.p20.block3,2,2,0.003290851910909017,0.003290851910909017
wF8980oGklk$_$25,wF8980oGklk,key.V.p20.block3,2,2,0.0003722111384073893,0.00021266440550486246
wF8980oGklk$_$1,wF8980oGklk,key.T.p20.block3,0,1,0.0,0.07801719506581624
wF8980oGklk$_$1,wF8980oGklk,key.T.p20.word,1,1,0.07801719506581624,0.07801719506581624
wF8980oGklk$_$1,wF8980oGklk,key.A.p20.block3,0,1,0.0,0.010353753964106243
wF8980oGklk$_$1,wF8980oGklk,key.V.p20.block3,0,1,0.0,0.0015535354614257812
wF8980oGklk$_$0,wF8980oGklk,key.T.p20.block3,4,4,0.08418299754460652,0.08436305324236552
wF8980oGklk$_$0,wF8980oGklk,key.T.p20.word,4,4,0.08436305324236552,0.08436305324236552
wF8980oGklk$_$0,wF8980oGklk,key.A.p20.block3,4,4,0.009338314334551493,0.012333293755849203
wF8980oGklk$_$0,wF8980oGklk,key.V.p20.block3,1,1,0.01333802193403244,0.01333802193403244
wF8980oGklk$_$3,wF8980oGklk,key.T.p20.block3,3,3,0.1403027834991614,0.20579050419231257
wF8980oGklk$_$3,wF8980oGklk,key.T.p20.word,3,3,0.23305784724652767,0.20579050419231257
wF8980oGklk$_$3,wF8980oGklk,key.A.p20.block3,3,3,0.007761212725502749,0.0017934100081523259
wF8980oGklk$_$3,wF8980oGklk,key.V.p20.block3,3,3,0.005832164858778318,0.006770531336466471
wF8980oGklk$_$2,wF8980oGklk,key.T.p20.block3,0,1,0.0,0.10440931965907414
wF8980oGklk$_$2,wF8980oGklk,key.T.p20.word,1,1,0.10440931965907414,0.10440931965907414
wF8980oGklk$_$2,wF8980oGklk,key.A.p20.block3,0,1,0.0,0.00702062745889028
wF8980oGklk$_$2,wF8980oGklk,key.V.p20.block3,0,1,0.0,0.003780255715052287
wF8980oGklk$_$6,wF8980oGklk,key.T.p20.block3,5,5,0.14380271236101785,0.13083920876185098
wF8980oGklk$_$6,wF8980oGklk,key.T.p20.word,5,5,0.13083920876185098,0.13083920876185098
wF8980oGklk$_$6,wF8980oGklk,key.A.p20.block3,5,5,0.0050646861394246425,0.0018516480922698975
wF8980oGklk$_$6,wF8980oGklk,key.V.p20.block3,5,5,0.009359747171401978,0.008769601583480835
wF8980oGklk$_$17,wF8980oGklk,key.T.p20.block3,5,5,0.06675172348817189,0.03492349882920583
wF8980oGklk$_$17,wF8980oGklk,key.T.p20.word,5,5,0.03492349882920583,0.03492349882920583
wF8980oGklk$_$17,wF8980oGklk,key.A.p20.block3,5,5,0.004059165716171265,0.0025111486514409385
wF8980oGklk$_$17,wF8980oGklk,key.V.p20.block3,3,3,0.007948105533917746,0.0022829174995422363
wosolsrH3sM$_$6,wosolsrH3sM,key.T.p20.block3,10,10,0.06343489388624828,0.08256290853023529
wosolsrH3sM$_$6,wosolsrH3sM,key.T.p20.word,10,10,0.03360174596309662,0.08256290853023529
wosolsrH3sM$_$6,wosolsrH3sM,key.A.p20.block3,10,10,0.007705931862195333,0.006768586734930674
wosolsrH3sM$_$6,wosolsrH3sM,key.V.p20.block3,10,10,0.0034305453300476074,0.0027496715386708575
x-zGBp7axao$_$3,x-zGBp7axao,key.T.p20.block3,10,10,0.04557379335165024,0.11772818615039189
x-zGBp7axao$_$3,x-zGBp7axao,key.T.p20.word,10,10,0.007625838120778401,0.11772818615039189
x-zGBp7axao$_$3,x-zGBp7axao,key.A.p20.block3,10,10,0.005372434854507446,0.00630017618338267
x-zGBp7axao$_$3,x-zGBp7axao,key.V.p20.block3,10,10,0.009293220937252045,0.011510230600833893
x2lOwQaAn4g$_$4,x2lOwQaAn4g,key.T.p20.block3,4,4,0.07813410957654318,0.11663127938906351
x2lOwQaAn4g$_$4,x2lOwQaAn4g,key.T.p20.word,4,4,0.11663127938906351,0.11663127938906351
x2lOwQaAn4g$_$4,x2lOwQaAn4g,key.A.p20.block3,4,4,0.003408968448638916,0.0008422633012135824
x2lOwQaAn4g$_$4,x2lOwQaAn4g,key.V.p20.block3,3,3,0.0018359919389088948,0.003736029068628947
xUgAP84vsg4$_$15,xUgAP84vsg4,key.T.p20.block3,4,4,0.10408057769139609,0.05629444122314453
xUgAP84vsg4$_$15,xUgAP84vsg4,key.T.p20.word,4,4,0.08184536298116049,0.05629444122314453
xUgAP84vsg4$_$15,xUgAP84vsg4,key.A.p20.block3,4,4,0.0014190375804901123,0.0008029341697692871
xUgAP84vsg4$_$15,xUgAP84vsg4,key.V.p20.block3,3,3,0.0022641420364379883,0.003114849328994751
xUgAP84vsg4$_$4,xUgAP84vsg4,key.T.p20.block3,4,4,0.011591260631879171,0.058305978775024414
xUgAP84vsg4$_$4,xUgAP84vsg4,key.T.p20.word,4,4,0.004494309425354004,0.058305978775024414
xUgAP84vsg4$_$4,xUgAP84vsg4,key.A.p20.block3,4,4,0.010130251447359722,0.010130251447359722
xUgAP84vsg4$_$4,xUgAP84vsg4,key.V.p20.block3,4,4,0.0010129561026891072,0.004299084345499674
xUgAP84vsg4$_$8,xUgAP84vsg4,key.T.p20.block3,2,2,0.042538696279128395,0.025495897978544235
xUgAP84vsg4$_$8,xUgAP84vsg4,key.T.p20.word,2,2,0.025495897978544235,0.025495897978544235
xUgAP84vsg4$_$8,xUgAP84vsg4,key.A.p20.block3,2,2,0.010633933047453562,0.015624340623617172
xUgAP84vsg4$_$8,xUgAP84vsg4,key.V.p20.block3,2,2,0.003342611094315847,0.0062246012190977735
xivYoEUQ5sk$_$5,xivYoEUQ5sk,key.T.p20.block3,9,9,0.3230533500512441,0.033577705423037216
xivYoEUQ5sk$_$5,xivYoEUQ5sk,key.T.p20.word,9,9,0.041538720329602555,0.033577705423037216
xivYoEUQ5sk$_$5,xivYoEUQ5sk,key.A.p20.block3,9,9,0.000843241810798645,0.0023138324419657392
xivYoEUQ5sk$_$5,xivYoEUQ5sk,key.V.p20.block3,9,9,0.004342039426167807,0.003909796476364136
xivYoEUQ5sk$_$4,xivYoEUQ5sk,key.T.p20.block3,5,5,0.13867075244585675,0.41153794379594427
xivYoEUQ5sk$_$4,xivYoEUQ5sk,key.T.p20.word,5,5,0.41153794379594427,0.41153794379594427
xivYoEUQ5sk$_$4,xivYoEUQ5sk,key.A.p20.block3,5,5,0.004085063934326172,0.00597726305325826
xivYoEUQ5sk$_$4,xivYoEUQ5sk,key.V.p20.block3,5,5,0.0029046932856241865,0.007366965214411418
xjsaS-LeZ14$_$20,xjsaS-LeZ14,key.T.p20.block3,4,4,0.022747494280338287,0.17614352330565453
xjsaS-LeZ14$_$20,xjsaS-LeZ14,key.T.p20.word,4,4,0.17614352330565453,0.17614352330565453
xjsaS-LeZ14$_$20,xjsaS-LeZ14,key.A.p20.block3,4,4,0.0030300642053286233,0.004357444743315378
xjsaS-LeZ14$_$20,xjsaS-LeZ14,key.V.p20.block3,4,4,0.02436358978350957,0.030063127477963764
xjsaS-LeZ14$_$14,xjsaS-LeZ14,key.T.p20.block3,4,4,0.06522845228513081,0.049064815044403076
xjsaS-LeZ14$_$14,xjsaS-LeZ14,key.T.p20.word,4,4,0.016021663943926494,0.049064815044403076
xjsaS-LeZ14$_$14,xjsaS-LeZ14,key.A.p20.block3,4,4,0.003575210769971212,0.004813283681869507
xjsaS-LeZ14$_$14,xjsaS-LeZ14,key.V.p20.block3,2,2,0.009039839108784994,0.009039839108784994
xjsaS-LeZ14$_$6,xjsaS-LeZ14,key.T.p20.block3,10,10,0.04250685373942057,0.11082805320620537
xjsaS-LeZ14$_$6,xjsaS-LeZ14,key.T.p20.word,10,10,0.023888314763704937,0.11082805320620537
xjsaS-LeZ14$_$6,xjsaS-LeZ14,key.A.p20.block3,10,10,0.0019033998250961304,0.0061595241228739415
xjsaS-LeZ14$_$6,xjsaS-LeZ14,key.V.p20.block3,10,10,0.003132785360018412,0.002225426336129506
y8HXGm1-Ecw$_$7,y8HXGm1-Ecw,key.T.p20.block3,5,5,0.2677497112502654,0.24313881682852903
y8HXGm1-Ecw$_$7,y8HXGm1-Ecw,key.T.p20.word,5,5,0.24988653883337975,0.24313881682852903
y8HXGm1-Ecw$_$7,y8HXGm1-Ecw,key.A.p20.block3,5,5,0.013850311438242594,0.01328359916806221
y8HXGm1-Ecw$_$7,y8HXGm1-Ecw,key.V.p20.block3,5,5,0.01678219127158324,0.0038837989171346026
y9FyTEyGy5Y$_$1,y9FyTEyGy5Y,key.T.p20.block3,3,3,0.07101709147294362,0.1172635555267334
y9FyTEyGy5Y$_$1,y9FyTEyGy5Y,key.T.p20.word,3,3,0.1172635555267334,0.1172635555267334
y9FyTEyGy5Y$_$1,y9FyTEyGy5Y,key.A.p20.block3,3,3,0.009081855416297913,0.010628422101338705
y9FyTEyGy5Y$_$1,y9FyTEyGy5Y,key.V.p20.block3,3,3,0.009941667318344116,0.0029030591249465942
zhE_68GMJIk$_$8,zhE_68GMJIk,key.T.p20.block3,5,5,0.04660948117574056,0.030185818672180176
zhE_68GMJIk$_$8,zhE_68GMJIk,key.T.p20.word,5,5,0.04892913500467936,0.030185818672180176
zhE_68GMJIk$_$8,zhE_68GMJIk,key.A.p20.block3,5,5,0.0017458200454711914,0.005426789323488871
zhE_68GMJIk$_$8,zhE_68GMJIk,key.V.p20.block3,5,5,0.002798736095428467,0.0016396294037501016
zhE_68GMJIk$_$5,zhE_68GMJIk,key.T.p20.block3,6,6,0.2842377902319034,0.2855547225723664
zhE_68GMJIk$_$5,zhE_68GMJIk,key.T.p20.word,6,6,0.1990339228262504,0.2855547225723664
zhE_68GMJIk$_$5,zhE_68GMJIk,key.A.p20.block3,6,6,0.01389287474254767,0.004147554747760296
zhE_68GMJIk$_$5,zhE_68GMJIk,key.V.p20.block3,6,6,0.0012850631028413773,0.0015727151185274124
zjYEBwXGD8I$_$13,zjYEBwXGD8I,key.T.p20.block3,8,8,0.17801010236144066,0.040428863217433296
zjYEBwXGD8I$_$13,zjYEBwXGD8I,key.T.p20.word,8,8,0.040428863217433296,0.040428863217433296
zjYEBwXGD8I$_$13,zjYEBwXGD8I,key.A.p20.block3,8,8,0.019240348289410274,0.012016354749600092
zjYEBwXGD8I$_$13,zjYEBwXGD8I,key.V.p20.block3,8,8,0.002830376227696737,0.0005938584605852762
zjYEBwXGD8I$_$15,zjYEBwXGD8I,key.T.p20.block3,3,3,0.06929803034290671,0.03000484484558304
zjYEBwXGD8I$_$15,zjYEBwXGD8I,key.T.p20.word,4,4,0.06272117684905727,0.042136049984643854
zjYEBwXGD8I$_$15,zjYEBwXGD8I,key.A.p20.block3,3,3,0.005243257464220127,0.0034956635596851506
zjYEBwXGD8I$_$15,zjYEBwXGD8I,key.V.p20.block3,1,1,0.038772149477154016,0.038772149477154016
zjYEBwXGD8I$_$0,zjYEBwXGD8I,key.T.p20.block3,2,2,0.07671440641085307,0.1414586752653122
zjYEBwXGD8I$_$0,zjYEBwXGD8I,key.T.p20.word,2,2,0.1414586752653122,0.1414586752653122
zjYEBwXGD8I$_$0,zjYEBwXGD8I,key.A.p20.block3,2,2,0.0010087192058563232,0.0039996604124705
zjYEBwXGD8I$_$0,zjYEBwXGD8I,key.V.p20.block3,2,2,0.0006267925103505452,0.001508543888727824
zjYEBwXGD8I$_$2,zjYEBwXGD8I,key.T.p20.block3,3,3,0.17787796258926392,0.19799480214715004
zjYEBwXGD8I$_$2,zjYEBwXGD8I,key.T.p20.word,3,3,0.19799480214715004,0.19799480214715004
zjYEBwXGD8I$_$2,zjYEBwXGD8I,key.A.p20.block3,3,3,0.004915763934453328,0.0028168906768163047
zjYEBwXGD8I$_$2,zjYEBwXGD8I,key.V.p20.block3,3,3,0.009550337990125021,0.004659414291381836
zjYEBwXGD8I$_$4,zjYEBwXGD8I,key.T.p20.block3,8,8,0.0867890144387881,0.02186716472109159
zjYEBwXGD8I$_$4,zjYEBwXGD8I,key.T.p20.word,8,8,0.022461401919523876,0.02186716472109159
zjYEBwXGD8I$_$4,zjYEBwXGD8I,key.A.p20.block3,8,8,0.0014830405513445535,0.005395844578742981
zjYEBwXGD8I$_$9,zjYEBwXGD8I,key.T.p20.block3,5,5,0.03973833719889323,0.03642948468526205
zjYEBwXGD8I$_$9,zjYEBwXGD8I,key.T.p20.word,5,5,0.08566739161809285,0.03642948468526205
zjYEBwXGD8I$_$9,zjYEBwXGD8I,key.A.p20.block3,5,5,0.00404508908589681,0.0013345877329508462
zjYEBwXGD8I$_$9,zjYEBwXGD8I,key.V.p20.block3,3,3,0.0037392079830169678,0.006554126739501953
zk2jTlAtvSU$_$3,zk2jTlAtvSU,key.T.p20.block3,6,6,0.0877418542901675,0.09869856139024098
zk2jTlAtvSU$_$3,zk2jTlAtvSU,key.T.p20.word,6,6,0.1016932303706805,0.09869856139024098
zk2jTlAtvSU$_$3,zk2jTlAtvSU,key.A.p20.block3,6,6,0.002371196945508321,0.002864062786102295
zk2jTlAtvSU$_$3,zk2jTlAtvSU,key.V.p20.block3,6,6,0.006432443857192993,0.006374483307202657
